0,-81.1052,-81.1147,-81.1518,-81.2189,-81.2737,-81.3124,-81.3393,-81.3585,-81.3731,-81.3847,-81.3944
1,-81.1052,-81.1147,-81.1518,-81.2189,-81.2737,-81.3125,-81.3393,-81.3585,-81.3731,-81.3848,-81.3944
2,-81.1051,-81.1147,-81.1518,-81.219,-81.2738,-81.3125,-81.3394,-81.3586,-81.3732,-81.3848,-81.3945
3,-81.1051,-81.1147,-81.1519,-81.219,-81.2738,-81.3125,-81.3394,-81.3586,-81.3732,-81.3849,-81.3945
4,-81.1051,-81.1147,-81.1519,-81.219,-81.2738,-81.3126,-81.3394,-81.3587,-81.3733,-81.3849,-81.3946
5,-81.1051,-81.1147,-81.1519,-81.219,-81.2738,-81.3126,-81.3395,-81.3587,-81.3733,-81.385,-81.3946
6,-81.1051,-81.1147,-81.1519,-81.219,-81.2739,-81.3126,-81.3395,-81.3587,-81.3733,-81.385,-81.3947
7,-81.1051,-81.1147,-81.1519,-81.2191,-81.2739,-81.3127,-81.3396,-81.3588,-81.3734,-81.3851,-81.3947
8,-81.1051,-81.1147,-81.1519,-81.2191,-81.2739,-81.3127,-81.3396,-81.3588,-81.3734,-81.3851,-81.3948
9,-81.1051,-81.1147,-81.1519,-81.2191,-81.2739,-81.3127,-81.3396,-81.3589,-81.3735,-81.3852,-81.3949
10,-81.1048,-81.1144,-81.1516,-81.2188,-81.2737,-81.3125,-81.3394,-81.3586,-81.3732,-81.3849,-81.3946
11,-72.265,-72.276,-72.3166,-72.3888,-72.4478,-72.4897,-72.5189,-72.5398,-72.5558,-72.5688,-72.5796
12,-63.8186,-63.8352,-63.8904,-63.9839,-64.06,-64.1146,-64.1527,-64.1806,-64.2021,-64.2199,-64.2351
13,-24.2167,-25.0948,-27.0353,-29.5302,-31.3828,-32.6275,-33.4888,-34.1113,-34.5989,-35.0076,-35.3839
14,42.7066,42.6473,42.5508,42.5219,42.5149,42.516,42.5253,42.5381,42.5506,42.5611,42.5657
15,41.6014,41.7352,41.8394,41.979,42.1326,42.2866,42.4436,42.5954,42.7486,42.8948,43.035
16,31.1195,31.4851,31.8101,32.137,32.4686,32.7982,33.1259,33.4381,33.7504,34.0503,34.3391
17,22.7336,23.4322,24.0697,24.6718,25.2619,25.8384,26.399,26.9336,27.4542,27.9527,28.4308
18,16.2411,17.3815,18.4178,19.3705,20.2799,21.1505,21.9805,22.7643,23.5128,24.2222,24.896
19,11.1888,12.8641,14.3629,15.7121,16.9695,18.1485,19.2515,20.2793,21.2442,22.148,22.9965
20,7.19146,9.46881,11.4664,13.2288,14.8352,16.3112,17.6679,18.9143,20.0671,21.1338,22.124
21,3.96647,6.8844,9.39323,11.5645,13.5027,15.25,16.8297,18.2612,19.5673,20.7623,21.8598
22,1.31302,4.88455,7.90074,10.4638,12.7076,14.6946,16.4635,18.0459,19.4722,20.7636,21.9382
23,-0.91186,3.30682,6.81699,9.74902,12.2689,14.4634,16.3892,18.0915,19.6091,20.9704,22.1975
24,-2.81129,2.03497,6.02138,9.29765,12.0643,14.436,16.4899,18.2856,19.8712,21.2813,22.5417
25,-4.46095,0.985731,5.42957,9.02568,12.0115,14.5332,16.6907,18.5583,20.1933,21.636,22.915
26,-5.91723,0.099274,4.98233,8.87523,12.0549,14.7029,16.9436,18.8661,20.5365,21.9997,23.2856
27,-7.22264,-0.667624,4.63789,8.80615,12.157,14.9113,17.2186,19.1828,20.8779,22.352,23.6351
28,-8.40954,-1.34639,4.36651,8.79046,12.2924,15.136,17.4969,19.4928,21.2043,22.6817,23.9529
29,-9.50275,-1.96007,4.14676,8.80847,12.4439,15.3629,17.7669,19.7867,21.5081,22.9824,24.2321
30,-10.5214,-2.52572,3.96311,8.84625,12.5998,15.5826,18.0217,20.0594,21.7856,23.2505,24.4679
31,-11.4803,-3.05608,3.80416,8.89392,12.7524,15.7896,18.2574,20.3083,22.0347,23.484,24.6559
32,-12.3909,-3.56075,3.66149,8.94444,12.8964,15.9804,18.4718,20.5319,22.2544,23.6813,24.7914
33,-13.2624,-4.04706,3.52878,8.99282,13.0285,16.153,18.6639,20.7299,22.4446,23.8414,24.869
34,-14.1017,-4.52066,3.40131,9.03554,13.1465,16.3064,18.8336,20.9026,22.6052,23.9632,24.8827
35,-14.9144,-4.98594,3.27551,9.07013,13.2492,16.4403,18.981,21.0503,22.7367,24.0459,24.8272
36,-15.7051,-5.44631,3.14866,9.09493,13.3361,16.5548,19.1066,21.1738,22.8394,24.0885,24.7009
37,-16.4773,-5.90451,3.01871,9.10883,13.4068,16.6503,19.2111,21.2737,22.9138,24.0904,24.5106
38,-17.2341,-6.36267,2.88411,9.11115,13.4615,16.7273,19.2953,21.3509,22.9604,24.0518,24.2749
39,-17.9781,-6.82251,2.74367,9.10153,13.5005,16.7865,19.3601,21.4063,22.9801,23.9745,24.02
40,-18.7113,-7.2854,2.59652,9.07982,13.5241,16.8287,19.4064,21.4409,22.9736,23.8622,23.7694
41,-19.4357,-7.75243,2.44199,9.04606,13.533,16.8546,19.4351,21.4556,22.9422,23.7213,23.537
42,-20.1531,-8.22447,2.27962,9.00041,13.5277,16.8651,19.4471,21.4514,22.8874,23.5605,23.3276
43,-20.865,-8.7022,2.10905,8.94312,13.5087,16.8609,19.4434,21.4294,22.8112,23.3888,23.1405
44,-21.573,-9.18616,1.93007,8.87447,13.4769,16.8428,19.4248,21.3906,22.7161,23.2148,22.973
45,-22.2785,-9.67673,1.74252,8.79484,13.4327,16.8117,19.3923,21.3363,22.6053,23.0444,22.8216
46,-22.9829,-10.1742,1.54631,8.70459,13.3768,16.7684,19.3468,21.2676,22.482,22.8813,22.6833
47,-23.6873,-10.6788,1.3414,8.60412,13.3099,16.7135,19.2891,21.186,22.3497,22.727,22.5555
48,-24.393,-11.1905,1.1278,8.49383,13.2325,16.6478,19.2202,21.0927,22.2118,22.5816,22.4361
49,-25.1012,-11.7095,0.905512,8.37412,13.1453,16.5721,19.1409,20.9892,22.0713,22.4445,22.3235
50,-25.8127,-12.2357,0.674596,8.24537,13.0488,16.487,19.052,20.877,21.9305,22.3146,22.2162
51,-26.5286,-12.7689,0.435101,8.10797,12.9436,16.3932,18.9545,20.7576,21.7911,22.1906,22.1131
52,-27.2497,-13.3091,0.187092,7.96231,12.8301,16.2913,18.849,20.6324,21.6541,22.0715,22.0132
53,-27.9767,-13.8561,-0.0693653,7.80872,12.7089,16.1818,18.7364,20.5028,21.5203,21.9561,21.9158
54,-28.7102,-14.4096,-0.334202,7.64756,12.5805,16.0654,18.6174,20.3701,21.3896,21.8435,21.8202
55,-29.4509,-14.9694,-0.60735,7.47914,12.4452,15.9426,18.4928,20.2353,21.262,21.733,21.7258
56,-30.1993,-15.5353,-0.888746,7.30379,12.3035,15.8138,18.3633,20.0994,21.1372,21.6238,21.632
57,-30.9558,-16.107,-1.17833,7.12177,12.1559,15.6797,18.2296,19.9631,21.0147,21.5154,21.5385
58,-31.7211,-16.6843,-1.47604,6.93337,12.0026,15.5406,18.0923,19.827,20.894,21.4073,21.4449
59,-32.4955,-17.2669,-1.78184,6.73885,11.844,15.397,17.952,19.6914,20.7747,21.2991,21.3508
60,-33.2796,-17.8547,-2.09567,6.53843,11.6805,15.2492,17.8092,19.5565,20.6562,21.1904,21.2561
61,-34.074,-18.4476,-2.41749,6.33233,11.5123,15.0977,17.6644,19.4225,20.5381,21.081,21.1605
62,-34.8791,-19.0454,-2.74729,6.12077,11.3397,14.9428,17.518,19.2894,20.4199,20.9706,21.0637
63,-35.6958,-19.6482,-3.08501,5.90393,11.163,14.7848,17.3704,19.157,20.3014,20.859,20.9658
64,-36.5247,-20.256,-3.43065,5.68197,10.9825,14.624,17.2219,19.0252,20.1822,20.746,20.8664
65,-37.3667,-20.8689,-3.78417,5.45507,10.7983,14.4607,17.0727,18.8938,20.0619,20.6316,20.7656
66,-38.2226,-21.4871,-4.14557,5.22336,10.6106,14.2952,16.923,18.7626,19.9404,20.5155,20.6632
67,-39.0935,-22.1109,-4.51482,4.98697,10.4197,14.1276,16.7729,18.6313,19.8175,20.3977,20.5592
68,-39.9804,-22.7406,-4.89191,4.74602,10.2258,13.9582,16.6225,18.4997,19.6929,20.2782,20.4536
69,-40.8846,-23.3766,-5.27683,4.50062,10.0289,13.7871,16.4719,18.3676,19.5665,20.1568,20.3462
70,-41.8072,-24.0192,-5.66955,4.25085,9.82924,13.6146,16.3211,18.2347,19.4383,20.0336,20.2371
71,-42.7498,-24.669,-6.07007,3.99681,9.62694,13.4406,16.1701,18.1007,19.308,19.9084,20.1262
72,-43.7137,-25.3263,-6.47836,3.73856,9.42212,13.2654,16.0187,17.9656,19.1758,19.7814,20.0135
73,-44.7005,-25.9915,-6.89438,3.47616,9.21488,13.0891,15.8669,17.8291,19.0413,19.6524,19.8991
74,-45.7119,-26.665,-7.31812,3.20967,9.00531,12.9116,15.7147,17.691,18.9047,19.5214,19.7828
75,-46.7495,-27.3471,-7.74952,2.93913,8.7935,12.7331,15.5619,17.5512,18.7659,19.3886,19.6648
76,-47.8151,-28.0383,-8.18853,2.66457,8.57951,12.5536,15.4084,17.4096,18.6249,19.2538,19.5451
77,-48.9103,-28.7388,-8.6351,2.38602,8.36341,12.3731,15.254,17.266,18.4817,19.1172,19.4235
78,-50.0368,-29.4489,-9.08914,2.10349,8.14525,12.1917,15.0988,17.1204,18.3362,18.9786,19.3003
79,-51.1961,-30.1689,-9.55058,1.81701,7.92507,12.0093,14.9424,16.9726,18.1886,18.8382,19.1753
80,-52.3896,-30.8989,-10.0193,1.52657,7.70291,11.8259,14.7849,16.8227,18.0387,18.6959,19.0485
81,-53.6181,-31.6393,-10.4952,1.23217,7.47878,11.6415,14.626,16.6705,17.8866,18.5518,18.9201
82,-54.8823,-32.3903,-10.9781,0.933793,7.25271,11.456,14.4658,16.516,17.7324,18.4059,18.7901
83,-56.1817,-33.1524,-11.468,0.631436,7.0247,11.2695,14.304,16.3592,17.576,18.2583,18.6583
84,-57.5154,-33.9257,-11.9645,0.325075,6.79477,11.0818,14.1405,16.2001,17.4175,18.1089,18.5249
85,-58.8809,-34.7108,-12.4677,0.0146835,6.56291,10.893,13.9754,16.0387,17.257,17.9579,18.39
86,-60.2744,-35.5082,-12.9771,-0.299768,6.32912,10.703,13.8084,15.8748,17.0944,17.8051,18.2534
87,-61.6902,-36.3185,-13.4927,-0.618313,6.09337,10.5116,13.6396,15.7087,16.9298,17.6507,18.1153
88,-63.1207,-37.1422,-14.0143,-0.94099,5.85566,10.319,13.4688,15.5402,16.7633,17.4948,17.9757
89,-64.556,-37.9803,-14.5416,-1.26784,5.61596,10.1249,13.296,15.3693,16.5949,17.3372,17.8345
90,-65.9844,-38.8334,-15.0743,-1.59891,5.37424,9.92934,13.1212,15.1962,16.4245,17.1781,17.6919
91,-67.3922,-39.7027,-15.6124,-1.93425,5.13048,9.73228,12.9442,15.0208,16.2524,17.0175,17.5478
92,-68.7646,-40.5891,-16.1555,-2.27391,4.88464,9.53363,12.7651,14.8431,16.0784,16.8554,17.4023
93,-70.0865,-41.4938,-16.7035,-2.61793,4.63669,9.33334,12.5838,14.6632,15.9027,16.6919,17.2554
94,-71.3436,-42.418,-17.2562,-2.96638,4.38658,9.13135,12.4002,14.4812,15.7253,16.527,17.1072
95,-72.5233,-43.3631,-17.8136,-3.31931,4.13428,8.9276,12.2145,14.2969,15.5462,16.3607,16.9576
96,-73.6156,-44.3305,-18.3754,-3.67678,3.87974,8.72204,12.0265,14.1106,15.3655,16.193,16.8067
97,-74.6141,-45.3218,-18.9417,-4.03883,3.62291,8.51462,11.8362,13.9222,15.1832,16.024,16.6545
98,-75.5153,-46.3385,-19.5126,-4.40553,3.36375,8.30529,11.6437,13.7317,14.9993,15.8537,16.501
99,-76.3195,-47.3823,-20.088,-4.77693,3.1022,8.09399,11.4489,13.5392,14.8139,15.6822,16.3463
100,-77.0294,-48.4547,-20.6681,-5.15309,2.83821,7.88069,11.2518,13.3448,14.6271,15.5094,16.1904
101,-77.6502,-49.5573,-21.2531,-5.53405,2.57174,7.66533,11.0525,13.1484,14.4387,15.3355,16.0334
102,-78.1886,-50.6918,-21.8433,-5.91987,2.30272,7.44789,10.8509,12.9502,14.249,15.1603,15.8752
103,-78.6519,-51.8594,-22.439,-6.3106,2.0311,7.22832,10.6471,12.7501,14.0579,14.984,15.7159
104,-79.0481,-53.0612,-23.0404,-6.70626,1.75683,7.00658,10.4411,12.5482,13.8655,14.8066,15.5555
105,-79.3851,-54.2978,-23.648,-7.10691,1.47983,6.78264,10.2328,12.3445,13.6718,14.6281,15.394
106,-79.6703,-55.5694,-24.2622,-7.51257,1.20007,6.55646,10.0224,12.1391,13.4768,14.4486,15.2315
107,-79.9106,-56.8752,-24.8834,-7.92327,0.917467,6.32802,9.80975,11.932,13.2805,14.268,15.068
108,-80.1125,-58.2134,-25.5119,-8.33903,0.631969,6.09729,9.59494,11.7232,13.0831,14.0864,14.9035
109,-80.2816,-59.5809,-26.1482,-8.75987,0.343514,5.86423,9.37798,11.5128,12.8844,13.9038,14.7381
110,-80.4229,-60.9732,-26.7927,-9.18579,0.0520373,5.62883,9.1589,11.3008,12.6846,13.7202,14.5717
111,-80.5406,-62.3835,-27.4456,-9.61678,-0.242524,5.39105,8.9377,11.0872,12.4836,13.5357,14.4045
112,-80.6386,-63.8035,-28.1073,-10.0528,-0.540234,5.15087,8.7144,10.8721,12.2815,13.3503,14.2363
113,-80.72,-65.2225,-28.7781,-10.4939,-0.841159,4.90826,8.48903,10.6555,12.0784,13.1639,14.0673
114,-80.7876,-66.6279,-29.4582,-10.94,-1.14536,4.6632,8.2616,10.4373,11.8741,12.9767,13.8975
115,-80.8436,-68.0059,-30.1478,-11.3911,-1.45292,4.41567,8.03212,10.2177,11.6689,12.7887,13.7269
116,-80.8901,-69.3417,-30.8473,-11.8471,-1.76388,4.16564,7.80061,9.99671,11.4625,12.5998,13.5555
117,-80.9285,-70.621,-31.5568,-12.3079,-2.07833,3.91309,7.56708,9.77426,11.2552,12.41,13.3833
118,-80.9603,-71.8303,-32.2766,-12.7735,-2.39633,3.65799,7.33155,9.5504,11.0469,12.2195,13.2104
119,-80.9866,-72.9587,-33.007,-13.2438,-2.71795,3.40032,7.09402,9.32516,10.8376,12.0282,13.0368
120,-81.0083,-73.9978,-33.7483,-13.7186,-3.04326,3.14006,6.85451,9.09856,10.6273,11.8361,12.8625
121,-81.0263,-74.9428,-34.501,-14.198,-3.37232,2.87716,6.61303,8.87059,10.4161,11.6432,12.6875
122,-81.0412,-75.792,-35.2654,-14.6818,-3.70522,2.61161,6.36957,8.64128,10.2039,11.4496,12.5118
123,-81.0535,-76.5468,-36.042,-15.1698,-4.04201,2.34338,6.12414,8.41063,9.99076,11.2552,12.3356
124,-81.0636,-77.211,-36.8315,-15.6621,-4.38277,2.07243,5.87675,8.17865,9.77671,11.0602,12.1586
125,-81.072,-77.7902,-37.6345,-16.1585,-4.72756,1.79874,5.62739,7.94535,9.56174,10.8644,11.9811
126,-81.0789,-78.2914,-38.4518,-16.6589,-5.07646,1.52227,5.37606,7.71072,9.34584,10.6679,11.803
127,-81.0846,-78.7222,-39.2841,-17.1632,-5.42953,1.24297,5.12275,7.47478,9.12903,10.4707,11.6243
128,-81.0894,-79.0902,-40.1325,-17.6716,-5.78684,0.960825,4.86746,7.23751,8.9113,10.2728,11.4451
129,-81.0933,-79.4029,-40.9978,-18.1838,-6.14845,0.67578,4.61018,6.99892,8.69266,10.0743,11.2653
130,-81.0965,-79.6676,-41.8813,-18.7,-6.51443,0.387797,4.35088,6.75899,8.4731,9.87505,11.085
131,-81.0992,-79.8908,-42.7841,-19.2202,-6.88483,0.0968305,4.08957,6.51773,8.25262,9.67514,10.9041
132,-81.1014,-80.0784,-43.7075,-19.7446,-7.25971,-0.197166,3.82621,6.27512,8.03122,9.47456,10.7227
133,-81.1032,-80.2357,-44.6528,-20.2731,-7.63914,-0.494243,3.56079,6.03114,7.80889,9.2733,10.5408
134,-81.1047,-80.3673,-45.6214,-20.8061,-8.02315,-0.794452,3.29328,5.78579,7.58562,9.07138,10.3585
135,-81.106,-80.4773,-46.6149,-21.3438,-8.41179,-1.09785,3.02366,5.53905,7.36141,8.86879,10.1756
136,-81.107,-80.569,-47.6347,-21.8864,-8.80512,-1.40449,2.75189,5.29089,7.13624,8.66553,9.99223
137,-81.1079,-80.6454,-48.6823,-22.4342,-9.20315,-1.71443,2.47794,5.0413,6.91009,8.46159,9.80839
138,-81.1086,-80.7091,-49.7592,-22.9875,-9.60593,-2.02773,2.20178,4.79025,6.68296,8.25697,9.62408
139,-81.1092,-80.762,-50.8668,-23.5468,-10.0135,-2.34447,1.92336,4.53771,6.45484,8.05166,9.43929
140,-81.1097,-80.8061,-52.0062,-24.1123,-10.4258,-2.6647,1.64264,4.28366,6.22569,7.84566,9.25403
141,-81.1101,-80.8428,-53.1784,-24.6844,-10.8429,-2.9885,1.35958,4.02806,5.9955,7.63896,9.06831
142,-81.1105,-80.8734,-54.3839,-25.2636,-11.2648,-3.31593,1.07412,3.77088,5.76426,7.43155,8.88211
143,-81.1107,-80.8989,-55.6226,-25.8502,-11.6915,-3.64707,0.786218,3.51208,5.53193,7.22342,8.69545
144,-81.111,-80.9201,-56.8938,-26.4446,-12.123,-3.982,0.495812,3.25162,5.2985,7.01456,8.50832
145,-81.1112,-80.9379,-58.1958,-27.047,-12.5592,-4.32079,0.202844,2.98946,5.06393,6.80495,8.32072
146,-81.1114,-80.9527,-59.5256,-27.6578,-13.0001,-4.66351,-0.0927501,2.72555,4.82819,6.59459,8.13264
147,-81.1115,-80.9651,-60.8787,-28.2772,-13.4457,-5.01026,-0.391035,2.45985,4.59127,6.38344,7.94407
148,-81.1116,-80.9755,-62.249,-28.9056,-13.8959,-5.3611,-0.692081,2.1923,4.35311,6.1715,7.75503
149,-81.1117,-80.9843,-63.6286,-29.5431,-14.3507,-5.71612,-0.995961,1.92286,4.1137,5.95875,7.56549
150,-81.1118,-80.9917,-65.0077,-30.19,-14.81,-6.0754,-1.30275,1.65146,3.87298,5.74517,7.37545
151,-81.1119,-80.9979,-66.3746,-30.8466,-15.2738,-6.43903,-1.61253,1.37804,3.63093,5.53073,7.1849
152,-81.1119,-81.0033,-67.7164,-31.513,-15.742,-6.80707,-1.92538,1.10255,3.3875,5.31542,6.99383
153,-81.112,-81.0078,-69.0195,-32.1895,-16.2145,-7.17961,-2.24139,0.824915,3.14264,5.0992,6.80223
154,-81.112,-81.0117,-70.2704,-32.8763,-16.6913,-7.55673,-2.56065,0.545067,2.89632,4.88205,6.61009
155,-81.1121,-81.0151,-71.4565,-33.5738,-17.1725,-7.9385,-2.88324,0.262936,2.64848,4.66395,6.41739
156,-81.1121,-81.018,-72.567,-34.2822,-17.6579,-8.32499,-3.20927,-0.0215546,2.39908,4.44486,6.22412
157,-81.1122,-81.0206,-73.5939,-35.0021,-18.1476,-8.71627,-3.53882,-0.308482,2.14805,4.22476,6.03027
158,-81.1122,-81.0228,-74.5318,-35.7337,-18.6417,-9.1124,-3.87201,-0.597929,1.89536,4.0036,5.83582
159,-81.1122,-81.0248,-75.3787,-36.4777,-19.1402,-9.51344,-4.20893,-0.889979,1.64092,3.78136,5.64076
160,-81.1122,-81.0266,-76.1351,-37.2345,-19.6432,-9.91944,-4.54969,-1.18472,1.3847,3.55801,5.44505
161,-81.1122,-81.0282,-76.8043,-38.0048,-20.1508,-10.3305,-4.89439,-1.48224,1.12661,3.33349,5.24869
162,-81.1123,-81.0297,-77.3909,-38.7894,-20.6633,-10.7465,-5.24314,-1.78265,0.866608,3.10777,5.05165
163,-81.1123,-81.031,-77.9014,-39.5889,-21.1809,-11.1676,-5.59605,-2.08602,0.60461,2.88082,4.85391
164,-81.1123,-81.0323,-78.3425,-40.4043,-21.7037,-11.5938,-5.95322,-2.39248,0.340548,2.65258,4.65545
165,-81.1123,-81.0334,-78.7215,-41.2365,-22.2322,-12.0252,-6.31477,-2.70211,0.0743483,2.42301,4.45623
166,-81.1123,-81.0345,-79.0455,-42.0866,-22.7665,-12.4616,-6.68082,-3.01503,-0.194068,2.19207,4.25625
167,-81.1123,-81.0355,-79.3214,-42.9555,-23.3071,-12.9031,-7.05145,-3.33135,-0.464781,1.95969,4.05546
168,-81.1123,-81.0364,-79.5554,-43.8446,-23.8542,-13.3498,-7.42679,-3.65118,-0.737876,1.72584,3.85384
169,-81.1123,-81.0373,-79.7535,-44.755,-24.4084,-13.8015,-7.80694,-3.97464,-1.01344,1.49045,3.65136
170,-81.1123,-81.0382,-79.9207,-45.688,-24.9698,-14.2582,-8.192,-4.30185,-1.29156,1.25347,3.44799
171,-81.1123,-81.039,-80.0617,-46.645,-25.5389,-14.7199,-8.58207,-4.63293,-1.57233,1.01484,3.2437
172,-81.1123,-81.0398,-80.1804,-47.6274,-26.1161,-15.1866,-8.97724,-4.968,-1.85586,0.774493,3.03844
173,-81.1123,-81.0406,-80.2803,-48.6364,-26.7016,-15.6582,-9.37761,-5.30718,-2.14223,0.532372,2.83218
174,-81.1123,-81.0414,-80.3643,-49.6735,-27.2958,-16.1347,-9.78325,-5.65061,-2.43156,0.288406,2.6249
175,-81.1123,-81.0421,-80.4351,-50.7399,-27.899,-16.6161,-10.1943,-5.99841,-2.72394,0.042526,2.41654
176,-81.1123,-81.0428,-80.4946,-51.8366,-28.5115,-17.1023,-10.6107,-6.35072,-3.0195,-0.20534,2.20706
177,-81.1123,-81.0435,-80.5449,-52.9646,-29.1334,-17.5934,-11.0326,-6.70766,-3.31835,-0.455269,1.99643
178,-81.1123,-81.0442,-80.5873,-54.1244,-29.7651,-18.0893,-11.46,-7.06936,-3.6206,-0.707338,1.78459
179,-81.1123,-81.0449,-80.6232,-55.3159,-30.4068,-18.5902,-11.8931,-7.43595,-3.92637,-0.961628,1.57151
180,-81.1123,-81.0456,-80.6537,-56.5387,-31.0586,-19.0961,-12.3317,-7.80756,-4.23578,-1.21822,1.35713
181,-81.1123,-81.0462,-80.6797,-57.7912,-31.7208,-19.6071,-12.7759,-8.18432,-4.54898,-1.47721,1.1414
182,-81.1123,-81.0469,-80.7018,-59.071,-32.3937,-20.1234,-13.2258,-8.56634,-4.86607,-1.73869,0.924272
183,-81.1123,-81.0475,-80.7209,-60.3743,-33.0775,-20.6451,-13.6813,-8.95375,-5.18721,-2.00274,0.705688
184,-81.1123,-81.0481,-80.7373,-61.696,-33.7725,-21.1725,-14.1425,-9.34667,-5.51251,-2.26947,0.485593
185,-81.1123,-81.0487,-80.7515,-63.0291,-34.479,-21.7059,-14.6093,-9.74519,-5.84213,-2.53898,0.263926
186,-81.1123,-81.0493,-80.7639,-64.3651,-35.1975,-22.2454,-15.0816,-10.1494,-6.17619,-2.81137,0.0406277
187,-81.1123,-81.0499,-80.7748,-65.694,-35.9283,-22.7916,-15.5595,-10.5595,-6.51485,-3.08675,-0.184367
188,-81.1123,-81.0505,-80.7844,-67.004,-36.6719,-23.3447,-16.043,-10.9754,-6.85823,-3.36524,-0.411125
189,-81.1123,-81.0511,-80.793,-68.2828,-37.4291,-23.9051,-16.5319,-11.3974,-7.2065,-3.64694,-0.639715
190,-81.1123,-81.0517,-80.8006,-69.5178,-38.2002,-24.4732,-17.0264,-11.8253,-7.55978,-3.93197,-0.870208
191,-81.1123,-81.0522,-80.8076,-70.6969,-38.9862,-25.0493,-17.5264,-12.2594,-7.91823,-4.22047,-1.10268
192,-81.1123,-81.0528,-80.8139,-71.8091,-39.7876,-25.6339,-18.032,-12.6996,-8.28199,-4.51255,-1.33721
193,-81.1123,-81.0533,-80.8197,-72.8458,-40.6055,-26.2274,-18.5432,-13.146,-8.65118,-4.80834,-1.57387
194,-81.1123,-81.0539,-80.825,-73.8007,-41.4408,-26.83,-19.06,-13.5986,-9.02597,-5.10799,-1.81275
195,-81.1123,-81.0544,-80.8299,-74.6704,-42.2944,-27.4421,-19.5827,-14.0573,-9.40647,-5.41161,-2.05394
196,-81.1123,-81.055,-80.8346,-75.4539,-43.1674,-28.0641,-20.1113,-14.5224,-9.79282,-5.71936,-2.29752
197,-81.1123,-81.0555,-80.839,-76.1529,-44.061,-28.6961,-20.6461,-14.9936,-10.1851,-6.03138,-2.54359
198,-81.1123,-81.056,-80.8431,-76.7711,-44.9764,-29.3385,-21.1873,-15.471,-10.5835,-6.3478,-2.79225
199,-81.1123,-81.0565,-80.847,-77.3134,-45.9149,-29.9914,-21.7352,-15.9547,-10.9882,-6.66879,-3.04358
200,-81.1123,-81.057,-80.8508,-77.7859,-46.8778,-30.6551,-22.29,-16.4445,-11.3991,-6.99448,-3.29771
201,-81.1123,-81.0575,-80.8544,-78.1952,-47.8663,-31.3299,-22.8522,-16.9405,-11.8164,-7.32503,-3.55473
202,-81.1123,-81.058,-80.8579,-78.5478,-48.8819,-32.0159,-23.4221,-17.4428,-12.2402,-7.6606,-3.81476
203,-81.1122,-81.0585,-80.8613,-78.8505,-49.9258,-32.7135,-24.0001,-17.9512,-12.6705,-8.00133,-4.07791
204,-81.1122,-81.059,-80.8645,-79.1094,-50.9991,-33.4228,-24.5867,-18.466,-13.1074,-8.34739,-4.34429
205,-81.1122,-81.0595,-80.8677,-79.3303,-52.1029,-34.1443,-25.1822,-18.9871,-13.551,-8.69891,-4.61403
206,-81.1122,-81.06,-80.8708,-79.5183,-53.2378,-34.8783,-25.7871,-19.5148,-14.0013,-9.05607,-4.88726
207,-81.1122,-81.0605,-80.8738,-79.6782,-54.4041,-35.6251,-26.4016,-20.0491,-14.4584,-9.419,-5.1641
208,-81.1122,-81.0609,-80.8768,-79.8141,-55.6018,-36.3854,-27.0263,-20.5903,-14.9221,-9.78786,-5.44469
209,-81.1122,-81.0614,-80.8797,-79.9296,-56.8298,-37.1596,-27.6614,-21.1385,-15.3926,-10.1628,-5.72917
210,-81.1122,-81.0618,-80.8825,-80.0277,-58.0866,-37.9483,-28.3072,-21.6942,-15.8699,-10.5439,-6.01766
211,-81.1122,-81.0623,-80.8853,-80.1113,-59.3692,-38.7523,-28.9641,-22.2575,-16.354,-10.9314,-6.31033
212,-81.1122,-81.0627,-80.8881,-80.1825,-60.6735,-39.5723,-29.6322,-22.829,-16.8449,-11.3253,-6.60732
213,-81.1122,-81.0632,-80.8908,-80.2433,-61.9938,-40.4092,-30.3118,-23.4089,-17.3426,-11.7259,-6.90877
214,-81.1121,-81.0636,-80.8934,-80.2954,-63.323,-41.2639,-31.0032,-23.9976,-17.8471,-12.1331,-7.21484
215,-81.1121,-81.0641,-80.896,-80.3402,-64.652,-42.1374,-31.7065,-24.5957,-18.3586,-12.5471,-7.52569
216,-81.1121,-81.0645,-80.8986,-80.3789,-65.9705,-43.0308,-32.4221,-25.2034,-18.8771,-12.968,-7.84147
217,-81.1121,-81.0649,-80.9011,-80.4124,-67.2667,-43.9453,-33.1501,-25.8214,-19.4028,-13.3959,-8.16234
218,-81.1121,-81.0653,-80.9036,-80.4416,-68.5283,-44.8821,-33.891,-26.4498,-19.9357,-13.8308,-8.48848
219,-81.1121,-81.0658,-80.906,-80.4672,-69.7429,-45.8425,-34.6449,-27.0892,-20.4761,-14.2728,-8.82003
220,-81.1121,-81.0662,-80.9085,-80.4897,-70.8989,-46.8278,-35.4125,-27.7398,-21.0243,-14.7219,-9.15716
221,-81.1121,-81.0666,-80.9109,-80.5097,-71.9861,-47.8394,-36.1941,-28.402,-21.5804,-15.1782,-9.50003
222,-81.1121,-81.067,-80.9132,-80.5276,-72.9966,-48.8784,-36.9902,-29.076,-22.1449,-15.6418,-9.8488
223,-81.112,-81.0674,-80.9155,-80.5436,-73.9248,-49.9462,-37.8016,-29.7621,-22.7181,-16.1126,-10.2036
224,-81.112,-81.0678,-80.9178,-80.5582,-74.7681,-51.044,-38.6288,-30.4606,-23.3004,-16.5906,-10.5647
225,-81.112,-81.0682,-80.9201,-80.5714,-75.5263,-52.1726,-39.4727,-31.1717,-23.8921,-17.0761,-10.9321
226,-81.112,-81.0686,-80.9223,-80.5836,-76.2016,-53.3327,-40.3342,-31.8956,-24.4938,-17.5689,-11.306
227,-81.112,-81.069,-80.9245,-80.5949,-76.7979,-54.5244,-41.2141,-32.6325,-25.1059,-18.0691,-11.6866
228,-81.112,-81.0693,-80.9267,-80.6054,-77.3206,-55.7476,-42.1136,-33.3828,-25.7288,-18.5769,-12.074
229,-81.112,-81.0697,-80.9289,-80.6152,-77.7758,-57.001,-43.0336,-34.1468,-26.3629,-19.0923,-12.4683
230,-81.112,-81.0701,-80.931,-80.6244,-78.1699,-58.2826,-43.9755,-34.9248,-27.0086,-19.6155,-12.8696
231,-81.1119,-81.0705,-80.9331,-80.6332,-78.5096,-59.5892,-44.9405,-35.7172,-27.6662,-20.1467,-13.2781
232,-81.1119,-81.0708,-80.9351,-80.6415,-78.8014,-60.9161,-45.9298,-36.5246,-28.3361,-20.6861,-13.6938
233,-81.1119,-81.0712,-80.9372,-80.6495,-79.0512,-62.2572,-46.9448,-37.3476,-29.0186,-21.234,-14.1169
234,-81.1119,-81.0715,-80.9392,-80.6571,-79.2645,-63.6045,-47.9869,-38.1868,-29.7139,-21.7906,-14.5473
235,-81.1119,-81.0719,-80.9412,-80.6645,-79.4466,-64.9486,-49.0573,-39.0429,-30.4222,-22.3563,-14.9853
236,-81.1119,-81.0723,-80.9432,-80.6716,-79.6017,-66.2782,-50.1573,-39.9168,-31.1439,-22.9314,-15.4308
237,-81.1119,-81.0726,-80.9451,-80.6785,-79.7339,-67.5813,-51.288,-40.8094,-31.879,-23.5165,-15.8839
238,-81.1119,-81.073,-80.947,-80.6851,-79.8466,-68.845,-52.4501,-41.7217,-32.628,-24.1119,-16.3446
239,-81.1118,-81.0733,-80.949,-80.6916,-79.9428,-70.0569,-53.6442,-42.6548,-33.391,-24.718,-16.8131
240,-81.1118,-81.0736,-80.9508,-80.698,-80.0251,-71.2054,-54.8703,-43.6099,-34.1683,-25.3354,-17.2894
241,-81.1118,-81.074,-80.9527,-80.7042,-80.0955,-72.2808,-56.1277,-44.5882,-34.9604,-25.9643,-17.7736
242,-81.1118,-81.0743,-80.9545,-80.7102,-80.1561,-73.2758,-57.415,-45.591,-35.7676,-26.6053,-18.2658
243,-81.1118,-81.0746,-80.9563,-80.7161,-80.2083,-74.1858,-58.7294,-46.6198,-36.5904,-27.2587,-18.766
244,-81.1118,-81.075,-80.9581,-80.7219,-80.2536,-75.0088,-60.0671,-47.6757,-37.4295,-27.9249,-19.2745
245,-81.1118,-81.0753,-80.9599,-80.7276,-80.2929,-75.7457,-61.4227,-48.7601,-38.2855,-28.6041,-19.7913
246,-81.1117,-81.0756,-80.9617,-80.7332,-80.3273,-76.3993,-62.7891,-49.8743,-39.1592,-29.2967,-20.3167
247,-81.1117,-81.0759,-80.9634,-80.7387,-80.3576,-76.9743,-64.1572,-51.0194,-40.0514,-30.0029,-20.851
248,-81.1117,-81.0762,-80.9651,-80.7441,-80.3843,-77.4766,-65.5164,-52.1963,-40.963,-30.7229,-21.3944
249,-81.1117,-81.0766,-80.9668,-80.7493,-80.4082,-77.9126,-66.8549,-53.4054,-41.8951,-31.457,-21.9472
250,-81.1117,-81.0769,-80.9685,-80.7545,-80.4295,-78.2891,-68.1596,-54.6469,-42.8488,-32.2053,-22.5098
251,-81.1117,-81.0772,-80.9701,-80.7597,-80.4488,-78.6128,-69.4174,-55.9201,-43.8252,-32.9682,-23.0826
252,-81.1116,-81.0775,-80.9718,-80.7647,-80.4664,-78.8901,-70.6159,-57.2234,-44.8257,-33.7459,-23.666
253,-81.1116,-81.0778,-80.9734,-80.7697,-80.4825,-79.1271,-71.7441,-58.5545,-45.8516,-34.5387,-24.2604
254,-81.1116,-81.0781,-80.975,-80.7745,-80.4973,-79.3293,-72.7931,-59.9092,-46.9042,-35.3471,-24.8664
255,-81.1116,-81.0784,-80.9766,-80.7793,-80.511,-79.5015,-73.7568,-61.2822,-47.9848,-36.1714,-25.4842
256,-81.1116,-81.0787,-80.9781,-80.7841,-80.5238,-79.6482,-74.6321,-62.6661,-49.0947,-37.0122,-26.1144
257,-81.1116,-81.079,-80.9797,-80.7887,-80.5359,-79.7731,-75.4185,-64.052,-50.2353,-37.8702,-26.7573
258,-81.1116,-81.0792,-80.9812,-80.7933,-80.5473,-79.8795,-76.118,-65.4291,-51.4073,-38.746,-27.4133
259,-81.1115,-81.0795,-80.9827,-80.7979,-80.5581,-79.9704,-76.7349,-66.785,-52.6117,-39.6405,-28.0829
260,-81.1115,-81.0798,-80.9842,-80.8023,-80.5684,-80.0482,-77.2746,-68.1066,-53.8487,-40.5545,-28.7662
261,-81.1115,-81.0801,-80.9857,-80.8067,-80.5782,-80.1148,-77.7437,-69.3804,-55.1181,-41.4889,-29.4635
262,-81.1115,-81.0804,-80.9871,-80.8111,-80.5877,-80.1722,-78.149,-70.5936,-56.4189,-42.445,-30.1751
263,-81.1115,-81.0806,-80.9886,-80.8154,-80.5968,-80.2218,-78.4975,-71.7349,-57.749,-43.4238,-30.9012
264,-81.1115,-81.0809,-80.99,-80.8196,-80.6057,-80.2648,-78.7961,-72.7954,-59.1054,-44.4266,-31.6421
265,-81.1114,-81.0812,-80.9914,-80.8237,-80.6142,-80.3024,-79.0511,-73.7688,-60.4832,-45.4547,-32.3979
266,-81.1114,-81.0814,-80.9928,-80.8278,-80.6226,-80.3353,-79.2684,-74.6518,-61.8761,-46.5093,-33.1689
267,-81.1114,-81.0817,-80.9942,-80.8319,-80.6307,-80.3643,-79.4533,-75.4442,-63.2759,-47.5919,-33.9553
268,-81.1114,-81.082,-80.9956,-80.8359,-80.6386,-80.3902,-79.6105,-76.1482,-64.6725,-48.7038,-34.7576
269,-81.1114,-81.0822,-80.9969,-80.8398,-80.6463,-80.4133,-79.7441,-76.7682,-66.0541,-49.8461,-35.5761
270,-81.1114,-81.0825,-80.9983,-80.8437,-80.6538,-80.4341,-79.8578,-77.3098,-67.4076,-51.02,-36.4112
271,-81.1114,-81.0827,-80.9996,-80.8475,-80.6612,-80.4529,-79.9547,-77.7797,-68.7194,-52.2263,-37.2636
272,-81.1113,-81.083,-81.0009,-80.8513,-80.6684,-80.4702,-80.0373,-78.1851,-69.9761,-53.4653,-38.1338
273,-81.1113,-81.0832,-81.0022,-80.855,-80.6755,-80.486,-80.108,-78.5332,-71.1652,-54.737,-39.0225
274,-81.1113,-81.0835,-81.0035,-80.8587,-80.6824,-80.5007,-80.1687,-78.831,-72.2763,-56.0406,-39.9306
275,-81.1113,-81.0837,-81.0048,-80.8623,-80.6893,-80.5144,-80.221,-79.0849,-73.3016,-57.3743,-40.859
276,-81.1113,-81.084,-81.006,-80.8659,-80.696,-80.5272,-80.2662,-79.3009,-74.2365,-58.7352,-41.8087
277,-81.1113,-81.0842,-81.0073,-80.8695,-80.7026,-80.5393,-80.3055,-79.4844,-75.0791,-60.1189,-42.7808
278,-81.1112,-81.0845,-81.0085,-80.8729,-80.709,-80.5508,-80.3399,-79.6403,-75.8306,-61.5193,-43.7764
279,-81.1112,-81.0847,-81.0097,-80.8764,-80.7154,-80.5618,-80.3702,-79.7725,-76.4946,-62.9285,-44.7969
280,-81.1112,-81.0849,-81.011,-80.8798,-80.7217,-80.5722,-80.397,-79.8849,-77.0761,-64.3367,-45.8434
281,-81.1112,-81.0852,-81.0121,-80.8832,-80.7278,-80.5823,-80.4209,-79.9805,-77.5819,-65.7324,-46.9174
282,-81.1112,-81.0854,-81.0133,-80.8865,-80.7339,-80.5919,-80.4423,-80.062,-78.0189,-67.1025,-48.0202
283,-81.1112,-81.0856,-81.0145,-80.8897,-80.7399,-80.6013,-80.4617,-80.1316,-78.3945,-68.4332,-49.153
284,-81.1111,-81.0859,-81.0157,-80.893,-80.7458,-80.6104,-80.4794,-80.1913,-78.7159,-69.7108,-50.3169
285,-81.1111,-81.0861,-81.0168,-80.8962,-80.7516,-80.6192,-80.4956,-80.2427,-78.9901,-70.9224,-51.513
286,-81.1111,-81.0863,-81.0179,-80.8993,-80.7573,-80.6277,-80.5106,-80.2871,-79.2233,-72.0571,-52.7419
287,-81.1111,-81.0865,-81.0191,-80.9024,-80.7629,-80.6361,-80.5245,-80.3257,-79.4214,-73.1063,-54.0038
288,-81.1111,-81.0868,-81.0202,-80.9055,-80.7684,-80.6442,-80.5376,-80.3594,-79.5893,-74.0646,-55.2981
289,-81.1111,-81.087,-81.0213,-80.9085,-80.7739,-80.6522,-80.5499,-80.3891,-79.7318,-74.9298,-56.6238
290,-81.111,-81.0872,-81.0224,-80.9115,-80.7792,-80.66,-80.5615,-80.4153,-79.8526,-75.7025,-57.9785
291,-81.111,-81.0874,-81.0234,-80.9145,-80.7845,-80.6676,-80.5726,-80.4387,-79.9552,-76.3858,-59.3585
292,-81.111,-81.0876,-81.0245,-80.9174,-80.7898,-80.6751,-80.5832,-80.4597,-80.0425,-76.9849,-60.7586
293,-81.111,-81.0878,-81.0256,-80.9203,-80.7949,-80.6825,-80.5933,-80.4787,-80.1169,-77.5061,-62.1719
294,-81.111,-81.088,-81.0266,-80.9231,-80.8,-80.6897,-80.6031,-80.4961,-80.1805,-77.9566,-63.5893
295,-81.111,-81.0882,-81.0277,-80.9259,-80.805,-80.6968,-80.6125,-80.512,-80.2351,-78.3439,-65.0001
296,-81.1109,-81.0884,-81.0287,-80.9287,-80.8099,-80.7037,-80.6216,-80.5266,-80.2822,-78.6753,-66.3919
297,-81.1109,-81.0887,-81.0297,-80.9315,-80.8148,-80.7106,-80.6305,-80.5403,-80.3229,-78.9578,-67.751
298,-81.1109,-81.0889,-81.0307,-80.9342,-80.8196,-80.7173,-80.6391,-80.5531,-80.3584,-79.1981,-69.0635
299,-81.1109,-81.0891,-81.0317,-80.9369,-80.8243,-80.724,-80.6476,-80.5652,-80.3895,-79.402,-70.3157
300,-81.1109,-81.0892,-81.0327,-80.9395,-80.8289,-80.7305,-80.6558,-80.5766,-80.4169,-79.5749,-71.4955
301,-81.1109,-81.0894,-81.0337,-80.9421,-80.8335,-80.7369,-80.6638,-80.5875,-80.4413,-79.7214,-72.593
302,-81.1108,-81.0896,-81.0346,-80.9447,-80.8381,-80.7432,-80.6717,-80.5979,-80.4631,-79.8455,-73.6012
303,-81.1108,-81.0898,-81.0356,-80.9473,-80.8426,-80.7494,-80.6794,-80.6079,-80.4827,-79.9508,-74.5162
304,-81.1108,-81.09,-81.0365,-80.9498,-80.847,-80.7555,-80.6869,-80.6176,-80.5005,-80.0402,-75.3374
305,-81.1108,-81.0902,-81.0375,-80.9523,-80.8513,-80.7616,-80.6943,-80.6269,-80.5169,-80.1164,-76.0667
306,-81.1108,-81.0904,-81.0384,-80.9548,-80.8556,-80.7675,-80.7016,-80.6359,-80.5319,-80.1814,-76.7084
307,-81.1108,-81.0906,-81.0393,-80.9572,-80.8599,-80.7734,-80.7087,-80.6447,-80.5458,-80.2372,-77.2685
308,-81.1107,-81.0908,-81.0402,-80.9596,-80.864,-80.7791,-80.7157,-80.6532,-80.5589,-80.2851,-77.7538
309,-81.1107,-81.091,-81.0411,-80.962,-80.8682,-80.7848,-80.7226,-80.6615,-80.5711,-80.3266,-78.1718
310,-81.1107,-81.0911,-81.042,-80.9643,-80.8722,-80.7904,-80.7294,-80.6696,-80.5827,-80.3627,-78.53
311,-81.1107,-81.0913,-81.0429,-80.9667,-80.8762,-80.7959,-80.7361,-80.6776,-80.5937,-80.3942,-78.8358
312,-81.1107,-81.0915,-81.0438,-80.969,-80.8802,-80.8014,-80.7427,-80.6853,-80.6042,-80.422,-79.096
313,-81.1107,-81.0917,-81.0447,-80.9712,-80.8841,-80.8067,-80.7492,-80.693,-80.6142,-80.4467,-79.3169
314,-81.1106,-81.0918,-81.0455,-80.9735,-80.888,-80.812,-80.7555,-80.7004,-80.6239,-80.4687,-79.5041
315,-81.1106,-81.092,-81.0464,-80.9757,-80.8918,-80.8173,-80.7618,-80.7078,-80.6333,-80.4885,-79.6626
316,-81.1106,-81.0922,-81.0472,-80.9779,-80.8956,-80.8224,-80.768,-80.715,-80.6423,-80.5064,-79.7969
317,-81.1106,-81.0924,-81.0481,-80.9801,-80.8993,-80.8275,-80.7741,-80.7221,-80.6511,-80.5228,-79.9107
318,-81.1106,-81.0925,-81.0489,-80.9822,-80.9029,-80.8325,-80.7801,-80.729,-80.6596,-80.5379,-80.0072
319,-81.1106,-81.0927,-81.0497,-80.9843,-80.9066,-80.8374,-80.786,-80.7359,-80.668,-80.5519,-80.0892
320,-81.1105,-81.0929,-81.0505,-80.9864,-80.9101,-80.8423,-80.7918,-80.7426,-80.6761,-80.565,-80.1592
321,-81.1105,-81.093,-81.0513,-80.9885,-80.9137,-80.8471,-80.7976,-80.7492,-80.6841,-80.5773,-80.2189
322,-81.1105,-81.0932,-81.0521,-80.9906,-80.9172,-80.8518,-80.8032,-80.7558,-80.6919,-80.5888,-80.2703
323,-81.1105,-81.0934,-81.0529,-80.9926,-80.9206,-80.8565,-80.8088,-80.7622,-80.6995,-80.5998,-80.3145
324,-81.1105,-81.0935,-81.0537,-80.9946,-80.924,-80.8611,-80.8143,-80.7685,-80.707,-80.6103,-80.3529
325,-81.1105,-81.0937,-81.0545,-80.9966,-80.9274,-80.8656,-80.8197,-80.7748,-80.7143,-80.6204,-80.3864
326,-81.1104,-81.0938,-81.0552,-80.9985,-80.9307,-80.8701,-80.8251,-80.7809,-80.7215,-80.63,-80.4157
327,-81.1104,-81.094,-81.056,-81.0005,-80.9339,-80.8745,-80.8303,-80.787,-80.7286,-80.6394,-80.4417
328,-81.1104,-81.0942,-81.0567,-81.0024,-80.9372,-80.8789,-80.8355,-80.7929,-80.7356,-80.6484,-80.4647
329,-81.1104,-81.0943,-81.0575,-81.0043,-80.9404,-80.8832,-80.8407,-80.7988,-80.7424,-80.6572,-80.4854
330,-81.1104,-81.0945,-81.0582,-81.0062,-80.9435,-80.8875,-80.8457,-80.8046,-80.7492,-80.6657,-80.5041
331,-81.1104,-81.0946,-81.059,-81.008,-80.9466,-80.8917,-80.8507,-80.8103,-80.7558,-80.674,-80.5211
332,-81.1103,-81.0948,-81.0597,-81.0099,-80.9497,-80.8958,-80.8557,-80.8159,-80.7623,-80.6822,-80.5368
333,-81.1103,-81.0949,-81.0604,-81.0117,-80.9528,-80.8999,-80.8605,-80.8215,-80.7688,-80.6901,-80.5512
334,-81.1103,-81.0951,-81.0611,-81.0135,-80.9558,-80.9039,-80.8653,-80.827,-80.7751,-80.6979,-80.5646
335,-81.1103,-81.0952,-81.0618,-81.0153,-80.9587,-80.9079,-80.87,-80.8324,-80.7814,-80.7055,-80.5772
336,-81.1103,-81.0954,-81.0625,-81.017,-80.9617,-80.9119,-80.8747,-80.8377,-80.7875,-80.7129,-80.589
337,-81.1103,-81.0955,-81.0632,-81.0188,-80.9646,-80.9157,-80.8793,-80.843,-80.7936,-80.7203,-80.6002
338,-81.1102,-81.0957,-81.0639,-81.0205,-80.9674,-80.9196,-80.8839,-80.8482,-80.7996,-80.7275,-80.6109
339,-81.1102,-81.0958,-81.0646,-81.0222,-80.9703,-80.9234,-80.8883,-80.8533,-80.8054,-80.7345,-80.6211
340,-81.1102,-81.0959,-81.0653,-81.0239,-80.9731,-80.9271,-80.8928,-80.8583,-80.8113,-80.7415,-80.6309
341,-81.1102,-81.0961,-81.0659,-81.0256,-80.9758,-80.9308,-80.8971,-80.8633,-80.817,-80.7483,-80.6403
342,-81.1102,-81.0962,-81.0666,-81.0272,-80.9786,-80.9344,-80.9014,-80.8682,-80.8226,-80.7551,-80.6495
343,-81.1101,-81.0964,-81.0673,-81.0288,-80.9813,-80.938,-80.9057,-80.8731,-80.8282,-80.7617,-80.6584
344,-81.1101,-81.0965,-81.0679,-81.0305,-80.9839,-80.9416,-80.9099,-80.8778,-80.8337,-80.7682,-80.667
345,-81.1101,-81.0966,-81.0686,-81.0321,-80.9866,-80.9451,-80.9141,-80.8826,-80.8391,-80.7747,-80.6754
346,-81.1101,-81.0968,-81.0692,-81.0336,-80.9892,-80.9486,-80.9182,-80.8872,-80.8445,-80.781,-80.6835
347,-81.1101,-81.0969,-81.0698,-81.0352,-80.9917,-80.952,-80.9222,-80.8918,-80.8497,-80.7872,-80.6915
348,-81.1101,-81.097,-81.0705,-81.0368,-80.9943,-80.9554,-80.9262,-80.8964,-80.8549,-80.7934,-80.6994
349,-81.1101,-81.0972,-81.0711,-81.0383,-80.9968,-80.9587,-80.9301,-80.9008,-80.8601,-80.7995,-80.707
350,-81.11,-81.0973,-81.0717,-81.0398,-80.9993,-80.962,-80.934,-80.9053,-80.8651,-80.8054,-80.7146
351,-81.11,-81.0974,-81.0723,-81.0413,-81.0018,-80.9653,-80.9379,-80.9096,-80.8701,-80.8113,-80.7219
352,-81.11,-81.0975,-81.0729,-81.0428,-81.0042,-80.9685,-80.9417,-80.9139,-80.8751,-80.8171,-80.7292
353,-81.11,-81.0977,-81.0735,-81.0443,-81.0066,-80.9717,-80.9454,-80.9182,-80.8799,-80.8229,-80.7363
354,-81.11,-81.0978,-81.0741,-81.0457,-81.009,-80.9749,-80.9491,-80.9224,-80.8847,-80.8285,-80.7433
355,-81.11,-81.0979,-81.0747,-81.0472,-81.0113,-80.978,-80.9528,-80.9265,-80.8895,-80.8341,-80.7502
356,-81.1099,-81.098,-81.0753,-81.0486,-81.0136,-80.981,-80.9564,-80.9306,-80.8942,-80.8396,-80.757
357,-81.1099,-81.0982,-81.0759,-81.05,-81.0159,-80.9841,-80.96,-80.9347,-80.8988,-80.845,-80.7637
358,-81.1099,-81.0983,-81.0764,-81.0514,-81.0182,-80.9871,-80.9635,-80.9387,-80.9033,-80.8504,-80.7702
359,-81.1099,-81.0984,-81.077,-81.0528,-81.0205,-80.99,-80.967,-80.9426,-80.9078,-80.8556,-80.7767
360,-81.1099,-81.0985,-81.0776,-81.0542,-81.0227,-80.993,-80.9704,-80.9465,-80.9123,-80.8608,-80.7831
361,-81.1099,-81.0986,-81.0781,-81.0555,-81.0249,-80.9959,-80.9738,-80.9504,-80.9167,-80.866,-80.7894
362,-81.1098,-81.0988,-81.0787,-81.0569,-81.0271,-80.9987,-80.9772,-80.9542,-80.921,-80.8711,-80.7956
363,-81.1098,-81.0989,-81.0792,-81.0582,-81.0292,-81.0016,-80.9805,-80.9579,-80.9253,-80.8761,-80.8017
364,-81.1098,-81.099,-81.0798,-81.0595,-81.0313,-81.0044,-80.9838,-80.9617,-80.9295,-80.881,-80.8077
365,-81.1098,-81.0991,-81.0803,-81.0608,-81.0334,-81.0071,-80.9871,-80.9653,-80.9337,-80.8859,-80.8136
366,-81.1098,-81.0992,-81.0809,-81.0621,-81.0355,-81.0099,-80.9903,-80.969,-80.9378,-80.8907,-80.8195
367,-81.1098,-81.0993,-81.0814,-81.0634,-81.0376,-81.0126,-80.9934,-80.9725,-80.9419,-80.8954,-80.8252
368,-81.1097,-81.0995,-81.0819,-81.0646,-81.0396,-81.0152,-80.9966,-80.9761,-80.9459,-80.9001,-80.8309
369,-81.1097,-81.0996,-81.0824,-81.0659,-81.0416,-81.0179,-80.9997,-80.9796,-80.9499,-80.9048,-80.8365
370,-81.1097,-81.0997,-81.083,-81.0671,-81.0436,-81.0205,-81.0027,-80.983,-80.9538,-80.9093,-80.8421
371,-81.1097,-81.0998,-81.0835,-81.0684,-81.0456,-81.0231,-81.0057,-80.9864,-80.9577,-80.9139,-80.8475
372,-81.1097,-81.0999,-81.084,-81.0696,-81.0476,-81.0256,-81.0087,-80.9898,-80.9615,-80.9183,-80.8529
373,-81.1097,-81.1,-81.0845,-81.0708,-81.0495,-81.0282,-81.0117,-80.9931,-80.9653,-80.9227,-80.8582
374,-81.1096,-81.1001,-81.085,-81.072,-81.0514,-81.0307,-81.0146,-80.9964,-80.969,-80.9271,-80.8635
375,-81.1096,-81.1002,-81.0855,-81.0732,-81.0533,-81.0331,-81.0175,-80.9997,-80.9727,-80.9314,-80.8687
376,-81.1096,-81.1003,-81.086,-81.0743,-81.0552,-81.0356,-81.0203,-81.0029,-80.9764,-80.9356,-80.8738
377,-81.1096,-81.1004,-81.0865,-81.0755,-81.057,-81.038,-81.0232,-81.0061,-80.98,-80.9398,-80.8788
378,-81.1096,-81.1005,-81.0869,-81.0766,-81.0588,-81.0404,-81.0259,-81.0092,-80.9836,-80.9439,-80.8838
379,-81.1096,-81.1006,-81.0874,-81.0778,-81.0606,-81.0427,-81.0287,-81.0123,-80.9871,-80.948,-80.8887
380,-81.1095,-81.1007,-81.0879,-81.0789,-81.0624,-81.0451,-81.0314,-81.0154,-80.9906,-80.952,-80.8936
381,-81.1095,-81.1008,-81.0884,-81.08,-81.0642,-81.0474,-81.0341,-81.0185,-80.994,-80.956,-80.8983
382,-81.1095,-81.1009,-81.0888,-81.0811,-81.066,-81.0497,-81.0368,-81.0215,-80.9974,-80.96,-80.9031
383,-81.1095,-81.101,-81.0893,-81.0822,-81.0677,-81.0519,-81.0394,-81.0244,-81.0008,-80.9639,-80.9077
384,-81.1095,-81.1011,-81.0898,-81.0833,-81.0694,-81.0542,-81.042,-81.0274,-81.0041,-80.9677,-80.9124
385,-81.1095,-81.1012,-81.0902,-81.0844,-81.0711,-81.0564,-81.0446,-81.0303,-81.0074,-80.9715,-80.9169
386,-81.1095,-81.1013,-81.0907,-81.0854,-81.0728,-81.0586,-81.0472,-81.0331,-81.0106,-80.9753,-80.9214
387,-81.1094,-81.1014,-81.0911,-81.0865,-81.0745,-81.0607,-81.0497,-81.036,-81.0138,-80.979,-80.9258
388,-81.1094,-81.1015,-81.0916,-81.0875,-81.0761,-81.0629,-81.0522,-81.0388,-81.017,-80.9827,-80.9302
389,-81.1094,-81.1016,-81.092,-81.0886,-81.0778,-81.065,-81.0547,-81.0416,-81.0201,-80.9863,-80.9346
390,-81.1094,-81.1017,-81.0924,-81.0896,-81.0794,-81.0671,-81.0571,-81.0443,-81.0232,-80.9899,-80.9388
391,-81.1094,-81.1018,-81.0929,-81.0906,-81.081,-81.0692,-81.0595,-81.047,-81.0263,-80.9934,-80.9431
392,-81.1094,-81.1019,-81.0933,-81.0916,-81.0826,-81.0712,-81.0619,-81.0497,-81.0293,-80.9969,-80.9472
393,-81.1093,-81.102,-81.0937,-81.0926,-81.0841,-81.0732,-81.0643,-81.0524,-81.0323,-81.0004,-80.9514
394,-81.1093,-81.1021,-81.0941,-81.0936,-81.0857,-81.0752,-81.0666,-81.055,-81.0353,-81.0038,-80.9554
395,-81.1093,-81.1022,-81.0946,-81.0946,-81.0872,-81.0772,-81.0689,-81.0576,-81.0382,-81.0072,-80.9595
396,-81.1093,-81.1023,-81.095,-81.0955,-81.0887,-81.0792,-81.0712,-81.0601,-81.0411,-81.0105,-80.9635
397,-81.1093,-81.1024,-81.0954,-81.0965,-81.0902,-81.0811,-81.0735,-81.0627,-81.044,-81.0138,-80.9674
398,-81.1093,-81.1024,-81.0958,-81.0974,-81.0917,-81.0831,-81.0757,-81.0652,-81.0468,-81.0171,-80.9713
399,-81.1093,-81.1025,-81.0962,-81.0984,-81.0932,-81.085,-81.0779,-81.0677,-81.0496,-81.0203,-80.9751
400,-81.1092,-81.1026,-81.0966,-81.0993,-81.0947,-81.0869,-81.0801,-81.0702,-81.0524,-81.0235,-80.9789
401,-81.1092,-81.1027,-81.097,-81.1002,-81.0961,-81.0887,-81.0823,-81.0726,-81.0552,-81.0267,-80.9826
402,-81.1092,-81.1028,-81.0974,-81.1012,-81.0975,-81.0906,-81.0844,-81.075,-81.0579,-81.0298,-80.9864
403,-81.1092,-81.1029,-81.0978,-81.1021,-81.099,-81.0924,-81.0866,-81.0774,-81.0606,-81.0329,-80.99
404,-81.1092,-81.103,-81.0982,-81.103,-81.1004,-81.0942,-81.0887,-81.0797,-81.0632,-81.0359,-80.9936
405,-81.1092,-81.103,-81.0986,-81.1039,-81.1018,-81.096,-81.0907,-81.0821,-81.0659,-81.039,-80.9972
406,-81.1091,-81.1031,-81.099,-81.1047,-81.1031,-81.0978,-81.0928,-81.0844,-81.0685,-81.0419,-81.0007
407,-81.1091,-81.1032,-81.0993,-81.1056,-81.1045,-81.0996,-81.0948,-81.0867,-81.071,-81.0449,-81.0042
408,-81.1091,-81.1033,-81.0997,-81.1065,-81.1059,-81.1013,-81.0968,-81.0889,-81.0736,-81.0478,-81.0077
409,-81.1091,-81.1034,-81.1001,-81.1073,-81.1072,-81.103,-81.0988,-81.0912,-81.0761,-81.0507,-81.0111
410,-81.1091,-81.1034,-81.1005,-81.1082,-81.1085,-81.1047,-81.1008,-81.0934,-81.0786,-81.0536,-81.0145
411,-81.1091,-81.1035,-81.1008,-81.109,-81.1098,-81.1064,-81.1028,-81.0956,-81.081,-81.0564,-81.0178
412,-81.1091,-81.1036,-81.1012,-81.1099,-81.1111,-81.1081,-81.1047,-81.0977,-81.0835,-81.0592,-81.0211
413,-81.109,-81.1037,-81.1015,-81.1107,-81.1124,-81.1097,-81.1066,-81.0999,-81.0859,-81.0619,-81.0244
414,-81.109,-81.1038,-81.1019,-81.1115,-81.1137,-81.1114,-81.1085,-81.102,-81.0883,-81.0647,-81.0276
415,-81.109,-81.1038,-81.1023,-81.1123,-81.115,-81.113,-81.1104,-81.1041,-81.0906,-81.0674,-81.0308
416,-81.109,-81.1039,-81.1026,-81.1132,-81.1162,-81.1146,-81.1123,-81.1062,-81.093,-81.0701,-81.034
417,-81.109,-81.104,-81.103,-81.114,-81.1174,-81.1162,-81.1141,-81.1083,-81.0953,-81.0727,-81.0371
418,-81.109,-81.1041,-81.1033,-81.1147,-81.1187,-81.1178,-81.1159,-81.1103,-81.0976,-81.0753,-81.0402
419,-81.109,-81.1041,-81.1037,-81.1155,-81.1199,-81.1193,-81.1177,-81.1123,-81.0999,-81.0779,-81.0432
420,-81.1089,-81.1042,-81.104,-81.1163,-81.1211,-81.1209,-81.1195,-81.1143,-81.1021,-81.0805,-81.0463
421,-81.1089,-81.1043,-81.1043,-81.1171,-81.1223,-81.1224,-81.1213,-81.1163,-81.1043,-81.083,-81.0493
422,-81.1089,-81.1044,-81.1047,-81.1178,-81.1235,-81.1239,-81.123,-81.1182,-81.1065,-81.0856,-81.0522
423,-81.1089,-81.1044,-81.105,-81.1186,-81.1246,-81.1254,-81.1248,-81.1202,-81.1087,-81.088,-81.0551
424,-81.1089,-81.1045,-81.1053,-81.1194,-81.1258,-81.1269,-81.1265,-81.1221,-81.1108,-81.0905,-81.058
425,-81.1089,-81.1046,-81.1057,-81.1201,-81.127,-81.1283,-81.1282,-81.124,-81.113,-81.0929,-81.0609
426,-81.1089,-81.1047,-81.106,-81.1208,-81.1281,-81.1298,-81.1299,-81.1259,-81.1151,-81.0954,-81.0637
427,-81.1088,-81.1047,-81.1063,-81.1216,-81.1292,-81.1312,-81.1315,-81.1278,-81.1172,-81.0977,-81.0665
428,-81.1088,-81.1048,-81.1066,-81.1223,-81.1303,-81.1327,-81.1332,-81.1296,-81.1192,-81.1001,-81.0693
429,-81.1088,-81.1049,-81.107,-81.123,-81.1314,-81.1341,-81.1348,-81.1314,-81.1213,-81.1024,-81.072
430,-81.1088,-81.1049,-81.1073,-81.1237,-81.1325,-81.1355,-81.1364,-81.1332,-81.1233,-81.1047,-81.0747
431,-81.1088,-81.105,-81.1076,-81.1244,-81.1336,-81.1369,-81.138,-81.135,-81.1253,-81.107,-81.0774
432,-81.1088,-81.1051,-81.1079,-81.1251,-81.1347,-81.1383,-81.1396,-81.1368,-81.1273,-81.1093,-81.0801
433,-81.1088,-81.1051,-81.1082,-81.1258,-81.1358,-81.1396,-81.1412,-81.1386,-81.1293,-81.1115,-81.0827
434,-81.1087,-81.1052,-81.1085,-81.1265,-81.1368,-81.141,-81.1427,-81.1403,-81.1312,-81.1138,-81.0853
435,-81.1087,-81.1053,-81.1088,-81.1272,-81.1379,-81.1423,-81.1443,-81.142,-81.1332,-81.116,-81.0879
436,-81.1087,-81.1053,-81.1091,-81.1279,-81.1389,-81.1436,-81.1458,-81.1437,-81.1351,-81.1181,-81.0904
437,-81.1087,-81.1054,-81.1094,-81.1286,-81.1399,-81.1449,-81.1473,-81.1454,-81.137,-81.1203,-81.0929
438,-81.1087,-81.1055,-81.1097,-81.1292,-81.141,-81.1462,-81.1488,-81.1471,-81.1388,-81.1224,-81.0954
439,-81.1087,-81.1055,-81.11,-81.1299,-81.142,-81.1475,-81.1503,-81.1487,-81.1407,-81.1245,-81.0979
440,-81.1087,-81.1056,-81.1103,-81.1306,-81.143,-81.1488,-81.1518,-81.1504,-81.1425,-81.1266,-81.1003
441,-81.1086,-81.1057,-81.1106,-81.1312,-81.144,-81.1501,-81.1532,-81.152,-81.1443,-81.1287,-81.1028
442,-81.1086,-81.1057,-81.1109,-81.1318,-81.145,-81.1513,-81.1547,-81.1536,-81.1462,-81.1308,-81.1051
443,-81.1086,-81.1058,-81.1112,-81.1325,-81.1459,-81.1525,-81.1561,-81.1552,-81.1479,-81.1328,-81.1075
444,-81.1086,-81.1058,-81.1114,-81.1331,-81.1469,-81.1538,-81.1575,-81.1568,-81.1497,-81.1348,-81.1099
445,-81.1086,-81.1059,-81.1117,-81.1337,-81.1479,-81.155,-81.1589,-81.1584,-81.1515,-81.1368,-81.1122
446,-81.1086,-81.106,-81.112,-81.1344,-81.1488,-81.1562,-81.1603,-81.1599,-81.1532,-81.1388,-81.1145
447,-81.1086,-81.106,-81.1123,-81.135,-81.1497,-81.1574,-81.1617,-81.1615,-81.1549,-81.1407,-81.1168
448,-81.1085,-81.1061,-81.1126,-81.1356,-81.1507,-81.1586,-81.1631,-81.163,-81.1566,-81.1426,-81.119
449,-81.1085,-81.1062,-81.1128,-81.1362,-81.1516,-81.1597,-81.1644,-81.1645,-81.1583,-81.1446,-81.1212
450,-81.1085,-81.1062,-81.1131,-81.1368,-81.1525,-81.1609,-81.1658,-81.166,-81.16,-81.1465,-81.1234
451,-81.1085,-81.1063,-81.1134,-81.1374,-81.1534,-81.1621,-81.1671,-81.1675,-81.1616,-81.1483,-81.1256
452,-81.1085,-81.1063,-81.1136,-81.138,-81.1543,-81.1632,-81.1684,-81.1689,-81.1633,-81.1502,-81.1278
453,-81.1085,-81.1064,-81.1139,-81.1386,-81.1552,-81.1643,-81.1697,-81.1704,-81.1649,-81.152,-81.1299
454,-81.1085,-81.1064,-81.1142,-81.1392,-81.1561,-81.1655,-81.171,-81.1718,-81.1665,-81.1539,-81.132
455,-81.1085,-81.1065,-81.1144,-81.1398,-81.157,-81.1666,-81.1723,-81.1732,-81.1681,-81.1557,-81.1341
456,-81.1084,-81.1066,-81.1147,-81.1403,-81.1579,-81.1677,-81.1735,-81.1747,-81.1697,-81.1575,-81.1362
457,-81.1084,-81.1066,-81.1149,-81.1409,-81.1587,-81.1688,-81.1748,-81.1761,-81.1712,-81.1592,-81.1383
458,-81.1084,-81.1067,-81.1152,-81.1415,-81.1596,-81.1698,-81.176,-81.1774,-81.1728,-81.161,-81.1403
459,-81.1084,-81.1067,-81.1154,-81.142,-81.1604,-81.1709,-81.1773,-81.1788,-81.1743,-81.1627,-81.1423
460,-81.1084,-81.1068,-81.1157,-81.1426,-81.1613,-81.172,-81.1785,-81.1802,-81.1758,-81.1644,-81.1443
461,-81.1084,-81.1068,-81.1159,-81.1431,-81.1621,-81.173,-81.1797,-81.1815,-81.1773,-81.1662,-81.1463
462,-81.1084,-81.1069,-81.1162,-81.1437,-81.1629,-81.1741,-81.1809,-81.1829,-81.1788,-81.1678,-81.1483
463,-81.1083,-81.1069,-81.1164,-81.1442,-81.1637,-81.1751,-81.1821,-81.1842,-81.1803,-81.1695,-81.1502
464,-81.1083,-81.107,-81.1167,-81.1447,-81.1645,-81.1761,-81.1833,-81.1855,-81.1818,-81.1712,-81.1522
465,-81.1083,-81.107,-81.1169,-81.1453,-81.1654,-81.1772,-81.1845,-81.1868,-81.1832,-81.1728,-81.1541
466,-81.1083,-81.1071,-81.1171,-81.1458,-81.1661,-81.1782,-81.1856,-81.1881,-81.1847,-81.1745,-81.1559
467,-81.1083,-81.1072,-81.1174,-81.1463,-81.1669,-81.1792,-81.1868,-81.1894,-81.1861,-81.1761,-81.1578
468,-81.1083,-81.1072,-81.1176,-81.1469,-81.1677,-81.1802,-81.1879,-81.1906,-81.1875,-81.1777,-81.1597
469,-81.1083,-81.1073,-81.1179,-81.1474,-81.1685,-81.1811,-81.189,-81.1919,-81.1889,-81.1793,-81.1615
470,-81.1083,-81.1073,-81.1181,-81.1479,-81.1693,-81.1821,-81.1901,-81.1932,-81.1903,-81.1808,-81.1633
471,-81.1082,-81.1074,-81.1183,-81.1484,-81.17,-81.1831,-81.1913,-81.1944,-81.1917,-81.1824,-81.1651
472,-81.1082,-81.1074,-81.1185,-81.1489,-81.1708,-81.184,-81.1924,-81.1956,-81.193,-81.1839,-81.1669
473,-81.1082,-81.1075,-81.1188,-81.1494,-81.1715,-81.185,-81.1934,-81.1968,-81.1944,-81.1855,-81.1687
474,-81.1082,-81.1075,-81.119,-81.1499,-81.1723,-81.1859,-81.1945,-81.198,-81.1957,-81.187,-81.1704
475,-81.1082,-81.1076,-81.1192,-81.1504,-81.173,-81.1869,-81.1956,-81.1992,-81.197,-81.1885,-81.1722
476,-81.1082,-81.1076,-81.1194,-81.1509,-81.1738,-81.1878,-81.1967,-81.2004,-81.1984,-81.19,-81.1739
477,-81.1082,-81.1077,-81.1197,-81.1514,-81.1745,-81.1887,-81.1977,-81.2016,-81.1997,-81.1914,-81.1756
478,-81.1082,-81.1077,-81.1199,-81.1518,-81.1752,-81.1896,-81.1988,-81.2027,-81.201,-81.1929,-81.1773
479,-81.1081,-81.1077,-81.1201,-81.1523,-81.1759,-81.1905,-81.1998,-81.2039,-81.2022,-81.1943,-81.1789
480,-81.1081,-81.1078,-81.1203,-81.1528,-81.1766,-81.1914,-81.2008,-81.205,-81.2035,-81.1958,-81.1806
481,-81.1081,-81.1078,-81.1205,-81.1532,-81.1773,-81.1923,-81.2018,-81.2062,-81.2048,-81.1972,-81.1822
482,-81.1081,-81.1079,-81.1207,-81.1537,-81.178,-81.1932,-81.2028,-81.2073,-81.206,-81.1986,-81.1839
483,-81.1081,-81.1079,-81.1209,-81.1542,-81.1787,-81.194,-81.2038,-81.2084,-81.2073,-81.2,-81.1855
484,-81.1081,-81.108,-81.1212,-81.1546,-81.1794,-81.1949,-81.2048,-81.2095,-81.2085,-81.2014,-81.1871
485,-81.1081,-81.108,-81.1214,-81.1551,-81.1801,-81.1958,-81.2058,-81.2106,-81.2097,-81.2028,-81.1886
486,-81.1081,-81.1081,-81.1216,-81.1555,-81.1808,-81.1966,-81.2068,-81.2117,-81.2109,-81.2041,-81.1902
487,-81.108,-81.1081,-81.1218,-81.156,-81.1814,-81.1974,-81.2078,-81.2127,-81.2121,-81.2055,-81.1918
488,-81.108,-81.1082,-81.122,-81.1564,-81.1821,-81.1983,-81.2087,-81.2138,-81.2133,-81.2068,-81.1933
489,-81.108,-81.1082,-81.1222,-81.1569,-81.1828,-81.1991,-81.2097,-81.2149,-81.2145,-81.2081,-81.1948
490,-81.108,-81.1082,-81.1224,-81.1573,-81.1834,-81.1999,-81.2106,-81.2159,-81.2156,-81.2094,-81.1963
491,-81.108,-81.1083,-81.1226,-81.1577,-81.1841,-81.2007,-81.2115,-81.2169,-81.2168,-81.2107,-81.1978
492,-81.108,-81.1083,-81.1228,-81.1582,-81.1847,-81.2016,-81.2125,-81.218,-81.2179,-81.212,-81.1993
493,-81.108,-81.1084,-81.123,-81.1586,-81.1853,-81.2024,-81.2134,-81.219,-81.2191,-81.2133,-81.2008
494,-81.108,-81.1084,-81.1232,-81.159,-81.186,-81.2031,-81.2143,-81.22,-81.2202,-81.2146,-81.2023
495,-81.1079,-81.1085,-81.1234,-81.1594,-81.1866,-81.2039,-81.2152,-81.221,-81.2213,-81.2158,-81.2037
496,-81.1079,-81.1085,-81.1235,-81.1599,-81.1872,-81.2047,-81.2161,-81.222,-81.2224,-81.2171,-81.2051
497,-81.1079,-81.1085,-81.1237,-81.1603,-81.1878,-81.2055,-81.217,-81.223,-81.2235,-81.2183,-81.2066
498,-81.1079,-81.1086,-81.1239,-81.1607,-81.1885,-81.2063,-81.2179,-81.224,-81.2246,-81.2195,-81.208
499,-81.1079,-81.1086,-81.1241,-81.1611,-81.1891,-81.207,-81.2187,-81.225,-81.2257,-81.2208,-81.2094
500,-81.1079,-81.1087,-81.1243,-81.1615,-81.1897,-81.2078,-81.2196,-81.2259,-81.2267,-81.222,-81.2107
501,-81.1079,-81.1087,-81.1245,-81.1619,-81.1903,-81.2085,-81.2205,-81.2269,-81.2278,-81.2232,-81.2121
502,-81.1079,-81.1088,-81.1247,-81.1623,-81.1909,-81.2093,-81.2213,-81.2278,-81.2289,-81.2243,-81.2135
503,-81.1079,-81.1088,-81.1249,-81.1627,-81.1914,-81.21,-81.2222,-81.2288,-81.2299,-81.2255,-81.2148
504,-81.1078,-81.1088,-81.125,-81.1631,-81.192,-81.2107,-81.223,-81.2297,-81.2309,-81.2267,-81.2162
505,-81.1078,-81.1089,-81.1252,-81.1635,-81.1926,-81.2115,-81.2238,-81.2306,-81.232,-81.2278,-81.2175
506,-81.1078,-81.1089,-81.1254,-81.1639,-81.1932,-81.2122,-81.2247,-81.2315,-81.233,-81.229,-81.2188
507,-81.1078,-81.1089,-81.1256,-81.1642,-81.1938,-81.2129,-81.2255,-81.2324,-81.234,-81.2301,-81.2201
508,-81.1078,-81.109,-81.1257,-81.1646,-81.1943,-81.2136,-81.2263,-81.2333,-81.235,-81.2312,-81.2214
509,-81.1078,-81.109,-81.1259,-81.165,-81.1949,-81.2143,-81.2271,-81.2342,-81.236,-81.2324,-81.2227
510,-81.1078,-81.1091,-81.1261,-81.1654,-81.1954,-81.215,-81.2279,-81.2351,-81.237,-81.2335,-81.2239
511,-81.1078,-81.1091,-81.1263,-81.1657,-81.196,-81.2157,-81.2287,-81.236,-81.238,-81.2346,-81.2252
512,-81.1078,-81.1091,-81.1264,-81.1661,-81.1965,-81.2164,-81.2295,-81.2369,-81.2389,-81.2357,-81.2264
513,-81.1077,-81.1092,-81.1266,-81.1665,-81.1971,-81.2171,-81.2303,-81.2377,-81.2399,-81.2367,-81.2277
514,-81.1077,-81.1092,-81.1268,-81.1668,-81.1976,-81.2178,-81.231,-81.2386,-81.2408,-81.2378,-81.2289
515,-81.1077,-81.1092,-81.1269,-81.1672,-81.1982,-81.2184,-81.2318,-81.2395,-81.2418,-81.2389,-81.2301
516,-81.1077,-81.1093,-81.1271,-81.1676,-81.1987,-81.2191,-81.2326,-81.2403,-81.2427,-81.2399,-81.2313
517,-81.1077,-81.1093,-81.1273,-81.1679,-81.1992,-81.2197,-81.2333,-81.2411,-81.2437,-81.241,-81.2325
518,-81.1077,-81.1094,-81.1274,-81.1683,-81.1997,-81.2204,-81.2341,-81.242,-81.2446,-81.242,-81.2337
519,-81.1077,-81.1094,-81.1276,-81.1686,-81.2003,-81.2211,-81.2348,-81.2428,-81.2455,-81.243,-81.2349
520,-81.1077,-81.1094,-81.1278,-81.169,-81.2008,-81.2217,-81.2355,-81.2436,-81.2464,-81.2441,-81.2361
521,-81.1077,-81.1095,-81.1279,-81.1693,-81.2013,-81.2223,-81.2363,-81.2444,-81.2473,-81.2451,-81.2372
522,-81.1076,-81.1095,-81.1281,-81.1696,-81.2018,-81.223,-81.237,-81.2452,-81.2482,-81.2461,-81.2384
523,-81.1076,-81.1095,-81.1282,-81.17,-81.2023,-81.2236,-81.2377,-81.246,-81.2491,-81.2471,-81.2395
524,-81.1076,-81.1096,-81.1284,-81.1703,-81.2028,-81.2242,-81.2384,-81.2468,-81.25,-81.248,-81.2406
525,-81.1076,-81.1096,-81.1285,-81.1707,-81.2033,-81.2248,-81.2392,-81.2476,-81.2508,-81.249,-81.2417
526,-81.1076,-81.1096,-81.1287,-81.171,-81.2038,-81.2255,-81.2399,-81.2484,-81.2517,-81.25,-81.2428
527,-81.1076,-81.1097,-81.1288,-81.1713,-81.2043,-81.2261,-81.2406,-81.2492,-81.2526,-81.251,-81.2439
528,-81.1076,-81.1097,-81.129,-81.1716,-81.2048,-81.2267,-81.2412,-81.2499,-81.2534,-81.2519,-81.245
529,-81.1076,-81.1097,-81.1292,-81.172,-81.2052,-81.2273,-81.2419,-81.2507,-81.2543,-81.2529,-81.2461
530,-81.1076,-81.1098,-81.1293,-81.1723,-81.2057,-81.2279,-81.2426,-81.2515,-81.2551,-81.2538,-81.2472
531,-81.1075,-81.1098,-81.1295,-81.1726,-81.2062,-81.2285,-81.2433,-81.2522,-81.2559,-81.2547,-81.2483
532,-81.1075,-81.1098,-81.1296,-81.1729,-81.2067,-81.229,-81.244,-81.253,-81.2568,-81.2557,-81.2493
533,-81.1075,-81.1099,-81.1297,-81.1733,-81.2071,-81.2296,-81.2446,-81.2537,-81.2576,-81.2566,-81.2504
534,-81.1075,-81.1099,-81.1299,-81.1736,-81.2076,-81.2302,-81.2453,-81.2544,-81.2584,-81.2575,-81.2514
535,-81.1075,-81.1099,-81.13,-81.1739,-81.208,-81.2308,-81.2459,-81.2552,-81.2592,-81.2584,-81.2524
536,-81.1075,-81.11,-81.1302,-81.1742,-81.2085,-81.2314,-81.2466,-81.2559,-81.26,-81.2593,-81.2535
537,-81.1075,-81.11,-81.1303,-81.1745,-81.209,-81.2319,-81.2472,-81.2566,-81.2608,-81.2602,-81.2545
538,-81.1075,-81.11,-81.1305,-81.1748,-81.2094,-81.2325,-81.2479,-81.2573,-81.2616,-81.2611,-81.2555
539,-81.1075,-81.1101,-81.1306,-81.1751,-81.2098,-81.233,-81.2485,-81.258,-81.2624,-81.2619,-81.2565
540,-81.1075,-81.1101,-81.1307,-81.1754,-81.2103,-81.2336,-81.2492,-81.2587,-81.2631,-81.2628,-81.2575
541,-81.1074,-81.1101,-81.1309,-81.1757,-81.2107,-81.2341,-81.2498,-81.2594,-81.2639,-81.2637,-81.2584
542,-81.1074,-81.1101,-81.131,-81.176,-81.2112,-81.2347,-81.2504,-81.2601,-81.2647,-81.2645,-81.2594
543,-81.1074,-81.1102,-81.1312,-81.1763,-81.2116,-81.2352,-81.251,-81.2608,-81.2654,-81.2654,-81.2604
544,-81.1074,-81.1102,-81.1313,-81.1766,-81.212,-81.2358,-81.2516,-81.2615,-81.2662,-81.2662,-81.2613
545,-81.1074,-81.1102,-81.1314,-81.1769,-81.2125,-81.2363,-81.2522,-81.2621,-81.2669,-81.2671,-81.2623
546,-81.1074,-81.1103,-81.1316,-81.1772,-81.2129,-81.2368,-81.2528,-81.2628,-81.2677,-81.2679,-81.2632
547,-81.1074,-81.1103,-81.1317,-81.1774,-81.2133,-81.2373,-81.2534,-81.2635,-81.2684,-81.2687,-81.2642
548,-81.1074,-81.1103,-81.1318,-81.1777,-81.2137,-81.2379,-81.254,-81.2641,-81.2691,-81.2695,-81.2651
549,-81.1074,-81.1103,-81.132,-81.178,-81.2141,-81.2384,-81.2546,-81.2648,-81.2699,-81.2703,-81.266
550,-81.1074,-81.1104,-81.1321,-81.1783,-81.2145,-81.2389,-81.2552,-81.2654,-81.2706,-81.2711,-81.2669
551,-81.1073,-81.1104,-81.1322,-81.1786,-81.2149,-81.2394,-81.2558,-81.2661,-81.2713,-81.2719,-81.2678
552,-81.1073,-81.1104,-81.1324,-81.1788,-81.2154,-81.2399,-81.2564,-81.2667,-81.272,-81.2727,-81.2687
553,-81.1073,-81.1105,-81.1325,-81.1791,-81.2158,-81.2404,-81.2569,-81.2674,-81.2727,-81.2735,-81.2696
554,-81.1073,-81.1105,-81.1326,-81.1794,-81.2162,-81.2409,-81.2575,-81.268,-81.2734,-81.2743,-81.2705
555,-81.1073,-81.1105,-81.1327,-81.1796,-81.2165,-81.2414,-81.2581,-81.2686,-81.2741,-81.2751,-81.2714
556,-81.1073,-81.1105,-81.1329,-81.1799,-81.2169,-81.2419,-81.2586,-81.2692,-81.2748,-81.2758,-81.2723
557,-81.1073,-81.1106,-81.133,-81.1802,-81.2173,-81.2424,-81.2592,-81.2698,-81.2755,-81.2766,-81.2731
558,-81.1073,-81.1106,-81.1331,-81.1804,-81.2177,-81.2429,-81.2597,-81.2705,-81.2761,-81.2773,-81.274
559,-81.1073,-81.1106,-81.1332,-81.1807,-81.2181,-81.2433,-81.2603,-81.2711,-81.2768,-81.2781,-81.2749
560,-81.1073,-81.1107,-81.1334,-81.181,-81.2185,-81.2438,-81.2608,-81.2717,-81.2775,-81.2788,-81.2757
561,-81.1072,-81.1107,-81.1335,-81.1812,-81.2189,-81.2443,-81.2614,-81.2723,-81.2781,-81.2796,-81.2765
562,-81.1072,-81.1107,-81.1336,-81.1815,-81.2192,-81.2447,-81.2619,-81.2729,-81.2788,-81.2803,-81.2774
563,-81.1072,-81.1107,-81.1337,-81.1817,-81.2196,-81.2452,-81.2624,-81.2734,-81.2794,-81.281,-81.2782
564,-81.1072,-81.1108,-81.1338,-81.182,-81.22,-81.2457,-81.263,-81.274,-81.2801,-81.2818,-81.279
565,-81.1072,-81.1108,-81.1339,-81.1822,-81.2204,-81.2461,-81.2635,-81.2746,-81.2807,-81.2825,-81.2798
566,-81.1072,-81.1108,-81.1341,-81.1825,-81.2207,-81.2466,-81.264,-81.2752,-81.2814,-81.2832,-81.2806
567,-81.1072,-81.1108,-81.1342,-81.1827,-81.2211,-81.247,-81.2645,-81.2758,-81.282,-81.2839,-81.2814
568,-81.1072,-81.1109,-81.1343,-81.183,-81.2214,-81.2475,-81.265,-81.2763,-81.2826,-81.2846,-81.2822
569,-81.1072,-81.1109,-81.1344,-81.1832,-81.2218,-81.2479,-81.2656,-81.2769,-81.2832,-81.2853,-81.283
570,-81.1072,-81.1109,-81.1345,-81.1835,-81.2222,-81.2484,-81.2661,-81.2775,-81.2839,-81.286,-81.2838
571,-81.1072,-81.1109,-81.1346,-81.1837,-81.2225,-81.2488,-81.2666,-81.278,-81.2845,-81.2867,-81.2846
572,-81.1071,-81.111,-81.1348,-81.1839,-81.2229,-81.2493,-81.2671,-81.2786,-81.2851,-81.2874,-81.2854
573,-81.1071,-81.111,-81.1349,-81.1842,-81.2232,-81.2497,-81.2676,-81.2791,-81.2857,-81.288,-81.2861
574,-81.1071,-81.111,-81.135,-81.1844,-81.2236,-81.2501,-81.268,-81.2797,-81.2863,-81.2887,-81.2869
575,-81.1071,-81.111,-81.1351,-81.1846,-81.2239,-81.2505,-81.2685,-81.2802,-81.2869,-81.2894,-81.2876
576,-81.1071,-81.1111,-81.1352,-81.1849,-81.2242,-81.251,-81.269,-81.2807,-81.2875,-81.29,-81.2884
577,-81.1071,-81.1111,-81.1353,-81.1851,-81.2246,-81.2514,-81.2695,-81.2813,-81.2881,-81.2907,-81.2891
578,-81.1071,-81.1111,-81.1354,-81.1853,-81.2249,-81.2518,-81.27,-81.2818,-81.2887,-81.2913,-81.2899
579,-81.1071,-81.1111,-81.1355,-81.1856,-81.2252,-81.2522,-81.2705,-81.2823,-81.2892,-81.292,-81.2906
580,-81.1071,-81.1111,-81.1356,-81.1858,-81.2256,-81.2526,-81.2709,-81.2828,-81.2898,-81.2926,-81.2913
581,-81.1071,-81.1112,-81.1357,-81.186,-81.2259,-81.253,-81.2714,-81.2834,-81.2904,-81.2933,-81.292
582,-81.1071,-81.1112,-81.1358,-81.1862,-81.2262,-81.2534,-81.2719,-81.2839,-81.291,-81.2939,-81.2928
583,-81.107,-81.1112,-81.1359,-81.1865,-81.2266,-81.2539,-81.2723,-81.2844,-81.2915,-81.2945,-81.2935
584,-81.107,-81.1112,-81.136,-81.1867,-81.2269,-81.2543,-81.2728,-81.2849,-81.2921,-81.2951,-81.2942
585,-81.107,-81.1113,-81.1361,-81.1869,-81.2272,-81.2546,-81.2732,-81.2854,-81.2926,-81.2958,-81.2949
586,-81.107,-81.1113,-81.1362,-81.1871,-81.2275,-81.255,-81.2737,-81.2859,-81.2932,-81.2964,-81.2956
587,-81.107,-81.1113,-81.1364,-81.1873,-81.2278,-81.2554,-81.2741,-81.2864,-81.2937,-81.297,-81.2963
588,-81.107,-81.1113,-81.1365,-81.1875,-81.2281,-81.2558,-81.2746,-81.2869,-81.2943,-81.2976,-81.2969
589,-81.107,-81.1114,-81.1366,-81.1878,-81.2285,-81.2562,-81.275,-81.2874,-81.2948,-81.2982,-81.2976
590,-81.107,-81.1114,-81.1367,-81.188,-81.2288,-81.2566,-81.2754,-81.2878,-81.2953,-81.2988,-81.2983
591,-81.107,-81.1114,-81.1368,-81.1882,-81.2291,-81.257,-81.2759,-81.2883,-81.2959,-81.2994,-81.299
592,-81.107,-81.1114,-81.1368,-81.1884,-81.2294,-81.2574,-81.2763,-81.2888,-81.2964,-81.3,-81.2996
593,-81.107,-81.1114,-81.1369,-81.1886,-81.2297,-81.2577,-81.2767,-81.2893,-81.2969,-81.3006,-81.3003
594,-81.107,-81.1115,-81.137,-81.1888,-81.23,-81.2581,-81.2772,-81.2898,-81.2975,-81.3011,-81.301
595,-81.1069,-81.1115,-81.1371,-81.189,-81.2303,-81.2585,-81.2776,-81.2902,-81.298,-81.3017,-81.3016
596,-81.1069,-81.1115,-81.1372,-81.1892,-81.2306,-81.2588,-81.278,-81.2907,-81.2985,-81.3023,-81.3023
597,-81.1069,-81.1115,-81.1373,-81.1894,-81.2309,-81.2592,-81.2784,-81.2911,-81.299,-81.3028,-81.3029
598,-81.1069,-81.1115,-81.1374,-81.1896,-81.2312,-81.2596,-81.2788,-81.2916,-81.2995,-81.3034,-81.3035
599,-81.1069,-81.1116,-81.1375,-81.1898,-81.2314,-81.2599,-81.2793,-81.2921,-81.3,-81.304,-81.3042
600,-81.1069,-81.1116,-81.1376,-81.19,-81.2317,-81.2603,-81.2797,-81.2925,-81.3005,-81.3045,-81.3048
601,-81.1069,-81.1116,-81.1377,-81.1902,-81.232,-81.2606,-81.2801,-81.293,-81.301,-81.3051,-81.3054
602,-81.1069,-81.1116,-81.1378,-81.1904,-81.2323,-81.261,-81.2805,-81.2934,-81.3015,-81.3056,-81.306
603,-81.1069,-81.1116,-81.1379,-81.1906,-81.2326,-81.2613,-81.2809,-81.2939,-81.302,-81.3062,-81.3066
604,-81.1069,-81.1117,-81.138,-81.1908,-81.2329,-81.2617,-81.2813,-81.2943,-81.3025,-81.3067,-81.3073
605,-81.1069,-81.1117,-81.1381,-81.191,-81.2331,-81.262,-81.2817,-81.2947,-81.3029,-81.3072,-81.3079
606,-81.1069,-81.1117,-81.1382,-81.1912,-81.2334,-81.2624,-81.2821,-81.2952,-81.3034,-81.3078,-81.3085
607,-81.1068,-81.1117,-81.1383,-81.1913,-81.2337,-81.2627,-81.2824,-81.2956,-81.3039,-81.3083,-81.3091
608,-81.1068,-81.1117,-81.1383,-81.1915,-81.234,-81.2631,-81.2828,-81.296,-81.3044,-81.3088,-81.3097
609,-81.1068,-81.1118,-81.1384,-81.1917,-81.2342,-81.2634,-81.2832,-81.2964,-81.3048,-81.3094,-81.3102
610,-81.1068,-81.1118,-81.1385,-81.1919,-81.2345,-81.2637,-81.2836,-81.2969,-81.3053,-81.3099,-81.3108
611,-81.1068,-81.1118,-81.1386,-81.1921,-81.2348,-81.2641,-81.284,-81.2973,-81.3058,-81.3104,-81.3114
612,-81.1068,-81.1118,-81.1387,-81.1923,-81.235,-81.2644,-81.2844,-81.2977,-81.3062,-81.3109,-81.312
613,-81.1068,-81.1118,-81.1388,-81.1924,-81.2353,-81.2647,-81.2847,-81.2981,-81.3067,-81.3114,-81.3126
614,-81.1068,-81.1119,-81.1389,-81.1926,-81.2356,-81.265,-81.2851,-81.2985,-81.3071,-81.3119,-81.3131
615,-81.1068,-81.1119,-81.1389,-81.1928,-81.2358,-81.2654,-81.2855,-81.2989,-81.3076,-81.3124,-81.3137
616,-81.1068,-81.1119,-81.139,-81.193,-81.2361,-81.2657,-81.2858,-81.2993,-81.308,-81.3129,-81.3142
617,-81.1068,-81.1119,-81.1391,-81.1932,-81.2363,-81.266,-81.2862,-81.2997,-81.3085,-81.3134,-81.3148
618,-81.1068,-81.1119,-81.1392,-81.1933,-81.2366,-81.2663,-81.2866,-81.3001,-81.3089,-81.3139,-81.3154
619,-81.1067,-81.1119,-81.1393,-81.1935,-81.2368,-81.2666,-81.2869,-81.3005,-81.3094,-81.3144,-81.3159
620,-81.1067,-81.112,-81.1394,-81.1937,-81.2371,-81.267,-81.2873,-81.3009,-81.3098,-81.3149,-81.3164
621,-81.1067,-81.112,-81.1394,-81.1938,-81.2373,-81.2673,-81.2876,-81.3013,-81.3102,-81.3153,-81.317
622,-81.1067,-81.112,-81.1395,-81.194,-81.2376,-81.2676,-81.288,-81.3017,-81.3107,-81.3158,-81.3175
623,-81.1067,-81.112,-81.1396,-81.1942,-81.2378,-81.2679,-81.2883,-81.3021,-81.3111,-81.3163,-81.3181
624,-81.1067,-81.112,-81.1397,-81.1944,-81.2381,-81.2682,-81.2887,-81.3025,-81.3115,-81.3168,-81.3186
625,-81.1067,-81.112,-81.1398,-81.1945,-81.2383,-81.2685,-81.289,-81.3029,-81.3119,-81.3172,-81.3191
626,-81.1067,-81.1121,-81.1398,-81.1947,-81.2386,-81.2688,-81.2894,-81.3033,-81.3123,-81.3177,-81.3196
627,-81.1067,-81.1121,-81.1399,-81.1948,-81.2388,-81.2691,-81.2897,-81.3036,-81.3128,-81.3182,-81.3202
628,-81.1067,-81.1121,-81.14,-81.195,-81.2391,-81.2694,-81.29,-81.304,-81.3132,-81.3186,-81.3207
629,-81.1067,-81.1121,-81.1401,-81.1952,-81.2393,-81.2697,-81.2904,-81.3044,-81.3136,-81.3191,-81.3212
630,-81.1067,-81.1121,-81.1401,-81.1953,-81.2395,-81.27,-81.2907,-81.3047,-81.314,-81.3195,-81.3217
631,-81.1067,-81.1121,-81.1402,-81.1955,-81.2398,-81.2703,-81.291,-81.3051,-81.3144,-81.32,-81.3222
632,-81.1066,-81.1122,-81.1403,-81.1957,-81.24,-81.2705,-81.2914,-81.3055,-81.3148,-81.3204,-81.3227
633,-81.1066,-81.1122,-81.1404,-81.1958,-81.2402,-81.2708,-81.2917,-81.3058,-81.3152,-81.3209,-81.3232
634,-81.1066,-81.1122,-81.1405,-81.196,-81.2404,-81.2711,-81.292,-81.3062,-81.3156,-81.3213,-81.3237
635,-81.1066,-81.1122,-81.1405,-81.1961,-81.2407,-81.2714,-81.2923,-81.3065,-81.316,-81.3217,-81.3242
636,-81.1066,-81.1122,-81.1406,-81.1963,-81.2409,-81.2717,-81.2927,-81.3069,-81.3164,-81.3222,-81.3247
637,-81.1066,-81.1122,-81.1407,-81.1964,-81.2411,-81.272,-81.293,-81.3073,-81.3168,-81.3226,-81.3251
638,-81.1066,-81.1123,-81.1407,-81.1966,-81.2413,-81.2722,-81.2933,-81.3076,-81.3171,-81.323,-81.3256
639,-81.1066,-81.1123,-81.1408,-81.1967,-81.2416,-81.2725,-81.2936,-81.308,-81.3175,-81.3234,-81.3261
640,-81.1066,-81.1123,-81.1409,-81.1969,-81.2418,-81.2728,-81.2939,-81.3083,-81.3179,-81.3239,-81.3266
641,-81.1066,-81.1123,-81.141,-81.197,-81.242,-81.273,-81.2942,-81.3086,-81.3183,-81.3243,-81.327
642,-81.1066,-81.1123,-81.141,-81.1972,-81.2422,-81.2733,-81.2945,-81.309,-81.3187,-81.3247,-81.3275
643,-81.1066,-81.1123,-81.1411,-81.1973,-81.2424,-81.2736,-81.2948,-81.3093,-81.319,-81.3251,-81.328
644,-81.1066,-81.1124,-81.1412,-81.1975,-81.2427,-81.2739,-81.2952,-81.3097,-81.3194,-81.3255,-81.3284
645,-81.1066,-81.1124,-81.1412,-81.1976,-81.2429,-81.2741,-81.2955,-81.31,-81.3198,-81.3259,-81.3289
646,-81.1065,-81.1124,-81.1413,-81.1978,-81.2431,-81.2744,-81.2958,-81.3103,-81.3201,-81.3263,-81.3294
647,-81.1065,-81.1124,-81.1414,-81.1979,-81.2433,-81.2746,-81.2961,-81.3107,-81.3205,-81.3267,-81.3298
648,-81.1065,-81.1124,-81.1415,-81.1981,-81.2435,-81.2749,-81.2963,-81.311,-81.3209,-81.3271,-81.3303
649,-81.1065,-81.1124,-81.1415,-81.1982,-81.2437,-81.2752,-81.2966,-81.3113,-81.3212,-81.3275,-81.3307
650,-81.1065,-81.1124,-81.1416,-81.1983,-81.2439,-81.2754,-81.2969,-81.3116,-81.3216,-81.3279,-81.3311
651,-81.1065,-81.1125,-81.1417,-81.1985,-81.2441,-81.2757,-81.2972,-81.3119,-81.3219,-81.3283,-81.3316
652,-81.1065,-81.1125,-81.1417,-81.1986,-81.2443,-81.2759,-81.2975,-81.3123,-81.3223,-81.3287,-81.332
653,-81.1065,-81.1125,-81.1418,-81.1988,-81.2445,-81.2762,-81.2978,-81.3126,-81.3226,-81.3291,-81.3325
654,-81.1065,-81.1125,-81.1419,-81.1989,-81.2447,-81.2764,-81.2981,-81.3129,-81.323,-81.3295,-81.3329
655,-81.1065,-81.1125,-81.1419,-81.199,-81.2449,-81.2767,-81.2984,-81.3132,-81.3233,-81.3299,-81.3333
656,-81.1065,-81.1125,-81.142,-81.1992,-81.2451,-81.2769,-81.2986,-81.3135,-81.3237,-81.3303,-81.3337
657,-81.1065,-81.1125,-81.1421,-81.1993,-81.2453,-81.2772,-81.2989,-81.3138,-81.324,-81.3306,-81.3342
658,-81.1065,-81.1126,-81.1421,-81.1994,-81.2455,-81.2774,-81.2992,-81.3141,-81.3243,-81.331,-81.3346
659,-81.1065,-81.1126,-81.1422,-81.1996,-81.2457,-81.2776,-81.2995,-81.3144,-81.3247,-81.3314,-81.335
660,-81.1065,-81.1126,-81.1422,-81.1997,-81.2459,-81.2779,-81.2998,-81.3147,-81.325,-81.3317,-81.3354
661,-81.1064,-81.1126,-81.1423,-81.1998,-81.2461,-81.2781,-81.3,-81.315,-81.3253,-81.3321,-81.3358
662,-81.1064,-81.1126,-81.1424,-81.2,-81.2463,-81.2784,-81.3003,-81.3153,-81.3257,-81.3325,-81.3362
663,-81.1064,-81.1126,-81.1424,-81.2001,-81.2465,-81.2786,-81.3006,-81.3156,-81.326,-81.3328,-81.3366
664,-81.1064,-81.1126,-81.1425,-81.2002,-81.2467,-81.2788,-81.3008,-81.3159,-81.3263,-81.3332,-81.3371
665,-81.1064,-81.1126,-81.1426,-81.2004,-81.2469,-81.2791,-81.3011,-81.3162,-81.3266,-81.3336,-81.3375
666,-81.1064,-81.1127,-81.1426,-81.2005,-81.247,-81.2793,-81.3014,-81.3165,-81.327,-81.3339,-81.3379
667,-81.1064,-81.1127,-81.1427,-81.2006,-81.2472,-81.2795,-81.3016,-81.3168,-81.3273,-81.3343,-81.3382
668,-81.1064,-81.1127,-81.1427,-81.2007,-81.2474,-81.2797,-81.3019,-81.3171,-81.3276,-81.3346,-81.3386
669,-81.1064,-81.1127,-81.1428,-81.2009,-81.2476,-81.28,-81.3021,-81.3174,-81.3279,-81.335,-81.339
670,-81.1064,-81.1127,-81.1429,-81.201,-81.2478,-81.2802,-81.3024,-81.3177,-81.3282,-81.3353,-81.3394
671,-81.1064,-81.1127,-81.1429,-81.2011,-81.248,-81.2804,-81.3027,-81.318,-81.3285,-81.3357,-81.3398
672,-81.1064,-81.1127,-81.143,-81.2012,-81.2481,-81.2806,-81.3029,-81.3182,-81.3289,-81.336,-81.3402
673,-81.1064,-81.1128,-81.143,-81.2014,-81.2483,-81.2809,-81.3032,-81.3185,-81.3292,-81.3363,-81.3406
674,-81.1064,-81.1128,-81.1431,-81.2015,-81.2485,-81.2811,-81.3034,-81.3188,-81.3295,-81.3367,-81.3409
675,-81.1064,-81.1128,-81.1432,-81.2016,-81.2487,-81.2813,-81.3037,-81.3191,-81.3298,-81.337,-81.3413
676,-81.1063,-81.1128,-81.1432,-81.2017,-81.2488,-81.2815,-81.3039,-81.3193,-81.3301,-81.3373,-81.3417
677,-81.1063,-81.1128,-81.1433,-81.2018,-81.249,-81.2817,-81.3042,-81.3196,-81.3304,-81.3377,-81.3421
678,-81.1063,-81.1128,-81.1433,-81.202,-81.2492,-81.2819,-81.3044,-81.3199,-81.3307,-81.338,-81.3424
679,-81.1063,-81.1128,-81.1434,-81.2021,-81.2494,-81.2822,-81.3046,-81.3202,-81.331,-81.3383,-81.3428
680,-81.1063,-81.1128,-81.1434,-81.2022,-81.2495,-81.2824,-81.3049,-81.3204,-81.3313,-81.3387,-81.3432
681,-81.1063,-81.1129,-81.1435,-81.2023,-81.2497,-81.2826,-81.3051,-81.3207,-81.3315,-81.339,-81.3435
682,-81.1063,-81.1129,-81.1436,-81.2024,-81.2499,-81.2828,-81.3054,-81.3209,-81.3318,-81.3393,-81.3439
683,-81.1063,-81.1129,-81.1436,-81.2025,-81.25,-81.283,-81.3056,-81.3212,-81.3321,-81.3396,-81.3442
684,-81.1063,-81.1129,-81.1437,-81.2027,-81.2502,-81.2832,-81.3058,-81.3215,-81.3324,-81.3399,-81.3446
685,-81.1063,-81.1129,-81.1437,-81.2028,-81.2504,-81.2834,-81.3061,-81.3217,-81.3327,-81.3403,-81.3449
686,-81.1063,-81.1129,-81.1438,-81.2029,-81.2505,-81.2836,-81.3063,-81.322,-81.333,-81.3406,-81.3453
687,-81.1063,-81.1129,-81.1438,-81.203,-81.2507,-81.2838,-81.3065,-81.3222,-81.3333,-81.3409,-81.3456
688,-81.1063,-81.1129,-81.1439,-81.2031,-81.2508,-81.284,-81.3068,-81.3225,-81.3335,-81.3412,-81.346
689,-81.1063,-81.1129,-81.1439,-81.2032,-81.251,-81.2842,-81.307,-81.3227,-81.3338,-81.3415,-81.3463
690,-81.1063,-81.113,-81.144,-81.2033,-81.2512,-81.2844,-81.3072,-81.323,-81.3341,-81.3418,-81.3467
691,-81.1063,-81.113,-81.144,-81.2034,-81.2513,-81.2846,-81.3074,-81.3232,-81.3344,-81.3421,-81.347
692,-81.1063,-81.113,-81.1441,-81.2036,-81.2515,-81.2848,-81.3077,-81.3235,-81.3346,-81.3424,-81.3474
693,-81.1062,-81.113,-81.1441,-81.2037,-81.2516,-81.285,-81.3079,-81.3237,-81.3349,-81.3427,-81.3477
694,-81.1062,-81.113,-81.1442,-81.2038,-81.2518,-81.2852,-81.3081,-81.324,-81.3352,-81.343,-81.348
695,-81.1062,-81.113,-81.1442,-81.2039,-81.252,-81.2854,-81.3083,-81.3242,-81.3354,-81.3433,-81.3483
696,-81.1062,-81.113,-81.1443,-81.204,-81.2521,-81.2856,-81.3085,-81.3245,-81.3357,-81.3436,-81.3487
697,-81.1062,-81.113,-81.1443,-81.2041,-81.2523,-81.2858,-81.3088,-81.3247,-81.336,-81.3439,-81.349
698,-81.1062,-81.113,-81.1444,-81.2042,-81.2524,-81.286,-81.309,-81.3249,-81.3362,-81.3442,-81.3493
699,-81.1062,-81.1131,-81.1444,-81.2043,-81.2526,-81.2861,-81.3092,-81.3252,-81.3365,-81.3445,-81.3496
700,-81.1062,-81.1131,-81.1445,-81.2044,-81.2527,-81.2863,-81.3094,-81.3254,-81.3368,-81.3447,-81.35
701,-81.1062,-81.1131,-81.1445,-81.2045,-81.2529,-81.2865,-81.3096,-81.3257,-81.337,-81.345,-81.3503
702,-81.1062,-81.1131,-81.1446,-81.2046,-81.253,-81.2867,-81.3098,-81.3259,-81.3373,-81.3453,-81.3506
703,-81.1062,-81.1131,-81.1446,-81.2047,-81.2532,-81.2869,-81.31,-81.3261,-81.3375,-81.3456,-81.3509
704,-81.1062,-81.1131,-81.1447,-81.2048,-81.2533,-81.2871,-81.3102,-81.3263,-81.3378,-81.3459,-81.3512
705,-81.1062,-81.1131,-81.1447,-81.2049,-81.2534,-81.2872,-81.3104,-81.3266,-81.338,-81.3461,-81.3515
706,-81.1062,-81.1131,-81.1448,-81.205,-81.2536,-81.2874,-81.3107,-81.3268,-81.3383,-81.3464,-81.3518
707,-81.1062,-81.1131,-81.1448,-81.2051,-81.2537,-81.2876,-81.3109,-81.327,-81.3385,-81.3467,-81.3522
708,-81.1062,-81.1132,-81.1449,-81.2052,-81.2539,-81.2878,-81.3111,-81.3272,-81.3388,-81.347,-81.3525
709,-81.1062,-81.1132,-81.1449,-81.2053,-81.254,-81.288,-81.3113,-81.3275,-81.339,-81.3472,-81.3528
710,-81.1061,-81.1132,-81.145,-81.2054,-81.2542,-81.2881,-81.3115,-81.3277,-81.3393,-81.3475,-81.3531
711,-81.1061,-81.1132,-81.145,-81.2055,-81.2543,-81.2883,-81.3117,-81.3279,-81.3395,-81.3478,-81.3534
712,-81.1061,-81.1132,-81.1451,-81.2056,-81.2544,-81.2885,-81.3119,-81.3281,-81.3397,-81.348,-81.3537
713,-81.1061,-81.1132,-81.1451,-81.2057,-81.2546,-81.2887,-81.3121,-81.3283,-81.34,-81.3483,-81.3539
714,-81.1061,-81.1132,-81.1452,-81.2058,-81.2547,-81.2888,-81.3122,-81.3286,-81.3402,-81.3486,-81.3542
715,-81.1061,-81.1132,-81.1452,-81.2059,-81.2549,-81.289,-81.3124,-81.3288,-81.3404,-81.3488,-81.3545
716,-81.1061,-81.1132,-81.1453,-81.206,-81.255,-81.2892,-81.3126,-81.329,-81.3407,-81.3491,-81.3548
717,-81.1061,-81.1132,-81.1453,-81.2061,-81.2551,-81.2893,-81.3128,-81.3292,-81.3409,-81.3493,-81.3551
718,-81.1061,-81.1132,-81.1453,-81.2061,-81.2553,-81.2895,-81.313,-81.3294,-81.3411,-81.3496,-81.3554
719,-81.1061,-81.1133,-81.1454,-81.2062,-81.2554,-81.2897,-81.3132,-81.3296,-81.3414,-81.3499,-81.3557
720,-81.1061,-81.1133,-81.1454,-81.2063,-81.2555,-81.2898,-81.3134,-81.3298,-81.3416,-81.3501,-81.356
721,-81.1061,-81.1133,-81.1455,-81.2064,-81.2557,-81.29,-81.3136,-81.33,-81.3418,-81.3504,-81.3562
722,-81.1061,-81.1133,-81.1455,-81.2065,-81.2558,-81.2902,-81.3138,-81.3302,-81.3421,-81.3506,-81.3565
723,-81.1061,-81.1133,-81.1456,-81.2066,-81.2559,-81.2903,-81.314,-81.3305,-81.3423,-81.3509,-81.3568
724,-81.1061,-81.1133,-81.1456,-81.2067,-81.256,-81.2905,-81.3141,-81.3307,-81.3425,-81.3511,-81.3571
725,-81.1061,-81.1133,-81.1457,-81.2068,-81.2562,-81.2906,-81.3143,-81.3309,-81.3427,-81.3513,-81.3573
726,-81.1061,-81.1133,-81.1457,-81.2069,-81.2563,-81.2908,-81.3145,-81.3311,-81.343,-81.3516,-81.3576
727,-81.1061,-81.1133,-81.1457,-81.207,-81.2564,-81.291,-81.3147,-81.3313,-81.3432,-81.3518,-81.3579
728,-81.1061,-81.1133,-81.1458,-81.207,-81.2566,-81.2911,-81.3149,-81.3315,-81.3434,-81.3521,-81.3582
729,-81.106,-81.1134,-81.1458,-81.2071,-81.2567,-81.2913,-81.315,-81.3317,-81.3436,-81.3523,-81.3584
730,-81.106,-81.1134,-81.1459,-81.2072,-81.2568,-81.2914,-81.3152,-81.3318,-81.3438,-81.3526,-81.3587
731,-81.106,-81.1134,-81.1459,-81.2073,-81.2569,-81.2916,-81.3154,-81.332,-81.344,-81.3528,-81.3589
732,-81.106,-81.1134,-81.1459,-81.2074,-81.2571,-81.2917,-81.3156,-81.3322,-81.3442,-81.353,-81.3592
733,-81.106,-81.1134,-81.146,-81.2075,-81.2572,-81.2919,-81.3157,-81.3324,-81.3445,-81.3533,-81.3595
734,-81.106,-81.1134,-81.146,-81.2076,-81.2573,-81.292,-81.3159,-81.3326,-81.3447,-81.3535,-81.3597
735,-81.106,-81.1134,-81.1461,-81.2076,-81.2574,-81.2922,-81.3161,-81.3328,-81.3449,-81.3537,-81.36
736,-81.106,-81.1134,-81.1461,-81.2077,-81.2575,-81.2923,-81.3163,-81.333,-81.3451,-81.3539,-81.3602
737,-81.106,-81.1134,-81.1462,-81.2078,-81.2577,-81.2925,-81.3164,-81.3332,-81.3453,-81.3542,-81.3605
738,-81.106,-81.1134,-81.1462,-81.2079,-81.2578,-81.2926,-81.3166,-81.3334,-81.3455,-81.3544,-81.3607
739,-81.106,-81.1134,-81.1462,-81.208,-81.2579,-81.2928,-81.3168,-81.3336,-81.3457,-81.3546,-81.361
740,-81.106,-81.1134,-81.1463,-81.208,-81.258,-81.2929,-81.3169,-81.3337,-81.3459,-81.3549,-81.3612
741,-81.106,-81.1135,-81.1463,-81.2081,-81.2581,-81.2931,-81.3171,-81.3339,-81.3461,-81.3551,-81.3615
742,-81.106,-81.1135,-81.1463,-81.2082,-81.2583,-81.2932,-81.3173,-81.3341,-81.3463,-81.3553,-81.3617
743,-81.106,-81.1135,-81.1464,-81.2083,-81.2584,-81.2934,-81.3174,-81.3343,-81.3465,-81.3555,-81.362
744,-81.106,-81.1135,-81.1464,-81.2084,-81.2585,-81.2935,-81.3176,-81.3345,-81.3467,-81.3557,-81.3622
745,-81.106,-81.1135,-81.1465,-81.2084,-81.2586,-81.2936,-81.3177,-81.3347,-81.3469,-81.356,-81.3625
746,-81.106,-81.1135,-81.1465,-81.2085,-81.2587,-81.2938,-81.3179,-81.3348,-81.3471,-81.3562,-81.3627
747,-81.106,-81.1135,-81.1465,-81.2086,-81.2588,-81.2939,-81.3181,-81.335,-81.3473,-81.3564,-81.363
748,-81.106,-81.1135,-81.1466,-81.2087,-81.2589,-81.2941,-81.3182,-81.3352,-81.3475,-81.3566,-81.3632
749,-81.1059,-81.1135,-81.1466,-81.2088,-81.259,-81.2942,-81.3184,-81.3354,-81.3477,-81.3568,-81.3634
750,-81.1059,-81.1135,-81.1467,-81.2088,-81.2592,-81.2943,-81.3185,-81.3355,-81.3479,-81.357,-81.3637
751,-81.1059,-81.1135,-81.1467,-81.2089,-81.2593,-81.2945,-81.3187,-81.3357,-81.3481,-81.3572,-81.3639
752,-81.1059,-81.1135,-81.1467,-81.209,-81.2594,-81.2946,-81.3189,-81.3359,-81.3482,-81.3574,-81.3641
753,-81.1059,-81.1136,-81.1468,-81.2091,-81.2595,-81.2947,-81.319,-81.336,-81.3484,-81.3576,-81.3644
754,-81.1059,-81.1136,-81.1468,-81.2091,-81.2596,-81.2949,-81.3192,-81.3362,-81.3486,-81.3578,-81.3646
755,-81.1059,-81.1136,-81.1468,-81.2092,-81.2597,-81.295,-81.3193,-81.3364,-81.3488,-81.3581,-81.3648
756,-81.1059,-81.1136,-81.1469,-81.2093,-81.2598,-81.2951,-81.3195,-81.3366,-81.349,-81.3583,-81.365
757,-81.1059,-81.1136,-81.1469,-81.2094,-81.2599,-81.2953,-81.3196,-81.3367,-81.3492,-81.3585,-81.3653
758,-81.1059,-81.1136,-81.1469,-81.2094,-81.26,-81.2954,-81.3198,-81.3369,-81.3494,-81.3587,-81.3655
759,-81.1059,-81.1136,-81.147,-81.2095,-81.2601,-81.2955,-81.3199,-81.3371,-81.3495,-81.3589,-81.3657
760,-81.1059,-81.1136,-81.147,-81.2096,-81.2602,-81.2957,-81.3201,-81.3372,-81.3497,-81.3591,-81.3659
761,-81.1059,-81.1136,-81.147,-81.2096,-81.2603,-81.2958,-81.3202,-81.3374,-81.3499,-81.3593,-81.3661
762,-81.1059,-81.1136,-81.1471,-81.2097,-81.2604,-81.2959,-81.3204,-81.3375,-81.3501,-81.3594,-81.3664
763,-81.1059,-81.1136,-81.1471,-81.2098,-81.2605,-81.296,-81.3205,-81.3377,-81.3503,-81.3596,-81.3666
764,-81.1059,-81.1136,-81.1472,-81.2099,-81.2606,-81.2962,-81.3207,-81.3379,-81.3504,-81.3598,-81.3668
765,-81.1059,-81.1136,-81.1472,-81.2099,-81.2607,-81.2963,-81.3208,-81.338,-81.3506,-81.36,-81.367
766,-81.1059,-81.1137,-81.1472,-81.21,-81.2608,-81.2964,-81.3209,-81.3382,-81.3508,-81.3602,-81.3672
767,-81.1059,-81.1137,-81.1473,-81.2101,-81.2609,-81.2965,-81.3211,-81.3383,-81.3509,-81.3604,-81.3674
768,-81.1059,-81.1137,-81.1473,-81.2101,-81.261,-81.2967,-81.3212,-81.3385,-81.3511,-81.3606,-81.3676
769,-81.1059,-81.1137,-81.1473,-81.2102,-81.2611,-81.2968,-81.3214,-81.3386,-81.3513,-81.3608,-81.3679
770,-81.1058,-81.1137,-81.1474,-81.2103,-81.2612,-81.2969,-81.3215,-81.3388,-81.3515,-81.361,-81.3681
771,-81.1058,-81.1137,-81.1474,-81.2103,-81.2613,-81.297,-81.3216,-81.339,-81.3516,-81.3612,-81.3683
772,-81.1058,-81.1137,-81.1474,-81.2104,-81.2614,-81.2972,-81.3218,-81.3391,-81.3518,-81.3613,-81.3685
773,-81.1058,-81.1137,-81.1475,-81.2105,-81.2615,-81.2973,-81.3219,-81.3393,-81.352,-81.3615,-81.3687
774,-81.1058,-81.1137,-81.1475,-81.2105,-81.2616,-81.2974,-81.3221,-81.3394,-81.3521,-81.3617,-81.3689
775,-81.1058,-81.1137,-81.1475,-81.2106,-81.2617,-81.2975,-81.3222,-81.3396,-81.3523,-81.3619,-81.3691
776,-81.1058,-81.1137,-81.1476,-81.2107,-81.2618,-81.2976,-81.3223,-81.3397,-81.3525,-81.3621,-81.3693
777,-81.1058,-81.1137,-81.1476,-81.2107,-81.2619,-81.2978,-81.3225,-81.3399,-81.3526,-81.3623,-81.3695
778,-81.1058,-81.1137,-81.1476,-81.2108,-81.262,-81.2979,-81.3226,-81.34,-81.3528,-81.3624,-81.3697
779,-81.1058,-81.1137,-81.1476,-81.2109,-81.2621,-81.298,-81.3227,-81.3402,-81.3529,-81.3626,-81.3699
780,-81.1058,-81.1138,-81.1477,-81.2109,-81.2622,-81.2981,-81.3229,-81.3403,-81.3531,-81.3628,-81.3701
781,-81.1058,-81.1138,-81.1477,-81.211,-81.2623,-81.2982,-81.323,-81.3404,-81.3533,-81.363,-81.3703
782,-81.1058,-81.1138,-81.1477,-81.211,-81.2624,-81.2983,-81.3231,-81.3406,-81.3534,-81.3631,-81.3705
783,-81.1058,-81.1138,-81.1478,-81.2111,-81.2625,-81.2984,-81.3232,-81.3407,-81.3536,-81.3633,-81.3707
784,-81.1058,-81.1138,-81.1478,-81.2112,-81.2626,-81.2986,-81.3234,-81.3409,-81.3537,-81.3635,-81.3708
785,-81.1058,-81.1138,-81.1478,-81.2112,-81.2626,-81.2987,-81.3235,-81.341,-81.3539,-81.3637,-81.371
786,-81.1058,-81.1138,-81.1479,-81.2113,-81.2627,-81.2988,-81.3236,-81.3412,-81.354,-81.3638,-81.3712
787,-81.1058,-81.1138,-81.1479,-81.2114,-81.2628,-81.2989,-81.3238,-81.3413,-81.3542,-81.364,-81.3714
788,-81.1058,-81.1138,-81.1479,-81.2114,-81.2629,-81.299,-81.3239,-81.3414,-81.3544,-81.3642,-81.3716
789,-81.1058,-81.1138,-81.148,-81.2115,-81.263,-81.2991,-81.324,-81.3416,-81.3545,-81.3643,-81.3718
790,-81.1058,-81.1138,-81.148,-81.2115,-81.2631,-81.2992,-81.3241,-81.3417,-81.3547,-81.3645,-81.372
791,-81.1058,-81.1138,-81.148,-81.2116,-81.2632,-81.2993,-81.3243,-81.3418,-81.3548,-81.3647,-81.3722
792,-81.1058,-81.1138,-81.148,-81.2117,-81.2633,-81.2994,-81.3244,-81.342,-81.355,-81.3648,-81.3723
793,-81.1058,-81.1138,-81.1481,-81.2117,-81.2633,-81.2995,-81.3245,-81.3421,-81.3551,-81.365,-81.3725
794,-81.1057,-81.1138,-81.1481,-81.2118,-81.2634,-81.2996,-81.3246,-81.3423,-81.3552,-81.3651,-81.3727
795,-81.1057,-81.1139,-81.1481,-81.2118,-81.2635,-81.2997,-81.3247,-81.3424,-81.3554,-81.3653,-81.3729
796,-81.1057,-81.1139,-81.1482,-81.2119,-81.2636,-81.2999,-81.3249,-81.3425,-81.3555,-81.3655,-81.3731
797,-81.1057,-81.1139,-81.1482,-81.212,-81.2637,-81.3,-81.325,-81.3426,-81.3557,-81.3656,-81.3732
798,-81.1057,-81.1139,-81.1482,-81.212,-81.2638,-81.3001,-81.3251,-81.3428,-81.3558,-81.3658,-81.3734
799,-81.1057,-81.1139,-81.1482,-81.2121,-81.2638,-81.3002,-81.3252,-81.3429,-81.356,-81.3659,-81.3736
800,-81.1057,-81.1139,-81.1483,-81.2121,-81.2639,-81.3003,-81.3253,-81.343,-81.3561,-81.3661,-81.3738
801,-81.1057,-81.1139,-81.1483,-81.2122,-81.264,-81.3004,-81.3254,-81.3432,-81.3563,-81.3663,-81.3739
802,-81.1057,-81.1139,-81.1483,-81.2122,-81.2641,-81.3005,-81.3256,-81.3433,-81.3564,-81.3664,-81.3741
803,-81.1057,-81.1139,-81.1484,-81.2123,-81.2642,-81.3006,-81.3257,-81.3434,-81.3565,-81.3666,-81.3743
804,-81.1057,-81.1139,-81.1484,-81.2123,-81.2643,-81.3007,-81.3258,-81.3436,-81.3567,-81.3667,-81.3744
805,-81.1057,-81.1139,-81.1484,-81.2124,-81.2643,-81.3008,-81.3259,-81.3437,-81.3568,-81.3669,-81.3746
806,-81.1057,-81.1139,-81.1484,-81.2125,-81.2644,-81.3009,-81.326,-81.3438,-81.357,-81.367,-81.3748
807,-81.1057,-81.1139,-81.1485,-81.2125,-81.2645,-81.301,-81.3261,-81.3439,-81.3571,-81.3672,-81.3749
808,-81.1057,-81.1139,-81.1485,-81.2126,-81.2646,-81.3011,-81.3262,-81.3441,-81.3572,-81.3673,-81.3751
809,-81.1057,-81.1139,-81.1485,-81.2126,-81.2646,-81.3012,-81.3264,-81.3442,-81.3574,-81.3675,-81.3753
810,-81.1057,-81.1139,-81.1485,-81.2127,-81.2647,-81.3013,-81.3265,-81.3443,-81.3575,-81.3676,-81.3754
811,-81.1057,-81.114,-81.1486,-81.2127,-81.2648,-81.3014,-81.3266,-81.3444,-81.3576,-81.3678,-81.3756
812,-81.1057,-81.114,-81.1486,-81.2128,-81.2649,-81.3014,-81.3267,-81.3445,-81.3578,-81.3679,-81.3758
813,-81.1057,-81.114,-81.1486,-81.2128,-81.265,-81.3015,-81.3268,-81.3447,-81.3579,-81.3681,-81.3759
814,-81.1057,-81.114,-81.1487,-81.2129,-81.265,-81.3016,-81.3269,-81.3448,-81.358,-81.3682,-81.3761
815,-81.1057,-81.114,-81.1487,-81.2129,-81.2651,-81.3017,-81.327,-81.3449,-81.3582,-81.3683,-81.3762
816,-81.1057,-81.114,-81.1487,-81.213,-81.2652,-81.3018,-81.3271,-81.345,-81.3583,-81.3685,-81.3764
817,-81.1057,-81.114,-81.1487,-81.213,-81.2653,-81.3019,-81.3272,-81.3451,-81.3584,-81.3686,-81.3766
818,-81.1057,-81.114,-81.1488,-81.2131,-81.2653,-81.302,-81.3273,-81.3453,-81.3585,-81.3688,-81.3767
819,-81.1057,-81.114,-81.1488,-81.2131,-81.2654,-81.3021,-81.3274,-81.3454,-81.3587,-81.3689,-81.3769
820,-81.1056,-81.114,-81.1488,-81.2132,-81.2655,-81.3022,-81.3275,-81.3455,-81.3588,-81.3691,-81.377
821,-81.1056,-81.114,-81.1488,-81.2132,-81.2656,-81.3023,-81.3276,-81.3456,-81.3589,-81.3692,-81.3772
822,-81.1056,-81.114,-81.1489,-81.2133,-81.2656,-81.3024,-81.3277,-81.3457,-81.359,-81.3693,-81.3773
823,-81.1056,-81.114,-81.1489,-81.2133,-81.2657,-81.3025,-81.3279,-81.3458,-81.3592,-81.3695,-81.3775
824,-81.1056,-81.114,-81.1489,-81.2134,-81.2658,-81.3026,-81.328,-81.3459,-81.3593,-81.3696,-81.3776
825,-81.1056,-81.114,-81.1489,-81.2134,-81.2658,-81.3026,-81.3281,-81.3461,-81.3594,-81.3697,-81.3778
826,-81.1056,-81.114,-81.149,-81.2135,-81.2659,-81.3027,-81.3282,-81.3462,-81.3595,-81.3699,-81.3779
827,-81.1056,-81.114,-81.149,-81.2135,-81.266,-81.3028,-81.3283,-81.3463,-81.3597,-81.37,-81.3781
828,-81.1056,-81.114,-81.149,-81.2136,-81.2661,-81.3029,-81.3284,-81.3464,-81.3598,-81.3701,-81.3782
829,-81.1056,-81.1141,-81.149,-81.2136,-81.2661,-81.303,-81.3285,-81.3465,-81.3599,-81.3703,-81.3784
830,-81.1056,-81.1141,-81.1491,-81.2137,-81.2662,-81.3031,-81.3286,-81.3466,-81.36,-81.3704,-81.3785
831,-81.1056,-81.1141,-81.1491,-81.2137,-81.2663,-81.3032,-81.3287,-81.3467,-81.3601,-81.3705,-81.3787
832,-81.1056,-81.1141,-81.1491,-81.2138,-81.2663,-81.3032,-81.3288,-81.3468,-81.3603,-81.3707,-81.3788
833,-81.1056,-81.1141,-81.1491,-81.2138,-81.2664,-81.3033,-81.3288,-81.3469,-81.3604,-81.3708,-81.379
834,-81.1056,-81.1141,-81.1491,-81.2139,-81.2665,-81.3034,-81.3289,-81.347,-81.3605,-81.3709,-81.3791
835,-81.1056,-81.1141,-81.1492,-81.2139,-81.2665,-81.3035,-81.329,-81.3471,-81.3606,-81.3711,-81.3792
836,-81.1056,-81.1141,-81.1492,-81.214,-81.2666,-81.3036,-81.3291,-81.3472,-81.3607,-81.3712,-81.3794
837,-81.1056,-81.1141,-81.1492,-81.214,-81.2667,-81.3037,-81.3292,-81.3474,-81.3608,-81.3713,-81.3795
838,-81.1056,-81.1141,-81.1492,-81.2141,-81.2667,-81.3037,-81.3293,-81.3475,-81.361,-81.3714,-81.3797
839,-81.1056,-81.1141,-81.1493,-81.2141,-81.2668,-81.3038,-81.3294,-81.3476,-81.3611,-81.3716,-81.3798
840,-81.1056,-81.1141,-81.1493,-81.2141,-81.2669,-81.3039,-81.3295,-81.3477,-81.3612,-81.3717,-81.3799
841,-81.1056,-81.1141,-81.1493,-81.2142,-81.2669,-81.304,-81.3296,-81.3478,-81.3613,-81.3718,-81.3801
842,-81.1056,-81.1141,-81.1493,-81.2142,-81.267,-81.3041,-81.3297,-81.3479,-81.3614,-81.3719,-81.3802
843,-81.1056,-81.1141,-81.1494,-81.2143,-81.2671,-81.3042,-81.3298,-81.348,-81.3615,-81.3721,-81.3804
844,-81.1056,-81.1141,-81.1494,-81.2143,-81.2671,-81.3042,-81.3299,-81.3481,-81.3616,-81.3722,-81.3805
845,-81.1056,-81.1141,-81.1494,-81.2144,-81.2672,-81.3043,-81.33,-81.3482,-81.3617,-81.3723,-81.3806
846,-81.1056,-81.1141,-81.1494,-81.2144,-81.2672,-81.3044,-81.3301,-81.3483,-81.3619,-81.3724,-81.3808
847,-81.1056,-81.1141,-81.1494,-81.2145,-81.2673,-81.3045,-81.3301,-81.3484,-81.362,-81.3725,-81.3809
848,-81.1055,-81.1141,-81.1495,-81.2145,-81.2674,-81.3045,-81.3302,-81.3485,-81.3621,-81.3727,-81.381
849,-81.1055,-81.1142,-81.1495,-81.2145,-81.2674,-81.3046,-81.3303,-81.3486,-81.3622,-81.3728,-81.3812
850,-81.1055,-81.1142,-81.1495,-81.2146,-81.2675,-81.3047,-81.3304,-81.3487,-81.3623,-81.3729,-81.3813
851,-81.1055,-81.1142,-81.1495,-81.2146,-81.2676,-81.3048,-81.3305,-81.3488,-81.3624,-81.373,-81.3814
852,-81.1055,-81.1142,-81.1496,-81.2147,-81.2676,-81.3049,-81.3306,-81.3489,-81.3625,-81.3731,-81.3815
853,-81.1055,-81.1142,-81.1496,-81.2147,-81.2677,-81.3049,-81.3307,-81.349,-81.3626,-81.3732,-81.3817
854,-81.1055,-81.1142,-81.1496,-81.2148,-81.2677,-81.305,-81.3308,-81.349,-81.3627,-81.3734,-81.3818
855,-81.1055,-81.1142,-81.1496,-81.2148,-81.2678,-81.3051,-81.3308,-81.3491,-81.3628,-81.3735,-81.3819
856,-81.1055,-81.1142,-81.1496,-81.2148,-81.2679,-81.3052,-81.3309,-81.3492,-81.3629,-81.3736,-81.382
857,-81.1055,-81.1142,-81.1497,-81.2149,-81.2679,-81.3052,-81.331,-81.3493,-81.363,-81.3737,-81.3822
858,-81.1055,-81.1142,-81.1497,-81.2149,-81.268,-81.3053,-81.3311,-81.3494,-81.3631,-81.3738,-81.3823
859,-81.1055,-81.1142,-81.1497,-81.215,-81.268,-81.3054,-81.3312,-81.3495,-81.3632,-81.3739,-81.3824
860,-81.1055,-81.1142,-81.1497,-81.215,-81.2681,-81.3054,-81.3313,-81.3496,-81.3633,-81.374,-81.3825
861,-81.1055,-81.1142,-81.1497,-81.215,-81.2681,-81.3055,-81.3314,-81.3497,-81.3634,-81.3741,-81.3827
862,-81.1055,-81.1142,-81.1498,-81.2151,-81.2682,-81.3056,-81.3314,-81.3498,-81.3635,-81.3742,-81.3828
863,-81.1055,-81.1142,-81.1498,-81.2151,-81.2683,-81.3057,-81.3315,-81.3499,-81.3636,-81.3744,-81.3829
864,-81.1055,-81.1142,-81.1498,-81.2152,-81.2683,-81.3057,-81.3316,-81.35,-81.3637,-81.3745,-81.383
865,-81.1055,-81.1142,-81.1498,-81.2152,-81.2684,-81.3058,-81.3317,-81.3501,-81.3638,-81.3746,-81.3831
866,-81.1055,-81.1142,-81.1498,-81.2152,-81.2684,-81.3059,-81.3318,-81.3502,-81.3639,-81.3747,-81.3833
867,-81.1055,-81.1142,-81.1499,-81.2153,-81.2685,-81.3059,-81.3318,-81.3502,-81.364,-81.3748,-81.3834
868,-81.1055,-81.1142,-81.1499,-81.2153,-81.2685,-81.306,-81.3319,-81.3503,-81.3641,-81.3749,-81.3835
869,-81.1055,-81.1142,-81.1499,-81.2154,-81.2686,-81.3061,-81.332,-81.3504,-81.3642,-81.375,-81.3836
870,-81.1055,-81.1143,-81.1499,-81.2154,-81.2687,-81.3061,-81.3321,-81.3505,-81.3643,-81.3751,-81.3837
871,-81.1055,-81.1143,-81.1499,-81.2154,-81.2687,-81.3062,-81.3322,-81.3506,-81.3644,-81.3752,-81.3838
872,-81.1055,-81.1143,-81.15,-81.2155,-81.2688,-81.3063,-81.3322,-81.3507,-81.3645,-81.3753,-81.384
873,-81.1055,-81.1143,-81.15,-81.2155,-81.2688,-81.3064,-81.3323,-81.3508,-81.3646,-81.3754,-81.3841
874,-81.1055,-81.1143,-81.15,-81.2155,-81.2689,-81.3064,-81.3324,-81.3508,-81.3647,-81.3755,-81.3842
875,-81.1055,-81.1143,-81.15,-81.2156,-81.2689,-81.3065,-81.3325,-81.3509,-81.3648,-81.3756,-81.3843
876,-81.1055,-81.1143,-81.15,-81.2156,-81.269,-81.3066,-81.3325,-81.351,-81.3649,-81.3757,-81.3844
877,-81.1055,-81.1143,-81.1501,-81.2157,-81.269,-81.3066,-81.3326,-81.3511,-81.365,-81.3758,-81.3845
878,-81.1055,-81.1143,-81.1501,-81.2157,-81.2691,-81.3067,-81.3327,-81.3512,-81.365,-81.3759,-81.3846
879,-81.1054,-81.1143,-81.1501,-81.2157,-81.2691,-81.3067,-81.3328,-81.3513,-81.3651,-81.376,-81.3847
880,-81.1054,-81.1143,-81.1501,-81.2158,-81.2692,-81.3068,-81.3328,-81.3513,-81.3652,-81.3761,-81.3849
881,-81.1054,-81.1143,-81.1501,-81.2158,-81.2692,-81.3069,-81.3329,-81.3514,-81.3653,-81.3762,-81.385
882,-81.1054,-81.1143,-81.1502,-81.2158,-81.2693,-81.3069,-81.333,-81.3515,-81.3654,-81.3763,-81.3851
883,-81.1054,-81.1143,-81.1502,-81.2159,-81.2693,-81.307,-81.3331,-81.3516,-81.3655,-81.3764,-81.3852
884,-81.1054,-81.1143,-81.1502,-81.2159,-81.2694,-81.3071,-81.3331,-81.3517,-81.3656,-81.3765,-81.3853
885,-81.1054,-81.1143,-81.1502,-81.2159,-81.2694,-81.3071,-81.3332,-81.3518,-81.3657,-81.3766,-81.3854
886,-81.1054,-81.1143,-81.1502,-81.216,-81.2695,-81.3072,-81.3333,-81.3518,-81.3658,-81.3767,-81.3855
887,-81.1054,-81.1143,-81.1502,-81.216,-81.2695,-81.3073,-81.3333,-81.3519,-81.3658,-81.3768,-81.3856
888,-81.1054,-81.1143,-81.1503,-81.216,-81.2696,-81.3073,-81.3334,-81.352,-81.3659,-81.3769,-81.3857
889,-81.1054,-81.1143,-81.1503,-81.2161,-81.2696,-81.3074,-81.3335,-81.3521,-81.366,-81.377,-81.3858
890,-81.1054,-81.1143,-81.1503,-81.2161,-81.2697,-81.3074,-81.3336,-81.3521,-81.3661,-81.3771,-81.3859
891,-81.1054,-81.1143,-81.1503,-81.2161,-81.2697,-81.3075,-81.3336,-81.3522,-81.3662,-81.3772,-81.386
892,-81.1054,-81.1143,-81.1503,-81.2162,-81.2698,-81.3076,-81.3337,-81.3523,-81.3663,-81.3773,-81.3861
893,-81.1054,-81.1144,-81.1503,-81.2162,-81.2698,-81.3076,-81.3338,-81.3524,-81.3664,-81.3774,-81.3862
894,-81.1054,-81.1144,-81.1504,-81.2162,-81.2699,-81.3077,-81.3338,-81.3525,-81.3664,-81.3774,-81.3863
895,-81.1054,-81.1144,-81.1504,-81.2163,-81.2699,-81.3077,-81.3339,-81.3525,-81.3665,-81.3775,-81.3864
896,-81.1054,-81.1144,-81.1504,-81.2163,-81.27,-81.3078,-81.334,-81.3526,-81.3666,-81.3776,-81.3865
897,-81.1054,-81.1144,-81.1504,-81.2163,-81.27,-81.3079,-81.334,-81.3527,-81.3667,-81.3777,-81.3866
898,-81.1054,-81.1144,-81.1504,-81.2164,-81.2701,-81.3079,-81.3341,-81.3527,-81.3668,-81.3778,-81.3867
899,-81.1054,-81.1144,-81.1505,-81.2164,-81.2701,-81.308,-81.3342,-81.3528,-81.3668,-81.3779,-81.3868
900,-81.1054,-81.1144,-81.1505,-81.2164,-81.2702,-81.308,-81.3342,-81.3529,-81.3669,-81.378,-81.3869
901,-81.1054,-81.1144,-81.1505,-81.2165,-81.2702,-81.3081,-81.3343,-81.353,-81.367,-81.3781,-81.387
902,-81.1054,-81.1144,-81.1505,-81.2165,-81.2703,-81.3082,-81.3344,-81.353,-81.3671,-81.3782,-81.3871
903,-81.1054,-81.1144,-81.1505,-81.2165,-81.2703,-81.3082,-81.3344,-81.3531,-81.3672,-81.3783,-81.3872
904,-81.1054,-81.1144,-81.1505,-81.2166,-81.2704,-81.3083,-81.3345,-81.3532,-81.3672,-81.3783,-81.3873
905,-81.1054,-81.1144,-81.1506,-81.2166,-81.2704,-81.3083,-81.3346,-81.3533,-81.3673,-81.3784,-81.3874
906,-81.1054,-81.1144,-81.1506,-81.2166,-81.2704,-81.3084,-81.3346,-81.3533,-81.3674,-81.3785,-81.3875
907,-81.1054,-81.1144,-81.1506,-81.2167,-81.2705,-81.3084,-81.3347,-81.3534,-81.3675,-81.3786,-81.3876
908,-81.1054,-81.1144,-81.1506,-81.2167,-81.2705,-81.3085,-81.3348,-81.3535,-81.3676,-81.3787,-81.3877
909,-81.1054,-81.1144,-81.1506,-81.2167,-81.2706,-81.3085,-81.3348,-81.3535,-81.3676,-81.3788,-81.3878
910,-81.1054,-81.1144,-81.1506,-81.2168,-81.2706,-81.3086,-81.3349,-81.3536,-81.3677,-81.3788,-81.3879
911,-81.1054,-81.1144,-81.1506,-81.2168,-81.2707,-81.3087,-81.3349,-81.3537,-81.3678,-81.3789,-81.388
912,-81.1054,-81.1144,-81.1507,-81.2168,-81.2707,-81.3087,-81.335,-81.3537,-81.3679,-81.379,-81.3881
913,-81.1054,-81.1144,-81.1507,-81.2168,-81.2708,-81.3088,-81.3351,-81.3538,-81.3679,-81.3791,-81.3881
914,-81.1054,-81.1144,-81.1507,-81.2169,-81.2708,-81.3088,-81.3351,-81.3539,-81.368,-81.3792,-81.3882
915,-81.1053,-81.1144,-81.1507,-81.2169,-81.2708,-81.3089,-81.3352,-81.354,-81.3681,-81.3793,-81.3883
916,-81.1053,-81.1144,-81.1507,-81.2169,-81.2709,-81.3089,-81.3353,-81.354,-81.3682,-81.3793,-81.3884
917,-81.1053,-81.1144,-81.1507,-81.217,-81.2709,-81.309,-81.3353,-81.3541,-81.3682,-81.3794,-81.3885
918,-81.1053,-81.1144,-81.1508,-81.217,-81.271,-81.309,-81.3354,-81.3542,-81.3683,-81.3795,-81.3886
919,-81.1053,-81.1145,-81.1508,-81.217,-81.271,-81.3091,-81.3354,-81.3542,-81.3684,-81.3796,-81.3887
920,-81.1053,-81.1145,-81.1508,-81.2171,-81.271,-81.3091,-81.3355,-81.3543,-81.3684,-81.3797,-81.3888
921,-81.1053,-81.1145,-81.1508,-81.2171,-81.2711,-81.3092,-81.3355,-81.3543,-81.3685,-81.3797,-81.3889
922,-81.1053,-81.1145,-81.1508,-81.2171,-81.2711,-81.3092,-81.3356,-81.3544,-81.3686,-81.3798,-81.3889
923,-81.1053,-81.1145,-81.1508,-81.2171,-81.2712,-81.3093,-81.3357,-81.3545,-81.3687,-81.3799,-81.389
924,-81.1053,-81.1145,-81.1509,-81.2172,-81.2712,-81.3093,-81.3357,-81.3545,-81.3687,-81.38,-81.3891
925,-81.1053,-81.1145,-81.1509,-81.2172,-81.2713,-81.3094,-81.3358,-81.3546,-81.3688,-81.38,-81.3892
926,-81.1053,-81.1145,-81.1509,-81.2172,-81.2713,-81.3094,-81.3358,-81.3547,-81.3689,-81.3801,-81.3893
927,-81.1053,-81.1145,-81.1509,-81.2173,-81.2713,-81.3095,-81.3359,-81.3547,-81.3689,-81.3802,-81.3894
928,-81.1053,-81.1145,-81.1509,-81.2173,-81.2714,-81.3095,-81.336,-81.3548,-81.369,-81.3803,-81.3894
929,-81.1053,-81.1145,-81.1509,-81.2173,-81.2714,-81.3096,-81.336,-81.3549,-81.3691,-81.3803,-81.3895
930,-81.1053,-81.1145,-81.1509,-81.2173,-81.2714,-81.3096,-81.3361,-81.3549,-81.3691,-81.3804,-81.3896
931,-81.1053,-81.1145,-81.151,-81.2174,-81.2715,-81.3097,-81.3361,-81.355,-81.3692,-81.3805,-81.3897
932,-81.1053,-81.1145,-81.151,-81.2174,-81.2715,-81.3097,-81.3362,-81.355,-81.3693,-81.3806,-81.3898
933,-81.1053,-81.1145,-81.151,-81.2174,-81.2716,-81.3098,-81.3362,-81.3551,-81.3693,-81.3806,-81.3899
934,-81.1053,-81.1145,-81.151,-81.2174,-81.2716,-81.3098,-81.3363,-81.3552,-81.3694,-81.3807,-81.3899
935,-81.1053,-81.1145,-81.151,-81.2175,-81.2716,-81.3099,-81.3363,-81.3552,-81.3695,-81.3808,-81.39
936,-81.1053,-81.1145,-81.151,-81.2175,-81.2717,-81.3099,-81.3364,-81.3553,-81.3695,-81.3809,-81.3901
937,-81.1053,-81.1145,-81.151,-81.2175,-81.2717,-81.31,-81.3365,-81.3553,-81.3696,-81.3809,-81.3902
938,-81.1053,-81.1145,-81.1511,-81.2176,-81.2718,-81.31,-81.3365,-81.3554,-81.3697,-81.381,-81.3903
939,-81.1053,-81.1145,-81.1511,-81.2176,-81.2718,-81.3101,-81.3366,-81.3555,-81.3697,-81.3811,-81.3903
940,-81.1053,-81.1145,-81.1511,-81.2176,-81.2718,-81.3101,-81.3366,-81.3555,-81.3698,-81.3811,-81.3904
941,-81.1053,-81.1145,-81.1511,-81.2176,-81.2719,-81.3101,-81.3367,-81.3556,-81.3699,-81.3812,-81.3905
942,-81.1053,-81.1145,-81.1511,-81.2177,-81.2719,-81.3102,-81.3367,-81.3556,-81.3699,-81.3813,-81.3906
943,-81.1053,-81.1145,-81.1511,-81.2177,-81.2719,-81.3102,-81.3368,-81.3557,-81.37,-81.3814,-81.3906
944,-81.1053,-81.1145,-81.1511,-81.2177,-81.272,-81.3103,-81.3368,-81.3558,-81.3701,-81.3814,-81.3907
945,-81.1053,-81.1145,-81.1512,-81.2177,-81.272,-81.3103,-81.3369,-81.3558,-81.3701,-81.3815,-81.3908
946,-81.1053,-81.1145,-81.1512,-81.2178,-81.272,-81.3104,-81.3369,-81.3559,-81.3702,-81.3816,-81.3909
947,-81.1053,-81.1145,-81.1512,-81.2178,-81.2721,-81.3104,-81.337,-81.3559,-81.3702,-81.3816,-81.3909
948,-81.1053,-81.1146,-81.1512,-81.2178,-81.2721,-81.3105,-81.337,-81.356,-81.3703,-81.3817,-81.391
949,-81.1053,-81.1146,-81.1512,-81.2178,-81.2722,-81.3105,-81.3371,-81.356,-81.3704,-81.3818,-81.3911
950,-81.1053,-81.1146,-81.1512,-81.2179,-81.2722,-81.3106,-81.3371,-81.3561,-81.3704,-81.3818,-81.3912
951,-81.1053,-81.1146,-81.1512,-81.2179,-81.2722,-81.3106,-81.3372,-81.3561,-81.3705,-81.3819,-81.3912
952,-81.1053,-81.1146,-81.1512,-81.2179,-81.2723,-81.3106,-81.3372,-81.3562,-81.3705,-81.382,-81.3913
953,-81.1053,-81.1146,-81.1513,-81.2179,-81.2723,-81.3107,-81.3373,-81.3563,-81.3706,-81.382,-81.3914
954,-81.1053,-81.1146,-81.1513,-81.218,-81.2723,-81.3107,-81.3373,-81.3563,-81.3707,-81.3821,-81.3915
955,-81.1052,-81.1146,-81.1513,-81.218,-81.2724,-81.3108,-81.3374,-81.3564,-81.3707,-81.3822,-81.3915
956,-81.1052,-81.1146,-81.1513,-81.218,-81.2724,-81.3108,-81.3374,-81.3564,-81.3708,-81.3822,-81.3916
957,-81.1052,-81.1146,-81.1513,-81.218,-81.2724,-81.3108,-81.3375,-81.3565,-81.3708,-81.3823,-81.3917
958,-81.1052,-81.1146,-81.1513,-81.218,-81.2725,-81.3109,-81.3375,-81.3565,-81.3709,-81.3824,-81.3917
959,-81.1052,-81.1146,-81.1513,-81.2181,-81.2725,-81.3109,-81.3376,-81.3566,-81.371,-81.3824,-81.3918
960,-81.1052,-81.1146,-81.1514,-81.2181,-81.2725,-81.311,-81.3376,-81.3566,-81.371,-81.3825,-81.3919
961,-81.1052,-81.1146,-81.1514,-81.2181,-81.2726,-81.311,-81.3377,-81.3567,-81.3711,-81.3825,-81.3919
962,-81.1052,-81.1146,-81.1514,-81.2181,-81.2726,-81.3111,-81.3377,-81.3567,-81.3711,-81.3826,-81.392
963,-81.1052,-81.1146,-81.1514,-81.2182,-81.2726,-81.3111,-81.3378,-81.3568,-81.3712,-81.3827,-81.3921
964,-81.1052,-81.1146,-81.1514,-81.2182,-81.2727,-81.3111,-81.3378,-81.3568,-81.3712,-81.3827,-81.3922
965,-81.1052,-81.1146,-81.1514,-81.2182,-81.2727,-81.3112,-81.3378,-81.3569,-81.3713,-81.3828,-81.3922
966,-81.1052,-81.1146,-81.1514,-81.2182,-81.2727,-81.3112,-81.3379,-81.3569,-81.3714,-81.3828,-81.3923
967,-81.1052,-81.1146,-81.1514,-81.2183,-81.2728,-81.3113,-81.3379,-81.357,-81.3714,-81.3829,-81.3924
968,-81.1052,-81.1146,-81.1515,-81.2183,-81.2728,-81.3113,-81.338,-81.357,-81.3715,-81.383,-81.3924
969,-81.1052,-81.1146,-81.1515,-81.2183,-81.2728,-81.3113,-81.338,-81.3571,-81.3715,-81.383,-81.3925
970,-81.1052,-81.1146,-81.1515,-81.2183,-81.2729,-81.3114,-81.3381,-81.3571,-81.3716,-81.3831,-81.3926
971,-81.1052,-81.1146,-81.1515,-81.2183,-81.2729,-81.3114,-81.3381,-81.3572,-81.3716,-81.3831,-81.3926
972,-81.1052,-81.1146,-81.1515,-81.2184,-81.2729,-81.3115,-81.3382,-81.3572,-81.3717,-81.3832,-81.3927
973,-81.1052,-81.1146,-81.1515,-81.2184,-81.2729,-81.3115,-81.3382,-81.3573,-81.3717,-81.3833,-81.3928
974,-81.1052,-81.1146,-81.1515,-81.2184,-81.273,-81.3115,-81.3382,-81.3573,-81.3718,-81.3833,-81.3928
975,-81.1052,-81.1146,-81.1515,-81.2184,-81.273,-81.3116,-81.3383,-81.3574,-81.3718,-81.3834,-81.3929
976,-81.1052,-81.1146,-81.1516,-81.2185,-81.273,-81.3116,-81.3383,-81.3574,-81.3719,-81.3834,-81.3929
977,-81.1052,-81.1146,-81.1516,-81.2185,-81.2731,-81.3116,-81.3384,-81.3575,-81.3719,-81.3835,-81.393
978,-81.1052,-81.1146,-81.1516,-81.2185,-81.2731,-81.3117,-81.3384,-81.3575,-81.372,-81.3836,-81.3931
979,-81.1052,-81.1146,-81.1516,-81.2185,-81.2731,-81.3117,-81.3385,-81.3576,-81.3721,-81.3836,-81.3931
980,-81.1052,-81.1147,-81.1516,-81.2185,-81.2732,-81.3118,-81.3385,-81.3576,-81.3721,-81.3837,-81.3932
981,-81.1052,-81.1147,-81.1516,-81.2186,-81.2732,-81.3118,-81.3385,-81.3577,-81.3722,-81.3837,-81.3933
982,-81.1052,-81.1147,-81.1516,-81.2186,-81.2732,-81.3118,-81.3386,-81.3577,-81.3722,-81.3838,-81.3933
983,-81.1052,-81.1147,-81.1516,-81.2186,-81.2732,-81.3119,-81.3386,-81.3578,-81.3723,-81.3838,-81.3934
984,-81.1052,-81.1147,-81.1516,-81.2186,-81.2733,-81.3119,-81.3387,-81.3578,-81.3723,-81.3839,-81.3934
985,-81.1052,-81.1147,-81.1517,-81.2186,-81.2733,-81.3119,-81.3387,-81.3578,-81.3724,-81.3839,-81.3935
986,-81.1052,-81.1147,-81.1517,-81.2187,-81.2733,-81.312,-81.3388,-81.3579,-81.3724,-81.384,-81.3936
987,-81.1052,-81.1147,-81.1517,-81.2187,-81.2734,-81.312,-81.3388,-81.3579,-81.3725,-81.3841,-81.3936
988,-81.1052,-81.1147,-81.1517,-81.2187,-81.2734,-81.312,-81.3388,-81.358,-81.3725,-81.3841,-81.3937
989,-81.1052,-81.1147,-81.1517,-81.2187,-81.2734,-81.3121,-81.3389,-81.358,-81.3726,-81.3842,-81.3937
990,-81.1052,-81.1147,-81.1517,-81.2187,-81.2734,-81.3121,-81.3389,-81.3581,-81.3726,-81.3842,-81.3938
991,-81.1052,-81.1147,-81.1517,-81.2188,-81.2735,-81.3121,-81.339,-81.3581,-81.3726,-81.3843,-81.3939
992,-81.1052,-81.1147,-81.1517,-81.2188,-81.2735,-81.3122,-81.339,-81.3582,-81.3727,-81.3843,-81.3939
993,-81.1052,-81.1147,-81.1517,-81.2188,-81.2735,-81.3122,-81.339,-81.3582,-81.3727,-81.3844,-81.394
994,-81.1052,-81.1147,-81.1518,-81.2188,-81.2736,-81.3122,-81.3391,-81.3582,-81.3728,-81.3844,-81.394
995,-81.1052,-81.1147,-81.1518,-81.2188,-81.2736,-81.3123,-81.3391,-81.3583,-81.3728,-81.3845,-81.3941
996,-81.1052,-81.1147,-81.1518,-81.2189,-81.2736,-81.3123,-81.3391,-81.3583,-81.3729,-81.3845,-81.3941
997,-81.1052,-81.1147,-81.1518,-81.2189,-81.2736,-81.3123,-81.3392,-81.3584,-81.3729,-81.3846,-81.3942
998,-81.1052,-81.1147,-81.1518,-81.2189,-81.2737,-81.3124,-81.3392,-81.3584,-81.373,-81.3846,-81.3943
999,-81.1052,-81.1147,-81.1518,-81.2189,-81.2737,-81.3124,-81.3393,-81.3585,-81.373,-81.3847,-81.3943
1000,-81.1052,-81.1147,-81.1518,-81.2189,-81.2737,-81.3124,-81.3393,-81.3585,-81.3731,-81.3847,-81.3944
