0,-80.9685,-81.3139,-81.3358,-81.3497,-81.3602,-81.3685,-81.3754,-81.3813,-81.3862,-81.3906,-81.3944
1,-80.9685,-81.3139,-81.3359,-81.3498,-81.3602,-81.3686,-81.3755,-81.3813,-81.3863,-81.3906,-81.3944
2,-80.9685,-81.314,-81.336,-81.3498,-81.3603,-81.3687,-81.3756,-81.3814,-81.3863,-81.3907,-81.3945
3,-80.9685,-81.3141,-81.336,-81.3499,-81.3604,-81.3687,-81.3756,-81.3814,-81.3864,-81.3907,-81.3945
4,-80.9685,-81.3141,-81.3361,-81.35,-81.3604,-81.3688,-81.3757,-81.3815,-81.3865,-81.3908,-81.3946
5,-80.9685,-81.3142,-81.3361,-81.35,-81.3605,-81.3688,-81.3757,-81.3815,-81.3865,-81.3908,-81.3946
6,-80.9685,-81.3142,-81.3362,-81.3501,-81.3605,-81.3689,-81.3758,-81.3816,-81.3866,-81.3909,-81.3947
7,-80.9685,-81.3143,-81.3363,-81.3501,-81.3606,-81.3689,-81.3758,-81.3816,-81.3866,-81.3909,-81.3947
8,-80.9685,-81.3143,-81.3363,-81.3502,-81.3606,-81.369,-81.3759,-81.3817,-81.3867,-81.391,-81.3948
9,-80.9685,-81.3144,-81.3364,-81.3502,-81.3607,-81.369,-81.3759,-81.3818,-81.3867,-81.3911,-81.3949
10,-80.9682,-81.3142,-81.3361,-81.35,-81.3604,-81.3688,-81.3757,-81.3815,-81.3865,-81.3908,-81.3946
11,-72.1201,-72.4956,-72.5189,-72.5335,-72.5445,-72.5532,-72.5603,-72.5663,-72.5714,-72.5758,-72.5796
12,-63.8978,-64.3267,-64.3335,-64.3298,-64.3216,-64.311,-64.2981,-64.2841,-64.2687,-64.2523,-64.2351
13,-55.6875,-55.6019,-54.8879,-54.0176,-52.9496,-51.6192,-49.9273,-47.7389,-44.8389,-40.8924,-35.3839
14,-47.2439,-36.6028,-8.25164,11.4016,21.1057,27.367,31.9562,35.5082,38.3416,40.6513,42.5657
15,-38.5231,-1.69333,14.6319,23.9169,29.8549,33.8852,36.7612,38.9092,40.5795,41.9234,43.035
16,-39.1404,0.75491,15.8934,22.8719,26.6743,29.0426,30.6758,31.8991,32.8636,33.6635,34.3391
17,-39.7492,3.92448,17.2934,21.8884,24.0636,25.3542,26.2494,26.9422,27.5108,28.0016,28.4308
18,-40.3772,7.57795,18.4237,21.2233,22.3967,23.0769,23.5648,23.963,24.3066,24.6161,24.896
19,-41.0326,11.0578,19.2609,20.8988,21.5166,21.8756,22.149,22.3875,22.6045,22.8077,22.9965
20,-41.7176,13.9971,19.8944,20.8488,21.1818,21.3823,21.5479,21.7021,21.8488,21.9901,22.124
21,-42.4329,16.2857,20.4099,20.9916,21.191,21.3198,21.4342,21.5454,21.6536,21.7591,21.8598
22,-43.1788,17.9843,20.8628,21.2566,21.4018,21.5029,21.5954,21.6854,21.7728,21.8576,21.9382
23,-43.9554,19.2235,21.2816,21.5903,21.7205,21.8149,21.8997,21.98,22.0563,22.129,22.1975
24,-44.7628,20.1355,21.6771,21.9546,22.0874,22.1844,22.2681,22.3444,22.4149,22.4807,22.5417
25,-45.6014,20.825,22.0504,22.3232,22.4656,22.5686,22.654,22.7292,22.7969,22.8586,22.915
26,-46.4717,21.3635,22.3978,22.6782,22.8321,22.9419,23.0303,23.1059,23.1723,23.2319,23.2856
27,-47.3743,21.7953,22.7137,23.0069,23.1726,23.2892,23.381,23.4578,23.5242,23.5828,23.6351
28,-48.3099,22.1451,22.9914,23.2999,23.4772,23.6007,23.6963,23.7751,23.8423,23.9009,23.9529
29,-49.2792,22.4245,23.2236,23.5494,23.7386,23.8695,23.9696,24.0512,24.12,24.1797,24.2321
30,-50.2831,22.6363,23.4019,23.7477,23.9503,24.0897,24.1954,24.2809,24.3524,24.4141,24.4679
31,-51.3222,22.778,23.5175,23.887,24.1055,24.2552,24.3682,24.4591,24.5347,24.5996,24.6559
32,-52.3974,22.8444,23.5609,23.9588,24.1966,24.3594,24.482,24.5802,24.6616,24.7312,24.7914
33,-53.5091,22.8313,23.5251,23.9551,24.2159,24.3951,24.5299,24.6378,24.7271,24.8033,24.869
34,-54.6576,22.742,23.4107,23.8717,24.1575,24.3556,24.5053,24.6254,24.7248,24.8096,24.8827
35,-55.8426,22.593,23.2333,23.7149,24.0226,24.2395,24.4051,24.5388,24.65,24.7452,24.8272
36,-57.0631,22.4125,23.022,23.5063,23.8255,24.0557,24.2346,24.3808,24.5035,24.6093,24.7009
37,-58.3176,22.2291,22.8076,23.277,23.5937,23.8274,24.0124,24.1662,24.297,24.411,24.5106
38,-59.6031,22.0607,22.6102,23.0539,23.3571,23.5842,23.7669,23.9211,24.0539,24.1713,24.2749
39,-60.9155,21.9144,22.4373,22.8519,23.136,23.3504,23.5245,23.6728,23.802,23.9172,24.02
40,-62.2491,21.7904,22.289,22.675,22.9388,23.1383,23.3008,23.4399,23.5618,23.6712,23.7694
41,-63.5965,21.6857,22.162,22.5217,22.7662,22.9508,23.1012,23.2301,23.3433,23.4452,23.537
42,-64.9483,21.5968,22.0524,22.3883,22.6152,22.786,22.9249,23.044,23.1485,23.2427,23.3276
43,-66.2936,21.5204,21.9567,22.271,22.4821,22.6404,22.7689,22.8789,22.9753,23.0622,23.1405
44,-67.6199,21.4537,21.8718,22.1666,22.3633,22.5104,22.6295,22.7313,22.8204,22.9007,22.973
45,-68.9139,21.3944,21.7952,22.0722,22.2559,22.3928,22.5035,22.5979,22.6804,22.7547,22.8216
46,-70.1621,21.3404,21.725,21.9856,22.1575,22.2851,22.3881,22.4758,22.5524,22.6213,22.6833
47,-71.3517,21.2904,21.6596,21.9052,22.0661,22.1852,22.2812,22.3628,22.434,22.498,22.5555
48,-72.4713,21.243,21.5977,21.8293,21.9802,22.0915,22.181,22.2569,22.3231,22.3827,22.4361
49,-73.512,21.1973,21.5383,21.7569,21.8984,22.0025,22.0859,22.1567,22.2184,22.2738,22.3235
50,-74.4674,21.1524,21.4803,21.6869,21.8197,21.9171,21.995,22.0609,22.1183,22.1699,22.2162
51,-75.3344,21.1076,21.4232,21.6186,21.7433,21.8344,21.9071,21.9685,22.022,22.07,22.1131
52,-76.1125,21.0623,21.3662,21.5512,21.6684,21.7536,21.8214,21.8787,21.9284,21.9732,22.0132
53,-76.8038,21.0159,21.3088,21.4841,21.5943,21.674,21.7373,21.7906,21.837,21.8786,21.9158
54,-77.4123,20.9682,21.2506,21.4169,21.5205,21.595,21.6541,21.7038,21.7469,21.7856,21.8202
55,-77.9436,20.9187,21.1913,21.3491,21.4465,21.5162,21.5713,21.6176,21.6576,21.6936,21.7258
56,-78.4042,20.8672,21.1304,21.2803,21.372,21.4372,21.4885,21.5315,21.5687,21.6022,21.632
57,-78.8009,20.8136,21.0678,21.2103,21.2966,21.3576,21.4053,21.4453,21.4798,21.5108,21.5385
58,-79.1407,20.7575,21.0033,21.1389,21.2201,21.277,21.3215,21.3585,21.3905,21.4193,21.4449
59,-79.4304,20.6989,20.9368,21.0658,21.1422,21.1954,21.2366,21.271,21.3006,21.3272,21.3508
60,-79.6763,20.6377,20.868,20.9908,21.0628,21.1124,21.1506,21.1824,21.2097,21.2343,21.2561
61,-79.8844,20.5739,20.7969,20.914,20.9817,21.0279,21.0633,21.0926,21.1178,21.1404,21.1605
62,-80.06,20.5073,20.7234,20.8351,20.8987,20.9417,20.9745,21.0015,21.0245,21.0453,21.0637
63,-80.2077,20.438,20.6476,20.7541,20.8139,20.8538,20.884,20.9088,20.9299,20.9489,20.9658
64,-80.3317,20.3659,20.5693,20.6709,20.7271,20.7641,20.7918,20.8145,20.8337,20.8511,20.8664
65,-80.4356,20.2911,20.4885,20.5855,20.6382,20.6725,20.6979,20.7185,20.736,20.7517,20.7656
66,-80.5226,20.2136,20.4053,20.4979,20.5473,20.5789,20.6021,20.6208,20.6365,20.6507,20.6632
67,-80.5953,20.1333,20.3196,20.4081,20.4543,20.4834,20.5044,20.5212,20.5353,20.5481,20.5592
68,-80.656,20.0504,20.2315,20.316,20.3592,20.3858,20.4048,20.4198,20.4324,20.4437,20.4536
69,-80.7066,19.9648,20.141,20.2216,20.262,20.2863,20.3033,20.3166,20.3276,20.3375,20.3462
70,-80.7489,19.8766,20.0481,20.1251,20.1627,20.1847,20.1998,20.2114,20.221,20.2296,20.2371
71,-80.784,19.7859,19.9528,20.0264,20.0613,20.0811,20.0943,20.1044,20.1125,20.1198,20.1262
72,-80.8133,19.6927,19.8552,19.9254,19.9578,19.9755,19.987,19.9955,20.0022,20.0083,20.0135
73,-80.8377,19.597,19.7553,19.8223,19.8522,19.8679,19.8776,19.8846,19.89,19.8949,19.8991
74,-80.858,19.4988,19.6532,19.7171,19.7446,19.7584,19.7664,19.7719,19.776,19.7798,19.7828
75,-80.8749,19.3983,19.5488,19.6097,19.635,19.6468,19.6532,19.6573,19.6602,19.6628,19.6648
76,-80.8889,19.2955,19.4422,19.5003,19.5233,19.5333,19.5382,19.5409,19.5425,19.544,19.5451
77,-80.9006,19.1904,19.3335,19.3889,19.4097,19.4179,19.4212,19.4226,19.423,19.4234,19.4235
78,-80.9103,19.0831,19.2227,19.2754,19.2941,19.3006,19.3024,19.3025,19.3017,19.3011,19.3003
79,-80.9184,18.9736,19.1099,19.1599,19.1766,19.1814,19.1818,19.1805,19.1787,19.177,19.1753
80,-80.9252,18.862,18.995,19.0426,19.0573,19.0604,19.0593,19.0568,19.0539,19.0512,19.0485
81,-80.9308,18.7483,18.8781,18.9233,18.936,18.9375,18.9351,18.9314,18.9273,18.9237,18.9201
82,-80.9355,18.6326,18.7593,18.8021,18.813,18.8129,18.8091,18.8042,18.7991,18.7945,18.7901
83,-80.9394,18.5149,18.6386,18.6791,18.6881,18.6865,18.6813,18.6753,18.6691,18.6636,18.6583
84,-80.9427,18.3953,18.516,18.5543,18.5615,18.5584,18.5519,18.5447,18.5375,18.5311,18.5249
85,-80.9454,18.2738,18.3917,18.4277,18.4332,18.4286,18.4208,18.4125,18.4043,18.3969,18.39
86,-80.9477,18.1504,18.2655,18.2994,18.3031,18.2971,18.288,18.2786,18.2694,18.2612,18.2534
87,-80.9496,18.0252,18.1376,18.1694,18.1714,18.1639,18.1537,18.1431,18.133,18.1239,18.1153
88,-80.9512,17.8983,18.008,18.0377,18.0381,18.0292,18.0177,18.0061,17.995,17.985,17.9757
89,-80.9525,17.7697,17.8767,17.9044,17.9032,17.8929,17.8802,17.8675,17.8555,17.8446,17.8345
90,-80.9537,17.6394,17.7438,17.7695,17.7667,17.755,17.7411,17.7274,17.7145,17.7028,17.6919
91,-80.9546,17.5075,17.6093,17.6331,17.6287,17.6156,17.6006,17.5859,17.572,17.5594,17.5478
92,-80.9554,17.374,17.4733,17.4951,17.4891,17.4748,17.4586,17.4428,17.428,17.4147,17.4023
93,-80.9561,17.239,17.3358,17.3557,17.3482,17.3325,17.3152,17.2984,17.2827,17.2685,17.2554
94,-80.9567,17.1025,17.1968,17.2148,17.2057,17.1888,17.1703,17.1525,17.136,17.121,17.1072
95,-80.9572,16.9645,17.0563,17.0725,17.0619,17.0437,17.0241,17.0053,16.9879,16.9721,16.9576
96,-80.9576,16.8251,16.9145,16.9288,16.9168,16.8972,16.8765,16.8568,16.8385,16.8219,16.8067
97,-80.958,16.6843,16.7713,16.7838,16.7703,16.7495,16.7277,16.707,16.6878,16.6704,16.6545
98,-80.9583,16.5422,16.6268,16.6375,16.6225,16.6004,16.5775,16.5558,16.5358,16.5177,16.501
99,-80.9586,16.3988,16.481,16.4899,16.4734,16.4501,16.4261,16.4035,16.3826,16.3637,16.3463
100,-80.9588,16.2542,16.334,16.3411,16.3231,16.2986,16.2735,16.2499,16.2281,16.2085,16.1904
101,-80.959,16.1083,16.1857,16.191,16.1716,16.1458,16.1197,16.0952,16.0725,16.0521,16.0334
102,-80.9592,15.9613,16.0363,16.0398,16.0189,15.9919,15.9647,15.9392,15.9158,15.8946,15.8752
103,-80.9594,15.8131,15.8858,15.8875,15.8651,15.8369,15.8086,15.7822,15.7579,15.736,15.7159
104,-80.9595,15.6638,15.7341,15.734,15.7103,15.6808,15.6514,15.6241,15.599,15.5763,15.5555
105,-80.9597,15.5135,15.5814,15.5795,15.5543,15.5236,15.4932,15.4649,15.4389,15.4155,15.394
106,-80.9598,15.3621,15.4276,15.4239,15.3973,15.3654,15.3339,15.3047,15.2779,15.2537,15.2315
107,-80.9599,15.2098,15.2728,15.2674,15.2393,15.2061,15.1736,15.1434,15.1158,15.0909,15.068
108,-80.96,15.0564,15.117,15.1098,15.0803,15.0459,15.0123,14.9812,14.9528,14.9271,14.9035
109,-80.9601,14.9022,14.9603,14.9513,14.9203,14.8848,14.8501,14.8181,14.7888,14.7623,14.7381
110,-80.9602,14.747,14.8027,14.7919,14.7595,14.7227,14.687,14.654,14.6238,14.5966,14.5717
111,-80.9603,14.591,14.6443,14.6316,14.5977,14.5597,14.5229,14.489,14.458,14.4301,14.4045
112,-80.9604,14.4342,14.4849,14.4705,14.4351,14.3959,14.358,14.3231,14.2913,14.2626,14.2363
113,-80.9605,14.2766,14.3248,14.3085,14.2717,14.2312,14.1923,14.1565,14.1238,14.0943,14.0673
114,-80.9606,14.1182,14.1639,14.1457,14.1074,14.0657,14.0257,13.9889,13.9554,13.9252,13.8975
115,-80.9606,13.9591,14.0022,13.9822,13.9424,13.8994,13.8583,13.8206,13.7863,13.7552,13.7269
116,-80.9607,13.7992,13.8397,13.8179,13.7766,13.7324,13.6902,13.6515,13.6163,13.5845,13.5555
117,-80.9608,13.6387,13.6766,13.6529,13.6101,13.5646,13.5213,13.4817,13.4456,13.4131,13.3833
118,-80.9609,13.4775,13.5128,13.4872,13.4429,13.3961,13.3517,13.3112,13.2742,13.2409,13.2104
119,-80.9609,13.3158,13.3484,13.3208,13.275,13.2269,13.1815,13.1399,13.1021,13.068,13.0368
120,-80.961,13.1534,13.1833,13.1538,13.1064,13.0571,13.0105,12.968,12.9293,12.8944,12.8625
121,-80.961,12.9904,13.0176,12.9861,12.9372,12.8866,12.8389,12.7954,12.7558,12.7201,12.6875
122,-80.9611,12.8269,12.8513,12.8179,12.7674,12.7155,12.6667,12.6221,12.5817,12.5452,12.5118
123,-80.9612,12.6629,12.6845,12.649,12.597,12.5438,12.4938,12.4483,12.407,12.3696,12.3356
124,-80.9612,12.4983,12.5171,12.4796,12.426,12.3714,12.3203,12.2738,12.2316,12.1935,12.1586
125,-80.9613,12.3333,12.3492,12.3097,12.2545,12.1986,12.1463,12.0988,12.0556,12.0167,11.9811
126,-80.9613,12.1678,12.1808,12.1393,12.0824,12.0252,11.9717,11.9232,11.8791,11.8393,11.803
127,-80.9614,12.0019,12.0119,11.9683,11.9099,11.8512,11.7966,11.747,11.702,11.6614,11.6243
128,-80.9615,11.8355,11.8426,11.7969,11.7368,11.6767,11.621,11.5703,11.5244,11.4829,11.4451
129,-80.9615,11.6688,11.6728,11.625,11.5632,11.5018,11.4448,11.3931,11.3462,11.3039,11.2653
130,-80.9616,11.5016,11.5026,11.4526,11.3891,11.3263,11.2681,11.2153,11.1675,11.1244,11.085
131,-80.9616,11.3341,11.3319,11.2798,11.2146,11.1504,11.091,11.0371,10.9883,10.9443,10.9041
132,-80.9617,11.1662,11.1609,11.1065,11.0397,10.974,10.9133,10.8584,10.8086,10.7637,10.7227
133,-80.9617,10.998,10.9895,10.9329,10.8643,10.7971,10.7352,10.6792,10.6284,10.5826,10.5408
134,-80.9618,10.8294,10.8177,10.7588,10.6885,10.6199,10.5567,10.4995,10.4478,10.4011,10.3585
135,-80.9618,10.6605,10.6455,10.5844,10.5122,10.4421,10.3777,10.3194,10.2666,10.219,10.1756
136,-80.9619,10.4914,10.473,10.4096,10.3356,10.264,10.1982,10.1388,10.085,10.0365,9.99223
137,-80.9619,10.3219,10.3001,10.2343,10.1586,10.0854,10.0184,9.95777,9.90299,9.8535,9.80839
138,-80.962,10.1521,10.1269,10.0588,9.98114,9.90648,9.83808,9.7763,9.72048,9.67005,9.62408
139,-80.962,9.98201,9.95333,9.88283,9.80333,9.72711,9.65737,9.5944,9.53752,9.48613,9.43929
140,-80.9621,9.81167,9.77946,9.70653,9.62514,9.54735,9.47624,9.41207,9.35412,9.30176,9.25403
141,-80.9621,9.64106,9.60528,9.52989,9.44658,9.36719,9.2947,9.22932,9.17027,9.11693,9.06831
142,-80.9622,9.47019,9.43078,9.3529,9.26765,9.18663,9.11275,9.04613,8.98599,8.93164,8.88211
143,-80.9622,9.29906,9.25597,9.17557,9.08835,9.00569,8.93039,8.86252,8.80126,8.7459,8.69545
144,-80.9622,9.12767,9.08085,8.9979,8.90868,8.82436,8.74762,8.67848,8.61609,8.55971,8.50832
145,-80.9623,8.95604,8.90543,8.81989,8.72865,8.64264,8.56444,8.49402,8.43047,8.37305,8.32072
146,-80.9623,8.78416,8.7297,8.64154,8.54825,8.46053,8.38085,8.30913,8.24441,8.18593,8.13264
147,-80.9624,8.61203,8.55367,8.46285,8.36748,8.27803,8.19685,8.1238,8.0579,7.99835,7.94407
148,-80.9624,8.43965,8.37734,8.28382,8.18635,8.09513,8.01244,7.93804,7.87094,7.8103,7.75503
149,-80.9625,8.26702,8.2007,8.10444,8.00484,7.91184,7.8276,7.75184,7.68351,7.62176,7.56549
150,-80.9625,8.09415,8.02375,7.92472,7.82295,7.72814,7.64233,7.56519,7.49562,7.43275,7.37545
151,-80.9625,7.92102,7.84649,7.74465,7.64069,7.54404,7.45664,7.37808,7.30726,7.24324,7.1849
152,-80.9626,7.74764,7.66892,7.56423,7.45803,7.35951,7.2705,7.19052,7.11841,7.05323,6.99383
153,-80.9626,7.574,7.49102,7.38344,7.27498,7.17457,7.08391,7.00248,6.92907,6.86271,6.80223
154,-80.9627,7.4001,7.3128,7.20229,7.09153,6.98919,6.89687,6.81396,6.73923,6.67166,6.61009
155,-80.9627,7.22594,7.13425,7.02076,6.90767,6.80338,6.70936,6.62495,6.54887,6.48008,6.41739
156,-80.9627,7.05149,6.95536,6.83885,6.72339,6.61711,6.52137,6.43543,6.35798,6.28795,6.22412
157,-80.9628,6.87677,6.77612,6.65654,6.53868,6.43038,6.33289,6.2454,6.16656,6.09526,6.03027
158,-80.9628,6.70176,6.59652,6.47383,6.35352,6.24317,6.1439,6.05483,5.97457,5.90199,5.83582
159,-80.9629,6.52645,6.41655,6.2907,6.16791,6.05548,5.95439,5.86371,5.78201,5.70812,5.64076
160,-80.9629,6.35083,6.23621,6.10715,5.98183,5.86728,5.76435,5.67204,5.58887,5.51363,5.44505
161,-80.9629,6.1749,6.05547,5.92315,5.79528,5.67856,5.57376,5.47978,5.39511,5.31852,5.24869
162,-80.963,5.99864,5.87433,5.7387,5.60822,5.48931,5.38259,5.28692,5.20073,5.12275,5.05165
163,-80.963,5.82204,5.69277,5.55378,5.42065,5.29951,5.19085,5.09344,5.0057,4.9263,4.85391
164,-80.9631,5.64509,5.51078,5.36838,5.23255,5.10913,4.99849,4.89933,4.81,4.72916,4.65545
165,-80.9631,5.46776,5.32835,5.18247,5.04389,4.91816,4.80551,4.70455,4.6136,4.53129,4.45623
166,-80.9631,5.29006,5.14545,4.99604,4.85467,4.72658,4.61187,4.50909,4.41649,4.33268,4.25625
167,-80.9632,5.11197,4.96207,4.80907,4.66486,4.53437,4.41757,4.31291,4.21864,4.1333,4.05546
168,-80.9632,4.93346,4.77819,4.62154,4.47444,4.3415,4.22256,4.11601,4.02002,3.93311,3.85384
169,-80.9632,4.75452,4.5938,4.43343,4.28338,4.14796,4.02683,3.91834,3.8206,3.7321,3.65136
170,-80.9633,4.57513,4.40886,4.24472,4.09167,3.9537,3.83036,3.71988,3.62035,3.53022,3.44799
171,-80.9633,4.39529,4.22337,4.05538,3.89927,3.75871,3.6331,3.5206,3.41925,3.32745,3.2437
172,-80.9633,4.21495,4.03729,3.86539,3.70617,3.56297,3.43504,3.32048,3.21726,3.12376,3.03844
173,-80.9634,4.03411,3.85061,3.67472,3.51233,3.36643,3.23614,3.11947,3.01435,2.9191,2.83218
174,-80.9634,3.85274,3.6633,3.48335,3.31773,3.16907,3.03637,2.91755,2.81047,2.71345,2.6249
175,-80.9634,3.67083,3.47534,3.29126,3.12233,2.97086,2.8357,2.71467,2.60561,2.50676,2.41654
176,-80.9635,3.48834,3.2867,3.0984,2.9261,2.77177,2.63409,2.51081,2.39971,2.299,2.20706
177,-80.9635,3.30526,3.09735,2.90476,2.72902,2.57176,2.43151,2.30592,2.19274,2.09012,1.99643
178,-80.9635,3.12155,2.90726,2.71029,2.53105,2.3708,2.22791,2.09997,1.98465,1.88008,1.78459
179,-80.9636,2.93719,2.7164,2.51498,2.33215,2.16884,2.02326,1.89291,1.77541,1.66884,1.57151
180,-80.9636,2.75216,2.52475,2.31877,2.13229,1.96585,1.81752,1.6847,1.56496,1.45634,1.35713
181,-80.9636,2.56643,2.33227,2.12165,1.93143,1.76179,1.61065,1.4753,1.35327,1.24255,1.1414
182,-80.9637,2.37996,2.13892,1.92356,1.72953,1.55662,1.40259,1.26465,1.14027,1.0274,0.924272
183,-80.9637,2.19273,1.94468,1.72448,1.52654,1.35029,1.19331,1.05272,0.925931,0.810853,0.705688
184,-80.9637,2.0047,1.7495,1.52436,1.32243,1.14275,0.98275,0.839444,0.710187,0.592846,0.485593
185,-80.9638,1.81584,1.55335,1.32317,1.11715,0.933968,0.770867,0.624776,0.492988,0.373322,0.263926
186,-80.9638,1.62612,1.35619,1.12085,0.910661,0.723883,0.557608,0.40866,0.274275,0.152224,0.0406277
187,-80.9638,1.4355,1.15798,0.917369,0.702905,0.512448,0.342918,0.191039,0.0539887,-0.070511,-0.184367
188,-80.9638,1.24394,0.958667,0.712675,0.493835,0.299609,0.12674,-0.0281449,-0.167932,-0.294947,-0.411125
189,-80.9639,1.0514,0.75822,0.506721,0.283401,0.08531,-0.0909821,-0.248954,-0.391551,-0.52115,-0.639715
190,-80.9639,0.857856,0.55659,0.299457,0.0715472,-0.130505,-0.310311,-0.471451,-0.616935,-0.749189,-0.870208
191,-80.9639,0.663252,0.35373,0.0908314,-0.141781,-0.347897,-0.531308,-0.695703,-0.844153,-0.979137,-1.10268
192,-80.964,0.467549,0.149589,-0.119209,-0.356641,-0.566926,-0.754041,-0.921778,-1.07328,-1.21107,-1.33721
193,-80.964,0.270703,-0.0558811,-0.330721,-0.573094,-0.787658,-0.978575,-1.14975,-1.30438,-1.44506,-1.57387
194,-80.964,0.0726677,-0.262735,-0.543761,-0.791203,-1.01016,-1.20498,-1.37969,-1.53754,-1.68119,-1.81275
195,-80.964,-0.126604,-0.471026,-0.75839,-1.01103,-1.2345,-1.43333,-1.61167,-1.77284,-1.91955,-2.05394
196,-80.9641,-0.327162,-0.680811,-0.97467,-1.23265,-1.46074,-1.66371,-1.84578,-2.01036,-2.16022,-2.29752
197,-80.9641,-0.529057,-0.892148,-1.19267,-1.45612,-1.68898,-1.89618,-2.08209,-2.25019,-2.40329,-2.54359
198,-80.9641,-0.732342,-1.1051,-1.41244,-1.68152,-1.91927,-2.13084,-2.3207,-2.49242,-2.64885,-2.79225
199,-80.9642,-0.937071,-1.31973,-1.63407,-1.90892,-2.1517,-2.36776,-2.56169,-2.73713,-2.897,-3.04358
200,-80.9642,-1.1433,-1.5361,-1.85763,-2.13841,-2.38636,-2.60703,-2.80516,-2.98443,-3.14784,-3.29771
201,-80.9642,-1.35109,-1.75427,-2.08318,-2.37006,-2.62332,-2.84875,-3.05119,-3.23441,-3.40147,-3.55473
202,-80.9642,-1.56051,-1.97433,-2.3108,-2.60395,-2.86268,-3.09301,-3.29989,-3.48718,-3.65801,-3.81476
203,-80.9643,-1.7716,-2.19634,-2.54059,-2.84017,-3.10454,-3.3399,-3.55135,-3.74284,-3.91755,-4.07791
204,-80.9643,-1.98445,-2.42038,-2.7726,-3.07881,-3.34897,-3.58952,-3.8057,-4.00151,-4.18022,-4.34429
205,-80.9643,-2.19912,-2.64652,-3.00695,-3.31997,-3.59609,-3.84199,-4.06302,-4.2633,-4.44613,-4.61403
206,-80.9643,-2.41567,-2.87485,-3.2437,-3.56373,-3.846,-4.0974,-4.32344,-4.52831,-4.7154,-4.88726
207,-80.9644,-2.63418,-3.10544,-3.48296,-3.8102,-4.09879,-4.35587,-4.58708,-4.79669,-4.98817,-5.1641
208,-80.9644,-2.85473,-3.33839,-3.72481,-4.05948,-4.35459,-4.61751,-4.85404,-5.06854,-5.26455,-5.44469
209,-80.9644,-3.07738,-3.57379,-3.96936,-4.31167,-4.61349,-4.88244,-5.12446,-5.344,-5.54468,-5.72917
210,-80.9644,-3.30223,-3.81172,-4.21671,-4.56689,-4.87562,-5.15078,-5.39846,-5.6232,-5.8287,-6.01766
211,-80.9645,-3.52936,-4.05228,-4.46695,-4.82524,-5.14109,-5.42265,-5.67617,-5.90627,-6.11674,-6.31033
212,-80.9645,-3.75884,-4.29557,-4.72021,-5.08684,-5.41003,-5.69819,-5.95772,-6.19336,-6.40896,-6.60732
213,-80.9645,-3.99077,-4.54169,-4.97659,-5.35181,-5.68256,-5.97752,-6.24326,-6.48461,-6.70549,-6.90877
214,-80.9645,-4.22524,-4.79074,-5.2362,-5.62027,-5.95882,-6.26079,-6.53293,-6.78015,-7.00649,-7.21484
215,-80.9646,-4.46235,-5.04284,-5.49916,-5.89235,-6.23892,-6.54813,-6.82686,-7.08015,-7.31211,-7.52569
216,-80.9646,-4.70219,-5.29809,-5.76559,-6.16817,-6.52302,-6.83967,-7.1252,-7.38474,-7.6225,-7.84147
217,-80.9646,-4.94485,-5.5566,-6.03562,-6.44787,-6.81125,-7.13558,-7.42811,-7.69409,-7.93782,-8.16234
218,-80.9646,-5.19045,-5.81851,-6.30937,-6.73158,-7.10374,-7.43598,-7.73573,-8.00835,-8.25823,-8.48848
219,-80.9647,-5.43909,-6.08391,-6.58697,-7.01944,-7.40066,-7.74104,-8.04822,-8.32767,-8.58389,-8.82003
220,-80.9647,-5.69088,-6.35295,-6.86856,-7.3116,-7.70213,-8.0509,-8.36573,-8.65222,-8.91496,-9.15716
221,-80.9647,-5.94594,-6.62574,-7.15428,-7.60819,-8.00831,-8.36572,-8.68843,-8.98216,-9.2516,-9.50003
222,-80.9647,-6.20436,-6.90242,-7.44425,-7.90936,-8.31935,-8.68564,-9.01646,-9.31763,-9.59397,-9.8488
223,-80.9648,-6.46628,-7.18311,-7.73863,-8.21525,-8.6354,-9.01084,-9.34998,-9.65881,-9.94223,-10.2036
224,-80.9648,-6.73182,-7.46795,-8.03755,-8.52602,-8.95662,-9.34145,-9.68915,-10.0058,-10.2965,-10.5647
225,-80.9648,-7.00109,-7.75708,-8.34116,-8.84182,-9.28315,-9.67763,-10.0341,-10.3589,-10.657,-10.9321
226,-80.9648,-7.27423,-8.05064,-8.64961,-9.16279,-9.61515,-10.0195,-10.3851,-10.7181,-11.0239,-11.306
227,-80.9648,-7.55137,-8.34876,-8.96304,-9.48909,-9.95278,-10.3673,-10.7421,-11.0836,-11.3972,-11.6866
228,-80.9649,-7.83263,-8.6516,-9.28159,-9.82086,-10.2962,-10.7212,-11.1054,-11.4556,-11.7772,-12.074
229,-80.9649,-8.11814,-8.95928,-9.60543,-10.1583,-10.6455,-11.0811,-11.4751,-11.8341,-12.1639,-12.4683
230,-80.9649,-8.40805,-9.27197,-9.93469,-10.5014,-11.0008,-11.4474,-11.8513,-12.2194,-12.5575,-12.8696
231,-80.9649,-8.70249,-9.58979,-10.2695,-10.8505,-11.3624,-11.8202,-12.2342,-12.6115,-12.9582,-13.2781
232,-80.965,-9.00159,-9.91291,-10.6101,-11.2056,-11.7303,-12.1995,-12.6238,-13.0106,-13.3659,-13.6938
233,-80.965,-9.3055,-10.2414,-10.9565,-11.5669,-12.1047,-12.5855,-13.0203,-13.4167,-13.7808,-14.1169
234,-80.965,-9.61435,-10.5755,-11.3088,-11.9346,-12.4856,-12.9783,-13.4238,-13.8299,-14.203,-14.5473
235,-80.965,-9.92828,-10.9154,-11.6673,-12.3086,-12.8732,-13.378,-13.8344,-14.2504,-14.6326,-14.9853
236,-80.965,-10.2474,-11.261,-12.0321,-12.6892,-13.2677,-13.7847,-14.2522,-14.6782,-15.0696,-15.4308
237,-80.9651,-10.5719,-11.6126,-12.4032,-13.0765,-13.669,-14.1985,-14.6772,-15.1134,-15.5141,-15.8839
238,-80.9651,-10.9019,-11.9703,-12.7808,-13.4706,-14.0774,-14.6195,-15.1096,-15.5561,-15.9662,-16.3446
239,-80.9651,-11.2375,-12.3343,-13.165,-13.8715,-14.4928,-15.0477,-15.5493,-16.0063,-16.4259,-16.8131
240,-80.9651,-11.5789,-12.7045,-13.5559,-14.2794,-14.9153,-15.4832,-15.9965,-16.464,-16.8934,-17.2894
241,-80.9651,-11.9261,-13.0812,-13.9535,-14.6942,-15.3451,-15.9261,-16.4511,-16.9294,-17.3685,-17.7736
242,-80.9652,-12.2793,-13.4645,-14.358,-15.1162,-15.7821,-16.3764,-16.9134,-17.4024,-17.8515,-18.2658
243,-80.9652,-12.6387,-13.8543,-14.7695,-15.5454,-16.2264,-16.8343,-17.3833,-17.8833,-18.3424,-18.766
244,-80.9652,-13.0042,-14.2509,-15.188,-15.9817,-16.6782,-17.2996,-17.8609,-18.372,-18.8414,-19.2745
245,-80.9652,-13.376,-14.6543,-15.6135,-16.4254,-17.1374,-17.7726,-18.3463,-18.8688,-19.3486,-19.7913
246,-80.9652,-13.7543,-15.0646,-16.0462,-16.8764,-17.6042,-18.2534,-18.8397,-19.3736,-19.8641,-20.3167
247,-80.9653,-14.139,-15.4818,-16.4861,-17.3348,-18.0786,-18.742,-19.3411,-19.8868,-20.3882,-20.851
248,-80.9653,-14.5304,-15.906,-16.9333,-17.8007,-18.5607,-19.2385,-19.8507,-20.4085,-20.9211,-21.3944
249,-80.9653,-14.9283,-16.3373,-17.3878,-18.2742,-19.0507,-19.7432,-20.3688,-20.939,-21.4631,-21.9472
250,-80.9653,-15.333,-16.7757,-17.8497,-18.7554,-19.5487,-20.2562,-20.8956,-21.4785,-22.0145,-22.5098
251,-80.9653,-15.7446,-17.2214,-18.3192,-19.2444,-20.0549,-20.7778,-21.4314,-22.0274,-22.5757,-23.0826
252,-80.9654,-16.1629,-17.6743,-18.7962,-19.7415,-20.5695,-21.3083,-21.9764,-22.586,-23.1471,-23.666
253,-80.9654,-16.5882,-18.1346,-19.2811,-20.2467,-21.0927,-21.8478,-22.5311,-23.1547,-23.7291,-24.2604
254,-80.9654,-17.0205,-18.6024,-19.7739,-20.7604,-21.6248,-22.3969,-23.0957,-23.734,-24.3221,-24.8664
255,-80.9654,-17.4599,-19.0778,-20.2748,-21.2827,-22.1663,-22.9558,-23.6708,-24.3242,-24.9265,-25.4842
256,-80.9654,-17.9064,-19.5609,-20.7841,-21.8141,-22.7173,-23.5249,-24.2568,-24.9259,-25.5429,-26.1144
257,-80.9655,-18.3602,-20.052,-21.3019,-22.3547,-23.2784,-24.1047,-24.854,-25.5393,-26.1716,-26.7573
258,-80.9655,-18.8214,-20.5512,-21.8287,-22.905,-23.8499,-24.6956,-25.4629,-26.165,-26.813,-27.4133
259,-80.9655,-19.2901,-21.0588,-22.3647,-23.4654,-24.4322,-25.2981,-26.084,-26.8034,-27.4674,-28.0829
260,-80.9655,-19.7664,-21.5751,-22.9104,-24.0362,-25.0258,-25.9125,-26.7176,-27.4548,-28.1354,-28.7662
261,-80.9655,-20.2506,-22.1004,-23.466,-24.618,-25.6311,-26.5393,-27.3641,-28.1196,-28.817,-29.4635
262,-80.9655,-20.7429,-22.6349,-24.032,-25.2111,-26.2485,-27.1788,-28.0239,-28.798,-29.5127,-30.1751
263,-80.9656,-21.2435,-23.1792,-24.6088,-25.8159,-26.8783,-27.8314,-28.6972,-29.4903,-30.2226,-30.9012
264,-80.9656,-21.7527,-23.7336,-25.1968,-26.4329,-27.5211,-28.4973,-29.3844,-30.1968,-30.9469,-31.6421
265,-80.9656,-22.2709,-24.2984,-25.7965,-27.0623,-28.177,-29.177,-30.0856,-30.9177,-31.686,-32.3979
266,-80.9656,-22.7983,-24.8741,-26.4083,-27.7047,-28.8463,-29.8706,-30.8011,-31.6532,-32.4399,-33.1689
267,-80.9656,-23.3353,-25.4612,-27.0325,-28.3602,-29.5295,-30.5783,-31.5311,-32.4035,-33.209,-33.9553
268,-80.9656,-23.8824,-26.06,-27.6694,-29.0293,-30.2265,-31.3004,-32.2758,-33.1689,-33.9935,-34.7576
269,-80.9657,-24.4399,-26.6708,-28.3194,-29.712,-30.9378,-32.0371,-33.0355,-33.9497,-34.7938,-35.5761
270,-80.9657,-25.0083,-27.2942,-28.9828,-30.4087,-31.6635,-32.7886,-33.8104,-34.7462,-35.6102,-36.4112
271,-80.9657,-25.5879,-27.9303,-29.6598,-31.1195,-32.4038,-33.5552,-34.6009,-35.5587,-36.4433,-37.2636
272,-80.9657,-26.1791,-28.5796,-30.3507,-31.8448,-33.159,-34.3371,-35.4074,-36.3877,-37.2935,-38.1338
273,-80.9657,-26.7823,-29.2422,-31.0556,-32.5847,-33.9293,-35.1348,-36.2302,-37.2339,-38.1616,-39.0225
274,-80.9657,-27.3979,-29.9184,-31.7748,-33.3394,-34.7151,-35.9487,-37.0699,-38.0977,-39.0481,-39.9306
275,-80.9658,-28.0262,-30.6085,-32.5086,-34.1093,-35.5168,-36.7793,-37.9271,-38.9799,-39.954,-40.859
276,-80.9658,-28.6675,-31.3127,-33.2571,-34.8948,-36.3349,-37.627,-38.8025,-39.8813,-40.8802,-41.8087
277,-80.9658,-29.322,-32.0311,-34.0207,-35.6961,-37.1697,-38.4926,-39.6969,-40.8029,-41.8276,-42.7808
278,-80.9658,-29.99,-32.764,-34.7997,-36.5137,-38.022,-39.3769,-40.6112,-41.7456,-42.7974,-43.7764
279,-80.9658,-30.6717,-33.5118,-35.5944,-37.3483,-38.8925,-40.2807,-41.5463,-42.7104,-43.7906,-44.7969
280,-80.9658,-31.3673,-34.2745,-36.4054,-38.2004,-39.7819,-41.2048,-42.5033,-43.6986,-44.8087,-45.8434
281,-80.9659,-32.0771,-35.0528,-37.2331,-39.0707,-40.6911,-42.1504,-43.4833,-44.7114,-45.8528,-46.9174
282,-80.9659,-32.8013,-35.8468,-38.0782,-39.9601,-41.6211,-43.1185,-44.4876,-45.7501,-46.9243,-48.0202
283,-80.9659,-33.5401,-36.6571,-38.9414,-40.8694,-42.573,-44.1104,-45.5174,-46.816,-48.0245,-49.153
284,-80.9659,-34.2939,-37.4843,-39.8234,-41.7996,-43.5478,-45.1273,-46.5741,-47.9104,-49.1547,-50.3169
285,-80.9659,-35.063,-38.329,-40.7251,-42.7519,-44.5469,-46.1704,-47.6589,-49.0347,-50.3161,-51.513
286,-80.9659,-35.8477,-39.1919,-41.6475,-43.7272,-45.5714,-47.2412,-48.7732,-50.1898,-51.5095,-52.7419
287,-80.9659,-36.6487,-40.0737,-42.5917,-44.7269,-46.6227,-48.3408,-49.9182,-51.377,-52.7357,-54.0038
288,-80.966,-37.4663,-40.9755,-43.5587,-45.7523,-47.7022,-49.4707,-51.0949,-52.5968,-53.9948,-55.2981
289,-80.966,-38.3013,-41.8982,-44.5498,-46.8047,-48.811,-50.6318,-52.304,-53.8495,-55.2865,-56.6238
290,-80.966,-39.1543,-42.8428,-45.5663,-47.8853,-49.9505,-51.8251,-53.546,-55.1348,-56.6094,-57.9785
291,-80.966,-40.0262,-43.8105,-46.6094,-48.9954,-51.1215,-53.0511,-54.8208,-56.4516,-57.9613,-59.3585
292,-80.966,-40.9178,-44.8025,-47.6804,-50.1363,-52.325,-54.3099,-56.1273,-57.7977,-59.3387,-60.7586
293,-80.966,-41.83,-45.8201,-48.7807,-51.3089,-53.5613,-55.601,-57.4638,-59.1698,-60.7364,-62.1719
294,-80.966,-42.764,-46.8646,-49.9115,-52.5139,-54.8302,-56.9229,-58.8273,-60.5629,-62.1473,-63.5893
295,-80.9661,-43.7209,-47.9373,-51.0737,-53.7517,-56.1309,-58.2732,-60.2132,-61.9703,-63.5627,-65.0001
296,-80.9661,-44.7019,-49.0395,-52.2683,-55.0221,-57.4616,-59.6479,-61.6154,-63.3835,-64.9718,-66.3919
297,-80.9661,-45.7081,-50.1723,-53.4955,-56.3241,-58.8193,-61.0417,-63.0257,-64.792,-66.3623,-67.751
298,-80.9661,-46.7411,-51.3367,-54.7554,-57.6557,-60.1996,-62.4473,-64.4342,-66.1836,-67.7205,-69.0635
299,-80.9661,-47.8019,-52.5336,-56.0472,-59.0138,-61.5963,-63.8555,-65.8293,-67.545,-69.0326,-70.3157
300,-80.9661,-48.8919,-53.7631,-57.369,-60.3937,-63.0014,-65.2553,-67.1977,-68.8622,-70.2849,-71.4955
301,-80.9661,-50.0124,-55.0251,-58.7182,-61.7892,-64.4052,-66.6342,-68.5258,-70.1216,-71.4654,-72.593
302,-80.9662,-51.1642,-56.3187,-60.0904,-63.1919,-65.796,-67.9788,-69.7997,-71.3108,-72.5639,-73.6012
303,-80.9662,-52.3483,-57.642,-61.4797,-64.592,-67.161,-69.275,-71.0068,-72.4196,-73.5735,-74.5162
304,-80.9662,-53.565,-58.9919,-62.8785,-65.9776,-68.4863,-70.5097,-72.136,-73.4404,-74.4903,-75.3374
305,-80.9662,-54.8143,-60.3639,-64.2771,-67.3358,-69.7583,-71.6711,-73.1792,-74.3689,-75.3133,-76.0667
306,-80.9662,-56.0954,-61.7517,-65.6642,-68.6527,-70.9643,-72.7499,-74.1313,-75.2039,-76.0446,-76.7084
307,-80.9662,-57.4066,-63.1474,-67.0271,-69.9148,-72.0933,-73.7395,-74.99,-75.9469,-76.6883,-77.2685
308,-80.9662,-58.7451,-64.541,-68.3522,-71.1097,-73.1371,-74.6366,-75.7563,-76.6019,-77.2503,-77.7538
309,-80.9662,-60.1068,-65.9211,-69.6258,-72.2268,-74.0904,-75.4408,-76.4335,-77.1744,-77.7375,-78.1718
310,-80.9663,-61.4858,-67.2748,-70.8353,-73.258,-74.951,-76.1544,-77.0268,-77.6712,-78.1572,-78.53
311,-80.9663,-62.8745,-68.5884,-71.9694,-74.1986,-75.7194,-76.782,-77.5427,-78.0996,-78.5171,-78.8358
312,-80.9663,-64.2637,-69.8485,-73.0198,-75.0466,-76.3991,-77.3294,-77.9884,-78.4672,-78.8243,-79.096
313,-80.9663,-65.642,-71.0425,-73.9806,-75.8031,-76.9949,-77.8037,-78.3713,-78.7813,-79.0858,-79.3169
314,-80.9663,-66.9971,-72.16,-74.8494,-76.4716,-77.5133,-78.2121,-78.6989,-79.0487,-79.3078,-79.5041
315,-80.9663,-68.3154,-73.1928,-75.6264,-77.0571,-77.9615,-78.5622,-78.9781,-79.2758,-79.496,-79.6626
316,-80.9663,-69.5835,-74.1358,-76.3147,-77.5663,-78.3468,-78.861,-79.2154,-79.4685,-79.6554,-79.7969
317,-80.9663,-70.7888,-74.987,-76.9189,-78.0062,-78.6765,-79.1154,-79.4168,-79.6317,-79.7904,-79.9107
318,-80.9664,-71.9201,-75.7471,-77.4453,-78.3842,-78.9577,-79.3313,-79.5874,-79.7699,-79.9048,-80.0072
319,-80.9664,-72.9689,-76.4195,-77.9008,-78.7077,-79.1968,-79.5145,-79.732,-79.8871,-80.0018,-80.0892
320,-80.9664,-73.9294,-77.009,-78.2928,-78.9835,-79.3998,-79.6696,-79.8544,-79.9864,-80.0843,-80.1592
321,-80.9664,-74.7988,-77.5222,-78.6287,-79.218,-79.5719,-79.8011,-79.9583,-80.0709,-80.1547,-80.2189
322,-80.9664,-75.5773,-77.9659,-78.9152,-79.417,-79.7176,-79.9126,-80.0465,-80.1428,-80.2148,-80.2703
323,-80.9664,-76.2676,-78.3475,-79.1591,-79.5857,-79.8412,-80.0072,-80.1216,-80.2043,-80.2664,-80.3145
324,-80.9664,-76.8743,-78.6743,-79.3662,-79.7287,-79.946,-80.0876,-80.1858,-80.257,-80.3109,-80.3529
325,-80.9664,-77.4034,-78.9531,-79.5419,-79.8499,-80.035,-80.1562,-80.2407,-80.3024,-80.3494,-80.3864
326,-80.9665,-77.8617,-79.1902,-79.6907,-79.9527,-80.1107,-80.2149,-80.288,-80.3418,-80.383,-80.4157
327,-80.9665,-78.2566,-79.3916,-79.8169,-80.0401,-80.1754,-80.2653,-80.3289,-80.376,-80.4125,-80.4417
328,-80.9665,-78.595,-79.5624,-79.9239,-80.1145,-80.2309,-80.3088,-80.3644,-80.4061,-80.4386,-80.4647
329,-80.9665,-78.8841,-79.7072,-80.0148,-80.178,-80.2785,-80.3465,-80.3955,-80.4326,-80.4618,-80.4854
330,-80.9665,-79.1303,-79.8299,-80.0922,-80.2324,-80.3198,-80.3794,-80.4229,-80.4561,-80.4825,-80.5041
331,-80.9665,-79.3395,-79.9341,-80.1582,-80.2793,-80.3556,-80.4083,-80.4472,-80.4772,-80.5013,-80.5211
332,-80.9665,-79.517,-80.0225,-80.2147,-80.3198,-80.3869,-80.4338,-80.4688,-80.4962,-80.5183,-80.5368
333,-80.9665,-79.6675,-80.0978,-80.2633,-80.355,-80.4144,-80.4565,-80.4884,-80.5134,-80.534,-80.5512
334,-80.9665,-79.7951,-80.1621,-80.3052,-80.3858,-80.4388,-80.4769,-80.506,-80.5293,-80.5484,-80.5646
335,-80.9666,-79.9033,-80.2172,-80.3417,-80.413,-80.4606,-80.4953,-80.5222,-80.5438,-80.5618,-80.5772
336,-80.9666,-79.9952,-80.2646,-80.3735,-80.437,-80.4802,-80.5121,-80.5371,-80.5574,-80.5744,-80.589
337,-80.9666,-80.0734,-80.3055,-80.4014,-80.4585,-80.4979,-80.5275,-80.5509,-80.57,-80.5862,-80.6002
338,-80.9666,-80.1401,-80.3411,-80.4261,-80.4778,-80.5141,-80.5417,-80.5637,-80.582,-80.5975,-80.6109
339,-80.9666,-80.1972,-80.3721,-80.4481,-80.4953,-80.529,-80.5549,-80.5758,-80.5932,-80.6081,-80.6211
340,-80.9666,-80.2462,-80.3995,-80.4679,-80.5113,-80.5427,-80.5673,-80.5872,-80.6039,-80.6183,-80.6309
341,-80.9666,-80.2885,-80.4236,-80.4858,-80.526,-80.5556,-80.5789,-80.598,-80.6142,-80.6281,-80.6403
342,-80.9666,-80.3252,-80.4452,-80.502,-80.5396,-80.5677,-80.59,-80.6084,-80.624,-80.6376,-80.6495
343,-80.9666,-80.3572,-80.4646,-80.517,-80.5523,-80.579,-80.6005,-80.6183,-80.6335,-80.6467,-80.6584
344,-80.9667,-80.3852,-80.4821,-80.5308,-80.5642,-80.5898,-80.6105,-80.6278,-80.6426,-80.6556,-80.667
345,-80.9667,-80.41,-80.498,-80.5437,-80.5755,-80.6001,-80.6202,-80.637,-80.6515,-80.6642,-80.6754
346,-80.9667,-80.432,-80.5127,-80.5557,-80.5862,-80.61,-80.6295,-80.6459,-80.6601,-80.6725,-80.6835
347,-80.9667,-80.4518,-80.5263,-80.5671,-80.5964,-80.6195,-80.6385,-80.6546,-80.6685,-80.6807,-80.6915
348,-80.9667,-80.4696,-80.5389,-80.5779,-80.6062,-80.6286,-80.6472,-80.663,-80.6767,-80.6887,-80.6994
349,-80.9667,-80.4858,-80.5508,-80.5881,-80.6156,-80.6375,-80.6557,-80.6712,-80.6847,-80.6965,-80.707
350,-80.9667,-80.5006,-80.5619,-80.5979,-80.6246,-80.6461,-80.664,-80.6792,-80.6925,-80.7042,-80.7146
351,-80.9667,-80.5143,-80.5725,-80.6074,-80.6334,-80.6545,-80.672,-80.6871,-80.7001,-80.7117,-80.7219
352,-80.9667,-80.527,-80.5826,-80.6164,-80.642,-80.6626,-80.6799,-80.6947,-80.7076,-80.719,-80.7292
353,-80.9667,-80.5389,-80.5923,-80.6252,-80.6502,-80.6706,-80.6876,-80.7023,-80.715,-80.7263,-80.7363
354,-80.9668,-80.55,-80.6016,-80.6338,-80.6583,-80.6783,-80.6952,-80.7096,-80.7222,-80.7334,-80.7433
355,-80.9668,-80.5606,-80.6105,-80.6421,-80.6662,-80.686,-80.7026,-80.7169,-80.7293,-80.7404,-80.7502
356,-80.9668,-80.5707,-80.6192,-80.6501,-80.6739,-80.6934,-80.7098,-80.724,-80.7363,-80.7473,-80.757
357,-80.9668,-80.5803,-80.6276,-80.658,-80.6815,-80.7007,-80.717,-80.731,-80.7432,-80.754,-80.7637
358,-80.9668,-80.5895,-80.6358,-80.6657,-80.6889,-80.7079,-80.724,-80.7379,-80.75,-80.7607,-80.7702
359,-80.9668,-80.5984,-80.6437,-80.6732,-80.6962,-80.715,-80.7309,-80.7446,-80.7566,-80.7672,-80.7767
360,-80.9668,-80.607,-80.6515,-80.6806,-80.7033,-80.7219,-80.7377,-80.7513,-80.7632,-80.7737,-80.7831
361,-80.9668,-80.6153,-80.6591,-80.6879,-80.7103,-80.7287,-80.7444,-80.7578,-80.7696,-80.7801,-80.7894
362,-80.9668,-80.6234,-80.6666,-80.695,-80.7172,-80.7355,-80.7509,-80.7643,-80.776,-80.7863,-80.7956
363,-80.9668,-80.6313,-80.6738,-80.702,-80.7239,-80.7421,-80.7574,-80.7707,-80.7822,-80.7925,-80.8017
364,-80.9668,-80.639,-80.681,-80.7088,-80.7306,-80.7486,-80.7638,-80.7769,-80.7884,-80.7986,-80.8077
365,-80.9669,-80.6465,-80.688,-80.7156,-80.7372,-80.755,-80.7701,-80.7831,-80.7945,-80.8046,-80.8136
366,-80.9669,-80.6538,-80.6949,-80.7222,-80.7436,-80.7613,-80.7763,-80.7892,-80.8005,-80.8105,-80.8195
367,-80.9669,-80.661,-80.7017,-80.7288,-80.75,-80.7675,-80.7824,-80.7952,-80.8064,-80.8163,-80.8252
368,-80.9669,-80.668,-80.7083,-80.7352,-80.7563,-80.7736,-80.7884,-80.8011,-80.8122,-80.8221,-80.8309
369,-80.9669,-80.6749,-80.7149,-80.7415,-80.7624,-80.7797,-80.7943,-80.8069,-80.818,-80.8278,-80.8365
370,-80.9669,-80.6817,-80.7213,-80.7478,-80.7685,-80.7856,-80.8002,-80.8127,-80.8237,-80.8334,-80.8421
371,-80.9669,-80.6884,-80.7277,-80.7539,-80.7745,-80.7915,-80.8059,-80.8184,-80.8293,-80.8389,-80.8475
372,-80.9669,-80.695,-80.7339,-80.76,-80.7804,-80.7973,-80.8116,-80.824,-80.8348,-80.8444,-80.8529
373,-80.9669,-80.7014,-80.7401,-80.766,-80.7863,-80.803,-80.8172,-80.8295,-80.8402,-80.8497,-80.8582
374,-80.9669,-80.7078,-80.7462,-80.7719,-80.792,-80.8086,-80.8228,-80.8349,-80.8456,-80.855,-80.8635
375,-80.9669,-80.7141,-80.7522,-80.7777,-80.7977,-80.8142,-80.8282,-80.8403,-80.8509,-80.8603,-80.8687
376,-80.967,-80.7202,-80.7581,-80.7834,-80.8033,-80.8197,-80.8336,-80.8456,-80.8561,-80.8654,-80.8738
377,-80.967,-80.7263,-80.7639,-80.7891,-80.8088,-80.8251,-80.8389,-80.8509,-80.8613,-80.8705,-80.8788
378,-80.967,-80.7323,-80.7696,-80.7946,-80.8142,-80.8304,-80.8442,-80.856,-80.8664,-80.8756,-80.8838
379,-80.967,-80.7382,-80.7753,-80.8001,-80.8196,-80.8357,-80.8493,-80.8611,-80.8714,-80.8806,-80.8887
380,-80.967,-80.744,-80.7809,-80.8055,-80.8249,-80.8409,-80.8544,-80.8662,-80.8764,-80.8855,-80.8936
381,-80.967,-80.7497,-80.7864,-80.8109,-80.8301,-80.846,-80.8595,-80.8711,-80.8813,-80.8903,-80.8983
382,-80.967,-80.7554,-80.7918,-80.8162,-80.8353,-80.8511,-80.8645,-80.876,-80.8861,-80.8951,-80.9031
383,-80.967,-80.7609,-80.7971,-80.8214,-80.8404,-80.8561,-80.8694,-80.8809,-80.8909,-80.8998,-80.9077
384,-80.967,-80.7664,-80.8024,-80.8265,-80.8454,-80.861,-80.8742,-80.8856,-80.8956,-80.9045,-80.9124
385,-80.967,-80.7719,-80.8077,-80.8316,-80.8504,-80.8659,-80.879,-80.8904,-80.9003,-80.9091,-80.9169
386,-80.967,-80.7772,-80.8128,-80.8366,-80.8553,-80.8707,-80.8838,-80.895,-80.9049,-80.9136,-80.9214
387,-80.967,-80.7825,-80.8179,-80.8416,-80.8601,-80.8754,-80.8884,-80.8996,-80.9094,-80.9181,-80.9258
388,-80.9671,-80.7877,-80.8229,-80.8464,-80.8649,-80.8801,-80.893,-80.9042,-80.9139,-80.9225,-80.9302
389,-80.9671,-80.7928,-80.8278,-80.8513,-80.8696,-80.8848,-80.8976,-80.9087,-80.9183,-80.9269,-80.9346
390,-80.9671,-80.7979,-80.8327,-80.856,-80.8743,-80.8893,-80.9021,-80.9131,-80.9227,-80.9312,-80.9388
391,-80.9671,-80.8029,-80.8376,-80.8607,-80.8789,-80.8938,-80.9065,-80.9175,-80.927,-80.9355,-80.9431
392,-80.9671,-80.8079,-80.8423,-80.8654,-80.8834,-80.8983,-80.9109,-80.9218,-80.9313,-80.9397,-80.9472
393,-80.9671,-80.8127,-80.847,-80.8699,-80.8879,-80.9027,-80.9152,-80.9261,-80.9355,-80.9439,-80.9514
394,-80.9671,-80.8175,-80.8517,-80.8745,-80.8923,-80.907,-80.9195,-80.9303,-80.9397,-80.948,-80.9554
395,-80.9671,-80.8223,-80.8562,-80.8789,-80.8967,-80.9113,-80.9237,-80.9344,-80.9438,-80.9521,-80.9595
396,-80.9671,-80.827,-80.8608,-80.8833,-80.901,-80.9156,-80.9279,-80.9386,-80.9479,-80.9561,-80.9635
397,-80.9671,-80.8316,-80.8652,-80.8877,-80.9053,-80.9198,-80.932,-80.9426,-80.9519,-80.9601,-80.9674
398,-80.9671,-80.8362,-80.8697,-80.892,-80.9095,-80.9239,-80.9361,-80.9466,-80.9558,-80.964,-80.9713
399,-80.9671,-80.8407,-80.874,-80.8963,-80.9136,-80.928,-80.9401,-80.9506,-80.9598,-80.9679,-80.9751
400,-80.9671,-80.8452,-80.8783,-80.9005,-80.9178,-80.932,-80.9441,-80.9545,-80.9636,-80.9717,-80.9789
401,-80.9671,-80.8496,-80.8826,-80.9046,-80.9218,-80.936,-80.948,-80.9584,-80.9675,-80.9755,-80.9826
402,-80.9672,-80.8539,-80.8868,-80.9087,-80.9258,-80.94,-80.9519,-80.9622,-80.9713,-80.9792,-80.9864
403,-80.9672,-80.8582,-80.8909,-80.9127,-80.9298,-80.9439,-80.9558,-80.966,-80.975,-80.9829,-80.99
404,-80.9672,-80.8625,-80.895,-80.9168,-80.9337,-80.9477,-80.9596,-80.9698,-80.9787,-80.9866,-80.9936
405,-80.9672,-80.8667,-80.8991,-80.9207,-80.9376,-80.9515,-80.9633,-80.9735,-80.9823,-80.9902,-80.9972
406,-80.9672,-80.8708,-80.9031,-80.9246,-80.9414,-80.9553,-80.967,-80.9771,-80.986,-80.9938,-81.0007
407,-80.9672,-80.8749,-80.907,-80.9285,-80.9452,-80.959,-80.9707,-80.9807,-80.9895,-80.9973,-81.0042
408,-80.9672,-80.879,-80.911,-80.9323,-80.949,-80.9627,-80.9743,-80.9843,-80.9931,-81.0008,-81.0077
409,-80.9672,-80.8829,-80.9148,-80.9361,-80.9526,-80.9663,-80.9779,-80.9878,-80.9965,-81.0042,-81.0111
410,-80.9672,-80.8869,-80.9186,-80.9398,-80.9563,-80.9699,-80.9814,-80.9913,-81,-81.0077,-81.0145
411,-80.9672,-80.8908,-80.9224,-80.9435,-80.9599,-80.9735,-80.9849,-80.9948,-81.0034,-81.011,-81.0178
412,-80.9672,-80.8946,-80.9261,-80.9471,-80.9635,-80.977,-80.9884,-80.9982,-81.0068,-81.0144,-81.0211
413,-80.9672,-80.8985,-80.9298,-80.9507,-80.967,-80.9804,-80.9918,-81.0016,-81.0101,-81.0177,-81.0244
414,-80.9672,-80.9022,-80.9335,-80.9543,-80.9705,-80.9839,-80.9952,-81.0049,-81.0134,-81.0209,-81.0276
415,-80.9672,-80.9059,-80.9371,-80.9578,-80.9739,-80.9872,-80.9985,-81.0082,-81.0167,-81.0241,-81.0308
416,-80.9673,-80.9096,-80.9406,-80.9612,-80.9773,-80.9906,-81.0018,-81.0115,-81.0199,-81.0273,-81.034
417,-80.9673,-80.9132,-80.9441,-80.9647,-80.9807,-80.9939,-81.0051,-81.0147,-81.0231,-81.0305,-81.0371
418,-80.9673,-80.9168,-80.9476,-80.9681,-80.9841,-80.9972,-81.0083,-81.0179,-81.0262,-81.0336,-81.0402
419,-80.9673,-80.9204,-80.951,-80.9714,-80.9873,-81.0004,-81.0115,-81.021,-81.0293,-81.0367,-81.0432
420,-80.9673,-80.9239,-80.9544,-80.9748,-80.9906,-81.0036,-81.0146,-81.0241,-81.0324,-81.0397,-81.0463
421,-80.9673,-80.9274,-80.9578,-80.978,-80.9938,-81.0068,-81.0178,-81.0272,-81.0355,-81.0428,-81.0493
422,-80.9673,-80.9308,-80.9611,-80.9813,-80.997,-81.0099,-81.0209,-81.0303,-81.0385,-81.0457,-81.0522
423,-80.9673,-80.9342,-80.9644,-80.9845,-81.0002,-81.013,-81.0239,-81.0333,-81.0415,-81.0487,-81.0551
424,-80.9673,-80.9375,-80.9677,-80.9877,-81.0033,-81.0161,-81.0269,-81.0363,-81.0444,-81.0516,-81.058
425,-80.9673,-80.9408,-80.9709,-80.9908,-81.0064,-81.0191,-81.0299,-81.0392,-81.0473,-81.0545,-81.0609
426,-80.9673,-80.9441,-80.974,-80.9939,-81.0094,-81.0221,-81.0329,-81.0421,-81.0502,-81.0574,-81.0637
427,-80.9673,-80.9474,-80.9772,-80.997,-81.0124,-81.0251,-81.0358,-81.045,-81.0531,-81.0602,-81.0665
428,-80.9673,-80.9506,-80.9803,-81,-81.0154,-81.028,-81.0387,-81.0479,-81.0559,-81.063,-81.0693
429,-80.9673,-80.9537,-80.9834,-81.003,-81.0183,-81.0309,-81.0416,-81.0507,-81.0587,-81.0657,-81.072
430,-80.9673,-80.9569,-80.9864,-81.006,-81.0213,-81.0338,-81.0444,-81.0535,-81.0614,-81.0685,-81.0747
431,-80.9673,-80.96,-80.9894,-81.0089,-81.0242,-81.0366,-81.0472,-81.0563,-81.0642,-81.0712,-81.0774
432,-80.9674,-80.963,-80.9924,-81.0118,-81.027,-81.0395,-81.05,-81.059,-81.0669,-81.0739,-81.0801
433,-80.9674,-80.9661,-80.9953,-81.0147,-81.0298,-81.0422,-81.0527,-81.0617,-81.0696,-81.0765,-81.0827
434,-80.9674,-80.969,-80.9982,-81.0176,-81.0326,-81.045,-81.0554,-81.0644,-81.0722,-81.0791,-81.0853
435,-80.9674,-80.972,-81.0011,-81.0204,-81.0354,-81.0477,-81.0581,-81.067,-81.0748,-81.0817,-81.0879
436,-80.9674,-80.9749,-81.004,-81.0232,-81.0381,-81.0504,-81.0608,-81.0697,-81.0774,-81.0843,-81.0904
437,-80.9674,-80.9778,-81.0068,-81.0259,-81.0408,-81.0531,-81.0634,-81.0723,-81.08,-81.0868,-81.0929
438,-80.9674,-80.9807,-81.0096,-81.0287,-81.0435,-81.0557,-81.066,-81.0748,-81.0825,-81.0894,-81.0954
439,-80.9674,-80.9836,-81.0123,-81.0313,-81.0462,-81.0583,-81.0686,-81.0774,-81.0851,-81.0918,-81.0979
440,-80.9674,-80.9864,-81.015,-81.034,-81.0488,-81.0609,-81.0711,-81.0799,-81.0875,-81.0943,-81.1003
441,-80.9674,-80.9891,-81.0177,-81.0367,-81.0514,-81.0634,-81.0736,-81.0824,-81.09,-81.0968,-81.1028
442,-80.9674,-80.9919,-81.0204,-81.0393,-81.0539,-81.066,-81.0761,-81.0848,-81.0924,-81.0992,-81.1051
443,-80.9674,-80.9946,-81.023,-81.0419,-81.0565,-81.0685,-81.0786,-81.0873,-81.0949,-81.1016,-81.1075
444,-80.9674,-80.9973,-81.0257,-81.0444,-81.059,-81.071,-81.081,-81.0897,-81.0972,-81.1039,-81.1099
445,-80.9674,-81,-81.0282,-81.047,-81.0615,-81.0734,-81.0835,-81.0921,-81.0996,-81.1063,-81.1122
446,-80.9674,-81.0026,-81.0308,-81.0495,-81.0639,-81.0758,-81.0858,-81.0945,-81.102,-81.1086,-81.1145
447,-80.9674,-81.0052,-81.0333,-81.0519,-81.0664,-81.0782,-81.0882,-81.0968,-81.1043,-81.1109,-81.1168
448,-80.9674,-81.0078,-81.0358,-81.0544,-81.0688,-81.0806,-81.0906,-81.0991,-81.1066,-81.1131,-81.119
449,-80.9675,-81.0103,-81.0383,-81.0568,-81.0712,-81.083,-81.0929,-81.1014,-81.1088,-81.1154,-81.1212
450,-80.9675,-81.0128,-81.0408,-81.0592,-81.0736,-81.0853,-81.0952,-81.1037,-81.1111,-81.1176,-81.1234
451,-80.9675,-81.0153,-81.0432,-81.0616,-81.0759,-81.0876,-81.0975,-81.1059,-81.1133,-81.1198,-81.1256
452,-80.9675,-81.0178,-81.0456,-81.064,-81.0782,-81.0899,-81.0997,-81.1082,-81.1155,-81.122,-81.1278
453,-80.9675,-81.0203,-81.048,-81.0663,-81.0805,-81.0921,-81.1019,-81.1104,-81.1177,-81.1242,-81.1299
454,-80.9675,-81.0227,-81.0504,-81.0686,-81.0828,-81.0944,-81.1041,-81.1125,-81.1199,-81.1263,-81.132
455,-80.9675,-81.0251,-81.0527,-81.0709,-81.085,-81.0966,-81.1063,-81.1147,-81.122,-81.1284,-81.1341
456,-80.9675,-81.0275,-81.055,-81.0732,-81.0872,-81.0988,-81.1085,-81.1168,-81.1241,-81.1305,-81.1362
457,-80.9675,-81.0298,-81.0573,-81.0754,-81.0894,-81.101,-81.1106,-81.119,-81.1262,-81.1326,-81.1383
458,-80.9675,-81.0321,-81.0595,-81.0776,-81.0916,-81.1031,-81.1128,-81.1211,-81.1283,-81.1347,-81.1403
459,-80.9675,-81.0344,-81.0618,-81.0798,-81.0938,-81.1052,-81.1149,-81.1231,-81.1303,-81.1367,-81.1423
460,-80.9675,-81.0367,-81.064,-81.082,-81.0959,-81.1073,-81.1169,-81.1252,-81.1324,-81.1387,-81.1443
461,-80.9675,-81.039,-81.0662,-81.0841,-81.098,-81.1094,-81.119,-81.1272,-81.1344,-81.1407,-81.1463
462,-80.9675,-81.0412,-81.0684,-81.0863,-81.1001,-81.1115,-81.1211,-81.1293,-81.1364,-81.1427,-81.1483
463,-80.9675,-81.0434,-81.0705,-81.0884,-81.1022,-81.1135,-81.1231,-81.1312,-81.1384,-81.1446,-81.1502
464,-80.9675,-81.0456,-81.0727,-81.0905,-81.1043,-81.1156,-81.1251,-81.1332,-81.1403,-81.1466,-81.1522
465,-80.9675,-81.0478,-81.0748,-81.0925,-81.1063,-81.1176,-81.1271,-81.1352,-81.1423,-81.1485,-81.1541
466,-80.9675,-81.0499,-81.0769,-81.0946,-81.1083,-81.1196,-81.129,-81.1371,-81.1442,-81.1504,-81.1559
467,-80.9675,-81.052,-81.0789,-81.0966,-81.1103,-81.1215,-81.131,-81.1391,-81.1461,-81.1523,-81.1578
468,-80.9676,-81.0541,-81.081,-81.0986,-81.1123,-81.1235,-81.1329,-81.141,-81.148,-81.1542,-81.1597
469,-80.9676,-81.0562,-81.083,-81.1006,-81.1143,-81.1254,-81.1348,-81.1428,-81.1498,-81.156,-81.1615
470,-80.9676,-81.0583,-81.085,-81.1026,-81.1162,-81.1273,-81.1367,-81.1447,-81.1517,-81.1578,-81.1633
471,-80.9676,-81.0603,-81.087,-81.1046,-81.1181,-81.1292,-81.1386,-81.1466,-81.1535,-81.1597,-81.1651
472,-80.9676,-81.0624,-81.089,-81.1065,-81.12,-81.1311,-81.1404,-81.1484,-81.1553,-81.1615,-81.1669
473,-80.9676,-81.0644,-81.0909,-81.1084,-81.1219,-81.133,-81.1422,-81.1502,-81.1571,-81.1632,-81.1687
474,-80.9676,-81.0663,-81.0929,-81.1103,-81.1238,-81.1348,-81.1441,-81.152,-81.1589,-81.165,-81.1704
475,-80.9676,-81.0683,-81.0948,-81.1122,-81.1256,-81.1366,-81.1459,-81.1538,-81.1607,-81.1668,-81.1722
476,-80.9676,-81.0703,-81.0967,-81.114,-81.1275,-81.1384,-81.1477,-81.1556,-81.1624,-81.1685,-81.1739
477,-80.9676,-81.0722,-81.0986,-81.1159,-81.1293,-81.1402,-81.1494,-81.1573,-81.1642,-81.1702,-81.1756
478,-80.9676,-81.0741,-81.1004,-81.1177,-81.1311,-81.142,-81.1512,-81.159,-81.1659,-81.1719,-81.1773
479,-80.9676,-81.076,-81.1023,-81.1195,-81.1329,-81.1438,-81.1529,-81.1608,-81.1676,-81.1736,-81.1789
480,-80.9676,-81.0779,-81.1041,-81.1213,-81.1346,-81.1455,-81.1546,-81.1625,-81.1693,-81.1753,-81.1806
481,-80.9676,-81.0797,-81.1059,-81.1231,-81.1364,-81.1472,-81.1563,-81.1641,-81.1709,-81.1769,-81.1822
482,-80.9676,-81.0815,-81.1077,-81.1249,-81.1381,-81.1489,-81.158,-81.1658,-81.1726,-81.1786,-81.1839
483,-80.9676,-81.0834,-81.1095,-81.1266,-81.1398,-81.1506,-81.1597,-81.1675,-81.1742,-81.1802,-81.1855
484,-80.9676,-81.0852,-81.1112,-81.1283,-81.1415,-81.1523,-81.1614,-81.1691,-81.1758,-81.1818,-81.1871
485,-80.9676,-81.087,-81.113,-81.13,-81.1432,-81.154,-81.163,-81.1707,-81.1775,-81.1834,-81.1886
486,-80.9676,-81.0887,-81.1147,-81.1317,-81.1449,-81.1556,-81.1646,-81.1723,-81.179,-81.185,-81.1902
487,-80.9676,-81.0905,-81.1164,-81.1334,-81.1465,-81.1572,-81.1662,-81.1739,-81.1806,-81.1865,-81.1918
488,-80.9676,-81.0922,-81.1181,-81.1351,-81.1482,-81.1589,-81.1678,-81.1755,-81.1822,-81.1881,-81.1933
489,-80.9676,-81.0939,-81.1198,-81.1367,-81.1498,-81.1605,-81.1694,-81.1771,-81.1837,-81.1896,-81.1948
490,-80.9677,-81.0956,-81.1215,-81.1384,-81.1514,-81.162,-81.171,-81.1786,-81.1853,-81.1911,-81.1963
491,-80.9677,-81.0973,-81.1231,-81.14,-81.153,-81.1636,-81.1725,-81.1802,-81.1868,-81.1927,-81.1978
492,-80.9677,-81.099,-81.1247,-81.1416,-81.1546,-81.1652,-81.1741,-81.1817,-81.1883,-81.1941,-81.1993
493,-80.9677,-81.1007,-81.1264,-81.1432,-81.1561,-81.1667,-81.1756,-81.1832,-81.1898,-81.1956,-81.2008
494,-80.9677,-81.1023,-81.128,-81.1447,-81.1577,-81.1683,-81.1771,-81.1847,-81.1913,-81.1971,-81.2023
495,-80.9677,-81.1039,-81.1295,-81.1463,-81.1592,-81.1698,-81.1786,-81.1862,-81.1928,-81.1986,-81.2037
496,-80.9677,-81.1055,-81.1311,-81.1479,-81.1608,-81.1713,-81.1801,-81.1877,-81.1942,-81.2,-81.2051
497,-80.9677,-81.1071,-81.1327,-81.1494,-81.1623,-81.1728,-81.1816,-81.1891,-81.1957,-81.2014,-81.2066
498,-80.9677,-81.1087,-81.1342,-81.1509,-81.1638,-81.1742,-81.183,-81.1906,-81.1971,-81.2029,-81.208
499,-80.9677,-81.1103,-81.1358,-81.1524,-81.1652,-81.1757,-81.1845,-81.192,-81.1985,-81.2043,-81.2094
500,-80.9677,-81.1118,-81.1373,-81.1539,-81.1667,-81.1772,-81.1859,-81.1934,-81.1999,-81.2057,-81.2107
501,-80.9677,-81.1134,-81.1388,-81.1554,-81.1682,-81.1786,-81.1873,-81.1948,-81.2013,-81.207,-81.2121
502,-80.9677,-81.1149,-81.1403,-81.1569,-81.1696,-81.18,-81.1888,-81.1962,-81.2027,-81.2084,-81.2135
503,-80.9677,-81.1164,-81.1418,-81.1583,-81.1711,-81.1814,-81.1902,-81.1976,-81.2041,-81.2098,-81.2148
504,-80.9677,-81.1179,-81.1432,-81.1597,-81.1725,-81.1828,-81.1915,-81.199,-81.2054,-81.2111,-81.2162
505,-80.9677,-81.1194,-81.1447,-81.1612,-81.1739,-81.1842,-81.1929,-81.2003,-81.2068,-81.2125,-81.2175
506,-80.9677,-81.1209,-81.1461,-81.1626,-81.1753,-81.1856,-81.1943,-81.2017,-81.2081,-81.2138,-81.2188
507,-80.9677,-81.1223,-81.1475,-81.164,-81.1767,-81.187,-81.1956,-81.203,-81.2094,-81.2151,-81.2201
508,-80.9677,-81.1238,-81.149,-81.1654,-81.178,-81.1883,-81.197,-81.2043,-81.2108,-81.2164,-81.2214
509,-80.9677,-81.1252,-81.1504,-81.1668,-81.1794,-81.1897,-81.1983,-81.2057,-81.2121,-81.2177,-81.2227
510,-80.9677,-81.1266,-81.1518,-81.1681,-81.1807,-81.191,-81.1996,-81.207,-81.2133,-81.219,-81.2239
511,-80.9677,-81.1281,-81.1531,-81.1695,-81.1821,-81.1923,-81.2009,-81.2083,-81.2146,-81.2202,-81.2252
512,-80.9677,-81.1295,-81.1545,-81.1708,-81.1834,-81.1936,-81.2022,-81.2095,-81.2159,-81.2215,-81.2264
513,-80.9677,-81.1308,-81.1559,-81.1722,-81.1847,-81.1949,-81.2035,-81.2108,-81.2171,-81.2227,-81.2277
514,-80.9678,-81.1322,-81.1572,-81.1735,-81.186,-81.1962,-81.2048,-81.2121,-81.2184,-81.224,-81.2289
515,-80.9678,-81.1336,-81.1585,-81.1748,-81.1873,-81.1975,-81.206,-81.2133,-81.2196,-81.2252,-81.2301
516,-80.9678,-81.1349,-81.1598,-81.1761,-81.1886,-81.1987,-81.2073,-81.2145,-81.2209,-81.2264,-81.2313
517,-80.9678,-81.1363,-81.1612,-81.1774,-81.1898,-81.2,-81.2085,-81.2158,-81.2221,-81.2276,-81.2325
518,-80.9678,-81.1376,-81.1625,-81.1787,-81.1911,-81.2012,-81.2097,-81.217,-81.2233,-81.2288,-81.2337
519,-80.9678,-81.1389,-81.1637,-81.1799,-81.1924,-81.2025,-81.2109,-81.2182,-81.2245,-81.23,-81.2349
520,-80.9678,-81.1402,-81.165,-81.1812,-81.1936,-81.2037,-81.2122,-81.2194,-81.2257,-81.2312,-81.2361
521,-80.9678,-81.1415,-81.1663,-81.1824,-81.1948,-81.2049,-81.2134,-81.2206,-81.2268,-81.2323,-81.2372
522,-80.9678,-81.1428,-81.1675,-81.1836,-81.196,-81.2061,-81.2145,-81.2217,-81.228,-81.2335,-81.2384
523,-80.9678,-81.144,-81.1688,-81.1849,-81.1972,-81.2073,-81.2157,-81.2229,-81.2291,-81.2346,-81.2395
524,-80.9678,-81.1453,-81.17,-81.1861,-81.1984,-81.2085,-81.2169,-81.2241,-81.2303,-81.2358,-81.2406
525,-80.9678,-81.1465,-81.1712,-81.1873,-81.1996,-81.2096,-81.218,-81.2252,-81.2314,-81.2369,-81.2417
526,-80.9678,-81.1478,-81.1724,-81.1885,-81.2008,-81.2108,-81.2192,-81.2264,-81.2326,-81.238,-81.2428
527,-80.9678,-81.149,-81.1736,-81.1897,-81.202,-81.212,-81.2203,-81.2275,-81.2337,-81.2391,-81.2439
528,-80.9678,-81.1502,-81.1748,-81.1908,-81.2031,-81.2131,-81.2215,-81.2286,-81.2348,-81.2402,-81.245
529,-80.9678,-81.1514,-81.176,-81.192,-81.2043,-81.2142,-81.2226,-81.2297,-81.2359,-81.2413,-81.2461
530,-80.9678,-81.1526,-81.1772,-81.1931,-81.2054,-81.2154,-81.2237,-81.2308,-81.237,-81.2424,-81.2472
531,-80.9678,-81.1538,-81.1783,-81.1943,-81.2065,-81.2165,-81.2248,-81.2319,-81.2381,-81.2435,-81.2483
532,-80.9678,-81.155,-81.1795,-81.1954,-81.2076,-81.2176,-81.2259,-81.233,-81.2391,-81.2445,-81.2493
533,-80.9678,-81.1562,-81.1806,-81.1965,-81.2088,-81.2187,-81.227,-81.2341,-81.2402,-81.2456,-81.2504
534,-80.9678,-81.1573,-81.1818,-81.1977,-81.2099,-81.2198,-81.228,-81.2351,-81.2412,-81.2466,-81.2514
535,-80.9678,-81.1585,-81.1829,-81.1988,-81.2109,-81.2208,-81.2291,-81.2362,-81.2423,-81.2477,-81.2524
536,-80.9678,-81.1596,-81.184,-81.1999,-81.212,-81.2219,-81.2302,-81.2372,-81.2433,-81.2487,-81.2535
537,-80.9678,-81.1607,-81.1851,-81.201,-81.2131,-81.223,-81.2312,-81.2383,-81.2444,-81.2497,-81.2545
538,-80.9678,-81.1618,-81.1862,-81.202,-81.2142,-81.224,-81.2323,-81.2393,-81.2454,-81.2507,-81.2555
539,-80.9678,-81.163,-81.1873,-81.2031,-81.2152,-81.2251,-81.2333,-81.2403,-81.2464,-81.2517,-81.2565
540,-80.9678,-81.1641,-81.1884,-81.2042,-81.2163,-81.2261,-81.2343,-81.2413,-81.2474,-81.2527,-81.2575
541,-80.9678,-81.1651,-81.1895,-81.2052,-81.2173,-81.2271,-81.2353,-81.2423,-81.2484,-81.2537,-81.2584
542,-80.9678,-81.1662,-81.1905,-81.2063,-81.2183,-81.2281,-81.2363,-81.2433,-81.2494,-81.2547,-81.2594
543,-80.9679,-81.1673,-81.1916,-81.2073,-81.2194,-81.2292,-81.2373,-81.2443,-81.2504,-81.2557,-81.2604
544,-80.9679,-81.1684,-81.1926,-81.2083,-81.2204,-81.2302,-81.2383,-81.2453,-81.2513,-81.2566,-81.2613
545,-80.9679,-81.1694,-81.1936,-81.2093,-81.2214,-81.2312,-81.2393,-81.2463,-81.2523,-81.2576,-81.2623
546,-80.9679,-81.1705,-81.1947,-81.2104,-81.2224,-81.2321,-81.2403,-81.2472,-81.2533,-81.2586,-81.2632
547,-80.9679,-81.1715,-81.1957,-81.2114,-81.2234,-81.2331,-81.2413,-81.2482,-81.2542,-81.2595,-81.2642
548,-80.9679,-81.1725,-81.1967,-81.2124,-81.2243,-81.2341,-81.2422,-81.2492,-81.2552,-81.2604,-81.2651
549,-80.9679,-81.1736,-81.1977,-81.2133,-81.2253,-81.235,-81.2432,-81.2501,-81.2561,-81.2614,-81.266
550,-80.9679,-81.1746,-81.1987,-81.2143,-81.2263,-81.236,-81.2441,-81.251,-81.257,-81.2623,-81.2669
551,-80.9679,-81.1756,-81.1997,-81.2153,-81.2272,-81.237,-81.2451,-81.252,-81.2579,-81.2632,-81.2678
552,-80.9679,-81.1766,-81.2007,-81.2163,-81.2282,-81.2379,-81.246,-81.2529,-81.2589,-81.2641,-81.2687
553,-80.9679,-81.1776,-81.2016,-81.2172,-81.2291,-81.2388,-81.2469,-81.2538,-81.2598,-81.265,-81.2696
554,-80.9679,-81.1786,-81.2026,-81.2182,-81.2301,-81.2397,-81.2478,-81.2547,-81.2607,-81.2659,-81.2705
555,-80.9679,-81.1795,-81.2036,-81.2191,-81.231,-81.2407,-81.2487,-81.2556,-81.2616,-81.2668,-81.2714
556,-80.9679,-81.1805,-81.2045,-81.22,-81.2319,-81.2416,-81.2496,-81.2565,-81.2624,-81.2677,-81.2723
557,-80.9679,-81.1815,-81.2054,-81.221,-81.2328,-81.2425,-81.2505,-81.2574,-81.2633,-81.2685,-81.2731
558,-80.9679,-81.1824,-81.2064,-81.2219,-81.2338,-81.2434,-81.2514,-81.2583,-81.2642,-81.2694,-81.274
559,-80.9679,-81.1833,-81.2073,-81.2228,-81.2347,-81.2443,-81.2523,-81.2591,-81.2651,-81.2703,-81.2749
560,-80.9679,-81.1843,-81.2082,-81.2237,-81.2355,-81.2452,-81.2532,-81.26,-81.2659,-81.2711,-81.2757
561,-80.9679,-81.1852,-81.2091,-81.2246,-81.2364,-81.246,-81.254,-81.2609,-81.2668,-81.272,-81.2765
562,-80.9679,-81.1861,-81.21,-81.2255,-81.2373,-81.2469,-81.2549,-81.2617,-81.2676,-81.2728,-81.2774
563,-80.9679,-81.187,-81.2109,-81.2264,-81.2382,-81.2478,-81.2558,-81.2626,-81.2685,-81.2736,-81.2782
564,-80.9679,-81.188,-81.2118,-81.2272,-81.239,-81.2486,-81.2566,-81.2634,-81.2693,-81.2744,-81.279
565,-80.9679,-81.1889,-81.2127,-81.2281,-81.2399,-81.2495,-81.2574,-81.2642,-81.2701,-81.2753,-81.2798
566,-80.9679,-81.1897,-81.2136,-81.229,-81.2408,-81.2503,-81.2583,-81.2651,-81.2709,-81.2761,-81.2806
567,-80.9679,-81.1906,-81.2144,-81.2298,-81.2416,-81.2511,-81.2591,-81.2659,-81.2717,-81.2769,-81.2814
568,-80.9679,-81.1915,-81.2153,-81.2307,-81.2424,-81.252,-81.2599,-81.2667,-81.2726,-81.2777,-81.2822
569,-80.9679,-81.1924,-81.2162,-81.2315,-81.2433,-81.2528,-81.2607,-81.2675,-81.2734,-81.2785,-81.283
570,-80.9679,-81.1933,-81.217,-81.2324,-81.2441,-81.2536,-81.2615,-81.2683,-81.2741,-81.2793,-81.2838
571,-80.9679,-81.1941,-81.2179,-81.2332,-81.2449,-81.2544,-81.2624,-81.2691,-81.2749,-81.2801,-81.2846
572,-80.9679,-81.195,-81.2187,-81.234,-81.2457,-81.2552,-81.2631,-81.2699,-81.2757,-81.2808,-81.2854
573,-80.9679,-81.1958,-81.2195,-81.2348,-81.2465,-81.256,-81.2639,-81.2707,-81.2765,-81.2816,-81.2861
574,-80.9679,-81.1966,-81.2204,-81.2357,-81.2474,-81.2568,-81.2647,-81.2715,-81.2773,-81.2824,-81.2869
575,-80.9679,-81.1975,-81.2212,-81.2365,-81.2481,-81.2576,-81.2655,-81.2722,-81.278,-81.2831,-81.2876
576,-80.968,-81.1983,-81.222,-81.2373,-81.2489,-81.2584,-81.2663,-81.273,-81.2788,-81.2839,-81.2884
577,-80.968,-81.1991,-81.2228,-81.2381,-81.2497,-81.2592,-81.267,-81.2738,-81.2795,-81.2846,-81.2891
578,-80.968,-81.1999,-81.2236,-81.2388,-81.2505,-81.2599,-81.2678,-81.2745,-81.2803,-81.2854,-81.2899
579,-80.968,-81.2007,-81.2244,-81.2396,-81.2513,-81.2607,-81.2686,-81.2753,-81.281,-81.2861,-81.2906
580,-80.968,-81.2015,-81.2252,-81.2404,-81.252,-81.2615,-81.2693,-81.276,-81.2818,-81.2868,-81.2913
581,-80.968,-81.2023,-81.2259,-81.2412,-81.2528,-81.2622,-81.2701,-81.2767,-81.2825,-81.2876,-81.292
582,-80.968,-81.2031,-81.2267,-81.2419,-81.2536,-81.263,-81.2708,-81.2775,-81.2832,-81.2883,-81.2928
583,-80.968,-81.2039,-81.2275,-81.2427,-81.2543,-81.2637,-81.2715,-81.2782,-81.284,-81.289,-81.2935
584,-80.968,-81.2047,-81.2283,-81.2434,-81.255,-81.2644,-81.2723,-81.2789,-81.2847,-81.2897,-81.2942
585,-80.968,-81.2055,-81.229,-81.2442,-81.2558,-81.2652,-81.273,-81.2796,-81.2854,-81.2904,-81.2949
586,-80.968,-81.2062,-81.2298,-81.2449,-81.2565,-81.2659,-81.2737,-81.2803,-81.2861,-81.2911,-81.2956
587,-80.968,-81.207,-81.2305,-81.2457,-81.2572,-81.2666,-81.2744,-81.2811,-81.2868,-81.2918,-81.2963
588,-80.968,-81.2077,-81.2313,-81.2464,-81.258,-81.2673,-81.2751,-81.2818,-81.2875,-81.2925,-81.2969
589,-80.968,-81.2085,-81.232,-81.2471,-81.2587,-81.268,-81.2758,-81.2824,-81.2882,-81.2932,-81.2976
590,-80.968,-81.2092,-81.2327,-81.2478,-81.2594,-81.2687,-81.2765,-81.2831,-81.2889,-81.2939,-81.2983
591,-80.968,-81.21,-81.2334,-81.2486,-81.2601,-81.2694,-81.2772,-81.2838,-81.2895,-81.2945,-81.299
592,-80.968,-81.2107,-81.2342,-81.2493,-81.2608,-81.2701,-81.2779,-81.2845,-81.2902,-81.2952,-81.2996
593,-80.968,-81.2114,-81.2349,-81.25,-81.2615,-81.2708,-81.2786,-81.2852,-81.2909,-81.2959,-81.3003
594,-80.968,-81.2121,-81.2356,-81.2507,-81.2622,-81.2715,-81.2793,-81.2859,-81.2915,-81.2965,-81.301
595,-80.968,-81.2129,-81.2363,-81.2514,-81.2629,-81.2722,-81.2799,-81.2865,-81.2922,-81.2972,-81.3016
596,-80.968,-81.2136,-81.237,-81.2521,-81.2635,-81.2728,-81.2806,-81.2872,-81.2929,-81.2978,-81.3023
597,-80.968,-81.2143,-81.2377,-81.2527,-81.2642,-81.2735,-81.2813,-81.2878,-81.2935,-81.2985,-81.3029
598,-80.968,-81.215,-81.2384,-81.2534,-81.2649,-81.2742,-81.2819,-81.2885,-81.2942,-81.2991,-81.3035
599,-80.968,-81.2157,-81.239,-81.2541,-81.2656,-81.2748,-81.2826,-81.2891,-81.2948,-81.2998,-81.3042
600,-80.968,-81.2164,-81.2397,-81.2548,-81.2662,-81.2755,-81.2832,-81.2898,-81.2954,-81.3004,-81.3048
601,-80.968,-81.217,-81.2404,-81.2554,-81.2669,-81.2761,-81.2839,-81.2904,-81.2961,-81.301,-81.3054
602,-80.968,-81.2177,-81.2411,-81.2561,-81.2675,-81.2768,-81.2845,-81.291,-81.2967,-81.3017,-81.306
603,-80.968,-81.2184,-81.2417,-81.2567,-81.2682,-81.2774,-81.2851,-81.2917,-81.2973,-81.3023,-81.3066
604,-80.968,-81.2191,-81.2424,-81.2574,-81.2688,-81.2781,-81.2858,-81.2923,-81.2979,-81.3029,-81.3073
605,-80.968,-81.2197,-81.243,-81.258,-81.2695,-81.2787,-81.2864,-81.2929,-81.2986,-81.3035,-81.3079
606,-80.968,-81.2204,-81.2437,-81.2587,-81.2701,-81.2793,-81.287,-81.2935,-81.2992,-81.3041,-81.3085
607,-80.968,-81.2211,-81.2443,-81.2593,-81.2707,-81.2799,-81.2876,-81.2941,-81.2998,-81.3047,-81.3091
608,-80.968,-81.2217,-81.245,-81.2599,-81.2713,-81.2806,-81.2882,-81.2947,-81.3004,-81.3053,-81.3097
609,-80.968,-81.2223,-81.2456,-81.2606,-81.272,-81.2812,-81.2888,-81.2953,-81.301,-81.3059,-81.3102
610,-80.968,-81.223,-81.2462,-81.2612,-81.2726,-81.2818,-81.2894,-81.2959,-81.3016,-81.3065,-81.3108
611,-80.968,-81.2236,-81.2469,-81.2618,-81.2732,-81.2824,-81.29,-81.2965,-81.3021,-81.3071,-81.3114
612,-80.968,-81.2243,-81.2475,-81.2624,-81.2738,-81.283,-81.2906,-81.2971,-81.3027,-81.3076,-81.312
613,-80.968,-81.2249,-81.2481,-81.263,-81.2744,-81.2836,-81.2912,-81.2977,-81.3033,-81.3082,-81.3126
614,-80.968,-81.2255,-81.2487,-81.2636,-81.275,-81.2842,-81.2918,-81.2983,-81.3039,-81.3088,-81.3131
615,-80.968,-81.2261,-81.2493,-81.2642,-81.2756,-81.2848,-81.2924,-81.2989,-81.3045,-81.3094,-81.3137
616,-80.968,-81.2267,-81.2499,-81.2648,-81.2762,-81.2853,-81.293,-81.2994,-81.305,-81.3099,-81.3142
617,-80.9681,-81.2274,-81.2505,-81.2654,-81.2768,-81.2859,-81.2935,-81.3,-81.3056,-81.3105,-81.3148
618,-80.9681,-81.228,-81.2511,-81.266,-81.2773,-81.2865,-81.2941,-81.3006,-81.3062,-81.311,-81.3154
619,-80.9681,-81.2286,-81.2517,-81.2666,-81.2779,-81.2871,-81.2947,-81.3011,-81.3067,-81.3116,-81.3159
620,-80.9681,-81.2292,-81.2523,-81.2672,-81.2785,-81.2876,-81.2952,-81.3017,-81.3073,-81.3121,-81.3164
621,-80.9681,-81.2297,-81.2529,-81.2677,-81.2791,-81.2882,-81.2958,-81.3022,-81.3078,-81.3127,-81.317
622,-80.9681,-81.2303,-81.2535,-81.2683,-81.2796,-81.2887,-81.2963,-81.3028,-81.3084,-81.3132,-81.3175
623,-80.9681,-81.2309,-81.254,-81.2689,-81.2802,-81.2893,-81.2969,-81.3033,-81.3089,-81.3138,-81.3181
624,-80.9681,-81.2315,-81.2546,-81.2694,-81.2807,-81.2899,-81.2974,-81.3039,-81.3094,-81.3143,-81.3186
625,-80.9681,-81.2321,-81.2552,-81.27,-81.2813,-81.2904,-81.298,-81.3044,-81.31,-81.3148,-81.3191
626,-80.9681,-81.2326,-81.2557,-81.2706,-81.2818,-81.2909,-81.2985,-81.3049,-81.3105,-81.3153,-81.3196
627,-80.9681,-81.2332,-81.2563,-81.2711,-81.2824,-81.2915,-81.2991,-81.3055,-81.311,-81.3159,-81.3202
628,-80.9681,-81.2338,-81.2569,-81.2717,-81.2829,-81.292,-81.2996,-81.306,-81.3115,-81.3164,-81.3207
629,-80.9681,-81.2343,-81.2574,-81.2722,-81.2835,-81.2926,-81.3001,-81.3065,-81.3121,-81.3169,-81.3212
630,-80.9681,-81.2349,-81.258,-81.2727,-81.284,-81.2931,-81.3006,-81.307,-81.3126,-81.3174,-81.3217
631,-80.9681,-81.2354,-81.2585,-81.2733,-81.2845,-81.2936,-81.3012,-81.3076,-81.3131,-81.3179,-81.3222
632,-80.9681,-81.236,-81.259,-81.2738,-81.2851,-81.2941,-81.3017,-81.3081,-81.3136,-81.3184,-81.3227
633,-80.9681,-81.2365,-81.2596,-81.2743,-81.2856,-81.2946,-81.3022,-81.3086,-81.3141,-81.3189,-81.3232
634,-80.9681,-81.2371,-81.2601,-81.2749,-81.2861,-81.2952,-81.3027,-81.3091,-81.3146,-81.3194,-81.3237
635,-80.9681,-81.2376,-81.2606,-81.2754,-81.2866,-81.2957,-81.3032,-81.3096,-81.3151,-81.3199,-81.3242
636,-80.9681,-81.2381,-81.2612,-81.2759,-81.2871,-81.2962,-81.3037,-81.3101,-81.3156,-81.3204,-81.3247
637,-80.9681,-81.2387,-81.2617,-81.2764,-81.2876,-81.2967,-81.3042,-81.3106,-81.3161,-81.3209,-81.3251
638,-80.9681,-81.2392,-81.2622,-81.2769,-81.2881,-81.2972,-81.3047,-81.3111,-81.3166,-81.3214,-81.3256
639,-80.9681,-81.2397,-81.2627,-81.2774,-81.2886,-81.2977,-81.3052,-81.3116,-81.3171,-81.3219,-81.3261
640,-80.9681,-81.2402,-81.2632,-81.2779,-81.2891,-81.2982,-81.3057,-81.312,-81.3175,-81.3223,-81.3266
641,-80.9681,-81.2408,-81.2637,-81.2784,-81.2896,-81.2987,-81.3062,-81.3125,-81.318,-81.3228,-81.327
642,-80.9681,-81.2413,-81.2642,-81.2789,-81.2901,-81.2991,-81.3066,-81.313,-81.3185,-81.3233,-81.3275
643,-80.9681,-81.2418,-81.2647,-81.2794,-81.2906,-81.2996,-81.3071,-81.3135,-81.319,-81.3238,-81.328
644,-80.9681,-81.2423,-81.2652,-81.2799,-81.2911,-81.3001,-81.3076,-81.3139,-81.3194,-81.3242,-81.3284
645,-80.9681,-81.2428,-81.2657,-81.2804,-81.2916,-81.3006,-81.3081,-81.3144,-81.3199,-81.3247,-81.3289
646,-80.9681,-81.2433,-81.2662,-81.2809,-81.2921,-81.3011,-81.3085,-81.3149,-81.3204,-81.3251,-81.3294
647,-80.9681,-81.2438,-81.2667,-81.2814,-81.2925,-81.3015,-81.309,-81.3153,-81.3208,-81.3256,-81.3298
648,-80.9681,-81.2443,-81.2672,-81.2818,-81.293,-81.302,-81.3095,-81.3158,-81.3213,-81.326,-81.3303
649,-80.9681,-81.2447,-81.2677,-81.2823,-81.2935,-81.3025,-81.3099,-81.3163,-81.3217,-81.3265,-81.3307
650,-80.9681,-81.2452,-81.2681,-81.2828,-81.2939,-81.3029,-81.3104,-81.3167,-81.3222,-81.3269,-81.3311
651,-80.9681,-81.2457,-81.2686,-81.2833,-81.2944,-81.3034,-81.3108,-81.3172,-81.3226,-81.3274,-81.3316
652,-80.9681,-81.2462,-81.2691,-81.2837,-81.2949,-81.3038,-81.3113,-81.3176,-81.3231,-81.3278,-81.332
653,-80.9681,-81.2467,-81.2695,-81.2842,-81.2953,-81.3043,-81.3117,-81.3181,-81.3235,-81.3283,-81.3325
654,-80.9681,-81.2471,-81.27,-81.2846,-81.2958,-81.3047,-81.3122,-81.3185,-81.3239,-81.3287,-81.3329
655,-80.9681,-81.2476,-81.2705,-81.2851,-81.2962,-81.3052,-81.3126,-81.3189,-81.3244,-81.3291,-81.3333
656,-80.9681,-81.2481,-81.2709,-81.2856,-81.2967,-81.3056,-81.3131,-81.3194,-81.3248,-81.3296,-81.3337
657,-80.9681,-81.2485,-81.2714,-81.286,-81.2971,-81.3061,-81.3135,-81.3198,-81.3252,-81.33,-81.3342
658,-80.9681,-81.249,-81.2718,-81.2864,-81.2976,-81.3065,-81.3139,-81.3202,-81.3257,-81.3304,-81.3346
659,-80.9681,-81.2494,-81.2723,-81.2869,-81.298,-81.3069,-81.3144,-81.3207,-81.3261,-81.3308,-81.335
660,-80.9681,-81.2499,-81.2727,-81.2873,-81.2984,-81.3074,-81.3148,-81.3211,-81.3265,-81.3312,-81.3354
661,-80.9681,-81.2503,-81.2732,-81.2878,-81.2989,-81.3078,-81.3152,-81.3215,-81.3269,-81.3317,-81.3358
662,-80.9681,-81.2508,-81.2736,-81.2882,-81.2993,-81.3082,-81.3156,-81.3219,-81.3273,-81.3321,-81.3362
663,-80.9681,-81.2512,-81.274,-81.2886,-81.2997,-81.3086,-81.316,-81.3223,-81.3277,-81.3325,-81.3366
664,-80.9681,-81.2517,-81.2745,-81.2891,-81.3001,-81.3091,-81.3165,-81.3227,-81.3282,-81.3329,-81.3371
665,-80.9681,-81.2521,-81.2749,-81.2895,-81.3006,-81.3095,-81.3169,-81.3232,-81.3286,-81.3333,-81.3375
666,-80.9681,-81.2525,-81.2753,-81.2899,-81.301,-81.3099,-81.3173,-81.3236,-81.329,-81.3337,-81.3379
667,-80.9682,-81.253,-81.2758,-81.2903,-81.3014,-81.3103,-81.3177,-81.324,-81.3294,-81.3341,-81.3382
668,-80.9682,-81.2534,-81.2762,-81.2907,-81.3018,-81.3107,-81.3181,-81.3244,-81.3298,-81.3345,-81.3386
669,-80.9682,-81.2538,-81.2766,-81.2912,-81.3022,-81.3111,-81.3185,-81.3248,-81.3302,-81.3349,-81.339
670,-80.9682,-81.2543,-81.277,-81.2916,-81.3026,-81.3115,-81.3189,-81.3252,-81.3306,-81.3353,-81.3394
671,-80.9682,-81.2547,-81.2774,-81.292,-81.303,-81.3119,-81.3193,-81.3256,-81.3309,-81.3357,-81.3398
672,-80.9682,-81.2551,-81.2778,-81.2924,-81.3034,-81.3123,-81.3197,-81.3259,-81.3313,-81.336,-81.3402
673,-80.9682,-81.2555,-81.2783,-81.2928,-81.3038,-81.3127,-81.3201,-81.3263,-81.3317,-81.3364,-81.3406
674,-80.9682,-81.2559,-81.2787,-81.2932,-81.3042,-81.3131,-81.3205,-81.3267,-81.3321,-81.3368,-81.3409
675,-80.9682,-81.2563,-81.2791,-81.2936,-81.3046,-81.3135,-81.3209,-81.3271,-81.3325,-81.3372,-81.3413
676,-80.9682,-81.2567,-81.2795,-81.294,-81.305,-81.3139,-81.3212,-81.3275,-81.3329,-81.3376,-81.3417
677,-80.9682,-81.2571,-81.2799,-81.2944,-81.3054,-81.3143,-81.3216,-81.3279,-81.3332,-81.3379,-81.3421
678,-80.9682,-81.2575,-81.2803,-81.2948,-81.3058,-81.3147,-81.322,-81.3282,-81.3336,-81.3383,-81.3424
679,-80.9682,-81.2579,-81.2807,-81.2952,-81.3062,-81.315,-81.3224,-81.3286,-81.334,-81.3387,-81.3428
680,-80.9682,-81.2583,-81.281,-81.2955,-81.3065,-81.3154,-81.3228,-81.329,-81.3343,-81.339,-81.3432
681,-80.9682,-81.2587,-81.2814,-81.2959,-81.3069,-81.3158,-81.3231,-81.3294,-81.3347,-81.3394,-81.3435
682,-80.9682,-81.2591,-81.2818,-81.2963,-81.3073,-81.3162,-81.3235,-81.3297,-81.3351,-81.3398,-81.3439
683,-80.9682,-81.2595,-81.2822,-81.2967,-81.3077,-81.3165,-81.3239,-81.3301,-81.3354,-81.3401,-81.3442
684,-80.9682,-81.2599,-81.2826,-81.2971,-81.3081,-81.3169,-81.3242,-81.3304,-81.3358,-81.3405,-81.3446
685,-80.9682,-81.2603,-81.283,-81.2974,-81.3084,-81.3173,-81.3246,-81.3308,-81.3362,-81.3408,-81.3449
686,-80.9682,-81.2607,-81.2833,-81.2978,-81.3088,-81.3176,-81.325,-81.3312,-81.3365,-81.3412,-81.3453
687,-80.9682,-81.261,-81.2837,-81.2982,-81.3092,-81.318,-81.3253,-81.3315,-81.3369,-81.3415,-81.3456
688,-80.9682,-81.2614,-81.2841,-81.2985,-81.3095,-81.3183,-81.3257,-81.3319,-81.3372,-81.3419,-81.346
689,-80.9682,-81.2618,-81.2844,-81.2989,-81.3099,-81.3187,-81.326,-81.3322,-81.3376,-81.3422,-81.3463
690,-80.9682,-81.2622,-81.2848,-81.2993,-81.3102,-81.3191,-81.3264,-81.3326,-81.3379,-81.3426,-81.3467
691,-80.9682,-81.2625,-81.2852,-81.2996,-81.3106,-81.3194,-81.3267,-81.3329,-81.3383,-81.3429,-81.347
692,-80.9682,-81.2629,-81.2855,-81.3,-81.3109,-81.3198,-81.3271,-81.3333,-81.3386,-81.3432,-81.3474
693,-80.9682,-81.2632,-81.2859,-81.3003,-81.3113,-81.3201,-81.3274,-81.3336,-81.3389,-81.3436,-81.3477
694,-80.9682,-81.2636,-81.2862,-81.3007,-81.3116,-81.3204,-81.3278,-81.3339,-81.3393,-81.3439,-81.348
695,-80.9682,-81.264,-81.2866,-81.301,-81.312,-81.3208,-81.3281,-81.3343,-81.3396,-81.3443,-81.3483
696,-80.9682,-81.2643,-81.287,-81.3014,-81.3123,-81.3211,-81.3284,-81.3346,-81.3399,-81.3446,-81.3487
697,-80.9682,-81.2647,-81.2873,-81.3017,-81.3127,-81.3215,-81.3288,-81.3349,-81.3403,-81.3449,-81.349
698,-80.9682,-81.265,-81.2876,-81.3021,-81.313,-81.3218,-81.3291,-81.3353,-81.3406,-81.3452,-81.3493
699,-80.9682,-81.2654,-81.288,-81.3024,-81.3133,-81.3221,-81.3294,-81.3356,-81.3409,-81.3456,-81.3496
700,-80.9682,-81.2657,-81.2883,-81.3027,-81.3137,-81.3225,-81.3298,-81.3359,-81.3412,-81.3459,-81.35
701,-80.9682,-81.2661,-81.2887,-81.3031,-81.314,-81.3228,-81.3301,-81.3363,-81.3416,-81.3462,-81.3503
702,-80.9682,-81.2664,-81.289,-81.3034,-81.3143,-81.3231,-81.3304,-81.3366,-81.3419,-81.3465,-81.3506
703,-80.9682,-81.2668,-81.2894,-81.3038,-81.3147,-81.3235,-81.3307,-81.3369,-81.3422,-81.3468,-81.3509
704,-80.9682,-81.2671,-81.2897,-81.3041,-81.315,-81.3238,-81.3311,-81.3372,-81.3425,-81.3471,-81.3512
705,-80.9682,-81.2674,-81.29,-81.3044,-81.3153,-81.3241,-81.3314,-81.3375,-81.3428,-81.3475,-81.3515
706,-80.9682,-81.2678,-81.2903,-81.3047,-81.3156,-81.3244,-81.3317,-81.3379,-81.3431,-81.3478,-81.3518
707,-80.9682,-81.2681,-81.2907,-81.3051,-81.316,-81.3247,-81.332,-81.3382,-81.3435,-81.3481,-81.3522
708,-80.9682,-81.2684,-81.291,-81.3054,-81.3163,-81.3251,-81.3323,-81.3385,-81.3438,-81.3484,-81.3525
709,-80.9682,-81.2688,-81.2913,-81.3057,-81.3166,-81.3254,-81.3326,-81.3388,-81.3441,-81.3487,-81.3528
710,-80.9682,-81.2691,-81.2916,-81.306,-81.3169,-81.3257,-81.3329,-81.3391,-81.3444,-81.349,-81.3531
711,-80.9682,-81.2694,-81.292,-81.3063,-81.3172,-81.326,-81.3332,-81.3394,-81.3447,-81.3493,-81.3534
712,-80.9682,-81.2697,-81.2923,-81.3067,-81.3175,-81.3263,-81.3336,-81.3397,-81.345,-81.3496,-81.3537
713,-80.9682,-81.2701,-81.2926,-81.307,-81.3179,-81.3266,-81.3339,-81.34,-81.3453,-81.3499,-81.3539
714,-80.9682,-81.2704,-81.2929,-81.3073,-81.3182,-81.3269,-81.3342,-81.3403,-81.3456,-81.3502,-81.3542
715,-80.9682,-81.2707,-81.2932,-81.3076,-81.3185,-81.3272,-81.3345,-81.3406,-81.3459,-81.3505,-81.3545
716,-80.9682,-81.271,-81.2935,-81.3079,-81.3188,-81.3275,-81.3348,-81.3409,-81.3462,-81.3508,-81.3548
717,-80.9682,-81.2713,-81.2938,-81.3082,-81.3191,-81.3278,-81.335,-81.3412,-81.3465,-81.3511,-81.3551
718,-80.9682,-81.2716,-81.2941,-81.3085,-81.3194,-81.3281,-81.3353,-81.3415,-81.3467,-81.3513,-81.3554
719,-80.9682,-81.2719,-81.2945,-81.3088,-81.3197,-81.3284,-81.3356,-81.3418,-81.347,-81.3516,-81.3557
720,-80.9682,-81.2722,-81.2948,-81.3091,-81.32,-81.3287,-81.3359,-81.342,-81.3473,-81.3519,-81.356
721,-80.9682,-81.2725,-81.2951,-81.3094,-81.3203,-81.329,-81.3362,-81.3423,-81.3476,-81.3522,-81.3562
722,-80.9682,-81.2728,-81.2954,-81.3097,-81.3205,-81.3293,-81.3365,-81.3426,-81.3479,-81.3525,-81.3565
723,-80.9682,-81.2731,-81.2956,-81.31,-81.3208,-81.3296,-81.3368,-81.3429,-81.3482,-81.3528,-81.3568
724,-80.9682,-81.2734,-81.2959,-81.3103,-81.3211,-81.3298,-81.3371,-81.3432,-81.3484,-81.353,-81.3571
725,-80.9682,-81.2737,-81.2962,-81.3106,-81.3214,-81.3301,-81.3373,-81.3435,-81.3487,-81.3533,-81.3573
726,-80.9682,-81.274,-81.2965,-81.3108,-81.3217,-81.3304,-81.3376,-81.3437,-81.349,-81.3536,-81.3576
727,-80.9682,-81.2743,-81.2968,-81.3111,-81.322,-81.3307,-81.3379,-81.344,-81.3493,-81.3538,-81.3579
728,-80.9682,-81.2746,-81.2971,-81.3114,-81.3223,-81.331,-81.3382,-81.3443,-81.3495,-81.3541,-81.3582
729,-80.9682,-81.2749,-81.2974,-81.3117,-81.3225,-81.3312,-81.3385,-81.3446,-81.3498,-81.3544,-81.3584
730,-80.9682,-81.2752,-81.2977,-81.312,-81.3228,-81.3315,-81.3387,-81.3448,-81.3501,-81.3547,-81.3587
731,-80.9682,-81.2755,-81.298,-81.3123,-81.3231,-81.3318,-81.339,-81.3451,-81.3503,-81.3549,-81.3589
732,-80.9682,-81.2758,-81.2982,-81.3125,-81.3234,-81.3321,-81.3393,-81.3454,-81.3506,-81.3552,-81.3592
733,-80.9683,-81.276,-81.2985,-81.3128,-81.3236,-81.3323,-81.3395,-81.3456,-81.3509,-81.3554,-81.3595
734,-80.9683,-81.2763,-81.2988,-81.3131,-81.3239,-81.3326,-81.3398,-81.3459,-81.3511,-81.3557,-81.3597
735,-80.9683,-81.2766,-81.2991,-81.3134,-81.3242,-81.3329,-81.3401,-81.3462,-81.3514,-81.356,-81.36
736,-80.9683,-81.2769,-81.2993,-81.3136,-81.3244,-81.3331,-81.3403,-81.3464,-81.3517,-81.3562,-81.3602
737,-80.9683,-81.2772,-81.2996,-81.3139,-81.3247,-81.3334,-81.3406,-81.3467,-81.3519,-81.3565,-81.3605
738,-80.9683,-81.2774,-81.2999,-81.3142,-81.325,-81.3337,-81.3409,-81.3469,-81.3522,-81.3567,-81.3607
739,-80.9683,-81.2777,-81.3001,-81.3144,-81.3252,-81.3339,-81.3411,-81.3472,-81.3524,-81.357,-81.361
740,-80.9683,-81.278,-81.3004,-81.3147,-81.3255,-81.3342,-81.3414,-81.3474,-81.3527,-81.3572,-81.3612
741,-80.9683,-81.2782,-81.3007,-81.315,-81.3258,-81.3344,-81.3416,-81.3477,-81.3529,-81.3575,-81.3615
742,-80.9683,-81.2785,-81.3009,-81.3152,-81.326,-81.3347,-81.3419,-81.348,-81.3532,-81.3577,-81.3617
743,-80.9683,-81.2788,-81.3012,-81.3155,-81.3263,-81.3349,-81.3421,-81.3482,-81.3534,-81.358,-81.362
744,-80.9683,-81.279,-81.3015,-81.3157,-81.3265,-81.3352,-81.3424,-81.3485,-81.3537,-81.3582,-81.3622
745,-80.9683,-81.2793,-81.3017,-81.316,-81.3268,-81.3354,-81.3426,-81.3487,-81.3539,-81.3585,-81.3625
746,-80.9683,-81.2796,-81.302,-81.3162,-81.327,-81.3357,-81.3429,-81.3489,-81.3542,-81.3587,-81.3627
747,-80.9683,-81.2798,-81.3022,-81.3165,-81.3273,-81.3359,-81.3431,-81.3492,-81.3544,-81.3589,-81.363
748,-80.9683,-81.2801,-81.3025,-81.3167,-81.3275,-81.3362,-81.3434,-81.3494,-81.3546,-81.3592,-81.3632
749,-80.9683,-81.2803,-81.3027,-81.317,-81.3278,-81.3364,-81.3436,-81.3497,-81.3549,-81.3594,-81.3634
750,-80.9683,-81.2806,-81.303,-81.3172,-81.328,-81.3367,-81.3438,-81.3499,-81.3551,-81.3597,-81.3637
751,-80.9683,-81.2808,-81.3032,-81.3175,-81.3283,-81.3369,-81.3441,-81.3501,-81.3554,-81.3599,-81.3639
752,-80.9683,-81.2811,-81.3035,-81.3177,-81.3285,-81.3372,-81.3443,-81.3504,-81.3556,-81.3601,-81.3641
753,-80.9683,-81.2813,-81.3037,-81.318,-81.3288,-81.3374,-81.3446,-81.3506,-81.3558,-81.3604,-81.3644
754,-80.9683,-81.2816,-81.304,-81.3182,-81.329,-81.3376,-81.3448,-81.3509,-81.3561,-81.3606,-81.3646
755,-80.9683,-81.2818,-81.3042,-81.3185,-81.3292,-81.3379,-81.345,-81.3511,-81.3563,-81.3608,-81.3648
756,-80.9683,-81.2821,-81.3045,-81.3187,-81.3295,-81.3381,-81.3453,-81.3513,-81.3565,-81.361,-81.365
757,-80.9683,-81.2823,-81.3047,-81.3189,-81.3297,-81.3383,-81.3455,-81.3515,-81.3567,-81.3613,-81.3653
758,-80.9683,-81.2826,-81.3049,-81.3192,-81.3299,-81.3386,-81.3457,-81.3518,-81.357,-81.3615,-81.3655
759,-80.9683,-81.2828,-81.3052,-81.3194,-81.3302,-81.3388,-81.346,-81.352,-81.3572,-81.3617,-81.3657
760,-80.9683,-81.283,-81.3054,-81.3196,-81.3304,-81.339,-81.3462,-81.3522,-81.3574,-81.3619,-81.3659
761,-80.9683,-81.2833,-81.3057,-81.3199,-81.3306,-81.3393,-81.3464,-81.3524,-81.3576,-81.3622,-81.3661
762,-80.9683,-81.2835,-81.3059,-81.3201,-81.3309,-81.3395,-81.3466,-81.3527,-81.3579,-81.3624,-81.3664
763,-80.9683,-81.2838,-81.3061,-81.3203,-81.3311,-81.3397,-81.3469,-81.3529,-81.3581,-81.3626,-81.3666
764,-80.9683,-81.284,-81.3063,-81.3206,-81.3313,-81.3399,-81.3471,-81.3531,-81.3583,-81.3628,-81.3668
765,-80.9683,-81.2842,-81.3066,-81.3208,-81.3315,-81.3402,-81.3473,-81.3533,-81.3585,-81.363,-81.367
766,-80.9683,-81.2844,-81.3068,-81.321,-81.3318,-81.3404,-81.3475,-81.3535,-81.3587,-81.3632,-81.3672
767,-80.9683,-81.2847,-81.307,-81.3212,-81.332,-81.3406,-81.3477,-81.3538,-81.3589,-81.3635,-81.3674
768,-80.9683,-81.2849,-81.3073,-81.3215,-81.3322,-81.3408,-81.3479,-81.354,-81.3592,-81.3637,-81.3676
769,-80.9683,-81.2851,-81.3075,-81.3217,-81.3324,-81.341,-81.3482,-81.3542,-81.3594,-81.3639,-81.3679
770,-80.9683,-81.2854,-81.3077,-81.3219,-81.3326,-81.3412,-81.3484,-81.3544,-81.3596,-81.3641,-81.3681
771,-80.9683,-81.2856,-81.3079,-81.3221,-81.3328,-81.3415,-81.3486,-81.3546,-81.3598,-81.3643,-81.3683
772,-80.9683,-81.2858,-81.3081,-81.3223,-81.3331,-81.3417,-81.3488,-81.3548,-81.36,-81.3645,-81.3685
773,-80.9683,-81.286,-81.3084,-81.3225,-81.3333,-81.3419,-81.349,-81.355,-81.3602,-81.3647,-81.3687
774,-80.9683,-81.2862,-81.3086,-81.3228,-81.3335,-81.3421,-81.3492,-81.3552,-81.3604,-81.3649,-81.3689
775,-80.9683,-81.2865,-81.3088,-81.323,-81.3337,-81.3423,-81.3494,-81.3554,-81.3606,-81.3651,-81.3691
776,-80.9683,-81.2867,-81.309,-81.3232,-81.3339,-81.3425,-81.3496,-81.3557,-81.3608,-81.3653,-81.3693
777,-80.9683,-81.2869,-81.3092,-81.3234,-81.3341,-81.3427,-81.3498,-81.3559,-81.361,-81.3655,-81.3695
778,-80.9683,-81.2871,-81.3094,-81.3236,-81.3343,-81.3429,-81.35,-81.3561,-81.3612,-81.3657,-81.3697
779,-80.9683,-81.2873,-81.3096,-81.3238,-81.3345,-81.3431,-81.3502,-81.3563,-81.3614,-81.3659,-81.3699
780,-80.9683,-81.2875,-81.3099,-81.324,-81.3347,-81.3433,-81.3504,-81.3565,-81.3616,-81.3661,-81.3701
781,-80.9683,-81.2877,-81.3101,-81.3242,-81.3349,-81.3435,-81.3506,-81.3567,-81.3618,-81.3663,-81.3703
782,-80.9683,-81.288,-81.3103,-81.3244,-81.3351,-81.3437,-81.3508,-81.3569,-81.362,-81.3665,-81.3705
783,-80.9683,-81.2882,-81.3105,-81.3246,-81.3353,-81.3439,-81.351,-81.357,-81.3622,-81.3667,-81.3707
784,-80.9683,-81.2884,-81.3107,-81.3248,-81.3355,-81.3441,-81.3512,-81.3572,-81.3624,-81.3669,-81.3708
785,-80.9683,-81.2886,-81.3109,-81.325,-81.3357,-81.3443,-81.3514,-81.3574,-81.3626,-81.3671,-81.371
786,-80.9683,-81.2888,-81.3111,-81.3252,-81.3359,-81.3445,-81.3516,-81.3576,-81.3628,-81.3673,-81.3712
787,-80.9683,-81.289,-81.3113,-81.3254,-81.3361,-81.3447,-81.3518,-81.3578,-81.363,-81.3675,-81.3714
788,-80.9683,-81.2892,-81.3115,-81.3256,-81.3363,-81.3449,-81.352,-81.358,-81.3632,-81.3677,-81.3716
789,-80.9683,-81.2894,-81.3117,-81.3258,-81.3365,-81.3451,-81.3522,-81.3582,-81.3634,-81.3678,-81.3718
790,-80.9683,-81.2896,-81.3119,-81.326,-81.3367,-81.3453,-81.3524,-81.3584,-81.3635,-81.368,-81.372
791,-80.9683,-81.2898,-81.3121,-81.3262,-81.3369,-81.3455,-81.3526,-81.3586,-81.3637,-81.3682,-81.3722
792,-80.9683,-81.29,-81.3123,-81.3264,-81.3371,-81.3457,-81.3528,-81.3588,-81.3639,-81.3684,-81.3723
793,-80.9683,-81.2902,-81.3125,-81.3266,-81.3373,-81.3459,-81.353,-81.3589,-81.3641,-81.3686,-81.3725
794,-80.9683,-81.2904,-81.3127,-81.3268,-81.3375,-81.3461,-81.3531,-81.3591,-81.3643,-81.3688,-81.3727
795,-80.9683,-81.2906,-81.3128,-81.327,-81.3377,-81.3462,-81.3533,-81.3593,-81.3645,-81.3689,-81.3729
796,-80.9683,-81.2908,-81.313,-81.3272,-81.3379,-81.3464,-81.3535,-81.3595,-81.3646,-81.3691,-81.3731
797,-80.9683,-81.291,-81.3132,-81.3274,-81.338,-81.3466,-81.3537,-81.3597,-81.3648,-81.3693,-81.3732
798,-80.9683,-81.2911,-81.3134,-81.3275,-81.3382,-81.3468,-81.3539,-81.3599,-81.365,-81.3695,-81.3734
799,-80.9683,-81.2913,-81.3136,-81.3277,-81.3384,-81.347,-81.3541,-81.36,-81.3652,-81.3696,-81.3736
800,-80.9683,-81.2915,-81.3138,-81.3279,-81.3386,-81.3472,-81.3542,-81.3602,-81.3653,-81.3698,-81.3738
801,-80.9683,-81.2917,-81.314,-81.3281,-81.3388,-81.3473,-81.3544,-81.3604,-81.3655,-81.37,-81.3739
802,-80.9683,-81.2919,-81.3142,-81.3283,-81.339,-81.3475,-81.3546,-81.3606,-81.3657,-81.3702,-81.3741
803,-80.9683,-81.2921,-81.3143,-81.3285,-81.3391,-81.3477,-81.3548,-81.3607,-81.3659,-81.3703,-81.3743
804,-80.9683,-81.2923,-81.3145,-81.3286,-81.3393,-81.3479,-81.3549,-81.3609,-81.366,-81.3705,-81.3744
805,-80.9683,-81.2924,-81.3147,-81.3288,-81.3395,-81.348,-81.3551,-81.3611,-81.3662,-81.3707,-81.3746
806,-80.9683,-81.2926,-81.3149,-81.329,-81.3397,-81.3482,-81.3553,-81.3613,-81.3664,-81.3709,-81.3748
807,-80.9683,-81.2928,-81.3151,-81.3292,-81.3398,-81.3484,-81.3555,-81.3614,-81.3666,-81.371,-81.3749
808,-80.9683,-81.293,-81.3152,-81.3293,-81.34,-81.3486,-81.3556,-81.3616,-81.3667,-81.3712,-81.3751
809,-80.9683,-81.2932,-81.3154,-81.3295,-81.3402,-81.3487,-81.3558,-81.3618,-81.3669,-81.3714,-81.3753
810,-80.9683,-81.2933,-81.3156,-81.3297,-81.3404,-81.3489,-81.356,-81.3619,-81.3671,-81.3715,-81.3754
811,-80.9683,-81.2935,-81.3158,-81.3299,-81.3405,-81.3491,-81.3561,-81.3621,-81.3672,-81.3717,-81.3756
812,-80.9683,-81.2937,-81.3159,-81.33,-81.3407,-81.3492,-81.3563,-81.3623,-81.3674,-81.3718,-81.3758
813,-80.9683,-81.2939,-81.3161,-81.3302,-81.3409,-81.3494,-81.3565,-81.3624,-81.3675,-81.372,-81.3759
814,-80.9683,-81.294,-81.3163,-81.3304,-81.341,-81.3496,-81.3566,-81.3626,-81.3677,-81.3722,-81.3761
815,-80.9683,-81.2942,-81.3164,-81.3305,-81.3412,-81.3497,-81.3568,-81.3628,-81.3679,-81.3723,-81.3762
816,-80.9683,-81.2944,-81.3166,-81.3307,-81.3414,-81.3499,-81.357,-81.3629,-81.368,-81.3725,-81.3764
817,-80.9683,-81.2946,-81.3168,-81.3309,-81.3415,-81.3501,-81.3571,-81.3631,-81.3682,-81.3726,-81.3766
818,-80.9683,-81.2947,-81.317,-81.331,-81.3417,-81.3502,-81.3573,-81.3632,-81.3684,-81.3728,-81.3767
819,-80.9683,-81.2949,-81.3171,-81.3312,-81.3419,-81.3504,-81.3574,-81.3634,-81.3685,-81.373,-81.3769
820,-80.9683,-81.2951,-81.3173,-81.3314,-81.342,-81.3505,-81.3576,-81.3636,-81.3687,-81.3731,-81.377
821,-80.9683,-81.2952,-81.3175,-81.3315,-81.3422,-81.3507,-81.3578,-81.3637,-81.3688,-81.3733,-81.3772
822,-80.9683,-81.2954,-81.3176,-81.3317,-81.3423,-81.3509,-81.3579,-81.3639,-81.369,-81.3734,-81.3773
823,-80.9683,-81.2956,-81.3178,-81.3319,-81.3425,-81.351,-81.3581,-81.364,-81.3691,-81.3736,-81.3775
824,-80.9683,-81.2957,-81.3179,-81.332,-81.3427,-81.3512,-81.3582,-81.3642,-81.3693,-81.3737,-81.3776
825,-80.9684,-81.2959,-81.3181,-81.3322,-81.3428,-81.3513,-81.3584,-81.3643,-81.3694,-81.3739,-81.3778
826,-80.9684,-81.296,-81.3183,-81.3323,-81.343,-81.3515,-81.3585,-81.3645,-81.3696,-81.374,-81.3779
827,-80.9684,-81.2962,-81.3184,-81.3325,-81.3431,-81.3516,-81.3587,-81.3646,-81.3697,-81.3742,-81.3781
828,-80.9684,-81.2964,-81.3186,-81.3326,-81.3433,-81.3518,-81.3588,-81.3648,-81.3699,-81.3743,-81.3782
829,-80.9684,-81.2965,-81.3187,-81.3328,-81.3434,-81.352,-81.359,-81.3649,-81.37,-81.3745,-81.3784
830,-80.9684,-81.2967,-81.3189,-81.333,-81.3436,-81.3521,-81.3591,-81.3651,-81.3702,-81.3746,-81.3785
831,-80.9684,-81.2968,-81.319,-81.3331,-81.3437,-81.3523,-81.3593,-81.3652,-81.3703,-81.3748,-81.3787
832,-80.9684,-81.297,-81.3192,-81.3333,-81.3439,-81.3524,-81.3594,-81.3654,-81.3705,-81.3749,-81.3788
833,-80.9684,-81.2972,-81.3194,-81.3334,-81.344,-81.3526,-81.3596,-81.3655,-81.3706,-81.3751,-81.379
834,-80.9684,-81.2973,-81.3195,-81.3336,-81.3442,-81.3527,-81.3597,-81.3657,-81.3708,-81.3752,-81.3791
835,-80.9684,-81.2975,-81.3197,-81.3337,-81.3443,-81.3528,-81.3599,-81.3658,-81.3709,-81.3753,-81.3792
836,-80.9684,-81.2976,-81.3198,-81.3339,-81.3445,-81.353,-81.36,-81.366,-81.3711,-81.3755,-81.3794
837,-80.9684,-81.2978,-81.32,-81.334,-81.3446,-81.3531,-81.3602,-81.3661,-81.3712,-81.3756,-81.3795
838,-80.9684,-81.2979,-81.3201,-81.3342,-81.3448,-81.3533,-81.3603,-81.3662,-81.3713,-81.3758,-81.3797
839,-80.9684,-81.2981,-81.3203,-81.3343,-81.3449,-81.3534,-81.3605,-81.3664,-81.3715,-81.3759,-81.3798
840,-80.9684,-81.2982,-81.3204,-81.3345,-81.3451,-81.3536,-81.3606,-81.3665,-81.3716,-81.376,-81.3799
841,-80.9684,-81.2984,-81.3205,-81.3346,-81.3452,-81.3537,-81.3607,-81.3667,-81.3718,-81.3762,-81.3801
842,-80.9684,-81.2985,-81.3207,-81.3347,-81.3454,-81.3539,-81.3609,-81.3668,-81.3719,-81.3763,-81.3802
843,-80.9684,-81.2987,-81.3208,-81.3349,-81.3455,-81.354,-81.361,-81.3669,-81.372,-81.3765,-81.3804
844,-80.9684,-81.2988,-81.321,-81.335,-81.3456,-81.3541,-81.3612,-81.3671,-81.3722,-81.3766,-81.3805
845,-80.9684,-81.299,-81.3211,-81.3352,-81.3458,-81.3543,-81.3613,-81.3672,-81.3723,-81.3767,-81.3806
846,-80.9684,-81.2991,-81.3213,-81.3353,-81.3459,-81.3544,-81.3614,-81.3674,-81.3724,-81.3769,-81.3808
847,-80.9684,-81.2992,-81.3214,-81.3354,-81.3461,-81.3545,-81.3616,-81.3675,-81.3726,-81.377,-81.3809
848,-80.9684,-81.2994,-81.3215,-81.3356,-81.3462,-81.3547,-81.3617,-81.3676,-81.3727,-81.3771,-81.381
849,-80.9684,-81.2995,-81.3217,-81.3357,-81.3463,-81.3548,-81.3618,-81.3678,-81.3728,-81.3773,-81.3812
850,-80.9684,-81.2997,-81.3218,-81.3359,-81.3465,-81.355,-81.362,-81.3679,-81.373,-81.3774,-81.3813
851,-80.9684,-81.2998,-81.322,-81.336,-81.3466,-81.3551,-81.3621,-81.368,-81.3731,-81.3775,-81.3814
852,-80.9684,-81.2999,-81.3221,-81.3361,-81.3467,-81.3552,-81.3622,-81.3682,-81.3732,-81.3777,-81.3815
853,-80.9684,-81.3001,-81.3222,-81.3363,-81.3469,-81.3554,-81.3624,-81.3683,-81.3734,-81.3778,-81.3817
854,-80.9684,-81.3002,-81.3224,-81.3364,-81.347,-81.3555,-81.3625,-81.3684,-81.3735,-81.3779,-81.3818
855,-80.9684,-81.3004,-81.3225,-81.3365,-81.3471,-81.3556,-81.3626,-81.3685,-81.3736,-81.378,-81.3819
856,-80.9684,-81.3005,-81.3226,-81.3367,-81.3473,-81.3557,-81.3628,-81.3687,-81.3737,-81.3782,-81.382
857,-80.9684,-81.3006,-81.3228,-81.3368,-81.3474,-81.3559,-81.3629,-81.3688,-81.3739,-81.3783,-81.3822
858,-80.9684,-81.3008,-81.3229,-81.3369,-81.3475,-81.356,-81.363,-81.3689,-81.374,-81.3784,-81.3823
859,-80.9684,-81.3009,-81.323,-81.3371,-81.3477,-81.3561,-81.3631,-81.3691,-81.3741,-81.3785,-81.3824
860,-80.9684,-81.301,-81.3232,-81.3372,-81.3478,-81.3563,-81.3633,-81.3692,-81.3742,-81.3787,-81.3825
861,-80.9684,-81.3012,-81.3233,-81.3373,-81.3479,-81.3564,-81.3634,-81.3693,-81.3744,-81.3788,-81.3827
862,-80.9684,-81.3013,-81.3234,-81.3375,-81.348,-81.3565,-81.3635,-81.3694,-81.3745,-81.3789,-81.3828
863,-80.9684,-81.3014,-81.3236,-81.3376,-81.3482,-81.3566,-81.3636,-81.3695,-81.3746,-81.379,-81.3829
864,-80.9684,-81.3016,-81.3237,-81.3377,-81.3483,-81.3568,-81.3638,-81.3697,-81.3747,-81.3791,-81.383
865,-80.9684,-81.3017,-81.3238,-81.3378,-81.3484,-81.3569,-81.3639,-81.3698,-81.3749,-81.3793,-81.3831
866,-80.9684,-81.3018,-81.3239,-81.338,-81.3485,-81.357,-81.364,-81.3699,-81.375,-81.3794,-81.3833
867,-80.9684,-81.3019,-81.3241,-81.3381,-81.3487,-81.3571,-81.3641,-81.37,-81.3751,-81.3795,-81.3834
868,-80.9684,-81.3021,-81.3242,-81.3382,-81.3488,-81.3573,-81.3643,-81.3702,-81.3752,-81.3796,-81.3835
869,-80.9684,-81.3022,-81.3243,-81.3383,-81.3489,-81.3574,-81.3644,-81.3703,-81.3753,-81.3797,-81.3836
870,-80.9684,-81.3023,-81.3244,-81.3385,-81.349,-81.3575,-81.3645,-81.3704,-81.3755,-81.3799,-81.3837
871,-80.9684,-81.3024,-81.3246,-81.3386,-81.3491,-81.3576,-81.3646,-81.3705,-81.3756,-81.38,-81.3838
872,-80.9684,-81.3026,-81.3247,-81.3387,-81.3493,-81.3577,-81.3647,-81.3706,-81.3757,-81.3801,-81.384
873,-80.9684,-81.3027,-81.3248,-81.3388,-81.3494,-81.3579,-81.3648,-81.3707,-81.3758,-81.3802,-81.3841
874,-80.9684,-81.3028,-81.3249,-81.3389,-81.3495,-81.358,-81.365,-81.3709,-81.3759,-81.3803,-81.3842
875,-80.9684,-81.3029,-81.3251,-81.3391,-81.3496,-81.3581,-81.3651,-81.371,-81.376,-81.3804,-81.3843
876,-80.9684,-81.3031,-81.3252,-81.3392,-81.3497,-81.3582,-81.3652,-81.3711,-81.3761,-81.3805,-81.3844
877,-80.9684,-81.3032,-81.3253,-81.3393,-81.3499,-81.3583,-81.3653,-81.3712,-81.3763,-81.3807,-81.3845
878,-80.9684,-81.3033,-81.3254,-81.3394,-81.35,-81.3584,-81.3654,-81.3713,-81.3764,-81.3808,-81.3846
879,-80.9684,-81.3034,-81.3255,-81.3395,-81.3501,-81.3585,-81.3655,-81.3714,-81.3765,-81.3809,-81.3847
880,-80.9684,-81.3035,-81.3256,-81.3396,-81.3502,-81.3587,-81.3656,-81.3715,-81.3766,-81.381,-81.3849
881,-80.9684,-81.3037,-81.3258,-81.3398,-81.3503,-81.3588,-81.3658,-81.3717,-81.3767,-81.3811,-81.385
882,-80.9684,-81.3038,-81.3259,-81.3399,-81.3504,-81.3589,-81.3659,-81.3718,-81.3768,-81.3812,-81.3851
883,-80.9684,-81.3039,-81.326,-81.34,-81.3505,-81.359,-81.366,-81.3719,-81.3769,-81.3813,-81.3852
884,-80.9684,-81.304,-81.3261,-81.3401,-81.3507,-81.3591,-81.3661,-81.372,-81.377,-81.3814,-81.3853
885,-80.9684,-81.3041,-81.3262,-81.3402,-81.3508,-81.3592,-81.3662,-81.3721,-81.3771,-81.3815,-81.3854
886,-80.9684,-81.3042,-81.3263,-81.3403,-81.3509,-81.3593,-81.3663,-81.3722,-81.3772,-81.3816,-81.3855
887,-80.9684,-81.3043,-81.3264,-81.3404,-81.351,-81.3594,-81.3664,-81.3723,-81.3774,-81.3817,-81.3856
888,-80.9684,-81.3045,-81.3266,-81.3405,-81.3511,-81.3595,-81.3665,-81.3724,-81.3775,-81.3819,-81.3857
889,-80.9684,-81.3046,-81.3267,-81.3407,-81.3512,-81.3597,-81.3666,-81.3725,-81.3776,-81.382,-81.3858
890,-80.9684,-81.3047,-81.3268,-81.3408,-81.3513,-81.3598,-81.3667,-81.3726,-81.3777,-81.3821,-81.3859
891,-80.9684,-81.3048,-81.3269,-81.3409,-81.3514,-81.3599,-81.3668,-81.3727,-81.3778,-81.3822,-81.386
892,-80.9684,-81.3049,-81.327,-81.341,-81.3515,-81.36,-81.3669,-81.3728,-81.3779,-81.3823,-81.3861
893,-80.9684,-81.305,-81.3271,-81.3411,-81.3516,-81.3601,-81.3671,-81.3729,-81.378,-81.3824,-81.3862
894,-80.9684,-81.3051,-81.3272,-81.3412,-81.3517,-81.3602,-81.3672,-81.373,-81.3781,-81.3825,-81.3863
895,-80.9684,-81.3052,-81.3273,-81.3413,-81.3519,-81.3603,-81.3673,-81.3731,-81.3782,-81.3826,-81.3864
896,-80.9684,-81.3053,-81.3274,-81.3414,-81.352,-81.3604,-81.3674,-81.3732,-81.3783,-81.3827,-81.3865
897,-80.9684,-81.3055,-81.3275,-81.3415,-81.3521,-81.3605,-81.3675,-81.3733,-81.3784,-81.3828,-81.3866
898,-80.9684,-81.3056,-81.3276,-81.3416,-81.3522,-81.3606,-81.3676,-81.3734,-81.3785,-81.3829,-81.3867
899,-80.9684,-81.3057,-81.3278,-81.3417,-81.3523,-81.3607,-81.3677,-81.3735,-81.3786,-81.383,-81.3868
900,-80.9684,-81.3058,-81.3279,-81.3418,-81.3524,-81.3608,-81.3678,-81.3736,-81.3787,-81.3831,-81.3869
901,-80.9684,-81.3059,-81.328,-81.3419,-81.3525,-81.3609,-81.3679,-81.3737,-81.3788,-81.3832,-81.387
902,-80.9684,-81.306,-81.3281,-81.342,-81.3526,-81.361,-81.368,-81.3738,-81.3789,-81.3833,-81.3871
903,-80.9684,-81.3061,-81.3282,-81.3421,-81.3527,-81.3611,-81.3681,-81.3739,-81.379,-81.3834,-81.3872
904,-80.9684,-81.3062,-81.3283,-81.3422,-81.3528,-81.3612,-81.3682,-81.374,-81.3791,-81.3835,-81.3873
905,-80.9684,-81.3063,-81.3284,-81.3423,-81.3529,-81.3613,-81.3683,-81.3741,-81.3792,-81.3836,-81.3874
906,-80.9684,-81.3064,-81.3285,-81.3424,-81.353,-81.3614,-81.3684,-81.3742,-81.3793,-81.3836,-81.3875
907,-80.9684,-81.3065,-81.3286,-81.3425,-81.3531,-81.3615,-81.3685,-81.3743,-81.3794,-81.3837,-81.3876
908,-80.9684,-81.3066,-81.3287,-81.3426,-81.3532,-81.3616,-81.3686,-81.3744,-81.3795,-81.3838,-81.3877
909,-80.9684,-81.3067,-81.3288,-81.3427,-81.3533,-81.3617,-81.3687,-81.3745,-81.3796,-81.3839,-81.3878
910,-80.9684,-81.3068,-81.3289,-81.3428,-81.3534,-81.3618,-81.3687,-81.3746,-81.3796,-81.384,-81.3879
911,-80.9684,-81.3069,-81.329,-81.3429,-81.3535,-81.3619,-81.3688,-81.3747,-81.3797,-81.3841,-81.388
912,-80.9684,-81.307,-81.3291,-81.343,-81.3536,-81.362,-81.3689,-81.3748,-81.3798,-81.3842,-81.3881
913,-80.9684,-81.3071,-81.3292,-81.3431,-81.3536,-81.3621,-81.369,-81.3749,-81.3799,-81.3843,-81.3881
914,-80.9684,-81.3072,-81.3293,-81.3432,-81.3537,-81.3622,-81.3691,-81.375,-81.38,-81.3844,-81.3882
915,-80.9684,-81.3073,-81.3294,-81.3433,-81.3538,-81.3623,-81.3692,-81.3751,-81.3801,-81.3845,-81.3883
916,-80.9684,-81.3074,-81.3295,-81.3434,-81.3539,-81.3624,-81.3693,-81.3752,-81.3802,-81.3846,-81.3884
917,-80.9684,-81.3075,-81.3295,-81.3435,-81.354,-81.3624,-81.3694,-81.3753,-81.3803,-81.3847,-81.3885
918,-80.9684,-81.3076,-81.3296,-81.3436,-81.3541,-81.3625,-81.3695,-81.3754,-81.3804,-81.3847,-81.3886
919,-80.9684,-81.3077,-81.3297,-81.3437,-81.3542,-81.3626,-81.3696,-81.3754,-81.3805,-81.3848,-81.3887
920,-80.9684,-81.3078,-81.3298,-81.3438,-81.3543,-81.3627,-81.3697,-81.3755,-81.3806,-81.3849,-81.3888
921,-80.9684,-81.3079,-81.3299,-81.3439,-81.3544,-81.3628,-81.3698,-81.3756,-81.3806,-81.385,-81.3889
922,-80.9684,-81.308,-81.33,-81.344,-81.3545,-81.3629,-81.3698,-81.3757,-81.3807,-81.3851,-81.3889
923,-80.9684,-81.3081,-81.3301,-81.3441,-81.3546,-81.363,-81.3699,-81.3758,-81.3808,-81.3852,-81.389
924,-80.9684,-81.3081,-81.3302,-81.3441,-81.3547,-81.3631,-81.37,-81.3759,-81.3809,-81.3853,-81.3891
925,-80.9684,-81.3082,-81.3303,-81.3442,-81.3547,-81.3632,-81.3701,-81.376,-81.381,-81.3854,-81.3892
926,-80.9684,-81.3083,-81.3304,-81.3443,-81.3548,-81.3633,-81.3702,-81.3761,-81.3811,-81.3854,-81.3893
927,-80.9684,-81.3084,-81.3305,-81.3444,-81.3549,-81.3633,-81.3703,-81.3761,-81.3812,-81.3855,-81.3894
928,-80.9684,-81.3085,-81.3306,-81.3445,-81.355,-81.3634,-81.3704,-81.3762,-81.3812,-81.3856,-81.3894
929,-80.9684,-81.3086,-81.3306,-81.3446,-81.3551,-81.3635,-81.3705,-81.3763,-81.3813,-81.3857,-81.3895
930,-80.9684,-81.3087,-81.3307,-81.3447,-81.3552,-81.3636,-81.3705,-81.3764,-81.3814,-81.3858,-81.3896
931,-80.9684,-81.3088,-81.3308,-81.3448,-81.3553,-81.3637,-81.3706,-81.3765,-81.3815,-81.3859,-81.3897
932,-80.9684,-81.3089,-81.3309,-81.3448,-81.3554,-81.3638,-81.3707,-81.3766,-81.3816,-81.3859,-81.3898
933,-80.9684,-81.309,-81.331,-81.3449,-81.3554,-81.3639,-81.3708,-81.3766,-81.3817,-81.386,-81.3899
934,-80.9684,-81.309,-81.3311,-81.345,-81.3555,-81.3639,-81.3709,-81.3767,-81.3817,-81.3861,-81.3899
935,-80.9684,-81.3091,-81.3312,-81.3451,-81.3556,-81.364,-81.371,-81.3768,-81.3818,-81.3862,-81.39
936,-80.9684,-81.3092,-81.3313,-81.3452,-81.3557,-81.3641,-81.371,-81.3769,-81.3819,-81.3863,-81.3901
937,-80.9684,-81.3093,-81.3313,-81.3453,-81.3558,-81.3642,-81.3711,-81.377,-81.382,-81.3863,-81.3902
938,-80.9684,-81.3094,-81.3314,-81.3454,-81.3559,-81.3643,-81.3712,-81.3771,-81.3821,-81.3864,-81.3903
939,-80.9684,-81.3095,-81.3315,-81.3454,-81.3559,-81.3643,-81.3713,-81.3771,-81.3821,-81.3865,-81.3903
940,-80.9684,-81.3096,-81.3316,-81.3455,-81.356,-81.3644,-81.3714,-81.3772,-81.3822,-81.3866,-81.3904
941,-80.9684,-81.3096,-81.3317,-81.3456,-81.3561,-81.3645,-81.3714,-81.3773,-81.3823,-81.3867,-81.3905
942,-80.9684,-81.3097,-81.3318,-81.3457,-81.3562,-81.3646,-81.3715,-81.3774,-81.3824,-81.3867,-81.3906
943,-80.9684,-81.3098,-81.3318,-81.3458,-81.3563,-81.3647,-81.3716,-81.3774,-81.3825,-81.3868,-81.3906
944,-80.9684,-81.3099,-81.3319,-81.3458,-81.3563,-81.3647,-81.3717,-81.3775,-81.3825,-81.3869,-81.3907
945,-80.9684,-81.31,-81.332,-81.3459,-81.3564,-81.3648,-81.3718,-81.3776,-81.3826,-81.387,-81.3908
946,-80.9684,-81.3101,-81.3321,-81.346,-81.3565,-81.3649,-81.3718,-81.3777,-81.3827,-81.387,-81.3909
947,-80.9684,-81.3101,-81.3322,-81.3461,-81.3566,-81.365,-81.3719,-81.3778,-81.3828,-81.3871,-81.3909
948,-80.9684,-81.3102,-81.3322,-81.3462,-81.3567,-81.3651,-81.372,-81.3778,-81.3828,-81.3872,-81.391
949,-80.9684,-81.3103,-81.3323,-81.3462,-81.3567,-81.3651,-81.3721,-81.3779,-81.3829,-81.3873,-81.3911
950,-80.9684,-81.3104,-81.3324,-81.3463,-81.3568,-81.3652,-81.3721,-81.378,-81.383,-81.3873,-81.3912
951,-80.9684,-81.3105,-81.3325,-81.3464,-81.3569,-81.3653,-81.3722,-81.3781,-81.3831,-81.3874,-81.3912
952,-80.9684,-81.3105,-81.3326,-81.3465,-81.357,-81.3654,-81.3723,-81.3781,-81.3831,-81.3875,-81.3913
953,-80.9684,-81.3106,-81.3326,-81.3466,-81.357,-81.3654,-81.3724,-81.3782,-81.3832,-81.3876,-81.3914
954,-80.9684,-81.3107,-81.3327,-81.3466,-81.3571,-81.3655,-81.3724,-81.3783,-81.3833,-81.3876,-81.3915
955,-80.9684,-81.3108,-81.3328,-81.3467,-81.3572,-81.3656,-81.3725,-81.3784,-81.3834,-81.3877,-81.3915
956,-80.9684,-81.3109,-81.3329,-81.3468,-81.3573,-81.3657,-81.3726,-81.3784,-81.3834,-81.3878,-81.3916
957,-80.9684,-81.3109,-81.3329,-81.3469,-81.3573,-81.3657,-81.3727,-81.3785,-81.3835,-81.3878,-81.3917
958,-80.9684,-81.311,-81.333,-81.3469,-81.3574,-81.3658,-81.3727,-81.3786,-81.3836,-81.3879,-81.3917
959,-80.9685,-81.3111,-81.3331,-81.347,-81.3575,-81.3659,-81.3728,-81.3786,-81.3836,-81.388,-81.3918
960,-80.9685,-81.3112,-81.3332,-81.3471,-81.3576,-81.366,-81.3729,-81.3787,-81.3837,-81.3881,-81.3919
961,-80.9685,-81.3112,-81.3332,-81.3472,-81.3576,-81.366,-81.3729,-81.3788,-81.3838,-81.3881,-81.3919
962,-80.9685,-81.3113,-81.3333,-81.3472,-81.3577,-81.3661,-81.373,-81.3789,-81.3839,-81.3882,-81.392
963,-80.9685,-81.3114,-81.3334,-81.3473,-81.3578,-81.3662,-81.3731,-81.3789,-81.3839,-81.3883,-81.3921
964,-80.9685,-81.3115,-81.3335,-81.3474,-81.3579,-81.3662,-81.3732,-81.379,-81.384,-81.3883,-81.3922
965,-80.9685,-81.3115,-81.3335,-81.3474,-81.3579,-81.3663,-81.3732,-81.3791,-81.3841,-81.3884,-81.3922
966,-80.9685,-81.3116,-81.3336,-81.3475,-81.358,-81.3664,-81.3733,-81.3791,-81.3841,-81.3885,-81.3923
967,-80.9685,-81.3117,-81.3337,-81.3476,-81.3581,-81.3665,-81.3734,-81.3792,-81.3842,-81.3885,-81.3924
968,-80.9685,-81.3118,-81.3338,-81.3477,-81.3581,-81.3665,-81.3734,-81.3793,-81.3843,-81.3886,-81.3924
969,-80.9685,-81.3118,-81.3338,-81.3477,-81.3582,-81.3666,-81.3735,-81.3793,-81.3843,-81.3887,-81.3925
970,-80.9685,-81.3119,-81.3339,-81.3478,-81.3583,-81.3667,-81.3736,-81.3794,-81.3844,-81.3887,-81.3926
971,-80.9685,-81.312,-81.334,-81.3479,-81.3583,-81.3667,-81.3736,-81.3795,-81.3845,-81.3888,-81.3926
972,-80.9685,-81.312,-81.334,-81.3479,-81.3584,-81.3668,-81.3737,-81.3795,-81.3845,-81.3889,-81.3927
973,-80.9685,-81.3121,-81.3341,-81.348,-81.3585,-81.3669,-81.3738,-81.3796,-81.3846,-81.3889,-81.3928
974,-80.9685,-81.3122,-81.3342,-81.3481,-81.3585,-81.3669,-81.3738,-81.3797,-81.3847,-81.389,-81.3928
975,-80.9685,-81.3123,-81.3342,-81.3481,-81.3586,-81.367,-81.3739,-81.3797,-81.3847,-81.3891,-81.3929
976,-80.9685,-81.3123,-81.3343,-81.3482,-81.3587,-81.3671,-81.374,-81.3798,-81.3848,-81.3891,-81.3929
977,-80.9685,-81.3124,-81.3344,-81.3483,-81.3588,-81.3671,-81.374,-81.3799,-81.3849,-81.3892,-81.393
978,-80.9685,-81.3125,-81.3344,-81.3483,-81.3588,-81.3672,-81.3741,-81.3799,-81.3849,-81.3893,-81.3931
979,-80.9685,-81.3125,-81.3345,-81.3484,-81.3589,-81.3673,-81.3742,-81.38,-81.385,-81.3893,-81.3931
980,-80.9685,-81.3126,-81.3346,-81.3485,-81.3589,-81.3673,-81.3742,-81.3801,-81.385,-81.3894,-81.3932
981,-80.9685,-81.3127,-81.3347,-81.3485,-81.359,-81.3674,-81.3743,-81.3801,-81.3851,-81.3894,-81.3933
982,-80.9685,-81.3127,-81.3347,-81.3486,-81.3591,-81.3675,-81.3744,-81.3802,-81.3852,-81.3895,-81.3933
983,-80.9685,-81.3128,-81.3348,-81.3487,-81.3591,-81.3675,-81.3744,-81.3802,-81.3852,-81.3896,-81.3934
984,-80.9685,-81.3129,-81.3348,-81.3487,-81.3592,-81.3676,-81.3745,-81.3803,-81.3853,-81.3896,-81.3934
985,-80.9685,-81.3129,-81.3349,-81.3488,-81.3593,-81.3676,-81.3745,-81.3804,-81.3854,-81.3897,-81.3935
986,-80.9685,-81.313,-81.335,-81.3489,-81.3593,-81.3677,-81.3746,-81.3804,-81.3854,-81.3898,-81.3936
987,-80.9685,-81.3131,-81.335,-81.3489,-81.3594,-81.3678,-81.3747,-81.3805,-81.3855,-81.3898,-81.3936
988,-80.9685,-81.3131,-81.3351,-81.349,-81.3595,-81.3678,-81.3747,-81.3805,-81.3855,-81.3899,-81.3937
989,-80.9685,-81.3132,-81.3352,-81.3491,-81.3595,-81.3679,-81.3748,-81.3806,-81.3856,-81.3899,-81.3937
990,-80.9685,-81.3133,-81.3352,-81.3491,-81.3596,-81.368,-81.3749,-81.3807,-81.3857,-81.39,-81.3938
991,-80.9685,-81.3133,-81.3353,-81.3492,-81.3596,-81.368,-81.3749,-81.3807,-81.3857,-81.39,-81.3939
992,-80.9685,-81.3134,-81.3354,-81.3492,-81.3597,-81.3681,-81.375,-81.3808,-81.3858,-81.3901,-81.3939
993,-80.9685,-81.3134,-81.3354,-81.3493,-81.3598,-81.3681,-81.375,-81.3808,-81.3858,-81.3902,-81.394
994,-80.9685,-81.3135,-81.3355,-81.3494,-81.3598,-81.3682,-81.3751,-81.3809,-81.3859,-81.3902,-81.394
995,-80.9685,-81.3136,-81.3355,-81.3494,-81.3599,-81.3683,-81.3751,-81.381,-81.3859,-81.3903,-81.3941
996,-80.9685,-81.3136,-81.3356,-81.3495,-81.3599,-81.3683,-81.3752,-81.381,-81.386,-81.3903,-81.3941
997,-80.9685,-81.3137,-81.3357,-81.3495,-81.36,-81.3684,-81.3753,-81.3811,-81.3861,-81.3904,-81.3942
998,-80.9685,-81.3138,-81.3357,-81.3496,-81.3601,-81.3684,-81.3753,-81.3811,-81.3861,-81.3905,-81.3943
999,-80.9685,-81.3138,-81.3358,-81.3497,-81.3601,-81.3685,-81.3754,-81.3812,-81.3862,-81.3905,-81.3943
1000,-80.9685,-81.3139,-81.3358,-81.3497,-81.3602,-81.3685,-81.3754,-81.3813,-81.3862,-81.3906,-81.3944
