0,-88.1151,-88.0985,-88.0825,-88.0681,-88.0555,-88.0441,-88.0333,-88.023,-88.0137,-88.0066,-88.0019
1,-88.1151,-88.0985,-88.0825,-88.0682,-88.0555,-88.0441,-88.0334,-88.0231,-88.0138,-88.0067,-88.002
2,-88.1151,-88.0985,-88.0826,-88.0682,-88.0556,-88.0442,-88.0334,-88.0231,-88.0139,-88.0068,-88.0021
3,-88.1151,-88.0985,-88.0826,-88.0683,-88.0557,-88.0442,-88.0335,-88.0232,-88.014,-88.0069,-88.0022
4,-88.1151,-88.0986,-88.0826,-88.0683,-88.0557,-88.0443,-88.0336,-88.0233,-88.014,-88.007,-88.0023
5,-88.1151,-88.0986,-88.0827,-88.0684,-88.0558,-88.0444,-88.0336,-88.0234,-88.0141,-88.0071,-88.0024
6,-88.1151,-88.0986,-88.0827,-88.0684,-88.0558,-88.0444,-88.0337,-88.0234,-88.0142,-88.0071,-88.0025
7,-88.1151,-88.0986,-88.0827,-88.0684,-88.0559,-88.0445,-88.0338,-88.0235,-88.0143,-88.0072,-88.0026
8,-88.1151,-88.0986,-88.0828,-88.0685,-88.0559,-88.0445,-88.0338,-88.0236,-88.0144,-88.0073,-88.0027
9,-88.1151,-88.0986,-88.0828,-88.0685,-88.056,-88.0446,-88.0339,-88.0237,-88.0145,-88.0074,-88.0028
10,-88.1147,-88.0983,-88.0824,-88.0682,-88.0556,-88.0443,-88.0336,-88.0233,-88.0141,-88.0071,-88.0025
11,-38.3833,-38.5297,-38.615,-38.6761,-38.7295,-38.7554,-38.785,-38.8058,-38.835,-38.8587,-38.8868
12,34.105,33.6931,33.445,33.2478,33.0955,32.9835,32.8898,32.8091,32.7363,32.6866,32.6619
13,37.4218,37.1206,36.9978,36.9322,36.9189,36.949,37.0028,37.0725,37.1531,37.2551,37.3792
14,37.7438,37.5836,37.6033,37.6841,37.8231,38.0122,38.2332,38.4705,38.7095,38.9519,39.1986
15,37.0805,37.0616,37.2202,37.4432,37.7335,38.0838,38.4646,38.8454,39.2038,39.5393,39.8565
16,36.1268,36.2443,36.5347,36.8936,37.3319,37.8322,38.3462,38.834,39.2707,39.6564,40.0005
17,35.1249,35.3733,35.7888,36.2782,36.858,37.4888,38.1084,38.6737,39.1584,39.5634,39.9032
18,34.1553,34.5296,35.0647,35.6811,36.3926,37.1343,37.8386,38.4605,38.9727,39.3775,39.695
19,33.2398,33.7358,34.3865,35.1277,35.9594,36.7963,37.57,38.2348,38.7622,39.1569,39.4456
20,32.3796,32.9939,33.7579,34.6214,35.5623,36.4826,37.3151,38.0138,38.5499,38.9319,39.1941
21,31.569,32.2991,33.1755,34.1581,35.1988,36.1935,37.0773,37.8042,38.3465,38.718,38.9616
22,30.801,31.6452,32.6336,33.7314,34.8642,35.9265,36.8559,37.6076,38.1564,38.5224,38.7567
23,30.0686,31.0258,32.1266,33.3353,34.5536,35.6781,36.6488,37.4234,37.9802,38.3465,38.581
24,29.3658,30.4358,31.6492,32.9641,34.2627,35.4447,36.4534,37.2498,37.8169,38.1892,38.4319
25,28.6878,29.8705,31.1965,32.6133,33.9875,35.2229,36.267,37.0846,37.6644,38.0477,38.3052
26,28.0303,29.3264,30.7646,32.279,33.7247,35.01,36.0871,36.9257,37.5203,37.9188,38.1959
27,27.3901,28.8003,30.35,31.9579,33.4713,34.8034,35.9116,36.771,37.3823,37.7993,38.0994
28,26.7643,28.2899,29.9499,31.6476,33.2251,34.601,35.7386,36.6188,37.2482,37.686,38.0115
29,26.1508,27.7931,29.5619,31.3458,32.9842,34.4013,35.5667,36.4674,37.1161,37.5766,37.9289
30,25.5477,27.3083,29.1839,31.0507,32.747,34.2028,35.3946,36.3158,36.9846,37.4687,37.8487
31,24.9536,26.834,28.8145,30.761,32.5122,34.0045,35.2215,36.1627,36.8521,37.3606,37.7687
32,24.3672,26.369,28.4522,30.4754,32.2787,33.8054,35.0464,36.0076,36.7179,37.2511,37.6869
33,23.7876,25.9125,28.096,30.193,32.0459,33.6051,34.869,35.8496,36.5809,37.1388,37.6022
34,23.2139,25.4636,27.7449,29.9129,31.8129,33.4028,34.6886,35.6884,36.4407,37.0232,37.5135
35,22.6453,25.0215,27.3981,29.6345,31.5794,33.1984,34.5051,35.5237,36.2967,36.9035,37.4201
36,22.0814,24.5856,27.055,29.3573,31.3449,32.9915,34.3183,35.3552,36.1488,36.7793,37.3214
37,21.5216,24.1554,26.715,29.0808,31.1091,32.7819,34.128,35.1828,35.9966,36.6504,37.2172
38,20.9655,23.7304,26.3776,28.8046,30.8718,32.5695,33.9341,35.0063,35.84,36.5166,37.1072
39,20.4127,23.3101,26.0425,28.5285,30.6328,32.3542,33.7366,34.8259,35.6791,36.3777,36.9914
40,19.8628,22.8942,25.7093,28.2521,30.3919,32.136,33.5356,34.6415,35.5137,36.2339,36.8697
41,19.3157,22.4823,25.3778,27.9754,30.1491,31.9148,33.331,34.4532,35.3439,36.085,36.7422
42,18.771,22.074,25.0475,27.6981,29.9043,31.6908,33.123,34.261,35.1699,35.9312,36.6089
43,18.2284,21.6692,24.7184,27.4201,29.6575,31.4639,32.9116,34.065,34.9916,35.7725,36.4701
44,17.6879,21.2675,24.3902,27.1413,29.4086,31.2342,32.6969,33.8654,34.8092,35.6091,36.3257
45,17.1492,20.8687,24.0628,26.8616,29.1577,31.0017,32.479,33.6622,34.6228,35.4412,36.1761
46,16.6122,20.4725,23.7359,26.5809,28.9047,30.7665,32.258,33.4555,34.4325,35.2688,36.0214
47,16.0766,20.0788,23.4095,26.2992,28.6497,30.5288,32.034,33.2456,34.2385,35.0921,35.8617
48,15.5424,19.6874,23.0835,26.0163,28.3927,30.2884,31.8071,33.0324,34.0408,34.9112,35.6973
49,15.0094,19.298,22.7576,25.7324,28.1337,30.0456,31.5775,32.8161,33.8397,34.7263,35.5283
50,14.4775,18.9105,22.4319,25.4472,27.8728,29.8005,31.3451,32.5968,33.6352,34.5376,35.3549
51,13.9465,18.5247,22.1062,25.1609,27.6099,29.553,31.1102,32.3747,33.4275,34.3452,35.1773
52,13.4164,18.1406,21.7804,24.8734,27.3452,29.3032,30.8728,32.1499,33.2167,34.1493,34.9956
53,12.8871,17.7579,21.4545,24.5847,27.0786,29.0513,30.633,31.9224,33.0029,33.9499,34.81
54,12.3585,17.3765,21.1284,24.2947,26.8103,28.7974,30.3909,31.6924,32.7862,33.7473,34.6207
55,11.8304,16.9963,20.8021,24.0035,26.5401,28.5414,30.1466,31.4599,32.5668,33.5415,34.4279
56,11.3028,16.6173,20.4755,23.7111,26.2683,28.2834,29.9002,31.2252,32.3448,33.3327,34.2316
57,10.7757,16.2391,20.1485,23.4174,25.9948,28.0236,29.6518,30.9882,32.1203,33.121,34.0321
58,10.2488,15.8619,19.8211,23.1225,25.7197,27.762,29.4015,30.7491,31.8933,32.9066,33.8294
59,9.72225,15.4855,19.4932,22.8263,25.4429,27.4986,29.1493,30.508,31.6641,32.6895,33.6237
60,9.19586,15.1097,19.1649,22.5289,25.1646,27.2335,28.8953,30.2649,31.4326,32.4698,33.4151
61,8.66959,14.7345,18.836,22.2303,24.8848,26.9669,28.6397,30.02,31.1991,32.2478,33.2038
62,8.14337,14.3599,18.5066,21.9305,24.6035,26.6986,28.3824,29.7734,30.9636,32.0235,32.9899
63,7.61716,13.9857,18.1767,21.6294,24.3208,26.4289,28.1236,29.5251,30.7261,31.7969,32.7735
64,7.0909,13.6119,17.8461,21.3272,24.0366,26.1577,27.8633,29.2753,30.4869,31.5683,32.5546
65,6.56454,13.2385,17.5149,21.0238,23.7511,25.8851,27.6016,29.0239,30.246,31.3377,32.3335
66,6.03802,12.8653,17.1831,20.7192,23.4642,25.6112,27.3387,28.7712,30.0034,31.1051,32.1102
67,5.51131,12.4924,16.8506,20.4134,23.1761,25.336,27.0744,28.5171,29.7594,30.8708,31.8849
68,4.98436,12.1195,16.5174,20.1065,22.8866,25.0596,26.809,28.2618,29.5139,30.6348,31.6575
69,4.45713,11.7468,16.1835,19.7984,22.596,24.782,26.5424,28.0053,29.2671,30.3972,31.4283
70,3.92959,11.374,15.8489,19.4892,22.3041,24.5032,26.2748,27.7478,29.019,30.158,31.1973
71,3.40171,11.0011,15.5136,19.1789,22.011,24.2234,26.0062,27.4892,28.7697,29.9174,30.9647
72,2.87344,10.6282,15.1775,18.8674,21.7168,23.9425,25.7366,27.2297,28.5194,29.6755,30.7304
73,2.34477,10.255,14.8408,18.5549,21.4215,23.6606,25.4661,26.9694,28.268,29.4324,30.4946
74,1.81566,9.88163,14.5032,18.2413,21.1251,23.3777,25.1948,26.7082,28.0157,29.188,30.2574
75,1.2861,9.50792,14.1649,17.9266,20.8276,23.0939,24.9227,26.4464,27.7626,28.9426,30.0188
76,0.756053,9.13383,13.8259,17.6109,20.5291,22.8092,24.6499,26.1838,27.5087,28.6961,29.779
77,0.225509,8.75931,13.4861,17.2941,20.2296,22.5236,24.3764,25.9207,27.2542,28.4488,29.538
78,-0.305553,8.38429,13.1455,16.9763,19.929,22.2372,24.1022,25.657,26.999,28.2005,29.2959
79,-0.837147,8.00869,12.8042,16.6574,19.6275,21.9499,23.8274,25.3929,26.7432,27.9515,29.0527
80,-1.36929,7.63246,12.4621,16.3376,19.325,21.6619,23.5521,25.1283,26.487,27.7018,28.8086
81,-1.90198,7.25551,12.1192,16.0167,19.0216,21.3732,23.2762,24.8633,26.2303,27.4515,28.5636
82,-2.43525,6.87776,11.7754,15.6948,18.7172,21.0836,22.9998,24.598,25.9733,27.2006,28.3178
83,-2.96909,6.49914,11.4309,15.3719,18.4119,20.7934,22.7229,24.3325,25.7161,26.9492,28.0712
84,-3.50351,6.11956,11.0855,15.048,18.1057,20.5025,22.4456,24.0667,25.4585,26.6973,27.8239
85,-4.03851,5.73893,10.7392,14.7232,17.7986,20.2108,22.1679,23.8007,25.2008,26.445,27.576
86,-4.5741,5.35715,10.392,14.3973,17.4906,19.9185,21.8897,23.5345,24.943,26.1925,27.3274
87,-5.11028,4.97411,10.0439,14.0705,17.1817,19.6256,21.6111,23.2681,24.6851,25.9396,27.0784
88,-5.64704,4.5897,9.69486,13.7427,16.872,19.3319,21.3321,23.0017,24.4271,25.6866,26.8289
89,-6.18439,4.20381,9.34482,13.4139,16.5613,19.0376,21.0528,22.7351,24.1691,25.4333,26.5789
90,-6.72231,3.8163,8.99376,13.0842,16.2498,18.7426,20.773,22.4684,23.9111,25.18,26.3286
91,-7.2608,3.42705,8.64164,12.7534,15.9374,18.4469,20.4929,22.2017,23.6533,24.9265,26.0779
92,-7.79986,3.0359,8.28842,12.4217,15.624,18.1506,20.2124,21.9349,23.3954,24.673,25.827
93,-8.33948,2.64272,7.93404,12.089,15.3098,17.8535,19.9315,21.6681,23.1377,24.4195,25.5758
94,-8.87964,2.24733,7.57845,11.7552,14.9947,17.5558,19.6502,21.4011,22.8802,24.166,25.3243
95,-9.42034,1.84956,7.22158,11.4204,14.6786,17.2573,19.3684,21.1341,22.6227,23.9126,25.0727
96,-9.96155,1.44923,6.86337,11.0846,14.3616,16.9581,19.0862,20.8671,22.3654,23.6592,24.8209
97,-10.5033,1.04616,6.50373,10.7476,14.0436,16.6582,18.8036,20.5999,22.1083,23.4059,24.569
98,-11.0455,0.64014,6.14259,10.4094,13.7246,16.3574,18.5204,20.3326,21.8513,23.1528,24.317
99,-11.5882,0.23097,5.77985,10.0701,13.4047,16.0559,18.2368,20.0651,21.5944,22.8997,24.0649
100,-12.1314,-0.181568,5.41542,9.72963,13.0837,15.7535,17.9525,19.7975,21.3377,22.6468,23.8127
101,-12.675,-0.597693,5.04916,9.38785,12.7617,15.4502,17.6677,19.5297,21.0811,22.394,23.5605
102,-13.219,-1.01763,4.68097,9.04476,12.4386,15.1461,17.3823,19.2616,20.8246,22.1414,23.3082
103,-13.7634,-1.44161,4.31071,8.7003,12.1144,14.841,17.0962,18.9932,20.5682,21.8889,23.056
104,-14.3083,-1.86987,3.93824,8.3544,11.789,14.5349,16.8094,18.7246,20.3118,21.6365,22.8036
105,-14.8535,-2.30263,3.5634,8.007,11.4624,14.2278,16.5218,18.4555,20.0555,21.3843,22.5513
106,-15.399,-2.74012,3.18601,7.65802,11.1345,13.9196,16.2334,18.1861,19.7991,21.1322,22.299
107,-15.945,-3.18257,2.8059,7.30738,10.8053,13.6103,15.9442,17.9162,19.5427,20.8801,22.0466
108,-16.4912,-3.63018,2.42287,6.95498,10.4748,13.2999,15.654,17.6457,19.2862,20.6282,21.7943
109,-17.0377,-4.08316,2.03671,6.60072,10.1428,12.9883,15.3629,17.3747,19.0296,20.3763,21.5419
110,-17.5846,-4.54168,1.6472,6.2445,9.80927,12.6754,15.0708,17.103,18.7728,20.1245,21.2894
111,-18.1317,-5.00591,1.2541,5.88619,9.47419,12.3612,14.7775,16.8306,18.5158,19.8726,21.037
112,-18.679,-5.47599,0.857152,5.52567,9.13745,12.0456,14.4831,16.5575,18.2584,19.6208,20.7844
113,-19.2267,-5.95204,0.456097,5.16278,8.79898,11.7285,14.1875,16.2835,18.0008,19.3688,20.5319
114,-19.7746,-6.43414,0.050655,4.79739,8.45869,11.4099,13.8907,16.0086,17.7427,19.1168,20.2792
115,-20.3227,-6.92236,-0.359463,4.42933,8.11648,11.0898,13.5925,15.7328,17.4842,18.8647,20.0264
116,-20.8711,-7.41671,-0.774557,4.05841,7.77225,10.7679,13.2929,15.4559,17.2251,18.6124,19.7735
117,-21.4197,-7.9172,-1.19494,3.68445,7.4259,10.4443,12.9918,15.1779,16.9655,18.3598,19.5204
118,-21.9686,-8.42377,-1.62092,3.30724,7.07731,10.1189,12.6892,14.8986,16.7052,18.107,19.2672
119,-22.5177,-8.93636,-2.05281,2.92655,6.72635,9.79159,12.3849,14.6182,16.4441,17.8539,19.0137
120,-23.0672,-9.45486,-2.49095,2.54215,6.3729,9.46224,12.079,14.3363,16.1823,17.6005,18.76
121,-23.6169,-9.97915,-2.93564,2.15379,6.01681,9.13079,11.7712,14.0531,15.9196,17.3466,18.5061
122,-24.1669,-10.5091,-3.38719,1.76119,5.65792,8.79714,11.4616,13.7683,15.6559,17.0923,18.2518
123,-24.7173,-11.0444,-3.8459,1.36407,5.29608,8.46118,11.1501,13.482,15.3912,16.8374,17.9972
124,-25.2681,-11.585,-4.31204,0.96212,4.93111,8.1228,10.8365,13.194,15.1254,16.582,17.7423
125,-25.8193,-12.1307,-4.78587,0.555021,4.56282,7.78189,10.5208,12.9043,14.8584,16.3259,17.4869
126,-26.371,-12.6811,-5.2676,0.142436,4.191,7.43831,10.2028,12.6128,14.5901,16.0691,17.2311
127,-26.9233,-13.2361,-5.75744,-0.275988,3.81544,7.09195,9.88258,12.3194,14.3206,15.8115,16.9748
128,-27.4763,-13.7955,-6.25553,-0.700615,3.43592,6.74265,9.55991,12.024,14.0496,15.5532,16.718
129,-28.0299,-14.3589,-6.76198,-1.13182,3.05217,6.39028,9.23472,11.7265,13.7771,15.2939,16.4606
130,-28.5844,-14.9262,-7.27684,-1.57,2.66394,6.03468,8.90691,11.4269,13.503,15.0337,16.2026
131,-29.1398,-15.4971,-7.80013,-2.01553,2.27093,5.67567,8.57636,11.1249,13.2273,14.7724,15.9439
132,-29.6962,-16.0714,-8.33179,-2.46881,1.87286,5.31308,8.24297,10.8207,12.9498,14.51,15.6845
133,-30.2539,-16.6488,-8.87173,-2.93023,1.4694,4.94673,7.90659,10.514,12.6705,14.2465,15.4243
134,-30.8129,-17.2293,-9.41981,-3.40016,1.0602,4.57639,7.56711,10.2047,12.3893,13.9818,15.1634
135,-31.3733,-17.8125,-9.97583,-3.87896,0.644923,4.20187,7.2244,9.8928,12.1061,13.7157,14.9015
136,-31.9355,-18.3982,-10.5396,-4.36696,0.223176,3.82291,6.87831,9.57816,11.8208,13.4483,14.6388
137,-32.4996,-18.9864,-11.1107,-4.86448,-0.20543,3.43928,6.52868,9.26066,11.5333,13.1794,14.3751
138,-33.0657,-19.5768,-11.689,-5.37176,-0.641305,3.05071,6.17536,8.94019,11.2435,12.909,14.1103
139,-33.6342,-20.1693,-12.274,-5.88902,-1.08487,2.6569,5.81817,8.61665,10.9513,12.637,13.8445
140,-34.2053,-20.7637,-12.8655,-6.41642,-1.53656,2.25756,5.45695,8.28992,10.6567,12.3633,13.5776
141,-34.7792,-21.36,-13.463,-6.95405,-1.99681,1.85236,5.09148,7.95987,10.3596,12.0878,13.3094
142,-35.3563,-21.9579,-14.0663,-7.50194,-2.46605,1.44095,4.72156,7.62636,10.0597,11.8105,13.04
143,-35.9368,-22.5575,-14.6748,-8.06003,-2.94473,1.02297,4.34697,7.28927,9.7571,11.5312,12.7693
144,-36.5211,-23.1586,-15.2883,-8.62822,-3.43325,0.598035,3.96748,6.94844,9.45162,11.2499,12.4972
145,-37.1095,-23.7612,-15.9063,-9.2063,-3.93201,0.165732,3.58283,6.60373,9.14315,10.9665,12.2236
146,-37.7023,-24.3651,-16.5287,-9.79403,-4.44136,-0.274359,3.19274,6.25498,8.83158,10.6809,11.9485
147,-38.2999,-24.9704,-17.1549,-10.3911,-4.96163,-0.722682,2.79692,5.902,8.5168,10.3929,11.6719
148,-38.9027,-25.5769,-17.7847,-10.9971,-5.49309,-1.17969,2.39507,5.54462,8.19868,10.1026,11.3935
149,-39.511,-26.1848,-18.4179,-11.6116,-6.03592,-1.64584,1.98684,5.18263,7.87709,9.80979,11.1134
150,-40.1251,-26.7938,-19.0541,-12.2341,-6.59026,-2.12161,1.57189,4.81584,7.5519,9.51435,10.8314
151,-40.7455,-27.4042,-19.6932,-12.8643,-7.15615,-2.60745,1.14983,4.44401,7.22296,9.21619,10.5476
152,-41.3724,-28.0158,-20.3348,-13.5015,-7.73356,-3.10382,0.720271,4.06691,6.89013,8.91522,10.2617
153,-42.0061,-28.6287,-20.9789,-14.1452,-8.32234,-3.61114,0.282788,3.68427,6.55325,8.61129,9.9738
154,-42.6471,-29.243,-21.6252,-14.7951,-8.92229,-4.12981,-0.163058,3.29582,6.21214,8.30431,9.68368
155,-43.2954,-29.8587,-22.2736,-15.4504,-9.53309,-4.66019,-0.617725,2.90126,5.86664,7.99413,9.39128
156,-43.9515,-30.476,-22.924,-16.1109,-10.1544,-5.20256,-1.08168,2.50027,5.51655,7.68063,9.09649
157,-44.6154,-31.0949,-23.5762,-16.7759,-10.7856,-5.75716,-1.55542,2.09252,5.16166,7.36366,8.79922
158,-45.2873,-31.7156,-24.2301,-17.4452,-11.4264,-6.32413,-2.03941,1.67764,4.80177,7.04308,8.49935
159,-45.9675,-32.3382,-24.8856,-18.1182,-12.0761,-6.90352,-2.53414,1.25524,4.43664,6.71872,8.19676
160,-46.6559,-32.963,-25.5428,-18.7947,-12.7341,-7.49529,-3.04007,0.824916,4.06601,6.39043,7.89133
161,-47.3527,-33.5901,-26.2015,-19.4743,-13.3999,-8.0993,-3.55766,0.386237,3.68964,6.05803,7.58293
162,-48.0579,-34.2198,-26.8616,-20.1568,-14.0727,-8.71528,-4.08729,-0.0612538,3.30722,5.72133,7.27142
163,-48.7716,-34.8524,-27.5232,-20.8418,-14.7519,-9.34291,-4.62934,-0.518028,2.91844,5.38012,6.95666
164,-49.4939,-35.488,-28.1862,-21.5292,-15.4371,-9.98171,-5.18409,-0.984573,2.523,5.03421,6.63848
165,-50.2246,-36.127,-28.8508,-22.2187,-16.1275,-10.6312,-5.75175,-1.46139,2.12052,4.68335,6.31672
166,-50.964,-36.7697,-29.5167,-22.9103,-16.8226,-11.2907,-6.33245,-1.94898,1.71064,4.32731,5.99121
167,-51.7121,-37.4165,-30.1843,-23.6037,-17.522,-11.9597,-6.92621,-2.44784,1.29295,3.96582,5.66176
168,-52.469,-38.0677,-30.8535,-24.2989,-18.2252,-12.6373,-7.53294,-2.95846,0.867028,3.59861,5.32816
169,-53.2348,-38.7236,-31.5244,-24.9957,-18.9316,-13.323,-8.15243,-3.4813,0.432429,3.22537,4.9902
170,-54.0098,-39.3846,-32.1972,-25.6941,-19.6411,-14.016,-8.78436,-4.01678,-0.0113217,2.84579,4.64766
171,-54.7943,-40.051,-32.872,-26.394,-20.3532,-14.7156,-9.42831,-4.56527,-0.464718,2.45951,4.30029
172,-55.5884,-40.7232,-33.549,-27.0954,-21.0677,-15.4211,-10.0838,-5.12706,-0.92827,2.06618,3.94781
173,-56.3927,-41.4016,-34.2285,-27.7982,-21.7844,-16.1318,-10.7501,-5.70237,-1.4025,1.66539,3.58995
174,-57.2075,-42.0863,-34.9107,-28.5025,-22.503,-16.8472,-11.4266,-6.29131,-1.88794,1.25672,3.22641
175,-58.0334,-42.7778,-35.5959,-29.2081,-23.2234,-17.5667,-12.1125,-6.89389,-2.38512,0.839739,2.85685
176,-58.8708,-43.4763,-36.2843,-29.9153,-23.9454,-18.2897,-12.8072,-7.50999,-2.89454,0.413965,2.48093
177,-59.7205,-44.1819,-36.9764,-30.6239,-24.669,-19.0158,-13.5097,-8.13937,-3.41671,-0.0210977,2.09828
178,-60.583,-44.8949,-37.6724,-31.3342,-25.3941,-19.7447,-14.2193,-8.78166,-3.95207,-0.465968,1.70848
179,-61.459,-45.6155,-38.3726,-32.0461,-26.1206,-20.4759,-14.9353,-9.43639,-4.50102,-0.921186,1.31112
180,-62.3493,-46.3436,-39.0775,-32.7599,-26.8484,-21.2093,-15.6568,-10.103,-5.06388,-1.38731,0.905741
181,-63.2544,-47.0795,-39.7875,-33.4758,-27.5775,-21.9444,-16.3832,-10.7807,-5.64089,-1.8649,0.491854
182,-64.1752,-47.8231,-40.5028,-34.1938,-28.3079,-22.6813,-17.114,-11.4688,-6.23217,-2.35452,0.0689495
183,-65.112,-48.5746,-41.2238,-34.9144,-29.0397,-23.4197,-17.8483,-12.1665,-6.83774,-2.85674,-0.363508
184,-66.0654,-49.3339,-41.9508,-35.6377,-29.7727,-24.1594,-18.5858,-12.8729,-7.45749,-3.37208,-0.80608
185,-67.0357,-50.1011,-42.6842,-36.364,-30.5071,-24.9005,-19.326,-13.5872,-8.09116,-3.90104,-1.25935
186,-68.0228,-50.8762,-43.4241,-37.0937,-31.2429,-25.6428,-20.0685,-14.3085,-8.73835,-4.44407,-1.72391
187,-69.0263,-51.6594,-44.1708,-37.8271,-31.9803,-26.3863,-20.813,-15.036,-9.39857,-5.00154,-2.20036
188,-70.0455,-52.4507,-44.9245,-38.5645,-32.7193,-27.1309,-21.5591,-15.7689,-10.0712,-5.57374,-2.6893
189,-71.0788,-53.2503,-45.6853,-39.3064,-33.4601,-27.8767,-22.3067,-16.5065,-10.7554,-6.16084,-3.19133
190,-72.1241,-54.0585,-46.4533,-40.053,-34.2029,-28.6236,-23.0557,-17.248,-11.4504,-6.76291,-3.70701
191,-73.1782,-54.8754,-47.2286,-40.8048,-34.948,-29.3716,-23.8058,-17.993,-12.1554,-7.37985,-4.23685
192,-74.2371,-55.7015,-48.0112,-41.5621,-35.6955,-30.1209,-24.557,-18.7407,-12.8694,-8.01144,-4.7813
193,-75.2954,-56.5371,-48.8012,-42.3251,-36.4459,-30.8713,-25.3092,-19.4908,-13.5916,-8.6573,-5.34075
194,-76.3468,-57.3828,-49.5985,-43.0941,-37.1993,-31.623,-26.0625,-20.2428,-14.3208,-9.31694,-5.91547
195,-77.3837,-58.2389,-50.4032,-43.8694,-37.9562,-32.3761,-26.8167,-20.9965,-15.0564,-9.98968,-6.50562
196,-78.3977,-59.106,-51.2155,-44.6512,-38.7168,-33.1308,-27.5718,-21.7515,-15.7973,-10.6748,-7.11122
197,-79.3798,-59.9849,-52.0352,-45.4396,-39.4816,-33.8872,-28.3279,-22.5077,-16.5429,-11.3714,-7.73215
198,-80.3211,-60.8761,-52.8627,-46.2346,-40.2509,-34.6455,-29.085,-23.2648,-17.2924,-12.0785,-8.36813
199,-81.213,-61.7804,-53.698,-47.0365,-41.025,-35.4059,-29.843,-24.0229,-18.0451,-12.7953,-9.01872
200,-82.048,-62.6983,-54.5415,-47.8451,-41.8043,-36.1687,-30.602,-24.7818,-18.8005,-13.5206,-9.68335
201,-82.8201,-63.6306,-55.3934,-48.6606,-42.589,-36.9343,-31.3622,-25.5415,-19.558,-14.2536,-10.3613
202,-83.5256,-64.5779,-56.2541,-49.4829,-43.3794,-37.7029,-32.1235,-26.302,-20.3172,-14.9932,-11.0517
203,-84.1624,-65.5405,-57.124,-50.3122,-44.1756,-38.4748,-32.8862,-27.0632,-21.0778,-15.7384,-11.7537
204,-84.7309,-66.5189,-58.0037,-51.1483,-44.978,-39.2504,-33.6503,-27.8251,-21.8395,-16.4886,-12.4662
205,-85.233,-67.5132,-58.8936,-51.9915,-45.7865,-40.0301,-34.416,-28.5878,-22.6021,-17.2427,-13.1883
206,-85.6723,-68.523,-59.7945,-52.8418,-46.6012,-40.8141,-35.1836,-29.3513,-23.3655,-18.0002,-13.9189
207,-86.0534,-69.5477,-60.7068,-53.6994,-47.4223,-41.6028,-35.9533,-30.1156,-24.1296,-18.7603,-14.6568
208,-86.3814,-70.586,-61.6314,-54.5646,-48.2497,-42.3965,-36.7253,-30.8808,-24.8942,-19.5226,-15.4013
209,-86.6618,-71.636,-62.5688,-55.4376,-49.0834,-43.1953,-37.5,-31.647,-25.6594,-20.2865,-16.1511
210,-86.9002,-72.6949,-63.5197,-56.3189,-49.9236,-43.9997,-38.2777,-32.4142,-26.4252,-21.0517,-16.9056
211,-87.1019,-73.759,-64.4847,-57.2089,-50.7701,-44.8096,-39.0587,-33.1826,-27.1916,-21.8179,-17.6638
212,-87.2718,-74.8234,-65.4642,-58.1081,-51.6231,-45.6252,-39.8433,-33.9522,-27.9585,-22.5849,-18.4251
213,-87.4143,-75.8822,-66.4584,-59.017,-52.4827,-46.4466,-40.6318,-34.7235,-28.726,-23.3524,-19.1888
214,-87.5337,-76.9282,-67.4674,-59.9362,-53.349,-47.2739,-41.4247,-35.4964,-29.4942,-24.1206,-19.9544
215,-87.6333,-77.9533,-68.491,-60.8664,-54.2223,-48.1071,-42.222,-36.2713,-30.263,-24.8891,-20.7213
216,-87.7163,-78.9489,-69.5283,-61.8083,-55.1028,-48.9462,-43.0241,-37.0484,-31.0326,-25.6581,-21.4894
217,-87.7853,-79.9061,-70.578,-62.7624,-55.991,-49.7912,-43.8313,-37.828,-31.8029,-26.4276,-22.2583
218,-87.8427,-80.8161,-71.6381,-63.7294,-56.8871,-50.6422,-44.6436,-38.6105,-32.5742,-27.1975,-23.0277
219,-87.8903,-81.6713,-72.7057,-64.7097,-57.7917,-51.4992,-45.4612,-39.396,-33.3465,-27.9678,-23.7977
220,-87.9297,-82.4652,-73.777,-65.7039,-58.7054,-52.3624,-46.2842,-40.1851,-34.1199,-28.7386,-24.5681
221,-87.9623,-83.1934,-74.8469,-66.7119,-59.6286,-53.2318,-47.1126,-40.9779,-34.8947,-29.51,-25.3388
222,-87.9894,-83.8533,-75.9093,-67.7338,-60.5621,-54.1078,-47.9465,-41.7747,-35.6711,-30.2819,-26.1099
223,-88.0117,-84.4447,-76.9572,-68.7691,-61.5065,-54.9906,-48.7859,-42.5758,-36.4492,-31.0544,-26.8814
224,-88.0302,-84.969,-77.9824,-69.8169,-62.4623,-55.8805,-49.6309,-43.3814,-37.2294,-31.8276,-27.6533
225,-88.0455,-85.4292,-78.9763,-70.8754,-63.4303,-56.778,-50.4814,-44.1917,-38.0119,-32.6016,-28.4256
226,-88.0581,-85.8296,-79.93,-71.9425,-64.4109,-57.6835,-51.3376,-45.0069,-38.7971,-33.3764,-29.1984
227,-88.0685,-86.1752,-80.835,-73.0148,-65.4045,-58.5975,-52.1995,-45.827,-39.5851,-34.1523,-29.9717
228,-88.0771,-86.4716,-81.6839,-74.0883,-66.4113,-59.5206,-53.0674,-46.6521,-40.3763,-34.9294,-30.7455
229,-88.0842,-86.7241,-82.4706,-75.1574,-67.4314,-60.4535,-53.9413,-47.4823,-41.1711,-35.7079,-31.5199
230,-88.0901,-86.9382,-83.191,-76.2159,-68.4643,-61.3968,-54.8217,-48.3177,-41.9696,-36.4879,-32.2949
231,-88.0949,-87.1189,-83.8429,-77.2562,-69.5092,-62.351,-55.7088,-49.1582,-42.7721,-37.2699,-33.0707
232,-88.0989,-87.2709,-84.4262,-78.2702,-70.5647,-63.3169,-56.603,-50.0039,-43.5787,-38.0539,-33.8474
233,-88.1021,-87.3983,-84.9427,-79.2492,-71.6286,-64.2948,-57.5047,-50.8548,-44.3898,-38.8404,-34.6252
234,-88.1048,-87.5049,-85.3957,-80.1846,-72.6981,-65.2853,-58.4146,-51.7111,-45.2054,-39.6295,-35.4041
235,-88.1071,-87.5939,-85.7895,-81.0684,-73.7691,-66.2884,-59.3332,-52.5728,-46.0256,-40.4215,-36.1844
236,-88.1089,-87.668,-86.1292,-81.8936,-74.8367,-67.3044,-60.261,-53.4403,-46.8504,-41.2169,-36.9663
237,-88.1104,-87.7297,-86.4203,-82.6551,-75.8949,-68.3326,-61.1988,-54.3136,-47.68,-42.0156,-37.7501
238,-88.1116,-87.781,-86.6682,-83.3494,-76.9364,-69.3725,-62.147,-55.1932,-48.5144,-42.8181,-38.536
239,-88.1126,-87.8236,-86.8784,-83.9752,-77.9535,-70.4226,-63.1064,-56.0793,-49.3536,-43.6246,-39.3244
240,-88.1135,-87.859,-87.0559,-84.5332,-78.9378,-71.481,-64.0773,-56.9725,-50.1977,-44.435,-40.1153
241,-88.1141,-87.8884,-87.2052,-85.0257,-79.8806,-72.5448,-65.0604,-57.8731,-51.0467,-45.2497,-40.9092
242,-88.1147,-87.9128,-87.3304,-85.4564,-80.7741,-73.6102,-66.0557,-58.7818,-51.9007,-46.0687,-41.7063
243,-88.1151,-87.933,-87.4351,-85.83,-81.611,-74.6724,-67.0634,-59.6991,-52.76,-46.8921,-42.5068
244,-88.1155,-87.9498,-87.5226,-86.1517,-82.3858,-75.7257,-68.0832,-60.6257,-53.6247,-47.7199,-43.3109
245,-88.1158,-87.9637,-87.5956,-86.4269,-83.0947,-76.7631,-69.1145,-61.562,-54.495,-48.5522,-44.1187
246,-88.116,-87.9753,-87.6564,-86.6611,-83.7359,-77.7771,-70.1559,-62.5088,-55.3714,-49.389,-44.9305
247,-88.1162,-87.985,-87.7071,-86.8595,-84.3096,-78.7594,-71.2058,-63.4666,-56.2542,-50.2304,-45.7464
248,-88.1163,-87.993,-87.7492,-87.0269,-84.8176,-79.7017,-72.2615,-64.4359,-57.1438,-51.0765,-46.5663
249,-88.1164,-87.9997,-87.7842,-87.1677,-85.2633,-80.5961,-73.3195,-65.4171,-58.0408,-51.9273,-47.3905
250,-88.1165,-88.0053,-87.8134,-87.2858,-85.651,-81.4354,-74.3754,-66.4103,-58.9456,-52.7831,-48.2188
251,-88.1166,-88.0099,-87.8376,-87.3847,-85.9858,-82.2139,-75.4238,-67.4154,-59.8589,-53.6442,-49.0514
252,-88.1166,-88.0139,-87.8578,-87.4673,-86.2729,-82.9278,-76.4581,-68.4322,-60.7813,-54.5106,-49.8884
253,-88.1166,-88.0171,-87.8746,-87.5363,-86.5179,-83.575,-77.4711,-69.4597,-61.7133,-55.3829,-50.7298
254,-88.1166,-88.0199,-87.8887,-87.5939,-86.7259,-84.1553,-78.4548,-70.4965,-62.6556,-56.2613,-51.5758
255,-88.1167,-88.0222,-87.9004,-87.6419,-86.9018,-84.6703,-79.4012,-71.5407,-63.6087,-57.1463,-52.4264
256,-88.1167,-88.0242,-87.9102,-87.6819,-87.05,-85.1232,-80.3022,-72.5894,-64.5731,-58.0385,-53.2819
257,-88.1166,-88.0259,-87.9184,-87.7153,-87.1746,-85.5181,-81.1506,-73.6389,-65.5491,-58.9383,-54.1426
258,-88.1166,-88.0273,-87.9253,-87.7431,-87.2791,-85.8597,-81.9406,-74.6845,-66.5369,-59.8463,-55.0087
259,-88.1166,-88.0286,-87.9311,-87.7663,-87.3666,-86.1534,-82.6677,-75.7205,-67.5363,-60.7632,-55.8807
260,-88.1166,-88.0296,-87.936,-87.7857,-87.4398,-86.4045,-83.3294,-76.7404,-68.547,-61.6895,-56.7589
261,-88.1166,-88.0306,-87.9402,-87.802,-87.501,-86.618,-83.925,-77.7367,-69.568,-62.6259,-57.6438
262,-88.1166,-88.0314,-87.9437,-87.8156,-87.5521,-86.7989,-84.4557,-78.7016,-70.5979,-63.5728,-58.5359
263,-88.1165,-88.0321,-87.9468,-87.827,-87.5948,-86.9517,-84.924,-79.6272,-71.6346,-64.5308,-59.4359
264,-88.1165,-88.0327,-87.9494,-87.8366,-87.6305,-87.0803,-85.3336,-80.5058,-72.6753,-65.5002,-60.3442
265,-88.1165,-88.0333,-87.9516,-87.8448,-87.6604,-87.1884,-85.6893,-81.3309,-73.7162,-66.481,-61.2616
266,-88.1165,-88.0338,-87.9536,-87.8517,-87.6853,-87.2791,-85.996,-82.0968,-74.7526,-67.4734,-62.1885
267,-88.1164,-88.0343,-87.9553,-87.8575,-87.7063,-87.3551,-86.2589,-82.8,-75.7789,-68.4767,-63.1256
268,-88.1164,-88.0348,-87.9569,-87.8626,-87.7239,-87.4188,-86.4831,-83.4383,-76.7886,-69.4902,-64.0734
269,-88.1164,-88.0352,-87.9582,-87.8669,-87.7387,-87.472,-86.6735,-84.0117,-77.7743,-70.5126,-65.0322
270,-88.1163,-88.0355,-87.9594,-87.8706,-87.7511,-87.5166,-86.8347,-84.5216,-78.7285,-71.5417,-66.0023
271,-88.1163,-88.0359,-87.9605,-87.8738,-87.7617,-87.554,-86.9708,-84.971,-79.6433,-72.5749,-66.9837
272,-88.1163,-88.0362,-87.9615,-87.8766,-87.7706,-87.5853,-87.0853,-85.3637,-80.5113,-73.6085,-67.9763
273,-88.1163,-88.0366,-87.9624,-87.8791,-87.7783,-87.6116,-87.1816,-85.7044,-81.3261,-74.6381,-68.9793
274,-88.1162,-88.0369,-87.9633,-87.8813,-87.7848,-87.6337,-87.2625,-85.998,-82.0824,-75.6581,-69.9917
275,-88.1162,-88.0372,-87.9641,-87.8833,-87.7904,-87.6523,-87.3303,-86.2497,-82.7768,-76.6622,-71.0119
276,-88.1162,-88.0374,-87.9649,-87.8851,-87.7953,-87.668,-87.3873,-86.4644,-83.4072,-77.6434,-72.0374
277,-88.1162,-88.0377,-87.9656,-87.8867,-87.7996,-87.6813,-87.435,-86.6468,-83.9737,-78.594,-73.0653
278,-88.1162,-88.038,-87.9662,-87.8882,-87.8033,-87.6925,-87.4751,-86.8013,-84.4777,-79.5066,-74.0914
279,-88.1161,-88.0383,-87.9669,-87.8896,-87.8066,-87.7022,-87.5087,-86.9318,-84.9221,-80.3738,-75.111
280,-88.1161,-88.0385,-87.9675,-87.8909,-87.8095,-87.7104,-87.537,-87.0418,-85.3108,-81.1891,-76.118
281,-88.1161,-88.0388,-87.9681,-87.8921,-87.8121,-87.7175,-87.5608,-87.1345,-85.6483,-81.9473,-77.1061
282,-88.1161,-88.039,-87.9687,-87.8933,-87.8145,-87.7237,-87.581,-87.2123,-85.9395,-82.6445,-78.0679
283,-88.116,-88.0393,-87.9693,-87.8944,-87.8167,-87.7291,-87.598,-87.2778,-86.1894,-83.2789,-78.9959
284,-88.116,-88.0395,-87.9699,-87.8954,-87.8187,-87.7338,-87.6125,-87.3328,-86.4027,-83.8501,-79.8828
285,-88.116,-88.0398,-87.9704,-87.8964,-87.8205,-87.7379,-87.6248,-87.379,-86.5843,-84.3593,-80.7216
286,-88.116,-88.04,-87.971,-87.8974,-87.8223,-87.7416,-87.6353,-87.4179,-86.7382,-84.8092,-81.5066
287,-88.116,-88.0403,-87.9715,-87.8983,-87.8239,-87.7449,-87.6444,-87.4507,-86.8685,-85.2035,-82.2332
288,-88.116,-88.0405,-87.972,-87.8992,-87.8254,-87.7479,-87.6522,-87.4783,-86.9784,-85.5465,-82.8984
289,-88.1159,-88.0407,-87.9725,-87.9001,-87.8269,-87.7507,-87.659,-87.5017,-87.0711,-85.843,-83.5011
290,-88.1159,-88.041,-87.973,-87.901,-87.8283,-87.7532,-87.665,-87.5215,-87.1492,-86.0978,-84.0416
291,-88.1159,-88.0412,-87.9735,-87.9018,-87.8296,-87.7555,-87.6703,-87.5383,-87.2149,-86.3159,-84.5218
292,-88.1159,-88.0414,-87.974,-87.9027,-87.831,-87.7577,-87.6749,-87.5526,-87.2702,-86.5017,-84.9448
293,-88.1159,-88.0417,-87.9745,-87.9035,-87.8322,-87.7597,-87.6791,-87.5649,-87.3168,-86.6596,-85.3145
294,-88.1159,-88.0419,-87.975,-87.9043,-87.8335,-87.7617,-87.6828,-87.5755,-87.3561,-86.7933,-85.6355
295,-88.1158,-88.0421,-87.9755,-87.9051,-87.8347,-87.7635,-87.6863,-87.5846,-87.3893,-86.9064,-85.9125
296,-88.1158,-88.0424,-87.976,-87.9059,-87.8359,-87.7653,-87.6894,-87.5926,-87.4173,-87.0018,-86.1503
297,-88.1158,-88.0426,-87.9765,-87.9067,-87.837,-87.767,-87.6923,-87.5995,-87.4411,-87.0824,-86.3536
298,-88.1158,-88.0428,-87.977,-87.9075,-87.8382,-87.7687,-87.695,-87.6056,-87.4613,-87.1503,-86.5267
299,-88.1158,-88.043,-87.9774,-87.9083,-87.8393,-87.7703,-87.6975,-87.6111,-87.4785,-87.2075,-86.6738
300,-88.1158,-88.0433,-87.9779,-87.9091,-87.8404,-87.7718,-87.6999,-87.616,-87.4932,-87.2558,-86.7983
301,-88.1158,-88.0435,-87.9784,-87.9098,-87.8415,-87.7733,-87.7021,-87.6203,-87.5059,-87.2966,-86.9037
302,-88.1158,-88.0437,-87.9788,-87.9106,-87.8426,-87.7748,-87.7043,-87.6243,-87.5168,-87.3311,-86.9928
303,-88.1157,-88.0439,-87.9793,-87.9114,-87.8437,-87.7763,-87.7064,-87.628,-87.5263,-87.3603,-87.068
304,-88.1157,-88.0441,-87.9798,-87.9121,-87.8448,-87.7777,-87.7084,-87.6314,-87.5346,-87.3851,-87.1314
305,-88.1157,-88.0444,-87.9802,-87.9128,-87.8458,-87.7792,-87.7103,-87.6345,-87.5419,-87.4062,-87.185
306,-88.1157,-88.0446,-87.9807,-87.9136,-87.8469,-87.7806,-87.7122,-87.6374,-87.5484,-87.4242,-87.2303
307,-88.1157,-88.0448,-87.9811,-87.9143,-87.8479,-87.7819,-87.7141,-87.6402,-87.5541,-87.4397,-87.2687
308,-88.1157,-88.045,-87.9816,-87.9151,-87.8489,-87.7833,-87.7159,-87.6429,-87.5593,-87.453,-87.3011
309,-88.1157,-88.0452,-87.982,-87.9158,-87.85,-87.7847,-87.7176,-87.6454,-87.564,-87.4646,-87.3287
310,-88.1157,-88.0454,-87.9825,-87.9165,-87.851,-87.786,-87.7194,-87.6478,-87.5683,-87.4746,-87.3522
311,-88.1157,-88.0456,-87.9829,-87.9172,-87.852,-87.7873,-87.7211,-87.6501,-87.5723,-87.4834,-87.3722
312,-88.1156,-88.0459,-87.9834,-87.9179,-87.853,-87.7887,-87.7228,-87.6524,-87.5759,-87.4911,-87.3894
313,-88.1156,-88.0461,-87.9838,-87.9186,-87.854,-87.79,-87.7244,-87.6546,-87.5793,-87.498,-87.4042
314,-88.1156,-88.0463,-87.9843,-87.9193,-87.855,-87.7913,-87.7261,-87.6567,-87.5826,-87.5042,-87.4171
315,-88.1156,-88.0465,-87.9847,-87.92,-87.856,-87.7926,-87.7277,-87.6588,-87.5856,-87.5097,-87.4282
316,-88.1156,-88.0467,-87.9851,-87.9207,-87.857,-87.7939,-87.7293,-87.6609,-87.5885,-87.5148,-87.438
317,-88.1156,-88.0469,-87.9856,-87.9214,-87.8579,-87.7951,-87.7309,-87.6629,-87.5913,-87.5194,-87.4466
318,-88.1156,-88.0471,-87.986,-87.9221,-87.8589,-87.7964,-87.7325,-87.6649,-87.594,-87.5237,-87.4542
319,-88.1156,-88.0473,-87.9864,-87.9228,-87.8599,-87.7976,-87.7341,-87.6669,-87.5966,-87.5276,-87.461
320,-88.1156,-88.0475,-87.9868,-87.9235,-87.8608,-87.7989,-87.7357,-87.6688,-87.5991,-87.5314,-87.4671
321,-88.1156,-88.0477,-87.9873,-87.9242,-87.8618,-87.8001,-87.7372,-87.6708,-87.6016,-87.5349,-87.4727
322,-88.1156,-88.0479,-87.9877,-87.9249,-87.8627,-87.8014,-87.7388,-87.6727,-87.604,-87.5382,-87.4778
323,-88.1156,-88.0481,-87.9881,-87.9255,-87.8637,-87.8026,-87.7403,-87.6745,-87.6064,-87.5414,-87.4825
324,-88.1156,-88.0483,-87.9885,-87.9262,-87.8646,-87.8038,-87.7418,-87.6764,-87.6087,-87.5444,-87.4868
325,-88.1155,-88.0485,-87.9889,-87.9269,-87.8656,-87.805,-87.7433,-87.6783,-87.611,-87.5474,-87.4909
326,-88.1155,-88.0487,-87.9893,-87.9275,-87.8665,-87.8062,-87.7448,-87.6801,-87.6132,-87.5502,-87.4947
327,-88.1155,-88.0489,-87.9897,-87.9282,-87.8674,-87.8074,-87.7463,-87.6819,-87.6154,-87.553,-87.4984
328,-88.1155,-88.0491,-87.9902,-87.9288,-87.8683,-87.8086,-87.7478,-87.6837,-87.6176,-87.5557,-87.5018
329,-88.1155,-88.0493,-87.9906,-87.9295,-87.8693,-87.8098,-87.7493,-87.6855,-87.6198,-87.5583,-87.5052
330,-88.1155,-88.0495,-87.991,-87.9301,-87.8702,-87.811,-87.7507,-87.6873,-87.6219,-87.5609,-87.5084
331,-88.1155,-88.0497,-87.9914,-87.9308,-87.8711,-87.8122,-87.7522,-87.6891,-87.6241,-87.5635,-87.5115
332,-88.1155,-88.0499,-87.9918,-87.9314,-87.872,-87.8133,-87.7537,-87.6908,-87.6262,-87.566,-87.5145
333,-88.1155,-88.0501,-87.9922,-87.9321,-87.8729,-87.8145,-87.7551,-87.6926,-87.6283,-87.5685,-87.5174
334,-88.1155,-88.0503,-87.9926,-87.9327,-87.8738,-87.8157,-87.7565,-87.6943,-87.6303,-87.5709,-87.5203
335,-88.1155,-88.0505,-87.993,-87.9333,-87.8746,-87.8168,-87.758,-87.6961,-87.6324,-87.5733,-87.5231
336,-88.1155,-88.0507,-87.9934,-87.934,-87.8755,-87.818,-87.7594,-87.6978,-87.6344,-87.5757,-87.5259
337,-88.1155,-88.0509,-87.9938,-87.9346,-87.8764,-87.8191,-87.7608,-87.6995,-87.6365,-87.5781,-87.5286
338,-88.1155,-88.0511,-87.9941,-87.9352,-87.8773,-87.8202,-87.7622,-87.7012,-87.6385,-87.5804,-87.5313
339,-88.1155,-88.0513,-87.9945,-87.9358,-87.8781,-87.8213,-87.7636,-87.7029,-87.6405,-87.5828,-87.5339
340,-88.1155,-88.0515,-87.9949,-87.9365,-87.879,-87.8225,-87.765,-87.7045,-87.6425,-87.5851,-87.5366
341,-88.1155,-88.0516,-87.9953,-87.9371,-87.8799,-87.8236,-87.7664,-87.7062,-87.6445,-87.5874,-87.5392
342,-88.1155,-88.0518,-87.9957,-87.9377,-87.8807,-87.8247,-87.7677,-87.7079,-87.6464,-87.5896,-87.5417
343,-88.1155,-88.052,-87.9961,-87.9383,-87.8816,-87.8258,-87.7691,-87.7095,-87.6484,-87.5919,-87.5443
344,-88.1155,-88.0522,-87.9964,-87.9389,-87.8824,-87.8269,-87.7705,-87.7112,-87.6503,-87.5942,-87.5468
345,-88.1154,-88.0524,-87.9968,-87.9395,-87.8833,-87.828,-87.7718,-87.7128,-87.6523,-87.5964,-87.5493
346,-88.1154,-88.0526,-87.9972,-87.9401,-87.8841,-87.8291,-87.7732,-87.7144,-87.6542,-87.5986,-87.5518
347,-88.1154,-88.0528,-87.9976,-87.9407,-87.8849,-87.8301,-87.7745,-87.7161,-87.6561,-87.6008,-87.5542
348,-88.1154,-88.0529,-87.9979,-87.9413,-87.8858,-87.8312,-87.7758,-87.7177,-87.658,-87.603,-87.5567
349,-88.1154,-88.0531,-87.9983,-87.9419,-87.8866,-87.8323,-87.7771,-87.7193,-87.6599,-87.6052,-87.5591
350,-88.1154,-88.0533,-87.9987,-87.9425,-87.8874,-87.8333,-87.7785,-87.7209,-87.6618,-87.6073,-87.5615
351,-88.1154,-88.0535,-87.9991,-87.9431,-87.8882,-87.8344,-87.7798,-87.7224,-87.6637,-87.6095,-87.5639
352,-88.1154,-88.0537,-87.9994,-87.9436,-87.889,-87.8354,-87.7811,-87.724,-87.6655,-87.6116,-87.5663
353,-88.1154,-88.0538,-87.9998,-87.9442,-87.8898,-87.8365,-87.7824,-87.7256,-87.6674,-87.6138,-87.5687
354,-88.1154,-88.054,-88.0001,-87.9448,-87.8906,-87.8375,-87.7836,-87.7271,-87.6692,-87.6159,-87.5711
355,-88.1154,-88.0542,-88.0005,-87.9454,-87.8914,-87.8386,-87.7849,-87.7287,-87.6711,-87.618,-87.5734
356,-88.1154,-88.0544,-88.0009,-87.9459,-87.8922,-87.8396,-87.7862,-87.7302,-87.6729,-87.6201,-87.5757
357,-88.1154,-88.0546,-88.0012,-87.9465,-87.893,-87.8406,-87.7875,-87.7318,-87.6747,-87.6221,-87.5781
358,-88.1154,-88.0547,-88.0016,-87.9471,-87.8938,-87.8416,-87.7887,-87.7333,-87.6765,-87.6242,-87.5804
359,-88.1154,-88.0549,-88.0019,-87.9476,-87.8946,-87.8426,-87.79,-87.7348,-87.6783,-87.6263,-87.5827
360,-88.1154,-88.0551,-88.0023,-87.9482,-87.8954,-87.8437,-87.7912,-87.7363,-87.6801,-87.6283,-87.5849
361,-88.1154,-88.0553,-88.0026,-87.9488,-87.8962,-87.8447,-87.7925,-87.7378,-87.6819,-87.6304,-87.5872
362,-88.1154,-88.0554,-88.003,-87.9493,-87.8969,-87.8457,-87.7937,-87.7393,-87.6836,-87.6324,-87.5895
363,-88.1154,-88.0556,-88.0033,-87.9499,-87.8977,-87.8466,-87.7949,-87.7408,-87.6854,-87.6344,-87.5917
364,-88.1154,-88.0558,-88.0037,-87.9504,-87.8985,-87.8476,-87.7962,-87.7423,-87.6871,-87.6364,-87.5939
365,-88.1154,-88.056,-88.004,-87.951,-87.8992,-87.8486,-87.7974,-87.7437,-87.6889,-87.6384,-87.5962
366,-88.1154,-88.0561,-88.0044,-87.9515,-87.9,-87.8496,-87.7986,-87.7452,-87.6906,-87.6404,-87.5984
367,-88.1154,-88.0563,-88.0047,-87.952,-87.9007,-87.8506,-87.7998,-87.7466,-87.6923,-87.6424,-87.6006
368,-88.1154,-88.0565,-88.0051,-87.9526,-87.9015,-87.8515,-87.801,-87.7481,-87.694,-87.6443,-87.6027
369,-88.1154,-88.0566,-88.0054,-87.9531,-87.9022,-87.8525,-87.8022,-87.7495,-87.6957,-87.6463,-87.6049
370,-88.1154,-88.0568,-88.0057,-87.9536,-87.903,-87.8534,-87.8034,-87.7509,-87.6974,-87.6482,-87.6071
371,-88.1154,-88.057,-88.0061,-87.9542,-87.9037,-87.8544,-87.8045,-87.7524,-87.6991,-87.6501,-87.6092
372,-88.1154,-88.0571,-88.0064,-87.9547,-87.9044,-87.8553,-87.8057,-87.7538,-87.7008,-87.6521,-87.6114
373,-88.1154,-88.0573,-88.0067,-87.9552,-87.9052,-87.8563,-87.8069,-87.7552,-87.7024,-87.654,-87.6135
374,-88.1154,-88.0575,-88.0071,-87.9558,-87.9059,-87.8572,-87.808,-87.7566,-87.7041,-87.6559,-87.6156
375,-88.1154,-88.0576,-88.0074,-87.9563,-87.9066,-87.8582,-87.8092,-87.758,-87.7057,-87.6578,-87.6177
376,-88.1154,-88.0578,-88.0077,-87.9568,-87.9073,-87.8591,-87.8103,-87.7594,-87.7074,-87.6596,-87.6198
377,-88.1154,-88.058,-88.0081,-87.9573,-87.9081,-87.86,-87.8115,-87.7607,-87.709,-87.6615,-87.6219
378,-88.1154,-88.0581,-88.0084,-87.9578,-87.9088,-87.8609,-87.8126,-87.7621,-87.7106,-87.6634,-87.6239
379,-88.1153,-88.0583,-88.0087,-87.9583,-87.9095,-87.8618,-87.8137,-87.7635,-87.7122,-87.6652,-87.626
380,-88.1153,-88.0584,-88.009,-87.9588,-87.9102,-87.8628,-87.8149,-87.7648,-87.7138,-87.6671,-87.628
381,-88.1153,-88.0586,-88.0093,-87.9594,-87.9109,-87.8637,-87.816,-87.7662,-87.7154,-87.6689,-87.6301
382,-88.1153,-88.0588,-88.0097,-87.9599,-87.9116,-87.8646,-87.8171,-87.7675,-87.717,-87.6707,-87.6321
383,-88.1153,-88.0589,-88.01,-87.9604,-87.9123,-87.8655,-87.8182,-87.7689,-87.7186,-87.6725,-87.6341
384,-88.1153,-88.0591,-88.0103,-87.9609,-87.913,-87.8663,-87.8193,-87.7702,-87.7201,-87.6743,-87.6361
385,-88.1153,-88.0592,-88.0106,-87.9614,-87.9137,-87.8672,-87.8204,-87.7715,-87.7217,-87.6761,-87.6381
386,-88.1153,-88.0594,-88.0109,-87.9619,-87.9143,-87.8681,-87.8215,-87.7728,-87.7233,-87.6779,-87.6401
387,-88.1153,-88.0596,-88.0112,-87.9623,-87.915,-87.869,-87.8226,-87.7741,-87.7248,-87.6797,-87.6421
388,-88.1153,-88.0597,-88.0116,-87.9628,-87.9157,-87.8699,-87.8236,-87.7754,-87.7263,-87.6814,-87.644
389,-88.1153,-88.0599,-88.0119,-87.9633,-87.9164,-87.8707,-87.8247,-87.7767,-87.7279,-87.6832,-87.646
390,-88.1153,-88.06,-88.0122,-87.9638,-87.9171,-87.8716,-87.8258,-87.778,-87.7294,-87.6849,-87.6479
391,-88.1153,-88.0602,-88.0125,-87.9643,-87.9177,-87.8724,-87.8268,-87.7793,-87.7309,-87.6867,-87.6498
392,-88.1153,-88.0603,-88.0128,-87.9648,-87.9184,-87.8733,-87.8279,-87.7806,-87.7324,-87.6884,-87.6518
393,-88.1153,-88.0605,-88.0131,-87.9652,-87.919,-87.8742,-87.8289,-87.7818,-87.7339,-87.6901,-87.6537
394,-88.1153,-88.0607,-88.0134,-87.9657,-87.9197,-87.875,-87.83,-87.7831,-87.7354,-87.6918,-87.6556
395,-88.1153,-88.0608,-88.0137,-87.9662,-87.9204,-87.8758,-87.831,-87.7843,-87.7368,-87.6935,-87.6575
396,-88.1153,-88.061,-88.014,-87.9667,-87.921,-87.8767,-87.8321,-87.7856,-87.7383,-87.6952,-87.6593
397,-88.1153,-88.0611,-88.0143,-87.9671,-87.9217,-87.8775,-87.8331,-87.7868,-87.7398,-87.6969,-87.6612
398,-88.1153,-88.0613,-88.0146,-87.9676,-87.9223,-87.8783,-87.8341,-87.788,-87.7412,-87.6985,-87.6631
399,-88.1153,-88.0614,-88.0149,-87.9681,-87.9229,-87.8792,-87.8351,-87.7893,-87.7427,-87.7002,-87.6649
400,-88.1153,-88.0616,-88.0152,-87.9685,-87.9236,-87.88,-87.8361,-87.7905,-87.7441,-87.7018,-87.6667
401,-88.1153,-88.0617,-88.0155,-87.969,-87.9242,-87.8808,-87.8371,-87.7917,-87.7456,-87.7035,-87.6686
402,-88.1153,-88.0619,-88.0158,-87.9695,-87.9249,-87.8816,-87.8381,-87.7929,-87.747,-87.7051,-87.6704
403,-88.1153,-88.062,-88.0161,-87.9699,-87.9255,-87.8824,-87.8391,-87.7941,-87.7484,-87.7067,-87.6722
404,-88.1153,-88.0622,-88.0164,-87.9704,-87.9261,-87.8832,-87.8401,-87.7953,-87.7498,-87.7084,-87.674
405,-88.1153,-88.0623,-88.0167,-87.9708,-87.9267,-87.884,-87.8411,-87.7965,-87.7512,-87.71,-87.6758
406,-88.1153,-88.0624,-88.0169,-87.9713,-87.9274,-87.8848,-87.8421,-87.7977,-87.7526,-87.7116,-87.6776
407,-88.1153,-88.0626,-88.0172,-87.9717,-87.928,-87.8856,-87.8431,-87.7988,-87.754,-87.7131,-87.6793
408,-88.1153,-88.0627,-88.0175,-87.9722,-87.9286,-87.8864,-87.844,-87.8,-87.7554,-87.7147,-87.6811
409,-88.1153,-88.0629,-88.0178,-87.9726,-87.9292,-87.8872,-87.845,-87.8012,-87.7567,-87.7163,-87.6828
410,-88.1153,-88.063,-88.0181,-87.973,-87.9298,-87.888,-87.846,-87.8023,-87.7581,-87.7179,-87.6846
411,-88.1153,-88.0632,-88.0184,-87.9735,-87.9304,-87.8887,-87.8469,-87.8035,-87.7595,-87.7194,-87.6863
412,-88.1153,-88.0633,-88.0186,-87.9739,-87.931,-87.8895,-87.8479,-87.8046,-87.7608,-87.721,-87.688
413,-88.1153,-88.0635,-88.0189,-87.9744,-87.9316,-87.8903,-87.8488,-87.8058,-87.7621,-87.7225,-87.6897
414,-88.1153,-88.0636,-88.0192,-87.9748,-87.9322,-87.891,-87.8498,-87.8069,-87.7635,-87.724,-87.6914
415,-88.1153,-88.0637,-88.0195,-87.9752,-87.9328,-87.8918,-87.8507,-87.808,-87.7648,-87.7256,-87.6931
416,-88.1153,-88.0639,-88.0198,-87.9757,-87.9334,-87.8926,-87.8516,-87.8091,-87.7661,-87.7271,-87.6948
417,-88.1153,-88.064,-88.02,-87.9761,-87.934,-87.8933,-87.8525,-87.8102,-87.7674,-87.7286,-87.6965
418,-88.1153,-88.0642,-88.0203,-87.9765,-87.9346,-87.8941,-87.8535,-87.8114,-87.7687,-87.7301,-87.6982
419,-88.1153,-88.0643,-88.0206,-87.9769,-87.9351,-87.8948,-87.8544,-87.8125,-87.77,-87.7316,-87.6998
420,-88.1153,-88.0644,-88.0208,-87.9774,-87.9357,-87.8955,-87.8553,-87.8136,-87.7713,-87.733,-87.7015
421,-88.1153,-88.0646,-88.0211,-87.9778,-87.9363,-87.8963,-87.8562,-87.8146,-87.7726,-87.7345,-87.7031
422,-88.1153,-88.0647,-88.0214,-87.9782,-87.9369,-87.897,-87.8571,-87.8157,-87.7739,-87.736,-87.7047
423,-88.1153,-88.0648,-88.0217,-87.9786,-87.9374,-87.8977,-87.858,-87.8168,-87.7752,-87.7374,-87.7063
424,-88.1153,-88.065,-88.0219,-87.979,-87.938,-87.8985,-87.8589,-87.8179,-87.7764,-87.7389,-87.7079
425,-88.1153,-88.0651,-88.0222,-87.9794,-87.9386,-87.8992,-87.8598,-87.8189,-87.7777,-87.7403,-87.7096
426,-88.1153,-88.0653,-88.0224,-87.9798,-87.9391,-87.8999,-87.8607,-87.82,-87.779,-87.7418,-87.7111
427,-88.1153,-88.0654,-88.0227,-87.9802,-87.9397,-87.9006,-87.8615,-87.8211,-87.7802,-87.7432,-87.7127
428,-88.1153,-88.0655,-88.023,-87.9807,-87.9403,-87.9013,-87.8624,-87.8221,-87.7814,-87.7446,-87.7143
429,-88.1153,-88.0657,-88.0232,-87.9811,-87.9408,-87.9021,-87.8633,-87.8232,-87.7827,-87.746,-87.7159
430,-88.1153,-88.0658,-88.0235,-87.9815,-87.9414,-87.9028,-87.8642,-87.8242,-87.7839,-87.7474,-87.7174
431,-88.1153,-88.0659,-88.0238,-87.9819,-87.9419,-87.9035,-87.865,-87.8252,-87.7851,-87.7488,-87.719
432,-88.1153,-88.0661,-88.024,-87.9823,-87.9425,-87.9042,-87.8659,-87.8263,-87.7863,-87.7502,-87.7205
433,-88.1153,-88.0662,-88.0243,-87.9827,-87.943,-87.9048,-87.8667,-87.8273,-87.7875,-87.7516,-87.7221
434,-88.1153,-88.0663,-88.0245,-87.9831,-87.9435,-87.9055,-87.8676,-87.8283,-87.7887,-87.753,-87.7236
435,-88.1153,-88.0665,-88.0248,-87.9834,-87.9441,-87.9062,-87.8684,-87.8293,-87.7899,-87.7543,-87.7251
436,-88.1153,-88.0666,-88.025,-87.9838,-87.9446,-87.9069,-87.8693,-87.8303,-87.7911,-87.7557,-87.7266
437,-88.1153,-88.0667,-88.0253,-87.9842,-87.9451,-87.9076,-87.8701,-87.8313,-87.7923,-87.757,-87.7281
438,-88.1153,-88.0668,-88.0255,-87.9846,-87.9457,-87.9083,-87.8709,-87.8323,-87.7935,-87.7584,-87.7296
439,-88.1153,-88.067,-88.0258,-87.985,-87.9462,-87.9089,-87.8717,-87.8333,-87.7946,-87.7597,-87.7311
440,-88.1153,-88.0671,-88.026,-87.9854,-87.9467,-87.9096,-87.8726,-87.8343,-87.7958,-87.761,-87.7326
441,-88.1153,-88.0672,-88.0263,-87.9858,-87.9473,-87.9103,-87.8734,-87.8353,-87.7969,-87.7624,-87.734
442,-88.1153,-88.0674,-88.0265,-87.9861,-87.9478,-87.9109,-87.8742,-87.8363,-87.7981,-87.7637,-87.7355
443,-88.1153,-88.0675,-88.0268,-87.9865,-87.9483,-87.9116,-87.875,-87.8372,-87.7992,-87.765,-87.7369
444,-88.1153,-88.0676,-88.027,-87.9869,-87.9488,-87.9123,-87.8758,-87.8382,-87.8004,-87.7663,-87.7384
445,-88.1153,-88.0677,-88.0273,-87.9873,-87.9493,-87.9129,-87.8766,-87.8392,-87.8015,-87.7676,-87.7398
446,-88.1153,-88.0679,-88.0275,-87.9877,-87.9498,-87.9136,-87.8774,-87.8401,-87.8026,-87.7689,-87.7412
447,-88.1153,-88.068,-88.0277,-87.988,-87.9503,-87.9142,-87.8782,-87.8411,-87.8037,-87.7701,-87.7427
448,-88.1153,-88.0681,-88.028,-87.9884,-87.9508,-87.9149,-87.879,-87.842,-87.8048,-87.7714,-87.7441
449,-88.1153,-88.0682,-88.0282,-87.9888,-87.9514,-87.9155,-87.8798,-87.8429,-87.806,-87.7727,-87.7455
450,-88.1153,-88.0684,-88.0285,-87.9891,-87.9519,-87.9161,-87.8806,-87.8439,-87.8071,-87.7739,-87.7469
451,-88.1153,-88.0685,-88.0287,-87.9895,-87.9523,-87.9168,-87.8813,-87.8448,-87.8081,-87.7752,-87.7483
452,-88.1153,-88.0686,-88.0289,-87.9899,-87.9528,-87.9174,-87.8821,-87.8457,-87.8092,-87.7764,-87.7496
453,-88.1152,-88.0687,-88.0292,-87.9902,-87.9533,-87.918,-87.8829,-87.8467,-87.8103,-87.7777,-87.751
454,-88.1152,-88.0689,-88.0294,-87.9906,-87.9538,-87.9186,-87.8836,-87.8476,-87.8114,-87.7789,-87.7524
455,-88.1152,-88.069,-88.0296,-87.9909,-87.9543,-87.9193,-87.8844,-87.8485,-87.8125,-87.7801,-87.7537
456,-88.1152,-88.0691,-88.0299,-87.9913,-87.9548,-87.9199,-87.8852,-87.8494,-87.8135,-87.7813,-87.7551
457,-88.1152,-88.0692,-88.0301,-87.9917,-87.9553,-87.9205,-87.8859,-87.8503,-87.8146,-87.7825,-87.7564
458,-88.1152,-88.0693,-88.0303,-87.992,-87.9558,-87.9211,-87.8867,-87.8512,-87.8156,-87.7838,-87.7578
459,-88.1152,-88.0695,-88.0306,-87.9924,-87.9563,-87.9217,-87.8874,-87.8521,-87.8167,-87.785,-87.7591
460,-88.1152,-88.0696,-88.0308,-87.9927,-87.9567,-87.9223,-87.8881,-87.853,-87.8177,-87.7861,-87.7604
461,-88.1152,-88.0697,-88.031,-87.9931,-87.9572,-87.9229,-87.8889,-87.8539,-87.8188,-87.7873,-87.7617
462,-88.1152,-88.0698,-88.0312,-87.9934,-87.9577,-87.9235,-87.8896,-87.8547,-87.8198,-87.7885,-87.763
463,-88.1152,-88.0699,-88.0315,-87.9938,-87.9581,-87.9241,-87.8903,-87.8556,-87.8208,-87.7897,-87.7643
464,-88.1152,-88.07,-88.0317,-87.9941,-87.9586,-87.9247,-87.8911,-87.8565,-87.8219,-87.7908,-87.7656
465,-88.1152,-88.0702,-88.0319,-87.9944,-87.9591,-87.9253,-87.8918,-87.8573,-87.8229,-87.792,-87.7669
466,-88.1152,-88.0703,-88.0321,-87.9948,-87.9595,-87.9259,-87.8925,-87.8582,-87.8239,-87.7932,-87.7682
467,-88.1152,-88.0704,-88.0324,-87.9951,-87.96,-87.9265,-87.8932,-87.8591,-87.8249,-87.7943,-87.7695
468,-88.1152,-88.0705,-88.0326,-87.9955,-87.9605,-87.9271,-87.8939,-87.8599,-87.8259,-87.7955,-87.7707
469,-88.1152,-88.0706,-88.0328,-87.9958,-87.9609,-87.9277,-87.8947,-87.8608,-87.8269,-87.7966,-87.772
470,-88.1152,-88.0707,-88.033,-87.9961,-87.9614,-87.9282,-87.8954,-87.8616,-87.8279,-87.7977,-87.7733
471,-88.1152,-88.0709,-88.0332,-87.9965,-87.9618,-87.9288,-87.8961,-87.8624,-87.8289,-87.7988,-87.7745
472,-88.1152,-88.071,-88.0335,-87.9968,-87.9623,-87.9294,-87.8968,-87.8633,-87.8298,-87.8,-87.7757
473,-88.1152,-88.0711,-88.0337,-87.9971,-87.9627,-87.9299,-87.8974,-87.8641,-87.8308,-87.8011,-87.777
474,-88.1152,-88.0712,-88.0339,-87.9975,-87.9632,-87.9305,-87.8981,-87.8649,-87.8318,-87.8022,-87.7782
475,-88.1152,-88.0713,-88.0341,-87.9978,-87.9636,-87.9311,-87.8988,-87.8658,-87.8327,-87.8033,-87.7794
476,-88.1152,-88.0714,-88.0343,-87.9981,-87.9641,-87.9316,-87.8995,-87.8666,-87.8337,-87.8044,-87.7806
477,-88.1152,-88.0715,-88.0345,-87.9984,-87.9645,-87.9322,-87.9002,-87.8674,-87.8346,-87.8055,-87.7818
478,-88.1152,-88.0716,-88.0347,-87.9988,-87.9649,-87.9328,-87.9009,-87.8682,-87.8356,-87.8065,-87.783
479,-88.1152,-88.0718,-88.035,-87.9991,-87.9654,-87.9333,-87.9015,-87.869,-87.8365,-87.8076,-87.7842
480,-88.1152,-88.0719,-88.0352,-87.9994,-87.9658,-87.9339,-87.9022,-87.8698,-87.8375,-87.8087,-87.7854
481,-88.1152,-88.072,-88.0354,-87.9997,-87.9662,-87.9344,-87.9029,-87.8706,-87.8384,-87.8097,-87.7866
482,-88.1152,-88.0721,-88.0356,-88,-87.9667,-87.9349,-87.9035,-87.8714,-87.8393,-87.8108,-87.7878
483,-88.1152,-88.0722,-88.0358,-88.0004,-87.9671,-87.9355,-87.9042,-87.8722,-87.8403,-87.8119,-87.7889
484,-88.1152,-88.0723,-88.036,-88.0007,-87.9675,-87.936,-87.9049,-87.873,-87.8412,-87.8129,-87.7901
485,-88.1152,-88.0724,-88.0362,-88.001,-87.968,-87.9366,-87.9055,-87.8737,-87.8421,-87.8139,-87.7912
486,-88.1152,-88.0725,-88.0364,-88.0013,-87.9684,-87.9371,-87.9062,-87.8745,-87.843,-87.815,-87.7924
487,-88.1152,-88.0726,-88.0366,-88.0016,-87.9688,-87.9376,-87.9068,-87.8753,-87.8439,-87.816,-87.7935
488,-88.1152,-88.0727,-88.0368,-88.0019,-87.9692,-87.9382,-87.9075,-87.876,-87.8448,-87.817,-87.7947
489,-88.1152,-88.0728,-88.037,-88.0022,-87.9696,-87.9387,-87.9081,-87.8768,-87.8457,-87.8181,-87.7958
490,-88.1152,-88.0729,-88.0372,-88.0025,-87.97,-87.9392,-87.9087,-87.8776,-87.8466,-87.8191,-87.7969
491,-88.1152,-88.0731,-88.0374,-88.0028,-87.9705,-87.9397,-87.9094,-87.8783,-87.8475,-87.8201,-87.798
492,-88.1152,-88.0732,-88.0376,-88.0031,-87.9709,-87.9402,-87.91,-87.8791,-87.8484,-87.8211,-87.7991
493,-88.1152,-88.0733,-88.0378,-88.0034,-87.9713,-87.9408,-87.9106,-87.8798,-87.8492,-87.8221,-87.8002
494,-88.1152,-88.0734,-88.038,-88.0037,-87.9717,-87.9413,-87.9112,-87.8806,-87.8501,-87.8231,-87.8013
495,-88.1152,-88.0735,-88.0382,-88.004,-87.9721,-87.9418,-87.9119,-87.8813,-87.851,-87.8241,-87.8024
496,-88.1152,-88.0736,-88.0384,-88.0043,-87.9725,-87.9423,-87.9125,-87.882,-87.8518,-87.825,-87.8035
497,-88.1152,-88.0737,-88.0386,-88.0046,-87.9729,-87.9428,-87.9131,-87.8828,-87.8527,-87.826,-87.8046
498,-88.1152,-88.0738,-88.0388,-88.0049,-87.9733,-87.9433,-87.9137,-87.8835,-87.8535,-87.827,-87.8057
499,-88.1152,-88.0739,-88.039,-88.0052,-87.9737,-87.9438,-87.9143,-87.8842,-87.8544,-87.828,-87.8067
500,-88.1152,-88.074,-88.0392,-88.0055,-87.9741,-87.9443,-87.9149,-87.885,-87.8552,-87.8289,-87.8078
501,-88.1152,-88.0741,-88.0394,-88.0058,-87.9745,-87.9448,-87.9155,-87.8857,-87.8561,-87.8299,-87.8089
502,-88.1152,-88.0742,-88.0396,-88.0061,-87.9749,-87.9453,-87.9161,-87.8864,-87.8569,-87.8308,-87.8099
503,-88.1152,-88.0743,-88.0398,-88.0064,-87.9753,-87.9458,-87.9167,-87.8871,-87.8577,-87.8318,-87.811
504,-88.1152,-88.0744,-88.04,-88.0067,-87.9756,-87.9463,-87.9173,-87.8878,-87.8586,-87.8327,-87.812
505,-88.1152,-88.0745,-88.0401,-88.007,-87.976,-87.9468,-87.9179,-87.8885,-87.8594,-87.8336,-87.813
506,-88.1152,-88.0746,-88.0403,-88.0073,-87.9764,-87.9472,-87.9185,-87.8892,-87.8602,-87.8346,-87.8141
507,-88.1152,-88.0747,-88.0405,-88.0075,-87.9768,-87.9477,-87.9191,-87.8899,-87.861,-87.8355,-87.8151
508,-88.1152,-88.0748,-88.0407,-88.0078,-87.9772,-87.9482,-87.9197,-87.8906,-87.8618,-87.8364,-87.8161
509,-88.1152,-88.0749,-88.0409,-88.0081,-87.9776,-87.9487,-87.9202,-87.8913,-87.8626,-87.8373,-87.8171
510,-88.1152,-88.075,-88.0411,-88.0084,-87.9779,-87.9492,-87.9208,-87.892,-87.8634,-87.8383,-87.8181
511,-88.1152,-88.0751,-88.0413,-88.0087,-87.9783,-87.9496,-87.9214,-87.8927,-87.8642,-87.8392,-87.8191
512,-88.1152,-88.0752,-88.0414,-88.0089,-87.9787,-87.9501,-87.922,-87.8933,-87.865,-87.8401,-87.8201
513,-88.1152,-88.0753,-88.0416,-88.0092,-87.9791,-87.9506,-87.9225,-87.894,-87.8658,-87.841,-87.8211
514,-88.1152,-88.0754,-88.0418,-88.0095,-87.9794,-87.951,-87.9231,-87.8947,-87.8666,-87.8419,-87.8221
515,-88.1152,-88.0755,-88.042,-88.0098,-87.9798,-87.9515,-87.9237,-87.8954,-87.8674,-87.8427,-87.8231
516,-88.1152,-88.0756,-88.0422,-88.01,-87.9802,-87.952,-87.9242,-87.896,-87.8682,-87.8436,-87.8241
517,-88.1152,-88.0757,-88.0424,-88.0103,-87.9805,-87.9524,-87.9248,-87.8967,-87.8689,-87.8445,-87.825
518,-88.1152,-88.0758,-88.0425,-88.0106,-87.9809,-87.9529,-87.9253,-87.8973,-87.8697,-87.8454,-87.826
519,-88.1152,-88.0759,-88.0427,-88.0109,-87.9813,-87.9533,-87.9259,-87.898,-87.8705,-87.8462,-87.827
520,-88.1152,-88.076,-88.0429,-88.0111,-87.9816,-87.9538,-87.9264,-87.8986,-87.8712,-87.8471,-87.8279
521,-88.1152,-88.0761,-88.0431,-88.0114,-87.982,-87.9542,-87.927,-87.8993,-87.872,-87.848,-87.8289
522,-88.1152,-88.0762,-88.0432,-88.0117,-87.9823,-87.9547,-87.9275,-87.8999,-87.8727,-87.8488,-87.8298
523,-88.1152,-88.0763,-88.0434,-88.0119,-87.9827,-87.9551,-87.9281,-87.9006,-87.8735,-87.8497,-87.8308
524,-88.1152,-88.0763,-88.0436,-88.0122,-87.983,-87.9556,-87.9286,-87.9012,-87.8742,-87.8505,-87.8317
525,-88.1152,-88.0764,-88.0438,-88.0124,-87.9834,-87.956,-87.9291,-87.9019,-87.875,-87.8514,-87.8326
526,-88.1152,-88.0765,-88.0439,-88.0127,-87.9837,-87.9565,-87.9297,-87.9025,-87.8757,-87.8522,-87.8335
527,-88.1152,-88.0766,-88.0441,-88.013,-87.9841,-87.9569,-87.9302,-87.9031,-87.8764,-87.853,-87.8345
528,-88.1152,-88.0767,-88.0443,-88.0132,-87.9844,-87.9573,-87.9307,-87.9037,-87.8772,-87.8539,-87.8354
529,-88.1152,-88.0768,-88.0445,-88.0135,-87.9848,-87.9578,-87.9313,-87.9044,-87.8779,-87.8547,-87.8363
530,-88.1152,-88.0769,-88.0446,-88.0137,-87.9851,-87.9582,-87.9318,-87.905,-87.8786,-87.8555,-87.8372
531,-88.1152,-88.077,-88.0448,-88.014,-87.9855,-87.9586,-87.9323,-87.9056,-87.8793,-87.8563,-87.8381
532,-88.1152,-88.0771,-88.045,-88.0143,-87.9858,-87.959,-87.9328,-87.9062,-87.8801,-87.8571,-87.839
533,-88.1152,-88.0772,-88.0451,-88.0145,-87.9861,-87.9595,-87.9333,-87.9068,-87.8808,-87.8579,-87.8399
534,-88.1152,-88.0773,-88.0453,-88.0148,-87.9865,-87.9599,-87.9338,-87.9074,-87.8815,-87.8588,-87.8408
535,-88.1152,-88.0774,-88.0455,-88.015,-87.9868,-87.9603,-87.9344,-87.908,-87.8822,-87.8596,-87.8416
536,-88.1152,-88.0774,-88.0456,-88.0153,-87.9872,-87.9607,-87.9349,-87.9086,-87.8829,-87.8603,-87.8425
537,-88.1152,-88.0775,-88.0458,-88.0155,-87.9875,-87.9612,-87.9354,-87.9092,-87.8836,-87.8611,-87.8434
538,-88.1152,-88.0776,-88.046,-88.0158,-87.9878,-87.9616,-87.9359,-87.9098,-87.8843,-87.8619,-87.8443
539,-88.1152,-88.0777,-88.0461,-88.016,-87.9882,-87.962,-87.9364,-87.9104,-87.885,-87.8627,-87.8451
540,-88.1152,-88.0778,-88.0463,-88.0163,-87.9885,-87.9624,-87.9369,-87.911,-87.8856,-87.8635,-87.846
541,-88.1152,-88.0779,-88.0465,-88.0165,-87.9888,-87.9628,-87.9374,-87.9116,-87.8863,-87.8643,-87.8468
542,-88.1152,-88.078,-88.0466,-88.0167,-87.9891,-87.9632,-87.9379,-87.9122,-87.887,-87.865,-87.8477
543,-88.1152,-88.0781,-88.0468,-88.017,-87.9895,-87.9636,-87.9383,-87.9128,-87.8877,-87.8658,-87.8485
544,-88.1152,-88.0782,-88.047,-88.0172,-87.9898,-87.964,-87.9388,-87.9133,-87.8884,-87.8666,-87.8494
545,-88.1152,-88.0782,-88.0471,-88.0175,-87.9901,-87.9644,-87.9393,-87.9139,-87.889,-87.8673,-87.8502
546,-88.1152,-88.0783,-88.0473,-88.0177,-87.9904,-87.9648,-87.9398,-87.9145,-87.8897,-87.8681,-87.851
547,-88.1152,-88.0784,-88.0474,-88.0179,-87.9907,-87.9652,-87.9403,-87.9151,-87.8904,-87.8688,-87.8519
548,-88.1152,-88.0785,-88.0476,-88.0182,-87.9911,-87.9656,-87.9408,-87.9156,-87.891,-87.8696,-87.8527
549,-88.1152,-88.0786,-88.0478,-88.0184,-87.9914,-87.966,-87.9412,-87.9162,-87.8917,-87.8703,-87.8535
550,-88.1152,-88.0787,-88.0479,-88.0187,-87.9917,-87.9664,-87.9417,-87.9168,-87.8923,-87.8711,-87.8543
551,-88.1152,-88.0788,-88.0481,-88.0189,-87.992,-87.9668,-87.9422,-87.9173,-87.893,-87.8718,-87.8551
552,-88.1152,-88.0788,-88.0482,-88.0191,-87.9923,-87.9672,-87.9427,-87.9179,-87.8936,-87.8725,-87.8559
553,-88.1152,-88.0789,-88.0484,-88.0194,-87.9926,-87.9676,-87.9431,-87.9184,-87.8943,-87.8732,-87.8567
554,-88.1152,-88.079,-88.0485,-88.0196,-87.9929,-87.968,-87.9436,-87.919,-87.8949,-87.874,-87.8575
555,-88.1152,-88.0791,-88.0487,-88.0198,-87.9932,-87.9684,-87.944,-87.9195,-87.8955,-87.8747,-87.8583
556,-88.1152,-88.0792,-88.0489,-88.0201,-87.9936,-87.9687,-87.9445,-87.9201,-87.8962,-87.8754,-87.8591
557,-88.1152,-88.0793,-88.049,-88.0203,-87.9939,-87.9691,-87.945,-87.9206,-87.8968,-87.8761,-87.8599
558,-88.1152,-88.0793,-88.0492,-88.0205,-87.9942,-87.9695,-87.9454,-87.9211,-87.8974,-87.8768,-87.8607
559,-88.1152,-88.0794,-88.0493,-88.0207,-87.9945,-87.9699,-87.9459,-87.9217,-87.898,-87.8775,-87.8615
560,-88.1152,-88.0795,-88.0495,-88.021,-87.9948,-87.9702,-87.9463,-87.9222,-87.8987,-87.8782,-87.8622
561,-88.1152,-88.0796,-88.0496,-88.0212,-87.9951,-87.9706,-87.9468,-87.9227,-87.8993,-87.8789,-87.863
562,-88.1152,-88.0797,-88.0498,-88.0214,-87.9954,-87.971,-87.9472,-87.9233,-87.8999,-87.8796,-87.8638
563,-88.1152,-88.0798,-88.0499,-88.0216,-87.9957,-87.9714,-87.9477,-87.9238,-87.9005,-87.8803,-87.8645
564,-88.1152,-88.0798,-88.0501,-88.0219,-87.996,-87.9717,-87.9481,-87.9243,-87.9011,-87.881,-87.8653
565,-88.1152,-88.0799,-88.0502,-88.0221,-87.9962,-87.9721,-87.9486,-87.9248,-87.9017,-87.8817,-87.8661
566,-88.1152,-88.08,-88.0504,-88.0223,-87.9965,-87.9725,-87.949,-87.9254,-87.9023,-87.8824,-87.8668
567,-88.1152,-88.0801,-88.0505,-88.0225,-87.9968,-87.9728,-87.9494,-87.9259,-87.9029,-87.8831,-87.8675
568,-88.1152,-88.0802,-88.0507,-88.0227,-87.9971,-87.9732,-87.9499,-87.9264,-87.9035,-87.8837,-87.8683
569,-88.1152,-88.0802,-88.0508,-88.023,-87.9974,-87.9735,-87.9503,-87.9269,-87.9041,-87.8844,-87.869
570,-88.1152,-88.0803,-88.051,-88.0232,-87.9977,-87.9739,-87.9507,-87.9274,-87.9047,-87.8851,-87.8698
571,-88.1152,-88.0804,-88.0511,-88.0234,-87.998,-87.9743,-87.9512,-87.9279,-87.9053,-87.8857,-87.8705
572,-88.1152,-88.0805,-88.0512,-88.0236,-87.9983,-87.9746,-87.9516,-87.9284,-87.9059,-87.8864,-87.8712
573,-88.1152,-88.0806,-88.0514,-88.0238,-87.9986,-87.975,-87.952,-87.9289,-87.9065,-87.887,-87.8719
574,-88.1152,-88.0806,-88.0515,-88.024,-87.9988,-87.9753,-87.9524,-87.9294,-87.907,-87.8877,-87.8727
575,-88.1152,-88.0807,-88.0517,-88.0242,-87.9991,-87.9757,-87.9529,-87.9299,-87.9076,-87.8884,-87.8734
576,-88.1152,-88.0808,-88.0518,-88.0245,-87.9994,-87.976,-87.9533,-87.9304,-87.9082,-87.889,-87.8741
577,-88.1152,-88.0809,-88.052,-88.0247,-87.9997,-87.9764,-87.9537,-87.9309,-87.9088,-87.8896,-87.8748
578,-88.1152,-88.081,-88.0521,-88.0249,-88,-87.9767,-87.9541,-87.9314,-87.9093,-87.8903,-87.8755
579,-88.1152,-88.081,-88.0522,-88.0251,-88.0002,-87.9771,-87.9545,-87.9319,-87.9099,-87.8909,-87.8762
580,-88.1152,-88.0811,-88.0524,-88.0253,-88.0005,-87.9774,-87.9549,-87.9324,-87.9104,-87.8916,-87.8769
581,-88.1152,-88.0812,-88.0525,-88.0255,-88.0008,-87.9777,-87.9553,-87.9328,-87.911,-87.8922,-87.8776
582,-88.1152,-88.0813,-88.0527,-88.0257,-88.001,-87.9781,-87.9557,-87.9333,-87.9116,-87.8928,-87.8783
583,-88.1152,-88.0813,-88.0528,-88.0259,-88.0013,-87.9784,-87.9561,-87.9338,-87.9121,-87.8934,-87.879
584,-88.1152,-88.0814,-88.0529,-88.0261,-88.0016,-87.9787,-87.9565,-87.9343,-87.9127,-87.8941,-87.8796
585,-88.1152,-88.0815,-88.0531,-88.0263,-88.0019,-87.9791,-87.957,-87.9347,-87.9132,-87.8947,-87.8803
586,-88.1152,-88.0816,-88.0532,-88.0265,-88.0021,-87.9794,-87.9574,-87.9352,-87.9138,-87.8953,-87.881
587,-88.1152,-88.0816,-88.0534,-88.0267,-88.0024,-87.9797,-87.9577,-87.9357,-87.9143,-87.8959,-87.8817
588,-88.1152,-88.0817,-88.0535,-88.0269,-88.0027,-87.9801,-87.9581,-87.9362,-87.9148,-87.8965,-87.8823
589,-88.1152,-88.0818,-88.0536,-88.0271,-88.0029,-87.9804,-87.9585,-87.9366,-87.9154,-87.8971,-87.883
590,-88.1152,-88.0819,-88.0538,-88.0273,-88.0032,-87.9807,-87.9589,-87.9371,-87.9159,-87.8977,-87.8837
591,-88.1152,-88.0819,-88.0539,-88.0275,-88.0035,-87.9811,-87.9593,-87.9375,-87.9164,-87.8983,-87.8843
592,-88.1152,-88.082,-88.054,-88.0277,-88.0037,-87.9814,-87.9597,-87.938,-87.917,-87.8989,-87.885
593,-88.1152,-88.0821,-88.0542,-88.0279,-88.004,-87.9817,-87.9601,-87.9384,-87.9175,-87.8995,-87.8856
594,-88.1152,-88.0822,-88.0543,-88.0281,-88.0042,-87.982,-87.9605,-87.9389,-87.918,-87.9001,-87.8863
595,-88.1152,-88.0822,-88.0544,-88.0283,-88.0045,-87.9823,-87.9609,-87.9394,-87.9185,-87.9007,-87.8869
596,-88.1152,-88.0823,-88.0546,-88.0285,-88.0047,-87.9827,-87.9612,-87.9398,-87.9191,-87.9013,-87.8876
597,-88.1152,-88.0824,-88.0547,-88.0287,-88.005,-87.983,-87.9616,-87.9402,-87.9196,-87.9019,-87.8882
598,-88.1152,-88.0824,-88.0548,-88.0289,-88.0053,-87.9833,-87.962,-87.9407,-87.9201,-87.9024,-87.8888
599,-88.1152,-88.0825,-88.055,-88.0291,-88.0055,-87.9836,-87.9624,-87.9411,-87.9206,-87.903,-87.8895
600,-88.1152,-88.0826,-88.0551,-88.0293,-88.0058,-87.9839,-87.9627,-87.9416,-87.9211,-87.9036,-87.8901
601,-88.1152,-88.0827,-88.0552,-88.0295,-88.006,-87.9842,-87.9631,-87.942,-87.9216,-87.9042,-87.8907
602,-88.1152,-88.0827,-88.0553,-88.0297,-88.0063,-87.9845,-87.9635,-87.9424,-87.9221,-87.9047,-87.8914
603,-88.1152,-88.0828,-88.0555,-88.0298,-88.0065,-87.9848,-87.9639,-87.9429,-87.9226,-87.9053,-87.892
604,-88.1152,-88.0829,-88.0556,-88.03,-88.0068,-87.9852,-87.9642,-87.9433,-87.9231,-87.9058,-87.8926
605,-88.1152,-88.0829,-88.0557,-88.0302,-88.007,-87.9855,-87.9646,-87.9437,-87.9236,-87.9064,-87.8932
606,-88.1152,-88.083,-88.0559,-88.0304,-88.0073,-87.9858,-87.965,-87.9442,-87.9241,-87.907,-87.8938
607,-88.1152,-88.0831,-88.056,-88.0306,-88.0075,-87.9861,-87.9653,-87.9446,-87.9246,-87.9075,-87.8944
608,-88.1152,-88.0832,-88.0561,-88.0308,-88.0077,-87.9864,-87.9657,-87.945,-87.9251,-87.9081,-87.895
609,-88.1152,-88.0832,-88.0562,-88.031,-88.008,-87.9867,-87.966,-87.9454,-87.9256,-87.9086,-87.8956
610,-88.1152,-88.0833,-88.0564,-88.0311,-88.0082,-87.987,-87.9664,-87.9459,-87.926,-87.9092,-87.8962
611,-88.1152,-88.0834,-88.0565,-88.0313,-88.0085,-87.9873,-87.9667,-87.9463,-87.9265,-87.9097,-87.8968
612,-88.1152,-88.0834,-88.0566,-88.0315,-88.0087,-87.9876,-87.9671,-87.9467,-87.927,-87.9102,-87.8974
613,-88.1152,-88.0835,-88.0567,-88.0317,-88.0089,-87.9879,-87.9675,-87.9471,-87.9275,-87.9108,-87.898
614,-88.1152,-88.0836,-88.0569,-88.0319,-88.0092,-87.9881,-87.9678,-87.9475,-87.928,-87.9113,-87.8986
615,-88.1152,-88.0836,-88.057,-88.0321,-88.0094,-87.9884,-87.9682,-87.9479,-87.9284,-87.9118,-87.8992
616,-88.1152,-88.0837,-88.0571,-88.0322,-88.0097,-87.9887,-87.9685,-87.9483,-87.9289,-87.9124,-87.8997
617,-88.1152,-88.0838,-88.0572,-88.0324,-88.0099,-87.989,-87.9688,-87.9487,-87.9294,-87.9129,-87.9003
618,-88.1152,-88.0838,-88.0573,-88.0326,-88.0101,-87.9893,-87.9692,-87.9491,-87.9298,-87.9134,-87.9009
619,-88.1152,-88.0839,-88.0575,-88.0328,-88.0104,-87.9896,-87.9695,-87.9495,-87.9303,-87.9139,-87.9015
620,-88.1152,-88.084,-88.0576,-88.0329,-88.0106,-87.9899,-87.9699,-87.9499,-87.9308,-87.9145,-87.902
621,-88.1152,-88.084,-88.0577,-88.0331,-88.0108,-87.9902,-87.9702,-87.9503,-87.9312,-87.915,-87.9026
622,-88.1152,-88.0841,-88.0578,-88.0333,-88.011,-87.9904,-87.9706,-87.9507,-87.9317,-87.9155,-87.9032
623,-88.1152,-88.0842,-88.0579,-88.0335,-88.0113,-87.9907,-87.9709,-87.9511,-87.9321,-87.916,-87.9037
624,-88.1152,-88.0842,-88.0581,-88.0336,-88.0115,-87.991,-87.9712,-87.9515,-87.9326,-87.9165,-87.9043
625,-88.1152,-88.0843,-88.0582,-88.0338,-88.0117,-87.9913,-87.9716,-87.9519,-87.933,-87.917,-87.9048
626,-88.1152,-88.0844,-88.0583,-88.034,-88.0119,-87.9916,-87.9719,-87.9523,-87.9335,-87.9175,-87.9054
627,-88.1152,-88.0844,-88.0584,-88.0342,-88.0122,-87.9918,-87.9722,-87.9527,-87.9339,-87.918,-87.9059
628,-88.1152,-88.0845,-88.0585,-88.0343,-88.0124,-87.9921,-87.9725,-87.9531,-87.9344,-87.9185,-87.9065
629,-88.1152,-88.0846,-88.0586,-88.0345,-88.0126,-87.9924,-87.9729,-87.9534,-87.9348,-87.919,-87.907
630,-88.1152,-88.0846,-88.0588,-88.0347,-88.0128,-87.9927,-87.9732,-87.9538,-87.9352,-87.9195,-87.9076
631,-88.1152,-88.0847,-88.0589,-88.0348,-88.0131,-87.9929,-87.9735,-87.9542,-87.9357,-87.92,-87.9081
632,-88.1152,-88.0848,-88.059,-88.035,-88.0133,-87.9932,-87.9738,-87.9546,-87.9361,-87.9205,-87.9086
633,-88.1152,-88.0848,-88.0591,-88.0352,-88.0135,-87.9935,-87.9742,-87.955,-87.9366,-87.921,-87.9092
634,-88.1152,-88.0849,-88.0592,-88.0353,-88.0137,-87.9937,-87.9745,-87.9553,-87.937,-87.9215,-87.9097
635,-88.1152,-88.085,-88.0593,-88.0355,-88.0139,-87.994,-87.9748,-87.9557,-87.9374,-87.922,-87.9102
636,-88.1152,-88.085,-88.0595,-88.0357,-88.0142,-87.9943,-87.9751,-87.9561,-87.9378,-87.9224,-87.9108
637,-88.1151,-88.0851,-88.0596,-88.0358,-88.0144,-87.9945,-87.9754,-87.9564,-87.9383,-87.9229,-87.9113
638,-88.1151,-88.0851,-88.0597,-88.036,-88.0146,-87.9948,-87.9758,-87.9568,-87.9387,-87.9234,-87.9118
639,-88.1151,-88.0852,-88.0598,-88.0362,-88.0148,-87.9951,-87.9761,-87.9572,-87.9391,-87.9239,-87.9123
640,-88.1151,-88.0853,-88.0599,-88.0363,-88.015,-87.9953,-87.9764,-87.9575,-87.9395,-87.9243,-87.9128
641,-88.1151,-88.0853,-88.06,-88.0365,-88.0152,-87.9956,-87.9767,-87.9579,-87.9399,-87.9248,-87.9133
642,-88.1151,-88.0854,-88.0601,-88.0366,-88.0154,-87.9958,-87.977,-87.9583,-87.9404,-87.9253,-87.9139
643,-88.1151,-88.0855,-88.0602,-88.0368,-88.0156,-87.9961,-87.9773,-87.9586,-87.9408,-87.9257,-87.9144
644,-88.1151,-88.0855,-88.0603,-88.037,-88.0158,-87.9964,-87.9776,-87.959,-87.9412,-87.9262,-87.9149
645,-88.1151,-88.0856,-88.0605,-88.0371,-88.0161,-87.9966,-87.9779,-87.9593,-87.9416,-87.9266,-87.9154
646,-88.1151,-88.0856,-88.0606,-88.0373,-88.0163,-87.9969,-87.9782,-87.9597,-87.942,-87.9271,-87.9159
647,-88.1151,-88.0857,-88.0607,-88.0374,-88.0165,-87.9971,-87.9785,-87.96,-87.9424,-87.9276,-87.9164
648,-88.1151,-88.0858,-88.0608,-88.0376,-88.0167,-87.9974,-87.9788,-87.9604,-87.9428,-87.928,-87.9169
649,-88.1151,-88.0858,-88.0609,-88.0378,-88.0169,-87.9976,-87.9791,-87.9607,-87.9432,-87.9285,-87.9173
650,-88.1151,-88.0859,-88.061,-88.0379,-88.0171,-87.9979,-87.9794,-87.9611,-87.9436,-87.9289,-87.9178
651,-88.1151,-88.0859,-88.0611,-88.0381,-88.0173,-87.9981,-87.9797,-87.9614,-87.944,-87.9293,-87.9183
652,-88.1151,-88.086,-88.0612,-88.0382,-88.0175,-87.9984,-87.98,-87.9618,-87.9444,-87.9298,-87.9188
653,-88.1151,-88.0861,-88.0613,-88.0384,-88.0177,-87.9986,-87.9803,-87.9621,-87.9448,-87.9302,-87.9193
654,-88.1151,-88.0861,-88.0614,-88.0385,-88.0179,-87.9989,-87.9806,-87.9625,-87.9452,-87.9307,-87.9198
655,-88.1151,-88.0862,-88.0615,-88.0387,-88.0181,-87.9991,-87.9809,-87.9628,-87.9456,-87.9311,-87.9202
656,-88.1151,-88.0862,-88.0616,-88.0388,-88.0183,-87.9994,-87.9812,-87.9631,-87.946,-87.9315,-87.9207
657,-88.1151,-88.0863,-88.0617,-88.039,-88.0185,-87.9996,-87.9815,-87.9635,-87.9463,-87.932,-87.9212
658,-88.1151,-88.0864,-88.0618,-88.0391,-88.0187,-87.9998,-87.9817,-87.9638,-87.9467,-87.9324,-87.9217
659,-88.1151,-88.0864,-88.0619,-88.0393,-88.0189,-88.0001,-87.982,-87.9641,-87.9471,-87.9328,-87.9221
660,-88.1151,-88.0865,-88.062,-88.0394,-88.0191,-88.0003,-87.9823,-87.9645,-87.9475,-87.9333,-87.9226
661,-88.1151,-88.0865,-88.0622,-88.0396,-88.0193,-88.0006,-87.9826,-87.9648,-87.9479,-87.9337,-87.9231
662,-88.1151,-88.0866,-88.0623,-88.0397,-88.0195,-88.0008,-87.9829,-87.9651,-87.9483,-87.9341,-87.9235
663,-88.1151,-88.0866,-88.0624,-88.0399,-88.0197,-88.001,-87.9832,-87.9655,-87.9486,-87.9345,-87.924
664,-88.1151,-88.0867,-88.0625,-88.04,-88.0198,-88.0013,-87.9834,-87.9658,-87.949,-87.935,-87.9244
665,-88.1151,-88.0868,-88.0626,-88.0402,-88.02,-88.0015,-87.9837,-87.9661,-87.9494,-87.9354,-87.9249
666,-88.1151,-88.0868,-88.0627,-88.0403,-88.0202,-88.0017,-87.984,-87.9664,-87.9497,-87.9358,-87.9254
667,-88.1151,-88.0869,-88.0628,-88.0405,-88.0204,-88.002,-87.9843,-87.9668,-87.9501,-87.9362,-87.9258
668,-88.1151,-88.0869,-88.0629,-88.0406,-88.0206,-88.0022,-87.9845,-87.9671,-87.9505,-87.9366,-87.9263
669,-88.1151,-88.087,-88.063,-88.0408,-88.0208,-88.0024,-87.9848,-87.9674,-87.9508,-87.937,-87.9267
670,-88.1151,-88.087,-88.0631,-88.0409,-88.021,-88.0027,-87.9851,-87.9677,-87.9512,-87.9374,-87.9271
671,-88.1151,-88.0871,-88.0632,-88.0411,-88.0212,-88.0029,-87.9854,-87.968,-87.9516,-87.9378,-87.9276
672,-88.1151,-88.0872,-88.0633,-88.0412,-88.0214,-88.0031,-87.9856,-87.9683,-87.9519,-87.9382,-87.928
673,-88.1151,-88.0872,-88.0634,-88.0413,-88.0215,-88.0033,-87.9859,-87.9687,-87.9523,-87.9386,-87.9285
674,-88.1151,-88.0873,-88.0635,-88.0415,-88.0217,-88.0036,-87.9862,-87.969,-87.9526,-87.939,-87.9289
675,-88.1151,-88.0873,-88.0636,-88.0416,-88.0219,-88.0038,-87.9864,-87.9693,-87.953,-87.9394,-87.9293
676,-88.1151,-88.0874,-88.0637,-88.0418,-88.0221,-88.004,-87.9867,-87.9696,-87.9533,-87.9398,-87.9298
677,-88.1151,-88.0874,-88.0638,-88.0419,-88.0223,-88.0042,-87.987,-87.9699,-87.9537,-87.9402,-87.9302
678,-88.1151,-88.0875,-88.0639,-88.042,-88.0225,-88.0045,-87.9872,-87.9702,-87.954,-87.9406,-87.9306
679,-88.1151,-88.0875,-88.0639,-88.0422,-88.0226,-88.0047,-87.9875,-87.9705,-87.9544,-87.941,-87.931
680,-88.1151,-88.0876,-88.064,-88.0423,-88.0228,-88.0049,-87.9877,-87.9708,-87.9547,-87.9414,-87.9315
681,-88.1151,-88.0877,-88.0641,-88.0425,-88.023,-88.0051,-87.988,-87.9711,-87.9551,-87.9418,-87.9319
682,-88.1151,-88.0877,-88.0642,-88.0426,-88.0232,-88.0053,-87.9883,-87.9714,-87.9554,-87.9422,-87.9323
683,-88.1151,-88.0878,-88.0643,-88.0427,-88.0234,-88.0056,-87.9885,-87.9717,-87.9558,-87.9425,-87.9327
684,-88.1151,-88.0878,-88.0644,-88.0429,-88.0235,-88.0058,-87.9888,-87.972,-87.9561,-87.9429,-87.9331
685,-88.1151,-88.0879,-88.0645,-88.043,-88.0237,-88.006,-87.989,-87.9723,-87.9565,-87.9433,-87.9335
686,-88.1151,-88.0879,-88.0646,-88.0431,-88.0239,-88.0062,-87.9893,-87.9726,-87.9568,-87.9437,-87.934
687,-88.1151,-88.088,-88.0647,-88.0433,-88.0241,-88.0064,-87.9895,-87.9729,-87.9571,-87.944,-87.9344
688,-88.1151,-88.088,-88.0648,-88.0434,-88.0242,-88.0066,-87.9898,-87.9732,-87.9575,-87.9444,-87.9348
689,-88.1151,-88.0881,-88.0649,-88.0435,-88.0244,-88.0068,-87.99,-87.9735,-87.9578,-87.9448,-87.9352
690,-88.1151,-88.0881,-88.065,-88.0437,-88.0246,-88.007,-87.9903,-87.9737,-87.9581,-87.9452,-87.9356
691,-88.1151,-88.0882,-88.0651,-88.0438,-88.0247,-88.0073,-87.9905,-87.974,-87.9585,-87.9455,-87.936
692,-88.1151,-88.0882,-88.0652,-88.0439,-88.0249,-88.0075,-87.9908,-87.9743,-87.9588,-87.9459,-87.9364
693,-88.1151,-88.0883,-88.0653,-88.0441,-88.0251,-88.0077,-87.991,-87.9746,-87.9591,-87.9463,-87.9368
694,-88.1151,-88.0884,-88.0654,-88.0442,-88.0253,-88.0079,-87.9913,-87.9749,-87.9594,-87.9466,-87.9372
695,-88.1151,-88.0884,-88.0654,-88.0443,-88.0254,-88.0081,-87.9915,-87.9752,-87.9598,-87.947,-87.9376
696,-88.1151,-88.0885,-88.0655,-88.0445,-88.0256,-88.0083,-87.9917,-87.9755,-87.9601,-87.9473,-87.938
697,-88.1151,-88.0885,-88.0656,-88.0446,-88.0258,-88.0085,-87.992,-87.9757,-87.9604,-87.9477,-87.9383
698,-88.1151,-88.0886,-88.0657,-88.0447,-88.0259,-88.0087,-87.9922,-87.976,-87.9607,-87.9481,-87.9387
699,-88.1151,-88.0886,-88.0658,-88.0449,-88.0261,-88.0089,-87.9925,-87.9763,-87.961,-87.9484,-87.9391
700,-88.1151,-88.0887,-88.0659,-88.045,-88.0263,-88.0091,-87.9927,-87.9766,-87.9613,-87.9488,-87.9395
701,-88.1151,-88.0887,-88.066,-88.0451,-88.0264,-88.0093,-87.9929,-87.9768,-87.9617,-87.9491,-87.9399
702,-88.1151,-88.0888,-88.0661,-88.0452,-88.0266,-88.0095,-87.9932,-87.9771,-87.962,-87.9495,-87.9403
703,-88.1151,-88.0888,-88.0662,-88.0454,-88.0268,-88.0097,-87.9934,-87.9774,-87.9623,-87.9498,-87.9406
704,-88.1151,-88.0889,-88.0663,-88.0455,-88.0269,-88.0099,-87.9936,-87.9777,-87.9626,-87.9502,-87.941
705,-88.1151,-88.0889,-88.0663,-88.0456,-88.0271,-88.0101,-87.9939,-87.9779,-87.9629,-87.9505,-87.9414
706,-88.1151,-88.089,-88.0664,-88.0457,-88.0272,-88.0103,-87.9941,-87.9782,-87.9632,-87.9508,-87.9418
707,-88.1151,-88.089,-88.0665,-88.0459,-88.0274,-88.0105,-87.9943,-87.9785,-87.9635,-87.9512,-87.9421
708,-88.1151,-88.0891,-88.0666,-88.046,-88.0276,-88.0107,-87.9946,-87.9787,-87.9638,-87.9515,-87.9425
709,-88.1151,-88.0891,-88.0667,-88.0461,-88.0277,-88.0109,-87.9948,-87.979,-87.9641,-87.9519,-87.9429
710,-88.1151,-88.0892,-88.0668,-88.0462,-88.0279,-88.0111,-87.995,-87.9793,-87.9644,-87.9522,-87.9432
711,-88.1151,-88.0892,-88.0669,-88.0464,-88.028,-88.0113,-87.9953,-87.9795,-87.9647,-87.9525,-87.9436
712,-88.1151,-88.0893,-88.0669,-88.0465,-88.0282,-88.0115,-87.9955,-87.9798,-87.965,-87.9529,-87.944
713,-88.1151,-88.0893,-88.067,-88.0466,-88.0284,-88.0117,-87.9957,-87.9801,-87.9653,-87.9532,-87.9443
714,-88.1151,-88.0894,-88.0671,-88.0467,-88.0285,-88.0118,-87.9959,-87.9803,-87.9656,-87.9535,-87.9447
715,-88.1151,-88.0894,-88.0672,-88.0469,-88.0287,-88.012,-87.9962,-87.9806,-87.9659,-87.9539,-87.9451
716,-88.1151,-88.0895,-88.0673,-88.047,-88.0288,-88.0122,-87.9964,-87.9808,-87.9662,-87.9542,-87.9454
717,-88.1151,-88.0895,-88.0674,-88.0471,-88.029,-88.0124,-87.9966,-87.9811,-87.9665,-87.9545,-87.9458
718,-88.1151,-88.0896,-88.0675,-88.0472,-88.0291,-88.0126,-87.9968,-87.9813,-87.9668,-87.9548,-87.9461
719,-88.1151,-88.0896,-88.0675,-88.0473,-88.0293,-88.0128,-87.997,-87.9816,-87.9671,-87.9552,-87.9465
720,-88.1151,-88.0896,-88.0676,-88.0475,-88.0294,-88.013,-87.9973,-87.9818,-87.9674,-87.9555,-87.9468
721,-88.1151,-88.0897,-88.0677,-88.0476,-88.0296,-88.0132,-87.9975,-87.9821,-87.9677,-87.9558,-87.9472
722,-88.1151,-88.0897,-88.0678,-88.0477,-88.0297,-88.0133,-87.9977,-87.9823,-87.9679,-87.9561,-87.9475
723,-88.1151,-88.0898,-88.0679,-88.0478,-88.0299,-88.0135,-87.9979,-87.9826,-87.9682,-87.9564,-87.9479
724,-88.1151,-88.0898,-88.068,-88.0479,-88.03,-88.0137,-87.9981,-87.9828,-87.9685,-87.9568,-87.9482
725,-88.1151,-88.0899,-88.068,-88.048,-88.0302,-88.0139,-87.9983,-87.9831,-87.9688,-87.9571,-87.9485
726,-88.1151,-88.0899,-88.0681,-88.0482,-88.0303,-88.0141,-87.9985,-87.9833,-87.9691,-87.9574,-87.9489
727,-88.1151,-88.09,-88.0682,-88.0483,-88.0305,-88.0142,-87.9988,-87.9836,-87.9694,-87.9577,-87.9492
728,-88.1151,-88.09,-88.0683,-88.0484,-88.0306,-88.0144,-87.999,-87.9838,-87.9696,-87.958,-87.9495
729,-88.1151,-88.0901,-88.0684,-88.0485,-88.0308,-88.0146,-87.9992,-87.9841,-87.9699,-87.9583,-87.9499
730,-88.1151,-88.0901,-88.0684,-88.0486,-88.0309,-88.0148,-87.9994,-87.9843,-87.9702,-87.9586,-87.9502
731,-88.1151,-88.0902,-88.0685,-88.0487,-88.0311,-88.015,-87.9996,-87.9846,-87.9705,-87.9589,-87.9505
732,-88.1151,-88.0902,-88.0686,-88.0488,-88.0312,-88.0151,-87.9998,-87.9848,-87.9707,-87.9592,-87.9509
733,-88.1151,-88.0903,-88.0687,-88.049,-88.0314,-88.0153,-88,-87.985,-87.971,-87.9595,-87.9512
734,-88.1151,-88.0903,-88.0688,-88.0491,-88.0315,-88.0155,-88.0002,-87.9853,-87.9713,-87.9598,-87.9515
735,-88.1151,-88.0903,-88.0688,-88.0492,-88.0317,-88.0157,-88.0004,-87.9855,-87.9715,-87.9601,-87.9519
736,-88.1151,-88.0904,-88.0689,-88.0493,-88.0318,-88.0158,-88.0006,-87.9857,-87.9718,-87.9604,-87.9522
737,-88.1151,-88.0904,-88.069,-88.0494,-88.0319,-88.016,-88.0008,-87.986,-87.9721,-87.9607,-87.9525
738,-88.1151,-88.0905,-88.0691,-88.0495,-88.0321,-88.0162,-88.001,-87.9862,-87.9723,-87.961,-87.9528
739,-88.1151,-88.0905,-88.0691,-88.0496,-88.0322,-88.0163,-88.0012,-87.9864,-87.9726,-87.9613,-87.9531
740,-88.1151,-88.0906,-88.0692,-88.0497,-88.0324,-88.0165,-88.0014,-87.9867,-87.9729,-87.9616,-87.9535
741,-88.1151,-88.0906,-88.0693,-88.0498,-88.0325,-88.0167,-88.0016,-87.9869,-87.9731,-87.9619,-87.9538
742,-88.1151,-88.0907,-88.0694,-88.05,-88.0326,-88.0169,-88.0018,-87.9871,-87.9734,-87.9622,-87.9541
743,-88.1151,-88.0907,-88.0695,-88.0501,-88.0328,-88.017,-88.002,-87.9874,-87.9736,-87.9625,-87.9544
744,-88.1151,-88.0907,-88.0695,-88.0502,-88.0329,-88.0172,-88.0022,-87.9876,-87.9739,-87.9628,-87.9547
745,-88.1151,-88.0908,-88.0696,-88.0503,-88.0331,-88.0174,-88.0024,-87.9878,-87.9742,-87.963,-87.955
746,-88.1151,-88.0908,-88.0697,-88.0504,-88.0332,-88.0175,-88.0026,-87.988,-87.9744,-87.9633,-87.9553
747,-88.1151,-88.0909,-88.0698,-88.0505,-88.0333,-88.0177,-88.0028,-87.9883,-87.9747,-87.9636,-87.9556
748,-88.1151,-88.0909,-88.0698,-88.0506,-88.0335,-88.0179,-88.003,-87.9885,-87.9749,-87.9639,-87.956
749,-88.1151,-88.091,-88.0699,-88.0507,-88.0336,-88.018,-88.0032,-87.9887,-87.9752,-87.9642,-87.9563
750,-88.1151,-88.091,-88.07,-88.0508,-88.0337,-88.0182,-88.0034,-87.9889,-87.9754,-87.9645,-87.9566
751,-88.1151,-88.0911,-88.0701,-88.0509,-88.0339,-88.0184,-88.0036,-87.9891,-87.9757,-87.9647,-87.9569
752,-88.1151,-88.0911,-88.0701,-88.051,-88.034,-88.0185,-88.0038,-87.9894,-87.9759,-87.965,-87.9572
753,-88.1151,-88.0911,-88.0702,-88.0511,-88.0341,-88.0187,-88.004,-87.9896,-87.9762,-87.9653,-87.9575
754,-88.1151,-88.0912,-88.0703,-88.0512,-88.0343,-88.0188,-88.0041,-87.9898,-87.9764,-87.9656,-87.9578
755,-88.1151,-88.0912,-88.0704,-88.0513,-88.0344,-88.019,-88.0043,-87.99,-87.9767,-87.9658,-87.9581
756,-88.1151,-88.0913,-88.0704,-88.0514,-88.0345,-88.0192,-88.0045,-87.9902,-87.9769,-87.9661,-87.9583
757,-88.1151,-88.0913,-88.0705,-88.0515,-88.0347,-88.0193,-88.0047,-87.9905,-87.9772,-87.9664,-87.9586
758,-88.1151,-88.0914,-88.0706,-88.0516,-88.0348,-88.0195,-88.0049,-87.9907,-87.9774,-87.9666,-87.9589
759,-88.1151,-88.0914,-88.0706,-88.0517,-88.0349,-88.0196,-88.0051,-87.9909,-87.9776,-87.9669,-87.9592
760,-88.1151,-88.0914,-88.0707,-88.0518,-88.0351,-88.0198,-88.0053,-87.9911,-87.9779,-87.9672,-87.9595
761,-88.1151,-88.0915,-88.0708,-88.052,-88.0352,-88.0199,-88.0054,-87.9913,-87.9781,-87.9675,-87.9598
762,-88.1151,-88.0915,-88.0709,-88.0521,-88.0353,-88.0201,-88.0056,-87.9915,-87.9784,-87.9677,-87.9601
763,-88.1151,-88.0916,-88.0709,-88.0522,-88.0355,-88.0203,-88.0058,-87.9917,-87.9786,-87.968,-87.9604
764,-88.1151,-88.0916,-88.071,-88.0523,-88.0356,-88.0204,-88.006,-87.9919,-87.9788,-87.9682,-87.9607
765,-88.1151,-88.0916,-88.0711,-88.0524,-88.0357,-88.0206,-88.0062,-87.9921,-87.9791,-87.9685,-87.9609
766,-88.1151,-88.0917,-88.0711,-88.0525,-88.0358,-88.0207,-88.0063,-87.9923,-87.9793,-87.9688,-87.9612
767,-88.1151,-88.0917,-88.0712,-88.0526,-88.036,-88.0209,-88.0065,-87.9925,-87.9795,-87.969,-87.9615
768,-88.1151,-88.0918,-88.0713,-88.0527,-88.0361,-88.021,-88.0067,-87.9928,-87.9798,-87.9693,-87.9618
769,-88.1151,-88.0918,-88.0714,-88.0528,-88.0362,-88.0212,-88.0069,-87.993,-87.98,-87.9695,-87.9621
770,-88.1151,-88.0918,-88.0714,-88.0528,-88.0363,-88.0213,-88.0071,-87.9932,-87.9802,-87.9698,-87.9623
771,-88.1151,-88.0919,-88.0715,-88.0529,-88.0365,-88.0215,-88.0072,-87.9934,-87.9805,-87.97,-87.9626
772,-88.1151,-88.0919,-88.0716,-88.053,-88.0366,-88.0216,-88.0074,-87.9936,-87.9807,-87.9703,-87.9629
773,-88.1151,-88.092,-88.0716,-88.0531,-88.0367,-88.0218,-88.0076,-87.9938,-87.9809,-87.9705,-87.9632
774,-88.1151,-88.092,-88.0717,-88.0532,-88.0368,-88.0219,-88.0078,-87.994,-87.9811,-87.9708,-87.9634
775,-88.1151,-88.0921,-88.0718,-88.0533,-88.037,-88.0221,-88.0079,-87.9942,-87.9814,-87.971,-87.9637
776,-88.1151,-88.0921,-88.0718,-88.0534,-88.0371,-88.0222,-88.0081,-87.9944,-87.9816,-87.9713,-87.964
777,-88.1151,-88.0921,-88.0719,-88.0535,-88.0372,-88.0224,-88.0083,-87.9946,-87.9818,-87.9715,-87.9642
778,-88.1151,-88.0922,-88.072,-88.0536,-88.0373,-88.0225,-88.0084,-87.9948,-87.982,-87.9718,-87.9645
779,-88.1151,-88.0922,-88.072,-88.0537,-88.0375,-88.0227,-88.0086,-87.9949,-87.9823,-87.972,-87.9648
780,-88.1151,-88.0922,-88.0721,-88.0538,-88.0376,-88.0228,-88.0088,-87.9951,-87.9825,-87.9723,-87.965
781,-88.1151,-88.0923,-88.0722,-88.0539,-88.0377,-88.0229,-88.009,-87.9953,-87.9827,-87.9725,-87.9653
782,-88.1151,-88.0923,-88.0722,-88.054,-88.0378,-88.0231,-88.0091,-87.9955,-87.9829,-87.9728,-87.9656
783,-88.1151,-88.0924,-88.0723,-88.0541,-88.0379,-88.0232,-88.0093,-87.9957,-87.9831,-87.973,-87.9658
784,-88.1151,-88.0924,-88.0724,-88.0542,-88.038,-88.0234,-88.0095,-87.9959,-87.9834,-87.9732,-87.9661
785,-88.1151,-88.0924,-88.0724,-88.0543,-88.0382,-88.0235,-88.0096,-87.9961,-87.9836,-87.9735,-87.9663
786,-88.1151,-88.0925,-88.0725,-88.0544,-88.0383,-88.0237,-88.0098,-87.9963,-87.9838,-87.9737,-87.9666
787,-88.1151,-88.0925,-88.0726,-88.0545,-88.0384,-88.0238,-88.0099,-87.9965,-87.984,-87.974,-87.9668
788,-88.1151,-88.0926,-88.0726,-88.0546,-88.0385,-88.0239,-88.0101,-87.9967,-87.9842,-87.9742,-87.9671
789,-88.1151,-88.0926,-88.0727,-88.0546,-88.0386,-88.0241,-88.0103,-87.9969,-87.9844,-87.9744,-87.9674
790,-88.1151,-88.0926,-88.0728,-88.0547,-88.0388,-88.0242,-88.0104,-87.997,-87.9846,-87.9747,-87.9676
791,-88.1151,-88.0927,-88.0728,-88.0548,-88.0389,-88.0244,-88.0106,-87.9972,-87.9848,-87.9749,-87.9679
792,-88.1151,-88.0927,-88.0729,-88.0549,-88.039,-88.0245,-88.0108,-87.9974,-87.9851,-87.9751,-87.9681
793,-88.1151,-88.0927,-88.073,-88.055,-88.0391,-88.0246,-88.0109,-87.9976,-87.9853,-87.9754,-87.9684
794,-88.1151,-88.0928,-88.073,-88.0551,-88.0392,-88.0248,-88.0111,-87.9978,-87.9855,-87.9756,-87.9686
795,-88.1151,-88.0928,-88.0731,-88.0552,-88.0393,-88.0249,-88.0112,-87.998,-87.9857,-87.9758,-87.9689
796,-88.1151,-88.0929,-88.0732,-88.0553,-88.0394,-88.025,-88.0114,-87.9981,-87.9859,-87.976,-87.9691
797,-88.1151,-88.0929,-88.0732,-88.0554,-88.0395,-88.0252,-88.0116,-87.9983,-87.9861,-87.9763,-87.9693
798,-88.1151,-88.0929,-88.0733,-88.0555,-88.0397,-88.0253,-88.0117,-87.9985,-87.9863,-87.9765,-87.9696
799,-88.1151,-88.093,-88.0733,-88.0555,-88.0398,-88.0254,-88.0119,-87.9987,-87.9865,-87.9767,-87.9698
800,-88.1151,-88.093,-88.0734,-88.0556,-88.0399,-88.0256,-88.012,-87.9989,-87.9867,-87.9769,-87.9701
801,-88.1151,-88.093,-88.0735,-88.0557,-88.04,-88.0257,-88.0122,-87.999,-87.9869,-87.9772,-87.9703
802,-88.1151,-88.0931,-88.0735,-88.0558,-88.0401,-88.0258,-88.0123,-87.9992,-87.9871,-87.9774,-87.9705
803,-88.1151,-88.0931,-88.0736,-88.0559,-88.0402,-88.026,-88.0125,-87.9994,-87.9873,-87.9776,-87.9708
804,-88.1151,-88.0932,-88.0737,-88.056,-88.0403,-88.0261,-88.0126,-87.9996,-87.9875,-87.9778,-87.971
805,-88.1151,-88.0932,-88.0737,-88.0561,-88.0404,-88.0262,-88.0128,-87.9997,-87.9877,-87.978,-87.9713
806,-88.1151,-88.0932,-88.0738,-88.0562,-88.0405,-88.0264,-88.0129,-87.9999,-87.9879,-87.9783,-87.9715
807,-88.1151,-88.0933,-88.0738,-88.0562,-88.0407,-88.0265,-88.0131,-88.0001,-87.9881,-87.9785,-87.9717
808,-88.1151,-88.0933,-88.0739,-88.0563,-88.0408,-88.0266,-88.0132,-88.0003,-87.9883,-87.9787,-87.972
809,-88.1151,-88.0933,-88.074,-88.0564,-88.0409,-88.0268,-88.0134,-88.0004,-87.9885,-87.9789,-87.9722
810,-88.1151,-88.0934,-88.074,-88.0565,-88.041,-88.0269,-88.0135,-88.0006,-87.9887,-87.9791,-87.9724
811,-88.1151,-88.0934,-88.0741,-88.0566,-88.0411,-88.027,-88.0137,-88.0008,-87.9888,-87.9793,-87.9726
812,-88.1151,-88.0934,-88.0741,-88.0567,-88.0412,-88.0271,-88.0138,-88.0009,-87.989,-87.9795,-87.9729
813,-88.1151,-88.0935,-88.0742,-88.0567,-88.0413,-88.0273,-88.014,-88.0011,-87.9892,-87.9797,-87.9731
814,-88.1151,-88.0935,-88.0743,-88.0568,-88.0414,-88.0274,-88.0141,-88.0013,-87.9894,-87.98,-87.9733
815,-88.1151,-88.0935,-88.0743,-88.0569,-88.0415,-88.0275,-88.0143,-88.0014,-87.9896,-87.9802,-87.9736
816,-88.1151,-88.0936,-88.0744,-88.057,-88.0416,-88.0276,-88.0144,-88.0016,-87.9898,-87.9804,-87.9738
817,-88.1151,-88.0936,-88.0744,-88.0571,-88.0417,-88.0278,-88.0146,-88.0018,-87.99,-87.9806,-87.974
818,-88.1151,-88.0937,-88.0745,-88.0572,-88.0418,-88.0279,-88.0147,-88.0019,-87.9902,-87.9808,-87.9742
819,-88.1151,-88.0937,-88.0746,-88.0572,-88.0419,-88.028,-88.0149,-88.0021,-87.9904,-87.981,-87.9744
820,-88.1151,-88.0937,-88.0746,-88.0573,-88.042,-88.0281,-88.015,-88.0023,-87.9905,-87.9812,-87.9747
821,-88.1151,-88.0938,-88.0747,-88.0574,-88.0421,-88.0283,-88.0151,-88.0024,-87.9907,-87.9814,-87.9749
822,-88.1151,-88.0938,-88.0747,-88.0575,-88.0422,-88.0284,-88.0153,-88.0026,-87.9909,-87.9816,-87.9751
823,-88.1151,-88.0938,-88.0748,-88.0576,-88.0423,-88.0285,-88.0154,-88.0028,-87.9911,-87.9818,-87.9753
824,-88.1151,-88.0939,-88.0749,-88.0576,-88.0424,-88.0286,-88.0156,-88.0029,-87.9913,-87.982,-87.9755
825,-88.1151,-88.0939,-88.0749,-88.0577,-88.0425,-88.0287,-88.0157,-88.0031,-87.9915,-87.9822,-87.9758
826,-88.1151,-88.0939,-88.075,-88.0578,-88.0426,-88.0289,-88.0158,-88.0032,-87.9916,-87.9824,-87.976
827,-88.1151,-88.094,-88.075,-88.0579,-88.0427,-88.029,-88.016,-88.0034,-87.9918,-87.9826,-87.9762
828,-88.1151,-88.094,-88.0751,-88.058,-88.0428,-88.0291,-88.0161,-88.0036,-87.992,-87.9828,-87.9764
829,-88.1151,-88.094,-88.0751,-88.058,-88.0429,-88.0292,-88.0163,-88.0037,-87.9922,-87.983,-87.9766
830,-88.1151,-88.0941,-88.0752,-88.0581,-88.043,-88.0293,-88.0164,-88.0039,-87.9923,-87.9832,-87.9768
831,-88.1151,-88.0941,-88.0752,-88.0582,-88.0431,-88.0295,-88.0165,-88.004,-87.9925,-87.9834,-87.977
832,-88.1151,-88.0941,-88.0753,-88.0583,-88.0432,-88.0296,-88.0167,-88.0042,-87.9927,-87.9836,-87.9772
833,-88.1151,-88.0942,-88.0754,-88.0584,-88.0433,-88.0297,-88.0168,-88.0043,-87.9929,-87.9838,-87.9774
834,-88.1151,-88.0942,-88.0754,-88.0584,-88.0434,-88.0298,-88.0169,-88.0045,-87.993,-87.984,-87.9776
835,-88.1151,-88.0942,-88.0755,-88.0585,-88.0435,-88.0299,-88.0171,-88.0046,-87.9932,-87.9841,-87.9779
836,-88.1151,-88.0943,-88.0755,-88.0586,-88.0436,-88.03,-88.0172,-88.0048,-87.9934,-87.9843,-87.9781
837,-88.1151,-88.0943,-88.0756,-88.0587,-88.0437,-88.0302,-88.0173,-88.0049,-87.9936,-87.9845,-87.9783
838,-88.1151,-88.0943,-88.0756,-88.0587,-88.0438,-88.0303,-88.0175,-88.0051,-87.9937,-87.9847,-87.9785
839,-88.1151,-88.0944,-88.0757,-88.0588,-88.0439,-88.0304,-88.0176,-88.0053,-87.9939,-87.9849,-87.9787
840,-88.1151,-88.0944,-88.0757,-88.0589,-88.044,-88.0305,-88.0177,-88.0054,-87.9941,-87.9851,-87.9789
841,-88.1151,-88.0944,-88.0758,-88.059,-88.0441,-88.0306,-88.0179,-88.0056,-87.9942,-87.9853,-87.9791
842,-88.1151,-88.0945,-88.0759,-88.059,-88.0442,-88.0307,-88.018,-88.0057,-87.9944,-87.9855,-87.9793
843,-88.1151,-88.0945,-88.0759,-88.0591,-88.0443,-88.0308,-88.0181,-88.0059,-87.9946,-87.9856,-87.9795
844,-88.1151,-88.0945,-88.076,-88.0592,-88.0444,-88.031,-88.0183,-88.006,-87.9947,-87.9858,-87.9797
845,-88.1151,-88.0946,-88.076,-88.0593,-88.0445,-88.0311,-88.0184,-88.0061,-87.9949,-87.986,-87.9799
846,-88.1151,-88.0946,-88.0761,-88.0593,-88.0446,-88.0312,-88.0185,-88.0063,-87.9951,-87.9862,-87.9801
847,-88.1151,-88.0946,-88.0761,-88.0594,-88.0447,-88.0313,-88.0187,-88.0064,-87.9952,-87.9864,-87.9803
848,-88.1151,-88.0946,-88.0762,-88.0595,-88.0448,-88.0314,-88.0188,-88.0066,-87.9954,-87.9866,-87.9804
849,-88.1151,-88.0947,-88.0762,-88.0596,-88.0449,-88.0315,-88.0189,-88.0067,-87.9956,-87.9867,-87.9806
850,-88.1151,-88.0947,-88.0763,-88.0596,-88.0449,-88.0316,-88.019,-88.0069,-87.9957,-87.9869,-87.9808
851,-88.1151,-88.0947,-88.0763,-88.0597,-88.045,-88.0317,-88.0192,-88.007,-87.9959,-87.9871,-87.981
852,-88.1151,-88.0948,-88.0764,-88.0598,-88.0451,-88.0318,-88.0193,-88.0072,-87.9961,-87.9873,-87.9812
853,-88.1151,-88.0948,-88.0764,-88.0599,-88.0452,-88.0319,-88.0194,-88.0073,-87.9962,-87.9874,-87.9814
854,-88.1151,-88.0948,-88.0765,-88.0599,-88.0453,-88.0321,-88.0195,-88.0074,-87.9964,-87.9876,-87.9816
855,-88.1151,-88.0949,-88.0765,-88.06,-88.0454,-88.0322,-88.0197,-88.0076,-87.9965,-87.9878,-87.9818
856,-88.1151,-88.0949,-88.0766,-88.0601,-88.0455,-88.0323,-88.0198,-88.0077,-87.9967,-87.988,-87.982
857,-88.1151,-88.0949,-88.0766,-88.0601,-88.0456,-88.0324,-88.0199,-88.0079,-87.9968,-87.9881,-87.9822
858,-88.1151,-88.095,-88.0767,-88.0602,-88.0457,-88.0325,-88.02,-88.008,-87.997,-87.9883,-87.9823
859,-88.1151,-88.095,-88.0768,-88.0603,-88.0458,-88.0326,-88.0202,-88.0081,-87.9972,-87.9885,-87.9825
860,-88.1151,-88.095,-88.0768,-88.0604,-88.0458,-88.0327,-88.0203,-88.0083,-87.9973,-87.9887,-87.9827
861,-88.1151,-88.095,-88.0769,-88.0604,-88.0459,-88.0328,-88.0204,-88.0084,-87.9975,-87.9888,-87.9829
862,-88.1151,-88.0951,-88.0769,-88.0605,-88.046,-88.0329,-88.0205,-88.0086,-87.9976,-87.989,-87.9831
863,-88.1151,-88.0951,-88.077,-88.0606,-88.0461,-88.033,-88.0206,-88.0087,-87.9978,-87.9892,-87.9833
864,-88.1151,-88.0951,-88.077,-88.0606,-88.0462,-88.0331,-88.0208,-88.0088,-87.9979,-87.9893,-87.9834
865,-88.1151,-88.0952,-88.0771,-88.0607,-88.0463,-88.0332,-88.0209,-88.009,-87.9981,-87.9895,-87.9836
866,-88.1151,-88.0952,-88.0771,-88.0608,-88.0464,-88.0333,-88.021,-88.0091,-87.9982,-87.9897,-87.9838
867,-88.1151,-88.0952,-88.0772,-88.0608,-88.0465,-88.0334,-88.0211,-88.0092,-87.9984,-87.9898,-87.984
868,-88.1151,-88.0953,-88.0772,-88.0609,-88.0465,-88.0335,-88.0212,-88.0094,-87.9985,-87.99,-87.9842
869,-88.1151,-88.0953,-88.0773,-88.061,-88.0466,-88.0336,-88.0213,-88.0095,-87.9987,-87.9902,-87.9843
870,-88.1151,-88.0953,-88.0773,-88.0611,-88.0467,-88.0337,-88.0215,-88.0096,-87.9988,-87.9903,-87.9845
871,-88.1151,-88.0953,-88.0774,-88.0611,-88.0468,-88.0338,-88.0216,-88.0098,-87.999,-87.9905,-87.9847
872,-88.1151,-88.0954,-88.0774,-88.0612,-88.0469,-88.0339,-88.0217,-88.0099,-87.9991,-87.9907,-87.9849
873,-88.1151,-88.0954,-88.0775,-88.0613,-88.047,-88.034,-88.0218,-88.01,-87.9993,-87.9908,-87.985
874,-88.1151,-88.0954,-88.0775,-88.0613,-88.0471,-88.0341,-88.0219,-88.0102,-87.9994,-87.991,-87.9852
875,-88.1151,-88.0955,-88.0775,-88.0614,-88.0471,-88.0342,-88.022,-88.0103,-87.9996,-87.9911,-87.9854
876,-88.1151,-88.0955,-88.0776,-88.0615,-88.0472,-88.0343,-88.0222,-88.0104,-87.9997,-87.9913,-87.9855
877,-88.1151,-88.0955,-88.0776,-88.0615,-88.0473,-88.0344,-88.0223,-88.0106,-87.9999,-87.9915,-87.9857
878,-88.1151,-88.0956,-88.0777,-88.0616,-88.0474,-88.0345,-88.0224,-88.0107,-88,-87.9916,-87.9859
879,-88.1151,-88.0956,-88.0777,-88.0617,-88.0475,-88.0346,-88.0225,-88.0108,-88.0001,-87.9918,-87.9861
880,-88.1151,-88.0956,-88.0778,-88.0617,-88.0475,-88.0347,-88.0226,-88.0109,-88.0003,-87.9919,-87.9862
881,-88.1151,-88.0956,-88.0778,-88.0618,-88.0476,-88.0348,-88.0227,-88.0111,-88.0004,-87.9921,-87.9864
882,-88.1151,-88.0957,-88.0779,-88.0619,-88.0477,-88.0349,-88.0228,-88.0112,-88.0006,-87.9922,-87.9866
883,-88.1151,-88.0957,-88.0779,-88.0619,-88.0478,-88.035,-88.0229,-88.0113,-88.0007,-87.9924,-87.9867
884,-88.1151,-88.0957,-88.078,-88.062,-88.0479,-88.0351,-88.0231,-88.0114,-88.0009,-87.9925,-87.9869
885,-88.1151,-88.0958,-88.078,-88.062,-88.048,-88.0352,-88.0232,-88.0116,-88.001,-87.9927,-87.9871
886,-88.1151,-88.0958,-88.0781,-88.0621,-88.048,-88.0353,-88.0233,-88.0117,-88.0011,-87.9929,-87.9872
887,-88.1151,-88.0958,-88.0781,-88.0622,-88.0481,-88.0354,-88.0234,-88.0118,-88.0013,-87.993,-87.9874
888,-88.1151,-88.0958,-88.0782,-88.0622,-88.0482,-88.0355,-88.0235,-88.0119,-88.0014,-87.9932,-87.9875
889,-88.1151,-88.0959,-88.0782,-88.0623,-88.0483,-88.0356,-88.0236,-88.0121,-88.0015,-87.9933,-87.9877
890,-88.1151,-88.0959,-88.0783,-88.0624,-88.0484,-88.0357,-88.0237,-88.0122,-88.0017,-87.9935,-87.9879
891,-88.1151,-88.0959,-88.0783,-88.0624,-88.0484,-88.0358,-88.0238,-88.0123,-88.0018,-87.9936,-87.988
892,-88.1151,-88.0959,-88.0784,-88.0625,-88.0485,-88.0359,-88.0239,-88.0124,-88.002,-87.9938,-87.9882
893,-88.1151,-88.096,-88.0784,-88.0626,-88.0486,-88.0359,-88.024,-88.0125,-88.0021,-87.9939,-87.9883
894,-88.1151,-88.096,-88.0784,-88.0626,-88.0487,-88.036,-88.0241,-88.0127,-88.0022,-87.9941,-87.9885
895,-88.1151,-88.096,-88.0785,-88.0627,-88.0487,-88.0361,-88.0242,-88.0128,-88.0024,-87.9942,-87.9887
896,-88.1151,-88.0961,-88.0785,-88.0627,-88.0488,-88.0362,-88.0243,-88.0129,-88.0025,-87.9943,-87.9888
897,-88.1151,-88.0961,-88.0786,-88.0628,-88.0489,-88.0363,-88.0244,-88.013,-88.0026,-87.9945,-87.989
898,-88.1151,-88.0961,-88.0786,-88.0629,-88.049,-88.0364,-88.0246,-88.0131,-88.0028,-87.9946,-87.9891
899,-88.1151,-88.0961,-88.0787,-88.0629,-88.0491,-88.0365,-88.0247,-88.0133,-88.0029,-87.9948,-87.9893
900,-88.1151,-88.0962,-88.0787,-88.063,-88.0491,-88.0366,-88.0248,-88.0134,-88.003,-87.9949,-87.9894
901,-88.1151,-88.0962,-88.0788,-88.0631,-88.0492,-88.0367,-88.0249,-88.0135,-88.0032,-87.9951,-87.9896
902,-88.1151,-88.0962,-88.0788,-88.0631,-88.0493,-88.0368,-88.025,-88.0136,-88.0033,-87.9952,-87.9897
903,-88.1151,-88.0962,-88.0788,-88.0632,-88.0494,-88.0369,-88.0251,-88.0137,-88.0034,-87.9954,-87.9899
904,-88.1151,-88.0963,-88.0789,-88.0632,-88.0494,-88.0369,-88.0252,-88.0138,-88.0035,-87.9955,-87.9901
905,-88.1151,-88.0963,-88.0789,-88.0633,-88.0495,-88.037,-88.0253,-88.014,-88.0037,-87.9956,-87.9902
906,-88.1151,-88.0963,-88.079,-88.0634,-88.0496,-88.0371,-88.0254,-88.0141,-88.0038,-87.9958,-87.9904
907,-88.1151,-88.0963,-88.079,-88.0634,-88.0497,-88.0372,-88.0255,-88.0142,-88.0039,-87.9959,-87.9905
908,-88.1151,-88.0964,-88.0791,-88.0635,-88.0497,-88.0373,-88.0256,-88.0143,-88.004,-87.9961,-87.9907
909,-88.1151,-88.0964,-88.0791,-88.0635,-88.0498,-88.0374,-88.0257,-88.0144,-88.0042,-87.9962,-87.9908
910,-88.1151,-88.0964,-88.0791,-88.0636,-88.0499,-88.0375,-88.0258,-88.0145,-88.0043,-87.9963,-87.9909
911,-88.1151,-88.0965,-88.0792,-88.0636,-88.0499,-88.0376,-88.0259,-88.0146,-88.0044,-87.9965,-87.9911
912,-88.1151,-88.0965,-88.0792,-88.0637,-88.05,-88.0376,-88.026,-88.0147,-88.0046,-87.9966,-87.9912
913,-88.1151,-88.0965,-88.0793,-88.0638,-88.0501,-88.0377,-88.0261,-88.0149,-88.0047,-87.9967,-87.9914
914,-88.1151,-88.0965,-88.0793,-88.0638,-88.0502,-88.0378,-88.0262,-88.015,-88.0048,-87.9969,-87.9915
915,-88.1151,-88.0966,-88.0794,-88.0639,-88.0502,-88.0379,-88.0263,-88.0151,-88.0049,-87.997,-87.9917
916,-88.1151,-88.0966,-88.0794,-88.0639,-88.0503,-88.038,-88.0264,-88.0152,-88.005,-87.9971,-87.9918
917,-88.1151,-88.0966,-88.0794,-88.064,-88.0504,-88.0381,-88.0265,-88.0153,-88.0052,-87.9973,-87.992
918,-88.1151,-88.0966,-88.0795,-88.0641,-88.0505,-88.0381,-88.0266,-88.0154,-88.0053,-87.9974,-87.9921
919,-88.1151,-88.0967,-88.0795,-88.0641,-88.0505,-88.0382,-88.0266,-88.0155,-88.0054,-87.9975,-87.9922
920,-88.1151,-88.0967,-88.0796,-88.0642,-88.0506,-88.0383,-88.0267,-88.0156,-88.0055,-87.9977,-87.9924
921,-88.1151,-88.0967,-88.0796,-88.0642,-88.0507,-88.0384,-88.0268,-88.0157,-88.0057,-87.9978,-87.9925
922,-88.1151,-88.0967,-88.0797,-88.0643,-88.0507,-88.0385,-88.0269,-88.0158,-88.0058,-87.9979,-87.9927
923,-88.1151,-88.0968,-88.0797,-88.0643,-88.0508,-88.0386,-88.027,-88.0159,-88.0059,-87.9981,-87.9928
924,-88.1151,-88.0968,-88.0797,-88.0644,-88.0509,-88.0386,-88.0271,-88.0161,-88.006,-87.9982,-87.9929
925,-88.1151,-88.0968,-88.0798,-88.0645,-88.0509,-88.0387,-88.0272,-88.0162,-88.0061,-87.9983,-87.9931
926,-88.1151,-88.0968,-88.0798,-88.0645,-88.051,-88.0388,-88.0273,-88.0163,-88.0062,-87.9985,-87.9932
927,-88.1151,-88.0969,-88.0799,-88.0646,-88.0511,-88.0389,-88.0274,-88.0164,-88.0064,-87.9986,-87.9934
928,-88.1151,-88.0969,-88.0799,-88.0646,-88.0512,-88.039,-88.0275,-88.0165,-88.0065,-87.9987,-87.9935
929,-88.1151,-88.0969,-88.0799,-88.0647,-88.0512,-88.0391,-88.0276,-88.0166,-88.0066,-87.9988,-87.9936
930,-88.1151,-88.0969,-88.08,-88.0647,-88.0513,-88.0391,-88.0277,-88.0167,-88.0067,-87.999,-87.9938
931,-88.1151,-88.097,-88.08,-88.0648,-88.0514,-88.0392,-88.0278,-88.0168,-88.0068,-87.9991,-87.9939
932,-88.1151,-88.097,-88.0801,-88.0648,-88.0514,-88.0393,-88.0279,-88.0169,-88.0069,-87.9992,-87.994
933,-88.1151,-88.097,-88.0801,-88.0649,-88.0515,-88.0394,-88.028,-88.017,-88.0071,-87.9993,-87.9942
934,-88.1151,-88.097,-88.0801,-88.0649,-88.0516,-88.0395,-88.028,-88.0171,-88.0072,-87.9995,-87.9943
935,-88.1151,-88.0971,-88.0802,-88.065,-88.0516,-88.0395,-88.0281,-88.0172,-88.0073,-87.9996,-87.9944
936,-88.1151,-88.0971,-88.0802,-88.0651,-88.0517,-88.0396,-88.0282,-88.0173,-88.0074,-87.9997,-87.9946
937,-88.1151,-88.0971,-88.0803,-88.0651,-88.0518,-88.0397,-88.0283,-88.0174,-88.0075,-87.9998,-87.9947
938,-88.1151,-88.0971,-88.0803,-88.0652,-88.0518,-88.0398,-88.0284,-88.0175,-88.0076,-88,-87.9948
939,-88.1151,-88.0971,-88.0803,-88.0652,-88.0519,-88.0398,-88.0285,-88.0176,-88.0077,-88.0001,-87.995
940,-88.1151,-88.0972,-88.0804,-88.0653,-88.052,-88.0399,-88.0286,-88.0177,-88.0078,-88.0002,-87.9951
941,-88.1151,-88.0972,-88.0804,-88.0653,-88.052,-88.04,-88.0287,-88.0178,-88.0079,-88.0003,-87.9952
942,-88.1151,-88.0972,-88.0805,-88.0654,-88.0521,-88.0401,-88.0288,-88.0179,-88.0081,-88.0004,-87.9953
943,-88.1151,-88.0972,-88.0805,-88.0654,-88.0522,-88.0401,-88.0288,-88.018,-88.0082,-88.0006,-87.9955
944,-88.1151,-88.0973,-88.0805,-88.0655,-88.0522,-88.0402,-88.0289,-88.0181,-88.0083,-88.0007,-87.9956
945,-88.1151,-88.0973,-88.0806,-88.0655,-88.0523,-88.0403,-88.029,-88.0182,-88.0084,-88.0008,-87.9957
946,-88.1151,-88.0973,-88.0806,-88.0656,-88.0523,-88.0404,-88.0291,-88.0183,-88.0085,-88.0009,-87.9959
947,-88.1151,-88.0973,-88.0806,-88.0656,-88.0524,-88.0405,-88.0292,-88.0184,-88.0086,-88.001,-87.996
948,-88.1151,-88.0974,-88.0807,-88.0657,-88.0525,-88.0405,-88.0293,-88.0185,-88.0087,-88.0011,-87.9961
949,-88.1151,-88.0974,-88.0807,-88.0657,-88.0525,-88.0406,-88.0294,-88.0186,-88.0088,-88.0013,-87.9962
950,-88.1151,-88.0974,-88.0808,-88.0658,-88.0526,-88.0407,-88.0294,-88.0187,-88.0089,-88.0014,-87.9964
951,-88.1151,-88.0974,-88.0808,-88.0658,-88.0527,-88.0407,-88.0295,-88.0188,-88.009,-88.0015,-87.9965
952,-88.1151,-88.0975,-88.0808,-88.0659,-88.0527,-88.0408,-88.0296,-88.0189,-88.0091,-88.0016,-87.9966
953,-88.1151,-88.0975,-88.0809,-88.0659,-88.0528,-88.0409,-88.0297,-88.019,-88.0092,-88.0017,-87.9967
954,-88.1151,-88.0975,-88.0809,-88.066,-88.0529,-88.041,-88.0298,-88.019,-88.0093,-88.0018,-87.9968
955,-88.1151,-88.0975,-88.0809,-88.066,-88.0529,-88.041,-88.0299,-88.0191,-88.0094,-88.002,-87.997
956,-88.1151,-88.0975,-88.081,-88.0661,-88.053,-88.0411,-88.0299,-88.0192,-88.0095,-88.0021,-87.9971
957,-88.1151,-88.0976,-88.081,-88.0661,-88.053,-88.0412,-88.03,-88.0193,-88.0097,-88.0022,-87.9972
958,-88.1151,-88.0976,-88.0811,-88.0662,-88.0531,-88.0413,-88.0301,-88.0194,-88.0098,-88.0023,-87.9973
959,-88.1151,-88.0976,-88.0811,-88.0662,-88.0532,-88.0413,-88.0302,-88.0195,-88.0099,-88.0024,-87.9974
960,-88.1151,-88.0976,-88.0811,-88.0663,-88.0532,-88.0414,-88.0303,-88.0196,-88.01,-88.0025,-87.9976
961,-88.1151,-88.0977,-88.0812,-88.0663,-88.0533,-88.0415,-88.0304,-88.0197,-88.0101,-88.0026,-87.9977
962,-88.1151,-88.0977,-88.0812,-88.0664,-88.0533,-88.0415,-88.0304,-88.0198,-88.0102,-88.0027,-87.9978
963,-88.1151,-88.0977,-88.0812,-88.0664,-88.0534,-88.0416,-88.0305,-88.0199,-88.0103,-88.0028,-87.9979
964,-88.1151,-88.0977,-88.0813,-88.0665,-88.0535,-88.0417,-88.0306,-88.02,-88.0104,-88.003,-87.998
965,-88.1151,-88.0977,-88.0813,-88.0665,-88.0535,-88.0418,-88.0307,-88.0201,-88.0105,-88.0031,-87.9981
966,-88.1151,-88.0978,-88.0814,-88.0666,-88.0536,-88.0418,-88.0308,-88.0201,-88.0106,-88.0032,-87.9983
967,-88.1151,-88.0978,-88.0814,-88.0666,-88.0536,-88.0419,-88.0308,-88.0202,-88.0107,-88.0033,-87.9984
968,-88.1151,-88.0978,-88.0814,-88.0667,-88.0537,-88.042,-88.0309,-88.0203,-88.0108,-88.0034,-87.9985
969,-88.1151,-88.0978,-88.0815,-88.0667,-88.0538,-88.042,-88.031,-88.0204,-88.0109,-88.0035,-87.9986
970,-88.1151,-88.0979,-88.0815,-88.0668,-88.0538,-88.0421,-88.0311,-88.0205,-88.011,-88.0036,-87.9987
971,-88.1151,-88.0979,-88.0815,-88.0668,-88.0539,-88.0422,-88.0312,-88.0206,-88.0111,-88.0037,-87.9988
972,-88.1151,-88.0979,-88.0816,-88.0669,-88.0539,-88.0422,-88.0312,-88.0207,-88.0111,-88.0038,-87.9989
973,-88.1151,-88.0979,-88.0816,-88.0669,-88.054,-88.0423,-88.0313,-88.0208,-88.0112,-88.0039,-87.9991
974,-88.1151,-88.0979,-88.0816,-88.067,-88.0541,-88.0424,-88.0314,-88.0209,-88.0113,-88.004,-87.9992
975,-88.1151,-88.098,-88.0817,-88.067,-88.0541,-88.0424,-88.0315,-88.0209,-88.0114,-88.0041,-87.9993
976,-88.1151,-88.098,-88.0817,-88.0671,-88.0542,-88.0425,-88.0315,-88.021,-88.0115,-88.0042,-87.9994
977,-88.1151,-88.098,-88.0817,-88.0671,-88.0542,-88.0426,-88.0316,-88.0211,-88.0116,-88.0043,-87.9995
978,-88.1151,-88.098,-88.0818,-88.0672,-88.0543,-88.0426,-88.0317,-88.0212,-88.0117,-88.0044,-87.9996
979,-88.1151,-88.098,-88.0818,-88.0672,-88.0543,-88.0427,-88.0318,-88.0213,-88.0118,-88.0045,-87.9997
980,-88.1151,-88.0981,-88.0818,-88.0673,-88.0544,-88.0428,-88.0318,-88.0214,-88.0119,-88.0046,-87.9998
981,-88.1151,-88.0981,-88.0819,-88.0673,-88.0545,-88.0428,-88.0319,-88.0214,-88.012,-88.0047,-87.9999
982,-88.1151,-88.0981,-88.0819,-88.0673,-88.0545,-88.0429,-88.032,-88.0215,-88.0121,-88.0048,-88
983,-88.1151,-88.0981,-88.0819,-88.0674,-88.0546,-88.043,-88.0321,-88.0216,-88.0122,-88.0049,-88.0002
984,-88.1151,-88.0981,-88.082,-88.0674,-88.0546,-88.043,-88.0321,-88.0217,-88.0123,-88.005,-88.0003
985,-88.1151,-88.0982,-88.082,-88.0675,-88.0547,-88.0431,-88.0322,-88.0218,-88.0124,-88.0051,-88.0004
986,-88.1151,-88.0982,-88.082,-88.0675,-88.0547,-88.0432,-88.0323,-88.0219,-88.0125,-88.0052,-88.0005
987,-88.1151,-88.0982,-88.0821,-88.0676,-88.0548,-88.0432,-88.0324,-88.0219,-88.0126,-88.0053,-88.0006
988,-88.1151,-88.0982,-88.0821,-88.0676,-88.0548,-88.0433,-88.0324,-88.022,-88.0126,-88.0054,-88.0007
989,-88.1151,-88.0983,-88.0821,-88.0677,-88.0549,-88.0434,-88.0325,-88.0221,-88.0127,-88.0055,-88.0008
990,-88.1151,-88.0983,-88.0822,-88.0677,-88.055,-88.0434,-88.0326,-88.0222,-88.0128,-88.0056,-88.0009
991,-88.1151,-88.0983,-88.0822,-88.0677,-88.055,-88.0435,-88.0327,-88.0223,-88.0129,-88.0057,-88.001
992,-88.1151,-88.0983,-88.0822,-88.0678,-88.0551,-88.0436,-88.0327,-88.0224,-88.013,-88.0058,-88.0011
993,-88.1151,-88.0983,-88.0823,-88.0678,-88.0551,-88.0436,-88.0328,-88.0224,-88.0131,-88.0059,-88.0012
994,-88.1151,-88.0984,-88.0823,-88.0679,-88.0552,-88.0437,-88.0329,-88.0225,-88.0132,-88.006,-88.0013
995,-88.1151,-88.0984,-88.0823,-88.0679,-88.0552,-88.0437,-88.0329,-88.0226,-88.0133,-88.0061,-88.0014
996,-88.1151,-88.0984,-88.0824,-88.068,-88.0553,-88.0438,-88.033,-88.0227,-88.0134,-88.0062,-88.0015
997,-88.1151,-88.0984,-88.0824,-88.068,-88.0553,-88.0439,-88.0331,-88.0227,-88.0134,-88.0063,-88.0016
998,-88.1151,-88.0984,-88.0824,-88.0681,-88.0554,-88.0439,-88.0331,-88.0228,-88.0135,-88.0064,-88.0017
999,-88.1151,-88.0985,-88.0825,-88.0681,-88.0554,-88.044,-88.0332,-88.0229,-88.0136,-88.0065,-88.0018
1000,-88.1151,-88.0985,-88.0825,-88.0681,-88.0555,-88.0441,-88.0333,-88.023,-88.0137,-88.0066,-88.0019
