0,-88.2653,-88.0588,-88.0142,-88.0294,-88.0253,-88.0203,-88.0155,-88.0112,-88.0075,-88.0044,-88.0019
1,-88.2653,-88.0588,-88.0143,-88.0295,-88.0254,-88.0204,-88.0156,-88.0113,-88.0076,-88.0045,-88.002
2,-88.2653,-88.0588,-88.0144,-88.0296,-88.0255,-88.0205,-88.0157,-88.0114,-88.0077,-88.0046,-88.0021
3,-88.2653,-88.0588,-88.0145,-88.0297,-88.0256,-88.0206,-88.0158,-88.0115,-88.0078,-88.0047,-88.0022
4,-88.2653,-88.0588,-88.0146,-88.0298,-88.0258,-88.0207,-88.0159,-88.0116,-88.0079,-88.0048,-88.0023
5,-88.2653,-88.0589,-88.0147,-88.0299,-88.0259,-88.0208,-88.016,-88.0117,-88.008,-88.0049,-88.0024
6,-88.2653,-88.0589,-88.0148,-88.0301,-88.026,-88.0209,-88.0161,-88.0118,-88.0081,-88.0049,-88.0025
7,-88.2653,-88.0589,-88.0149,-88.0302,-88.0261,-88.021,-88.0162,-88.0119,-88.0082,-88.005,-88.0026
8,-88.2653,-88.0589,-88.0151,-88.0303,-88.0262,-88.0211,-88.0163,-88.012,-88.0083,-88.0051,-88.0027
9,-88.2653,-88.059,-88.0152,-88.0304,-88.0263,-88.0212,-88.0164,-88.0121,-88.0084,-88.0052,-88.0028
10,-88.2649,-88.0586,-88.0149,-88.0301,-88.026,-88.0209,-88.0161,-88.0118,-88.0081,-88.0049,-88.0025
11,-48.5902,-47.745,-47.0879,-46.3145,-45.4731,-44.5673,-43.6002,-42.5479,-41.4274,-40.2163,-38.8868
12,-48.649,-43.9591,-36.6117,-20.0597,3.24761,14.4496,19.9169,23.9839,27.3256,30.174,32.6619
13,-48.6999,-39.578,-15.4178,5.15021,15.5671,21.9039,26.4026,29.912,32.7908,35.2406,37.3792
14,-48.753,-36.0799,-8.84473,12.5835,21.5112,26.5605,30.1645,33.0123,35.3772,37.4101,39.1986
15,-48.809,-34.103,-4.8577,18.6139,25.5282,29.473,32.3574,34.6806,36.6392,38.343,39.8565
16,-48.8675,-33.1443,0.450376,22.8875,28.203,31.3276,33.6739,35.6001,37.2482,38.6989,40.0005
17,-48.9287,-32.6122,6.76722,25.8633,30.0133,32.5365,34.4802,36.1045,37.5131,38.7673,39.9032
18,-48.9924,-32.238,12.751,27.9582,31.2658,33.3435,34.9819,36.3723,37.5929,38.6912,39.695
19,-49.0587,-31.929,17.5548,29.4708,32.1638,33.905,35.3057,36.5104,37.5792,38.5503,39.4456
20,-49.1277,-31.6529,21.1884,30.6092,32.8435,34.3224,35.5324,36.5847,37.5271,38.391,39.1941
21,-49.1994,-31.3964,23.9352,31.5094,33.3901,34.6579,35.7098,36.6336,37.4678,38.2389,38.9616
22,-49.2739,-31.1522,26.0586,32.2538,33.8526,34.9456,35.8636,36.6766,37.4164,38.1056,38.7567
23,-49.3513,-30.9155,27.747,32.8896,34.2578,35.2029,36.0055,36.7217,37.3781,37.9943,38.581
24,-49.4316,-30.683,29.1242,33.4441,34.6193,35.4378,36.1397,36.7706,37.3529,37.9036,38.4319
25,-49.5149,-30.4522,30.2711,33.9331,34.9444,35.6531,36.2667,36.8221,37.3381,37.8298,38.3052
26,-49.6014,-30.2214,31.2409,34.3663,35.2369,35.8497,36.3853,36.8734,37.3301,37.7686,38.1959
27,-49.691,-29.9892,32.0698,34.7504,35.4989,36.0274,36.494,36.922,37.3254,37.7158,38.0994
28,-49.7839,-29.7545,32.7834,35.0902,35.732,36.1861,36.5911,36.9654,37.3209,37.6678,38.0115
29,-49.8802,-29.5168,33.4004,35.3892,35.9373,36.3255,36.6755,37.0016,37.3139,37.6215,37.9289
30,-49.9798,-29.2753,33.935,35.6507,36.116,36.4455,36.7464,37.0292,37.3024,37.5743,37.8487
31,-50.0831,-29.0298,34.3979,35.8773,36.2692,36.5465,36.8032,37.0469,37.2849,37.5243,37.7687
32,-50.1899,-28.7797,34.7981,36.0717,36.3983,36.6287,36.8457,37.0541,37.2601,37.47,37.6869
33,-50.3004,-28.5248,35.1428,36.236,36.5043,36.6927,36.8739,37.0504,37.2274,37.4104,37.6022
34,-50.4147,-28.2649,35.438,36.3723,36.5884,36.7392,36.8879,37.0355,37.1862,37.3447,37.5135
35,-50.5329,-27.9995,35.6888,36.4827,36.6521,36.7687,36.8882,37.0095,37.1362,37.2724,37.4201
36,-50.6551,-27.7286,35.8997,36.5691,36.6963,36.7822,36.8751,36.9725,37.0773,37.193,37.3214
37,-50.7814,-27.4519,36.0745,36.633,36.7223,36.7805,36.8492,36.9248,37.0096,37.1066,37.2172
38,-50.9118,-27.169,36.2167,36.6762,36.7312,36.7642,36.8109,36.8667,36.9331,37.0129,37.1072
39,-51.0465,-26.8798,36.3292,36.7002,36.7242,36.7343,36.7609,36.7985,36.8482,36.9122,36.9914
40,-51.1856,-26.5839,36.4147,36.7063,36.7021,36.6914,36.6997,36.7206,36.7549,36.8043,36.8697
41,-51.3291,-26.2809,36.4756,36.6959,36.6661,36.6363,36.6279,36.6335,36.6536,36.6897,36.7422
42,-51.4773,-25.9705,36.5141,36.67,36.6169,36.5698,36.546,36.5376,36.5446,36.5683,36.6089
43,-51.6301,-25.6524,36.532,36.6299,36.5556,36.4925,36.4545,36.4332,36.4282,36.4404,36.4701
44,-51.7877,-25.3261,36.5311,36.5765,36.4827,36.4051,36.3541,36.3208,36.3048,36.3064,36.3257
45,-51.9503,-24.9911,36.513,36.5108,36.3992,36.3082,36.2451,36.2009,36.1745,36.1663,36.1761
46,-52.1179,-24.6469,36.479,36.4336,36.3056,36.2023,36.1281,36.0737,36.0377,36.0204,36.0214
47,-52.2906,-24.2929,36.4304,36.3457,36.2026,36.0879,36.0035,35.9396,35.8948,35.869,35.8617
48,-52.4687,-23.9284,36.3684,36.2478,36.0909,35.9657,35.8718,35.799,35.746,35.7122,35.6973
49,-52.6521,-23.5528,36.294,36.1407,35.9709,35.8359,35.7332,35.6523,35.5916,35.5504,35.5283
50,-52.8411,-23.1653,36.2081,36.0248,35.8432,35.6992,35.5882,35.4997,35.4318,35.3838,35.3549
51,-53.0357,-22.7649,36.1117,35.9009,35.7082,35.5558,35.4372,35.3416,35.267,35.2124,35.1773
52,-53.2362,-22.3508,36.0054,35.7694,35.5664,35.4061,35.2804,35.1781,35.0973,35.0367,34.9956
53,-53.4427,-21.9218,35.89,35.6307,35.4182,35.2506,35.1181,35.0097,34.923,34.8567,34.81
54,-53.6553,-21.4768,35.7661,35.4854,35.2639,35.0895,34.9508,34.8365,34.7443,34.6726,34.6207
55,-53.8741,-21.0145,35.6343,35.3338,35.1039,34.9231,34.7785,34.6588,34.5614,34.4847,34.4279
56,-54.0994,-20.5334,35.4952,35.1763,34.9386,34.7517,34.6016,34.4767,34.3745,34.2931,34.2316
57,-54.3313,-20.0318,35.3492,35.0132,34.7682,34.5756,34.4203,34.2906,34.1838,34.0979,34.0321
58,-54.5699,-19.5079,35.1967,34.8449,34.5929,34.3951,34.2349,34.1006,33.9894,33.8994,33.8294
59,-54.8156,-18.9595,35.0383,34.6716,34.4131,34.2102,34.0454,33.9069,33.7916,33.6976,33.6237
60,-55.0684,-18.3843,34.8742,34.4937,34.2291,34.0214,33.8523,33.7096,33.5905,33.4927,33.4151
61,-55.3286,-17.7795,34.7047,34.3113,34.0409,33.8288,33.6555,33.509,33.3862,33.2849,33.2038
62,-55.5964,-17.1415,34.5303,34.1248,33.8488,33.6325,33.4553,33.3052,33.179,33.0743,32.9899
63,-55.872,-16.4666,34.3512,33.9343,33.6531,33.4327,33.2519,33.0983,32.9688,32.861,32.7735
64,-56.1556,-15.7497,34.1676,33.7401,33.4539,33.2297,33.0453,32.8885,32.756,32.6451,32.5546
65,-56.4476,-14.9847,33.9799,33.5422,33.2514,33.0235,32.8359,32.676,32.5405,32.4268,32.3335
66,-56.7481,-14.1639,33.7881,33.341,33.0457,32.8144,32.6236,32.4608,32.3225,32.2062,32.1102
67,-57.0574,-13.2771,33.5926,33.1366,32.837,32.6024,32.4086,32.2431,32.1022,31.9833,31.8849
68,-57.3759,-12.3112,33.3936,32.929,32.6254,32.3878,32.1911,32.0229,31.8796,31.7583,31.6575
69,-57.7038,-11.2483,33.1912,32.7186,32.4111,32.1705,31.9712,31.8006,31.6549,31.5313,31.4283
70,-58.0415,-10.0643,32.9856,32.5054,32.1942,31.9508,31.749,31.576,31.4281,31.3024,31.1973
71,-58.3893,-8.7267,32.777,32.2895,31.9748,31.7288,31.5246,31.3493,31.1994,31.0717,30.9647
72,-58.7477,-7.19173,32.5654,32.0711,31.7531,31.5046,31.2981,31.1207,30.9688,30.8392,30.7304
73,-59.1169,-5.40389,32.3511,31.8502,31.5291,31.2782,31.0696,30.8903,30.7365,30.6052,30.4946
74,-59.4974,-3.30183,32.1342,31.6271,31.3029,31.0498,30.8391,30.658,30.5025,30.3695,30.2574
75,-59.8897,-0.841269,31.9148,31.4017,31.0747,30.8195,30.6069,30.4241,30.267,30.1325,30.0188
76,-60.2941,1.96104,31.6929,31.1742,30.8446,30.5874,30.373,30.1885,30.0299,29.894,29.779
77,-60.7113,4.99205,31.4689,30.9447,30.6126,30.3535,30.1374,29.9514,29.7915,29.6542,29.538
78,-61.1417,8.07072,31.2426,30.7133,30.3787,30.1179,29.9003,29.7129,29.5517,29.4132,29.2959
79,-61.5859,11.0274,31.0142,30.4801,30.1432,29.8808,29.6617,29.473,29.3106,29.1711,29.0527
80,-62.0444,13.7568,30.7839,30.245,29.9061,29.6421,29.4217,29.2319,29.0684,28.9279,28.8086
81,-62.5179,16.2174,30.5517,30.0083,29.6674,29.402,29.1804,28.9895,28.8251,28.6837,28.5636
82,-63.007,18.4078,30.3176,29.77,29.4272,29.1606,28.9379,28.7459,28.5807,28.4386,28.3178
83,-63.5124,20.3459,30.0818,29.5301,29.1857,28.9178,28.6941,28.5013,28.3353,28.1925,28.0712
84,-64.0347,22.0564,29.8443,29.2887,28.9427,28.6738,28.4492,28.2557,28.089,27.9457,27.8239
85,-64.5747,23.5648,29.6052,29.0459,28.6985,28.4287,28.2033,28.0091,27.8419,27.6981,27.576
86,-65.133,24.8952,29.3646,28.8018,28.453,28.1824,27.9563,27.7615,27.5939,27.4499,27.3274
87,-65.7104,26.069,29.1225,28.5563,28.2064,27.935,27.7084,27.5132,27.3453,27.201,27.0784
88,-66.3076,27.1052,28.879,28.3095,27.9586,27.6867,27.4595,27.264,27.0959,26.9515,26.8289
89,-66.9253,28.0199,28.6341,28.0616,27.7098,27.4373,27.2099,27.0141,26.8459,26.7015,26.5789
90,-67.5641,28.8273,28.3879,27.8125,27.4599,27.1871,26.9594,26.7635,26.5953,26.451,26.3286
91,-68.2246,29.5396,28.1405,27.5622,27.209,26.936,26.7081,26.5123,26.3441,26.2,26.0779
92,-68.9071,30.1672,27.8918,27.3109,26.9572,26.6841,26.4562,26.2604,26.0925,25.9487,25.827
93,-69.6121,30.7192,27.6419,27.0585,26.7045,26.4313,26.2035,26.008,25.8403,25.697,25.5758
94,-70.3395,31.2035,27.391,26.8052,26.4509,26.1779,25.9503,25.755,25.5878,25.4449,25.3243
95,-71.0892,31.627,27.1389,26.5508,26.1965,25.9237,25.6964,25.5015,25.3348,25.1926,25.0727
96,-71.8606,31.9957,26.8857,26.2956,25.9413,25.6688,25.4419,25.2476,25.0815,24.94,24.8209
97,-72.6527,32.3148,26.6316,26.0394,25.6853,25.4133,25.1869,24.9932,24.8279,24.6872,24.569
98,-73.4639,32.5892,26.3764,25.7823,25.4286,25.1571,24.9314,24.7384,24.5739,24.4342,24.317
99,-74.2921,32.8229,26.1203,25.5244,25.1711,24.9004,24.6754,24.4833,24.3197,24.1811,24.0649
100,-75.1343,33.0196,25.8632,25.2656,24.913,24.643,24.4189,24.2277,24.0652,23.9277,23.8127
101,-75.9868,33.1827,25.6052,25.0061,24.6541,24.3851,24.162,23.9719,23.8105,23.6742,23.5605
102,-76.8449,33.315,25.3463,24.7457,24.3947,24.1267,23.9047,23.7157,23.5556,23.4206,23.3082
103,-77.7031,33.4193,25.0865,24.4846,24.1346,23.8678,23.6469,23.4592,23.3005,23.1669,23.056
104,-78.5553,33.498,24.8259,24.2227,23.8738,23.6084,23.3888,23.2025,23.0451,22.9131,22.8036
105,-79.3944,33.5532,24.5645,23.9601,23.6125,23.3484,23.1303,22.9454,22.7896,22.6592,22.5513
106,-80.2134,33.5869,24.3022,23.6967,23.3505,23.088,22.8714,22.6881,22.534,22.4053,22.299
107,-81.0047,33.6008,24.0391,23.4326,23.088,22.8272,22.6122,22.4306,22.2782,22.1512,22.0466
108,-81.7615,33.5965,23.7752,23.1678,22.8249,22.5659,22.3526,22.1728,22.0222,21.8971,21.7943
109,-82.4775,33.5756,23.5105,22.9023,22.5613,22.3041,22.0927,21.9147,21.766,21.6429,21.5419
110,-83.1475,33.5393,23.245,22.6361,22.297,22.0419,21.8325,21.6564,21.5097,21.3886,21.2894
111,-83.7676,33.4888,22.9788,22.3692,22.0323,21.7793,21.5719,21.3979,21.2533,21.1342,21.037
112,-84.3354,33.4253,22.7118,22.1016,21.7669,21.5162,21.3109,21.1391,20.9967,20.8797,20.7844
113,-84.8501,33.3498,22.444,21.8333,21.501,21.2527,21.0497,20.8801,20.7399,20.6251,20.5319
114,-85.3121,33.2631,22.1755,21.5644,21.2346,20.9887,20.7881,20.6209,20.483,20.3705,20.2792
115,-85.7231,33.1661,21.9061,21.2947,20.9676,20.7243,20.5262,20.3614,20.2259,20.1156,20.0264
116,-86.0858,33.0596,21.6361,21.0244,20.7,20.4595,20.2639,20.1016,19.9685,19.8607,19.7735
117,-86.4034,32.9442,21.3652,20.7533,20.4319,20.1942,20.0013,19.8416,19.711,19.6056,19.5204
118,-86.6798,32.8208,21.0936,20.4816,20.1632,19.9284,19.7383,19.5813,19.4533,19.3503,19.2672
119,-86.919,32.6897,20.8212,20.2091,19.894,19.6622,19.4749,19.3207,19.1954,19.0948,19.0137
120,-87.1248,32.5517,20.5481,19.936,19.6241,19.3956,19.2112,19.0598,18.9371,18.8391,18.76
121,-87.3011,32.4071,20.2741,19.6621,19.3537,19.1284,18.9471,18.7985,18.6787,18.5831,18.5061
122,-87.4517,32.2565,19.9994,19.3875,19.0827,18.8608,18.6826,18.537,18.4199,18.3269,18.2518
123,-87.5798,32.1003,19.7238,19.1121,18.8111,18.5926,18.4176,18.2751,18.1609,18.0704,17.9972
124,-87.6884,31.9388,19.4475,18.8361,18.5388,18.324,18.1523,18.0128,17.9015,17.8135,17.7423
125,-87.7804,31.7725,19.1703,18.5592,18.2659,18.0548,17.8865,17.7502,17.6418,17.5563,17.4869
126,-87.8581,31.6018,18.8923,18.2816,17.9924,17.7851,17.6202,17.4872,17.3816,17.2987,17.2311
127,-87.9236,31.4268,18.6135,18.0032,17.7182,17.5148,17.3535,17.2237,17.1211,17.0407,16.9748
128,-87.9788,31.2479,18.3338,17.724,17.4434,17.244,17.0862,16.9598,16.8602,16.7822,16.718
129,-88.0252,31.0655,18.0532,17.4439,17.1679,16.9725,16.8185,16.6954,16.5988,16.5233,16.4606
130,-88.0642,30.8797,17.7717,17.1631,16.8916,16.7005,16.5502,16.4305,16.3369,16.2638,16.2026
131,-88.0969,30.6907,17.4893,16.8814,16.6146,16.4278,16.2813,16.1651,16.0745,16.0038,15.9439
132,-88.1244,30.4989,17.206,16.5988,16.3369,16.1545,16.0119,15.8992,15.8116,15.7432,15.6845
133,-88.1474,30.3043,16.9218,16.3154,16.0585,15.8805,15.7419,15.6326,15.548,15.4819,15.4243
134,-88.1667,30.1073,16.6366,16.031,15.7792,15.6058,15.4712,15.3655,15.2839,15.2199,15.1634
135,-88.1828,29.9079,16.3505,15.7458,15.4992,15.3305,15.1999,15.0978,15.0191,14.9573,14.9015
136,-88.1963,29.7064,16.0633,15.4596,15.2183,15.0543,14.9279,14.8294,14.7536,14.6938,14.6388
137,-88.2076,29.5029,15.7751,15.1724,14.9366,14.7775,14.6552,14.5602,14.4874,14.4295,14.3751
138,-88.2171,29.2975,15.4859,14.8842,14.654,14.4998,14.3818,14.2904,14.2204,14.1644,14.1103
139,-88.225,29.0904,15.1957,14.5951,14.3706,14.2213,14.1076,14.0198,13.9526,13.8984,13.8445
140,-88.2316,28.8816,14.9043,14.3049,14.0862,13.942,13.8326,13.7484,13.684,13.6314,13.5776
141,-88.2372,28.6714,14.6119,14.0136,13.8009,13.6619,13.5568,13.4762,13.4145,13.3634,13.3094
142,-88.2418,28.4598,14.3183,13.7213,13.5146,13.3809,13.2801,13.2032,13.1441,13.0944,13.04
143,-88.2457,28.2469,14.0235,13.4279,13.2274,13.0989,13.0026,12.9292,12.8727,12.8243,12.7693
144,-88.2489,28.0328,13.7276,13.1334,12.9391,12.816,12.7241,12.6543,12.6003,12.553,12.4972
145,-88.2516,27.8176,13.4305,12.8377,12.6498,12.5321,12.4447,12.3784,12.3268,12.2804,12.2236
146,-88.2539,27.6013,13.1321,12.5408,12.3594,12.2472,12.1642,12.1015,12.0522,12.0066,11.9485
147,-88.2558,27.384,12.8325,12.2427,12.0678,11.9612,11.8827,11.8235,11.7764,11.7314,11.6719
148,-88.2574,27.1659,12.5316,11.9433,11.7751,11.6742,11.6002,11.5443,11.4994,11.4548,11.3935
149,-88.2587,26.9468,12.2294,11.6426,11.4812,11.3859,11.3165,11.264,11.2211,11.1767,11.1134
150,-88.2598,26.727,11.9257,11.3406,11.1861,11.0965,11.0316,10.9824,10.9414,10.8971,10.8314
151,-88.2607,26.5064,11.6207,11.0372,10.8897,10.8059,10.7454,10.6995,10.6602,10.6158,10.5476
152,-88.2615,26.285,11.3142,10.7323,10.5919,10.5139,10.458,10.4153,10.3776,10.3329,10.2617
153,-88.2621,26.0629,11.0062,10.426,10.2928,10.2207,10.1692,10.1297,10.0935,10.0481,9.9738
154,-88.2627,25.8401,10.6966,10.1181,9.99219,9.926,9.87903,9.84252,9.80763,9.76144,9.68368
155,-88.2631,25.6167,10.3854,9.80871,9.69011,9.62986,9.58736,9.55381,9.52009,9.47283,9.39128
156,-88.2635,25.3926,10.0726,9.49761,9.38647,9.3322,9.29414,9.26347,9.23074,9.18217,9.09649
157,-88.2638,25.1679,9.75807,9.18481,9.0812,9.03295,8.9993,8.97141,8.9395,8.88936,8.79922
158,-88.2641,24.9426,9.44175,8.87023,8.77423,8.73203,8.70276,8.67755,8.64628,8.5943,8.49935
159,-88.2643,24.7166,9.12359,8.55379,8.46549,8.42937,8.40444,8.38179,8.35097,8.29688,8.19676
160,-88.2645,24.4901,8.80351,8.23542,8.1549,8.12487,8.10424,8.08405,8.05348,7.99698,7.89133
161,-88.2646,24.2629,8.48144,7.91503,7.84237,7.81846,7.80208,7.78421,7.75368,7.69448,7.58293
162,-88.2648,24.035,8.15729,7.59253,7.52779,7.51002,7.49785,7.48218,7.45148,7.38926,7.27142
163,-88.2649,23.8065,7.83097,7.26782,7.21108,7.19946,7.19143,7.17783,7.14673,7.08118,6.95666
164,-88.2649,23.5774,7.50239,6.94078,6.89212,6.88666,6.88272,6.87104,6.8393,6.7701,6.63848
165,-88.265,23.3476,7.17143,6.61131,6.57078,6.57149,6.57158,6.56168,6.52906,6.45586,6.31672
166,-88.2651,23.1171,6.83799,6.27927,6.24695,6.25384,6.25789,6.2496,6.21585,6.1383,5.99121
167,-88.2651,22.8859,6.50195,5.94452,5.92047,5.93355,5.94148,5.93465,5.89951,5.81725,5.66176
168,-88.2652,22.654,6.16316,5.60691,5.5912,5.61047,5.62221,5.61666,5.57985,5.49251,5.32816
169,-88.2652,22.4214,5.82149,5.26629,5.25898,5.28444,5.2999,5.29546,5.2567,5.16389,4.9902
170,-88.2652,22.1879,5.47677,4.92247,4.92362,4.95527,4.97437,4.97085,4.92986,4.83117,4.64766
171,-88.2653,21.9537,5.12883,4.57525,4.58493,4.62277,4.64542,4.64264,4.59909,4.49412,4.30029
172,-88.2653,21.7186,4.7775,4.22444,4.2427,4.28674,4.31284,4.31059,4.26419,4.1525,3.94781
173,-88.2653,21.4826,4.42256,3.86981,3.89671,3.94693,3.97639,3.97447,3.92488,3.80604,3.58995
174,-88.2653,21.2458,4.06379,3.5111,3.5467,3.60312,3.63583,3.63402,3.58091,3.45445,3.22641
175,-88.2653,21.008,3.70097,3.14806,3.19242,3.25502,3.29089,3.28897,3.23199,3.09744,2.85685
176,-88.2654,20.7693,3.33382,2.78038,2.83358,2.90236,2.94128,2.93901,2.8778,2.73467,2.48093
177,-88.2654,20.5296,2.96208,2.40778,2.46986,2.54483,2.58668,2.58383,2.51802,2.36579,2.09828
178,-88.2654,20.2888,2.58544,2.0299,2.10094,2.18208,2.22676,2.22309,2.15228,1.99043,1.70848
179,-88.2654,20.047,2.20358,1.64638,1.72644,1.81377,1.86115,1.8564,1.7802,1.60817,1.31112
180,-88.2654,19.8042,1.81615,1.25684,1.34599,1.43951,1.48947,1.48338,1.40136,1.2186,0.905741
181,-88.2654,19.5601,1.42276,0.860862,0.959166,1.05888,1.1113,1.10361,1.01534,0.821241,0.491854
182,-88.2654,19.3149,1.02303,0.458,0.565527,0.671441,0.7262,0.716611,0.621651,0.415619,0.0689495
183,-88.2654,19.0686,0.616513,0.0477817,0.164599,0.276719,0.333685,0.321918,0.219808,0.00121348,-0.363508
184,-88.2654,18.8209,0.202758,-0.370293,-0.244119,-0.125788,-0.0667455,-0.0809874,-0.190719,-0.422519,-0.80608
185,-88.2654,18.572,-0.21872,-0.79675,-0.661157,-0.536608,-0.475626,-0.492646,-0.610485,-0.856148,-1.25935
186,-88.2654,18.3218,-0.64843,-1.23214,-1.08707,-0.956301,-0.893519,-0.913629,-1.04007,-1.30026,-1.72391
187,-88.2654,18.0702,-1.0869,-1.67703,-1.52244,-1.38545,-1.32101,-1.34453,-1.48007,-1.75547,-2.20036
188,-88.2654,17.8173,-1.53469,-2.132,-1.96786,-1.82466,-1.75871,-1.78596,-1.93112,-2.22239,-2.6893
189,-88.2654,17.5629,-1.99236,-2.59765,-2.42395,-2.27454,-2.20725,-2.23856,-2.39384,-2.70165,-3.19133
190,-88.2654,17.3071,-2.46048,-3.07458,-2.89131,-2.73574,-2.66726,-2.70295,-2.86885,-3.19384,-3.70701
191,-88.2654,17.0498,-2.93962,-3.56335,-3.37056,-3.20887,-3.13938,-3.17979,-3.3568,-3.69957,-4.23685
192,-88.2654,16.791,-3.43035,-4.06452,-3.8623,-3.69456,-3.62423,-3.66968,-3.85827,-4.21938,-4.7813
193,-88.2654,16.5305,-3.9332,-4.57863,-4.36709,-4.19339,-4.12242,-4.17323,-4.37383,-4.75377,-5.34075
194,-88.2654,16.2685,-4.44867,-5.10612,-4.88545,-4.70593,-4.63451,-4.69098,-4.90399,-5.30316,-5.91547
195,-88.2654,16.0049,-4.97721,-5.6474,-5.41783,-5.23266,-5.16101,-5.22343,-5.44917,-5.86788,-6.50562
196,-88.2654,15.7395,-5.51919,-6.20277,-5.96462,-5.77401,-5.70236,-5.77098,-6.00973,-6.44814,-7.11122
197,-88.2654,15.4725,-6.07492,-6.77243,-6.52608,-6.33031,-6.25888,-6.33394,-6.58588,-7.04402,-7.73215
198,-88.2654,15.2037,-6.64458,-7.35646,-7.10238,-6.90176,-6.83081,-6.91249,-7.17773,-7.65547,-8.36813
199,-88.2654,14.9331,-7.22824,-7.95482,-7.69356,-7.48846,-7.41824,-7.5067,-7.78521,-8.28226,-9.01872
200,-88.2654,14.6607,-7.82585,-8.56731,-8.2995,-8.09035,-8.02112,-8.11646,-8.40813,-8.92403,-9.68335
201,-88.2654,14.3864,-8.43723,-9.19361,-8.91995,-8.70723,-8.63926,-8.74153,-9.04613,-9.58026,-10.3613
202,-88.2654,14.1103,-9.06206,-9.83326,-9.55451,-9.33875,-9.27229,-9.38151,-9.69869,-10.2503,-11.0517
203,-88.2654,13.8321,-9.69987,-10.4857,-10.2026,-9.9844,-9.91972,-10.0358,-10.3652,-10.9333,-11.7537
204,-88.2654,13.5521,-10.3501,-11.1501,-10.8637,-10.6435,-10.5809,-10.7038,-11.0447,-11.6284,-12.4662
205,-88.2654,13.27,-11.0121,-11.8258,-11.5368,-11.3154,-11.2551,-11.3846,-11.7366,-12.3346,-13.1883
206,-88.2654,12.9858,-11.685,-12.5119,-12.2213,-11.9992,-11.9414,-12.0773,-12.4396,-13.0509,-13.9189
207,-88.2654,12.6996,-12.368,-13.2074,-12.916,-12.6939,-12.6388,-12.781,-13.1529,-13.7762,-14.6568
208,-88.2654,12.4112,-13.0602,-13.9115,-13.6202,-13.3986,-13.3464,-13.4945,-13.8754,-14.5095,-15.4013
209,-88.2654,12.1206,-13.7607,-14.6231,-14.3327,-14.1122,-14.0631,-14.2169,-14.6059,-15.2497,-16.1511
210,-88.2654,11.8278,-14.4685,-15.3413,-15.0526,-14.8337,-14.7879,-14.9471,-15.3436,-15.9959,-16.9056
211,-88.2654,11.5327,-15.1828,-16.0653,-15.7789,-15.5622,-15.5197,-15.6841,-16.0873,-16.7472,-17.6638
212,-88.2654,11.2352,-15.9027,-16.7941,-16.5108,-16.2967,-16.2577,-16.427,-16.8362,-17.5026,-18.4251
213,-88.2654,10.9354,-16.6272,-17.527,-17.2473,-17.0362,-17.0008,-17.1747,-17.5894,-18.2614,-19.1888
214,-88.2654,10.6331,-17.3558,-18.2633,-17.9878,-17.78,-17.7482,-17.9265,-18.3461,-19.0229,-19.9544
215,-88.2654,10.3283,-18.0876,-19.0023,-18.7314,-18.5273,-18.4992,-18.6816,-19.1056,-19.7866,-20.7213
216,-88.2654,10.0209,-18.822,-19.7435,-19.4776,-19.2774,-19.2531,-19.4394,-19.8674,-20.552,-21.4894
217,-88.2654,9.71089,-19.5586,-20.4864,-20.2258,-20.0299,-20.0094,-20.1994,-20.6309,-21.3186,-22.2583
218,-88.2654,9.39817,-20.2967,-21.2307,-20.9757,-20.7841,-20.7674,-20.961,-21.3958,-22.0862,-23.0277
219,-88.2654,9.08267,-21.0362,-21.9761,-21.7269,-21.5398,-21.5269,-21.7239,-22.1617,-22.8545,-23.7977
220,-88.2654,8.76431,-21.7766,-22.7222,-22.4791,-22.2966,-22.2875,-22.4878,-22.9285,-23.6235,-24.5681
221,-88.2654,8.44301,-22.5177,-23.4691,-23.2321,-23.0543,-23.049,-23.2526,-23.6959,-24.3929,-25.3388
222,-88.2654,8.11867,-23.2595,-24.2166,-23.9858,-23.8127,-23.8113,-24.018,-24.4639,-25.1628,-26.1099
223,-88.2654,7.79121,-24.0018,-24.9646,-24.7401,-24.5718,-24.5742,-24.7841,-25.2323,-25.9331,-26.8814
224,-88.2654,7.46052,-24.7445,-25.713,-25.495,-25.3316,-25.3377,-25.5506,-26.0013,-26.7038,-27.6533
225,-88.2654,7.12649,-25.4876,-26.462,-26.2504,-26.0918,-26.1018,-26.3177,-26.7707,-27.4749,-28.4256
226,-88.2654,6.789,-26.2311,-27.2115,-27.0063,-26.8527,-26.8664,-27.0853,-27.5406,-28.2465,-29.1984
227,-88.2654,6.44792,-26.975,-27.9614,-27.7628,-27.614,-27.6315,-27.8534,-28.3109,-29.0185,-29.9717
228,-88.2654,6.10312,-27.7194,-28.7119,-28.5198,-28.376,-28.3972,-28.622,-29.0818,-29.791,-30.7455
229,-88.2654,5.75445,-28.4642,-29.463,-29.2774,-29.1384,-29.1634,-29.3912,-29.8532,-30.5641,-31.5199
230,-88.2654,5.40174,-29.2096,-30.2146,-30.0356,-29.9015,-29.9302,-30.1609,-30.6251,-31.3378,-32.2949
231,-88.2654,5.04483,-29.9554,-30.9668,-30.7944,-30.6652,-30.6976,-30.9312,-31.3977,-32.1121,-33.0707
232,-88.2654,4.68352,-30.7018,-31.7196,-31.5538,-31.4295,-31.4657,-31.7021,-32.1709,-32.8871,-33.8474
233,-88.2654,4.31761,-31.4488,-32.4732,-32.3139,-32.1945,-32.2344,-32.4738,-32.9448,-33.663,-34.6252
234,-88.2654,3.94689,-32.1964,-33.2276,-33.0749,-32.9603,-33.0039,-33.2462,-33.7196,-34.4399,-35.4041
235,-88.2654,3.57111,-32.9448,-33.9829,-33.8367,-33.7269,-33.7742,-34.0196,-34.4954,-35.2179,-36.1844
236,-88.2654,3.19001,-33.694,-34.7392,-34.5996,-34.4946,-34.5456,-34.7939,-35.2723,-35.9972,-36.9663
237,-88.2654,2.80333,-34.4442,-35.4968,-35.3636,-35.2634,-35.3181,-35.5695,-36.0506,-36.7781,-37.7501
238,-88.2654,2.41076,-35.1955,-36.2557,-36.129,-36.0335,-36.092,-36.3465,-36.8304,-37.5607,-38.536
239,-88.2654,2.01199,-35.9481,-37.0163,-36.8959,-36.8052,-36.8674,-37.1251,-37.612,-38.3454,-39.3244
240,-88.2654,1.60666,-36.7022,-37.7787,-37.6647,-37.5786,-37.6446,-37.9056,-38.3956,-39.1323,-40.1153
241,-88.2654,1.19442,-37.458,-38.5432,-38.4355,-38.3541,-38.4238,-38.6882,-39.1815,-39.9219,-40.9092
242,-88.2654,0.774868,-38.2157,-39.31,-39.2086,-39.1318,-39.2054,-39.4732,-39.9699,-40.7142,-41.7063
243,-88.2654,0.347592,-38.9756,-40.0794,-39.9842,-39.912,-39.9894,-40.2608,-40.7612,-41.5097,-42.5068
244,-88.2654,-0.0878441,-39.7379,-40.8516,-40.7626,-40.695,-40.7763,-41.0513,-41.5555,-42.3084,-43.3109
245,-88.2654,-0.531899,-40.503,-41.6269,-41.5441,-41.481,-41.5662,-41.845,-42.3532,-43.1107,-44.1187
246,-88.2654,-0.985049,-41.2709,-42.4054,-42.3289,-42.2703,-42.3593,-42.642,-43.1543,-43.9167,-44.9305
247,-88.2654,-1.44778,-42.042,-43.1875,-43.1171,-43.063,-43.156,-43.4425,-43.9591,-44.7265,-45.7464
248,-88.2654,-1.9206,-42.8165,-43.9732,-43.909,-43.8594,-43.9563,-44.2468,-44.7678,-45.5403,-46.5663
249,-88.2654,-2.404,-43.5944,-44.7627,-44.7046,-44.6596,-44.7605,-45.055,-45.5804,-46.3582,-47.3905
250,-88.2654,-2.89848,-44.3761,-45.5562,-45.5042,-45.4636,-45.5685,-45.8671,-46.3971,-47.1802,-48.2188
251,-88.2654,-3.40452,-45.1616,-46.3536,-46.3078,-46.2717,-46.3805,-46.6833,-47.2178,-48.0064,-49.0514
252,-88.2654,-3.92257,-45.9509,-47.1551,-47.1154,-47.0838,-47.1967,-47.5035,-48.0427,-48.8368,-49.8884
253,-88.2654,-4.45302,-46.7443,-47.9607,-47.9272,-47.9,-48.0169,-48.328,-48.8719,-49.6715,-50.7298
254,-88.2654,-4.99625,-47.5417,-48.7705,-48.7431,-48.7205,-48.8414,-49.1566,-49.7053,-50.5106,-51.5758
255,-88.2654,-5.55253,-48.3432,-49.5845,-49.5633,-49.5451,-49.6701,-49.9895,-50.543,-51.3541,-52.4264
256,-88.2654,-6.12205,-49.1488,-50.4028,-50.3878,-50.3741,-50.5031,-50.8268,-51.3852,-52.2023,-53.2819
257,-88.2654,-6.70492,-49.9587,-51.2256,-51.2167,-51.2075,-51.3406,-51.6686,-52.2321,-53.0553,-54.1426
258,-88.2654,-7.30114,-50.7729,-52.0529,-52.0502,-52.0454,-52.1827,-52.5151,-53.0837,-53.9133,-55.0087
259,-88.2654,-7.91057,-51.5915,-52.8849,-52.8884,-52.8881,-53.0295,-53.3664,-53.9404,-54.7767,-55.8807
260,-88.2654,-8.53299,-52.4147,-53.7219,-53.7315,-53.7358,-53.8813,-54.2229,-54.8024,-55.6458,-56.7589
261,-88.2654,-9.16803,-53.2427,-54.5641,-54.58,-54.5887,-54.7385,-55.0848,-55.6701,-56.5209,-57.6438
262,-88.2654,-9.81522,-54.0758,-55.4119,-55.434,-55.4472,-55.6013,-55.9525,-56.5439,-57.4027,-58.5359
263,-88.2654,-10.474,-54.9141,-56.2656,-56.2939,-56.3116,-56.4701,-56.8265,-57.4243,-58.2915,-59.4359
264,-88.2654,-11.1437,-55.7581,-57.1257,-57.1603,-57.1825,-57.3455,-57.7071,-58.3118,-59.188,-60.3442
265,-88.2654,-11.8236,-56.6082,-57.9926,-58.0336,-58.0603,-58.2279,-58.5951,-59.2069,-60.0927,-61.2616
266,-88.2654,-12.513,-57.4648,-58.867,-58.9142,-58.9456,-59.1179,-59.4908,-60.1102,-61.0062,-62.1885
267,-88.2654,-13.2109,-58.3285,-59.7492,-59.8029,-59.8389,-60.016,-60.3949,-61.0224,-61.9291,-63.1256
268,-88.2654,-13.9167,-59.1997,-60.64,-60.7002,-60.7408,-60.9229,-61.3081,-61.9439,-62.862,-64.0734
269,-88.2654,-14.6294,-60.079,-61.5399,-61.6066,-61.6519,-61.8391,-62.2308,-62.8755,-63.8055,-65.0322
270,-88.2654,-15.3482,-60.967,-62.4495,-62.5228,-62.5728,-62.7652,-63.1637,-63.8175,-64.7598,-66.0023
271,-88.2654,-16.0725,-61.8642,-63.3692,-63.4492,-63.504,-63.7017,-64.1072,-64.7705,-65.7254,-66.9837
272,-88.2654,-16.8014,-62.7713,-64.2996,-64.3864,-64.446,-64.6491,-65.0618,-65.7347,-66.7024,-67.9763
273,-88.2654,-17.5343,-63.6887,-65.2411,-65.3347,-65.3992,-65.6077,-66.0276,-66.7103,-67.6905,-68.9793
274,-88.2654,-18.2705,-64.6169,-66.1938,-66.2943,-66.3636,-66.5776,-67.0047,-67.697,-68.6893,-69.9917
275,-88.2654,-19.0096,-65.5561,-67.1578,-67.2651,-67.3393,-67.5587,-67.9929,-68.6945,-69.6979,-71.0119
276,-88.2654,-19.7511,-66.5066,-68.1327,-68.2468,-68.3258,-68.5506,-68.9916,-69.7016,-70.7148,-72.0374
277,-88.2654,-20.4945,-67.4682,-69.1178,-69.2387,-69.3225,-69.5524,-69.9996,-70.717,-71.7378,-73.0653
278,-88.2654,-21.2396,-68.4405,-70.1122,-70.2397,-70.3281,-70.5627,-71.0153,-71.7386,-72.764,-74.0914
279,-88.2654,-21.9862,-69.4228,-71.1141,-71.2479,-71.3408,-71.5796,-72.0365,-72.7634,-73.7899,-75.111
280,-88.2654,-22.734,-70.4138,-72.1212,-72.2609,-72.358,-72.6002,-73.0599,-73.7879,-74.8106,-76.118
281,-88.2654,-23.483,-71.4117,-73.1304,-73.2755,-73.3764,-73.6211,-74.0817,-74.8072,-75.8208,-77.1061
282,-88.2654,-24.2332,-72.414,-74.1378,-74.2876,-74.3918,-74.6378,-75.0969,-75.816,-76.814,-78.0679
283,-88.2654,-24.9845,-73.4173,-75.1387,-75.2923,-75.3991,-75.645,-76.0999,-76.8079,-77.7831,-78.9959
284,-88.2654,-25.7369,-74.4177,-76.1273,-76.2836,-76.3923,-76.6365,-77.084,-77.7758,-78.7208,-79.8828
285,-88.2654,-26.4906,-75.41,-77.0973,-77.2552,-77.3648,-77.6055,-78.0422,-78.7123,-79.6195,-80.7216
286,-88.2654,-27.2454,-76.3885,-78.0418,-78.1998,-78.3095,-78.5445,-78.967,-79.6101,-80.4723,-81.5066
287,-88.2654,-28.0016,-77.3468,-78.9535,-79.1102,-79.2188,-79.4463,-79.8511,-80.4621,-81.273,-82.2332
288,-88.2654,-28.759,-78.2778,-79.8253,-79.9792,-80.0858,-80.3038,-80.6877,-81.2621,-82.0165,-82.8984
289,-88.2654,-29.5178,-79.1745,-80.6507,-80.8003,-80.9038,-81.1106,-81.4709,-82.0051,-82.6995,-83.5011
290,-88.2654,-30.2779,-80.0298,-81.424,-81.568,-81.6675,-81.8616,-82.1962,-82.6878,-83.3203,-84.0416
291,-88.2654,-31.0393,-80.8376,-82.1407,-82.278,-82.3727,-82.5532,-82.8607,-83.3084,-83.8788,-84.5218
292,-88.2654,-31.8022,-81.5925,-82.798,-82.9277,-83.0171,-83.1832,-83.4631,-83.8668,-84.3764,-84.9448
293,-88.2654,-32.5665,-82.2906,-83.3946,-83.5162,-83.5998,-83.7514,-84.0037,-84.3645,-84.8159,-85.3145
294,-88.2654,-33.3323,-82.9293,-83.9309,-84.0439,-84.1216,-84.2588,-84.4843,-84.8042,-85.201,-85.6355
295,-88.2654,-34.0996,-83.5078,-84.4084,-84.5129,-84.5846,-84.7079,-84.908,-85.1895,-85.5359,-85.9125
296,-88.2654,-34.8685,-84.0268,-84.8301,-84.9262,-84.9921,-85.1022,-85.2787,-85.5248,-85.8256,-86.1503
297,-88.2654,-35.6391,-84.4882,-85.1996,-85.2877,-85.348,-85.446,-85.6007,-85.8147,-86.0746,-86.3536
298,-88.2654,-36.4116,-84.8951,-85.5212,-85.6018,-85.6569,-85.7437,-85.8788,-86.0641,-86.2878,-86.5267
299,-88.2654,-37.186,-85.2513,-85.7996,-85.8731,-85.9234,-86.0002,-86.1177,-86.2776,-86.4696,-86.6738
300,-88.2654,-37.9626,-85.561,-86.0392,-86.1063,-86.1523,-86.2201,-86.3221,-86.4598,-86.6242,-86.7983
301,-88.2654,-38.7415,-85.8289,-86.2446,-86.306,-86.348,-86.4078,-86.4964,-86.6147,-86.7552,-86.9037
302,-88.2654,-39.5229,-86.0594,-86.4201,-86.4763,-86.5148,-86.5677,-86.6444,-86.7461,-86.8662,-86.9928
303,-88.2654,-40.307,-86.2569,-86.5695,-86.6212,-86.6566,-86.7034,-86.77,-86.8573,-86.96,-87.068
304,-88.2654,-41.094,-86.4257,-86.6965,-86.7443,-86.7769,-86.8185,-86.8763,-86.9514,-87.0392,-87.1314
305,-88.2654,-41.8841,-86.5695,-86.8043,-86.8485,-86.8787,-86.9158,-86.9662,-87.0308,-87.1061,-87.185
306,-88.2654,-42.6774,-86.6917,-86.8957,-86.9368,-86.9649,-86.9981,-87.0422,-87.098,-87.1626,-87.2303
307,-88.2654,-43.4742,-86.7955,-86.9731,-87.0116,-87.0378,-87.0677,-87.1064,-87.1547,-87.2103,-87.2687
308,-88.2654,-44.2745,-86.8835,-87.0387,-87.0748,-87.0995,-87.1266,-87.1607,-87.2026,-87.2507,-87.3011
309,-88.2654,-45.0786,-86.9581,-87.0942,-87.1284,-87.1517,-87.1763,-87.2066,-87.2432,-87.2849,-87.3287
310,-88.2654,-45.8864,-87.0214,-87.1414,-87.1738,-87.1959,-87.2185,-87.2455,-87.2776,-87.314,-87.3522
311,-88.2654,-46.6982,-87.0751,-87.1814,-87.2123,-87.2334,-87.2542,-87.2784,-87.3068,-87.3387,-87.3722
312,-88.2654,-47.5139,-87.1207,-87.2155,-87.2451,-87.2653,-87.2846,-87.3065,-87.3317,-87.3599,-87.3894
313,-88.2654,-48.3338,-87.1594,-87.2446,-87.2731,-87.2924,-87.3105,-87.3304,-87.3529,-87.3779,-87.4042
314,-88.2654,-49.1579,-87.1925,-87.2695,-87.297,-87.3156,-87.3326,-87.3508,-87.3711,-87.3935,-87.4171
315,-88.2654,-49.9863,-87.2207,-87.2909,-87.3175,-87.3355,-87.3516,-87.3684,-87.3868,-87.407,-87.4282
316,-88.2654,-50.8192,-87.2449,-87.3093,-87.3351,-87.3527,-87.368,-87.3836,-87.4004,-87.4187,-87.438
317,-88.2654,-51.6568,-87.2657,-87.3253,-87.3505,-87.3675,-87.3821,-87.3967,-87.4122,-87.4289,-87.4466
318,-88.2654,-52.4993,-87.2837,-87.3392,-87.3638,-87.3804,-87.3944,-87.4082,-87.4225,-87.4379,-87.4542
319,-88.2654,-53.3469,-87.2993,-87.3514,-87.3754,-87.3917,-87.4052,-87.4182,-87.4316,-87.4458,-87.461
320,-88.2654,-54.2001,-87.313,-87.3622,-87.3857,-87.4016,-87.4147,-87.4271,-87.4396,-87.4529,-87.4671
321,-88.2654,-55.0592,-87.325,-87.3717,-87.3948,-87.4105,-87.4231,-87.4349,-87.4468,-87.4593,-87.4727
322,-88.2654,-55.9246,-87.3355,-87.3802,-87.403,-87.4183,-87.4307,-87.442,-87.4533,-87.4651,-87.4778
323,-88.2654,-56.7969,-87.3449,-87.3879,-87.4103,-87.4254,-87.4374,-87.4484,-87.4591,-87.4704,-87.4825
324,-88.2654,-57.6765,-87.3534,-87.3949,-87.4169,-87.4318,-87.4436,-87.4542,-87.4645,-87.4753,-87.4868
325,-88.2654,-58.564,-87.361,-87.4012,-87.423,-87.4377,-87.4492,-87.4595,-87.4694,-87.4798,-87.4909
326,-88.2654,-59.4601,-87.3679,-87.4071,-87.4286,-87.4431,-87.4544,-87.4644,-87.474,-87.484,-87.4947
327,-88.2654,-60.3654,-87.3743,-87.4125,-87.4338,-87.4481,-87.4592,-87.4689,-87.4783,-87.488,-87.4984
328,-88.2654,-61.2806,-87.3801,-87.4176,-87.4387,-87.4528,-87.4637,-87.4732,-87.4823,-87.4917,-87.5018
329,-88.2654,-62.2064,-87.3856,-87.4224,-87.4432,-87.4572,-87.4679,-87.4773,-87.4861,-87.4953,-87.5052
330,-88.2654,-63.1433,-87.3907,-87.427,-87.4476,-87.4614,-87.4719,-87.4811,-87.4898,-87.4987,-87.5084
331,-88.2654,-64.092,-87.3955,-87.4313,-87.4517,-87.4653,-87.4758,-87.4848,-87.4932,-87.502,-87.5115
332,-88.2654,-65.0528,-87.4001,-87.4355,-87.4557,-87.4691,-87.4794,-87.4883,-87.4966,-87.5052,-87.5145
333,-88.2654,-66.0262,-87.4045,-87.4395,-87.4595,-87.4728,-87.4829,-87.4917,-87.4998,-87.5083,-87.5174
334,-88.2654,-67.0121,-87.4087,-87.4433,-87.4631,-87.4763,-87.4864,-87.4949,-87.503,-87.5113,-87.5203
335,-88.2654,-68.0106,-87.4127,-87.4471,-87.4667,-87.4798,-87.4897,-87.4981,-87.5061,-87.5143,-87.5231
336,-88.2654,-69.0208,-87.4166,-87.4508,-87.4702,-87.4831,-87.4929,-87.5013,-87.5091,-87.5171,-87.5259
337,-88.2654,-70.042,-87.4204,-87.4543,-87.4736,-87.4864,-87.4961,-87.5043,-87.512,-87.52,-87.5286
338,-88.2654,-71.0723,-87.4241,-87.4578,-87.4769,-87.4896,-87.4992,-87.5073,-87.5149,-87.5228,-87.5313
339,-88.2654,-72.1095,-87.4278,-87.4613,-87.4802,-87.4928,-87.5022,-87.5102,-87.5178,-87.5255,-87.5339
340,-88.2654,-73.1503,-87.4313,-87.4647,-87.4834,-87.4958,-87.5052,-87.5131,-87.5206,-87.5282,-87.5366
341,-88.2654,-74.1907,-87.4348,-87.468,-87.4866,-87.4989,-87.5082,-87.516,-87.5233,-87.5309,-87.5392
342,-88.2654,-75.2255,-87.4383,-87.4713,-87.4897,-87.5019,-87.5111,-87.5188,-87.5261,-87.5336,-87.5417
343,-88.2654,-76.2488,-87.4416,-87.4745,-87.4928,-87.5049,-87.5139,-87.5216,-87.5288,-87.5362,-87.5443
344,-88.2654,-77.2534,-87.445,-87.4777,-87.4959,-87.5078,-87.5168,-87.5244,-87.5314,-87.5388,-87.5468
345,-88.2654,-78.2319,-87.4483,-87.4809,-87.4989,-87.5107,-87.5196,-87.5271,-87.5341,-87.5414,-87.5493
346,-88.2654,-79.1763,-87.4516,-87.4841,-87.5019,-87.5136,-87.5224,-87.5298,-87.5367,-87.5439,-87.5518
347,-88.2654,-80.0787,-87.4548,-87.4872,-87.5049,-87.5165,-87.5252,-87.5325,-87.5393,-87.5464,-87.5542
348,-88.2654,-80.9318,-87.458,-87.4903,-87.5079,-87.5193,-87.5279,-87.5351,-87.5419,-87.549,-87.5567
349,-88.2654,-81.7295,-87.4612,-87.4934,-87.5108,-87.5221,-87.5306,-87.5378,-87.5445,-87.5515,-87.5591
350,-88.2654,-82.4669,-87.4644,-87.4964,-87.5137,-87.5249,-87.5333,-87.5404,-87.547,-87.5539,-87.5615
351,-88.2654,-83.1409,-87.4675,-87.4995,-87.5166,-87.5277,-87.536,-87.543,-87.5496,-87.5564,-87.5639
352,-88.2654,-83.7503,-87.4706,-87.5025,-87.5194,-87.5305,-87.5387,-87.5456,-87.5521,-87.5589,-87.5663
353,-88.2654,-84.2956,-87.4737,-87.5055,-87.5223,-87.5332,-87.5413,-87.5482,-87.5546,-87.5613,-87.5687
354,-88.2654,-84.7789,-87.4767,-87.5084,-87.5251,-87.5359,-87.544,-87.5507,-87.5571,-87.5637,-87.5711
355,-88.2654,-85.2034,-87.4798,-87.5114,-87.5279,-87.5386,-87.5466,-87.5533,-87.5596,-87.5661,-87.5734
356,-88.2654,-85.5734,-87.4828,-87.5143,-87.5307,-87.5413,-87.5492,-87.5558,-87.562,-87.5685,-87.5757
357,-88.2654,-85.8935,-87.4858,-87.5172,-87.5335,-87.544,-87.5518,-87.5583,-87.5645,-87.5709,-87.5781
358,-88.2654,-86.1689,-87.4888,-87.5201,-87.5363,-87.5466,-87.5543,-87.5608,-87.5669,-87.5733,-87.5804
359,-88.2654,-86.4045,-87.4918,-87.523,-87.539,-87.5493,-87.5569,-87.5633,-87.5693,-87.5756,-87.5827
360,-88.2654,-86.6052,-87.4947,-87.5259,-87.5417,-87.5519,-87.5594,-87.5658,-87.5717,-87.578,-87.5849
361,-88.2654,-86.7755,-87.4977,-87.5287,-87.5444,-87.5545,-87.5619,-87.5682,-87.5741,-87.5803,-87.5872
362,-88.2654,-86.9196,-87.5006,-87.5315,-87.5471,-87.5571,-87.5645,-87.5706,-87.5765,-87.5826,-87.5895
363,-88.2654,-87.0412,-87.5035,-87.5343,-87.5498,-87.5597,-87.5669,-87.5731,-87.5788,-87.5849,-87.5917
364,-88.2654,-87.1437,-87.5064,-87.5371,-87.5525,-87.5622,-87.5694,-87.5755,-87.5812,-87.5872,-87.5939
365,-88.2653,-87.23,-87.5092,-87.5399,-87.5551,-87.5648,-87.5719,-87.5779,-87.5835,-87.5895,-87.5962
366,-88.2653,-87.3024,-87.5121,-87.5427,-87.5578,-87.5673,-87.5744,-87.5803,-87.5858,-87.5918,-87.5984
367,-88.2653,-87.3633,-87.5149,-87.5454,-87.5604,-87.5698,-87.5768,-87.5826,-87.5882,-87.594,-87.6006
368,-88.2653,-87.4145,-87.5177,-87.5482,-87.563,-87.5724,-87.5792,-87.585,-87.5905,-87.5962,-87.6027
369,-88.2653,-87.4575,-87.5205,-87.5509,-87.5656,-87.5749,-87.5816,-87.5873,-87.5927,-87.5985,-87.6049
370,-88.2653,-87.4937,-87.5233,-87.5536,-87.5682,-87.5773,-87.584,-87.5897,-87.595,-87.6007,-87.6071
371,-88.2653,-87.5241,-87.5261,-87.5563,-87.5707,-87.5798,-87.5864,-87.592,-87.5973,-87.6029,-87.6092
372,-88.2653,-87.5498,-87.5288,-87.559,-87.5733,-87.5822,-87.5888,-87.5943,-87.5995,-87.6051,-87.6114
373,-88.2653,-87.5715,-87.5316,-87.5616,-87.5758,-87.5847,-87.5912,-87.5966,-87.6018,-87.6073,-87.6135
374,-88.2653,-87.5899,-87.5343,-87.5643,-87.5783,-87.5871,-87.5935,-87.5989,-87.604,-87.6094,-87.6156
375,-88.2653,-87.6055,-87.537,-87.5669,-87.5808,-87.5895,-87.5958,-87.6012,-87.6062,-87.6116,-87.6177
376,-88.2653,-87.6188,-87.5397,-87.5695,-87.5833,-87.5919,-87.5982,-87.6034,-87.6084,-87.6137,-87.6198
377,-88.2653,-87.6302,-87.5424,-87.5721,-87.5858,-87.5943,-87.6005,-87.6057,-87.6106,-87.6159,-87.6219
378,-88.2653,-87.64,-87.5451,-87.5747,-87.5883,-87.5967,-87.6028,-87.6079,-87.6128,-87.618,-87.6239
379,-88.2653,-87.6485,-87.5477,-87.5773,-87.5907,-87.599,-87.6051,-87.6101,-87.6149,-87.6201,-87.626
380,-88.2653,-87.6558,-87.5503,-87.5798,-87.5932,-87.6014,-87.6073,-87.6123,-87.6171,-87.6222,-87.628
381,-88.2653,-87.6623,-87.553,-87.5824,-87.5956,-87.6037,-87.6096,-87.6145,-87.6192,-87.6243,-87.6301
382,-88.2653,-87.6679,-87.5556,-87.5849,-87.598,-87.606,-87.6118,-87.6167,-87.6214,-87.6264,-87.6321
383,-88.2653,-87.673,-87.5582,-87.5874,-87.6004,-87.6083,-87.6141,-87.6189,-87.6235,-87.6284,-87.6341
384,-88.2653,-87.6774,-87.5607,-87.5899,-87.6028,-87.6106,-87.6163,-87.6211,-87.6256,-87.6305,-87.6361
385,-88.2653,-87.6815,-87.5633,-87.5924,-87.6052,-87.6129,-87.6185,-87.6232,-87.6277,-87.6325,-87.6381
386,-88.2653,-87.6851,-87.5658,-87.5949,-87.6075,-87.6152,-87.6207,-87.6253,-87.6298,-87.6346,-87.6401
387,-88.2653,-87.6885,-87.5684,-87.5973,-87.6099,-87.6174,-87.6229,-87.6275,-87.6318,-87.6366,-87.6421
388,-88.2653,-87.6916,-87.5709,-87.5998,-87.6122,-87.6197,-87.6251,-87.6296,-87.6339,-87.6386,-87.644
389,-88.2653,-87.6944,-87.5734,-87.6022,-87.6145,-87.6219,-87.6272,-87.6317,-87.6359,-87.6406,-87.646
390,-88.2653,-87.6971,-87.5759,-87.6046,-87.6168,-87.6241,-87.6294,-87.6338,-87.638,-87.6426,-87.6479
391,-88.2653,-87.6996,-87.5784,-87.607,-87.6191,-87.6264,-87.6315,-87.6359,-87.64,-87.6446,-87.6498
392,-88.2653,-87.702,-87.5808,-87.6094,-87.6214,-87.6285,-87.6337,-87.6379,-87.642,-87.6465,-87.6518
393,-88.2653,-87.7043,-87.5833,-87.6118,-87.6236,-87.6307,-87.6358,-87.64,-87.644,-87.6485,-87.6537
394,-88.2653,-87.7065,-87.5857,-87.6141,-87.6259,-87.6329,-87.6379,-87.642,-87.646,-87.6504,-87.6556
395,-88.2653,-87.7086,-87.5881,-87.6165,-87.6281,-87.6351,-87.64,-87.6441,-87.648,-87.6524,-87.6575
396,-88.2653,-87.7107,-87.5905,-87.6188,-87.6304,-87.6372,-87.642,-87.6461,-87.65,-87.6543,-87.6593
397,-88.2653,-87.7126,-87.5929,-87.6211,-87.6326,-87.6393,-87.6441,-87.6481,-87.6519,-87.6562,-87.6612
398,-88.2653,-87.7146,-87.5953,-87.6234,-87.6348,-87.6415,-87.6462,-87.6501,-87.6539,-87.6581,-87.6631
399,-88.2653,-87.7164,-87.5977,-87.6257,-87.637,-87.6436,-87.6482,-87.6521,-87.6558,-87.66,-87.6649
400,-88.2653,-87.7183,-87.6,-87.628,-87.6392,-87.6457,-87.6503,-87.6541,-87.6578,-87.6619,-87.6667
401,-88.2653,-87.7201,-87.6024,-87.6303,-87.6413,-87.6478,-87.6523,-87.656,-87.6597,-87.6638,-87.6686
402,-88.2653,-87.7219,-87.6047,-87.6325,-87.6435,-87.6498,-87.6543,-87.658,-87.6616,-87.6656,-87.6704
403,-88.2653,-87.7237,-87.607,-87.6348,-87.6456,-87.6519,-87.6563,-87.6599,-87.6635,-87.6675,-87.6722
404,-88.2653,-87.7254,-87.6093,-87.637,-87.6478,-87.654,-87.6583,-87.6619,-87.6654,-87.6693,-87.674
405,-88.2653,-87.7271,-87.6116,-87.6392,-87.6499,-87.656,-87.6603,-87.6638,-87.6673,-87.6712,-87.6758
406,-88.2653,-87.7288,-87.6139,-87.6414,-87.652,-87.658,-87.6622,-87.6657,-87.6691,-87.673,-87.6776
407,-88.2653,-87.7305,-87.6161,-87.6436,-87.6541,-87.66,-87.6642,-87.6676,-87.671,-87.6748,-87.6793
408,-88.2653,-87.7321,-87.6184,-87.6458,-87.6562,-87.662,-87.6661,-87.6695,-87.6728,-87.6766,-87.6811
409,-88.2653,-87.7338,-87.6206,-87.648,-87.6582,-87.664,-87.6681,-87.6714,-87.6747,-87.6784,-87.6828
410,-88.2653,-87.7354,-87.6229,-87.6501,-87.6603,-87.666,-87.67,-87.6733,-87.6765,-87.6802,-87.6846
411,-88.2653,-87.737,-87.6251,-87.6523,-87.6623,-87.668,-87.6719,-87.6751,-87.6783,-87.6819,-87.6863
412,-88.2653,-87.7386,-87.6273,-87.6544,-87.6644,-87.67,-87.6738,-87.677,-87.6801,-87.6837,-87.688
413,-88.2653,-87.7402,-87.6294,-87.6565,-87.6664,-87.6719,-87.6757,-87.6788,-87.6819,-87.6855,-87.6897
414,-88.2653,-87.7418,-87.6316,-87.6586,-87.6684,-87.6739,-87.6776,-87.6807,-87.6837,-87.6872,-87.6914
415,-88.2653,-87.7434,-87.6338,-87.6607,-87.6704,-87.6758,-87.6795,-87.6825,-87.6855,-87.6889,-87.6931
416,-88.2653,-87.7449,-87.6359,-87.6628,-87.6724,-87.6777,-87.6813,-87.6843,-87.6873,-87.6907,-87.6948
417,-88.2653,-87.7465,-87.6381,-87.6649,-87.6744,-87.6796,-87.6832,-87.6861,-87.689,-87.6924,-87.6965
418,-88.2653,-87.748,-87.6402,-87.667,-87.6763,-87.6815,-87.685,-87.6879,-87.6908,-87.6941,-87.6982
419,-88.2653,-87.7496,-87.6423,-87.669,-87.6783,-87.6834,-87.6868,-87.6897,-87.6925,-87.6958,-87.6998
420,-88.2653,-87.7511,-87.6444,-87.671,-87.6802,-87.6853,-87.6887,-87.6915,-87.6942,-87.6975,-87.7015
421,-88.2653,-87.7526,-87.6465,-87.6731,-87.6822,-87.6871,-87.6905,-87.6932,-87.696,-87.6992,-87.7031
422,-88.2653,-87.7541,-87.6486,-87.6751,-87.6841,-87.689,-87.6923,-87.695,-87.6977,-87.7008,-87.7047
423,-88.2653,-87.7556,-87.6506,-87.6771,-87.686,-87.6908,-87.6941,-87.6967,-87.6994,-87.7025,-87.7063
424,-88.2653,-87.7571,-87.6527,-87.6791,-87.6879,-87.6927,-87.6958,-87.6984,-87.7011,-87.7041,-87.7079
425,-88.2653,-87.7586,-87.6547,-87.681,-87.6898,-87.6945,-87.6976,-87.7002,-87.7027,-87.7058,-87.7096
426,-88.2653,-87.76,-87.6568,-87.683,-87.6917,-87.6963,-87.6994,-87.7019,-87.7044,-87.7074,-87.7111
427,-88.2653,-87.7615,-87.6588,-87.685,-87.6936,-87.6981,-87.7011,-87.7036,-87.7061,-87.709,-87.7127
428,-88.2653,-87.7629,-87.6608,-87.6869,-87.6954,-87.6999,-87.7029,-87.7053,-87.7077,-87.7106,-87.7143
429,-88.2653,-87.7644,-87.6628,-87.6888,-87.6973,-87.7017,-87.7046,-87.707,-87.7094,-87.7122,-87.7159
430,-88.2653,-87.7658,-87.6648,-87.6908,-87.6991,-87.7035,-87.7063,-87.7086,-87.711,-87.7138,-87.7174
431,-88.2653,-87.7673,-87.6667,-87.6927,-87.7009,-87.7052,-87.708,-87.7103,-87.7126,-87.7154,-87.719
432,-88.2653,-87.7687,-87.6687,-87.6946,-87.7028,-87.707,-87.7097,-87.712,-87.7143,-87.717,-87.7205
433,-88.2653,-87.7701,-87.6707,-87.6965,-87.7046,-87.7087,-87.7114,-87.7136,-87.7159,-87.7186,-87.7221
434,-88.2653,-87.7715,-87.6726,-87.6984,-87.7064,-87.7105,-87.7131,-87.7153,-87.7175,-87.7201,-87.7236
435,-88.2653,-87.7729,-87.6745,-87.7002,-87.7081,-87.7122,-87.7148,-87.7169,-87.7191,-87.7217,-87.7251
436,-88.2653,-87.7743,-87.6764,-87.7021,-87.7099,-87.7139,-87.7164,-87.7185,-87.7206,-87.7232,-87.7266
437,-88.2653,-87.7757,-87.6783,-87.7039,-87.7117,-87.7156,-87.7181,-87.7201,-87.7222,-87.7248,-87.7281
438,-88.2653,-87.777,-87.6802,-87.7058,-87.7134,-87.7173,-87.7197,-87.7217,-87.7238,-87.7263,-87.7296
439,-88.2653,-87.7784,-87.6821,-87.7076,-87.7152,-87.719,-87.7214,-87.7233,-87.7253,-87.7278,-87.7311
440,-88.2653,-87.7798,-87.684,-87.7094,-87.7169,-87.7207,-87.723,-87.7249,-87.7269,-87.7293,-87.7326
441,-88.2653,-87.7811,-87.6859,-87.7112,-87.7187,-87.7223,-87.7246,-87.7265,-87.7284,-87.7308,-87.734
442,-88.2653,-87.7825,-87.6877,-87.713,-87.7204,-87.724,-87.7262,-87.7281,-87.7299,-87.7323,-87.7355
443,-88.2653,-87.7838,-87.6896,-87.7148,-87.7221,-87.7256,-87.7278,-87.7296,-87.7315,-87.7338,-87.7369
444,-88.2653,-87.7851,-87.6914,-87.7166,-87.7238,-87.7273,-87.7294,-87.7312,-87.733,-87.7353,-87.7384
445,-88.2653,-87.7865,-87.6932,-87.7183,-87.7255,-87.7289,-87.731,-87.7327,-87.7345,-87.7368,-87.7398
446,-88.2653,-87.7878,-87.695,-87.7201,-87.7271,-87.7305,-87.7326,-87.7342,-87.736,-87.7382,-87.7412
447,-88.2653,-87.7891,-87.6968,-87.7218,-87.7288,-87.7321,-87.7342,-87.7358,-87.7375,-87.7397,-87.7427
448,-88.2653,-87.7904,-87.6986,-87.7236,-87.7305,-87.7337,-87.7357,-87.7373,-87.739,-87.7411,-87.7441
449,-88.2653,-87.7917,-87.7004,-87.7253,-87.7321,-87.7353,-87.7373,-87.7388,-87.7404,-87.7426,-87.7455
450,-88.2653,-87.793,-87.7022,-87.727,-87.7338,-87.7369,-87.7388,-87.7403,-87.7419,-87.744,-87.7469
451,-88.2653,-87.7942,-87.7039,-87.7287,-87.7354,-87.7385,-87.7403,-87.7418,-87.7433,-87.7454,-87.7483
452,-88.2653,-87.7955,-87.7057,-87.7304,-87.737,-87.7401,-87.7418,-87.7433,-87.7448,-87.7468,-87.7496
453,-88.2653,-87.7968,-87.7074,-87.7321,-87.7386,-87.7416,-87.7434,-87.7447,-87.7462,-87.7483,-87.751
454,-88.2653,-87.7981,-87.7091,-87.7338,-87.7402,-87.7432,-87.7449,-87.7462,-87.7477,-87.7497,-87.7524
455,-88.2653,-87.7993,-87.7109,-87.7354,-87.7418,-87.7447,-87.7464,-87.7477,-87.7491,-87.751,-87.7537
456,-88.2653,-87.8006,-87.7126,-87.7371,-87.7434,-87.7462,-87.7478,-87.7491,-87.7505,-87.7524,-87.7551
457,-88.2653,-87.8018,-87.7143,-87.7387,-87.745,-87.7478,-87.7493,-87.7506,-87.7519,-87.7538,-87.7564
458,-88.2653,-87.803,-87.716,-87.7404,-87.7466,-87.7493,-87.7508,-87.752,-87.7533,-87.7552,-87.7578
459,-88.2653,-87.8043,-87.7176,-87.742,-87.7481,-87.7508,-87.7523,-87.7534,-87.7547,-87.7565,-87.7591
460,-88.2653,-87.8055,-87.7193,-87.7436,-87.7497,-87.7523,-87.7537,-87.7548,-87.7561,-87.7579,-87.7604
461,-88.2653,-87.8067,-87.721,-87.7452,-87.7512,-87.7538,-87.7552,-87.7563,-87.7575,-87.7592,-87.7617
462,-88.2653,-87.8079,-87.7226,-87.7468,-87.7527,-87.7552,-87.7566,-87.7577,-87.7588,-87.7606,-87.763
463,-88.2653,-87.8091,-87.7243,-87.7484,-87.7543,-87.7567,-87.758,-87.7591,-87.7602,-87.7619,-87.7643
464,-88.2653,-87.8103,-87.7259,-87.75,-87.7558,-87.7582,-87.7595,-87.7604,-87.7616,-87.7632,-87.7656
465,-88.2653,-87.8115,-87.7275,-87.7516,-87.7573,-87.7596,-87.7609,-87.7618,-87.7629,-87.7645,-87.7669
466,-88.2653,-87.8127,-87.7291,-87.7531,-87.7588,-87.7611,-87.7623,-87.7632,-87.7643,-87.7659,-87.7682
467,-88.2653,-87.8139,-87.7308,-87.7547,-87.7603,-87.7625,-87.7637,-87.7646,-87.7656,-87.7672,-87.7695
468,-88.2653,-87.815,-87.7324,-87.7563,-87.7618,-87.764,-87.7651,-87.7659,-87.7669,-87.7685,-87.7707
469,-88.2653,-87.8162,-87.7339,-87.7578,-87.7632,-87.7654,-87.7665,-87.7673,-87.7682,-87.7697,-87.772
470,-88.2653,-87.8174,-87.7355,-87.7593,-87.7647,-87.7668,-87.7678,-87.7686,-87.7695,-87.771,-87.7733
471,-88.2653,-87.8185,-87.7371,-87.7608,-87.7662,-87.7682,-87.7692,-87.7699,-87.7708,-87.7723,-87.7745
472,-88.2653,-87.8197,-87.7387,-87.7624,-87.7676,-87.7696,-87.7706,-87.7713,-87.7721,-87.7736,-87.7757
473,-88.2653,-87.8208,-87.7402,-87.7639,-87.769,-87.771,-87.7719,-87.7726,-87.7734,-87.7748,-87.777
474,-88.2653,-87.822,-87.7417,-87.7653,-87.7705,-87.7724,-87.7733,-87.7739,-87.7747,-87.7761,-87.7782
475,-88.2653,-87.8231,-87.7433,-87.7668,-87.7719,-87.7738,-87.7746,-87.7752,-87.776,-87.7773,-87.7794
476,-88.2653,-87.8242,-87.7448,-87.7683,-87.7733,-87.7751,-87.7759,-87.7765,-87.7773,-87.7786,-87.7806
477,-88.2653,-87.8253,-87.7463,-87.7698,-87.7747,-87.7765,-87.7773,-87.7778,-87.7785,-87.7798,-87.7818
478,-88.2653,-87.8264,-87.7478,-87.7712,-87.7761,-87.7778,-87.7786,-87.7791,-87.7798,-87.781,-87.783
479,-88.2653,-87.8276,-87.7493,-87.7727,-87.7775,-87.7792,-87.7799,-87.7804,-87.781,-87.7822,-87.7842
480,-88.2653,-87.8287,-87.7508,-87.7741,-87.7789,-87.7805,-87.7812,-87.7816,-87.7823,-87.7835,-87.7854
481,-88.2653,-87.8297,-87.7523,-87.7756,-87.7803,-87.7819,-87.7825,-87.7829,-87.7835,-87.7847,-87.7866
482,-88.2653,-87.8308,-87.7538,-87.777,-87.7816,-87.7832,-87.7838,-87.7841,-87.7847,-87.7859,-87.7878
483,-88.2653,-87.8319,-87.7552,-87.7784,-87.783,-87.7845,-87.785,-87.7854,-87.786,-87.7871,-87.7889
484,-88.2653,-87.833,-87.7567,-87.7798,-87.7844,-87.7858,-87.7863,-87.7866,-87.7872,-87.7882,-87.7901
485,-88.2653,-87.8341,-87.7582,-87.7812,-87.7857,-87.7871,-87.7876,-87.7879,-87.7884,-87.7894,-87.7912
486,-88.2653,-87.8351,-87.7596,-87.7826,-87.787,-87.7884,-87.7888,-87.7891,-87.7896,-87.7906,-87.7924
487,-88.2653,-87.8362,-87.761,-87.784,-87.7884,-87.7897,-87.7901,-87.7903,-87.7908,-87.7918,-87.7935
488,-88.2653,-87.8373,-87.7625,-87.7854,-87.7897,-87.791,-87.7913,-87.7915,-87.792,-87.7929,-87.7947
489,-88.2653,-87.8383,-87.7639,-87.7868,-87.791,-87.7923,-87.7926,-87.7927,-87.7931,-87.7941,-87.7958
490,-88.2653,-87.8394,-87.7653,-87.7881,-87.7923,-87.7935,-87.7938,-87.794,-87.7943,-87.7952,-87.7969
491,-88.2653,-87.8404,-87.7667,-87.7895,-87.7936,-87.7948,-87.795,-87.7951,-87.7955,-87.7964,-87.798
492,-88.2653,-87.8414,-87.7681,-87.7909,-87.7949,-87.796,-87.7963,-87.7963,-87.7966,-87.7975,-87.7991
493,-88.2653,-87.8425,-87.7695,-87.7922,-87.7962,-87.7973,-87.7975,-87.7975,-87.7978,-87.7986,-87.8002
494,-88.2653,-87.8435,-87.7708,-87.7935,-87.7975,-87.7985,-87.7987,-87.7987,-87.7989,-87.7998,-87.8013
495,-88.2653,-87.8445,-87.7722,-87.7949,-87.7988,-87.7997,-87.7999,-87.7999,-87.8001,-87.8009,-87.8024
496,-88.2653,-87.8455,-87.7736,-87.7962,-87.8,-87.801,-87.8011,-87.801,-87.8012,-87.802,-87.8035
497,-88.2653,-87.8465,-87.7749,-87.7975,-87.8013,-87.8022,-87.8022,-87.8022,-87.8024,-87.8031,-87.8046
498,-88.2653,-87.8475,-87.7763,-87.7988,-87.8025,-87.8034,-87.8034,-87.8033,-87.8035,-87.8042,-87.8057
499,-88.2653,-87.8485,-87.7776,-87.8001,-87.8038,-87.8046,-87.8046,-87.8045,-87.8046,-87.8053,-87.8067
500,-88.2653,-87.8495,-87.779,-87.8014,-87.805,-87.8058,-87.8058,-87.8056,-87.8057,-87.8064,-87.8078
501,-88.2653,-87.8505,-87.7803,-87.8027,-87.8062,-87.807,-87.8069,-87.8067,-87.8068,-87.8075,-87.8089
502,-88.2653,-87.8515,-87.7816,-87.8039,-87.8075,-87.8082,-87.8081,-87.8079,-87.8079,-87.8085,-87.8099
503,-88.2653,-87.8525,-87.7829,-87.8052,-87.8087,-87.8094,-87.8092,-87.809,-87.809,-87.8096,-87.811
504,-88.2653,-87.8535,-87.7842,-87.8065,-87.8099,-87.8105,-87.8104,-87.8101,-87.8101,-87.8107,-87.812
505,-88.2653,-87.8544,-87.7855,-87.8077,-87.8111,-87.8117,-87.8115,-87.8112,-87.8112,-87.8117,-87.813
506,-88.2653,-87.8554,-87.7868,-87.809,-87.8123,-87.8128,-87.8126,-87.8123,-87.8123,-87.8128,-87.8141
507,-88.2653,-87.8563,-87.7881,-87.8102,-87.8135,-87.814,-87.8137,-87.8134,-87.8133,-87.8138,-87.8151
508,-88.2653,-87.8573,-87.7893,-87.8114,-87.8147,-87.8151,-87.8149,-87.8145,-87.8144,-87.8149,-87.8161
509,-88.2653,-87.8583,-87.7906,-87.8127,-87.8159,-87.8163,-87.816,-87.8156,-87.8155,-87.8159,-87.8171
510,-88.2653,-87.8592,-87.7919,-87.8139,-87.817,-87.8174,-87.8171,-87.8167,-87.8165,-87.8169,-87.8181
511,-88.2653,-87.8601,-87.7931,-87.8151,-87.8182,-87.8185,-87.8182,-87.8177,-87.8176,-87.818,-87.8191
512,-88.2653,-87.8611,-87.7944,-87.8163,-87.8193,-87.8197,-87.8193,-87.8188,-87.8186,-87.819,-87.8201
513,-88.2653,-87.862,-87.7956,-87.8175,-87.8205,-87.8208,-87.8204,-87.8199,-87.8196,-87.82,-87.8211
514,-88.2653,-87.8629,-87.7968,-87.8187,-87.8216,-87.8219,-87.8214,-87.8209,-87.8207,-87.821,-87.8221
515,-88.2653,-87.8638,-87.7981,-87.8199,-87.8228,-87.823,-87.8225,-87.822,-87.8217,-87.822,-87.8231
516,-88.2653,-87.8648,-87.7993,-87.8211,-87.8239,-87.8241,-87.8236,-87.823,-87.8227,-87.823,-87.8241
517,-88.2653,-87.8657,-87.8005,-87.8222,-87.825,-87.8252,-87.8246,-87.824,-87.8237,-87.824,-87.825
518,-88.2653,-87.8666,-87.8017,-87.8234,-87.8262,-87.8263,-87.8257,-87.8251,-87.8247,-87.825,-87.826
519,-88.2653,-87.8675,-87.8029,-87.8246,-87.8273,-87.8273,-87.8267,-87.8261,-87.8257,-87.826,-87.827
520,-88.2653,-87.8684,-87.8041,-87.8257,-87.8284,-87.8284,-87.8278,-87.8271,-87.8267,-87.827,-87.8279
521,-88.2653,-87.8693,-87.8053,-87.8269,-87.8295,-87.8295,-87.8288,-87.8281,-87.8277,-87.8279,-87.8289
522,-88.2653,-87.8702,-87.8064,-87.828,-87.8306,-87.8305,-87.8299,-87.8291,-87.8287,-87.8289,-87.8298
523,-88.2653,-87.871,-87.8076,-87.8291,-87.8317,-87.8316,-87.8309,-87.8301,-87.8297,-87.8299,-87.8308
524,-88.2653,-87.8719,-87.8088,-87.8303,-87.8327,-87.8326,-87.8319,-87.8311,-87.8307,-87.8308,-87.8317
525,-88.2653,-87.8728,-87.8099,-87.8314,-87.8338,-87.8337,-87.8329,-87.8321,-87.8317,-87.8318,-87.8326
526,-88.2653,-87.8737,-87.8111,-87.8325,-87.8349,-87.8347,-87.8339,-87.8331,-87.8326,-87.8327,-87.8335
527,-88.2653,-87.8745,-87.8122,-87.8336,-87.836,-87.8358,-87.8349,-87.8341,-87.8336,-87.8336,-87.8345
528,-88.2653,-87.8754,-87.8134,-87.8347,-87.837,-87.8368,-87.8359,-87.8351,-87.8345,-87.8346,-87.8354
529,-88.2653,-87.8762,-87.8145,-87.8358,-87.8381,-87.8378,-87.8369,-87.8361,-87.8355,-87.8355,-87.8363
530,-88.2653,-87.8771,-87.8156,-87.8369,-87.8391,-87.8388,-87.8379,-87.837,-87.8364,-87.8364,-87.8372
531,-88.2653,-87.8779,-87.8168,-87.838,-87.8402,-87.8398,-87.8389,-87.838,-87.8374,-87.8374,-87.8381
532,-88.2653,-87.8788,-87.8179,-87.8391,-87.8412,-87.8408,-87.8399,-87.8389,-87.8383,-87.8383,-87.839
533,-88.2653,-87.8796,-87.819,-87.8401,-87.8422,-87.8418,-87.8409,-87.8399,-87.8392,-87.8392,-87.8399
534,-88.2653,-87.8805,-87.8201,-87.8412,-87.8433,-87.8428,-87.8418,-87.8408,-87.8402,-87.8401,-87.8408
535,-88.2653,-87.8813,-87.8212,-87.8423,-87.8443,-87.8438,-87.8428,-87.8418,-87.8411,-87.841,-87.8416
536,-88.2653,-87.8821,-87.8223,-87.8433,-87.8453,-87.8448,-87.8437,-87.8427,-87.842,-87.8419,-87.8425
537,-88.2653,-87.8829,-87.8233,-87.8444,-87.8463,-87.8458,-87.8447,-87.8436,-87.8429,-87.8428,-87.8434
538,-88.2653,-87.8838,-87.8244,-87.8454,-87.8473,-87.8467,-87.8456,-87.8446,-87.8438,-87.8437,-87.8443
539,-88.2653,-87.8846,-87.8255,-87.8464,-87.8483,-87.8477,-87.8466,-87.8455,-87.8447,-87.8446,-87.8451
540,-88.2653,-87.8854,-87.8266,-87.8475,-87.8493,-87.8487,-87.8475,-87.8464,-87.8456,-87.8454,-87.846
541,-88.2653,-87.8862,-87.8276,-87.8485,-87.8503,-87.8496,-87.8485,-87.8473,-87.8465,-87.8463,-87.8468
542,-88.2653,-87.887,-87.8287,-87.8495,-87.8513,-87.8506,-87.8494,-87.8482,-87.8474,-87.8472,-87.8477
543,-88.2653,-87.8878,-87.8297,-87.8505,-87.8522,-87.8515,-87.8503,-87.8491,-87.8483,-87.848,-87.8485
544,-88.2653,-87.8886,-87.8308,-87.8515,-87.8532,-87.8525,-87.8512,-87.85,-87.8492,-87.8489,-87.8494
545,-88.2653,-87.8894,-87.8318,-87.8525,-87.8542,-87.8534,-87.8521,-87.8509,-87.85,-87.8498,-87.8502
546,-88.2653,-87.8902,-87.8328,-87.8535,-87.8551,-87.8543,-87.853,-87.8518,-87.8509,-87.8506,-87.851
547,-88.2653,-87.8909,-87.8339,-87.8545,-87.8561,-87.8553,-87.8539,-87.8527,-87.8518,-87.8514,-87.8519
548,-88.2653,-87.8917,-87.8349,-87.8555,-87.857,-87.8562,-87.8548,-87.8536,-87.8526,-87.8523,-87.8527
549,-88.2653,-87.8925,-87.8359,-87.8565,-87.858,-87.8571,-87.8557,-87.8544,-87.8535,-87.8531,-87.8535
550,-88.2653,-87.8933,-87.8369,-87.8575,-87.8589,-87.858,-87.8566,-87.8553,-87.8543,-87.854,-87.8543
551,-88.2653,-87.894,-87.8379,-87.8585,-87.8598,-87.8589,-87.8575,-87.8562,-87.8552,-87.8548,-87.8551
552,-88.2653,-87.8948,-87.8389,-87.8594,-87.8608,-87.8598,-87.8584,-87.857,-87.856,-87.8556,-87.8559
553,-88.2653,-87.8955,-87.8399,-87.8604,-87.8617,-87.8607,-87.8593,-87.8579,-87.8569,-87.8564,-87.8567
554,-88.2653,-87.8963,-87.8409,-87.8613,-87.8626,-87.8616,-87.8601,-87.8587,-87.8577,-87.8572,-87.8575
555,-88.2653,-87.897,-87.8419,-87.8623,-87.8635,-87.8625,-87.861,-87.8596,-87.8585,-87.8581,-87.8583
556,-88.2653,-87.8978,-87.8428,-87.8632,-87.8644,-87.8634,-87.8619,-87.8604,-87.8593,-87.8589,-87.8591
557,-88.2653,-87.8985,-87.8438,-87.8642,-87.8653,-87.8643,-87.8627,-87.8613,-87.8602,-87.8597,-87.8599
558,-88.2653,-87.8993,-87.8448,-87.8651,-87.8662,-87.8651,-87.8636,-87.8621,-87.861,-87.8605,-87.8607
559,-88.2653,-87.9,-87.8457,-87.866,-87.8671,-87.866,-87.8644,-87.8629,-87.8618,-87.8613,-87.8615
560,-88.2653,-87.9007,-87.8467,-87.867,-87.868,-87.8669,-87.8653,-87.8637,-87.8626,-87.862,-87.8622
561,-88.2653,-87.9015,-87.8476,-87.8679,-87.8689,-87.8677,-87.8661,-87.8646,-87.8634,-87.8628,-87.863
562,-88.2653,-87.9022,-87.8486,-87.8688,-87.8698,-87.8686,-87.8669,-87.8654,-87.8642,-87.8636,-87.8638
563,-88.2653,-87.9029,-87.8495,-87.8697,-87.8707,-87.8694,-87.8678,-87.8662,-87.865,-87.8644,-87.8645
564,-88.2653,-87.9036,-87.8505,-87.8706,-87.8715,-87.8703,-87.8686,-87.867,-87.8658,-87.8652,-87.8653
565,-88.2653,-87.9044,-87.8514,-87.8715,-87.8724,-87.8711,-87.8694,-87.8678,-87.8666,-87.8659,-87.8661
566,-88.2653,-87.9051,-87.8523,-87.8724,-87.8733,-87.8719,-87.8702,-87.8686,-87.8673,-87.8667,-87.8668
567,-88.2653,-87.9058,-87.8532,-87.8733,-87.8741,-87.8728,-87.871,-87.8694,-87.8681,-87.8675,-87.8675
568,-88.2653,-87.9065,-87.8542,-87.8742,-87.875,-87.8736,-87.8718,-87.8702,-87.8689,-87.8682,-87.8683
569,-88.2653,-87.9072,-87.8551,-87.8751,-87.8758,-87.8744,-87.8726,-87.871,-87.8697,-87.869,-87.869
570,-88.2653,-87.9079,-87.856,-87.8759,-87.8767,-87.8752,-87.8734,-87.8717,-87.8704,-87.8697,-87.8698
571,-88.2653,-87.9086,-87.8569,-87.8768,-87.8775,-87.8761,-87.8742,-87.8725,-87.8712,-87.8705,-87.8705
572,-88.2653,-87.9093,-87.8578,-87.8777,-87.8783,-87.8769,-87.875,-87.8733,-87.8719,-87.8712,-87.8712
573,-88.2653,-87.9099,-87.8587,-87.8785,-87.8792,-87.8777,-87.8758,-87.8741,-87.8727,-87.872,-87.8719
574,-88.2653,-87.9106,-87.8595,-87.8794,-87.88,-87.8785,-87.8766,-87.8748,-87.8734,-87.8727,-87.8727
575,-88.2653,-87.9113,-87.8604,-87.8802,-87.8808,-87.8793,-87.8774,-87.8756,-87.8742,-87.8734,-87.8734
576,-88.2653,-87.912,-87.8613,-87.8811,-87.8816,-87.8801,-87.8781,-87.8763,-87.8749,-87.8741,-87.8741
577,-88.2653,-87.9126,-87.8622,-87.8819,-87.8824,-87.8808,-87.8789,-87.8771,-87.8757,-87.8749,-87.8748
578,-88.2653,-87.9133,-87.863,-87.8828,-87.8832,-87.8816,-87.8797,-87.8778,-87.8764,-87.8756,-87.8755
579,-88.2653,-87.914,-87.8639,-87.8836,-87.8841,-87.8824,-87.8804,-87.8786,-87.8771,-87.8763,-87.8762
580,-88.2653,-87.9146,-87.8647,-87.8844,-87.8849,-87.8832,-87.8812,-87.8793,-87.8779,-87.877,-87.8769
581,-88.2653,-87.9153,-87.8656,-87.8853,-87.8856,-87.884,-87.8819,-87.8801,-87.8786,-87.8777,-87.8776
582,-88.2653,-87.916,-87.8664,-87.8861,-87.8864,-87.8847,-87.8827,-87.8808,-87.8793,-87.8784,-87.8783
583,-88.2653,-87.9166,-87.8673,-87.8869,-87.8872,-87.8855,-87.8834,-87.8815,-87.88,-87.8791,-87.879
584,-88.2653,-87.9173,-87.8681,-87.8877,-87.888,-87.8863,-87.8842,-87.8823,-87.8807,-87.8798,-87.8796
585,-88.2653,-87.9179,-87.869,-87.8885,-87.8888,-87.887,-87.8849,-87.883,-87.8814,-87.8805,-87.8803
586,-88.2653,-87.9185,-87.8698,-87.8893,-87.8896,-87.8878,-87.8857,-87.8837,-87.8821,-87.8812,-87.881
587,-88.2653,-87.9192,-87.8706,-87.8901,-87.8903,-87.8885,-87.8864,-87.8844,-87.8828,-87.8819,-87.8817
588,-88.2653,-87.9198,-87.8714,-87.8909,-87.8911,-87.8893,-87.8871,-87.8851,-87.8835,-87.8826,-87.8823
589,-88.2653,-87.9205,-87.8723,-87.8917,-87.8919,-87.89,-87.8878,-87.8858,-87.8842,-87.8833,-87.883
590,-88.2653,-87.9211,-87.8731,-87.8925,-87.8926,-87.8907,-87.8885,-87.8865,-87.8849,-87.8839,-87.8837
591,-88.2653,-87.9217,-87.8739,-87.8933,-87.8934,-87.8915,-87.8893,-87.8872,-87.8856,-87.8846,-87.8843
592,-88.2653,-87.9223,-87.8747,-87.894,-87.8941,-87.8922,-87.89,-87.8879,-87.8863,-87.8853,-87.885
593,-88.2653,-87.923,-87.8755,-87.8948,-87.8949,-87.8929,-87.8907,-87.8886,-87.887,-87.8859,-87.8856
594,-88.2653,-87.9236,-87.8763,-87.8956,-87.8956,-87.8936,-87.8914,-87.8893,-87.8876,-87.8866,-87.8863
595,-88.2653,-87.9242,-87.8771,-87.8964,-87.8963,-87.8944,-87.8921,-87.89,-87.8883,-87.8873,-87.8869
596,-88.2653,-87.9248,-87.8779,-87.8971,-87.8971,-87.8951,-87.8928,-87.8907,-87.889,-87.8879,-87.8876
597,-88.2653,-87.9254,-87.8786,-87.8979,-87.8978,-87.8958,-87.8935,-87.8914,-87.8897,-87.8886,-87.8882
598,-88.2653,-87.926,-87.8794,-87.8986,-87.8985,-87.8965,-87.8942,-87.892,-87.8903,-87.8892,-87.8888
599,-88.2653,-87.9266,-87.8802,-87.8994,-87.8993,-87.8972,-87.8949,-87.8927,-87.891,-87.8899,-87.8895
600,-88.2653,-87.9272,-87.881,-87.9001,-87.9,-87.8979,-87.8955,-87.8934,-87.8916,-87.8905,-87.8901
601,-88.2653,-87.9278,-87.8817,-87.9009,-87.9007,-87.8986,-87.8962,-87.894,-87.8923,-87.8911,-87.8907
602,-88.2653,-87.9284,-87.8825,-87.9016,-87.9014,-87.8993,-87.8969,-87.8947,-87.8929,-87.8918,-87.8914
603,-88.2653,-87.929,-87.8832,-87.9023,-87.9021,-87.9,-87.8976,-87.8954,-87.8936,-87.8924,-87.892
604,-88.2653,-87.9296,-87.884,-87.9031,-87.9028,-87.9006,-87.8982,-87.896,-87.8942,-87.893,-87.8926
605,-88.2653,-87.9302,-87.8847,-87.9038,-87.9035,-87.9013,-87.8989,-87.8967,-87.8949,-87.8937,-87.8932
606,-88.2653,-87.9308,-87.8855,-87.9045,-87.9042,-87.902,-87.8996,-87.8973,-87.8955,-87.8943,-87.8938
607,-88.2653,-87.9313,-87.8862,-87.9052,-87.9049,-87.9027,-87.9002,-87.898,-87.8961,-87.8949,-87.8944
608,-88.2653,-87.9319,-87.887,-87.9059,-87.9056,-87.9033,-87.9009,-87.8986,-87.8967,-87.8955,-87.895
609,-88.2653,-87.9325,-87.8877,-87.9067,-87.9063,-87.904,-87.9015,-87.8992,-87.8974,-87.8961,-87.8956
610,-88.2653,-87.9331,-87.8884,-87.9074,-87.907,-87.9047,-87.9022,-87.8999,-87.898,-87.8967,-87.8962
611,-88.2653,-87.9336,-87.8892,-87.9081,-87.9076,-87.9053,-87.9028,-87.9005,-87.8986,-87.8974,-87.8968
612,-88.2653,-87.9342,-87.8899,-87.9088,-87.9083,-87.906,-87.9035,-87.9011,-87.8992,-87.898,-87.8974
613,-88.2653,-87.9348,-87.8906,-87.9095,-87.909,-87.9066,-87.9041,-87.9017,-87.8998,-87.8986,-87.898
614,-88.2653,-87.9353,-87.8913,-87.9102,-87.9096,-87.9073,-87.9047,-87.9024,-87.9005,-87.8992,-87.8986
615,-88.2653,-87.9359,-87.892,-87.9108,-87.9103,-87.9079,-87.9054,-87.903,-87.9011,-87.8997,-87.8992
616,-88.2653,-87.9364,-87.8927,-87.9115,-87.911,-87.9086,-87.906,-87.9036,-87.9017,-87.9003,-87.8997
617,-88.2653,-87.937,-87.8934,-87.9122,-87.9116,-87.9092,-87.9066,-87.9042,-87.9023,-87.9009,-87.9003
618,-88.2653,-87.9375,-87.8941,-87.9129,-87.9123,-87.9099,-87.9072,-87.9048,-87.9029,-87.9015,-87.9009
619,-88.2653,-87.9381,-87.8948,-87.9136,-87.9129,-87.9105,-87.9078,-87.9054,-87.9035,-87.9021,-87.9015
620,-88.2653,-87.9386,-87.8955,-87.9142,-87.9136,-87.9111,-87.9085,-87.906,-87.904,-87.9027,-87.902
621,-88.2653,-87.9392,-87.8962,-87.9149,-87.9142,-87.9117,-87.9091,-87.9066,-87.9046,-87.9033,-87.9026
622,-88.2653,-87.9397,-87.8969,-87.9156,-87.9149,-87.9124,-87.9097,-87.9072,-87.9052,-87.9038,-87.9032
623,-88.2653,-87.9402,-87.8976,-87.9162,-87.9155,-87.913,-87.9103,-87.9078,-87.9058,-87.9044,-87.9037
624,-88.2653,-87.9408,-87.8983,-87.9169,-87.9161,-87.9136,-87.9109,-87.9084,-87.9064,-87.905,-87.9043
625,-88.2653,-87.9413,-87.8989,-87.9175,-87.9168,-87.9142,-87.9115,-87.909,-87.907,-87.9055,-87.9048
626,-88.2653,-87.9418,-87.8996,-87.9182,-87.9174,-87.9148,-87.9121,-87.9096,-87.9075,-87.9061,-87.9054
627,-88.2653,-87.9424,-87.9003,-87.9188,-87.918,-87.9154,-87.9127,-87.9102,-87.9081,-87.9067,-87.9059
628,-88.2653,-87.9429,-87.9009,-87.9195,-87.9186,-87.916,-87.9133,-87.9107,-87.9087,-87.9072,-87.9065
629,-88.2653,-87.9434,-87.9016,-87.9201,-87.9193,-87.9166,-87.9139,-87.9113,-87.9092,-87.9078,-87.907
630,-88.2653,-87.9439,-87.9023,-87.9207,-87.9199,-87.9172,-87.9144,-87.9119,-87.9098,-87.9083,-87.9076
631,-88.2653,-87.9444,-87.9029,-87.9214,-87.9205,-87.9178,-87.915,-87.9125,-87.9104,-87.9089,-87.9081
632,-88.2653,-87.945,-87.9036,-87.922,-87.9211,-87.9184,-87.9156,-87.913,-87.9109,-87.9094,-87.9086
633,-88.2653,-87.9455,-87.9042,-87.9226,-87.9217,-87.919,-87.9162,-87.9136,-87.9115,-87.91,-87.9092
634,-88.2653,-87.946,-87.9049,-87.9233,-87.9223,-87.9196,-87.9168,-87.9142,-87.912,-87.9105,-87.9097
635,-88.2653,-87.9465,-87.9055,-87.9239,-87.9229,-87.9202,-87.9173,-87.9147,-87.9126,-87.911,-87.9102
636,-88.2653,-87.947,-87.9061,-87.9245,-87.9235,-87.9208,-87.9179,-87.9153,-87.9131,-87.9116,-87.9108
637,-88.2653,-87.9475,-87.9068,-87.9251,-87.9241,-87.9213,-87.9185,-87.9158,-87.9137,-87.9121,-87.9113
638,-88.2653,-87.948,-87.9074,-87.9257,-87.9247,-87.9219,-87.919,-87.9164,-87.9142,-87.9126,-87.9118
639,-88.2653,-87.9485,-87.908,-87.9263,-87.9253,-87.9225,-87.9196,-87.9169,-87.9147,-87.9132,-87.9123
640,-88.2653,-87.949,-87.9087,-87.9269,-87.9258,-87.9231,-87.9201,-87.9175,-87.9153,-87.9137,-87.9128
641,-88.2653,-87.9495,-87.9093,-87.9275,-87.9264,-87.9236,-87.9207,-87.918,-87.9158,-87.9142,-87.9133
642,-88.2653,-87.95,-87.9099,-87.9281,-87.927,-87.9242,-87.9212,-87.9186,-87.9163,-87.9147,-87.9139
643,-88.2653,-87.9505,-87.9105,-87.9287,-87.9276,-87.9247,-87.9218,-87.9191,-87.9169,-87.9152,-87.9144
644,-88.2653,-87.9509,-87.9111,-87.9293,-87.9282,-87.9253,-87.9223,-87.9196,-87.9174,-87.9158,-87.9149
645,-88.2653,-87.9514,-87.9117,-87.9299,-87.9287,-87.9259,-87.9229,-87.9202,-87.9179,-87.9163,-87.9154
646,-88.2653,-87.9519,-87.9123,-87.9305,-87.9293,-87.9264,-87.9234,-87.9207,-87.9184,-87.9168,-87.9159
647,-88.2653,-87.9524,-87.9129,-87.9311,-87.9298,-87.927,-87.924,-87.9212,-87.9189,-87.9173,-87.9164
648,-88.2653,-87.9529,-87.9135,-87.9317,-87.9304,-87.9275,-87.9245,-87.9217,-87.9195,-87.9178,-87.9169
649,-88.2653,-87.9533,-87.9141,-87.9322,-87.931,-87.928,-87.925,-87.9223,-87.92,-87.9183,-87.9173
650,-88.2653,-87.9538,-87.9147,-87.9328,-87.9315,-87.9286,-87.9255,-87.9228,-87.9205,-87.9188,-87.9178
651,-88.2653,-87.9543,-87.9153,-87.9334,-87.9321,-87.9291,-87.9261,-87.9233,-87.921,-87.9193,-87.9183
652,-88.2653,-87.9547,-87.9159,-87.9339,-87.9326,-87.9297,-87.9266,-87.9238,-87.9215,-87.9198,-87.9188
653,-88.2653,-87.9552,-87.9165,-87.9345,-87.9332,-87.9302,-87.9271,-87.9243,-87.922,-87.9203,-87.9193
654,-88.2653,-87.9557,-87.9171,-87.9351,-87.9337,-87.9307,-87.9276,-87.9248,-87.9225,-87.9208,-87.9198
655,-88.2653,-87.9561,-87.9176,-87.9356,-87.9343,-87.9312,-87.9281,-87.9253,-87.923,-87.9213,-87.9202
656,-88.2653,-87.9566,-87.9182,-87.9362,-87.9348,-87.9318,-87.9287,-87.9258,-87.9235,-87.9217,-87.9207
657,-88.2653,-87.957,-87.9188,-87.9367,-87.9353,-87.9323,-87.9292,-87.9263,-87.924,-87.9222,-87.9212
658,-88.2653,-87.9575,-87.9194,-87.9373,-87.9359,-87.9328,-87.9297,-87.9268,-87.9245,-87.9227,-87.9217
659,-88.2653,-87.9579,-87.9199,-87.9378,-87.9364,-87.9333,-87.9302,-87.9273,-87.9249,-87.9232,-87.9221
660,-88.2653,-87.9584,-87.9205,-87.9384,-87.9369,-87.9338,-87.9307,-87.9278,-87.9254,-87.9237,-87.9226
661,-88.2653,-87.9588,-87.921,-87.9389,-87.9374,-87.9343,-87.9312,-87.9283,-87.9259,-87.9241,-87.9231
662,-88.2653,-87.9593,-87.9216,-87.9395,-87.938,-87.9349,-87.9317,-87.9288,-87.9264,-87.9246,-87.9235
663,-88.2653,-87.9597,-87.9222,-87.94,-87.9385,-87.9354,-87.9322,-87.9293,-87.9269,-87.9251,-87.924
664,-88.2653,-87.9602,-87.9227,-87.9405,-87.939,-87.9359,-87.9327,-87.9298,-87.9273,-87.9255,-87.9244
665,-88.2653,-87.9606,-87.9233,-87.9411,-87.9395,-87.9364,-87.9332,-87.9302,-87.9278,-87.926,-87.9249
666,-88.2653,-87.961,-87.9238,-87.9416,-87.94,-87.9369,-87.9337,-87.9307,-87.9283,-87.9265,-87.9254
667,-88.2653,-87.9615,-87.9244,-87.9421,-87.9405,-87.9374,-87.9341,-87.9312,-87.9287,-87.9269,-87.9258
668,-88.2653,-87.9619,-87.9249,-87.9426,-87.941,-87.9379,-87.9346,-87.9317,-87.9292,-87.9274,-87.9263
669,-88.2653,-87.9623,-87.9254,-87.9432,-87.9415,-87.9383,-87.9351,-87.9321,-87.9297,-87.9278,-87.9267
670,-88.2653,-87.9628,-87.926,-87.9437,-87.942,-87.9388,-87.9356,-87.9326,-87.9301,-87.9283,-87.9271
671,-88.2653,-87.9632,-87.9265,-87.9442,-87.9425,-87.9393,-87.9361,-87.9331,-87.9306,-87.9287,-87.9276
672,-88.2653,-87.9636,-87.927,-87.9447,-87.943,-87.9398,-87.9365,-87.9335,-87.9311,-87.9292,-87.928
673,-88.2653,-87.964,-87.9276,-87.9452,-87.9435,-87.9403,-87.937,-87.934,-87.9315,-87.9296,-87.9285
674,-88.2653,-87.9645,-87.9281,-87.9457,-87.944,-87.9408,-87.9375,-87.9345,-87.932,-87.9301,-87.9289
675,-88.2653,-87.9649,-87.9286,-87.9462,-87.9445,-87.9412,-87.9379,-87.9349,-87.9324,-87.9305,-87.9293
676,-88.2653,-87.9653,-87.9291,-87.9467,-87.945,-87.9417,-87.9384,-87.9354,-87.9329,-87.9309,-87.9298
677,-88.2653,-87.9657,-87.9296,-87.9472,-87.9455,-87.9422,-87.9389,-87.9358,-87.9333,-87.9314,-87.9302
678,-88.2653,-87.9661,-87.9301,-87.9477,-87.946,-87.9427,-87.9393,-87.9363,-87.9337,-87.9318,-87.9306
679,-88.2653,-87.9665,-87.9307,-87.9482,-87.9464,-87.9431,-87.9398,-87.9367,-87.9342,-87.9323,-87.931
680,-88.2653,-87.9669,-87.9312,-87.9487,-87.9469,-87.9436,-87.9402,-87.9372,-87.9346,-87.9327,-87.9315
681,-88.2653,-87.9674,-87.9317,-87.9492,-87.9474,-87.9441,-87.9407,-87.9376,-87.9351,-87.9331,-87.9319
682,-88.2653,-87.9678,-87.9322,-87.9497,-87.9479,-87.9445,-87.9411,-87.9381,-87.9355,-87.9335,-87.9323
683,-88.2653,-87.9682,-87.9327,-87.9502,-87.9483,-87.945,-87.9416,-87.9385,-87.9359,-87.934,-87.9327
684,-88.2653,-87.9686,-87.9332,-87.9507,-87.9488,-87.9454,-87.942,-87.9389,-87.9364,-87.9344,-87.9331
685,-88.2653,-87.969,-87.9337,-87.9512,-87.9493,-87.9459,-87.9425,-87.9394,-87.9368,-87.9348,-87.9335
686,-88.2653,-87.9694,-87.9342,-87.9516,-87.9497,-87.9463,-87.9429,-87.9398,-87.9372,-87.9352,-87.934
687,-88.2653,-87.9698,-87.9347,-87.9521,-87.9502,-87.9468,-87.9434,-87.9403,-87.9376,-87.9356,-87.9344
688,-88.2653,-87.9702,-87.9351,-87.9526,-87.9507,-87.9472,-87.9438,-87.9407,-87.9381,-87.9361,-87.9348
689,-88.2653,-87.9705,-87.9356,-87.9531,-87.9511,-87.9477,-87.9442,-87.9411,-87.9385,-87.9365,-87.9352
690,-88.2653,-87.9709,-87.9361,-87.9535,-87.9516,-87.9481,-87.9447,-87.9415,-87.9389,-87.9369,-87.9356
691,-88.2653,-87.9713,-87.9366,-87.954,-87.952,-87.9486,-87.9451,-87.942,-87.9393,-87.9373,-87.936
692,-88.2653,-87.9717,-87.9371,-87.9545,-87.9525,-87.949,-87.9455,-87.9424,-87.9397,-87.9377,-87.9364
693,-88.2653,-87.9721,-87.9376,-87.9549,-87.9529,-87.9494,-87.946,-87.9428,-87.9401,-87.9381,-87.9368
694,-88.2653,-87.9725,-87.938,-87.9554,-87.9534,-87.9499,-87.9464,-87.9432,-87.9405,-87.9385,-87.9372
695,-88.2653,-87.9729,-87.9385,-87.9558,-87.9538,-87.9503,-87.9468,-87.9436,-87.941,-87.9389,-87.9376
696,-88.2653,-87.9732,-87.939,-87.9563,-87.9542,-87.9507,-87.9472,-87.944,-87.9414,-87.9393,-87.938
697,-88.2653,-87.9736,-87.9394,-87.9567,-87.9547,-87.9512,-87.9476,-87.9445,-87.9418,-87.9397,-87.9383
698,-88.2653,-87.974,-87.9399,-87.9572,-87.9551,-87.9516,-87.9481,-87.9449,-87.9422,-87.9401,-87.9387
699,-88.2653,-87.9744,-87.9404,-87.9576,-87.9555,-87.952,-87.9485,-87.9453,-87.9426,-87.9405,-87.9391
700,-88.2653,-87.9747,-87.9408,-87.9581,-87.956,-87.9524,-87.9489,-87.9457,-87.943,-87.9409,-87.9395
701,-88.2653,-87.9751,-87.9413,-87.9585,-87.9564,-87.9528,-87.9493,-87.9461,-87.9434,-87.9413,-87.9399
702,-88.2653,-87.9755,-87.9417,-87.959,-87.9568,-87.9533,-87.9497,-87.9465,-87.9438,-87.9417,-87.9403
703,-88.2653,-87.9759,-87.9422,-87.9594,-87.9573,-87.9537,-87.9501,-87.9469,-87.9441,-87.942,-87.9406
704,-88.2653,-87.9762,-87.9426,-87.9598,-87.9577,-87.9541,-87.9505,-87.9473,-87.9445,-87.9424,-87.941
705,-88.2653,-87.9766,-87.9431,-87.9603,-87.9581,-87.9545,-87.9509,-87.9477,-87.9449,-87.9428,-87.9414
706,-88.2653,-87.9769,-87.9435,-87.9607,-87.9585,-87.9549,-87.9513,-87.9481,-87.9453,-87.9432,-87.9418
707,-88.2653,-87.9773,-87.944,-87.9611,-87.9589,-87.9553,-87.9517,-87.9485,-87.9457,-87.9436,-87.9421
708,-88.2653,-87.9777,-87.9444,-87.9616,-87.9594,-87.9557,-87.9521,-87.9488,-87.9461,-87.9439,-87.9425
709,-88.2653,-87.978,-87.9449,-87.962,-87.9598,-87.9561,-87.9525,-87.9492,-87.9465,-87.9443,-87.9429
710,-88.2653,-87.9784,-87.9453,-87.9624,-87.9602,-87.9565,-87.9529,-87.9496,-87.9468,-87.9447,-87.9432
711,-88.2653,-87.9787,-87.9457,-87.9628,-87.9606,-87.9569,-87.9533,-87.95,-87.9472,-87.9451,-87.9436
712,-88.2653,-87.9791,-87.9462,-87.9633,-87.961,-87.9573,-87.9537,-87.9504,-87.9476,-87.9454,-87.944
713,-88.2653,-87.9794,-87.9466,-87.9637,-87.9614,-87.9577,-87.9541,-87.9508,-87.948,-87.9458,-87.9443
714,-88.2653,-87.9798,-87.947,-87.9641,-87.9618,-87.9581,-87.9545,-87.9511,-87.9483,-87.9462,-87.9447
715,-88.2653,-87.9801,-87.9475,-87.9645,-87.9622,-87.9585,-87.9548,-87.9515,-87.9487,-87.9465,-87.9451
716,-88.2653,-87.9805,-87.9479,-87.9649,-87.9626,-87.9589,-87.9552,-87.9519,-87.9491,-87.9469,-87.9454
717,-88.2653,-87.9808,-87.9483,-87.9653,-87.963,-87.9593,-87.9556,-87.9523,-87.9495,-87.9473,-87.9458
718,-88.2653,-87.9812,-87.9487,-87.9657,-87.9634,-87.9597,-87.956,-87.9526,-87.9498,-87.9476,-87.9461
719,-88.2653,-87.9815,-87.9492,-87.9661,-87.9638,-87.96,-87.9564,-87.953,-87.9502,-87.948,-87.9465
720,-88.2653,-87.9819,-87.9496,-87.9665,-87.9642,-87.9604,-87.9567,-87.9534,-87.9505,-87.9483,-87.9468
721,-88.2653,-87.9822,-87.95,-87.9669,-87.9646,-87.9608,-87.9571,-87.9538,-87.9509,-87.9487,-87.9472
722,-88.2653,-87.9825,-87.9504,-87.9673,-87.965,-87.9612,-87.9575,-87.9541,-87.9513,-87.949,-87.9475
723,-88.2653,-87.9829,-87.9508,-87.9677,-87.9653,-87.9616,-87.9578,-87.9545,-87.9516,-87.9494,-87.9479
724,-88.2653,-87.9832,-87.9512,-87.9681,-87.9657,-87.9619,-87.9582,-87.9548,-87.952,-87.9497,-87.9482
725,-88.2653,-87.9835,-87.9516,-87.9685,-87.9661,-87.9623,-87.9586,-87.9552,-87.9523,-87.9501,-87.9485
726,-88.2653,-87.9839,-87.952,-87.9689,-87.9665,-87.9627,-87.9589,-87.9556,-87.9527,-87.9504,-87.9489
727,-88.2653,-87.9842,-87.9524,-87.9693,-87.9669,-87.9631,-87.9593,-87.9559,-87.953,-87.9508,-87.9492
728,-88.2653,-87.9845,-87.9528,-87.9697,-87.9672,-87.9634,-87.9597,-87.9563,-87.9534,-87.9511,-87.9495
729,-88.2653,-87.9849,-87.9532,-87.9701,-87.9676,-87.9638,-87.96,-87.9566,-87.9537,-87.9515,-87.9499
730,-88.2653,-87.9852,-87.9536,-87.9705,-87.968,-87.9642,-87.9604,-87.957,-87.9541,-87.9518,-87.9502
731,-88.2653,-87.9855,-87.954,-87.9709,-87.9684,-87.9645,-87.9607,-87.9573,-87.9544,-87.9521,-87.9505
732,-88.2653,-87.9858,-87.9544,-87.9712,-87.9687,-87.9649,-87.9611,-87.9577,-87.9548,-87.9525,-87.9509
733,-88.2653,-87.9861,-87.9548,-87.9716,-87.9691,-87.9652,-87.9614,-87.958,-87.9551,-87.9528,-87.9512
734,-88.2653,-87.9865,-87.9552,-87.972,-87.9695,-87.9656,-87.9618,-87.9584,-87.9554,-87.9531,-87.9515
735,-88.2653,-87.9868,-87.9556,-87.9724,-87.9698,-87.966,-87.9621,-87.9587,-87.9558,-87.9535,-87.9519
736,-88.2653,-87.9871,-87.956,-87.9727,-87.9702,-87.9663,-87.9625,-87.959,-87.9561,-87.9538,-87.9522
737,-88.2653,-87.9874,-87.9563,-87.9731,-87.9706,-87.9667,-87.9628,-87.9594,-87.9564,-87.9541,-87.9525
738,-88.2653,-87.9877,-87.9567,-87.9735,-87.9709,-87.967,-87.9632,-87.9597,-87.9568,-87.9544,-87.9528
739,-88.2653,-87.988,-87.9571,-87.9739,-87.9713,-87.9674,-87.9635,-87.9601,-87.9571,-87.9548,-87.9531
740,-88.2653,-87.9884,-87.9575,-87.9742,-87.9716,-87.9677,-87.9639,-87.9604,-87.9574,-87.9551,-87.9535
741,-88.2653,-87.9887,-87.9579,-87.9746,-87.972,-87.968,-87.9642,-87.9607,-87.9578,-87.9554,-87.9538
742,-88.2653,-87.989,-87.9582,-87.975,-87.9723,-87.9684,-87.9645,-87.9611,-87.9581,-87.9557,-87.9541
743,-88.2653,-87.9893,-87.9586,-87.9753,-87.9727,-87.9687,-87.9649,-87.9614,-87.9584,-87.9561,-87.9544
744,-88.2653,-87.9896,-87.959,-87.9757,-87.973,-87.9691,-87.9652,-87.9617,-87.9587,-87.9564,-87.9547
745,-88.2653,-87.9899,-87.9594,-87.976,-87.9734,-87.9694,-87.9655,-87.962,-87.9591,-87.9567,-87.955
746,-88.2653,-87.9902,-87.9597,-87.9764,-87.9737,-87.9698,-87.9659,-87.9624,-87.9594,-87.957,-87.9553
747,-88.2653,-87.9905,-87.9601,-87.9767,-87.9741,-87.9701,-87.9662,-87.9627,-87.9597,-87.9573,-87.9556
748,-88.2653,-87.9908,-87.9604,-87.9771,-87.9744,-87.9704,-87.9665,-87.963,-87.96,-87.9576,-87.956
749,-88.2653,-87.9911,-87.9608,-87.9774,-87.9748,-87.9708,-87.9669,-87.9633,-87.9603,-87.9579,-87.9563
750,-88.2653,-87.9914,-87.9612,-87.9778,-87.9751,-87.9711,-87.9672,-87.9637,-87.9606,-87.9582,-87.9566
751,-88.2653,-87.9917,-87.9615,-87.9781,-87.9754,-87.9714,-87.9675,-87.964,-87.961,-87.9586,-87.9569
752,-88.2653,-87.992,-87.9619,-87.9785,-87.9758,-87.9717,-87.9678,-87.9643,-87.9613,-87.9589,-87.9572
753,-88.2653,-87.9923,-87.9622,-87.9788,-87.9761,-87.9721,-87.9682,-87.9646,-87.9616,-87.9592,-87.9575
754,-88.2653,-87.9926,-87.9626,-87.9792,-87.9764,-87.9724,-87.9685,-87.9649,-87.9619,-87.9595,-87.9578
755,-88.2653,-87.9929,-87.9629,-87.9795,-87.9768,-87.9727,-87.9688,-87.9652,-87.9622,-87.9598,-87.9581
756,-88.2653,-87.9931,-87.9633,-87.9799,-87.9771,-87.973,-87.9691,-87.9655,-87.9625,-87.9601,-87.9583
757,-88.2653,-87.9934,-87.9636,-87.9802,-87.9774,-87.9734,-87.9694,-87.9658,-87.9628,-87.9604,-87.9586
758,-88.2653,-87.9937,-87.964,-87.9805,-87.9777,-87.9737,-87.9697,-87.9662,-87.9631,-87.9607,-87.9589
759,-88.2653,-87.994,-87.9643,-87.9809,-87.9781,-87.974,-87.97,-87.9665,-87.9634,-87.961,-87.9592
760,-88.2653,-87.9943,-87.9647,-87.9812,-87.9784,-87.9743,-87.9704,-87.9668,-87.9637,-87.9613,-87.9595
761,-88.2653,-87.9946,-87.965,-87.9815,-87.9787,-87.9746,-87.9707,-87.9671,-87.964,-87.9616,-87.9598
762,-88.2653,-87.9949,-87.9654,-87.9819,-87.979,-87.9749,-87.971,-87.9674,-87.9643,-87.9618,-87.9601
763,-88.2653,-87.9951,-87.9657,-87.9822,-87.9794,-87.9753,-87.9713,-87.9677,-87.9646,-87.9621,-87.9604
764,-88.2653,-87.9954,-87.966,-87.9825,-87.9797,-87.9756,-87.9716,-87.968,-87.9649,-87.9624,-87.9607
765,-88.2653,-87.9957,-87.9664,-87.9828,-87.98,-87.9759,-87.9719,-87.9683,-87.9652,-87.9627,-87.9609
766,-88.2653,-87.996,-87.9667,-87.9832,-87.9803,-87.9762,-87.9722,-87.9686,-87.9655,-87.963,-87.9612
767,-88.2653,-87.9963,-87.967,-87.9835,-87.9806,-87.9765,-87.9725,-87.9689,-87.9658,-87.9633,-87.9615
768,-88.2653,-87.9965,-87.9674,-87.9838,-87.9809,-87.9768,-87.9728,-87.9691,-87.966,-87.9636,-87.9618
769,-88.2653,-87.9968,-87.9677,-87.9841,-87.9812,-87.9771,-87.9731,-87.9694,-87.9663,-87.9638,-87.9621
770,-88.2653,-87.9971,-87.968,-87.9844,-87.9815,-87.9774,-87.9734,-87.9697,-87.9666,-87.9641,-87.9623
771,-88.2653,-87.9973,-87.9683,-87.9848,-87.9818,-87.9777,-87.9737,-87.97,-87.9669,-87.9644,-87.9626
772,-88.2653,-87.9976,-87.9687,-87.9851,-87.9822,-87.978,-87.974,-87.9703,-87.9672,-87.9647,-87.9629
773,-88.2653,-87.9979,-87.969,-87.9854,-87.9825,-87.9783,-87.9742,-87.9706,-87.9675,-87.965,-87.9632
774,-88.2653,-87.9982,-87.9693,-87.9857,-87.9828,-87.9786,-87.9745,-87.9709,-87.9678,-87.9652,-87.9634
775,-88.2653,-87.9984,-87.9696,-87.986,-87.9831,-87.9789,-87.9748,-87.9712,-87.968,-87.9655,-87.9637
776,-88.2653,-87.9987,-87.9699,-87.9863,-87.9834,-87.9792,-87.9751,-87.9714,-87.9683,-87.9658,-87.964
777,-88.2653,-87.9989,-87.9703,-87.9866,-87.9837,-87.9795,-87.9754,-87.9717,-87.9686,-87.9661,-87.9642
778,-88.2653,-87.9992,-87.9706,-87.9869,-87.984,-87.9798,-87.9757,-87.972,-87.9689,-87.9663,-87.9645
779,-88.2653,-87.9995,-87.9709,-87.9872,-87.9843,-87.98,-87.976,-87.9723,-87.9691,-87.9666,-87.9648
780,-88.2653,-87.9997,-87.9712,-87.9875,-87.9845,-87.9803,-87.9763,-87.9726,-87.9694,-87.9669,-87.965
781,-88.2653,-88,-87.9715,-87.9878,-87.9848,-87.9806,-87.9765,-87.9728,-87.9697,-87.9671,-87.9653
782,-88.2653,-88.0003,-87.9718,-87.9881,-87.9851,-87.9809,-87.9768,-87.9731,-87.97,-87.9674,-87.9656
783,-88.2653,-88.0005,-87.9721,-87.9884,-87.9854,-87.9812,-87.9771,-87.9734,-87.9702,-87.9677,-87.9658
784,-88.2653,-88.0008,-87.9724,-87.9887,-87.9857,-87.9815,-87.9774,-87.9737,-87.9705,-87.9679,-87.9661
785,-88.2653,-88.001,-87.9727,-87.989,-87.986,-87.9817,-87.9776,-87.9739,-87.9708,-87.9682,-87.9663
786,-88.2653,-88.0013,-87.973,-87.9893,-87.9863,-87.982,-87.9779,-87.9742,-87.971,-87.9685,-87.9666
787,-88.2653,-88.0015,-87.9733,-87.9896,-87.9866,-87.9823,-87.9782,-87.9745,-87.9713,-87.9687,-87.9668
788,-88.2653,-88.0018,-87.9736,-87.9899,-87.9868,-87.9826,-87.9785,-87.9747,-87.9715,-87.969,-87.9671
789,-88.2653,-88.002,-87.9739,-87.9902,-87.9871,-87.9829,-87.9787,-87.975,-87.9718,-87.9692,-87.9674
790,-88.2653,-88.0023,-87.9742,-87.9905,-87.9874,-87.9831,-87.979,-87.9753,-87.9721,-87.9695,-87.9676
791,-88.2653,-88.0025,-87.9745,-87.9908,-87.9877,-87.9834,-87.9793,-87.9755,-87.9723,-87.9697,-87.9679
792,-88.2653,-88.0028,-87.9748,-87.991,-87.988,-87.9837,-87.9795,-87.9758,-87.9726,-87.97,-87.9681
793,-88.2653,-88.003,-87.9751,-87.9913,-87.9882,-87.9839,-87.9798,-87.9761,-87.9728,-87.9703,-87.9684
794,-88.2653,-88.0033,-87.9754,-87.9916,-87.9885,-87.9842,-87.9801,-87.9763,-87.9731,-87.9705,-87.9686
795,-88.2653,-88.0035,-87.9757,-87.9919,-87.9888,-87.9845,-87.9803,-87.9766,-87.9734,-87.9708,-87.9689
796,-88.2653,-88.0038,-87.976,-87.9922,-87.9891,-87.9848,-87.9806,-87.9768,-87.9736,-87.971,-87.9691
797,-88.2653,-88.004,-87.9763,-87.9925,-87.9893,-87.985,-87.9809,-87.9771,-87.9739,-87.9713,-87.9693
798,-88.2653,-88.0042,-87.9766,-87.9927,-87.9896,-87.9853,-87.9811,-87.9773,-87.9741,-87.9715,-87.9696
799,-88.2653,-88.0045,-87.9769,-87.993,-87.9899,-87.9855,-87.9814,-87.9776,-87.9744,-87.9718,-87.9698
800,-88.2653,-88.0047,-87.9771,-87.9933,-87.9901,-87.9858,-87.9816,-87.9779,-87.9746,-87.972,-87.9701
801,-88.2653,-88.005,-87.9774,-87.9936,-87.9904,-87.9861,-87.9819,-87.9781,-87.9749,-87.9722,-87.9703
802,-88.2653,-88.0052,-87.9777,-87.9938,-87.9907,-87.9863,-87.9821,-87.9784,-87.9751,-87.9725,-87.9705
803,-88.2653,-88.0054,-87.978,-87.9941,-87.9909,-87.9866,-87.9824,-87.9786,-87.9754,-87.9727,-87.9708
804,-88.2653,-88.0057,-87.9783,-87.9944,-87.9912,-87.9868,-87.9826,-87.9789,-87.9756,-87.973,-87.971
805,-88.2653,-88.0059,-87.9785,-87.9946,-87.9915,-87.9871,-87.9829,-87.9791,-87.9758,-87.9732,-87.9713
806,-88.2653,-88.0061,-87.9788,-87.9949,-87.9917,-87.9874,-87.9832,-87.9794,-87.9761,-87.9734,-87.9715
807,-88.2653,-88.0064,-87.9791,-87.9952,-87.992,-87.9876,-87.9834,-87.9796,-87.9763,-87.9737,-87.9717
808,-88.2653,-88.0066,-87.9794,-87.9954,-87.9922,-87.9879,-87.9836,-87.9798,-87.9766,-87.9739,-87.972
809,-88.2653,-88.0068,-87.9796,-87.9957,-87.9925,-87.9881,-87.9839,-87.9801,-87.9768,-87.9742,-87.9722
810,-88.2653,-88.0071,-87.9799,-87.996,-87.9928,-87.9884,-87.9841,-87.9803,-87.977,-87.9744,-87.9724
811,-88.2653,-88.0073,-87.9802,-87.9962,-87.993,-87.9886,-87.9844,-87.9806,-87.9773,-87.9746,-87.9726
812,-88.2653,-88.0075,-87.9804,-87.9965,-87.9933,-87.9889,-87.9846,-87.9808,-87.9775,-87.9749,-87.9729
813,-88.2653,-88.0077,-87.9807,-87.9968,-87.9935,-87.9891,-87.9849,-87.981,-87.9778,-87.9751,-87.9731
814,-88.2653,-88.008,-87.981,-87.997,-87.9938,-87.9894,-87.9851,-87.9813,-87.978,-87.9753,-87.9733
815,-88.2653,-88.0082,-87.9812,-87.9973,-87.994,-87.9896,-87.9854,-87.9815,-87.9782,-87.9755,-87.9736
816,-88.2653,-88.0084,-87.9815,-87.9975,-87.9943,-87.9898,-87.9856,-87.9818,-87.9785,-87.9758,-87.9738
817,-88.2653,-88.0086,-87.9818,-87.9978,-87.9945,-87.9901,-87.9858,-87.982,-87.9787,-87.976,-87.974
818,-88.2653,-88.0088,-87.982,-87.998,-87.9948,-87.9903,-87.9861,-87.9822,-87.9789,-87.9762,-87.9742
819,-88.2653,-88.0091,-87.9823,-87.9983,-87.995,-87.9906,-87.9863,-87.9825,-87.9791,-87.9764,-87.9744
820,-88.2653,-88.0093,-87.9825,-87.9985,-87.9952,-87.9908,-87.9865,-87.9827,-87.9794,-87.9767,-87.9747
821,-88.2653,-88.0095,-87.9828,-87.9988,-87.9955,-87.991,-87.9868,-87.9829,-87.9796,-87.9769,-87.9749
822,-88.2653,-88.0097,-87.9831,-87.999,-87.9957,-87.9913,-87.987,-87.9831,-87.9798,-87.9771,-87.9751
823,-88.2653,-88.0099,-87.9833,-87.9993,-87.996,-87.9915,-87.9872,-87.9834,-87.98,-87.9773,-87.9753
824,-88.2653,-88.0102,-87.9836,-87.9995,-87.9962,-87.9917,-87.9875,-87.9836,-87.9803,-87.9776,-87.9755
825,-88.2653,-88.0104,-87.9838,-87.9998,-87.9965,-87.992,-87.9877,-87.9838,-87.9805,-87.9778,-87.9758
826,-88.2653,-88.0106,-87.9841,-88,-87.9967,-87.9922,-87.9879,-87.984,-87.9807,-87.978,-87.976
827,-88.2653,-88.0108,-87.9843,-88.0003,-87.9969,-87.9924,-87.9882,-87.9843,-87.9809,-87.9782,-87.9762
828,-88.2653,-88.011,-87.9846,-88.0005,-87.9972,-87.9927,-87.9884,-87.9845,-87.9811,-87.9784,-87.9764
829,-88.2653,-88.0112,-87.9848,-88.0007,-87.9974,-87.9929,-87.9886,-87.9847,-87.9814,-87.9786,-87.9766
830,-88.2653,-88.0114,-87.9851,-88.001,-87.9976,-87.9931,-87.9888,-87.9849,-87.9816,-87.9789,-87.9768
831,-88.2653,-88.0116,-87.9853,-88.0012,-87.9979,-87.9934,-87.9891,-87.9852,-87.9818,-87.9791,-87.977
832,-88.2653,-88.0119,-87.9856,-88.0015,-87.9981,-87.9936,-87.9893,-87.9854,-87.982,-87.9793,-87.9772
833,-88.2653,-88.0121,-87.9858,-88.0017,-87.9983,-87.9938,-87.9895,-87.9856,-87.9822,-87.9795,-87.9774
834,-88.2653,-88.0123,-87.986,-88.0019,-87.9986,-87.994,-87.9897,-87.9858,-87.9824,-87.9797,-87.9776
835,-88.2653,-88.0125,-87.9863,-88.0022,-87.9988,-87.9943,-87.9899,-87.986,-87.9827,-87.9799,-87.9779
836,-88.2653,-88.0127,-87.9865,-88.0024,-87.999,-87.9945,-87.9902,-87.9862,-87.9829,-87.9801,-87.9781
837,-88.2653,-88.0129,-87.9868,-88.0026,-87.9992,-87.9947,-87.9904,-87.9865,-87.9831,-87.9803,-87.9783
838,-88.2653,-88.0131,-87.987,-88.0029,-87.9995,-87.9949,-87.9906,-87.9867,-87.9833,-87.9805,-87.9785
839,-88.2653,-88.0133,-87.9872,-88.0031,-87.9997,-87.9951,-87.9908,-87.9869,-87.9835,-87.9807,-87.9787
840,-88.2653,-88.0135,-87.9875,-88.0033,-87.9999,-87.9954,-87.991,-87.9871,-87.9837,-87.9809,-87.9789
841,-88.2653,-88.0137,-87.9877,-88.0035,-88.0001,-87.9956,-87.9912,-87.9873,-87.9839,-87.9811,-87.9791
842,-88.2653,-88.0139,-87.9879,-88.0038,-88.0003,-87.9958,-87.9914,-87.9875,-87.9841,-87.9814,-87.9793
843,-88.2653,-88.0141,-87.9882,-88.004,-88.0006,-87.996,-87.9917,-87.9877,-87.9843,-87.9816,-87.9795
844,-88.2653,-88.0143,-87.9884,-88.0042,-88.0008,-87.9962,-87.9919,-87.9879,-87.9845,-87.9818,-87.9797
845,-88.2653,-88.0145,-87.9886,-88.0044,-88.001,-87.9964,-87.9921,-87.9881,-87.9847,-87.982,-87.9799
846,-88.2653,-88.0147,-87.9889,-88.0047,-88.0012,-87.9966,-87.9923,-87.9883,-87.9849,-87.9822,-87.9801
847,-88.2653,-88.0149,-87.9891,-88.0049,-88.0014,-87.9969,-87.9925,-87.9885,-87.9851,-87.9824,-87.9803
848,-88.2653,-88.0151,-87.9893,-88.0051,-88.0017,-87.9971,-87.9927,-87.9887,-87.9853,-87.9825,-87.9804
849,-88.2653,-88.0153,-87.9895,-88.0053,-88.0019,-87.9973,-87.9929,-87.9889,-87.9855,-87.9827,-87.9806
850,-88.2653,-88.0155,-87.9898,-88.0056,-88.0021,-87.9975,-87.9931,-87.9891,-87.9857,-87.9829,-87.9808
851,-88.2653,-88.0156,-87.99,-88.0058,-88.0023,-87.9977,-87.9933,-87.9893,-87.9859,-87.9831,-87.981
852,-88.2653,-88.0158,-87.9902,-88.006,-88.0025,-87.9979,-87.9935,-87.9895,-87.9861,-87.9833,-87.9812
853,-88.2653,-88.016,-87.9904,-88.0062,-88.0027,-87.9981,-87.9937,-87.9897,-87.9863,-87.9835,-87.9814
854,-88.2653,-88.0162,-87.9906,-88.0064,-88.0029,-87.9983,-87.9939,-87.9899,-87.9865,-87.9837,-87.9816
855,-88.2653,-88.0164,-87.9909,-88.0066,-88.0031,-87.9985,-87.9941,-87.9901,-87.9867,-87.9839,-87.9818
856,-88.2653,-88.0166,-87.9911,-88.0068,-88.0033,-87.9987,-87.9943,-87.9903,-87.9869,-87.9841,-87.982
857,-88.2653,-88.0168,-87.9913,-88.0071,-88.0035,-87.9989,-87.9945,-87.9905,-87.9871,-87.9843,-87.9822
858,-88.2653,-88.017,-87.9915,-88.0073,-88.0037,-87.9991,-87.9947,-87.9907,-87.9873,-87.9845,-87.9823
859,-88.2653,-88.0172,-87.9917,-88.0075,-88.004,-87.9993,-87.9949,-87.9909,-87.9875,-87.9847,-87.9825
860,-88.2653,-88.0173,-87.992,-88.0077,-88.0042,-87.9995,-87.9951,-87.9911,-87.9877,-87.9848,-87.9827
861,-88.2653,-88.0175,-87.9922,-88.0079,-88.0044,-87.9997,-87.9953,-87.9913,-87.9879,-87.985,-87.9829
862,-88.2653,-88.0177,-87.9924,-88.0081,-88.0046,-87.9999,-87.9955,-87.9915,-87.988,-87.9852,-87.9831
863,-88.2653,-88.0179,-87.9926,-88.0083,-88.0048,-88.0001,-87.9957,-87.9917,-87.9882,-87.9854,-87.9833
864,-88.2653,-88.0181,-87.9928,-88.0085,-88.005,-88.0003,-87.9959,-87.9919,-87.9884,-87.9856,-87.9834
865,-88.2653,-88.0183,-87.993,-88.0087,-88.0052,-88.0005,-87.9961,-87.9921,-87.9886,-87.9858,-87.9836
866,-88.2653,-88.0184,-87.9932,-88.0089,-88.0054,-88.0007,-87.9963,-87.9923,-87.9888,-87.986,-87.9838
867,-88.2653,-88.0186,-87.9934,-88.0091,-88.0056,-88.0009,-87.9965,-87.9924,-87.989,-87.9861,-87.984
868,-88.2653,-88.0188,-87.9936,-88.0093,-88.0057,-88.0011,-87.9966,-87.9926,-87.9892,-87.9863,-87.9842
869,-88.2653,-88.019,-87.9938,-88.0095,-88.0059,-88.0013,-87.9968,-87.9928,-87.9893,-87.9865,-87.9843
870,-88.2653,-88.0192,-87.994,-88.0097,-88.0061,-88.0015,-87.997,-87.993,-87.9895,-87.9867,-87.9845
871,-88.2653,-88.0193,-87.9942,-88.0099,-88.0063,-88.0017,-87.9972,-87.9932,-87.9897,-87.9869,-87.9847
872,-88.2653,-88.0195,-87.9945,-88.0101,-88.0065,-88.0018,-87.9974,-87.9934,-87.9899,-87.987,-87.9849
873,-88.2653,-88.0197,-87.9947,-88.0103,-88.0067,-88.002,-87.9976,-87.9935,-87.9901,-87.9872,-87.985
874,-88.2653,-88.0199,-87.9949,-88.0105,-88.0069,-88.0022,-87.9978,-87.9937,-87.9902,-87.9874,-87.9852
875,-88.2653,-88.02,-87.9951,-88.0107,-88.0071,-88.0024,-87.9979,-87.9939,-87.9904,-87.9876,-87.9854
876,-88.2653,-88.0202,-87.9953,-88.0109,-88.0073,-88.0026,-87.9981,-87.9941,-87.9906,-87.9877,-87.9855
877,-88.2653,-88.0204,-87.9955,-88.0111,-88.0075,-88.0028,-87.9983,-87.9943,-87.9908,-87.9879,-87.9857
878,-88.2653,-88.0206,-87.9957,-88.0113,-88.0077,-88.003,-87.9985,-87.9944,-87.991,-87.9881,-87.9859
879,-88.2653,-88.0207,-87.9958,-88.0115,-88.0079,-88.0031,-87.9987,-87.9946,-87.9911,-87.9883,-87.9861
880,-88.2653,-88.0209,-87.996,-88.0117,-88.008,-88.0033,-87.9988,-87.9948,-87.9913,-87.9884,-87.9862
881,-88.2653,-88.0211,-87.9962,-88.0119,-88.0082,-88.0035,-87.999,-87.995,-87.9915,-87.9886,-87.9864
882,-88.2653,-88.0212,-87.9964,-88.0121,-88.0084,-88.0037,-87.9992,-87.9952,-87.9916,-87.9888,-87.9866
883,-88.2653,-88.0214,-87.9966,-88.0122,-88.0086,-88.0039,-87.9994,-87.9953,-87.9918,-87.9889,-87.9867
884,-88.2653,-88.0216,-87.9968,-88.0124,-88.0088,-88.004,-87.9996,-87.9955,-87.992,-87.9891,-87.9869
885,-88.2653,-88.0217,-87.997,-88.0126,-88.009,-88.0042,-87.9997,-87.9957,-87.9922,-87.9893,-87.9871
886,-88.2653,-88.0219,-87.9972,-88.0128,-88.0091,-88.0044,-87.9999,-87.9958,-87.9923,-87.9894,-87.9872
887,-88.2653,-88.0221,-87.9974,-88.013,-88.0093,-88.0046,-88.0001,-87.996,-87.9925,-87.9896,-87.9874
888,-88.2653,-88.0222,-87.9976,-88.0132,-88.0095,-88.0048,-88.0003,-87.9962,-87.9927,-87.9898,-87.9875
889,-88.2653,-88.0224,-87.9978,-88.0134,-88.0097,-88.0049,-88.0004,-87.9964,-87.9928,-87.9899,-87.9877
890,-88.2653,-88.0226,-87.998,-88.0135,-88.0099,-88.0051,-88.0006,-87.9965,-87.993,-87.9901,-87.9879
891,-88.2653,-88.0227,-87.9981,-88.0137,-88.01,-88.0053,-88.0008,-87.9967,-87.9932,-87.9903,-87.988
892,-88.2653,-88.0229,-87.9983,-88.0139,-88.0102,-88.0055,-88.0009,-87.9969,-87.9933,-87.9904,-87.9882
893,-88.2653,-88.0231,-87.9985,-88.0141,-88.0104,-88.0056,-88.0011,-87.997,-87.9935,-87.9906,-87.9883
894,-88.2653,-88.0232,-87.9987,-88.0143,-88.0106,-88.0058,-88.0013,-87.9972,-87.9937,-87.9907,-87.9885
895,-88.2653,-88.0234,-87.9989,-88.0144,-88.0107,-88.006,-88.0014,-87.9974,-87.9938,-87.9909,-87.9887
896,-88.2653,-88.0235,-87.9991,-88.0146,-88.0109,-88.0061,-88.0016,-87.9975,-87.994,-87.9911,-87.9888
897,-88.2653,-88.0237,-87.9992,-88.0148,-88.0111,-88.0063,-88.0018,-87.9977,-87.9941,-87.9912,-87.989
898,-88.2653,-88.0239,-87.9994,-88.015,-88.0112,-88.0065,-88.0019,-87.9978,-87.9943,-87.9914,-87.9891
899,-88.2653,-88.024,-87.9996,-88.0151,-88.0114,-88.0066,-88.0021,-87.998,-87.9945,-87.9915,-87.9893
900,-88.2653,-88.0242,-87.9998,-88.0153,-88.0116,-88.0068,-88.0023,-87.9982,-87.9946,-87.9917,-87.9894
901,-88.2653,-88.0243,-88,-88.0155,-88.0118,-88.007,-88.0024,-87.9983,-87.9948,-87.9918,-87.9896
902,-88.2653,-88.0245,-88.0001,-88.0157,-88.0119,-88.0071,-88.0026,-87.9985,-87.9949,-87.992,-87.9897
903,-88.2653,-88.0246,-88.0003,-88.0158,-88.0121,-88.0073,-88.0028,-87.9986,-87.9951,-87.9922,-87.9899
904,-88.2653,-88.0248,-88.0005,-88.016,-88.0123,-88.0075,-88.0029,-87.9988,-87.9952,-87.9923,-87.9901
905,-88.2653,-88.0249,-88.0007,-88.0162,-88.0124,-88.0076,-88.0031,-87.999,-87.9954,-87.9925,-87.9902
906,-88.2653,-88.0251,-88.0008,-88.0163,-88.0126,-88.0078,-88.0032,-87.9991,-87.9956,-87.9926,-87.9904
907,-88.2653,-88.0252,-88.001,-88.0165,-88.0128,-88.008,-88.0034,-87.9993,-87.9957,-87.9928,-87.9905
908,-88.2653,-88.0254,-88.0012,-88.0167,-88.0129,-88.0081,-88.0036,-87.9994,-87.9959,-87.9929,-87.9907
909,-88.2653,-88.0256,-88.0014,-88.0169,-88.0131,-88.0083,-88.0037,-87.9996,-87.996,-87.9931,-87.9908
910,-88.2653,-88.0257,-88.0015,-88.017,-88.0132,-88.0084,-88.0039,-87.9997,-87.9962,-87.9932,-87.9909
911,-88.2653,-88.0259,-88.0017,-88.0172,-88.0134,-88.0086,-88.004,-87.9999,-87.9963,-87.9934,-87.9911
912,-88.2653,-88.026,-88.0019,-88.0174,-88.0136,-88.0088,-88.0042,-88.0001,-87.9965,-87.9935,-87.9912
913,-88.2653,-88.0262,-88.002,-88.0175,-88.0137,-88.0089,-88.0043,-88.0002,-87.9966,-87.9937,-87.9914
914,-88.2653,-88.0263,-88.0022,-88.0177,-88.0139,-88.0091,-88.0045,-88.0004,-87.9968,-87.9938,-87.9915
915,-88.2653,-88.0264,-88.0024,-88.0178,-88.0141,-88.0092,-88.0046,-88.0005,-87.9969,-87.994,-87.9917
916,-88.2653,-88.0266,-88.0025,-88.018,-88.0142,-88.0094,-88.0048,-88.0007,-87.9971,-87.9941,-87.9918
917,-88.2653,-88.0267,-88.0027,-88.0182,-88.0144,-88.0095,-88.005,-88.0008,-87.9972,-87.9943,-87.992
918,-88.2653,-88.0269,-88.0029,-88.0183,-88.0145,-88.0097,-88.0051,-88.001,-87.9974,-87.9944,-87.9921
919,-88.2653,-88.027,-88.003,-88.0185,-88.0147,-88.0098,-88.0053,-88.0011,-87.9975,-87.9945,-87.9922
920,-88.2653,-88.0272,-88.0032,-88.0186,-88.0148,-88.01,-88.0054,-88.0013,-87.9977,-87.9947,-87.9924
921,-88.2653,-88.0273,-88.0034,-88.0188,-88.015,-88.0101,-88.0056,-88.0014,-87.9978,-87.9948,-87.9925
922,-88.2653,-88.0275,-88.0035,-88.019,-88.0151,-88.0103,-88.0057,-88.0015,-87.9979,-87.995,-87.9927
923,-88.2653,-88.0276,-88.0037,-88.0191,-88.0153,-88.0104,-88.0058,-88.0017,-87.9981,-87.9951,-87.9928
924,-88.2653,-88.0278,-88.0038,-88.0193,-88.0155,-88.0106,-88.006,-88.0018,-87.9982,-87.9953,-87.9929
925,-88.2653,-88.0279,-88.004,-88.0194,-88.0156,-88.0107,-88.0061,-88.002,-87.9984,-87.9954,-87.9931
926,-88.2653,-88.028,-88.0042,-88.0196,-88.0158,-88.0109,-88.0063,-88.0021,-87.9985,-87.9955,-87.9932
927,-88.2653,-88.0282,-88.0043,-88.0197,-88.0159,-88.011,-88.0064,-88.0023,-87.9987,-87.9957,-87.9934
928,-88.2653,-88.0283,-88.0045,-88.0199,-88.0161,-88.0112,-88.0066,-88.0024,-87.9988,-87.9958,-87.9935
929,-88.2653,-88.0285,-88.0046,-88.0201,-88.0162,-88.0113,-88.0067,-88.0026,-87.9989,-87.9959,-87.9936
930,-88.2653,-88.0286,-88.0048,-88.0202,-88.0164,-88.0115,-88.0069,-88.0027,-87.9991,-87.9961,-87.9938
931,-88.2653,-88.0287,-88.0049,-88.0204,-88.0165,-88.0116,-88.007,-88.0028,-87.9992,-87.9962,-87.9939
932,-88.2653,-88.0289,-88.0051,-88.0205,-88.0167,-88.0118,-88.0072,-88.003,-87.9994,-87.9964,-87.994
933,-88.2653,-88.029,-88.0053,-88.0207,-88.0168,-88.0119,-88.0073,-88.0031,-87.9995,-87.9965,-87.9942
934,-88.2653,-88.0291,-88.0054,-88.0208,-88.0169,-88.0121,-88.0074,-88.0033,-87.9996,-87.9966,-87.9943
935,-88.2653,-88.0293,-88.0056,-88.021,-88.0171,-88.0122,-88.0076,-88.0034,-87.9998,-87.9968,-87.9944
936,-88.2653,-88.0294,-88.0057,-88.0211,-88.0172,-88.0123,-88.0077,-88.0035,-87.9999,-87.9969,-87.9946
937,-88.2653,-88.0296,-88.0059,-88.0213,-88.0174,-88.0125,-88.0079,-88.0037,-88,-87.997,-87.9947
938,-88.2653,-88.0297,-88.006,-88.0214,-88.0175,-88.0126,-88.008,-88.0038,-88.0002,-87.9972,-87.9948
939,-88.2653,-88.0298,-88.0062,-88.0216,-88.0177,-88.0128,-88.0081,-88.0039,-88.0003,-87.9973,-87.995
940,-88.2653,-88.03,-88.0063,-88.0217,-88.0178,-88.0129,-88.0083,-88.0041,-88.0004,-87.9974,-87.9951
941,-88.2653,-88.0301,-88.0065,-88.0218,-88.018,-88.013,-88.0084,-88.0042,-88.0006,-87.9976,-87.9952
942,-88.2653,-88.0302,-88.0066,-88.022,-88.0181,-88.0132,-88.0085,-88.0043,-88.0007,-87.9977,-87.9953
943,-88.2653,-88.0304,-88.0068,-88.0221,-88.0182,-88.0133,-88.0087,-88.0045,-88.0008,-87.9978,-87.9955
944,-88.2653,-88.0305,-88.0069,-88.0223,-88.0184,-88.0135,-88.0088,-88.0046,-88.001,-87.9979,-87.9956
945,-88.2653,-88.0306,-88.0071,-88.0224,-88.0185,-88.0136,-88.0089,-88.0047,-88.0011,-87.9981,-87.9957
946,-88.2653,-88.0307,-88.0072,-88.0226,-88.0187,-88.0137,-88.0091,-88.0049,-88.0012,-87.9982,-87.9959
947,-88.2653,-88.0309,-88.0073,-88.0227,-88.0188,-88.0139,-88.0092,-88.005,-88.0014,-87.9983,-87.996
948,-88.2653,-88.031,-88.0075,-88.0228,-88.0189,-88.014,-88.0093,-88.0051,-88.0015,-87.9985,-87.9961
949,-88.2653,-88.0311,-88.0076,-88.023,-88.0191,-88.0141,-88.0095,-88.0053,-88.0016,-87.9986,-87.9962
950,-88.2653,-88.0313,-88.0078,-88.0231,-88.0192,-88.0143,-88.0096,-88.0054,-88.0017,-87.9987,-87.9964
951,-88.2653,-88.0314,-88.0079,-88.0233,-88.0193,-88.0144,-88.0097,-88.0055,-88.0019,-87.9988,-87.9965
952,-88.2653,-88.0315,-88.0081,-88.0234,-88.0195,-88.0145,-88.0099,-88.0057,-88.002,-87.999,-87.9966
953,-88.2653,-88.0316,-88.0082,-88.0235,-88.0196,-88.0147,-88.01,-88.0058,-88.0021,-87.9991,-87.9967
954,-88.2653,-88.0318,-88.0083,-88.0237,-88.0197,-88.0148,-88.0101,-88.0059,-88.0023,-87.9992,-87.9968
955,-88.2653,-88.0319,-88.0085,-88.0238,-88.0199,-88.0149,-88.0103,-88.006,-88.0024,-87.9993,-87.997
956,-88.2653,-88.032,-88.0086,-88.024,-88.02,-88.0151,-88.0104,-88.0062,-88.0025,-87.9995,-87.9971
957,-88.2653,-88.0321,-88.0088,-88.0241,-88.0201,-88.0152,-88.0105,-88.0063,-88.0026,-87.9996,-87.9972
958,-88.2653,-88.0323,-88.0089,-88.0242,-88.0203,-88.0153,-88.0106,-88.0064,-88.0027,-87.9997,-87.9973
959,-88.2653,-88.0324,-88.009,-88.0244,-88.0204,-88.0155,-88.0108,-88.0065,-88.0029,-87.9998,-87.9974
960,-88.2653,-88.0325,-88.0092,-88.0245,-88.0205,-88.0156,-88.0109,-88.0067,-88.003,-87.9999,-87.9976
961,-88.2653,-88.0326,-88.0093,-88.0246,-88.0207,-88.0157,-88.011,-88.0068,-88.0031,-88.0001,-87.9977
962,-88.2653,-88.0328,-88.0094,-88.0248,-88.0208,-88.0158,-88.0111,-88.0069,-88.0032,-88.0002,-87.9978
963,-88.2653,-88.0329,-88.0096,-88.0249,-88.0209,-88.016,-88.0113,-88.007,-88.0034,-88.0003,-87.9979
964,-88.2653,-88.033,-88.0097,-88.025,-88.0211,-88.0161,-88.0114,-88.0072,-88.0035,-88.0004,-87.998
965,-88.2653,-88.0331,-88.0098,-88.0252,-88.0212,-88.0162,-88.0115,-88.0073,-88.0036,-88.0005,-87.9981
966,-88.2653,-88.0333,-88.01,-88.0253,-88.0213,-88.0163,-88.0116,-88.0074,-88.0037,-88.0007,-87.9983
967,-88.2653,-88.0334,-88.0101,-88.0254,-88.0214,-88.0165,-88.0118,-88.0075,-88.0038,-88.0008,-87.9984
968,-88.2653,-88.0335,-88.0102,-88.0255,-88.0216,-88.0166,-88.0119,-88.0076,-88.004,-88.0009,-87.9985
969,-88.2653,-88.0336,-88.0104,-88.0257,-88.0217,-88.0167,-88.012,-88.0078,-88.0041,-88.001,-87.9986
970,-88.2653,-88.0337,-88.0105,-88.0258,-88.0218,-88.0168,-88.0121,-88.0079,-88.0042,-88.0011,-87.9987
971,-88.2653,-88.0338,-88.0106,-88.0259,-88.0219,-88.017,-88.0122,-88.008,-88.0043,-88.0012,-87.9988
972,-88.2653,-88.034,-88.0108,-88.0261,-88.0221,-88.0171,-88.0124,-88.0081,-88.0044,-88.0013,-87.9989
973,-88.2653,-88.0341,-88.0109,-88.0262,-88.0222,-88.0172,-88.0125,-88.0082,-88.0045,-88.0015,-87.9991
974,-88.2653,-88.0342,-88.011,-88.0263,-88.0223,-88.0173,-88.0126,-88.0083,-88.0046,-88.0016,-87.9992
975,-88.2653,-88.0343,-88.0111,-88.0264,-88.0224,-88.0174,-88.0127,-88.0085,-88.0048,-88.0017,-87.9993
976,-88.2653,-88.0344,-88.0113,-88.0266,-88.0225,-88.0176,-88.0128,-88.0086,-88.0049,-88.0018,-87.9994
977,-88.2653,-88.0345,-88.0114,-88.0267,-88.0227,-88.0177,-88.013,-88.0087,-88.005,-88.0019,-87.9995
978,-88.2653,-88.0347,-88.0115,-88.0268,-88.0228,-88.0178,-88.0131,-88.0088,-88.0051,-88.002,-87.9996
979,-88.2653,-88.0348,-88.0117,-88.0269,-88.0229,-88.0179,-88.0132,-88.0089,-88.0052,-88.0021,-87.9997
980,-88.2653,-88.0349,-88.0118,-88.027,-88.023,-88.018,-88.0133,-88.009,-88.0053,-88.0022,-87.9998
981,-88.2653,-88.035,-88.0119,-88.0272,-88.0231,-88.0181,-88.0134,-88.0092,-88.0054,-88.0024,-87.9999
982,-88.2653,-88.0351,-88.012,-88.0273,-88.0233,-88.0183,-88.0135,-88.0093,-88.0056,-88.0025,-88
983,-88.2653,-88.0352,-88.0121,-88.0274,-88.0234,-88.0184,-88.0136,-88.0094,-88.0057,-88.0026,-88.0002
984,-88.2653,-88.0353,-88.0123,-88.0275,-88.0235,-88.0185,-88.0138,-88.0095,-88.0058,-88.0027,-88.0003
985,-88.2653,-88.0355,-88.0124,-88.0277,-88.0236,-88.0186,-88.0139,-88.0096,-88.0059,-88.0028,-88.0004
986,-88.2653,-88.0356,-88.0125,-88.0278,-88.0237,-88.0187,-88.014,-88.0097,-88.006,-88.0029,-88.0005
987,-88.2653,-88.0357,-88.0126,-88.0279,-88.0239,-88.0188,-88.0141,-88.0098,-88.0061,-88.003,-88.0006
988,-88.2653,-88.0358,-88.0128,-88.028,-88.024,-88.0189,-88.0142,-88.0099,-88.0062,-88.0031,-88.0007
989,-88.2653,-88.0359,-88.0129,-88.0281,-88.0241,-88.0191,-88.0143,-88.01,-88.0063,-88.0032,-88.0008
990,-88.2653,-88.036,-88.013,-88.0282,-88.0242,-88.0192,-88.0144,-88.0101,-88.0064,-88.0033,-88.0009
991,-88.2653,-88.0361,-88.0131,-88.0284,-88.0243,-88.0193,-88.0145,-88.0103,-88.0065,-88.0034,-88.001
992,-88.2653,-88.0362,-88.0132,-88.0285,-88.0244,-88.0194,-88.0147,-88.0104,-88.0066,-88.0035,-88.0011
993,-88.2653,-88.0363,-88.0134,-88.0286,-88.0245,-88.0195,-88.0148,-88.0105,-88.0067,-88.0036,-88.0012
994,-88.2653,-88.0364,-88.0135,-88.0287,-88.0247,-88.0196,-88.0149,-88.0106,-88.0068,-88.0037,-88.0013
995,-88.2653,-88.0365,-88.0136,-88.0288,-88.0248,-88.0197,-88.015,-88.0107,-88.007,-88.0038,-88.0014
996,-88.2653,-88.0367,-88.0137,-88.0289,-88.0249,-88.0198,-88.0151,-88.0108,-88.0071,-88.0039,-88.0015
997,-88.2653,-88.0368,-88.0138,-88.0291,-88.025,-88.0199,-88.0152,-88.0109,-88.0072,-88.004,-88.0016
998,-88.2653,-88.0369,-88.0139,-88.0292,-88.0251,-88.0201,-88.0153,-88.011,-88.0073,-88.0041,-88.0017
999,-88.2653,-88.037,-88.014,-88.0293,-88.0252,-88.0202,-88.0154,-88.0111,-88.0074,-88.0043,-88.0018
1000,-88.2653,-88.0371,-88.0142,-88.0294,-88.0253,-88.0203,-88.0155,-88.0112,-88.0075,-88.0044,-88.0019
