RandomRun	NaV1.5_IC50(uM)	NaV1.5_Hill	CaV1.2_IC50(uM)	CaV1.2_Hill	hERG_IC50(uM)	hERG_Hill	IKs_IC50(uM)	IKs_Hill	Itof_IC50(uM)	Itof_Hill	Concentration(uM)	APD50(ms)	APD90(ms)
0	43.72	1	1e+06	1	66.6	1	338.65	1	93	1	0	273.248	301.461
0	43.72	1	1e+06	1	66.6	1	338.65	1	93	1	0.001	273.249	301.462
0	43.72	1	1e+06	1	66.6	1	338.65	1	93	1	0.00316228	273.251	301.464
0	43.72	1	1e+06	1	66.6	1	338.65	1	93	1	0.01	273.255	301.469
0	43.72	1	1e+06	1	66.6	1	338.65	1	93	1	0.0316228	273.281	301.49
0	43.72	1	1e+06	1	66.6	1	338.65	1	93	1	0.1	273.338	301.55
0	43.72	1	1e+06	1	66.6	1	338.65	1	93	1	0.316228	273.534	301.743
0	43.72	1	1e+06	1	66.6	1	338.65	1	93	1	1	274.152	302.347
0	43.72	1	1e+06	1	66.6	1	338.65	1	93	1	3.16228	276.048	304.211
0	43.72	1	1e+06	1	66.6	1	338.65	1	93	1	10	281.518	309.675
0	43.72	1	1e+06	1	66.6	1	338.65	1	93	1	31.6228	295.434	323.903
0	43.72	1	1e+06	1	66.6	1	338.65	1	93	1	100	322.189	354.171
1	37.4218	1	761633	1	63.5655	1	592.516	1	82.7146	1	0	273.249	301.462
1	37.4218	1	761633	1	63.5655	1	592.516	1	82.7146	1	0.001	273.25	301.462
1	37.4218	1	761633	1	63.5655	1	592.516	1	82.7146	1	0.00316228	273.252	301.464
1	37.4218	1	761633	1	63.5655	1	592.516	1	82.7146	1	0.01	273.258	301.47
1	37.4218	1	761633	1	63.5655	1	592.516	1	82.7146	1	0.0316228	273.278	301.489
1	37.4218	1	761633	1	63.5655	1	592.516	1	82.7146	1	0.1	273.339	301.548
1	37.4218	1	761633	1	63.5655	1	592.516	1	82.7146	1	0.316228	273.533	301.734
1	37.4218	1	761633	1	63.5655	1	592.516	1	82.7146	1	1	274.136	302.315
1	37.4218	1	761633	1	63.5655	1	592.516	1	82.7146	1	3.16228	275.965	304.086
1	37.4218	1	761633	1	63.5655	1	592.516	1	82.7146	1	10	281.169	309.153
1	37.4218	1	761633	1	63.5655	1	592.516	1	82.7146	1	31.6228	293.289	321.547
1	37.4218	1	761633	1	63.5655	1	592.516	1	82.7146	1	100	313.733	345.578
2	50.2798	1	449533	1	60.8995	1	501.645	1	131.145	1	0	273.249	301.462
2	50.2798	1	449533	1	60.8995	1	501.645	1	131.145	1	0.001	273.25	301.462
2	50.2798	1	449533	1	60.8995	1	501.645	1	131.145	1	0.00316228	273.252	301.464
2	50.2798	1	449533	1	60.8995	1	501.645	1	131.145	1	0.01	273.258	301.47
2	50.2798	1	449533	1	60.8995	1	501.645	1	131.145	1	0.0316228	273.277	301.49
2	50.2798	1	449533	1	60.8995	1	501.645	1	131.145	1	0.1	273.336	301.55
2	50.2798	1	449533	1	60.8995	1	501.645	1	131.145	1	0.316228	273.522	301.741
2	50.2798	1	449533	1	60.8995	1	501.645	1	131.145	1	1	274.103	302.338
2	50.2798	1	449533	1	60.8995	1	501.645	1	131.145	1	3.16228	275.878	304.158
2	50.2798	1	449533	1	60.8995	1	501.645	1	131.145	1	10	280.979	309.383
2	50.2798	1	449533	1	60.8995	1	501.645	1	131.145	1	31.6228	293.484	322.33
2	50.2798	1	449533	1	60.8995	1	501.645	1	131.145	1	100	316.209	348.184
3	51.6828	1	870948	1	53.485	1	258.032	1	92.8721	1	0	273.249	301.462
3	51.6828	1	870948	1	53.485	1	258.032	1	92.8721	1	0.001	273.25	301.463
3	51.6828	1	870948	1	53.485	1	258.032	1	92.8721	1	0.00316228	273.253	301.465
3	51.6828	1	870948	1	53.485	1	258.032	1	92.8721	1	0.01	273.26	301.473
3	51.6828	1	870948	1	53.485	1	258.032	1	92.8721	1	0.0316228	273.283	301.497
3	51.6828	1	870948	1	53.485	1	258.032	1	92.8721	1	0.1	273.357	301.574
3	51.6828	1	870948	1	53.485	1	258.032	1	92.8721	1	0.316228	273.587	301.817
3	51.6828	1	870948	1	53.485	1	258.032	1	92.8721	1	1	274.309	302.576
3	51.6828	1	870948	1	53.485	1	258.032	1	92.8721	1	3.16228	276.515	304.892
3	51.6828	1	870948	1	53.485	1	258.032	1	92.8721	1	10	282.888	311.564
3	51.6828	1	870948	1	53.485	1	258.032	1	92.8721	1	31.6228	298.788	328.242
3	51.6828	1	870948	1	53.485	1	258.032	1	92.8721	1	100	330.263	363.507
4	47.8818	1	406853	1	44.5259	1	362.757	1	87.6718	1	0	273.249	301.462
4	47.8818	1	406853	1	44.5259	1	362.757	1	87.6718	1	0.001	273.251	301.463
4	47.8818	1	406853	1	44.5259	1	362.757	1	87.6718	1	0.00316228	273.253	301.465
4	47.8818	1	406853	1	44.5259	1	362.757	1	87.6718	1	0.01	273.261	301.474
4	47.8818	1	406853	1	44.5259	1	362.757	1	87.6718	1	0.0316228	273.285	301.499
4	47.8818	1	406853	1	44.5259	1	362.757	1	87.6718	1	0.1	273.361	301.581
4	47.8818	1	406853	1	44.5259	1	362.757	1	87.6718	1	0.316228	273.602	301.838
4	47.8818	1	406853	1	44.5259	1	362.757	1	87.6718	1	1	274.351	302.639
4	47.8818	1	406853	1	44.5259	1	362.757	1	87.6718	1	3.16228	276.619	305.055
4	47.8818	1	406853	1	44.5259	1	362.757	1	87.6718	1	10	283.016	311.846
4	47.8818	1	406853	1	44.5259	1	362.757	1	87.6718	1	31.6228	297.987	327.74
4	47.8818	1	406853	1	44.5259	1	362.757	1	87.6718	1	100	324.465	358.015
5	30.0518	1	5.40404e+06	1	60.304	1	415.938	1	69.6592	1	0	273.249	301.462
5	30.0518	1	5.40404e+06	1	60.304	1	415.938	1	69.6592	1	0.001	273.25	301.463
5	30.0518	1	5.40404e+06	1	60.304	1	415.938	1	69.6592	1	0.00316228	273.253	301.465
5	30.0518	1	5.40404e+06	1	60.304	1	415.938	1	69.6592	1	0.01	273.26	301.471
5	30.0518	1	5.40404e+06	1	60.304	1	415.938	1	69.6592	1	0.0316228	273.283	301.493
5	30.0518	1	5.40404e+06	1	60.304	1	415.938	1	69.6592	1	0.1	273.354	301.559
5	30.0518	1	5.40404e+06	1	60.304	1	415.938	1	69.6592	1	0.316228	273.58	301.77
5	30.0518	1	5.40404e+06	1	60.304	1	415.938	1	69.6592	1	1	274.284	302.427
5	30.0518	1	5.40404e+06	1	60.304	1	415.938	1	69.6592	1	3.16228	276.405	304.427
5	30.0518	1	5.40404e+06	1	60.304	1	415.938	1	69.6592	1	10	282.397	310.153
5	30.0518	1	5.40404e+06	1	60.304	1	415.938	1	69.6592	1	31.6228	295.887	324.087
5	30.0518	1	5.40404e+06	1	60.304	1	415.938	1	69.6592	1	100	319.706	351.946
6	42.9627	1	1.22341e+06	1	43.3948	1	200.057	1	104.501	1	0	273.249	301.462
6	42.9627	1	1.22341e+06	1	43.3948	1	200.057	1	104.501	1	0.001	273.251	301.463
6	42.9627	1	1.22341e+06	1	43.3948	1	200.057	1	104.501	1	0.00316228	273.254	301.466
6	42.9627	1	1.22341e+06	1	43.3948	1	200.057	1	104.501	1	0.01	273.263	301.476
6	42.9627	1	1.22341e+06	1	43.3948	1	200.057	1	104.501	1	0.0316228	273.291	301.506
6	42.9627	1	1.22341e+06	1	43.3948	1	200.057	1	104.501	1	0.1	273.382	301.601
6	42.9627	1	1.22341e+06	1	43.3948	1	200.057	1	104.501	1	0.316228	273.667	301.902
6	42.9627	1	1.22341e+06	1	43.3948	1	200.057	1	104.501	1	1	274.557	302.84
6	42.9627	1	1.22341e+06	1	43.3948	1	200.057	1	104.501	1	3.16228	277.261	305.683
6	42.9627	1	1.22341e+06	1	43.3948	1	200.057	1	104.501	1	10	284.968	313.765
6	42.9627	1	1.22341e+06	1	43.3948	1	200.057	1	104.501	1	31.6228	303.683	333.456
6	42.9627	1	1.22341e+06	1	43.3948	1	200.057	1	104.501	1	100	339.983	374.106
7	82.1554	1	1.03625e+06	1	63.8061	1	543.476	1	94.782	1	0	273.249	301.462
7	82.1554	1	1.03625e+06	1	63.8061	1	543.476	1	94.782	1	0.001	273.25	301.462
7	82.1554	1	1.03625e+06	1	63.8061	1	543.476	1	94.782	1	0.00316228	273.252	301.464
7	82.1554	1	1.03625e+06	1	63.8061	1	543.476	1	94.782	1	0.01	273.257	301.47
7	82.1554	1	1.03625e+06	1	63.8061	1	543.476	1	94.782	1	0.0316228	273.273	301.488
7	82.1554	1	1.03625e+06	1	63.8061	1	543.476	1	94.782	1	0.1	273.325	301.544
7	82.1554	1	1.03625e+06	1	63.8061	1	543.476	1	94.782	1	0.316228	273.487	301.722
7	82.1554	1	1.03625e+06	1	63.8061	1	543.476	1	94.782	1	1	273.994	302.278
7	82.1554	1	1.03625e+06	1	63.8061	1	543.476	1	94.782	1	3.16228	275.551	303.979
7	82.1554	1	1.03625e+06	1	63.8061	1	543.476	1	94.782	1	10	280.052	308.867
7	82.1554	1	1.03625e+06	1	63.8061	1	543.476	1	94.782	1	31.6228	291.363	321.061
7	82.1554	1	1.03625e+06	1	63.8061	1	543.476	1	94.782	1	100	313.275	345.741
8	36.051	1	384511	1	44.2838	1	507.156	1	55.0678	1	0	273.249	301.462
8	36.051	1	384511	1	44.2838	1	507.156	1	55.0678	1	0.001	273.251	301.463
8	36.051	1	384511	1	44.2838	1	507.156	1	55.0678	1	0.00316228	273.253	301.465
8	36.051	1	384511	1	44.2838	1	507.156	1	55.0678	1	0.01	273.261	301.473
8	36.051	1	384511	1	44.2838	1	507.156	1	55.0678	1	0.0316228	273.286	301.499
8	36.051	1	384511	1	44.2838	1	507.156	1	55.0678	1	0.1	273.364	301.579
8	36.051	1	384511	1	44.2838	1	507.156	1	55.0678	1	0.316228	273.61	301.831
8	36.051	1	384511	1	44.2838	1	507.156	1	55.0678	1	1	274.375	302.615
8	36.051	1	384511	1	44.2838	1	507.156	1	55.0678	1	3.16228	276.67	304.966
8	36.051	1	384511	1	44.2838	1	507.156	1	55.0678	1	10	283.025	311.487
8	36.051	1	384511	1	44.2838	1	507.156	1	55.0678	1	31.6228	296.803	326.157
8	36.051	1	384511	1	44.2838	1	507.156	1	55.0678	1	100	318.932	352.305
9	39.9618	1	721096	1	71.6686	1	390.631	1	91.3116	1	0	273.249	301.462
9	39.9618	1	721096	1	71.6686	1	390.631	1	91.3116	1	0.001	273.25	301.462
9	39.9618	1	721096	1	71.6686	1	390.631	1	91.3116	1	0.00316228	273.252	301.464
9	39.9618	1	721096	1	71.6686	1	390.631	1	91.3116	1	0.01	273.258	301.47
9	39.9618	1	721096	1	71.6686	1	390.631	1	91.3116	1	0.0316228	273.278	301.489
9	39.9618	1	721096	1	71.6686	1	390.631	1	91.3116	1	0.1	273.339	301.547
9	39.9618	1	721096	1	71.6686	1	390.631	1	91.3116	1	0.316228	273.53	301.731
9	39.9618	1	721096	1	71.6686	1	390.631	1	91.3116	1	1	274.13	302.307
9	39.9618	1	721096	1	71.6686	1	390.631	1	91.3116	1	3.16228	275.962	304.074
9	39.9618	1	721096	1	71.6686	1	390.631	1	91.3116	1	10	281.26	309.214
9	39.9618	1	721096	1	71.6686	1	390.631	1	91.3116	1	31.6228	294.278	322.39
9	39.9618	1	721096	1	71.6686	1	390.631	1	91.3116	1	100	318.869	350.518
10	49.3555	1	934739	1	59.0571	1	341.309	1	103.66	1	0	273.249	301.462
10	49.3555	1	934739	1	59.0571	1	341.309	1	103.66	1	0.001	273.25	301.463
10	49.3555	1	934739	1	59.0571	1	341.309	1	103.66	1	0.00316228	273.252	301.465
10	49.3555	1	934739	1	59.0571	1	341.309	1	103.66	1	0.01	273.259	301.471
10	49.3555	1	934739	1	59.0571	1	341.309	1	103.66	1	0.0316228	273.28	301.493
10	49.3555	1	934739	1	59.0571	1	341.309	1	103.66	1	0.1	273.345	301.56
10	49.3555	1	934739	1	59.0571	1	341.309	1	103.66	1	0.316228	273.551	301.772
10	49.3555	1	934739	1	59.0571	1	341.309	1	103.66	1	1	274.195	302.435
10	49.3555	1	934739	1	59.0571	1	341.309	1	103.66	1	3.16228	276.164	304.461
10	49.3555	1	934739	1	59.0571	1	341.309	1	103.66	1	10	281.852	310.308
10	49.3555	1	934739	1	59.0571	1	341.309	1	103.66	1	31.6228	295.988	324.991
10	49.3555	1	934739	1	59.0571	1	341.309	1	103.66	1	100	323.097	355.568
11	49.5104	1	3.10226e+06	1	57.7172	1	108.98	1	115.534	1	0	273.249	301.462
11	49.5104	1	3.10226e+06	1	57.7172	1	108.98	1	115.534	1	0.001	273.251	301.463
11	49.5104	1	3.10226e+06	1	57.7172	1	108.98	1	115.534	1	0.00316228	273.254	301.466
11	49.5104	1	3.10226e+06	1	57.7172	1	108.98	1	115.534	1	0.01	273.264	301.476
11	49.5104	1	3.10226e+06	1	57.7172	1	108.98	1	115.534	1	0.0316228	273.295	301.509
11	49.5104	1	3.10226e+06	1	57.7172	1	108.98	1	115.534	1	0.1	273.393	301.61
11	49.5104	1	3.10226e+06	1	57.7172	1	108.98	1	115.534	1	0.316228	273.701	301.93
11	49.5104	1	3.10226e+06	1	57.7172	1	108.98	1	115.534	1	1	274.668	302.931
11	49.5104	1	3.10226e+06	1	57.7172	1	108.98	1	115.534	1	3.16228	277.638	306.006
11	49.5104	1	3.10226e+06	1	57.7172	1	108.98	1	115.534	1	10	286.295	314.955
11	49.5104	1	3.10226e+06	1	57.7172	1	108.98	1	115.534	1	31.6228	309.434	338.969
11	49.5104	1	3.10226e+06	1	57.7172	1	108.98	1	115.534	1	100	359.463	393.422
12	28.2219	1	896062	1	74.5097	1	147.613	1	56.3733	1	0	273.249	301.462
12	28.2219	1	896062	1	74.5097	1	147.613	1	56.3733	1	0.001	273.251	301.463
12	28.2219	1	896062	1	74.5097	1	147.613	1	56.3733	1	0.00316228	273.254	301.465
12	28.2219	1	896062	1	74.5097	1	147.613	1	56.3733	1	0.01	273.263	301.474
12	28.2219	1	896062	1	74.5097	1	147.613	1	56.3733	1	0.0316228	273.291	301.5
12	28.2219	1	896062	1	74.5097	1	147.613	1	56.3733	1	0.1	273.38	301.582
12	28.2219	1	896062	1	74.5097	1	147.613	1	56.3733	1	0.316228	273.662	301.842
12	28.2219	1	896062	1	74.5097	1	147.613	1	56.3733	1	1	274.543	302.655
12	28.2219	1	896062	1	74.5097	1	147.613	1	56.3733	1	3.16228	277.222	305.156
12	28.2219	1	896062	1	74.5097	1	147.613	1	56.3733	1	10	284.942	312.48
12	28.2219	1	896062	1	74.5097	1	147.613	1	56.3733	1	31.6228	303.908	331.948
12	28.2219	1	896062	1	74.5097	1	147.613	1	56.3733	1	100	344.709	377.314
13	24.1869	1	481494	1	70.7049	1	653.486	1	85.4721	1	0	273.249	301.462
13	24.1869	1	481494	1	70.7049	1	653.486	1	85.4721	1	0.001	273.25	301.462
13	24.1869	1	481494	1	70.7049	1	653.486	1	85.4721	1	0.00316228	273.253	301.464
13	24.1869	1	481494	1	70.7049	1	653.486	1	85.4721	1	0.01	273.259	301.47
13	24.1869	1	481494	1	70.7049	1	653.486	1	85.4721	1	0.0316228	273.281	301.488
13	24.1869	1	481494	1	70.7049	1	653.486	1	85.4721	1	0.1	273.349	301.545
13	24.1869	1	481494	1	70.7049	1	653.486	1	85.4721	1	0.316228	273.562	301.724
13	24.1869	1	481494	1	70.7049	1	653.486	1	85.4721	1	1	274.223	302.284
13	24.1869	1	481494	1	70.7049	1	653.486	1	85.4721	1	3.16228	276.192	303.981
13	24.1869	1	481494	1	70.7049	1	653.486	1	85.4721	1	10	281.657	308.835
13	24.1869	1	481494	1	70.7049	1	653.486	1	85.4721	1	31.6228	293.159	320.599
13	24.1869	1	481494	1	70.7049	1	653.486	1	85.4721	1	100	312.034	343.397
14	31.7097	1	1.75233e+06	1	81.7263	1	270.745	1	161.164	1	0	273.249	301.462
14	31.7097	1	1.75233e+06	1	81.7263	1	270.745	1	161.164	1	0.001	273.25	301.462
14	31.7097	1	1.75233e+06	1	81.7263	1	270.745	1	161.164	1	0.00316228	273.253	301.464
14	31.7097	1	1.75233e+06	1	81.7263	1	270.745	1	161.164	1	0.01	273.259	301.47
14	31.7097	1	1.75233e+06	1	81.7263	1	270.745	1	161.164	1	0.0316228	273.281	301.49
14	31.7097	1	1.75233e+06	1	81.7263	1	270.745	1	161.164	1	0.1	273.348	301.55
14	31.7097	1	1.75233e+06	1	81.7263	1	270.745	1	161.164	1	0.316228	273.56	301.741
14	31.7097	1	1.75233e+06	1	81.7263	1	270.745	1	161.164	1	1	274.223	302.34
14	31.7097	1	1.75233e+06	1	81.7263	1	270.745	1	161.164	1	3.16228	276.243	304.181
14	31.7097	1	1.75233e+06	1	81.7263	1	270.745	1	161.164	1	10	282.087	309.605
14	31.7097	1	1.75233e+06	1	81.7263	1	270.745	1	161.164	1	31.6228	296.548	323.96
14	31.7097	1	1.75233e+06	1	81.7263	1	270.745	1	161.164	1	100	325.422	356.726
15	57.8129	1	970910	1	40.2995	1	1003.09	1	109.687	1	0	273.249	301.462
15	57.8129	1	970910	1	40.2995	1	1003.09	1	109.687	1	0.001	273.25	301.463
15	57.8129	1	970910	1	40.2995	1	1003.09	1	109.687	1	0.00316228	273.253	301.465
15	57.8129	1	970910	1	40.2995	1	1003.09	1	109.687	1	0.01	273.26	301.473
15	57.8129	1	970910	1	40.2995	1	1003.09	1	109.687	1	0.0316228	273.282	301.498
15	57.8129	1	970910	1	40.2995	1	1003.09	1	109.687	1	0.1	273.351	301.575
15	57.8129	1	970910	1	40.2995	1	1003.09	1	109.687	1	0.316228	273.569	301.82
15	57.8129	1	970910	1	40.2995	1	1003.09	1	109.687	1	1	274.247	302.578
15	57.8129	1	970910	1	40.2995	1	1003.09	1	109.687	1	3.16228	276.276	304.834
15	57.8129	1	970910	1	40.2995	1	1003.09	1	109.687	1	10	281.825	310.97
15	57.8129	1	970910	1	40.2995	1	1003.09	1	109.687	1	31.6228	294.025	324.256
15	57.8129	1	970910	1	40.2995	1	1003.09	1	109.687	1	100	311.653	344.975
16	73.569	1	2.1111e+06	1	130.119	1	217.63	1	119.493	1	0	273.249	301.462
16	73.569	1	2.1111e+06	1	130.119	1	217.63	1	119.493	1	0.001	273.25	301.462
16	73.569	1	2.1111e+06	1	130.119	1	217.63	1	119.493	1	0.00316228	273.252	301.464
16	73.569	1	2.1111e+06	1	130.119	1	217.63	1	119.493	1	0.01	273.257	301.469
16	73.569	1	2.1111e+06	1	130.119	1	217.63	1	119.493	1	0.0316228	273.273	301.484
16	73.569	1	2.1111e+06	1	130.119	1	217.63	1	119.493	1	0.1	273.322	301.534
16	73.569	1	2.1111e+06	1	130.119	1	217.63	1	119.493	1	0.316228	273.48	301.689
16	73.569	1	2.1111e+06	1	130.119	1	217.63	1	119.493	1	1	273.976	302.18
16	73.569	1	2.1111e+06	1	130.119	1	217.63	1	119.493	1	3.16228	275.52	303.708
16	73.569	1	2.1111e+06	1	130.119	1	217.63	1	119.493	1	10	280.166	308.331
16	73.569	1	2.1111e+06	1	130.119	1	217.63	1	119.493	1	31.6228	293.137	321.353
16	73.569	1	2.1111e+06	1	130.119	1	217.63	1	119.493	1	100	324.555	354.861
17	29.6733	1	3.56018e+06	1	30.5048	1	218.481	1	87.4384	1	0	273.249	301.462
17	29.6733	1	3.56018e+06	1	30.5048	1	218.481	1	87.4384	1	0.001	273.251	301.463
17	29.6733	1	3.56018e+06	1	30.5048	1	218.481	1	87.4384	1	0.00316228	273.255	301.467
17	29.6733	1	3.56018e+06	1	30.5048	1	218.481	1	87.4384	1	0.01	273.266	301.479
17	29.6733	1	3.56018e+06	1	30.5048	1	218.481	1	87.4384	1	0.0316228	273.303	301.518
17	29.6733	1	3.56018e+06	1	30.5048	1	218.481	1	87.4384	1	0.1	273.419	301.64
17	29.6733	1	3.56018e+06	1	30.5048	1	218.481	1	87.4384	1	0.316228	273.784	302.024
17	29.6733	1	3.56018e+06	1	30.5048	1	218.481	1	87.4384	1	1	274.912	303.212
17	29.6733	1	3.56018e+06	1	30.5048	1	218.481	1	87.4384	1	3.16228	278.266	306.728
17	29.6733	1	3.56018e+06	1	30.5048	1	218.481	1	87.4384	1	10	287.382	316.259
17	29.6733	1	3.56018e+06	1	30.5048	1	218.481	1	87.4384	1	31.6228	306.987	337.273
17	29.6733	1	3.56018e+06	1	30.5048	1	218.481	1	87.4384	1	100	340.893	376.233
18	52.8147	1	1.51447e+06	1	84.1387	1	317.074	1	66.7118	1	0	273.249	301.462
18	52.8147	1	1.51447e+06	1	84.1387	1	317.074	1	66.7118	1	0.001	273.25	301.462
18	52.8147	1	1.51447e+06	1	84.1387	1	317.074	1	66.7118	1	0.00316228	273.252	301.464
18	52.8147	1	1.51447e+06	1	84.1387	1	317.074	1	66.7118	1	0.01	273.258	301.47
18	52.8147	1	1.51447e+06	1	84.1387	1	317.074	1	66.7118	1	0.0316228	273.275	301.487
18	52.8147	1	1.51447e+06	1	84.1387	1	317.074	1	66.7118	1	0.1	273.331	301.542
18	52.8147	1	1.51447e+06	1	84.1387	1	317.074	1	66.7118	1	0.316228	273.507	301.716
18	52.8147	1	1.51447e+06	1	84.1387	1	317.074	1	66.7118	1	1	274.058	302.261
18	52.8147	1	1.51447e+06	1	84.1387	1	317.074	1	66.7118	1	3.16228	275.755	303.944
18	52.8147	1	1.51447e+06	1	84.1387	1	317.074	1	66.7118	1	10	280.75	308.912
18	52.8147	1	1.51447e+06	1	84.1387	1	317.074	1	66.7118	1	31.6228	293.679	322.048
18	52.8147	1	1.51447e+06	1	84.1387	1	317.074	1	66.7118	1	100	320.356	352.112
19	49.495	1	1.57772e+06	1	74.5803	1	207.911	1	127.355	1	0	273.249	301.462
19	49.495	1	1.57772e+06	1	74.5803	1	207.911	1	127.355	1	0.001	273.25	301.463
19	49.495	1	1.57772e+06	1	74.5803	1	207.911	1	127.355	1	0.00316228	273.253	301.465
19	49.495	1	1.57772e+06	1	74.5803	1	207.911	1	127.355	1	0.01	273.259	301.471
19	49.495	1	1.57772e+06	1	74.5803	1	207.911	1	127.355	1	0.0316228	273.281	301.493
19	49.495	1	1.57772e+06	1	74.5803	1	207.911	1	127.355	1	0.1	273.348	301.56
19	49.495	1	1.57772e+06	1	74.5803	1	207.911	1	127.355	1	0.316228	273.561	301.773
19	49.495	1	1.57772e+06	1	74.5803	1	207.911	1	127.355	1	1	274.229	302.441
19	49.495	1	1.57772e+06	1	74.5803	1	207.911	1	127.355	1	3.16228	276.286	304.501
19	49.495	1	1.57772e+06	1	74.5803	1	207.911	1	127.355	1	10	282.346	310.577
19	49.495	1	1.57772e+06	1	74.5803	1	207.911	1	127.355	1	31.6228	298.326	326.871
19	49.495	1	1.57772e+06	1	74.5803	1	207.911	1	127.355	1	100	332.807	364.793
20	45.4086	1	2.05007e+06	1	68.0354	1	96.0662	1	128.45	1	0	273.249	301.462
20	45.4086	1	2.05007e+06	1	68.0354	1	96.0662	1	128.45	1	0.001	273.251	301.463
20	45.4086	1	2.05007e+06	1	68.0354	1	96.0662	1	128.45	1	0.00316228	273.254	301.466
20	45.4086	1	2.05007e+06	1	68.0354	1	96.0662	1	128.45	1	0.01	273.264	301.476
20	45.4086	1	2.05007e+06	1	68.0354	1	96.0662	1	128.45	1	0.0316228	273.296	301.508
20	45.4086	1	2.05007e+06	1	68.0354	1	96.0662	1	128.45	1	0.1	273.396	301.609
20	45.4086	1	2.05007e+06	1	68.0354	1	96.0662	1	128.45	1	0.316228	273.711	301.928
20	45.4086	1	2.05007e+06	1	68.0354	1	96.0662	1	128.45	1	1	274.699	302.927
20	45.4086	1	2.05007e+06	1	68.0354	1	96.0662	1	128.45	1	3.16228	277.736	306.001
20	45.4086	1	2.05007e+06	1	68.0354	1	96.0662	1	128.45	1	10	286.589	314.962
20	45.4086	1	2.05007e+06	1	68.0354	1	96.0662	1	128.45	1	31.6228	310.586	339.564
20	45.4086	1	2.05007e+06	1	68.0354	1	96.0662	1	128.45	1	100	363.103	396.552
21	30.361	1	328887	1	48.4547	1	344.909	1	129.242	1	0	273.249	301.462
21	30.361	1	328887	1	48.4547	1	344.909	1	129.242	1	0.001	273.251	301.463
21	30.361	1	328887	1	48.4547	1	344.909	1	129.242	1	0.00316228	273.253	301.465
21	30.361	1	328887	1	48.4547	1	344.909	1	129.242	1	0.01	273.261	301.473
21	30.361	1	328887	1	48.4547	1	344.909	1	129.242	1	0.0316228	273.287	301.498
21	30.361	1	328887	1	48.4547	1	344.909	1	129.242	1	0.1	273.369	301.578
21	30.361	1	328887	1	48.4547	1	344.909	1	129.242	1	0.316228	273.626	301.829
21	30.361	1	328887	1	48.4547	1	344.909	1	129.242	1	1	274.426	302.611
21	30.361	1	328887	1	48.4547	1	344.909	1	129.242	1	3.16228	276.834	304.973
21	30.361	1	328887	1	48.4547	1	344.909	1	129.242	1	10	283.596	311.661
21	30.361	1	328887	1	48.4547	1	344.909	1	129.242	1	31.6228	298.952	327.59
21	30.361	1	328887	1	48.4547	1	344.909	1	129.242	1	100	325.43	358.496
22	63.6687	1	1.58147e+06	1	46.9905	1	301.77	1	114.369	1	0	273.249	301.462
22	63.6687	1	1.58147e+06	1	46.9905	1	301.77	1	114.369	1	0.001	273.25	301.463
22	63.6687	1	1.58147e+06	1	46.9905	1	301.77	1	114.369	1	0.00316228	273.253	301.465
22	63.6687	1	1.58147e+06	1	46.9905	1	301.77	1	114.369	1	0.01	273.26	301.473
22	63.6687	1	1.58147e+06	1	46.9905	1	301.77	1	114.369	1	0.0316228	273.283	301.499
22	63.6687	1	1.58147e+06	1	46.9905	1	301.77	1	114.369	1	0.1	273.356	301.579
22	63.6687	1	1.58147e+06	1	46.9905	1	301.77	1	114.369	1	0.316228	273.585	301.831
22	63.6687	1	1.58147e+06	1	46.9905	1	301.77	1	114.369	1	1	274.302	302.618
22	63.6687	1	1.58147e+06	1	46.9905	1	301.77	1	114.369	1	3.16228	276.483	305.002
22	63.6687	1	1.58147e+06	1	46.9905	1	301.77	1	114.369	1	10	282.707	311.773
22	63.6687	1	1.58147e+06	1	46.9905	1	301.77	1	114.369	1	31.6228	297.962	328.149
22	63.6687	1	1.58147e+06	1	46.9905	1	301.77	1	114.369	1	100	327.403	360.972
23	43.3415	1	885016	1	64.7911	1	120.849	1	99.3791	1	0	273.249	301.462
23	43.3415	1	885016	1	64.7911	1	120.849	1	99.3791	1	0.001	273.251	301.463
23	43.3415	1	885016	1	64.7911	1	120.849	1	99.3791	1	0.00316228	273.254	301.466
23	43.3415	1	885016	1	64.7911	1	120.849	1	99.3791	1	0.01	273.263	301.475
23	43.3415	1	885016	1	64.7911	1	120.849	1	99.3791	1	0.0316228	273.292	301.504
23	43.3415	1	885016	1	64.7911	1	120.849	1	99.3791	1	0.1	273.383	301.597
23	43.3415	1	885016	1	64.7911	1	120.849	1	99.3791	1	0.316228	273.672	301.887
23	43.3415	1	885016	1	64.7911	1	120.849	1	99.3791	1	1	274.578	302.799
23	43.3415	1	885016	1	64.7911	1	120.849	1	99.3791	1	3.16228	277.359	305.606
23	43.3415	1	885016	1	64.7911	1	120.849	1	99.3791	1	10	285.489	313.816
23	43.3415	1	885016	1	64.7911	1	120.849	1	99.3791	1	31.6228	307.076	335.991
23	43.3415	1	885016	1	64.7911	1	120.849	1	99.3791	1	100	353.725	387.042
24	48.7832	1	943038	1	67.8854	1	901.597	1	103.23	1	0	273.249	301.462
24	48.7832	1	943038	1	67.8854	1	901.597	1	103.23	1	0.001	273.25	301.462
24	48.7832	1	943038	1	67.8854	1	901.597	1	103.23	1	0.00316228	273.252	301.464
24	48.7832	1	943038	1	67.8854	1	901.597	1	103.23	1	0.01	273.257	301.469
24	48.7832	1	943038	1	67.8854	1	901.597	1	103.23	1	0.0316228	273.273	301.485
24	48.7832	1	943038	1	67.8854	1	901.597	1	103.23	1	0.1	273.325	301.537
24	48.7832	1	943038	1	67.8854	1	901.597	1	103.23	1	0.316228	273.488	301.7
24	48.7832	1	943038	1	67.8854	1	901.597	1	103.23	1	1	273.997	302.209
24	48.7832	1	943038	1	67.8854	1	901.597	1	103.23	1	3.16228	275.547	303.761
24	48.7832	1	943038	1	67.8854	1	901.597	1	103.23	1	10	279.982	308.198
24	48.7832	1	943038	1	67.8854	1	901.597	1	103.23	1	31.6228	290.706	319.176
24	48.7832	1	943038	1	67.8854	1	901.597	1	103.23	1	100	308.406	339.853
25	43.3969	1	2.1778e+06	1	62.3953	1	286.26	1	98.5925	1	0	273.249	301.462
25	43.3969	1	2.1778e+06	1	62.3953	1	286.26	1	98.5925	1	0.001	273.25	301.463
25	43.3969	1	2.1778e+06	1	62.3953	1	286.26	1	98.5925	1	0.00316228	273.253	301.465
25	43.3969	1	2.1778e+06	1	62.3953	1	286.26	1	98.5925	1	0.01	273.259	301.472
25	43.3969	1	2.1778e+06	1	62.3953	1	286.26	1	98.5925	1	0.0316228	273.281	301.493
25	43.3969	1	2.1778e+06	1	62.3953	1	286.26	1	98.5925	1	0.1	273.35	301.562
25	43.3969	1	2.1778e+06	1	62.3953	1	286.26	1	98.5925	1	0.316228	273.565	301.778
25	43.3969	1	2.1778e+06	1	62.3953	1	286.26	1	98.5925	1	1	274.24	302.453
25	43.3969	1	2.1778e+06	1	62.3953	1	286.26	1	98.5925	1	3.16228	276.303	304.523
25	43.3969	1	2.1778e+06	1	62.3953	1	286.26	1	98.5925	1	10	282.285	310.533
25	43.3969	1	2.1778e+06	1	62.3953	1	286.26	1	98.5925	1	31.6228	297.231	325.896
25	43.3969	1	2.1778e+06	1	62.3953	1	286.26	1	98.5925	1	100	326.56	358.92
26	36.4019	1	499947	1	73.8846	1	531.187	1	86.9482	1	0	273.249	301.462
26	36.4019	1	499947	1	73.8846	1	531.187	1	86.9482	1	0.001	273.25	301.462
26	36.4019	1	499947	1	73.8846	1	531.187	1	86.9482	1	0.00316228	273.252	301.464
26	36.4019	1	499947	1	73.8846	1	531.187	1	86.9482	1	0.01	273.258	301.47
26	36.4019	1	499947	1	73.8846	1	531.187	1	86.9482	1	0.0316228	273.276	301.487
26	36.4019	1	499947	1	73.8846	1	531.187	1	86.9482	1	0.1	273.335	301.541
26	36.4019	1	499947	1	73.8846	1	531.187	1	86.9482	1	0.316228	273.519	301.712
26	36.4019	1	499947	1	73.8846	1	531.187	1	86.9482	1	1	274.093	302.246
26	36.4019	1	499947	1	73.8846	1	531.187	1	86.9482	1	3.16228	275.838	303.882
26	36.4019	1	499947	1	73.8846	1	531.187	1	86.9482	1	10	280.84	308.621
26	36.4019	1	499947	1	73.8846	1	531.187	1	86.9482	1	31.6228	292.714	320.573
26	36.4019	1	499947	1	73.8846	1	531.187	1	86.9482	1	100	313.846	345.177
27	47.3935	1	1.39602e+06	1	36.5326	1	300.834	1	113.458	1	0	273.249	301.462
27	47.3935	1	1.39602e+06	1	36.5326	1	300.834	1	113.458	1	0.001	273.251	301.463
27	47.3935	1	1.39602e+06	1	36.5326	1	300.834	1	113.458	1	0.00316228	273.254	301.466
27	47.3935	1	1.39602e+06	1	36.5326	1	300.834	1	113.458	1	0.01	273.263	301.476
27	47.3935	1	1.39602e+06	1	36.5326	1	300.834	1	113.458	1	0.0316228	273.291	301.507
27	47.3935	1	1.39602e+06	1	36.5326	1	300.834	1	113.458	1	0.1	273.38	301.605
27	47.3935	1	1.39602e+06	1	36.5326	1	300.834	1	113.458	1	0.316228	273.661	301.913
27	47.3935	1	1.39602e+06	1	36.5326	1	300.834	1	113.458	1	1	274.533	302.868
27	47.3935	1	1.39602e+06	1	36.5326	1	300.834	1	113.458	1	3.16228	277.156	305.723
27	47.3935	1	1.39602e+06	1	36.5326	1	300.834	1	113.458	1	10	284.436	313.599
27	47.3935	1	1.39602e+06	1	36.5326	1	300.834	1	113.458	1	31.6228	301.117	331.473
27	47.3935	1	1.39602e+06	1	36.5326	1	300.834	1	113.458	1	100	330.371	364.628
28	38.3001	1	607589	1	45.1774	1	383.396	1	101.419	1	0	273.249	301.462
28	38.3001	1	607589	1	45.1774	1	383.396	1	101.419	1	0.001	273.251	301.463
28	38.3001	1	607589	1	45.1774	1	383.396	1	101.419	1	0.00316228	273.253	301.465
28	38.3001	1	607589	1	45.1774	1	383.396	1	101.419	1	0.01	273.261	301.473
28	38.3001	1	607589	1	45.1774	1	383.396	1	101.419	1	0.0316228	273.286	301.499
28	38.3001	1	607589	1	45.1774	1	383.396	1	101.419	1	0.1	273.364	301.58
28	38.3001	1	607589	1	45.1774	1	383.396	1	101.419	1	0.316228	273.612	301.835
28	38.3001	1	607589	1	45.1774	1	383.396	1	101.419	1	1	274.382	302.629
28	38.3001	1	607589	1	45.1774	1	383.396	1	101.419	1	3.16228	276.705	305.021
28	38.3001	1	607589	1	45.1774	1	383.396	1	101.419	1	10	283.234	311.745
28	38.3001	1	607589	1	45.1774	1	383.396	1	101.419	1	31.6228	298.198	327.443
28	38.3001	1	607589	1	45.1774	1	383.396	1	101.419	1	100	323.734	356.999
29	42.8085	1	1.06595e+06	1	122.874	1	201.957	1	135.121	1	0	273.249	301.462
29	42.8085	1	1.06595e+06	1	122.874	1	201.957	1	135.121	1	0.001	273.25	301.462
29	42.8085	1	1.06595e+06	1	122.874	1	201.957	1	135.121	1	0.00316228	273.252	301.464
29	42.8085	1	1.06595e+06	1	122.874	1	201.957	1	135.121	1	0.01	273.258	301.47
29	42.8085	1	1.06595e+06	1	122.874	1	201.957	1	135.121	1	0.0316228	273.277	301.487
29	42.8085	1	1.06595e+06	1	122.874	1	201.957	1	135.121	1	0.1	273.337	301.541
29	42.8085	1	1.06595e+06	1	122.874	1	201.957	1	135.121	1	0.316228	273.525	301.713
29	42.8085	1	1.06595e+06	1	122.874	1	201.957	1	135.121	1	1	274.115	302.253
29	42.8085	1	1.06595e+06	1	122.874	1	201.957	1	135.121	1	3.16228	275.935	303.931
29	42.8085	1	1.06595e+06	1	122.874	1	201.957	1	135.121	1	10	281.34	308.985
29	42.8085	1	1.06595e+06	1	122.874	1	201.957	1	135.121	1	31.6228	295.781	323.098
29	42.8085	1	1.06595e+06	1	122.874	1	201.957	1	135.121	1	100	328.312	358.471
30	40.0589	1	3.48819e+06	1	78.2187	1	296.73	1	113.451	1	0	273.249	301.462
30	40.0589	1	3.48819e+06	1	78.2187	1	296.73	1	113.451	1	0.001	273.25	301.462
30	40.0589	1	3.48819e+06	1	78.2187	1	296.73	1	113.451	1	0.00316228	273.252	301.464
30	40.0589	1	3.48819e+06	1	78.2187	1	296.73	1	113.451	1	0.01	273.259	301.47
30	40.0589	1	3.48819e+06	1	78.2187	1	296.73	1	113.451	1	0.0316228	273.278	301.489
30	40.0589	1	3.48819e+06	1	78.2187	1	296.73	1	113.451	1	0.1	273.341	301.548
30	40.0589	1	3.48819e+06	1	78.2187	1	296.73	1	113.451	1	0.316228	273.537	301.735
30	40.0589	1	3.48819e+06	1	78.2187	1	296.73	1	113.451	1	1	274.153	302.321
30	40.0589	1	3.48819e+06	1	78.2187	1	296.73	1	113.451	1	3.16228	276.039	304.125
30	40.0589	1	3.48819e+06	1	78.2187	1	296.73	1	113.451	1	10	281.546	309.433
30	40.0589	1	3.48819e+06	1	78.2187	1	296.73	1	113.451	1	31.6228	295.503	323.44
30	40.0589	1	3.48819e+06	1	78.2187	1	296.73	1	113.451	1	100	323.498	354.943
31	26.6003	1	4.11033e+06	1	116.553	1	3016.56	1	175.192	1	0	273.249	301.462
31	26.6003	1	4.11033e+06	1	116.553	1	3016.56	1	175.192	1	0.001	273.25	301.462
31	26.6003	1	4.11033e+06	1	116.553	1	3016.56	1	175.192	1	0.00316228	273.252	301.463
31	26.6003	1	4.11033e+06	1	116.553	1	3016.56	1	175.192	1	0.01	273.256	301.467
31	26.6003	1	4.11033e+06	1	116.553	1	3016.56	1	175.192	1	0.0316228	273.271	301.477
31	26.6003	1	4.11033e+06	1	116.553	1	3016.56	1	175.192	1	0.1	273.318	301.511
31	26.6003	1	4.11033e+06	1	116.553	1	3016.56	1	175.192	1	0.316228	273.466	301.618
31	26.6003	1	4.11033e+06	1	116.553	1	3016.56	1	175.192	1	1	273.923	301.952
31	26.6003	1	4.11033e+06	1	116.553	1	3016.56	1	175.192	1	3.16228	275.282	302.967
31	26.6003	1	4.11033e+06	1	116.553	1	3016.56	1	175.192	1	10	279.045	305.916
31	26.6003	1	4.11033e+06	1	116.553	1	3016.56	1	175.192	1	31.6228	286.946	313.328
31	26.6003	1	4.11033e+06	1	116.553	1	3016.56	1	175.192	1	100	298.312	327.471
32	37.3608	1	734200	1	57.5802	1	228.765	1	93.9693	1	0	273.249	301.462
32	37.3608	1	734200	1	57.5802	1	228.765	1	93.9693	1	0.001	273.251	301.463
32	37.3608	1	734200	1	57.5802	1	228.765	1	93.9693	1	0.00316228	273.253	301.465
32	37.3608	1	734200	1	57.5802	1	228.765	1	93.9693	1	0.01	273.261	301.473
32	37.3608	1	734200	1	57.5802	1	228.765	1	93.9693	1	0.0316228	273.286	301.498
32	37.3608	1	734200	1	57.5802	1	228.765	1	93.9693	1	0.1	273.364	301.575
32	37.3608	1	734200	1	57.5802	1	228.765	1	93.9693	1	0.316228	273.611	301.82
32	37.3608	1	734200	1	57.5802	1	228.765	1	93.9693	1	1	274.383	302.585
32	37.3608	1	734200	1	57.5802	1	228.765	1	93.9693	1	3.16228	276.736	304.926
32	37.3608	1	734200	1	57.5802	1	228.765	1	93.9693	1	10	283.53	311.71
32	37.3608	1	734200	1	57.5802	1	228.765	1	93.9693	1	31.6228	300.23	328.917
32	37.3608	1	734200	1	57.5802	1	228.765	1	93.9693	1	100	333.217	366.13
33	30.163	1	1.14041e+06	1	167.869	1	532.573	1	191.716	1	0	273.249	301.462
33	30.163	1	1.14041e+06	1	167.869	1	532.573	1	191.716	1	0.001	273.25	301.462
33	30.163	1	1.14041e+06	1	167.869	1	532.573	1	191.716	1	0.00316228	273.252	301.463
33	30.163	1	1.14041e+06	1	167.869	1	532.573	1	191.716	1	0.01	273.256	301.467
33	30.163	1	1.14041e+06	1	167.869	1	532.573	1	191.716	1	0.0316228	273.271	301.477
33	30.163	1	1.14041e+06	1	167.869	1	532.573	1	191.716	1	0.1	273.317	301.511
33	30.163	1	1.14041e+06	1	167.869	1	532.573	1	191.716	1	0.316228	273.463	301.618
33	30.163	1	1.14041e+06	1	167.869	1	532.573	1	191.716	1	1	273.916	301.954
33	30.163	1	1.14041e+06	1	167.869	1	532.573	1	191.716	1	3.16228	275.284	302.991
33	30.163	1	1.14041e+06	1	167.869	1	532.573	1	191.716	1	10	279.201	306.097
33	30.163	1	1.14041e+06	1	167.869	1	532.573	1	191.716	1	31.6228	288.613	314.642
33	30.163	1	1.14041e+06	1	167.869	1	532.573	1	191.716	1	100	306.433	334.899
34	55.4345	1	3.02897e+06	1	75.7406	1	379.177	1	90.6825	1	0	273.249	301.462
34	55.4345	1	3.02897e+06	1	75.7406	1	379.177	1	90.6825	1	0.001	273.25	301.462
34	55.4345	1	3.02897e+06	1	75.7406	1	379.177	1	90.6825	1	0.00316228	273.252	301.464
34	55.4345	1	3.02897e+06	1	75.7406	1	379.177	1	90.6825	1	0.01	273.257	301.47
34	55.4345	1	3.02897e+06	1	75.7406	1	379.177	1	90.6825	1	0.0316228	273.275	301.487
34	55.4345	1	3.02897e+06	1	75.7406	1	379.177	1	90.6825	1	0.1	273.329	301.542
34	55.4345	1	3.02897e+06	1	75.7406	1	379.177	1	90.6825	1	0.316228	273.502	301.717
34	55.4345	1	3.02897e+06	1	75.7406	1	379.177	1	90.6825	1	1	274.043	302.263
34	55.4345	1	3.02897e+06	1	75.7406	1	379.177	1	90.6825	1	3.16228	275.707	303.945
34	55.4345	1	3.02897e+06	1	75.7406	1	379.177	1	90.6825	1	10	280.578	308.867
34	55.4345	1	3.02897e+06	1	75.7406	1	379.177	1	90.6825	1	31.6228	293.098	321.704
34	55.4345	1	3.02897e+06	1	75.7406	1	379.177	1	90.6825	1	100	318.176	349.921
35	38.4048	1	1.01565e+06	1	45.4476	1	453.76	1	113.066	1	0	273.249	301.462
35	38.4048	1	1.01565e+06	1	45.4476	1	453.76	1	113.066	1	0.001	273.251	301.463
35	38.4048	1	1.01565e+06	1	45.4476	1	453.76	1	113.066	1	0.00316228	273.253	301.465
35	38.4048	1	1.01565e+06	1	45.4476	1	453.76	1	113.066	1	0.01	273.261	301.473
35	38.4048	1	1.01565e+06	1	45.4476	1	453.76	1	113.066	1	0.0316228	273.285	301.498
35	38.4048	1	1.01565e+06	1	45.4476	1	453.76	1	113.066	1	0.1	273.361	301.576
35	38.4048	1	1.01565e+06	1	45.4476	1	453.76	1	113.066	1	0.316228	273.6	301.823
35	38.4048	1	1.01565e+06	1	45.4476	1	453.76	1	113.066	1	1	274.345	302.59
35	38.4048	1	1.01565e+06	1	45.4476	1	453.76	1	113.066	1	3.16228	276.592	304.901
35	38.4048	1	1.01565e+06	1	45.4476	1	453.76	1	113.066	1	10	282.884	311.375
35	38.4048	1	1.01565e+06	1	45.4476	1	453.76	1	113.066	1	31.6228	297.164	326.338
35	38.4048	1	1.01565e+06	1	45.4476	1	453.76	1	113.066	1	100	320.712	353.796
36	49.0401	1	101381	1	31.777	1	253.867	1	48.9442	1	0	273.249	301.462
36	49.0401	1	101381	1	31.777	1	253.867	1	48.9442	1	0.001	273.251	301.463
36	49.0401	1	101381	1	31.777	1	253.867	1	48.9442	1	0.00316228	273.254	301.467
36	49.0401	1	101381	1	31.777	1	253.867	1	48.9442	1	0.01	273.264	301.478
36	49.0401	1	101381	1	31.777	1	253.867	1	48.9442	1	0.0316228	273.296	301.514
36	49.0401	1	101381	1	31.777	1	253.867	1	48.9442	1	0.1	273.398	301.628
36	49.0401	1	101381	1	31.777	1	253.867	1	48.9442	1	0.316228	273.716	301.984
36	49.0401	1	101381	1	31.777	1	253.867	1	48.9442	1	1	274.704	303.087
36	49.0401	1	101381	1	31.777	1	253.867	1	48.9442	1	3.16228	277.654	306.357
36	49.0401	1	101381	1	31.777	1	253.867	1	48.9442	1	10	285.686	315.2
36	49.0401	1	101381	1	31.777	1	253.867	1	48.9442	1	31.6228	303.506	334.64
36	49.0401	1	101381	1	31.777	1	253.867	1	48.9442	1	100	334.852	370.586
37	39.5608	1	1.51658e+06	1	49.3916	1	362.784	1	95.8604	1	0	273.249	301.462
37	39.5608	1	1.51658e+06	1	49.3916	1	362.784	1	95.8604	1	0.001	273.251	301.463
37	39.5608	1	1.51658e+06	1	49.3916	1	362.784	1	95.8604	1	0.00316228	273.253	301.465
37	39.5608	1	1.51658e+06	1	49.3916	1	362.784	1	95.8604	1	0.01	273.26	301.473
37	39.5608	1	1.51658e+06	1	49.3916	1	362.784	1	95.8604	1	0.0316228	273.284	301.497
37	39.5608	1	1.51658e+06	1	49.3916	1	362.784	1	95.8604	1	0.1	273.359	301.574
37	39.5608	1	1.51658e+06	1	49.3916	1	362.784	1	95.8604	1	0.316228	273.595	301.815
37	39.5608	1	1.51658e+06	1	49.3916	1	362.784	1	95.8604	1	1	274.33	302.566
37	39.5608	1	1.51658e+06	1	49.3916	1	362.784	1	95.8604	1	3.16228	276.559	304.843
37	39.5608	1	1.51658e+06	1	49.3916	1	362.784	1	95.8604	1	10	282.88	311.306
37	39.5608	1	1.51658e+06	1	49.3916	1	362.784	1	95.8604	1	31.6228	297.705	326.77
37	39.5608	1	1.51658e+06	1	49.3916	1	362.784	1	95.8604	1	100	323.925	356.952
38	38.4316	1	622388	1	102.562	1	221.173	1	80.4048	1	0	273.249	301.462
38	38.4316	1	622388	1	102.562	1	221.173	1	80.4048	1	0.001	273.25	301.462
38	38.4316	1	622388	1	102.562	1	221.173	1	80.4048	1	0.00316228	273.252	301.464
38	38.4316	1	622388	1	102.562	1	221.173	1	80.4048	1	0.01	273.259	301.47
38	38.4316	1	622388	1	102.562	1	221.173	1	80.4048	1	0.0316228	273.279	301.488
38	38.4316	1	622388	1	102.562	1	221.173	1	80.4048	1	0.1	273.342	301.546
38	38.4316	1	622388	1	102.562	1	221.173	1	80.4048	1	0.316228	273.541	301.728
38	38.4316	1	622388	1	102.562	1	221.173	1	80.4048	1	1	274.165	302.3
38	38.4316	1	622388	1	102.562	1	221.173	1	80.4048	1	3.16228	276.081	304.071
38	38.4316	1	622388	1	102.562	1	221.173	1	80.4048	1	10	281.727	309.367
38	38.4316	1	622388	1	102.562	1	221.173	1	80.4048	1	31.6228	296.191	323.71
38	38.4316	1	622388	1	102.562	1	221.173	1	80.4048	1	100	327.741	358.627
39	42.2608	1	876584	1	42.3457	1	635.656	1	76.6678	1	0	273.249	301.462
39	42.2608	1	876584	1	42.3457	1	635.656	1	76.6678	1	0.001	273.251	301.463
39	42.2608	1	876584	1	42.3457	1	635.656	1	76.6678	1	0.00316228	273.253	301.465
39	42.2608	1	876584	1	42.3457	1	635.656	1	76.6678	1	0.01	273.26	301.473
39	42.2608	1	876584	1	42.3457	1	635.656	1	76.6678	1	0.0316228	273.284	301.498
39	42.2608	1	876584	1	42.3457	1	635.656	1	76.6678	1	0.1	273.359	301.578
39	42.2608	1	876584	1	42.3457	1	635.656	1	76.6678	1	0.316228	273.594	301.827
39	42.2608	1	876584	1	42.3457	1	635.656	1	76.6678	1	1	274.326	302.602
39	42.2608	1	876584	1	42.3457	1	635.656	1	76.6678	1	3.16228	276.523	304.922
39	42.2608	1	876584	1	42.3457	1	635.656	1	76.6678	1	10	282.596	311.32
39	42.2608	1	876584	1	42.3457	1	635.656	1	76.6678	1	31.6228	295.931	325.512
39	42.2608	1	876584	1	42.3457	1	635.656	1	76.6678	1	100	316.134	349.497
40	30.885	1	1.55492e+06	1	42.339	1	433.367	1	123.581	1	0	273.249	301.462
40	30.885	1	1.55492e+06	1	42.339	1	433.367	1	123.581	1	0.001	273.251	301.463
40	30.885	1	1.55492e+06	1	42.339	1	433.367	1	123.581	1	0.00316228	273.253	301.465
40	30.885	1	1.55492e+06	1	42.339	1	433.367	1	123.581	1	0.01	273.262	301.474
40	30.885	1	1.55492e+06	1	42.339	1	433.367	1	123.581	1	0.0316228	273.289	301.501
40	30.885	1	1.55492e+06	1	42.339	1	433.367	1	123.581	1	0.1	273.373	301.585
40	30.885	1	1.55492e+06	1	42.339	1	433.367	1	123.581	1	0.316228	273.638	301.851
40	30.885	1	1.55492e+06	1	42.339	1	433.367	1	123.581	1	1	274.463	302.678
40	30.885	1	1.55492e+06	1	42.339	1	433.367	1	123.581	1	3.16228	276.93	305.155
40	30.885	1	1.55492e+06	1	42.339	1	433.367	1	123.581	1	10	283.756	312.039
40	30.885	1	1.55492e+06	1	42.339	1	433.367	1	123.581	1	31.6228	298.644	327.652
40	30.885	1	1.55492e+06	1	42.339	1	433.367	1	123.581	1	100	322.313	355.679
41	51.9142	1	663466	1	26.7862	1	188.982	1	94.8733	1	0	273.249	301.462
41	51.9142	1	663466	1	26.7862	1	188.982	1	94.8733	1	0.001	273.251	301.464
41	51.9142	1	663466	1	26.7862	1	188.982	1	94.8733	1	0.00316228	273.255	301.468
41	51.9142	1	663466	1	26.7862	1	188.982	1	94.8733	1	0.01	273.267	301.481
41	51.9142	1	663466	1	26.7862	1	188.982	1	94.8733	1	0.0316228	273.304	301.524
41	51.9142	1	663466	1	26.7862	1	188.982	1	94.8733	1	0.1	273.423	301.659
41	51.9142	1	663466	1	26.7862	1	188.982	1	94.8733	1	0.316228	273.795	302.084
41	51.9142	1	663466	1	26.7862	1	188.982	1	94.8733	1	1	274.946	303.393
41	51.9142	1	663466	1	26.7862	1	188.982	1	94.8733	1	3.16228	278.362	307.245
41	51.9142	1	663466	1	26.7862	1	188.982	1	94.8733	1	10	287.447	317.407
41	51.9142	1	663466	1	26.7862	1	188.982	1	94.8733	1	31.6228	308.24	340.05
41	51.9142	1	663466	1	26.7862	1	188.982	1	94.8733	1	100	345.905	382.013
42	42.4008	1	1.01468e+06	1	68.2996	1	97.9595	1	73.9204	1	0	273.249	301.462
42	42.4008	1	1.01468e+06	1	68.2996	1	97.9595	1	73.9204	1	0.001	273.251	301.463
42	42.4008	1	1.01468e+06	1	68.2996	1	97.9595	1	73.9204	1	0.00316228	273.254	301.466
42	42.4008	1	1.01468e+06	1	68.2996	1	97.9595	1	73.9204	1	0.01	273.264	301.476
42	42.4008	1	1.01468e+06	1	68.2996	1	97.9595	1	73.9204	1	0.0316228	273.296	301.508
42	42.4008	1	1.01468e+06	1	68.2996	1	97.9595	1	73.9204	1	0.1	273.397	301.609
42	42.4008	1	1.01468e+06	1	68.2996	1	97.9595	1	73.9204	1	0.316228	273.714	301.927
42	42.4008	1	1.01468e+06	1	68.2996	1	97.9595	1	73.9204	1	1	274.707	302.924
42	42.4008	1	1.01468e+06	1	68.2996	1	97.9595	1	73.9204	1	3.16228	277.758	305.991
42	42.4008	1	1.01468e+06	1	68.2996	1	97.9595	1	73.9204	1	10	286.646	314.939
42	42.4008	1	1.01468e+06	1	68.2996	1	97.9595	1	73.9204	1	31.6228	310.448	339.379
42	42.4008	1	1.01468e+06	1	68.2996	1	97.9595	1	73.9204	1	100	362.285	395.87
43	59.3772	1	1.54076e+06	1	47.9302	1	251.656	1	59.6549	1	0	273.249	301.462
43	59.3772	1	1.54076e+06	1	47.9302	1	251.656	1	59.6549	1	0.001	273.251	301.463
43	59.3772	1	1.54076e+06	1	47.9302	1	251.656	1	59.6549	1	0.00316228	273.253	301.465
43	59.3772	1	1.54076e+06	1	47.9302	1	251.656	1	59.6549	1	0.01	273.261	301.474
43	59.3772	1	1.54076e+06	1	47.9302	1	251.656	1	59.6549	1	0.0316228	273.285	301.5
43	59.3772	1	1.54076e+06	1	47.9302	1	251.656	1	59.6549	1	0.1	273.362	301.584
43	59.3772	1	1.54076e+06	1	47.9302	1	251.656	1	59.6549	1	0.316228	273.604	301.847
43	59.3772	1	1.54076e+06	1	47.9302	1	251.656	1	59.6549	1	1	274.362	302.669
43	59.3772	1	1.54076e+06	1	47.9302	1	251.656	1	59.6549	1	3.16228	276.671	305.167
43	59.3772	1	1.54076e+06	1	47.9302	1	251.656	1	59.6549	1	10	283.272	312.279
43	59.3772	1	1.54076e+06	1	47.9302	1	251.656	1	59.6549	1	31.6228	299.456	329.599
43	59.3772	1	1.54076e+06	1	47.9302	1	251.656	1	59.6549	1	100	331.034	365.399
44	51.4623	1	675421	1	47.8053	1	277.633	1	42.5343	1	0	273.249	301.462
44	51.4623	1	675421	1	47.8053	1	277.633	1	42.5343	1	0.001	273.251	301.463
44	51.4623	1	675421	1	47.8053	1	277.633	1	42.5343	1	0.00316228	273.253	301.465
44	51.4623	1	675421	1	47.8053	1	277.633	1	42.5343	1	0.01	273.261	301.474
44	51.4623	1	675421	1	47.8053	1	277.633	1	42.5343	1	0.0316228	273.285	301.5
44	51.4623	1	675421	1	47.8053	1	277.633	1	42.5343	1	0.1	273.363	301.583
44	51.4623	1	675421	1	47.8053	1	277.633	1	42.5343	1	0.316228	273.608	301.845
44	51.4623	1	675421	1	47.8053	1	277.633	1	42.5343	1	1	274.372	302.661
44	51.4623	1	675421	1	47.8053	1	277.633	1	42.5343	1	3.16228	276.693	305.136
44	51.4623	1	675421	1	47.8053	1	277.633	1	42.5343	1	10	283.263	312.122
44	51.4623	1	675421	1	47.8053	1	277.633	1	42.5343	1	31.6228	298.953	328.893
44	51.4623	1	675421	1	47.8053	1	277.633	1	42.5343	1	100	328.519	362.93
45	31.9872	1	834649	1	69.0969	1	229.156	1	179.102	1	0	273.249	301.462
45	31.9872	1	834649	1	69.0969	1	229.156	1	179.102	1	0.001	273.251	301.463
45	31.9872	1	834649	1	69.0969	1	229.156	1	179.102	1	0.00316228	273.253	301.465
45	31.9872	1	834649	1	69.0969	1	229.156	1	179.102	1	0.01	273.26	301.472
45	31.9872	1	834649	1	69.0969	1	229.156	1	179.102	1	0.0316228	273.284	301.494
45	31.9872	1	834649	1	69.0969	1	229.156	1	179.102	1	0.1	273.359	301.564
45	31.9872	1	834649	1	69.0969	1	229.156	1	179.102	1	0.316228	273.596	301.785
45	31.9872	1	834649	1	69.0969	1	229.156	1	179.102	1	1	274.335	302.477
45	31.9872	1	834649	1	69.0969	1	229.156	1	179.102	1	3.16228	276.588	304.601
45	31.9872	1	834649	1	69.0969	1	229.156	1	179.102	1	10	283.093	310.805
45	31.9872	1	834649	1	69.0969	1	229.156	1	179.102	1	31.6228	299.199	327.029
45	31.9872	1	834649	1	69.0969	1	229.156	1	179.102	1	100	331.361	363.446
46	80.2388	1	543829	1	65.3142	1	177.837	1	130.963	1	0	273.249	301.462
46	80.2388	1	543829	1	65.3142	1	177.837	1	130.963	1	0.001	273.25	301.463
46	80.2388	1	543829	1	65.3142	1	177.837	1	130.963	1	0.00316228	273.253	301.465
46	80.2388	1	543829	1	65.3142	1	177.837	1	130.963	1	0.01	273.26	301.473
46	80.2388	1	543829	1	65.3142	1	177.837	1	130.963	1	0.0316228	273.282	301.496
46	80.2388	1	543829	1	65.3142	1	177.837	1	130.963	1	0.1	273.352	301.572
46	80.2388	1	543829	1	65.3142	1	177.837	1	130.963	1	0.316228	273.572	301.809
46	80.2388	1	543829	1	65.3142	1	177.837	1	130.963	1	1	274.265	302.554
46	80.2388	1	543829	1	65.3142	1	177.837	1	130.963	1	3.16228	276.403	304.848
46	80.2388	1	543829	1	65.3142	1	177.837	1	130.963	1	10	282.706	311.577
46	80.2388	1	543829	1	65.3142	1	177.837	1	130.963	1	31.6228	299.664	329.57
46	80.2388	1	543829	1	65.3142	1	177.837	1	130.963	1	100	338.17	371.164
47	39.6799	1	809845	1	49.2296	1	709.841	1	125.453	1	0	273.249	301.462
47	39.6799	1	809845	1	49.2296	1	709.841	1	125.453	1	0.001	273.25	301.463
47	39.6799	1	809845	1	49.2296	1	709.841	1	125.453	1	0.00316228	273.253	301.465
47	39.6799	1	809845	1	49.2296	1	709.841	1	125.453	1	0.01	273.259	301.472
47	39.6799	1	809845	1	49.2296	1	709.841	1	125.453	1	0.0316228	273.281	301.494
47	39.6799	1	809845	1	49.2296	1	709.841	1	125.453	1	0.1	273.349	301.563
47	39.6799	1	809845	1	49.2296	1	709.841	1	125.453	1	0.316228	273.562	301.781
47	39.6799	1	809845	1	49.2296	1	709.841	1	125.453	1	1	274.227	302.459
47	39.6799	1	809845	1	49.2296	1	709.841	1	125.453	1	3.16228	276.231	304.504
47	39.6799	1	809845	1	49.2296	1	709.841	1	125.453	1	10	281.839	310.226
47	39.6799	1	809845	1	49.2296	1	709.841	1	125.453	1	31.6228	294.537	323.447
47	39.6799	1	809845	1	49.2296	1	709.841	1	125.453	1	100	313.966	346.474
48	37.3669	1	1.56308e+06	1	55.7232	1	315.04	1	128.715	1	0	273.249	301.462
48	37.3669	1	1.56308e+06	1	55.7232	1	315.04	1	128.715	1	0.001	273.25	301.463
48	37.3669	1	1.56308e+06	1	55.7232	1	315.04	1	128.715	1	0.00316228	273.253	301.465
48	37.3669	1	1.56308e+06	1	55.7232	1	315.04	1	128.715	1	0.01	273.26	301.472
48	37.3669	1	1.56308e+06	1	55.7232	1	315.04	1	128.715	1	0.0316228	273.283	301.495
48	37.3669	1	1.56308e+06	1	55.7232	1	315.04	1	128.715	1	0.1	273.356	301.568
48	37.3669	1	1.56308e+06	1	55.7232	1	315.04	1	128.715	1	0.316228	273.587	301.796
48	37.3669	1	1.56308e+06	1	55.7232	1	315.04	1	128.715	1	1	274.306	302.51
48	37.3669	1	1.56308e+06	1	55.7232	1	315.04	1	128.715	1	3.16228	276.493	304.685
48	37.3669	1	1.56308e+06	1	55.7232	1	315.04	1	128.715	1	10	282.757	310.938
48	37.3669	1	1.56308e+06	1	55.7232	1	315.04	1	128.715	1	31.6228	297.856	326.47
48	37.3669	1	1.56308e+06	1	55.7232	1	315.04	1	128.715	1	100	325.755	358.378
49	50.7277	1	342528	1	107.477	1	338.023	1	106.192	1	0	273.249	301.462
49	50.7277	1	342528	1	107.477	1	338.023	1	106.192	1	0.001	273.25	301.462
49	50.7277	1	342528	1	107.477	1	338.023	1	106.192	1	0.00316228	273.252	301.464
49	50.7277	1	342528	1	107.477	1	338.023	1	106.192	1	0.01	273.257	301.468
49	50.7277	1	342528	1	107.477	1	338.023	1	106.192	1	0.0316228	273.272	301.483
49	50.7277	1	342528	1	107.477	1	338.023	1	106.192	1	0.1	273.322	301.53
49	50.7277	1	342528	1	107.477	1	338.023	1	106.192	1	0.316228	273.478	301.676
49	50.7277	1	342528	1	107.477	1	338.023	1	106.192	1	1	273.967	302.137
49	50.7277	1	342528	1	107.477	1	338.023	1	106.192	1	3.16228	275.476	303.567
49	50.7277	1	342528	1	107.477	1	338.023	1	106.192	1	10	279.958	307.852
49	50.7277	1	342528	1	107.477	1	338.023	1	106.192	1	31.6228	291.913	319.644
49	50.7277	1	342528	1	107.477	1	338.023	1	106.192	1	100	317.166	347.543
50	101.934	1	1.9863e+06	1	53.1436	1	241.233	1	139.383	1	0	273.249	301.462
50	101.934	1	1.9863e+06	1	53.1436	1	241.233	1	139.383	1	0.001	273.25	301.463
50	101.934	1	1.9863e+06	1	53.1436	1	241.233	1	139.383	1	0.00316228	273.253	301.465
50	101.934	1	1.9863e+06	1	53.1436	1	241.233	1	139.383	1	0.01	273.259	301.473
50	101.934	1	1.9863e+06	1	53.1436	1	241.233	1	139.383	1	0.0316228	273.281	301.497
50	101.934	1	1.9863e+06	1	53.1436	1	241.233	1	139.383	1	0.1	273.348	301.573
50	101.934	1	1.9863e+06	1	53.1436	1	241.233	1	139.383	1	0.316228	273.561	301.814
50	101.934	1	1.9863e+06	1	53.1436	1	241.233	1	139.383	1	1	274.229	302.566
50	101.934	1	1.9863e+06	1	53.1436	1	241.233	1	139.383	1	3.16228	276.276	304.866
50	101.934	1	1.9863e+06	1	53.1436	1	241.233	1	139.383	1	10	282.227	311.502
50	101.934	1	1.9863e+06	1	53.1436	1	241.233	1	139.383	1	31.6228	297.475	328.242
50	101.934	1	1.9863e+06	1	53.1436	1	241.233	1	139.383	1	100	330.897	364.54
51	44.959	1	630253	1	58.076	1	643.49	1	87.4233	1	0	273.249	301.462
51	44.959	1	630253	1	58.076	1	643.49	1	87.4233	1	0.001	273.25	301.462
51	44.959	1	630253	1	58.076	1	643.49	1	87.4233	1	0.00316228	273.252	301.464
51	44.959	1	630253	1	58.076	1	643.49	1	87.4233	1	0.01	273.258	301.471
51	44.959	1	630253	1	58.076	1	643.49	1	87.4233	1	0.0316228	273.277	301.49
51	44.959	1	630253	1	58.076	1	643.49	1	87.4233	1	0.1	273.338	301.551
51	44.959	1	630253	1	58.076	1	643.49	1	87.4233	1	0.316228	273.528	301.745
51	44.959	1	630253	1	58.076	1	643.49	1	87.4233	1	1	274.123	302.348
51	44.959	1	630253	1	58.076	1	643.49	1	87.4233	1	3.16228	275.928	304.181
51	44.959	1	630253	1	58.076	1	643.49	1	87.4233	1	10	281.062	309.394
51	44.959	1	630253	1	58.076	1	643.49	1	87.4233	1	31.6228	293.156	321.936
51	44.959	1	630253	1	58.076	1	643.49	1	87.4233	1	100	313.243	345.426
52	47.8946	1	383990	1	61.551	1	229.345	1	110.958	1	0	273.249	301.462
52	47.8946	1	383990	1	61.551	1	229.345	1	110.958	1	0.001	273.25	301.463
52	47.8946	1	383990	1	61.551	1	229.345	1	110.958	1	0.00316228	273.253	301.465
52	47.8946	1	383990	1	61.551	1	229.345	1	110.958	1	0.01	273.26	301.472
52	47.8946	1	383990	1	61.551	1	229.345	1	110.958	1	0.0316228	273.283	301.495
52	47.8946	1	383990	1	61.551	1	229.345	1	110.958	1	0.1	273.354	301.568
52	47.8946	1	383990	1	61.551	1	229.345	1	110.958	1	0.316228	273.58	301.799
52	47.8946	1	383990	1	61.551	1	229.345	1	110.958	1	1	274.287	302.52
52	47.8946	1	383990	1	61.551	1	229.345	1	110.958	1	3.16228	276.456	304.734
52	47.8946	1	383990	1	61.551	1	229.345	1	110.958	1	10	282.779	311.185
52	47.8946	1	383990	1	61.551	1	229.345	1	110.958	1	31.6228	298.924	327.866
52	47.8946	1	383990	1	61.551	1	229.345	1	110.958	1	100	332.137	364.775
53	83.3179	1	531008	1	101.961	1	463.337	1	65.6905	1	0	273.249	301.462
53	83.3179	1	531008	1	101.961	1	463.337	1	65.6905	1	0.001	273.25	301.462
53	83.3179	1	531008	1	101.961	1	463.337	1	65.6905	1	0.00316228	273.251	301.464
53	83.3179	1	531008	1	101.961	1	463.337	1	65.6905	1	0.01	273.255	301.468
53	83.3179	1	531008	1	101.961	1	463.337	1	65.6905	1	0.0316228	273.269	301.481
53	83.3179	1	531008	1	101.961	1	463.337	1	65.6905	1	0.1	273.31	301.524
53	83.3179	1	531008	1	101.961	1	463.337	1	65.6905	1	0.316228	273.441	301.658
53	83.3179	1	531008	1	101.961	1	463.337	1	65.6905	1	1	273.851	302.081
53	83.3179	1	531008	1	101.961	1	463.337	1	65.6905	1	3.16228	275.122	303.39
53	83.3179	1	531008	1	101.961	1	463.337	1	65.6905	1	10	278.898	307.283
53	83.3179	1	531008	1	101.961	1	463.337	1	65.6905	1	31.6228	289.063	317.8
53	83.3179	1	531008	1	101.961	1	463.337	1	65.6905	1	100	310.475	341.826
54	42.795	1	769806	1	64.2675	1	161.967	1	78.9387	1	0	273.249	301.462
54	42.795	1	769806	1	64.2675	1	161.967	1	78.9387	1	0.001	273.251	301.463
54	42.795	1	769806	1	64.2675	1	161.967	1	78.9387	1	0.00316228	273.253	301.465
54	42.795	1	769806	1	64.2675	1	161.967	1	78.9387	1	0.01	273.261	301.474
54	42.795	1	769806	1	64.2675	1	161.967	1	78.9387	1	0.0316228	273.287	301.499
54	42.795	1	769806	1	64.2675	1	161.967	1	78.9387	1	0.1	273.369	301.581
54	42.795	1	769806	1	64.2675	1	161.967	1	78.9387	1	0.316228	273.626	301.839
54	42.795	1	769806	1	64.2675	1	161.967	1	78.9387	1	1	274.432	302.648
54	42.795	1	769806	1	64.2675	1	161.967	1	78.9387	1	3.16228	276.907	305.134
54	42.795	1	769806	1	64.2675	1	161.967	1	78.9387	1	10	284.141	312.415
54	42.795	1	769806	1	64.2675	1	161.967	1	78.9387	1	31.6228	302.868	331.684
54	42.795	1	769806	1	64.2675	1	161.967	1	78.9387	1	100	342.51	375.551
55	41.9713	1	1.01422e+06	1	33.8789	1	153.97	1	105.109	1	0	273.249	301.462
55	41.9713	1	1.01422e+06	1	33.8789	1	153.97	1	105.109	1	0.001	273.251	301.463
55	41.9713	1	1.01422e+06	1	33.8789	1	153.97	1	105.109	1	0.00316228	273.255	301.467
55	41.9713	1	1.01422e+06	1	33.8789	1	153.97	1	105.109	1	0.01	273.266	301.479
55	41.9713	1	1.01422e+06	1	33.8789	1	153.97	1	105.109	1	0.0316228	273.301	301.518
55	41.9713	1	1.01422e+06	1	33.8789	1	153.97	1	105.109	1	0.1	273.413	301.639
55	41.9713	1	1.01422e+06	1	33.8789	1	153.97	1	105.109	1	0.316228	273.765	302.02
55	41.9713	1	1.01422e+06	1	33.8789	1	153.97	1	105.109	1	1	274.86	303.205
55	41.9713	1	1.01422e+06	1	33.8789	1	153.97	1	105.109	1	3.16228	278.16	306.757
55	41.9713	1	1.01422e+06	1	33.8789	1	153.97	1	105.109	1	10	287.398	316.639
55	41.9713	1	1.01422e+06	1	33.8789	1	153.97	1	105.109	1	31.6228	309.381	340.018
55	41.9713	1	1.01422e+06	1	33.8789	1	153.97	1	105.109	1	100	351.487	386.941
56	28.3649	1	486870	1	50.7012	1	591.244	1	106.734	1	0	273.249	301.462
56	28.3649	1	486870	1	50.7012	1	591.244	1	106.734	1	0.001	273.251	301.463
56	28.3649	1	486870	1	50.7012	1	591.244	1	106.734	1	0.00316228	273.253	301.465
56	28.3649	1	486870	1	50.7012	1	591.244	1	106.734	1	0.01	273.26	301.472
56	28.3649	1	486870	1	50.7012	1	591.244	1	106.734	1	0.0316228	273.284	301.495
56	28.3649	1	486870	1	50.7012	1	591.244	1	106.734	1	0.1	273.36	301.566
56	28.3649	1	486870	1	50.7012	1	591.244	1	106.734	1	0.316228	273.597	301.791
56	28.3649	1	486870	1	50.7012	1	591.244	1	106.734	1	1	274.334	302.491
56	28.3649	1	486870	1	50.7012	1	591.244	1	106.734	1	3.16228	276.54	304.599
56	28.3649	1	486870	1	50.7012	1	591.244	1	106.734	1	10	282.658	310.52
56	28.3649	1	486870	1	50.7012	1	591.244	1	106.734	1	31.6228	295.828	324.208
56	28.3649	1	486870	1	50.7012	1	591.244	1	106.734	1	100	316.224	348.777
57	48.3126	1	1.72352e+06	1	65.2288	1	228.474	1	113.472	1	0	273.249	301.462
57	48.3126	1	1.72352e+06	1	65.2288	1	228.474	1	113.472	1	0.001	273.25	301.463
57	48.3126	1	1.72352e+06	1	65.2288	1	228.474	1	113.472	1	0.00316228	273.253	301.465
57	48.3126	1	1.72352e+06	1	65.2288	1	228.474	1	113.472	1	0.01	273.26	301.472
57	48.3126	1	1.72352e+06	1	65.2288	1	228.474	1	113.472	1	0.0316228	273.282	301.494
57	48.3126	1	1.72352e+06	1	65.2288	1	228.474	1	113.472	1	0.1	273.351	301.565
57	48.3126	1	1.72352e+06	1	65.2288	1	228.474	1	113.472	1	0.316228	273.571	301.788
57	48.3126	1	1.72352e+06	1	65.2288	1	228.474	1	113.472	1	1	274.259	302.485
57	48.3126	1	1.72352e+06	1	65.2288	1	228.474	1	113.472	1	3.16228	276.374	304.63
57	48.3126	1	1.72352e+06	1	65.2288	1	228.474	1	113.472	1	10	282.556	310.9
57	48.3126	1	1.72352e+06	1	65.2288	1	228.474	1	113.472	1	31.6228	298.476	327.283
57	48.3126	1	1.72352e+06	1	65.2288	1	228.474	1	113.472	1	100	331.62	364.046
58	65.6265	1	1.55171e+06	1	110.709	1	314.078	1	145.155	1	0	273.249	301.462
58	65.6265	1	1.55171e+06	1	110.709	1	314.078	1	145.155	1	0.001	273.25	301.462
58	65.6265	1	1.55171e+06	1	110.709	1	314.078	1	145.155	1	0.00316228	273.252	301.464
58	65.6265	1	1.55171e+06	1	110.709	1	314.078	1	145.155	1	0.01	273.256	301.468
58	65.6265	1	1.55171e+06	1	110.709	1	314.078	1	145.155	1	0.0316228	273.271	301.483
58	65.6265	1	1.55171e+06	1	110.709	1	314.078	1	145.155	1	0.1	273.317	301.528
58	65.6265	1	1.55171e+06	1	110.709	1	314.078	1	145.155	1	0.316228	273.464	301.673
58	65.6265	1	1.55171e+06	1	110.709	1	314.078	1	145.155	1	1	273.926	302.126
58	65.6265	1	1.55171e+06	1	110.709	1	314.078	1	145.155	1	3.16228	275.358	303.537
58	65.6265	1	1.55171e+06	1	110.709	1	314.078	1	145.155	1	10	279.641	307.775
58	65.6265	1	1.55171e+06	1	110.709	1	314.078	1	145.155	1	31.6228	291.446	319.607
58	65.6265	1	1.55171e+06	1	110.709	1	314.078	1	145.155	1	100	318.028	348.314
59	43.6383	1	133735	1	72.302	1	228.713	1	159.302	1	0	273.249	301.462
59	43.6383	1	133735	1	72.302	1	228.713	1	159.302	1	0.001	273.25	301.463
59	43.6383	1	133735	1	72.302	1	228.713	1	159.302	1	0.00316228	273.253	301.465
59	43.6383	1	133735	1	72.302	1	228.713	1	159.302	1	0.01	273.259	301.471
59	43.6383	1	133735	1	72.302	1	228.713	1	159.302	1	0.0316228	273.281	301.492
59	43.6383	1	133735	1	72.302	1	228.713	1	159.302	1	0.1	273.349	301.559
59	43.6383	1	133735	1	72.302	1	228.713	1	159.302	1	0.316228	273.563	301.769
59	43.6383	1	133735	1	72.302	1	228.713	1	159.302	1	1	274.233	302.428
59	43.6383	1	133735	1	72.302	1	228.713	1	159.302	1	3.16228	276.294	304.459
59	43.6383	1	133735	1	72.302	1	228.713	1	159.302	1	10	282.331	310.426
59	43.6383	1	133735	1	72.302	1	228.713	1	159.302	1	31.6228	297.955	326.261
59	43.6383	1	133735	1	72.302	1	228.713	1	159.302	1	100	330.59	362.505
60	46.7351	1	2.02021e+06	1	68.3001	1	371.598	1	83.7093	1	0	273.249	301.462
60	46.7351	1	2.02021e+06	1	68.3001	1	371.598	1	83.7093	1	0.001	273.25	301.462
60	46.7351	1	2.02021e+06	1	68.3001	1	371.598	1	83.7093	1	0.00316228	273.252	301.464
60	46.7351	1	2.02021e+06	1	68.3001	1	371.598	1	83.7093	1	0.01	273.258	301.47
60	46.7351	1	2.02021e+06	1	68.3001	1	371.598	1	83.7093	1	0.0316228	273.277	301.489
60	46.7351	1	2.02021e+06	1	68.3001	1	371.598	1	83.7093	1	0.1	273.338	301.55
60	46.7351	1	2.02021e+06	1	68.3001	1	371.598	1	83.7093	1	0.316228	273.528	301.74
60	46.7351	1	2.02021e+06	1	68.3001	1	371.598	1	83.7093	1	1	274.125	302.335
60	46.7351	1	2.02021e+06	1	68.3001	1	371.598	1	83.7093	1	3.16228	275.951	304.16
60	46.7351	1	2.02021e+06	1	68.3001	1	371.598	1	83.7093	1	10	281.25	309.461
60	46.7351	1	2.02021e+06	1	68.3001	1	371.598	1	83.7093	1	31.6228	294.468	323.013
60	46.7351	1	2.02021e+06	1	68.3001	1	371.598	1	83.7093	1	100	319.928	351.94
61	58.9441	1	2.01586e+06	1	84.9693	1	236.558	1	68.7646	1	0	273.249	301.462
61	58.9441	1	2.01586e+06	1	84.9693	1	236.558	1	68.7646	1	0.001	273.25	301.462
61	58.9441	1	2.01586e+06	1	84.9693	1	236.558	1	68.7646	1	0.00316228	273.252	301.464
61	58.9441	1	2.01586e+06	1	84.9693	1	236.558	1	68.7646	1	0.01	273.258	301.47
61	58.9441	1	2.01586e+06	1	84.9693	1	236.558	1	68.7646	1	0.0316228	273.277	301.489
61	58.9441	1	2.01586e+06	1	84.9693	1	236.558	1	68.7646	1	0.1	273.336	301.549
61	58.9441	1	2.01586e+06	1	84.9693	1	236.558	1	68.7646	1	0.316228	273.524	301.738
61	58.9441	1	2.01586e+06	1	84.9693	1	236.558	1	68.7646	1	1	274.113	302.333
61	58.9441	1	2.01586e+06	1	84.9693	1	236.558	1	68.7646	1	3.16228	275.934	304.171
61	58.9441	1	2.01586e+06	1	84.9693	1	236.558	1	68.7646	1	10	281.328	309.627
61	58.9441	1	2.01586e+06	1	84.9693	1	236.558	1	68.7646	1	31.6228	295.63	324.268
61	58.9441	1	2.01586e+06	1	84.9693	1	236.558	1	68.7646	1	100	326.894	358.993
62	83.4492	1	1.25496e+06	1	94.6199	1	152.184	1	72.794	1	0	273.249	301.462
62	83.4492	1	1.25496e+06	1	94.6199	1	152.184	1	72.794	1	0.001	273.25	301.463
62	83.4492	1	1.25496e+06	1	94.6199	1	152.184	1	72.794	1	0.00316228	273.252	301.465
62	83.4492	1	1.25496e+06	1	94.6199	1	152.184	1	72.794	1	0.01	273.259	301.472
62	83.4492	1	1.25496e+06	1	94.6199	1	152.184	1	72.794	1	0.0316228	273.28	301.493
62	83.4492	1	1.25496e+06	1	94.6199	1	152.184	1	72.794	1	0.1	273.345	301.561
62	83.4492	1	1.25496e+06	1	94.6199	1	152.184	1	72.794	1	0.316228	273.551	301.776
62	83.4492	1	1.25496e+06	1	94.6199	1	152.184	1	72.794	1	1	274.199	302.45
62	83.4492	1	1.25496e+06	1	94.6199	1	152.184	1	72.794	1	3.16228	276.211	304.543
62	83.4492	1	1.25496e+06	1	94.6199	1	152.184	1	72.794	1	10	282.219	310.789
62	83.4492	1	1.25496e+06	1	94.6199	1	152.184	1	72.794	1	31.6228	298.869	328.089
62	83.4492	1	1.25496e+06	1	94.6199	1	152.184	1	72.794	1	100	338.381	370.896
63	46.0806	1	1.04295e+06	1	49.6581	1	383.463	1	102.496	1	0	273.249	301.462
63	46.0806	1	1.04295e+06	1	49.6581	1	383.463	1	102.496	1	0.001	273.25	301.463
63	46.0806	1	1.04295e+06	1	49.6581	1	383.463	1	102.496	1	0.00316228	273.253	301.465
63	46.0806	1	1.04295e+06	1	49.6581	1	383.463	1	102.496	1	0.01	273.26	301.473
63	46.0806	1	1.04295e+06	1	49.6581	1	383.463	1	102.496	1	0.0316228	273.282	301.496
63	46.0806	1	1.04295e+06	1	49.6581	1	383.463	1	102.496	1	0.1	273.354	301.571
63	46.0806	1	1.04295e+06	1	49.6581	1	383.463	1	102.496	1	0.316228	273.578	301.806
63	46.0806	1	1.04295e+06	1	49.6581	1	383.463	1	102.496	1	1	274.279	302.538
63	46.0806	1	1.04295e+06	1	49.6581	1	383.463	1	102.496	1	3.16228	276.406	304.759
63	46.0806	1	1.04295e+06	1	49.6581	1	383.463	1	102.496	1	10	282.455	311.062
63	46.0806	1	1.04295e+06	1	49.6581	1	383.463	1	102.496	1	31.6228	296.844	326.161
63	46.0806	1	1.04295e+06	1	49.6581	1	383.463	1	102.496	1	100	322.644	355.591
64	49.0052	1	1.48985e+06	1	52.1105	1	674.618	1	100.358	1	0	273.249	301.462
64	49.0052	1	1.48985e+06	1	52.1105	1	674.618	1	100.358	1	0.001	273.25	301.463
64	49.0052	1	1.48985e+06	1	52.1105	1	674.618	1	100.358	1	0.00316228	273.252	301.465
64	49.0052	1	1.48985e+06	1	52.1105	1	674.618	1	100.358	1	0.01	273.259	301.471
64	49.0052	1	1.48985e+06	1	52.1105	1	674.618	1	100.358	1	0.0316228	273.278	301.492
64	49.0052	1	1.48985e+06	1	52.1105	1	674.618	1	100.358	1	0.1	273.341	301.558
64	49.0052	1	1.48985e+06	1	52.1105	1	674.618	1	100.358	1	0.316228	273.539	301.765
64	49.0052	1	1.48985e+06	1	52.1105	1	674.618	1	100.358	1	1	274.154	302.411
64	49.0052	1	1.48985e+06	1	52.1105	1	674.618	1	100.358	1	3.16228	276.019	304.363
64	49.0052	1	1.48985e+06	1	52.1105	1	674.618	1	100.358	1	10	281.288	309.866
64	49.0052	1	1.48985e+06	1	52.1105	1	674.618	1	100.358	1	31.6228	293.594	322.796
64	49.0052	1	1.48985e+06	1	52.1105	1	674.618	1	100.358	1	100	313.615	346.122
65	29.3943	1	2.61687e+06	1	69.4511	1	721.668	1	87.8453	1	0	273.249	301.462
65	29.3943	1	2.61687e+06	1	69.4511	1	721.668	1	87.8453	1	0.001	273.25	301.462
65	29.3943	1	2.61687e+06	1	69.4511	1	721.668	1	87.8453	1	0.00316228	273.252	301.464
65	29.3943	1	2.61687e+06	1	69.4511	1	721.668	1	87.8453	1	0.01	273.259	301.47
65	29.3943	1	2.61687e+06	1	69.4511	1	721.668	1	87.8453	1	0.0316228	273.278	301.487
65	29.3943	1	2.61687e+06	1	69.4511	1	721.668	1	87.8453	1	0.1	273.341	301.542
65	29.3943	1	2.61687e+06	1	69.4511	1	721.668	1	87.8453	1	0.316228	273.537	301.717
65	29.3943	1	2.61687e+06	1	69.4511	1	721.668	1	87.8453	1	1	274.147	302.261
65	29.3943	1	2.61687e+06	1	69.4511	1	721.668	1	87.8453	1	3.16228	275.98	303.915
65	29.3943	1	2.61687e+06	1	69.4511	1	721.668	1	87.8453	1	10	281.126	308.641
65	29.3943	1	2.61687e+06	1	69.4511	1	721.668	1	87.8453	1	31.6228	292.546	320.208
65	29.3943	1	2.61687e+06	1	69.4511	1	721.668	1	87.8453	1	100	310.93	342.293
66	40.0635	1	2.54923e+06	1	90.4729	1	92.5375	1	81.0668	1	0	273.249	301.462
66	40.0635	1	2.54923e+06	1	90.4729	1	92.5375	1	81.0668	1	0.001	273.251	301.463
66	40.0635	1	2.54923e+06	1	90.4729	1	92.5375	1	81.0668	1	0.00316228	273.254	301.466
66	40.0635	1	2.54923e+06	1	90.4729	1	92.5375	1	81.0668	1	0.01	273.264	301.475
66	40.0635	1	2.54923e+06	1	90.4729	1	92.5375	1	81.0668	1	0.0316228	273.294	301.505
66	40.0635	1	2.54923e+06	1	90.4729	1	92.5375	1	81.0668	1	0.1	273.392	301.6
66	40.0635	1	2.54923e+06	1	90.4729	1	92.5375	1	81.0668	1	0.316228	273.698	301.897
66	40.0635	1	2.54923e+06	1	90.4729	1	92.5375	1	81.0668	1	1	274.657	302.831
66	40.0635	1	2.54923e+06	1	90.4729	1	92.5375	1	81.0668	1	3.16228	277.604	305.71
66	40.0635	1	2.54923e+06	1	90.4729	1	92.5375	1	81.0668	1	10	286.204	314.157
66	40.0635	1	2.54923e+06	1	90.4729	1	92.5375	1	81.0668	1	31.6228	309.5	337.683
66	40.0635	1	2.54923e+06	1	90.4729	1	92.5375	1	81.0668	1	100	361.252	393.727
67	100.565	1	354334	1	62.3717	1	146.695	1	41.3765	1	0	273.249	301.462
67	100.565	1	354334	1	62.3717	1	146.695	1	41.3765	1	0.001	273.251	301.463
67	100.565	1	354334	1	62.3717	1	146.695	1	41.3765	1	0.00316228	273.253	301.466
67	100.565	1	354334	1	62.3717	1	146.695	1	41.3765	1	0.01	273.261	301.474
67	100.565	1	354334	1	62.3717	1	146.695	1	41.3765	1	0.0316228	273.285	301.501
67	100.565	1	354334	1	62.3717	1	146.695	1	41.3765	1	0.1	273.363	301.586
67	100.565	1	354334	1	62.3717	1	146.695	1	41.3765	1	0.316228	273.606	301.854
67	100.565	1	354334	1	62.3717	1	146.695	1	41.3765	1	1	274.372	302.693
67	100.565	1	354334	1	62.3717	1	146.695	1	41.3765	1	3.16228	276.731	305.276
67	100.565	1	354334	1	62.3717	1	146.695	1	41.3765	1	10	283.613	312.775
67	100.565	1	354334	1	62.3717	1	146.695	1	41.3765	1	31.6228	301.925	332.592
67	100.565	1	354334	1	62.3717	1	146.695	1	41.3765	1	100	343.147	378.516
68	51.6245	1	803577	1	103.623	1	180.83	1	86.6058	1	0	273.249	301.462
68	51.6245	1	803577	1	103.623	1	180.83	1	86.6058	1	0.001	273.25	301.462
68	51.6245	1	803577	1	103.623	1	180.83	1	86.6058	1	0.00316228	273.252	301.464
68	51.6245	1	803577	1	103.623	1	180.83	1	86.6058	1	0.01	273.259	301.471
68	51.6245	1	803577	1	103.623	1	180.83	1	86.6058	1	0.0316228	273.279	301.49
68	51.6245	1	803577	1	103.623	1	180.83	1	86.6058	1	0.1	273.342	301.551
68	51.6245	1	803577	1	103.623	1	180.83	1	86.6058	1	0.316228	273.541	301.745
68	51.6245	1	803577	1	103.623	1	180.83	1	86.6058	1	1	274.168	302.352
68	51.6245	1	803577	1	103.623	1	180.83	1	86.6058	1	3.16228	276.106	304.24
68	51.6245	1	803577	1	103.623	1	180.83	1	86.6058	1	10	281.877	309.894
68	51.6245	1	803577	1	103.623	1	180.83	1	86.6058	1	31.6228	297.595	325.64
68	51.6245	1	803577	1	103.623	1	180.83	1	86.6058	1	100	332.995	364.223
69	23.9498	1	295635	1	170.885	1	260.061	1	332.767	1	0	273.249	301.462
69	23.9498	1	295635	1	170.885	1	260.061	1	332.767	1	0.001	273.25	301.462
69	23.9498	1	295635	1	170.885	1	260.061	1	332.767	1	0.00316228	273.252	301.464
69	23.9498	1	295635	1	170.885	1	260.061	1	332.767	1	0.01	273.259	301.468
69	23.9498	1	295635	1	170.885	1	260.061	1	332.767	1	0.0316228	273.278	301.483
69	23.9498	1	295635	1	170.885	1	260.061	1	332.767	1	0.1	273.34	301.528
69	23.9498	1	295635	1	170.885	1	260.061	1	332.767	1	0.316228	273.535	301.673
69	23.9498	1	295635	1	170.885	1	260.061	1	332.767	1	1	274.141	302.124
69	23.9498	1	295635	1	170.885	1	260.061	1	332.767	1	3.16228	275.958	303.513
69	23.9498	1	295635	1	170.885	1	260.061	1	332.767	1	10	281.127	307.678
69	23.9498	1	295635	1	170.885	1	260.061	1	332.767	1	31.6228	293.021	318.965
69	23.9498	1	295635	1	170.885	1	260.061	1	332.767	1	100	318.812	347.619
70	55.1502	1	1.49418e+06	1	79.3426	1	764.196	1	82.7303	1	0	273.249	301.462
70	55.1502	1	1.49418e+06	1	79.3426	1	764.196	1	82.7303	1	0.001	273.25	301.462
70	55.1502	1	1.49418e+06	1	79.3426	1	764.196	1	82.7303	1	0.00316228	273.252	301.464
70	55.1502	1	1.49418e+06	1	79.3426	1	764.196	1	82.7303	1	0.01	273.256	301.468
70	55.1502	1	1.49418e+06	1	79.3426	1	764.196	1	82.7303	1	0.0316228	273.271	301.483
70	55.1502	1	1.49418e+06	1	79.3426	1	764.196	1	82.7303	1	0.1	273.318	301.53
70	55.1502	1	1.49418e+06	1	79.3426	1	764.196	1	82.7303	1	0.316228	273.466	301.677
70	55.1502	1	1.49418e+06	1	79.3426	1	764.196	1	82.7303	1	1	273.928	302.138
70	55.1502	1	1.49418e+06	1	79.3426	1	764.196	1	82.7303	1	3.16228	275.346	303.553
70	55.1502	1	1.49418e+06	1	79.3426	1	764.196	1	82.7303	1	10	279.456	307.659
70	55.1502	1	1.49418e+06	1	79.3426	1	764.196	1	82.7303	1	31.6228	289.717	318.109
70	55.1502	1	1.49418e+06	1	79.3426	1	764.196	1	82.7303	1	100	307.937	339.228
71	37.9785	1	707437	1	59.4123	1	226.116	1	132.049	1	0	273.249	301.462
71	37.9785	1	707437	1	59.4123	1	226.116	1	132.049	1	0.001	273.251	301.463
71	37.9785	1	707437	1	59.4123	1	226.116	1	132.049	1	0.00316228	273.253	301.465
71	37.9785	1	707437	1	59.4123	1	226.116	1	132.049	1	0.01	273.261	301.473
71	37.9785	1	707437	1	59.4123	1	226.116	1	132.049	1	0.0316228	273.285	301.497
71	37.9785	1	707437	1	59.4123	1	226.116	1	132.049	1	0.1	273.362	301.573
71	37.9785	1	707437	1	59.4123	1	226.116	1	132.049	1	0.316228	273.604	301.812
71	37.9785	1	707437	1	59.4123	1	226.116	1	132.049	1	1	274.362	302.562
71	37.9785	1	707437	1	59.4123	1	226.116	1	132.049	1	3.16228	276.676	304.857
71	37.9785	1	707437	1	59.4123	1	226.116	1	132.049	1	10	283.374	311.526
71	37.9785	1	707437	1	59.4123	1	226.116	1	132.049	1	31.6228	300.047	328.611
71	37.9785	1	707437	1	59.4123	1	226.116	1	132.049	1	100	333.196	365.91
72	62.4208	1	1.07624e+06	1	100.741	1	342.62	1	98.9878	1	0	273.249	301.462
72	62.4208	1	1.07624e+06	1	100.741	1	342.62	1	98.9878	1	0.001	273.25	301.462
72	62.4208	1	1.07624e+06	1	100.741	1	342.62	1	98.9878	1	0.00316228	273.252	301.464
72	62.4208	1	1.07624e+06	1	100.741	1	342.62	1	98.9878	1	0.01	273.256	301.468
72	62.4208	1	1.07624e+06	1	100.741	1	342.62	1	98.9878	1	0.0316228	273.272	301.483
72	62.4208	1	1.07624e+06	1	100.741	1	342.62	1	98.9878	1	0.1	273.319	301.531
72	62.4208	1	1.07624e+06	1	100.741	1	342.62	1	98.9878	1	0.316228	273.471	301.68
72	62.4208	1	1.07624e+06	1	100.741	1	342.62	1	98.9878	1	1	273.945	302.149
72	62.4208	1	1.07624e+06	1	100.741	1	342.62	1	98.9878	1	3.16228	275.415	303.603
72	62.4208	1	1.07624e+06	1	100.741	1	342.62	1	98.9878	1	10	279.786	307.947
72	62.4208	1	1.07624e+06	1	100.741	1	342.62	1	98.9878	1	31.6228	291.623	319.875
72	62.4208	1	1.07624e+06	1	100.741	1	342.62	1	98.9878	1	100	317.037	347.883
73	64.3061	1	1.25563e+06	1	59.7443	1	220.424	1	72.4642	1	0	273.249	301.462
73	64.3061	1	1.25563e+06	1	59.7443	1	220.424	1	72.4642	1	0.001	273.25	301.463
73	64.3061	1	1.25563e+06	1	59.7443	1	220.424	1	72.4642	1	0.00316228	273.253	301.465
73	64.3061	1	1.25563e+06	1	59.7443	1	220.424	1	72.4642	1	0.01	273.26	301.473
73	64.3061	1	1.25563e+06	1	59.7443	1	220.424	1	72.4642	1	0.0316228	273.282	301.496
73	64.3061	1	1.25563e+06	1	59.7443	1	220.424	1	72.4642	1	0.1	273.352	301.571
73	64.3061	1	1.25563e+06	1	59.7443	1	220.424	1	72.4642	1	0.316228	273.573	301.807
73	64.3061	1	1.25563e+06	1	59.7443	1	220.424	1	72.4642	1	1	274.266	302.545
73	64.3061	1	1.25563e+06	1	59.7443	1	220.424	1	72.4642	1	3.16228	276.398	304.81
73	64.3061	1	1.25563e+06	1	59.7443	1	220.424	1	72.4642	1	10	282.618	311.399
73	64.3061	1	1.25563e+06	1	59.7443	1	220.424	1	72.4642	1	31.6228	298.651	328.336
73	64.3061	1	1.25563e+06	1	59.7443	1	220.424	1	72.4642	1	100	332.367	365.901
74	41.404	1	1.39413e+06	1	89.7496	1	250.885	1	94.7057	1	0	273.249	301.462
74	41.404	1	1.39413e+06	1	89.7496	1	250.885	1	94.7057	1	0.001	273.25	301.462
74	41.404	1	1.39413e+06	1	89.7496	1	250.885	1	94.7057	1	0.00316228	273.252	301.464
74	41.404	1	1.39413e+06	1	89.7496	1	250.885	1	94.7057	1	0.01	273.258	301.47
74	41.404	1	1.39413e+06	1	89.7496	1	250.885	1	94.7057	1	0.0316228	273.278	301.488
74	41.404	1	1.39413e+06	1	89.7496	1	250.885	1	94.7057	1	0.1	273.34	301.546
74	41.404	1	1.39413e+06	1	89.7496	1	250.885	1	94.7057	1	0.316228	273.534	301.73
74	41.404	1	1.39413e+06	1	89.7496	1	250.885	1	94.7057	1	1	274.145	302.305
74	41.404	1	1.39413e+06	1	89.7496	1	250.885	1	94.7057	1	3.16228	276.02	304.082
74	41.404	1	1.39413e+06	1	89.7496	1	250.885	1	94.7057	1	10	281.54	309.367
74	41.404	1	1.39413e+06	1	89.7496	1	250.885	1	94.7057	1	31.6228	295.796	323.574
74	41.404	1	1.39413e+06	1	89.7496	1	250.885	1	94.7057	1	100	325.973	357.154
75	51.1511	1	1.48499e+06	1	59.4544	1	206.39	1	70.2304	1	0	273.249	301.462
75	51.1511	1	1.48499e+06	1	59.4544	1	206.39	1	70.2304	1	0.001	273.251	301.463
75	51.1511	1	1.48499e+06	1	59.4544	1	206.39	1	70.2304	1	0.00316228	273.253	301.465
75	51.1511	1	1.48499e+06	1	59.4544	1	206.39	1	70.2304	1	0.01	273.26	301.473
75	51.1511	1	1.48499e+06	1	59.4544	1	206.39	1	70.2304	1	0.0316228	273.284	301.497
75	51.1511	1	1.48499e+06	1	59.4544	1	206.39	1	70.2304	1	0.1	273.359	301.575
75	51.1511	1	1.48499e+06	1	59.4544	1	206.39	1	70.2304	1	0.316228	273.595	301.819
75	51.1511	1	1.48499e+06	1	59.4544	1	206.39	1	70.2304	1	1	274.334	302.585
75	51.1511	1	1.48499e+06	1	59.4544	1	206.39	1	70.2304	1	3.16228	276.601	304.933
75	51.1511	1	1.48499e+06	1	59.4544	1	206.39	1	70.2304	1	10	283.211	311.768
75	51.1511	1	1.48499e+06	1	59.4544	1	206.39	1	70.2304	1	31.6228	300.081	329.359
75	51.1511	1	1.48499e+06	1	59.4544	1	206.39	1	70.2304	1	100	335.018	368.367
76	37.8419	1	404971	1	74.352	1	242.629	1	69.3484	1	0	273.249	301.462
76	37.8419	1	404971	1	74.352	1	242.629	1	69.3484	1	0.001	273.25	301.463
76	37.8419	1	404971	1	74.352	1	242.629	1	69.3484	1	0.00316228	273.253	301.465
76	37.8419	1	404971	1	74.352	1	242.629	1	69.3484	1	0.01	273.26	301.471
76	37.8419	1	404971	1	74.352	1	242.629	1	69.3484	1	0.0316228	273.281	301.492
76	37.8419	1	404971	1	74.352	1	242.629	1	69.3484	1	0.1	273.351	301.558
76	37.8419	1	404971	1	74.352	1	242.629	1	69.3484	1	0.316228	273.569	301.766
76	37.8419	1	404971	1	74.352	1	242.629	1	69.3484	1	1	274.251	302.418
76	37.8419	1	404971	1	74.352	1	242.629	1	69.3484	1	3.16228	276.34	304.426
76	37.8419	1	404971	1	74.352	1	242.629	1	69.3484	1	10	282.424	310.321
76	37.8419	1	404971	1	74.352	1	242.629	1	69.3484	1	31.6228	297.616	325.756
76	37.8419	1	404971	1	74.352	1	242.629	1	69.3484	1	100	328.807	360.845
77	42.5387	1	1.4543e+06	1	34.0203	1	395.17	1	73.2782	1	0	273.249	301.462
77	42.5387	1	1.4543e+06	1	34.0203	1	395.17	1	73.2782	1	0.001	273.251	301.463
77	42.5387	1	1.4543e+06	1	34.0203	1	395.17	1	73.2782	1	0.00316228	273.254	301.466
77	42.5387	1	1.4543e+06	1	34.0203	1	395.17	1	73.2782	1	0.01	273.263	301.476
77	42.5387	1	1.4543e+06	1	34.0203	1	395.17	1	73.2782	1	0.0316228	273.292	301.508
77	42.5387	1	1.4543e+06	1	34.0203	1	395.17	1	73.2782	1	0.1	273.383	301.608
77	42.5387	1	1.4543e+06	1	34.0203	1	395.17	1	73.2782	1	0.316228	273.671	301.923
77	42.5387	1	1.4543e+06	1	34.0203	1	395.17	1	73.2782	1	1	274.563	302.898
77	42.5387	1	1.4543e+06	1	34.0203	1	395.17	1	73.2782	1	3.16228	277.222	305.787
77	42.5387	1	1.4543e+06	1	34.0203	1	395.17	1	73.2782	1	10	284.468	313.612
77	42.5387	1	1.4543e+06	1	34.0203	1	395.17	1	73.2782	1	31.6228	300.127	330.509
77	42.5387	1	1.4543e+06	1	34.0203	1	395.17	1	73.2782	1	100	325.181	359.646
78	38.5631	1	1.07627e+06	1	39.1875	1	163.059	1	86.741	1	0	273.249	301.462
78	38.5631	1	1.07627e+06	1	39.1875	1	163.059	1	86.741	1	0.001	273.251	301.463
78	38.5631	1	1.07627e+06	1	39.1875	1	163.059	1	86.741	1	0.00316228	273.254	301.467
78	38.5631	1	1.07627e+06	1	39.1875	1	163.059	1	86.741	1	0.01	273.265	301.478
78	38.5631	1	1.07627e+06	1	39.1875	1	163.059	1	86.741	1	0.0316228	273.297	301.512
78	38.5631	1	1.07627e+06	1	39.1875	1	163.059	1	86.741	1	0.1	273.401	301.621
78	38.5631	1	1.07627e+06	1	39.1875	1	163.059	1	86.741	1	0.316228	273.727	301.965
78	38.5631	1	1.07627e+06	1	39.1875	1	163.059	1	86.741	1	1	274.743	303.034
78	38.5631	1	1.07627e+06	1	39.1875	1	163.059	1	86.741	1	3.16228	277.819	306.264
78	38.5631	1	1.07627e+06	1	39.1875	1	163.059	1	86.741	1	10	286.529	315.389
78	38.5631	1	1.07627e+06	1	39.1875	1	163.059	1	86.741	1	31.6228	307.456	337.476
78	38.5631	1	1.07627e+06	1	39.1875	1	163.059	1	86.741	1	100	347.911	382.793
79	36.924	1	2.02957e+06	1	55.544	1	143.783	1	90.3125	1	0	273.249	301.462
79	36.924	1	2.02957e+06	1	55.544	1	143.783	1	90.3125	1	0.001	273.251	301.463
79	36.924	1	2.02957e+06	1	55.544	1	143.783	1	90.3125	1	0.00316228	273.254	301.466
79	36.924	1	2.02957e+06	1	55.544	1	143.783	1	90.3125	1	0.01	273.263	301.475
79	36.924	1	2.02957e+06	1	55.544	1	143.783	1	90.3125	1	0.0316228	273.293	301.505
79	36.924	1	2.02957e+06	1	55.544	1	143.783	1	90.3125	1	0.1	273.386	301.598
79	36.924	1	2.02957e+06	1	55.544	1	143.783	1	90.3125	1	0.316228	273.679	301.892
79	36.924	1	2.02957e+06	1	55.544	1	143.783	1	90.3125	1	1	274.597	302.811
79	36.924	1	2.02957e+06	1	55.544	1	143.783	1	90.3125	1	3.16228	277.403	305.628
79	36.924	1	2.02957e+06	1	55.544	1	143.783	1	90.3125	1	10	285.533	313.815
79	36.924	1	2.02957e+06	1	55.544	1	143.783	1	90.3125	1	31.6228	306.136	335.101
79	36.924	1	2.02957e+06	1	55.544	1	143.783	1	90.3125	1	100	348.887	382.588
80	26.219	1	480934	1	69.8663	1	216.853	1	145.547	1	0	273.249	301.462
80	26.219	1	480934	1	69.8663	1	216.853	1	145.547	1	0.001	273.251	301.463
80	26.219	1	480934	1	69.8663	1	216.853	1	145.547	1	0.00316228	273.253	301.465
80	26.219	1	480934	1	69.8663	1	216.853	1	145.547	1	0.01	273.261	301.472
80	26.219	1	480934	1	69.8663	1	216.853	1	145.547	1	0.0316228	273.287	301.495
80	26.219	1	480934	1	69.8663	1	216.853	1	145.547	1	0.1	273.368	301.568
80	26.219	1	480934	1	69.8663	1	216.853	1	145.547	1	0.316228	273.624	301.797
80	26.219	1	480934	1	69.8663	1	216.853	1	145.547	1	1	274.419	302.512
80	26.219	1	480934	1	69.8663	1	216.853	1	145.547	1	3.16228	276.827	304.705
80	26.219	1	480934	1	69.8663	1	216.853	1	145.547	1	10	283.715	311.106
80	26.219	1	480934	1	69.8663	1	216.853	1	145.547	1	31.6228	300.122	327.729
80	26.219	1	480934	1	69.8663	1	216.853	1	145.547	1	100	332.945	365.102
81	47.3223	1	962749	1	76.4244	1	352.195	1	43.5283	1	0	273.249	301.462
81	47.3223	1	962749	1	76.4244	1	352.195	1	43.5283	1	0.001	273.25	301.462
81	47.3223	1	962749	1	76.4244	1	352.195	1	43.5283	1	0.00316228	273.252	301.464
81	47.3223	1	962749	1	76.4244	1	352.195	1	43.5283	1	0.01	273.258	301.47
81	47.3223	1	962749	1	76.4244	1	352.195	1	43.5283	1	0.0316228	273.277	301.488
81	47.3223	1	962749	1	76.4244	1	352.195	1	43.5283	1	0.1	273.336	301.546
81	47.3223	1	962749	1	76.4244	1	352.195	1	43.5283	1	0.316228	273.521	301.729
81	47.3223	1	962749	1	76.4244	1	352.195	1	43.5283	1	1	274.103	302.303
81	47.3223	1	962749	1	76.4244	1	352.195	1	43.5283	1	3.16228	275.885	304.065
81	47.3223	1	962749	1	76.4244	1	352.195	1	43.5283	1	10	281.031	309.17
81	47.3223	1	962749	1	76.4244	1	352.195	1	43.5283	1	31.6228	293.798	322.298
81	47.3223	1	962749	1	76.4244	1	352.195	1	43.5283	1	100	319.016	351.297
82	123.056	1	3.10115e+06	1	59.6863	1	437.483	1	185.263	1	0	273.249	301.462
82	123.056	1	3.10115e+06	1	59.6863	1	437.483	1	185.263	1	0.001	273.25	301.462
82	123.056	1	3.10115e+06	1	59.6863	1	437.483	1	185.263	1	0.00316228	273.252	301.464
82	123.056	1	3.10115e+06	1	59.6863	1	437.483	1	185.263	1	0.01	273.257	301.47
82	123.056	1	3.10115e+06	1	59.6863	1	437.483	1	185.263	1	0.0316228	273.274	301.489
82	123.056	1	3.10115e+06	1	59.6863	1	437.483	1	185.263	1	0.1	273.326	301.55
82	123.056	1	3.10115e+06	1	59.6863	1	437.483	1	185.263	1	0.316228	273.492	301.74
82	123.056	1	3.10115e+06	1	59.6863	1	437.483	1	185.263	1	1	274.01	302.334
82	123.056	1	3.10115e+06	1	59.6863	1	437.483	1	185.263	1	3.16228	275.599	304.149
82	123.056	1	3.10115e+06	1	59.6863	1	437.483	1	185.263	1	10	280.213	309.374
82	123.056	1	3.10115e+06	1	59.6863	1	437.483	1	185.263	1	31.6228	291.898	322.435
82	123.056	1	3.10115e+06	1	59.6863	1	437.483	1	185.263	1	100	316.739	349.539
83	54.1781	1	1.93853e+06	1	70.7429	1	512.784	1	101.094	1	0	273.249	301.462
83	54.1781	1	1.93853e+06	1	70.7429	1	512.784	1	101.094	1	0.001	273.25	301.462
83	54.1781	1	1.93853e+06	1	70.7429	1	512.784	1	101.094	1	0.00316228	273.252	301.464
83	54.1781	1	1.93853e+06	1	70.7429	1	512.784	1	101.094	1	0.01	273.257	301.469
83	54.1781	1	1.93853e+06	1	70.7429	1	512.784	1	101.094	1	0.0316228	273.274	301.487
83	54.1781	1	1.93853e+06	1	70.7429	1	512.784	1	101.094	1	0.1	273.327	301.541
83	54.1781	1	1.93853e+06	1	70.7429	1	512.784	1	101.094	1	0.316228	273.495	301.711
83	54.1781	1	1.93853e+06	1	70.7429	1	512.784	1	101.094	1	1	274.022	302.245
83	54.1781	1	1.93853e+06	1	70.7429	1	512.784	1	101.094	1	3.16228	275.635	303.883
83	54.1781	1	1.93853e+06	1	70.7429	1	512.784	1	101.094	1	10	280.311	308.622
83	54.1781	1	1.93853e+06	1	70.7429	1	512.784	1	101.094	1	31.6228	292.048	320.693
83	54.1781	1	1.93853e+06	1	70.7429	1	512.784	1	101.094	1	100	314.132	345.804
84	39.3151	1	948650	1	39.2141	1	339.342	1	92.1775	1	0	273.249	301.462
84	39.3151	1	948650	1	39.2141	1	339.342	1	92.1775	1	0.001	273.251	301.463
84	39.3151	1	948650	1	39.2141	1	339.342	1	92.1775	1	0.00316228	273.253	301.466
84	39.3151	1	948650	1	39.2141	1	339.342	1	92.1775	1	0.01	273.262	301.475
84	39.3151	1	948650	1	39.2141	1	339.342	1	92.1775	1	0.0316228	273.29	301.504
84	39.3151	1	948650	1	39.2141	1	339.342	1	92.1775	1	0.1	273.376	301.596
84	39.3151	1	948650	1	39.2141	1	339.342	1	92.1775	1	0.316228	273.649	301.885
84	39.3151	1	948650	1	39.2141	1	339.342	1	92.1775	1	1	274.499	302.783
84	39.3151	1	948650	1	39.2141	1	339.342	1	92.1775	1	3.16228	277.05	305.474
84	39.3151	1	948650	1	39.2141	1	339.342	1	92.1775	1	10	284.148	312.939
84	39.3151	1	948650	1	39.2141	1	339.342	1	92.1775	1	31.6228	300.159	329.923
84	39.3151	1	948650	1	39.2141	1	339.342	1	92.1775	1	100	327.347	361.285
85	45.1293	1	1.32671e+06	1	54.5749	1	332.343	1	85.6915	1	0	273.249	301.462
85	45.1293	1	1.32671e+06	1	54.5749	1	332.343	1	85.6915	1	0.001	273.25	301.463
85	45.1293	1	1.32671e+06	1	54.5749	1	332.343	1	85.6915	1	0.00316228	273.253	301.465
85	45.1293	1	1.32671e+06	1	54.5749	1	332.343	1	85.6915	1	0.01	273.26	301.472
85	45.1293	1	1.32671e+06	1	54.5749	1	332.343	1	85.6915	1	0.0316228	273.282	301.495
85	45.1293	1	1.32671e+06	1	54.5749	1	332.343	1	85.6915	1	0.1	273.352	301.567
85	45.1293	1	1.32671e+06	1	54.5749	1	332.343	1	85.6915	1	0.316228	273.573	301.794
85	45.1293	1	1.32671e+06	1	54.5749	1	332.343	1	85.6915	1	1	274.264	302.504
85	45.1293	1	1.32671e+06	1	54.5749	1	332.343	1	85.6915	1	3.16228	276.367	304.666
85	45.1293	1	1.32671e+06	1	54.5749	1	332.343	1	85.6915	1	10	282.406	310.87
85	45.1293	1	1.32671e+06	1	54.5749	1	332.343	1	85.6915	1	31.6228	297.062	326.143
85	45.1293	1	1.32671e+06	1	54.5749	1	332.343	1	85.6915	1	100	324.447	357.3
86	40.7135	1	1.07224e+06	1	112.624	1	257.143	1	89.7626	1	0	273.249	301.462
86	40.7135	1	1.07224e+06	1	112.624	1	257.143	1	89.7626	1	0.001	273.25	301.462
86	40.7135	1	1.07224e+06	1	112.624	1	257.143	1	89.7626	1	0.00316228	273.252	301.464
86	40.7135	1	1.07224e+06	1	112.624	1	257.143	1	89.7626	1	0.01	273.258	301.469
86	40.7135	1	1.07224e+06	1	112.624	1	257.143	1	89.7626	1	0.0316228	273.276	301.485
86	40.7135	1	1.07224e+06	1	112.624	1	257.143	1	89.7626	1	0.1	273.333	301.537
86	40.7135	1	1.07224e+06	1	112.624	1	257.143	1	89.7626	1	0.316228	273.512	301.699
86	40.7135	1	1.07224e+06	1	112.624	1	257.143	1	89.7626	1	1	274.075	302.21
86	40.7135	1	1.07224e+06	1	112.624	1	257.143	1	89.7626	1	3.16228	275.807	303.794
86	40.7135	1	1.07224e+06	1	112.624	1	257.143	1	89.7626	1	10	280.923	308.549
86	40.7135	1	1.07224e+06	1	112.624	1	257.143	1	89.7626	1	31.6228	294.205	321.583
86	40.7135	1	1.07224e+06	1	112.624	1	257.143	1	89.7626	1	100	322.947	353.347
87	23.483	1	826574	1	128.155	1	279.855	1	158.509	1	0	273.249	301.462
87	23.483	1	826574	1	128.155	1	279.855	1	158.509	1	0.001	273.25	301.462
87	23.483	1	826574	1	128.155	1	279.855	1	158.509	1	0.00316228	273.252	301.464
87	23.483	1	826574	1	128.155	1	279.855	1	158.509	1	0.01	273.259	301.469
87	23.483	1	826574	1	128.155	1	279.855	1	158.509	1	0.0316228	273.28	301.485
87	23.483	1	826574	1	128.155	1	279.855	1	158.509	1	0.1	273.345	301.535
87	23.483	1	826574	1	128.155	1	279.855	1	158.509	1	0.316228	273.552	301.693
87	23.483	1	826574	1	128.155	1	279.855	1	158.509	1	1	274.192	302.188
87	23.483	1	826574	1	128.155	1	279.855	1	158.509	1	3.16228	276.112	303.71
87	23.483	1	826574	1	128.155	1	279.855	1	158.509	1	10	281.569	308.251
87	23.483	1	826574	1	128.155	1	279.855	1	158.509	1	31.6228	294.03	320.422
87	23.483	1	826574	1	128.155	1	279.855	1	158.509	1	100	320.203	349.931
88	41.0595	1	1.30588e+06	1	29.1434	1	609.885	1	69.2373	1	0	273.249	301.462
88	41.0595	1	1.30588e+06	1	29.1434	1	609.885	1	69.2373	1	0.001	273.251	301.463
88	41.0595	1	1.30588e+06	1	29.1434	1	609.885	1	69.2373	1	0.00316228	273.254	301.467
88	41.0595	1	1.30588e+06	1	29.1434	1	609.885	1	69.2373	1	0.01	273.264	301.478
88	41.0595	1	1.30588e+06	1	29.1434	1	609.885	1	69.2373	1	0.0316228	273.295	301.512
88	41.0595	1	1.30588e+06	1	29.1434	1	609.885	1	69.2373	1	0.1	273.392	301.621
88	41.0595	1	1.30588e+06	1	29.1434	1	609.885	1	69.2373	1	0.316228	273.699	301.963
88	41.0595	1	1.30588e+06	1	29.1434	1	609.885	1	69.2373	1	1	274.645	303.017
88	41.0595	1	1.30588e+06	1	29.1434	1	609.885	1	69.2373	1	3.16228	277.425	306.09
88	41.0595	1	1.30588e+06	1	29.1434	1	609.885	1	69.2373	1	10	284.7	314.07
88	41.0595	1	1.30588e+06	1	29.1434	1	609.885	1	69.2373	1	31.6228	299.404	330.154
88	41.0595	1	1.30588e+06	1	29.1434	1	609.885	1	69.2373	1	100	319.52	354.196
89	32.965	1	696914	1	56.4585	1	431.982	1	99.9626	1	0	273.249	301.462
89	32.965	1	696914	1	56.4585	1	431.982	1	99.9626	1	0.001	273.25	301.463
89	32.965	1	696914	1	56.4585	1	431.982	1	99.9626	1	0.00316228	273.253	301.465
89	32.965	1	696914	1	56.4585	1	431.982	1	99.9626	1	0.01	273.26	301.472
89	32.965	1	696914	1	56.4585	1	431.982	1	99.9626	1	0.0316228	273.282	301.493
89	32.965	1	696914	1	56.4585	1	431.982	1	99.9626	1	0.1	273.353	301.562
89	32.965	1	696914	1	56.4585	1	431.982	1	99.9626	1	0.316228	273.577	301.777
89	32.965	1	696914	1	56.4585	1	431.982	1	99.9626	1	1	274.274	302.448
89	32.965	1	696914	1	56.4585	1	431.982	1	99.9626	1	3.16228	276.381	304.488
89	32.965	1	696914	1	56.4585	1	431.982	1	99.9626	1	10	282.344	310.311
89	32.965	1	696914	1	56.4585	1	431.982	1	99.9626	1	31.6228	296.053	324.412
89	32.965	1	696914	1	56.4585	1	431.982	1	99.9626	1	100	319.661	352.027
90	24.7385	1	1.36509e+06	1	57.2812	1	535.534	1	76.3468	1	0	273.249	301.462
90	24.7385	1	1.36509e+06	1	57.2812	1	535.534	1	76.3468	1	0.001	273.251	301.463
90	24.7385	1	1.36509e+06	1	57.2812	1	535.534	1	76.3468	1	0.00316228	273.253	301.465
90	24.7385	1	1.36509e+06	1	57.2812	1	535.534	1	76.3468	1	0.01	273.261	301.471
90	24.7385	1	1.36509e+06	1	57.2812	1	535.534	1	76.3468	1	0.0316228	273.285	301.493
90	24.7385	1	1.36509e+06	1	57.2812	1	535.534	1	76.3468	1	0.1	273.36	301.561
90	24.7385	1	1.36509e+06	1	57.2812	1	535.534	1	76.3468	1	0.316228	273.599	301.774
90	24.7385	1	1.36509e+06	1	57.2812	1	535.534	1	76.3468	1	1	274.338	302.438
90	24.7385	1	1.36509e+06	1	57.2812	1	535.534	1	76.3468	1	3.16228	276.543	304.446
90	24.7385	1	1.36509e+06	1	57.2812	1	535.534	1	76.3468	1	10	282.659	310.141
90	24.7385	1	1.36509e+06	1	57.2812	1	535.534	1	76.3468	1	31.6228	295.469	323.513
90	24.7385	1	1.36509e+06	1	57.2812	1	535.534	1	76.3468	1	100	316.504	348.757
91	28.8547	1	3.88891e+06	1	56.224	1	670.707	1	76.9529	1	0	273.249	301.462
91	28.8547	1	3.88891e+06	1	56.224	1	670.707	1	76.9529	1	0.001	273.25	301.463
91	28.8547	1	3.88891e+06	1	56.224	1	670.707	1	76.9529	1	0.00316228	273.253	301.465
91	28.8547	1	3.88891e+06	1	56.224	1	670.707	1	76.9529	1	0.01	273.26	301.471
91	28.8547	1	3.88891e+06	1	56.224	1	670.707	1	76.9529	1	0.0316228	273.282	301.492
91	28.8547	1	3.88891e+06	1	56.224	1	670.707	1	76.9529	1	0.1	273.352	301.557
91	28.8547	1	3.88891e+06	1	56.224	1	670.707	1	76.9529	1	0.316228	273.574	301.763
91	28.8547	1	3.88891e+06	1	56.224	1	670.707	1	76.9529	1	1	274.262	302.405
91	28.8547	1	3.88891e+06	1	56.224	1	670.707	1	76.9529	1	3.16228	276.324	304.343
91	28.8547	1	3.88891e+06	1	56.224	1	670.707	1	76.9529	1	10	282.064	309.817
91	28.8547	1	3.88891e+06	1	56.224	1	670.707	1	76.9529	1	31.6228	294.402	322.626
91	28.8547	1	3.88891e+06	1	56.224	1	670.707	1	76.9529	1	100	313.634	345.816
92	89.0803	1	1.45024e+06	1	97.0205	1	347.028	1	118.751	1	0	273.249	301.462
92	89.0803	1	1.45024e+06	1	97.0205	1	347.028	1	118.751	1	0.001	273.25	301.462
92	89.0803	1	1.45024e+06	1	97.0205	1	347.028	1	118.751	1	0.00316228	273.251	301.464
92	89.0803	1	1.45024e+06	1	97.0205	1	347.028	1	118.751	1	0.01	273.256	301.468
92	89.0803	1	1.45024e+06	1	97.0205	1	347.028	1	118.751	1	0.0316228	273.27	301.483
92	89.0803	1	1.45024e+06	1	97.0205	1	347.028	1	118.751	1	0.1	273.315	301.53
92	89.0803	1	1.45024e+06	1	97.0205	1	347.028	1	118.751	1	0.316228	273.457	301.678
92	89.0803	1	1.45024e+06	1	97.0205	1	347.028	1	118.751	1	1	273.902	302.143
92	89.0803	1	1.45024e+06	1	97.0205	1	347.028	1	118.751	1	3.16228	275.284	303.586
92	89.0803	1	1.45024e+06	1	97.0205	1	347.028	1	118.751	1	10	279.419	307.897
92	89.0803	1	1.45024e+06	1	97.0205	1	347.028	1	118.751	1	31.6228	290.79	319.738
92	89.0803	1	1.45024e+06	1	97.0205	1	347.028	1	118.751	1	100	316.617	347.72
93	38.7059	1	1.10902e+06	1	91.2682	1	358.041	1	117.002	1	0	273.249	301.462
93	38.7059	1	1.10902e+06	1	91.2682	1	358.041	1	117.002	1	0.001	273.25	301.462
93	38.7059	1	1.10902e+06	1	91.2682	1	358.041	1	117.002	1	0.00316228	273.252	301.464
93	38.7059	1	1.10902e+06	1	91.2682	1	358.041	1	117.002	1	0.01	273.258	301.469
93	38.7059	1	1.10902e+06	1	91.2682	1	358.041	1	117.002	1	0.0316228	273.275	301.485
93	38.7059	1	1.10902e+06	1	91.2682	1	358.041	1	117.002	1	0.1	273.332	301.537
93	38.7059	1	1.10902e+06	1	91.2682	1	358.041	1	117.002	1	0.316228	273.509	301.699
93	38.7059	1	1.10902e+06	1	91.2682	1	358.041	1	117.002	1	1	274.064	302.206
93	38.7059	1	1.10902e+06	1	91.2682	1	358.041	1	117.002	1	3.16228	275.764	303.774
93	38.7059	1	1.10902e+06	1	91.2682	1	358.041	1	117.002	1	10	280.73	308.416
93	38.7059	1	1.10902e+06	1	91.2682	1	358.041	1	117.002	1	31.6228	293.238	320.743
93	38.7059	1	1.10902e+06	1	91.2682	1	358.041	1	117.002	1	100	318.201	348.941
94	37.804	1	1.66663e+06	1	76.5318	1	445.996	1	71.2373	1	0	273.249	301.462
94	37.804	1	1.66663e+06	1	76.5318	1	445.996	1	71.2373	1	0.001	273.25	301.462
94	37.804	1	1.66663e+06	1	76.5318	1	445.996	1	71.2373	1	0.00316228	273.252	301.464
94	37.804	1	1.66663e+06	1	76.5318	1	445.996	1	71.2373	1	0.01	273.258	301.47
94	37.804	1	1.66663e+06	1	76.5318	1	445.996	1	71.2373	1	0.0316228	273.277	301.487
94	37.804	1	1.66663e+06	1	76.5318	1	445.996	1	71.2373	1	0.1	273.335	301.542
94	37.804	1	1.66663e+06	1	76.5318	1	445.996	1	71.2373	1	0.316228	273.521	301.715
94	37.804	1	1.66663e+06	1	76.5318	1	445.996	1	71.2373	1	1	274.099	302.257
94	37.804	1	1.66663e+06	1	76.5318	1	445.996	1	71.2373	1	3.16228	275.863	303.92
94	37.804	1	1.66663e+06	1	76.5318	1	445.996	1	71.2373	1	10	280.95	308.765
94	37.804	1	1.66663e+06	1	76.5318	1	445.996	1	71.2373	1	31.6228	293.164	321.085
94	37.804	1	1.66663e+06	1	76.5318	1	445.996	1	71.2373	1	100	315.881	347.303
95	45.5851	1	793730	1	104.987	1	344.02	1	53.2002	1	0	273.249	301.462
95	45.5851	1	793730	1	104.987	1	344.02	1	53.2002	1	0.001	273.25	301.462
95	45.5851	1	793730	1	104.987	1	344.02	1	53.2002	1	0.00316228	273.252	301.464
95	45.5851	1	793730	1	104.987	1	344.02	1	53.2002	1	0.01	273.257	301.469
95	45.5851	1	793730	1	104.987	1	344.02	1	53.2002	1	0.0316228	273.274	301.484
95	45.5851	1	793730	1	104.987	1	344.02	1	53.2002	1	0.1	273.326	301.532
95	45.5851	1	793730	1	104.987	1	344.02	1	53.2002	1	0.316228	273.49	301.685
95	45.5851	1	793730	1	104.987	1	344.02	1	53.2002	1	1	274.005	302.164
95	45.5851	1	793730	1	104.987	1	344.02	1	53.2002	1	3.16228	275.59	303.648
95	45.5851	1	793730	1	104.987	1	344.02	1	53.2002	1	10	280.237	308.048
95	45.5851	1	793730	1	104.987	1	344.02	1	53.2002	1	31.6228	292.164	319.914
95	45.5851	1	793730	1	104.987	1	344.02	1	53.2002	1	100	316.641	347.576
96	33.7761	1	1.01092e+06	1	51.2211	1	187.546	1	83.7651	1	0	273.249	301.462
96	33.7761	1	1.01092e+06	1	51.2211	1	187.546	1	83.7651	1	0.001	273.251	301.463
96	33.7761	1	1.01092e+06	1	51.2211	1	187.546	1	83.7651	1	0.00316228	273.254	301.466
96	33.7761	1	1.01092e+06	1	51.2211	1	187.546	1	83.7651	1	0.01	273.263	301.475
96	33.7761	1	1.01092e+06	1	51.2211	1	187.546	1	83.7651	1	0.0316228	273.291	301.503
96	33.7761	1	1.01092e+06	1	51.2211	1	187.546	1	83.7651	1	0.1	273.381	301.592
96	33.7761	1	1.01092e+06	1	51.2211	1	187.546	1	83.7651	1	0.316228	273.664	301.874
96	33.7761	1	1.01092e+06	1	51.2211	1	187.546	1	83.7651	1	1	274.548	302.754
96	33.7761	1	1.01092e+06	1	51.2211	1	187.546	1	83.7651	1	3.16228	277.234	305.436
96	33.7761	1	1.01092e+06	1	51.2211	1	187.546	1	83.7651	1	10	284.94	313.167
96	33.7761	1	1.01092e+06	1	51.2211	1	187.546	1	83.7651	1	31.6228	303.633	332.583
96	33.7761	1	1.01092e+06	1	51.2211	1	187.546	1	83.7651	1	100	340.565	374.207
97	38.1586	1	523523	1	80.1033	1	228.985	1	79.6147	1	0	273.249	301.462
97	38.1586	1	523523	1	80.1033	1	228.985	1	79.6147	1	0.001	273.25	301.463
97	38.1586	1	523523	1	80.1033	1	228.985	1	79.6147	1	0.00316228	273.253	301.465
97	38.1586	1	523523	1	80.1033	1	228.985	1	79.6147	1	0.01	273.259	301.471
97	38.1586	1	523523	1	80.1033	1	228.985	1	79.6147	1	0.0316228	273.281	301.491
97	38.1586	1	523523	1	80.1033	1	228.985	1	79.6147	1	0.1	273.349	301.556
97	38.1586	1	523523	1	80.1033	1	228.985	1	79.6147	1	0.316228	273.564	301.759
97	38.1586	1	523523	1	80.1033	1	228.985	1	79.6147	1	1	274.236	302.396
97	38.1586	1	523523	1	80.1033	1	228.985	1	79.6147	1	3.16228	276.297	304.361
97	38.1586	1	523523	1	80.1033	1	228.985	1	79.6147	1	10	282.327	310.165
97	38.1586	1	523523	1	80.1033	1	228.985	1	79.6147	1	31.6228	297.596	325.559
97	38.1586	1	523523	1	80.1033	1	228.985	1	79.6147	1	100	329.548	361.298
98	43.4219	1	1.26556e+06	1	60	1	302.727	1	117.706	1	0	273.249	301.462
98	43.4219	1	1.26556e+06	1	60	1	302.727	1	117.706	1	0.001	273.25	301.463
98	43.4219	1	1.26556e+06	1	60	1	302.727	1	117.706	1	0.00316228	273.253	301.465
98	43.4219	1	1.26556e+06	1	60	1	302.727	1	117.706	1	0.01	273.259	301.472
98	43.4219	1	1.26556e+06	1	60	1	302.727	1	117.706	1	0.0316228	273.281	301.494
98	43.4219	1	1.26556e+06	1	60	1	302.727	1	117.706	1	0.1	273.35	301.563
98	43.4219	1	1.26556e+06	1	60	1	302.727	1	117.706	1	0.316228	273.566	301.78
98	43.4219	1	1.26556e+06	1	60	1	302.727	1	117.706	1	1	274.242	302.46
98	43.4219	1	1.26556e+06	1	60	1	302.727	1	117.706	1	3.16228	276.306	304.541
98	43.4219	1	1.26556e+06	1	60	1	302.727	1	117.706	1	10	282.277	310.565
98	43.4219	1	1.26556e+06	1	60	1	302.727	1	117.706	1	31.6228	297.111	325.832
98	43.4219	1	1.26556e+06	1	60	1	302.727	1	117.706	1	100	325.683	358.076
99	39.2728	1	1.03701e+06	1	76.0937	1	769.304	1	111.299	1	0	273.249	301.462
99	39.2728	1	1.03701e+06	1	76.0937	1	769.304	1	111.299	1	0.001	273.25	301.462
99	39.2728	1	1.03701e+06	1	76.0937	1	769.304	1	111.299	1	0.00316228	273.252	301.464
99	39.2728	1	1.03701e+06	1	76.0937	1	769.304	1	111.299	1	0.01	273.257	301.469
99	39.2728	1	1.03701e+06	1	76.0937	1	769.304	1	111.299	1	0.0316228	273.274	301.484
99	39.2728	1	1.03701e+06	1	76.0937	1	769.304	1	111.299	1	0.1	273.327	301.534
99	39.2728	1	1.03701e+06	1	76.0937	1	769.304	1	111.299	1	0.316228	273.494	301.689
99	39.2728	1	1.03701e+06	1	76.0937	1	769.304	1	111.299	1	1	274.014	302.175
99	39.2728	1	1.03701e+06	1	76.0937	1	769.304	1	111.299	1	3.16228	275.596	303.663
99	39.2728	1	1.03701e+06	1	76.0937	1	769.304	1	111.299	1	10	280.13	307.96
99	39.2728	1	1.03701e+06	1	76.0937	1	769.304	1	111.299	1	31.6228	290.989	318.799
99	39.2728	1	1.03701e+06	1	76.0937	1	769.304	1	111.299	1	100	309.197	340.168
100	49.3378	1	1.29616e+06	1	79.2645	1	414.082	1	91.8405	1	0	273.249	301.462
100	49.3378	1	1.29616e+06	1	79.2645	1	414.082	1	91.8405	1	0.001	273.25	301.462
100	49.3378	1	1.29616e+06	1	79.2645	1	414.082	1	91.8405	1	0.00316228	273.252	301.464
100	49.3378	1	1.29616e+06	1	79.2645	1	414.082	1	91.8405	1	0.01	273.257	301.469
100	49.3378	1	1.29616e+06	1	79.2645	1	414.082	1	91.8405	1	0.0316228	273.274	301.486
100	49.3378	1	1.29616e+06	1	79.2645	1	414.082	1	91.8405	1	0.1	273.328	301.539
100	49.3378	1	1.29616e+06	1	79.2645	1	414.082	1	91.8405	1	0.316228	273.499	301.706
100	49.3378	1	1.29616e+06	1	79.2645	1	414.082	1	91.8405	1	1	274.032	302.229
100	49.3378	1	1.29616e+06	1	79.2645	1	414.082	1	91.8405	1	3.16228	275.669	303.84
100	49.3378	1	1.29616e+06	1	79.2645	1	414.082	1	91.8405	1	10	280.455	308.564
100	49.3378	1	1.29616e+06	1	79.2645	1	414.082	1	91.8405	1	31.6228	292.606	320.867
100	49.3378	1	1.29616e+06	1	79.2645	1	414.082	1	91.8405	1	100	316.434	347.813
101	80.7947	1	281362	1	62.265	1	269.483	1	73.2985	1	0	273.249	301.462
101	80.7947	1	281362	1	62.265	1	269.483	1	73.2985	1	0.001	273.25	301.463
101	80.7947	1	281362	1	62.265	1	269.483	1	73.2985	1	0.00316228	273.252	301.465
101	80.7947	1	281362	1	62.265	1	269.483	1	73.2985	1	0.01	273.259	301.471
101	80.7947	1	281362	1	62.265	1	269.483	1	73.2985	1	0.0316228	273.278	301.493
101	80.7947	1	281362	1	62.265	1	269.483	1	73.2985	1	0.1	273.34	301.561
101	80.7947	1	281362	1	62.265	1	269.483	1	73.2985	1	0.316228	273.537	301.775
101	80.7947	1	281362	1	62.265	1	269.483	1	73.2985	1	1	274.152	302.444
101	80.7947	1	281362	1	62.265	1	269.483	1	73.2985	1	3.16228	276.045	304.5
101	80.7947	1	281362	1	62.265	1	269.483	1	73.2985	1	10	281.579	310.476
101	80.7947	1	281362	1	62.265	1	269.483	1	73.2985	1	31.6228	295.888	325.82
101	80.7947	1	281362	1	62.265	1	269.483	1	73.2985	1	100	326.168	359.576
102	34.6391	1	2.646e+06	1	143.417	1	194.38	1	116.838	1	0	273.249	301.462
102	34.6391	1	2.646e+06	1	143.417	1	194.38	1	116.838	1	0.001	273.25	301.462
102	34.6391	1	2.646e+06	1	143.417	1	194.38	1	116.838	1	0.00316228	273.252	301.464
102	34.6391	1	2.646e+06	1	143.417	1	194.38	1	116.838	1	0.01	273.259	301.469
102	34.6391	1	2.646e+06	1	143.417	1	194.38	1	116.838	1	0.0316228	273.278	301.486
102	34.6391	1	2.646e+06	1	143.417	1	194.38	1	116.838	1	0.1	273.341	301.54
102	34.6391	1	2.646e+06	1	143.417	1	194.38	1	116.838	1	0.316228	273.537	301.709
102	34.6391	1	2.646e+06	1	143.417	1	194.38	1	116.838	1	1	274.152	302.241
102	34.6391	1	2.646e+06	1	143.417	1	194.38	1	116.838	1	3.16228	276.036	303.889
102	34.6391	1	2.646e+06	1	143.417	1	194.38	1	116.838	1	10	281.579	308.855
102	34.6391	1	2.646e+06	1	143.417	1	194.38	1	116.838	1	31.6228	295.986	322.723
102	34.6391	1	2.646e+06	1	143.417	1	194.38	1	116.838	1	100	327.998	357.724
103	28.5412	1	1.4534e+06	1	70.6355	1	594.792	1	149.57	1	0	273.249	301.462
103	28.5412	1	1.4534e+06	1	70.6355	1	594.792	1	149.57	1	0.001	273.25	301.462
103	28.5412	1	1.4534e+06	1	70.6355	1	594.792	1	149.57	1	0.00316228	273.252	301.464
103	28.5412	1	1.4534e+06	1	70.6355	1	594.792	1	149.57	1	0.01	273.259	301.47
103	28.5412	1	1.4534e+06	1	70.6355	1	594.792	1	149.57	1	0.0316228	273.279	301.487
103	28.5412	1	1.4534e+06	1	70.6355	1	594.792	1	149.57	1	0.1	273.343	301.543
103	28.5412	1	1.4534e+06	1	70.6355	1	594.792	1	149.57	1	0.316228	273.543	301.719
103	28.5412	1	1.4534e+06	1	70.6355	1	594.792	1	149.57	1	1	274.165	302.269
103	28.5412	1	1.4534e+06	1	70.6355	1	594.792	1	149.57	1	3.16228	276.038	303.944
103	28.5412	1	1.4534e+06	1	70.6355	1	594.792	1	149.57	1	10	281.311	308.754
103	28.5412	1	1.4534e+06	1	70.6355	1	594.792	1	149.57	1	31.6228	293.246	320.717
103	28.5412	1	1.4534e+06	1	70.6355	1	594.792	1	149.57	1	100	313.153	344.446
104	64.5827	1	4.79665e+06	1	58.4149	1	214.658	1	77.012	1	0	273.249	301.462
104	64.5827	1	4.79665e+06	1	58.4149	1	214.658	1	77.012	1	0.001	273.25	301.463
104	64.5827	1	4.79665e+06	1	58.4149	1	214.658	1	77.012	1	0.00316228	273.253	301.465
104	64.5827	1	4.79665e+06	1	58.4149	1	214.658	1	77.012	1	0.01	273.26	301.473
104	64.5827	1	4.79665e+06	1	58.4149	1	214.658	1	77.012	1	0.0316228	273.282	301.497
104	64.5827	1	4.79665e+06	1	58.4149	1	214.658	1	77.012	1	0.1	273.354	301.573
104	64.5827	1	4.79665e+06	1	58.4149	1	214.658	1	77.012	1	0.316228	273.579	301.814
104	64.5827	1	4.79665e+06	1	58.4149	1	214.658	1	77.012	1	1	274.285	302.568
104	64.5827	1	4.79665e+06	1	58.4149	1	214.658	1	77.012	1	3.16228	276.454	304.879
104	64.5827	1	4.79665e+06	1	58.4149	1	214.658	1	77.012	1	10	282.78	311.597
104	64.5827	1	4.79665e+06	1	58.4149	1	214.658	1	77.012	1	31.6228	299.099	328.855
104	64.5827	1	4.79665e+06	1	58.4149	1	214.658	1	77.012	1	100	333.481	367.062
105	42.4373	1	4.84343e+06	1	23.1128	1	265.288	1	45.1139	1	0	273.249	301.462
105	42.4373	1	4.84343e+06	1	23.1128	1	265.288	1	45.1139	1	0.001	273.251	301.464
105	42.4373	1	4.84343e+06	1	23.1128	1	265.288	1	45.1139	1	0.00316228	273.255	301.468
105	42.4373	1	4.84343e+06	1	23.1128	1	265.288	1	45.1139	1	0.01	273.268	301.483
105	42.4373	1	4.84343e+06	1	23.1128	1	265.288	1	45.1139	1	0.0316228	273.308	301.529
105	42.4373	1	4.84343e+06	1	23.1128	1	265.288	1	45.1139	1	0.1	273.435	301.674
105	42.4373	1	4.84343e+06	1	23.1128	1	265.288	1	45.1139	1	0.316228	273.833	302.13
105	42.4373	1	4.84343e+06	1	23.1128	1	265.288	1	45.1139	1	1	275.058	303.526
105	42.4373	1	4.84343e+06	1	23.1128	1	265.288	1	45.1139	1	3.16228	278.625	307.554
105	42.4373	1	4.84343e+06	1	23.1128	1	265.288	1	45.1139	1	10	287.766	317.793
105	42.4373	1	4.84343e+06	1	23.1128	1	265.288	1	45.1139	1	31.6228	306.414	338.419
105	42.4373	1	4.84343e+06	1	23.1128	1	265.288	1	45.1139	1	100	336.581	373.11
106	45.5408	1	423958	1	31.4408	1	43.0816	1	109.794	1	0	273.249	301.462
106	45.5408	1	423958	1	31.4408	1	43.0816	1	109.794	1	0.001	273.252	301.465
106	45.5408	1	423958	1	31.4408	1	43.0816	1	109.794	1	0.00316228	273.259	301.472
106	45.5408	1	423958	1	31.4408	1	43.0816	1	109.794	1	0.01	273.279	301.493
106	45.5408	1	423958	1	31.4408	1	43.0816	1	109.794	1	0.0316228	273.342	301.562
106	45.5408	1	423958	1	31.4408	1	43.0816	1	109.794	1	0.1	273.543	301.777
106	45.5408	1	423958	1	31.4408	1	43.0816	1	109.794	1	0.316228	274.173	302.455
106	45.5408	1	423958	1	31.4408	1	43.0816	1	109.794	1	1	276.13	304.56
106	45.5408	1	423958	1	31.4408	1	43.0816	1	109.794	1	3.16228	281.997	310.845
106	45.5408	1	423958	1	31.4408	1	43.0816	1	109.794	1	10	298.792	328.735
106	45.5408	1	423958	1	31.4408	1	43.0816	1	109.794	1	31.6228	340.78	373.005
106	45.5408	1	423958	1	31.4408	1	43.0816	1	109.794	1	100	423.35	462.235
107	19.1425	1	1.02422e+06	1	111.808	1	418.038	1	167.089	1	0	273.249	301.462
107	19.1425	1	1.02422e+06	1	111.808	1	418.038	1	167.089	1	0.001	273.25	301.462
107	19.1425	1	1.02422e+06	1	111.808	1	418.038	1	167.089	1	0.00316228	273.253	301.464
107	19.1425	1	1.02422e+06	1	111.808	1	418.038	1	167.089	1	0.01	273.26	301.469
107	19.1425	1	1.02422e+06	1	111.808	1	418.038	1	167.089	1	0.0316228	273.281	301.484
107	19.1425	1	1.02422e+06	1	111.808	1	418.038	1	167.089	1	0.1	273.35	301.533
107	19.1425	1	1.02422e+06	1	111.808	1	418.038	1	167.089	1	0.316228	273.566	301.688
107	19.1425	1	1.02422e+06	1	111.808	1	418.038	1	167.089	1	1	274.231	302.169
107	19.1425	1	1.02422e+06	1	111.808	1	418.038	1	167.089	1	3.16228	276.199	303.638
107	19.1425	1	1.02422e+06	1	111.808	1	418.038	1	167.089	1	10	281.558	307.93
107	19.1425	1	1.02422e+06	1	111.808	1	418.038	1	167.089	1	31.6228	292.584	318.987
107	19.1425	1	1.02422e+06	1	111.808	1	418.038	1	167.089	1	100	314.05	343.972
108	43.1142	1	1.13671e+06	1	57.3022	1	195.122	1	93.2426	1	0	273.249	301.462
108	43.1142	1	1.13671e+06	1	57.3022	1	195.122	1	93.2426	1	0.001	273.251	301.463
108	43.1142	1	1.13671e+06	1	57.3022	1	195.122	1	93.2426	1	0.00316228	273.253	301.465
108	43.1142	1	1.13671e+06	1	57.3022	1	195.122	1	93.2426	1	0.01	273.261	301.473
108	43.1142	1	1.13671e+06	1	57.3022	1	195.122	1	93.2426	1	0.0316228	273.286	301.499
108	43.1142	1	1.13671e+06	1	57.3022	1	195.122	1	93.2426	1	0.1	273.366	301.58
108	43.1142	1	1.13671e+06	1	57.3022	1	195.122	1	93.2426	1	0.316228	273.618	301.836
108	43.1142	1	1.13671e+06	1	57.3022	1	195.122	1	93.2426	1	1	274.405	302.636
108	43.1142	1	1.13671e+06	1	57.3022	1	195.122	1	93.2426	1	3.16228	276.816	305.088
108	43.1142	1	1.13671e+06	1	57.3022	1	195.122	1	93.2426	1	10	283.817	312.215
108	43.1142	1	1.13671e+06	1	57.3022	1	195.122	1	93.2426	1	31.6228	301.541	330.555
108	43.1142	1	1.13671e+06	1	57.3022	1	195.122	1	93.2426	1	100	337.804	370.949
109	47.5242	1	1.48003e+06	1	91.466	1	196.196	1	55.1355	1	0	273.249	301.462
109	47.5242	1	1.48003e+06	1	91.466	1	196.196	1	55.1355	1	0.001	273.25	301.462
109	47.5242	1	1.48003e+06	1	91.466	1	196.196	1	55.1355	1	0.00316228	273.252	301.465
109	47.5242	1	1.48003e+06	1	91.466	1	196.196	1	55.1355	1	0.01	273.259	301.471
109	47.5242	1	1.48003e+06	1	91.466	1	196.196	1	55.1355	1	0.0316228	273.28	301.491
109	47.5242	1	1.48003e+06	1	91.466	1	196.196	1	55.1355	1	0.1	273.345	301.555
109	47.5242	1	1.48003e+06	1	91.466	1	196.196	1	55.1355	1	0.316228	273.552	301.755
109	47.5242	1	1.48003e+06	1	91.466	1	196.196	1	55.1355	1	1	274.2	302.385
109	47.5242	1	1.48003e+06	1	91.466	1	196.196	1	55.1355	1	3.16228	276.2	304.337
109	47.5242	1	1.48003e+06	1	91.466	1	196.196	1	55.1355	1	10	282.098	310.128
109	47.5242	1	1.48003e+06	1	91.466	1	196.196	1	55.1355	1	31.6228	297.604	325.809
109	47.5242	1	1.48003e+06	1	91.466	1	196.196	1	55.1355	1	100	331.734	363.666
110	37.883	1	761757	1	58.3678	1	378.488	1	60.4361	1	0	273.249	301.462
110	37.883	1	761757	1	58.3678	1	378.488	1	60.4361	1	0.001	273.25	301.463
110	37.883	1	761757	1	58.3678	1	378.488	1	60.4361	1	0.00316228	273.253	301.465
110	37.883	1	761757	1	58.3678	1	378.488	1	60.4361	1	0.01	273.26	301.472
110	37.883	1	761757	1	58.3678	1	378.488	1	60.4361	1	0.0316228	273.282	301.493
110	37.883	1	761757	1	58.3678	1	378.488	1	60.4361	1	0.1	273.351	301.562
110	37.883	1	761757	1	58.3678	1	378.488	1	60.4361	1	0.316228	273.569	301.777
110	37.883	1	761757	1	58.3678	1	378.488	1	60.4361	1	1	274.251	302.45
110	37.883	1	761757	1	58.3678	1	378.488	1	60.4361	1	3.16228	276.322	304.501
110	37.883	1	761757	1	58.3678	1	378.488	1	60.4361	1	10	282.225	310.374
110	37.883	1	761757	1	58.3678	1	378.488	1	60.4361	1	31.6228	296.078	324.753
110	37.883	1	761757	1	58.3678	1	378.488	1	60.4361	1	100	321.287	353.896
111	34.0467	1	567326	1	98.6359	1	358.271	1	115.251	1	0	273.249	301.462
111	34.0467	1	567326	1	98.6359	1	358.271	1	115.251	1	0.001	273.25	301.462
111	34.0467	1	567326	1	98.6359	1	358.271	1	115.251	1	0.00316228	273.252	301.464
111	34.0467	1	567326	1	98.6359	1	358.271	1	115.251	1	0.01	273.258	301.469
111	34.0467	1	567326	1	98.6359	1	358.271	1	115.251	1	0.0316228	273.276	301.485
111	34.0467	1	567326	1	98.6359	1	358.271	1	115.251	1	0.1	273.333	301.534
111	34.0467	1	567326	1	98.6359	1	358.271	1	115.251	1	0.316228	273.513	301.692
111	34.0467	1	567326	1	98.6359	1	358.271	1	115.251	1	1	274.076	302.185
111	34.0467	1	567326	1	98.6359	1	358.271	1	115.251	1	3.16228	275.791	303.706
111	34.0467	1	567326	1	98.6359	1	358.271	1	115.251	1	10	280.776	308.222
111	34.0467	1	567326	1	98.6359	1	358.271	1	115.251	1	31.6228	293.188	320.36
111	34.0467	1	567326	1	98.6359	1	358.271	1	115.251	1	100	317.537	347.994
112	65.432	1	1.07277e+06	1	18.5968	1	628.799	1	39.2454	1	0	273.249	301.462
112	65.432	1	1.07277e+06	1	18.5968	1	628.799	1	39.2454	1	0.001	273.251	301.464
112	65.432	1	1.07277e+06	1	18.5968	1	628.799	1	39.2454	1	0.00316228	273.256	301.469
112	65.432	1	1.07277e+06	1	18.5968	1	628.799	1	39.2454	1	0.01	273.269	301.485
112	65.432	1	1.07277e+06	1	18.5968	1	628.799	1	39.2454	1	0.0316228	273.311	301.536
112	65.432	1	1.07277e+06	1	18.5968	1	628.799	1	39.2454	1	0.1	273.442	301.697
112	65.432	1	1.07277e+06	1	18.5968	1	628.799	1	39.2454	1	0.316228	273.853	302.199
112	65.432	1	1.07277e+06	1	18.5968	1	628.799	1	39.2454	1	1	275.1	303.718
112	65.432	1	1.07277e+06	1	18.5968	1	628.799	1	39.2454	1	3.16228	278.623	307.98
112	65.432	1	1.07277e+06	1	18.5968	1	628.799	1	39.2454	1	10	286.92	317.97
112	65.432	1	1.07277e+06	1	18.5968	1	628.799	1	39.2454	1	31.6228	301.43	334.813
112	65.432	1	1.07277e+06	1	18.5968	1	628.799	1	39.2454	1	100	319.531	356.844
113	44.9341	1	1.55046e+06	1	57.2831	1	496.247	1	74.2019	1	0	273.249	301.462
113	44.9341	1	1.55046e+06	1	57.2831	1	496.247	1	74.2019	1	0.001	273.25	301.463
113	44.9341	1	1.55046e+06	1	57.2831	1	496.247	1	74.2019	1	0.00316228	273.252	301.465
113	44.9341	1	1.55046e+06	1	57.2831	1	496.247	1	74.2019	1	0.01	273.259	301.471
113	44.9341	1	1.55046e+06	1	57.2831	1	496.247	1	74.2019	1	0.0316228	273.279	301.492
113	44.9341	1	1.55046e+06	1	57.2831	1	496.247	1	74.2019	1	0.1	273.342	301.556
113	44.9341	1	1.55046e+06	1	57.2831	1	496.247	1	74.2019	1	0.316228	273.543	301.76
113	44.9341	1	1.55046e+06	1	57.2831	1	496.247	1	74.2019	1	1	274.167	302.397
113	44.9341	1	1.55046e+06	1	57.2831	1	496.247	1	74.2019	1	3.16228	276.067	304.332
113	44.9341	1	1.55046e+06	1	57.2831	1	496.247	1	74.2019	1	10	281.489	309.858
113	44.9341	1	1.55046e+06	1	57.2831	1	496.247	1	74.2019	1	31.6228	294.31	323.2
113	44.9341	1	1.55046e+06	1	57.2831	1	496.247	1	74.2019	1	100	316.693	349.211
114	54.1416	1	1.6624e+06	1	61.5612	1	198.327	1	50.1014	1	0	273.249	301.462
114	54.1416	1	1.6624e+06	1	61.5612	1	198.327	1	50.1014	1	0.001	273.251	301.463
114	54.1416	1	1.6624e+06	1	61.5612	1	198.327	1	50.1014	1	0.00316228	273.253	301.465
114	54.1416	1	1.6624e+06	1	61.5612	1	198.327	1	50.1014	1	0.01	273.26	301.473
114	54.1416	1	1.6624e+06	1	61.5612	1	198.327	1	50.1014	1	0.0316228	273.284	301.497
114	54.1416	1	1.6624e+06	1	61.5612	1	198.327	1	50.1014	1	0.1	273.358	301.575
114	54.1416	1	1.6624e+06	1	61.5612	1	198.327	1	50.1014	1	0.316228	273.593	301.819
114	54.1416	1	1.6624e+06	1	61.5612	1	198.327	1	50.1014	1	1	274.328	302.584
114	54.1416	1	1.6624e+06	1	61.5612	1	198.327	1	50.1014	1	3.16228	276.588	304.932
114	54.1416	1	1.6624e+06	1	61.5612	1	198.327	1	50.1014	1	10	283.154	311.749
114	54.1416	1	1.6624e+06	1	61.5612	1	198.327	1	50.1014	1	31.6228	300.01	329.403
114	54.1416	1	1.6624e+06	1	61.5612	1	198.327	1	50.1014	1	100	335.273	369.01
115	33.2528	1	1.34061e+06	1	86.166	1	232.676	1	611.778	1	0	273.249	301.462
115	33.2528	1	1.34061e+06	1	86.166	1	232.676	1	611.778	1	0.001	273.25	301.462
115	33.2528	1	1.34061e+06	1	86.166	1	232.676	1	611.778	1	0.00316228	273.253	301.464
115	33.2528	1	1.34061e+06	1	86.166	1	232.676	1	611.778	1	0.01	273.259	301.471
115	33.2528	1	1.34061e+06	1	86.166	1	232.676	1	611.778	1	0.0316228	273.281	301.49
115	33.2528	1	1.34061e+06	1	86.166	1	232.676	1	611.778	1	0.1	273.348	301.551
115	33.2528	1	1.34061e+06	1	86.166	1	232.676	1	611.778	1	0.316228	273.562	301.744
115	33.2528	1	1.34061e+06	1	86.166	1	232.676	1	611.778	1	1	274.228	302.35
115	33.2528	1	1.34061e+06	1	86.166	1	232.676	1	611.778	1	3.16228	276.266	304.217
115	33.2528	1	1.34061e+06	1	86.166	1	232.676	1	611.778	1	10	282.201	309.741
115	33.2528	1	1.34061e+06	1	86.166	1	232.676	1	611.778	1	31.6228	297.257	324.553
115	33.2528	1	1.34061e+06	1	86.166	1	232.676	1	611.778	1	100	328.215	359.33
116	46.5877	1	387492	1	72.3228	1	821.965	1	73.1784	1	0	273.249	301.462
116	46.5877	1	387492	1	72.3228	1	821.965	1	73.1784	1	0.001	273.25	301.462
116	46.5877	1	387492	1	72.3228	1	821.965	1	73.1784	1	0.00316228	273.252	301.464
116	46.5877	1	387492	1	72.3228	1	821.965	1	73.1784	1	0.01	273.257	301.469
116	46.5877	1	387492	1	72.3228	1	821.965	1	73.1784	1	0.0316228	273.273	301.485
116	46.5877	1	387492	1	72.3228	1	821.965	1	73.1784	1	0.1	273.325	301.535
116	46.5877	1	387492	1	72.3228	1	821.965	1	73.1784	1	0.316228	273.487	301.694
116	46.5877	1	387492	1	72.3228	1	821.965	1	73.1784	1	1	273.994	302.191
116	46.5877	1	387492	1	72.3228	1	821.965	1	73.1784	1	3.16228	275.538	303.71
116	46.5877	1	387492	1	72.3228	1	821.965	1	73.1784	1	10	279.968	308.074
116	46.5877	1	387492	1	72.3228	1	821.965	1	73.1784	1	31.6228	290.607	318.915
116	46.5877	1	387492	1	72.3228	1	821.965	1	73.1784	1	100	308.359	339.867
117	42.5373	1	612730	1	68.7779	1	98.9065	1	115.084	1	0	273.249	301.462
117	42.5373	1	612730	1	68.7779	1	98.9065	1	115.084	1	0.001	273.251	301.463
117	42.5373	1	612730	1	68.7779	1	98.9065	1	115.084	1	0.00316228	273.254	301.466
117	42.5373	1	612730	1	68.7779	1	98.9065	1	115.084	1	0.01	273.264	301.476
117	42.5373	1	612730	1	68.7779	1	98.9065	1	115.084	1	0.0316228	273.295	301.508
117	42.5373	1	612730	1	68.7779	1	98.9065	1	115.084	1	0.1	273.395	301.607
117	42.5373	1	612730	1	68.7779	1	98.9065	1	115.084	1	0.316228	273.708	301.921
117	42.5373	1	612730	1	68.7779	1	98.9065	1	115.084	1	1	274.689	302.904
117	42.5373	1	612730	1	68.7779	1	98.9065	1	115.084	1	3.16228	277.703	305.93
117	42.5373	1	612730	1	68.7779	1	98.9065	1	115.084	1	10	286.487	314.76
117	42.5373	1	612730	1	68.7779	1	98.9065	1	115.084	1	31.6228	310.166	338.98
117	42.5373	1	612730	1	68.7779	1	98.9065	1	115.084	1	100	361.63	395.007
118	40.0317	1	2.06143e+06	1	68.2285	1	413.141	1	134.063	1	0	273.249	301.462
118	40.0317	1	2.06143e+06	1	68.2285	1	413.141	1	134.063	1	0.001	273.25	301.462
118	40.0317	1	2.06143e+06	1	68.2285	1	413.141	1	134.063	1	0.00316228	273.252	301.464
118	40.0317	1	2.06143e+06	1	68.2285	1	413.141	1	134.063	1	0.01	273.258	301.47
118	40.0317	1	2.06143e+06	1	68.2285	1	413.141	1	134.063	1	0.0316228	273.278	301.489
118	40.0317	1	2.06143e+06	1	68.2285	1	413.141	1	134.063	1	0.1	273.339	301.548
118	40.0317	1	2.06143e+06	1	68.2285	1	413.141	1	134.063	1	0.316228	273.532	301.734
118	40.0317	1	2.06143e+06	1	68.2285	1	413.141	1	134.063	1	1	274.135	302.318
118	40.0317	1	2.06143e+06	1	68.2285	1	413.141	1	134.063	1	3.16228	275.975	304.104
118	40.0317	1	2.06143e+06	1	68.2285	1	413.141	1	134.063	1	10	281.284	309.28
118	40.0317	1	2.06143e+06	1	68.2285	1	413.141	1	134.063	1	31.6228	294.324	322.471
118	40.0317	1	2.06143e+06	1	68.2285	1	413.141	1	134.063	1	100	318.479	350.124
119	30.4666	1	712904	1	87.1452	1	283.926	1	74.895	1	0	273.249	301.462
119	30.4666	1	712904	1	87.1452	1	283.926	1	74.895	1	0.001	273.25	301.462
119	30.4666	1	712904	1	87.1452	1	283.926	1	74.895	1	0.00316228	273.253	301.464
119	30.4666	1	712904	1	87.1452	1	283.926	1	74.895	1	0.01	273.259	301.47
119	30.4666	1	712904	1	87.1452	1	283.926	1	74.895	1	0.0316228	273.28	301.489
119	30.4666	1	712904	1	87.1452	1	283.926	1	74.895	1	0.1	273.347	301.547
119	30.4666	1	712904	1	87.1452	1	283.926	1	74.895	1	0.316228	273.557	301.732
119	30.4666	1	712904	1	87.1452	1	283.926	1	74.895	1	1	274.211	302.312
119	30.4666	1	712904	1	87.1452	1	283.926	1	74.895	1	3.16228	276.2	304.096
119	30.4666	1	712904	1	87.1452	1	283.926	1	74.895	1	10	281.942	309.36
119	30.4666	1	712904	1	87.1452	1	283.926	1	74.895	1	31.6228	295.749	323.171
119	30.4666	1	712904	1	87.1452	1	283.926	1	74.895	1	100	323.65	354.839
120	30.4828	1	1.02781e+06	1	59.0603	1	154.517	1	95.3967	1	0	273.249	301.462
120	30.4828	1	1.02781e+06	1	59.0603	1	154.517	1	95.3967	1	0.001	273.251	301.463
120	30.4828	1	1.02781e+06	1	59.0603	1	154.517	1	95.3967	1	0.00316228	273.254	301.466
120	30.4828	1	1.02781e+06	1	59.0603	1	154.517	1	95.3967	1	0.01	273.263	301.475
120	30.4828	1	1.02781e+06	1	59.0603	1	154.517	1	95.3967	1	0.0316228	273.292	301.503
120	30.4828	1	1.02781e+06	1	59.0603	1	154.517	1	95.3967	1	0.1	273.385	301.592
120	30.4828	1	1.02781e+06	1	59.0603	1	154.517	1	95.3967	1	0.316228	273.676	301.872
120	30.4828	1	1.02781e+06	1	59.0603	1	154.517	1	95.3967	1	1	274.587	302.749
120	30.4828	1	1.02781e+06	1	59.0603	1	154.517	1	95.3967	1	3.16228	277.359	305.434
120	30.4828	1	1.02781e+06	1	59.0603	1	154.517	1	95.3967	1	10	285.347	313.248
120	30.4828	1	1.02781e+06	1	59.0603	1	154.517	1	95.3967	1	31.6228	305.144	333.597
120	30.4828	1	1.02781e+06	1	59.0603	1	154.517	1	95.3967	1	100	345.682	379.008
121	30.8405	1	917839	1	99.0456	1	616.599	1	90.6482	1	0	273.249	301.462
121	30.8405	1	917839	1	99.0456	1	616.599	1	90.6482	1	0.001	273.25	301.462
121	30.8405	1	917839	1	99.0456	1	616.599	1	90.6482	1	0.00316228	273.252	301.464
121	30.8405	1	917839	1	99.0456	1	616.599	1	90.6482	1	0.01	273.257	301.468
121	30.8405	1	917839	1	99.0456	1	616.599	1	90.6482	1	0.0316228	273.274	301.482
121	30.8405	1	917839	1	99.0456	1	616.599	1	90.6482	1	0.1	273.328	301.527
121	30.8405	1	917839	1	99.0456	1	616.599	1	90.6482	1	0.316228	273.496	301.667
121	30.8405	1	917839	1	99.0456	1	616.599	1	90.6482	1	1	274.021	302.105
121	30.8405	1	917839	1	99.0456	1	616.599	1	90.6482	1	3.16228	275.607	303.452
121	30.8405	1	917839	1	99.0456	1	616.599	1	90.6482	1	10	280.133	307.407
121	30.8405	1	917839	1	99.0456	1	616.599	1	90.6482	1	31.6228	290.746	317.739
121	30.8405	1	917839	1	99.0456	1	616.599	1	90.6482	1	100	309.375	339.554
122	40.165	1	2.32329e+06	1	78.1678	1	121.02	1	47.2678	1	0	273.249	301.462
122	40.165	1	2.32329e+06	1	78.1678	1	121.02	1	47.2678	1	0.001	273.251	301.463
122	40.165	1	2.32329e+06	1	78.1678	1	121.02	1	47.2678	1	0.00316228	273.254	301.466
122	40.165	1	2.32329e+06	1	78.1678	1	121.02	1	47.2678	1	0.01	273.262	301.474
122	40.165	1	2.32329e+06	1	78.1678	1	121.02	1	47.2678	1	0.0316228	273.29	301.502
122	40.165	1	2.32329e+06	1	78.1678	1	121.02	1	47.2678	1	0.1	273.379	301.588
122	40.165	1	2.32329e+06	1	78.1678	1	121.02	1	47.2678	1	0.316228	273.658	301.862
122	40.165	1	2.32329e+06	1	78.1678	1	121.02	1	47.2678	1	1	274.533	302.719
122	40.165	1	2.32329e+06	1	78.1678	1	121.02	1	47.2678	1	3.16228	277.222	305.364
122	40.165	1	2.32329e+06	1	78.1678	1	121.02	1	47.2678	1	10	285.065	313.118
122	40.165	1	2.32329e+06	1	78.1678	1	121.02	1	47.2678	1	31.6228	305.687	334.238
122	40.165	1	2.32329e+06	1	78.1678	1	121.02	1	47.2678	1	100	351.115	384.121
123	49.5591	1	726003	1	109.494	1	524.433	1	139.31	1	0	273.249	301.462
123	49.5591	1	726003	1	109.494	1	524.433	1	139.31	1	0.001	273.25	301.462
123	49.5591	1	726003	1	109.494	1	524.433	1	139.31	1	0.00316228	273.251	301.463
123	49.5591	1	726003	1	109.494	1	524.433	1	139.31	1	0.01	273.256	301.467
123	49.5591	1	726003	1	109.494	1	524.433	1	139.31	1	0.0316228	273.27	301.48
123	49.5591	1	726003	1	109.494	1	524.433	1	139.31	1	0.1	273.314	301.52
123	49.5591	1	726003	1	109.494	1	524.433	1	139.31	1	0.316228	273.452	301.648
123	49.5591	1	726003	1	109.494	1	524.433	1	139.31	1	1	273.885	302.047
123	49.5591	1	726003	1	109.494	1	524.433	1	139.31	1	3.16228	275.218	303.282
123	49.5591	1	726003	1	109.494	1	524.433	1	139.31	1	10	279.152	306.97
123	49.5591	1	726003	1	109.494	1	524.433	1	139.31	1	31.6228	289.513	317.061
123	49.5591	1	726003	1	109.494	1	524.433	1	139.31	1	100	310.026	339.902
124	60.6639	1	1.56172e+06	1	55.9743	1	281.204	1	104.853	1	0	273.249	301.462
124	60.6639	1	1.56172e+06	1	55.9743	1	281.204	1	104.853	1	0.001	273.25	301.463
124	60.6639	1	1.56172e+06	1	55.9743	1	281.204	1	104.853	1	0.00316228	273.253	301.465
124	60.6639	1	1.56172e+06	1	55.9743	1	281.204	1	104.853	1	0.01	273.259	301.472
124	60.6639	1	1.56172e+06	1	55.9743	1	281.204	1	104.853	1	0.0316228	273.281	301.495
124	60.6639	1	1.56172e+06	1	55.9743	1	281.204	1	104.853	1	0.1	273.348	301.567
124	60.6639	1	1.56172e+06	1	55.9743	1	281.204	1	104.853	1	0.316228	273.562	301.795
124	60.6639	1	1.56172e+06	1	55.9743	1	281.204	1	104.853	1	1	274.23	302.508
124	60.6639	1	1.56172e+06	1	55.9743	1	281.204	1	104.853	1	3.16228	276.276	304.687
124	60.6639	1	1.56172e+06	1	55.9743	1	281.204	1	104.853	1	10	282.205	310.976
124	60.6639	1	1.56172e+06	1	55.9743	1	281.204	1	104.853	1	31.6228	297.211	326.825
124	60.6639	1	1.56172e+06	1	55.9743	1	281.204	1	104.853	1	100	327.39	360.436
125	46.7867	1	1.12835e+06	1	57.089	1	396.617	1	101.308	1	0	273.249	301.462
125	46.7867	1	1.12835e+06	1	57.089	1	396.617	1	101.308	1	0.001	273.25	301.463
125	46.7867	1	1.12835e+06	1	57.089	1	396.617	1	101.308	1	0.00316228	273.252	301.465
125	46.7867	1	1.12835e+06	1	57.089	1	396.617	1	101.308	1	0.01	273.259	301.471
125	46.7867	1	1.12835e+06	1	57.089	1	396.617	1	101.308	1	0.0316228	273.28	301.493
125	46.7867	1	1.12835e+06	1	57.089	1	396.617	1	101.308	1	0.1	273.345	301.56
125	46.7867	1	1.12835e+06	1	57.089	1	396.617	1	101.308	1	0.316228	273.551	301.771
125	46.7867	1	1.12835e+06	1	57.089	1	396.617	1	101.308	1	1	274.193	302.43
125	46.7867	1	1.12835e+06	1	57.089	1	396.617	1	101.308	1	3.16228	276.152	304.439
125	46.7867	1	1.12835e+06	1	57.089	1	396.617	1	101.308	1	10	281.776	310.203
125	46.7867	1	1.12835e+06	1	57.089	1	396.617	1	101.308	1	31.6228	295.458	324.415
125	46.7867	1	1.12835e+06	1	57.089	1	396.617	1	101.308	1	100	320.651	353.09
126	22.0037	1	751037	1	79.947	1	262.325	1	129.236	1	0	273.249	301.462
126	22.0037	1	751037	1	79.947	1	262.325	1	129.236	1	0.001	273.251	301.463
126	22.0037	1	751037	1	79.947	1	262.325	1	129.236	1	0.00316228	273.253	301.465
126	22.0037	1	751037	1	79.947	1	262.325	1	129.236	1	0.01	273.261	301.471
126	22.0037	1	751037	1	79.947	1	262.325	1	129.236	1	0.0316228	273.286	301.492
126	22.0037	1	751037	1	79.947	1	262.325	1	129.236	1	0.1	273.365	301.557
126	22.0037	1	751037	1	79.947	1	262.325	1	129.236	1	0.316228	273.612	301.762
126	22.0037	1	751037	1	79.947	1	262.325	1	129.236	1	1	274.38	302.403
126	22.0037	1	751037	1	79.947	1	262.325	1	129.236	1	3.16228	276.677	304.361
126	22.0037	1	751037	1	79.947	1	262.325	1	129.236	1	10	283.159	310.096
126	22.0037	1	751037	1	79.947	1	262.325	1	129.236	1	31.6228	297.666	324.855
126	22.0037	1	751037	1	79.947	1	262.325	1	129.236	1	100	326.758	358.245
127	42.3718	1	6.84809e+06	1	103.005	1	340.154	1	102.852	1	0	273.249	301.462
127	42.3718	1	6.84809e+06	1	103.005	1	340.154	1	102.852	1	0.001	273.25	301.462
127	42.3718	1	6.84809e+06	1	103.005	1	340.154	1	102.852	1	0.00316228	273.252	301.464
127	42.3718	1	6.84809e+06	1	103.005	1	340.154	1	102.852	1	0.01	273.257	301.469
127	42.3718	1	6.84809e+06	1	103.005	1	340.154	1	102.852	1	0.0316228	273.274	301.484
127	42.3718	1	6.84809e+06	1	103.005	1	340.154	1	102.852	1	0.1	273.327	301.532
127	42.3718	1	6.84809e+06	1	103.005	1	340.154	1	102.852	1	0.316228	273.494	301.685
127	42.3718	1	6.84809e+06	1	103.005	1	340.154	1	102.852	1	1	274.017	302.164
127	42.3718	1	6.84809e+06	1	103.005	1	340.154	1	102.852	1	3.16228	275.626	303.647
127	42.3718	1	6.84809e+06	1	103.005	1	340.154	1	102.852	1	10	280.363	308.076
127	42.3718	1	6.84809e+06	1	103.005	1	340.154	1	102.852	1	31.6228	292.63	320.138
127	42.3718	1	6.84809e+06	1	103.005	1	340.154	1	102.852	1	100	317.808	348.222
128	31.2569	1	961892	1	49.3788	1	922.939	1	123.717	1	0	273.249	301.462
128	31.2569	1	961892	1	49.3788	1	922.939	1	123.717	1	0.001	273.25	301.463
128	31.2569	1	961892	1	49.3788	1	922.939	1	123.717	1	0.00316228	273.253	301.465
128	31.2569	1	961892	1	49.3788	1	922.939	1	123.717	1	0.01	273.26	301.472
128	31.2569	1	961892	1	49.3788	1	922.939	1	123.717	1	0.0316228	273.282	301.493
128	31.2569	1	961892	1	49.3788	1	922.939	1	123.717	1	0.1	273.353	301.562
128	31.2569	1	961892	1	49.3788	1	922.939	1	123.717	1	0.316228	273.576	301.779
128	31.2569	1	961892	1	49.3788	1	922.939	1	123.717	1	1	274.27	302.452
128	31.2569	1	961892	1	49.3788	1	922.939	1	123.717	1	3.16228	276.343	304.474
128	31.2569	1	961892	1	49.3788	1	922.939	1	123.717	1	10	282.068	310.1
128	31.2569	1	961892	1	49.3788	1	922.939	1	123.717	1	31.6228	294.39	322.872
128	31.2569	1	961892	1	49.3788	1	922.939	1	123.717	1	100	311.667	344.06
129	40.0795	1	5.16692e+06	1	93.1389	1	1181.92	1	88.086	1	0	273.249	301.462
129	40.0795	1	5.16692e+06	1	93.1389	1	1181.92	1	88.086	1	0.001	273.25	301.462
129	40.0795	1	5.16692e+06	1	93.1389	1	1181.92	1	88.086	1	0.00316228	273.252	301.463
129	40.0795	1	5.16692e+06	1	93.1389	1	1181.92	1	88.086	1	0.01	273.256	301.467
129	40.0795	1	5.16692e+06	1	93.1389	1	1181.92	1	88.086	1	0.0316228	273.271	301.48
129	40.0795	1	5.16692e+06	1	93.1389	1	1181.92	1	88.086	1	0.1	273.316	301.521
129	40.0795	1	5.16692e+06	1	93.1389	1	1181.92	1	88.086	1	0.316228	273.459	301.649
129	40.0795	1	5.16692e+06	1	93.1389	1	1181.92	1	88.086	1	1	273.907	302.048
129	40.0795	1	5.16692e+06	1	93.1389	1	1181.92	1	88.086	1	3.16228	275.269	303.275
129	40.0795	1	5.16692e+06	1	93.1389	1	1181.92	1	88.086	1	10	279.181	306.85
129	40.0795	1	5.16692e+06	1	93.1389	1	1181.92	1	88.086	1	31.6228	288.513	315.938
129	40.0795	1	5.16692e+06	1	93.1389	1	1181.92	1	88.086	1	100	303.689	333.961
130	43.638	1	928826	1	33.0976	1	332.405	1	89.427	1	0	273.249	301.462
130	43.638	1	928826	1	33.0976	1	332.405	1	89.427	1	0.001	273.251	301.463
130	43.638	1	928826	1	33.0976	1	332.405	1	89.427	1	0.00316228	273.254	301.466
130	43.638	1	928826	1	33.0976	1	332.405	1	89.427	1	0.01	273.263	301.477
130	43.638	1	928826	1	33.0976	1	332.405	1	89.427	1	0.0316228	273.293	301.51
130	43.638	1	928826	1	33.0976	1	332.405	1	89.427	1	0.1	273.388	301.615
130	43.638	1	928826	1	33.0976	1	332.405	1	89.427	1	0.316228	273.687	301.943
130	43.638	1	928826	1	33.0976	1	332.405	1	89.427	1	1	274.613	302.96
130	43.638	1	928826	1	33.0976	1	332.405	1	89.427	1	3.16228	277.374	305.975
130	43.638	1	928826	1	33.0976	1	332.405	1	89.427	1	10	284.916	314.153
130	43.638	1	928826	1	33.0976	1	332.405	1	89.427	1	31.6228	301.499	332.017
130	43.638	1	928826	1	33.0976	1	332.405	1	89.427	1	100	329.048	363.621
131	47.6566	1	983656	1	75.7031	1	346.732	1	80.983	1	0	273.249	301.462
131	47.6566	1	983656	1	75.7031	1	346.732	1	80.983	1	0.001	273.25	301.462
131	47.6566	1	983656	1	75.7031	1	346.732	1	80.983	1	0.00316228	273.252	301.464
131	47.6566	1	983656	1	75.7031	1	346.732	1	80.983	1	0.01	273.258	301.47
131	47.6566	1	983656	1	75.7031	1	346.732	1	80.983	1	0.0316228	273.276	301.488
131	47.6566	1	983656	1	75.7031	1	346.732	1	80.983	1	0.1	273.335	301.545
131	47.6566	1	983656	1	75.7031	1	346.732	1	80.983	1	0.316228	273.518	301.726
131	47.6566	1	983656	1	75.7031	1	346.732	1	80.983	1	1	274.094	302.293
131	47.6566	1	983656	1	75.7031	1	346.732	1	80.983	1	3.16228	275.86	304.039
131	47.6566	1	983656	1	75.7031	1	346.732	1	80.983	1	10	281.02	309.151
131	47.6566	1	983656	1	75.7031	1	346.732	1	80.983	1	31.6228	294.108	322.47
131	47.6566	1	983656	1	75.7031	1	346.732	1	80.983	1	100	320.139	351.881
132	28.3485	1	554981	1	56.7149	1	318.779	1	197.663	1	0	273.249	301.462
132	28.3485	1	554981	1	56.7149	1	318.779	1	197.663	1	0.001	273.251	301.463
132	28.3485	1	554981	1	56.7149	1	318.779	1	197.663	1	0.00316228	273.253	301.465
132	28.3485	1	554981	1	56.7149	1	318.779	1	197.663	1	0.01	273.261	301.472
132	28.3485	1	554981	1	56.7149	1	318.779	1	197.663	1	0.0316228	273.286	301.495
132	28.3485	1	554981	1	56.7149	1	318.779	1	197.663	1	0.1	273.364	301.568
132	28.3485	1	554981	1	56.7149	1	318.779	1	197.663	1	0.316228	273.61	301.798
132	28.3485	1	554981	1	56.7149	1	318.779	1	197.663	1	1	274.376	302.516
132	28.3485	1	554981	1	56.7149	1	318.779	1	197.663	1	3.16228	276.686	304.697
132	28.3485	1	554981	1	56.7149	1	318.779	1	197.663	1	10	283.226	310.958
132	28.3485	1	554981	1	56.7149	1	318.779	1	197.663	1	31.6228	298.343	326.424
132	28.3485	1	554981	1	56.7149	1	318.779	1	197.663	1	100	325.567	358.057
133	42.4471	1	2.41539e+06	1	46.3354	1	349.794	1	66.8953	1	0	273.249	301.462
133	42.4471	1	2.41539e+06	1	46.3354	1	349.794	1	66.8953	1	0.001	273.251	301.463
133	42.4471	1	2.41539e+06	1	46.3354	1	349.794	1	66.8953	1	0.00316228	273.253	301.465
133	42.4471	1	2.41539e+06	1	46.3354	1	349.794	1	66.8953	1	0.01	273.261	301.473
133	42.4471	1	2.41539e+06	1	46.3354	1	349.794	1	66.8953	1	0.0316228	273.285	301.499
133	42.4471	1	2.41539e+06	1	46.3354	1	349.794	1	66.8953	1	0.1	273.363	301.58
133	42.4471	1	2.41539e+06	1	46.3354	1	349.794	1	66.8953	1	0.316228	273.606	301.835
133	42.4471	1	2.41539e+06	1	46.3354	1	349.794	1	66.8953	1	1	274.366	302.628
133	42.4471	1	2.41539e+06	1	46.3354	1	349.794	1	66.8953	1	3.16228	276.664	305.024
133	42.4471	1	2.41539e+06	1	46.3354	1	349.794	1	66.8953	1	10	283.154	311.785
133	42.4471	1	2.41539e+06	1	46.3354	1	349.794	1	66.8953	1	31.6228	298.213	327.693
133	42.4471	1	2.41539e+06	1	46.3354	1	349.794	1	66.8953	1	100	324.82	358.387
134	42.4696	1	2.73638e+06	1	184.888	1	419.167	1	73.1952	1	0	273.249	301.462
134	42.4696	1	2.73638e+06	1	184.888	1	419.167	1	73.1952	1	0.001	273.25	301.462
134	42.4696	1	2.73638e+06	1	184.888	1	419.167	1	73.1952	1	0.00316228	273.251	301.463
134	42.4696	1	2.73638e+06	1	184.888	1	419.167	1	73.1952	1	0.01	273.256	301.467
134	42.4696	1	2.73638e+06	1	184.888	1	419.167	1	73.1952	1	0.0316228	273.269	301.477
134	42.4696	1	2.73638e+06	1	184.888	1	419.167	1	73.1952	1	0.1	273.31	301.511
134	42.4696	1	2.73638e+06	1	184.888	1	419.167	1	73.1952	1	0.316228	273.442	301.619
134	42.4696	1	2.73638e+06	1	184.888	1	419.167	1	73.1952	1	1	273.853	301.958
134	42.4696	1	2.73638e+06	1	184.888	1	419.167	1	73.1952	1	3.16228	275.117	303.01
134	42.4696	1	2.73638e+06	1	184.888	1	419.167	1	73.1952	1	10	278.845	306.202
134	42.4696	1	2.73638e+06	1	184.888	1	419.167	1	73.1952	1	31.6228	288.411	315.073
134	42.4696	1	2.73638e+06	1	184.888	1	419.167	1	73.1952	1	100	308.33	337.069
135	61.8766	1	2.92812e+06	1	113.287	1	367.959	1	93.2067	1	0	273.249	301.462
135	61.8766	1	2.92812e+06	1	113.287	1	367.959	1	93.2067	1	0.001	273.25	301.462
135	61.8766	1	2.92812e+06	1	113.287	1	367.959	1	93.2067	1	0.00316228	273.251	301.464
135	61.8766	1	2.92812e+06	1	113.287	1	367.959	1	93.2067	1	0.01	273.256	301.468
135	61.8766	1	2.92812e+06	1	113.287	1	367.959	1	93.2067	1	0.0316228	273.27	301.482
135	61.8766	1	2.92812e+06	1	113.287	1	367.959	1	93.2067	1	0.1	273.315	301.525
135	61.8766	1	2.92812e+06	1	113.287	1	367.959	1	93.2067	1	0.316228	273.456	301.662
135	61.8766	1	2.92812e+06	1	113.287	1	367.959	1	93.2067	1	1	273.9	302.091
135	61.8766	1	2.92812e+06	1	113.287	1	367.959	1	93.2067	1	3.16228	275.275	303.426
135	61.8766	1	2.92812e+06	1	113.287	1	367.959	1	93.2067	1	10	279.375	307.434
135	61.8766	1	2.92812e+06	1	113.287	1	367.959	1	93.2067	1	31.6228	290.528	318.542
135	61.8766	1	2.92812e+06	1	113.287	1	367.959	1	93.2067	1	100	314.487	344.951
136	28.2818	1	436933	1	59.1001	1	783.894	1	101.397	1	0	273.249	301.462
136	28.2818	1	436933	1	59.1001	1	783.894	1	101.397	1	0.001	273.25	301.462
136	28.2818	1	436933	1	59.1001	1	783.894	1	101.397	1	0.00316228	273.253	301.464
136	28.2818	1	436933	1	59.1001	1	783.894	1	101.397	1	0.01	273.259	301.471
136	28.2818	1	436933	1	59.1001	1	783.894	1	101.397	1	0.0316228	273.281	301.49
136	28.2818	1	436933	1	59.1001	1	783.894	1	101.397	1	0.1	273.349	301.552
136	28.2818	1	436933	1	59.1001	1	783.894	1	101.397	1	0.316228	273.562	301.746
136	28.2818	1	436933	1	59.1001	1	783.894	1	101.397	1	1	274.223	302.351
136	28.2818	1	436933	1	59.1001	1	783.894	1	101.397	1	3.16228	276.204	304.181
136	28.2818	1	436933	1	59.1001	1	783.894	1	101.397	1	10	281.715	309.355
136	28.2818	1	436933	1	59.1001	1	783.894	1	101.397	1	31.6228	293.618	321.576
136	28.2818	1	436933	1	59.1001	1	783.894	1	101.397	1	100	311.631	343.497
137	38.2944	1	293726	1	45.0305	1	438.982	1	101.443	1	0	273.249	301.462
137	38.2944	1	293726	1	45.0305	1	438.982	1	101.443	1	0.001	273.251	301.463
137	38.2944	1	293726	1	45.0305	1	438.982	1	101.443	1	0.00316228	273.253	301.465
137	38.2944	1	293726	1	45.0305	1	438.982	1	101.443	1	0.01	273.261	301.473
137	38.2944	1	293726	1	45.0305	1	438.982	1	101.443	1	0.0316228	273.285	301.498
137	38.2944	1	293726	1	45.0305	1	438.982	1	101.443	1	0.1	273.362	301.578
137	38.2944	1	293726	1	45.0305	1	438.982	1	101.443	1	0.316228	273.604	301.828
137	38.2944	1	293726	1	45.0305	1	438.982	1	101.443	1	1	274.359	302.606
137	38.2944	1	293726	1	45.0305	1	438.982	1	101.443	1	3.16228	276.632	304.947
137	38.2944	1	293726	1	45.0305	1	438.982	1	101.443	1	10	282.999	311.505
137	38.2944	1	293726	1	45.0305	1	438.982	1	101.443	1	31.6228	297.419	326.644
137	38.2944	1	293726	1	45.0305	1	438.982	1	101.443	1	100	321.288	354.454
138	33.1272	1	794884	1	56.0406	1	500.578	1	119.025	1	0	273.249	301.462
138	33.1272	1	794884	1	56.0406	1	500.578	1	119.025	1	0.001	273.25	301.463
138	33.1272	1	794884	1	56.0406	1	500.578	1	119.025	1	0.00316228	273.253	301.465
138	33.1272	1	794884	1	56.0406	1	500.578	1	119.025	1	0.01	273.26	301.471
138	33.1272	1	794884	1	56.0406	1	500.578	1	119.025	1	0.0316228	273.282	301.493
138	33.1272	1	794884	1	56.0406	1	500.578	1	119.025	1	0.1	273.351	301.559
138	33.1272	1	794884	1	56.0406	1	500.578	1	119.025	1	0.316228	273.57	301.77
138	33.1272	1	794884	1	56.0406	1	500.578	1	119.025	1	1	274.251	302.426
138	33.1272	1	794884	1	56.0406	1	500.578	1	119.025	1	3.16228	276.306	304.415
138	33.1272	1	794884	1	56.0406	1	500.578	1	119.025	1	10	282.107	310.077
138	33.1272	1	794884	1	56.0406	1	500.578	1	119.025	1	31.6228	295.364	323.681
138	33.1272	1	794884	1	56.0406	1	500.578	1	119.025	1	100	317.497	349.755
139	51.2672	1	514603	1	113.597	1	124.858	1	132.361	1	0	273.249	301.462
139	51.2672	1	514603	1	113.597	1	124.858	1	132.361	1	0.001	273.251	301.463
139	51.2672	1	514603	1	113.597	1	124.858	1	132.361	1	0.00316228	273.253	301.465
139	51.2672	1	514603	1	113.597	1	124.858	1	132.361	1	0.01	273.26	301.472
139	51.2672	1	514603	1	113.597	1	124.858	1	132.361	1	0.0316228	273.284	301.495
139	51.2672	1	514603	1	113.597	1	124.858	1	132.361	1	0.1	273.357	301.566
139	51.2672	1	514603	1	113.597	1	124.858	1	132.361	1	0.316228	273.59	301.793
139	51.2672	1	514603	1	113.597	1	124.858	1	132.361	1	1	274.322	302.504
139	51.2672	1	514603	1	113.597	1	124.858	1	132.361	1	3.16228	276.583	304.708
139	51.2672	1	514603	1	113.597	1	124.858	1	132.361	1	10	283.291	311.284
139	51.2672	1	514603	1	113.597	1	124.858	1	132.361	1	31.6228	302.037	330.013
139	51.2672	1	514603	1	113.597	1	124.858	1	132.361	1	100	344.913	375.95
140	24.0296	1	808185	1	28.6234	1	408.683	1	110.869	1	0	273.249	301.462
140	24.0296	1	808185	1	28.6234	1	408.683	1	110.869	1	0.001	273.251	301.463
140	24.0296	1	808185	1	28.6234	1	408.683	1	110.869	1	0.00316228	273.255	301.467
140	24.0296	1	808185	1	28.6234	1	408.683	1	110.869	1	0.01	273.266	301.479
140	24.0296	1	808185	1	28.6234	1	408.683	1	110.869	1	0.0316228	273.303	301.516
140	24.0296	1	808185	1	28.6234	1	408.683	1	110.869	1	0.1	273.418	301.635
140	24.0296	1	808185	1	28.6234	1	408.683	1	110.869	1	0.316228	273.778	302.005
140	24.0296	1	808185	1	28.6234	1	408.683	1	110.869	1	1	274.889	303.146
140	24.0296	1	808185	1	28.6234	1	408.683	1	110.869	1	3.16228	278.136	306.475
140	24.0296	1	808185	1	28.6234	1	408.683	1	110.869	1	10	286.616	315.18
140	24.0296	1	808185	1	28.6234	1	408.683	1	110.869	1	31.6228	303.026	333.041
140	24.0296	1	808185	1	28.6234	1	408.683	1	110.869	1	100	326.765	361.559
141	75.2734	1	1.88131e+06	1	27.4215	1	271.22	1	70.2574	1	0	273.249	301.462
141	75.2734	1	1.88131e+06	1	27.4215	1	271.22	1	70.2574	1	0.001	273.251	301.463
141	75.2734	1	1.88131e+06	1	27.4215	1	271.22	1	70.2574	1	0.00316228	273.254	301.467
141	75.2734	1	1.88131e+06	1	27.4215	1	271.22	1	70.2574	1	0.01	273.265	301.48
141	75.2734	1	1.88131e+06	1	27.4215	1	271.22	1	70.2574	1	0.0316228	273.298	301.519
141	75.2734	1	1.88131e+06	1	27.4215	1	271.22	1	70.2574	1	0.1	273.402	301.642
141	75.2734	1	1.88131e+06	1	27.4215	1	271.22	1	70.2574	1	0.316228	273.731	302.03
141	75.2734	1	1.88131e+06	1	27.4215	1	271.22	1	70.2574	1	1	274.745	303.223
141	75.2734	1	1.88131e+06	1	27.4215	1	271.22	1	70.2574	1	3.16228	277.743	306.722
141	75.2734	1	1.88131e+06	1	27.4215	1	271.22	1	70.2574	1	10	285.634	315.88
141	75.2734	1	1.88131e+06	1	27.4215	1	271.22	1	70.2574	1	31.6228	303.072	335.474
141	75.2734	1	1.88131e+06	1	27.4215	1	271.22	1	70.2574	1	100	333.593	369.958
142	28.5242	1	3.58033e+06	1	41.6022	1	368.316	1	70.4057	1	0	273.249	301.462
142	28.5242	1	3.58033e+06	1	41.6022	1	368.316	1	70.4057	1	0.001	273.251	301.463
142	28.5242	1	3.58033e+06	1	41.6022	1	368.316	1	70.4057	1	0.00316228	273.254	301.466
142	28.5242	1	3.58033e+06	1	41.6022	1	368.316	1	70.4057	1	0.01	273.263	301.475
142	28.5242	1	3.58033e+06	1	41.6022	1	368.316	1	70.4057	1	0.0316228	273.291	301.503
142	28.5242	1	3.58033e+06	1	41.6022	1	368.316	1	70.4057	1	0.1	273.381	301.592
142	28.5242	1	3.58033e+06	1	41.6022	1	368.316	1	70.4057	1	0.316228	273.664	301.872
142	28.5242	1	3.58033e+06	1	41.6022	1	368.316	1	70.4057	1	1	274.541	302.744
142	28.5242	1	3.58033e+06	1	41.6022	1	368.316	1	70.4057	1	3.16228	277.161	305.354
142	28.5242	1	3.58033e+06	1	41.6022	1	368.316	1	70.4057	1	10	284.401	312.616
142	28.5242	1	3.58033e+06	1	41.6022	1	368.316	1	70.4057	1	31.6228	299.839	329.03
142	28.5242	1	3.58033e+06	1	41.6022	1	368.316	1	70.4057	1	100	325.467	359.17
143	62.3786	1	1.47313e+07	1	68.624	1	222.133	1	77.6429	1	0	273.249	301.462
143	62.3786	1	1.47313e+07	1	68.624	1	222.133	1	77.6429	1	0.001	273.25	301.463
143	62.3786	1	1.47313e+07	1	68.624	1	222.133	1	77.6429	1	0.00316228	273.252	301.465
143	62.3786	1	1.47313e+07	1	68.624	1	222.133	1	77.6429	1	0.01	273.259	301.472
143	62.3786	1	1.47313e+07	1	68.624	1	222.133	1	77.6429	1	0.0316228	273.28	301.493
143	62.3786	1	1.47313e+07	1	68.624	1	222.133	1	77.6429	1	0.1	273.346	301.562
143	62.3786	1	1.47313e+07	1	68.624	1	222.133	1	77.6429	1	0.316228	273.553	301.779
143	62.3786	1	1.47313e+07	1	68.624	1	222.133	1	77.6429	1	1	274.204	302.458
143	62.3786	1	1.47313e+07	1	68.624	1	222.133	1	77.6429	1	3.16228	276.212	304.551
143	62.3786	1	1.47313e+07	1	68.624	1	222.133	1	77.6429	1	10	282.11	310.684
143	62.3786	1	1.47313e+07	1	68.624	1	222.133	1	77.6429	1	31.6228	297.582	326.831
143	62.3786	1	1.47313e+07	1	68.624	1	222.133	1	77.6429	1	100	330.862	363.747
144	77.7299	1	427010	1	65.9938	1	300.863	1	177.119	1	0	273.249	301.462
144	77.7299	1	427010	1	65.9938	1	300.863	1	177.119	1	0.001	273.25	301.462
144	77.7299	1	427010	1	65.9938	1	300.863	1	177.119	1	0.00316228	273.252	301.464
144	77.7299	1	427010	1	65.9938	1	300.863	1	177.119	1	0.01	273.258	301.471
144	77.7299	1	427010	1	65.9938	1	300.863	1	177.119	1	0.0316228	273.276	301.49
144	77.7299	1	427010	1	65.9938	1	300.863	1	177.119	1	0.1	273.334	301.553
144	77.7299	1	427010	1	65.9938	1	300.863	1	177.119	1	0.316228	273.517	301.75
144	77.7299	1	427010	1	65.9938	1	300.863	1	177.119	1	1	274.09	302.367
144	77.7299	1	427010	1	65.9938	1	300.863	1	177.119	1	3.16228	275.857	304.265
144	77.7299	1	427010	1	65.9938	1	300.863	1	177.119	1	10	281.035	309.796
144	77.7299	1	427010	1	65.9938	1	300.863	1	177.119	1	31.6228	294.636	324.236
144	77.7299	1	427010	1	65.9938	1	300.863	1	177.119	1	100	324.052	356.173
145	63.4563	1	359645	1	27.3354	1	331.928	1	100.059	1	0	273.249	301.462
145	63.4563	1	359645	1	27.3354	1	331.928	1	100.059	1	0.001	273.251	301.463
145	63.4563	1	359645	1	27.3354	1	331.928	1	100.059	1	0.00316228	273.254	301.467
145	63.4563	1	359645	1	27.3354	1	331.928	1	100.059	1	0.01	273.264	301.479
145	63.4563	1	359645	1	27.3354	1	331.928	1	100.059	1	0.0316228	273.297	301.517
145	63.4563	1	359645	1	27.3354	1	331.928	1	100.059	1	0.1	273.4	301.638
145	63.4563	1	359645	1	27.3354	1	331.928	1	100.059	1	0.316228	273.722	302.015
145	63.4563	1	359645	1	27.3354	1	331.928	1	100.059	1	1	274.717	303.176
145	63.4563	1	359645	1	27.3354	1	331.928	1	100.059	1	3.16228	277.652	306.569
145	63.4563	1	359645	1	27.3354	1	331.928	1	100.059	1	10	285.353	315.413
145	63.4563	1	359645	1	27.3354	1	331.928	1	100.059	1	31.6228	302.045	333.987
145	63.4563	1	359645	1	27.3354	1	331.928	1	100.059	1	100	329.826	365.303
146	57.3735	1	3.68564e+06	1	130.703	1	248.958	1	73.1084	1	0	273.249	301.462
146	57.3735	1	3.68564e+06	1	130.703	1	248.958	1	73.1084	1	0.001	273.25	301.462
146	57.3735	1	3.68564e+06	1	130.703	1	248.958	1	73.1084	1	0.00316228	273.252	301.464
146	57.3735	1	3.68564e+06	1	130.703	1	248.958	1	73.1084	1	0.01	273.257	301.469
146	57.3735	1	3.68564e+06	1	130.703	1	248.958	1	73.1084	1	0.0316228	273.273	301.484
146	57.3735	1	3.68564e+06	1	130.703	1	248.958	1	73.1084	1	0.1	273.323	301.531
146	57.3735	1	3.68564e+06	1	130.703	1	248.958	1	73.1084	1	0.316228	273.481	301.681
146	57.3735	1	3.68564e+06	1	130.703	1	248.958	1	73.1084	1	1	273.979	302.154
146	57.3735	1	3.68564e+06	1	130.703	1	248.958	1	73.1084	1	3.16228	275.523	303.626
146	57.3735	1	3.68564e+06	1	130.703	1	248.958	1	73.1084	1	10	280.144	308.075
146	57.3735	1	3.68564e+06	1	130.703	1	248.958	1	73.1084	1	31.6228	292.676	320.439
146	57.3735	1	3.68564e+06	1	130.703	1	248.958	1	73.1084	1	100	321.221	351.668
147	50.0306	1	1.41954e+06	1	60.1791	1	404.062	1	91.6544	1	0	273.249	301.462
147	50.0306	1	1.41954e+06	1	60.1791	1	404.062	1	91.6544	1	0.001	273.25	301.463
147	50.0306	1	1.41954e+06	1	60.1791	1	404.062	1	91.6544	1	0.00316228	273.252	301.465
147	50.0306	1	1.41954e+06	1	60.1791	1	404.062	1	91.6544	1	0.01	273.259	301.471
147	50.0306	1	1.41954e+06	1	60.1791	1	404.062	1	91.6544	1	0.0316228	273.278	301.491
147	50.0306	1	1.41954e+06	1	60.1791	1	404.062	1	91.6544	1	0.1	273.341	301.555
147	50.0306	1	1.41954e+06	1	60.1791	1	404.062	1	91.6544	1	0.316228	273.537	301.757
147	50.0306	1	1.41954e+06	1	60.1791	1	404.062	1	91.6544	1	1	274.151	302.389
147	50.0306	1	1.41954e+06	1	60.1791	1	404.062	1	91.6544	1	3.16228	276.026	304.317
147	50.0306	1	1.41954e+06	1	60.1791	1	404.062	1	91.6544	1	10	281.431	309.869
147	50.0306	1	1.41954e+06	1	60.1791	1	404.062	1	91.6544	1	31.6228	294.729	323.689
147	50.0306	1	1.41954e+06	1	60.1791	1	404.062	1	91.6544	1	100	319.533	351.928
148	47.313	1	1.7231e+06	1	69.785	1	433.128	1	73.8425	1	0	273.249	301.462
148	47.313	1	1.7231e+06	1	69.785	1	433.128	1	73.8425	1	0.001	273.25	301.462
148	47.313	1	1.7231e+06	1	69.785	1	433.128	1	73.8425	1	0.00316228	273.252	301.464
148	47.313	1	1.7231e+06	1	69.785	1	433.128	1	73.8425	1	0.01	273.258	301.47
148	47.313	1	1.7231e+06	1	69.785	1	433.128	1	73.8425	1	0.0316228	273.276	301.488
148	47.313	1	1.7231e+06	1	69.785	1	433.128	1	73.8425	1	0.1	273.334	301.546
148	47.313	1	1.7231e+06	1	69.785	1	433.128	1	73.8425	1	0.316228	273.516	301.727
148	47.313	1	1.7231e+06	1	69.785	1	433.128	1	73.8425	1	1	274.087	302.295
148	47.313	1	1.7231e+06	1	69.785	1	433.128	1	73.8425	1	3.16228	275.832	304.035
148	47.313	1	1.7231e+06	1	69.785	1	433.128	1	73.8425	1	10	280.885	309.079
148	47.313	1	1.7231e+06	1	69.785	1	433.128	1	73.8425	1	31.6228	293.358	321.866
148	47.313	1	1.7231e+06	1	69.785	1	433.128	1	73.8425	1	100	316.766	348.728
149	53.1663	1	1.72122e+06	1	51.9601	1	401.242	1	81.1848	1	0	273.249	301.462
149	53.1663	1	1.72122e+06	1	51.9601	1	401.242	1	81.1848	1	0.001	273.25	301.463
149	53.1663	1	1.72122e+06	1	51.9601	1	401.242	1	81.1848	1	0.00316228	273.253	301.465
149	53.1663	1	1.72122e+06	1	51.9601	1	401.242	1	81.1848	1	0.01	273.259	301.472
149	53.1663	1	1.72122e+06	1	51.9601	1	401.242	1	81.1848	1	0.0316228	273.28	301.495
149	53.1663	1	1.72122e+06	1	51.9601	1	401.242	1	81.1848	1	0.1	273.348	301.566
149	53.1663	1	1.72122e+06	1	51.9601	1	401.242	1	81.1848	1	0.316228	273.559	301.79
149	53.1663	1	1.72122e+06	1	51.9601	1	401.242	1	81.1848	1	1	274.218	302.491
149	53.1663	1	1.72122e+06	1	51.9601	1	401.242	1	81.1848	1	3.16228	276.226	304.617
149	53.1663	1	1.72122e+06	1	51.9601	1	401.242	1	81.1848	1	10	281.957	310.669
149	53.1663	1	1.72122e+06	1	51.9601	1	401.242	1	81.1848	1	31.6228	295.744	325.235
149	53.1663	1	1.72122e+06	1	51.9601	1	401.242	1	81.1848	1	100	320.758	353.889
150	25.9007	1	453204	1	168.339	1	425.975	1	150.208	1	0	273.249	301.462
150	25.9007	1	453204	1	168.339	1	425.975	1	150.208	1	0.001	273.25	301.462
150	25.9007	1	453204	1	168.339	1	425.975	1	150.208	1	0.00316228	273.252	301.463
150	25.9007	1	453204	1	168.339	1	425.975	1	150.208	1	0.01	273.257	301.467
150	25.9007	1	453204	1	168.339	1	425.975	1	150.208	1	0.0316228	273.274	301.479
150	25.9007	1	453204	1	168.339	1	425.975	1	150.208	1	0.1	273.327	301.517
150	25.9007	1	453204	1	168.339	1	425.975	1	150.208	1	0.316228	273.492	301.636
150	25.9007	1	453204	1	168.339	1	425.975	1	150.208	1	1	274.007	302.009
150	25.9007	1	453204	1	168.339	1	425.975	1	150.208	1	3.16228	275.548	303.155
150	25.9007	1	453204	1	168.339	1	425.975	1	150.208	1	10	279.921	306.589
150	25.9007	1	453204	1	168.339	1	425.975	1	150.208	1	31.6228	289.907	315.897
150	25.9007	1	453204	1	168.339	1	425.975	1	150.208	1	100	309.66	338.276
151	41.8308	1	743233	1	142.72	1	463.83	1	128.24	1	0	273.249	301.462
151	41.8308	1	743233	1	142.72	1	463.83	1	128.24	1	0.001	273.25	301.462
151	41.8308	1	743233	1	142.72	1	463.83	1	128.24	1	0.00316228	273.251	301.463
151	41.8308	1	743233	1	142.72	1	463.83	1	128.24	1	0.01	273.256	301.467
151	41.8308	1	743233	1	142.72	1	463.83	1	128.24	1	0.0316228	273.27	301.479
151	41.8308	1	743233	1	142.72	1	463.83	1	128.24	1	0.1	273.313	301.515
151	41.8308	1	743233	1	142.72	1	463.83	1	128.24	1	0.316228	273.45	301.631
151	41.8308	1	743233	1	142.72	1	463.83	1	128.24	1	1	273.879	301.994
151	41.8308	1	743233	1	142.72	1	463.83	1	128.24	1	3.16228	275.195	303.122
151	41.8308	1	743233	1	142.72	1	463.83	1	128.24	1	10	279.073	306.524
151	41.8308	1	743233	1	142.72	1	463.83	1	128.24	1	31.6228	289.134	315.994
151	41.8308	1	743233	1	142.72	1	463.83	1	128.24	1	100	309.471	338.538
152	50.7114	1	2.03339e+06	1	70.4235	1	1190.71	1	67.8479	1	0	273.249	301.462
152	50.7114	1	2.03339e+06	1	70.4235	1	1190.71	1	67.8479	1	0.001	273.25	301.462
152	50.7114	1	2.03339e+06	1	70.4235	1	1190.71	1	67.8479	1	0.00316228	273.252	301.464
152	50.7114	1	2.03339e+06	1	70.4235	1	1190.71	1	67.8479	1	0.01	273.257	301.469
152	50.7114	1	2.03339e+06	1	70.4235	1	1190.71	1	67.8479	1	0.0316228	273.272	301.484
152	50.7114	1	2.03339e+06	1	70.4235	1	1190.71	1	67.8479	1	0.1	273.321	301.534
152	50.7114	1	2.03339e+06	1	70.4235	1	1190.71	1	67.8479	1	0.316228	273.476	301.689
152	50.7114	1	2.03339e+06	1	70.4235	1	1190.71	1	67.8479	1	1	273.96	302.173
152	50.7114	1	2.03339e+06	1	70.4235	1	1190.71	1	67.8479	1	3.16228	275.434	303.65
152	50.7114	1	2.03339e+06	1	70.4235	1	1190.71	1	67.8479	1	10	279.634	307.857
152	50.7114	1	2.03339e+06	1	70.4235	1	1190.71	1	67.8479	1	31.6228	289.641	318.142
152	50.7114	1	2.03339e+06	1	70.4235	1	1190.71	1	67.8479	1	100	305.321	336.98
153	29.3833	1	2.16595e+06	1	83.1305	1	318.739	1	188.814	1	0	273.249	301.462
153	29.3833	1	2.16595e+06	1	83.1305	1	318.739	1	188.814	1	0.001	273.25	301.462
153	29.3833	1	2.16595e+06	1	83.1305	1	318.739	1	188.814	1	0.00316228	273.252	301.464
153	29.3833	1	2.16595e+06	1	83.1305	1	318.739	1	188.814	1	0.01	273.259	301.47
153	29.3833	1	2.16595e+06	1	83.1305	1	318.739	1	188.814	1	0.0316228	273.28	301.488
153	29.3833	1	2.16595e+06	1	83.1305	1	318.739	1	188.814	1	0.1	273.346	301.546
153	29.3833	1	2.16595e+06	1	83.1305	1	318.739	1	188.814	1	0.316228	273.553	301.727
153	29.3833	1	2.16595e+06	1	83.1305	1	318.739	1	188.814	1	1	274.199	302.294
153	29.3833	1	2.16595e+06	1	83.1305	1	318.739	1	188.814	1	3.16228	276.159	304.037
153	29.3833	1	2.16595e+06	1	83.1305	1	318.739	1	188.814	1	10	281.789	309.157
153	29.3833	1	2.16595e+06	1	83.1305	1	318.739	1	188.814	1	31.6228	295.37	322.59
153	29.3833	1	2.16595e+06	1	83.1305	1	318.739	1	188.814	1	100	321.663	352.745
154	58.4132	1	1.16438e+06	1	26.4858	1	934.764	1	126.935	1	0	273.249	301.462
154	58.4132	1	1.16438e+06	1	26.4858	1	934.764	1	126.935	1	0.001	273.251	301.463
154	58.4132	1	1.16438e+06	1	26.4858	1	934.764	1	126.935	1	0.00316228	273.254	301.467
154	58.4132	1	1.16438e+06	1	26.4858	1	934.764	1	126.935	1	0.01	273.264	301.478
154	58.4132	1	1.16438e+06	1	26.4858	1	934.764	1	126.935	1	0.0316228	273.294	301.514
154	58.4132	1	1.16438e+06	1	26.4858	1	934.764	1	126.935	1	0.1	273.39	301.627
154	58.4132	1	1.16438e+06	1	26.4858	1	934.764	1	126.935	1	0.316228	273.69	301.981
154	58.4132	1	1.16438e+06	1	26.4858	1	934.764	1	126.935	1	1	274.615	303.068
154	58.4132	1	1.16438e+06	1	26.4858	1	934.764	1	126.935	1	3.16228	277.308	306.204
154	58.4132	1	1.16438e+06	1	26.4858	1	934.764	1	126.935	1	10	284.199	314.176
154	58.4132	1	1.16438e+06	1	26.4858	1	934.764	1	126.935	1	31.6228	297.797	329.427
154	58.4132	1	1.16438e+06	1	26.4858	1	934.764	1	126.935	1	100	315.473	350.02
155	41.3159	1	1.4561e+06	1	107.01	1	191.774	1	108.215	1	0	273.249	301.462
155	41.3159	1	1.4561e+06	1	107.01	1	191.774	1	108.215	1	0.001	273.25	301.462
155	41.3159	1	1.4561e+06	1	107.01	1	191.774	1	108.215	1	0.00316228	273.252	301.464
155	41.3159	1	1.4561e+06	1	107.01	1	191.774	1	108.215	1	0.01	273.259	301.47
155	41.3159	1	1.4561e+06	1	107.01	1	191.774	1	108.215	1	0.0316228	273.279	301.489
155	41.3159	1	1.4561e+06	1	107.01	1	191.774	1	108.215	1	0.1	273.343	301.549
155	41.3159	1	1.4561e+06	1	107.01	1	191.774	1	108.215	1	0.316228	273.546	301.737
155	41.3159	1	1.4561e+06	1	107.01	1	191.774	1	108.215	1	1	274.181	302.327
155	41.3159	1	1.4561e+06	1	107.01	1	191.774	1	108.215	1	3.16228	276.139	304.158
155	41.3159	1	1.4561e+06	1	107.01	1	191.774	1	108.215	1	10	281.934	309.645
155	41.3159	1	1.4561e+06	1	107.01	1	191.774	1	108.215	1	31.6228	297.309	324.854
155	41.3159	1	1.4561e+06	1	107.01	1	191.774	1	108.215	1	100	331.404	362.158
156	30.5177	1	654506	1	76.4294	1	475.893	1	134.011	1	0	273.249	301.462
156	30.5177	1	654506	1	76.4294	1	475.893	1	134.011	1	0.001	273.25	301.462
156	30.5177	1	654506	1	76.4294	1	475.893	1	134.011	1	0.00316228	273.252	301.464
156	30.5177	1	654506	1	76.4294	1	475.893	1	134.011	1	0.01	273.259	301.47
156	30.5177	1	654506	1	76.4294	1	475.893	1	134.011	1	0.0316228	273.278	301.487
156	30.5177	1	654506	1	76.4294	1	475.893	1	134.011	1	0.1	273.34	301.542
156	30.5177	1	654506	1	76.4294	1	475.893	1	134.011	1	0.316228	273.535	301.714
156	30.5177	1	654506	1	76.4294	1	475.893	1	134.011	1	1	274.143	302.255
156	30.5177	1	654506	1	76.4294	1	475.893	1	134.011	1	3.16228	275.983	303.908
156	30.5177	1	654506	1	76.4294	1	475.893	1	134.011	1	10	281.221	308.706
156	30.5177	1	654506	1	76.4294	1	475.893	1	134.011	1	31.6228	293.475	320.904
156	30.5177	1	654506	1	76.4294	1	475.893	1	134.011	1	100	315.377	346.523
157	40.7864	1	259662	1	81.8564	1	947.946	1	86.1417	1	0	273.249	301.462
157	40.7864	1	259662	1	81.8564	1	947.946	1	86.1417	1	0.001	273.25	301.462
157	40.7864	1	259662	1	81.8564	1	947.946	1	86.1417	1	0.00316228	273.252	301.464
157	40.7864	1	259662	1	81.8564	1	947.946	1	86.1417	1	0.01	273.257	301.468
157	40.7864	1	259662	1	81.8564	1	947.946	1	86.1417	1	0.0316228	273.272	301.483
157	40.7864	1	259662	1	81.8564	1	947.946	1	86.1417	1	0.1	273.322	301.528
157	40.7864	1	259662	1	81.8564	1	947.946	1	86.1417	1	0.316228	273.477	301.672
157	40.7864	1	259662	1	81.8564	1	947.946	1	86.1417	1	1	273.962	302.121
157	40.7864	1	259662	1	81.8564	1	947.946	1	86.1417	1	3.16228	275.439	303.498
157	40.7864	1	259662	1	81.8564	1	947.946	1	86.1417	1	10	279.674	307.485
157	40.7864	1	259662	1	81.8564	1	947.946	1	86.1417	1	31.6228	289.787	317.529
157	40.7864	1	259662	1	81.8564	1	947.946	1	86.1417	1	100	306.431	337.224
158	45.4003	1	911156	1	67.8261	1	241.783	1	127.947	1	0	273.249	301.462
158	45.4003	1	911156	1	67.8261	1	241.783	1	127.947	1	0.001	273.25	301.463
158	45.4003	1	911156	1	67.8261	1	241.783	1	127.947	1	0.00316228	273.253	301.465
158	45.4003	1	911156	1	67.8261	1	241.783	1	127.947	1	0.01	273.259	301.472
158	45.4003	1	911156	1	67.8261	1	241.783	1	127.947	1	0.0316228	273.281	301.493
158	45.4003	1	911156	1	67.8261	1	241.783	1	127.947	1	0.1	273.349	301.561
158	45.4003	1	911156	1	67.8261	1	241.783	1	127.947	1	0.316228	273.564	301.775
158	45.4003	1	911156	1	67.8261	1	241.783	1	127.947	1	1	274.236	302.446
158	45.4003	1	911156	1	67.8261	1	241.783	1	127.947	1	3.16228	276.301	304.51
158	45.4003	1	911156	1	67.8261	1	241.783	1	127.947	1	10	282.336	310.548
158	45.4003	1	911156	1	67.8261	1	241.783	1	127.947	1	31.6228	297.845	326.393
158	45.4003	1	911156	1	67.8261	1	241.783	1	127.947	1	100	329.858	362.004
159	53.5986	1	810051	1	107.366	1	237.289	1	93.9945	1	0	273.249	301.462
159	53.5986	1	810051	1	107.366	1	237.289	1	93.9945	1	0.001	273.25	301.462
159	53.5986	1	810051	1	107.366	1	237.289	1	93.9945	1	0.00316228	273.252	301.464
159	53.5986	1	810051	1	107.366	1	237.289	1	93.9945	1	0.01	273.258	301.469
159	53.5986	1	810051	1	107.366	1	237.289	1	93.9945	1	0.0316228	273.275	301.486
159	53.5986	1	810051	1	107.366	1	237.289	1	93.9945	1	0.1	273.33	301.539
159	53.5986	1	810051	1	107.366	1	237.289	1	93.9945	1	0.316228	273.504	301.707
159	53.5986	1	810051	1	107.366	1	237.289	1	93.9945	1	1	274.052	302.234
159	53.5986	1	810051	1	107.366	1	237.289	1	93.9945	1	3.16228	275.745	303.871
159	53.5986	1	810051	1	107.366	1	237.289	1	93.9945	1	10	280.793	308.786
159	53.5986	1	810051	1	107.366	1	237.289	1	93.9945	1	31.6228	294.397	322.333
159	53.5986	1	810051	1	107.366	1	237.289	1	93.9945	1	100	324.89	355.702
160	29.2905	1	693118	1	55.1259	1	286.024	1	298.492	1	0	273.249	301.462
160	29.2905	1	693118	1	55.1259	1	286.024	1	298.492	1	0.001	273.251	301.463
160	29.2905	1	693118	1	55.1259	1	286.024	1	298.492	1	0.00316228	273.253	301.465
160	29.2905	1	693118	1	55.1259	1	286.024	1	298.492	1	0.01	273.261	301.473
160	29.2905	1	693118	1	55.1259	1	286.024	1	298.492	1	0.0316228	273.287	301.497
160	29.2905	1	693118	1	55.1259	1	286.024	1	298.492	1	0.1	273.367	301.573
160	29.2905	1	693118	1	55.1259	1	286.024	1	298.492	1	0.316228	273.619	301.811
160	29.2905	1	693118	1	55.1259	1	286.024	1	298.492	1	1	274.404	302.557
160	29.2905	1	693118	1	55.1259	1	286.024	1	298.492	1	3.16228	276.776	304.825
160	29.2905	1	693118	1	55.1259	1	286.024	1	298.492	1	10	283.509	311.336
160	29.2905	1	693118	1	55.1259	1	286.024	1	298.492	1	31.6228	299.3	327.476
160	29.2905	1	693118	1	55.1259	1	286.024	1	298.492	1	100	328.163	360.81
161	41.2927	1	970057	1	79.8783	1	223.779	1	79.1909	1	0	273.249	301.462
161	41.2927	1	970057	1	79.8783	1	223.779	1	79.1909	1	0.001	273.25	301.463
161	41.2927	1	970057	1	79.8783	1	223.779	1	79.1909	1	0.00316228	273.253	301.465
161	41.2927	1	970057	1	79.8783	1	223.779	1	79.1909	1	0.01	273.259	301.471
161	41.2927	1	970057	1	79.8783	1	223.779	1	79.1909	1	0.0316228	273.281	301.491
161	41.2927	1	970057	1	79.8783	1	223.779	1	79.1909	1	0.1	273.348	301.556
161	41.2927	1	970057	1	79.8783	1	223.779	1	79.1909	1	0.316228	273.56	301.76
161	41.2927	1	970057	1	79.8783	1	223.779	1	79.1909	1	1	274.225	302.399
161	41.2927	1	970057	1	79.8783	1	223.779	1	79.1909	1	3.16228	276.267	304.373
161	41.2927	1	970057	1	79.8783	1	223.779	1	79.1909	1	10	282.26	310.207
161	41.2927	1	970057	1	79.8783	1	223.779	1	79.1909	1	31.6228	297.619	325.721
161	41.2927	1	970057	1	79.8783	1	223.779	1	79.1909	1	100	330.044	361.871
162	58.4312	1	1.69281e+06	1	41.3895	1	229.66	1	90.5674	1	0	273.249	301.462
162	58.4312	1	1.69281e+06	1	41.3895	1	229.66	1	90.5674	1	0.001	273.251	301.463
162	58.4312	1	1.69281e+06	1	41.3895	1	229.66	1	90.5674	1	0.00316228	273.253	301.466
162	58.4312	1	1.69281e+06	1	41.3895	1	229.66	1	90.5674	1	0.01	273.262	301.475
162	58.4312	1	1.69281e+06	1	41.3895	1	229.66	1	90.5674	1	0.0316228	273.289	301.505
162	58.4312	1	1.69281e+06	1	41.3895	1	229.66	1	90.5674	1	0.1	273.374	301.599
162	58.4312	1	1.69281e+06	1	41.3895	1	229.66	1	90.5674	1	0.316228	273.643	301.895
162	58.4312	1	1.69281e+06	1	41.3895	1	229.66	1	90.5674	1	1	274.48	302.817
162	58.4312	1	1.69281e+06	1	41.3895	1	229.66	1	90.5674	1	3.16228	277.022	305.601
162	58.4312	1	1.69281e+06	1	41.3895	1	229.66	1	90.5674	1	10	284.231	313.453
162	58.4312	1	1.69281e+06	1	41.3895	1	229.66	1	90.5674	1	31.6228	301.662	332.179
162	58.4312	1	1.69281e+06	1	41.3895	1	229.66	1	90.5674	1	100	335.529	370.024
163	59.5763	1	1.1645e+06	1	72.3303	1	388.598	1	68.9139	1	0	273.249	301.462
163	59.5763	1	1.1645e+06	1	72.3303	1	388.598	1	68.9139	1	0.001	273.25	301.462
163	59.5763	1	1.1645e+06	1	72.3303	1	388.598	1	68.9139	1	0.00316228	273.252	301.464
163	59.5763	1	1.1645e+06	1	72.3303	1	388.598	1	68.9139	1	0.01	273.257	301.47
163	59.5763	1	1.1645e+06	1	72.3303	1	388.598	1	68.9139	1	0.0316228	273.275	301.488
163	59.5763	1	1.1645e+06	1	72.3303	1	388.598	1	68.9139	1	0.1	273.33	301.545
163	59.5763	1	1.1645e+06	1	72.3303	1	388.598	1	68.9139	1	0.316228	273.504	301.723
163	59.5763	1	1.1645e+06	1	72.3303	1	388.598	1	68.9139	1	1	274.048	302.284
163	59.5763	1	1.1645e+06	1	72.3303	1	388.598	1	68.9139	1	3.16228	275.723	304.007
163	59.5763	1	1.1645e+06	1	72.3303	1	388.598	1	68.9139	1	10	280.606	309.025
163	59.5763	1	1.1645e+06	1	72.3303	1	388.598	1	68.9139	1	31.6228	293.047	321.936
163	59.5763	1	1.1645e+06	1	72.3303	1	388.598	1	68.9139	1	100	317.628	349.909
164	38.8937	1	1.13966e+06	1	37.434	1	230.022	1	103.426	1	0	273.249	301.462
164	38.8937	1	1.13966e+06	1	37.434	1	230.022	1	103.426	1	0.001	273.251	301.463
164	38.8937	1	1.13966e+06	1	37.434	1	230.022	1	103.426	1	0.00316228	273.254	301.466
164	38.8937	1	1.13966e+06	1	37.434	1	230.022	1	103.426	1	0.01	273.264	301.477
164	38.8937	1	1.13966e+06	1	37.434	1	230.022	1	103.426	1	0.0316228	273.294	301.509
164	38.8937	1	1.13966e+06	1	37.434	1	230.022	1	103.426	1	0.1	273.391	301.612
164	38.8937	1	1.13966e+06	1	37.434	1	230.022	1	103.426	1	0.316228	273.694	301.934
164	38.8937	1	1.13966e+06	1	37.434	1	230.022	1	103.426	1	1	274.639	302.938
164	38.8937	1	1.13966e+06	1	37.434	1	230.022	1	103.426	1	3.16228	277.485	305.948
164	38.8937	1	1.13966e+06	1	37.434	1	230.022	1	103.426	1	10	285.445	314.339
164	38.8937	1	1.13966e+06	1	37.434	1	230.022	1	103.426	1	31.6228	303.841	333.83
164	38.8937	1	1.13966e+06	1	37.434	1	230.022	1	103.426	1	100	337.335	371.826
165	49.2732	1	635312	1	126.118	1	240.345	1	93.8578	1	0	273.249	301.462
165	49.2732	1	635312	1	126.118	1	240.345	1	93.8578	1	0.001	273.25	301.462
165	49.2732	1	635312	1	126.118	1	240.345	1	93.8578	1	0.00316228	273.252	301.464
165	49.2732	1	635312	1	126.118	1	240.345	1	93.8578	1	0.01	273.257	301.469
165	49.2732	1	635312	1	126.118	1	240.345	1	93.8578	1	0.0316228	273.274	301.484
165	49.2732	1	635312	1	126.118	1	240.345	1	93.8578	1	0.1	273.327	301.534
165	49.2732	1	635312	1	126.118	1	240.345	1	93.8578	1	0.316228	273.495	301.69
165	49.2732	1	635312	1	126.118	1	240.345	1	93.8578	1	1	274.023	302.18
165	49.2732	1	635312	1	126.118	1	240.345	1	93.8578	1	3.16228	275.655	303.705
165	49.2732	1	635312	1	126.118	1	240.345	1	93.8578	1	10	280.523	308.308
165	49.2732	1	635312	1	126.118	1	240.345	1	93.8578	1	31.6228	293.595	321.107
165	49.2732	1	635312	1	126.118	1	240.345	1	93.8578	1	100	323.063	353.232
166	45.5982	1	1.0024e+06	1	90.4384	1	190.566	1	132.515	1	0	273.249	301.462
166	45.5982	1	1.0024e+06	1	90.4384	1	190.566	1	132.515	1	0.001	273.25	301.462
166	45.5982	1	1.0024e+06	1	90.4384	1	190.566	1	132.515	1	0.00316228	273.252	301.465
166	45.5982	1	1.0024e+06	1	90.4384	1	190.566	1	132.515	1	0.01	273.259	301.471
166	45.5982	1	1.0024e+06	1	90.4384	1	190.566	1	132.515	1	0.0316228	273.28	301.491
166	45.5982	1	1.0024e+06	1	90.4384	1	190.566	1	132.515	1	0.1	273.346	301.555
166	45.5982	1	1.0024e+06	1	90.4384	1	190.566	1	132.515	1	0.316228	273.555	301.756
166	45.5982	1	1.0024e+06	1	90.4384	1	190.566	1	132.515	1	1	274.209	302.387
166	45.5982	1	1.0024e+06	1	90.4384	1	190.566	1	132.515	1	3.16228	276.227	304.342
166	45.5982	1	1.0024e+06	1	90.4384	1	190.566	1	132.515	1	10	282.203	310.168
166	45.5982	1	1.0024e+06	1	90.4384	1	190.566	1	132.515	1	31.6228	298.146	326.129
166	45.5982	1	1.0024e+06	1	90.4384	1	190.566	1	132.515	1	100	333.369	364.689
167	39.965	1	1.94359e+06	1	54.8922	1	391.46	1	134.503	1	0	273.249	301.462
167	39.965	1	1.94359e+06	1	54.8922	1	391.46	1	134.503	1	0.001	273.25	301.463
167	39.965	1	1.94359e+06	1	54.8922	1	391.46	1	134.503	1	0.00316228	273.253	301.465
167	39.965	1	1.94359e+06	1	54.8922	1	391.46	1	134.503	1	0.01	273.26	301.472
167	39.965	1	1.94359e+06	1	54.8922	1	391.46	1	134.503	1	0.0316228	273.281	301.494
167	39.965	1	1.94359e+06	1	54.8922	1	391.46	1	134.503	1	0.1	273.351	301.563
167	39.965	1	1.94359e+06	1	54.8922	1	391.46	1	134.503	1	0.316228	273.569	301.782
167	39.965	1	1.94359e+06	1	54.8922	1	391.46	1	134.503	1	1	274.25	302.466
167	39.965	1	1.94359e+06	1	54.8922	1	391.46	1	134.503	1	3.16228	276.318	304.547
167	39.965	1	1.94359e+06	1	54.8922	1	391.46	1	134.503	1	10	282.222	310.497
167	39.965	1	1.94359e+06	1	54.8922	1	391.46	1	134.503	1	31.6228	296.343	325.051
167	39.965	1	1.94359e+06	1	54.8922	1	391.46	1	134.503	1	100	321.551	354.033
168	67.6239	1	1.51674e+06	1	62.5684	1	249.785	1	63.9766	1	0	273.249	301.462
168	67.6239	1	1.51674e+06	1	62.5684	1	249.785	1	63.9766	1	0.001	273.25	301.463
168	67.6239	1	1.51674e+06	1	62.5684	1	249.785	1	63.9766	1	0.00316228	273.252	301.465
168	67.6239	1	1.51674e+06	1	62.5684	1	249.785	1	63.9766	1	0.01	273.259	301.472
168	67.6239	1	1.51674e+06	1	62.5684	1	249.785	1	63.9766	1	0.0316228	273.28	301.494
168	67.6239	1	1.51674e+06	1	62.5684	1	249.785	1	63.9766	1	0.1	273.345	301.564
168	67.6239	1	1.51674e+06	1	62.5684	1	249.785	1	63.9766	1	0.316228	273.552	301.784
168	67.6239	1	1.51674e+06	1	62.5684	1	249.785	1	63.9766	1	1	274.199	302.475
168	67.6239	1	1.51674e+06	1	62.5684	1	249.785	1	63.9766	1	3.16228	276.191	304.595
168	67.6239	1	1.51674e+06	1	62.5684	1	249.785	1	63.9766	1	10	281.999	310.756
168	67.6239	1	1.51674e+06	1	62.5684	1	249.785	1	63.9766	1	31.6228	296.982	326.614
168	67.6239	1	1.51674e+06	1	62.5684	1	249.785	1	63.9766	1	100	328.282	361.728
169	48.3069	1	287725	1	62.4828	1	434.576	1	65.9079	1	0	273.249	301.462
169	48.3069	1	287725	1	62.4828	1	434.576	1	65.9079	1	0.001	273.25	301.462
169	48.3069	1	287725	1	62.4828	1	434.576	1	65.9079	1	0.00316228	273.252	301.464
169	48.3069	1	287725	1	62.4828	1	434.576	1	65.9079	1	0.01	273.258	301.471
169	48.3069	1	287725	1	62.4828	1	434.576	1	65.9079	1	0.0316228	273.278	301.49
169	48.3069	1	287725	1	62.4828	1	434.576	1	65.9079	1	0.1	273.339	301.552
169	48.3069	1	287725	1	62.4828	1	434.576	1	65.9079	1	0.316228	273.531	301.748
169	48.3069	1	287725	1	62.4828	1	434.576	1	65.9079	1	1	274.133	302.36
169	48.3069	1	287725	1	62.4828	1	434.576	1	65.9079	1	3.16228	275.97	304.23
169	48.3069	1	287725	1	62.4828	1	434.576	1	65.9079	1	10	281.253	309.609
169	48.3069	1	287725	1	62.4828	1	434.576	1	65.9079	1	31.6228	294.081	322.929
169	48.3069	1	287725	1	62.4828	1	434.576	1	65.9079	1	100	317.561	350.049
170	37.8046	1	103389	1	42.779	1	98.3605	1	92.5469	1	0	273.249	301.462
170	37.8046	1	103389	1	42.779	1	98.3605	1	92.5469	1	0.001	273.251	301.463
170	37.8046	1	103389	1	42.779	1	98.3605	1	92.5469	1	0.00316228	273.255	301.467
170	37.8046	1	103389	1	42.779	1	98.3605	1	92.5469	1	0.01	273.267	301.48
170	37.8046	1	103389	1	42.779	1	98.3605	1	92.5469	1	0.0316228	273.305	301.519
170	37.8046	1	103389	1	42.779	1	98.3605	1	92.5469	1	0.1	273.425	301.644
170	37.8046	1	103389	1	42.779	1	98.3605	1	92.5469	1	0.316228	273.803	302.037
170	37.8046	1	103389	1	42.779	1	98.3605	1	92.5469	1	1	274.984	303.263
170	37.8046	1	103389	1	42.779	1	98.3605	1	92.5469	1	3.16228	278.578	306.992
170	37.8046	1	103389	1	42.779	1	98.3605	1	92.5469	1	10	288.854	317.645
170	37.8046	1	103389	1	42.779	1	98.3605	1	92.5469	1	31.6228	315.007	344.997
170	37.8046	1	103389	1	42.779	1	98.3605	1	92.5469	1	100	368.314	403.745
171	29.097	1	511281	1	84.8827	1	494.672	1	87.6011	1	0	273.249	301.462
171	29.097	1	511281	1	84.8827	1	494.672	1	87.6011	1	0.001	273.25	301.462
171	29.097	1	511281	1	84.8827	1	494.672	1	87.6011	1	0.00316228	273.252	301.464
171	29.097	1	511281	1	84.8827	1	494.672	1	87.6011	1	0.01	273.258	301.469
171	29.097	1	511281	1	84.8827	1	494.672	1	87.6011	1	0.0316228	273.277	301.485
171	29.097	1	511281	1	84.8827	1	494.672	1	87.6011	1	0.1	273.338	301.537
171	29.097	1	511281	1	84.8827	1	494.672	1	87.6011	1	0.316228	273.528	301.7
171	29.097	1	511281	1	84.8827	1	494.672	1	87.6011	1	1	274.121	302.209
171	29.097	1	511281	1	84.8827	1	494.672	1	87.6011	1	3.16228	275.909	303.768
171	29.097	1	511281	1	84.8827	1	494.672	1	87.6011	1	10	280.994	308.318
171	29.097	1	511281	1	84.8827	1	494.672	1	87.6011	1	31.6228	292.622	319.885
171	29.097	1	511281	1	84.8827	1	494.672	1	87.6011	1	100	313.789	344.635
172	53.1231	1	769353	1	66.035	1	167.705	1	105.246	1	0	273.249	301.462
172	53.1231	1	769353	1	66.035	1	167.705	1	105.246	1	0.001	273.251	301.463
172	53.1231	1	769353	1	66.035	1	167.705	1	105.246	1	0.00316228	273.253	301.465
172	53.1231	1	769353	1	66.035	1	167.705	1	105.246	1	0.01	273.261	301.473
172	53.1231	1	769353	1	66.035	1	167.705	1	105.246	1	0.0316228	273.285	301.498
172	53.1231	1	769353	1	66.035	1	167.705	1	105.246	1	0.1	273.361	301.576
172	53.1231	1	769353	1	66.035	1	167.705	1	105.246	1	0.316228	273.601	301.823
172	53.1231	1	769353	1	66.035	1	167.705	1	105.246	1	1	274.353	302.596
172	53.1231	1	769353	1	66.035	1	167.705	1	105.246	1	3.16228	276.672	304.978
172	53.1231	1	769353	1	66.035	1	167.705	1	105.246	1	10	283.484	311.967
172	53.1231	1	769353	1	66.035	1	167.705	1	105.246	1	31.6228	301.547	330.642
172	53.1231	1	769353	1	66.035	1	167.705	1	105.246	1	100	340.648	373.512
173	30.9227	1	838357	1	65.1416	1	215.136	1	75.6128	1	0	273.249	301.462
173	30.9227	1	838357	1	65.1416	1	215.136	1	75.6128	1	0.001	273.251	301.463
173	30.9227	1	838357	1	65.1416	1	215.136	1	75.6128	1	0.00316228	273.253	301.465
173	30.9227	1	838357	1	65.1416	1	215.136	1	75.6128	1	0.01	273.261	301.473
173	30.9227	1	838357	1	65.1416	1	215.136	1	75.6128	1	0.0316228	273.286	301.496
173	30.9227	1	838357	1	65.1416	1	215.136	1	75.6128	1	0.1	273.366	301.571
173	30.9227	1	838357	1	65.1416	1	215.136	1	75.6128	1	0.316228	273.618	301.808
173	30.9227	1	838357	1	65.1416	1	215.136	1	75.6128	1	1	274.404	302.549
173	30.9227	1	838357	1	65.1416	1	215.136	1	75.6128	1	3.16228	276.795	304.82
173	30.9227	1	838357	1	65.1416	1	215.136	1	75.6128	1	10	283.676	311.439
173	30.9227	1	838357	1	65.1416	1	215.136	1	75.6128	1	31.6228	300.305	328.479
173	30.9227	1	838357	1	65.1416	1	215.136	1	75.6128	1	100	333.812	366.372
174	76.4011	1	474323	1	37.6126	1	302.551	1	90.6204	1	0	273.249	301.462
174	76.4011	1	474323	1	37.6126	1	302.551	1	90.6204	1	0.001	273.251	301.463
174	76.4011	1	474323	1	37.6126	1	302.551	1	90.6204	1	0.00316228	273.253	301.466
174	76.4011	1	474323	1	37.6126	1	302.551	1	90.6204	1	0.01	273.261	301.475
174	76.4011	1	474323	1	37.6126	1	302.551	1	90.6204	1	0.0316228	273.287	301.505
174	76.4011	1	474323	1	37.6126	1	302.551	1	90.6204	1	0.1	273.369	301.599
174	76.4011	1	474323	1	37.6126	1	302.551	1	90.6204	1	0.316228	273.627	301.896
174	76.4011	1	474323	1	37.6126	1	302.551	1	90.6204	1	1	274.43	302.815
174	76.4011	1	474323	1	37.6126	1	302.551	1	90.6204	1	3.16228	276.848	305.57
174	76.4011	1	474323	1	37.6126	1	302.551	1	90.6204	1	10	283.583	313.191
174	76.4011	1	474323	1	37.6126	1	302.551	1	90.6204	1	31.6228	299.326	330.601
174	76.4011	1	474323	1	37.6126	1	302.551	1	90.6204	1	100	328.638	363.459
175	45.7968	1	3.13175e+06	1	114.278	1	1047.08	1	78.2942	1	0	273.249	301.462
175	45.7968	1	3.13175e+06	1	114.278	1	1047.08	1	78.2942	1	0.001	273.25	301.462
175	45.7968	1	3.13175e+06	1	114.278	1	1047.08	1	78.2942	1	0.00316228	273.251	301.463
175	45.7968	1	3.13175e+06	1	114.278	1	1047.08	1	78.2942	1	0.01	273.255	301.467
175	45.7968	1	3.13175e+06	1	114.278	1	1047.08	1	78.2942	1	0.0316228	273.268	301.478
175	45.7968	1	3.13175e+06	1	114.278	1	1047.08	1	78.2942	1	0.1	273.308	301.513
175	45.7968	1	3.13175e+06	1	114.278	1	1047.08	1	78.2942	1	0.316228	273.434	301.624
175	45.7968	1	3.13175e+06	1	114.278	1	1047.08	1	78.2942	1	1	273.827	301.972
175	45.7968	1	3.13175e+06	1	114.278	1	1047.08	1	78.2942	1	3.16228	275.031	303.045
175	45.7968	1	3.13175e+06	1	114.278	1	1047.08	1	78.2942	1	10	278.534	306.218
175	45.7968	1	3.13175e+06	1	114.278	1	1047.08	1	78.2942	1	31.6228	287.235	314.594
175	45.7968	1	3.13175e+06	1	114.278	1	1047.08	1	78.2942	1	100	302.328	332.156
176	70.7913	1	1.17341e+06	1	37.0828	1	301.973	1	69.8665	1	0	273.249	301.462
176	70.7913	1	1.17341e+06	1	37.0828	1	301.973	1	69.8665	1	0.001	273.251	301.463
176	70.7913	1	1.17341e+06	1	37.0828	1	301.973	1	69.8665	1	0.00316228	273.253	301.466
176	70.7913	1	1.17341e+06	1	37.0828	1	301.973	1	69.8665	1	0.01	273.262	301.476
176	70.7913	1	1.17341e+06	1	37.0828	1	301.973	1	69.8665	1	0.0316228	273.288	301.506
176	70.7913	1	1.17341e+06	1	37.0828	1	301.973	1	69.8665	1	0.1	273.372	301.602
176	70.7913	1	1.17341e+06	1	37.0828	1	301.973	1	69.8665	1	0.316228	273.636	301.903
176	70.7913	1	1.17341e+06	1	37.0828	1	301.973	1	69.8665	1	1	274.456	302.839
176	70.7913	1	1.17341e+06	1	37.0828	1	301.973	1	69.8665	1	3.16228	276.927	305.639
176	70.7913	1	1.17341e+06	1	37.0828	1	301.973	1	69.8665	1	10	283.785	313.363
176	70.7913	1	1.17341e+06	1	37.0828	1	301.973	1	69.8665	1	31.6228	299.674	330.875
176	70.7913	1	1.17341e+06	1	37.0828	1	301.973	1	69.8665	1	100	328.577	363.708
177	43.185	1	731253	1	61.9174	1	491.503	1	47.2903	1	0	273.249	301.462
177	43.185	1	731253	1	61.9174	1	491.503	1	47.2903	1	0.001	273.25	301.462
177	43.185	1	731253	1	61.9174	1	491.503	1	47.2903	1	0.00316228	273.252	301.464
177	43.185	1	731253	1	61.9174	1	491.503	1	47.2903	1	0.01	273.259	301.471
177	43.185	1	731253	1	61.9174	1	491.503	1	47.2903	1	0.0316228	273.278	301.49
177	43.185	1	731253	1	61.9174	1	491.503	1	47.2903	1	0.1	273.341	301.553
177	43.185	1	731253	1	61.9174	1	491.503	1	47.2903	1	0.316228	273.537	301.749
177	43.185	1	731253	1	61.9174	1	491.503	1	47.2903	1	1	274.151	302.363
177	43.185	1	731253	1	61.9174	1	491.503	1	47.2903	1	3.16228	276.016	304.232
177	43.185	1	731253	1	61.9174	1	491.503	1	47.2903	1	10	281.311	309.549
177	43.185	1	731253	1	61.9174	1	491.503	1	47.2903	1	31.6228	293.714	322.478
177	43.185	1	731253	1	61.9174	1	491.503	1	47.2903	1	100	315.692	348.268
178	70.5444	1	397398	1	117.995	1	991.519	1	127.131	1	0	273.249	301.462
178	70.5444	1	397398	1	117.995	1	991.519	1	127.131	1	0.001	273.25	301.462
178	70.5444	1	397398	1	117.995	1	991.519	1	127.131	1	0.00316228	273.251	301.463
178	70.5444	1	397398	1	117.995	1	991.519	1	127.131	1	0.01	273.254	301.466
178	70.5444	1	397398	1	117.995	1	991.519	1	127.131	1	0.0316228	273.265	301.477
178	70.5444	1	397398	1	117.995	1	991.519	1	127.131	1	0.1	273.299	301.509
178	70.5444	1	397398	1	117.995	1	991.519	1	127.131	1	0.316228	273.405	301.612
178	70.5444	1	397398	1	117.995	1	991.519	1	127.131	1	1	273.737	301.934
178	70.5444	1	397398	1	117.995	1	991.519	1	127.131	1	3.16228	274.766	302.931
178	70.5444	1	397398	1	117.995	1	991.519	1	127.131	1	10	277.805	305.899
178	70.5444	1	397398	1	117.995	1	991.519	1	127.131	1	31.6228	285.993	314.009
178	70.5444	1	397398	1	117.995	1	991.519	1	127.131	1	100	302.042	331.748
179	44.5044	1	420793	1	36.0571	1	443.871	1	110.477	1	0	273.249	301.462
179	44.5044	1	420793	1	36.0571	1	443.871	1	110.477	1	0.001	273.251	301.463
179	44.5044	1	420793	1	36.0571	1	443.871	1	110.477	1	0.00316228	273.253	301.466
179	44.5044	1	420793	1	36.0571	1	443.871	1	110.477	1	0.01	273.262	301.475
179	44.5044	1	420793	1	36.0571	1	443.871	1	110.477	1	0.0316228	273.289	301.505
179	44.5044	1	420793	1	36.0571	1	443.871	1	110.477	1	0.1	273.375	301.598
179	44.5044	1	420793	1	36.0571	1	443.871	1	110.477	1	0.316228	273.643	301.892
179	44.5044	1	420793	1	36.0571	1	443.871	1	110.477	1	1	274.478	302.802
179	44.5044	1	420793	1	36.0571	1	443.871	1	110.477	1	3.16228	276.972	305.509
179	44.5044	1	420793	1	36.0571	1	443.871	1	110.477	1	10	283.809	312.884
179	44.5044	1	420793	1	36.0571	1	443.871	1	110.477	1	31.6228	298.84	329.011
179	44.5044	1	420793	1	36.0571	1	443.871	1	110.477	1	100	322.863	356.781
180	29.2993	1	1.49297e+06	1	83.6316	1	41.5782	1	64.3132	1	0	273.249	301.462
180	29.2993	1	1.49297e+06	1	83.6316	1	41.5782	1	64.3132	1	0.001	273.252	301.464
180	29.2993	1	1.49297e+06	1	83.6316	1	41.5782	1	64.3132	1	0.00316228	273.257	301.469
180	29.2993	1	1.49297e+06	1	83.6316	1	41.5782	1	64.3132	1	0.01	273.275	301.486
180	29.2993	1	1.49297e+06	1	83.6316	1	41.5782	1	64.3132	1	0.0316228	273.33	301.54
180	29.2993	1	1.49297e+06	1	83.6316	1	41.5782	1	64.3132	1	0.1	273.503	301.709
180	29.2993	1	1.49297e+06	1	83.6316	1	41.5782	1	64.3132	1	0.316228	274.048	302.242
180	29.2993	1	1.49297e+06	1	83.6316	1	41.5782	1	64.3132	1	1	275.742	303.899
180	29.2993	1	1.49297e+06	1	83.6316	1	41.5782	1	64.3132	1	3.16228	280.82	308.882
180	29.2993	1	1.49297e+06	1	83.6316	1	41.5782	1	64.3132	1	10	295.537	323.407
180	29.2993	1	1.49297e+06	1	83.6316	1	41.5782	1	64.3132	1	31.6228	332.564	361.184
180	29.2993	1	1.49297e+06	1	83.6316	1	41.5782	1	64.3132	1	100	408.697	443.153
181	56.7232	1	964499	1	79.827	1	294.203	1	78.2464	1	0	273.249	301.462
181	56.7232	1	964499	1	79.827	1	294.203	1	78.2464	1	0.001	273.25	301.462
181	56.7232	1	964499	1	79.827	1	294.203	1	78.2464	1	0.00316228	273.252	301.464
181	56.7232	1	964499	1	79.827	1	294.203	1	78.2464	1	0.01	273.258	301.47
181	56.7232	1	964499	1	79.827	1	294.203	1	78.2464	1	0.0316228	273.276	301.488
181	56.7232	1	964499	1	79.827	1	294.203	1	78.2464	1	0.1	273.333	301.546
181	56.7232	1	964499	1	79.827	1	294.203	1	78.2464	1	0.316228	273.513	301.727
181	56.7232	1	964499	1	79.827	1	294.203	1	78.2464	1	1	274.078	302.297
181	56.7232	1	964499	1	79.827	1	294.203	1	78.2464	1	3.16228	275.821	304.056
181	56.7232	1	964499	1	79.827	1	294.203	1	78.2464	1	10	280.956	309.245
181	56.7232	1	964499	1	79.827	1	294.203	1	78.2464	1	31.6228	294.384	323.001
181	56.7232	1	964499	1	79.827	1	294.203	1	78.2464	1	100	322.493	354.419
182	36.4089	1	1.85063e+06	1	202.22	1	621.525	1	86.8599	1	0	273.249	301.462
182	36.4089	1	1.85063e+06	1	202.22	1	621.525	1	86.8599	1	0.001	273.25	301.462
182	36.4089	1	1.85063e+06	1	202.22	1	621.525	1	86.8599	1	0.00316228	273.251	301.463
182	36.4089	1	1.85063e+06	1	202.22	1	621.525	1	86.8599	1	0.01	273.255	301.466
182	36.4089	1	1.85063e+06	1	202.22	1	621.525	1	86.8599	1	0.0316228	273.268	301.475
182	36.4089	1	1.85063e+06	1	202.22	1	621.525	1	86.8599	1	0.1	273.307	301.504
182	36.4089	1	1.85063e+06	1	202.22	1	621.525	1	86.8599	1	0.316228	273.431	301.597
182	36.4089	1	1.85063e+06	1	202.22	1	621.525	1	86.8599	1	1	273.818	301.887
182	36.4089	1	1.85063e+06	1	202.22	1	621.525	1	86.8599	1	3.16228	274.995	302.786
182	36.4089	1	1.85063e+06	1	202.22	1	621.525	1	86.8599	1	10	278.407	305.499
182	36.4089	1	1.85063e+06	1	202.22	1	621.525	1	86.8599	1	31.6228	286.749	312.959
182	36.4089	1	1.85063e+06	1	202.22	1	621.525	1	86.8599	1	100	302.76	330.865
183	45.777	1	1.2471e+06	1	56.4195	1	372.851	1	103.717	1	0	273.249	301.462
183	45.777	1	1.2471e+06	1	56.4195	1	372.851	1	103.717	1	0.001	273.25	301.463
183	45.777	1	1.2471e+06	1	56.4195	1	372.851	1	103.717	1	0.00316228	273.253	301.465
183	45.777	1	1.2471e+06	1	56.4195	1	372.851	1	103.717	1	0.01	273.259	301.472
183	45.777	1	1.2471e+06	1	56.4195	1	372.851	1	103.717	1	0.0316228	273.28	301.493
183	45.777	1	1.2471e+06	1	56.4195	1	372.851	1	103.717	1	0.1	273.347	301.562
183	45.777	1	1.2471e+06	1	56.4195	1	372.851	1	103.717	1	0.316228	273.558	301.777
183	45.777	1	1.2471e+06	1	56.4195	1	372.851	1	103.717	1	1	274.216	302.451
183	45.777	1	1.2471e+06	1	56.4195	1	372.851	1	103.717	1	3.16228	276.221	304.505
183	45.777	1	1.2471e+06	1	56.4195	1	372.851	1	103.717	1	10	281.979	310.4
183	45.777	1	1.2471e+06	1	56.4195	1	372.851	1	103.717	1	31.6228	295.999	324.955
183	45.777	1	1.2471e+06	1	56.4195	1	372.851	1	103.717	1	100	321.986	354.484
184	29.871	1	618670	1	44.6806	1	241.741	1	84.7291	1	0	273.249	301.462
184	29.871	1	618670	1	44.6806	1	241.741	1	84.7291	1	0.001	273.251	301.463
184	29.871	1	618670	1	44.6806	1	241.741	1	84.7291	1	0.00316228	273.254	301.466
184	29.871	1	618670	1	44.6806	1	241.741	1	84.7291	1	0.01	273.263	301.475
184	29.871	1	618670	1	44.6806	1	241.741	1	84.7291	1	0.0316228	273.292	301.504
184	29.871	1	618670	1	44.6806	1	241.741	1	84.7291	1	0.1	273.385	301.596
184	29.871	1	618670	1	44.6806	1	241.741	1	84.7291	1	0.316228	273.675	301.884
184	29.871	1	618670	1	44.6806	1	241.741	1	84.7291	1	1	274.58	302.782
184	29.871	1	618670	1	44.6806	1	241.741	1	84.7291	1	3.16228	277.306	305.496
184	29.871	1	618670	1	44.6806	1	241.741	1	84.7291	1	10	284.976	313.185
184	29.871	1	618670	1	44.6806	1	241.741	1	84.7291	1	31.6228	302.46	331.535
184	29.871	1	618670	1	44.6806	1	241.741	1	84.7291	1	100	334.555	368.385
185	56.5144	1	2.07843e+06	1	104.356	1	272.374	1	101.158	1	0	273.249	301.462
185	56.5144	1	2.07843e+06	1	104.356	1	272.374	1	101.158	1	0.001	273.25	301.462
185	56.5144	1	2.07843e+06	1	104.356	1	272.374	1	101.158	1	0.00316228	273.252	301.464
185	56.5144	1	2.07843e+06	1	104.356	1	272.374	1	101.158	1	0.01	273.257	301.469
185	56.5144	1	2.07843e+06	1	104.356	1	272.374	1	101.158	1	0.0316228	273.274	301.485
185	56.5144	1	2.07843e+06	1	104.356	1	272.374	1	101.158	1	0.1	273.326	301.536
185	56.5144	1	2.07843e+06	1	104.356	1	272.374	1	101.158	1	0.316228	273.491	301.696
185	56.5144	1	2.07843e+06	1	104.356	1	272.374	1	101.158	1	1	274.008	302.198
185	56.5144	1	2.07843e+06	1	104.356	1	272.374	1	101.158	1	3.16228	275.61	303.759
185	56.5144	1	2.07843e+06	1	104.356	1	272.374	1	101.158	1	10	280.385	308.439
185	56.5144	1	2.07843e+06	1	104.356	1	272.374	1	101.158	1	31.6228	293.295	321.341
185	56.5144	1	2.07843e+06	1	104.356	1	272.374	1	101.158	1	100	321.79	352.571
186	38.5439	1	267636	1	57.6402	1	207.449	1	86.6404	1	0	273.249	301.462
186	38.5439	1	267636	1	57.6402	1	207.449	1	86.6404	1	0.001	273.251	301.463
186	38.5439	1	267636	1	57.6402	1	207.449	1	86.6404	1	0.00316228	273.253	301.465
186	38.5439	1	267636	1	57.6402	1	207.449	1	86.6404	1	0.01	273.261	301.473
186	38.5439	1	267636	1	57.6402	1	207.449	1	86.6404	1	0.0316228	273.287	301.499
186	38.5439	1	267636	1	57.6402	1	207.449	1	86.6404	1	0.1	273.367	301.578
186	38.5439	1	267636	1	57.6402	1	207.449	1	86.6404	1	0.316228	273.619	301.83
186	38.5439	1	267636	1	57.6402	1	207.449	1	86.6404	1	1	274.408	302.618
186	38.5439	1	267636	1	57.6402	1	207.449	1	86.6404	1	3.16228	276.819	305.03
186	38.5439	1	267636	1	57.6402	1	207.449	1	86.6404	1	10	283.796	312.032
186	38.5439	1	267636	1	57.6402	1	207.449	1	86.6404	1	31.6228	301.124	329.915
186	38.5439	1	267636	1	57.6402	1	207.449	1	86.6404	1	100	335.948	369.015
187	37.2116	1	661285	1	53.4138	1	602.426	1	118.057	1	0	273.249	301.462
187	37.2116	1	661285	1	53.4138	1	602.426	1	118.057	1	0.001	273.25	301.463
187	37.2116	1	661285	1	53.4138	1	602.426	1	118.057	1	0.00316228	273.253	301.465
187	37.2116	1	661285	1	53.4138	1	602.426	1	118.057	1	0.01	273.259	301.471
187	37.2116	1	661285	1	53.4138	1	602.426	1	118.057	1	0.0316228	273.281	301.492
187	37.2116	1	661285	1	53.4138	1	602.426	1	118.057	1	0.1	273.348	301.559
187	37.2116	1	661285	1	53.4138	1	602.426	1	118.057	1	0.316228	273.559	301.769
187	37.2116	1	661285	1	53.4138	1	602.426	1	118.057	1	1	274.217	302.423
187	37.2116	1	661285	1	53.4138	1	602.426	1	118.057	1	3.16228	276.206	304.404
187	37.2116	1	661285	1	53.4138	1	602.426	1	118.057	1	10	281.81	310.002
187	37.2116	1	661285	1	53.4138	1	602.426	1	118.057	1	31.6228	294.639	323.249
187	37.2116	1	661285	1	53.4138	1	602.426	1	118.057	1	100	315.275	347.6
188	42.8431	1	2.71451e+06	1	44.7571	1	400.226	1	119.303	1	0	273.249	301.462
188	42.8431	1	2.71451e+06	1	44.7571	1	400.226	1	119.303	1	0.001	273.251	301.463
188	42.8431	1	2.71451e+06	1	44.7571	1	400.226	1	119.303	1	0.00316228	273.253	301.465
188	42.8431	1	2.71451e+06	1	44.7571	1	400.226	1	119.303	1	0.01	273.261	301.473
188	42.8431	1	2.71451e+06	1	44.7571	1	400.226	1	119.303	1	0.0316228	273.285	301.499
188	42.8431	1	2.71451e+06	1	44.7571	1	400.226	1	119.303	1	0.1	273.361	301.579
188	42.8431	1	2.71451e+06	1	44.7571	1	400.226	1	119.303	1	0.316228	273.601	301.831
188	42.8431	1	2.71451e+06	1	44.7571	1	400.226	1	119.303	1	1	274.349	302.617
188	42.8431	1	2.71451e+06	1	44.7571	1	400.226	1	119.303	1	3.16228	276.609	304.986
188	42.8431	1	2.71451e+06	1	44.7571	1	400.226	1	119.303	1	10	282.966	311.634
188	42.8431	1	2.71451e+06	1	44.7571	1	400.226	1	119.303	1	31.6228	297.693	327.131
188	42.8431	1	2.71451e+06	1	44.7571	1	400.226	1	119.303	1	100	322.925	356.15
189	43.0219	1	472209	1	82.4931	1	417.161	1	105.679	1	0	273.249	301.462
189	43.0219	1	472209	1	82.4931	1	417.161	1	105.679	1	0.001	273.25	301.462
189	43.0219	1	472209	1	82.4931	1	417.161	1	105.679	1	0.00316228	273.252	301.464
189	43.0219	1	472209	1	82.4931	1	417.161	1	105.679	1	0.01	273.257	301.469
189	43.0219	1	472209	1	82.4931	1	417.161	1	105.679	1	0.0316228	273.275	301.486
189	43.0219	1	472209	1	82.4931	1	417.161	1	105.679	1	0.1	273.33	301.538
189	43.0219	1	472209	1	82.4931	1	417.161	1	105.679	1	0.316228	273.503	301.701
189	43.0219	1	472209	1	82.4931	1	417.161	1	105.679	1	1	274.044	302.215
189	43.0219	1	472209	1	82.4931	1	417.161	1	105.679	1	3.16228	275.703	303.797
189	43.0219	1	472209	1	82.4931	1	417.161	1	105.679	1	10	280.541	308.445
189	43.0219	1	472209	1	82.4931	1	417.161	1	105.679	1	31.6228	292.695	320.587
189	43.0219	1	472209	1	82.4931	1	417.161	1	105.679	1	100	316.282	347.32
190	50.5258	1	2.24311e+06	1	84.9512	1	532.408	1	124.776	1	0	273.249	301.462
190	50.5258	1	2.24311e+06	1	84.9512	1	532.408	1	124.776	1	0.001	273.25	301.462
190	50.5258	1	2.24311e+06	1	84.9512	1	532.408	1	124.776	1	0.00316228	273.252	301.464
190	50.5258	1	2.24311e+06	1	84.9512	1	532.408	1	124.776	1	0.01	273.257	301.468
190	50.5258	1	2.24311e+06	1	84.9512	1	532.408	1	124.776	1	0.0316228	273.272	301.483
190	50.5258	1	2.24311e+06	1	84.9512	1	532.408	1	124.776	1	0.1	273.321	301.531
190	50.5258	1	2.24311e+06	1	84.9512	1	532.408	1	124.776	1	0.316228	273.475	301.68
190	50.5258	1	2.24311e+06	1	84.9512	1	532.408	1	124.776	1	1	273.958	302.148
190	50.5258	1	2.24311e+06	1	84.9512	1	532.408	1	124.776	1	3.16228	275.441	303.59
190	50.5258	1	2.24311e+06	1	84.9512	1	532.408	1	124.776	1	10	279.777	307.825
190	50.5258	1	2.24311e+06	1	84.9512	1	532.408	1	124.776	1	31.6228	290.828	318.895
190	50.5258	1	2.24311e+06	1	84.9512	1	532.408	1	124.776	1	100	312.176	342.972
191	49.8664	1	2.24084e+06	1	95.0911	1	326.108	1	52.2853	1	0	273.249	301.462
191	49.8664	1	2.24084e+06	1	95.0911	1	326.108	1	52.2853	1	0.001	273.25	301.462
191	49.8664	1	2.24084e+06	1	95.0911	1	326.108	1	52.2853	1	0.00316228	273.252	301.464
191	49.8664	1	2.24084e+06	1	95.0911	1	326.108	1	52.2853	1	0.01	273.257	301.469
191	49.8664	1	2.24084e+06	1	95.0911	1	326.108	1	52.2853	1	0.0316228	273.274	301.485
191	49.8664	1	2.24084e+06	1	95.0911	1	326.108	1	52.2853	1	0.1	273.328	301.537
191	49.8664	1	2.24084e+06	1	95.0911	1	326.108	1	52.2853	1	0.316228	273.497	301.7
191	49.8664	1	2.24084e+06	1	95.0911	1	326.108	1	52.2853	1	1	274.028	302.21
191	49.8664	1	2.24084e+06	1	95.0911	1	326.108	1	52.2853	1	3.16228	275.662	303.79
191	49.8664	1	2.24084e+06	1	95.0911	1	326.108	1	52.2853	1	10	280.458	308.457
191	49.8664	1	2.24084e+06	1	95.0911	1	326.108	1	52.2853	1	31.6228	292.886	320.966
191	49.8664	1	2.24084e+06	1	95.0911	1	326.108	1	52.2853	1	100	318.409	349.872
192	14.7823	1	1.32409e+06	1	73.5147	1	689.813	1	94.6867	1	0	273.249	301.462
192	14.7823	1	1.32409e+06	1	73.5147	1	689.813	1	94.6867	1	0.001	273.251	301.462
192	14.7823	1	1.32409e+06	1	73.5147	1	689.813	1	94.6867	1	0.00316228	273.253	301.464
192	14.7823	1	1.32409e+06	1	73.5147	1	689.813	1	94.6867	1	0.01	273.262	301.47
192	14.7823	1	1.32409e+06	1	73.5147	1	689.813	1	94.6867	1	0.0316228	273.289	301.49
192	14.7823	1	1.32409e+06	1	73.5147	1	689.813	1	94.6867	1	0.1	273.374	301.55
192	14.7823	1	1.32409e+06	1	73.5147	1	689.813	1	94.6867	1	0.316228	273.64	301.74
192	14.7823	1	1.32409e+06	1	73.5147	1	689.813	1	94.6867	1	1	274.451	302.329
192	14.7823	1	1.32409e+06	1	73.5147	1	689.813	1	94.6867	1	3.16228	276.812	304.105
192	14.7823	1	1.32409e+06	1	73.5147	1	689.813	1	94.6867	1	10	282.806	309.045
192	14.7823	1	1.32409e+06	1	73.5147	1	689.813	1	94.6867	1	31.6228	293.294	320.503
192	14.7823	1	1.32409e+06	1	73.5147	1	689.813	1	94.6867	1	100	311.451	342.695
193	120.135	1	655910	1	61.2804	1	288.291	1	110.766	1	0	273.249	301.462
193	120.135	1	655910	1	61.2804	1	288.291	1	110.766	1	0.001	273.25	301.463
193	120.135	1	655910	1	61.2804	1	288.291	1	110.766	1	0.00316228	273.252	301.465
193	120.135	1	655910	1	61.2804	1	288.291	1	110.766	1	0.01	273.258	301.471
193	120.135	1	655910	1	61.2804	1	288.291	1	110.766	1	0.0316228	273.276	301.492
193	120.135	1	655910	1	61.2804	1	288.291	1	110.766	1	0.1	273.334	301.558
193	120.135	1	655910	1	61.2804	1	288.291	1	110.766	1	0.316228	273.518	301.765
193	120.135	1	655910	1	61.2804	1	288.291	1	110.766	1	1	274.093	302.415
193	120.135	1	655910	1	61.2804	1	288.291	1	110.766	1	3.16228	275.862	304.41
193	120.135	1	655910	1	61.2804	1	288.291	1	110.766	1	10	281.045	310.204
193	120.135	1	655910	1	61.2804	1	288.291	1	110.766	1	31.6228	294.504	325.08
193	120.135	1	655910	1	61.2804	1	288.291	1	110.766	1	100	324.35	357.689
194	48.2746	1	962547	1	63.3207	1	238.388	1	104.551	1	0	273.249	301.462
194	48.2746	1	962547	1	63.3207	1	238.388	1	104.551	1	0.001	273.25	301.463
194	48.2746	1	962547	1	63.3207	1	238.388	1	104.551	1	0.00316228	273.253	301.465
194	48.2746	1	962547	1	63.3207	1	238.388	1	104.551	1	0.01	273.26	301.472
194	48.2746	1	962547	1	63.3207	1	238.388	1	104.551	1	0.0316228	273.282	301.494
194	48.2746	1	962547	1	63.3207	1	238.388	1	104.551	1	0.1	273.352	301.565
194	48.2746	1	962547	1	63.3207	1	238.388	1	104.551	1	0.316228	273.571	301.789
194	48.2746	1	962547	1	63.3207	1	238.388	1	104.551	1	1	274.26	302.49
194	48.2746	1	962547	1	63.3207	1	238.388	1	104.551	1	3.16228	276.375	304.643
194	48.2746	1	962547	1	63.3207	1	238.388	1	104.551	1	10	282.545	310.922
194	48.2746	1	962547	1	63.3207	1	238.388	1	104.551	1	31.6228	298.326	327.206
194	48.2746	1	962547	1	63.3207	1	238.388	1	104.551	1	100	330.803	363.328
195	40.8053	1	4.43919e+06	1	168.094	1	466.693	1	116.091	1	0	273.249	301.462
195	40.8053	1	4.43919e+06	1	168.094	1	466.693	1	116.091	1	0.001	273.25	301.462
195	40.8053	1	4.43919e+06	1	168.094	1	466.693	1	116.091	1	0.00316228	273.251	301.463
195	40.8053	1	4.43919e+06	1	168.094	1	466.693	1	116.091	1	0.01	273.256	301.467
195	40.8053	1	4.43919e+06	1	168.094	1	466.693	1	116.091	1	0.0316228	273.269	301.477
195	40.8053	1	4.43919e+06	1	168.094	1	466.693	1	116.091	1	0.1	273.31	301.511
195	40.8053	1	4.43919e+06	1	168.094	1	466.693	1	116.091	1	0.316228	273.442	301.618
195	40.8053	1	4.43919e+06	1	168.094	1	466.693	1	116.091	1	1	273.854	301.955
195	40.8053	1	4.43919e+06	1	168.094	1	466.693	1	116.091	1	3.16228	275.116	303
195	40.8053	1	4.43919e+06	1	168.094	1	466.693	1	116.091	1	10	278.831	306.163
195	40.8053	1	4.43919e+06	1	168.094	1	466.693	1	116.091	1	31.6228	288.414	315.017
195	40.8053	1	4.43919e+06	1	168.094	1	466.693	1	116.091	1	100	307.897	336.532
196	44.6302	1	726872	1	98.0129	1	360.003	1	116.736	1	0	273.249	301.462
196	44.6302	1	726872	1	98.0129	1	360.003	1	116.736	1	0.001	273.25	301.462
196	44.6302	1	726872	1	98.0129	1	360.003	1	116.736	1	0.00316228	273.252	301.464
196	44.6302	1	726872	1	98.0129	1	360.003	1	116.736	1	0.01	273.257	301.469
196	44.6302	1	726872	1	98.0129	1	360.003	1	116.736	1	0.0316228	273.274	301.484
196	44.6302	1	726872	1	98.0129	1	360.003	1	116.736	1	0.1	273.326	301.532
196	44.6302	1	726872	1	98.0129	1	360.003	1	116.736	1	0.316228	273.49	301.685
196	44.6302	1	726872	1	98.0129	1	360.003	1	116.736	1	1	274.006	302.165
196	44.6302	1	726872	1	98.0129	1	360.003	1	116.736	1	3.16228	275.592	303.65
196	44.6302	1	726872	1	98.0129	1	360.003	1	116.736	1	10	280.264	308.073
196	44.6302	1	726872	1	98.0129	1	360.003	1	116.736	1	31.6228	292.426	320.082
196	44.6302	1	726872	1	98.0129	1	360.003	1	116.736	1	100	317.209	347.702
197	39.2583	1	288669	1	45.7319	1	473.232	1	87.0233	1	0	273.249	301.462
197	39.2583	1	288669	1	45.7319	1	473.232	1	87.0233	1	0.001	273.251	301.463
197	39.2583	1	288669	1	45.7319	1	473.232	1	87.0233	1	0.00316228	273.253	301.465
197	39.2583	1	288669	1	45.7319	1	473.232	1	87.0233	1	0.01	273.26	301.473
197	39.2583	1	288669	1	45.7319	1	473.232	1	87.0233	1	0.0316228	273.284	301.498
197	39.2583	1	288669	1	45.7319	1	473.232	1	87.0233	1	0.1	273.359	301.575
197	39.2583	1	288669	1	45.7319	1	473.232	1	87.0233	1	0.316228	273.596	301.82
197	39.2583	1	288669	1	45.7319	1	473.232	1	87.0233	1	1	274.332	302.58
197	39.2583	1	288669	1	45.7319	1	473.232	1	87.0233	1	3.16228	276.552	304.871
197	39.2583	1	288669	1	45.7319	1	473.232	1	87.0233	1	10	282.768	311.284
197	39.2583	1	288669	1	45.7319	1	473.232	1	87.0233	1	31.6228	296.789	326.031
197	39.2583	1	288669	1	45.7319	1	473.232	1	87.0233	1	100	319.833	352.978
198	47.696	1	323695	1	75.6193	1	252.414	1	87.1558	1	0	273.249	301.462
198	47.696	1	323695	1	75.6193	1	252.414	1	87.1558	1	0.001	273.25	301.462
198	47.696	1	323695	1	75.6193	1	252.414	1	87.1558	1	0.00316228	273.252	301.464
198	47.696	1	323695	1	75.6193	1	252.414	1	87.1558	1	0.01	273.259	301.471
198	47.696	1	323695	1	75.6193	1	252.414	1	87.1558	1	0.0316228	273.279	301.491
198	47.696	1	323695	1	75.6193	1	252.414	1	87.1558	1	0.1	273.343	301.554
198	47.696	1	323695	1	75.6193	1	252.414	1	87.1558	1	0.316228	273.543	301.752
198	47.696	1	323695	1	75.6193	1	252.414	1	87.1558	1	1	274.173	302.376
198	47.696	1	323695	1	75.6193	1	252.414	1	87.1558	1	3.16228	276.109	304.298
198	47.696	1	323695	1	75.6193	1	252.414	1	87.1558	1	10	281.797	309.959
198	47.696	1	323695	1	75.6193	1	252.414	1	87.1558	1	31.6228	296.51	324.947
198	47.696	1	323695	1	75.6193	1	252.414	1	87.1558	1	100	327.323	359.262
199	109.729	1	841752	1	238.585	1	895.837	1	114.631	1	0	273.249	301.462
199	109.729	1	841752	1	238.585	1	895.837	1	114.631	1	0.001	273.25	301.462
199	109.729	1	841752	1	238.585	1	895.837	1	114.631	1	0.00316228	273.25	301.463
199	109.729	1	841752	1	238.585	1	895.837	1	114.631	1	0.01	273.253	301.465
199	109.729	1	841752	1	238.585	1	895.837	1	114.631	1	0.0316228	273.26	301.471
199	109.729	1	841752	1	238.585	1	895.837	1	114.631	1	0.1	273.281	301.491
199	109.729	1	841752	1	238.585	1	895.837	1	114.631	1	0.316228	273.35	301.556
199	109.729	1	841752	1	238.585	1	895.837	1	114.631	1	1	273.567	301.758
199	109.729	1	841752	1	238.585	1	895.837	1	114.631	1	3.16228	274.244	302.393
199	109.729	1	841752	1	238.585	1	895.837	1	114.631	1	10	276.304	304.342
199	109.729	1	841752	1	238.585	1	895.837	1	114.631	1	31.6228	282.187	309.965
199	109.729	1	841752	1	238.585	1	895.837	1	114.631	1	100	296.089	324.363
200	22.2123	1	2.09642e+06	1	101.358	1	157.39	1	65.3309	1	0	273.249	301.462
200	22.2123	1	2.09642e+06	1	101.358	1	157.39	1	65.3309	1	0.001	273.251	301.463
200	22.2123	1	2.09642e+06	1	101.358	1	157.39	1	65.3309	1	0.00316228	273.253	301.465
200	22.2123	1	2.09642e+06	1	101.358	1	157.39	1	65.3309	1	0.01	273.262	301.472
200	22.2123	1	2.09642e+06	1	101.358	1	157.39	1	65.3309	1	0.0316228	273.29	301.495
200	22.2123	1	2.09642e+06	1	101.358	1	157.39	1	65.3309	1	0.1	273.376	301.567
200	22.2123	1	2.09642e+06	1	101.358	1	157.39	1	65.3309	1	0.316228	273.649	301.795
200	22.2123	1	2.09642e+06	1	101.358	1	157.39	1	65.3309	1	1	274.497	302.507
200	22.2123	1	2.09642e+06	1	101.358	1	157.39	1	65.3309	1	3.16228	277.049	304.696
200	22.2123	1	2.09642e+06	1	101.358	1	157.39	1	65.3309	1	10	284.331	311.176
200	22.2123	1	2.09642e+06	1	101.358	1	157.39	1	65.3309	1	31.6228	301.49	328.627
200	22.2123	1	2.09642e+06	1	101.358	1	157.39	1	65.3309	1	100	338.95	370.267
201	23.7578	1	925540	1	55.7879	1	206.677	1	94.9853	1	0	273.249	301.462
201	23.7578	1	925540	1	55.7879	1	206.677	1	94.9853	1	0.001	273.251	301.463
201	23.7578	1	925540	1	55.7879	1	206.677	1	94.9853	1	0.00316228	273.254	301.466
201	23.7578	1	925540	1	55.7879	1	206.677	1	94.9853	1	0.01	273.263	301.474
201	23.7578	1	925540	1	55.7879	1	206.677	1	94.9853	1	0.0316228	273.292	301.501
201	23.7578	1	925540	1	55.7879	1	206.677	1	94.9853	1	0.1	273.385	301.586
201	23.7578	1	925540	1	55.7879	1	206.677	1	94.9853	1	0.316228	273.678	301.853
201	23.7578	1	925540	1	55.7879	1	206.677	1	94.9853	1	1	274.586	302.688
201	23.7578	1	925540	1	55.7879	1	206.677	1	94.9853	1	3.16228	277.319	305.228
201	23.7578	1	925540	1	55.7879	1	206.677	1	94.9853	1	10	285.047	312.562
201	23.7578	1	925540	1	55.7879	1	206.677	1	94.9853	1	31.6228	302.622	330.847
201	23.7578	1	925540	1	55.7879	1	206.677	1	94.9853	1	100	336.958	370.133
202	57.3815	1	1.24292e+06	1	62.3	1	596.938	1	88.8879	1	0	273.249	301.462
202	57.3815	1	1.24292e+06	1	62.3	1	596.938	1	88.8879	1	0.001	273.25	301.462
202	57.3815	1	1.24292e+06	1	62.3	1	596.938	1	88.8879	1	0.00316228	273.252	301.464
202	57.3815	1	1.24292e+06	1	62.3	1	596.938	1	88.8879	1	0.01	273.258	301.47
202	57.3815	1	1.24292e+06	1	62.3	1	596.938	1	88.8879	1	0.0316228	273.275	301.488
202	57.3815	1	1.24292e+06	1	62.3	1	596.938	1	88.8879	1	0.1	273.33	301.546
202	57.3815	1	1.24292e+06	1	62.3	1	596.938	1	88.8879	1	0.316228	273.504	301.728
202	57.3815	1	1.24292e+06	1	62.3	1	596.938	1	88.8879	1	1	274.048	302.297
202	57.3815	1	1.24292e+06	1	62.3	1	596.938	1	88.8879	1	3.16228	275.711	304.033
202	57.3815	1	1.24292e+06	1	62.3	1	596.938	1	88.8879	1	10	280.484	309.004
202	57.3815	1	1.24292e+06	1	62.3	1	596.938	1	88.8879	1	31.6228	292.179	321.251
202	57.3815	1	1.24292e+06	1	62.3	1	596.938	1	88.8879	1	100	312.969	345.198
203	38.8101	1	1.3753e+06	1	84.4076	1	1060.97	1	67.546	1	0	273.249	301.462
203	38.8101	1	1.3753e+06	1	84.4076	1	1060.97	1	67.546	1	0.001	273.25	301.462
203	38.8101	1	1.3753e+06	1	84.4076	1	1060.97	1	67.546	1	0.00316228	273.252	301.464
203	38.8101	1	1.3753e+06	1	84.4076	1	1060.97	1	67.546	1	0.01	273.257	301.468
203	38.8101	1	1.3753e+06	1	84.4076	1	1060.97	1	67.546	1	0.0316228	273.272	301.482
203	38.8101	1	1.3753e+06	1	84.4076	1	1060.97	1	67.546	1	0.1	273.321	301.527
203	38.8101	1	1.3753e+06	1	84.4076	1	1060.97	1	67.546	1	0.316228	273.477	301.667
203	38.8101	1	1.3753e+06	1	84.4076	1	1060.97	1	67.546	1	1	273.96	302.107
203	38.8101	1	1.3753e+06	1	84.4076	1	1060.97	1	67.546	1	3.16228	275.429	303.454
203	38.8101	1	1.3753e+06	1	84.4076	1	1060.97	1	67.546	1	10	279.623	307.347
203	38.8101	1	1.3753e+06	1	84.4076	1	1060.97	1	67.546	1	31.6228	289.402	317.062
203	38.8101	1	1.3753e+06	1	84.4076	1	1060.97	1	67.546	1	100	305.199	335.953
204	49.5715	1	1.45162e+06	1	54.1976	1	154.898	1	59.3153	1	0	273.249	301.462
204	49.5715	1	1.45162e+06	1	54.1976	1	154.898	1	59.3153	1	0.001	273.251	301.463
204	49.5715	1	1.45162e+06	1	54.1976	1	154.898	1	59.3153	1	0.00316228	273.253	301.466
204	49.5715	1	1.45162e+06	1	54.1976	1	154.898	1	59.3153	1	0.01	273.262	301.475
204	49.5715	1	1.45162e+06	1	54.1976	1	154.898	1	59.3153	1	0.0316228	273.29	301.504
204	49.5715	1	1.45162e+06	1	54.1976	1	154.898	1	59.3153	1	0.1	273.377	301.595
204	49.5715	1	1.45162e+06	1	54.1976	1	154.898	1	59.3153	1	0.316228	273.651	301.881
204	49.5715	1	1.45162e+06	1	54.1976	1	154.898	1	59.3153	1	1	274.511	302.779
204	49.5715	1	1.45162e+06	1	54.1976	1	154.898	1	59.3153	1	3.16228	277.146	305.528
204	49.5715	1	1.45162e+06	1	54.1976	1	154.898	1	59.3153	1	10	284.795	313.494
204	49.5715	1	1.45162e+06	1	54.1976	1	154.898	1	59.3153	1	31.6228	304.406	334.051
204	49.5715	1	1.45162e+06	1	54.1976	1	154.898	1	59.3153	1	100	345.503	379.718
205	51.0053	1	387890	1	52.2208	1	407.172	1	118.083	1	0	273.249	301.462
205	51.0053	1	387890	1	52.2208	1	407.172	1	118.083	1	0.001	273.25	301.463
205	51.0053	1	387890	1	52.2208	1	407.172	1	118.083	1	0.00316228	273.253	301.465
205	51.0053	1	387890	1	52.2208	1	407.172	1	118.083	1	0.01	273.259	301.472
205	51.0053	1	387890	1	52.2208	1	407.172	1	118.083	1	0.0316228	273.28	301.494
205	51.0053	1	387890	1	52.2208	1	407.172	1	118.083	1	0.1	273.347	301.565
205	51.0053	1	387890	1	52.2208	1	407.172	1	118.083	1	0.316228	273.558	301.787
205	51.0053	1	387890	1	52.2208	1	407.172	1	118.083	1	1	274.215	302.48
205	51.0053	1	387890	1	52.2208	1	407.172	1	118.083	1	3.16228	276.217	304.585
205	51.0053	1	387890	1	52.2208	1	407.172	1	118.083	1	10	281.934	310.58
205	51.0053	1	387890	1	52.2208	1	407.172	1	118.083	1	31.6228	295.753	325.089
205	51.0053	1	387890	1	52.2208	1	407.172	1	118.083	1	100	320.901	353.644
206	38.3052	1	590398	1	82.5821	1	379.912	1	77.3849	1	0	273.249	301.462
206	38.3052	1	590398	1	82.5821	1	379.912	1	77.3849	1	0.001	273.25	301.462
206	38.3052	1	590398	1	82.5821	1	379.912	1	77.3849	1	0.00316228	273.252	301.464
206	38.3052	1	590398	1	82.5821	1	379.912	1	77.3849	1	0.01	273.258	301.469
206	38.3052	1	590398	1	82.5821	1	379.912	1	77.3849	1	0.0316228	273.276	301.487
206	38.3052	1	590398	1	82.5821	1	379.912	1	77.3849	1	0.1	273.335	301.541
206	38.3052	1	590398	1	82.5821	1	379.912	1	77.3849	1	0.316228	273.519	301.712
206	38.3052	1	590398	1	82.5821	1	379.912	1	77.3849	1	1	274.095	302.247
206	38.3052	1	590398	1	82.5821	1	379.912	1	77.3849	1	3.16228	275.855	303.895
206	38.3052	1	590398	1	82.5821	1	379.912	1	77.3849	1	10	280.968	308.736
206	38.3052	1	590398	1	82.5821	1	379.912	1	77.3849	1	31.6228	293.533	321.315
206	38.3052	1	590398	1	82.5821	1	379.912	1	77.3849	1	100	317.941	349.17
207	55.709	1	1.45265e+06	1	30.8064	1	551.748	1	98.6027	1	0	273.249	301.462
207	55.709	1	1.45265e+06	1	30.8064	1	551.748	1	98.6027	1	0.001	273.251	301.463
207	55.709	1	1.45265e+06	1	30.8064	1	551.748	1	98.6027	1	0.00316228	273.254	301.466
207	55.709	1	1.45265e+06	1	30.8064	1	551.748	1	98.6027	1	0.01	273.263	301.477
207	55.709	1	1.45265e+06	1	30.8064	1	551.748	1	98.6027	1	0.0316228	273.291	301.509
207	55.709	1	1.45265e+06	1	30.8064	1	551.748	1	98.6027	1	0.1	273.381	301.613
207	55.709	1	1.45265e+06	1	30.8064	1	551.748	1	98.6027	1	0.316228	273.663	301.936
207	55.709	1	1.45265e+06	1	30.8064	1	551.748	1	98.6027	1	1	274.534	302.934
207	55.709	1	1.45265e+06	1	30.8064	1	551.748	1	98.6027	1	3.16228	277.112	305.864
207	55.709	1	1.45265e+06	1	30.8064	1	551.748	1	98.6027	1	10	283.979	313.606
207	55.709	1	1.45265e+06	1	30.8064	1	551.748	1	98.6027	1	31.6228	298.443	329.563
207	55.709	1	1.45265e+06	1	30.8064	1	551.748	1	98.6027	1	100	320.207	354.758
208	70.0946	1	1.82222e+06	1	71.0001	1	441.239	1	60.1407	1	0	273.249	301.462
208	70.0946	1	1.82222e+06	1	71.0001	1	441.239	1	60.1407	1	0.001	273.25	301.462
208	70.0946	1	1.82222e+06	1	71.0001	1	441.239	1	60.1407	1	0.00316228	273.252	301.464
208	70.0946	1	1.82222e+06	1	71.0001	1	441.239	1	60.1407	1	0.01	273.257	301.47
208	70.0946	1	1.82222e+06	1	71.0001	1	441.239	1	60.1407	1	0.0316228	273.274	301.487
208	70.0946	1	1.82222e+06	1	71.0001	1	441.239	1	60.1407	1	0.1	273.326	301.543
208	70.0946	1	1.82222e+06	1	71.0001	1	441.239	1	60.1407	1	0.316228	273.492	301.718
208	70.0946	1	1.82222e+06	1	71.0001	1	441.239	1	60.1407	1	1	274.01	302.266
208	70.0946	1	1.82222e+06	1	71.0001	1	441.239	1	60.1407	1	3.16228	275.604	303.949
208	70.0946	1	1.82222e+06	1	71.0001	1	441.239	1	60.1407	1	10	280.225	308.813
208	70.0946	1	1.82222e+06	1	71.0001	1	441.239	1	60.1407	1	31.6228	291.968	321.197
208	70.0946	1	1.82222e+06	1	71.0001	1	441.239	1	60.1407	1	100	314.969	347.574
209	28.1123	1	560937	1	86.6629	1	337.89	1	85.0864	1	0	273.249	301.462
209	28.1123	1	560937	1	86.6629	1	337.89	1	85.0864	1	0.001	273.25	301.462
209	28.1123	1	560937	1	86.6629	1	337.89	1	85.0864	1	0.00316228	273.252	301.464
209	28.1123	1	560937	1	86.6629	1	337.89	1	85.0864	1	0.01	273.259	301.47
209	28.1123	1	560937	1	86.6629	1	337.89	1	85.0864	1	0.0316228	273.28	301.488
209	28.1123	1	560937	1	86.6629	1	337.89	1	85.0864	1	0.1	273.345	301.544
209	28.1123	1	560937	1	86.6629	1	337.89	1	85.0864	1	0.316228	273.552	301.721
209	28.1123	1	560937	1	86.6629	1	337.89	1	85.0864	1	1	274.196	302.276
209	28.1123	1	560937	1	86.6629	1	337.89	1	85.0864	1	3.16228	276.143	303.981
209	28.1123	1	560937	1	86.6629	1	337.89	1	85.0864	1	10	281.716	308.993
209	28.1123	1	560937	1	86.6629	1	337.89	1	85.0864	1	31.6228	294.73	321.991
209	28.1123	1	560937	1	86.6629	1	337.89	1	85.0864	1	100	320.123	351.163
210	40.5097	1	485953	1	50.8664	1	137.246	1	122.114	1	0	273.249	301.462
210	40.5097	1	485953	1	50.8664	1	137.246	1	122.114	1	0.001	273.251	301.463
210	40.5097	1	485953	1	50.8664	1	137.246	1	122.114	1	0.00316228	273.254	301.466
210	40.5097	1	485953	1	50.8664	1	137.246	1	122.114	1	0.01	273.264	301.476
210	40.5097	1	485953	1	50.8664	1	137.246	1	122.114	1	0.0316228	273.294	301.507
210	40.5097	1	485953	1	50.8664	1	137.246	1	122.114	1	0.1	273.39	301.606
210	40.5097	1	485953	1	50.8664	1	137.246	1	122.114	1	0.316228	273.693	301.917
210	40.5097	1	485953	1	50.8664	1	137.246	1	122.114	1	1	274.642	302.889
210	40.5097	1	485953	1	50.8664	1	137.246	1	122.114	1	3.16228	277.54	305.861
210	40.5097	1	485953	1	50.8664	1	137.246	1	122.114	1	10	285.926	314.46
210	40.5097	1	485953	1	50.8664	1	137.246	1	122.114	1	31.6228	307.315	336.64
210	40.5097	1	485953	1	50.8664	1	137.246	1	122.114	1	100	351.543	385.588
211	50.3263	1	214119	1	61.9047	1	95.7708	1	89.6931	1	0	273.249	301.462
211	50.3263	1	214119	1	61.9047	1	95.7708	1	89.6931	1	0.001	273.251	301.463
211	50.3263	1	214119	1	61.9047	1	95.7708	1	89.6931	1	0.00316228	273.254	301.466
211	50.3263	1	214119	1	61.9047	1	95.7708	1	89.6931	1	0.01	273.264	301.477
211	50.3263	1	214119	1	61.9047	1	95.7708	1	89.6931	1	0.0316228	273.297	301.51
211	50.3263	1	214119	1	61.9047	1	95.7708	1	89.6931	1	0.1	273.399	301.615
211	50.3263	1	214119	1	61.9047	1	95.7708	1	89.6931	1	0.316228	273.72	301.947
211	50.3263	1	214119	1	61.9047	1	95.7708	1	89.6931	1	1	274.727	302.986
211	50.3263	1	214119	1	61.9047	1	95.7708	1	89.6931	1	3.16228	277.822	306.177
211	50.3263	1	214119	1	61.9047	1	95.7708	1	89.6931	1	10	286.836	315.462
211	50.3263	1	214119	1	61.9047	1	95.7708	1	89.6931	1	31.6228	311.178	340.681
211	50.3263	1	214119	1	61.9047	1	95.7708	1	89.6931	1	100	364.388	398.432
212	44.4115	1	636369	1	73.6408	1	75.5352	1	86.7258	1	0	273.249	301.462
212	44.4115	1	636369	1	73.6408	1	75.5352	1	86.7258	1	0.001	273.251	301.463
212	44.4115	1	636369	1	73.6408	1	75.5352	1	86.7258	1	0.00316228	273.255	301.467
212	44.4115	1	636369	1	73.6408	1	75.5352	1	86.7258	1	0.01	273.266	301.478
212	44.4115	1	636369	1	73.6408	1	75.5352	1	86.7258	1	0.0316228	273.302	301.514
212	44.4115	1	636369	1	73.6408	1	75.5352	1	86.7258	1	0.1	273.415	301.628
212	44.4115	1	636369	1	73.6408	1	75.5352	1	86.7258	1	0.316228	273.77	301.986
212	44.4115	1	636369	1	73.6408	1	75.5352	1	86.7258	1	1	274.884	303.107
212	44.4115	1	636369	1	73.6408	1	75.5352	1	86.7258	1	3.16228	278.298	306.549
212	44.4115	1	636369	1	73.6408	1	75.5352	1	86.7258	1	10	288.165	316.503
212	44.4115	1	636369	1	73.6408	1	75.5352	1	86.7258	1	31.6228	315.273	344.255
212	44.4115	1	636369	1	73.6408	1	75.5352	1	86.7258	1	100	374.139	407.796
213	46.8278	1	623357	1	60.9478	1	375.233	1	45.1325	1	0	273.249	301.462
213	46.8278	1	623357	1	60.9478	1	375.233	1	45.1325	1	0.001	273.25	301.463
213	46.8278	1	623357	1	60.9478	1	375.233	1	45.1325	1	0.00316228	273.252	301.465
213	46.8278	1	623357	1	60.9478	1	375.233	1	45.1325	1	0.01	273.259	301.471
213	46.8278	1	623357	1	60.9478	1	375.233	1	45.1325	1	0.0316228	273.279	301.492
213	46.8278	1	623357	1	60.9478	1	375.233	1	45.1325	1	0.1	273.344	301.558
213	46.8278	1	623357	1	60.9478	1	375.233	1	45.1325	1	0.316228	273.549	301.767
213	46.8278	1	623357	1	60.9478	1	375.233	1	45.1325	1	1	274.188	302.418
213	46.8278	1	623357	1	60.9478	1	375.233	1	45.1325	1	3.16228	276.138	304.406
213	46.8278	1	623357	1	60.9478	1	375.233	1	45.1325	1	10	281.705	310.083
213	46.8278	1	623357	1	60.9478	1	375.233	1	45.1325	1	31.6228	295.098	324.108
213	46.8278	1	623357	1	60.9478	1	375.233	1	45.1325	1	100	320.092	353.098
214	51.4046	1	474257	1	39.87	1	530.21	1	104.702	1	0	273.249	301.462
214	51.4046	1	474257	1	39.87	1	530.21	1	104.702	1	0.001	273.251	301.463
214	51.4046	1	474257	1	39.87	1	530.21	1	104.702	1	0.00316228	273.253	301.465
214	51.4046	1	474257	1	39.87	1	530.21	1	104.702	1	0.01	273.261	301.474
214	51.4046	1	474257	1	39.87	1	530.21	1	104.702	1	0.0316228	273.285	301.5
214	51.4046	1	474257	1	39.87	1	530.21	1	104.702	1	0.1	273.361	301.584
214	51.4046	1	474257	1	39.87	1	530.21	1	104.702	1	0.316228	273.6	301.847
214	51.4046	1	474257	1	39.87	1	530.21	1	104.702	1	1	274.344	302.664
214	51.4046	1	474257	1	39.87	1	530.21	1	104.702	1	3.16228	276.578	305.106
214	51.4046	1	474257	1	39.87	1	530.21	1	104.702	1	10	282.757	311.821
214	51.4046	1	474257	1	39.87	1	530.21	1	104.702	1	31.6228	296.627	326.74
214	51.4046	1	474257	1	39.87	1	530.21	1	104.702	1	100	318.993	352.583
215	39.7397	1	972472	1	62.1407	1	302.988	1	80.0834	1	0	273.249	301.462
215	39.7397	1	972472	1	62.1407	1	302.988	1	80.0834	1	0.001	273.25	301.463
215	39.7397	1	972472	1	62.1407	1	302.988	1	80.0834	1	0.00316228	273.253	301.465
215	39.7397	1	972472	1	62.1407	1	302.988	1	80.0834	1	0.01	273.26	301.472
215	39.7397	1	972472	1	62.1407	1	302.988	1	80.0834	1	0.0316228	273.282	301.493
215	39.7397	1	972472	1	62.1407	1	302.988	1	80.0834	1	0.1	273.351	301.562
215	39.7397	1	972472	1	62.1407	1	302.988	1	80.0834	1	0.316228	273.569	301.777
215	39.7397	1	972472	1	62.1407	1	302.988	1	80.0834	1	1	274.252	302.451
215	39.7397	1	972472	1	62.1407	1	302.988	1	80.0834	1	3.16228	276.335	304.513
215	39.7397	1	972472	1	62.1407	1	302.988	1	80.0834	1	10	282.348	310.488
215	39.7397	1	972472	1	62.1407	1	302.988	1	80.0834	1	31.6228	297.065	325.611
215	39.7397	1	972472	1	62.1407	1	302.988	1	80.0834	1	100	325.251	357.693
216	53.5795	1	281494	1	58.136	1	274.815	1	75.3189	1	0	273.249	301.462
216	53.5795	1	281494	1	58.136	1	274.815	1	75.3189	1	0.001	273.25	301.463
216	53.5795	1	281494	1	58.136	1	274.815	1	75.3189	1	0.00316228	273.253	301.465
216	53.5795	1	281494	1	58.136	1	274.815	1	75.3189	1	0.01	273.259	301.472
216	53.5795	1	281494	1	58.136	1	274.815	1	75.3189	1	0.0316228	273.281	301.495
216	53.5795	1	281494	1	58.136	1	274.815	1	75.3189	1	0.1	273.35	301.567
216	53.5795	1	281494	1	58.136	1	274.815	1	75.3189	1	0.316228	273.566	301.793
216	53.5795	1	281494	1	58.136	1	274.815	1	75.3189	1	1	274.244	302.502
216	53.5795	1	281494	1	58.136	1	274.815	1	75.3189	1	3.16228	276.32	304.669
216	53.5795	1	281494	1	58.136	1	274.815	1	75.3189	1	10	282.339	310.941
216	53.5795	1	281494	1	58.136	1	274.815	1	75.3189	1	31.6228	297.461	326.775
216	53.5795	1	281494	1	58.136	1	274.815	1	75.3189	1	100	327.484	360.608
217	30.2841	1	2.64809e+06	1	89.6558	1	300.765	1	75.6121	1	0	273.249	301.462
217	30.2841	1	2.64809e+06	1	89.6558	1	300.765	1	75.6121	1	0.001	273.25	301.462
217	30.2841	1	2.64809e+06	1	89.6558	1	300.765	1	75.6121	1	0.00316228	273.252	301.464
217	30.2841	1	2.64809e+06	1	89.6558	1	300.765	1	75.6121	1	0.01	273.259	301.47
217	30.2841	1	2.64809e+06	1	89.6558	1	300.765	1	75.6121	1	0.0316228	273.28	301.488
217	30.2841	1	2.64809e+06	1	89.6558	1	300.765	1	75.6121	1	0.1	273.345	301.545
217	30.2841	1	2.64809e+06	1	89.6558	1	300.765	1	75.6121	1	0.316228	273.549	301.724
217	30.2841	1	2.64809e+06	1	89.6558	1	300.765	1	75.6121	1	1	274.189	302.285
217	30.2841	1	2.64809e+06	1	89.6558	1	300.765	1	75.6121	1	3.16228	276.13	304.011
217	30.2841	1	2.64809e+06	1	89.6558	1	300.765	1	75.6121	1	10	281.729	309.108
217	30.2841	1	2.64809e+06	1	89.6558	1	300.765	1	75.6121	1	31.6228	295.137	322.477
217	30.2841	1	2.64809e+06	1	89.6558	1	300.765	1	75.6121	1	100	322.043	353.076
218	43.279	1	896936	1	40.3212	1	671.412	1	96.7809	1	0	273.249	301.462
218	43.279	1	896936	1	40.3212	1	671.412	1	96.7809	1	0.001	273.251	301.463
218	43.279	1	896936	1	40.3212	1	671.412	1	96.7809	1	0.00316228	273.253	301.465
218	43.279	1	896936	1	40.3212	1	671.412	1	96.7809	1	0.01	273.261	301.474
218	43.279	1	896936	1	40.3212	1	671.412	1	96.7809	1	0.0316228	273.285	301.499
218	43.279	1	896936	1	40.3212	1	671.412	1	96.7809	1	0.1	273.361	301.581
218	43.279	1	896936	1	40.3212	1	671.412	1	96.7809	1	0.316228	273.6	301.838
218	43.279	1	896936	1	40.3212	1	671.412	1	96.7809	1	1	274.345	302.635
218	43.279	1	896936	1	40.3212	1	671.412	1	96.7809	1	3.16228	276.573	305.013
218	43.279	1	896936	1	40.3212	1	671.412	1	96.7809	1	10	282.703	311.529
218	43.279	1	896936	1	40.3212	1	671.412	1	96.7809	1	31.6228	296.116	325.827
218	43.279	1	896936	1	40.3212	1	671.412	1	96.7809	1	100	316.062	349.394
219	45.8474	1	1.04148e+06	1	32.5624	1	835.349	1	47.6666	1	0	273.249	301.462
219	45.8474	1	1.04148e+06	1	32.5624	1	835.349	1	47.6666	1	0.001	273.251	301.463
219	45.8474	1	1.04148e+06	1	32.5624	1	835.349	1	47.6666	1	0.00316228	273.253	301.466
219	45.8474	1	1.04148e+06	1	32.5624	1	835.349	1	47.6666	1	0.01	273.262	301.476
219	45.8474	1	1.04148e+06	1	32.5624	1	835.349	1	47.6666	1	0.0316228	273.29	301.507
219	45.8474	1	1.04148e+06	1	32.5624	1	835.349	1	47.6666	1	0.1	273.377	301.604
219	45.8474	1	1.04148e+06	1	32.5624	1	835.349	1	47.6666	1	0.316228	273.649	301.909
219	45.8474	1	1.04148e+06	1	32.5624	1	835.349	1	47.6666	1	1	274.493	302.85
219	45.8474	1	1.04148e+06	1	32.5624	1	835.349	1	47.6666	1	3.16228	276.983	305.611
219	45.8474	1	1.04148e+06	1	32.5624	1	835.349	1	47.6666	1	10	283.564	312.862
219	45.8474	1	1.04148e+06	1	32.5624	1	835.349	1	47.6666	1	31.6228	296.822	327.494
219	45.8474	1	1.04148e+06	1	32.5624	1	835.349	1	47.6666	1	100	314.336	348.956
220	48.0658	1	1.06325e+06	1	55.6516	1	277.14	1	99.7729	1	0	273.249	301.462
220	48.0658	1	1.06325e+06	1	55.6516	1	277.14	1	99.7729	1	0.001	273.25	301.463
220	48.0658	1	1.06325e+06	1	55.6516	1	277.14	1	99.7729	1	0.00316228	273.253	301.465
220	48.0658	1	1.06325e+06	1	55.6516	1	277.14	1	99.7729	1	0.01	273.26	301.472
220	48.0658	1	1.06325e+06	1	55.6516	1	277.14	1	99.7729	1	0.0316228	273.282	301.496
220	48.0658	1	1.06325e+06	1	55.6516	1	277.14	1	99.7729	1	0.1	273.354	301.57
220	48.0658	1	1.06325e+06	1	55.6516	1	277.14	1	99.7729	1	0.316228	273.579	301.802
220	48.0658	1	1.06325e+06	1	55.6516	1	277.14	1	99.7729	1	1	274.282	302.53
220	48.0658	1	1.06325e+06	1	55.6516	1	277.14	1	99.7729	1	3.16228	276.431	304.753
220	48.0658	1	1.06325e+06	1	55.6516	1	277.14	1	99.7729	1	10	282.64	311.166
220	48.0658	1	1.06325e+06	1	55.6516	1	277.14	1	99.7729	1	31.6228	298.089	327.262
220	48.0658	1	1.06325e+06	1	55.6516	1	277.14	1	99.7729	1	100	328.329	361.199
221	27.93	1	1.0956e+06	1	70.0566	1	249.458	1	99.5892	1	0	273.249	301.462
221	27.93	1	1.0956e+06	1	70.0566	1	249.458	1	99.5892	1	0.001	273.251	301.463
221	27.93	1	1.0956e+06	1	70.0566	1	249.458	1	99.5892	1	0.00316228	273.253	301.465
221	27.93	1	1.0956e+06	1	70.0566	1	249.458	1	99.5892	1	0.01	273.261	301.472
221	27.93	1	1.0956e+06	1	70.0566	1	249.458	1	99.5892	1	0.0316228	273.285	301.494
221	27.93	1	1.0956e+06	1	70.0566	1	249.458	1	99.5892	1	0.1	273.362	301.563
221	27.93	1	1.0956e+06	1	70.0566	1	249.458	1	99.5892	1	0.316228	273.603	301.781
221	27.93	1	1.0956e+06	1	70.0566	1	249.458	1	99.5892	1	1	274.355	302.463
221	27.93	1	1.0956e+06	1	70.0566	1	249.458	1	99.5892	1	3.16228	276.633	304.552
221	27.93	1	1.0956e+06	1	70.0566	1	249.458	1	99.5892	1	10	283.153	310.642
221	27.93	1	1.0956e+06	1	70.0566	1	249.458	1	99.5892	1	31.6228	298.634	326.37
221	27.93	1	1.0956e+06	1	70.0566	1	249.458	1	99.5892	1	100	329.218	361.284
222	45.0764	1	1.02229e+06	1	69.9169	1	204.568	1	132.574	1	0	273.249	301.462
222	45.0764	1	1.02229e+06	1	69.9169	1	204.568	1	132.574	1	0.001	273.25	301.463
222	45.0764	1	1.02229e+06	1	69.9169	1	204.568	1	132.574	1	0.00316228	273.253	301.465
222	45.0764	1	1.02229e+06	1	69.9169	1	204.568	1	132.574	1	0.01	273.26	301.472
222	45.0764	1	1.02229e+06	1	69.9169	1	204.568	1	132.574	1	0.0316228	273.282	301.494
222	45.0764	1	1.02229e+06	1	69.9169	1	204.568	1	132.574	1	0.1	273.353	301.565
222	45.0764	1	1.02229e+06	1	69.9169	1	204.568	1	132.574	1	0.316228	273.578	301.788
222	45.0764	1	1.02229e+06	1	69.9169	1	204.568	1	132.574	1	1	274.281	302.487
222	45.0764	1	1.02229e+06	1	69.9169	1	204.568	1	132.574	1	3.16228	276.441	304.641
222	45.0764	1	1.02229e+06	1	69.9169	1	204.568	1	132.574	1	10	282.775	310.963
222	45.0764	1	1.02229e+06	1	69.9169	1	204.568	1	132.574	1	31.6228	299.27	327.781
222	45.0764	1	1.02229e+06	1	69.9169	1	204.568	1	132.574	1	100	334.15	366.36
223	40.9603	1	1.65422e+06	1	44.3524	1	226.883	1	104.638	1	0	273.249	301.462
223	40.9603	1	1.65422e+06	1	44.3524	1	226.883	1	104.638	1	0.001	273.251	301.463
223	40.9603	1	1.65422e+06	1	44.3524	1	226.883	1	104.638	1	0.00316228	273.253	301.466
223	40.9603	1	1.65422e+06	1	44.3524	1	226.883	1	104.638	1	0.01	273.262	301.475
223	40.9603	1	1.65422e+06	1	44.3524	1	226.883	1	104.638	1	0.0316228	273.29	301.504
223	40.9603	1	1.65422e+06	1	44.3524	1	226.883	1	104.638	1	0.1	273.377	301.595
223	40.9603	1	1.65422e+06	1	44.3524	1	226.883	1	104.638	1	0.316228	273.652	301.883
223	40.9603	1	1.65422e+06	1	44.3524	1	226.883	1	104.638	1	1	274.51	302.779
223	40.9603	1	1.65422e+06	1	44.3524	1	226.883	1	104.638	1	3.16228	277.114	305.493
223	40.9603	1	1.65422e+06	1	44.3524	1	226.883	1	104.638	1	10	284.524	313.206
223	40.9603	1	1.65422e+06	1	44.3524	1	226.883	1	104.638	1	31.6228	302.293	331.851
223	40.9603	1	1.65422e+06	1	44.3524	1	226.883	1	104.638	1	100	336.026	369.898
224	49.2019	1	453915	1	26.8006	1	263.958	1	104.713	1	0	273.249	301.462
224	49.2019	1	453915	1	26.8006	1	263.958	1	104.713	1	0.001	273.251	301.463
224	49.2019	1	453915	1	26.8006	1	263.958	1	104.713	1	0.00316228	273.255	301.467
224	49.2019	1	453915	1	26.8006	1	263.958	1	104.713	1	0.01	273.266	301.48
224	49.2019	1	453915	1	26.8006	1	263.958	1	104.713	1	0.0316228	273.301	301.521
224	49.2019	1	453915	1	26.8006	1	263.958	1	104.713	1	0.1	273.412	301.648
224	49.2019	1	453915	1	26.8006	1	263.958	1	104.713	1	0.316228	273.762	302.047
224	49.2019	1	453915	1	26.8006	1	263.958	1	104.713	1	1	274.843	303.277
224	49.2019	1	453915	1	26.8006	1	263.958	1	104.713	1	3.16228	278.033	306.876
224	49.2019	1	453915	1	26.8006	1	263.958	1	104.713	1	10	286.448	316.293
224	49.2019	1	453915	1	26.8006	1	263.958	1	104.713	1	31.6228	304.905	336.436
224	49.2019	1	453915	1	26.8006	1	263.958	1	104.713	1	100	336.125	371.646
225	45.8743	1	1.11996e+06	1	54.4609	1	244.399	1	171.182	1	0	273.249	301.462
225	45.8743	1	1.11996e+06	1	54.4609	1	244.399	1	171.182	1	0.001	273.251	301.463
225	45.8743	1	1.11996e+06	1	54.4609	1	244.399	1	171.182	1	0.00316228	273.253	301.465
225	45.8743	1	1.11996e+06	1	54.4609	1	244.399	1	171.182	1	0.01	273.26	301.473
225	45.8743	1	1.11996e+06	1	54.4609	1	244.399	1	171.182	1	0.0316228	273.284	301.497
225	45.8743	1	1.11996e+06	1	54.4609	1	244.399	1	171.182	1	0.1	273.359	301.575
225	45.8743	1	1.11996e+06	1	54.4609	1	244.399	1	171.182	1	0.316228	273.595	301.818
225	45.8743	1	1.11996e+06	1	54.4609	1	244.399	1	171.182	1	1	274.334	302.579
225	45.8743	1	1.11996e+06	1	54.4609	1	244.399	1	171.182	1	3.16228	276.59	304.904
225	45.8743	1	1.11996e+06	1	54.4609	1	244.399	1	171.182	1	10	283.116	311.617
225	45.8743	1	1.11996e+06	1	54.4609	1	244.399	1	171.182	1	31.6228	299.458	328.562
225	45.8743	1	1.11996e+06	1	54.4609	1	244.399	1	171.182	1	100	331.857	364.767
226	23.7185	1	1.63245e+06	1	107.991	1	377.049	1	80.9955	1	0	273.249	301.462
226	23.7185	1	1.63245e+06	1	107.991	1	377.049	1	80.9955	1	0.001	273.25	301.462
226	23.7185	1	1.63245e+06	1	107.991	1	377.049	1	80.9955	1	0.00316228	273.252	301.464
226	23.7185	1	1.63245e+06	1	107.991	1	377.049	1	80.9955	1	0.01	273.259	301.469
226	23.7185	1	1.63245e+06	1	107.991	1	377.049	1	80.9955	1	0.0316228	273.279	301.485
226	23.7185	1	1.63245e+06	1	107.991	1	377.049	1	80.9955	1	0.1	273.343	301.535
226	23.7185	1	1.63245e+06	1	107.991	1	377.049	1	80.9955	1	0.316228	273.545	301.692
226	23.7185	1	1.63245e+06	1	107.991	1	377.049	1	80.9955	1	1	274.171	302.183
226	23.7185	1	1.63245e+06	1	107.991	1	377.049	1	80.9955	1	3.16228	276.044	303.69
226	23.7185	1	1.63245e+06	1	107.991	1	377.049	1	80.9955	1	10	281.332	308.146
226	23.7185	1	1.63245e+06	1	107.991	1	377.049	1	80.9955	1	31.6228	293.038	319.786
226	23.7185	1	1.63245e+06	1	107.991	1	377.049	1	80.9955	1	100	316.002	346.213
227	40.9396	1	1.24005e+06	1	81.7354	1	596.694	1	124.864	1	0	273.249	301.462
227	40.9396	1	1.24005e+06	1	81.7354	1	596.694	1	124.864	1	0.001	273.25	301.462
227	40.9396	1	1.24005e+06	1	81.7354	1	596.694	1	124.864	1	0.00316228	273.252	301.464
227	40.9396	1	1.24005e+06	1	81.7354	1	596.694	1	124.864	1	0.01	273.257	301.469
227	40.9396	1	1.24005e+06	1	81.7354	1	596.694	1	124.864	1	0.0316228	273.274	301.484
227	40.9396	1	1.24005e+06	1	81.7354	1	596.694	1	124.864	1	0.1	273.326	301.533
227	40.9396	1	1.24005e+06	1	81.7354	1	596.694	1	124.864	1	0.316228	273.49	301.685
227	40.9396	1	1.24005e+06	1	81.7354	1	596.694	1	124.864	1	1	274.003	302.165
227	40.9396	1	1.24005e+06	1	81.7354	1	596.694	1	124.864	1	3.16228	275.571	303.636
227	40.9396	1	1.24005e+06	1	81.7354	1	596.694	1	124.864	1	10	280.105	307.929
227	40.9396	1	1.24005e+06	1	81.7354	1	596.694	1	124.864	1	31.6228	291.258	318.989
227	40.9396	1	1.24005e+06	1	81.7354	1	596.694	1	124.864	1	100	311.37	342.163
228	60.6659	1	1.20598e+06	1	50.143	1	394.78	1	92.3587	1	0	273.249	301.462
228	60.6659	1	1.20598e+06	1	50.143	1	394.78	1	92.3587	1	0.001	273.25	301.463
228	60.6659	1	1.20598e+06	1	50.143	1	394.78	1	92.3587	1	0.00316228	273.253	301.465
228	60.6659	1	1.20598e+06	1	50.143	1	394.78	1	92.3587	1	0.01	273.259	301.472
228	60.6659	1	1.20598e+06	1	50.143	1	394.78	1	92.3587	1	0.0316228	273.28	301.495
228	60.6659	1	1.20598e+06	1	50.143	1	394.78	1	92.3587	1	0.1	273.347	301.568
228	60.6659	1	1.20598e+06	1	50.143	1	394.78	1	92.3587	1	0.316228	273.558	301.797
228	60.6659	1	1.20598e+06	1	50.143	1	394.78	1	92.3587	1	1	274.216	302.511
228	60.6659	1	1.20598e+06	1	50.143	1	394.78	1	92.3587	1	3.16228	276.218	304.677
228	60.6659	1	1.20598e+06	1	50.143	1	394.78	1	92.3587	1	10	281.924	310.826
228	60.6659	1	1.20598e+06	1	50.143	1	394.78	1	92.3587	1	31.6228	295.738	325.585
228	60.6659	1	1.20598e+06	1	50.143	1	394.78	1	92.3587	1	100	321.207	354.504
229	48.5578	1	1.82161e+06	1	46.8707	1	359.431	1	117.2	1	0	273.249	301.462
229	48.5578	1	1.82161e+06	1	46.8707	1	359.431	1	117.2	1	0.001	273.251	301.463
229	48.5578	1	1.82161e+06	1	46.8707	1	359.431	1	117.2	1	0.00316228	273.253	301.465
229	48.5578	1	1.82161e+06	1	46.8707	1	359.431	1	117.2	1	0.01	273.26	301.473
229	48.5578	1	1.82161e+06	1	46.8707	1	359.431	1	117.2	1	0.0316228	273.284	301.498
229	48.5578	1	1.82161e+06	1	46.8707	1	359.431	1	117.2	1	0.1	273.357	301.576
229	48.5578	1	1.82161e+06	1	46.8707	1	359.431	1	117.2	1	0.316228	273.589	301.823
229	48.5578	1	1.82161e+06	1	46.8707	1	359.431	1	117.2	1	1	274.314	302.593
229	48.5578	1	1.82161e+06	1	46.8707	1	359.431	1	117.2	1	3.16228	276.51	304.921
229	48.5578	1	1.82161e+06	1	46.8707	1	359.431	1	117.2	1	10	282.743	311.502
229	48.5578	1	1.82161e+06	1	46.8707	1	359.431	1	117.2	1	31.6228	297.587	327.171
229	48.5578	1	1.82161e+06	1	46.8707	1	359.431	1	117.2	1	100	324.372	357.571
230	64.6394	1	807894	1	72.5041	1	389.437	1	91.6035	1	0	273.249	301.462
230	64.6394	1	807894	1	72.5041	1	389.437	1	91.6035	1	0.001	273.25	301.462
230	64.6394	1	807894	1	72.5041	1	389.437	1	91.6035	1	0.00316228	273.252	301.464
230	64.6394	1	807894	1	72.5041	1	389.437	1	91.6035	1	0.01	273.257	301.47
230	64.6394	1	807894	1	72.5041	1	389.437	1	91.6035	1	0.0316228	273.274	301.487
230	64.6394	1	807894	1	72.5041	1	389.437	1	91.6035	1	0.1	273.328	301.543
230	64.6394	1	807894	1	72.5041	1	389.437	1	91.6035	1	0.316228	273.497	301.72
230	64.6394	1	807894	1	72.5041	1	389.437	1	91.6035	1	1	274.028	302.272
230	64.6394	1	807894	1	72.5041	1	389.437	1	91.6035	1	3.16228	275.663	303.972
230	64.6394	1	807894	1	72.5041	1	389.437	1	91.6035	1	10	280.442	308.928
230	64.6394	1	807894	1	72.5041	1	389.437	1	91.6035	1	31.6228	292.791	321.79
230	64.6394	1	807894	1	72.5041	1	389.437	1	91.6035	1	100	317.761	349.798
231	39.0181	1	1.09051e+06	1	73.611	1	387.326	1	124.979	1	0	273.249	301.462
231	39.0181	1	1.09051e+06	1	73.611	1	387.326	1	124.979	1	0.001	273.25	301.462
231	39.0181	1	1.09051e+06	1	73.611	1	387.326	1	124.979	1	0.00316228	273.252	301.464
231	39.0181	1	1.09051e+06	1	73.611	1	387.326	1	124.979	1	0.01	273.258	301.47
231	39.0181	1	1.09051e+06	1	73.611	1	387.326	1	124.979	1	0.0316228	273.277	301.488
231	39.0181	1	1.09051e+06	1	73.611	1	387.326	1	124.979	1	0.1	273.338	301.545
231	39.0181	1	1.09051e+06	1	73.611	1	387.326	1	124.979	1	0.316228	273.528	301.726
231	39.0181	1	1.09051e+06	1	73.611	1	387.326	1	124.979	1	1	274.123	302.291
231	39.0181	1	1.09051e+06	1	73.611	1	387.326	1	124.979	1	3.16228	275.94	304.027
231	39.0181	1	1.09051e+06	1	73.611	1	387.326	1	124.979	1	10	281.201	309.088
231	39.0181	1	1.09051e+06	1	73.611	1	387.326	1	124.979	1	31.6228	294.214	322.167
231	39.0181	1	1.09051e+06	1	73.611	1	387.326	1	124.979	1	100	318.904	350.334
232	48.9755	1	711759	1	55.9325	1	301.349	1	82.4072	1	0	273.249	301.462
232	48.9755	1	711759	1	55.9325	1	301.349	1	82.4072	1	0.001	273.25	301.463
232	48.9755	1	711759	1	55.9325	1	301.349	1	82.4072	1	0.00316228	273.253	301.465
232	48.9755	1	711759	1	55.9325	1	301.349	1	82.4072	1	0.01	273.26	301.472
232	48.9755	1	711759	1	55.9325	1	301.349	1	82.4072	1	0.0316228	273.282	301.495
232	48.9755	1	711759	1	55.9325	1	301.349	1	82.4072	1	0.1	273.351	301.567
232	48.9755	1	711759	1	55.9325	1	301.349	1	82.4072	1	0.316228	273.571	301.795
232	48.9755	1	711759	1	55.9325	1	301.349	1	82.4072	1	1	274.257	302.507
232	48.9755	1	711759	1	55.9325	1	301.349	1	82.4072	1	3.16228	276.352	304.679
232	48.9755	1	711759	1	55.9325	1	301.349	1	82.4072	1	10	282.396	310.935
232	48.9755	1	711759	1	55.9325	1	301.349	1	82.4072	1	31.6228	297.325	326.53
232	48.9755	1	711759	1	55.9325	1	301.349	1	82.4072	1	100	326.016	358.99
233	39.1607	1	1.46121e+06	1	41.3307	1	393.337	1	74.4446	1	0	273.249	301.462
233	39.1607	1	1.46121e+06	1	41.3307	1	393.337	1	74.4446	1	0.001	273.251	301.463
233	39.1607	1	1.46121e+06	1	41.3307	1	393.337	1	74.4446	1	0.00316228	273.253	301.466
233	39.1607	1	1.46121e+06	1	41.3307	1	393.337	1	74.4446	1	0.01	273.261	301.474
233	39.1607	1	1.46121e+06	1	41.3307	1	393.337	1	74.4446	1	0.0316228	273.288	301.502
233	39.1607	1	1.46121e+06	1	41.3307	1	393.337	1	74.4446	1	0.1	273.37	301.588
233	39.1607	1	1.46121e+06	1	41.3307	1	393.337	1	74.4446	1	0.316228	273.629	301.86
233	39.1607	1	1.46121e+06	1	41.3307	1	393.337	1	74.4446	1	1	274.435	302.707
233	39.1607	1	1.46121e+06	1	41.3307	1	393.337	1	74.4446	1	3.16228	276.859	305.245
233	39.1607	1	1.46121e+06	1	41.3307	1	393.337	1	74.4446	1	10	283.608	312.301
233	39.1607	1	1.46121e+06	1	41.3307	1	393.337	1	74.4446	1	31.6228	298.686	328.303
233	39.1607	1	1.46121e+06	1	41.3307	1	393.337	1	74.4446	1	100	323.812	357.554
234	40.9916	1	2.81799e+06	1	86.5479	1	177.526	1	112.585	1	0	273.249	301.462
234	40.9916	1	2.81799e+06	1	86.5479	1	177.526	1	112.585	1	0.001	273.25	301.463
234	40.9916	1	2.81799e+06	1	86.5479	1	177.526	1	112.585	1	0.00316228	273.253	301.465
234	40.9916	1	2.81799e+06	1	86.5479	1	177.526	1	112.585	1	0.01	273.26	301.471
234	40.9916	1	2.81799e+06	1	86.5479	1	177.526	1	112.585	1	0.0316228	273.282	301.493
234	40.9916	1	2.81799e+06	1	86.5479	1	177.526	1	112.585	1	0.1	273.353	301.561
234	40.9916	1	2.81799e+06	1	86.5479	1	177.526	1	112.585	1	0.316228	273.577	301.775
234	40.9916	1	2.81799e+06	1	86.5479	1	177.526	1	112.585	1	1	274.279	302.446
234	40.9916	1	2.81799e+06	1	86.5479	1	177.526	1	112.585	1	3.16228	276.44	304.523
234	40.9916	1	2.81799e+06	1	86.5479	1	177.526	1	112.585	1	10	282.809	310.693
234	40.9916	1	2.81799e+06	1	86.5479	1	177.526	1	112.585	1	31.6228	299.608	327.528
234	40.9916	1	2.81799e+06	1	86.5479	1	177.526	1	112.585	1	100	336.174	367.779
235	33.4586	1	968081	1	61.596	1	785.098	1	90.3927	1	0	273.249	301.462
235	33.4586	1	968081	1	61.596	1	785.098	1	90.3927	1	0.001	273.25	301.462
235	33.4586	1	968081	1	61.596	1	785.098	1	90.3927	1	0.00316228	273.252	301.464
235	33.4586	1	968081	1	61.596	1	785.098	1	90.3927	1	0.01	273.259	301.47
235	33.4586	1	968081	1	61.596	1	785.098	1	90.3927	1	0.0316228	273.278	301.489
235	33.4586	1	968081	1	61.596	1	785.098	1	90.3927	1	0.1	273.341	301.548
235	33.4586	1	968081	1	61.596	1	785.098	1	90.3927	1	0.316228	273.538	301.733
235	33.4586	1	968081	1	61.596	1	785.098	1	90.3927	1	1	274.15	302.31
235	33.4586	1	968081	1	61.596	1	785.098	1	90.3927	1	3.16228	275.997	304.063
235	33.4586	1	968081	1	61.596	1	785.098	1	90.3927	1	10	281.19	309.04
235	33.4586	1	968081	1	61.596	1	785.098	1	90.3927	1	31.6228	292.872	320.978
235	33.4586	1	968081	1	61.596	1	785.098	1	90.3927	1	100	311.058	342.793
236	38.9527	1	247162	1	80.2992	1	148.013	1	119.382	1	0	273.249	301.462
236	38.9527	1	247162	1	80.2992	1	148.013	1	119.382	1	0.001	273.251	301.463
236	38.9527	1	247162	1	80.2992	1	148.013	1	119.382	1	0.00316228	273.253	301.465
236	38.9527	1	247162	1	80.2992	1	148.013	1	119.382	1	0.01	273.261	301.473
236	38.9527	1	247162	1	80.2992	1	148.013	1	119.382	1	0.0316228	273.286	301.497
236	38.9527	1	247162	1	80.2992	1	148.013	1	119.382	1	0.1	273.366	301.573
236	38.9527	1	247162	1	80.2992	1	148.013	1	119.382	1	0.316228	273.616	301.814
236	38.9527	1	247162	1	80.2992	1	148.013	1	119.382	1	1	274.401	302.571
236	38.9527	1	247162	1	80.2992	1	148.013	1	119.382	1	3.16228	276.814	304.906
236	38.9527	1	247162	1	80.2992	1	148.013	1	119.382	1	10	283.9	311.813
236	38.9527	1	247162	1	80.2992	1	148.013	1	119.382	1	31.6228	302.586	330.647
236	38.9527	1	247162	1	80.2992	1	148.013	1	119.382	1	100	343.282	375.391
237	46.8431	1	3.37961e+06	1	41.2711	1	220.987	1	81.0078	1	0	273.249	301.462
237	46.8431	1	3.37961e+06	1	41.2711	1	220.987	1	81.0078	1	0.001	273.251	301.463
237	46.8431	1	3.37961e+06	1	41.2711	1	220.987	1	81.0078	1	0.00316228	273.254	301.466
237	46.8431	1	3.37961e+06	1	41.2711	1	220.987	1	81.0078	1	0.01	273.263	301.476
237	46.8431	1	3.37961e+06	1	41.2711	1	220.987	1	81.0078	1	0.0316228	273.291	301.506
237	46.8431	1	3.37961e+06	1	41.2711	1	220.987	1	81.0078	1	0.1	273.38	301.602
237	46.8431	1	3.37961e+06	1	41.2711	1	220.987	1	81.0078	1	0.316228	273.662	301.905
237	46.8431	1	3.37961e+06	1	41.2711	1	220.987	1	81.0078	1	1	274.54	302.848
237	46.8431	1	3.37961e+06	1	41.2711	1	220.987	1	81.0078	1	3.16228	277.203	305.695
237	46.8431	1	3.37961e+06	1	41.2711	1	220.987	1	81.0078	1	10	284.747	313.73
237	46.8431	1	3.37961e+06	1	41.2711	1	220.987	1	81.0078	1	31.6228	302.744	332.855
237	46.8431	1	3.37961e+06	1	41.2711	1	220.987	1	81.0078	1	100	337.106	371.479
238	47.0318	1	1.29433e+06	1	30.1344	1	853.407	1	47.4274	1	0	273.249	301.462
238	47.0318	1	1.29433e+06	1	30.1344	1	853.407	1	47.4274	1	0.001	273.251	301.463
238	47.0318	1	1.29433e+06	1	30.1344	1	853.407	1	47.4274	1	0.00316228	273.254	301.466
238	47.0318	1	1.29433e+06	1	30.1344	1	853.407	1	47.4274	1	0.01	273.263	301.477
238	47.0318	1	1.29433e+06	1	30.1344	1	853.407	1	47.4274	1	0.0316228	273.292	301.51
238	47.0318	1	1.29433e+06	1	30.1344	1	853.407	1	47.4274	1	0.1	273.383	301.613
238	47.0318	1	1.29433e+06	1	30.1344	1	853.407	1	47.4274	1	0.316228	273.67	301.938
238	47.0318	1	1.29433e+06	1	30.1344	1	853.407	1	47.4274	1	1	274.555	302.939
238	47.0318	1	1.29433e+06	1	30.1344	1	853.407	1	47.4274	1	3.16228	277.156	305.858
238	47.0318	1	1.29433e+06	1	30.1344	1	853.407	1	47.4274	1	10	283.943	313.422
238	47.0318	1	1.29433e+06	1	30.1344	1	853.407	1	47.4274	1	31.6228	297.353	328.325
238	47.0318	1	1.29433e+06	1	30.1344	1	853.407	1	47.4274	1	100	314.597	349.506
239	77.1441	1	434303	1	54.8886	1	1868.25	1	68.8425	1	0	273.249	301.462
239	77.1441	1	434303	1	54.8886	1	1868.25	1	68.8425	1	0.001	273.25	301.462
239	77.1441	1	434303	1	54.8886	1	1868.25	1	68.8425	1	0.00316228	273.252	301.464
239	77.1441	1	434303	1	54.8886	1	1868.25	1	68.8425	1	0.01	273.257	301.47
239	77.1441	1	434303	1	54.8886	1	1868.25	1	68.8425	1	0.0316228	273.273	301.488
239	77.1441	1	434303	1	54.8886	1	1868.25	1	68.8425	1	0.1	273.324	301.545
239	77.1441	1	434303	1	54.8886	1	1868.25	1	68.8425	1	0.316228	273.484	301.725
239	77.1441	1	434303	1	54.8886	1	1868.25	1	68.8425	1	1	273.984	302.284
239	77.1441	1	434303	1	54.8886	1	1868.25	1	68.8425	1	3.16228	275.499	303.972
239	77.1441	1	434303	1	54.8886	1	1868.25	1	68.8425	1	10	279.737	308.672
239	77.1441	1	434303	1	54.8886	1	1868.25	1	68.8425	1	31.6228	289.52	319.409
239	77.1441	1	434303	1	54.8886	1	1868.25	1	68.8425	1	100	303.904	336.791
240	12.324	1	1.64205e+06	1	61.1629	1	549.694	1	133.698	1	0	273.249	301.462
240	12.324	1	1.64205e+06	1	61.1629	1	549.694	1	133.698	1	0.001	273.251	301.463
240	12.324	1	1.64205e+06	1	61.1629	1	549.694	1	133.698	1	0.00316228	273.254	301.465
240	12.324	1	1.64205e+06	1	61.1629	1	549.694	1	133.698	1	0.01	273.264	301.472
240	12.324	1	1.64205e+06	1	61.1629	1	549.694	1	133.698	1	0.0316228	273.297	301.495
240	12.324	1	1.64205e+06	1	61.1629	1	549.694	1	133.698	1	0.1	273.399	301.568
240	12.324	1	1.64205e+06	1	61.1629	1	549.694	1	133.698	1	0.316228	273.716	301.795
240	12.324	1	1.64205e+06	1	61.1629	1	549.694	1	133.698	1	1	274.68	302.497
240	12.324	1	1.64205e+06	1	61.1629	1	549.694	1	133.698	1	3.16228	277.453	304.598
240	12.324	1	1.64205e+06	1	61.1629	1	549.694	1	133.698	1	10	284.247	310.352
240	12.324	1	1.64205e+06	1	61.1629	1	549.694	1	133.698	1	31.6228	295.625	323.288
240	12.324	1	1.64205e+06	1	61.1629	1	549.694	1	133.698	1	100	316.206	348.221
241	21.1053	1	577817	1	52.8523	1	572.944	1	118.033	1	0	273.249	301.462
241	21.1053	1	577817	1	52.8523	1	572.944	1	118.033	1	0.001	273.251	301.463
241	21.1053	1	577817	1	52.8523	1	572.944	1	118.033	1	0.00316228	273.253	301.465
241	21.1053	1	577817	1	52.8523	1	572.944	1	118.033	1	0.01	273.262	301.472
241	21.1053	1	577817	1	52.8523	1	572.944	1	118.033	1	0.0316228	273.288	301.495
241	21.1053	1	577817	1	52.8523	1	572.944	1	118.033	1	0.1	273.371	301.567
241	21.1053	1	577817	1	52.8523	1	572.944	1	118.033	1	0.316228	273.63	301.794
241	21.1053	1	577817	1	52.8523	1	572.944	1	118.033	1	1	274.433	302.498
241	21.1053	1	577817	1	52.8523	1	572.944	1	118.033	1	3.16228	276.808	304.615
241	21.1053	1	577817	1	52.8523	1	572.944	1	118.033	1	10	283.276	310.561
241	21.1053	1	577817	1	52.8523	1	572.944	1	118.033	1	31.6228	296.122	324.172
241	21.1053	1	577817	1	52.8523	1	572.944	1	118.033	1	100	316.538	348.973
242	48.6551	1	1.34861e+06	1	56.8876	1	658.822	1	150.424	1	0	273.249	301.462
242	48.6551	1	1.34861e+06	1	56.8876	1	658.822	1	150.424	1	0.001	273.25	301.462
242	48.6551	1	1.34861e+06	1	56.8876	1	658.822	1	150.424	1	0.00316228	273.252	301.464
242	48.6551	1	1.34861e+06	1	56.8876	1	658.822	1	150.424	1	0.01	273.258	301.471
242	48.6551	1	1.34861e+06	1	56.8876	1	658.822	1	150.424	1	0.0316228	273.277	301.49
242	48.6551	1	1.34861e+06	1	56.8876	1	658.822	1	150.424	1	0.1	273.336	301.551
242	48.6551	1	1.34861e+06	1	56.8876	1	658.822	1	150.424	1	0.316228	273.523	301.744
242	48.6551	1	1.34861e+06	1	56.8876	1	658.822	1	150.424	1	1	274.107	302.346
242	48.6551	1	1.34861e+06	1	56.8876	1	658.822	1	150.424	1	3.16228	275.881	304.175
242	48.6551	1	1.34861e+06	1	56.8876	1	658.822	1	150.424	1	10	280.93	309.369
242	48.6551	1	1.34861e+06	1	56.8876	1	658.822	1	150.424	1	31.6228	293.013	321.916
242	48.6551	1	1.34861e+06	1	56.8876	1	658.822	1	150.424	1	100	313.355	345.361
243	45.3441	1	925345	1	66.5178	1	259.101	1	107.392	1	0	273.249	301.462
243	45.3441	1	925345	1	66.5178	1	259.101	1	107.392	1	0.001	273.25	301.463
243	45.3441	1	925345	1	66.5178	1	259.101	1	107.392	1	0.00316228	273.253	301.465
243	45.3441	1	925345	1	66.5178	1	259.101	1	107.392	1	0.01	273.259	301.471
243	45.3441	1	925345	1	66.5178	1	259.101	1	107.392	1	0.0316228	273.281	301.493
243	45.3441	1	925345	1	66.5178	1	259.101	1	107.392	1	0.1	273.348	301.56
243	45.3441	1	925345	1	66.5178	1	259.101	1	107.392	1	0.316228	273.561	301.773
243	45.3441	1	925345	1	66.5178	1	259.101	1	107.392	1	1	274.227	302.438
243	45.3441	1	925345	1	66.5178	1	259.101	1	107.392	1	3.16228	276.269	304.484
243	45.3441	1	925345	1	66.5178	1	259.101	1	107.392	1	10	282.226	310.457
243	45.3441	1	925345	1	66.5178	1	259.101	1	107.392	1	31.6228	297.405	326.007
243	45.3441	1	925345	1	66.5178	1	259.101	1	107.392	1	100	328.303	360.496
244	37.0125	1	215911	1	64.5245	1	536.259	1	78.3697	1	0	273.249	301.462
244	37.0125	1	215911	1	64.5245	1	536.259	1	78.3697	1	0.001	273.25	301.462
244	37.0125	1	215911	1	64.5245	1	536.259	1	78.3697	1	0.00316228	273.252	301.464
244	37.0125	1	215911	1	64.5245	1	536.259	1	78.3697	1	0.01	273.259	301.47
244	37.0125	1	215911	1	64.5245	1	536.259	1	78.3697	1	0.0316228	273.278	301.489
244	37.0125	1	215911	1	64.5245	1	536.259	1	78.3697	1	0.1	273.34	301.549
244	37.0125	1	215911	1	64.5245	1	536.259	1	78.3697	1	0.316228	273.536	301.736
244	37.0125	1	215911	1	64.5245	1	536.259	1	78.3697	1	1	274.146	302.322
244	37.0125	1	215911	1	64.5245	1	536.259	1	78.3697	1	3.16228	275.997	304.108
244	37.0125	1	215911	1	64.5245	1	536.259	1	78.3697	1	10	281.275	309.232
244	37.0125	1	215911	1	64.5245	1	536.259	1	78.3697	1	31.6228	293.596	321.829
244	37.0125	1	215911	1	64.5245	1	536.259	1	78.3697	1	100	314.9	346.763
245	27.2026	1	525728	1	31.973	1	501.929	1	78.0184	1	0	273.249	301.462
245	27.2026	1	525728	1	31.973	1	501.929	1	78.0184	1	0.001	273.251	301.463
245	27.2026	1	525728	1	31.973	1	501.929	1	78.0184	1	0.00316228	273.254	301.466
245	27.2026	1	525728	1	31.973	1	501.929	1	78.0184	1	0.01	273.264	301.477
245	27.2026	1	525728	1	31.973	1	501.929	1	78.0184	1	0.0316228	273.297	301.51
245	27.2026	1	525728	1	31.973	1	501.929	1	78.0184	1	0.1	273.399	301.616
245	27.2026	1	525728	1	31.973	1	501.929	1	78.0184	1	0.316228	273.719	301.946
245	27.2026	1	525728	1	31.973	1	501.929	1	78.0184	1	1	274.708	302.965
245	27.2026	1	525728	1	31.973	1	501.929	1	78.0184	1	3.16228	277.62	305.959
245	27.2026	1	525728	1	31.973	1	501.929	1	78.0184	1	10	285.369	313.938
245	27.2026	1	525728	1	31.973	1	501.929	1	78.0184	1	31.6228	300.534	330.38
245	27.2026	1	525728	1	31.973	1	501.929	1	78.0184	1	100	322.296	356.622
246	39.6042	1	772606	1	88.7528	1	415.292	1	82.4816	1	0	273.249	301.462
246	39.6042	1	772606	1	88.7528	1	415.292	1	82.4816	1	0.001	273.25	301.462
246	39.6042	1	772606	1	88.7528	1	415.292	1	82.4816	1	0.00316228	273.252	301.464
246	39.6042	1	772606	1	88.7528	1	415.292	1	82.4816	1	0.01	273.257	301.469
246	39.6042	1	772606	1	88.7528	1	415.292	1	82.4816	1	0.0316228	273.275	301.485
246	39.6042	1	772606	1	88.7528	1	415.292	1	82.4816	1	0.1	273.33	301.535
246	39.6042	1	772606	1	88.7528	1	415.292	1	82.4816	1	0.316228	273.503	301.694
246	39.6042	1	772606	1	88.7528	1	415.292	1	82.4816	1	1	274.044	302.193
246	39.6042	1	772606	1	88.7528	1	415.292	1	82.4816	1	3.16228	275.699	303.729
246	39.6042	1	772606	1	88.7528	1	415.292	1	82.4816	1	10	280.52	308.26
246	39.6042	1	772606	1	88.7528	1	415.292	1	82.4816	1	31.6228	292.451	320.094
246	39.6042	1	772606	1	88.7528	1	415.292	1	82.4816	1	100	315.611	346.515
247	38.5605	1	303596	1	57.8316	1	195.263	1	101.381	1	0	273.249	301.462
247	38.5605	1	303596	1	57.8316	1	195.263	1	101.381	1	0.001	273.251	301.463
247	38.5605	1	303596	1	57.8316	1	195.263	1	101.381	1	0.00316228	273.253	301.465
247	38.5605	1	303596	1	57.8316	1	195.263	1	101.381	1	0.01	273.261	301.473
247	38.5605	1	303596	1	57.8316	1	195.263	1	101.381	1	0.0316228	273.287	301.499
247	38.5605	1	303596	1	57.8316	1	195.263	1	101.381	1	0.1	273.368	301.58
247	38.5605	1	303596	1	57.8316	1	195.263	1	101.381	1	0.316228	273.625	301.836
247	38.5605	1	303596	1	57.8316	1	195.263	1	101.381	1	1	274.427	302.636
247	38.5605	1	303596	1	57.8316	1	195.263	1	101.381	1	3.16228	276.877	305.088
247	38.5605	1	303596	1	57.8316	1	195.263	1	101.381	1	10	283.978	312.213
247	38.5605	1	303596	1	57.8316	1	195.263	1	101.381	1	31.6228	301.783	330.55
247	38.5605	1	303596	1	57.8316	1	195.263	1	101.381	1	100	337.832	370.891
248	33.8005	1	1.51175e+06	1	73.7311	1	335.824	1	103.251	1	0	273.249	301.462
248	33.8005	1	1.51175e+06	1	73.7311	1	335.824	1	103.251	1	0.001	273.25	301.462
248	33.8005	1	1.51175e+06	1	73.7311	1	335.824	1	103.251	1	0.00316228	273.252	301.464
248	33.8005	1	1.51175e+06	1	73.7311	1	335.824	1	103.251	1	0.01	273.259	301.47
248	33.8005	1	1.51175e+06	1	73.7311	1	335.824	1	103.251	1	0.0316228	273.28	301.49
248	33.8005	1	1.51175e+06	1	73.7311	1	335.824	1	103.251	1	0.1	273.345	301.55
248	33.8005	1	1.51175e+06	1	73.7311	1	335.824	1	103.251	1	0.316228	273.551	301.74
248	33.8005	1	1.51175e+06	1	73.7311	1	335.824	1	103.251	1	1	274.194	302.336
248	33.8005	1	1.51175e+06	1	73.7311	1	335.824	1	103.251	1	3.16228	276.152	304.164
248	33.8005	1	1.51175e+06	1	73.7311	1	335.824	1	103.251	1	10	281.796	309.498
248	33.8005	1	1.51175e+06	1	73.7311	1	335.824	1	103.251	1	31.6228	295.5	323.288
248	33.8005	1	1.51175e+06	1	73.7311	1	335.824	1	103.251	1	100	321.734	353.311
249	52.1912	1	2.1528e+06	1	71.6546	1	296.591	1	186.009	1	0	273.249	301.462
249	52.1912	1	2.1528e+06	1	71.6546	1	296.591	1	186.009	1	0.001	273.25	301.462
249	52.1912	1	2.1528e+06	1	71.6546	1	296.591	1	186.009	1	0.00316228	273.252	301.464
249	52.1912	1	2.1528e+06	1	71.6546	1	296.591	1	186.009	1	0.01	273.258	301.47
249	52.1912	1	2.1528e+06	1	71.6546	1	296.591	1	186.009	1	0.0316228	273.277	301.49
249	52.1912	1	2.1528e+06	1	71.6546	1	296.591	1	186.009	1	0.1	273.338	301.551
249	52.1912	1	2.1528e+06	1	71.6546	1	296.591	1	186.009	1	0.316228	273.528	301.742
249	52.1912	1	2.1528e+06	1	71.6546	1	296.591	1	186.009	1	1	274.123	302.343
249	52.1912	1	2.1528e+06	1	71.6546	1	296.591	1	186.009	1	3.16228	275.956	304.194
249	52.1912	1	2.1528e+06	1	71.6546	1	296.591	1	186.009	1	10	281.327	309.612
249	52.1912	1	2.1528e+06	1	71.6546	1	296.591	1	186.009	1	31.6228	295.306	323.902
249	52.1912	1	2.1528e+06	1	71.6546	1	296.591	1	186.009	1	100	324.144	355.81
250	22.8148	1	1.66065e+06	1	59.342	1	285.572	1	152.161	1	0	273.249	301.462
250	22.8148	1	1.66065e+06	1	59.342	1	285.572	1	152.161	1	0.001	273.251	301.463
250	22.8148	1	1.66065e+06	1	59.342	1	285.572	1	152.161	1	0.00316228	273.253	301.465
250	22.8148	1	1.66065e+06	1	59.342	1	285.572	1	152.161	1	0.01	273.262	301.473
250	22.8148	1	1.66065e+06	1	59.342	1	285.572	1	152.161	1	0.0316228	273.289	301.496
250	22.8148	1	1.66065e+06	1	59.342	1	285.572	1	152.161	1	0.1	273.373	301.571
250	22.8148	1	1.66065e+06	1	59.342	1	285.572	1	152.161	1	0.316228	273.64	301.806
250	22.8148	1	1.66065e+06	1	59.342	1	285.572	1	152.161	1	1	274.467	302.541
250	22.8148	1	1.66065e+06	1	59.342	1	285.572	1	152.161	1	3.16228	276.941	304.773
250	22.8148	1	1.66065e+06	1	59.342	1	285.572	1	152.161	1	10	283.884	311.198
250	22.8148	1	1.66065e+06	1	59.342	1	285.572	1	152.161	1	31.6228	299.209	327.067
250	22.8148	1	1.66065e+06	1	59.342	1	285.572	1	152.161	1	100	327.768	360.251
251	41.7927	1	821220	1	60.0862	1	236.487	1	97.9471	1	0	273.249	301.462
251	41.7927	1	821220	1	60.0862	1	236.487	1	97.9471	1	0.001	273.251	301.463
251	41.7927	1	821220	1	60.0862	1	236.487	1	97.9471	1	0.00316228	273.253	301.465
251	41.7927	1	821220	1	60.0862	1	236.487	1	97.9471	1	0.01	273.26	301.472
251	41.7927	1	821220	1	60.0862	1	236.487	1	97.9471	1	0.0316228	273.284	301.496
251	41.7927	1	821220	1	60.0862	1	236.487	1	97.9471	1	0.1	273.358	301.57
251	41.7927	1	821220	1	60.0862	1	236.487	1	97.9471	1	0.316228	273.591	301.804
251	41.7927	1	821220	1	60.0862	1	236.487	1	97.9471	1	1	274.321	302.537
251	41.7927	1	821220	1	60.0862	1	236.487	1	97.9471	1	3.16228	276.555	304.781
251	41.7927	1	821220	1	60.0862	1	236.487	1	97.9471	1	10	283.036	311.304
251	41.7927	1	821220	1	60.0862	1	236.487	1	97.9471	1	31.6228	299.261	328.008
251	41.7927	1	821220	1	60.0862	1	236.487	1	97.9471	1	100	331.776	364.47
252	30.3308	1	2.52005e+06	1	68.2174	1	245.051	1	112.175	1	0	273.249	301.462
252	30.3308	1	2.52005e+06	1	68.2174	1	245.051	1	112.175	1	0.001	273.251	301.463
252	30.3308	1	2.52005e+06	1	68.2174	1	245.051	1	112.175	1	0.00316228	273.253	301.465
252	30.3308	1	2.52005e+06	1	68.2174	1	245.051	1	112.175	1	0.01	273.261	301.472
252	30.3308	1	2.52005e+06	1	68.2174	1	245.051	1	112.175	1	0.0316228	273.284	301.494
252	30.3308	1	2.52005e+06	1	68.2174	1	245.051	1	112.175	1	0.1	273.36	301.564
252	30.3308	1	2.52005e+06	1	68.2174	1	245.051	1	112.175	1	0.316228	273.598	301.784
252	30.3308	1	2.52005e+06	1	68.2174	1	245.051	1	112.175	1	1	274.342	302.473
252	30.3308	1	2.52005e+06	1	68.2174	1	245.051	1	112.175	1	3.16228	276.601	304.586
252	30.3308	1	2.52005e+06	1	68.2174	1	245.051	1	112.175	1	10	283.093	310.742
252	30.3308	1	2.52005e+06	1	68.2174	1	245.051	1	112.175	1	31.6228	298.818	326.687
252	30.3308	1	2.52005e+06	1	68.2174	1	245.051	1	112.175	1	100	329.876	362.031
253	25.4045	1	101973	1	170.006	1	503.427	1	59.0713	1	0	273.249	301.462
253	25.4045	1	101973	1	170.006	1	503.427	1	59.0713	1	0.001	273.25	301.462
253	25.4045	1	101973	1	170.006	1	503.427	1	59.0713	1	0.00316228	273.252	301.463
253	25.4045	1	101973	1	170.006	1	503.427	1	59.0713	1	0.01	273.257	301.467
253	25.4045	1	101973	1	170.006	1	503.427	1	59.0713	1	0.0316228	273.274	301.479
253	25.4045	1	101973	1	170.006	1	503.427	1	59.0713	1	0.1	273.326	301.516
253	25.4045	1	101973	1	170.006	1	503.427	1	59.0713	1	0.316228	273.49	301.632
253	25.4045	1	101973	1	170.006	1	503.427	1	59.0713	1	1	274	301.997
253	25.4045	1	101973	1	170.006	1	503.427	1	59.0713	1	3.16228	275.519	303.116
253	25.4045	1	101973	1	170.006	1	503.427	1	59.0713	1	10	279.784	306.441
253	25.4045	1	101973	1	170.006	1	503.427	1	59.0713	1	31.6228	288.996	315.188
253	25.4045	1	101973	1	170.006	1	503.427	1	59.0713	1	100	307.083	335.775
254	35.5741	1	1.22931e+06	1	68.5269	1	172.763	1	159.121	1	0	273.249	301.462
254	35.5741	1	1.22931e+06	1	68.5269	1	172.763	1	159.121	1	0.001	273.251	301.463
254	35.5741	1	1.22931e+06	1	68.5269	1	172.763	1	159.121	1	0.00316228	273.253	301.465
254	35.5741	1	1.22931e+06	1	68.5269	1	172.763	1	159.121	1	0.01	273.261	301.473
254	35.5741	1	1.22931e+06	1	68.5269	1	172.763	1	159.121	1	0.0316228	273.287	301.497
254	35.5741	1	1.22931e+06	1	68.5269	1	172.763	1	159.121	1	0.1	273.367	301.575
254	35.5741	1	1.22931e+06	1	68.5269	1	172.763	1	159.121	1	0.316228	273.621	301.819
254	35.5741	1	1.22931e+06	1	68.5269	1	172.763	1	159.121	1	1	274.414	302.584
254	35.5741	1	1.22931e+06	1	68.5269	1	172.763	1	159.121	1	3.16228	276.843	304.937
254	35.5741	1	1.22931e+06	1	68.5269	1	172.763	1	159.121	1	10	283.917	311.834
254	35.5741	1	1.22931e+06	1	68.5269	1	172.763	1	159.121	1	31.6228	302.067	330.224
254	35.5741	1	1.22931e+06	1	68.5269	1	172.763	1	159.121	1	100	339.815	372.287
255	62.66	1	198245	1	81.3523	1	237.255	1	100.031	1	0	273.249	301.462
255	62.66	1	198245	1	81.3523	1	237.255	1	100.031	1	0.001	273.25	301.462
255	62.66	1	198245	1	81.3523	1	237.255	1	100.031	1	0.00316228	273.252	301.464
255	62.66	1	198245	1	81.3523	1	237.255	1	100.031	1	0.01	273.258	301.47
255	62.66	1	198245	1	81.3523	1	237.255	1	100.031	1	0.0316228	273.277	301.49
255	62.66	1	198245	1	81.3523	1	237.255	1	100.031	1	0.1	273.336	301.55
255	62.66	1	198245	1	81.3523	1	237.255	1	100.031	1	0.316228	273.523	301.741
255	62.66	1	198245	1	81.3523	1	237.255	1	100.031	1	1	274.111	302.341
255	62.66	1	198245	1	81.3523	1	237.255	1	100.031	1	3.16228	275.927	304.197
255	62.66	1	198245	1	81.3523	1	237.255	1	100.031	1	10	281.308	309.696
255	62.66	1	198245	1	81.3523	1	237.255	1	100.031	1	31.6228	295.71	324.51
255	62.66	1	198245	1	81.3523	1	237.255	1	100.031	1	100	327.56	359.459
256	37.7486	1	567275	1	53.4296	1	79.4287	1	38.0841	1	0	273.249	301.462
256	37.7486	1	567275	1	53.4296	1	79.4287	1	38.0841	1	0.001	273.251	301.463
256	37.7486	1	567275	1	53.4296	1	79.4287	1	38.0841	1	0.00316228	273.255	301.467
256	37.7486	1	567275	1	53.4296	1	79.4287	1	38.0841	1	0.01	273.268	301.48
256	37.7486	1	567275	1	53.4296	1	79.4287	1	38.0841	1	0.0316228	273.307	301.52
256	37.7486	1	567275	1	53.4296	1	79.4287	1	38.0841	1	0.1	273.431	301.647
256	37.7486	1	567275	1	53.4296	1	79.4287	1	38.0841	1	0.316228	273.824	302.046
256	37.7486	1	567275	1	53.4296	1	79.4287	1	38.0841	1	1	275.049	303.295
256	37.7486	1	567275	1	53.4296	1	79.4287	1	38.0841	1	3.16228	278.791	307.111
256	37.7486	1	567275	1	53.4296	1	79.4287	1	38.0841	1	10	289.475	318.025
256	37.7486	1	567275	1	53.4296	1	79.4287	1	38.0841	1	31.6228	317.345	347.218
256	37.7486	1	567275	1	53.4296	1	79.4287	1	38.0841	1	100	376.332	411.722
257	51.935	1	857146	1	56.8571	1	200.499	1	106.785	1	0	273.249	301.462
257	51.935	1	857146	1	56.8571	1	200.499	1	106.785	1	0.001	273.251	301.463
257	51.935	1	857146	1	56.8571	1	200.499	1	106.785	1	0.00316228	273.253	301.465
257	51.935	1	857146	1	56.8571	1	200.499	1	106.785	1	0.01	273.261	301.473
257	51.935	1	857146	1	56.8571	1	200.499	1	106.785	1	0.0316228	273.285	301.498
257	51.935	1	857146	1	56.8571	1	200.499	1	106.785	1	0.1	273.361	301.578
257	51.935	1	857146	1	56.8571	1	200.499	1	106.785	1	0.316228	273.602	301.83
257	51.935	1	857146	1	56.8571	1	200.499	1	106.785	1	1	274.357	302.617
257	51.935	1	857146	1	56.8571	1	200.499	1	106.785	1	3.16228	276.671	305.028
257	51.935	1	857146	1	56.8571	1	200.499	1	106.785	1	10	283.413	312.037
257	51.935	1	857146	1	56.8571	1	200.499	1	106.785	1	31.6228	300.723	330.091
257	51.935	1	857146	1	56.8571	1	200.499	1	106.785	1	100	336.739	369.928
258	49.2783	1	1.42712e+06	1	82.6286	1	272.455	1	78.9806	1	0	273.249	301.462
258	49.2783	1	1.42712e+06	1	82.6286	1	272.455	1	78.9806	1	0.001	273.25	301.462
258	49.2783	1	1.42712e+06	1	82.6286	1	272.455	1	78.9806	1	0.00316228	273.252	301.464
258	49.2783	1	1.42712e+06	1	82.6286	1	272.455	1	78.9806	1	0.01	273.258	301.47
258	49.2783	1	1.42712e+06	1	82.6286	1	272.455	1	78.9806	1	0.0316228	273.277	301.489
258	49.2783	1	1.42712e+06	1	82.6286	1	272.455	1	78.9806	1	0.1	273.337	301.547
258	49.2783	1	1.42712e+06	1	82.6286	1	272.455	1	78.9806	1	0.316228	273.524	301.731
258	49.2783	1	1.42712e+06	1	82.6286	1	272.455	1	78.9806	1	1	274.113	302.31
258	49.2783	1	1.42712e+06	1	82.6286	1	272.455	1	78.9806	1	3.16228	275.927	304.096
258	49.2783	1	1.42712e+06	1	82.6286	1	272.455	1	78.9806	1	10	281.271	309.381
258	49.2783	1	1.42712e+06	1	82.6286	1	272.455	1	78.9806	1	31.6228	295.155	323.45
258	49.2783	1	1.42712e+06	1	82.6286	1	272.455	1	78.9806	1	100	324.338	356.022
259	66.7259	1	2.02471e+06	1	82.429	1	320.791	1	37.797	1	0	273.249	301.462
259	66.7259	1	2.02471e+06	1	82.429	1	320.791	1	37.797	1	0.001	273.25	301.462
259	66.7259	1	2.02471e+06	1	82.429	1	320.791	1	37.797	1	0.00316228	273.252	301.464
259	66.7259	1	2.02471e+06	1	82.429	1	320.791	1	37.797	1	0.01	273.257	301.47
259	66.7259	1	2.02471e+06	1	82.429	1	320.791	1	37.797	1	0.0316228	273.275	301.487
259	66.7259	1	2.02471e+06	1	82.429	1	320.791	1	37.797	1	0.1	273.329	301.543
259	66.7259	1	2.02471e+06	1	82.429	1	320.791	1	37.797	1	0.316228	273.5	301.72
259	66.7259	1	2.02471e+06	1	82.429	1	320.791	1	37.797	1	1	274.038	302.274
259	66.7259	1	2.02471e+06	1	82.429	1	320.791	1	37.797	1	3.16228	275.694	303.982
259	66.7259	1	2.02471e+06	1	82.429	1	320.791	1	37.797	1	10	280.496	308.937
259	66.7259	1	2.02471e+06	1	82.429	1	320.791	1	37.797	1	31.6228	292.922	321.891
259	66.7259	1	2.02471e+06	1	82.429	1	320.791	1	37.797	1	100	318.808	351.626
260	59.4253	1	1.21907e+06	1	74.5788	1	196.062	1	98.1892	1	0	273.249	301.462
260	59.4253	1	1.21907e+06	1	74.5788	1	196.062	1	98.1892	1	0.001	273.25	301.463
260	59.4253	1	1.21907e+06	1	74.5788	1	196.062	1	98.1892	1	0.00316228	273.253	301.465
260	59.4253	1	1.21907e+06	1	74.5788	1	196.062	1	98.1892	1	0.01	273.259	301.472
260	59.4253	1	1.21907e+06	1	74.5788	1	196.062	1	98.1892	1	0.0316228	273.28	301.493
260	59.4253	1	1.21907e+06	1	74.5788	1	196.062	1	98.1892	1	0.1	273.347	301.562
260	59.4253	1	1.21907e+06	1	74.5788	1	196.062	1	98.1892	1	0.316228	273.558	301.778
260	59.4253	1	1.21907e+06	1	74.5788	1	196.062	1	98.1892	1	1	274.219	302.457
260	59.4253	1	1.21907e+06	1	74.5788	1	196.062	1	98.1892	1	3.16228	276.261	304.553
260	59.4253	1	1.21907e+06	1	74.5788	1	196.062	1	98.1892	1	10	282.293	310.738
260	59.4253	1	1.21907e+06	1	74.5788	1	196.062	1	98.1892	1	31.6228	298.426	327.395
260	59.4253	1	1.21907e+06	1	74.5788	1	196.062	1	98.1892	1	100	334.038	366.428
261	35.5496	1	883848	1	59.3896	1	1067.92	1	82.6752	1	0	273.249	301.462
261	35.5496	1	883848	1	59.3896	1	1067.92	1	82.6752	1	0.001	273.25	301.462
261	35.5496	1	883848	1	59.3896	1	1067.92	1	82.6752	1	0.00316228	273.252	301.464
261	35.5496	1	883848	1	59.3896	1	1067.92	1	82.6752	1	0.01	273.258	301.47
261	35.5496	1	883848	1	59.3896	1	1067.92	1	82.6752	1	0.0316228	273.278	301.489
261	35.5496	1	883848	1	59.3896	1	1067.92	1	82.6752	1	0.1	273.338	301.547
261	35.5496	1	883848	1	59.3896	1	1067.92	1	82.6752	1	0.316228	273.53	301.731
261	35.5496	1	883848	1	59.3896	1	1067.92	1	82.6752	1	1	274.126	302.304
261	35.5496	1	883848	1	59.3896	1	1067.92	1	82.6752	1	3.16228	275.922	304.038
261	35.5496	1	883848	1	59.3896	1	1067.92	1	82.6752	1	10	280.955	308.931
261	35.5496	1	883848	1	59.3896	1	1067.92	1	82.6752	1	31.6228	292.154	320.443
261	35.5496	1	883848	1	59.3896	1	1067.92	1	82.6752	1	100	308.602	340.406
262	70.2137	1	652674	1	51.3199	1	226.202	1	57.3889	1	0	273.249	301.462
262	70.2137	1	652674	1	51.3199	1	226.202	1	57.3889	1	0.001	273.251	301.463
262	70.2137	1	652674	1	51.3199	1	226.202	1	57.3889	1	0.00316228	273.253	301.465
262	70.2137	1	652674	1	51.3199	1	226.202	1	57.3889	1	0.01	273.26	301.474
262	70.2137	1	652674	1	51.3199	1	226.202	1	57.3889	1	0.0316228	273.284	301.499
262	70.2137	1	652674	1	51.3199	1	226.202	1	57.3889	1	0.1	273.359	301.581
262	70.2137	1	652674	1	51.3199	1	226.202	1	57.3889	1	0.316228	273.594	301.839
262	70.2137	1	652674	1	51.3199	1	226.202	1	57.3889	1	1	274.329	302.644
262	70.2137	1	652674	1	51.3199	1	226.202	1	57.3889	1	3.16228	276.581	305.1
262	70.2137	1	652674	1	51.3199	1	226.202	1	57.3889	1	10	283.063	312.144
262	70.2137	1	652674	1	51.3199	1	226.202	1	57.3889	1	31.6228	299.357	329.664
262	70.2137	1	652674	1	51.3199	1	226.202	1	57.3889	1	100	332.647	367.163
263	85.1749	1	9.70348e+06	1	71.3124	1	425.343	1	103.689	1	0	273.249	301.462
263	85.1749	1	9.70348e+06	1	71.3124	1	425.343	1	103.689	1	0.001	273.25	301.462
263	85.1749	1	9.70348e+06	1	71.3124	1	425.343	1	103.689	1	0.00316228	273.252	301.464
263	85.1749	1	9.70348e+06	1	71.3124	1	425.343	1	103.689	1	0.01	273.257	301.47
263	85.1749	1	9.70348e+06	1	71.3124	1	425.343	1	103.689	1	0.0316228	273.273	301.487
263	85.1749	1	9.70348e+06	1	71.3124	1	425.343	1	103.689	1	0.1	273.323	301.541
263	85.1749	1	9.70348e+06	1	71.3124	1	425.343	1	103.689	1	0.316228	273.481	301.713
263	85.1749	1	9.70348e+06	1	71.3124	1	425.343	1	103.689	1	1	273.979	302.251
263	85.1749	1	9.70348e+06	1	71.3124	1	425.343	1	103.689	1	3.16228	275.511	303.905
263	85.1749	1	9.70348e+06	1	71.3124	1	425.343	1	103.689	1	10	279.997	308.719
263	85.1749	1	9.70348e+06	1	71.3124	1	425.343	1	103.689	1	31.6228	291.638	321.157
263	85.1749	1	9.70348e+06	1	71.3124	1	425.343	1	103.689	1	100	315.923	348.072
264	53.4005	1	737546	1	41.5782	1	439.728	1	88.2791	1	0	273.249	301.462
264	53.4005	1	737546	1	41.5782	1	439.728	1	88.2791	1	0.001	273.251	301.463
264	53.4005	1	737546	1	41.5782	1	439.728	1	88.2791	1	0.00316228	273.253	301.465
264	53.4005	1	737546	1	41.5782	1	439.728	1	88.2791	1	0.01	273.261	301.474
264	53.4005	1	737546	1	41.5782	1	439.728	1	88.2791	1	0.0316228	273.284	301.5
264	53.4005	1	737546	1	41.5782	1	439.728	1	88.2791	1	0.1	273.36	301.583
264	53.4005	1	737546	1	41.5782	1	439.728	1	88.2791	1	0.316228	273.598	301.844
264	53.4005	1	737546	1	41.5782	1	439.728	1	88.2791	1	1	274.339	302.656
264	53.4005	1	737546	1	41.5782	1	439.728	1	88.2791	1	3.16228	276.571	305.092
264	53.4005	1	737546	1	41.5782	1	439.728	1	88.2791	1	10	282.8	311.853
264	53.4005	1	737546	1	41.5782	1	439.728	1	88.2791	1	31.6228	297.069	327.192
264	53.4005	1	737546	1	41.5782	1	439.728	1	88.2791	1	100	321.212	354.982
265	60.3209	1	1.66901e+06	1	103.569	1	300.776	1	143.051	1	0	273.249	301.462
265	60.3209	1	1.66901e+06	1	103.569	1	300.776	1	143.051	1	0.001	273.25	301.462
265	60.3209	1	1.66901e+06	1	103.569	1	300.776	1	143.051	1	0.00316228	273.252	301.464
265	60.3209	1	1.66901e+06	1	103.569	1	300.776	1	143.051	1	0.01	273.257	301.469
265	60.3209	1	1.66901e+06	1	103.569	1	300.776	1	143.051	1	0.0316228	273.272	301.484
265	60.3209	1	1.66901e+06	1	103.569	1	300.776	1	143.051	1	0.1	273.322	301.532
265	60.3209	1	1.66901e+06	1	103.569	1	300.776	1	143.051	1	0.316228	273.478	301.685
265	60.3209	1	1.66901e+06	1	103.569	1	300.776	1	143.051	1	1	273.969	302.166
265	60.3209	1	1.66901e+06	1	103.569	1	300.776	1	143.051	1	3.16228	275.489	303.658
265	60.3209	1	1.66901e+06	1	103.569	1	300.776	1	143.051	1	10	280.023	308.131
265	60.3209	1	1.66901e+06	1	103.569	1	300.776	1	143.051	1	31.6228	292.384	320.512
265	60.3209	1	1.66901e+06	1	103.569	1	300.776	1	143.051	1	100	319.738	350.22
266	45.858	1	1.139e+06	1	111.571	1	180.702	1	77.8002	1	0	273.249	301.462
266	45.858	1	1.139e+06	1	111.571	1	180.702	1	77.8002	1	0.001	273.25	301.462
266	45.858	1	1.139e+06	1	111.571	1	180.702	1	77.8002	1	0.00316228	273.252	301.464
266	45.858	1	1.139e+06	1	111.571	1	180.702	1	77.8002	1	0.01	273.259	301.47
266	45.858	1	1.139e+06	1	111.571	1	180.702	1	77.8002	1	0.0316228	273.279	301.489
266	45.858	1	1.139e+06	1	111.571	1	180.702	1	77.8002	1	0.1	273.343	301.549
266	45.858	1	1.139e+06	1	111.571	1	180.702	1	77.8002	1	0.316228	273.544	301.739
266	45.858	1	1.139e+06	1	111.571	1	180.702	1	77.8002	1	1	274.175	302.335
266	45.858	1	1.139e+06	1	111.571	1	180.702	1	77.8002	1	3.16228	276.123	304.186
266	45.858	1	1.139e+06	1	111.571	1	180.702	1	77.8002	1	10	281.912	309.741
266	45.858	1	1.139e+06	1	111.571	1	180.702	1	77.8002	1	31.6228	297.464	325.206
266	45.858	1	1.139e+06	1	111.571	1	180.702	1	77.8002	1	100	332.401	363.329
267	52.4776	1	322085	1	81.6567	1	141.231	1	71.7289	1	0	273.249	301.462
267	52.4776	1	322085	1	81.6567	1	141.231	1	71.7289	1	0.001	273.251	301.463
267	52.4776	1	322085	1	81.6567	1	141.231	1	71.7289	1	0.00316228	273.253	301.465
267	52.4776	1	322085	1	81.6567	1	141.231	1	71.7289	1	0.01	273.261	301.473
267	52.4776	1	322085	1	81.6567	1	141.231	1	71.7289	1	0.0316228	273.285	301.497
267	52.4776	1	322085	1	81.6567	1	141.231	1	71.7289	1	0.1	273.361	301.574
267	52.4776	1	322085	1	81.6567	1	141.231	1	71.7289	1	0.316228	273.603	301.816
267	52.4776	1	322085	1	81.6567	1	141.231	1	71.7289	1	1	274.36	302.577
267	52.4776	1	322085	1	81.6567	1	141.231	1	71.7289	1	3.16228	276.698	304.93
267	52.4776	1	322085	1	81.6567	1	141.231	1	71.7289	1	10	283.61	311.898
267	52.4776	1	322085	1	81.6567	1	141.231	1	71.7289	1	31.6228	302.241	330.944
267	52.4776	1	322085	1	81.6567	1	141.231	1	71.7289	1	100	344.058	376.671
268	43.0525	1	1.81851e+06	1	114.784	1	920.695	1	92.5053	1	0	273.249	301.462
268	43.0525	1	1.81851e+06	1	114.784	1	920.695	1	92.5053	1	0.001	273.25	301.462
268	43.0525	1	1.81851e+06	1	114.784	1	920.695	1	92.5053	1	0.00316228	273.251	301.463
268	43.0525	1	1.81851e+06	1	114.784	1	920.695	1	92.5053	1	0.01	273.255	301.467
268	43.0525	1	1.81851e+06	1	114.784	1	920.695	1	92.5053	1	0.0316228	273.269	301.478
268	43.0525	1	1.81851e+06	1	114.784	1	920.695	1	92.5053	1	0.1	273.31	301.514
268	43.0525	1	1.81851e+06	1	114.784	1	920.695	1	92.5053	1	0.316228	273.44	301.627
268	43.0525	1	1.81851e+06	1	114.784	1	920.695	1	92.5053	1	1	273.847	301.981
268	43.0525	1	1.81851e+06	1	114.784	1	920.695	1	92.5053	1	3.16228	275.091	303.075
268	43.0525	1	1.81851e+06	1	114.784	1	920.695	1	92.5053	1	10	278.71	306.315
268	43.0525	1	1.81851e+06	1	114.784	1	920.695	1	92.5053	1	31.6228	287.722	314.947
268	43.0525	1	1.81851e+06	1	114.784	1	920.695	1	92.5053	1	100	303.57	333.246
269	31.2912	1	1.2965e+06	1	62.279	1	511.285	1	78.0398	1	0	273.249	301.462
269	31.2912	1	1.2965e+06	1	62.279	1	511.285	1	78.0398	1	0.001	273.25	301.462
269	31.2912	1	1.2965e+06	1	62.279	1	511.285	1	78.0398	1	0.00316228	273.253	301.464
269	31.2912	1	1.2965e+06	1	62.279	1	511.285	1	78.0398	1	0.01	273.259	301.471
269	31.2912	1	1.2965e+06	1	62.279	1	511.285	1	78.0398	1	0.0316228	273.281	301.491
269	31.2912	1	1.2965e+06	1	62.279	1	511.285	1	78.0398	1	0.1	273.348	301.553
269	31.2912	1	1.2965e+06	1	62.279	1	511.285	1	78.0398	1	0.316228	273.56	301.75
269	31.2912	1	1.2965e+06	1	62.279	1	511.285	1	78.0398	1	1	274.219	302.366
269	31.2912	1	1.2965e+06	1	62.279	1	511.285	1	78.0398	1	3.16228	276.209	304.237
269	31.2912	1	1.2965e+06	1	62.279	1	511.285	1	78.0398	1	10	281.83	309.591
269	31.2912	1	1.2965e+06	1	62.279	1	511.285	1	78.0398	1	31.6228	294.516	322.6
269	31.2912	1	1.2965e+06	1	62.279	1	511.285	1	78.0398	1	100	316.174	348.13
270	35.2767	1	457007	1	76.8589	1	4314.33	1	68.2808	1	0	273.249	301.462
270	35.2767	1	457007	1	76.8589	1	4314.33	1	68.2808	1	0.001	273.25	301.462
270	35.2767	1	457007	1	76.8589	1	4314.33	1	68.2808	1	0.00316228	273.252	301.464
270	35.2767	1	457007	1	76.8589	1	4314.33	1	68.2808	1	0.01	273.257	301.468
270	35.2767	1	457007	1	76.8589	1	4314.33	1	68.2808	1	0.0316228	273.273	301.482
270	35.2767	1	457007	1	76.8589	1	4314.33	1	68.2808	1	0.1	273.322	301.527
270	35.2767	1	457007	1	76.8589	1	4314.33	1	68.2808	1	0.316228	273.479	301.667
270	35.2767	1	457007	1	76.8589	1	4314.33	1	68.2808	1	1	273.967	302.105
270	35.2767	1	457007	1	76.8589	1	4314.33	1	68.2808	1	3.16228	275.436	303.435
270	35.2767	1	457007	1	76.8589	1	4314.33	1	68.2808	1	10	279.543	307.204
270	35.2767	1	457007	1	76.8589	1	4314.33	1	68.2808	1	31.6228	288.522	316.187
270	35.2767	1	457007	1	76.8589	1	4314.33	1	68.2808	1	100	300.502	331.225
271	57.0547	1	811437	1	61.0181	1	913.899	1	57.0492	1	0	273.249	301.462
271	57.0547	1	811437	1	61.0181	1	913.899	1	57.0492	1	0.001	273.25	301.462
271	57.0547	1	811437	1	61.0181	1	913.899	1	57.0492	1	0.00316228	273.252	301.464
271	57.0547	1	811437	1	61.0181	1	913.899	1	57.0492	1	0.01	273.257	301.47
271	57.0547	1	811437	1	61.0181	1	913.899	1	57.0492	1	0.0316228	273.274	301.488
271	57.0547	1	811437	1	61.0181	1	913.899	1	57.0492	1	0.1	273.328	301.544
271	57.0547	1	811437	1	61.0181	1	913.899	1	57.0492	1	0.316228	273.497	301.722
271	57.0547	1	811437	1	61.0181	1	913.899	1	57.0492	1	1	274.025	302.276
271	57.0547	1	811437	1	61.0181	1	913.899	1	57.0492	1	3.16228	275.629	303.959
271	57.0547	1	811437	1	61.0181	1	913.899	1	57.0492	1	10	280.17	308.709
271	57.0547	1	811437	1	61.0181	1	913.899	1	57.0492	1	31.6228	290.909	320.048
271	57.0547	1	811437	1	61.0181	1	913.899	1	57.0492	1	100	308.029	340.609
272	25.2061	1	894756	1	63.382	1	463.568	1	41.9238	1	0	273.249	301.462
272	25.2061	1	894756	1	63.382	1	463.568	1	41.9238	1	0.001	273.251	301.463
272	25.2061	1	894756	1	63.382	1	463.568	1	41.9238	1	0.00316228	273.253	301.465
272	25.2061	1	894756	1	63.382	1	463.568	1	41.9238	1	0.01	273.26	301.471
272	25.2061	1	894756	1	63.382	1	463.568	1	41.9238	1	0.0316228	273.284	301.492
272	25.2061	1	894756	1	63.382	1	463.568	1	41.9238	1	0.1	273.358	301.558
272	25.2061	1	894756	1	63.382	1	463.568	1	41.9238	1	0.316228	273.592	301.765
272	25.2061	1	894756	1	63.382	1	463.568	1	41.9238	1	1	274.318	302.411
272	25.2061	1	894756	1	63.382	1	463.568	1	41.9238	1	3.16228	276.487	304.37
272	25.2061	1	894756	1	63.382	1	463.568	1	41.9238	1	10	282.489	309.918
272	25.2061	1	894756	1	63.382	1	463.568	1	41.9238	1	31.6228	294.952	323.137
272	25.2061	1	894756	1	63.382	1	463.568	1	41.9238	1	100	317.429	349.551
273	45.8254	1	1.41299e+06	1	62.0153	1	298.84	1	119.862	1	0	273.249	301.462
273	45.8254	1	1.41299e+06	1	62.0153	1	298.84	1	119.862	1	0.001	273.25	301.463
273	45.8254	1	1.41299e+06	1	62.0153	1	298.84	1	119.862	1	0.00316228	273.253	301.465
273	45.8254	1	1.41299e+06	1	62.0153	1	298.84	1	119.862	1	0.01	273.259	301.471
273	45.8254	1	1.41299e+06	1	62.0153	1	298.84	1	119.862	1	0.0316228	273.28	301.493
273	45.8254	1	1.41299e+06	1	62.0153	1	298.84	1	119.862	1	0.1	273.347	301.56
273	45.8254	1	1.41299e+06	1	62.0153	1	298.84	1	119.862	1	0.316228	273.558	301.773
273	45.8254	1	1.41299e+06	1	62.0153	1	298.84	1	119.862	1	1	274.216	302.439
273	45.8254	1	1.41299e+06	1	62.0153	1	298.84	1	119.862	1	3.16228	276.233	304.478
273	45.8254	1	1.41299e+06	1	62.0153	1	298.84	1	119.862	1	10	282.083	310.396
273	45.8254	1	1.41299e+06	1	62.0153	1	298.84	1	119.862	1	31.6228	296.78	325.524
273	45.8254	1	1.41299e+06	1	62.0153	1	298.84	1	119.862	1	100	325.572	357.858
274	62.2493	1	1.47816e+06	1	148.225	1	355.622	1	99.7772	1	0	273.249	301.462
274	62.2493	1	1.47816e+06	1	148.225	1	355.622	1	99.7772	1	0.001	273.25	301.462
274	62.2493	1	1.47816e+06	1	148.225	1	355.622	1	99.7772	1	0.00316228	273.251	301.463
274	62.2493	1	1.47816e+06	1	148.225	1	355.622	1	99.7772	1	0.01	273.255	301.467
274	62.2493	1	1.47816e+06	1	148.225	1	355.622	1	99.7772	1	0.0316228	273.268	301.479
274	62.2493	1	1.47816e+06	1	148.225	1	355.622	1	99.7772	1	0.1	273.309	301.517
274	62.2493	1	1.47816e+06	1	148.225	1	355.622	1	99.7772	1	0.316228	273.438	301.637
274	62.2493	1	1.47816e+06	1	148.225	1	355.622	1	99.7772	1	1	273.843	302.015
274	62.2493	1	1.47816e+06	1	148.225	1	355.622	1	99.7772	1	3.16228	275.101	303.193
274	62.2493	1	1.47816e+06	1	148.225	1	355.622	1	99.7772	1	10	278.874	306.766
274	62.2493	1	1.47816e+06	1	148.225	1	355.622	1	99.7772	1	31.6228	289.299	316.888
274	62.2493	1	1.47816e+06	1	148.225	1	355.622	1	99.7772	1	100	312.579	342.151
275	49.6849	1	344374	1	57.2775	1	321.21	1	139.317	1	0	273.249	301.462
275	49.6849	1	344374	1	57.2775	1	321.21	1	139.317	1	0.001	273.25	301.463
275	49.6849	1	344374	1	57.2775	1	321.21	1	139.317	1	0.00316228	273.253	301.465
275	49.6849	1	344374	1	57.2775	1	321.21	1	139.317	1	0.01	273.259	301.472
275	49.6849	1	344374	1	57.2775	1	321.21	1	139.317	1	0.0316228	273.28	301.494
275	49.6849	1	344374	1	57.2775	1	321.21	1	139.317	1	0.1	273.347	301.563
275	49.6849	1	344374	1	57.2775	1	321.21	1	139.317	1	0.316228	273.559	301.782
275	49.6849	1	344374	1	57.2775	1	321.21	1	139.317	1	1	274.219	302.465
275	49.6849	1	344374	1	57.2775	1	321.21	1	139.317	1	3.16228	276.237	304.553
275	49.6849	1	344374	1	57.2775	1	321.21	1	139.317	1	10	282.069	310.572
275	49.6849	1	344374	1	57.2775	1	321.21	1	139.317	1	31.6228	296.627	325.699
275	49.6849	1	344374	1	57.2775	1	321.21	1	139.317	1	100	324.734	357.239
276	63.3893	1	1.53777e+06	1	29.3423	1	282.069	1	131.663	1	0	273.249	301.462
276	63.3893	1	1.53777e+06	1	29.3423	1	282.069	1	131.663	1	0.001	273.251	301.463
276	63.3893	1	1.53777e+06	1	29.3423	1	282.069	1	131.663	1	0.00316228	273.254	301.467
276	63.3893	1	1.53777e+06	1	29.3423	1	282.069	1	131.663	1	0.01	273.264	301.479
276	63.3893	1	1.53777e+06	1	29.3423	1	282.069	1	131.663	1	0.0316228	273.296	301.515
276	63.3893	1	1.53777e+06	1	29.3423	1	282.069	1	131.663	1	0.1	273.396	301.631
276	63.3893	1	1.53777e+06	1	29.3423	1	282.069	1	131.663	1	0.316228	273.71	301.995
276	63.3893	1	1.53777e+06	1	29.3423	1	282.069	1	131.663	1	1	274.684	303.12
276	63.3893	1	1.53777e+06	1	29.3423	1	282.069	1	131.663	1	3.16228	277.576	306.433
276	63.3893	1	1.53777e+06	1	29.3423	1	282.069	1	131.663	1	10	285.285	315.196
276	63.3893	1	1.53777e+06	1	29.3423	1	282.069	1	131.663	1	31.6228	302.684	334.403
276	63.3893	1	1.53777e+06	1	29.3423	1	282.069	1	131.663	1	100	333.395	368.525
277	41.218	1	695601	1	57.3436	1	382.517	1	76.8333	1	0	273.249	301.462
277	41.218	1	695601	1	57.3436	1	382.517	1	76.8333	1	0.001	273.25	301.463
277	41.218	1	695601	1	57.3436	1	382.517	1	76.8333	1	0.00316228	273.253	301.465
277	41.218	1	695601	1	57.3436	1	382.517	1	76.8333	1	0.01	273.259	301.472
277	41.218	1	695601	1	57.3436	1	382.517	1	76.8333	1	0.0316228	273.281	301.493
277	41.218	1	695601	1	57.3436	1	382.517	1	76.8333	1	0.1	273.349	301.561
277	41.218	1	695601	1	57.3436	1	382.517	1	76.8333	1	0.316228	273.563	301.776
277	41.218	1	695601	1	57.3436	1	382.517	1	76.8333	1	1	274.231	302.448
277	41.218	1	695601	1	57.3436	1	382.517	1	76.8333	1	3.16228	276.265	304.493
277	41.218	1	695601	1	57.3436	1	382.517	1	76.8333	1	10	282.089	310.363
277	41.218	1	695601	1	57.3436	1	382.517	1	76.8333	1	31.6228	295.996	324.765
277	41.218	1	695601	1	57.3436	1	382.517	1	76.8333	1	100	321.254	353.851
278	41.0312	1	1.07919e+06	1	79.615	1	682.445	1	100.622	1	0	273.249	301.462
278	41.0312	1	1.07919e+06	1	79.615	1	682.445	1	100.622	1	0.001	273.25	301.462
278	41.0312	1	1.07919e+06	1	79.615	1	682.445	1	100.622	1	0.00316228	273.252	301.464
278	41.0312	1	1.07919e+06	1	79.615	1	682.445	1	100.622	1	0.01	273.257	301.469
278	41.0312	1	1.07919e+06	1	79.615	1	682.445	1	100.622	1	0.0316228	273.273	301.484
278	41.0312	1	1.07919e+06	1	79.615	1	682.445	1	100.622	1	0.1	273.325	301.533
278	41.0312	1	1.07919e+06	1	79.615	1	682.445	1	100.622	1	0.316228	273.489	301.685
278	41.0312	1	1.07919e+06	1	79.615	1	682.445	1	100.622	1	1	273.999	302.164
278	41.0312	1	1.07919e+06	1	79.615	1	682.445	1	100.622	1	3.16228	275.557	303.631
278	41.0312	1	1.07919e+06	1	79.615	1	682.445	1	100.622	1	10	280.043	307.894
278	41.0312	1	1.07919e+06	1	79.615	1	682.445	1	100.622	1	31.6228	290.94	318.753
278	41.0312	1	1.07919e+06	1	79.615	1	682.445	1	100.622	1	100	309.902	340.817
279	27.297	1	1.29821e+06	1	71.129	1	128.075	1	121.862	1	0	273.249	301.462
279	27.297	1	1.29821e+06	1	71.129	1	128.075	1	121.862	1	0.001	273.251	301.463
279	27.297	1	1.29821e+06	1	71.129	1	128.075	1	121.862	1	0.00316228	273.254	301.466
279	27.297	1	1.29821e+06	1	71.129	1	128.075	1	121.862	1	0.01	273.263	301.475
279	27.297	1	1.29821e+06	1	71.129	1	128.075	1	121.862	1	0.0316228	273.294	301.503
279	27.297	1	1.29821e+06	1	71.129	1	128.075	1	121.862	1	0.1	273.39	301.591
279	27.297	1	1.29821e+06	1	71.129	1	128.075	1	121.862	1	0.316228	273.692	301.871
279	27.297	1	1.29821e+06	1	71.129	1	128.075	1	121.862	1	1	274.636	302.747
279	27.297	1	1.29821e+06	1	71.129	1	128.075	1	121.862	1	3.16228	277.508	305.438
279	27.297	1	1.29821e+06	1	71.129	1	128.075	1	121.862	1	10	285.79	313.314
279	27.297	1	1.29821e+06	1	71.129	1	128.075	1	121.862	1	31.6228	306.597	334.466
279	27.297	1	1.29821e+06	1	71.129	1	128.075	1	121.862	1	100	350.521	383.344
280	36.2255	1	1.15522e+06	1	89.8809	1	268.471	1	70.8813	1	0	273.249	301.462
280	36.2255	1	1.15522e+06	1	89.8809	1	268.471	1	70.8813	1	0.001	273.25	301.462
280	36.2255	1	1.15522e+06	1	89.8809	1	268.471	1	70.8813	1	0.00316228	273.252	301.464
280	36.2255	1	1.15522e+06	1	89.8809	1	268.471	1	70.8813	1	0.01	273.259	301.47
280	36.2255	1	1.15522e+06	1	89.8809	1	268.471	1	70.8813	1	0.0316228	273.279	301.488
280	36.2255	1	1.15522e+06	1	89.8809	1	268.471	1	70.8813	1	0.1	273.342	301.546
280	36.2255	1	1.15522e+06	1	89.8809	1	268.471	1	70.8813	1	0.316228	273.541	301.728
280	36.2255	1	1.15522e+06	1	89.8809	1	268.471	1	70.8813	1	1	274.165	302.3
280	36.2255	1	1.15522e+06	1	89.8809	1	268.471	1	70.8813	1	3.16228	276.072	304.064
280	36.2255	1	1.15522e+06	1	89.8809	1	268.471	1	70.8813	1	10	281.645	309.296
280	36.2255	1	1.15522e+06	1	89.8809	1	268.471	1	70.8813	1	31.6228	295.545	323.173
280	36.2255	1	1.15522e+06	1	89.8809	1	268.471	1	70.8813	1	100	324.391	355.593
281	26.9414	1	612002	1	39.8181	1	729.623	1	126.227	1	0	273.249	301.462
281	26.9414	1	612002	1	39.8181	1	729.623	1	126.227	1	0.001	273.251	301.463
281	26.9414	1	612002	1	39.8181	1	729.623	1	126.227	1	0.00316228	273.253	301.465
281	26.9414	1	612002	1	39.8181	1	729.623	1	126.227	1	0.01	273.262	301.474
281	26.9414	1	612002	1	39.8181	1	729.623	1	126.227	1	0.0316228	273.289	301.501
281	26.9414	1	612002	1	39.8181	1	729.623	1	126.227	1	0.1	273.375	301.585
281	26.9414	1	612002	1	39.8181	1	729.623	1	126.227	1	0.316228	273.646	301.851
281	26.9414	1	612002	1	39.8181	1	729.623	1	126.227	1	1	274.482	302.676
281	26.9414	1	612002	1	39.8181	1	729.623	1	126.227	1	3.16228	276.961	305.124
281	26.9414	1	612002	1	39.8181	1	729.623	1	126.227	1	10	283.669	311.801
281	26.9414	1	612002	1	39.8181	1	729.623	1	126.227	1	31.6228	297.247	326.185
281	26.9414	1	612002	1	39.8181	1	729.623	1	126.227	1	100	315.817	349.071
282	32.3519	1	2.60502e+06	1	102.378	1	216.001	1	508.932	1	0	273.249	301.462
282	32.3519	1	2.60502e+06	1	102.378	1	216.001	1	508.932	1	0.001	273.25	301.462
282	32.3519	1	2.60502e+06	1	102.378	1	216.001	1	508.932	1	0.00316228	273.252	301.464
282	32.3519	1	2.60502e+06	1	102.378	1	216.001	1	508.932	1	0.01	273.259	301.47
282	32.3519	1	2.60502e+06	1	102.378	1	216.001	1	508.932	1	0.0316228	273.28	301.488
282	32.3519	1	2.60502e+06	1	102.378	1	216.001	1	508.932	1	0.1	273.346	301.547
282	32.3519	1	2.60502e+06	1	102.378	1	216.001	1	508.932	1	0.316228	273.555	301.73
282	32.3519	1	2.60502e+06	1	102.378	1	216.001	1	508.932	1	1	274.208	302.306
282	32.3519	1	2.60502e+06	1	102.378	1	216.001	1	508.932	1	3.16228	276.202	304.086
282	32.3519	1	2.60502e+06	1	102.378	1	216.001	1	508.932	1	10	282.025	309.392
282	32.3519	1	2.60502e+06	1	102.378	1	216.001	1	508.932	1	31.6228	296.89	323.838
282	32.3519	1	2.60502e+06	1	102.378	1	216.001	1	508.932	1	100	328.311	358.886
283	72.552	1	2.17204e+06	1	75.7933	1	130.329	1	107.988	1	0	273.249	301.462
283	72.552	1	2.17204e+06	1	75.7933	1	130.329	1	107.988	1	0.001	273.251	301.463
283	72.552	1	2.17204e+06	1	75.7933	1	130.329	1	107.988	1	0.00316228	273.253	301.465
283	72.552	1	2.17204e+06	1	75.7933	1	130.329	1	107.988	1	0.01	273.261	301.473
283	72.552	1	2.17204e+06	1	75.7933	1	130.329	1	107.988	1	0.0316228	273.285	301.499
283	72.552	1	2.17204e+06	1	75.7933	1	130.329	1	107.988	1	0.1	273.362	301.58
283	72.552	1	2.17204e+06	1	75.7933	1	130.329	1	107.988	1	0.316228	273.606	301.835
283	72.552	1	2.17204e+06	1	75.7933	1	130.329	1	107.988	1	1	274.371	302.636
283	72.552	1	2.17204e+06	1	75.7933	1	130.329	1	107.988	1	3.16228	276.736	305.112
283	72.552	1	2.17204e+06	1	75.7933	1	130.329	1	107.988	1	10	283.729	312.413
283	72.552	1	2.17204e+06	1	75.7933	1	130.329	1	107.988	1	31.6228	302.999	332.51
283	72.552	1	2.17204e+06	1	75.7933	1	130.329	1	107.988	1	100	347.525	380.452
284	27.3479	1	356070	1	113.238	1	545.354	1	50.8912	1	0	273.249	301.462
284	27.3479	1	356070	1	113.238	1	545.354	1	50.8912	1	0.001	273.25	301.462
284	27.3479	1	356070	1	113.238	1	545.354	1	50.8912	1	0.00316228	273.252	301.464
284	27.3479	1	356070	1	113.238	1	545.354	1	50.8912	1	0.01	273.258	301.468
284	27.3479	1	356070	1	113.238	1	545.354	1	50.8912	1	0.0316228	273.275	301.482
284	27.3479	1	356070	1	113.238	1	545.354	1	50.8912	1	0.1	273.331	301.526
284	27.3479	1	356070	1	113.238	1	545.354	1	50.8912	1	0.316228	273.507	301.665
284	27.3479	1	356070	1	113.238	1	545.354	1	50.8912	1	1	274.053	302.098
284	27.3479	1	356070	1	113.238	1	545.354	1	50.8912	1	3.16228	275.691	303.428
284	27.3479	1	356070	1	113.238	1	545.354	1	50.8912	1	10	280.305	307.323
284	27.3479	1	356070	1	113.238	1	545.354	1	50.8912	1	31.6228	290.494	317.408
284	27.3479	1	356070	1	113.238	1	545.354	1	50.8912	1	100	309.592	339.54
285	40.8377	1	1.17458e+06	1	70.8229	1	984.65	1	69.1772	1	0	273.249	301.462
285	40.8377	1	1.17458e+06	1	70.8229	1	984.65	1	69.1772	1	0.001	273.25	301.462
285	40.8377	1	1.17458e+06	1	70.8229	1	984.65	1	69.1772	1	0.00316228	273.252	301.464
285	40.8377	1	1.17458e+06	1	70.8229	1	984.65	1	69.1772	1	0.01	273.257	301.469
285	40.8377	1	1.17458e+06	1	70.8229	1	984.65	1	69.1772	1	0.0316228	273.274	301.485
285	40.8377	1	1.17458e+06	1	70.8229	1	984.65	1	69.1772	1	0.1	273.327	301.536
285	40.8377	1	1.17458e+06	1	70.8229	1	984.65	1	69.1772	1	0.316228	273.495	301.696
285	40.8377	1	1.17458e+06	1	70.8229	1	984.65	1	69.1772	1	1	274.019	302.197
285	40.8377	1	1.17458e+06	1	70.8229	1	984.65	1	69.1772	1	3.16228	275.609	303.725
285	40.8377	1	1.17458e+06	1	70.8229	1	984.65	1	69.1772	1	10	280.127	308.088
285	40.8377	1	1.17458e+06	1	70.8229	1	984.65	1	69.1772	1	31.6228	290.649	318.765
285	40.8377	1	1.17458e+06	1	70.8229	1	984.65	1	69.1772	1	100	307.255	338.681
286	21.3907	1	618542	1	24.9499	1	378.153	1	81.3772	1	0	273.249	301.462
286	21.3907	1	618542	1	24.9499	1	378.153	1	81.3772	1	0.001	273.251	301.464
286	21.3907	1	618542	1	24.9499	1	378.153	1	81.3772	1	0.00316228	273.255	301.468
286	21.3907	1	618542	1	24.9499	1	378.153	1	81.3772	1	0.01	273.269	301.481
286	21.3907	1	618542	1	24.9499	1	378.153	1	81.3772	1	0.0316228	273.31	301.524
286	21.3907	1	618542	1	24.9499	1	378.153	1	81.3772	1	0.1	273.44	301.659
286	21.3907	1	618542	1	24.9499	1	378.153	1	81.3772	1	0.316228	273.849	302.08
286	21.3907	1	618542	1	24.9499	1	378.153	1	81.3772	1	1	275.103	303.373
286	21.3907	1	618542	1	24.9499	1	378.153	1	81.3772	1	3.16228	278.733	307.105
286	21.3907	1	618542	1	24.9499	1	378.153	1	81.3772	1	10	288.001	316.663
286	21.3907	1	618542	1	24.9499	1	378.153	1	81.3772	1	31.6228	304.855	335.407
286	21.3907	1	618542	1	24.9499	1	378.153	1	81.3772	1	100	329.302	364.685
287	30.2214	1	1.58846e+06	1	40.2845	1	322.071	1	90.1301	1	0	273.249	301.462
287	30.2214	1	1.58846e+06	1	40.2845	1	322.071	1	90.1301	1	0.001	273.251	301.463
287	30.2214	1	1.58846e+06	1	40.2845	1	322.071	1	90.1301	1	0.00316228	273.254	301.466
287	30.2214	1	1.58846e+06	1	40.2845	1	322.071	1	90.1301	1	0.01	273.263	301.475
287	30.2214	1	1.58846e+06	1	40.2845	1	322.071	1	90.1301	1	0.0316228	273.292	301.504
287	30.2214	1	1.58846e+06	1	40.2845	1	322.071	1	90.1301	1	0.1	273.384	301.597
287	30.2214	1	1.58846e+06	1	40.2845	1	322.071	1	90.1301	1	0.316228	273.672	301.888
287	30.2214	1	1.58846e+06	1	40.2845	1	322.071	1	90.1301	1	1	274.568	302.793
287	30.2214	1	1.58846e+06	1	40.2845	1	322.071	1	90.1301	1	3.16228	277.252	305.506
287	30.2214	1	1.58846e+06	1	40.2845	1	322.071	1	90.1301	1	10	284.689	313.052
287	30.2214	1	1.58846e+06	1	40.2845	1	322.071	1	90.1301	1	31.6228	301.004	330.291
287	30.2214	1	1.58846e+06	1	40.2845	1	322.071	1	90.1301	1	100	328.509	362.393
288	46.9445	1	1.00512e+06	1	85.4112	1	330.055	1	108.899	1	0	273.249	301.462
288	46.9445	1	1.00512e+06	1	85.4112	1	330.055	1	108.899	1	0.001	273.25	301.462
288	46.9445	1	1.00512e+06	1	85.4112	1	330.055	1	108.899	1	0.00316228	273.252	301.464
288	46.9445	1	1.00512e+06	1	85.4112	1	330.055	1	108.899	1	0.01	273.258	301.469
288	46.9445	1	1.00512e+06	1	85.4112	1	330.055	1	108.899	1	0.0316228	273.275	301.486
288	46.9445	1	1.00512e+06	1	85.4112	1	330.055	1	108.899	1	0.1	273.331	301.54
288	46.9445	1	1.00512e+06	1	85.4112	1	330.055	1	108.899	1	0.316228	273.507	301.71
288	46.9445	1	1.00512e+06	1	85.4112	1	330.055	1	108.899	1	1	274.059	302.242
288	46.9445	1	1.00512e+06	1	85.4112	1	330.055	1	108.899	1	3.16228	275.757	303.884
288	46.9445	1	1.00512e+06	1	85.4112	1	330.055	1	108.899	1	10	280.749	308.744
288	46.9445	1	1.00512e+06	1	85.4112	1	330.055	1	108.899	1	31.6228	293.654	321.682
288	46.9445	1	1.00512e+06	1	85.4112	1	330.055	1	108.899	1	100	320.168	351.27
289	34.9981	1	753199	1	47.4256	1	135.1	1	169.617	1	0	273.249	301.462
289	34.9981	1	753199	1	47.4256	1	135.1	1	169.617	1	0.001	273.251	301.463
289	34.9981	1	753199	1	47.4256	1	135.1	1	169.617	1	0.00316228	273.254	301.466
289	34.9981	1	753199	1	47.4256	1	135.1	1	169.617	1	0.01	273.264	301.477
289	34.9981	1	753199	1	47.4256	1	135.1	1	169.617	1	0.0316228	273.297	301.51
289	34.9981	1	753199	1	47.4256	1	135.1	1	169.617	1	0.1	273.399	301.613
289	34.9981	1	753199	1	47.4256	1	135.1	1	169.617	1	0.316228	273.721	301.94
289	34.9981	1	753199	1	47.4256	1	135.1	1	169.617	1	1	274.728	302.961
289	34.9981	1	753199	1	47.4256	1	135.1	1	169.617	1	3.16228	277.793	306.071
289	34.9981	1	753199	1	47.4256	1	135.1	1	169.617	1	10	286.595	315.023
289	34.9981	1	753199	1	47.4256	1	135.1	1	169.617	1	31.6228	308.623	337.842
289	34.9981	1	753199	1	47.4256	1	135.1	1	169.617	1	100	353.04	387.328
290	47.6219	1	1.30417e+06	1	64.2891	1	360.4	1	93.7553	1	0	273.249	301.462
290	47.6219	1	1.30417e+06	1	64.2891	1	360.4	1	93.7553	1	0.001	273.25	301.462
290	47.6219	1	1.30417e+06	1	64.2891	1	360.4	1	93.7553	1	0.00316228	273.252	301.464
290	47.6219	1	1.30417e+06	1	64.2891	1	360.4	1	93.7553	1	0.01	273.259	301.471
290	47.6219	1	1.30417e+06	1	64.2891	1	360.4	1	93.7553	1	0.0316228	273.278	301.491
290	47.6219	1	1.30417e+06	1	64.2891	1	360.4	1	93.7553	1	0.1	273.341	301.554
290	47.6219	1	1.30417e+06	1	64.2891	1	360.4	1	93.7553	1	0.316228	273.537	301.752
290	47.6219	1	1.30417e+06	1	64.2891	1	360.4	1	93.7553	1	1	274.152	302.374
290	47.6219	1	1.30417e+06	1	64.2891	1	360.4	1	93.7553	1	3.16228	276.034	304.276
290	47.6219	1	1.30417e+06	1	64.2891	1	360.4	1	93.7553	1	10	281.485	309.79
290	47.6219	1	1.30417e+06	1	64.2891	1	360.4	1	93.7553	1	31.6228	295.075	323.793
290	47.6219	1	1.30417e+06	1	64.2891	1	360.4	1	93.7553	1	100	321.187	353.354
291	55.0467	1	2.22107e+06	1	54.1883	1	355.781	1	95.7047	1	0	273.249	301.462
291	55.0467	1	2.22107e+06	1	54.1883	1	355.781	1	95.7047	1	0.001	273.25	301.463
291	55.0467	1	2.22107e+06	1	54.1883	1	355.781	1	95.7047	1	0.00316228	273.252	301.465
291	55.0467	1	2.22107e+06	1	54.1883	1	355.781	1	95.7047	1	0.01	273.259	301.472
291	55.0467	1	2.22107e+06	1	54.1883	1	355.781	1	95.7047	1	0.0316228	273.28	301.494
291	55.0467	1	2.22107e+06	1	54.1883	1	355.781	1	95.7047	1	0.1	273.347	301.565
291	55.0467	1	2.22107e+06	1	54.1883	1	355.781	1	95.7047	1	0.316228	273.556	301.787
291	55.0467	1	2.22107e+06	1	54.1883	1	355.781	1	95.7047	1	1	274.21	302.48
291	55.0467	1	2.22107e+06	1	54.1883	1	355.781	1	95.7047	1	3.16228	276.206	304.591
291	55.0467	1	2.22107e+06	1	54.1883	1	355.781	1	95.7047	1	10	281.944	310.639
291	55.0467	1	2.22107e+06	1	54.1883	1	355.781	1	95.7047	1	31.6228	296.065	325.514
291	55.0467	1	2.22107e+06	1	54.1883	1	355.781	1	95.7047	1	100	322.773	355.719
292	59.4151	1	1.73998e+06	1	70.0026	1	216.868	1	113.923	1	0	273.249	301.462
292	59.4151	1	1.73998e+06	1	70.0026	1	216.868	1	113.923	1	0.001	273.25	301.463
292	59.4151	1	1.73998e+06	1	70.0026	1	216.868	1	113.923	1	0.00316228	273.252	301.465
292	59.4151	1	1.73998e+06	1	70.0026	1	216.868	1	113.923	1	0.01	273.259	301.472
292	59.4151	1	1.73998e+06	1	70.0026	1	216.868	1	113.923	1	0.0316228	273.28	301.493
292	59.4151	1	1.73998e+06	1	70.0026	1	216.868	1	113.923	1	0.1	273.346	301.561
292	59.4151	1	1.73998e+06	1	70.0026	1	216.868	1	113.923	1	0.316228	273.554	301.776
292	59.4151	1	1.73998e+06	1	70.0026	1	216.868	1	113.923	1	1	274.206	302.451
292	59.4151	1	1.73998e+06	1	70.0026	1	216.868	1	113.923	1	3.16228	276.219	304.53
292	59.4151	1	1.73998e+06	1	70.0026	1	216.868	1	113.923	1	10	282.141	310.634
292	59.4151	1	1.73998e+06	1	70.0026	1	216.868	1	113.923	1	31.6228	297.804	326.866
292	59.4151	1	1.73998e+06	1	70.0026	1	216.868	1	113.923	1	100	331.857	364.227
293	35.5591	1	1.1661e+06	1	112.342	1	663.075	1	79.8199	1	0	273.249	301.462
293	35.5591	1	1.1661e+06	1	112.342	1	663.075	1	79.8199	1	0.001	273.25	301.462
293	35.5591	1	1.1661e+06	1	112.342	1	663.075	1	79.8199	1	0.00316228	273.252	301.463
293	35.5591	1	1.1661e+06	1	112.342	1	663.075	1	79.8199	1	0.01	273.256	301.467
293	35.5591	1	1.1661e+06	1	112.342	1	663.075	1	79.8199	1	0.0316228	273.271	301.48
293	35.5591	1	1.1661e+06	1	112.342	1	663.075	1	79.8199	1	0.1	273.319	301.52
293	35.5591	1	1.1661e+06	1	112.342	1	663.075	1	79.8199	1	0.316228	273.469	301.645
293	35.5591	1	1.1661e+06	1	112.342	1	663.075	1	79.8199	1	1	273.936	302.039
293	35.5591	1	1.1661e+06	1	112.342	1	663.075	1	79.8199	1	3.16228	275.357	303.252
293	35.5591	1	1.1661e+06	1	112.342	1	663.075	1	79.8199	1	10	279.459	306.845
293	35.5591	1	1.1661e+06	1	112.342	1	663.075	1	79.8199	1	31.6228	289.337	316.359
293	35.5591	1	1.1661e+06	1	112.342	1	663.075	1	79.8199	1	100	307.129	336.934
294	38.1635	1	1.80898e+06	1	112.538	1	121.272	1	97.8701	1	0	273.249	301.462
294	38.1635	1	1.80898e+06	1	112.538	1	121.272	1	97.8701	1	0.001	273.251	301.463
294	38.1635	1	1.80898e+06	1	112.538	1	121.272	1	97.8701	1	0.00316228	273.253	301.465
294	38.1635	1	1.80898e+06	1	112.538	1	121.272	1	97.8701	1	0.01	273.261	301.473
294	38.1635	1	1.80898e+06	1	112.538	1	121.272	1	97.8701	1	0.0316228	273.287	301.496
294	38.1635	1	1.80898e+06	1	112.538	1	121.272	1	97.8701	1	0.1	273.367	301.571
294	38.1635	1	1.80898e+06	1	112.538	1	121.272	1	97.8701	1	0.316228	273.62	301.808
294	38.1635	1	1.80898e+06	1	112.538	1	121.272	1	97.8701	1	1	274.414	302.55
294	38.1635	1	1.80898e+06	1	112.538	1	121.272	1	97.8701	1	3.16228	276.854	304.847
294	38.1635	1	1.80898e+06	1	112.538	1	121.272	1	97.8701	1	10	284.034	311.682
294	38.1635	1	1.80898e+06	1	112.538	1	121.272	1	97.8701	1	31.6228	303.445	330.974
294	38.1635	1	1.80898e+06	1	112.538	1	121.272	1	97.8701	1	100	346.684	377.838
295	56.4167	1	1.42391e+06	1	37.2852	1	112.253	1	90.214	1	0	273.249	301.462
295	56.4167	1	1.42391e+06	1	37.2852	1	112.253	1	90.214	1	0.001	273.251	301.463
295	56.4167	1	1.42391e+06	1	37.2852	1	112.253	1	90.214	1	0.00316228	273.255	301.467
295	56.4167	1	1.42391e+06	1	37.2852	1	112.253	1	90.214	1	0.01	273.266	301.48
295	56.4167	1	1.42391e+06	1	37.2852	1	112.253	1	90.214	1	0.0316228	273.302	301.52
295	56.4167	1	1.42391e+06	1	37.2852	1	112.253	1	90.214	1	0.1	273.417	301.645
295	56.4167	1	1.42391e+06	1	37.2852	1	112.253	1	90.214	1	0.316228	273.777	302.041
295	56.4167	1	1.42391e+06	1	37.2852	1	112.253	1	90.214	1	1	274.902	303.273
295	56.4167	1	1.42391e+06	1	37.2852	1	112.253	1	90.214	1	3.16228	278.319	306.999
295	56.4167	1	1.42391e+06	1	37.2852	1	112.253	1	90.214	1	10	288.031	317.53
295	56.4167	1	1.42391e+06	1	37.2852	1	112.253	1	90.214	1	31.6228	312.608	343.789
295	56.4167	1	1.42391e+06	1	37.2852	1	112.253	1	90.214	1	100	363.132	399.078
296	39.0259	1	1.52629e+06	1	76.9981	1	217.25	1	83.1173	1	0	273.249	301.462
296	39.0259	1	1.52629e+06	1	76.9981	1	217.25	1	83.1173	1	0.001	273.25	301.463
296	39.0259	1	1.52629e+06	1	76.9981	1	217.25	1	83.1173	1	0.00316228	273.253	301.465
296	39.0259	1	1.52629e+06	1	76.9981	1	217.25	1	83.1173	1	0.01	273.26	301.471
296	39.0259	1	1.52629e+06	1	76.9981	1	217.25	1	83.1173	1	0.0316228	273.282	301.493
296	39.0259	1	1.52629e+06	1	76.9981	1	217.25	1	83.1173	1	0.1	273.352	301.559
296	39.0259	1	1.52629e+06	1	76.9981	1	217.25	1	83.1173	1	0.316228	273.572	301.77
296	39.0259	1	1.52629e+06	1	76.9981	1	217.25	1	83.1173	1	1	274.262	302.431
296	39.0259	1	1.52629e+06	1	76.9981	1	217.25	1	83.1173	1	3.16228	276.378	304.47
296	39.0259	1	1.52629e+06	1	76.9981	1	217.25	1	83.1173	1	10	282.572	310.482
296	39.0259	1	1.52629e+06	1	76.9981	1	217.25	1	83.1173	1	31.6228	298.339	326.428
296	39.0259	1	1.52629e+06	1	76.9981	1	217.25	1	83.1173	1	100	331.385	363.321
297	29.8311	1	990742	1	53.5443	1	360.501	1	87.7814	1	0	273.249	301.462
297	29.8311	1	990742	1	53.5443	1	360.501	1	87.7814	1	0.001	273.251	301.463
297	29.8311	1	990742	1	53.5443	1	360.501	1	87.7814	1	0.00316228	273.253	301.465
297	29.8311	1	990742	1	53.5443	1	360.501	1	87.7814	1	0.01	273.261	301.472
297	29.8311	1	990742	1	53.5443	1	360.501	1	87.7814	1	0.0316228	273.285	301.496
297	29.8311	1	990742	1	53.5443	1	360.501	1	87.7814	1	0.1	273.363	301.57
297	29.8311	1	990742	1	53.5443	1	360.501	1	87.7814	1	0.316228	273.608	301.804
297	29.8311	1	990742	1	53.5443	1	360.501	1	87.7814	1	1	274.37	302.533
297	29.8311	1	990742	1	53.5443	1	360.501	1	87.7814	1	3.16228	276.668	304.744
297	29.8311	1	990742	1	53.5443	1	360.501	1	87.7814	1	10	283.144	311.047
297	29.8311	1	990742	1	53.5443	1	360.501	1	87.7814	1	31.6228	297.8	326.241
297	29.8311	1	990742	1	53.5443	1	360.501	1	87.7814	1	100	323.585	356.332
298	31.7217	1	1.59081e+06	1	68.5848	1	749.726	1	80.5411	1	0	273.249	301.462
298	31.7217	1	1.59081e+06	1	68.5848	1	749.726	1	80.5411	1	0.001	273.25	301.462
298	31.7217	1	1.59081e+06	1	68.5848	1	749.726	1	80.5411	1	0.00316228	273.252	301.464
298	31.7217	1	1.59081e+06	1	68.5848	1	749.726	1	80.5411	1	0.01	273.258	301.47
298	31.7217	1	1.59081e+06	1	68.5848	1	749.726	1	80.5411	1	0.0316228	273.278	301.487
298	31.7217	1	1.59081e+06	1	68.5848	1	749.726	1	80.5411	1	0.1	273.338	301.542
298	31.7217	1	1.59081e+06	1	68.5848	1	749.726	1	80.5411	1	0.316228	273.529	301.716
298	31.7217	1	1.59081e+06	1	68.5848	1	749.726	1	80.5411	1	1	274.124	302.258
298	31.7217	1	1.59081e+06	1	68.5848	1	749.726	1	80.5411	1	3.16228	275.918	303.907
298	31.7217	1	1.59081e+06	1	68.5848	1	749.726	1	80.5411	1	10	280.971	308.619
298	31.7217	1	1.59081e+06	1	68.5848	1	749.726	1	80.5411	1	31.6228	292.324	320.126
298	31.7217	1	1.59081e+06	1	68.5848	1	749.726	1	80.5411	1	100	310.562	341.966
299	99.7142	1	1.25583e+06	1	13.2949	1	209.889	1	118.833	1	0	273.249	301.462
299	99.7142	1	1.25583e+06	1	13.2949	1	209.889	1	118.833	1	0.001	273.252	301.465
299	99.7142	1	1.25583e+06	1	13.2949	1	209.889	1	118.833	1	0.00316228	273.258	301.472
299	99.7142	1	1.25583e+06	1	13.2949	1	209.889	1	118.833	1	0.01	273.277	301.496
299	99.7142	1	1.25583e+06	1	13.2949	1	209.889	1	118.833	1	0.0316228	273.336	301.57
299	99.7142	1	1.25583e+06	1	13.2949	1	209.889	1	118.833	1	0.1	273.521	301.802
299	99.7142	1	1.25583e+06	1	13.2949	1	209.889	1	118.833	1	0.316228	274.099	302.524
299	99.7142	1	1.25583e+06	1	13.2949	1	209.889	1	118.833	1	1	275.833	304.683
299	99.7142	1	1.25583e+06	1	13.2949	1	209.889	1	118.833	1	3.16228	280.616	310.627
299	99.7142	1	1.25583e+06	1	13.2949	1	209.889	1	118.833	1	10	291.388	323.888
299	99.7142	1	1.25583e+06	1	13.2949	1	209.889	1	118.833	1	31.6228	311.146	346.863
299	99.7142	1	1.25583e+06	1	13.2949	1	209.889	1	118.833	1	100	345.816	384.166
300	64.5807	1	719901	1	44.7767	1	214.633	1	107.698	1	0	273.249	301.462
300	64.5807	1	719901	1	44.7767	1	214.633	1	107.698	1	0.001	273.251	301.463
300	64.5807	1	719901	1	44.7767	1	214.633	1	107.698	1	0.00316228	273.253	301.466
300	64.5807	1	719901	1	44.7767	1	214.633	1	107.698	1	0.01	273.261	301.475
300	64.5807	1	719901	1	44.7767	1	214.633	1	107.698	1	0.0316228	273.287	301.503
300	64.5807	1	719901	1	44.7767	1	214.633	1	107.698	1	0.1	273.369	301.593
300	64.5807	1	719901	1	44.7767	1	214.633	1	107.698	1	0.316228	273.626	301.877
300	64.5807	1	719901	1	44.7767	1	214.633	1	107.698	1	1	274.431	302.763
300	64.5807	1	719901	1	44.7767	1	214.633	1	107.698	1	3.16228	276.883	305.45
300	64.5807	1	719901	1	44.7767	1	214.633	1	107.698	1	10	283.903	313.101
300	64.5807	1	719901	1	44.7767	1	214.633	1	107.698	1	31.6228	301.338	331.829
300	64.5807	1	719901	1	44.7767	1	214.633	1	107.698	1	100	336.653	370.84
301	65.5229	1	724126	1	100.784	1	265.106	1	66.2028	1	0	273.249	301.462
301	65.5229	1	724126	1	100.784	1	265.106	1	66.2028	1	0.001	273.25	301.462
301	65.5229	1	724126	1	100.784	1	265.106	1	66.2028	1	0.00316228	273.252	301.464
301	65.5229	1	724126	1	100.784	1	265.106	1	66.2028	1	0.01	273.257	301.469
301	65.5229	1	724126	1	100.784	1	265.106	1	66.2028	1	0.0316228	273.274	301.486
301	65.5229	1	724126	1	100.784	1	265.106	1	66.2028	1	0.1	273.326	301.538
301	65.5229	1	724126	1	100.784	1	265.106	1	66.2028	1	0.316228	273.491	301.703
301	65.5229	1	724126	1	100.784	1	265.106	1	66.2028	1	1	274.008	302.221
301	65.5229	1	724126	1	100.784	1	265.106	1	66.2028	1	3.16228	275.612	303.828
301	65.5229	1	724126	1	100.784	1	265.106	1	66.2028	1	10	280.388	308.632
301	65.5229	1	724126	1	100.784	1	265.106	1	66.2028	1	31.6228	293.275	321.744
301	65.5229	1	724126	1	100.784	1	265.106	1	66.2028	1	100	321.934	353.473
302	43.7893	1	641806	1	38.9685	1	791.942	1	195.41	1	0	273.249	301.462
302	43.7893	1	641806	1	38.9685	1	791.942	1	195.41	1	0.001	273.251	301.463
302	43.7893	1	641806	1	38.9685	1	791.942	1	195.41	1	0.00316228	273.253	301.465
302	43.7893	1	641806	1	38.9685	1	791.942	1	195.41	1	0.01	273.261	301.474
302	43.7893	1	641806	1	38.9685	1	791.942	1	195.41	1	0.0316228	273.285	301.5
302	43.7893	1	641806	1	38.9685	1	791.942	1	195.41	1	0.1	273.361	301.582
302	43.7893	1	641806	1	38.9685	1	791.942	1	195.41	1	0.316228	273.6	301.84
302	43.7893	1	641806	1	38.9685	1	791.942	1	195.41	1	1	274.342	302.641
302	43.7893	1	641806	1	38.9685	1	791.942	1	195.41	1	3.16228	276.561	305.022
302	43.7893	1	641806	1	38.9685	1	791.942	1	195.41	1	10	282.627	311.502
302	43.7893	1	641806	1	38.9685	1	791.942	1	195.41	1	31.6228	295.846	325.57
302	43.7893	1	641806	1	38.9685	1	791.942	1	195.41	1	100	314.759	347.943
303	40.1544	1	3.87069e+06	1	42.5133	1	382.877	1	88.5672	1	0	273.249	301.462
303	40.1544	1	3.87069e+06	1	42.5133	1	382.877	1	88.5672	1	0.001	273.251	301.463
303	40.1544	1	3.87069e+06	1	42.5133	1	382.877	1	88.5672	1	0.00316228	273.253	301.465
303	40.1544	1	3.87069e+06	1	42.5133	1	382.877	1	88.5672	1	0.01	273.261	301.474
303	40.1544	1	3.87069e+06	1	42.5133	1	382.877	1	88.5672	1	0.0316228	273.287	301.501
303	40.1544	1	3.87069e+06	1	42.5133	1	382.877	1	88.5672	1	0.1	273.368	301.586
303	40.1544	1	3.87069e+06	1	42.5133	1	382.877	1	88.5672	1	0.316228	273.621	301.852
303	40.1544	1	3.87069e+06	1	42.5133	1	382.877	1	88.5672	1	1	274.412	302.681
303	40.1544	1	3.87069e+06	1	42.5133	1	382.877	1	88.5672	1	3.16228	276.793	305.172
303	40.1544	1	3.87069e+06	1	42.5133	1	382.877	1	88.5672	1	10	283.452	312.128
303	40.1544	1	3.87069e+06	1	42.5133	1	382.877	1	88.5672	1	31.6228	298.582	328.114
303	40.1544	1	3.87069e+06	1	42.5133	1	382.877	1	88.5672	1	100	324.169	357.738
304	41.2869	1	1.22878e+06	1	144.228	1	494.242	1	102.709	1	0	273.249	301.462
304	41.2869	1	1.22878e+06	1	144.228	1	494.242	1	102.709	1	0.001	273.25	301.462
304	41.2869	1	1.22878e+06	1	144.228	1	494.242	1	102.709	1	0.00316228	273.251	301.463
304	41.2869	1	1.22878e+06	1	144.228	1	494.242	1	102.709	1	0.01	273.256	301.467
304	41.2869	1	1.22878e+06	1	144.228	1	494.242	1	102.709	1	0.0316228	273.269	301.478
304	41.2869	1	1.22878e+06	1	144.228	1	494.242	1	102.709	1	0.1	273.312	301.514
304	41.2869	1	1.22878e+06	1	144.228	1	494.242	1	102.709	1	0.316228	273.448	301.628
304	41.2869	1	1.22878e+06	1	144.228	1	494.242	1	102.709	1	1	273.873	301.985
304	41.2869	1	1.22878e+06	1	144.228	1	494.242	1	102.709	1	3.16228	275.175	303.094
304	41.2869	1	1.22878e+06	1	144.228	1	494.242	1	102.709	1	10	279.003	306.433
304	41.2869	1	1.22878e+06	1	144.228	1	494.242	1	102.709	1	31.6228	288.834	315.682
304	41.2869	1	1.22878e+06	1	144.228	1	494.242	1	102.709	1	100	308.397	337.52
305	47.5476	1	817133	1	98.4312	1	92.8246	1	77.6522	1	0	273.249	301.462
305	47.5476	1	817133	1	98.4312	1	92.8246	1	77.6522	1	0.001	273.251	301.463
305	47.5476	1	817133	1	98.4312	1	92.8246	1	77.6522	1	0.00316228	273.254	301.466
305	47.5476	1	817133	1	98.4312	1	92.8246	1	77.6522	1	0.01	273.263	301.475
305	47.5476	1	817133	1	98.4312	1	92.8246	1	77.6522	1	0.0316228	273.292	301.504
305	47.5476	1	817133	1	98.4312	1	92.8246	1	77.6522	1	0.1	273.385	301.595
305	47.5476	1	817133	1	98.4312	1	92.8246	1	77.6522	1	0.316228	273.676	301.882
305	47.5476	1	817133	1	98.4312	1	92.8246	1	77.6522	1	1	274.589	302.783
305	47.5476	1	817133	1	98.4312	1	92.8246	1	77.6522	1	3.16228	277.401	305.563
305	47.5476	1	817133	1	98.4312	1	92.8246	1	77.6522	1	10	285.641	313.74
305	47.5476	1	817133	1	98.4312	1	92.8246	1	77.6522	1	31.6228	308.309	336.648
305	47.5476	1	817133	1	98.4312	1	92.8246	1	77.6522	1	100	359.604	391.839
306	53.4181	1	1.84295e+06	1	66.0762	1	587.197	1	102.867	1	0	273.249	301.462
306	53.4181	1	1.84295e+06	1	66.0762	1	587.197	1	102.867	1	0.001	273.25	301.462
306	53.4181	1	1.84295e+06	1	66.0762	1	587.197	1	102.867	1	0.00316228	273.252	301.464
306	53.4181	1	1.84295e+06	1	66.0762	1	587.197	1	102.867	1	0.01	273.257	301.47
306	53.4181	1	1.84295e+06	1	66.0762	1	587.197	1	102.867	1	0.0316228	273.275	301.487
306	53.4181	1	1.84295e+06	1	66.0762	1	587.197	1	102.867	1	0.1	273.329	301.543
306	53.4181	1	1.84295e+06	1	66.0762	1	587.197	1	102.867	1	0.316228	273.5	301.718
306	53.4181	1	1.84295e+06	1	66.0762	1	587.197	1	102.867	1	1	274.035	302.265
306	53.4181	1	1.84295e+06	1	66.0762	1	587.197	1	102.867	1	3.16228	275.671	303.939
306	53.4181	1	1.84295e+06	1	66.0762	1	587.197	1	102.867	1	10	280.383	308.751
306	53.4181	1	1.84295e+06	1	66.0762	1	587.197	1	102.867	1	31.6228	292.027	320.788
306	53.4181	1	1.84295e+06	1	66.0762	1	587.197	1	102.867	1	100	312.993	344.806
307	64.6706	1	1.55753e+06	1	59.5367	1	274.697	1	42.2005	1	0	273.249	301.462
307	64.6706	1	1.55753e+06	1	59.5367	1	274.697	1	42.2005	1	0.001	273.25	301.463
307	64.6706	1	1.55753e+06	1	59.5367	1	274.697	1	42.2005	1	0.00316228	273.253	301.465
307	64.6706	1	1.55753e+06	1	59.5367	1	274.697	1	42.2005	1	0.01	273.259	301.472
307	64.6706	1	1.55753e+06	1	59.5367	1	274.697	1	42.2005	1	0.0316228	273.28	301.495
307	64.6706	1	1.55753e+06	1	59.5367	1	274.697	1	42.2005	1	0.1	273.347	301.566
307	64.6706	1	1.55753e+06	1	59.5367	1	274.697	1	42.2005	1	0.316228	273.557	301.79
307	64.6706	1	1.55753e+06	1	59.5367	1	274.697	1	42.2005	1	1	274.214	302.493
307	64.6706	1	1.55753e+06	1	59.5367	1	274.697	1	42.2005	1	3.16228	276.23	304.644
307	64.6706	1	1.55753e+06	1	59.5367	1	274.697	1	42.2005	1	10	282.022	310.809
307	64.6706	1	1.55753e+06	1	59.5367	1	274.697	1	42.2005	1	31.6228	296.6	326.337
307	64.6706	1	1.55753e+06	1	59.5367	1	274.697	1	42.2005	1	100	325.85	359.859
308	57.7805	1	803248	1	97.6917	1	531.686	1	99.7857	1	0	273.249	301.462
308	57.7805	1	803248	1	97.6917	1	531.686	1	99.7857	1	0.001	273.25	301.462
308	57.7805	1	803248	1	97.6917	1	531.686	1	99.7857	1	0.00316228	273.251	301.464
308	57.7805	1	803248	1	97.6917	1	531.686	1	99.7857	1	0.01	273.256	301.468
308	57.7805	1	803248	1	97.6917	1	531.686	1	99.7857	1	0.0316228	273.27	301.481
308	57.7805	1	803248	1	97.6917	1	531.686	1	99.7857	1	0.1	273.314	301.524
308	57.7805	1	803248	1	97.6917	1	531.686	1	99.7857	1	0.316228	273.453	301.659
308	57.7805	1	803248	1	97.6917	1	531.686	1	99.7857	1	1	273.89	302.084
308	57.7805	1	803248	1	97.6917	1	531.686	1	99.7857	1	3.16228	275.237	303.397
308	57.7805	1	803248	1	97.6917	1	531.686	1	99.7857	1	10	279.209	307.288
308	57.7805	1	803248	1	97.6917	1	531.686	1	99.7857	1	31.6228	289.712	317.786
308	57.7805	1	803248	1	97.6917	1	531.686	1	99.7857	1	100	310.359	340.968
309	21.031	1	1.44503e+06	1	106.151	1	234.759	1	98.4826	1	0	273.249	301.462
309	21.031	1	1.44503e+06	1	106.151	1	234.759	1	98.4826	1	0.001	273.251	301.462
309	21.031	1	1.44503e+06	1	106.151	1	234.759	1	98.4826	1	0.00316228	273.253	301.464
309	21.031	1	1.44503e+06	1	106.151	1	234.759	1	98.4826	1	0.01	273.261	301.47
309	21.031	1	1.44503e+06	1	106.151	1	234.759	1	98.4826	1	0.0316228	273.285	301.489
309	21.031	1	1.44503e+06	1	106.151	1	234.759	1	98.4826	1	0.1	273.361	301.549
309	21.031	1	1.44503e+06	1	106.151	1	234.759	1	98.4826	1	0.316228	273.601	301.737
309	21.031	1	1.44503e+06	1	106.151	1	234.759	1	98.4826	1	1	274.345	302.326
309	21.031	1	1.44503e+06	1	106.151	1	234.759	1	98.4826	1	3.16228	276.571	304.133
309	21.031	1	1.44503e+06	1	106.151	1	234.759	1	98.4826	1	10	282.835	309.479
309	21.031	1	1.44503e+06	1	106.151	1	234.759	1	98.4826	1	31.6228	296.773	323.508
309	21.031	1	1.44503e+06	1	106.151	1	234.759	1	98.4826	1	100	326.529	357.159
310	31.8369	1	1.29137e+06	1	49.3306	1	326.527	1	48.025	1	0	273.249	301.462
310	31.8369	1	1.29137e+06	1	49.3306	1	326.527	1	48.025	1	0.001	273.251	301.463
310	31.8369	1	1.29137e+06	1	49.3306	1	326.527	1	48.025	1	0.00316228	273.253	301.465
310	31.8369	1	1.29137e+06	1	49.3306	1	326.527	1	48.025	1	0.01	273.261	301.473
310	31.8369	1	1.29137e+06	1	49.3306	1	326.527	1	48.025	1	0.0316228	273.287	301.499
310	31.8369	1	1.29137e+06	1	49.3306	1	326.527	1	48.025	1	0.1	273.369	301.58
310	31.8369	1	1.29137e+06	1	49.3306	1	326.527	1	48.025	1	0.316228	273.627	301.834
310	31.8369	1	1.29137e+06	1	49.3306	1	326.527	1	48.025	1	1	274.43	302.626
310	31.8369	1	1.29137e+06	1	49.3306	1	326.527	1	48.025	1	3.16228	276.851	305.023
310	31.8369	1	1.29137e+06	1	49.3306	1	326.527	1	48.025	1	10	283.632	311.786
310	31.8369	1	1.29137e+06	1	49.3306	1	326.527	1	48.025	1	31.6228	298.756	327.8
310	31.8369	1	1.29137e+06	1	49.3306	1	326.527	1	48.025	1	100	326.115	359.392
311	29.9552	1	600342	1	44.222	1	1153.86	1	62.5638	1	0	273.249	301.462
311	29.9552	1	600342	1	44.222	1	1153.86	1	62.5638	1	0.001	273.251	301.463
311	29.9552	1	600342	1	44.222	1	1153.86	1	62.5638	1	0.00316228	273.253	301.465
311	29.9552	1	600342	1	44.222	1	1153.86	1	62.5638	1	0.01	273.261	301.473
311	29.9552	1	600342	1	44.222	1	1153.86	1	62.5638	1	0.0316228	273.285	301.496
311	29.9552	1	600342	1	44.222	1	1153.86	1	62.5638	1	0.1	273.361	301.572
311	29.9552	1	600342	1	44.222	1	1153.86	1	62.5638	1	0.316228	273.602	301.808
311	29.9552	1	600342	1	44.222	1	1153.86	1	62.5638	1	1	274.346	302.543
311	29.9552	1	600342	1	44.222	1	1153.86	1	62.5638	1	3.16228	276.56	304.732
311	29.9552	1	600342	1	44.222	1	1153.86	1	62.5638	1	10	282.566	310.715
311	29.9552	1	600342	1	44.222	1	1153.86	1	62.5638	1	31.6228	294.655	323.616
311	29.9552	1	600342	1	44.222	1	1153.86	1	62.5638	1	100	310.593	343.438
312	71.1054	1	381399	1	42.7938	1	268.989	1	46.7034	1	0	273.249	301.462
312	71.1054	1	381399	1	42.7938	1	268.989	1	46.7034	1	0.001	273.251	301.463
312	71.1054	1	381399	1	42.7938	1	268.989	1	46.7034	1	0.00316228	273.253	301.466
312	71.1054	1	381399	1	42.7938	1	268.989	1	46.7034	1	0.01	273.261	301.475
312	71.1054	1	381399	1	42.7938	1	268.989	1	46.7034	1	0.0316228	273.286	301.503
312	71.1054	1	381399	1	42.7938	1	268.989	1	46.7034	1	0.1	273.365	301.592
312	71.1054	1	381399	1	42.7938	1	268.989	1	46.7034	1	0.316228	273.615	301.872
312	71.1054	1	381399	1	42.7938	1	268.989	1	46.7034	1	1	274.393	302.744
312	71.1054	1	381399	1	42.7938	1	268.989	1	46.7034	1	3.16228	276.752	305.378
312	71.1054	1	381399	1	42.7938	1	268.989	1	46.7034	1	10	283.382	312.746
312	71.1054	1	381399	1	42.7938	1	268.989	1	46.7034	1	31.6228	299.252	330.111
312	71.1054	1	381399	1	42.7938	1	268.989	1	46.7034	1	100	329.43	364.736
313	51.9863	1	323645	1	47.3442	1	293.591	1	246.082	1	0	273.249	301.462
313	51.9863	1	323645	1	47.3442	1	293.591	1	246.082	1	0.001	273.251	301.463
313	51.9863	1	323645	1	47.3442	1	293.591	1	246.082	1	0.00316228	273.253	301.465
313	51.9863	1	323645	1	47.3442	1	293.591	1	246.082	1	0.01	273.26	301.473
313	51.9863	1	323645	1	47.3442	1	293.591	1	246.082	1	0.0316228	273.284	301.499
313	51.9863	1	323645	1	47.3442	1	293.591	1	246.082	1	0.1	273.359	301.579
313	51.9863	1	323645	1	47.3442	1	293.591	1	246.082	1	0.316228	273.596	301.832
313	51.9863	1	323645	1	47.3442	1	293.591	1	246.082	1	1	274.334	302.621
313	51.9863	1	323645	1	47.3442	1	293.591	1	246.082	1	3.16228	276.579	305.015
313	51.9863	1	323645	1	47.3442	1	293.591	1	246.082	1	10	282.995	311.823
313	51.9863	1	323645	1	47.3442	1	293.591	1	246.082	1	31.6228	298.693	328.373
313	51.9863	1	323645	1	47.3442	1	293.591	1	246.082	1	100	328.502	361.673
314	44.6311	1	616225	1	72.5343	1	351.861	1	131.371	1	0	273.249	301.462
314	44.6311	1	616225	1	72.5343	1	351.861	1	131.371	1	0.001	273.25	301.462
314	44.6311	1	616225	1	72.5343	1	351.861	1	131.371	1	0.00316228	273.252	301.464
314	44.6311	1	616225	1	72.5343	1	351.861	1	131.371	1	0.01	273.258	301.47
314	44.6311	1	616225	1	72.5343	1	351.861	1	131.371	1	0.0316228	273.277	301.489
314	44.6311	1	616225	1	72.5343	1	351.861	1	131.371	1	0.1	273.337	301.547
314	44.6311	1	616225	1	72.5343	1	351.861	1	131.371	1	0.316228	273.525	301.731
314	44.6311	1	616225	1	72.5343	1	351.861	1	131.371	1	1	274.115	302.309
314	44.6311	1	616225	1	72.5343	1	351.861	1	131.371	1	3.16228	275.923	304.084
314	44.6311	1	616225	1	72.5343	1	351.861	1	131.371	1	10	281.188	309.269
314	44.6311	1	616225	1	72.5343	1	351.861	1	131.371	1	31.6228	294.523	322.774
314	44.6311	1	616225	1	72.5343	1	351.861	1	131.371	1	100	320.715	352.257
315	44.5506	1	1.32712e+06	1	62.3313	1	135.476	1	181.052	1	0	273.249	301.462
315	44.5506	1	1.32712e+06	1	62.3313	1	135.476	1	181.052	1	0.001	273.251	301.463
315	44.5506	1	1.32712e+06	1	62.3313	1	135.476	1	181.052	1	0.00316228	273.253	301.466
315	44.5506	1	1.32712e+06	1	62.3313	1	135.476	1	181.052	1	0.01	273.262	301.475
315	44.5506	1	1.32712e+06	1	62.3313	1	135.476	1	181.052	1	0.0316228	273.29	301.503
315	44.5506	1	1.32712e+06	1	62.3313	1	135.476	1	181.052	1	0.1	273.377	301.591
315	44.5506	1	1.32712e+06	1	62.3313	1	135.476	1	181.052	1	0.316228	273.653	301.87
315	44.5506	1	1.32712e+06	1	62.3313	1	135.476	1	181.052	1	1	274.516	302.745
315	44.5506	1	1.32712e+06	1	62.3313	1	135.476	1	181.052	1	3.16228	277.17	305.435
315	44.5506	1	1.32712e+06	1	62.3313	1	135.476	1	181.052	1	10	284.928	313.301
315	44.5506	1	1.32712e+06	1	62.3313	1	135.476	1	181.052	1	31.6228	305.4	334.324
315	44.5506	1	1.32712e+06	1	62.3313	1	135.476	1	181.052	1	100	349.387	382.546
316	62.4068	1	199039	1	102.639	1	122.117	1	58.3327	1	0	273.249	301.462
316	62.4068	1	199039	1	102.639	1	122.117	1	58.3327	1	0.001	273.251	301.463
316	62.4068	1	199039	1	102.639	1	122.117	1	58.3327	1	0.00316228	273.253	301.465
316	62.4068	1	199039	1	102.639	1	122.117	1	58.3327	1	0.01	273.26	301.473
316	62.4068	1	199039	1	102.639	1	122.117	1	58.3327	1	0.0316228	273.284	301.497
316	62.4068	1	199039	1	102.639	1	122.117	1	58.3327	1	0.1	273.359	301.572
316	62.4068	1	199039	1	102.639	1	122.117	1	58.3327	1	0.316228	273.596	301.811
316	62.4068	1	199039	1	102.639	1	122.117	1	58.3327	1	1	274.341	302.56
316	62.4068	1	199039	1	102.639	1	122.117	1	58.3327	1	3.16228	276.645	304.882
316	62.4068	1	199039	1	102.639	1	122.117	1	58.3327	1	10	283.468	311.775
316	62.4068	1	199039	1	102.639	1	122.117	1	58.3327	1	31.6228	302.526	331.219
316	62.4068	1	199039	1	102.639	1	122.117	1	58.3327	1	100	346.056	378.489
317	44.3459	1	562878	1	72.8361	1	488.986	1	86.5174	1	0	273.249	301.462
317	44.3459	1	562878	1	72.8361	1	488.986	1	86.5174	1	0.001	273.25	301.462
317	44.3459	1	562878	1	72.8361	1	488.986	1	86.5174	1	0.00316228	273.252	301.464
317	44.3459	1	562878	1	72.8361	1	488.986	1	86.5174	1	0.01	273.258	301.47
317	44.3459	1	562878	1	72.8361	1	488.986	1	86.5174	1	0.0316228	273.275	301.487
317	44.3459	1	562878	1	72.8361	1	488.986	1	86.5174	1	0.1	273.331	301.541
317	44.3459	1	562878	1	72.8361	1	488.986	1	86.5174	1	0.316228	273.508	301.713
317	44.3459	1	562878	1	72.8361	1	488.986	1	86.5174	1	1	274.061	302.252
317	44.3459	1	562878	1	72.8361	1	488.986	1	86.5174	1	3.16228	275.75	303.903
317	44.3459	1	562878	1	72.8361	1	488.986	1	86.5174	1	10	280.637	308.694
317	44.3459	1	562878	1	72.8361	1	488.986	1	86.5174	1	31.6228	292.634	320.869
317	44.3459	1	562878	1	72.8361	1	488.986	1	86.5174	1	100	314.817	346.35
318	45.0593	1	468195	1	148.665	1	490.468	1	43.6926	1	0	273.249	301.462
318	45.0593	1	468195	1	148.665	1	490.468	1	43.6926	1	0.001	273.25	301.462
318	45.0593	1	468195	1	148.665	1	490.468	1	43.6926	1	0.00316228	273.251	301.463
318	45.0593	1	468195	1	148.665	1	490.468	1	43.6926	1	0.01	273.256	301.467
318	45.0593	1	468195	1	148.665	1	490.468	1	43.6926	1	0.0316228	273.269	301.479
318	45.0593	1	468195	1	148.665	1	490.468	1	43.6926	1	0.1	273.312	301.515
318	45.0593	1	468195	1	148.665	1	490.468	1	43.6926	1	0.316228	273.446	301.631
318	45.0593	1	468195	1	148.665	1	490.468	1	43.6926	1	1	273.866	301.994
318	45.0593	1	468195	1	148.665	1	490.468	1	43.6926	1	3.16228	275.154	303.119
318	45.0593	1	468195	1	148.665	1	490.468	1	43.6926	1	10	278.898	306.452
318	45.0593	1	468195	1	148.665	1	490.468	1	43.6926	1	31.6228	288.31	315.493
318	45.0593	1	468195	1	148.665	1	490.468	1	43.6926	1	100	307.237	337.008
319	43.465	1	2.20749e+06	1	123.716	1	482.011	1	108.819	1	0	273.249	301.462
319	43.465	1	2.20749e+06	1	123.716	1	482.011	1	108.819	1	0.001	273.25	301.462
319	43.465	1	2.20749e+06	1	123.716	1	482.011	1	108.819	1	0.00316228	273.251	301.463
319	43.465	1	2.20749e+06	1	123.716	1	482.011	1	108.819	1	0.01	273.256	301.467
319	43.465	1	2.20749e+06	1	123.716	1	482.011	1	108.819	1	0.0316228	273.27	301.48
319	43.465	1	2.20749e+06	1	123.716	1	482.011	1	108.819	1	0.1	273.315	301.519
319	43.465	1	2.20749e+06	1	123.716	1	482.011	1	108.819	1	0.316228	273.456	301.642
319	43.465	1	2.20749e+06	1	123.716	1	482.011	1	108.819	1	1	273.898	302.03
319	43.465	1	2.20749e+06	1	123.716	1	482.011	1	108.819	1	3.16228	275.255	303.232
319	43.465	1	2.20749e+06	1	123.716	1	482.011	1	108.819	1	10	279.25	306.838
319	43.465	1	2.20749e+06	1	123.716	1	482.011	1	108.819	1	31.6228	289.593	316.759
319	43.465	1	2.20749e+06	1	123.716	1	482.011	1	108.819	1	100	310.126	339.712
320	22.1271	1	6.84571e+06	1	25.4873	1	232.421	1	114.796	1	0	273.249	301.462
320	22.1271	1	6.84571e+06	1	25.4873	1	232.421	1	114.796	1	0.001	273.251	301.464
320	22.1271	1	6.84571e+06	1	25.4873	1	232.421	1	114.796	1	0.00316228	273.256	301.468
320	22.1271	1	6.84571e+06	1	25.4873	1	232.421	1	114.796	1	0.01	273.269	301.482
320	22.1271	1	6.84571e+06	1	25.4873	1	232.421	1	114.796	1	0.0316228	273.312	301.527
320	22.1271	1	6.84571e+06	1	25.4873	1	232.421	1	114.796	1	0.1	273.448	301.667
320	22.1271	1	6.84571e+06	1	25.4873	1	232.421	1	114.796	1	0.316228	273.874	302.107
320	22.1271	1	6.84571e+06	1	25.4873	1	232.421	1	114.796	1	1	275.184	303.461
320	22.1271	1	6.84571e+06	1	25.4873	1	232.421	1	114.796	1	3.16228	279.008	307.403
320	22.1271	1	6.84571e+06	1	25.4873	1	232.421	1	114.796	1	10	288.964	317.675
320	22.1271	1	6.84571e+06	1	25.4873	1	232.421	1	114.796	1	31.6228	308.626	339.201
320	22.1271	1	6.84571e+06	1	25.4873	1	232.421	1	114.796	1	100	340.9	376.724
321	24.1685	1	817139	1	54.5873	1	193.715	1	115.809	1	0	273.249	301.462
321	24.1685	1	817139	1	54.5873	1	193.715	1	115.809	1	0.001	273.251	301.463
321	24.1685	1	817139	1	54.5873	1	193.715	1	115.809	1	0.00316228	273.254	301.466
321	24.1685	1	817139	1	54.5873	1	193.715	1	115.809	1	0.01	273.263	301.474
321	24.1685	1	817139	1	54.5873	1	193.715	1	115.809	1	0.0316228	273.293	301.502
321	24.1685	1	817139	1	54.5873	1	193.715	1	115.809	1	0.1	273.388	301.589
321	24.1685	1	817139	1	54.5873	1	193.715	1	115.809	1	0.316228	273.686	301.864
321	24.1685	1	817139	1	54.5873	1	193.715	1	115.809	1	1	274.612	302.723
321	24.1685	1	817139	1	54.5873	1	193.715	1	115.809	1	3.16228	277.402	305.337
321	24.1685	1	817139	1	54.5873	1	193.715	1	115.809	1	10	285.305	312.881
321	24.1685	1	817139	1	54.5873	1	193.715	1	115.809	1	31.6228	303.527	331.782
321	24.1685	1	817139	1	54.5873	1	193.715	1	115.809	1	100	339.177	372.479
322	46.1401	1	2.74422e+06	1	75.3511	1	183.614	1	75.5282	1	0	273.249	301.462
322	46.1401	1	2.74422e+06	1	75.3511	1	183.614	1	75.5282	1	0.001	273.25	301.463
322	46.1401	1	2.74422e+06	1	75.3511	1	183.614	1	75.5282	1	0.00316228	273.253	301.465
322	46.1401	1	2.74422e+06	1	75.3511	1	183.614	1	75.5282	1	0.01	273.26	301.472
322	46.1401	1	2.74422e+06	1	75.3511	1	183.614	1	75.5282	1	0.0316228	273.283	301.495
322	46.1401	1	2.74422e+06	1	75.3511	1	183.614	1	75.5282	1	0.1	273.355	301.566
322	46.1401	1	2.74422e+06	1	75.3511	1	183.614	1	75.5282	1	0.316228	273.582	301.791
322	46.1401	1	2.74422e+06	1	75.3511	1	183.614	1	75.5282	1	1	274.295	302.498
322	46.1401	1	2.74422e+06	1	75.3511	1	183.614	1	75.5282	1	3.16228	276.489	304.679
322	46.1401	1	2.74422e+06	1	75.3511	1	183.614	1	75.5282	1	10	282.945	311.116
322	46.1401	1	2.74422e+06	1	75.3511	1	183.614	1	75.5282	1	31.6228	299.86	328.385
322	46.1401	1	2.74422e+06	1	75.3511	1	183.614	1	75.5282	1	100	336.369	368.737
323	64.2381	1	666361	1	69.6253	1	135.367	1	112.351	1	0	273.249	301.462
323	64.2381	1	666361	1	69.6253	1	135.367	1	112.351	1	0.001	273.251	301.463
323	64.2381	1	666361	1	69.6253	1	135.367	1	112.351	1	0.00316228	273.253	301.465
323	64.2381	1	666361	1	69.6253	1	135.367	1	112.351	1	0.01	273.261	301.474
323	64.2381	1	666361	1	69.6253	1	135.367	1	112.351	1	0.0316228	273.286	301.5
323	64.2381	1	666361	1	69.6253	1	135.367	1	112.351	1	0.1	273.366	301.583
323	64.2381	1	666361	1	69.6253	1	135.367	1	112.351	1	0.316228	273.616	301.844
323	64.2381	1	666361	1	69.6253	1	135.367	1	112.351	1	1	274.402	302.664
323	64.2381	1	666361	1	69.6253	1	135.367	1	112.351	1	3.16228	276.829	305.196
323	64.2381	1	666361	1	69.6253	1	135.367	1	112.351	1	10	283.977	312.631
323	64.2381	1	666361	1	69.6253	1	135.367	1	112.351	1	31.6228	303.414	332.864
323	64.2381	1	666361	1	69.6253	1	135.367	1	112.351	1	100	347.489	380.535
324	31.9497	1	449107	1	71.9196	1	312.53	1	126.339	1	0	273.249	301.462
324	31.9497	1	449107	1	71.9196	1	312.53	1	126.339	1	0.001	273.25	301.462
324	31.9497	1	449107	1	71.9196	1	312.53	1	126.339	1	0.00316228	273.253	301.464
324	31.9497	1	449107	1	71.9196	1	312.53	1	126.339	1	0.01	273.259	301.471
324	31.9497	1	449107	1	71.9196	1	312.53	1	126.339	1	0.0316228	273.281	301.491
324	31.9497	1	449107	1	71.9196	1	312.53	1	126.339	1	0.1	273.349	301.553
324	31.9497	1	449107	1	71.9196	1	312.53	1	126.339	1	0.316228	273.564	301.751
324	31.9497	1	449107	1	71.9196	1	312.53	1	126.339	1	1	274.236	302.369
324	31.9497	1	449107	1	71.9196	1	312.53	1	126.339	1	3.16228	276.276	304.263
324	31.9497	1	449107	1	71.9196	1	312.53	1	126.339	1	10	282.14	309.785
324	31.9497	1	449107	1	71.9196	1	312.53	1	126.339	1	31.6228	296.353	324.073
324	31.9497	1	449107	1	71.9196	1	312.53	1	126.339	1	100	323.5	355.189
325	76.3888	1	1.86046e+06	1	53.0541	1	401.197	1	108.127	1	0	273.249	301.462
325	76.3888	1	1.86046e+06	1	53.0541	1	401.197	1	108.127	1	0.001	273.25	301.463
325	76.3888	1	1.86046e+06	1	53.0541	1	401.197	1	108.127	1	0.00316228	273.252	301.465
325	76.3888	1	1.86046e+06	1	53.0541	1	401.197	1	108.127	1	0.01	273.258	301.472
325	76.3888	1	1.86046e+06	1	53.0541	1	401.197	1	108.127	1	0.0316228	273.278	301.493
325	76.3888	1	1.86046e+06	1	53.0541	1	401.197	1	108.127	1	0.1	273.34	301.562
325	76.3888	1	1.86046e+06	1	53.0541	1	401.197	1	108.127	1	0.316228	273.535	301.778
325	76.3888	1	1.86046e+06	1	53.0541	1	401.197	1	108.127	1	1	274.143	302.453
325	76.3888	1	1.86046e+06	1	53.0541	1	401.197	1	108.127	1	3.16228	276.003	304.505
325	76.3888	1	1.86046e+06	1	53.0541	1	401.197	1	108.127	1	10	281.335	310.358
325	76.3888	1	1.86046e+06	1	53.0541	1	401.197	1	108.127	1	31.6228	294.508	324.622
325	76.3888	1	1.86046e+06	1	53.0541	1	401.197	1	108.127	1	100	320.077	353.202
326	62.2498	1	2.08822e+06	1	133.916	1	358.34	1	95.0925	1	0	273.249	301.462
326	62.2498	1	2.08822e+06	1	133.916	1	358.34	1	95.0925	1	0.001	273.25	301.462
326	62.2498	1	2.08822e+06	1	133.916	1	358.34	1	95.0925	1	0.00316228	273.251	301.463
326	62.2498	1	2.08822e+06	1	133.916	1	358.34	1	95.0925	1	0.01	273.256	301.467
326	62.2498	1	2.08822e+06	1	133.916	1	358.34	1	95.0925	1	0.0316228	273.269	301.48
326	62.2498	1	2.08822e+06	1	133.916	1	358.34	1	95.0925	1	0.1	273.311	301.52
326	62.2498	1	2.08822e+06	1	133.916	1	358.34	1	95.0925	1	0.316228	273.445	301.646
326	62.2498	1	2.08822e+06	1	133.916	1	358.34	1	95.0925	1	1	273.864	302.043
326	62.2498	1	2.08822e+06	1	133.916	1	358.34	1	95.0925	1	3.16228	275.165	303.278
326	62.2498	1	2.08822e+06	1	133.916	1	358.34	1	95.0925	1	10	279.058	307.012
326	62.2498	1	2.08822e+06	1	133.916	1	358.34	1	95.0925	1	31.6228	289.766	317.515
326	62.2498	1	2.08822e+06	1	133.916	1	358.34	1	95.0925	1	100	313.35	343.274
327	44.2231	1	1.1159e+06	1	42.6669	1	267.393	1	76.461	1	0	273.249	301.462
327	44.2231	1	1.1159e+06	1	42.6669	1	267.393	1	76.461	1	0.001	273.251	301.463
327	44.2231	1	1.1159e+06	1	42.6669	1	267.393	1	76.461	1	0.00316228	273.253	301.466
327	44.2231	1	1.1159e+06	1	42.6669	1	267.393	1	76.461	1	0.01	273.262	301.475
327	44.2231	1	1.1159e+06	1	42.6669	1	267.393	1	76.461	1	0.0316228	273.289	301.503
327	44.2231	1	1.1159e+06	1	42.6669	1	267.393	1	76.461	1	0.1	273.374	301.594
327	44.2231	1	1.1159e+06	1	42.6669	1	267.393	1	76.461	1	0.316228	273.641	301.877
327	44.2231	1	1.1159e+06	1	42.6669	1	267.393	1	76.461	1	1	274.473	302.762
327	44.2231	1	1.1159e+06	1	42.6669	1	267.393	1	76.461	1	3.16228	276.992	305.43
327	44.2231	1	1.1159e+06	1	42.6669	1	267.393	1	76.461	1	10	284.115	312.95
327	44.2231	1	1.1159e+06	1	42.6669	1	267.393	1	76.461	1	31.6228	300.873	330.717
327	44.2231	1	1.1159e+06	1	42.6669	1	267.393	1	76.461	1	100	331.761	365.797
328	51.9799	1	867365	1	75.9541	1	298.76	1	85.319	1	0	273.249	301.462
328	51.9799	1	867365	1	75.9541	1	298.76	1	85.319	1	0.001	273.25	301.462
328	51.9799	1	867365	1	75.9541	1	298.76	1	85.319	1	0.00316228	273.252	301.464
328	51.9799	1	867365	1	75.9541	1	298.76	1	85.319	1	0.01	273.258	301.47
328	51.9799	1	867365	1	75.9541	1	298.76	1	85.319	1	0.0316228	273.277	301.489
328	51.9799	1	867365	1	75.9541	1	298.76	1	85.319	1	0.1	273.336	301.548
328	51.9799	1	867365	1	75.9541	1	298.76	1	85.319	1	0.316228	273.523	301.735
328	51.9799	1	867365	1	75.9541	1	298.76	1	85.319	1	1	274.108	302.321
328	51.9799	1	867365	1	75.9541	1	298.76	1	85.319	1	3.16228	275.91	304.128
328	51.9799	1	867365	1	75.9541	1	298.76	1	85.319	1	10	281.198	309.438
328	51.9799	1	867365	1	75.9541	1	298.76	1	85.319	1	31.6228	294.883	323.424
328	51.9799	1	867365	1	75.9541	1	298.76	1	85.319	1	100	322.976	354.874
329	45.0212	1	458888	1	27.6842	1	157.233	1	88.0125	1	0	273.249	301.462
329	45.0212	1	458888	1	27.6842	1	157.233	1	88.0125	1	0.001	273.251	301.464
329	45.0212	1	458888	1	27.6842	1	157.233	1	88.0125	1	0.00316228	273.255	301.468
329	45.0212	1	458888	1	27.6842	1	157.233	1	88.0125	1	0.01	273.268	301.482
329	45.0212	1	458888	1	27.6842	1	157.233	1	88.0125	1	0.0316228	273.307	301.526
329	45.0212	1	458888	1	27.6842	1	157.233	1	88.0125	1	0.1	273.43	301.664
329	45.0212	1	458888	1	27.6842	1	157.233	1	88.0125	1	0.316228	273.819	302.098
329	45.0212	1	458888	1	27.6842	1	157.233	1	88.0125	1	1	275.023	303.441
329	45.0212	1	458888	1	27.6842	1	157.233	1	88.0125	1	3.16228	278.613	307.412
329	45.0212	1	458888	1	27.6842	1	157.233	1	88.0125	1	10	288.241	317.982
329	45.0212	1	458888	1	27.6842	1	157.233	1	88.0125	1	31.6228	310.796	342.304
329	45.0212	1	458888	1	27.6842	1	157.233	1	88.0125	1	100	352.467	388.671
330	46.8082	1	1.2459e+06	1	176.026	1	371.387	1	125.633	1	0	273.249	301.462
330	46.8082	1	1.2459e+06	1	176.026	1	371.387	1	125.633	1	0.001	273.25	301.462
330	46.8082	1	1.2459e+06	1	176.026	1	371.387	1	125.633	1	0.00316228	273.251	301.463
330	46.8082	1	1.2459e+06	1	176.026	1	371.387	1	125.633	1	0.01	273.256	301.467
330	46.8082	1	1.2459e+06	1	176.026	1	371.387	1	125.633	1	0.0316228	273.269	301.478
330	46.8082	1	1.2459e+06	1	176.026	1	371.387	1	125.633	1	0.1	273.31	301.513
330	46.8082	1	1.2459e+06	1	176.026	1	371.387	1	125.633	1	0.316228	273.442	301.625
330	46.8082	1	1.2459e+06	1	176.026	1	371.387	1	125.633	1	1	273.854	301.976
330	46.8082	1	1.2459e+06	1	176.026	1	371.387	1	125.633	1	3.16228	275.125	303.07
330	46.8082	1	1.2459e+06	1	176.026	1	371.387	1	125.633	1	10	278.908	306.397
330	46.8082	1	1.2459e+06	1	176.026	1	371.387	1	125.633	1	31.6228	289.029	315.829
330	46.8082	1	1.2459e+06	1	176.026	1	371.387	1	125.633	1	100	310.999	339.616
331	53.7433	1	2.21109e+06	1	43.5758	1	699.095	1	71.6279	1	0	273.249	301.462
331	53.7433	1	2.21109e+06	1	43.5758	1	699.095	1	71.6279	1	0.001	273.25	301.463
331	53.7433	1	2.21109e+06	1	43.5758	1	699.095	1	71.6279	1	0.00316228	273.253	301.465
331	53.7433	1	2.21109e+06	1	43.5758	1	699.095	1	71.6279	1	0.01	273.26	301.473
331	53.7433	1	2.21109e+06	1	43.5758	1	699.095	1	71.6279	1	0.0316228	273.281	301.497
331	53.7433	1	2.21109e+06	1	43.5758	1	699.095	1	71.6279	1	0.1	273.351	301.573
331	53.7433	1	2.21109e+06	1	43.5758	1	699.095	1	71.6279	1	0.316228	273.568	301.811
331	53.7433	1	2.21109e+06	1	43.5758	1	699.095	1	71.6279	1	1	274.246	302.552
331	53.7433	1	2.21109e+06	1	43.5758	1	699.095	1	71.6279	1	3.16228	276.285	304.773
331	53.7433	1	2.21109e+06	1	43.5758	1	699.095	1	71.6279	1	10	281.94	310.904
331	53.7433	1	2.21109e+06	1	43.5758	1	699.095	1	71.6279	1	31.6228	294.618	324.568
331	53.7433	1	2.21109e+06	1	43.5758	1	699.095	1	71.6279	1	100	314.036	347.587
332	46.9441	1	3.43187e+06	1	88.7279	1	315.345	1	89.5818	1	0	273.249	301.462
332	46.9441	1	3.43187e+06	1	88.7279	1	315.345	1	89.5818	1	0.001	273.25	301.462
332	46.9441	1	3.43187e+06	1	88.7279	1	315.345	1	89.5818	1	0.00316228	273.252	301.464
332	46.9441	1	3.43187e+06	1	88.7279	1	315.345	1	89.5818	1	0.01	273.258	301.469
332	46.9441	1	3.43187e+06	1	88.7279	1	315.345	1	89.5818	1	0.0316228	273.275	301.486
332	46.9441	1	3.43187e+06	1	88.7279	1	315.345	1	89.5818	1	0.1	273.331	301.54
332	46.9441	1	3.43187e+06	1	88.7279	1	315.345	1	89.5818	1	0.316228	273.507	301.709
332	46.9441	1	3.43187e+06	1	88.7279	1	315.345	1	89.5818	1	1	274.06	302.239
332	46.9441	1	3.43187e+06	1	88.7279	1	315.345	1	89.5818	1	3.16228	275.759	303.877
332	46.9441	1	3.43187e+06	1	88.7279	1	315.345	1	89.5818	1	10	280.766	308.737
332	46.9441	1	3.43187e+06	1	88.7279	1	315.345	1	89.5818	1	31.6228	293.717	321.707
332	46.9441	1	3.43187e+06	1	88.7279	1	315.345	1	89.5818	1	100	320.553	351.696
333	71.0299	1	4.34233e+06	1	191.572	1	345.289	1	67.9282	1	0	273.249	301.462
333	71.0299	1	4.34233e+06	1	191.572	1	345.289	1	67.9282	1	0.001	273.25	301.462
333	71.0299	1	4.34233e+06	1	191.572	1	345.289	1	67.9282	1	0.00316228	273.251	301.463
333	71.0299	1	4.34233e+06	1	191.572	1	345.289	1	67.9282	1	0.01	273.255	301.467
333	71.0299	1	4.34233e+06	1	191.572	1	345.289	1	67.9282	1	0.0316228	273.267	301.477
333	71.0299	1	4.34233e+06	1	191.572	1	345.289	1	67.9282	1	0.1	273.304	301.512
333	71.0299	1	4.34233e+06	1	191.572	1	345.289	1	67.9282	1	0.316228	273.421	301.621
333	71.0299	1	4.34233e+06	1	191.572	1	345.289	1	67.9282	1	1	273.79	301.963
333	71.0299	1	4.34233e+06	1	191.572	1	345.289	1	67.9282	1	3.16228	274.939	303.032
333	71.0299	1	4.34233e+06	1	191.572	1	345.289	1	67.9282	1	10	278.394	306.288
333	71.0299	1	4.34233e+06	1	191.572	1	345.289	1	67.9282	1	31.6228	287.984	315.518
333	71.0299	1	4.34233e+06	1	191.572	1	345.289	1	67.9282	1	100	310.071	339.451
334	38.5806	1	2.42023e+06	1	50.2839	1	377.248	1	75.6987	1	0	273.249	301.462
334	38.5806	1	2.42023e+06	1	50.2839	1	377.248	1	75.6987	1	0.001	273.251	301.463
334	38.5806	1	2.42023e+06	1	50.2839	1	377.248	1	75.6987	1	0.00316228	273.253	301.465
334	38.5806	1	2.42023e+06	1	50.2839	1	377.248	1	75.6987	1	0.01	273.26	301.473
334	38.5806	1	2.42023e+06	1	50.2839	1	377.248	1	75.6987	1	0.0316228	273.284	301.497
334	38.5806	1	2.42023e+06	1	50.2839	1	377.248	1	75.6987	1	0.1	273.358	301.572
334	38.5806	1	2.42023e+06	1	50.2839	1	377.248	1	75.6987	1	0.316228	273.592	301.81
334	38.5806	1	2.42023e+06	1	50.2839	1	377.248	1	75.6987	1	1	274.323	302.551
334	38.5806	1	2.42023e+06	1	50.2839	1	377.248	1	75.6987	1	3.16228	276.533	304.795
334	38.5806	1	2.42023e+06	1	50.2839	1	377.248	1	75.6987	1	10	282.798	311.169
334	38.5806	1	2.42023e+06	1	50.2839	1	377.248	1	75.6987	1	31.6228	297.328	326.356
334	38.5806	1	2.42023e+06	1	50.2839	1	377.248	1	75.6987	1	100	322.884	355.939
335	61.5823	1	873995	1	76.3873	1	225.04	1	66.6862	1	0	273.249	301.462
335	61.5823	1	873995	1	76.3873	1	225.04	1	66.6862	1	0.001	273.25	301.463
335	61.5823	1	873995	1	76.3873	1	225.04	1	66.6862	1	0.00316228	273.252	301.465
335	61.5823	1	873995	1	76.3873	1	225.04	1	66.6862	1	0.01	273.259	301.471
335	61.5823	1	873995	1	76.3873	1	225.04	1	66.6862	1	0.0316228	273.279	301.491
335	61.5823	1	873995	1	76.3873	1	225.04	1	66.6862	1	0.1	273.341	301.556
335	61.5823	1	873995	1	76.3873	1	225.04	1	66.6862	1	0.316228	273.54	301.76
335	61.5823	1	873995	1	76.3873	1	225.04	1	66.6862	1	1	274.161	302.4
335	61.5823	1	873995	1	76.3873	1	225.04	1	66.6862	1	3.16228	276.082	304.375
335	61.5823	1	873995	1	76.3873	1	225.04	1	66.6862	1	10	281.747	310.199
335	61.5823	1	873995	1	76.3873	1	225.04	1	66.6862	1	31.6228	296.701	325.686
335	61.5823	1	873995	1	76.3873	1	225.04	1	66.6862	1	100	329.172	361.803
336	48.9252	1	646856	1	33.9629	1	385.61	1	81.0234	1	0	273.249	301.462
336	48.9252	1	646856	1	33.9629	1	385.61	1	81.0234	1	0.001	273.251	301.463
336	48.9252	1	646856	1	33.9629	1	385.61	1	81.0234	1	0.00316228	273.254	301.466
336	48.9252	1	646856	1	33.9629	1	385.61	1	81.0234	1	0.01	273.263	301.476
336	48.9252	1	646856	1	33.9629	1	385.61	1	81.0234	1	0.0316228	273.291	301.508
336	48.9252	1	646856	1	33.9629	1	385.61	1	81.0234	1	0.1	273.381	301.608
336	48.9252	1	646856	1	33.9629	1	385.61	1	81.0234	1	0.316228	273.662	301.921
336	48.9252	1	646856	1	33.9629	1	385.61	1	81.0234	1	1	274.536	302.893
336	48.9252	1	646856	1	33.9629	1	385.61	1	81.0234	1	3.16228	277.143	305.774
336	48.9252	1	646856	1	33.9629	1	385.61	1	81.0234	1	10	284.26	313.582
336	48.9252	1	646856	1	33.9629	1	385.61	1	81.0234	1	31.6228	299.881	330.526
336	48.9252	1	646856	1	33.9629	1	385.61	1	81.0234	1	100	325.455	359.991
337	31.9666	1	1.10007e+06	1	52.5523	1	278.089	1	99.5725	1	0	273.249	301.462
337	31.9666	1	1.10007e+06	1	52.5523	1	278.089	1	99.5725	1	0.001	273.251	301.463
337	31.9666	1	1.10007e+06	1	52.5523	1	278.089	1	99.5725	1	0.00316228	273.253	301.465
337	31.9666	1	1.10007e+06	1	52.5523	1	278.089	1	99.5725	1	0.01	273.261	301.473
337	31.9666	1	1.10007e+06	1	52.5523	1	278.089	1	99.5725	1	0.0316228	273.287	301.498
337	31.9666	1	1.10007e+06	1	52.5523	1	278.089	1	99.5725	1	0.1	273.368	301.577
337	31.9666	1	1.10007e+06	1	52.5523	1	278.089	1	99.5725	1	0.316228	273.623	301.826
337	31.9666	1	1.10007e+06	1	52.5523	1	278.089	1	99.5725	1	1	274.418	302.602
337	31.9666	1	1.10007e+06	1	52.5523	1	278.089	1	99.5725	1	3.16228	276.824	304.961
337	31.9666	1	1.10007e+06	1	52.5523	1	278.089	1	99.5725	1	10	283.667	311.721
337	31.9666	1	1.10007e+06	1	52.5523	1	278.089	1	99.5725	1	31.6228	299.717	328.317
337	31.9666	1	1.10007e+06	1	52.5523	1	278.089	1	99.5725	1	100	329.338	362.366
338	37.2576	1	539960	1	51.2659	1	259.686	1	83.6492	1	0	273.249	301.462
338	37.2576	1	539960	1	51.2659	1	259.686	1	83.6492	1	0.001	273.251	301.463
338	37.2576	1	539960	1	51.2659	1	259.686	1	83.6492	1	0.00316228	273.253	301.465
338	37.2576	1	539960	1	51.2659	1	259.686	1	83.6492	1	0.01	273.261	301.473
338	37.2576	1	539960	1	51.2659	1	259.686	1	83.6492	1	0.0316228	273.287	301.499
338	37.2576	1	539960	1	51.2659	1	259.686	1	83.6492	1	0.1	273.367	301.58
338	37.2576	1	539960	1	51.2659	1	259.686	1	83.6492	1	0.316228	273.62	301.835
338	37.2576	1	539960	1	51.2659	1	259.686	1	83.6492	1	1	274.409	302.63
338	37.2576	1	539960	1	51.2659	1	259.686	1	83.6492	1	3.16228	276.806	305.049
338	37.2576	1	539960	1	51.2659	1	259.686	1	83.6492	1	10	283.66	311.986
338	37.2576	1	539960	1	51.2659	1	259.686	1	83.6492	1	31.6228	300.046	329.035
338	37.2576	1	539960	1	51.2659	1	259.686	1	83.6492	1	100	331.062	364.33
339	46.9491	1	602503	1	96.9033	1	630.602	1	99.0367	1	0	273.249	301.462
339	46.9491	1	602503	1	96.9033	1	630.602	1	99.0367	1	0.001	273.25	301.462
339	46.9491	1	602503	1	96.9033	1	630.602	1	99.0367	1	0.00316228	273.252	301.464
339	46.9491	1	602503	1	96.9033	1	630.602	1	99.0367	1	0.01	273.256	301.468
339	46.9491	1	602503	1	96.9033	1	630.602	1	99.0367	1	0.0316228	273.271	301.481
339	46.9491	1	602503	1	96.9033	1	630.602	1	99.0367	1	0.1	273.316	301.524
339	46.9491	1	602503	1	96.9033	1	630.602	1	99.0367	1	0.316228	273.46	301.657
339	46.9491	1	602503	1	96.9033	1	630.602	1	99.0367	1	1	273.911	302.076
339	46.9491	1	602503	1	96.9033	1	630.602	1	99.0367	1	3.16228	275.295	303.37
339	46.9491	1	602503	1	96.9033	1	630.602	1	99.0367	1	10	279.339	307.189
339	46.9491	1	602503	1	96.9033	1	630.602	1	99.0367	1	31.6228	289.657	317.352
339	46.9491	1	602503	1	96.9033	1	630.602	1	99.0367	1	100	308.734	339.091
340	39.556	1	1.22929e+06	1	78.0518	1	705.123	1	137.862	1	0	273.249	301.462
340	39.556	1	1.22929e+06	1	78.0518	1	705.123	1	137.862	1	0.001	273.25	301.462
340	39.556	1	1.22929e+06	1	78.0518	1	705.123	1	137.862	1	0.00316228	273.252	301.464
340	39.556	1	1.22929e+06	1	78.0518	1	705.123	1	137.862	1	0.01	273.257	301.469
340	39.556	1	1.22929e+06	1	78.0518	1	705.123	1	137.862	1	0.0316228	273.274	301.484
340	39.556	1	1.22929e+06	1	78.0518	1	705.123	1	137.862	1	0.1	273.326	301.533
340	39.556	1	1.22929e+06	1	78.0518	1	705.123	1	137.862	1	0.316228	273.492	301.687
340	39.556	1	1.22929e+06	1	78.0518	1	705.123	1	137.862	1	1	274.009	302.168
340	39.556	1	1.22929e+06	1	78.0518	1	705.123	1	137.862	1	3.16228	275.583	303.643
340	39.556	1	1.22929e+06	1	78.0518	1	705.123	1	137.862	1	10	280.107	307.921
340	39.556	1	1.22929e+06	1	78.0518	1	705.123	1	137.862	1	31.6228	291.079	318.817
340	39.556	1	1.22929e+06	1	78.0518	1	705.123	1	137.862	1	100	309.89	340.737
341	47.5844	1	400294	1	65.2793	1	188.83	1	56.353	1	0	273.249	301.462
341	47.5844	1	400294	1	65.2793	1	188.83	1	56.353	1	0.001	273.251	301.463
341	47.5844	1	400294	1	65.2793	1	188.83	1	56.353	1	0.00316228	273.253	301.465
341	47.5844	1	400294	1	65.2793	1	188.83	1	56.353	1	0.01	273.26	301.473
341	47.5844	1	400294	1	65.2793	1	188.83	1	56.353	1	0.0316228	273.284	301.497
341	47.5844	1	400294	1	65.2793	1	188.83	1	56.353	1	0.1	273.36	301.574
341	47.5844	1	400294	1	65.2793	1	188.83	1	56.353	1	0.316228	273.598	301.815
341	47.5844	1	400294	1	65.2793	1	188.83	1	56.353	1	1	274.343	302.571
341	47.5844	1	400294	1	65.2793	1	188.83	1	56.353	1	3.16228	276.633	304.898
341	47.5844	1	400294	1	65.2793	1	188.83	1	56.353	1	10	283.314	311.689
341	47.5844	1	400294	1	65.2793	1	188.83	1	56.353	1	31.6228	300.499	329.496
341	47.5844	1	400294	1	65.2793	1	188.83	1	56.353	1	100	336.716	369.94
342	46.9664	1	1.50728e+06	1	67.2685	1	568.572	1	50.4677	1	0	273.249	301.462
342	46.9664	1	1.50728e+06	1	67.2685	1	568.572	1	50.4677	1	0.001	273.25	301.462
342	46.9664	1	1.50728e+06	1	67.2685	1	568.572	1	50.4677	1	0.00316228	273.252	301.464
342	46.9664	1	1.50728e+06	1	67.2685	1	568.572	1	50.4677	1	0.01	273.258	301.47
342	46.9664	1	1.50728e+06	1	67.2685	1	568.572	1	50.4677	1	0.0316228	273.276	301.488
342	46.9664	1	1.50728e+06	1	67.2685	1	568.572	1	50.4677	1	0.1	273.333	301.545
342	46.9664	1	1.50728e+06	1	67.2685	1	568.572	1	50.4677	1	0.316228	273.512	301.724
342	46.9664	1	1.50728e+06	1	67.2685	1	568.572	1	50.4677	1	1	274.072	302.283
342	46.9664	1	1.50728e+06	1	67.2685	1	568.572	1	50.4677	1	3.16228	275.778	303.993
342	46.9664	1	1.50728e+06	1	67.2685	1	568.572	1	50.4677	1	10	280.645	308.872
342	46.9664	1	1.50728e+06	1	67.2685	1	568.572	1	50.4677	1	31.6228	292.266	320.909
342	46.9664	1	1.50728e+06	1	67.2685	1	568.572	1	50.4677	1	100	312.686	344.974
343	84.9761	1	1.36757e+06	1	131.53	1	290.066	1	81.4313	1	0	273.249	301.462
343	84.9761	1	1.36757e+06	1	131.53	1	290.066	1	81.4313	1	0.001	273.25	301.462
343	84.9761	1	1.36757e+06	1	131.53	1	290.066	1	81.4313	1	0.00316228	273.251	301.464
343	84.9761	1	1.36757e+06	1	131.53	1	290.066	1	81.4313	1	0.01	273.256	301.468
343	84.9761	1	1.36757e+06	1	131.53	1	290.066	1	81.4313	1	0.0316228	273.269	301.481
343	84.9761	1	1.36757e+06	1	131.53	1	290.066	1	81.4313	1	0.1	273.312	301.525
343	84.9761	1	1.36757e+06	1	131.53	1	290.066	1	81.4313	1	0.316228	273.448	301.661
343	84.9761	1	1.36757e+06	1	131.53	1	290.066	1	81.4313	1	1	273.875	302.089
343	84.9761	1	1.36757e+06	1	131.53	1	290.066	1	81.4313	1	3.16228	275.205	303.423
343	84.9761	1	1.36757e+06	1	131.53	1	290.066	1	81.4313	1	10	279.219	307.466
343	84.9761	1	1.36757e+06	1	131.53	1	290.066	1	81.4313	1	31.6228	290.411	318.812
343	84.9761	1	1.36757e+06	1	131.53	1	290.066	1	81.4313	1	100	316.837	347.404
344	45.8751	1	1.0095e+06	1	78.0865	1	193.223	1	133.019	1	0	273.249	301.462
344	45.8751	1	1.0095e+06	1	78.0865	1	193.223	1	133.019	1	0.001	273.25	301.463
344	45.8751	1	1.0095e+06	1	78.0865	1	193.223	1	133.019	1	0.00316228	273.253	301.465
344	45.8751	1	1.0095e+06	1	78.0865	1	193.223	1	133.019	1	0.01	273.26	301.472
344	45.8751	1	1.0095e+06	1	78.0865	1	193.223	1	133.019	1	0.0316228	273.281	301.493
344	45.8751	1	1.0095e+06	1	78.0865	1	193.223	1	133.019	1	0.1	273.351	301.561
344	45.8751	1	1.0095e+06	1	78.0865	1	193.223	1	133.019	1	0.316228	273.569	301.776
344	45.8751	1	1.0095e+06	1	78.0865	1	193.223	1	133.019	1	1	274.254	302.45
344	45.8751	1	1.0095e+06	1	78.0865	1	193.223	1	133.019	1	3.16228	276.363	304.531
344	45.8751	1	1.0095e+06	1	78.0865	1	193.223	1	133.019	1	10	282.581	310.686
344	45.8751	1	1.0095e+06	1	78.0865	1	193.223	1	133.019	1	31.6228	299.016	327.327
344	45.8751	1	1.0095e+06	1	78.0865	1	193.223	1	133.019	1	100	334.602	366.452
345	47.8204	1	1.1817e+06	1	92.6636	1	130.727	1	150.637	1	0	273.249	301.462
345	47.8204	1	1.1817e+06	1	92.6636	1	130.727	1	150.637	1	0.001	273.251	301.463
345	47.8204	1	1.1817e+06	1	92.6636	1	130.727	1	150.637	1	0.00316228	273.253	301.465
345	47.8204	1	1.1817e+06	1	92.6636	1	130.727	1	150.637	1	0.01	273.261	301.473
345	47.8204	1	1.1817e+06	1	92.6636	1	130.727	1	150.637	1	0.0316228	273.285	301.496
345	47.8204	1	1.1817e+06	1	92.6636	1	130.727	1	150.637	1	0.1	273.362	301.572
345	47.8204	1	1.1817e+06	1	92.6636	1	130.727	1	150.637	1	0.316228	273.605	301.81
345	47.8204	1	1.1817e+06	1	92.6636	1	130.727	1	150.637	1	1	274.367	302.557
345	47.8204	1	1.1817e+06	1	92.6636	1	130.727	1	150.637	1	3.16228	276.721	304.871
345	47.8204	1	1.1817e+06	1	92.6636	1	130.727	1	150.637	1	10	283.683	311.744
345	47.8204	1	1.1817e+06	1	92.6636	1	130.727	1	150.637	1	31.6228	302.685	330.858
345	47.8204	1	1.1817e+06	1	92.6636	1	130.727	1	150.637	1	100	345.741	377.422
346	40.2931	1	1.87994e+06	1	95.6575	1	229.122	1	84.9625	1	0	273.249	301.462
346	40.2931	1	1.87994e+06	1	95.6575	1	229.122	1	84.9625	1	0.001	273.25	301.462
346	40.2931	1	1.87994e+06	1	95.6575	1	229.122	1	84.9625	1	0.00316228	273.252	301.464
346	40.2931	1	1.87994e+06	1	95.6575	1	229.122	1	84.9625	1	0.01	273.259	301.47
346	40.2931	1	1.87994e+06	1	95.6575	1	229.122	1	84.9625	1	0.0316228	273.279	301.489
346	40.2931	1	1.87994e+06	1	95.6575	1	229.122	1	84.9625	1	0.1	273.341	301.547
346	40.2931	1	1.87994e+06	1	95.6575	1	229.122	1	84.9625	1	0.316228	273.54	301.732
346	40.2931	1	1.87994e+06	1	95.6575	1	229.122	1	84.9625	1	1	274.161	302.311
346	40.2931	1	1.87994e+06	1	95.6575	1	229.122	1	84.9625	1	3.16228	276.071	304.104
346	40.2931	1	1.87994e+06	1	95.6575	1	229.122	1	84.9625	1	10	281.7	309.452
346	40.2931	1	1.87994e+06	1	95.6575	1	229.122	1	84.9625	1	31.6228	296.196	323.897
346	40.2931	1	1.87994e+06	1	95.6575	1	229.122	1	84.9625	1	100	327.545	358.64
347	38.8789	1	1.02043e+06	1	171.482	1	296.52	1	89.9399	1	0	273.249	301.462
347	38.8789	1	1.02043e+06	1	171.482	1	296.52	1	89.9399	1	0.001	273.25	301.462
347	38.8789	1	1.02043e+06	1	171.482	1	296.52	1	89.9399	1	0.00316228	273.252	301.463
347	38.8789	1	1.02043e+06	1	171.482	1	296.52	1	89.9399	1	0.01	273.257	301.468
347	38.8789	1	1.02043e+06	1	171.482	1	296.52	1	89.9399	1	0.0316228	273.272	301.48
347	38.8789	1	1.02043e+06	1	171.482	1	296.52	1	89.9399	1	0.1	273.321	301.521
347	38.8789	1	1.02043e+06	1	171.482	1	296.52	1	89.9399	1	0.316228	273.475	301.649
347	38.8789	1	1.02043e+06	1	171.482	1	296.52	1	89.9399	1	1	273.958	302.053
347	38.8789	1	1.02043e+06	1	171.482	1	296.52	1	89.9399	1	3.16228	275.439	303.308
347	38.8789	1	1.02043e+06	1	171.482	1	296.52	1	89.9399	1	10	279.812	307.112
347	38.8789	1	1.02043e+06	1	171.482	1	296.52	1	89.9399	1	31.6228	291.102	317.73
347	38.8789	1	1.02043e+06	1	171.482	1	296.52	1	89.9399	1	100	315.585	344.538
348	68.7577	1	839292	1	97.0079	1	457.86	1	135.609	1	0	273.249	301.462
348	68.7577	1	839292	1	97.0079	1	457.86	1	135.609	1	0.001	273.25	301.462
348	68.7577	1	839292	1	97.0079	1	457.86	1	135.609	1	0.00316228	273.251	301.464
348	68.7577	1	839292	1	97.0079	1	457.86	1	135.609	1	0.01	273.256	301.468
348	68.7577	1	839292	1	97.0079	1	457.86	1	135.609	1	0.0316228	273.27	301.482
348	68.7577	1	839292	1	97.0079	1	457.86	1	135.609	1	0.1	273.313	301.526
348	68.7577	1	839292	1	97.0079	1	457.86	1	135.609	1	0.316228	273.451	301.664
348	68.7577	1	839292	1	97.0079	1	457.86	1	135.609	1	1	273.883	302.097
348	68.7577	1	839292	1	97.0079	1	457.86	1	135.609	1	3.16228	275.219	303.441
348	68.7577	1	839292	1	97.0079	1	457.86	1	135.609	1	10	279.18	307.433
348	68.7577	1	839292	1	97.0079	1	457.86	1	135.609	1	31.6228	289.921	318.339
348	68.7577	1	839292	1	97.0079	1	457.86	1	135.609	1	100	312.488	343.069
349	39.9701	1	877233	1	48.3163	1	210.35	1	104.582	1	0	273.249	301.462
349	39.9701	1	877233	1	48.3163	1	210.35	1	104.582	1	0.001	273.251	301.463
349	39.9701	1	877233	1	48.3163	1	210.35	1	104.582	1	0.00316228	273.253	301.466
349	39.9701	1	877233	1	48.3163	1	210.35	1	104.582	1	0.01	273.262	301.474
349	39.9701	1	877233	1	48.3163	1	210.35	1	104.582	1	0.0316228	273.289	301.502
349	39.9701	1	877233	1	48.3163	1	210.35	1	104.582	1	0.1	273.375	301.591
349	39.9701	1	877233	1	48.3163	1	210.35	1	104.582	1	0.316228	273.645	301.869
349	39.9701	1	877233	1	48.3163	1	210.35	1	104.582	1	1	274.489	302.737
349	39.9701	1	877233	1	48.3163	1	210.35	1	104.582	1	3.16228	277.057	305.376
349	39.9701	1	877233	1	48.3163	1	210.35	1	104.582	1	10	284.419	312.946
349	39.9701	1	877233	1	48.3163	1	210.35	1	104.582	1	31.6228	302.395	331.686
349	39.9701	1	877233	1	48.3163	1	210.35	1	104.582	1	100	337.406	371.055
350	33.4311	1	681403	1	68.9665	1	397.917	1	90.1181	1	0	273.249	301.462
350	33.4311	1	681403	1	68.9665	1	397.917	1	90.1181	1	0.001	273.25	301.462
350	33.4311	1	681403	1	68.9665	1	397.917	1	90.1181	1	0.00316228	273.252	301.464
350	33.4311	1	681403	1	68.9665	1	397.917	1	90.1181	1	0.01	273.259	301.47
350	33.4311	1	681403	1	68.9665	1	397.917	1	90.1181	1	0.0316228	273.28	301.49
350	33.4311	1	681403	1	68.9665	1	397.917	1	90.1181	1	0.1	273.345	301.55
350	33.4311	1	681403	1	68.9665	1	397.917	1	90.1181	1	0.316228	273.551	301.742
350	33.4311	1	681403	1	68.9665	1	397.917	1	90.1181	1	1	274.192	302.34
350	33.4311	1	681403	1	68.9665	1	397.917	1	90.1181	1	3.16228	276.14	304.169
350	33.4311	1	681403	1	68.9665	1	397.917	1	90.1181	1	10	281.715	309.463
350	33.4311	1	681403	1	68.9665	1	397.917	1	90.1181	1	31.6228	294.922	322.847
350	33.4311	1	681403	1	68.9665	1	397.917	1	90.1181	1	100	319.165	350.887
351	28.9064	1	220687	1	89.5521	1	83.2736	1	39.1995	1	0	273.249	301.462
351	28.9064	1	220687	1	89.5521	1	83.2736	1	39.1995	1	0.001	273.251	301.463
351	28.9064	1	220687	1	89.5521	1	83.2736	1	39.1995	1	0.00316228	273.255	301.466
351	28.9064	1	220687	1	89.5521	1	83.2736	1	39.1995	1	0.01	273.266	301.477
351	28.9064	1	220687	1	89.5521	1	83.2736	1	39.1995	1	0.0316228	273.301	301.51
351	28.9064	1	220687	1	89.5521	1	83.2736	1	39.1995	1	0.1	273.413	301.615
351	28.9064	1	220687	1	89.5521	1	83.2736	1	39.1995	1	0.316228	273.765	301.945
351	28.9064	1	220687	1	89.5521	1	83.2736	1	39.1995	1	1	274.864	302.978
351	28.9064	1	220687	1	89.5521	1	83.2736	1	39.1995	1	3.16228	278.213	306.151
351	28.9064	1	220687	1	89.5521	1	83.2736	1	39.1995	1	10	287.788	315.338
351	28.9064	1	220687	1	89.5521	1	83.2736	1	39.1995	1	31.6228	312.455	340.662
351	28.9064	1	220687	1	89.5521	1	83.2736	1	39.1995	1	100	367.034	399.906
352	39.1271	1	727264	1	41.9347	1	150.183	1	64.12	1	0	273.249	301.462
352	39.1271	1	727264	1	41.9347	1	150.183	1	64.12	1	0.001	273.251	301.463
352	39.1271	1	727264	1	41.9347	1	150.183	1	64.12	1	0.00316228	273.254	301.467
352	39.1271	1	727264	1	41.9347	1	150.183	1	64.12	1	0.01	273.265	301.477
352	39.1271	1	727264	1	41.9347	1	150.183	1	64.12	1	0.0316228	273.297	301.511
352	39.1271	1	727264	1	41.9347	1	150.183	1	64.12	1	0.1	273.4	301.619
352	39.1271	1	727264	1	41.9347	1	150.183	1	64.12	1	0.316228	273.724	301.958
352	39.1271	1	727264	1	41.9347	1	150.183	1	64.12	1	1	274.736	303.017
352	39.1271	1	727264	1	41.9347	1	150.183	1	64.12	1	3.16228	277.807	306.224
352	39.1271	1	727264	1	41.9347	1	150.183	1	64.12	1	10	286.557	315.35
352	39.1271	1	727264	1	41.9347	1	150.183	1	64.12	1	31.6228	307.846	337.816
352	39.1271	1	727264	1	41.9347	1	150.183	1	64.12	1	100	350.199	385.124
353	38.568	1	735773	1	77.5622	1	222.208	1	217	1	0	273.249	301.462
353	38.568	1	735773	1	77.5622	1	222.208	1	217	1	0.001	273.25	301.463
353	38.568	1	735773	1	77.5622	1	222.208	1	217	1	0.00316228	273.253	301.465
353	38.568	1	735773	1	77.5622	1	222.208	1	217	1	0.01	273.259	301.471
353	38.568	1	735773	1	77.5622	1	222.208	1	217	1	0.0316228	273.281	301.492
353	38.568	1	735773	1	77.5622	1	222.208	1	217	1	0.1	273.35	301.557
353	38.568	1	735773	1	77.5622	1	222.208	1	217	1	0.316228	273.566	301.763
353	38.568	1	735773	1	77.5622	1	222.208	1	217	1	1	274.244	302.408
353	38.568	1	735773	1	77.5622	1	222.208	1	217	1	3.16228	276.323	304.399
353	38.568	1	735773	1	77.5622	1	222.208	1	217	1	10	282.407	310.269
353	38.568	1	735773	1	77.5622	1	222.208	1	217	1	31.6228	298.066	325.948
353	38.568	1	735773	1	77.5622	1	222.208	1	217	1	100	330.67	362.304
354	36.8529	1	381775	1	33.9634	1	208.779	1	83.682	1	0	273.249	301.462
354	36.8529	1	381775	1	33.9634	1	208.779	1	83.682	1	0.001	273.251	301.463
354	36.8529	1	381775	1	33.9634	1	208.779	1	83.682	1	0.00316228	273.254	301.467
354	36.8529	1	381775	1	33.9634	1	208.779	1	83.682	1	0.01	273.265	301.478
354	36.8529	1	381775	1	33.9634	1	208.779	1	83.682	1	0.0316228	273.298	301.514
354	36.8529	1	381775	1	33.9634	1	208.779	1	83.682	1	0.1	273.404	301.627
354	36.8529	1	381775	1	33.9634	1	208.779	1	83.682	1	0.316228	273.736	301.982
354	36.8529	1	381775	1	33.9634	1	208.779	1	83.682	1	1	274.768	303.084
354	36.8529	1	381775	1	33.9634	1	208.779	1	83.682	1	3.16228	277.862	306.373
354	36.8529	1	381775	1	33.9634	1	208.779	1	83.682	1	10	286.437	315.451
354	36.8529	1	381775	1	33.9634	1	208.779	1	83.682	1	31.6228	305.881	336.185
354	36.8529	1	381775	1	33.9634	1	208.779	1	83.682	1	100	341.101	376.14
355	49.726	1	1.17961e+06	1	36.215	1	342.438	1	84.9666	1	0	273.249	301.462
355	49.726	1	1.17961e+06	1	36.215	1	342.438	1	84.9666	1	0.001	273.251	301.463
355	49.726	1	1.17961e+06	1	36.215	1	342.438	1	84.9666	1	0.00316228	273.253	301.466
355	49.726	1	1.17961e+06	1	36.215	1	342.438	1	84.9666	1	0.01	273.262	301.476
355	49.726	1	1.17961e+06	1	36.215	1	342.438	1	84.9666	1	0.0316228	273.29	301.506
355	49.726	1	1.17961e+06	1	36.215	1	342.438	1	84.9666	1	0.1	273.377	301.603
355	49.726	1	1.17961e+06	1	36.215	1	342.438	1	84.9666	1	0.316228	273.651	301.906
355	49.726	1	1.17961e+06	1	36.215	1	342.438	1	84.9666	1	1	274.504	302.847
355	49.726	1	1.17961e+06	1	36.215	1	342.438	1	84.9666	1	3.16228	277.061	305.654
355	49.726	1	1.17961e+06	1	36.215	1	342.438	1	84.9666	1	10	284.125	313.357
355	49.726	1	1.17961e+06	1	36.215	1	342.438	1	84.9666	1	31.6228	300.065	330.557
355	49.726	1	1.17961e+06	1	36.215	1	342.438	1	84.9666	1	100	327.331	361.738
356	42.6032	1	859267	1	59.9747	1	291.541	1	59.0272	1	0	273.249	301.462
356	42.6032	1	859267	1	59.9747	1	291.541	1	59.0272	1	0.001	273.25	301.463
356	42.6032	1	859267	1	59.9747	1	291.541	1	59.0272	1	0.00316228	273.253	301.465
356	42.6032	1	859267	1	59.9747	1	291.541	1	59.0272	1	0.01	273.26	301.472
356	42.6032	1	859267	1	59.9747	1	291.541	1	59.0272	1	0.0316228	273.282	301.494
356	42.6032	1	859267	1	59.9747	1	291.541	1	59.0272	1	0.1	273.352	301.565
356	42.6032	1	859267	1	59.9747	1	291.541	1	59.0272	1	0.316228	273.574	301.788
356	42.6032	1	859267	1	59.9747	1	291.541	1	59.0272	1	1	274.268	302.486
356	42.6032	1	859267	1	59.9747	1	291.541	1	59.0272	1	3.16228	276.384	304.618
356	42.6032	1	859267	1	59.9747	1	291.541	1	59.0272	1	10	282.482	310.773
356	42.6032	1	859267	1	59.9747	1	291.541	1	59.0272	1	31.6228	297.371	326.23
356	42.6032	1	859267	1	59.9747	1	291.541	1	59.0272	1	100	326.092	358.975
357	50.0415	1	1.45853e+06	1	54.1557	1	301.846	1	76.8675	1	0	273.249	301.462
357	50.0415	1	1.45853e+06	1	54.1557	1	301.846	1	76.8675	1	0.001	273.25	301.463
357	50.0415	1	1.45853e+06	1	54.1557	1	301.846	1	76.8675	1	0.00316228	273.253	301.465
357	50.0415	1	1.45853e+06	1	54.1557	1	301.846	1	76.8675	1	0.01	273.26	301.472
357	50.0415	1	1.45853e+06	1	54.1557	1	301.846	1	76.8675	1	0.0316228	273.282	301.496
357	50.0415	1	1.45853e+06	1	54.1557	1	301.846	1	76.8675	1	0.1	273.353	301.57
357	50.0415	1	1.45853e+06	1	54.1557	1	301.846	1	76.8675	1	0.316228	273.575	301.802
357	50.0415	1	1.45853e+06	1	54.1557	1	301.846	1	76.8675	1	1	274.27	302.529
357	50.0415	1	1.45853e+06	1	54.1557	1	301.846	1	76.8675	1	3.16228	276.392	304.744
357	50.0415	1	1.45853e+06	1	54.1557	1	301.846	1	76.8675	1	10	282.499	311.11
357	50.0415	1	1.45853e+06	1	54.1557	1	301.846	1	76.8675	1	31.6228	297.505	326.85
357	50.0415	1	1.45853e+06	1	54.1557	1	301.846	1	76.8675	1	100	326.17	359.358
358	62.9929	1	867876	1	60.6706	1	507.472	1	81.6629	1	0	273.249	301.462
358	62.9929	1	867876	1	60.6706	1	507.472	1	81.6629	1	0.001	273.25	301.462
358	62.9929	1	867876	1	60.6706	1	507.472	1	81.6629	1	0.00316228	273.252	301.464
358	62.9929	1	867876	1	60.6706	1	507.472	1	81.6629	1	0.01	273.258	301.47
358	62.9929	1	867876	1	60.6706	1	507.472	1	81.6629	1	0.0316228	273.276	301.489
358	62.9929	1	867876	1	60.6706	1	507.472	1	81.6629	1	0.1	273.332	301.55
358	62.9929	1	867876	1	60.6706	1	507.472	1	81.6629	1	0.316228	273.511	301.74
358	62.9929	1	867876	1	60.6706	1	507.472	1	81.6629	1	1	274.069	302.334
358	62.9929	1	867876	1	60.6706	1	507.472	1	81.6629	1	3.16228	275.775	304.147
358	62.9929	1	867876	1	60.6706	1	507.472	1	81.6629	1	10	280.681	309.342
358	62.9929	1	867876	1	60.6706	1	507.472	1	81.6629	1	31.6228	292.774	322.135
358	62.9929	1	867876	1	60.6706	1	507.472	1	81.6629	1	100	315.08	347.683
359	32.9859	1	352422	1	150.231	1	307.982	1	111.156	1	0	273.249	301.462
359	32.9859	1	352422	1	150.231	1	307.982	1	111.156	1	0.001	273.25	301.462
359	32.9859	1	352422	1	150.231	1	307.982	1	111.156	1	0.00316228	273.252	301.464
359	32.9859	1	352422	1	150.231	1	307.982	1	111.156	1	0.01	273.257	301.468
359	32.9859	1	352422	1	150.231	1	307.982	1	111.156	1	0.0316228	273.274	301.481
359	32.9859	1	352422	1	150.231	1	307.982	1	111.156	1	0.1	273.327	301.524
359	32.9859	1	352422	1	150.231	1	307.982	1	111.156	1	0.316228	273.494	301.66
359	32.9859	1	352422	1	150.231	1	307.982	1	111.156	1	1	274.016	302.086
359	32.9859	1	352422	1	150.231	1	307.982	1	111.156	1	3.16228	275.608	303.406
359	32.9859	1	352422	1	150.231	1	307.982	1	111.156	1	10	280.251	307.384
359	32.9859	1	352422	1	150.231	1	307.982	1	111.156	1	31.6228	291.914	318.389
359	32.9859	1	352422	1	150.231	1	307.982	1	111.156	1	100	316.312	345.508
360	46.7659	1	684682	1	49.0157	1	910.156	1	96.3549	1	0	273.249	301.462
360	46.7659	1	684682	1	49.0157	1	910.156	1	96.3549	1	0.001	273.25	301.463
360	46.7659	1	684682	1	49.0157	1	910.156	1	96.3549	1	0.00316228	273.252	301.465
360	46.7659	1	684682	1	49.0157	1	910.156	1	96.3549	1	0.01	273.259	301.471
360	46.7659	1	684682	1	49.0157	1	910.156	1	96.3549	1	0.0316228	273.279	301.493
360	46.7659	1	684682	1	49.0157	1	910.156	1	96.3549	1	0.1	273.343	301.56
360	46.7659	1	684682	1	49.0157	1	910.156	1	96.3549	1	0.316228	273.544	301.772
360	46.7659	1	684682	1	49.0157	1	910.156	1	96.3549	1	1	274.171	302.431
360	46.7659	1	684682	1	49.0157	1	910.156	1	96.3549	1	3.16228	276.061	304.415
360	46.7659	1	684682	1	49.0157	1	910.156	1	96.3549	1	10	281.341	309.943
360	46.7659	1	684682	1	49.0157	1	910.156	1	96.3549	1	31.6228	293.306	322.564
360	46.7659	1	684682	1	49.0157	1	910.156	1	96.3549	1	100	311.221	343.8
361	35.1807	1	1.97631e+06	1	98.0547	1	876.627	1	45.5184	1	0	273.249	301.462
361	35.1807	1	1.97631e+06	1	98.0547	1	876.627	1	45.5184	1	0.001	273.25	301.462
361	35.1807	1	1.97631e+06	1	98.0547	1	876.627	1	45.5184	1	0.00316228	273.252	301.464
361	35.1807	1	1.97631e+06	1	98.0547	1	876.627	1	45.5184	1	0.01	273.257	301.468
361	35.1807	1	1.97631e+06	1	98.0547	1	876.627	1	45.5184	1	0.0316228	273.272	301.481
361	35.1807	1	1.97631e+06	1	98.0547	1	876.627	1	45.5184	1	0.1	273.322	301.524
361	35.1807	1	1.97631e+06	1	98.0547	1	876.627	1	45.5184	1	0.316228	273.478	301.658
361	35.1807	1	1.97631e+06	1	98.0547	1	876.627	1	45.5184	1	1	273.963	302.078
361	35.1807	1	1.97631e+06	1	98.0547	1	876.627	1	45.5184	1	3.16228	275.434	303.365
361	35.1807	1	1.97631e+06	1	98.0547	1	876.627	1	45.5184	1	10	279.591	307.079
361	35.1807	1	1.97631e+06	1	98.0547	1	876.627	1	45.5184	1	31.6228	289.052	316.497
361	35.1807	1	1.97631e+06	1	98.0547	1	876.627	1	45.5184	1	100	305.327	335.702
362	46.7544	1	699188	1	66.6002	1	370.195	1	95.479	1	0	273.249	301.462
362	46.7544	1	699188	1	66.6002	1	370.195	1	95.479	1	0.001	273.25	301.462
362	46.7544	1	699188	1	66.6002	1	370.195	1	95.479	1	0.00316228	273.252	301.464
362	46.7544	1	699188	1	66.6002	1	370.195	1	95.479	1	0.01	273.258	301.471
362	46.7544	1	699188	1	66.6002	1	370.195	1	95.479	1	0.0316228	273.278	301.49
362	46.7544	1	699188	1	66.6002	1	370.195	1	95.479	1	0.1	273.339	301.551
362	46.7544	1	699188	1	66.6002	1	370.195	1	95.479	1	0.316228	273.532	301.744
362	46.7544	1	699188	1	66.6002	1	370.195	1	95.479	1	1	274.134	302.348
362	46.7544	1	699188	1	66.6002	1	370.195	1	95.479	1	3.16228	275.98	304.198
362	46.7544	1	699188	1	66.6002	1	370.195	1	95.479	1	10	281.33	309.568
362	46.7544	1	699188	1	66.6002	1	370.195	1	95.479	1	31.6228	294.69	323.274
362	46.7544	1	699188	1	66.6002	1	370.195	1	95.479	1	100	320.382	352.367
363	51.5311	1	706307	1	59.182	1	393.587	1	64.9763	1	0	273.249	301.462
363	51.5311	1	706307	1	59.182	1	393.587	1	64.9763	1	0.001	273.25	301.463
363	51.5311	1	706307	1	59.182	1	393.587	1	64.9763	1	0.00316228	273.252	301.465
363	51.5311	1	706307	1	59.182	1	393.587	1	64.9763	1	0.01	273.259	301.471
363	51.5311	1	706307	1	59.182	1	393.587	1	64.9763	1	0.0316228	273.279	301.492
363	51.5311	1	706307	1	59.182	1	393.587	1	64.9763	1	0.1	273.342	301.558
363	51.5311	1	706307	1	59.182	1	393.587	1	64.9763	1	0.316228	273.541	301.764
363	51.5311	1	706307	1	59.182	1	393.587	1	64.9763	1	1	274.164	302.41
363	51.5311	1	706307	1	59.182	1	393.587	1	64.9763	1	3.16228	276.066	304.382
363	51.5311	1	706307	1	59.182	1	393.587	1	64.9763	1	10	281.535	310.043
363	51.5311	1	706307	1	59.182	1	393.587	1	64.9763	1	31.6228	294.888	324.016
363	51.5311	1	706307	1	59.182	1	393.587	1	64.9763	1	100	319.667	352.525
364	49.8472	1	1.41735e+06	1	134.061	1	268.621	1	120.659	1	0	273.249	301.462
364	49.8472	1	1.41735e+06	1	134.061	1	268.621	1	120.659	1	0.001	273.25	301.462
364	49.8472	1	1.41735e+06	1	134.061	1	268.621	1	120.659	1	0.00316228	273.252	301.464
364	49.8472	1	1.41735e+06	1	134.061	1	268.621	1	120.659	1	0.01	273.257	301.468
364	49.8472	1	1.41735e+06	1	134.061	1	268.621	1	120.659	1	0.0316228	273.272	301.483
364	49.8472	1	1.41735e+06	1	134.061	1	268.621	1	120.659	1	0.1	273.322	301.528
364	49.8472	1	1.41735e+06	1	134.061	1	268.621	1	120.659	1	0.316228	273.479	301.672
364	49.8472	1	1.41735e+06	1	134.061	1	268.621	1	120.659	1	1	273.971	302.123
364	49.8472	1	1.41735e+06	1	134.061	1	268.621	1	120.659	1	3.16228	275.493	303.528
364	49.8472	1	1.41735e+06	1	134.061	1	268.621	1	120.659	1	10	280.037	307.778
364	49.8472	1	1.41735e+06	1	134.061	1	268.621	1	120.659	1	31.6228	292.322	319.693
364	49.8472	1	1.41735e+06	1	134.061	1	268.621	1	120.659	1	100	319.909	349.631
365	37.2525	1	396228	1	61.84	1	374.595	1	58.0055	1	0	273.249	301.462
365	37.2525	1	396228	1	61.84	1	374.595	1	58.0055	1	0.001	273.25	301.463
365	37.2525	1	396228	1	61.84	1	374.595	1	58.0055	1	0.00316228	273.253	301.465
365	37.2525	1	396228	1	61.84	1	374.595	1	58.0055	1	0.01	273.259	301.471
365	37.2525	1	396228	1	61.84	1	374.595	1	58.0055	1	0.0316228	273.281	301.492
365	37.2525	1	396228	1	61.84	1	374.595	1	58.0055	1	0.1	273.349	301.558
365	37.2525	1	396228	1	61.84	1	374.595	1	58.0055	1	0.316228	273.563	301.767
365	37.2525	1	396228	1	61.84	1	374.595	1	58.0055	1	1	274.231	302.418
365	37.2525	1	396228	1	61.84	1	374.595	1	58.0055	1	3.16228	276.26	304.404
365	37.2525	1	396228	1	61.84	1	374.595	1	58.0055	1	10	282.057	310.111
365	37.2525	1	396228	1	61.84	1	374.595	1	58.0055	1	31.6228	295.718	324.238
365	37.2525	1	396228	1	61.84	1	374.595	1	58.0055	1	100	320.935	353.34
366	80.376	1	604478	1	54.4844	1	204.029	1	51.0607	1	0	273.249	301.462
366	80.376	1	604478	1	54.4844	1	204.029	1	51.0607	1	0.001	273.251	301.463
366	80.376	1	604478	1	54.4844	1	204.029	1	51.0607	1	0.00316228	273.253	301.465
366	80.376	1	604478	1	54.4844	1	204.029	1	51.0607	1	0.01	273.26	301.473
366	80.376	1	604478	1	54.4844	1	204.029	1	51.0607	1	0.0316228	273.284	301.499
366	80.376	1	604478	1	54.4844	1	204.029	1	51.0607	1	0.1	273.357	301.58
366	80.376	1	604478	1	54.4844	1	204.029	1	51.0607	1	0.316228	273.589	301.836
366	80.376	1	604478	1	54.4844	1	204.029	1	51.0607	1	1	274.317	302.635
366	80.376	1	604478	1	54.4844	1	204.029	1	51.0607	1	3.16228	276.549	305.082
366	80.376	1	604478	1	54.4844	1	204.029	1	51.0607	1	10	283.008	312.132
366	80.376	1	604478	1	54.4844	1	204.029	1	51.0607	1	31.6228	299.546	329.999
366	80.376	1	604478	1	54.4844	1	204.029	1	51.0607	1	100	334.5	369.278
367	41.8667	1	777622	1	87.8894	1	624.959	1	202.549	1	0	273.249	301.462
367	41.8667	1	777622	1	87.8894	1	624.959	1	202.549	1	0.001	273.25	301.462
367	41.8667	1	777622	1	87.8894	1	624.959	1	202.549	1	0.00316228	273.252	301.464
367	41.8667	1	777622	1	87.8894	1	624.959	1	202.549	1	0.01	273.257	301.468
367	41.8667	1	777622	1	87.8894	1	624.959	1	202.549	1	0.0316228	273.272	301.483
367	41.8667	1	777622	1	87.8894	1	624.959	1	202.549	1	0.1	273.322	301.528
367	41.8667	1	777622	1	87.8894	1	624.959	1	202.549	1	0.316228	273.477	301.671
367	41.8667	1	777622	1	87.8894	1	624.959	1	202.549	1	1	273.963	302.118
367	41.8667	1	777622	1	87.8894	1	624.959	1	202.549	1	3.16228	275.448	303.495
367	41.8667	1	777622	1	87.8894	1	624.959	1	202.549	1	10	279.759	307.535
367	41.8667	1	777622	1	87.8894	1	624.959	1	202.549	1	31.6228	290.514	318.072
367	41.8667	1	777622	1	87.8894	1	624.959	1	202.549	1	100	310.123	340.552
368	36.4959	1	437654	1	20.8689	1	192.49	1	108.871	1	0	273.249	301.462
368	36.4959	1	437654	1	20.8689	1	192.49	1	108.871	1	0.001	273.252	301.464
368	36.4959	1	437654	1	20.8689	1	192.49	1	108.871	1	0.00316228	273.256	301.469
368	36.4959	1	437654	1	20.8689	1	192.49	1	108.871	1	0.01	273.271	301.486
368	36.4959	1	437654	1	20.8689	1	192.49	1	108.871	1	0.0316228	273.317	301.538
368	36.4959	1	437654	1	20.8689	1	192.49	1	108.871	1	0.1	273.462	301.703
368	36.4959	1	437654	1	20.8689	1	192.49	1	108.871	1	0.316228	273.917	302.219
368	36.4959	1	437654	1	20.8689	1	192.49	1	108.871	1	1	275.315	303.799
368	36.4959	1	437654	1	20.8689	1	192.49	1	108.871	1	3.16228	279.378	308.348
368	36.4959	1	437654	1	20.8689	1	192.49	1	108.871	1	10	289.757	319.844
368	36.4959	1	437654	1	20.8689	1	192.49	1	108.871	1	31.6228	311.524	343.45
368	36.4959	1	437654	1	20.8689	1	192.49	1	108.871	1	100	347.829	384.536
369	46.9493	1	1.12086e+06	1	35.3986	1	931.476	1	87.9645	1	0	273.249	301.462
369	46.9493	1	1.12086e+06	1	35.3986	1	931.476	1	87.9645	1	0.001	273.251	301.463
369	46.9493	1	1.12086e+06	1	35.3986	1	931.476	1	87.9645	1	0.00316228	273.253	301.466
369	46.9493	1	1.12086e+06	1	35.3986	1	931.476	1	87.9645	1	0.01	273.261	301.475
369	46.9493	1	1.12086e+06	1	35.3986	1	931.476	1	87.9645	1	0.0316228	273.286	301.503
369	46.9493	1	1.12086e+06	1	35.3986	1	931.476	1	87.9645	1	0.1	273.366	301.591
369	46.9493	1	1.12086e+06	1	35.3986	1	931.476	1	87.9645	1	0.316228	273.617	301.87
369	46.9493	1	1.12086e+06	1	35.3986	1	931.476	1	87.9645	1	1	274.395	302.73
369	46.9493	1	1.12086e+06	1	35.3986	1	931.476	1	87.9645	1	3.16228	276.705	305.27
369	46.9493	1	1.12086e+06	1	35.3986	1	931.476	1	87.9645	1	10	282.919	312.064
369	46.9493	1	1.12086e+06	1	35.3986	1	931.476	1	87.9645	1	31.6228	295.947	326.21
369	46.9493	1	1.12086e+06	1	35.3986	1	931.476	1	87.9645	1	100	313.517	347.263
370	63.0709	1	628731	1	84.6891	1	1006.31	1	100.78	1	0	273.249	301.462
370	63.0709	1	628731	1	84.6891	1	1006.31	1	100.78	1	0.001	273.25	301.462
370	63.0709	1	628731	1	84.6891	1	1006.31	1	100.78	1	0.00316228	273.251	301.464
370	63.0709	1	628731	1	84.6891	1	1006.31	1	100.78	1	0.01	273.256	301.468
370	63.0709	1	628731	1	84.6891	1	1006.31	1	100.78	1	0.0316228	273.269	301.481
370	63.0709	1	628731	1	84.6891	1	1006.31	1	100.78	1	0.1	273.311	301.523
370	63.0709	1	628731	1	84.6891	1	1006.31	1	100.78	1	0.316228	273.442	301.656
370	63.0709	1	628731	1	84.6891	1	1006.31	1	100.78	1	1	273.855	302.072
370	63.0709	1	628731	1	84.6891	1	1006.31	1	100.78	1	3.16228	275.122	303.35
370	63.0709	1	628731	1	84.6891	1	1006.31	1	100.78	1	10	278.804	307.066
370	63.0709	1	628731	1	84.6891	1	1006.31	1	100.78	1	31.6228	288.161	316.615
370	63.0709	1	628731	1	84.6891	1	1006.31	1	100.78	1	100	304.892	335.807
371	42.7853	1	1.6687e+06	1	59.6323	1	1891.06	1	110.546	1	0	273.249	301.462
371	42.7853	1	1.6687e+06	1	59.6323	1	1891.06	1	110.546	1	0.001	273.25	301.462
371	42.7853	1	1.6687e+06	1	59.6323	1	1891.06	1	110.546	1	0.00316228	273.252	301.464
371	42.7853	1	1.6687e+06	1	59.6323	1	1891.06	1	110.546	1	0.01	273.257	301.47
371	42.7853	1	1.6687e+06	1	59.6323	1	1891.06	1	110.546	1	0.0316228	273.275	301.487
371	42.7853	1	1.6687e+06	1	59.6323	1	1891.06	1	110.546	1	0.1	273.33	301.542
371	42.7853	1	1.6687e+06	1	59.6323	1	1891.06	1	110.546	1	0.316228	273.503	301.714
371	42.7853	1	1.6687e+06	1	59.6323	1	1891.06	1	110.546	1	1	274.041	302.25
371	42.7853	1	1.6687e+06	1	59.6323	1	1891.06	1	110.546	1	3.16228	275.668	303.873
371	42.7853	1	1.6687e+06	1	59.6323	1	1891.06	1	110.546	1	10	280.235	308.433
371	42.7853	1	1.6687e+06	1	59.6323	1	1891.06	1	110.546	1	31.6228	290.65	319.134
371	42.7853	1	1.6687e+06	1	59.6323	1	1891.06	1	110.546	1	100	305.147	336.728
372	40.5377	1	529431	1	55.7104	1	487.156	1	185.344	1	0	273.249	301.462
372	40.5377	1	529431	1	55.7104	1	487.156	1	185.344	1	0.001	273.25	301.463
372	40.5377	1	529431	1	55.7104	1	487.156	1	185.344	1	0.00316228	273.252	301.465
372	40.5377	1	529431	1	55.7104	1	487.156	1	185.344	1	0.01	273.259	301.471
372	40.5377	1	529431	1	55.7104	1	487.156	1	185.344	1	0.0316228	273.28	301.492
372	40.5377	1	529431	1	55.7104	1	487.156	1	185.344	1	0.1	273.346	301.558
372	40.5377	1	529431	1	55.7104	1	487.156	1	185.344	1	0.316228	273.552	301.765
372	40.5377	1	529431	1	55.7104	1	487.156	1	185.344	1	1	274.198	302.412
372	40.5377	1	529431	1	55.7104	1	487.156	1	185.344	1	3.16228	276.156	304.379
372	40.5377	1	529431	1	55.7104	1	487.156	1	185.344	1	10	281.733	309.985
372	40.5377	1	529431	1	55.7104	1	487.156	1	185.344	1	31.6228	294.971	323.582
372	40.5377	1	529431	1	55.7104	1	487.156	1	185.344	1	100	317.782	349.993
373	66.2436	1	1.22103e+06	1	64.3747	1	409.359	1	66.0716	1	0	273.249	301.462
373	66.2436	1	1.22103e+06	1	64.3747	1	409.359	1	66.0716	1	0.001	273.25	301.462
373	66.2436	1	1.22103e+06	1	64.3747	1	409.359	1	66.0716	1	0.00316228	273.252	301.464
373	66.2436	1	1.22103e+06	1	64.3747	1	409.359	1	66.0716	1	0.01	273.258	301.47
373	66.2436	1	1.22103e+06	1	64.3747	1	409.359	1	66.0716	1	0.0316228	273.276	301.49
373	66.2436	1	1.22103e+06	1	64.3747	1	409.359	1	66.0716	1	0.1	273.333	301.55
373	66.2436	1	1.22103e+06	1	64.3747	1	409.359	1	66.0716	1	0.316228	273.512	301.74
373	66.2436	1	1.22103e+06	1	64.3747	1	409.359	1	66.0716	1	1	274.072	302.336
373	66.2436	1	1.22103e+06	1	64.3747	1	409.359	1	66.0716	1	3.16228	275.792	304.161
373	66.2436	1	1.22103e+06	1	64.3747	1	409.359	1	66.0716	1	10	280.769	309.424
373	66.2436	1	1.22103e+06	1	64.3747	1	409.359	1	66.0716	1	31.6228	293.279	322.654
373	66.2436	1	1.22103e+06	1	64.3747	1	409.359	1	66.0716	1	100	317.482	350.32
374	37.5923	1	530436	1	42.8506	1	419.772	1	101.783	1	0	273.249	301.462
374	37.5923	1	530436	1	42.8506	1	419.772	1	101.783	1	0.001	273.251	301.463
374	37.5923	1	530436	1	42.8506	1	419.772	1	101.783	1	0.00316228	273.253	301.465
374	37.5923	1	530436	1	42.8506	1	419.772	1	101.783	1	0.01	273.261	301.474
374	37.5923	1	530436	1	42.8506	1	419.772	1	101.783	1	0.0316228	273.287	301.5
374	37.5923	1	530436	1	42.8506	1	419.772	1	101.783	1	0.1	273.367	301.583
374	37.5923	1	530436	1	42.8506	1	419.772	1	101.783	1	0.316228	273.619	301.845
374	37.5923	1	530436	1	42.8506	1	419.772	1	101.783	1	1	274.404	302.659
374	37.5923	1	530436	1	42.8506	1	419.772	1	101.783	1	3.16228	276.766	305.102
374	37.5923	1	530436	1	42.8506	1	419.772	1	101.783	1	10	283.354	311.916
374	37.5923	1	530436	1	42.8506	1	419.772	1	101.783	1	31.6228	298.154	327.501
374	37.5923	1	530436	1	42.8506	1	419.772	1	101.783	1	100	322.539	355.921
375	38.7549	1	723534	1	61.076	1	488.541	1	83.4996	1	0	273.249	301.462
375	38.7549	1	723534	1	61.076	1	488.541	1	83.4996	1	0.001	273.25	301.462
375	38.7549	1	723534	1	61.076	1	488.541	1	83.4996	1	0.00316228	273.252	301.464
375	38.7549	1	723534	1	61.076	1	488.541	1	83.4996	1	0.01	273.259	301.471
375	38.7549	1	723534	1	61.076	1	488.541	1	83.4996	1	0.0316228	273.279	301.491
375	38.7549	1	723534	1	61.076	1	488.541	1	83.4996	1	0.1	273.343	301.553
375	38.7549	1	723534	1	61.076	1	488.541	1	83.4996	1	0.316228	273.544	301.75
375	38.7549	1	723534	1	61.076	1	488.541	1	83.4996	1	1	274.172	302.365
375	38.7549	1	723534	1	61.076	1	488.541	1	83.4996	1	3.16228	276.079	304.24
375	38.7549	1	723534	1	61.076	1	488.541	1	83.4996	1	10	281.522	309.614
375	38.7549	1	723534	1	61.076	1	488.541	1	83.4996	1	31.6228	294.328	322.767
375	38.7549	1	723534	1	61.076	1	488.541	1	83.4996	1	100	316.715	348.826
376	39.688	1	1.50477e+06	1	51.2108	1	541.422	1	138.838	1	0	273.249	301.462
376	39.688	1	1.50477e+06	1	51.2108	1	541.422	1	138.838	1	0.001	273.25	301.463
376	39.688	1	1.50477e+06	1	51.2108	1	541.422	1	138.838	1	0.00316228	273.253	301.465
376	39.688	1	1.50477e+06	1	51.2108	1	541.422	1	138.838	1	0.01	273.259	301.472
376	39.688	1	1.50477e+06	1	51.2108	1	541.422	1	138.838	1	0.0316228	273.281	301.494
376	39.688	1	1.50477e+06	1	51.2108	1	541.422	1	138.838	1	0.1	273.35	301.563
376	39.688	1	1.50477e+06	1	51.2108	1	541.422	1	138.838	1	0.316228	273.565	301.781
376	39.688	1	1.50477e+06	1	51.2108	1	541.422	1	138.838	1	1	274.236	302.462
376	39.688	1	1.50477e+06	1	51.2108	1	541.422	1	138.838	1	3.16228	276.266	304.52
376	39.688	1	1.50477e+06	1	51.2108	1	541.422	1	138.838	1	10	281.993	310.334
376	39.688	1	1.50477e+06	1	51.2108	1	541.422	1	138.838	1	31.6228	295.249	324.069
376	39.688	1	1.50477e+06	1	51.2108	1	541.422	1	138.838	1	100	317.05	349.551
377	80.5298	1	797064	1	52.5439	1	315.267	1	90.1775	1	0	273.249	301.462
377	80.5298	1	797064	1	52.5439	1	315.267	1	90.1775	1	0.001	273.25	301.463
377	80.5298	1	797064	1	52.5439	1	315.267	1	90.1775	1	0.00316228	273.252	301.465
377	80.5298	1	797064	1	52.5439	1	315.267	1	90.1775	1	0.01	273.259	301.472
377	80.5298	1	797064	1	52.5439	1	315.267	1	90.1775	1	0.0316228	273.28	301.495
377	80.5298	1	797064	1	52.5439	1	315.267	1	90.1775	1	0.1	273.345	301.568
377	80.5298	1	797064	1	52.5439	1	315.267	1	90.1775	1	0.316228	273.551	301.797
377	80.5298	1	797064	1	52.5439	1	315.267	1	90.1775	1	1	274.195	302.514
377	80.5298	1	797064	1	52.5439	1	315.267	1	90.1775	1	3.16228	276.165	304.695
377	80.5298	1	797064	1	52.5439	1	315.267	1	90.1775	1	10	281.841	310.946
377	80.5298	1	797064	1	52.5439	1	315.267	1	90.1775	1	31.6228	296.032	326.354
377	80.5298	1	797064	1	52.5439	1	315.267	1	90.1775	1	100	324.545	358.17
378	25.1612	1	562522	1	30.3317	1	215.494	1	123.699	1	0	273.249	301.462
378	25.1612	1	562522	1	30.3317	1	215.494	1	123.699	1	0.001	273.251	301.463
378	25.1612	1	562522	1	30.3317	1	215.494	1	123.699	1	0.00316228	273.255	301.467
378	25.1612	1	562522	1	30.3317	1	215.494	1	123.699	1	0.01	273.267	301.48
378	25.1612	1	562522	1	30.3317	1	215.494	1	123.699	1	0.0316228	273.305	301.519
378	25.1612	1	562522	1	30.3317	1	215.494	1	123.699	1	0.1	273.426	301.643
378	25.1612	1	562522	1	30.3317	1	215.494	1	123.699	1	0.316228	273.805	302.032
378	25.1612	1	562522	1	30.3317	1	215.494	1	123.699	1	1	274.978	303.236
378	25.1612	1	562522	1	30.3317	1	215.494	1	123.699	1	3.16228	278.449	306.795
378	25.1612	1	562522	1	30.3317	1	215.494	1	123.699	1	10	287.85	316.442
378	25.1612	1	562522	1	30.3317	1	215.494	1	123.699	1	31.6228	307.61	337.638
378	25.1612	1	562522	1	30.3317	1	215.494	1	123.699	1	100	341.548	376.865
379	30.3581	1	390732	1	80.4126	1	151.647	1	139.409	1	0	273.249	301.462
379	30.3581	1	390732	1	80.4126	1	151.647	1	139.409	1	0.001	273.251	301.463
379	30.3581	1	390732	1	80.4126	1	151.647	1	139.409	1	0.00316228	273.253	301.465
379	30.3581	1	390732	1	80.4126	1	151.647	1	139.409	1	0.01	273.262	301.473
379	30.3581	1	390732	1	80.4126	1	151.647	1	139.409	1	0.0316228	273.288	301.497
379	30.3581	1	390732	1	80.4126	1	151.647	1	139.409	1	0.1	273.372	301.574
379	30.3581	1	390732	1	80.4126	1	151.647	1	139.409	1	0.316228	273.636	301.817
379	30.3581	1	390732	1	80.4126	1	151.647	1	139.409	1	1	274.46	302.577
379	30.3581	1	390732	1	80.4126	1	151.647	1	139.409	1	3.16228	276.977	304.921
379	30.3581	1	390732	1	80.4126	1	151.647	1	139.409	1	10	284.289	311.832
379	30.3581	1	390732	1	80.4126	1	151.647	1	139.409	1	31.6228	302.936	330.546
379	30.3581	1	390732	1	80.4126	1	151.647	1	139.409	1	100	342.619	374.674
380	63.828	1	707963	1	63.234	1	230.627	1	71.5851	1	0	273.249	301.462
380	63.828	1	707963	1	63.234	1	230.627	1	71.5851	1	0.001	273.25	301.463
380	63.828	1	707963	1	63.234	1	230.627	1	71.5851	1	0.00316228	273.253	301.465
380	63.828	1	707963	1	63.234	1	230.627	1	71.5851	1	0.01	273.259	301.472
380	63.828	1	707963	1	63.234	1	230.627	1	71.5851	1	0.0316228	273.281	301.495
380	63.828	1	707963	1	63.234	1	230.627	1	71.5851	1	0.1	273.348	301.566
380	63.828	1	707963	1	63.234	1	230.627	1	71.5851	1	0.316228	273.56	301.79
380	63.828	1	707963	1	63.234	1	230.627	1	71.5851	1	1	274.226	302.494
380	63.828	1	707963	1	63.234	1	230.627	1	71.5851	1	3.16228	276.275	304.656
380	63.828	1	707963	1	63.234	1	230.627	1	71.5851	1	10	282.268	310.963
380	63.828	1	707963	1	63.234	1	230.627	1	71.5851	1	31.6228	297.793	327.297
380	63.828	1	707963	1	63.234	1	230.627	1	71.5851	1	100	330.559	363.839
381	38.2505	1	502182	1	73.4855	1	949.204	1	90.0808	1	0	273.249	301.462
381	38.2505	1	502182	1	73.4855	1	949.204	1	90.0808	1	0.001	273.25	301.462
381	38.2505	1	502182	1	73.4855	1	949.204	1	90.0808	1	0.00316228	273.252	301.464
381	38.2505	1	502182	1	73.4855	1	949.204	1	90.0808	1	0.01	273.257	301.469
381	38.2505	1	502182	1	73.4855	1	949.204	1	90.0808	1	0.0316228	273.274	301.485
381	38.2505	1	502182	1	73.4855	1	949.204	1	90.0808	1	0.1	273.327	301.534
381	38.2505	1	502182	1	73.4855	1	949.204	1	90.0808	1	0.316228	273.495	301.691
381	38.2505	1	502182	1	73.4855	1	949.204	1	90.0808	1	1	274.019	302.18
381	38.2505	1	502182	1	73.4855	1	949.204	1	90.0808	1	3.16228	275.607	303.673
381	38.2505	1	502182	1	73.4855	1	949.204	1	90.0808	1	10	280.126	307.955
381	38.2505	1	502182	1	73.4855	1	949.204	1	90.0808	1	31.6228	290.699	318.569
381	38.2505	1	502182	1	73.4855	1	949.204	1	90.0808	1	100	307.558	338.663
382	31.4804	1	1.31192e+06	1	91.0067	1	331.399	1	95.0755	1	0	273.249	301.462
382	31.4804	1	1.31192e+06	1	91.0067	1	331.399	1	95.0755	1	0.001	273.25	301.462
382	31.4804	1	1.31192e+06	1	91.0067	1	331.399	1	95.0755	1	0.00316228	273.252	301.464
382	31.4804	1	1.31192e+06	1	91.0067	1	331.399	1	95.0755	1	0.01	273.259	301.469
382	31.4804	1	1.31192e+06	1	91.0067	1	331.399	1	95.0755	1	0.0316228	273.278	301.487
382	31.4804	1	1.31192e+06	1	91.0067	1	331.399	1	95.0755	1	0.1	273.34	301.541
382	31.4804	1	1.31192e+06	1	91.0067	1	331.399	1	95.0755	1	0.316228	273.535	301.711
382	31.4804	1	1.31192e+06	1	91.0067	1	331.399	1	95.0755	1	1	274.144	302.246
382	31.4804	1	1.31192e+06	1	91.0067	1	331.399	1	95.0755	1	3.16228	275.997	303.892
382	31.4804	1	1.31192e+06	1	91.0067	1	331.399	1	95.0755	1	10	281.347	308.756
382	31.4804	1	1.31192e+06	1	91.0067	1	331.399	1	95.0755	1	31.6228	294.31	321.561
382	31.4804	1	1.31192e+06	1	91.0067	1	331.399	1	95.0755	1	100	319.92	350.767
383	30.248	1	578120	1	91.3388	1	368.256	1	83.5669	1	0	273.249	301.462
383	30.248	1	578120	1	91.3388	1	368.256	1	83.5669	1	0.001	273.25	301.462
383	30.248	1	578120	1	91.3388	1	368.256	1	83.5669	1	0.00316228	273.252	301.464
383	30.248	1	578120	1	91.3388	1	368.256	1	83.5669	1	0.01	273.258	301.469
383	30.248	1	578120	1	91.3388	1	368.256	1	83.5669	1	0.0316228	273.278	301.486
383	30.248	1	578120	1	91.3388	1	368.256	1	83.5669	1	0.1	273.339	301.539
383	30.248	1	578120	1	91.3388	1	368.256	1	83.5669	1	0.316228	273.533	301.705
383	30.248	1	578120	1	91.3388	1	368.256	1	83.5669	1	1	274.136	302.227
383	30.248	1	578120	1	91.3388	1	368.256	1	83.5669	1	3.16228	275.964	303.832
383	30.248	1	578120	1	91.3388	1	368.256	1	83.5669	1	10	281.217	308.56
383	30.248	1	578120	1	91.3388	1	368.256	1	83.5669	1	31.6228	293.658	320.878
383	30.248	1	578120	1	91.3388	1	368.256	1	83.5669	1	100	317.882	348.669
384	80.7496	1	764782	1	89.7346	1	91.9202	1	67.1995	1	0	273.249	301.462
384	80.7496	1	764782	1	89.7346	1	91.9202	1	67.1995	1	0.001	273.251	301.463
384	80.7496	1	764782	1	89.7346	1	91.9202	1	67.1995	1	0.00316228	273.254	301.466
384	80.7496	1	764782	1	89.7346	1	91.9202	1	67.1995	1	0.01	273.262	301.475
384	80.7496	1	764782	1	89.7346	1	91.9202	1	67.1995	1	0.0316228	273.291	301.504
384	80.7496	1	764782	1	89.7346	1	91.9202	1	67.1995	1	0.1	273.379	301.597
384	80.7496	1	764782	1	89.7346	1	91.9202	1	67.1995	1	0.316228	273.66	301.889
384	80.7496	1	764782	1	89.7346	1	91.9202	1	67.1995	1	1	274.54	302.806
384	80.7496	1	764782	1	89.7346	1	91.9202	1	67.1995	1	3.16228	277.257	305.638
384	80.7496	1	764782	1	89.7346	1	91.9202	1	67.1995	1	10	285.242	313.949
384	80.7496	1	764782	1	89.7346	1	91.9202	1	67.1995	1	31.6228	307.644	337.244
384	80.7496	1	764782	1	89.7346	1	91.9202	1	67.1995	1	100	359.733	393.282
385	141.739	1	424356	1	94.6406	1	270.576	1	50.5816	1	0	273.249	301.462
385	141.739	1	424356	1	94.6406	1	270.576	1	50.5816	1	0.001	273.25	301.462
385	141.739	1	424356	1	94.6406	1	270.576	1	50.5816	1	0.00316228	273.252	301.464
385	141.739	1	424356	1	94.6406	1	270.576	1	50.5816	1	0.01	273.256	301.469
385	141.739	1	424356	1	94.6406	1	270.576	1	50.5816	1	0.0316228	273.271	301.486
385	141.739	1	424356	1	94.6406	1	270.576	1	50.5816	1	0.1	273.319	301.538
385	141.739	1	424356	1	94.6406	1	270.576	1	50.5816	1	0.316228	273.47	301.703
385	141.739	1	424356	1	94.6406	1	270.576	1	50.5816	1	1	273.943	302.222
385	141.739	1	424356	1	94.6406	1	270.576	1	50.5816	1	3.16228	275.412	303.831
385	141.739	1	424356	1	94.6406	1	270.576	1	50.5816	1	10	279.788	308.603
385	141.739	1	424356	1	94.6406	1	270.576	1	50.5816	1	31.6228	291.598	321.435
385	141.739	1	424356	1	94.6406	1	270.576	1	50.5816	1	100	319.829	352.759
386	42.6634	1	766694	1	90.195	1	600.856	1	107.691	1	0	273.249	301.462
386	42.6634	1	766694	1	90.195	1	600.856	1	107.691	1	0.001	273.25	301.462
386	42.6634	1	766694	1	90.195	1	600.856	1	107.691	1	0.00316228	273.252	301.464
386	42.6634	1	766694	1	90.195	1	600.856	1	107.691	1	0.01	273.257	301.468
386	42.6634	1	766694	1	90.195	1	600.856	1	107.691	1	0.0316228	273.272	301.483
386	42.6634	1	766694	1	90.195	1	600.856	1	107.691	1	0.1	273.321	301.528
386	42.6634	1	766694	1	90.195	1	600.856	1	107.691	1	0.316228	273.476	301.67
386	42.6634	1	766694	1	90.195	1	600.856	1	107.691	1	1	273.961	302.118
386	42.6634	1	766694	1	90.195	1	600.856	1	107.691	1	3.16228	275.442	303.495
386	42.6634	1	766694	1	90.195	1	600.856	1	107.691	1	10	279.75	307.543
386	42.6634	1	766694	1	90.195	1	600.856	1	107.691	1	31.6228	290.452	318.079
386	42.6634	1	766694	1	90.195	1	600.856	1	107.691	1	100	310.225	340.75
387	27.2364	1	1.42473e+06	1	33.9246	1	729.868	1	86.8878	1	0	273.249	301.462
387	27.2364	1	1.42473e+06	1	33.9246	1	729.868	1	86.8878	1	0.001	273.251	301.463
387	27.2364	1	1.42473e+06	1	33.9246	1	729.868	1	86.8878	1	0.00316228	273.254	301.466
387	27.2364	1	1.42473e+06	1	33.9246	1	729.868	1	86.8878	1	0.01	273.263	301.476
387	27.2364	1	1.42473e+06	1	33.9246	1	729.868	1	86.8878	1	0.0316228	273.293	301.506
387	27.2364	1	1.42473e+06	1	33.9246	1	729.868	1	86.8878	1	0.1	273.389	301.603
387	27.2364	1	1.42473e+06	1	33.9246	1	729.868	1	86.8878	1	0.316228	273.687	301.907
387	27.2364	1	1.42473e+06	1	33.9246	1	729.868	1	86.8878	1	1	274.608	302.846
387	27.2364	1	1.42473e+06	1	33.9246	1	729.868	1	86.8878	1	3.16228	277.32	305.607
387	27.2364	1	1.42473e+06	1	33.9246	1	729.868	1	86.8878	1	10	284.532	312.971
387	27.2364	1	1.42473e+06	1	33.9246	1	729.868	1	86.8878	1	31.6228	298.54	328.101
387	27.2364	1	1.42473e+06	1	33.9246	1	729.868	1	86.8878	1	100	316.947	350.811
388	46.7929	1	597438	1	62.3027	1	167.213	1	102.193	1	0	273.249	301.462
388	46.7929	1	597438	1	62.3027	1	167.213	1	102.193	1	0.001	273.251	301.463
388	46.7929	1	597438	1	62.3027	1	167.213	1	102.193	1	0.00316228	273.253	301.465
388	46.7929	1	597438	1	62.3027	1	167.213	1	102.193	1	0.01	273.261	301.473
388	46.7929	1	597438	1	62.3027	1	167.213	1	102.193	1	0.0316228	273.286	301.499
388	46.7929	1	597438	1	62.3027	1	167.213	1	102.193	1	0.1	273.366	301.581
388	46.7929	1	597438	1	62.3027	1	167.213	1	102.193	1	0.316228	273.618	301.837
388	46.7929	1	597438	1	62.3027	1	167.213	1	102.193	1	1	274.408	302.641
388	46.7929	1	597438	1	62.3027	1	167.213	1	102.193	1	3.16228	276.834	305.112
388	46.7929	1	597438	1	62.3027	1	167.213	1	102.193	1	10	283.931	312.341
388	46.7929	1	597438	1	62.3027	1	167.213	1	102.193	1	31.6228	302.444	331.448
388	46.7929	1	597438	1	62.3027	1	167.213	1	102.193	1	100	341.679	374.671
389	25.2543	1	1.21708e+06	1	51.9417	1	292.482	1	47.5346	1	0	273.249	301.462
389	25.2543	1	1.21708e+06	1	51.9417	1	292.482	1	47.5346	1	0.001	273.251	301.463
389	25.2543	1	1.21708e+06	1	51.9417	1	292.482	1	47.5346	1	0.00316228	273.253	301.465
389	25.2543	1	1.21708e+06	1	51.9417	1	292.482	1	47.5346	1	0.01	273.262	301.474
389	25.2543	1	1.21708e+06	1	51.9417	1	292.482	1	47.5346	1	0.0316228	273.29	301.499
389	25.2543	1	1.21708e+06	1	51.9417	1	292.482	1	47.5346	1	0.1	273.378	301.581
389	25.2543	1	1.21708e+06	1	51.9417	1	292.482	1	47.5346	1	0.316228	273.653	301.838
389	25.2543	1	1.21708e+06	1	51.9417	1	292.482	1	47.5346	1	1	274.509	302.639
389	25.2543	1	1.21708e+06	1	51.9417	1	292.482	1	47.5346	1	3.16228	277.075	305.064
389	25.2543	1	1.21708e+06	1	51.9417	1	292.482	1	47.5346	1	10	284.226	311.943
389	25.2543	1	1.21708e+06	1	51.9417	1	292.482	1	47.5346	1	31.6228	299.624	328.341
389	25.2543	1	1.21708e+06	1	51.9417	1	292.482	1	47.5346	1	100	328.279	361.49
390	42.9864	1	3.5541e+07	1	69.7213	1	650.008	1	67.7427	1	0	273.249	301.462
390	42.9864	1	3.5541e+07	1	69.7213	1	650.008	1	67.7427	1	0.001	273.25	301.462
390	42.9864	1	3.5541e+07	1	69.7213	1	650.008	1	67.7427	1	0.00316228	273.252	301.464
390	42.9864	1	3.5541e+07	1	69.7213	1	650.008	1	67.7427	1	0.01	273.258	301.469
390	42.9864	1	3.5541e+07	1	69.7213	1	650.008	1	67.7427	1	0.0316228	273.275	301.487
390	42.9864	1	3.5541e+07	1	69.7213	1	650.008	1	67.7427	1	0.1	273.331	301.541
390	42.9864	1	3.5541e+07	1	69.7213	1	650.008	1	67.7427	1	0.316228	273.506	301.711
390	42.9864	1	3.5541e+07	1	69.7213	1	650.008	1	67.7427	1	1	274.053	302.244
390	42.9864	1	3.5541e+07	1	69.7213	1	650.008	1	67.7427	1	3.16228	275.718	303.871
390	42.9864	1	3.5541e+07	1	69.7213	1	650.008	1	67.7427	1	10	280.487	308.546
390	42.9864	1	3.5541e+07	1	69.7213	1	650.008	1	67.7427	1	31.6228	291.843	320.137
390	42.9864	1	3.5541e+07	1	69.7213	1	650.008	1	67.7427	1	100	311.269	342.983
391	34.4368	1	1.19744e+06	1	67.2102	1	402.414	1	49.1578	1	0	273.249	301.462
391	34.4368	1	1.19744e+06	1	67.2102	1	402.414	1	49.1578	1	0.001	273.25	301.462
391	34.4368	1	1.19744e+06	1	67.2102	1	402.414	1	49.1578	1	0.00316228	273.252	301.464
391	34.4368	1	1.19744e+06	1	67.2102	1	402.414	1	49.1578	1	0.01	273.259	301.471
391	34.4368	1	1.19744e+06	1	67.2102	1	402.414	1	49.1578	1	0.0316228	273.28	301.49
391	34.4368	1	1.19744e+06	1	67.2102	1	402.414	1	49.1578	1	0.1	273.346	301.553
391	34.4368	1	1.19744e+06	1	67.2102	1	402.414	1	49.1578	1	0.316228	273.555	301.75
391	34.4368	1	1.19744e+06	1	67.2102	1	402.414	1	49.1578	1	1	274.206	302.365
391	34.4368	1	1.19744e+06	1	67.2102	1	402.414	1	49.1578	1	3.16228	276.179	304.243
391	34.4368	1	1.19744e+06	1	67.2102	1	402.414	1	49.1578	1	10	281.787	309.632
391	34.4368	1	1.19744e+06	1	67.2102	1	402.414	1	49.1578	1	31.6228	294.762	323.03
391	34.4368	1	1.19744e+06	1	67.2102	1	402.414	1	49.1578	1	100	318.936	350.938
392	48.1684	1	800057	1	29.0414	1	573.055	1	156.338	1	0	273.249	301.462
392	48.1684	1	800057	1	29.0414	1	573.055	1	156.338	1	0.001	273.251	301.463
392	48.1684	1	800057	1	29.0414	1	573.055	1	156.338	1	0.00316228	273.254	301.467
392	48.1684	1	800057	1	29.0414	1	573.055	1	156.338	1	0.01	273.263	301.477
392	48.1684	1	800057	1	29.0414	1	573.055	1	156.338	1	0.0316228	273.294	301.512
392	48.1684	1	800057	1	29.0414	1	573.055	1	156.338	1	0.1	273.389	301.62
392	48.1684	1	800057	1	29.0414	1	573.055	1	156.338	1	0.316228	273.687	301.96
392	48.1684	1	800057	1	29.0414	1	573.055	1	156.338	1	1	274.608	303.006
392	48.1684	1	800057	1	29.0414	1	573.055	1	156.338	1	3.16228	277.321	306.06
392	48.1684	1	800057	1	29.0414	1	573.055	1	156.338	1	10	284.44	314.008
392	48.1684	1	800057	1	29.0414	1	573.055	1	156.338	1	31.6228	299.292	330.24
392	48.1684	1	800057	1	29.0414	1	573.055	1	156.338	1	100	320.687	355.064
393	18.7703	1	914560	1	89.1271	1	231.539	1	82.2616	1	0	273.249	301.462
393	18.7703	1	914560	1	89.1271	1	231.539	1	82.2616	1	0.001	273.251	301.463
393	18.7703	1	914560	1	89.1271	1	231.539	1	82.2616	1	0.00316228	273.253	301.465
393	18.7703	1	914560	1	89.1271	1	231.539	1	82.2616	1	0.01	273.262	301.471
393	18.7703	1	914560	1	89.1271	1	231.539	1	82.2616	1	0.0316228	273.289	301.492
393	18.7703	1	914560	1	89.1271	1	231.539	1	82.2616	1	0.1	273.373	301.559
393	18.7703	1	914560	1	89.1271	1	231.539	1	82.2616	1	0.316228	273.639	301.768
393	18.7703	1	914560	1	89.1271	1	231.539	1	82.2616	1	1	274.461	302.421
393	18.7703	1	914560	1	89.1271	1	231.539	1	82.2616	1	3.16228	276.912	304.421
393	18.7703	1	914560	1	89.1271	1	231.539	1	82.2616	1	10	283.684	310.262
393	18.7703	1	914560	1	89.1271	1	231.539	1	82.2616	1	31.6228	298.214	325.238
393	18.7703	1	914560	1	89.1271	1	231.539	1	82.2616	1	100	328.867	360.199
394	56.3201	1	767080	1	55.6218	1	259.341	1	68.8462	1	0	273.249	301.462
394	56.3201	1	767080	1	55.6218	1	259.341	1	68.8462	1	0.001	273.25	301.463
394	56.3201	1	767080	1	55.6218	1	259.341	1	68.8462	1	0.00316228	273.253	301.465
394	56.3201	1	767080	1	55.6218	1	259.341	1	68.8462	1	0.01	273.26	301.473
394	56.3201	1	767080	1	55.6218	1	259.341	1	68.8462	1	0.0316228	273.282	301.496
394	56.3201	1	767080	1	55.6218	1	259.341	1	68.8462	1	0.1	273.353	301.571
394	56.3201	1	767080	1	55.6218	1	259.341	1	68.8462	1	0.316228	273.577	301.808
394	56.3201	1	767080	1	55.6218	1	259.341	1	68.8462	1	1	274.276	302.548
394	56.3201	1	767080	1	55.6218	1	259.341	1	68.8462	1	3.16228	276.416	304.809
394	56.3201	1	767080	1	55.6218	1	259.341	1	68.8462	1	10	282.612	311.337
394	56.3201	1	767080	1	55.6218	1	259.341	1	68.8462	1	31.6228	298.144	327.712
394	56.3201	1	767080	1	55.6218	1	259.341	1	68.8462	1	100	329.137	362.661
395	48.5311	1	773067	1	86.0507	1	484.242	1	92.5685	1	0	273.249	301.462
395	48.5311	1	773067	1	86.0507	1	484.242	1	92.5685	1	0.001	273.25	301.462
395	48.5311	1	773067	1	86.0507	1	484.242	1	92.5685	1	0.00316228	273.252	301.464
395	48.5311	1	773067	1	86.0507	1	484.242	1	92.5685	1	0.01	273.257	301.469
395	48.5311	1	773067	1	86.0507	1	484.242	1	92.5685	1	0.0316228	273.273	301.484
395	48.5311	1	773067	1	86.0507	1	484.242	1	92.5685	1	0.1	273.323	301.532
395	48.5311	1	773067	1	86.0507	1	484.242	1	92.5685	1	0.316228	273.482	301.685
395	48.5311	1	773067	1	86.0507	1	484.242	1	92.5685	1	1	273.98	302.164
395	48.5311	1	773067	1	86.0507	1	484.242	1	92.5685	1	3.16228	275.507	303.64
395	48.5311	1	773067	1	86.0507	1	484.242	1	92.5685	1	10	279.976	307.981
395	48.5311	1	773067	1	86.0507	1	484.242	1	92.5685	1	31.6228	291.277	319.299
395	48.5311	1	773067	1	86.0507	1	484.242	1	92.5685	1	100	313.218	344.2
396	87.1132	1	891594	1	117.202	1	664.555	1	121.567	1	0	273.249	301.462
396	87.1132	1	891594	1	117.202	1	664.555	1	121.567	1	0.001	273.25	301.462
396	87.1132	1	891594	1	117.202	1	664.555	1	121.567	1	0.00316228	273.251	301.463
396	87.1132	1	891594	1	117.202	1	664.555	1	121.567	1	0.01	273.254	301.467
396	87.1132	1	891594	1	117.202	1	664.555	1	121.567	1	0.0316228	273.265	301.478
396	87.1132	1	891594	1	117.202	1	664.555	1	121.567	1	0.1	273.3	301.512
396	87.1132	1	891594	1	117.202	1	664.555	1	121.567	1	0.316228	273.408	301.622
396	87.1132	1	891594	1	117.202	1	664.555	1	121.567	1	1	273.749	301.967
396	87.1132	1	891594	1	117.202	1	664.555	1	121.567	1	3.16228	274.807	303.038
396	87.1132	1	891594	1	117.202	1	664.555	1	121.567	1	10	277.968	306.243
396	87.1132	1	891594	1	117.202	1	664.555	1	121.567	1	31.6228	286.661	315.103
396	87.1132	1	891594	1	117.202	1	664.555	1	121.567	1	100	305.272	335.348
397	32.3435	1	1.3981e+06	1	129.366	1	636.224	1	95.5428	1	0	273.249	301.462
397	32.3435	1	1.3981e+06	1	129.366	1	636.224	1	95.5428	1	0.001	273.25	301.462
397	32.3435	1	1.3981e+06	1	129.366	1	636.224	1	95.5428	1	0.00316228	273.252	301.463
397	32.3435	1	1.3981e+06	1	129.366	1	636.224	1	95.5428	1	0.01	273.256	301.467
397	32.3435	1	1.3981e+06	1	129.366	1	636.224	1	95.5428	1	0.0316228	273.271	301.479
397	32.3435	1	1.3981e+06	1	129.366	1	636.224	1	95.5428	1	0.1	273.319	301.516
397	32.3435	1	1.3981e+06	1	129.366	1	636.224	1	95.5428	1	0.316228	273.467	301.634
397	32.3435	1	1.3981e+06	1	129.366	1	636.224	1	95.5428	1	1	273.931	302.003
397	32.3435	1	1.3981e+06	1	129.366	1	636.224	1	95.5428	1	3.16228	275.336	303.14
397	32.3435	1	1.3981e+06	1	129.366	1	636.224	1	95.5428	1	10	279.37	306.524
397	32.3435	1	1.3981e+06	1	129.366	1	636.224	1	95.5428	1	31.6228	289.025	315.61
397	32.3435	1	1.3981e+06	1	129.366	1	636.224	1	95.5428	1	100	306.507	335.787
398	43.1688	1	631459	1	130.29	1	310.988	1	81.9225	1	0	273.249	301.462
398	43.1688	1	631459	1	130.29	1	310.988	1	81.9225	1	0.001	273.25	301.462
398	43.1688	1	631459	1	130.29	1	310.988	1	81.9225	1	0.00316228	273.252	301.464
398	43.1688	1	631459	1	130.29	1	310.988	1	81.9225	1	0.01	273.257	301.468
398	43.1688	1	631459	1	130.29	1	310.988	1	81.9225	1	0.0316228	273.273	301.482
398	43.1688	1	631459	1	130.29	1	310.988	1	81.9225	1	0.1	273.323	301.527
398	43.1688	1	631459	1	130.29	1	310.988	1	81.9225	1	0.316228	273.481	301.667
398	43.1688	1	631459	1	130.29	1	310.988	1	81.9225	1	1	273.977	302.108
398	43.1688	1	631459	1	130.29	1	310.988	1	81.9225	1	3.16228	275.503	303.478
398	43.1688	1	631459	1	130.29	1	310.988	1	81.9225	1	10	280.023	307.609
398	43.1688	1	631459	1	130.29	1	310.988	1	81.9225	1	31.6228	291.817	319.028
398	43.1688	1	631459	1	130.29	1	310.988	1	81.9225	1	100	317.007	346.876
399	35.3613	1	4.22552e+06	1	70.9224	1	670.174	1	61.4341	1	0	273.249	301.462
399	35.3613	1	4.22552e+06	1	70.9224	1	670.174	1	61.4341	1	0.001	273.25	301.462
399	35.3613	1	4.22552e+06	1	70.9224	1	670.174	1	61.4341	1	0.00316228	273.252	301.464
399	35.3613	1	4.22552e+06	1	70.9224	1	670.174	1	61.4341	1	0.01	273.258	301.47
399	35.3613	1	4.22552e+06	1	70.9224	1	670.174	1	61.4341	1	0.0316228	273.277	301.487
399	35.3613	1	4.22552e+06	1	70.9224	1	670.174	1	61.4341	1	0.1	273.335	301.541
399	35.3613	1	4.22552e+06	1	70.9224	1	670.174	1	61.4341	1	0.316228	273.52	301.713
399	35.3613	1	4.22552e+06	1	70.9224	1	670.174	1	61.4341	1	1	274.095	302.248
399	35.3613	1	4.22552e+06	1	70.9224	1	670.174	1	61.4341	1	3.16228	275.838	303.882
399	35.3613	1	4.22552e+06	1	70.9224	1	670.174	1	61.4341	1	10	280.777	308.561
399	35.3613	1	4.22552e+06	1	70.9224	1	670.174	1	61.4341	1	31.6228	292.088	320.081
399	35.3613	1	4.22552e+06	1	70.9224	1	670.174	1	61.4341	1	100	311.16	342.626
400	32.5857	1	1.92859e+06	1	67.3783	1	375.606	1	90.6097	1	0	273.249	301.462
400	32.5857	1	1.92859e+06	1	67.3783	1	375.606	1	90.6097	1	0.001	273.25	301.462
400	32.5857	1	1.92859e+06	1	67.3783	1	375.606	1	90.6097	1	0.00316228	273.253	301.464
400	32.5857	1	1.92859e+06	1	67.3783	1	375.606	1	90.6097	1	0.01	273.259	301.471
400	32.5857	1	1.92859e+06	1	67.3783	1	375.606	1	90.6097	1	0.0316228	273.281	301.491
400	32.5857	1	1.92859e+06	1	67.3783	1	375.606	1	90.6097	1	0.1	273.348	301.553
400	32.5857	1	1.92859e+06	1	67.3783	1	375.606	1	90.6097	1	0.316228	273.56	301.75
400	32.5857	1	1.92859e+06	1	67.3783	1	375.606	1	90.6097	1	1	274.221	302.367
400	32.5857	1	1.92859e+06	1	67.3783	1	375.606	1	90.6097	1	3.16228	276.228	304.252
400	32.5857	1	1.92859e+06	1	67.3783	1	375.606	1	90.6097	1	10	281.964	309.705
400	32.5857	1	1.92859e+06	1	67.3783	1	375.606	1	90.6097	1	31.6228	295.521	323.472
400	32.5857	1	1.92859e+06	1	67.3783	1	375.606	1	90.6097	1	100	320.491	352.343
401	37.0409	1	1.16218e+06	1	80.4259	1	340.949	1	187.351	1	0	273.249	301.462
401	37.0409	1	1.16218e+06	1	80.4259	1	340.949	1	187.351	1	0.001	273.25	301.462
401	37.0409	1	1.16218e+06	1	80.4259	1	340.949	1	187.351	1	0.00316228	273.252	301.464
401	37.0409	1	1.16218e+06	1	80.4259	1	340.949	1	187.351	1	0.01	273.258	301.47
401	37.0409	1	1.16218e+06	1	80.4259	1	340.949	1	187.351	1	0.0316228	273.277	301.487
401	37.0409	1	1.16218e+06	1	80.4259	1	340.949	1	187.351	1	0.1	273.338	301.543
401	37.0409	1	1.16218e+06	1	80.4259	1	340.949	1	187.351	1	0.316228	273.529	301.72
401	37.0409	1	1.16218e+06	1	80.4259	1	340.949	1	187.351	1	1	274.125	302.273
401	37.0409	1	1.16218e+06	1	80.4259	1	340.949	1	187.351	1	3.16228	275.949	303.976
401	37.0409	1	1.16218e+06	1	80.4259	1	340.949	1	187.351	1	10	281.249	308.982
401	37.0409	1	1.16218e+06	1	80.4259	1	340.949	1	187.351	1	31.6228	294.525	322.163
401	37.0409	1	1.16218e+06	1	80.4259	1	340.949	1	187.351	1	100	320.457	351.589
402	47.8754	1	1.36242e+06	1	41.3399	1	246.523	1	71.6067	1	0	273.249	301.462
402	47.8754	1	1.36242e+06	1	41.3399	1	246.523	1	71.6067	1	0.001	273.251	301.463
402	47.8754	1	1.36242e+06	1	41.3399	1	246.523	1	71.6067	1	0.00316228	273.253	301.466
402	47.8754	1	1.36242e+06	1	41.3399	1	246.523	1	71.6067	1	0.01	273.262	301.475
402	47.8754	1	1.36242e+06	1	41.3399	1	246.523	1	71.6067	1	0.0316228	273.29	301.505
402	47.8754	1	1.36242e+06	1	41.3399	1	246.523	1	71.6067	1	0.1	273.376	301.599
402	47.8754	1	1.36242e+06	1	41.3399	1	246.523	1	71.6067	1	0.316228	273.65	301.893
402	47.8754	1	1.36242e+06	1	41.3399	1	246.523	1	71.6067	1	1	274.502	302.811
402	47.8754	1	1.36242e+06	1	41.3399	1	246.523	1	71.6067	1	3.16228	277.081	305.579
402	47.8754	1	1.36242e+06	1	41.3399	1	246.523	1	71.6067	1	10	284.372	313.37
402	47.8754	1	1.36242e+06	1	41.3399	1	246.523	1	71.6067	1	31.6228	301.613	331.747
402	47.8754	1	1.36242e+06	1	41.3399	1	246.523	1	71.6067	1	100	333.913	368.306
403	39.7291	1	1.34546e+06	1	54.6542	1	312.53	1	139.622	1	0	273.249	301.462
403	39.7291	1	1.34546e+06	1	54.6542	1	312.53	1	139.622	1	0.001	273.25	301.463
403	39.7291	1	1.34546e+06	1	54.6542	1	312.53	1	139.622	1	0.00316228	273.253	301.465
403	39.7291	1	1.34546e+06	1	54.6542	1	312.53	1	139.622	1	0.01	273.26	301.472
403	39.7291	1	1.34546e+06	1	54.6542	1	312.53	1	139.622	1	0.0316228	273.283	301.495
403	39.7291	1	1.34546e+06	1	54.6542	1	312.53	1	139.622	1	0.1	273.356	301.569
403	39.7291	1	1.34546e+06	1	54.6542	1	312.53	1	139.622	1	0.316228	273.585	301.799
403	39.7291	1	1.34546e+06	1	54.6542	1	312.53	1	139.622	1	1	274.301	302.52
403	39.7291	1	1.34546e+06	1	54.6542	1	312.53	1	139.622	1	3.16228	276.48	304.714
403	39.7291	1	1.34546e+06	1	54.6542	1	312.53	1	139.622	1	10	282.729	311.019
403	39.7291	1	1.34546e+06	1	54.6542	1	312.53	1	139.622	1	31.6228	297.901	326.658
403	39.7291	1	1.34546e+06	1	54.6542	1	312.53	1	139.622	1	100	326.05	358.735
404	54.4081	1	660014	1	27.4371	1	166.602	1	73.5023	1	0	273.249	301.462
404	54.4081	1	660014	1	27.4371	1	166.602	1	73.5023	1	0.001	273.251	301.464
404	54.4081	1	660014	1	27.4371	1	166.602	1	73.5023	1	0.00316228	273.255	301.468
404	54.4081	1	660014	1	27.4371	1	166.602	1	73.5023	1	0.01	273.267	301.482
404	54.4081	1	660014	1	27.4371	1	166.602	1	73.5023	1	0.0316228	273.305	301.525
404	54.4081	1	660014	1	27.4371	1	166.602	1	73.5023	1	0.1	273.425	301.662
404	54.4081	1	660014	1	27.4371	1	166.602	1	73.5023	1	0.316228	273.802	302.091
404	54.4081	1	660014	1	27.4371	1	166.602	1	73.5023	1	1	274.97	303.418
404	54.4081	1	660014	1	27.4371	1	166.602	1	73.5023	1	3.16228	278.446	307.335
404	54.4081	1	660014	1	27.4371	1	166.602	1	73.5023	1	10	287.741	317.729
404	54.4081	1	660014	1	27.4371	1	166.602	1	73.5023	1	31.6228	309.455	341.399
404	54.4081	1	660014	1	27.4371	1	166.602	1	73.5023	1	100	349.613	386.145
405	50.4039	1	358397	1	75.0104	1	510.053	1	143.035	1	0	273.249	301.462
405	50.4039	1	358397	1	75.0104	1	510.053	1	143.035	1	0.001	273.25	301.462
405	50.4039	1	358397	1	75.0104	1	510.053	1	143.035	1	0.00316228	273.252	301.464
405	50.4039	1	358397	1	75.0104	1	510.053	1	143.035	1	0.01	273.257	301.469
405	50.4039	1	358397	1	75.0104	1	510.053	1	143.035	1	0.0316228	273.274	301.486
405	50.4039	1	358397	1	75.0104	1	510.053	1	143.035	1	0.1	273.326	301.538
405	50.4039	1	358397	1	75.0104	1	510.053	1	143.035	1	0.316228	273.491	301.701
405	50.4039	1	358397	1	75.0104	1	510.053	1	143.035	1	1	274.009	302.214
405	50.4039	1	358397	1	75.0104	1	510.053	1	143.035	1	3.16228	275.595	303.789
405	50.4039	1	358397	1	75.0104	1	510.053	1	143.035	1	10	280.209	308.372
405	50.4039	1	358397	1	75.0104	1	510.053	1	143.035	1	31.6228	291.861	320.189
405	50.4039	1	358397	1	75.0104	1	510.053	1	143.035	1	100	314.016	345.202
406	66.965	1	1.27014e+06	1	59.411	1	229.625	1	87.5717	1	0	273.249	301.462
406	66.965	1	1.27014e+06	1	59.411	1	229.625	1	87.5717	1	0.001	273.25	301.463
406	66.965	1	1.27014e+06	1	59.411	1	229.625	1	87.5717	1	0.00316228	273.253	301.465
406	66.965	1	1.27014e+06	1	59.411	1	229.625	1	87.5717	1	0.01	273.259	301.472
406	66.965	1	1.27014e+06	1	59.411	1	229.625	1	87.5717	1	0.0316228	273.281	301.496
406	66.965	1	1.27014e+06	1	59.411	1	229.625	1	87.5717	1	0.1	273.35	301.569
406	66.965	1	1.27014e+06	1	59.411	1	229.625	1	87.5717	1	0.316228	273.567	301.801
406	66.965	1	1.27014e+06	1	59.411	1	229.625	1	87.5717	1	1	274.246	302.529
406	66.965	1	1.27014e+06	1	59.411	1	229.625	1	87.5717	1	3.16228	276.334	304.759
406	66.965	1	1.27014e+06	1	59.411	1	229.625	1	87.5717	1	10	282.428	311.243
406	66.965	1	1.27014e+06	1	59.411	1	229.625	1	87.5717	1	31.6228	298.188	327.927
406	66.965	1	1.27014e+06	1	59.411	1	229.625	1	87.5717	1	100	331.487	364.812
407	42.5925	1	466639	1	95.64	1	317.154	1	74.273	1	0	273.249	301.462
407	42.5925	1	466639	1	95.64	1	317.154	1	74.273	1	0.001	273.25	301.462
407	42.5925	1	466639	1	95.64	1	317.154	1	74.273	1	0.00316228	273.252	301.464
407	42.5925	1	466639	1	95.64	1	317.154	1	74.273	1	0.01	273.258	301.469
407	42.5925	1	466639	1	95.64	1	317.154	1	74.273	1	0.0316228	273.275	301.486
407	42.5925	1	466639	1	95.64	1	317.154	1	74.273	1	0.1	273.331	301.538
407	42.5925	1	466639	1	95.64	1	317.154	1	74.273	1	0.316228	273.507	301.701
407	42.5925	1	466639	1	95.64	1	317.154	1	74.273	1	1	274.059	302.216
407	42.5925	1	466639	1	95.64	1	317.154	1	74.273	1	3.16228	275.755	303.806
407	42.5925	1	466639	1	95.64	1	317.154	1	74.273	1	10	280.742	308.537
407	42.5925	1	466639	1	95.64	1	317.154	1	74.273	1	31.6228	293.497	321.243
407	42.5925	1	466639	1	95.64	1	317.154	1	74.273	1	100	319.688	350.638
408	66.232	1	856717	1	63.9524	1	193.962	1	87.1969	1	0	273.249	301.462
408	66.232	1	856717	1	63.9524	1	193.962	1	87.1969	1	0.001	273.25	301.463
408	66.232	1	856717	1	63.9524	1	193.962	1	87.1969	1	0.00316228	273.253	301.465
408	66.232	1	856717	1	63.9524	1	193.962	1	87.1969	1	0.01	273.26	301.473
408	66.232	1	856717	1	63.9524	1	193.962	1	87.1969	1	0.0316228	273.282	301.496
408	66.232	1	856717	1	63.9524	1	193.962	1	87.1969	1	0.1	273.353	301.571
408	66.232	1	856717	1	63.9524	1	193.962	1	87.1969	1	0.316228	273.575	301.806
408	66.232	1	856717	1	63.9524	1	193.962	1	87.1969	1	1	274.272	302.545
408	66.232	1	856717	1	63.9524	1	193.962	1	87.1969	1	3.16228	276.422	304.817
408	66.232	1	856717	1	63.9524	1	193.962	1	87.1969	1	10	282.733	311.465
408	66.232	1	856717	1	63.9524	1	193.962	1	87.1969	1	31.6228	299.408	328.996
408	66.232	1	856717	1	63.9524	1	193.962	1	87.1969	1	100	335.696	368.933
409	51.8278	1	512556	1	159.91	1	250.768	1	106.085	1	0	273.249	301.462
409	51.8278	1	512556	1	159.91	1	250.768	1	106.085	1	0.001	273.25	301.462
409	51.8278	1	512556	1	159.91	1	250.768	1	106.085	1	0.00316228	273.252	301.464
409	51.8278	1	512556	1	159.91	1	250.768	1	106.085	1	0.01	273.256	301.468
409	51.8278	1	512556	1	159.91	1	250.768	1	106.085	1	0.0316228	273.272	301.482
409	51.8278	1	512556	1	159.91	1	250.768	1	106.085	1	0.1	273.32	301.525
409	51.8278	1	512556	1	159.91	1	250.768	1	106.085	1	0.316228	273.472	301.663
409	51.8278	1	512556	1	159.91	1	250.768	1	106.085	1	1	273.948	302.095
409	51.8278	1	512556	1	159.91	1	250.768	1	106.085	1	3.16228	275.425	303.444
409	51.8278	1	512556	1	159.91	1	250.768	1	106.085	1	10	279.847	307.54
409	51.8278	1	512556	1	159.91	1	250.768	1	106.085	1	31.6228	291.889	319.094
409	51.8278	1	512556	1	159.91	1	250.768	1	106.085	1	100	319.604	348.96
410	54.4891	1	833486	1	43.6756	1	1004.59	1	76.0448	1	0	273.249	301.462
410	54.4891	1	833486	1	43.6756	1	1004.59	1	76.0448	1	0.001	273.25	301.463
410	54.4891	1	833486	1	43.6756	1	1004.59	1	76.0448	1	0.00316228	273.253	301.465
410	54.4891	1	833486	1	43.6756	1	1004.59	1	76.0448	1	0.01	273.259	301.472
410	54.4891	1	833486	1	43.6756	1	1004.59	1	76.0448	1	0.0316228	273.28	301.496
410	54.4891	1	833486	1	43.6756	1	1004.59	1	76.0448	1	0.1	273.347	301.569
410	54.4891	1	833486	1	43.6756	1	1004.59	1	76.0448	1	0.316228	273.556	301.799
410	54.4891	1	833486	1	43.6756	1	1004.59	1	76.0448	1	1	274.208	302.514
410	54.4891	1	833486	1	43.6756	1	1004.59	1	76.0448	1	3.16228	276.165	304.652
410	54.4891	1	833486	1	43.6756	1	1004.59	1	76.0448	1	10	281.562	310.522
410	54.4891	1	833486	1	43.6756	1	1004.59	1	76.0448	1	31.6228	293.502	323.42
410	54.4891	1	833486	1	43.6756	1	1004.59	1	76.0448	1	100	310.64	343.982
411	100.198	1	792605	1	124.608	1	482.421	1	83.1352	1	0	273.249	301.462
411	100.198	1	792605	1	124.608	1	482.421	1	83.1352	1	0.001	273.25	301.462
411	100.198	1	792605	1	124.608	1	482.421	1	83.1352	1	0.00316228	273.251	301.463
411	100.198	1	792605	1	124.608	1	482.421	1	83.1352	1	0.01	273.255	301.467
411	100.198	1	792605	1	124.608	1	482.421	1	83.1352	1	0.0316228	273.266	301.478
411	100.198	1	792605	1	124.608	1	482.421	1	83.1352	1	0.1	273.301	301.515
411	100.198	1	792605	1	124.608	1	482.421	1	83.1352	1	0.316228	273.413	301.63
411	100.198	1	792605	1	124.608	1	482.421	1	83.1352	1	1	273.766	301.993
411	100.198	1	792605	1	124.608	1	482.421	1	83.1352	1	3.16228	274.863	303.121
411	100.198	1	792605	1	124.608	1	482.421	1	83.1352	1	10	278.168	306.521
411	100.198	1	792605	1	124.608	1	482.421	1	83.1352	1	31.6228	287.327	315.966
411	100.198	1	792605	1	124.608	1	482.421	1	83.1352	1	100	308.005	338.528
412	64.2312	1	1.36887e+06	1	51.6657	1	437.967	1	85.0812	1	0	273.249	301.462
412	64.2312	1	1.36887e+06	1	51.6657	1	437.967	1	85.0812	1	0.001	273.25	301.463
412	64.2312	1	1.36887e+06	1	51.6657	1	437.967	1	85.0812	1	0.00316228	273.252	301.465
412	64.2312	1	1.36887e+06	1	51.6657	1	437.967	1	85.0812	1	0.01	273.259	301.472
412	64.2312	1	1.36887e+06	1	51.6657	1	437.967	1	85.0812	1	0.0316228	273.279	301.494
412	64.2312	1	1.36887e+06	1	51.6657	1	437.967	1	85.0812	1	0.1	273.343	301.564
412	64.2312	1	1.36887e+06	1	51.6657	1	437.967	1	85.0812	1	0.316228	273.544	301.783
412	64.2312	1	1.36887e+06	1	51.6657	1	437.967	1	85.0812	1	1	274.172	302.468
412	64.2312	1	1.36887e+06	1	51.6657	1	437.967	1	85.0812	1	3.16228	276.084	304.545
412	64.2312	1	1.36887e+06	1	51.6657	1	437.967	1	85.0812	1	10	281.535	310.443
412	64.2312	1	1.36887e+06	1	51.6657	1	437.967	1	85.0812	1	31.6228	294.715	324.575
412	64.2312	1	1.36887e+06	1	51.6657	1	437.967	1	85.0812	1	100	318.824	352.083
413	83.0659	1	1.26731e+06	1	55.692	1	1477.61	1	85.5613	1	0	273.249	301.462
413	83.0659	1	1.26731e+06	1	55.692	1	1477.61	1	85.5613	1	0.001	273.25	301.462
413	83.0659	1	1.26731e+06	1	55.692	1	1477.61	1	85.5613	1	0.00316228	273.252	301.464
413	83.0659	1	1.26731e+06	1	55.692	1	1477.61	1	85.5613	1	0.01	273.257	301.47
413	83.0659	1	1.26731e+06	1	55.692	1	1477.61	1	85.5613	1	0.0316228	273.273	301.488
413	83.0659	1	1.26731e+06	1	55.692	1	1477.61	1	85.5613	1	0.1	273.323	301.544
413	83.0659	1	1.26731e+06	1	55.692	1	1477.61	1	85.5613	1	0.316228	273.481	301.722
413	83.0659	1	1.26731e+06	1	55.692	1	1477.61	1	85.5613	1	1	273.974	302.277
413	83.0659	1	1.26731e+06	1	55.692	1	1477.61	1	85.5613	1	3.16228	275.471	303.955
413	83.0659	1	1.26731e+06	1	55.692	1	1477.61	1	85.5613	1	10	279.684	308.653
413	83.0659	1	1.26731e+06	1	55.692	1	1477.61	1	85.5613	1	31.6228	289.588	319.563
413	83.0659	1	1.26731e+06	1	55.692	1	1477.61	1	85.5613	1	100	305.161	337.845
414	52.2688	1	1.05933e+06	1	67.975	1	331.997	1	88.7386	1	0	273.249	301.462
414	52.2688	1	1.05933e+06	1	67.975	1	331.997	1	88.7386	1	0.001	273.25	301.462
414	52.2688	1	1.05933e+06	1	67.975	1	331.997	1	88.7386	1	0.00316228	273.252	301.464
414	52.2688	1	1.05933e+06	1	67.975	1	331.997	1	88.7386	1	0.01	273.258	301.471
414	52.2688	1	1.05933e+06	1	67.975	1	331.997	1	88.7386	1	0.0316228	273.277	301.49
414	52.2688	1	1.05933e+06	1	67.975	1	331.997	1	88.7386	1	0.1	273.338	301.552
414	52.2688	1	1.05933e+06	1	67.975	1	331.997	1	88.7386	1	0.316228	273.529	301.746
414	52.2688	1	1.05933e+06	1	67.975	1	331.997	1	88.7386	1	1	274.127	302.354
414	52.2688	1	1.05933e+06	1	67.975	1	331.997	1	88.7386	1	3.16228	275.962	304.223
414	52.2688	1	1.05933e+06	1	67.975	1	331.997	1	88.7386	1	10	281.311	309.663
414	52.2688	1	1.05933e+06	1	67.975	1	331.997	1	88.7386	1	31.6228	294.922	323.701
414	52.2688	1	1.05933e+06	1	67.975	1	331.997	1	88.7386	1	100	321.959	354.149
415	59.7097	1	930490	1	69.615	1	202.831	1	101.968	1	0	273.249	301.462
415	59.7097	1	930490	1	69.615	1	202.831	1	101.968	1	0.001	273.25	301.463
415	59.7097	1	930490	1	69.615	1	202.831	1	101.968	1	0.00316228	273.253	301.465
415	59.7097	1	930490	1	69.615	1	202.831	1	101.968	1	0.01	273.259	301.472
415	59.7097	1	930490	1	69.615	1	202.831	1	101.968	1	0.0316228	273.281	301.494
415	59.7097	1	930490	1	69.615	1	202.831	1	101.968	1	0.1	273.349	301.564
415	59.7097	1	930490	1	69.615	1	202.831	1	101.968	1	0.316228	273.562	301.786
415	59.7097	1	930490	1	69.615	1	202.831	1	101.968	1	1	274.233	302.48
415	59.7097	1	930490	1	69.615	1	202.831	1	101.968	1	3.16228	276.302	304.621
415	59.7097	1	930490	1	69.615	1	202.831	1	101.968	1	10	282.392	310.909
415	59.7097	1	930490	1	69.615	1	202.831	1	101.968	1	31.6228	298.55	327.674
415	59.7097	1	930490	1	69.615	1	202.831	1	101.968	1	100	333.806	366.386
416	69.5003	1	751825	1	55.8326	1	377.738	1	93.1725	1	0	273.249	301.462
416	69.5003	1	751825	1	55.8326	1	377.738	1	93.1725	1	0.001	273.25	301.463
416	69.5003	1	751825	1	55.8326	1	377.738	1	93.1725	1	0.00316228	273.252	301.465
416	69.5003	1	751825	1	55.8326	1	377.738	1	93.1725	1	0.01	273.258	301.471
416	69.5003	1	751825	1	55.8326	1	377.738	1	93.1725	1	0.0316228	273.278	301.493
416	69.5003	1	751825	1	55.8326	1	377.738	1	93.1725	1	0.1	273.34	301.56
416	69.5003	1	751825	1	55.8326	1	377.738	1	93.1725	1	0.316228	273.534	301.772
416	69.5003	1	751825	1	55.8326	1	377.738	1	93.1725	1	1	274.143	302.435
416	69.5003	1	751825	1	55.8326	1	377.738	1	93.1725	1	3.16228	276.006	304.456
416	69.5003	1	751825	1	55.8326	1	377.738	1	93.1725	1	10	281.367	310.248
416	69.5003	1	751825	1	55.8326	1	377.738	1	93.1725	1	31.6228	294.742	324.562
416	69.5003	1	751825	1	55.8326	1	377.738	1	93.1725	1	100	320.728	353.79
417	43.3018	1	579430	1	64.3164	1	196.874	1	90.7035	1	0	273.249	301.462
417	43.3018	1	579430	1	64.3164	1	196.874	1	90.7035	1	0.001	273.251	301.463
417	43.3018	1	579430	1	64.3164	1	196.874	1	90.7035	1	0.00316228	273.253	301.465
417	43.3018	1	579430	1	64.3164	1	196.874	1	90.7035	1	0.01	273.261	301.473
417	43.3018	1	579430	1	64.3164	1	196.874	1	90.7035	1	0.0316228	273.284	301.497
417	43.3018	1	579430	1	64.3164	1	196.874	1	90.7035	1	0.1	273.36	301.572
417	43.3018	1	579430	1	64.3164	1	196.874	1	90.7035	1	0.316228	273.599	301.811
417	43.3018	1	579430	1	64.3164	1	196.874	1	90.7035	1	1	274.345	302.559
417	43.3018	1	579430	1	64.3164	1	196.874	1	90.7035	1	3.16228	276.637	304.858
417	43.3018	1	579430	1	64.3164	1	196.874	1	90.7035	1	10	283.328	311.581
417	43.3018	1	579430	1	64.3164	1	196.874	1	90.7035	1	31.6228	300.481	329.204
417	43.3018	1	579430	1	64.3164	1	196.874	1	90.7035	1	100	336.232	368.941
418	69.6081	1	636438	1	60.0471	1	498.448	1	50.1967	1	0	273.249	301.462
418	69.6081	1	636438	1	60.0471	1	498.448	1	50.1967	1	0.001	273.25	301.462
418	69.6081	1	636438	1	60.0471	1	498.448	1	50.1967	1	0.00316228	273.252	301.464
418	69.6081	1	636438	1	60.0471	1	498.448	1	50.1967	1	0.01	273.258	301.471
418	69.6081	1	636438	1	60.0471	1	498.448	1	50.1967	1	0.0316228	273.276	301.49
418	69.6081	1	636438	1	60.0471	1	498.448	1	50.1967	1	0.1	273.333	301.552
418	69.6081	1	636438	1	60.0471	1	498.448	1	50.1967	1	0.316228	273.512	301.745
418	69.6081	1	636438	1	60.0471	1	498.448	1	50.1967	1	1	274.071	302.351
418	69.6081	1	636438	1	60.0471	1	498.448	1	50.1967	1	3.16228	275.782	304.197
418	69.6081	1	636438	1	60.0471	1	498.448	1	50.1967	1	10	280.655	309.442
418	69.6081	1	636438	1	60.0471	1	498.448	1	50.1967	1	31.6228	292.568	322.222
418	69.6081	1	636438	1	60.0471	1	498.448	1	50.1967	1	100	314.378	347.739
419	54.4195	1	2.25599e+06	1	39.8053	1	397.693	1	82.6236	1	0	273.249	301.462
419	54.4195	1	2.25599e+06	1	39.8053	1	397.693	1	82.6236	1	0.001	273.251	301.463
419	54.4195	1	2.25599e+06	1	39.8053	1	397.693	1	82.6236	1	0.00316228	273.253	301.466
419	54.4195	1	2.25599e+06	1	39.8053	1	397.693	1	82.6236	1	0.01	273.261	301.474
419	54.4195	1	2.25599e+06	1	39.8053	1	397.693	1	82.6236	1	0.0316228	273.286	301.502
419	54.4195	1	2.25599e+06	1	39.8053	1	397.693	1	82.6236	1	0.1	273.365	301.589
419	54.4195	1	2.25599e+06	1	39.8053	1	397.693	1	82.6236	1	0.316228	273.613	301.864
419	54.4195	1	2.25599e+06	1	39.8053	1	397.693	1	82.6236	1	1	274.385	302.716
419	54.4195	1	2.25599e+06	1	39.8053	1	397.693	1	82.6236	1	3.16228	276.709	305.27
419	54.4195	1	2.25599e+06	1	39.8053	1	397.693	1	82.6236	1	10	283.178	312.336
419	54.4195	1	2.25599e+06	1	39.8053	1	397.693	1	82.6236	1	31.6228	297.968	328.301
419	54.4195	1	2.25599e+06	1	39.8053	1	397.693	1	82.6236	1	100	323.276	357.372
420	31.9884	1	800047	1	53.5158	1	439.501	1	119.314	1	0	273.249	301.462
420	31.9884	1	800047	1	53.5158	1	439.501	1	119.314	1	0.001	273.25	301.463
420	31.9884	1	800047	1	53.5158	1	439.501	1	119.314	1	0.00316228	273.253	301.465
420	31.9884	1	800047	1	53.5158	1	439.501	1	119.314	1	0.01	273.26	301.472
420	31.9884	1	800047	1	53.5158	1	439.501	1	119.314	1	0.0316228	273.283	301.494
420	31.9884	1	800047	1	53.5158	1	439.501	1	119.314	1	0.1	273.357	301.565
420	31.9884	1	800047	1	53.5158	1	439.501	1	119.314	1	0.316228	273.588	301.788
420	31.9884	1	800047	1	53.5158	1	439.501	1	119.314	1	1	274.307	302.483
420	31.9884	1	800047	1	53.5158	1	439.501	1	119.314	1	3.16228	276.475	304.588
420	31.9884	1	800047	1	53.5158	1	439.501	1	119.314	1	10	282.584	310.572
420	31.9884	1	800047	1	53.5158	1	439.501	1	119.314	1	31.6228	296.492	324.893
420	31.9884	1	800047	1	53.5158	1	439.501	1	119.314	1	100	319.938	352.456
421	48.0093	1	599210	1	22.105	1	141.113	1	53.7614	1	0	273.249	301.462
421	48.0093	1	599210	1	22.105	1	141.113	1	53.7614	1	0.001	273.252	301.464
421	48.0093	1	599210	1	22.105	1	141.113	1	53.7614	1	0.00316228	273.256	301.469
421	48.0093	1	599210	1	22.105	1	141.113	1	53.7614	1	0.01	273.271	301.486
421	48.0093	1	599210	1	22.105	1	141.113	1	53.7614	1	0.0316228	273.317	301.539
421	48.0093	1	599210	1	22.105	1	141.113	1	53.7614	1	0.1	273.463	301.707
421	48.0093	1	599210	1	22.105	1	141.113	1	53.7614	1	0.316228	273.919	302.231
421	48.0093	1	599210	1	22.105	1	141.113	1	53.7614	1	1	275.328	303.843
421	48.0093	1	599210	1	22.105	1	141.113	1	53.7614	1	3.16228	279.462	308.528
421	48.0093	1	599210	1	22.105	1	141.113	1	53.7614	1	10	290.221	320.618
421	48.0093	1	599210	1	22.105	1	141.113	1	53.7614	1	31.6228	314.235	346.892
421	48.0093	1	599210	1	22.105	1	141.113	1	53.7614	1	100	358.11	395.8
422	58.2884	1	1.1866e+06	1	68.5685	1	135.273	1	97.7786	1	0	273.249	301.462
422	58.2884	1	1.1866e+06	1	68.5685	1	135.273	1	97.7786	1	0.001	273.251	301.463
422	58.2884	1	1.1866e+06	1	68.5685	1	135.273	1	97.7786	1	0.00316228	273.253	301.465
422	58.2884	1	1.1866e+06	1	68.5685	1	135.273	1	97.7786	1	0.01	273.261	301.474
422	58.2884	1	1.1866e+06	1	68.5685	1	135.273	1	97.7786	1	0.0316228	273.287	301.5
422	58.2884	1	1.1866e+06	1	68.5685	1	135.273	1	97.7786	1	0.1	273.368	301.584
422	58.2884	1	1.1866e+06	1	68.5685	1	135.273	1	97.7786	1	0.316228	273.624	301.849
422	58.2884	1	1.1866e+06	1	68.5685	1	135.273	1	97.7786	1	1	274.427	302.681
422	58.2884	1	1.1866e+06	1	68.5685	1	135.273	1	97.7786	1	3.16228	276.904	305.244
422	58.2884	1	1.1866e+06	1	68.5685	1	135.273	1	97.7786	1	10	284.194	312.772
422	58.2884	1	1.1866e+06	1	68.5685	1	135.273	1	97.7786	1	31.6228	303.865	333.172
422	58.2884	1	1.1866e+06	1	68.5685	1	135.273	1	97.7786	1	100	347.818	380.981
423	71.9063	1	3.18151e+06	1	90.4289	1	204.806	1	87.5554	1	0	273.249	301.462
423	71.9063	1	3.18151e+06	1	90.4289	1	204.806	1	87.5554	1	0.001	273.25	301.462
423	71.9063	1	3.18151e+06	1	90.4289	1	204.806	1	87.5554	1	0.00316228	273.252	301.464
423	71.9063	1	3.18151e+06	1	90.4289	1	204.806	1	87.5554	1	0.01	273.258	301.47
423	71.9063	1	3.18151e+06	1	90.4289	1	204.806	1	87.5554	1	0.0316228	273.277	301.49
423	71.9063	1	3.18151e+06	1	90.4289	1	204.806	1	87.5554	1	0.1	273.336	301.55
423	71.9063	1	3.18151e+06	1	90.4289	1	204.806	1	87.5554	1	0.316228	273.521	301.741
423	71.9063	1	3.18151e+06	1	90.4289	1	204.806	1	87.5554	1	1	274.105	302.341
423	71.9063	1	3.18151e+06	1	90.4289	1	204.806	1	87.5554	1	3.16228	275.916	304.202
423	71.9063	1	3.18151e+06	1	90.4289	1	204.806	1	87.5554	1	10	281.312	309.752
423	71.9063	1	3.18151e+06	1	90.4289	1	204.806	1	87.5554	1	31.6228	296.046	324.941
423	71.9063	1	3.18151e+06	1	90.4289	1	204.806	1	87.5554	1	100	330.002	361.952
424	41.9231	1	3.52074e+06	1	69.4601	1	448.803	1	99.237	1	0	273.249	301.462
424	41.9231	1	3.52074e+06	1	69.4601	1	448.803	1	99.237	1	0.001	273.25	301.462
424	41.9231	1	3.52074e+06	1	69.4601	1	448.803	1	99.237	1	0.00316228	273.252	301.464
424	41.9231	1	3.52074e+06	1	69.4601	1	448.803	1	99.237	1	0.01	273.258	301.47
424	41.9231	1	3.52074e+06	1	69.4601	1	448.803	1	99.237	1	0.0316228	273.277	301.488
424	41.9231	1	3.52074e+06	1	69.4601	1	448.803	1	99.237	1	0.1	273.336	301.546
424	41.9231	1	3.52074e+06	1	69.4601	1	448.803	1	99.237	1	0.316228	273.522	301.727
424	41.9231	1	3.52074e+06	1	69.4601	1	448.803	1	99.237	1	1	274.105	302.294
424	41.9231	1	3.52074e+06	1	69.4601	1	448.803	1	99.237	1	3.16228	275.885	304.03
424	41.9231	1	3.52074e+06	1	69.4601	1	448.803	1	99.237	1	10	281.02	309.058
424	41.9231	1	3.52074e+06	1	69.4601	1	448.803	1	99.237	1	31.6228	293.589	321.814
424	41.9231	1	3.52074e+06	1	69.4601	1	448.803	1	99.237	1	100	316.787	348.415
425	29.0842	1	577737	1	56.6816	1	433.294	1	84.8116	1	0	273.249	301.462
425	29.0842	1	577737	1	56.6816	1	433.294	1	84.8116	1	0.001	273.251	301.463
425	29.0842	1	577737	1	56.6816	1	433.294	1	84.8116	1	0.00316228	273.253	301.465
425	29.0842	1	577737	1	56.6816	1	433.294	1	84.8116	1	0.01	273.26	301.472
425	29.0842	1	577737	1	56.6816	1	433.294	1	84.8116	1	0.0316228	273.284	301.494
425	29.0842	1	577737	1	56.6816	1	433.294	1	84.8116	1	0.1	273.358	301.563
425	29.0842	1	577737	1	56.6816	1	433.294	1	84.8116	1	0.316228	273.59	301.781
425	29.0842	1	577737	1	56.6816	1	433.294	1	84.8116	1	1	274.315	302.46
425	29.0842	1	577737	1	56.6816	1	433.294	1	84.8116	1	3.16228	276.494	304.521
425	29.0842	1	577737	1	56.6816	1	433.294	1	84.8116	1	10	282.621	310.395
425	29.0842	1	577737	1	56.6816	1	433.294	1	84.8116	1	31.6228	296.27	324.509
425	29.0842	1	577737	1	56.6816	1	433.294	1	84.8116	1	100	319.65	352.047
426	35.2636	1	443988	1	38.7768	1	411.03	1	86.7811	1	0	273.249	301.462
426	35.2636	1	443988	1	38.7768	1	411.03	1	86.7811	1	0.001	273.251	301.463
426	35.2636	1	443988	1	38.7768	1	411.03	1	86.7811	1	0.00316228	273.253	301.466
426	35.2636	1	443988	1	38.7768	1	411.03	1	86.7811	1	0.01	273.262	301.475
426	35.2636	1	443988	1	38.7768	1	411.03	1	86.7811	1	0.0316228	273.29	301.504
426	35.2636	1	443988	1	38.7768	1	411.03	1	86.7811	1	0.1	273.377	301.594
426	35.2636	1	443988	1	38.7768	1	411.03	1	86.7811	1	0.316228	273.65	301.879
426	35.2636	1	443988	1	38.7768	1	411.03	1	86.7811	1	1	274.499	302.764
426	35.2636	1	443988	1	38.7768	1	411.03	1	86.7811	1	3.16228	277.039	305.406
426	35.2636	1	443988	1	38.7768	1	411.03	1	86.7811	1	10	284.042	312.685
426	35.2636	1	443988	1	38.7768	1	411.03	1	86.7811	1	31.6228	299.297	328.889
426	35.2636	1	443988	1	38.7768	1	411.03	1	86.7811	1	100	323.791	357.599
427	30.5891	1	590195	1	85.0979	1	297.959	1	156.228	1	0	273.249	301.462
427	30.5891	1	590195	1	85.0979	1	297.959	1	156.228	1	0.001	273.25	301.462
427	30.5891	1	590195	1	85.0979	1	297.959	1	156.228	1	0.00316228	273.252	301.464
427	30.5891	1	590195	1	85.0979	1	297.959	1	156.228	1	0.01	273.259	301.47
427	30.5891	1	590195	1	85.0979	1	297.959	1	156.228	1	0.0316228	273.28	301.488
427	30.5891	1	590195	1	85.0979	1	297.959	1	156.228	1	0.1	273.345	301.546
427	30.5891	1	590195	1	85.0979	1	297.959	1	156.228	1	0.316228	273.552	301.728
427	30.5891	1	590195	1	85.0979	1	297.959	1	156.228	1	1	274.196	302.298
427	30.5891	1	590195	1	85.0979	1	297.959	1	156.228	1	3.16228	276.153	304.052
427	30.5891	1	590195	1	85.0979	1	297.959	1	156.228	1	10	281.8	309.219
427	30.5891	1	590195	1	85.0979	1	297.959	1	156.228	1	31.6228	295.607	322.871
427	30.5891	1	590195	1	85.0979	1	297.959	1	156.228	1	100	322.793	353.872
428	45.08	1	5.54811e+06	1	103.204	1	2047.94	1	79.8343	1	0	273.249	301.462
428	45.08	1	5.54811e+06	1	103.204	1	2047.94	1	79.8343	1	0.001	273.25	301.462
428	45.08	1	5.54811e+06	1	103.204	1	2047.94	1	79.8343	1	0.00316228	273.251	301.463
428	45.08	1	5.54811e+06	1	103.204	1	2047.94	1	79.8343	1	0.01	273.255	301.467
428	45.08	1	5.54811e+06	1	103.204	1	2047.94	1	79.8343	1	0.0316228	273.268	301.478
428	45.08	1	5.54811e+06	1	103.204	1	2047.94	1	79.8343	1	0.1	273.307	301.513
428	45.08	1	5.54811e+06	1	103.204	1	2047.94	1	79.8343	1	0.316228	273.432	301.624
428	45.08	1	5.54811e+06	1	103.204	1	2047.94	1	79.8343	1	1	273.823	301.973
428	45.08	1	5.54811e+06	1	103.204	1	2047.94	1	79.8343	1	3.16228	275.014	303.044
428	45.08	1	5.54811e+06	1	103.204	1	2047.94	1	79.8343	1	10	278.443	306.17
428	45.08	1	5.54811e+06	1	103.204	1	2047.94	1	79.8343	1	31.6228	286.697	314.165
428	45.08	1	5.54811e+06	1	103.204	1	2047.94	1	79.8343	1	100	299.616	329.601
429	29.9157	1	2.92964e+06	1	167.007	1	383.73	1	51.4337	1	0	273.249	301.462
429	29.9157	1	2.92964e+06	1	167.007	1	383.73	1	51.4337	1	0.001	273.25	301.462
429	29.9157	1	2.92964e+06	1	167.007	1	383.73	1	51.4337	1	0.00316228	273.252	301.463
429	29.9157	1	2.92964e+06	1	167.007	1	383.73	1	51.4337	1	0.01	273.257	301.467
429	29.9157	1	2.92964e+06	1	167.007	1	383.73	1	51.4337	1	0.0316228	273.273	301.48
429	29.9157	1	2.92964e+06	1	167.007	1	383.73	1	51.4337	1	0.1	273.325	301.52
429	29.9157	1	2.92964e+06	1	167.007	1	383.73	1	51.4337	1	0.316228	273.488	301.645
429	29.9157	1	2.92964e+06	1	167.007	1	383.73	1	51.4337	1	1	273.994	302.037
429	29.9157	1	2.92964e+06	1	167.007	1	383.73	1	51.4337	1	3.16228	275.526	303.247
429	29.9157	1	2.92964e+06	1	167.007	1	383.73	1	51.4337	1	10	279.903	306.85
429	29.9157	1	2.92964e+06	1	167.007	1	383.73	1	51.4337	1	31.6228	290.117	316.565
429	29.9157	1	2.92964e+06	1	167.007	1	383.73	1	51.4337	1	100	311.24	340.176
430	58.9646	1	2.22157e+06	1	88.9098	1	196.2	1	119.105	1	0	273.249	301.462
430	58.9646	1	2.22157e+06	1	88.9098	1	196.2	1	119.105	1	0.001	273.25	301.462
430	58.9646	1	2.22157e+06	1	88.9098	1	196.2	1	119.105	1	0.00316228	273.252	301.464
430	58.9646	1	2.22157e+06	1	88.9098	1	196.2	1	119.105	1	0.01	273.259	301.471
430	58.9646	1	2.22157e+06	1	88.9098	1	196.2	1	119.105	1	0.0316228	273.278	301.49
430	58.9646	1	2.22157e+06	1	88.9098	1	196.2	1	119.105	1	0.1	273.34	301.553
430	58.9646	1	2.22157e+06	1	88.9098	1	196.2	1	119.105	1	0.316228	273.537	301.75
430	58.9646	1	2.22157e+06	1	88.9098	1	196.2	1	119.105	1	1	274.154	302.369
430	58.9646	1	2.22157e+06	1	88.9098	1	196.2	1	119.105	1	3.16228	276.063	304.289
430	58.9646	1	2.22157e+06	1	88.9098	1	196.2	1	119.105	1	10	281.743	310.008
430	58.9646	1	2.22157e+06	1	88.9098	1	196.2	1	119.105	1	31.6228	297.17	325.702
430	58.9646	1	2.22157e+06	1	88.9098	1	196.2	1	119.105	1	100	332.216	363.76
431	49.4068	1	825984	1	50.7168	1	649.189	1	90.9552	1	0	273.249	301.462
431	49.4068	1	825984	1	50.7168	1	649.189	1	90.9552	1	0.001	273.25	301.463
431	49.4068	1	825984	1	50.7168	1	649.189	1	90.9552	1	0.00316228	273.252	301.465
431	49.4068	1	825984	1	50.7168	1	649.189	1	90.9552	1	0.01	273.259	301.471
431	49.4068	1	825984	1	50.7168	1	649.189	1	90.9552	1	0.0316228	273.279	301.493
431	49.4068	1	825984	1	50.7168	1	649.189	1	90.9552	1	0.1	273.343	301.561
431	49.4068	1	825984	1	50.7168	1	649.189	1	90.9552	1	0.316228	273.545	301.773
431	49.4068	1	825984	1	50.7168	1	649.189	1	90.9552	1	1	274.173	302.437
431	49.4068	1	825984	1	50.7168	1	649.189	1	90.9552	1	3.16228	276.077	304.441
431	49.4068	1	825984	1	50.7168	1	649.189	1	90.9552	1	10	281.445	310.076
431	49.4068	1	825984	1	50.7168	1	649.189	1	90.9552	1	31.6228	293.918	323.233
431	49.4068	1	825984	1	50.7168	1	649.189	1	90.9552	1	100	314.176	346.896
432	55.7559	1	623523	1	41.2853	1	584.674	1	88.5345	1	0	273.249	301.462
432	55.7559	1	623523	1	41.2853	1	584.674	1	88.5345	1	0.001	273.25	301.463
432	55.7559	1	623523	1	41.2853	1	584.674	1	88.5345	1	0.00316228	273.253	301.465
432	55.7559	1	623523	1	41.2853	1	584.674	1	88.5345	1	0.01	273.26	301.473
432	55.7559	1	623523	1	41.2853	1	584.674	1	88.5345	1	0.0316228	273.283	301.499
432	55.7559	1	623523	1	41.2853	1	584.674	1	88.5345	1	0.1	273.355	301.579
432	55.7559	1	623523	1	41.2853	1	584.674	1	88.5345	1	0.316228	273.584	301.832
432	55.7559	1	623523	1	41.2853	1	584.674	1	88.5345	1	1	274.293	302.616
432	55.7559	1	623523	1	41.2853	1	584.674	1	88.5345	1	3.16228	276.426	304.963
432	55.7559	1	623523	1	41.2853	1	584.674	1	88.5345	1	10	282.334	311.429
432	55.7559	1	623523	1	41.2853	1	584.674	1	88.5345	1	31.6228	295.649	325.828
432	55.7559	1	623523	1	41.2853	1	584.674	1	88.5345	1	100	316.936	350.596
433	37.2844	1	996426	1	79.7004	1	379.481	1	70.5702	1	0	273.249	301.462
433	37.2844	1	996426	1	79.7004	1	379.481	1	70.5702	1	0.001	273.25	301.462
433	37.2844	1	996426	1	79.7004	1	379.481	1	70.5702	1	0.00316228	273.252	301.464
433	37.2844	1	996426	1	79.7004	1	379.481	1	70.5702	1	0.01	273.258	301.47
433	37.2844	1	996426	1	79.7004	1	379.481	1	70.5702	1	0.0316228	273.277	301.487
433	37.2844	1	996426	1	79.7004	1	379.481	1	70.5702	1	0.1	273.337	301.543
433	37.2844	1	996426	1	79.7004	1	379.481	1	70.5702	1	0.316228	273.526	301.719
433	37.2844	1	996426	1	79.7004	1	379.481	1	70.5702	1	1	274.117	302.269
433	37.2844	1	996426	1	79.7004	1	379.481	1	70.5702	1	3.16228	275.921	303.96
433	37.2844	1	996426	1	79.7004	1	379.481	1	70.5702	1	10	281.144	308.913
433	37.2844	1	996426	1	79.7004	1	379.481	1	70.5702	1	31.6228	293.84	321.686
433	37.2844	1	996426	1	79.7004	1	379.481	1	70.5702	1	100	318.317	349.696
434	45.835	1	2.73437e+06	1	38.9924	1	524.671	1	57.2872	1	0	273.249	301.462
434	45.835	1	2.73437e+06	1	38.9924	1	524.671	1	57.2872	1	0.001	273.251	301.463
434	45.835	1	2.73437e+06	1	38.9924	1	524.671	1	57.2872	1	0.00316228	273.253	301.466
434	45.835	1	2.73437e+06	1	38.9924	1	524.671	1	57.2872	1	0.01	273.261	301.474
434	45.835	1	2.73437e+06	1	38.9924	1	524.671	1	57.2872	1	0.0316228	273.286	301.502
434	45.835	1	2.73437e+06	1	38.9924	1	524.671	1	57.2872	1	0.1	273.366	301.589
434	45.835	1	2.73437e+06	1	38.9924	1	524.671	1	57.2872	1	0.316228	273.617	301.861
434	45.835	1	2.73437e+06	1	38.9924	1	524.671	1	57.2872	1	1	274.397	302.708
434	45.835	1	2.73437e+06	1	38.9924	1	524.671	1	57.2872	1	3.16228	276.732	305.231
434	45.835	1	2.73437e+06	1	38.9924	1	524.671	1	57.2872	1	10	283.139	312.126
434	45.835	1	2.73437e+06	1	38.9924	1	524.671	1	57.2872	1	31.6228	297.092	327.192
434	45.835	1	2.73437e+06	1	38.9924	1	524.671	1	57.2872	1	100	318.875	352.98
435	46.0333	1	1.79227e+06	1	74.5787	1	196.883	1	166.387	1	0	273.249	301.462
435	46.0333	1	1.79227e+06	1	74.5787	1	196.883	1	166.387	1	0.001	273.25	301.463
435	46.0333	1	1.79227e+06	1	74.5787	1	196.883	1	166.387	1	0.00316228	273.253	301.465
435	46.0333	1	1.79227e+06	1	74.5787	1	196.883	1	166.387	1	0.01	273.26	301.472
435	46.0333	1	1.79227e+06	1	74.5787	1	196.883	1	166.387	1	0.0316228	273.282	301.494
435	46.0333	1	1.79227e+06	1	74.5787	1	196.883	1	166.387	1	0.1	273.352	301.563
435	46.0333	1	1.79227e+06	1	74.5787	1	196.883	1	166.387	1	0.316228	273.572	301.78
435	46.0333	1	1.79227e+06	1	74.5787	1	196.883	1	166.387	1	1	274.262	302.463
435	46.0333	1	1.79227e+06	1	74.5787	1	196.883	1	166.387	1	3.16228	276.386	304.57
435	46.0333	1	1.79227e+06	1	74.5787	1	196.883	1	166.387	1	10	282.637	310.784
435	46.0333	1	1.79227e+06	1	74.5787	1	196.883	1	166.387	1	31.6228	299.114	327.505
435	46.0333	1	1.79227e+06	1	74.5787	1	196.883	1	166.387	1	100	334.526	366.487
436	42.8643	1	470885	1	57.7238	1	477.95	1	117.567	1	0	273.249	301.462
436	42.8643	1	470885	1	57.7238	1	477.95	1	117.567	1	0.001	273.25	301.463
436	42.8643	1	470885	1	57.7238	1	477.95	1	117.567	1	0.00316228	273.252	301.465
436	42.8643	1	470885	1	57.7238	1	477.95	1	117.567	1	0.01	273.259	301.471
436	42.8643	1	470885	1	57.7238	1	477.95	1	117.567	1	0.0316228	273.279	301.491
436	42.8643	1	470885	1	57.7238	1	477.95	1	117.567	1	0.1	273.343	301.556
436	42.8643	1	470885	1	57.7238	1	477.95	1	117.567	1	0.316228	273.544	301.759
436	42.8643	1	470885	1	57.7238	1	477.95	1	117.567	1	1	274.173	302.392
436	42.8643	1	470885	1	57.7238	1	477.95	1	117.567	1	3.16228	276.085	304.321
436	42.8643	1	470885	1	57.7238	1	477.95	1	117.567	1	10	281.55	309.837
436	42.8643	1	470885	1	57.7238	1	477.95	1	117.567	1	31.6228	294.61	323.305
436	42.8643	1	470885	1	57.7238	1	477.95	1	117.567	1	100	317.62	349.806
437	50.6413	1	1.90119e+06	1	61.1718	1	328.728	1	99.066	1	0	273.249	301.462
437	50.6413	1	1.90119e+06	1	61.1718	1	328.728	1	99.066	1	0.001	273.25	301.463
437	50.6413	1	1.90119e+06	1	61.1718	1	328.728	1	99.066	1	0.00316228	273.252	301.465
437	50.6413	1	1.90119e+06	1	61.1718	1	328.728	1	99.066	1	0.01	273.259	301.471
437	50.6413	1	1.90119e+06	1	61.1718	1	328.728	1	99.066	1	0.0316228	273.279	301.492
437	50.6413	1	1.90119e+06	1	61.1718	1	328.728	1	99.066	1	0.1	273.344	301.558
437	50.6413	1	1.90119e+06	1	61.1718	1	328.728	1	99.066	1	0.316228	273.547	301.767
437	50.6413	1	1.90119e+06	1	61.1718	1	328.728	1	99.066	1	1	274.182	302.42
437	50.6413	1	1.90119e+06	1	61.1718	1	328.728	1	99.066	1	3.16228	276.126	304.419
437	50.6413	1	1.90119e+06	1	61.1718	1	328.728	1	99.066	1	10	281.761	310.206
437	50.6413	1	1.90119e+06	1	61.1718	1	328.728	1	99.066	1	31.6228	295.895	324.871
437	50.6413	1	1.90119e+06	1	61.1718	1	328.728	1	99.066	1	100	323.421	355.85
438	48.747	1	449254	1	79.2959	1	175.844	1	140.457	1	0	273.249	301.462
438	48.747	1	449254	1	79.2959	1	175.844	1	140.457	1	0.001	273.25	301.463
438	48.747	1	449254	1	79.2959	1	175.844	1	140.457	1	0.00316228	273.253	301.465
438	48.747	1	449254	1	79.2959	1	175.844	1	140.457	1	0.01	273.26	301.472
438	48.747	1	449254	1	79.2959	1	175.844	1	140.457	1	0.0316228	273.282	301.494
438	48.747	1	449254	1	79.2959	1	175.844	1	140.457	1	0.1	273.353	301.564
438	48.747	1	449254	1	79.2959	1	175.844	1	140.457	1	0.316228	273.575	301.784
438	48.747	1	449254	1	79.2959	1	175.844	1	140.457	1	1	274.272	302.477
438	48.747	1	449254	1	79.2959	1	175.844	1	140.457	1	3.16228	276.424	304.617
438	48.747	1	449254	1	79.2959	1	175.844	1	140.457	1	10	282.781	310.956
438	48.747	1	449254	1	79.2959	1	175.844	1	140.457	1	31.6228	299.801	328.228
438	48.747	1	449254	1	79.2959	1	175.844	1	140.457	1	100	337.224	369.132
439	68.6898	1	636972	1	45.5694	1	293.897	1	114.757	1	0	273.249	301.462
439	68.6898	1	636972	1	45.5694	1	293.897	1	114.757	1	0.001	273.251	301.463
439	68.6898	1	636972	1	45.5694	1	293.897	1	114.757	1	0.00316228	273.253	301.465
439	68.6898	1	636972	1	45.5694	1	293.897	1	114.757	1	0.01	273.26	301.474
439	68.6898	1	636972	1	45.5694	1	293.897	1	114.757	1	0.0316228	273.284	301.5
439	68.6898	1	636972	1	45.5694	1	293.897	1	114.757	1	0.1	273.357	301.582
439	68.6898	1	636972	1	45.5694	1	293.897	1	114.757	1	0.316228	273.59	301.84
439	68.6898	1	636972	1	45.5694	1	293.897	1	114.757	1	1	274.316	302.646
439	68.6898	1	636972	1	45.5694	1	293.897	1	114.757	1	3.16228	276.524	305.087
439	68.6898	1	636972	1	45.5694	1	293.897	1	114.757	1	10	282.809	311.999
439	68.6898	1	636972	1	45.5694	1	293.897	1	114.757	1	31.6228	298.196	328.637
439	68.6898	1	636972	1	45.5694	1	293.897	1	114.757	1	100	328.144	361.914
440	34.9784	1	2.82564e+06	1	65.362	1	522.289	1	112.208	1	0	273.249	301.462
440	34.9784	1	2.82564e+06	1	65.362	1	522.289	1	112.208	1	0.001	273.25	301.462
440	34.9784	1	2.82564e+06	1	65.362	1	522.289	1	112.208	1	0.00316228	273.252	301.464
440	34.9784	1	2.82564e+06	1	65.362	1	522.289	1	112.208	1	0.01	273.259	301.47
440	34.9784	1	2.82564e+06	1	65.362	1	522.289	1	112.208	1	0.0316228	273.278	301.489
440	34.9784	1	2.82564e+06	1	65.362	1	522.289	1	112.208	1	0.1	273.341	301.548
440	34.9784	1	2.82564e+06	1	65.362	1	522.289	1	112.208	1	0.316228	273.539	301.734
440	34.9784	1	2.82564e+06	1	65.362	1	522.289	1	112.208	1	1	274.155	302.317
440	34.9784	1	2.82564e+06	1	65.362	1	522.289	1	112.208	1	3.16228	276.022	304.092
440	34.9784	1	2.82564e+06	1	65.362	1	522.289	1	112.208	1	10	281.342	309.195
440	34.9784	1	2.82564e+06	1	65.362	1	522.289	1	112.208	1	31.6228	293.824	321.85
440	34.9784	1	2.82564e+06	1	65.362	1	522.289	1	112.208	1	100	315.393	347.084
441	46.2018	1	904710	1	58.7323	1	407.604	1	113.588	1	0	273.249	301.462
441	46.2018	1	904710	1	58.7323	1	407.604	1	113.588	1	0.001	273.25	301.463
441	46.2018	1	904710	1	58.7323	1	407.604	1	113.588	1	0.00316228	273.252	301.465
441	46.2018	1	904710	1	58.7323	1	407.604	1	113.588	1	0.01	273.259	301.471
441	46.2018	1	904710	1	58.7323	1	407.604	1	113.588	1	0.0316228	273.279	301.492
441	46.2018	1	904710	1	58.7323	1	407.604	1	113.588	1	0.1	273.343	301.557
441	46.2018	1	904710	1	58.7323	1	407.604	1	113.588	1	0.316228	273.545	301.762
441	46.2018	1	904710	1	58.7323	1	407.604	1	113.588	1	1	274.175	302.404
441	46.2018	1	904710	1	58.7323	1	407.604	1	113.588	1	3.16228	276.097	304.363
441	46.2018	1	904710	1	58.7323	1	407.604	1	113.588	1	10	281.622	309.991
441	46.2018	1	904710	1	58.7323	1	407.604	1	113.588	1	31.6228	295.112	323.946
441	46.2018	1	904710	1	58.7323	1	407.604	1	113.588	1	100	319.948	352.206
442	36.0367	1	336212	1	687.921	1	217.87	1	89.1845	1	0	273.249	301.462
442	36.0367	1	336212	1	687.921	1	217.87	1	89.1845	1	0.001	273.25	301.462
442	36.0367	1	336212	1	687.921	1	217.87	1	89.1845	1	0.00316228	273.252	301.463
442	36.0367	1	336212	1	687.921	1	217.87	1	89.1845	1	0.01	273.256	301.467
442	36.0367	1	336212	1	687.921	1	217.87	1	89.1845	1	0.0316228	273.271	301.478
442	36.0367	1	336212	1	687.921	1	217.87	1	89.1845	1	0.1	273.319	301.514
442	36.0367	1	336212	1	687.921	1	217.87	1	89.1845	1	0.316228	273.469	301.626
442	36.0367	1	336212	1	687.921	1	217.87	1	89.1845	1	1	273.938	301.979
442	36.0367	1	336212	1	687.921	1	217.87	1	89.1845	1	3.16228	275.367	303.074
442	36.0367	1	336212	1	687.921	1	217.87	1	89.1845	1	10	279.541	306.382
442	36.0367	1	336212	1	687.921	1	217.87	1	89.1845	1	31.6228	289.964	315.503
442	36.0367	1	336212	1	687.921	1	217.87	1	89.1845	1	100	313.095	339.531
443	47.3414	1	224984	1	42.109	1	556.752	1	71.4214	1	0	273.249	301.462
443	47.3414	1	224984	1	42.109	1	556.752	1	71.4214	1	0.001	273.251	301.463
443	47.3414	1	224984	1	42.109	1	556.752	1	71.4214	1	0.00316228	273.253	301.465
443	47.3414	1	224984	1	42.109	1	556.752	1	71.4214	1	0.01	273.26	301.473
443	47.3414	1	224984	1	42.109	1	556.752	1	71.4214	1	0.0316228	273.284	301.499
443	47.3414	1	224984	1	42.109	1	556.752	1	71.4214	1	0.1	273.358	301.579
443	47.3414	1	224984	1	42.109	1	556.752	1	71.4214	1	0.316228	273.593	301.832
443	47.3414	1	224984	1	42.109	1	556.752	1	71.4214	1	1	274.322	302.619
443	47.3414	1	224984	1	42.109	1	556.752	1	71.4214	1	3.16228	276.514	304.973
443	47.3414	1	224984	1	42.109	1	556.752	1	71.4214	1	10	282.597	311.482
443	47.3414	1	224984	1	42.109	1	556.752	1	71.4214	1	31.6228	296.146	325.995
443	47.3414	1	224984	1	42.109	1	556.752	1	71.4214	1	100	317.572	351.202
444	28.0035	1	978976	1	80.4202	1	213.259	1	96.5798	1	0	273.249	301.462
444	28.0035	1	978976	1	80.4202	1	213.259	1	96.5798	1	0.001	273.251	301.463
444	28.0035	1	978976	1	80.4202	1	213.259	1	96.5798	1	0.00316228	273.253	301.465
444	28.0035	1	978976	1	80.4202	1	213.259	1	96.5798	1	0.01	273.261	301.471
444	28.0035	1	978976	1	80.4202	1	213.259	1	96.5798	1	0.0316228	273.285	301.493
444	28.0035	1	978976	1	80.4202	1	213.259	1	96.5798	1	0.1	273.361	301.561
444	28.0035	1	978976	1	80.4202	1	213.259	1	96.5798	1	0.316228	273.601	301.774
444	28.0035	1	978976	1	80.4202	1	213.259	1	96.5798	1	1	274.351	302.444
444	28.0035	1	978976	1	80.4202	1	213.259	1	96.5798	1	3.16228	276.627	304.502
444	28.0035	1	978976	1	80.4202	1	213.259	1	96.5798	1	10	283.187	310.564
444	28.0035	1	978976	1	80.4202	1	213.259	1	96.5798	1	31.6228	299.071	326.559
444	28.0035	1	978976	1	80.4202	1	213.259	1	96.5798	1	100	331.868	363.582
445	58.4188	1	228654	1	84.0493	1	309.283	1	84.1379	1	0	273.249	301.462
445	58.4188	1	228654	1	84.0493	1	309.283	1	84.1379	1	0.001	273.25	301.462
445	58.4188	1	228654	1	84.0493	1	309.283	1	84.1379	1	0.00316228	273.252	301.464
445	58.4188	1	228654	1	84.0493	1	309.283	1	84.1379	1	0.01	273.257	301.47
445	58.4188	1	228654	1	84.0493	1	309.283	1	84.1379	1	0.0316228	273.275	301.487
445	58.4188	1	228654	1	84.0493	1	309.283	1	84.1379	1	0.1	273.329	301.542
445	58.4188	1	228654	1	84.0493	1	309.283	1	84.1379	1	0.316228	273.501	301.714
445	58.4188	1	228654	1	84.0493	1	309.283	1	84.1379	1	1	274.041	302.256
445	58.4188	1	228654	1	84.0493	1	309.283	1	84.1379	1	3.16228	275.706	303.932
445	58.4188	1	228654	1	84.0493	1	309.283	1	84.1379	1	10	280.625	308.889
445	58.4188	1	228654	1	84.0493	1	309.283	1	84.1379	1	31.6228	293.568	322.103
445	58.4188	1	228654	1	84.0493	1	309.283	1	84.1379	1	100	320.865	352.529
446	80.8688	1	1.45143e+07	1	71.5431	1	149.48	1	97.5202	1	0	273.249	301.462
446	80.8688	1	1.45143e+07	1	71.5431	1	149.48	1	97.5202	1	0.001	273.25	301.463
446	80.8688	1	1.45143e+07	1	71.5431	1	149.48	1	97.5202	1	0.00316228	273.253	301.465
446	80.8688	1	1.45143e+07	1	71.5431	1	149.48	1	97.5202	1	0.01	273.26	301.473
446	80.8688	1	1.45143e+07	1	71.5431	1	149.48	1	97.5202	1	0.0316228	273.283	301.497
446	80.8688	1	1.45143e+07	1	71.5431	1	149.48	1	97.5202	1	0.1	273.356	301.575
446	80.8688	1	1.45143e+07	1	71.5431	1	149.48	1	97.5202	1	0.316228	273.586	301.82
446	80.8688	1	1.45143e+07	1	71.5431	1	149.48	1	97.5202	1	1	274.308	302.588
446	80.8688	1	1.45143e+07	1	71.5431	1	149.48	1	97.5202	1	3.16228	276.541	304.962
446	80.8688	1	1.45143e+07	1	71.5431	1	149.48	1	97.5202	1	10	283.144	311.951
446	80.8688	1	1.45143e+07	1	71.5431	1	149.48	1	97.5202	1	31.6228	301.175	330.969
446	80.8688	1	1.45143e+07	1	71.5431	1	149.48	1	97.5202	1	100	342.819	376.023
447	48.7182	1	164559	1	48.0092	1	316.751	1	97.5704	1	0	273.249	301.462
447	48.7182	1	164559	1	48.0092	1	316.751	1	97.5704	1	0.001	273.251	301.463
447	48.7182	1	164559	1	48.0092	1	316.751	1	97.5704	1	0.00316228	273.253	301.465
447	48.7182	1	164559	1	48.0092	1	316.751	1	97.5704	1	0.01	273.26	301.473
447	48.7182	1	164559	1	48.0092	1	316.751	1	97.5704	1	0.0316228	273.284	301.498
447	48.7182	1	164559	1	48.0092	1	316.751	1	97.5704	1	0.1	273.359	301.577
447	48.7182	1	164559	1	48.0092	1	316.751	1	97.5704	1	0.316228	273.594	301.827
447	48.7182	1	164559	1	48.0092	1	316.751	1	97.5704	1	1	274.328	302.605
447	48.7182	1	164559	1	48.0092	1	316.751	1	97.5704	1	3.16228	276.56	304.963
447	48.7182	1	164559	1	48.0092	1	316.751	1	97.5704	1	10	282.922	311.665
447	48.7182	1	164559	1	48.0092	1	316.751	1	97.5704	1	31.6228	298.239	327.821
447	48.7182	1	164559	1	48.0092	1	316.751	1	97.5704	1	100	326.604	359.922
448	30.0054	1	966224	1	40.9284	1	651.85	1	81.975	1	0	273.249	301.462
448	30.0054	1	966224	1	40.9284	1	651.85	1	81.975	1	0.001	273.251	301.463
448	30.0054	1	966224	1	40.9284	1	651.85	1	81.975	1	0.00316228	273.253	301.465
448	30.0054	1	966224	1	40.9284	1	651.85	1	81.975	1	0.01	273.262	301.474
448	30.0054	1	966224	1	40.9284	1	651.85	1	81.975	1	0.0316228	273.288	301.5
448	30.0054	1	966224	1	40.9284	1	651.85	1	81.975	1	0.1	273.371	301.584
448	30.0054	1	966224	1	40.9284	1	651.85	1	81.975	1	0.316228	273.633	301.846
448	30.0054	1	966224	1	40.9284	1	651.85	1	81.975	1	1	274.443	302.658
448	30.0054	1	966224	1	40.9284	1	651.85	1	81.975	1	3.16228	276.856	305.08
448	30.0054	1	966224	1	40.9284	1	651.85	1	81.975	1	10	283.435	311.719
448	30.0054	1	966224	1	40.9284	1	651.85	1	81.975	1	31.6228	297.059	326.19
448	30.0054	1	966224	1	40.9284	1	651.85	1	81.975	1	100	316.68	349.985
449	64.7936	1	2.09054e+06	1	94.7236	1	125.645	1	228.359	1	0	273.249	301.462
449	64.7936	1	2.09054e+06	1	94.7236	1	125.645	1	228.359	1	0.001	273.251	301.463
449	64.7936	1	2.09054e+06	1	94.7236	1	125.645	1	228.359	1	0.00316228	273.253	301.465
449	64.7936	1	2.09054e+06	1	94.7236	1	125.645	1	228.359	1	0.01	273.26	301.473
449	64.7936	1	2.09054e+06	1	94.7236	1	125.645	1	228.359	1	0.0316228	273.284	301.496
449	64.7936	1	2.09054e+06	1	94.7236	1	125.645	1	228.359	1	0.1	273.358	301.571
449	64.7936	1	2.09054e+06	1	94.7236	1	125.645	1	228.359	1	0.316228	273.591	301.808
449	64.7936	1	2.09054e+06	1	94.7236	1	125.645	1	228.359	1	1	274.324	302.551
449	64.7936	1	2.09054e+06	1	94.7236	1	125.645	1	228.359	1	3.16228	276.593	304.854
449	64.7936	1	2.09054e+06	1	94.7236	1	125.645	1	228.359	1	10	283.329	311.696
449	64.7936	1	2.09054e+06	1	94.7236	1	125.645	1	228.359	1	31.6228	302.152	330.891
449	64.7936	1	2.09054e+06	1	94.7236	1	125.645	1	228.359	1	100	346.52	378.088
450	47.1936	1	1.19613e+06	1	55.6623	1	511.503	1	57.8813	1	0	273.249	301.462
450	47.1936	1	1.19613e+06	1	55.6623	1	511.503	1	57.8813	1	0.001	273.25	301.463
450	47.1936	1	1.19613e+06	1	55.6623	1	511.503	1	57.8813	1	0.00316228	273.252	301.465
450	47.1936	1	1.19613e+06	1	55.6623	1	511.503	1	57.8813	1	0.01	273.259	301.471
450	47.1936	1	1.19613e+06	1	55.6623	1	511.503	1	57.8813	1	0.0316228	273.279	301.492
450	47.1936	1	1.19613e+06	1	55.6623	1	511.503	1	57.8813	1	0.1	273.343	301.558
450	47.1936	1	1.19613e+06	1	55.6623	1	511.503	1	57.8813	1	0.316228	273.544	301.766
450	47.1936	1	1.19613e+06	1	55.6623	1	511.503	1	57.8813	1	1	274.172	302.414
450	47.1936	1	1.19613e+06	1	55.6623	1	511.503	1	57.8813	1	3.16228	276.08	304.384
450	47.1936	1	1.19613e+06	1	55.6623	1	511.503	1	57.8813	1	10	281.494	309.969
450	47.1936	1	1.19613e+06	1	55.6623	1	511.503	1	57.8813	1	31.6228	294.189	323.304
450	47.1936	1	1.19613e+06	1	55.6623	1	511.503	1	57.8813	1	100	316.073	348.973
451	31.2903	1	367730	1	32.5551	1	1517.83	1	48.2521	1	0	273.249	301.462
451	31.2903	1	367730	1	32.5551	1	1517.83	1	48.2521	1	0.001	273.251	301.463
451	31.2903	1	367730	1	32.5551	1	1517.83	1	48.2521	1	0.00316228	273.254	301.466
451	31.2903	1	367730	1	32.5551	1	1517.83	1	48.2521	1	0.01	273.263	301.476
451	31.2903	1	367730	1	32.5551	1	1517.83	1	48.2521	1	0.0316228	273.292	301.506
451	31.2903	1	367730	1	32.5551	1	1517.83	1	48.2521	1	0.1	273.383	301.603
451	31.2903	1	367730	1	32.5551	1	1517.83	1	48.2521	1	0.316228	273.67	301.905
451	31.2903	1	367730	1	32.5551	1	1517.83	1	48.2521	1	1	274.555	302.838
451	31.2903	1	367730	1	32.5551	1	1517.83	1	48.2521	1	3.16228	277.148	305.562
451	31.2903	1	367730	1	32.5551	1	1517.83	1	48.2521	1	10	283.909	312.655
451	31.2903	1	367730	1	32.5551	1	1517.83	1	48.2521	1	31.6228	296.451	326.512
451	31.2903	1	367730	1	32.5551	1	1517.83	1	48.2521	1	100	310.912	344.746
452	30.9288	1	212764	1	69.4525	1	240.708	1	124.592	1	0	273.249	301.462
452	30.9288	1	212764	1	69.4525	1	240.708	1	124.592	1	0.001	273.251	301.463
452	30.9288	1	212764	1	69.4525	1	240.708	1	124.592	1	0.00316228	273.253	301.465
452	30.9288	1	212764	1	69.4525	1	240.708	1	124.592	1	0.01	273.26	301.472
452	30.9288	1	212764	1	69.4525	1	240.708	1	124.592	1	0.0316228	273.284	301.494
452	30.9288	1	212764	1	69.4525	1	240.708	1	124.592	1	0.1	273.359	301.563
452	30.9288	1	212764	1	69.4525	1	240.708	1	124.592	1	0.316228	273.595	301.781
452	30.9288	1	212764	1	69.4525	1	240.708	1	124.592	1	1	274.332	302.465
452	30.9288	1	212764	1	69.4525	1	240.708	1	124.592	1	3.16228	276.572	304.562
452	30.9288	1	212764	1	69.4525	1	240.708	1	124.592	1	10	283.025	310.683
452	30.9288	1	212764	1	69.4525	1	240.708	1	124.592	1	31.6228	298.792	326.618
452	30.9288	1	212764	1	69.4525	1	240.708	1	124.592	1	100	330.096	362.176
453	38.6965	1	1.51388e+06	1	55.1977	1	168.102	1	49.0474	1	0	273.249	301.462
453	38.6965	1	1.51388e+06	1	55.1977	1	168.102	1	49.0474	1	0.001	273.251	301.463
453	38.6965	1	1.51388e+06	1	55.1977	1	168.102	1	49.0474	1	0.00316228	273.254	301.466
453	38.6965	1	1.51388e+06	1	55.1977	1	168.102	1	49.0474	1	0.01	273.262	301.475
453	38.6965	1	1.51388e+06	1	55.1977	1	168.102	1	49.0474	1	0.0316228	273.29	301.503
453	38.6965	1	1.51388e+06	1	55.1977	1	168.102	1	49.0474	1	0.1	273.379	301.592
453	38.6965	1	1.51388e+06	1	55.1977	1	168.102	1	49.0474	1	0.316228	273.657	301.872
453	38.6965	1	1.51388e+06	1	55.1977	1	168.102	1	49.0474	1	1	274.526	302.75
453	38.6965	1	1.51388e+06	1	55.1977	1	168.102	1	49.0474	1	3.16228	277.182	305.434
453	38.6965	1	1.51388e+06	1	55.1977	1	168.102	1	49.0474	1	10	284.835	313.189
453	38.6965	1	1.51388e+06	1	55.1977	1	168.102	1	49.0474	1	31.6228	303.822	333.026
453	38.6965	1	1.51388e+06	1	55.1977	1	168.102	1	49.0474	1	100	342.829	376.67
454	37.9818	1	1.46737e+06	1	67.6635	1	533.332	1	105.258	1	0	273.249	301.462
454	37.9818	1	1.46737e+06	1	67.6635	1	533.332	1	105.258	1	0.001	273.25	301.462
454	37.9818	1	1.46737e+06	1	67.6635	1	533.332	1	105.258	1	0.00316228	273.252	301.464
454	37.9818	1	1.46737e+06	1	67.6635	1	533.332	1	105.258	1	0.01	273.258	301.47
454	37.9818	1	1.46737e+06	1	67.6635	1	533.332	1	105.258	1	0.0316228	273.277	301.488
454	37.9818	1	1.46737e+06	1	67.6635	1	533.332	1	105.258	1	0.1	273.337	301.545
454	37.9818	1	1.46737e+06	1	67.6635	1	533.332	1	105.258	1	0.316228	273.526	301.725
454	37.9818	1	1.46737e+06	1	67.6635	1	533.332	1	105.258	1	1	274.114	302.287
454	37.9818	1	1.46737e+06	1	67.6635	1	533.332	1	105.258	1	3.16228	275.905	304.006
454	37.9818	1	1.46737e+06	1	67.6635	1	533.332	1	105.258	1	10	281.028	308.955
454	37.9818	1	1.46737e+06	1	67.6635	1	533.332	1	105.258	1	31.6228	293.245	321.328
454	37.9818	1	1.46737e+06	1	67.6635	1	533.332	1	105.258	1	100	314.663	346.245
455	56.1834	1	1.06357e+06	1	90.6057	1	150.31	1	119.824	1	0	273.249	301.462
455	56.1834	1	1.06357e+06	1	90.6057	1	150.31	1	119.824	1	0.001	273.25	301.463
455	56.1834	1	1.06357e+06	1	90.6057	1	150.31	1	119.824	1	0.00316228	273.253	301.465
455	56.1834	1	1.06357e+06	1	90.6057	1	150.31	1	119.824	1	0.01	273.26	301.472
455	56.1834	1	1.06357e+06	1	90.6057	1	150.31	1	119.824	1	0.0316228	273.282	301.494
455	56.1834	1	1.06357e+06	1	90.6057	1	150.31	1	119.824	1	0.1	273.352	301.564
455	56.1834	1	1.06357e+06	1	90.6057	1	150.31	1	119.824	1	0.316228	273.574	301.786
455	56.1834	1	1.06357e+06	1	90.6057	1	150.31	1	119.824	1	1	274.271	302.483
455	56.1834	1	1.06357e+06	1	90.6057	1	150.31	1	119.824	1	3.16228	276.429	304.644
455	56.1834	1	1.06357e+06	1	90.6057	1	150.31	1	119.824	1	10	282.837	311.077
455	56.1834	1	1.06357e+06	1	90.6057	1	150.31	1	119.824	1	31.6228	300.4	328.906
455	56.1834	1	1.06357e+06	1	90.6057	1	150.31	1	119.824	1	100	340.744	372.482
456	20.3886	1	1.08214e+06	1	48.663	1	454.34	1	102.024	1	0	273.249	301.462
456	20.3886	1	1.08214e+06	1	48.663	1	454.34	1	102.024	1	0.001	273.251	301.463
456	20.3886	1	1.08214e+06	1	48.663	1	454.34	1	102.024	1	0.00316228	273.254	301.465
456	20.3886	1	1.08214e+06	1	48.663	1	454.34	1	102.024	1	0.01	273.263	301.473
456	20.3886	1	1.08214e+06	1	48.663	1	454.34	1	102.024	1	0.0316228	273.291	301.498
456	20.3886	1	1.08214e+06	1	48.663	1	454.34	1	102.024	1	0.1	273.381	301.578
456	20.3886	1	1.08214e+06	1	48.663	1	454.34	1	102.024	1	0.316228	273.662	301.828
456	20.3886	1	1.08214e+06	1	48.663	1	454.34	1	102.024	1	1	274.532	302.603
456	20.3886	1	1.08214e+06	1	48.663	1	454.34	1	102.024	1	3.16228	277.108	304.932
456	20.3886	1	1.08214e+06	1	48.663	1	454.34	1	102.024	1	10	284.099	311.451
456	20.3886	1	1.08214e+06	1	48.663	1	454.34	1	102.024	1	31.6228	297.912	326.252
456	20.3886	1	1.08214e+06	1	48.663	1	454.34	1	102.024	1	100	320.657	353.573
457	28.6377	1	657989	1	33.4546	1	490.181	1	173.286	1	0	273.249	301.462
457	28.6377	1	657989	1	33.4546	1	490.181	1	173.286	1	0.001	273.251	301.463
457	28.6377	1	657989	1	33.4546	1	490.181	1	173.286	1	0.00316228	273.254	301.466
457	28.6377	1	657989	1	33.4546	1	490.181	1	173.286	1	0.01	273.264	301.476
457	28.6377	1	657989	1	33.4546	1	490.181	1	173.286	1	0.0316228	273.295	301.508
457	28.6377	1	657989	1	33.4546	1	490.181	1	173.286	1	0.1	273.392	301.609
457	28.6377	1	657989	1	33.4546	1	490.181	1	173.286	1	0.316228	273.698	301.924
457	28.6377	1	657989	1	33.4546	1	490.181	1	173.286	1	1	274.644	302.899
457	28.6377	1	657989	1	33.4546	1	490.181	1	173.286	1	3.16228	277.442	305.776
457	28.6377	1	657989	1	33.4546	1	490.181	1	173.286	1	10	284.952	313.502
457	28.6377	1	657989	1	33.4546	1	490.181	1	173.286	1	31.6228	300.256	329.818
457	28.6377	1	657989	1	33.4546	1	490.181	1	173.286	1	100	322.41	356.433
458	35.7559	1	2.29348e+06	1	88.8832	1	568.309	1	130.43	1	0	273.249	301.462
458	35.7559	1	2.29348e+06	1	88.8832	1	568.309	1	130.43	1	0.001	273.25	301.462
458	35.7559	1	2.29348e+06	1	88.8832	1	568.309	1	130.43	1	0.00316228	273.252	301.464
458	35.7559	1	2.29348e+06	1	88.8832	1	568.309	1	130.43	1	0.01	273.257	301.468
458	35.7559	1	2.29348e+06	1	88.8832	1	568.309	1	130.43	1	0.0316228	273.274	301.483
458	35.7559	1	2.29348e+06	1	88.8832	1	568.309	1	130.43	1	0.1	273.327	301.53
458	35.7559	1	2.29348e+06	1	88.8832	1	568.309	1	130.43	1	0.316228	273.494	301.678
458	35.7559	1	2.29348e+06	1	88.8832	1	568.309	1	130.43	1	1	274.016	302.143
458	35.7559	1	2.29348e+06	1	88.8832	1	568.309	1	130.43	1	3.16228	275.604	303.569
458	35.7559	1	2.29348e+06	1	88.8832	1	568.309	1	130.43	1	10	280.182	307.752
458	35.7559	1	2.29348e+06	1	88.8832	1	568.309	1	130.43	1	31.6228	291.26	318.594
458	35.7559	1	2.29348e+06	1	88.8832	1	568.309	1	130.43	1	100	311.344	341.86
459	41.3285	1	1.65113e+06	1	52.4973	1	900.489	1	90.8023	1	0	273.249	301.462
459	41.3285	1	1.65113e+06	1	52.4973	1	900.489	1	90.8023	1	0.001	273.25	301.463
459	41.3285	1	1.65113e+06	1	52.4973	1	900.489	1	90.8023	1	0.00316228	273.252	301.465
459	41.3285	1	1.65113e+06	1	52.4973	1	900.489	1	90.8023	1	0.01	273.259	301.471
459	41.3285	1	1.65113e+06	1	52.4973	1	900.489	1	90.8023	1	0.0316228	273.279	301.491
459	41.3285	1	1.65113e+06	1	52.4973	1	900.489	1	90.8023	1	0.1	273.342	301.556
459	41.3285	1	1.65113e+06	1	52.4973	1	900.489	1	90.8023	1	0.316228	273.541	301.758
459	41.3285	1	1.65113e+06	1	52.4973	1	900.489	1	90.8023	1	1	274.162	302.389
459	41.3285	1	1.65113e+06	1	52.4973	1	900.489	1	90.8023	1	3.16228	276.035	304.293
459	41.3285	1	1.65113e+06	1	52.4973	1	900.489	1	90.8023	1	10	281.284	309.633
459	41.3285	1	1.65113e+06	1	52.4973	1	900.489	1	90.8023	1	31.6228	293.151	321.988
459	41.3285	1	1.65113e+06	1	52.4973	1	900.489	1	90.8023	1	100	310.883	343.215
460	48.1886	1	486269	1	41.4062	1	560.633	1	61.4183	1	0	273.249	301.462
460	48.1886	1	486269	1	41.4062	1	560.633	1	61.4183	1	0.001	273.251	301.463
460	48.1886	1	486269	1	41.4062	1	560.633	1	61.4183	1	0.00316228	273.253	301.465
460	48.1886	1	486269	1	41.4062	1	560.633	1	61.4183	1	0.01	273.26	301.474
460	48.1886	1	486269	1	41.4062	1	560.633	1	61.4183	1	0.0316228	273.284	301.499
460	48.1886	1	486269	1	41.4062	1	560.633	1	61.4183	1	0.1	273.36	301.581
460	48.1886	1	486269	1	41.4062	1	560.633	1	61.4183	1	0.316228	273.596	301.838
460	48.1886	1	486269	1	41.4062	1	560.633	1	61.4183	1	1	274.332	302.636
460	48.1886	1	486269	1	41.4062	1	560.633	1	61.4183	1	3.16228	276.543	305.022
460	48.1886	1	486269	1	41.4062	1	560.633	1	61.4183	1	10	282.65	311.59
460	48.1886	1	486269	1	41.4062	1	560.633	1	61.4183	1	31.6228	296.164	326.135
460	48.1886	1	486269	1	41.4062	1	560.633	1	61.4183	1	100	317.375	351.234
461	45.0962	1	906583	1	86.0955	1	194.367	1	51.6127	1	0	273.249	301.462
461	45.0962	1	906583	1	86.0955	1	194.367	1	51.6127	1	0.001	273.25	301.463
461	45.0962	1	906583	1	86.0955	1	194.367	1	51.6127	1	0.00316228	273.253	301.465
461	45.0962	1	906583	1	86.0955	1	194.367	1	51.6127	1	0.01	273.259	301.471
461	45.0962	1	906583	1	86.0955	1	194.367	1	51.6127	1	0.0316228	273.281	301.492
461	45.0962	1	906583	1	86.0955	1	194.367	1	51.6127	1	0.1	273.349	301.558
461	45.0962	1	906583	1	86.0955	1	194.367	1	51.6127	1	0.316228	273.564	301.767
461	45.0962	1	906583	1	86.0955	1	194.367	1	51.6127	1	1	274.237	302.421
461	45.0962	1	906583	1	86.0955	1	194.367	1	51.6127	1	3.16228	276.311	304.446
461	45.0962	1	906583	1	86.0955	1	194.367	1	51.6127	1	10	282.402	310.427
461	45.0962	1	906583	1	86.0955	1	194.367	1	51.6127	1	31.6228	298.252	326.523
461	45.0962	1	906583	1	86.0955	1	194.367	1	51.6127	1	100	332.784	364.932
462	43.6887	1	3.2964e+06	1	80.2571	1	346.799	1	55.3124	1	0	273.249	301.462
462	43.6887	1	3.2964e+06	1	80.2571	1	346.799	1	55.3124	1	0.001	273.25	301.462
462	43.6887	1	3.2964e+06	1	80.2571	1	346.799	1	55.3124	1	0.00316228	273.252	301.464
462	43.6887	1	3.2964e+06	1	80.2571	1	346.799	1	55.3124	1	0.01	273.258	301.47
462	43.6887	1	3.2964e+06	1	80.2571	1	346.799	1	55.3124	1	0.0316228	273.277	301.488
462	43.6887	1	3.2964e+06	1	80.2571	1	346.799	1	55.3124	1	0.1	273.335	301.544
462	43.6887	1	3.2964e+06	1	80.2571	1	346.799	1	55.3124	1	0.316228	273.52	301.722
462	43.6887	1	3.2964e+06	1	80.2571	1	346.799	1	55.3124	1	1	274.099	302.279
462	43.6887	1	3.2964e+06	1	80.2571	1	346.799	1	55.3124	1	3.16228	275.873	303.995
462	43.6887	1	3.2964e+06	1	80.2571	1	346.799	1	55.3124	1	10	281.029	309.014
462	43.6887	1	3.2964e+06	1	80.2571	1	346.799	1	55.3124	1	31.6228	293.877	322.054
462	43.6887	1	3.2964e+06	1	80.2571	1	346.799	1	55.3124	1	100	319.363	351.131
463	39.4609	1	1.72156e+06	1	90.8875	1	565.391	1	58.7709	1	0	273.249	301.462
463	39.4609	1	1.72156e+06	1	90.8875	1	565.391	1	58.7709	1	0.001	273.25	301.462
463	39.4609	1	1.72156e+06	1	90.8875	1	565.391	1	58.7709	1	0.00316228	273.252	301.464
463	39.4609	1	1.72156e+06	1	90.8875	1	565.391	1	58.7709	1	0.01	273.257	301.468
463	39.4609	1	1.72156e+06	1	90.8875	1	565.391	1	58.7709	1	0.0316228	273.273	301.483
463	39.4609	1	1.72156e+06	1	90.8875	1	565.391	1	58.7709	1	0.1	273.325	301.53
463	39.4609	1	1.72156e+06	1	90.8875	1	565.391	1	58.7709	1	0.316228	273.488	301.678
463	39.4609	1	1.72156e+06	1	90.8875	1	565.391	1	58.7709	1	1	273.996	302.141
463	39.4609	1	1.72156e+06	1	90.8875	1	565.391	1	58.7709	1	3.16228	275.547	303.565
463	39.4609	1	1.72156e+06	1	90.8875	1	565.391	1	58.7709	1	10	280.02	307.731
463	39.4609	1	1.72156e+06	1	90.8875	1	565.391	1	58.7709	1	31.6228	290.761	318.402
463	39.4609	1	1.72156e+06	1	90.8875	1	565.391	1	58.7709	1	100	310.619	341.463
464	47.762	1	639665	1	31.7223	1	664.306	1	22.6264	1	0	273.249	301.462
464	47.762	1	639665	1	31.7223	1	664.306	1	22.6264	1	0.001	273.251	301.463
464	47.762	1	639665	1	31.7223	1	664.306	1	22.6264	1	0.00316228	273.254	301.466
464	47.762	1	639665	1	31.7223	1	664.306	1	22.6264	1	0.01	273.263	301.477
464	47.762	1	639665	1	31.7223	1	664.306	1	22.6264	1	0.0316228	273.292	301.51
464	47.762	1	639665	1	31.7223	1	664.306	1	22.6264	1	0.1	273.384	301.613
464	47.762	1	639665	1	31.7223	1	664.306	1	22.6264	1	0.316228	273.672	301.938
464	47.762	1	639665	1	31.7223	1	664.306	1	22.6264	1	1	274.561	302.938
464	47.762	1	639665	1	31.7223	1	664.306	1	22.6264	1	3.16228	277.175	305.861
464	47.762	1	639665	1	31.7223	1	664.306	1	22.6264	1	10	283.886	313.34
464	47.762	1	639665	1	31.7223	1	664.306	1	22.6264	1	31.6228	296.949	328.262
464	47.762	1	639665	1	31.7223	1	664.306	1	22.6264	1	100	315.781	351.388
465	52.796	1	2.20102e+06	1	65.4562	1	387.47	1	86.9153	1	0	273.249	301.462
465	52.796	1	2.20102e+06	1	65.4562	1	387.47	1	86.9153	1	0.001	273.25	301.462
465	52.796	1	2.20102e+06	1	65.4562	1	387.47	1	86.9153	1	0.00316228	273.252	301.464
465	52.796	1	2.20102e+06	1	65.4562	1	387.47	1	86.9153	1	0.01	273.258	301.47
465	52.796	1	2.20102e+06	1	65.4562	1	387.47	1	86.9153	1	0.0316228	273.277	301.49
465	52.796	1	2.20102e+06	1	65.4562	1	387.47	1	86.9153	1	0.1	273.336	301.551
465	52.796	1	2.20102e+06	1	65.4562	1	387.47	1	86.9153	1	0.316228	273.524	301.742
465	52.796	1	2.20102e+06	1	65.4562	1	387.47	1	86.9153	1	1	274.11	302.343
465	52.796	1	2.20102e+06	1	65.4562	1	387.47	1	86.9153	1	3.16228	275.905	304.183
465	52.796	1	2.20102e+06	1	65.4562	1	387.47	1	86.9153	1	10	281.114	309.511
465	52.796	1	2.20102e+06	1	65.4562	1	387.47	1	86.9153	1	31.6228	294.176	323.037
465	52.796	1	2.20102e+06	1	65.4562	1	387.47	1	86.9153	1	100	319.295	351.538
466	48.1752	1	1.41953e+06	1	68.4209	1	430.53	1	117.198	1	0	273.249	301.462
466	48.1752	1	1.41953e+06	1	68.4209	1	430.53	1	117.198	1	0.001	273.25	301.462
466	48.1752	1	1.41953e+06	1	68.4209	1	430.53	1	117.198	1	0.00316228	273.252	301.464
466	48.1752	1	1.41953e+06	1	68.4209	1	430.53	1	117.198	1	0.01	273.258	301.47
466	48.1752	1	1.41953e+06	1	68.4209	1	430.53	1	117.198	1	0.0316228	273.276	301.488
466	48.1752	1	1.41953e+06	1	68.4209	1	430.53	1	117.198	1	0.1	273.334	301.546
466	48.1752	1	1.41953e+06	1	68.4209	1	430.53	1	117.198	1	0.316228	273.516	301.728
466	48.1752	1	1.41953e+06	1	68.4209	1	430.53	1	117.198	1	1	274.085	302.298
466	48.1752	1	1.41953e+06	1	68.4209	1	430.53	1	117.198	1	3.16228	275.828	304.044
466	48.1752	1	1.41953e+06	1	68.4209	1	430.53	1	117.198	1	10	280.881	309.105
466	48.1752	1	1.41953e+06	1	68.4209	1	430.53	1	117.198	1	31.6228	293.508	322.019
466	48.1752	1	1.41953e+06	1	68.4209	1	430.53	1	117.198	1	100	317.445	349.136
467	42.1796	1	2.10584e+06	1	158.39	1	359.749	1	109.621	1	0	273.249	301.462
467	42.1796	1	2.10584e+06	1	158.39	1	359.749	1	109.621	1	0.001	273.25	301.462
467	42.1796	1	2.10584e+06	1	158.39	1	359.749	1	109.621	1	0.00316228	273.252	301.463
467	42.1796	1	2.10584e+06	1	158.39	1	359.749	1	109.621	1	0.01	273.256	301.467
467	42.1796	1	2.10584e+06	1	158.39	1	359.749	1	109.621	1	0.0316228	273.27	301.479
467	42.1796	1	2.10584e+06	1	158.39	1	359.749	1	109.621	1	0.1	273.316	301.517
467	42.1796	1	2.10584e+06	1	158.39	1	359.749	1	109.621	1	0.316228	273.458	301.638
467	42.1796	1	2.10584e+06	1	158.39	1	359.749	1	109.621	1	1	273.905	302.017
467	42.1796	1	2.10584e+06	1	158.39	1	359.749	1	109.621	1	3.16228	275.278	303.195
467	42.1796	1	2.10584e+06	1	158.39	1	359.749	1	109.621	1	10	279.342	306.766
467	42.1796	1	2.10584e+06	1	158.39	1	359.749	1	109.621	1	31.6228	289.988	316.78
467	42.1796	1	2.10584e+06	1	158.39	1	359.749	1	109.621	1	100	312.602	341.588
468	52.4644	1	1.95444e+06	1	53.7101	1	372.47	1	154.383	1	0	273.249	301.462
468	52.4644	1	1.95444e+06	1	53.7101	1	372.47	1	154.383	1	0.001	273.25	301.463
468	52.4644	1	1.95444e+06	1	53.7101	1	372.47	1	154.383	1	0.00316228	273.252	301.465
468	52.4644	1	1.95444e+06	1	53.7101	1	372.47	1	154.383	1	0.01	273.259	301.472
468	52.4644	1	1.95444e+06	1	53.7101	1	372.47	1	154.383	1	0.0316228	273.28	301.494
468	52.4644	1	1.95444e+06	1	53.7101	1	372.47	1	154.383	1	0.1	273.346	301.564
468	52.4644	1	1.95444e+06	1	53.7101	1	372.47	1	154.383	1	0.316228	273.556	301.784
468	52.4644	1	1.95444e+06	1	53.7101	1	372.47	1	154.383	1	1	274.209	302.472
468	52.4644	1	1.95444e+06	1	53.7101	1	372.47	1	154.383	1	3.16228	276.201	304.567
468	52.4644	1	1.95444e+06	1	53.7101	1	372.47	1	154.383	1	10	281.92	310.559
468	52.4644	1	1.95444e+06	1	53.7101	1	372.47	1	154.383	1	31.6228	295.978	325.283
468	52.4644	1	1.95444e+06	1	53.7101	1	372.47	1	154.383	1	100	322.391	354.982
469	60.8078	1	1.24029e+06	1	91.6521	1	428.445	1	107.003	1	0	273.249	301.462
469	60.8078	1	1.24029e+06	1	91.6521	1	428.445	1	107.003	1	0.001	273.25	301.462
469	60.8078	1	1.24029e+06	1	91.6521	1	428.445	1	107.003	1	0.00316228	273.252	301.464
469	60.8078	1	1.24029e+06	1	91.6521	1	428.445	1	107.003	1	0.01	273.256	301.468
469	60.8078	1	1.24029e+06	1	91.6521	1	428.445	1	107.003	1	0.0316228	273.271	301.483
469	60.8078	1	1.24029e+06	1	91.6521	1	428.445	1	107.003	1	0.1	273.318	301.53
469	60.8078	1	1.24029e+06	1	91.6521	1	428.445	1	107.003	1	0.316228	273.467	301.678
469	60.8078	1	1.24029e+06	1	91.6521	1	428.445	1	107.003	1	1	273.934	302.142
469	60.8078	1	1.24029e+06	1	91.6521	1	428.445	1	107.003	1	3.16228	275.376	303.577
469	60.8078	1	1.24029e+06	1	91.6521	1	428.445	1	107.003	1	10	279.634	307.828
469	60.8078	1	1.24029e+06	1	91.6521	1	428.445	1	107.003	1	31.6228	290.829	319.151
469	60.8078	1	1.24029e+06	1	91.6521	1	428.445	1	107.003	1	100	314.084	345.016
470	43.8448	1	730503	1	99.9939	1	1107.41	1	131.441	1	0	273.249	301.462
470	43.8448	1	730503	1	99.9939	1	1107.41	1	131.441	1	0.001	273.25	301.462
470	43.8448	1	730503	1	99.9939	1	1107.41	1	131.441	1	0.00316228	273.251	301.463
470	43.8448	1	730503	1	99.9939	1	1107.41	1	131.441	1	0.01	273.256	301.467
470	43.8448	1	730503	1	99.9939	1	1107.41	1	131.441	1	0.0316228	273.269	301.479
470	43.8448	1	730503	1	99.9939	1	1107.41	1	131.441	1	0.1	273.311	301.517
470	43.8448	1	730503	1	99.9939	1	1107.41	1	131.441	1	0.316228	273.445	301.637
470	43.8448	1	730503	1	99.9939	1	1107.41	1	131.441	1	1	273.863	302.011
470	43.8448	1	730503	1	99.9939	1	1107.41	1	131.441	1	3.16228	275.138	303.164
470	43.8448	1	730503	1	99.9939	1	1107.41	1	131.441	1	10	278.833	306.549
470	43.8448	1	730503	1	99.9939	1	1107.41	1	131.441	1	31.6228	288.01	315.436
470	43.8448	1	730503	1	99.9939	1	1107.41	1	131.441	1	100	303.639	333.487
471	55.6998	1	7.18957e+06	1	71.5966	1	372.503	1	60.4731	1	0	273.249	301.462
471	55.6998	1	7.18957e+06	1	71.5966	1	372.503	1	60.4731	1	0.001	273.25	301.462
471	55.6998	1	7.18957e+06	1	71.5966	1	372.503	1	60.4731	1	0.00316228	273.252	301.464
471	55.6998	1	7.18957e+06	1	71.5966	1	372.503	1	60.4731	1	0.01	273.258	301.47
471	55.6998	1	7.18957e+06	1	71.5966	1	372.503	1	60.4731	1	0.0316228	273.276	301.489
471	55.6998	1	7.18957e+06	1	71.5966	1	372.503	1	60.4731	1	0.1	273.333	301.547
471	55.6998	1	7.18957e+06	1	71.5966	1	372.503	1	60.4731	1	0.316228	273.513	301.73
471	55.6998	1	7.18957e+06	1	71.5966	1	372.503	1	60.4731	1	1	274.076	302.305
471	55.6998	1	7.18957e+06	1	71.5966	1	372.503	1	60.4731	1	3.16228	275.806	304.072
471	55.6998	1	7.18957e+06	1	71.5966	1	372.503	1	60.4731	1	10	280.834	309.201
471	55.6998	1	7.18957e+06	1	71.5966	1	372.503	1	60.4731	1	31.6228	293.555	322.375
471	55.6998	1	7.18957e+06	1	71.5966	1	372.503	1	60.4731	1	100	318.538	350.935
472	38.2622	1	829445	1	52.5236	1	391.966	1	68.8051	1	0	273.249	301.462
472	38.2622	1	829445	1	52.5236	1	391.966	1	68.8051	1	0.001	273.25	301.463
472	38.2622	1	829445	1	52.5236	1	391.966	1	68.8051	1	0.00316228	273.253	301.465
472	38.2622	1	829445	1	52.5236	1	391.966	1	68.8051	1	0.01	273.26	301.472
472	38.2622	1	829445	1	52.5236	1	391.966	1	68.8051	1	0.0316228	273.283	301.495
472	38.2622	1	829445	1	52.5236	1	391.966	1	68.8051	1	0.1	273.355	301.568
472	38.2622	1	829445	1	52.5236	1	391.966	1	68.8051	1	0.316228	273.583	301.797
472	38.2622	1	829445	1	52.5236	1	391.966	1	68.8051	1	1	274.295	302.513
472	38.2622	1	829445	1	52.5236	1	391.966	1	68.8051	1	3.16228	276.449	304.683
472	38.2622	1	829445	1	52.5236	1	391.966	1	68.8051	1	10	282.562	310.86
472	38.2622	1	829445	1	52.5236	1	391.966	1	68.8051	1	31.6228	296.727	325.639
472	38.2622	1	829445	1	52.5236	1	391.966	1	68.8051	1	100	321.694	354.608
473	43.2929	1	1.11783e+06	1	75.2837	1	437.276	1	93.6097	1	0	273.249	301.462
473	43.2929	1	1.11783e+06	1	75.2837	1	437.276	1	93.6097	1	0.001	273.25	301.462
473	43.2929	1	1.11783e+06	1	75.2837	1	437.276	1	93.6097	1	0.00316228	273.252	301.464
473	43.2929	1	1.11783e+06	1	75.2837	1	437.276	1	93.6097	1	0.01	273.258	301.47
473	43.2929	1	1.11783e+06	1	75.2837	1	437.276	1	93.6097	1	0.0316228	273.276	301.487
473	43.2929	1	1.11783e+06	1	75.2837	1	437.276	1	93.6097	1	0.1	273.332	301.542
473	43.2929	1	1.11783e+06	1	75.2837	1	437.276	1	93.6097	1	0.316228	273.511	301.714
473	43.2929	1	1.11783e+06	1	75.2837	1	437.276	1	93.6097	1	1	274.07	302.253
473	43.2929	1	1.11783e+06	1	75.2837	1	437.276	1	93.6097	1	3.16228	275.781	303.911
473	43.2929	1	1.11783e+06	1	75.2837	1	437.276	1	93.6097	1	10	280.745	308.744
473	43.2929	1	1.11783e+06	1	75.2837	1	437.276	1	93.6097	1	31.6228	293.051	321.169
473	43.2929	1	1.11783e+06	1	75.2837	1	437.276	1	93.6097	1	100	316.302	347.707
474	51.7023	1	3.36429e+06	1	57.6949	1	701.728	1	55.7862	1	0	273.249	301.462
474	51.7023	1	3.36429e+06	1	57.6949	1	701.728	1	55.7862	1	0.001	273.25	301.462
474	51.7023	1	3.36429e+06	1	57.6949	1	701.728	1	55.7862	1	0.00316228	273.252	301.464
474	51.7023	1	3.36429e+06	1	57.6949	1	701.728	1	55.7862	1	0.01	273.258	301.471
474	51.7023	1	3.36429e+06	1	57.6949	1	701.728	1	55.7862	1	0.0316228	273.277	301.49
474	51.7023	1	3.36429e+06	1	57.6949	1	701.728	1	55.7862	1	0.1	273.335	301.551
474	51.7023	1	3.36429e+06	1	57.6949	1	701.728	1	55.7862	1	0.316228	273.52	301.743
474	51.7023	1	3.36429e+06	1	57.6949	1	701.728	1	55.7862	1	1	274.096	302.344
474	51.7023	1	3.36429e+06	1	57.6949	1	701.728	1	55.7862	1	3.16228	275.847	304.167
474	51.7023	1	3.36429e+06	1	57.6949	1	701.728	1	55.7862	1	10	280.796	309.314
474	51.7023	1	3.36429e+06	1	57.6949	1	701.728	1	55.7862	1	31.6228	292.407	321.544
474	51.7023	1	3.36429e+06	1	57.6949	1	701.728	1	55.7862	1	100	311.324	344.094
475	64.5505	1	778223	1	68.9583	1	327.833	1	135.234	1	0	273.249	301.462
475	64.5505	1	778223	1	68.9583	1	327.833	1	135.234	1	0.001	273.25	301.462
475	64.5505	1	778223	1	68.9583	1	327.833	1	135.234	1	0.00316228	273.252	301.464
475	64.5505	1	778223	1	68.9583	1	327.833	1	135.234	1	0.01	273.258	301.47
475	64.5505	1	778223	1	68.9583	1	327.833	1	135.234	1	0.0316228	273.276	301.489
475	64.5505	1	778223	1	68.9583	1	327.833	1	135.234	1	0.1	273.333	301.549
475	64.5505	1	778223	1	68.9583	1	327.833	1	135.234	1	0.316228	273.514	301.739
475	64.5505	1	778223	1	68.9583	1	327.833	1	135.234	1	1	274.08	302.332
475	64.5505	1	778223	1	68.9583	1	327.833	1	135.234	1	3.16228	275.825	304.156
475	64.5505	1	778223	1	68.9583	1	327.833	1	135.234	1	10	280.93	309.474
475	64.5505	1	778223	1	68.9583	1	327.833	1	135.234	1	31.6228	294.25	323.372
475	64.5505	1	778223	1	68.9583	1	327.833	1	135.234	1	100	322.01	353.97
476	42.9805	1	1.18213e+06	1	90.6859	1	341.47	1	104.592	1	0	273.249	301.462
476	42.9805	1	1.18213e+06	1	90.6859	1	341.47	1	104.592	1	0.001	273.25	301.462
476	42.9805	1	1.18213e+06	1	90.6859	1	341.47	1	104.592	1	0.00316228	273.252	301.464
476	42.9805	1	1.18213e+06	1	90.6859	1	341.47	1	104.592	1	0.01	273.258	301.469
476	42.9805	1	1.18213e+06	1	90.6859	1	341.47	1	104.592	1	0.0316228	273.275	301.486
476	42.9805	1	1.18213e+06	1	90.6859	1	341.47	1	104.592	1	0.1	273.33	301.537
476	42.9805	1	1.18213e+06	1	90.6859	1	341.47	1	104.592	1	0.316228	273.505	301.701
476	42.9805	1	1.18213e+06	1	90.6859	1	341.47	1	104.592	1	1	274.052	302.214
476	42.9805	1	1.18213e+06	1	90.6859	1	341.47	1	104.592	1	3.16228	275.732	303.798
476	42.9805	1	1.18213e+06	1	90.6859	1	341.47	1	104.592	1	10	280.663	308.497
476	42.9805	1	1.18213e+06	1	90.6859	1	341.47	1	104.592	1	31.6228	293.29	321.021
476	42.9805	1	1.18213e+06	1	90.6859	1	341.47	1	104.592	1	100	319.015	349.864
477	32.1878	1	1.1578e+06	1	83.6405	1	941.435	1	115.79	1	0	273.249	301.462
477	32.1878	1	1.1578e+06	1	83.6405	1	941.435	1	115.79	1	0.001	273.25	301.462
477	32.1878	1	1.1578e+06	1	83.6405	1	941.435	1	115.79	1	0.00316228	273.252	301.464
477	32.1878	1	1.1578e+06	1	83.6405	1	941.435	1	115.79	1	0.01	273.257	301.468
477	32.1878	1	1.1578e+06	1	83.6405	1	941.435	1	115.79	1	0.0316228	273.274	301.483
477	32.1878	1	1.1578e+06	1	83.6405	1	941.435	1	115.79	1	0.1	273.327	301.529
477	32.1878	1	1.1578e+06	1	83.6405	1	941.435	1	115.79	1	0.316228	273.495	301.674
477	32.1878	1	1.1578e+06	1	83.6405	1	941.435	1	115.79	1	1	274.017	302.127
477	32.1878	1	1.1578e+06	1	83.6405	1	941.435	1	115.79	1	3.16228	275.593	303.511
477	32.1878	1	1.1578e+06	1	83.6405	1	941.435	1	115.79	1	10	280.058	307.514
477	32.1878	1	1.1578e+06	1	83.6405	1	941.435	1	115.79	1	31.6228	290.325	317.589
477	32.1878	1	1.1578e+06	1	83.6405	1	941.435	1	115.79	1	100	306.774	337.315
478	62.243	1	921089	1	94.6012	1	205.292	1	48.9211	1	0	273.249	301.462
478	62.243	1	921089	1	94.6012	1	205.292	1	48.9211	1	0.001	273.25	301.462
478	62.243	1	921089	1	94.6012	1	205.292	1	48.9211	1	0.00316228	273.252	301.464
478	62.243	1	921089	1	94.6012	1	205.292	1	48.9211	1	0.01	273.258	301.47
478	62.243	1	921089	1	94.6012	1	205.292	1	48.9211	1	0.0316228	273.277	301.49
478	62.243	1	921089	1	94.6012	1	205.292	1	48.9211	1	0.1	273.338	301.55
478	62.243	1	921089	1	94.6012	1	205.292	1	48.9211	1	0.316228	273.528	301.741
478	62.243	1	921089	1	94.6012	1	205.292	1	48.9211	1	1	274.125	302.342
478	62.243	1	921089	1	94.6012	1	205.292	1	48.9211	1	3.16228	275.974	304.205
478	62.243	1	921089	1	94.6012	1	205.292	1	48.9211	1	10	281.438	309.728
478	62.243	1	921089	1	94.6012	1	205.292	1	48.9211	1	31.6228	296.098	324.725
478	62.243	1	921089	1	94.6012	1	205.292	1	48.9211	1	100	329.022	361.343
479	47.0908	1	2.38683e+06	1	61.264	1	300.846	1	112.478	1	0	273.249	301.462
479	47.0908	1	2.38683e+06	1	61.264	1	300.846	1	112.478	1	0.001	273.25	301.463
479	47.0908	1	2.38683e+06	1	61.264	1	300.846	1	112.478	1	0.00316228	273.253	301.465
479	47.0908	1	2.38683e+06	1	61.264	1	300.846	1	112.478	1	0.01	273.259	301.472
479	47.0908	1	2.38683e+06	1	61.264	1	300.846	1	112.478	1	0.0316228	273.28	301.493
479	47.0908	1	2.38683e+06	1	61.264	1	300.846	1	112.478	1	0.1	273.347	301.561
479	47.0908	1	2.38683e+06	1	61.264	1	300.846	1	112.478	1	0.316228	273.557	301.775
479	47.0908	1	2.38683e+06	1	61.264	1	300.846	1	112.478	1	1	274.215	302.444
479	47.0908	1	2.38683e+06	1	61.264	1	300.846	1	112.478	1	3.16228	276.23	304.493
479	47.0908	1	2.38683e+06	1	61.264	1	300.846	1	112.478	1	10	282.072	310.435
479	47.0908	1	2.38683e+06	1	61.264	1	300.846	1	112.478	1	31.6228	296.743	325.58
479	47.0908	1	2.38683e+06	1	61.264	1	300.846	1	112.478	1	100	325.479	357.843
480	58.4605	1	1.24267e+06	1	47.3252	1	208.623	1	70.9474	1	0	273.249	301.462
480	58.4605	1	1.24267e+06	1	47.3252	1	208.623	1	70.9474	1	0.001	273.251	301.463
480	58.4605	1	1.24267e+06	1	47.3252	1	208.623	1	70.9474	1	0.00316228	273.253	301.466
480	58.4605	1	1.24267e+06	1	47.3252	1	208.623	1	70.9474	1	0.01	273.261	301.475
480	58.4605	1	1.24267e+06	1	47.3252	1	208.623	1	70.9474	1	0.0316228	273.287	301.503
480	58.4605	1	1.24267e+06	1	47.3252	1	208.623	1	70.9474	1	0.1	273.369	301.591
480	58.4605	1	1.24267e+06	1	47.3252	1	208.623	1	70.9474	1	0.316228	273.626	301.87
480	58.4605	1	1.24267e+06	1	47.3252	1	208.623	1	70.9474	1	1	274.43	302.74
480	58.4605	1	1.24267e+06	1	47.3252	1	208.623	1	70.9474	1	3.16228	276.883	305.387
480	58.4605	1	1.24267e+06	1	47.3252	1	208.623	1	70.9474	1	10	283.937	312.964
480	58.4605	1	1.24267e+06	1	47.3252	1	208.623	1	70.9474	1	31.6228	301.47	331.657
480	58.4605	1	1.24267e+06	1	47.3252	1	208.623	1	70.9474	1	100	336.699	371.097
481	53.858	1	2.70339e+06	1	42.8876	1	587.503	1	137.07	1	0	273.249	301.462
481	53.858	1	2.70339e+06	1	42.8876	1	587.503	1	137.07	1	0.001	273.25	301.463
481	53.858	1	2.70339e+06	1	42.8876	1	587.503	1	137.07	1	0.00316228	273.253	301.465
481	53.858	1	2.70339e+06	1	42.8876	1	587.503	1	137.07	1	0.01	273.26	301.473
481	53.858	1	2.70339e+06	1	42.8876	1	587.503	1	137.07	1	0.0316228	273.282	301.497
481	53.858	1	2.70339e+06	1	42.8876	1	587.503	1	137.07	1	0.1	273.353	301.575
481	53.858	1	2.70339e+06	1	42.8876	1	587.503	1	137.07	1	0.316228	273.575	301.819
481	53.858	1	2.70339e+06	1	42.8876	1	587.503	1	137.07	1	1	274.267	302.576
481	53.858	1	2.70339e+06	1	42.8876	1	587.503	1	137.07	1	3.16228	276.353	304.848
481	53.858	1	2.70339e+06	1	42.8876	1	587.503	1	137.07	1	10	282.158	311.14
481	53.858	1	2.70339e+06	1	42.8876	1	587.503	1	137.07	1	31.6228	295.441	325.376
481	53.858	1	2.70339e+06	1	42.8876	1	587.503	1	137.07	1	100	317.082	350.221
482	74.1047	1	820071	1	51.4557	1	741.649	1	104.809	1	0	273.249	301.462
482	74.1047	1	820071	1	51.4557	1	741.649	1	104.809	1	0.001	273.25	301.463
482	74.1047	1	820071	1	51.4557	1	741.649	1	104.809	1	0.00316228	273.252	301.465
482	74.1047	1	820071	1	51.4557	1	741.649	1	104.809	1	0.01	273.258	301.471
482	74.1047	1	820071	1	51.4557	1	741.649	1	104.809	1	0.0316228	273.276	301.491
482	74.1047	1	820071	1	51.4557	1	741.649	1	104.809	1	0.1	273.334	301.556
482	74.1047	1	820071	1	51.4557	1	741.649	1	104.809	1	0.316228	273.514	301.758
482	74.1047	1	820071	1	51.4557	1	741.649	1	104.809	1	1	274.079	302.388
482	74.1047	1	820071	1	51.4557	1	741.649	1	104.809	1	3.16228	275.794	304.293
482	74.1047	1	820071	1	51.4557	1	741.649	1	104.809	1	10	280.634	309.642
482	74.1047	1	820071	1	51.4557	1	741.649	1	104.809	1	31.6228	292.145	322.18
482	74.1047	1	820071	1	51.4557	1	741.649	1	104.809	1	100	311.79	344.66
483	41.1577	1	1.42009e+06	1	107.66	1	102.226	1	95.7695	1	0	273.249	301.462
483	41.1577	1	1.42009e+06	1	107.66	1	102.226	1	95.7695	1	0.001	273.251	301.463
483	41.1577	1	1.42009e+06	1	107.66	1	102.226	1	95.7695	1	0.00316228	273.253	301.465
483	41.1577	1	1.42009e+06	1	107.66	1	102.226	1	95.7695	1	0.01	273.262	301.474
483	41.1577	1	1.42009e+06	1	107.66	1	102.226	1	95.7695	1	0.0316228	273.29	301.5
483	41.1577	1	1.42009e+06	1	107.66	1	102.226	1	95.7695	1	0.1	273.378	301.584
483	41.1577	1	1.42009e+06	1	107.66	1	102.226	1	95.7695	1	0.316228	273.654	301.848
483	41.1577	1	1.42009e+06	1	107.66	1	102.226	1	95.7695	1	1	274.52	302.678
483	41.1577	1	1.42009e+06	1	107.66	1	102.226	1	95.7695	1	3.16228	277.184	305.242
483	41.1577	1	1.42009e+06	1	107.66	1	102.226	1	95.7695	1	10	285.002	312.82
483	41.1577	1	1.42009e+06	1	107.66	1	102.226	1	95.7695	1	31.6228	306.317	334.153
483	41.1577	1	1.42009e+06	1	107.66	1	102.226	1	95.7695	1	100	354.184	385.758
484	23.6839	1	1.05671e+06	1	55.9685	1	296.749	1	65.8745	1	0	273.249	301.462
484	23.6839	1	1.05671e+06	1	55.9685	1	296.749	1	65.8745	1	0.001	273.251	301.463
484	23.6839	1	1.05671e+06	1	55.9685	1	296.749	1	65.8745	1	0.00316228	273.253	301.465
484	23.6839	1	1.05671e+06	1	55.9685	1	296.749	1	65.8745	1	0.01	273.262	301.473
484	23.6839	1	1.05671e+06	1	55.9685	1	296.749	1	65.8745	1	0.0316228	273.289	301.497
484	23.6839	1	1.05671e+06	1	55.9685	1	296.749	1	65.8745	1	0.1	273.375	301.575
484	23.6839	1	1.05671e+06	1	55.9685	1	296.749	1	65.8745	1	0.316228	273.645	301.819
484	23.6839	1	1.05671e+06	1	55.9685	1	296.749	1	65.8745	1	1	274.483	302.58
484	23.6839	1	1.05671e+06	1	55.9685	1	296.749	1	65.8745	1	3.16228	276.991	304.887
484	23.6839	1	1.05671e+06	1	55.9685	1	296.749	1	65.8745	1	10	284.012	311.496
484	23.6839	1	1.05671e+06	1	55.9685	1	296.749	1	65.8745	1	31.6228	299.22	327.481
484	23.6839	1	1.05671e+06	1	55.9685	1	296.749	1	65.8745	1	100	327.346	360.186
485	36.1774	1	1.79464e+06	1	65.5076	1	279.222	1	57.9462	1	0	273.249	301.462
485	36.1774	1	1.79464e+06	1	65.5076	1	279.222	1	57.9462	1	0.001	273.25	301.463
485	36.1774	1	1.79464e+06	1	65.5076	1	279.222	1	57.9462	1	0.00316228	273.253	301.465
485	36.1774	1	1.79464e+06	1	65.5076	1	279.222	1	57.9462	1	0.01	273.26	301.472
485	36.1774	1	1.79464e+06	1	65.5076	1	279.222	1	57.9462	1	0.0316228	273.282	301.493
485	36.1774	1	1.79464e+06	1	65.5076	1	279.222	1	57.9462	1	0.1	273.354	301.562
485	36.1774	1	1.79464e+06	1	65.5076	1	279.222	1	57.9462	1	0.316228	273.578	301.778
485	36.1774	1	1.79464e+06	1	65.5076	1	279.222	1	57.9462	1	1	274.28	302.456
485	36.1774	1	1.79464e+06	1	65.5076	1	279.222	1	57.9462	1	3.16228	276.42	304.531
485	36.1774	1	1.79464e+06	1	65.5076	1	279.222	1	57.9462	1	10	282.577	310.545
485	36.1774	1	1.79464e+06	1	65.5076	1	279.222	1	57.9462	1	31.6228	297.446	325.854
485	36.1774	1	1.79464e+06	1	65.5076	1	279.222	1	57.9462	1	100	326.659	359.074
486	115.591	1	801192	1	83.7136	1	201.188	1	82.9186	1	0	273.249	301.462
486	115.591	1	801192	1	83.7136	1	201.188	1	82.9186	1	0.001	273.25	301.462
486	115.591	1	801192	1	83.7136	1	201.188	1	82.9186	1	0.00316228	273.252	301.464
486	115.591	1	801192	1	83.7136	1	201.188	1	82.9186	1	0.01	273.258	301.471
486	115.591	1	801192	1	83.7136	1	201.188	1	82.9186	1	0.0316228	273.276	301.49
486	115.591	1	801192	1	83.7136	1	201.188	1	82.9186	1	0.1	273.333	301.553
486	115.591	1	801192	1	83.7136	1	201.188	1	82.9186	1	0.316228	273.514	301.749
486	115.591	1	801192	1	83.7136	1	201.188	1	82.9186	1	1	274.084	302.367
486	115.591	1	801192	1	83.7136	1	201.188	1	82.9186	1	3.16228	275.852	304.282
486	115.591	1	801192	1	83.7136	1	201.188	1	82.9186	1	10	281.136	309.979
486	115.591	1	801192	1	83.7136	1	201.188	1	82.9186	1	31.6228	295.577	325.467
486	115.591	1	801192	1	83.7136	1	201.188	1	82.9186	1	100	330.243	363.035
487	40.458	1	295088	1	104.297	1	1602.34	1	80.9247	1	0	273.249	301.462
487	40.458	1	295088	1	104.297	1	1602.34	1	80.9247	1	0.001	273.25	301.462
487	40.458	1	295088	1	104.297	1	1602.34	1	80.9247	1	0.00316228	273.251	301.463
487	40.458	1	295088	1	104.297	1	1602.34	1	80.9247	1	0.01	273.256	301.467
487	40.458	1	295088	1	104.297	1	1602.34	1	80.9247	1	0.0316228	273.269	301.478
487	40.458	1	295088	1	104.297	1	1602.34	1	80.9247	1	0.1	273.311	301.515
487	40.458	1	295088	1	104.297	1	1602.34	1	80.9247	1	0.316228	273.443	301.629
487	40.458	1	295088	1	104.297	1	1602.34	1	80.9247	1	1	273.856	301.987
487	40.458	1	295088	1	104.297	1	1602.34	1	80.9247	1	3.16228	275.11	303.086
487	40.458	1	295088	1	104.297	1	1602.34	1	80.9247	1	10	278.712	306.3
487	40.458	1	295088	1	104.297	1	1602.34	1	80.9247	1	31.6228	287.263	314.548
487	40.458	1	295088	1	104.297	1	1602.34	1	80.9247	1	100	300.806	330.692
488	57.1112	1	848981	1	96.3763	1	492.484	1	97.0443	1	0	273.249	301.462
488	57.1112	1	848981	1	96.3763	1	492.484	1	97.0443	1	0.001	273.25	301.462
488	57.1112	1	848981	1	96.3763	1	492.484	1	97.0443	1	0.00316228	273.252	301.464
488	57.1112	1	848981	1	96.3763	1	492.484	1	97.0443	1	0.01	273.256	301.468
488	57.1112	1	848981	1	96.3763	1	492.484	1	97.0443	1	0.0316228	273.27	301.482
488	57.1112	1	848981	1	96.3763	1	492.484	1	97.0443	1	0.1	273.316	301.526
488	57.1112	1	848981	1	96.3763	1	492.484	1	97.0443	1	0.316228	273.459	301.665
488	57.1112	1	848981	1	96.3763	1	492.484	1	97.0443	1	1	273.908	302.102
488	57.1112	1	848981	1	96.3763	1	492.484	1	97.0443	1	3.16228	275.292	303.453
488	57.1112	1	848981	1	96.3763	1	492.484	1	97.0443	1	10	279.376	307.459
488	57.1112	1	848981	1	96.3763	1	492.484	1	97.0443	1	31.6228	290.175	318.268
488	57.1112	1	848981	1	96.3763	1	492.484	1	97.0443	1	100	311.543	342.253
489	41.3484	1	1.8856e+06	1	53.3804	1	949.026	1	154.054	1	0	273.249	301.462
489	41.3484	1	1.8856e+06	1	53.3804	1	949.026	1	154.054	1	0.001	273.25	301.462
489	41.3484	1	1.8856e+06	1	53.3804	1	949.026	1	154.054	1	0.00316228	273.252	301.464
489	41.3484	1	1.8856e+06	1	53.3804	1	949.026	1	154.054	1	0.01	273.259	301.471
489	41.3484	1	1.8856e+06	1	53.3804	1	949.026	1	154.054	1	0.0316228	273.278	301.491
489	41.3484	1	1.8856e+06	1	53.3804	1	949.026	1	154.054	1	0.1	273.34	301.553
489	41.3484	1	1.8856e+06	1	53.3804	1	949.026	1	154.054	1	0.316228	273.535	301.751
489	41.3484	1	1.8856e+06	1	53.3804	1	949.026	1	154.054	1	1	274.142	302.365
489	41.3484	1	1.8856e+06	1	53.3804	1	949.026	1	154.054	1	3.16228	275.976	304.221
489	41.3484	1	1.8856e+06	1	53.3804	1	949.026	1	154.054	1	10	281.123	309.434
489	41.3484	1	1.8856e+06	1	53.3804	1	949.026	1	154.054	1	31.6228	292.912	321.611
489	41.3484	1	1.8856e+06	1	53.3804	1	949.026	1	154.054	1	100	310.538	342.596
490	40.3426	1	1.6612e+06	1	54.152	1	232.923	1	96.6227	1	0	273.249	301.462
490	40.3426	1	1.6612e+06	1	54.152	1	232.923	1	96.6227	1	0.001	273.251	301.463
490	40.3426	1	1.6612e+06	1	54.152	1	232.923	1	96.6227	1	0.00316228	273.253	301.465
490	40.3426	1	1.6612e+06	1	54.152	1	232.923	1	96.6227	1	0.01	273.261	301.473
490	40.3426	1	1.6612e+06	1	54.152	1	232.923	1	96.6227	1	0.0316228	273.286	301.499
490	40.3426	1	1.6612e+06	1	54.152	1	232.923	1	96.6227	1	0.1	273.365	301.578
490	40.3426	1	1.6612e+06	1	54.152	1	232.923	1	96.6227	1	0.316228	273.613	301.83
490	40.3426	1	1.6612e+06	1	54.152	1	232.923	1	96.6227	1	1	274.388	302.615
490	40.3426	1	1.6612e+06	1	54.152	1	232.923	1	96.6227	1	3.16228	276.754	305.014
490	40.3426	1	1.6612e+06	1	54.152	1	232.923	1	96.6227	1	10	283.575	311.939
490	40.3426	1	1.6612e+06	1	54.152	1	232.923	1	96.6227	1	31.6228	300.362	329.323
490	40.3426	1	1.6612e+06	1	54.152	1	232.923	1	96.6227	1	100	333.305	366.427
491	57.7034	1	593124	1	73.6437	1	466.593	1	260.276	1	0	273.249	301.462
491	57.7034	1	593124	1	73.6437	1	466.593	1	260.276	1	0.001	273.25	301.462
491	57.7034	1	593124	1	73.6437	1	466.593	1	260.276	1	0.00316228	273.252	301.464
491	57.7034	1	593124	1	73.6437	1	466.593	1	260.276	1	0.01	273.257	301.469
491	57.7034	1	593124	1	73.6437	1	466.593	1	260.276	1	0.0316228	273.273	301.486
491	57.7034	1	593124	1	73.6437	1	466.593	1	260.276	1	0.1	273.325	301.539
491	57.7034	1	593124	1	73.6437	1	466.593	1	260.276	1	0.316228	273.488	301.705
491	57.7034	1	593124	1	73.6437	1	466.593	1	260.276	1	1	273.999	302.225
491	57.7034	1	593124	1	73.6437	1	466.593	1	260.276	1	3.16228	275.571	303.824
491	57.7034	1	593124	1	73.6437	1	466.593	1	260.276	1	10	280.157	308.481
491	57.7034	1	593124	1	73.6437	1	466.593	1	260.276	1	31.6228	291.944	320.56
491	57.7034	1	593124	1	73.6437	1	466.593	1	260.276	1	100	315.394	346.564
492	66.8331	1	1.28075e+06	1	68.9864	1	172.392	1	49.0218	1	0	273.249	301.462
492	66.8331	1	1.28075e+06	1	68.9864	1	172.392	1	49.0218	1	0.001	273.25	301.463
492	66.8331	1	1.28075e+06	1	68.9864	1	172.392	1	49.0218	1	0.00316228	273.253	301.465
492	66.8331	1	1.28075e+06	1	68.9864	1	172.392	1	49.0218	1	0.01	273.26	301.473
492	66.8331	1	1.28075e+06	1	68.9864	1	172.392	1	49.0218	1	0.0316228	273.283	301.497
492	66.8331	1	1.28075e+06	1	68.9864	1	172.392	1	49.0218	1	0.1	273.355	301.573
492	66.8331	1	1.28075e+06	1	68.9864	1	172.392	1	49.0218	1	0.316228	273.583	301.812
492	66.8331	1	1.28075e+06	1	68.9864	1	172.392	1	49.0218	1	1	274.298	302.564
492	66.8331	1	1.28075e+06	1	68.9864	1	172.392	1	49.0218	1	3.16228	276.505	304.883
492	66.8331	1	1.28075e+06	1	68.9864	1	172.392	1	49.0218	1	10	282.963	311.651
492	66.8331	1	1.28075e+06	1	68.9864	1	172.392	1	49.0218	1	31.6228	300.147	329.703
492	66.8331	1	1.28075e+06	1	68.9864	1	172.392	1	49.0218	1	100	337.74	371.589
493	38.1192	1	879956	1	62.5543	1	232.091	1	112.539	1	0	273.249	301.462
493	38.1192	1	879956	1	62.5543	1	232.091	1	112.539	1	0.001	273.251	301.463
493	38.1192	1	879956	1	62.5543	1	232.091	1	112.539	1	0.00316228	273.253	301.465
493	38.1192	1	879956	1	62.5543	1	232.091	1	112.539	1	0.01	273.26	301.472
493	38.1192	1	879956	1	62.5543	1	232.091	1	112.539	1	0.0316228	273.284	301.495
493	38.1192	1	879956	1	62.5543	1	232.091	1	112.539	1	0.1	273.359	301.569
493	38.1192	1	879956	1	62.5543	1	232.091	1	112.539	1	0.316228	273.594	301.8
493	38.1192	1	879956	1	62.5543	1	232.091	1	112.539	1	1	274.33	302.522
493	38.1192	1	879956	1	62.5543	1	232.091	1	112.539	1	3.16228	276.579	304.738
493	38.1192	1	879956	1	62.5543	1	232.091	1	112.539	1	10	283.099	311.192
493	38.1192	1	879956	1	62.5543	1	232.091	1	112.539	1	31.6228	299.374	327.835
493	38.1192	1	879956	1	62.5543	1	232.091	1	112.539	1	100	331.963	364.489
494	30.7484	1	1.35781e+06	1	44.8335	1	214.11	1	110.718	1	0	273.249	301.462
494	30.7484	1	1.35781e+06	1	44.8335	1	214.11	1	110.718	1	0.001	273.251	301.463
494	30.7484	1	1.35781e+06	1	44.8335	1	214.11	1	110.718	1	0.00316228	273.254	301.466
494	30.7484	1	1.35781e+06	1	44.8335	1	214.11	1	110.718	1	0.01	273.263	301.475
494	30.7484	1	1.35781e+06	1	44.8335	1	214.11	1	110.718	1	0.0316228	273.293	301.505
494	30.7484	1	1.35781e+06	1	44.8335	1	214.11	1	110.718	1	0.1	273.387	301.599
494	30.7484	1	1.35781e+06	1	44.8335	1	214.11	1	110.718	1	0.316228	273.683	301.894
494	30.7484	1	1.35781e+06	1	44.8335	1	214.11	1	110.718	1	1	274.604	302.813
494	30.7484	1	1.35781e+06	1	44.8335	1	214.11	1	110.718	1	3.16228	277.387	305.597
494	30.7484	1	1.35781e+06	1	44.8335	1	214.11	1	110.718	1	10	285.254	313.51
494	30.7484	1	1.35781e+06	1	44.8335	1	214.11	1	110.718	1	31.6228	303.601	332.658
494	30.7484	1	1.35781e+06	1	44.8335	1	214.11	1	110.718	1	100	337.896	371.801
495	22.7147	1	902551	1	95.0777	1	706.71	1	103.982	1	0	273.249	301.462
495	22.7147	1	902551	1	95.0777	1	706.71	1	103.982	1	0.001	273.25	301.462
495	22.7147	1	902551	1	95.0777	1	706.71	1	103.982	1	0.00316228	273.252	301.464
495	22.7147	1	902551	1	95.0777	1	706.71	1	103.982	1	0.01	273.258	301.468
495	22.7147	1	902551	1	95.0777	1	706.71	1	103.982	1	0.0316228	273.278	301.483
495	22.7147	1	902551	1	95.0777	1	706.71	1	103.982	1	0.1	273.339	301.53
495	22.7147	1	902551	1	95.0777	1	706.71	1	103.982	1	0.316228	273.533	301.677
495	22.7147	1	902551	1	95.0777	1	706.71	1	103.982	1	1	274.13	302.137
495	22.7147	1	902551	1	95.0777	1	706.71	1	103.982	1	3.16228	275.903	303.537
495	22.7147	1	902551	1	95.0777	1	706.71	1	103.982	1	10	280.816	307.609
495	22.7147	1	902551	1	95.0777	1	706.71	1	103.982	1	31.6228	291.073	317.854
495	22.7147	1	902551	1	95.0777	1	706.71	1	103.982	1	100	308.482	338.735
496	37.0701	1	237252	1	92.0002	1	669.592	1	80.8587	1	0	273.249	301.462
496	37.0701	1	237252	1	92.0002	1	669.592	1	80.8587	1	0.001	273.25	301.462
496	37.0701	1	237252	1	92.0002	1	669.592	1	80.8587	1	0.00316228	273.252	301.464
496	37.0701	1	237252	1	92.0002	1	669.592	1	80.8587	1	0.01	273.257	301.468
496	37.0701	1	237252	1	92.0002	1	669.592	1	80.8587	1	0.0316228	273.273	301.482
496	37.0701	1	237252	1	92.0002	1	669.592	1	80.8587	1	0.1	273.324	301.527
496	37.0701	1	237252	1	92.0002	1	669.592	1	80.8587	1	0.316228	273.483	301.669
496	37.0701	1	237252	1	92.0002	1	669.592	1	80.8587	1	1	273.981	302.111
496	37.0701	1	237252	1	92.0002	1	669.592	1	80.8587	1	3.16228	275.497	303.472
496	37.0701	1	237252	1	92.0002	1	669.592	1	80.8587	1	10	279.864	307.461
496	37.0701	1	237252	1	92.0002	1	669.592	1	80.8587	1	31.6228	290.284	317.692
496	37.0701	1	237252	1	92.0002	1	669.592	1	80.8587	1	100	308.779	339.27
497	40.4697	1	982414	1	101.668	1	272.764	1	72.6605	1	0	273.249	301.462
497	40.4697	1	982414	1	101.668	1	272.764	1	72.6605	1	0.001	273.25	301.462
497	40.4697	1	982414	1	101.668	1	272.764	1	72.6605	1	0.00316228	273.252	301.464
497	40.4697	1	982414	1	101.668	1	272.764	1	72.6605	1	0.01	273.258	301.469
497	40.4697	1	982414	1	101.668	1	272.764	1	72.6605	1	0.0316228	273.276	301.486
497	40.4697	1	982414	1	101.668	1	272.764	1	72.6605	1	0.1	273.335	301.539
497	40.4697	1	982414	1	101.668	1	272.764	1	72.6605	1	0.316228	273.518	301.708
497	40.4697	1	982414	1	101.668	1	272.764	1	72.6605	1	1	274.092	302.235
497	40.4697	1	982414	1	101.668	1	272.764	1	72.6605	1	3.16228	275.857	303.87
497	40.4697	1	982414	1	101.668	1	272.764	1	72.6605	1	10	281.054	308.75
497	40.4697	1	982414	1	101.668	1	272.764	1	72.6605	1	31.6228	294.343	321.936
497	40.4697	1	982414	1	101.668	1	272.764	1	72.6605	1	100	322.494	353.321
498	24.2835	1	1.51589e+06	1	98.0098	1	1533.89	1	70.3116	1	0	273.249	301.462
498	24.2835	1	1.51589e+06	1	98.0098	1	1533.89	1	70.3116	1	0.001	273.25	301.462
498	24.2835	1	1.51589e+06	1	98.0098	1	1533.89	1	70.3116	1	0.00316228	273.252	301.464
498	24.2835	1	1.51589e+06	1	98.0098	1	1533.89	1	70.3116	1	0.01	273.258	301.468
498	24.2835	1	1.51589e+06	1	98.0098	1	1533.89	1	70.3116	1	0.0316228	273.275	301.481
498	24.2835	1	1.51589e+06	1	98.0098	1	1533.89	1	70.3116	1	0.1	273.331	301.523
498	24.2835	1	1.51589e+06	1	98.0098	1	1533.89	1	70.3116	1	0.316228	273.504	301.654
498	24.2835	1	1.51589e+06	1	98.0098	1	1533.89	1	70.3116	1	1	274.043	302.065
498	24.2835	1	1.51589e+06	1	98.0098	1	1533.89	1	70.3116	1	3.16228	275.637	303.311
498	24.2835	1	1.51589e+06	1	98.0098	1	1533.89	1	70.3116	1	10	280.028	306.91
498	24.2835	1	1.51589e+06	1	98.0098	1	1533.89	1	70.3116	1	31.6228	288.822	315.663
498	24.2835	1	1.51589e+06	1	98.0098	1	1533.89	1	70.3116	1	100	302.199	332.192
499	49.5561	1	272271	1	67.3643	1	316.834	1	47.652	1	0	273.249	301.462
499	49.5561	1	272271	1	67.3643	1	316.834	1	47.652	1	0.001	273.25	301.463
499	49.5561	1	272271	1	67.3643	1	316.834	1	47.652	1	0.00316228	273.252	301.465
499	49.5561	1	272271	1	67.3643	1	316.834	1	47.652	1	0.01	273.259	301.471
499	49.5561	1	272271	1	67.3643	1	316.834	1	47.652	1	0.0316228	273.279	301.491
499	49.5561	1	272271	1	67.3643	1	316.834	1	47.652	1	0.1	273.342	301.555
499	49.5561	1	272271	1	67.3643	1	316.834	1	47.652	1	0.316228	273.541	301.757
499	49.5561	1	272271	1	67.3643	1	316.834	1	47.652	1	1	274.166	302.39
499	49.5561	1	272271	1	67.3643	1	316.834	1	47.652	1	3.16228	276.078	304.33
499	49.5561	1	272271	1	67.3643	1	316.834	1	47.652	1	10	281.598	309.93
499	49.5561	1	272271	1	67.3643	1	316.834	1	47.652	1	31.6228	295.348	324.215
499	49.5561	1	272271	1	67.3643	1	316.834	1	47.652	1	100	322.37	355.189
500	43.488	1	1.55839e+06	1	105.916	1	538.049	1	102.006	1	0	273.249	301.462
500	43.488	1	1.55839e+06	1	105.916	1	538.049	1	102.006	1	0.001	273.25	301.462
500	43.488	1	1.55839e+06	1	105.916	1	538.049	1	102.006	1	0.00316228	273.252	301.464
500	43.488	1	1.55839e+06	1	105.916	1	538.049	1	102.006	1	0.01	273.256	301.468
500	43.488	1	1.55839e+06	1	105.916	1	538.049	1	102.006	1	0.0316228	273.271	301.481
500	43.488	1	1.55839e+06	1	105.916	1	538.049	1	102.006	1	0.1	273.317	301.523
500	43.488	1	1.55839e+06	1	105.916	1	538.049	1	102.006	1	0.316228	273.464	301.654
500	43.488	1	1.55839e+06	1	105.916	1	538.049	1	102.006	1	1	273.923	302.068
500	43.488	1	1.55839e+06	1	105.916	1	538.049	1	102.006	1	3.16228	275.329	303.346
500	43.488	1	1.55839e+06	1	105.916	1	538.049	1	102.006	1	10	279.45	307.145
500	43.488	1	1.55839e+06	1	105.916	1	538.049	1	102.006	1	31.6228	289.973	317.396
500	43.488	1	1.55839e+06	1	105.916	1	538.049	1	102.006	1	100	310.057	340.129
501	34.1979	1	1.22808e+06	1	76.7338	1	367.646	1	101.82	1	0	273.249	301.462
501	34.1979	1	1.22808e+06	1	76.7338	1	367.646	1	101.82	1	0.001	273.25	301.462
501	34.1979	1	1.22808e+06	1	76.7338	1	367.646	1	101.82	1	0.00316228	273.252	301.464
501	34.1979	1	1.22808e+06	1	76.7338	1	367.646	1	101.82	1	0.01	273.259	301.47
501	34.1979	1	1.22808e+06	1	76.7338	1	367.646	1	101.82	1	0.0316228	273.278	301.488
501	34.1979	1	1.22808e+06	1	76.7338	1	367.646	1	101.82	1	0.1	273.341	301.546
501	34.1979	1	1.22808e+06	1	76.7338	1	367.646	1	101.82	1	0.316228	273.539	301.727
501	34.1979	1	1.22808e+06	1	76.7338	1	367.646	1	101.82	1	1	274.156	302.294
501	34.1979	1	1.22808e+06	1	76.7338	1	367.646	1	101.82	1	3.16228	276.035	304.036
501	34.1979	1	1.22808e+06	1	76.7338	1	367.646	1	101.82	1	10	281.453	309.127
501	34.1979	1	1.22808e+06	1	76.7338	1	367.646	1	101.82	1	31.6228	294.588	322.289
501	34.1979	1	1.22808e+06	1	76.7338	1	367.646	1	101.82	1	100	319.565	350.926
502	50.6956	1	2.79687e+06	1	53.0525	1	466.026	1	95.6746	1	0	273.249	301.462
502	50.6956	1	2.79687e+06	1	53.0525	1	466.026	1	95.6746	1	0.001	273.25	301.463
502	50.6956	1	2.79687e+06	1	53.0525	1	466.026	1	95.6746	1	0.00316228	273.252	301.465
502	50.6956	1	2.79687e+06	1	53.0525	1	466.026	1	95.6746	1	0.01	273.259	301.472
502	50.6956	1	2.79687e+06	1	53.0525	1	466.026	1	95.6746	1	0.0316228	273.28	301.493
502	50.6956	1	2.79687e+06	1	53.0525	1	466.026	1	95.6746	1	0.1	273.344	301.562
502	50.6956	1	2.79687e+06	1	53.0525	1	466.026	1	95.6746	1	0.316228	273.549	301.777
502	50.6956	1	2.79687e+06	1	53.0525	1	466.026	1	95.6746	1	1	274.188	302.448
502	50.6956	1	2.79687e+06	1	53.0525	1	466.026	1	95.6746	1	3.16228	276.13	304.486
502	50.6956	1	2.79687e+06	1	53.0525	1	466.026	1	95.6746	1	10	281.666	310.279
502	50.6956	1	2.79687e+06	1	53.0525	1	466.026	1	95.6746	1	31.6228	294.893	324.176
502	50.6956	1	2.79687e+06	1	53.0525	1	466.026	1	95.6746	1	100	318.356	351.086
503	32.8585	1	617237	1	34.5166	1	554.865	1	79.6216	1	0	273.249	301.462
503	32.8585	1	617237	1	34.5166	1	554.865	1	79.6216	1	0.001	273.251	301.463
503	32.8585	1	617237	1	34.5166	1	554.865	1	79.6216	1	0.00316228	273.254	301.466
503	32.8585	1	617237	1	34.5166	1	554.865	1	79.6216	1	0.01	273.263	301.476
503	32.8585	1	617237	1	34.5166	1	554.865	1	79.6216	1	0.0316228	273.292	301.506
503	32.8585	1	617237	1	34.5166	1	554.865	1	79.6216	1	0.1	273.384	301.603
503	32.8585	1	617237	1	34.5166	1	554.865	1	79.6216	1	0.316228	273.672	301.906
503	32.8585	1	617237	1	34.5166	1	554.865	1	79.6216	1	1	274.565	302.844
503	32.8585	1	617237	1	34.5166	1	554.865	1	79.6216	1	3.16228	277.211	305.614
503	32.8585	1	617237	1	34.5166	1	554.865	1	79.6216	1	10	284.341	313.068
503	32.8585	1	617237	1	34.5166	1	554.865	1	79.6216	1	31.6228	298.958	328.773
503	32.8585	1	617237	1	34.5166	1	554.865	1	79.6216	1	100	320.063	354.044
504	42.2267	1	342779	1	151.884	1	290.814	1	82.8283	1	0	273.249	301.462
504	42.2267	1	342779	1	151.884	1	290.814	1	82.8283	1	0.001	273.25	301.462
504	42.2267	1	342779	1	151.884	1	290.814	1	82.8283	1	0.00316228	273.252	301.464
504	42.2267	1	342779	1	151.884	1	290.814	1	82.8283	1	0.01	273.257	301.468
504	42.2267	1	342779	1	151.884	1	290.814	1	82.8283	1	0.0316228	273.272	301.481
504	42.2267	1	342779	1	151.884	1	290.814	1	82.8283	1	0.1	273.322	301.524
504	42.2267	1	342779	1	151.884	1	290.814	1	82.8283	1	0.316228	273.478	301.659
504	42.2267	1	342779	1	151.884	1	290.814	1	82.8283	1	1	273.966	302.083
504	42.2267	1	342779	1	151.884	1	290.814	1	82.8283	1	3.16228	275.469	303.403
504	42.2267	1	342779	1	151.884	1	290.814	1	82.8283	1	10	279.925	307.398
504	42.2267	1	342779	1	151.884	1	290.814	1	82.8283	1	31.6228	291.565	318.521
504	42.2267	1	342779	1	151.884	1	290.814	1	82.8283	1	100	316.96	346.383
505	46.4205	1	921617	1	50.2563	1	1006.89	1	32.74	1	0	273.249	301.462
505	46.4205	1	921617	1	50.2563	1	1006.89	1	32.74	1	0.001	273.25	301.463
505	46.4205	1	921617	1	50.2563	1	1006.89	1	32.74	1	0.00316228	273.252	301.465
505	46.4205	1	921617	1	50.2563	1	1006.89	1	32.74	1	0.01	273.259	301.471
505	46.4205	1	921617	1	50.2563	1	1006.89	1	32.74	1	0.0316228	273.279	301.493
505	46.4205	1	921617	1	50.2563	1	1006.89	1	32.74	1	0.1	273.344	301.561
505	46.4205	1	921617	1	50.2563	1	1006.89	1	32.74	1	0.316228	273.547	301.774
505	46.4205	1	921617	1	50.2563	1	1006.89	1	32.74	1	1	274.178	302.436
505	46.4205	1	921617	1	50.2563	1	1006.89	1	32.74	1	3.16228	276.075	304.425
505	46.4205	1	921617	1	50.2563	1	1006.89	1	32.74	1	10	281.256	309.855
505	46.4205	1	921617	1	50.2563	1	1006.89	1	32.74	1	31.6228	292.403	321.918
505	46.4205	1	921617	1	50.2563	1	1006.89	1	32.74	1	100	308.704	342.159
506	27.7365	1	1.03598e+06	1	51.4612	1	394.132	1	86.6943	1	0	273.249	301.462
506	27.7365	1	1.03598e+06	1	51.4612	1	394.132	1	86.6943	1	0.001	273.251	301.463
506	27.7365	1	1.03598e+06	1	51.4612	1	394.132	1	86.6943	1	0.00316228	273.253	301.465
506	27.7365	1	1.03598e+06	1	51.4612	1	394.132	1	86.6943	1	0.01	273.261	301.473
506	27.7365	1	1.03598e+06	1	51.4612	1	394.132	1	86.6943	1	0.0316228	273.286	301.497
506	27.7365	1	1.03598e+06	1	51.4612	1	394.132	1	86.6943	1	0.1	273.366	301.572
506	27.7365	1	1.03598e+06	1	51.4612	1	394.132	1	86.6943	1	0.316228	273.618	301.81
506	27.7365	1	1.03598e+06	1	51.4612	1	394.132	1	86.6943	1	1	274.4	302.552
506	27.7365	1	1.03598e+06	1	51.4612	1	394.132	1	86.6943	1	3.16228	276.747	304.793
506	27.7365	1	1.03598e+06	1	51.4612	1	394.132	1	86.6943	1	10	283.314	311.148
506	27.7365	1	1.03598e+06	1	51.4612	1	394.132	1	86.6943	1	31.6228	297.724	326.176
506	27.7365	1	1.03598e+06	1	51.4612	1	394.132	1	86.6943	1	100	322.319	355.146
507	46.4095	1	1.1686e+06	1	51.3528	1	333.309	1	75.1652	1	0	273.249	301.462
507	46.4095	1	1.1686e+06	1	51.3528	1	333.309	1	75.1652	1	0.001	273.25	301.463
507	46.4095	1	1.1686e+06	1	51.3528	1	333.309	1	75.1652	1	0.00316228	273.253	301.465
507	46.4095	1	1.1686e+06	1	51.3528	1	333.309	1	75.1652	1	0.01	273.26	301.473
507	46.4095	1	1.1686e+06	1	51.3528	1	333.309	1	75.1652	1	0.0316228	273.283	301.496
507	46.4095	1	1.1686e+06	1	51.3528	1	333.309	1	75.1652	1	0.1	273.355	301.572
507	46.4095	1	1.1686e+06	1	51.3528	1	333.309	1	75.1652	1	0.316228	273.582	301.809
507	46.4095	1	1.1686e+06	1	51.3528	1	333.309	1	75.1652	1	1	274.292	302.549
507	46.4095	1	1.1686e+06	1	51.3528	1	333.309	1	75.1652	1	3.16228	276.452	304.797
507	46.4095	1	1.1686e+06	1	51.3528	1	333.309	1	75.1652	1	10	282.625	311.214
507	46.4095	1	1.1686e+06	1	51.3528	1	333.309	1	75.1652	1	31.6228	297.439	326.769
507	46.4095	1	1.1686e+06	1	51.3528	1	333.309	1	75.1652	1	100	324.767	357.989
508	43.0898	1	191069	1	114.712	1	256.502	1	76.1323	1	0	273.249	301.462
508	43.0898	1	191069	1	114.712	1	256.502	1	76.1323	1	0.001	273.25	301.462
508	43.0898	1	191069	1	114.712	1	256.502	1	76.1323	1	0.00316228	273.252	301.464
508	43.0898	1	191069	1	114.712	1	256.502	1	76.1323	1	0.01	273.258	301.469
508	43.0898	1	191069	1	114.712	1	256.502	1	76.1323	1	0.0316228	273.275	301.485
508	43.0898	1	191069	1	114.712	1	256.502	1	76.1323	1	0.1	273.331	301.536
508	43.0898	1	191069	1	114.712	1	256.502	1	76.1323	1	0.316228	273.507	301.697
508	43.0898	1	191069	1	114.712	1	256.502	1	76.1323	1	1	274.06	302.204
508	43.0898	1	191069	1	114.712	1	256.502	1	76.1323	1	3.16228	275.762	303.774
508	43.0898	1	191069	1	114.712	1	256.502	1	76.1323	1	10	280.804	308.494
508	43.0898	1	191069	1	114.712	1	256.502	1	76.1323	1	31.6228	293.933	321.415
508	43.0898	1	191069	1	114.712	1	256.502	1	76.1323	1	100	322.582	353.068
509	27.285	1	323932	1	39.0681	1	332.349	1	83.2619	1	0	273.249	301.462
509	27.285	1	323932	1	39.0681	1	332.349	1	83.2619	1	0.001	273.251	301.463
509	27.285	1	323932	1	39.0681	1	332.349	1	83.2619	1	0.00316228	273.254	301.466
509	27.285	1	323932	1	39.0681	1	332.349	1	83.2619	1	0.01	273.263	301.476
509	27.285	1	323932	1	39.0681	1	332.349	1	83.2619	1	0.0316228	273.294	301.506
509	27.285	1	323932	1	39.0681	1	332.349	1	83.2619	1	0.1	273.389	301.601
509	27.285	1	323932	1	39.0681	1	332.349	1	83.2619	1	0.316228	273.689	301.9
509	27.285	1	323932	1	39.0681	1	332.349	1	83.2619	1	1	274.62	302.827
509	27.285	1	323932	1	39.0681	1	332.349	1	83.2619	1	3.16228	277.395	305.599
509	27.285	1	323932	1	39.0681	1	332.349	1	83.2619	1	10	285.031	313.277
509	27.285	1	323932	1	39.0681	1	332.349	1	83.2619	1	31.6228	301.256	330.542
509	27.285	1	323932	1	39.0681	1	332.349	1	83.2619	1	100	328.187	362.174
510	52.1674	1	668104	1	90.3588	1	411.51	1	65.3873	1	0	273.249	301.462
510	52.1674	1	668104	1	90.3588	1	411.51	1	65.3873	1	0.001	273.25	301.462
510	52.1674	1	668104	1	90.3588	1	411.51	1	65.3873	1	0.00316228	273.252	301.464
510	52.1674	1	668104	1	90.3588	1	411.51	1	65.3873	1	0.01	273.257	301.469
510	52.1674	1	668104	1	90.3588	1	411.51	1	65.3873	1	0.0316228	273.273	301.484
510	52.1674	1	668104	1	90.3588	1	411.51	1	65.3873	1	0.1	273.323	301.533
510	52.1674	1	668104	1	90.3588	1	411.51	1	65.3873	1	0.316228	273.483	301.688
510	52.1674	1	668104	1	90.3588	1	411.51	1	65.3873	1	1	273.982	302.174
510	52.1674	1	668104	1	90.3588	1	411.51	1	65.3873	1	3.16228	275.52	303.673
510	52.1674	1	668104	1	90.3588	1	411.51	1	65.3873	1	10	280.034	308.099
510	52.1674	1	668104	1	90.3588	1	411.51	1	65.3873	1	31.6228	291.578	319.717
510	52.1674	1	668104	1	90.3588	1	411.51	1	65.3873	1	100	314.712	346.034
511	36.9875	1	863751	1	117.881	1	1304.52	1	151.618	1	0	273.249	301.462
511	36.9875	1	863751	1	117.881	1	1304.52	1	151.618	1	0.001	273.25	301.462
511	36.9875	1	863751	1	117.881	1	1304.52	1	151.618	1	0.00316228	273.251	301.463
511	36.9875	1	863751	1	117.881	1	1304.52	1	151.618	1	0.01	273.256	301.467
511	36.9875	1	863751	1	117.881	1	1304.52	1	151.618	1	0.0316228	273.269	301.477
511	36.9875	1	863751	1	117.881	1	1304.52	1	151.618	1	0.1	273.31	301.511
511	36.9875	1	863751	1	117.881	1	1304.52	1	151.618	1	0.316228	273.441	301.618
511	36.9875	1	863751	1	117.881	1	1304.52	1	151.618	1	1	273.849	301.952
511	36.9875	1	863751	1	117.881	1	1304.52	1	151.618	1	3.16228	275.087	302.98
511	36.9875	1	863751	1	117.881	1	1304.52	1	151.618	1	10	278.644	306.013
511	36.9875	1	863751	1	117.881	1	1304.52	1	151.618	1	31.6228	287.223	314.037
511	36.9875	1	863751	1	117.881	1	1304.52	1	151.618	1	100	301.292	330.55
512	30.978	1	3.4137e+06	1	51.3144	1	585.272	1	89.9717	1	0	273.249	301.462
512	30.978	1	3.4137e+06	1	51.3144	1	585.272	1	89.9717	1	0.001	273.25	301.463
512	30.978	1	3.4137e+06	1	51.3144	1	585.272	1	89.9717	1	0.00316228	273.253	301.465
512	30.978	1	3.4137e+06	1	51.3144	1	585.272	1	89.9717	1	0.01	273.26	301.472
512	30.978	1	3.4137e+06	1	51.3144	1	585.272	1	89.9717	1	0.0316228	273.283	301.494
512	30.978	1	3.4137e+06	1	51.3144	1	585.272	1	89.9717	1	0.1	273.356	301.565
512	30.978	1	3.4137e+06	1	51.3144	1	585.272	1	89.9717	1	0.316228	273.586	301.787
512	30.978	1	3.4137e+06	1	51.3144	1	585.272	1	89.9717	1	1	274.302	302.477
512	30.978	1	3.4137e+06	1	51.3144	1	585.272	1	89.9717	1	3.16228	276.448	304.561
512	30.978	1	3.4137e+06	1	51.3144	1	585.272	1	89.9717	1	10	282.432	310.423
512	30.978	1	3.4137e+06	1	51.3144	1	585.272	1	89.9717	1	31.6228	295.537	324.041
512	30.978	1	3.4137e+06	1	51.3144	1	585.272	1	89.9717	1	100	316.135	348.682
513	79.0223	1	2.08833e+06	1	63.3591	1	280.414	1	107.655	1	0	273.249	301.462
513	79.0223	1	2.08833e+06	1	63.3591	1	280.414	1	107.655	1	0.001	273.25	301.463
513	79.0223	1	2.08833e+06	1	63.3591	1	280.414	1	107.655	1	0.00316228	273.252	301.465
513	79.0223	1	2.08833e+06	1	63.3591	1	280.414	1	107.655	1	0.01	273.258	301.471
513	79.0223	1	2.08833e+06	1	63.3591	1	280.414	1	107.655	1	0.0316228	273.278	301.492
513	79.0223	1	2.08833e+06	1	63.3591	1	280.414	1	107.655	1	0.1	273.338	301.558
513	79.0223	1	2.08833e+06	1	63.3591	1	280.414	1	107.655	1	0.316228	273.53	301.766
513	79.0223	1	2.08833e+06	1	63.3591	1	280.414	1	107.655	1	1	274.13	302.416
513	79.0223	1	2.08833e+06	1	63.3591	1	280.414	1	107.655	1	3.16228	275.978	304.414
513	79.0223	1	2.08833e+06	1	63.3591	1	280.414	1	107.655	1	10	281.387	310.229
513	79.0223	1	2.08833e+06	1	63.3591	1	280.414	1	107.655	1	31.6228	295.49	325.285
513	79.0223	1	2.08833e+06	1	63.3591	1	280.414	1	107.655	1	100	325.638	358.446
514	47.9219	1	606825	1	52.444	1	436.331	1	49.7222	1	0	273.249	301.462
514	47.9219	1	606825	1	52.444	1	436.331	1	49.7222	1	0.001	273.25	301.463
514	47.9219	1	606825	1	52.444	1	436.331	1	49.7222	1	0.00316228	273.253	301.465
514	47.9219	1	606825	1	52.444	1	436.331	1	49.7222	1	0.01	273.259	301.472
514	47.9219	1	606825	1	52.444	1	436.331	1	49.7222	1	0.0316228	273.281	301.494
514	47.9219	1	606825	1	52.444	1	436.331	1	49.7222	1	0.1	273.349	301.566
514	47.9219	1	606825	1	52.444	1	436.331	1	49.7222	1	0.316228	273.563	301.789
514	47.9219	1	606825	1	52.444	1	436.331	1	49.7222	1	1	274.23	302.487
514	47.9219	1	606825	1	52.444	1	436.331	1	49.7222	1	3.16228	276.256	304.602
514	47.9219	1	606825	1	52.444	1	436.331	1	49.7222	1	10	281.981	310.574
514	47.9219	1	606825	1	52.444	1	436.331	1	49.7222	1	31.6228	295.361	324.74
514	47.9219	1	606825	1	52.444	1	436.331	1	49.7222	1	100	318.796	352.188
515	46.0661	1	1.13023e+06	1	61.403	1	406.754	1	58.3386	1	0	273.249	301.462
515	46.0661	1	1.13023e+06	1	61.403	1	406.754	1	58.3386	1	0.001	273.25	301.463
515	46.0661	1	1.13023e+06	1	61.403	1	406.754	1	58.3386	1	0.00316228	273.252	301.465
515	46.0661	1	1.13023e+06	1	61.403	1	406.754	1	58.3386	1	0.01	273.259	301.471
515	46.0661	1	1.13023e+06	1	61.403	1	406.754	1	58.3386	1	0.0316228	273.279	301.491
515	46.0661	1	1.13023e+06	1	61.403	1	406.754	1	58.3386	1	0.1	273.342	301.555
515	46.0661	1	1.13023e+06	1	61.403	1	406.754	1	58.3386	1	0.316228	273.542	301.758
515	46.0661	1	1.13023e+06	1	61.403	1	406.754	1	58.3386	1	1	274.166	302.39
515	46.0661	1	1.13023e+06	1	61.403	1	406.754	1	58.3386	1	3.16228	276.07	304.32
515	46.0661	1	1.13023e+06	1	61.403	1	406.754	1	58.3386	1	10	281.529	309.86
515	46.0661	1	1.13023e+06	1	61.403	1	406.754	1	58.3386	1	31.6228	294.698	323.556
515	46.0661	1	1.13023e+06	1	61.403	1	406.754	1	58.3386	1	100	318.897	351.545
516	138.402	1	429570	1	137.429	1	176.009	1	111.998	1	0	273.249	301.462
516	138.402	1	429570	1	137.429	1	176.009	1	111.998	1	0.001	273.25	301.462
516	138.402	1	429570	1	137.429	1	176.009	1	111.998	1	0.00316228	273.252	301.464
516	138.402	1	429570	1	137.429	1	176.009	1	111.998	1	0.01	273.257	301.469
516	138.402	1	429570	1	137.429	1	176.009	1	111.998	1	0.0316228	273.273	301.486
516	138.402	1	429570	1	137.429	1	176.009	1	111.998	1	0.1	273.323	301.539
516	138.402	1	429570	1	137.429	1	176.009	1	111.998	1	0.316228	273.481	301.705
516	138.402	1	429570	1	137.429	1	176.009	1	111.998	1	1	273.979	302.229
516	138.402	1	429570	1	137.429	1	176.009	1	111.998	1	3.16228	275.533	303.862
516	138.402	1	429570	1	137.429	1	176.009	1	111.998	1	10	280.245	308.809
516	138.402	1	429570	1	137.429	1	176.009	1	111.998	1	31.6228	293.776	322.989
516	138.402	1	429570	1	137.429	1	176.009	1	111.998	1	100	328.546	359.673
517	65.0222	1	625806	1	30.8571	1	346.909	1	122.22	1	0	273.249	301.462
517	65.0222	1	625806	1	30.8571	1	346.909	1	122.22	1	0.001	273.251	301.463
517	65.0222	1	625806	1	30.8571	1	346.909	1	122.22	1	0.00316228	273.254	301.467
517	65.0222	1	625806	1	30.8571	1	346.909	1	122.22	1	0.01	273.263	301.477
517	65.0222	1	625806	1	30.8571	1	346.909	1	122.22	1	0.0316228	273.293	301.512
517	65.0222	1	625806	1	30.8571	1	346.909	1	122.22	1	0.1	273.386	301.62
517	65.0222	1	625806	1	30.8571	1	346.909	1	122.22	1	0.316228	273.678	301.958
517	65.0222	1	625806	1	30.8571	1	346.909	1	122.22	1	1	274.583	303.005
517	65.0222	1	625806	1	30.8571	1	346.909	1	122.22	1	3.16228	277.276	306.093
517	65.0222	1	625806	1	30.8571	1	346.909	1	122.22	1	10	284.542	314.357
517	65.0222	1	625806	1	30.8571	1	346.909	1	122.22	1	31.6228	300.567	332.101
517	65.0222	1	625806	1	30.8571	1	346.909	1	122.22	1	100	328.163	363.01
518	53.1088	1	686298	1	91.429	1	123.289	1	156.771	1	0	273.249	301.462
518	53.1088	1	686298	1	91.429	1	123.289	1	156.771	1	0.001	273.251	301.463
518	53.1088	1	686298	1	91.429	1	123.289	1	156.771	1	0.00316228	273.253	301.465
518	53.1088	1	686298	1	91.429	1	123.289	1	156.771	1	0.01	273.261	301.473
518	53.1088	1	686298	1	91.429	1	123.289	1	156.771	1	0.0316228	273.286	301.498
518	53.1088	1	686298	1	91.429	1	123.289	1	156.771	1	0.1	273.364	301.575
518	53.1088	1	686298	1	91.429	1	123.289	1	156.771	1	0.316228	273.61	301.821
518	53.1088	1	686298	1	91.429	1	123.289	1	156.771	1	1	274.384	302.592
518	53.1088	1	686298	1	91.429	1	123.289	1	156.771	1	3.16228	276.775	304.977
518	53.1088	1	686298	1	91.429	1	123.289	1	156.771	1	10	283.852	312.055
518	53.1088	1	686298	1	91.429	1	123.289	1	156.771	1	31.6228	303.379	331.818
518	53.1088	1	686298	1	91.429	1	123.289	1	156.771	1	100	348.102	379.915
519	22.3986	1	740365	1	82.2323	1	357.012	1	66.6208	1	0	273.249	301.462
519	22.3986	1	740365	1	82.2323	1	357.012	1	66.6208	1	0.001	273.25	301.462
519	22.3986	1	740365	1	82.2323	1	357.012	1	66.6208	1	0.00316228	273.253	301.464
519	22.3986	1	740365	1	82.2323	1	357.012	1	66.6208	1	0.01	273.26	301.47
519	22.3986	1	740365	1	82.2323	1	357.012	1	66.6208	1	0.0316228	273.283	301.489
519	22.3986	1	740365	1	82.2323	1	357.012	1	66.6208	1	0.1	273.356	301.548
519	22.3986	1	740365	1	82.2323	1	357.012	1	66.6208	1	0.316228	273.585	301.736
519	22.3986	1	740365	1	82.2323	1	357.012	1	66.6208	1	1	274.296	302.32
519	22.3986	1	740365	1	82.2323	1	357.012	1	66.6208	1	3.16228	276.417	304.104
519	22.3986	1	740365	1	82.2323	1	357.012	1	66.6208	1	10	282.358	309.303
519	22.3986	1	740365	1	82.2323	1	357.012	1	66.6208	1	31.6228	295.108	322.366
519	22.3986	1	740365	1	82.2323	1	357.012	1	66.6208	1	100	319.744	351.002
520	49.9601	1	1.45259e+06	1	82.7321	1	521.204	1	102.094	1	0	273.249	301.462
520	49.9601	1	1.45259e+06	1	82.7321	1	521.204	1	102.094	1	0.001	273.25	301.462
520	49.9601	1	1.45259e+06	1	82.7321	1	521.204	1	102.094	1	0.00316228	273.252	301.464
520	49.9601	1	1.45259e+06	1	82.7321	1	521.204	1	102.094	1	0.01	273.257	301.469
520	49.9601	1	1.45259e+06	1	82.7321	1	521.204	1	102.094	1	0.0316228	273.273	301.484
520	49.9601	1	1.45259e+06	1	82.7321	1	521.204	1	102.094	1	0.1	273.323	301.533
520	49.9601	1	1.45259e+06	1	82.7321	1	521.204	1	102.094	1	0.316228	273.481	301.686
520	49.9601	1	1.45259e+06	1	82.7321	1	521.204	1	102.094	1	1	273.975	302.167
520	49.9601	1	1.45259e+06	1	82.7321	1	521.204	1	102.094	1	3.16228	275.493	303.648
520	49.9601	1	1.45259e+06	1	82.7321	1	521.204	1	102.094	1	10	279.923	307.989
520	49.9601	1	1.45259e+06	1	82.7321	1	521.204	1	102.094	1	31.6228	291.13	319.264
520	49.9601	1	1.45259e+06	1	82.7321	1	521.204	1	102.094	1	100	312.593	343.616
521	41.4612	1	414769	1	87.5525	1	258.8	1	78.9129	1	0	273.249	301.462
521	41.4612	1	414769	1	87.5525	1	258.8	1	78.9129	1	0.001	273.25	301.462
521	41.4612	1	414769	1	87.5525	1	258.8	1	78.9129	1	0.00316228	273.252	301.464
521	41.4612	1	414769	1	87.5525	1	258.8	1	78.9129	1	0.01	273.258	301.47
521	41.4612	1	414769	1	87.5525	1	258.8	1	78.9129	1	0.0316228	273.278	301.489
521	41.4612	1	414769	1	87.5525	1	258.8	1	78.9129	1	0.1	273.34	301.547
521	41.4612	1	414769	1	87.5525	1	258.8	1	78.9129	1	0.316228	273.535	301.731
521	41.4612	1	414769	1	87.5525	1	258.8	1	78.9129	1	1	274.146	302.309
521	41.4612	1	414769	1	87.5525	1	258.8	1	78.9129	1	3.16228	276.024	304.096
521	41.4612	1	414769	1	87.5525	1	258.8	1	78.9129	1	10	281.543	309.396
521	41.4612	1	414769	1	87.5525	1	258.8	1	78.9129	1	31.6228	295.68	323.547
521	41.4612	1	414769	1	87.5525	1	258.8	1	78.9129	1	100	325.346	356.713
522	31.874	1	1.91768e+06	1	55.8216	1	221.773	1	48.4857	1	0	273.249	301.462
522	31.874	1	1.91768e+06	1	55.8216	1	221.773	1	48.4857	1	0.001	273.251	301.463
522	31.874	1	1.91768e+06	1	55.8216	1	221.773	1	48.4857	1	0.00316228	273.253	301.465
522	31.874	1	1.91768e+06	1	55.8216	1	221.773	1	48.4857	1	0.01	273.262	301.474
522	31.874	1	1.91768e+06	1	55.8216	1	221.773	1	48.4857	1	0.0316228	273.289	301.5
522	31.874	1	1.91768e+06	1	55.8216	1	221.773	1	48.4857	1	0.1	273.373	301.582
522	31.874	1	1.91768e+06	1	55.8216	1	221.773	1	48.4857	1	0.316228	273.639	301.84
522	31.874	1	1.91768e+06	1	55.8216	1	221.773	1	48.4857	1	1	274.469	302.647
522	31.874	1	1.91768e+06	1	55.8216	1	221.773	1	48.4857	1	3.16228	276.988	305.11
522	31.874	1	1.91768e+06	1	55.8216	1	221.773	1	48.4857	1	10	284.163	312.185
522	31.874	1	1.91768e+06	1	55.8216	1	221.773	1	48.4857	1	31.6228	300.984	329.796
522	31.874	1	1.91768e+06	1	55.8216	1	221.773	1	48.4857	1	100	334.45	367.673
523	39.421	1	1.47077e+06	1	112.322	1	335.948	1	103.66	1	0	273.249	301.462
523	39.421	1	1.47077e+06	1	112.322	1	335.948	1	103.66	1	0.001	273.25	301.462
523	39.421	1	1.47077e+06	1	112.322	1	335.948	1	103.66	1	0.00316228	273.252	301.464
523	39.421	1	1.47077e+06	1	112.322	1	335.948	1	103.66	1	0.01	273.257	301.468
523	39.421	1	1.47077e+06	1	112.322	1	335.948	1	103.66	1	0.0316228	273.274	301.483
523	39.421	1	1.47077e+06	1	112.322	1	335.948	1	103.66	1	0.1	273.327	301.53
523	39.421	1	1.47077e+06	1	112.322	1	335.948	1	103.66	1	0.316228	273.493	301.677
523	39.421	1	1.47077e+06	1	112.322	1	335.948	1	103.66	1	1	274.014	302.14
523	39.421	1	1.47077e+06	1	112.322	1	335.948	1	103.66	1	3.16228	275.612	303.575
523	39.421	1	1.47077e+06	1	112.322	1	335.948	1	103.66	1	10	280.313	307.87
523	39.421	1	1.47077e+06	1	112.322	1	335.948	1	103.66	1	31.6228	292.398	319.631
523	39.421	1	1.47077e+06	1	112.322	1	335.948	1	103.66	1	100	317.271	347.389
524	45.0134	1	1.68798e+06	1	126.679	1	463.856	1	73.7103	1	0	273.249	301.462
524	45.0134	1	1.68798e+06	1	126.679	1	463.856	1	73.7103	1	0.001	273.25	301.462
524	45.0134	1	1.68798e+06	1	126.679	1	463.856	1	73.7103	1	0.00316228	273.251	301.463
524	45.0134	1	1.68798e+06	1	126.679	1	463.856	1	73.7103	1	0.01	273.256	301.467
524	45.0134	1	1.68798e+06	1	126.679	1	463.856	1	73.7103	1	0.0316228	273.27	301.48
524	45.0134	1	1.68798e+06	1	126.679	1	463.856	1	73.7103	1	0.1	273.315	301.519
524	45.0134	1	1.68798e+06	1	126.679	1	463.856	1	73.7103	1	0.316228	273.456	301.643
524	45.0134	1	1.68798e+06	1	126.679	1	463.856	1	73.7103	1	1	273.897	302.034
524	45.0134	1	1.68798e+06	1	126.679	1	463.856	1	73.7103	1	3.16228	275.252	303.245
524	45.0134	1	1.68798e+06	1	126.679	1	463.856	1	73.7103	1	10	279.247	306.877
524	45.0134	1	1.68798e+06	1	126.679	1	463.856	1	73.7103	1	31.6228	289.528	316.799
524	45.0134	1	1.68798e+06	1	126.679	1	463.856	1	73.7103	1	100	310.065	339.905
525	48.1916	1	656952	1	176.538	1	401.885	1	90.8763	1	0	273.249	301.462
525	48.1916	1	656952	1	176.538	1	401.885	1	90.8763	1	0.001	273.25	301.462
525	48.1916	1	656952	1	176.538	1	401.885	1	90.8763	1	0.00316228	273.251	301.463
525	48.1916	1	656952	1	176.538	1	401.885	1	90.8763	1	0.01	273.255	301.467
525	48.1916	1	656952	1	176.538	1	401.885	1	90.8763	1	0.0316228	273.268	301.478
525	48.1916	1	656952	1	176.538	1	401.885	1	90.8763	1	0.1	273.309	301.512
525	48.1916	1	656952	1	176.538	1	401.885	1	90.8763	1	0.316228	273.436	301.621
525	48.1916	1	656952	1	176.538	1	401.885	1	90.8763	1	1	273.836	301.963
525	48.1916	1	656952	1	176.538	1	401.885	1	90.8763	1	3.16228	275.071	303.028
525	48.1916	1	656952	1	176.538	1	401.885	1	90.8763	1	10	278.742	306.267
525	48.1916	1	656952	1	176.538	1	401.885	1	90.8763	1	31.6228	288.521	315.396
525	48.1916	1	656952	1	176.538	1	401.885	1	90.8763	1	100	309.322	338.157
526	45.4585	1	162715	1	63.1483	1	174.445	1	122.846	1	0	273.249	301.462
526	45.4585	1	162715	1	63.1483	1	174.445	1	122.846	1	0.001	273.251	301.463
526	45.4585	1	162715	1	63.1483	1	174.445	1	122.846	1	0.00316228	273.253	301.465
526	45.4585	1	162715	1	63.1483	1	174.445	1	122.846	1	0.01	273.261	301.473
526	45.4585	1	162715	1	63.1483	1	174.445	1	122.846	1	0.0316228	273.286	301.498
526	45.4585	1	162715	1	63.1483	1	174.445	1	122.846	1	0.1	273.364	301.578
526	45.4585	1	162715	1	63.1483	1	174.445	1	122.846	1	0.316228	273.612	301.828
526	45.4585	1	162715	1	63.1483	1	174.445	1	122.846	1	1	274.387	302.612
526	45.4585	1	162715	1	63.1483	1	174.445	1	122.846	1	3.16228	276.768	305.024
526	45.4585	1	162715	1	63.1483	1	174.445	1	122.846	1	10	283.733	312.08
526	45.4585	1	162715	1	63.1483	1	174.445	1	122.846	1	31.6228	301.88	330.742
526	45.4585	1	162715	1	63.1483	1	174.445	1	122.846	1	100	340.19	373.004
527	38.6928	1	1.06095e+06	1	36.0266	1	532.793	1	89.8954	1	0	273.249	301.462
527	38.6928	1	1.06095e+06	1	36.0266	1	532.793	1	89.8954	1	0.001	273.251	301.463
527	38.6928	1	1.06095e+06	1	36.0266	1	532.793	1	89.8954	1	0.00316228	273.253	301.466
527	38.6928	1	1.06095e+06	1	36.0266	1	532.793	1	89.8954	1	0.01	273.262	301.475
527	38.6928	1	1.06095e+06	1	36.0266	1	532.793	1	89.8954	1	0.0316228	273.289	301.504
527	38.6928	1	1.06095e+06	1	36.0266	1	532.793	1	89.8954	1	0.1	273.376	301.597
527	38.6928	1	1.06095e+06	1	36.0266	1	532.793	1	89.8954	1	0.316228	273.647	301.888
527	38.6928	1	1.06095e+06	1	36.0266	1	532.793	1	89.8954	1	1	274.487	302.787
527	38.6928	1	1.06095e+06	1	36.0266	1	532.793	1	89.8954	1	3.16228	276.992	305.457
527	38.6928	1	1.06095e+06	1	36.0266	1	532.793	1	89.8954	1	10	283.811	312.697
527	38.6928	1	1.06095e+06	1	36.0266	1	532.793	1	89.8954	1	31.6228	298.343	328.256
527	38.6928	1	1.06095e+06	1	36.0266	1	532.793	1	89.8954	1	100	320.132	354.006
528	49.255	1	999996	1	202.831	1	569.89	1	43.1693	1	0	273.249	301.462
528	49.255	1	999996	1	202.831	1	569.89	1	43.1693	1	0.001	273.25	301.462
528	49.255	1	999996	1	202.831	1	569.89	1	43.1693	1	0.00316228	273.251	301.463
528	49.255	1	999996	1	202.831	1	569.89	1	43.1693	1	0.01	273.255	301.466
528	49.255	1	999996	1	202.831	1	569.89	1	43.1693	1	0.0316228	273.266	301.475
528	49.255	1	999996	1	202.831	1	569.89	1	43.1693	1	0.1	273.302	301.505
528	49.255	1	999996	1	202.831	1	569.89	1	43.1693	1	0.316228	273.416	301.599
528	49.255	1	999996	1	202.831	1	569.89	1	43.1693	1	1	273.772	301.895
528	49.255	1	999996	1	202.831	1	569.89	1	43.1693	1	3.16228	274.867	302.814
528	49.255	1	999996	1	202.831	1	569.89	1	43.1693	1	10	278.047	305.543
528	49.255	1	999996	1	202.831	1	569.89	1	43.1693	1	31.6228	286.133	313.003
528	49.255	1	999996	1	202.831	1	569.89	1	43.1693	1	100	302.388	331.374
529	41.5613	1	896712	1	56.2677	1	1037.7	1	77.5915	1	0	273.249	301.462
529	41.5613	1	896712	1	56.2677	1	1037.7	1	77.5915	1	0.001	273.25	301.462
529	41.5613	1	896712	1	56.2677	1	1037.7	1	77.5915	1	0.00316228	273.252	301.464
529	41.5613	1	896712	1	56.2677	1	1037.7	1	77.5915	1	0.01	273.258	301.47
529	41.5613	1	896712	1	56.2677	1	1037.7	1	77.5915	1	0.0316228	273.277	301.489
529	41.5613	1	896712	1	56.2677	1	1037.7	1	77.5915	1	0.1	273.337	301.55
529	41.5613	1	896712	1	56.2677	1	1037.7	1	77.5915	1	0.316228	273.526	301.74
529	41.5613	1	896712	1	56.2677	1	1037.7	1	77.5915	1	1	274.115	302.331
529	41.5613	1	896712	1	56.2677	1	1037.7	1	77.5915	1	3.16228	275.895	304.12
529	41.5613	1	896712	1	56.2677	1	1037.7	1	77.5915	1	10	280.892	309.154
529	41.5613	1	896712	1	56.2677	1	1037.7	1	77.5915	1	31.6228	292.203	320.893
529	41.5613	1	896712	1	56.2677	1	1037.7	1	77.5915	1	100	308.948	341.096
530	30.8112	1	124659	1	45.4151	1	271.237	1	78.4614	1	0	273.249	301.462
530	30.8112	1	124659	1	45.4151	1	271.237	1	78.4614	1	0.001	273.251	301.463
530	30.8112	1	124659	1	45.4151	1	271.237	1	78.4614	1	0.00316228	273.254	301.466
530	30.8112	1	124659	1	45.4151	1	271.237	1	78.4614	1	0.01	273.262	301.474
530	30.8112	1	124659	1	45.4151	1	271.237	1	78.4614	1	0.0316228	273.291	301.502
530	30.8112	1	124659	1	45.4151	1	271.237	1	78.4614	1	0.1	273.379	301.59
530	30.8112	1	124659	1	45.4151	1	271.237	1	78.4614	1	0.316228	273.658	301.868
530	30.8112	1	124659	1	45.4151	1	271.237	1	78.4614	1	1	274.527	302.731
530	30.8112	1	124659	1	45.4151	1	271.237	1	78.4614	1	3.16228	277.143	305.341
530	30.8112	1	124659	1	45.4151	1	271.237	1	78.4614	1	10	284.501	312.724
530	30.8112	1	124659	1	45.4151	1	271.237	1	78.4614	1	31.6228	301.202	330.259
530	30.8112	1	124659	1	45.4151	1	271.237	1	78.4614	1	100	331.336	364.981
531	35.2203	1	325103	1	48.9116	1	503.082	1	91.7908	1	0	273.249	301.462
531	35.2203	1	325103	1	48.9116	1	503.082	1	91.7908	1	0.001	273.251	301.463
531	35.2203	1	325103	1	48.9116	1	503.082	1	91.7908	1	0.00316228	273.253	301.465
531	35.2203	1	325103	1	48.9116	1	503.082	1	91.7908	1	0.01	273.26	301.472
531	35.2203	1	325103	1	48.9116	1	503.082	1	91.7908	1	0.0316228	273.284	301.496
531	35.2203	1	325103	1	48.9116	1	503.082	1	91.7908	1	0.1	273.357	301.569
531	35.2203	1	325103	1	48.9116	1	503.082	1	91.7908	1	0.316228	273.589	301.801
531	35.2203	1	325103	1	48.9116	1	503.082	1	91.7908	1	1	274.311	302.524
531	35.2203	1	325103	1	48.9116	1	503.082	1	91.7908	1	3.16228	276.485	304.703
531	35.2203	1	325103	1	48.9116	1	503.082	1	91.7908	1	10	282.578	310.836
531	35.2203	1	325103	1	48.9116	1	503.082	1	91.7908	1	31.6228	296.244	325.095
531	35.2203	1	325103	1	48.9116	1	503.082	1	91.7908	1	100	318.512	351.326
532	26.5718	1	785402	1	24.8405	1	729.857	1	70.7485	1	0	273.249	301.462
532	26.5718	1	785402	1	24.8405	1	729.857	1	70.7485	1	0.001	273.251	301.463
532	26.5718	1	785402	1	24.8405	1	729.857	1	70.7485	1	0.00316228	273.255	301.467
532	26.5718	1	785402	1	24.8405	1	729.857	1	70.7485	1	0.01	273.267	301.48
532	26.5718	1	785402	1	24.8405	1	729.857	1	70.7485	1	0.0316228	273.304	301.52
532	26.5718	1	785402	1	24.8405	1	729.857	1	70.7485	1	0.1	273.422	301.647
532	26.5718	1	785402	1	24.8405	1	729.857	1	70.7485	1	0.316228	273.791	302.043
532	26.5718	1	785402	1	24.8405	1	729.857	1	70.7485	1	1	274.925	303.256
532	26.5718	1	785402	1	24.8405	1	729.857	1	70.7485	1	3.16228	278.196	306.736
532	26.5718	1	785402	1	24.8405	1	729.857	1	70.7485	1	10	286.484	315.527
532	26.5718	1	785402	1	24.8405	1	729.857	1	70.7485	1	31.6228	301.271	331.905
532	26.5718	1	785402	1	24.8405	1	729.857	1	70.7485	1	100	319.063	353.956
533	29.7537	1	242268	1	83.2358	1	288.59	1	134.777	1	0	273.249	301.462
533	29.7537	1	242268	1	83.2358	1	288.59	1	134.777	1	0.001	273.25	301.462
533	29.7537	1	242268	1	83.2358	1	288.59	1	134.777	1	0.00316228	273.253	301.464
533	29.7537	1	242268	1	83.2358	1	288.59	1	134.777	1	0.01	273.259	301.47
533	29.7537	1	242268	1	83.2358	1	288.59	1	134.777	1	0.0316228	273.281	301.489
533	29.7537	1	242268	1	83.2358	1	288.59	1	134.777	1	0.1	273.348	301.548
533	29.7537	1	242268	1	83.2358	1	288.59	1	134.777	1	0.316228	273.56	301.735
533	29.7537	1	242268	1	83.2358	1	288.59	1	134.777	1	1	274.222	302.321
533	29.7537	1	242268	1	83.2358	1	288.59	1	134.777	1	3.16228	276.232	304.122
533	29.7537	1	242268	1	83.2358	1	288.59	1	134.777	1	10	282.019	309.421
533	29.7537	1	242268	1	83.2358	1	288.59	1	134.777	1	31.6228	296.064	323.375
533	29.7537	1	242268	1	83.2358	1	288.59	1	134.777	1	100	323.782	354.997
534	18.8463	1	385413	1	54.2127	1	105.692	1	164.016	1	0	273.249	301.462
534	18.8463	1	385413	1	54.2127	1	105.692	1	164.016	1	0.001	273.251	301.463
534	18.8463	1	385413	1	54.2127	1	105.692	1	164.016	1	0.00316228	273.255	301.467
534	18.8463	1	385413	1	54.2127	1	105.692	1	164.016	1	0.01	273.268	301.478
534	18.8463	1	385413	1	54.2127	1	105.692	1	164.016	1	0.0316228	273.307	301.514
534	18.8463	1	385413	1	54.2127	1	105.692	1	164.016	1	0.1	273.432	301.626
534	18.8463	1	385413	1	54.2127	1	105.692	1	164.016	1	0.316228	273.825	301.981
534	18.8463	1	385413	1	54.2127	1	105.692	1	164.016	1	1	275.045	303.089
534	18.8463	1	385413	1	54.2127	1	105.692	1	164.016	1	3.16228	278.711	306.463
534	18.8463	1	385413	1	54.2127	1	105.692	1	164.016	1	10	288.947	316.157
534	18.8463	1	385413	1	54.2127	1	105.692	1	164.016	1	31.6228	312.679	341.213
534	18.8463	1	385413	1	54.2127	1	105.692	1	164.016	1	100	362.565	396.835
535	46.7907	1	510545	1	61.2865	1	475.638	1	72.9329	1	0	273.249	301.462
535	46.7907	1	510545	1	61.2865	1	475.638	1	72.9329	1	0.001	273.25	301.462
535	46.7907	1	510545	1	61.2865	1	475.638	1	72.9329	1	0.00316228	273.252	301.464
535	46.7907	1	510545	1	61.2865	1	475.638	1	72.9329	1	0.01	273.258	301.471
535	46.7907	1	510545	1	61.2865	1	475.638	1	72.9329	1	0.0316228	273.278	301.49
535	46.7907	1	510545	1	61.2865	1	475.638	1	72.9329	1	0.1	273.339	301.552
535	46.7907	1	510545	1	61.2865	1	475.638	1	72.9329	1	0.316228	273.531	301.747
535	46.7907	1	510545	1	61.2865	1	475.638	1	72.9329	1	1	274.132	302.357
535	46.7907	1	510545	1	61.2865	1	475.638	1	72.9329	1	3.16228	275.964	304.217
535	46.7907	1	510545	1	61.2865	1	475.638	1	72.9329	1	10	281.222	309.555
535	46.7907	1	510545	1	61.2865	1	475.638	1	72.9329	1	31.6228	293.863	322.663
535	46.7907	1	510545	1	61.2865	1	475.638	1	72.9329	1	100	316.563	348.924
536	47.7494	1	804944	1	95.3284	1	257.598	1	76.941	1	0	273.249	301.462
536	47.7494	1	804944	1	95.3284	1	257.598	1	76.941	1	0.001	273.25	301.462
536	47.7494	1	804944	1	95.3284	1	257.598	1	76.941	1	0.00316228	273.252	301.464
536	47.7494	1	804944	1	95.3284	1	257.598	1	76.941	1	0.01	273.258	301.47
536	47.7494	1	804944	1	95.3284	1	257.598	1	76.941	1	0.0316228	273.276	301.487
536	47.7494	1	804944	1	95.3284	1	257.598	1	76.941	1	0.1	273.334	301.542
536	47.7494	1	804944	1	95.3284	1	257.598	1	76.941	1	0.316228	273.516	301.717
536	47.7494	1	804944	1	95.3284	1	257.598	1	76.941	1	1	274.088	302.265
536	47.7494	1	804944	1	95.3284	1	257.598	1	76.941	1	3.16228	275.852	303.963
536	47.7494	1	804944	1	95.3284	1	257.598	1	76.941	1	10	281.074	309.029
536	47.7494	1	804944	1	95.3284	1	257.598	1	76.941	1	31.6228	294.756	322.735
536	47.7494	1	804944	1	95.3284	1	257.598	1	76.941	1	100	324.233	355.44
537	30.0248	1	1.2374e+06	1	126.214	1	266.239	1	100.257	1	0	273.249	301.462
537	30.0248	1	1.2374e+06	1	126.214	1	266.239	1	100.257	1	0.001	273.25	301.462
537	30.0248	1	1.2374e+06	1	126.214	1	266.239	1	100.257	1	0.00316228	273.252	301.464
537	30.0248	1	1.2374e+06	1	126.214	1	266.239	1	100.257	1	0.01	273.258	301.469
537	30.0248	1	1.2374e+06	1	126.214	1	266.239	1	100.257	1	0.0316228	273.277	301.485
537	30.0248	1	1.2374e+06	1	126.214	1	266.239	1	100.257	1	0.1	273.338	301.535
537	30.0248	1	1.2374e+06	1	126.214	1	266.239	1	100.257	1	0.316228	273.528	301.692
537	30.0248	1	1.2374e+06	1	126.214	1	266.239	1	100.257	1	1	274.123	302.186
537	30.0248	1	1.2374e+06	1	126.214	1	266.239	1	100.257	1	3.16228	275.932	303.714
537	30.0248	1	1.2374e+06	1	126.214	1	266.239	1	100.257	1	10	281.177	308.291
537	30.0248	1	1.2374e+06	1	126.214	1	266.239	1	100.257	1	31.6228	294.098	320.778
537	30.0248	1	1.2374e+06	1	126.214	1	266.239	1	100.257	1	100	321.351	351.239
538	24.3151	1	1.50787e+06	1	65.8198	1	197.766	1	94.2167	1	0	273.249	301.462
538	24.3151	1	1.50787e+06	1	65.8198	1	197.766	1	94.2167	1	0.001	273.251	301.463
538	24.3151	1	1.50787e+06	1	65.8198	1	197.766	1	94.2167	1	0.00316228	273.253	301.465
538	24.3151	1	1.50787e+06	1	65.8198	1	197.766	1	94.2167	1	0.01	273.262	301.473
538	24.3151	1	1.50787e+06	1	65.8198	1	197.766	1	94.2167	1	0.0316228	273.29	301.498
538	24.3151	1	1.50787e+06	1	65.8198	1	197.766	1	94.2167	1	0.1	273.378	301.576
538	24.3151	1	1.50787e+06	1	65.8198	1	197.766	1	94.2167	1	0.316228	273.654	301.823
538	24.3151	1	1.50787e+06	1	65.8198	1	197.766	1	94.2167	1	1	274.513	302.596
538	24.3151	1	1.50787e+06	1	65.8198	1	197.766	1	94.2167	1	3.16228	277.105	304.959
538	24.3151	1	1.50787e+06	1	65.8198	1	197.766	1	94.2167	1	10	284.488	311.843
538	24.3151	1	1.50787e+06	1	65.8198	1	197.766	1	94.2167	1	31.6228	301.719	329.549
538	24.3151	1	1.50787e+06	1	65.8198	1	197.766	1	94.2167	1	100	336.49	369.082
539	69.7124	1	467613	1	67.5205	1	141.623	1	48.7598	1	0	273.249	301.462
539	69.7124	1	467613	1	67.5205	1	141.623	1	48.7598	1	0.001	273.251	301.463
539	69.7124	1	467613	1	67.5205	1	141.623	1	48.7598	1	0.00316228	273.253	301.465
539	69.7124	1	467613	1	67.5205	1	141.623	1	48.7598	1	0.01	273.261	301.474
539	69.7124	1	467613	1	67.5205	1	141.623	1	48.7598	1	0.0316228	273.286	301.5
539	69.7124	1	467613	1	67.5205	1	141.623	1	48.7598	1	0.1	273.365	301.584
539	69.7124	1	467613	1	67.5205	1	141.623	1	48.7598	1	0.316228	273.614	301.847
539	69.7124	1	467613	1	67.5205	1	141.623	1	48.7598	1	1	274.395	302.672
539	69.7124	1	467613	1	67.5205	1	141.623	1	48.7598	1	3.16228	276.805	305.217
539	69.7124	1	467613	1	67.5205	1	141.623	1	48.7598	1	10	283.856	312.645
539	69.7124	1	467613	1	67.5205	1	141.623	1	48.7598	1	31.6228	302.786	332.575
539	69.7124	1	467613	1	67.5205	1	141.623	1	48.7598	1	100	344.93	379.219
540	34.6009	1	1.33057e+06	1	61.6458	1	310.653	1	71.1227	1	0	273.249	301.462
540	34.6009	1	1.33057e+06	1	61.6458	1	310.653	1	71.1227	1	0.001	273.25	301.463
540	34.6009	1	1.33057e+06	1	61.6458	1	310.653	1	71.1227	1	0.00316228	273.253	301.465
540	34.6009	1	1.33057e+06	1	61.6458	1	310.653	1	71.1227	1	0.01	273.26	301.472
540	34.6009	1	1.33057e+06	1	61.6458	1	310.653	1	71.1227	1	0.0316228	273.283	301.494
540	34.6009	1	1.33057e+06	1	61.6458	1	310.653	1	71.1227	1	0.1	273.355	301.563
540	34.6009	1	1.33057e+06	1	61.6458	1	310.653	1	71.1227	1	0.316228	273.582	301.781
540	34.6009	1	1.33057e+06	1	61.6458	1	310.653	1	71.1227	1	1	274.29	302.463
540	34.6009	1	1.33057e+06	1	61.6458	1	310.653	1	71.1227	1	3.16228	276.441	304.548
540	34.6009	1	1.33057e+06	1	61.6458	1	310.653	1	71.1227	1	10	282.612	310.573
540	34.6009	1	1.33057e+06	1	61.6458	1	310.653	1	71.1227	1	31.6228	297.285	325.673
540	34.6009	1	1.33057e+06	1	61.6458	1	310.653	1	71.1227	1	100	324.998	357.416
541	38.1467	1	811154	1	27.1223	1	476.899	1	111.738	1	0	273.249	301.462
541	38.1467	1	811154	1	27.1223	1	476.899	1	111.738	1	0.001	273.251	301.463
541	38.1467	1	811154	1	27.1223	1	476.899	1	111.738	1	0.00316228	273.254	301.467
541	38.1467	1	811154	1	27.1223	1	476.899	1	111.738	1	0.01	273.265	301.479
541	38.1467	1	811154	1	27.1223	1	476.899	1	111.738	1	0.0316228	273.299	301.516
541	38.1467	1	811154	1	27.1223	1	476.899	1	111.738	1	0.1	273.405	301.635
541	38.1467	1	811154	1	27.1223	1	476.899	1	111.738	1	0.316228	273.737	302.005
541	38.1467	1	811154	1	27.1223	1	476.899	1	111.738	1	1	274.763	303.145
541	38.1467	1	811154	1	27.1223	1	476.899	1	111.738	1	3.16228	277.768	306.458
541	38.1467	1	811154	1	27.1223	1	476.899	1	111.738	1	10	285.596	315.024
541	38.1467	1	811154	1	27.1223	1	476.899	1	111.738	1	31.6228	301.473	332.261
541	38.1467	1	811154	1	27.1223	1	476.899	1	111.738	1	100	324.069	358.867
542	38.4486	1	440364	1	48.7462	1	348.931	1	77.4405	1	0	273.249	301.462
542	38.4486	1	440364	1	48.7462	1	348.931	1	77.4405	1	0.001	273.251	301.463
542	38.4486	1	440364	1	48.7462	1	348.931	1	77.4405	1	0.00316228	273.253	301.465
542	38.4486	1	440364	1	48.7462	1	348.931	1	77.4405	1	0.01	273.261	301.473
542	38.4486	1	440364	1	48.7462	1	348.931	1	77.4405	1	0.0316228	273.285	301.498
542	38.4486	1	440364	1	48.7462	1	348.931	1	77.4405	1	0.1	273.362	301.576
542	38.4486	1	440364	1	48.7462	1	348.931	1	77.4405	1	0.316228	273.604	301.823
542	38.4486	1	440364	1	48.7462	1	348.931	1	77.4405	1	1	274.357	302.591
542	38.4486	1	440364	1	48.7462	1	348.931	1	77.4405	1	3.16228	276.639	304.918
542	38.4486	1	440364	1	48.7462	1	348.931	1	77.4405	1	10	283.1	311.518
542	38.4486	1	440364	1	48.7462	1	348.931	1	77.4405	1	31.6228	298.11	327.234
542	38.4486	1	440364	1	48.7462	1	348.931	1	77.4405	1	100	324.721	357.937
543	53.9644	1	1.10922e+06	1	41.7579	1	227.969	1	114.039	1	0	273.249	301.462
543	53.9644	1	1.10922e+06	1	41.7579	1	227.969	1	114.039	1	0.001	273.251	301.463
543	53.9644	1	1.10922e+06	1	41.7579	1	227.969	1	114.039	1	0.00316228	273.253	301.466
543	53.9644	1	1.10922e+06	1	41.7579	1	227.969	1	114.039	1	0.01	273.262	301.475
543	53.9644	1	1.10922e+06	1	41.7579	1	227.969	1	114.039	1	0.0316228	273.289	301.505
543	53.9644	1	1.10922e+06	1	41.7579	1	227.969	1	114.039	1	0.1	273.375	301.599
543	53.9644	1	1.10922e+06	1	41.7579	1	227.969	1	114.039	1	0.316228	273.645	301.893
543	53.9644	1	1.10922e+06	1	41.7579	1	227.969	1	114.039	1	1	274.488	302.812
543	53.9644	1	1.10922e+06	1	41.7579	1	227.969	1	114.039	1	3.16228	277.046	305.587
543	53.9644	1	1.10922e+06	1	41.7579	1	227.969	1	114.039	1	10	284.311	313.426
543	53.9644	1	1.10922e+06	1	41.7579	1	227.969	1	114.039	1	31.6228	301.906	332.198
543	53.9644	1	1.10922e+06	1	41.7579	1	227.969	1	114.039	1	100	336.053	370.23
544	53.249	1	403116	1	60.0813	1	288.561	1	126.173	1	0	273.249	301.462
544	53.249	1	403116	1	60.0813	1	288.561	1	126.173	1	0.001	273.25	301.463
544	53.249	1	403116	1	60.0813	1	288.561	1	126.173	1	0.00316228	273.252	301.465
544	53.249	1	403116	1	60.0813	1	288.561	1	126.173	1	0.01	273.259	301.472
544	53.249	1	403116	1	60.0813	1	288.561	1	126.173	1	0.0316228	273.28	301.493
544	53.249	1	403116	1	60.0813	1	288.561	1	126.173	1	0.1	273.346	301.562
544	53.249	1	403116	1	60.0813	1	288.561	1	126.173	1	0.316228	273.555	301.779
544	53.249	1	403116	1	60.0813	1	288.561	1	126.173	1	1	274.209	302.458
544	53.249	1	403116	1	60.0813	1	288.561	1	126.173	1	3.16228	276.212	304.537
544	53.249	1	403116	1	60.0813	1	288.561	1	126.173	1	10	282.035	310.566
544	53.249	1	403116	1	60.0813	1	288.561	1	126.173	1	31.6228	296.836	325.961
544	53.249	1	403116	1	60.0813	1	288.561	1	126.173	1	100	326.463	358.958
545	42.5448	1	3.35851e+06	1	78.1552	1	275.082	1	106.665	1	0	273.249	301.462
545	42.5448	1	3.35851e+06	1	78.1552	1	275.082	1	106.665	1	0.001	273.25	301.462
545	42.5448	1	3.35851e+06	1	78.1552	1	275.082	1	106.665	1	0.00316228	273.252	301.464
545	42.5448	1	3.35851e+06	1	78.1552	1	275.082	1	106.665	1	0.01	273.259	301.47
545	42.5448	1	3.35851e+06	1	78.1552	1	275.082	1	106.665	1	0.0316228	273.278	301.49
545	42.5448	1	3.35851e+06	1	78.1552	1	275.082	1	106.665	1	0.1	273.341	301.55
545	42.5448	1	3.35851e+06	1	78.1552	1	275.082	1	106.665	1	0.316228	273.539	301.741
545	42.5448	1	3.35851e+06	1	78.1552	1	275.082	1	106.665	1	1	274.159	302.338
545	42.5448	1	3.35851e+06	1	78.1552	1	275.082	1	106.665	1	3.16228	276.062	304.181
545	42.5448	1	3.35851e+06	1	78.1552	1	275.082	1	106.665	1	10	281.636	309.61
545	42.5448	1	3.35851e+06	1	78.1552	1	275.082	1	106.665	1	31.6228	295.915	323.998
545	42.5448	1	3.35851e+06	1	78.1552	1	275.082	1	106.665	1	100	325.211	356.747
546	54.7653	1	812148	1	90.2386	1	326.348	1	57.5436	1	0	273.249	301.462
546	54.7653	1	812148	1	90.2386	1	326.348	1	57.5436	1	0.001	273.25	301.462
546	54.7653	1	812148	1	90.2386	1	326.348	1	57.5436	1	0.00316228	273.252	301.464
546	54.7653	1	812148	1	90.2386	1	326.348	1	57.5436	1	0.01	273.257	301.469
546	54.7653	1	812148	1	90.2386	1	326.348	1	57.5436	1	0.0316228	273.274	301.486
546	54.7653	1	812148	1	90.2386	1	326.348	1	57.5436	1	0.1	273.327	301.538
546	54.7653	1	812148	1	90.2386	1	326.348	1	57.5436	1	0.316228	273.496	301.704
546	54.7653	1	812148	1	90.2386	1	326.348	1	57.5436	1	1	274.024	302.224
546	54.7653	1	812148	1	90.2386	1	326.348	1	57.5436	1	3.16228	275.651	303.832
546	54.7653	1	812148	1	90.2386	1	326.348	1	57.5436	1	10	280.44	308.582
546	54.7653	1	812148	1	90.2386	1	326.348	1	57.5436	1	31.6228	292.878	321.191
546	54.7653	1	812148	1	90.2386	1	326.348	1	57.5436	1	100	318.769	350.459
547	35.2784	1	641148	1	30.9304	1	386.067	1	87.7909	1	0	273.249	301.462
547	35.2784	1	641148	1	30.9304	1	386.067	1	87.7909	1	0.001	273.251	301.463
547	35.2784	1	641148	1	30.9304	1	386.067	1	87.7909	1	0.00316228	273.254	301.467
547	35.2784	1	641148	1	30.9304	1	386.067	1	87.7909	1	0.01	273.264	301.478
547	35.2784	1	641148	1	30.9304	1	386.067	1	87.7909	1	0.0316228	273.296	301.512
547	35.2784	1	641148	1	30.9304	1	386.067	1	87.7909	1	0.1	273.397	301.622
547	35.2784	1	641148	1	30.9304	1	386.067	1	87.7909	1	0.316228	273.715	301.965
547	35.2784	1	641148	1	30.9304	1	386.067	1	87.7909	1	1	274.697	303.024
547	35.2784	1	641148	1	30.9304	1	386.067	1	87.7909	1	3.16228	277.603	306.142
547	35.2784	1	641148	1	30.9304	1	386.067	1	87.7909	1	10	285.412	314.471
547	35.2784	1	641148	1	30.9304	1	386.067	1	87.7909	1	31.6228	301.71	332.032
547	35.2784	1	641148	1	30.9304	1	386.067	1	87.7909	1	100	326.828	361.455
548	57.9969	1	2.26269e+06	1	69.5166	1	352.287	1	87.4084	1	0	273.249	301.462
548	57.9969	1	2.26269e+06	1	69.5166	1	352.287	1	87.4084	1	0.001	273.25	301.462
548	57.9969	1	2.26269e+06	1	69.5166	1	352.287	1	87.4084	1	0.00316228	273.252	301.464
548	57.9969	1	2.26269e+06	1	69.5166	1	352.287	1	87.4084	1	0.01	273.258	301.47
548	57.9969	1	2.26269e+06	1	69.5166	1	352.287	1	87.4084	1	0.0316228	273.276	301.489
548	57.9969	1	2.26269e+06	1	69.5166	1	352.287	1	87.4084	1	0.1	273.334	301.548
548	57.9969	1	2.26269e+06	1	69.5166	1	352.287	1	87.4084	1	0.316228	273.516	301.736
548	57.9969	1	2.26269e+06	1	69.5166	1	352.287	1	87.4084	1	1	274.085	302.323
548	57.9969	1	2.26269e+06	1	69.5166	1	352.287	1	87.4084	1	3.16228	275.836	304.127
548	57.9969	1	2.26269e+06	1	69.5166	1	352.287	1	87.4084	1	10	280.945	309.378
548	57.9969	1	2.26269e+06	1	69.5166	1	352.287	1	87.4084	1	31.6228	294.041	322.959
548	57.9969	1	2.26269e+06	1	69.5166	1	352.287	1	87.4084	1	100	320.273	352.477
549	36.1858	1	996936	1	88.6139	1	255.346	1	60.8667	1	0	273.249	301.462
549	36.1858	1	996936	1	88.6139	1	255.346	1	60.8667	1	0.001	273.25	301.462
549	36.1858	1	996936	1	88.6139	1	255.346	1	60.8667	1	0.00316228	273.252	301.464
549	36.1858	1	996936	1	88.6139	1	255.346	1	60.8667	1	0.01	273.259	301.47
549	36.1858	1	996936	1	88.6139	1	255.346	1	60.8667	1	0.0316228	273.279	301.489
549	36.1858	1	996936	1	88.6139	1	255.346	1	60.8667	1	0.1	273.344	301.549
549	36.1858	1	996936	1	88.6139	1	255.346	1	60.8667	1	0.316228	273.548	301.736
549	36.1858	1	996936	1	88.6139	1	255.346	1	60.8667	1	1	274.187	302.325
549	36.1858	1	996936	1	88.6139	1	255.346	1	60.8667	1	3.16228	276.142	304.142
549	36.1858	1	996936	1	88.6139	1	255.346	1	60.8667	1	10	281.84	309.513
549	36.1858	1	996936	1	88.6139	1	255.346	1	60.8667	1	31.6228	296.015	323.741
549	36.1858	1	996936	1	88.6139	1	255.346	1	60.8667	1	100	325.706	357.067
550	28.3201	1	1.46647e+06	1	41.5394	1	233.944	1	101.977	1	0	273.249	301.462
550	28.3201	1	1.46647e+06	1	41.5394	1	233.944	1	101.977	1	0.001	273.251	301.463
550	28.3201	1	1.46647e+06	1	41.5394	1	233.944	1	101.977	1	0.00316228	273.254	301.466
550	28.3201	1	1.46647e+06	1	41.5394	1	233.944	1	101.977	1	0.01	273.264	301.476
550	28.3201	1	1.46647e+06	1	41.5394	1	233.944	1	101.977	1	0.0316228	273.295	301.507
550	28.3201	1	1.46647e+06	1	41.5394	1	233.944	1	101.977	1	0.1	273.392	301.604
550	28.3201	1	1.46647e+06	1	41.5394	1	233.944	1	101.977	1	0.316228	273.7	301.909
550	28.3201	1	1.46647e+06	1	41.5394	1	233.944	1	101.977	1	1	274.655	302.86
550	28.3201	1	1.46647e+06	1	41.5394	1	233.944	1	101.977	1	3.16228	277.523	305.723
550	28.3201	1	1.46647e+06	1	41.5394	1	233.944	1	101.977	1	10	285.546	313.781
550	28.3201	1	1.46647e+06	1	41.5394	1	233.944	1	101.977	1	31.6228	303.579	332.752
550	28.3201	1	1.46647e+06	1	41.5394	1	233.944	1	101.977	1	100	336.222	370.332
551	37.0118	1	619580	1	33.1391	1	459.161	1	126.197	1	0	273.249	301.462
551	37.0118	1	619580	1	33.1391	1	459.161	1	126.197	1	0.001	273.251	301.463
551	37.0118	1	619580	1	33.1391	1	459.161	1	126.197	1	0.00316228	273.254	301.466
551	37.0118	1	619580	1	33.1391	1	459.161	1	126.197	1	0.01	273.263	301.476
551	37.0118	1	619580	1	33.1391	1	459.161	1	126.197	1	0.0316228	273.293	301.508
551	37.0118	1	619580	1	33.1391	1	459.161	1	126.197	1	0.1	273.386	301.609
551	37.0118	1	619580	1	33.1391	1	459.161	1	126.197	1	0.316228	273.679	301.924
551	37.0118	1	619580	1	33.1391	1	459.161	1	126.197	1	1	274.586	302.901
551	37.0118	1	619580	1	33.1391	1	459.161	1	126.197	1	3.16228	277.281	305.785
551	37.0118	1	619580	1	33.1391	1	459.161	1	126.197	1	10	284.564	313.538
551	37.0118	1	619580	1	33.1391	1	459.161	1	126.197	1	31.6228	299.978	330.032
551	37.0118	1	619580	1	33.1391	1	459.161	1	126.197	1	100	323.227	357.371
552	50.9651	1	1.75544e+06	1	67.0944	1	553.811	1	118.44	1	0	273.249	301.462
552	50.9651	1	1.75544e+06	1	67.0944	1	553.811	1	118.44	1	0.001	273.25	301.462
552	50.9651	1	1.75544e+06	1	67.0944	1	553.811	1	118.44	1	0.00316228	273.252	301.464
552	50.9651	1	1.75544e+06	1	67.0944	1	553.811	1	118.44	1	0.01	273.257	301.47
552	50.9651	1	1.75544e+06	1	67.0944	1	553.811	1	118.44	1	0.0316228	273.275	301.487
552	50.9651	1	1.75544e+06	1	67.0944	1	553.811	1	118.44	1	0.1	273.33	301.543
552	50.9651	1	1.75544e+06	1	67.0944	1	553.811	1	118.44	1	0.316228	273.503	301.718
552	50.9651	1	1.75544e+06	1	67.0944	1	553.811	1	118.44	1	1	274.043	302.265
552	50.9651	1	1.75544e+06	1	67.0944	1	553.811	1	118.44	1	3.16228	275.697	303.939
552	50.9651	1	1.75544e+06	1	67.0944	1	553.811	1	118.44	1	10	280.468	308.764
552	50.9651	1	1.75544e+06	1	67.0944	1	553.811	1	118.44	1	31.6228	292.289	320.911
552	50.9651	1	1.75544e+06	1	67.0944	1	553.811	1	118.44	1	100	313.84	345.488
553	44.2484	1	670300	1	34.3771	1	445.22	1	112.159	1	0	273.249	301.462
553	44.2484	1	670300	1	34.3771	1	445.22	1	112.159	1	0.001	273.251	301.463
553	44.2484	1	670300	1	34.3771	1	445.22	1	112.159	1	0.00316228	273.254	301.466
553	44.2484	1	670300	1	34.3771	1	445.22	1	112.159	1	0.01	273.262	301.476
553	44.2484	1	670300	1	34.3771	1	445.22	1	112.159	1	0.0316228	273.29	301.507
553	44.2484	1	670300	1	34.3771	1	445.22	1	112.159	1	0.1	273.379	301.604
553	44.2484	1	670300	1	34.3771	1	445.22	1	112.159	1	0.316228	273.656	301.909
553	44.2484	1	670300	1	34.3771	1	445.22	1	112.159	1	1	274.517	302.853
553	44.2484	1	670300	1	34.3771	1	445.22	1	112.159	1	3.16228	277.083	305.653
553	44.2484	1	670300	1	34.3771	1	445.22	1	112.159	1	10	284.074	313.227
553	44.2484	1	670300	1	34.3771	1	445.22	1	112.159	1	31.6228	299.266	329.574
553	44.2484	1	670300	1	34.3771	1	445.22	1	112.159	1	100	323.212	357.282
554	45.1856	1	835231	1	53.4617	1	562.568	1	72.0933	1	0	273.249	301.462
554	45.1856	1	835231	1	53.4617	1	562.568	1	72.0933	1	0.001	273.25	301.463
554	45.1856	1	835231	1	53.4617	1	562.568	1	72.0933	1	0.00316228	273.252	301.465
554	45.1856	1	835231	1	53.4617	1	562.568	1	72.0933	1	0.01	273.259	301.471
554	45.1856	1	835231	1	53.4617	1	562.568	1	72.0933	1	0.0316228	273.279	301.493
554	45.1856	1	835231	1	53.4617	1	562.568	1	72.0933	1	0.1	273.344	301.559
554	45.1856	1	835231	1	53.4617	1	562.568	1	72.0933	1	0.316228	273.548	301.77
554	45.1856	1	835231	1	53.4617	1	562.568	1	72.0933	1	1	274.185	302.427
554	45.1856	1	835231	1	53.4617	1	562.568	1	72.0933	1	3.16228	276.116	304.416
554	45.1856	1	835231	1	53.4617	1	562.568	1	72.0933	1	10	281.584	310.049
554	45.1856	1	835231	1	53.4617	1	562.568	1	72.0933	1	31.6228	294.282	323.351
554	45.1856	1	835231	1	53.4617	1	562.568	1	72.0933	1	100	315.499	348.224
555	56.1012	1	609534	1	47.927	1	385.598	1	87.1267	1	0	273.249	301.462
555	56.1012	1	609534	1	47.927	1	385.598	1	87.1267	1	0.001	273.25	301.463
555	56.1012	1	609534	1	47.927	1	385.598	1	87.1267	1	0.00316228	273.253	301.465
555	56.1012	1	609534	1	47.927	1	385.598	1	87.1267	1	0.01	273.26	301.473
555	56.1012	1	609534	1	47.927	1	385.598	1	87.1267	1	0.0316228	273.282	301.497
555	56.1012	1	609534	1	47.927	1	385.598	1	87.1267	1	0.1	273.352	301.573
555	56.1012	1	609534	1	47.927	1	385.598	1	87.1267	1	0.316228	273.573	301.812
555	56.1012	1	609534	1	47.927	1	385.598	1	87.1267	1	1	274.261	302.556
555	56.1012	1	609534	1	47.927	1	385.598	1	87.1267	1	3.16228	276.354	304.811
555	56.1012	1	609534	1	47.927	1	385.598	1	87.1267	1	10	282.294	311.185
555	56.1012	1	609534	1	47.927	1	385.598	1	87.1267	1	31.6228	296.491	326.326
555	56.1012	1	609534	1	47.927	1	385.598	1	87.1267	1	100	322.188	355.631
556	43.9066	1	1.86876e+06	1	67.4862	1	369.912	1	46.5089	1	0	273.249	301.462
556	43.9066	1	1.86876e+06	1	67.4862	1	369.912	1	46.5089	1	0.001	273.25	301.462
556	43.9066	1	1.86876e+06	1	67.4862	1	369.912	1	46.5089	1	0.00316228	273.252	301.464
556	43.9066	1	1.86876e+06	1	67.4862	1	369.912	1	46.5089	1	0.01	273.259	301.471
556	43.9066	1	1.86876e+06	1	67.4862	1	369.912	1	46.5089	1	0.0316228	273.279	301.49
556	43.9066	1	1.86876e+06	1	67.4862	1	369.912	1	46.5089	1	0.1	273.341	301.553
556	43.9066	1	1.86876e+06	1	67.4862	1	369.912	1	46.5089	1	0.316228	273.539	301.749
556	43.9066	1	1.86876e+06	1	67.4862	1	369.912	1	46.5089	1	1	274.158	302.362
556	43.9066	1	1.86876e+06	1	67.4862	1	369.912	1	46.5089	1	3.16228	276.049	304.241
556	43.9066	1	1.86876e+06	1	67.4862	1	369.912	1	46.5089	1	10	281.47	309.643
556	43.9066	1	1.86876e+06	1	67.4862	1	369.912	1	46.5089	1	31.6228	294.61	323.247
556	43.9066	1	1.86876e+06	1	67.4862	1	369.912	1	46.5089	1	100	319.637	352.144
557	55.3963	1	1.36399e+06	1	58.6444	1	373.892	1	96.4369	1	0	273.249	301.462
557	55.3963	1	1.36399e+06	1	58.6444	1	373.892	1	96.4369	1	0.001	273.25	301.463
557	55.3963	1	1.36399e+06	1	58.6444	1	373.892	1	96.4369	1	0.00316228	273.252	301.465
557	55.3963	1	1.36399e+06	1	58.6444	1	373.892	1	96.4369	1	0.01	273.259	301.471
557	55.3963	1	1.36399e+06	1	58.6444	1	373.892	1	96.4369	1	0.0316228	273.278	301.492
557	55.3963	1	1.36399e+06	1	58.6444	1	373.892	1	96.4369	1	0.1	273.341	301.558
557	55.3963	1	1.36399e+06	1	58.6444	1	373.892	1	96.4369	1	0.316228	273.539	301.765
557	55.3963	1	1.36399e+06	1	58.6444	1	373.892	1	96.4369	1	1	274.158	302.414
557	55.3963	1	1.36399e+06	1	58.6444	1	373.892	1	96.4369	1	3.16228	276.05	304.396
557	55.3963	1	1.36399e+06	1	58.6444	1	373.892	1	96.4369	1	10	281.512	310.101
557	55.3963	1	1.36399e+06	1	58.6444	1	373.892	1	96.4369	1	31.6228	295.098	324.335
557	55.3963	1	1.36399e+06	1	58.6444	1	373.892	1	96.4369	1	100	321.035	353.649
558	35.0966	1	1.09137e+06	1	53.8991	1	431.134	1	75.9553	1	0	273.249	301.462
558	35.0966	1	1.09137e+06	1	53.8991	1	431.134	1	75.9553	1	0.001	273.25	301.463
558	35.0966	1	1.09137e+06	1	53.8991	1	431.134	1	75.9553	1	0.00316228	273.253	301.465
558	35.0966	1	1.09137e+06	1	53.8991	1	431.134	1	75.9553	1	0.01	273.26	301.472
558	35.0966	1	1.09137e+06	1	53.8991	1	431.134	1	75.9553	1	0.0316228	273.283	301.494
558	35.0966	1	1.09137e+06	1	53.8991	1	431.134	1	75.9553	1	0.1	273.355	301.565
558	35.0966	1	1.09137e+06	1	53.8991	1	431.134	1	75.9553	1	0.316228	273.581	301.787
558	35.0966	1	1.09137e+06	1	53.8991	1	431.134	1	75.9553	1	1	274.285	302.481
558	35.0966	1	1.09137e+06	1	53.8991	1	431.134	1	75.9553	1	3.16228	276.415	304.585
558	35.0966	1	1.09137e+06	1	53.8991	1	431.134	1	75.9553	1	10	282.44	310.571
558	35.0966	1	1.09137e+06	1	53.8991	1	431.134	1	75.9553	1	31.6228	296.209	324.872
558	35.0966	1	1.09137e+06	1	53.8991	1	431.134	1	75.9553	1	100	319.955	352.59
559	42.6468	1	599592	1	41.9606	1	316.541	1	96.9791	1	0	273.249	301.462
559	42.6468	1	599592	1	41.9606	1	316.541	1	96.9791	1	0.001	273.251	301.463
559	42.6468	1	599592	1	41.9606	1	316.541	1	96.9791	1	0.00316228	273.253	301.466
559	42.6468	1	599592	1	41.9606	1	316.541	1	96.9791	1	0.01	273.262	301.474
559	42.6468	1	599592	1	41.9606	1	316.541	1	96.9791	1	0.0316228	273.288	301.502
559	42.6468	1	599592	1	41.9606	1	316.541	1	96.9791	1	0.1	273.371	301.59
559	42.6468	1	599592	1	41.9606	1	316.541	1	96.9791	1	0.316228	273.632	301.867
559	42.6468	1	599592	1	41.9606	1	316.541	1	96.9791	1	1	274.445	302.729
559	42.6468	1	599592	1	41.9606	1	316.541	1	96.9791	1	3.16228	276.901	305.324
559	42.6468	1	599592	1	41.9606	1	316.541	1	96.9791	1	10	283.803	312.594
559	42.6468	1	599592	1	41.9606	1	316.541	1	96.9791	1	31.6228	299.825	329.54
559	42.6468	1	599592	1	41.9606	1	316.541	1	96.9791	1	100	328.136	361.872
560	32.5227	1	925539	1	66.72	1	763.126	1	85.1307	1	0	273.249	301.462
560	32.5227	1	925539	1	66.72	1	763.126	1	85.1307	1	0.001	273.25	301.462
560	32.5227	1	925539	1	66.72	1	763.126	1	85.1307	1	0.00316228	273.252	301.464
560	32.5227	1	925539	1	66.72	1	763.126	1	85.1307	1	0.01	273.258	301.47
560	32.5227	1	925539	1	66.72	1	763.126	1	85.1307	1	0.0316228	273.278	301.487
560	32.5227	1	925539	1	66.72	1	763.126	1	85.1307	1	0.1	273.338	301.543
560	32.5227	1	925539	1	66.72	1	763.126	1	85.1307	1	0.316228	273.53	301.719
560	32.5227	1	925539	1	66.72	1	763.126	1	85.1307	1	1	274.126	302.268
560	32.5227	1	925539	1	66.72	1	763.126	1	85.1307	1	3.16228	275.924	303.939
560	32.5227	1	925539	1	66.72	1	763.126	1	85.1307	1	10	280.99	308.704
560	32.5227	1	925539	1	66.72	1	763.126	1	85.1307	1	31.6228	292.42	320.306
560	32.5227	1	925539	1	66.72	1	763.126	1	85.1307	1	100	310.628	342.108
561	45.6776	1	930495	1	82.1497	1	394.61	1	68.8173	1	0	273.249	301.462
561	45.6776	1	930495	1	82.1497	1	394.61	1	68.8173	1	0.001	273.25	301.462
561	45.6776	1	930495	1	82.1497	1	394.61	1	68.8173	1	0.00316228	273.252	301.464
561	45.6776	1	930495	1	82.1497	1	394.61	1	68.8173	1	0.01	273.258	301.469
561	45.6776	1	930495	1	82.1497	1	394.61	1	68.8173	1	0.0316228	273.275	301.486
561	45.6776	1	930495	1	82.1497	1	394.61	1	68.8173	1	0.1	273.33	301.539
561	45.6776	1	930495	1	82.1497	1	394.61	1	68.8173	1	0.316228	273.504	301.707
561	45.6776	1	930495	1	82.1497	1	394.61	1	68.8173	1	1	274.049	302.232
561	45.6776	1	930495	1	82.1497	1	394.61	1	68.8173	1	3.16228	275.721	303.85
561	45.6776	1	930495	1	82.1497	1	394.61	1	68.8173	1	10	280.603	308.602
561	45.6776	1	930495	1	82.1497	1	394.61	1	68.8173	1	31.6228	292.836	320.947
561	45.6776	1	930495	1	82.1497	1	394.61	1	68.8173	1	100	316.814	348.277
562	60.1596	1	1.56631e+06	1	44.503	1	196.493	1	51.8483	1	0	273.249	301.462
562	60.1596	1	1.56631e+06	1	44.503	1	196.493	1	51.8483	1	0.001	273.251	301.463
562	60.1596	1	1.56631e+06	1	44.503	1	196.493	1	51.8483	1	0.00316228	273.253	301.466
562	60.1596	1	1.56631e+06	1	44.503	1	196.493	1	51.8483	1	0.01	273.262	301.475
562	60.1596	1	1.56631e+06	1	44.503	1	196.493	1	51.8483	1	0.0316228	273.289	301.505
562	60.1596	1	1.56631e+06	1	44.503	1	196.493	1	51.8483	1	0.1	273.375	301.599
562	60.1596	1	1.56631e+06	1	44.503	1	196.493	1	51.8483	1	0.316228	273.646	301.896
562	60.1596	1	1.56631e+06	1	44.503	1	196.493	1	51.8483	1	1	274.493	302.821
562	60.1596	1	1.56631e+06	1	44.503	1	196.493	1	51.8483	1	3.16228	277.072	305.629
562	60.1596	1	1.56631e+06	1	44.503	1	196.493	1	51.8483	1	10	284.422	313.597
562	60.1596	1	1.56631e+06	1	44.503	1	196.493	1	51.8483	1	31.6228	302.539	333.065
562	60.1596	1	1.56631e+06	1	44.503	1	196.493	1	51.8483	1	100	338.662	373.818
563	23.0232	1	1.04008e+06	1	44.1455	1	191.106	1	56.7386	1	0	273.249	301.462
563	23.0232	1	1.04008e+06	1	44.1455	1	191.106	1	56.7386	1	0.001	273.251	301.463
563	23.0232	1	1.04008e+06	1	44.1455	1	191.106	1	56.7386	1	0.00316228	273.254	301.466
563	23.0232	1	1.04008e+06	1	44.1455	1	191.106	1	56.7386	1	0.01	273.265	301.476
563	23.0232	1	1.04008e+06	1	44.1455	1	191.106	1	56.7386	1	0.0316228	273.299	301.508
563	23.0232	1	1.04008e+06	1	44.1455	1	191.106	1	56.7386	1	0.1	273.405	301.609
563	23.0232	1	1.04008e+06	1	44.1455	1	191.106	1	56.7386	1	0.316228	273.739	301.927
563	23.0232	1	1.04008e+06	1	44.1455	1	191.106	1	56.7386	1	1	274.776	302.917
563	23.0232	1	1.04008e+06	1	44.1455	1	191.106	1	56.7386	1	3.16228	277.881	305.903
563	23.0232	1	1.04008e+06	1	44.1455	1	191.106	1	56.7386	1	10	286.536	314.367
563	23.0232	1	1.04008e+06	1	44.1455	1	191.106	1	56.7386	1	31.6228	305.45	334.586
563	23.0232	1	1.04008e+06	1	44.1455	1	191.106	1	56.7386	1	100	341.854	376.16
564	46.0345	1	1.56865e+06	1	93.4555	1	228.902	1	77.7779	1	0	273.249	301.462
564	46.0345	1	1.56865e+06	1	93.4555	1	228.902	1	77.7779	1	0.001	273.25	301.462
564	46.0345	1	1.56865e+06	1	93.4555	1	228.902	1	77.7779	1	0.00316228	273.252	301.464
564	46.0345	1	1.56865e+06	1	93.4555	1	228.902	1	77.7779	1	0.01	273.258	301.47
564	46.0345	1	1.56865e+06	1	93.4555	1	228.902	1	77.7779	1	0.0316228	273.278	301.489
564	46.0345	1	1.56865e+06	1	93.4555	1	228.902	1	77.7779	1	0.1	273.339	301.547
564	46.0345	1	1.56865e+06	1	93.4555	1	228.902	1	77.7779	1	0.316228	273.532	301.732
564	46.0345	1	1.56865e+06	1	93.4555	1	228.902	1	77.7779	1	1	274.139	302.313
564	46.0345	1	1.56865e+06	1	93.4555	1	228.902	1	77.7779	1	3.16228	276.008	304.113
564	46.0345	1	1.56865e+06	1	93.4555	1	228.902	1	77.7779	1	10	281.538	309.479
564	46.0345	1	1.56865e+06	1	93.4555	1	228.902	1	77.7779	1	31.6228	296.007	323.969
564	46.0345	1	1.56865e+06	1	93.4555	1	228.902	1	77.7779	1	100	327.517	358.844
565	50.6779	1	764214	1	59.3979	1	284.203	1	94.3901	1	0	273.249	301.462
565	50.6779	1	764214	1	59.3979	1	284.203	1	94.3901	1	0.001	273.25	301.463
565	50.6779	1	764214	1	59.3979	1	284.203	1	94.3901	1	0.00316228	273.253	301.465
565	50.6779	1	764214	1	59.3979	1	284.203	1	94.3901	1	0.01	273.259	301.472
565	50.6779	1	764214	1	59.3979	1	284.203	1	94.3901	1	0.0316228	273.281	301.494
565	50.6779	1	764214	1	59.3979	1	284.203	1	94.3901	1	0.1	273.349	301.564
565	50.6779	1	764214	1	59.3979	1	284.203	1	94.3901	1	0.316228	273.563	301.785
565	50.6779	1	764214	1	59.3979	1	284.203	1	94.3901	1	1	274.232	302.477
565	50.6779	1	764214	1	59.3979	1	284.203	1	94.3901	1	3.16228	276.282	304.595
565	50.6779	1	764214	1	59.3979	1	284.203	1	94.3901	1	10	282.229	310.729
565	50.6779	1	764214	1	59.3979	1	284.203	1	94.3901	1	31.6228	297.205	326.307
565	50.6779	1	764214	1	59.3979	1	284.203	1	94.3901	1	100	326.861	359.572
566	32.5823	1	1.44981e+06	1	49.7194	1	320	1	96.2725	1	0	273.249	301.462
566	32.5823	1	1.44981e+06	1	49.7194	1	320	1	96.2725	1	0.001	273.251	301.463
566	32.5823	1	1.44981e+06	1	49.7194	1	320	1	96.2725	1	0.00316228	273.253	301.465
566	32.5823	1	1.44981e+06	1	49.7194	1	320	1	96.2725	1	0.01	273.261	301.473
566	32.5823	1	1.44981e+06	1	49.7194	1	320	1	96.2725	1	0.0316228	273.287	301.498
566	32.5823	1	1.44981e+06	1	49.7194	1	320	1	96.2725	1	0.1	273.367	301.578
566	32.5823	1	1.44981e+06	1	49.7194	1	320	1	96.2725	1	0.316228	273.62	301.827
566	32.5823	1	1.44981e+06	1	49.7194	1	320	1	96.2725	1	1	274.409	302.606
566	32.5823	1	1.44981e+06	1	49.7194	1	320	1	96.2725	1	3.16228	276.791	304.964
566	32.5823	1	1.44981e+06	1	49.7194	1	320	1	96.2725	1	10	283.523	311.674
566	32.5823	1	1.44981e+06	1	49.7194	1	320	1	96.2725	1	31.6228	299.052	327.812
566	32.5823	1	1.44981e+06	1	49.7194	1	320	1	96.2725	1	100	326.64	359.738
567	67.215	1	4.08062e+06	1	186.007	1	158.365	1	79.5731	1	0	273.249	301.462
567	67.215	1	4.08062e+06	1	186.007	1	158.365	1	79.5731	1	0.001	273.25	301.462
567	67.215	1	4.08062e+06	1	186.007	1	158.365	1	79.5731	1	0.00316228	273.252	301.464
567	67.215	1	4.08062e+06	1	186.007	1	158.365	1	79.5731	1	0.01	273.258	301.469
567	67.215	1	4.08062e+06	1	186.007	1	158.365	1	79.5731	1	0.0316228	273.275	301.486
567	67.215	1	4.08062e+06	1	186.007	1	158.365	1	79.5731	1	0.1	273.33	301.539
567	67.215	1	4.08062e+06	1	186.007	1	158.365	1	79.5731	1	0.316228	273.505	301.706
567	67.215	1	4.08062e+06	1	186.007	1	158.365	1	79.5731	1	1	274.054	302.232
567	67.215	1	4.08062e+06	1	186.007	1	158.365	1	79.5731	1	3.16228	275.76	303.871
567	67.215	1	4.08062e+06	1	186.007	1	158.365	1	79.5731	1	10	280.878	308.825
567	67.215	1	4.08062e+06	1	186.007	1	158.365	1	79.5731	1	31.6228	295.384	323.079
567	67.215	1	4.08062e+06	1	186.007	1	158.365	1	79.5731	1	100	330.069	359.924
568	33.6051	1	451151	1	28.0266	1	97.8751	1	107.807	1	0	273.249	301.462
568	33.6051	1	451151	1	28.0266	1	97.8751	1	107.807	1	0.001	273.252	301.464
568	33.6051	1	451151	1	28.0266	1	97.8751	1	107.807	1	0.00316228	273.256	301.469
568	33.6051	1	451151	1	28.0266	1	97.8751	1	107.807	1	0.01	273.271	301.485
568	33.6051	1	451151	1	28.0266	1	97.8751	1	107.807	1	0.0316228	273.318	301.535
568	33.6051	1	451151	1	28.0266	1	97.8751	1	107.807	1	0.1	273.466	301.694
568	33.6051	1	451151	1	28.0266	1	97.8751	1	107.807	1	0.316228	273.93	302.194
568	33.6051	1	451151	1	28.0266	1	97.8751	1	107.807	1	1	275.372	303.742
568	33.6051	1	451151	1	28.0266	1	97.8751	1	107.807	1	3.16228	279.687	308.352
568	33.6051	1	451151	1	28.0266	1	97.8751	1	107.807	1	10	291.494	320.897
568	33.6051	1	451151	1	28.0266	1	97.8751	1	107.807	1	31.6228	319.805	350.961
568	33.6051	1	451151	1	28.0266	1	97.8751	1	107.807	1	100	373.621	410.716
569	36.8355	1	2.22222e+06	1	77.4087	1	403.99	1	70.5891	1	0	273.249	301.462
569	36.8355	1	2.22222e+06	1	77.4087	1	403.99	1	70.5891	1	0.001	273.25	301.462
569	36.8355	1	2.22222e+06	1	77.4087	1	403.99	1	70.5891	1	0.00316228	273.252	301.464
569	36.8355	1	2.22222e+06	1	77.4087	1	403.99	1	70.5891	1	0.01	273.258	301.47
569	36.8355	1	2.22222e+06	1	77.4087	1	403.99	1	70.5891	1	0.0316228	273.277	301.487
569	36.8355	1	2.22222e+06	1	77.4087	1	403.99	1	70.5891	1	0.1	273.338	301.543
569	36.8355	1	2.22222e+06	1	77.4087	1	403.99	1	70.5891	1	0.316228	273.527	301.72
569	36.8355	1	2.22222e+06	1	77.4087	1	403.99	1	70.5891	1	1	274.12	302.272
569	36.8355	1	2.22222e+06	1	77.4087	1	403.99	1	70.5891	1	3.16228	275.926	303.967
569	36.8355	1	2.22222e+06	1	77.4087	1	403.99	1	70.5891	1	10	281.14	308.916
569	36.8355	1	2.22222e+06	1	77.4087	1	403.99	1	70.5891	1	31.6228	293.701	321.582
569	36.8355	1	2.22222e+06	1	77.4087	1	403.99	1	70.5891	1	100	317.495	348.922
570	63.9352	1	908871	1	43.0214	1	768.652	1	124.133	1	0	273.249	301.462
570	63.9352	1	908871	1	43.0214	1	768.652	1	124.133	1	0.001	273.25	301.463
570	63.9352	1	908871	1	43.0214	1	768.652	1	124.133	1	0.00316228	273.253	301.465
570	63.9352	1	908871	1	43.0214	1	768.652	1	124.133	1	0.01	273.259	301.473
570	63.9352	1	908871	1	43.0214	1	768.652	1	124.133	1	0.0316228	273.28	301.496
570	63.9352	1	908871	1	43.0214	1	768.652	1	124.133	1	0.1	273.347	301.571
570	63.9352	1	908871	1	43.0214	1	768.652	1	124.133	1	0.316228	273.556	301.805
570	63.9352	1	908871	1	43.0214	1	768.652	1	124.133	1	1	274.206	302.535
570	63.9352	1	908871	1	43.0214	1	768.652	1	124.133	1	3.16228	276.163	304.718
570	63.9352	1	908871	1	43.0214	1	768.652	1	124.133	1	10	281.584	310.73
570	63.9352	1	908871	1	43.0214	1	768.652	1	124.133	1	31.6228	293.918	324.176
570	63.9352	1	908871	1	43.0214	1	768.652	1	124.133	1	100	313.484	346.655
571	22.9509	1	1.38452e+06	1	101.032	1	88.7414	1	91.6592	1	0	273.249	301.462
571	22.9509	1	1.38452e+06	1	101.032	1	88.7414	1	91.6592	1	0.001	273.251	301.463
571	22.9509	1	1.38452e+06	1	101.032	1	88.7414	1	91.6592	1	0.00316228	273.255	301.466
571	22.9509	1	1.38452e+06	1	101.032	1	88.7414	1	91.6592	1	0.01	273.266	301.476
571	22.9509	1	1.38452e+06	1	101.032	1	88.7414	1	91.6592	1	0.0316228	273.301	301.507
571	22.9509	1	1.38452e+06	1	101.032	1	88.7414	1	91.6592	1	0.1	273.411	301.604
571	22.9509	1	1.38452e+06	1	101.032	1	88.7414	1	91.6592	1	0.316228	273.758	301.912
571	22.9509	1	1.38452e+06	1	101.032	1	88.7414	1	91.6592	1	1	274.84	302.874
571	22.9509	1	1.38452e+06	1	101.032	1	88.7414	1	91.6592	1	3.16228	278.111	305.823
571	22.9509	1	1.38452e+06	1	101.032	1	88.7414	1	91.6592	1	10	287.44	314.438
571	22.9509	1	1.38452e+06	1	101.032	1	88.7414	1	91.6592	1	31.6228	310.885	338.137
571	22.9509	1	1.38452e+06	1	101.032	1	88.7414	1	91.6592	1	100	362.263	394.342
572	58.7273	1	2.03961e+06	1	49.2366	1	230.958	1	63.42	1	0	273.249	301.462
572	58.7273	1	2.03961e+06	1	49.2366	1	230.958	1	63.42	1	0.001	273.251	301.463
572	58.7273	1	2.03961e+06	1	49.2366	1	230.958	1	63.42	1	0.00316228	273.253	301.465
572	58.7273	1	2.03961e+06	1	49.2366	1	230.958	1	63.42	1	0.01	273.261	301.474
572	58.7273	1	2.03961e+06	1	49.2366	1	230.958	1	63.42	1	0.0316228	273.285	301.5
572	58.7273	1	2.03961e+06	1	49.2366	1	230.958	1	63.42	1	0.1	273.363	301.584
572	58.7273	1	2.03961e+06	1	49.2366	1	230.958	1	63.42	1	0.316228	273.608	301.849
572	58.7273	1	2.03961e+06	1	49.2366	1	230.958	1	63.42	1	1	274.373	302.675
572	58.7273	1	2.03961e+06	1	49.2366	1	230.958	1	63.42	1	3.16228	276.71	305.189
572	58.7273	1	2.03961e+06	1	49.2366	1	230.958	1	63.42	1	10	283.424	312.386
572	58.7273	1	2.03961e+06	1	49.2366	1	230.958	1	63.42	1	31.6228	300.055	330.114
572	58.7273	1	2.03961e+06	1	49.2366	1	230.958	1	63.42	1	100	333.171	367.442
573	34.9565	1	225029	1	25.7476	1	253.37	1	110.581	1	0	273.249	301.462
573	34.9565	1	225029	1	25.7476	1	253.37	1	110.581	1	0.001	273.251	301.464
573	34.9565	1	225029	1	25.7476	1	253.37	1	110.581	1	0.00316228	273.255	301.468
573	34.9565	1	225029	1	25.7476	1	253.37	1	110.581	1	0.01	273.267	301.481
573	34.9565	1	225029	1	25.7476	1	253.37	1	110.581	1	0.0316228	273.306	301.524
573	34.9565	1	225029	1	25.7476	1	253.37	1	110.581	1	0.1	273.427	301.658
573	34.9565	1	225029	1	25.7476	1	253.37	1	110.581	1	0.316228	273.807	302.078
573	34.9565	1	225029	1	25.7476	1	253.37	1	110.581	1	1	274.981	303.37
573	34.9565	1	225029	1	25.7476	1	253.37	1	110.581	1	3.16228	278.432	307.14
573	34.9565	1	225029	1	25.7476	1	253.37	1	110.581	1	10	287.487	316.96
573	34.9565	1	225029	1	25.7476	1	253.37	1	110.581	1	31.6228	306.727	337.715
573	34.9565	1	225029	1	25.7476	1	253.37	1	110.581	1	100	337.984	373.618
574	50.5361	1	1.64594e+06	1	24.5663	1	469.172	1	76.9234	1	0	273.249	301.462
574	50.5361	1	1.64594e+06	1	24.5663	1	469.172	1	76.9234	1	0.001	273.251	301.463
574	50.5361	1	1.64594e+06	1	24.5663	1	469.172	1	76.9234	1	0.00316228	273.255	301.468
574	50.5361	1	1.64594e+06	1	24.5663	1	469.172	1	76.9234	1	0.01	273.266	301.48
574	50.5361	1	1.64594e+06	1	24.5663	1	469.172	1	76.9234	1	0.0316228	273.3	301.521
574	50.5361	1	1.64594e+06	1	24.5663	1	469.172	1	76.9234	1	0.1	273.41	301.649
574	50.5361	1	1.64594e+06	1	24.5663	1	469.172	1	76.9234	1	0.316228	273.754	302.049
574	50.5361	1	1.64594e+06	1	24.5663	1	469.172	1	76.9234	1	1	274.812	303.277
574	50.5361	1	1.64594e+06	1	24.5663	1	469.172	1	76.9234	1	3.16228	277.891	306.815
574	50.5361	1	1.64594e+06	1	24.5663	1	469.172	1	76.9234	1	10	285.768	315.802
574	50.5361	1	1.64594e+06	1	24.5663	1	469.172	1	76.9234	1	31.6228	301.487	333.25
574	50.5361	1	1.64594e+06	1	24.5663	1	469.172	1	76.9234	1	100	324.192	359.687
575	53.1408	1	1.95078e+06	1	67.9896	1	230.304	1	83.1269	1	0	273.249	301.462
575	53.1408	1	1.95078e+06	1	67.9896	1	230.304	1	83.1269	1	0.001	273.25	301.463
575	53.1408	1	1.95078e+06	1	67.9896	1	230.304	1	83.1269	1	0.00316228	273.253	301.465
575	53.1408	1	1.95078e+06	1	67.9896	1	230.304	1	83.1269	1	0.01	273.259	301.472
575	53.1408	1	1.95078e+06	1	67.9896	1	230.304	1	83.1269	1	0.0316228	273.281	301.493
575	53.1408	1	1.95078e+06	1	67.9896	1	230.304	1	83.1269	1	0.1	273.348	301.562
575	53.1408	1	1.95078e+06	1	67.9896	1	230.304	1	83.1269	1	0.316228	273.56	301.779
575	53.1408	1	1.95078e+06	1	67.9896	1	230.304	1	83.1269	1	1	274.224	302.458
575	53.1408	1	1.95078e+06	1	67.9896	1	230.304	1	83.1269	1	3.16228	276.268	304.549
575	53.1408	1	1.95078e+06	1	67.9896	1	230.304	1	83.1269	1	10	282.26	310.671
575	53.1408	1	1.95078e+06	1	67.9896	1	230.304	1	83.1269	1	31.6228	297.8	326.729
575	53.1408	1	1.95078e+06	1	67.9896	1	230.304	1	83.1269	1	100	330.511	363.117
576	67.8144	1	371004	1	51.0328	1	402.693	1	43.8478	1	0	273.249	301.462
576	67.8144	1	371004	1	51.0328	1	402.693	1	43.8478	1	0.001	273.25	301.463
576	67.8144	1	371004	1	51.0328	1	402.693	1	43.8478	1	0.00316228	273.252	301.465
576	67.8144	1	371004	1	51.0328	1	402.693	1	43.8478	1	0.01	273.259	301.472
576	67.8144	1	371004	1	51.0328	1	402.693	1	43.8478	1	0.0316228	273.28	301.495
576	67.8144	1	371004	1	51.0328	1	402.693	1	43.8478	1	0.1	273.346	301.568
576	67.8144	1	371004	1	51.0328	1	402.693	1	43.8478	1	0.316228	273.553	301.796
576	67.8144	1	371004	1	51.0328	1	402.693	1	43.8478	1	1	274.2	302.508
576	67.8144	1	371004	1	51.0328	1	402.693	1	43.8478	1	3.16228	276.169	304.666
576	67.8144	1	371004	1	51.0328	1	402.693	1	43.8478	1	10	281.721	310.731
576	67.8144	1	371004	1	51.0328	1	402.693	1	43.8478	1	31.6228	295.004	325.135
576	67.8144	1	371004	1	51.0328	1	402.693	1	43.8478	1	100	319.177	353.442
577	77.5251	1	1.29617e+06	1	66.7676	1	306.027	1	86.8836	1	0	273.249	301.462
577	77.5251	1	1.29617e+06	1	66.7676	1	306.027	1	86.8836	1	0.001	273.25	301.462
577	77.5251	1	1.29617e+06	1	66.7676	1	306.027	1	86.8836	1	0.00316228	273.252	301.464
577	77.5251	1	1.29617e+06	1	66.7676	1	306.027	1	86.8836	1	0.01	273.258	301.471
577	77.5251	1	1.29617e+06	1	66.7676	1	306.027	1	86.8836	1	0.0316228	273.276	301.49
577	77.5251	1	1.29617e+06	1	66.7676	1	306.027	1	86.8836	1	0.1	273.334	301.553
577	77.5251	1	1.29617e+06	1	66.7676	1	306.027	1	86.8836	1	0.316228	273.517	301.75
577	77.5251	1	1.29617e+06	1	66.7676	1	306.027	1	86.8836	1	1	274.09	302.366
577	77.5251	1	1.29617e+06	1	66.7676	1	306.027	1	86.8836	1	3.16228	275.855	304.261
577	77.5251	1	1.29617e+06	1	66.7676	1	306.027	1	86.8836	1	10	281.023	309.782
577	77.5251	1	1.29617e+06	1	66.7676	1	306.027	1	86.8836	1	31.6228	294.486	324.101
577	77.5251	1	1.29617e+06	1	66.7676	1	306.027	1	86.8836	1	100	322.835	355.605
578	46.1085	1	1.21024e+06	1	247.205	1	509.577	1	152.841	1	0	273.249	301.462
578	46.1085	1	1.21024e+06	1	247.205	1	509.577	1	152.841	1	0.001	273.25	301.462
578	46.1085	1	1.21024e+06	1	247.205	1	509.577	1	152.841	1	0.00316228	273.251	301.463
578	46.1085	1	1.21024e+06	1	247.205	1	509.577	1	152.841	1	0.01	273.255	301.466
578	46.1085	1	1.21024e+06	1	247.205	1	509.577	1	152.841	1	0.0316228	273.265	301.474
578	46.1085	1	1.21024e+06	1	247.205	1	509.577	1	152.841	1	0.1	273.3	301.501
578	46.1085	1	1.21024e+06	1	247.205	1	509.577	1	152.841	1	0.316228	273.409	301.586
578	46.1085	1	1.21024e+06	1	247.205	1	509.577	1	152.841	1	1	273.752	301.853
578	46.1085	1	1.21024e+06	1	247.205	1	509.577	1	152.841	1	3.16228	274.805	302.686
578	46.1085	1	1.21024e+06	1	247.205	1	509.577	1	152.841	1	10	277.922	305.227
578	46.1085	1	1.21024e+06	1	247.205	1	509.577	1	152.841	1	31.6228	286.176	312.498
578	46.1085	1	1.21024e+06	1	247.205	1	509.577	1	152.841	1	100	303.484	331.023
579	46.7019	1	2.92862e+06	1	58.1029	1	178.819	1	59.9907	1	0	273.249	301.462
579	46.7019	1	2.92862e+06	1	58.1029	1	178.819	1	59.9907	1	0.001	273.251	301.463
579	46.7019	1	2.92862e+06	1	58.1029	1	178.819	1	59.9907	1	0.00316228	273.253	301.465
579	46.7019	1	2.92862e+06	1	58.1029	1	178.819	1	59.9907	1	0.01	273.261	301.474
579	46.7019	1	2.92862e+06	1	58.1029	1	178.819	1	59.9907	1	0.0316228	273.287	301.5
579	46.7019	1	2.92862e+06	1	58.1029	1	178.819	1	59.9907	1	0.1	273.368	301.583
579	46.7019	1	2.92862e+06	1	58.1029	1	178.819	1	59.9907	1	0.316228	273.623	301.846
579	46.7019	1	2.92862e+06	1	58.1029	1	178.819	1	59.9907	1	1	274.423	302.668
579	46.7019	1	2.92862e+06	1	58.1029	1	178.819	1	59.9907	1	3.16228	276.875	305.187
579	46.7019	1	2.92862e+06	1	58.1029	1	178.819	1	59.9907	1	10	284.002	312.51
579	46.7019	1	2.92862e+06	1	58.1029	1	178.819	1	59.9907	1	31.6228	302.16	331.436
579	46.7019	1	2.92862e+06	1	58.1029	1	178.819	1	59.9907	1	100	339.892	373.53
580	63.3183	1	1.25483e+06	1	84.4616	1	221.53	1	108.491	1	0	273.249	301.462
580	63.3183	1	1.25483e+06	1	84.4616	1	221.53	1	108.491	1	0.001	273.25	301.462
580	63.3183	1	1.25483e+06	1	84.4616	1	221.53	1	108.491	1	0.00316228	273.252	301.464
580	63.3183	1	1.25483e+06	1	84.4616	1	221.53	1	108.491	1	0.01	273.258	301.47
580	63.3183	1	1.25483e+06	1	84.4616	1	221.53	1	108.491	1	0.0316228	273.277	301.49
580	63.3183	1	1.25483e+06	1	84.4616	1	221.53	1	108.491	1	0.1	273.337	301.551
580	63.3183	1	1.25483e+06	1	84.4616	1	221.53	1	108.491	1	0.316228	273.525	301.742
580	63.3183	1	1.25483e+06	1	84.4616	1	221.53	1	108.491	1	1	274.117	302.345
580	63.3183	1	1.25483e+06	1	84.4616	1	221.53	1	108.491	1	3.16228	275.949	304.212
580	63.3183	1	1.25483e+06	1	84.4616	1	221.53	1	108.491	1	10	281.388	309.757
580	63.3183	1	1.25483e+06	1	84.4616	1	221.53	1	108.491	1	31.6228	296.043	324.794
580	63.3183	1	1.25483e+06	1	84.4616	1	221.53	1	108.491	1	100	329.001	360.76
581	30.9603	1	1.29472e+06	1	75.714	1	691.913	1	164.962	1	0	273.249	301.462
581	30.9603	1	1.29472e+06	1	75.714	1	691.913	1	164.962	1	0.001	273.25	301.462
581	30.9603	1	1.29472e+06	1	75.714	1	691.913	1	164.962	1	0.00316228	273.252	301.464
581	30.9603	1	1.29472e+06	1	75.714	1	691.913	1	164.962	1	0.01	273.258	301.469
581	30.9603	1	1.29472e+06	1	75.714	1	691.913	1	164.962	1	0.0316228	273.276	301.485
581	30.9603	1	1.29472e+06	1	75.714	1	691.913	1	164.962	1	0.1	273.335	301.537
581	30.9603	1	1.29472e+06	1	75.714	1	691.913	1	164.962	1	0.316228	273.519	301.699
581	30.9603	1	1.29472e+06	1	75.714	1	691.913	1	164.962	1	1	274.091	302.205
581	30.9603	1	1.29472e+06	1	75.714	1	691.913	1	164.962	1	3.16228	275.819	303.75
581	30.9603	1	1.29472e+06	1	75.714	1	691.913	1	164.962	1	10	280.71	308.203
581	30.9603	1	1.29472e+06	1	75.714	1	691.913	1	164.962	1	31.6228	292.02	319.4
581	30.9603	1	1.29472e+06	1	75.714	1	691.913	1	164.962	1	100	310.624	341.568
582	41.6691	1	1.0452e+06	1	72.5989	1	600.572	1	100.241	1	0	273.249	301.462
582	41.6691	1	1.0452e+06	1	72.5989	1	600.572	1	100.241	1	0.001	273.25	301.462
582	41.6691	1	1.0452e+06	1	72.5989	1	600.572	1	100.241	1	0.00316228	273.252	301.464
582	41.6691	1	1.0452e+06	1	72.5989	1	600.572	1	100.241	1	0.01	273.257	301.469
582	41.6691	1	1.0452e+06	1	72.5989	1	600.572	1	100.241	1	0.0316228	273.275	301.486
582	41.6691	1	1.0452e+06	1	72.5989	1	600.572	1	100.241	1	0.1	273.33	301.539
582	41.6691	1	1.0452e+06	1	72.5989	1	600.572	1	100.241	1	0.316228	273.504	301.705
582	41.6691	1	1.0452e+06	1	72.5989	1	600.572	1	100.241	1	1	274.046	302.226
582	41.6691	1	1.0452e+06	1	72.5989	1	600.572	1	100.241	1	3.16228	275.701	303.819
582	41.6691	1	1.0452e+06	1	72.5989	1	600.572	1	100.241	1	10	280.458	308.425
582	41.6691	1	1.0452e+06	1	72.5989	1	600.572	1	100.241	1	31.6228	291.995	320.06
582	41.6691	1	1.0452e+06	1	72.5989	1	600.572	1	100.241	1	100	312.287	343.591
583	45.8674	1	1.31866e+06	1	103.271	1	225.449	1	58.8086	1	0	273.249	301.462
583	45.8674	1	1.31866e+06	1	103.271	1	225.449	1	58.8086	1	0.001	273.25	301.462
583	45.8674	1	1.31866e+06	1	103.271	1	225.449	1	58.8086	1	0.00316228	273.252	301.464
583	45.8674	1	1.31866e+06	1	103.271	1	225.449	1	58.8086	1	0.01	273.258	301.47
583	45.8674	1	1.31866e+06	1	103.271	1	225.449	1	58.8086	1	0.0316228	273.277	301.488
583	45.8674	1	1.31866e+06	1	103.271	1	225.449	1	58.8086	1	0.1	273.337	301.544
583	45.8674	1	1.31866e+06	1	103.271	1	225.449	1	58.8086	1	0.316228	273.526	301.723
583	45.8674	1	1.31866e+06	1	103.271	1	225.449	1	58.8086	1	1	274.12	302.286
583	45.8674	1	1.31866e+06	1	103.271	1	225.449	1	58.8086	1	3.16228	275.951	304.029
583	45.8674	1	1.31866e+06	1	103.271	1	225.449	1	58.8086	1	10	281.362	309.231
583	45.8674	1	1.31866e+06	1	103.271	1	225.449	1	58.8086	1	31.6228	295.46	323.331
583	45.8674	1	1.31866e+06	1	103.271	1	225.449	1	58.8086	1	100	326.56	357.799
584	53.1652	1	1.17125e+06	1	71.3503	1	198.624	1	48.9088	1	0	273.249	301.462
584	53.1652	1	1.17125e+06	1	71.3503	1	198.624	1	48.9088	1	0.001	273.25	301.463
584	53.1652	1	1.17125e+06	1	71.3503	1	198.624	1	48.9088	1	0.00316228	273.253	301.465
584	53.1652	1	1.17125e+06	1	71.3503	1	198.624	1	48.9088	1	0.01	273.26	301.472
584	53.1652	1	1.17125e+06	1	71.3503	1	198.624	1	48.9088	1	0.0316228	273.282	301.495
584	53.1652	1	1.17125e+06	1	71.3503	1	198.624	1	48.9088	1	0.1	273.352	301.566
584	53.1652	1	1.17125e+06	1	71.3503	1	198.624	1	48.9088	1	0.316228	273.573	301.791
584	53.1652	1	1.17125e+06	1	71.3503	1	198.624	1	48.9088	1	1	274.267	302.498
584	53.1652	1	1.17125e+06	1	71.3503	1	198.624	1	48.9088	1	3.16228	276.403	304.677
584	53.1652	1	1.17125e+06	1	71.3503	1	198.624	1	48.9088	1	10	282.644	311.041
584	53.1652	1	1.17125e+06	1	71.3503	1	198.624	1	48.9088	1	31.6228	298.893	327.879
584	53.1652	1	1.17125e+06	1	71.3503	1	198.624	1	48.9088	1	100	333.64	366.805
585	51.4008	1	346958	1	46.2509	1	276.678	1	90.4972	1	0	273.249	301.462
585	51.4008	1	346958	1	46.2509	1	276.678	1	90.4972	1	0.001	273.251	301.463
585	51.4008	1	346958	1	46.2509	1	276.678	1	90.4972	1	0.00316228	273.253	301.465
585	51.4008	1	346958	1	46.2509	1	276.678	1	90.4972	1	0.01	273.261	301.474
585	51.4008	1	346958	1	46.2509	1	276.678	1	90.4972	1	0.0316228	273.286	301.5
585	51.4008	1	346958	1	46.2509	1	276.678	1	90.4972	1	0.1	273.364	301.584
585	51.4008	1	346958	1	46.2509	1	276.678	1	90.4972	1	0.316228	273.609	301.847
585	51.4008	1	346958	1	46.2509	1	276.678	1	90.4972	1	1	274.376	302.669
585	51.4008	1	346958	1	46.2509	1	276.678	1	90.4972	1	3.16228	276.707	305.159
585	51.4008	1	346958	1	46.2509	1	276.678	1	90.4972	1	10	283.353	312.232
585	51.4008	1	346958	1	46.2509	1	276.678	1	90.4972	1	31.6228	299.445	329.294
585	51.4008	1	346958	1	46.2509	1	276.678	1	90.4972	1	100	329.906	363.626
586	40.8311	1	1.27982e+06	1	81.6977	1	272.956	1	86.4815	1	0	273.249	301.462
586	40.8311	1	1.27982e+06	1	81.6977	1	272.956	1	86.4815	1	0.001	273.25	301.462
586	40.8311	1	1.27982e+06	1	81.6977	1	272.956	1	86.4815	1	0.00316228	273.252	301.464
586	40.8311	1	1.27982e+06	1	81.6977	1	272.956	1	86.4815	1	0.01	273.259	301.47
586	40.8311	1	1.27982e+06	1	81.6977	1	272.956	1	86.4815	1	0.0316228	273.278	301.489
586	40.8311	1	1.27982e+06	1	81.6977	1	272.956	1	86.4815	1	0.1	273.341	301.549
586	40.8311	1	1.27982e+06	1	81.6977	1	272.956	1	86.4815	1	0.316228	273.539	301.736
586	40.8311	1	1.27982e+06	1	81.6977	1	272.956	1	86.4815	1	1	274.158	302.325
586	40.8311	1	1.27982e+06	1	81.6977	1	272.956	1	86.4815	1	3.16228	276.057	304.142
586	40.8311	1	1.27982e+06	1	81.6977	1	272.956	1	86.4815	1	10	281.62	309.507
586	40.8311	1	1.27982e+06	1	81.6977	1	272.956	1	86.4815	1	31.6228	295.78	323.731
586	40.8311	1	1.27982e+06	1	81.6977	1	272.956	1	86.4815	1	100	324.878	356.377
587	27.39	1	535831	1	94.1024	1	198.16	1	211.066	1	0	273.249	301.462
587	27.39	1	535831	1	94.1024	1	198.16	1	211.066	1	0.001	273.251	301.463
587	27.39	1	535831	1	94.1024	1	198.16	1	211.066	1	0.00316228	273.253	301.465
587	27.39	1	535831	1	94.1024	1	198.16	1	211.066	1	0.01	273.26	301.471
587	27.39	1	535831	1	94.1024	1	198.16	1	211.066	1	0.0316228	273.284	301.491
587	27.39	1	535831	1	94.1024	1	198.16	1	211.066	1	0.1	273.358	301.556
587	27.39	1	535831	1	94.1024	1	198.16	1	211.066	1	0.316228	273.593	301.758
587	27.39	1	535831	1	94.1024	1	198.16	1	211.066	1	1	274.324	302.393
587	27.39	1	535831	1	94.1024	1	198.16	1	211.066	1	3.16228	276.544	304.35
587	27.39	1	535831	1	94.1024	1	198.16	1	211.066	1	10	282.962	310.155
587	27.39	1	535831	1	94.1024	1	198.16	1	211.066	1	31.6228	298.788	325.785
587	27.39	1	535831	1	94.1024	1	198.16	1	211.066	1	100	332.15	363.226
588	62.2277	1	1.22295e+06	1	73.2734	1	825.451	1	80.1043	1	0	273.249	301.462
588	62.2277	1	1.22295e+06	1	73.2734	1	825.451	1	80.1043	1	0.001	273.25	301.462
588	62.2277	1	1.22295e+06	1	73.2734	1	825.451	1	80.1043	1	0.00316228	273.252	301.464
588	62.2277	1	1.22295e+06	1	73.2734	1	825.451	1	80.1043	1	0.01	273.256	301.469
588	62.2277	1	1.22295e+06	1	73.2734	1	825.451	1	80.1043	1	0.0316228	273.271	301.484
588	62.2277	1	1.22295e+06	1	73.2734	1	825.451	1	80.1043	1	0.1	273.318	301.533
588	62.2277	1	1.22295e+06	1	73.2734	1	825.451	1	80.1043	1	0.316228	273.467	301.686
588	62.2277	1	1.22295e+06	1	73.2734	1	825.451	1	80.1043	1	1	273.931	302.166
588	62.2277	1	1.22295e+06	1	73.2734	1	825.451	1	80.1043	1	3.16228	275.354	303.634
588	62.2277	1	1.22295e+06	1	73.2734	1	825.451	1	80.1043	1	10	279.458	307.86
588	62.2277	1	1.22295e+06	1	73.2734	1	825.451	1	80.1043	1	31.6228	289.676	318.476
588	62.2277	1	1.22295e+06	1	73.2734	1	825.451	1	80.1043	1	100	307.6	339.307
589	35.3055	1	1.19209e+06	1	65.8872	1	178.811	1	105.615	1	0	273.249	301.462
589	35.3055	1	1.19209e+06	1	65.8872	1	178.811	1	105.615	1	0.001	273.251	301.463
589	35.3055	1	1.19209e+06	1	65.8872	1	178.811	1	105.615	1	0.00316228	273.253	301.465
589	35.3055	1	1.19209e+06	1	65.8872	1	178.811	1	105.615	1	0.01	273.261	301.473
589	35.3055	1	1.19209e+06	1	65.8872	1	178.811	1	105.615	1	0.0316228	273.287	301.498
589	35.3055	1	1.19209e+06	1	65.8872	1	178.811	1	105.615	1	0.1	273.368	301.576
589	35.3055	1	1.19209e+06	1	65.8872	1	178.811	1	105.615	1	0.316228	273.624	301.823
589	35.3055	1	1.19209e+06	1	65.8872	1	178.811	1	105.615	1	1	274.424	302.597
589	35.3055	1	1.19209e+06	1	65.8872	1	178.811	1	105.615	1	3.16228	276.87	304.976
589	35.3055	1	1.19209e+06	1	65.8872	1	178.811	1	105.615	1	10	283.979	311.937
589	35.3055	1	1.19209e+06	1	65.8872	1	178.811	1	105.615	1	31.6228	301.995	330.305
589	35.3055	1	1.19209e+06	1	65.8872	1	178.811	1	105.615	1	100	339.249	371.912
590	22.8733	1	502826	1	106.899	1	211.959	1	113.144	1	0	273.249	301.462
590	22.8733	1	502826	1	106.899	1	211.959	1	113.144	1	0.001	273.251	301.462
590	22.8733	1	502826	1	106.899	1	211.959	1	113.144	1	0.00316228	273.253	301.464
590	22.8733	1	502826	1	106.899	1	211.959	1	113.144	1	0.01	273.261	301.471
590	22.8733	1	502826	1	106.899	1	211.959	1	113.144	1	0.0316228	273.285	301.49
590	22.8733	1	502826	1	106.899	1	211.959	1	113.144	1	0.1	273.36	301.551
590	22.8733	1	502826	1	106.899	1	211.959	1	113.144	1	0.316228	273.598	301.743
590	22.8733	1	502826	1	106.899	1	211.959	1	113.144	1	1	274.338	302.346
590	22.8733	1	502826	1	106.899	1	211.959	1	113.144	1	3.16228	276.562	304.197
590	22.8733	1	502826	1	106.899	1	211.959	1	113.144	1	10	282.904	309.699
590	22.8733	1	502826	1	106.899	1	211.959	1	113.144	1	31.6228	297.533	324.329
590	22.8733	1	502826	1	106.899	1	211.959	1	113.144	1	100	329.061	359.725
591	40.3985	1	3.85935e+06	1	89.504	1	354.345	1	76.8135	1	0	273.249	301.462
591	40.3985	1	3.85935e+06	1	89.504	1	354.345	1	76.8135	1	0.001	273.25	301.462
591	40.3985	1	3.85935e+06	1	89.504	1	354.345	1	76.8135	1	0.00316228	273.252	301.464
591	40.3985	1	3.85935e+06	1	89.504	1	354.345	1	76.8135	1	0.01	273.258	301.469
591	40.3985	1	3.85935e+06	1	89.504	1	354.345	1	76.8135	1	0.0316228	273.276	301.486
591	40.3985	1	3.85935e+06	1	89.504	1	354.345	1	76.8135	1	0.1	273.332	301.538
591	40.3985	1	3.85935e+06	1	89.504	1	354.345	1	76.8135	1	0.316228	273.51	301.703
591	40.3985	1	3.85935e+06	1	89.504	1	354.345	1	76.8135	1	1	274.068	302.221
591	40.3985	1	3.85935e+06	1	89.504	1	354.345	1	76.8135	1	3.16228	275.778	303.82
591	40.3985	1	3.85935e+06	1	89.504	1	354.345	1	76.8135	1	10	280.775	308.548
591	40.3985	1	3.85935e+06	1	89.504	1	354.345	1	76.8135	1	31.6228	293.296	321
591	40.3985	1	3.85935e+06	1	89.504	1	354.345	1	76.8135	1	100	318.338	349.378
592	27.6039	1	739107	1	26.1274	1	286.244	1	114.696	1	0	273.249	301.462
592	27.6039	1	739107	1	26.1274	1	286.244	1	114.696	1	0.001	273.251	301.463
592	27.6039	1	739107	1	26.1274	1	286.244	1	114.696	1	0.00316228	273.255	301.468
592	27.6039	1	739107	1	26.1274	1	286.244	1	114.696	1	0.01	273.268	301.481
592	27.6039	1	739107	1	26.1274	1	286.244	1	114.696	1	0.0316228	273.307	301.523
592	27.6039	1	739107	1	26.1274	1	286.244	1	114.696	1	0.1	273.43	301.654
592	27.6039	1	739107	1	26.1274	1	286.244	1	114.696	1	0.316228	273.816	302.067
592	27.6039	1	739107	1	26.1274	1	286.244	1	114.696	1	1	275.008	303.336
592	27.6039	1	739107	1	26.1274	1	286.244	1	114.696	1	3.16228	278.497	307.033
592	27.6039	1	739107	1	26.1274	1	286.244	1	114.696	1	10	287.612	316.654
592	27.6039	1	739107	1	26.1274	1	286.244	1	114.696	1	31.6228	306.145	336.693
592	27.6039	1	739107	1	26.1274	1	286.244	1	114.696	1	100	334.932	370.375
593	123.266	1	556744	1	113.059	1	119.302	1	93.8585	1	0	273.249	301.462
593	123.266	1	556744	1	113.059	1	119.302	1	93.8585	1	0.001	273.25	301.463
593	123.266	1	556744	1	113.059	1	119.302	1	93.8585	1	0.00316228	273.253	301.465
593	123.266	1	556744	1	113.059	1	119.302	1	93.8585	1	0.01	273.259	301.472
593	123.266	1	556744	1	113.059	1	119.302	1	93.8585	1	0.0316228	273.281	301.495
593	123.266	1	556744	1	113.059	1	119.302	1	93.8585	1	0.1	273.349	301.566
593	123.266	1	556744	1	113.059	1	119.302	1	93.8585	1	0.316228	273.563	301.793
593	123.266	1	556744	1	113.059	1	119.302	1	93.8585	1	1	274.237	302.504
593	123.266	1	556744	1	113.059	1	119.302	1	93.8585	1	3.16228	276.33	304.712
593	123.266	1	556744	1	113.059	1	119.302	1	93.8585	1	10	282.587	311.303
593	123.266	1	556744	1	113.059	1	119.302	1	93.8585	1	31.6228	300.518	330.141
593	123.266	1	556744	1	113.059	1	119.302	1	93.8585	1	100	344.695	376.964
594	47.2204	1	4.37214e+06	1	72.9125	1	163.99	1	105.794	1	0	273.249	301.462
594	47.2204	1	4.37214e+06	1	72.9125	1	163.99	1	105.794	1	0.001	273.251	301.463
594	47.2204	1	4.37214e+06	1	72.9125	1	163.99	1	105.794	1	0.00316228	273.253	301.465
594	47.2204	1	4.37214e+06	1	72.9125	1	163.99	1	105.794	1	0.01	273.26	301.473
594	47.2204	1	4.37214e+06	1	72.9125	1	163.99	1	105.794	1	0.0316228	273.284	301.497
594	47.2204	1	4.37214e+06	1	72.9125	1	163.99	1	105.794	1	0.1	273.36	301.572
594	47.2204	1	4.37214e+06	1	72.9125	1	163.99	1	105.794	1	0.316228	273.598	301.81
594	47.2204	1	4.37214e+06	1	72.9125	1	163.99	1	105.794	1	1	274.346	302.558
594	47.2204	1	4.37214e+06	1	72.9125	1	163.99	1	105.794	1	3.16228	276.648	304.865
594	47.2204	1	4.37214e+06	1	72.9125	1	163.99	1	105.794	1	10	283.424	311.662
594	47.2204	1	4.37214e+06	1	72.9125	1	163.99	1	105.794	1	31.6228	301.412	330.04
594	47.2204	1	4.37214e+06	1	72.9125	1	163.99	1	105.794	1	100	340.534	372.938
595	27.6846	1	782921	1	43.0317	1	210.623	1	42.9727	1	0	273.249	301.462
595	27.6846	1	782921	1	43.0317	1	210.623	1	42.9727	1	0.001	273.251	301.463
595	27.6846	1	782921	1	43.0317	1	210.623	1	42.9727	1	0.00316228	273.254	301.466
595	27.6846	1	782921	1	43.0317	1	210.623	1	42.9727	1	0.01	273.264	301.476
595	27.6846	1	782921	1	43.0317	1	210.623	1	42.9727	1	0.0316228	273.296	301.507
595	27.6846	1	782921	1	43.0317	1	210.623	1	42.9727	1	0.1	273.396	301.607
595	27.6846	1	782921	1	43.0317	1	210.623	1	42.9727	1	0.316228	273.712	301.918
595	27.6846	1	782921	1	43.0317	1	210.623	1	42.9727	1	1	274.693	302.889
595	27.6846	1	782921	1	43.0317	1	210.623	1	42.9727	1	3.16228	277.64	305.818
595	27.6846	1	782921	1	43.0317	1	210.623	1	42.9727	1	10	285.859	314.053
595	27.6846	1	782921	1	43.0317	1	210.623	1	42.9727	1	31.6228	303.991	333.516
595	27.6846	1	782921	1	43.0317	1	210.623	1	42.9727	1	100	338.769	373.093
596	53.3864	1	316299	1	62.3247	1	238.34	1	149.249	1	0	273.249	301.462
596	53.3864	1	316299	1	62.3247	1	238.34	1	149.249	1	0.001	273.25	301.463
596	53.3864	1	316299	1	62.3247	1	238.34	1	149.249	1	0.00316228	273.253	301.465
596	53.3864	1	316299	1	62.3247	1	238.34	1	149.249	1	0.01	273.259	301.472
596	53.3864	1	316299	1	62.3247	1	238.34	1	149.249	1	0.0316228	273.281	301.494
596	53.3864	1	316299	1	62.3247	1	238.34	1	149.249	1	0.1	273.35	301.565
596	53.3864	1	316299	1	62.3247	1	238.34	1	149.249	1	0.316228	273.566	301.789
596	53.3864	1	316299	1	62.3247	1	238.34	1	149.249	1	1	274.243	302.489
596	53.3864	1	316299	1	62.3247	1	238.34	1	149.249	1	3.16228	276.325	304.64
596	53.3864	1	316299	1	62.3247	1	238.34	1	149.249	1	10	282.405	310.909
596	53.3864	1	316299	1	62.3247	1	238.34	1	149.249	1	31.6228	298.122	327.198
596	53.3864	1	316299	1	62.3247	1	238.34	1	149.249	1	100	330.894	363.366
597	38.5054	1	1.87951e+06	1	28.3766	1	184.185	1	98.9294	1	0	273.249	301.462
597	38.5054	1	1.87951e+06	1	28.3766	1	184.185	1	98.9294	1	0.001	273.251	301.463
597	38.5054	1	1.87951e+06	1	28.3766	1	184.185	1	98.9294	1	0.00316228	273.255	301.468
597	38.5054	1	1.87951e+06	1	28.3766	1	184.185	1	98.9294	1	0.01	273.267	301.481
597	38.5054	1	1.87951e+06	1	28.3766	1	184.185	1	98.9294	1	0.0316228	273.305	301.523
597	38.5054	1	1.87951e+06	1	28.3766	1	184.185	1	98.9294	1	0.1	273.425	301.654
597	38.5054	1	1.87951e+06	1	28.3766	1	184.185	1	98.9294	1	0.316228	273.801	302.068
597	38.5054	1	1.87951e+06	1	28.3766	1	184.185	1	98.9294	1	1	274.966	303.345
597	38.5054	1	1.87951e+06	1	28.3766	1	184.185	1	98.9294	1	3.16228	278.433	307.121
597	38.5054	1	1.87951e+06	1	28.3766	1	184.185	1	98.9294	1	10	287.727	317.171
597	38.5054	1	1.87951e+06	1	28.3766	1	184.185	1	98.9294	1	31.6228	308.982	339.976
597	38.5054	1	1.87951e+06	1	28.3766	1	184.185	1	98.9294	1	100	346.804	382.617
598	52.9741	1	567536	1	77.7052	1	312.916	1	54.0338	1	0	273.249	301.462
598	52.9741	1	567536	1	77.7052	1	312.916	1	54.0338	1	0.001	273.25	301.462
598	52.9741	1	567536	1	77.7052	1	312.916	1	54.0338	1	0.00316228	273.252	301.464
598	52.9741	1	567536	1	77.7052	1	312.916	1	54.0338	1	0.01	273.258	301.47
598	52.9741	1	567536	1	77.7052	1	312.916	1	54.0338	1	0.0316228	273.276	301.489
598	52.9741	1	567536	1	77.7052	1	312.916	1	54.0338	1	0.1	273.335	301.547
598	52.9741	1	567536	1	77.7052	1	312.916	1	54.0338	1	0.316228	273.518	301.731
598	52.9741	1	567536	1	77.7052	1	312.916	1	54.0338	1	1	274.094	302.308
598	52.9741	1	567536	1	77.7052	1	312.916	1	54.0338	1	3.16228	275.865	304.086
598	52.9741	1	567536	1	77.7052	1	312.916	1	54.0338	1	10	281.034	309.285
598	52.9741	1	567536	1	77.7052	1	312.916	1	54.0338	1	31.6228	294.272	322.876
598	52.9741	1	567536	1	77.7052	1	312.916	1	54.0338	1	100	321.147	353.42
599	54.3203	1	130655	1	31.0761	1	1368.12	1	107.323	1	0	273.249	301.462
599	54.3203	1	130655	1	31.0761	1	1368.12	1	107.323	1	0.001	273.251	301.463
599	54.3203	1	130655	1	31.0761	1	1368.12	1	107.323	1	0.00316228	273.253	301.466
599	54.3203	1	130655	1	31.0761	1	1368.12	1	107.323	1	0.01	273.262	301.476
599	54.3203	1	130655	1	31.0761	1	1368.12	1	107.323	1	0.0316228	273.288	301.506
599	54.3203	1	130655	1	31.0761	1	1368.12	1	107.323	1	0.1	273.372	301.603
599	54.3203	1	130655	1	31.0761	1	1368.12	1	107.323	1	0.316228	273.635	301.906
599	54.3203	1	130655	1	31.0761	1	1368.12	1	107.323	1	1	274.448	302.839
599	54.3203	1	130655	1	31.0761	1	1368.12	1	107.323	1	3.16228	276.838	305.562
599	54.3203	1	130655	1	31.0761	1	1368.12	1	107.323	1	10	283.106	312.649
599	54.3203	1	130655	1	31.0761	1	1368.12	1	107.323	1	31.6228	295.757	326.665
599	54.3203	1	130655	1	31.0761	1	1368.12	1	107.323	1	100	311.42	345.429
600	44.2328	1	405242	1	48.6537	1	200.266	1	100.348	1	0	273.249	301.462
600	44.2328	1	405242	1	48.6537	1	200.266	1	100.348	1	0.001	273.251	301.463
600	44.2328	1	405242	1	48.6537	1	200.266	1	100.348	1	0.00316228	273.253	301.466
600	44.2328	1	405242	1	48.6537	1	200.266	1	100.348	1	0.01	273.262	301.475
600	44.2328	1	405242	1	48.6537	1	200.266	1	100.348	1	0.0316228	273.289	301.503
600	44.2328	1	405242	1	48.6537	1	200.266	1	100.348	1	0.1	273.374	301.591
600	44.2328	1	405242	1	48.6537	1	200.266	1	100.348	1	0.316228	273.642	301.871
600	44.2328	1	405242	1	48.6537	1	200.266	1	100.348	1	1	274.478	302.743
600	44.2328	1	405242	1	48.6537	1	200.266	1	100.348	1	3.16228	277.03	305.399
600	44.2328	1	405242	1	48.6537	1	200.266	1	100.348	1	10	284.373	313.03
600	44.2328	1	405242	1	48.6537	1	200.266	1	100.348	1	31.6228	302.561	332.06
600	44.2328	1	405242	1	48.6537	1	200.266	1	100.348	1	100	338.735	372.43
601	83.181	1	2.241e+06	1	38.7619	1	133.495	1	68.7304	1	0	273.249	301.462
601	83.181	1	2.241e+06	1	38.7619	1	133.495	1	68.7304	1	0.001	273.251	301.463
601	83.181	1	2.241e+06	1	38.7619	1	133.495	1	68.7304	1	0.00316228	273.254	301.467
601	83.181	1	2.241e+06	1	38.7619	1	133.495	1	68.7304	1	0.01	273.264	301.478
601	83.181	1	2.241e+06	1	38.7619	1	133.495	1	68.7304	1	0.0316228	273.296	301.515
601	83.181	1	2.241e+06	1	38.7619	1	133.495	1	68.7304	1	0.1	273.398	301.629
601	83.181	1	2.241e+06	1	38.7619	1	133.495	1	68.7304	1	0.316228	273.717	301.989
601	83.181	1	2.241e+06	1	38.7619	1	133.495	1	68.7304	1	1	274.713	303.113
601	83.181	1	2.241e+06	1	38.7619	1	133.495	1	68.7304	1	3.16228	277.744	306.512
601	83.181	1	2.241e+06	1	38.7619	1	133.495	1	68.7304	1	10	286.374	316.135
601	83.181	1	2.241e+06	1	38.7619	1	133.495	1	68.7304	1	31.6228	308.049	339.821
601	83.181	1	2.241e+06	1	38.7619	1	133.495	1	68.7304	1	100	353.607	389.968
602	76.2692	1	1.52566e+06	1	72.5361	1	460.355	1	122.296	1	0	273.249	301.462
602	76.2692	1	1.52566e+06	1	72.5361	1	460.355	1	122.296	1	0.001	273.25	301.462
602	76.2692	1	1.52566e+06	1	72.5361	1	460.355	1	122.296	1	0.00316228	273.252	301.464
602	76.2692	1	1.52566e+06	1	72.5361	1	460.355	1	122.296	1	0.01	273.257	301.469
602	76.2692	1	1.52566e+06	1	72.5361	1	460.355	1	122.296	1	0.0316228	273.272	301.486
602	76.2692	1	1.52566e+06	1	72.5361	1	460.355	1	122.296	1	0.1	273.322	301.539
602	76.2692	1	1.52566e+06	1	72.5361	1	460.355	1	122.296	1	0.316228	273.479	301.706
602	76.2692	1	1.52566e+06	1	72.5361	1	460.355	1	122.296	1	1	273.97	302.23
602	76.2692	1	1.52566e+06	1	72.5361	1	460.355	1	122.296	1	3.16228	275.484	303.839
602	76.2692	1	1.52566e+06	1	72.5361	1	460.355	1	122.296	1	10	279.911	308.521
602	76.2692	1	1.52566e+06	1	72.5361	1	460.355	1	122.296	1	31.6228	291.378	320.627
602	76.2692	1	1.52566e+06	1	72.5361	1	460.355	1	122.296	1	100	314.935	346.706
603	102.913	1	501777	1	49.6707	1	478.449	1	89.5301	1	0	273.249	301.462
603	102.913	1	501777	1	49.6707	1	478.449	1	89.5301	1	0.001	273.25	301.463
603	102.913	1	501777	1	49.6707	1	478.449	1	89.5301	1	0.00316228	273.252	301.465
603	102.913	1	501777	1	49.6707	1	478.449	1	89.5301	1	0.01	273.258	301.472
603	102.913	1	501777	1	49.6707	1	478.449	1	89.5301	1	0.0316228	273.277	301.494
603	102.913	1	501777	1	49.6707	1	478.449	1	89.5301	1	0.1	273.337	301.563
603	102.913	1	501777	1	49.6707	1	478.449	1	89.5301	1	0.316228	273.527	301.782
603	102.913	1	501777	1	49.6707	1	478.449	1	89.5301	1	1	274.118	302.463
603	102.913	1	501777	1	49.6707	1	478.449	1	89.5301	1	3.16228	275.917	304.527
603	102.913	1	501777	1	49.6707	1	478.449	1	89.5301	1	10	281.03	310.356
603	102.913	1	501777	1	49.6707	1	478.449	1	89.5301	1	31.6228	293.293	324.105
603	102.913	1	501777	1	49.6707	1	478.449	1	89.5301	1	100	316.802	350.533
604	39.5405	1	747133	1	76.4431	1	318.745	1	105.697	1	0	273.249	301.462
604	39.5405	1	747133	1	76.4431	1	318.745	1	105.697	1	0.001	273.25	301.462
604	39.5405	1	747133	1	76.4431	1	318.745	1	105.697	1	0.00316228	273.252	301.464
604	39.5405	1	747133	1	76.4431	1	318.745	1	105.697	1	0.01	273.259	301.47
604	39.5405	1	747133	1	76.4431	1	318.745	1	105.697	1	0.0316228	273.278	301.489
604	39.5405	1	747133	1	76.4431	1	318.745	1	105.697	1	0.1	273.34	301.548
604	39.5405	1	747133	1	76.4431	1	318.745	1	105.697	1	0.316228	273.536	301.734
604	39.5405	1	747133	1	76.4431	1	318.745	1	105.697	1	1	274.148	302.316
604	39.5405	1	747133	1	76.4431	1	318.745	1	105.697	1	3.16228	276.023	304.109
604	39.5405	1	747133	1	76.4431	1	318.745	1	105.697	1	10	281.479	309.367
604	39.5405	1	747133	1	76.4431	1	318.745	1	105.697	1	31.6228	295.178	323.141
604	39.5405	1	747133	1	76.4431	1	318.745	1	105.697	1	100	322.231	353.721
605	27.9896	1	1.3794e+06	1	78.5749	1	285.267	1	79.9407	1	0	273.249	301.462
605	27.9896	1	1.3794e+06	1	78.5749	1	285.267	1	79.9407	1	0.001	273.25	301.462
605	27.9896	1	1.3794e+06	1	78.5749	1	285.267	1	79.9407	1	0.00316228	273.253	301.464
605	27.9896	1	1.3794e+06	1	78.5749	1	285.267	1	79.9407	1	0.01	273.26	301.471
605	27.9896	1	1.3794e+06	1	78.5749	1	285.267	1	79.9407	1	0.0316228	273.282	301.491
605	27.9896	1	1.3794e+06	1	78.5749	1	285.267	1	79.9407	1	0.1	273.353	301.553
605	27.9896	1	1.3794e+06	1	78.5749	1	285.267	1	79.9407	1	0.316228	273.577	301.75
605	27.9896	1	1.3794e+06	1	78.5749	1	285.267	1	79.9407	1	1	274.274	302.367
605	27.9896	1	1.3794e+06	1	78.5749	1	285.267	1	79.9407	1	3.16228	276.385	304.26
605	27.9896	1	1.3794e+06	1	78.5749	1	285.267	1	79.9407	1	10	282.432	309.806
605	27.9896	1	1.3794e+06	1	78.5749	1	285.267	1	79.9407	1	31.6228	296.635	324.162
605	27.9896	1	1.3794e+06	1	78.5749	1	285.267	1	79.9407	1	100	324.707	356.256
606	46.6552	1	252971	1	73.3922	1	449.195	1	123.016	1	0	273.249	301.462
606	46.6552	1	252971	1	73.3922	1	449.195	1	123.016	1	0.001	273.25	301.462
606	46.6552	1	252971	1	73.3922	1	449.195	1	123.016	1	0.00316228	273.252	301.464
606	46.6552	1	252971	1	73.3922	1	449.195	1	123.016	1	0.01	273.258	301.47
606	46.6552	1	252971	1	73.3922	1	449.195	1	123.016	1	0.0316228	273.275	301.487
606	46.6552	1	252971	1	73.3922	1	449.195	1	123.016	1	0.1	273.331	301.541
606	46.6552	1	252971	1	73.3922	1	449.195	1	123.016	1	0.316228	273.506	301.714
606	46.6552	1	252971	1	73.3922	1	449.195	1	123.016	1	1	274.055	302.253
606	46.6552	1	252971	1	73.3922	1	449.195	1	123.016	1	3.16228	275.736	303.908
606	46.6552	1	252971	1	73.3922	1	449.195	1	123.016	1	10	280.62	308.726
606	46.6552	1	252971	1	73.3922	1	449.195	1	123.016	1	31.6228	292.86	321.129
606	46.6552	1	252971	1	73.3922	1	449.195	1	123.016	1	100	316.16	347.521
607	37.908	1	1.10036e+06	1	118.747	1	358.165	1	70.1794	1	0	273.249	301.462
607	37.908	1	1.10036e+06	1	118.747	1	358.165	1	70.1794	1	0.001	273.25	301.462
607	37.908	1	1.10036e+06	1	118.747	1	358.165	1	70.1794	1	0.00316228	273.252	301.464
607	37.908	1	1.10036e+06	1	118.747	1	358.165	1	70.1794	1	0.01	273.257	301.468
607	37.908	1	1.10036e+06	1	118.747	1	358.165	1	70.1794	1	0.0316228	273.274	301.482
607	37.908	1	1.10036e+06	1	118.747	1	358.165	1	70.1794	1	0.1	273.326	301.528
607	37.908	1	1.10036e+06	1	118.747	1	358.165	1	70.1794	1	0.316228	273.49	301.67
607	37.908	1	1.10036e+06	1	118.747	1	358.165	1	70.1794	1	1	274.003	302.118
607	37.908	1	1.10036e+06	1	118.747	1	358.165	1	70.1794	1	3.16228	275.574	303.503
607	37.908	1	1.10036e+06	1	118.747	1	358.165	1	70.1794	1	10	280.178	307.653
607	37.908	1	1.10036e+06	1	118.747	1	358.165	1	70.1794	1	31.6228	291.737	318.904
607	37.908	1	1.10036e+06	1	118.747	1	358.165	1	70.1794	1	100	315.39	345.453
608	47.7258	1	2.03096e+06	1	81.3287	1	112.826	1	114.893	1	0	273.249	301.462
608	47.7258	1	2.03096e+06	1	81.3287	1	112.826	1	114.893	1	0.001	273.251	301.463
608	47.7258	1	2.03096e+06	1	81.3287	1	112.826	1	114.893	1	0.00316228	273.253	301.466
608	47.7258	1	2.03096e+06	1	81.3287	1	112.826	1	114.893	1	0.01	273.262	301.474
608	47.7258	1	2.03096e+06	1	81.3287	1	112.826	1	114.893	1	0.0316228	273.289	301.501
608	47.7258	1	2.03096e+06	1	81.3287	1	112.826	1	114.893	1	0.1	273.376	301.588
608	47.7258	1	2.03096e+06	1	81.3287	1	112.826	1	114.893	1	0.316228	273.649	301.86
608	47.7258	1	2.03096e+06	1	81.3287	1	112.826	1	114.893	1	1	274.505	302.713
608	47.7258	1	2.03096e+06	1	81.3287	1	112.826	1	114.893	1	3.16228	277.144	305.349
608	47.7258	1	2.03096e+06	1	81.3287	1	112.826	1	114.893	1	10	284.906	313.119
608	47.7258	1	2.03096e+06	1	81.3287	1	112.826	1	114.893	1	31.6228	306.103	334.675
608	47.7258	1	2.03096e+06	1	81.3287	1	112.826	1	114.893	1	100	353.536	386.026
609	37.5314	1	606946	1	72.8319	1	292.553	1	80.7333	1	0	273.249	301.462
609	37.5314	1	606946	1	72.8319	1	292.553	1	80.7333	1	0.001	273.25	301.462
609	37.5314	1	606946	1	72.8319	1	292.553	1	80.7333	1	0.00316228	273.252	301.464
609	37.5314	1	606946	1	72.8319	1	292.553	1	80.7333	1	0.01	273.259	301.471
609	37.5314	1	606946	1	72.8319	1	292.553	1	80.7333	1	0.0316228	273.28	301.491
609	37.5314	1	606946	1	72.8319	1	292.553	1	80.7333	1	0.1	273.346	301.553
609	37.5314	1	606946	1	72.8319	1	292.553	1	80.7333	1	0.316228	273.555	301.752
609	37.5314	1	606946	1	72.8319	1	292.553	1	80.7333	1	1	274.206	302.372
609	37.5314	1	606946	1	72.8319	1	292.553	1	80.7333	1	3.16228	276.198	304.28
609	37.5314	1	606946	1	72.8319	1	292.553	1	80.7333	1	10	281.976	309.858
609	37.5314	1	606946	1	72.8319	1	292.553	1	80.7333	1	31.6228	296.273	324.351
609	37.5314	1	606946	1	72.8319	1	292.553	1	80.7333	1	100	324.531	356.387
610	33.9433	1	672045	1	49.5913	1	503.068	1	74.2202	1	0	273.249	301.462
610	33.9433	1	672045	1	49.5913	1	503.068	1	74.2202	1	0.001	273.251	301.463
610	33.9433	1	672045	1	49.5913	1	503.068	1	74.2202	1	0.00316228	273.253	301.465
610	33.9433	1	672045	1	49.5913	1	503.068	1	74.2202	1	0.01	273.26	301.472
610	33.9433	1	672045	1	49.5913	1	503.068	1	74.2202	1	0.0316228	273.284	301.496
610	33.9433	1	672045	1	49.5913	1	503.068	1	74.2202	1	0.1	273.358	301.569
610	33.9433	1	672045	1	49.5913	1	503.068	1	74.2202	1	0.316228	273.591	301.8
610	33.9433	1	672045	1	49.5913	1	503.068	1	74.2202	1	1	274.317	302.521
610	33.9433	1	672045	1	49.5913	1	503.068	1	74.2202	1	3.16228	276.502	304.694
610	33.9433	1	672045	1	49.5913	1	503.068	1	74.2202	1	10	282.62	310.812
610	33.9433	1	672045	1	49.5913	1	503.068	1	74.2202	1	31.6228	296.178	325
610	33.9433	1	672045	1	49.5913	1	503.068	1	74.2202	1	100	318.372	351.186
611	40.842	1	761162	1	88.5508	1	304.842	1	98.9456	1	0	273.249	301.462
611	40.842	1	761162	1	88.5508	1	304.842	1	98.9456	1	0.001	273.25	301.462
611	40.842	1	761162	1	88.5508	1	304.842	1	98.9456	1	0.00316228	273.252	301.464
611	40.842	1	761162	1	88.5508	1	304.842	1	98.9456	1	0.01	273.258	301.47
611	40.842	1	761162	1	88.5508	1	304.842	1	98.9456	1	0.0316228	273.277	301.487
611	40.842	1	761162	1	88.5508	1	304.842	1	98.9456	1	0.1	273.335	301.542
611	40.842	1	761162	1	88.5508	1	304.842	1	98.9456	1	0.316228	273.52	301.714
611	40.842	1	761162	1	88.5508	1	304.842	1	98.9456	1	1	274.099	302.256
611	40.842	1	761162	1	88.5508	1	304.842	1	98.9456	1	3.16228	275.876	303.929
611	40.842	1	761162	1	88.5508	1	304.842	1	98.9456	1	10	281.087	308.888
611	40.842	1	761162	1	88.5508	1	304.842	1	98.9456	1	31.6228	294.39	322.11
611	40.842	1	761162	1	88.5508	1	304.842	1	98.9456	1	100	321.574	352.605
612	37.4083	1	1.52005e+06	1	36.4545	1	1281.4	1	117.093	1	0	273.249	301.462
612	37.4083	1	1.52005e+06	1	36.4545	1	1281.4	1	117.093	1	0.001	273.251	301.463
612	37.4083	1	1.52005e+06	1	36.4545	1	1281.4	1	117.093	1	0.00316228	273.253	301.466
612	37.4083	1	1.52005e+06	1	36.4545	1	1281.4	1	117.093	1	0.01	273.261	301.474
612	37.4083	1	1.52005e+06	1	36.4545	1	1281.4	1	117.093	1	0.0316228	273.287	301.501
612	37.4083	1	1.52005e+06	1	36.4545	1	1281.4	1	117.093	1	0.1	273.367	301.587
612	37.4083	1	1.52005e+06	1	36.4545	1	1281.4	1	117.093	1	0.316228	273.619	301.856
612	37.4083	1	1.52005e+06	1	36.4545	1	1281.4	1	117.093	1	1	274.401	302.688
612	37.4083	1	1.52005e+06	1	36.4545	1	1281.4	1	117.093	1	3.16228	276.718	305.143
612	37.4083	1	1.52005e+06	1	36.4545	1	1281.4	1	117.093	1	10	282.935	311.71
612	37.4083	1	1.52005e+06	1	36.4545	1	1281.4	1	117.093	1	31.6228	295.684	325.341
612	37.4083	1	1.52005e+06	1	36.4545	1	1281.4	1	117.093	1	100	311.397	344.718
613	42.5938	1	368643	1	104.206	1	229.034	1	136.759	1	0	273.249	301.462
613	42.5938	1	368643	1	104.206	1	229.034	1	136.759	1	0.001	273.25	301.462
613	42.5938	1	368643	1	104.206	1	229.034	1	136.759	1	0.00316228	273.252	301.464
613	42.5938	1	368643	1	104.206	1	229.034	1	136.759	1	0.01	273.258	301.47
613	42.5938	1	368643	1	104.206	1	229.034	1	136.759	1	0.0316228	273.277	301.487
613	42.5938	1	368643	1	104.206	1	229.034	1	136.759	1	0.1	273.337	301.542
613	42.5938	1	368643	1	104.206	1	229.034	1	136.759	1	0.316228	273.525	301.717
613	42.5938	1	368643	1	104.206	1	229.034	1	136.759	1	1	274.115	302.266
613	42.5938	1	368643	1	104.206	1	229.034	1	136.759	1	3.16228	275.935	303.967
613	42.5938	1	368643	1	104.206	1	229.034	1	136.759	1	10	281.321	309.062
613	42.5938	1	368643	1	104.206	1	229.034	1	136.759	1	31.6228	295.486	323.036
613	42.5938	1	368643	1	104.206	1	229.034	1	136.759	1	100	326.64	357.241
614	25.6787	1	985397	1	79.2419	1	427.908	1	78.7265	1	0	273.249	301.462
614	25.6787	1	985397	1	79.2419	1	427.908	1	78.7265	1	0.001	273.25	301.462
614	25.6787	1	985397	1	79.2419	1	427.908	1	78.7265	1	0.00316228	273.253	301.464
614	25.6787	1	985397	1	79.2419	1	427.908	1	78.7265	1	0.01	273.259	301.47
614	25.6787	1	985397	1	79.2419	1	427.908	1	78.7265	1	0.0316228	273.281	301.488
614	25.6787	1	985397	1	79.2419	1	427.908	1	78.7265	1	0.1	273.348	301.545
614	25.6787	1	985397	1	79.2419	1	427.908	1	78.7265	1	0.316228	273.559	301.723
614	25.6787	1	985397	1	79.2419	1	427.908	1	78.7265	1	1	274.216	302.282
614	25.6787	1	985397	1	79.2419	1	427.908	1	78.7265	1	3.16228	276.188	303.988
614	25.6787	1	985397	1	79.2419	1	427.908	1	78.7265	1	10	281.755	308.95
614	25.6787	1	985397	1	79.2419	1	427.908	1	78.7265	1	31.6228	294.076	321.415
614	25.6787	1	985397	1	79.2419	1	427.908	1	78.7265	1	100	316.744	347.951
615	45.1064	1	833815	1	132.091	1	316.846	1	87.2282	1	0	273.249	301.462
615	45.1064	1	833815	1	132.091	1	316.846	1	87.2282	1	0.001	273.25	301.462
615	45.1064	1	833815	1	132.091	1	316.846	1	87.2282	1	0.00316228	273.252	301.464
615	45.1064	1	833815	1	132.091	1	316.846	1	87.2282	1	0.01	273.257	301.468
615	45.1064	1	833815	1	132.091	1	316.846	1	87.2282	1	0.0316228	273.272	301.482
615	45.1064	1	833815	1	132.091	1	316.846	1	87.2282	1	0.1	273.321	301.525
615	45.1064	1	833815	1	132.091	1	316.846	1	87.2282	1	0.316228	273.475	301.663
615	45.1064	1	833815	1	132.091	1	316.846	1	87.2282	1	1	273.958	302.095
615	45.1064	1	833815	1	132.091	1	316.846	1	87.2282	1	3.16228	275.447	303.439
615	45.1064	1	833815	1	132.091	1	316.846	1	87.2282	1	10	279.866	307.493
615	45.1064	1	833815	1	132.091	1	316.846	1	87.2282	1	31.6228	291.509	318.75
615	45.1064	1	833815	1	132.091	1	316.846	1	87.2282	1	100	316.472	346.266
616	48.6535	1	1.49051e+06	1	32.5415	1	337.567	1	86.2989	1	0	273.249	301.462
616	48.6535	1	1.49051e+06	1	32.5415	1	337.567	1	86.2989	1	0.001	273.251	301.463
616	48.6535	1	1.49051e+06	1	32.5415	1	337.567	1	86.2989	1	0.00316228	273.254	301.466
616	48.6535	1	1.49051e+06	1	32.5415	1	337.567	1	86.2989	1	0.01	273.263	301.477
616	48.6535	1	1.49051e+06	1	32.5415	1	337.567	1	86.2989	1	0.0316228	273.293	301.51
616	48.6535	1	1.49051e+06	1	32.5415	1	337.567	1	86.2989	1	0.1	273.387	301.616
616	48.6535	1	1.49051e+06	1	32.5415	1	337.567	1	86.2989	1	0.316228	273.683	301.946
616	48.6535	1	1.49051e+06	1	32.5415	1	337.567	1	86.2989	1	1	274.6	302.969
616	48.6535	1	1.49051e+06	1	32.5415	1	337.567	1	86.2989	1	3.16228	277.335	306
616	48.6535	1	1.49051e+06	1	32.5415	1	337.567	1	86.2989	1	10	284.785	314.191
616	48.6535	1	1.49051e+06	1	32.5415	1	337.567	1	86.2989	1	31.6228	301.19	331.987
616	48.6535	1	1.49051e+06	1	32.5415	1	337.567	1	86.2989	1	100	328.594	363.331
617	40.7194	1	2.2635e+06	1	52.8308	1	313.4	1	60.5357	1	0	273.249	301.462
617	40.7194	1	2.2635e+06	1	52.8308	1	313.4	1	60.5357	1	0.001	273.251	301.463
617	40.7194	1	2.2635e+06	1	52.8308	1	313.4	1	60.5357	1	0.00316228	273.253	301.465
617	40.7194	1	2.2635e+06	1	52.8308	1	313.4	1	60.5357	1	0.01	273.26	301.473
617	40.7194	1	2.2635e+06	1	52.8308	1	313.4	1	60.5357	1	0.0316228	273.284	301.497
617	40.7194	1	2.2635e+06	1	52.8308	1	313.4	1	60.5357	1	0.1	273.358	301.573
617	40.7194	1	2.2635e+06	1	52.8308	1	313.4	1	60.5357	1	0.316228	273.593	301.811
617	40.7194	1	2.2635e+06	1	52.8308	1	313.4	1	60.5357	1	1	274.326	302.557
617	40.7194	1	2.2635e+06	1	52.8308	1	313.4	1	60.5357	1	3.16228	276.553	304.824
617	40.7194	1	2.2635e+06	1	52.8308	1	313.4	1	60.5357	1	10	282.905	311.302
617	40.7194	1	2.2635e+06	1	52.8308	1	313.4	1	60.5357	1	31.6228	297.984	327.07
617	40.7194	1	2.2635e+06	1	52.8308	1	313.4	1	60.5357	1	100	325.877	359.098
618	29.9006	1	797711	1	183.67	1	1055.79	1	132.126	1	0	273.249	301.462
618	29.9006	1	797711	1	183.67	1	1055.79	1	132.126	1	0.001	273.25	301.462
618	29.9006	1	797711	1	183.67	1	1055.79	1	132.126	1	0.00316228	273.251	301.463
618	29.9006	1	797711	1	183.67	1	1055.79	1	132.126	1	0.01	273.255	301.466
618	29.9006	1	797711	1	183.67	1	1055.79	1	132.126	1	0.0316228	273.268	301.475
618	29.9006	1	797711	1	183.67	1	1055.79	1	132.126	1	0.1	273.309	301.502
618	29.9006	1	797711	1	183.67	1	1055.79	1	132.126	1	0.316228	273.438	301.591
618	29.9006	1	797711	1	183.67	1	1055.79	1	132.126	1	1	273.838	301.867
618	29.9006	1	797711	1	183.67	1	1055.79	1	132.126	1	3.16228	275.035	302.714
618	29.9006	1	797711	1	183.67	1	1055.79	1	132.126	1	10	278.412	305.236
618	29.9006	1	797711	1	183.67	1	1055.79	1	132.126	1	31.6228	286.088	311.995
618	29.9006	1	797711	1	183.67	1	1055.79	1	132.126	1	100	299.114	327.165
619	39.1071	1	473336	1	192.719	1	300.523	1	99.2285	1	0	273.249	301.462
619	39.1071	1	473336	1	192.719	1	300.523	1	99.2285	1	0.001	273.25	301.462
619	39.1071	1	473336	1	192.719	1	300.523	1	99.2285	1	0.00316228	273.252	301.463
619	39.1071	1	473336	1	192.719	1	300.523	1	99.2285	1	0.01	273.256	301.467
619	39.1071	1	473336	1	192.719	1	300.523	1	99.2285	1	0.0316228	273.271	301.479
619	39.1071	1	473336	1	192.719	1	300.523	1	99.2285	1	0.1	273.318	301.518
619	39.1071	1	473336	1	192.719	1	300.523	1	99.2285	1	0.316228	273.467	301.64
619	39.1071	1	473336	1	192.719	1	300.523	1	99.2285	1	1	273.932	302.022
619	39.1071	1	473336	1	192.719	1	300.523	1	99.2285	1	3.16228	275.36	303.211
619	39.1071	1	473336	1	192.719	1	300.523	1	99.2285	1	10	279.575	306.824
619	39.1071	1	473336	1	192.719	1	300.523	1	99.2285	1	31.6228	290.493	316.958
619	39.1071	1	473336	1	192.719	1	300.523	1	99.2285	1	100	314.267	342.844
620	35.3861	1	748252	1	64.5084	1	313.682	1	73.7285	1	0	273.249	301.462
620	35.3861	1	748252	1	64.5084	1	313.682	1	73.7285	1	0.001	273.25	301.463
620	35.3861	1	748252	1	64.5084	1	313.682	1	73.7285	1	0.00316228	273.253	301.465
620	35.3861	1	748252	1	64.5084	1	313.682	1	73.7285	1	0.01	273.26	301.471
620	35.3861	1	748252	1	64.5084	1	313.682	1	73.7285	1	0.0316228	273.282	301.493
620	35.3861	1	748252	1	64.5084	1	313.682	1	73.7285	1	0.1	273.352	301.559
620	35.3861	1	748252	1	64.5084	1	313.682	1	73.7285	1	0.316228	273.572	301.77
620	35.3861	1	748252	1	64.5084	1	313.682	1	73.7285	1	1	274.259	302.43
620	35.3861	1	748252	1	64.5084	1	313.682	1	73.7285	1	3.16228	276.351	304.449
620	35.3861	1	748252	1	64.5084	1	313.682	1	73.7285	1	10	282.366	310.3
620	35.3861	1	748252	1	64.5084	1	313.682	1	73.7285	1	31.6228	296.807	325.1
620	35.3861	1	748252	1	64.5084	1	313.682	1	73.7285	1	100	324.311	356.558
621	47.8817	1	642442	1	49.9045	1	510.409	1	58.7239	1	0	273.249	301.462
621	47.8817	1	642442	1	49.9045	1	510.409	1	58.7239	1	0.001	273.25	301.463
621	47.8817	1	642442	1	49.9045	1	510.409	1	58.7239	1	0.00316228	273.253	301.465
621	47.8817	1	642442	1	49.9045	1	510.409	1	58.7239	1	0.01	273.259	301.472
621	47.8817	1	642442	1	49.9045	1	510.409	1	58.7239	1	0.0316228	273.281	301.495
621	47.8817	1	642442	1	49.9045	1	510.409	1	58.7239	1	0.1	273.349	301.566
621	47.8817	1	642442	1	49.9045	1	510.409	1	58.7239	1	0.316228	273.563	301.792
621	47.8817	1	642442	1	49.9045	1	510.409	1	58.7239	1	1	274.229	302.493
621	47.8817	1	642442	1	49.9045	1	510.409	1	58.7239	1	3.16228	276.248	304.615
621	47.8817	1	642442	1	49.9045	1	510.409	1	58.7239	1	10	281.931	310.578
621	47.8817	1	642442	1	49.9045	1	510.409	1	58.7239	1	31.6228	295.033	324.472
621	47.8817	1	642442	1	49.9045	1	510.409	1	58.7239	1	100	317.064	350.361
622	48.4497	1	3.13993e+06	1	81.0768	1	181.452	1	65.6764	1	0	273.249	301.462
622	48.4497	1	3.13993e+06	1	81.0768	1	181.452	1	65.6764	1	0.001	273.25	301.463
622	48.4497	1	3.13993e+06	1	81.0768	1	181.452	1	65.6764	1	0.00316228	273.253	301.465
622	48.4497	1	3.13993e+06	1	81.0768	1	181.452	1	65.6764	1	0.01	273.26	301.472
622	48.4497	1	3.13993e+06	1	81.0768	1	181.452	1	65.6764	1	0.0316228	273.282	301.494
622	48.4497	1	3.13993e+06	1	81.0768	1	181.452	1	65.6764	1	0.1	273.352	301.563
622	48.4497	1	3.13993e+06	1	81.0768	1	181.452	1	65.6764	1	0.316228	273.572	301.781
622	48.4497	1	3.13993e+06	1	81.0768	1	181.452	1	65.6764	1	1	274.264	302.466
622	48.4497	1	3.13993e+06	1	81.0768	1	181.452	1	65.6764	1	3.16228	276.398	304.585
622	48.4497	1	3.13993e+06	1	81.0768	1	181.452	1	65.6764	1	10	282.692	310.857
622	48.4497	1	3.13993e+06	1	81.0768	1	181.452	1	65.6764	1	31.6228	299.31	327.795
622	48.4497	1	3.13993e+06	1	81.0768	1	181.452	1	65.6764	1	100	335.625	367.939
623	38.6769	1	717113	1	101.26	1	264.354	1	92.7431	1	0	273.249	301.462
623	38.6769	1	717113	1	101.26	1	264.354	1	92.7431	1	0.001	273.25	301.462
623	38.6769	1	717113	1	101.26	1	264.354	1	92.7431	1	0.00316228	273.252	301.464
623	38.6769	1	717113	1	101.26	1	264.354	1	92.7431	1	0.01	273.258	301.469
623	38.6769	1	717113	1	101.26	1	264.354	1	92.7431	1	0.0316228	273.277	301.487
623	38.6769	1	717113	1	101.26	1	264.354	1	92.7431	1	0.1	273.336	301.54
623	38.6769	1	717113	1	101.26	1	264.354	1	92.7431	1	0.316228	273.523	301.71
623	38.6769	1	717113	1	101.26	1	264.354	1	92.7431	1	1	274.11	302.244
623	38.6769	1	717113	1	101.26	1	264.354	1	92.7431	1	3.16228	275.908	303.897
623	38.6769	1	717113	1	101.26	1	264.354	1	92.7431	1	10	281.2	308.834
623	38.6769	1	717113	1	101.26	1	264.354	1	92.7431	1	31.6228	294.776	322.238
623	38.6769	1	717113	1	101.26	1	264.354	1	92.7431	1	100	323.489	354.187
624	40.0804	1	929955	1	41.1648	1	255.977	1	50.5637	1	0	273.249	301.462
624	40.0804	1	929955	1	41.1648	1	255.977	1	50.5637	1	0.001	273.251	301.463
624	40.0804	1	929955	1	41.1648	1	255.977	1	50.5637	1	0.00316228	273.254	301.466
624	40.0804	1	929955	1	41.1648	1	255.977	1	50.5637	1	0.01	273.263	301.475
624	40.0804	1	929955	1	41.1648	1	255.977	1	50.5637	1	0.0316228	273.291	301.505
624	40.0804	1	929955	1	41.1648	1	255.977	1	50.5637	1	0.1	273.381	301.6
624	40.0804	1	929955	1	41.1648	1	255.977	1	50.5637	1	0.316228	273.663	301.898
624	40.0804	1	929955	1	41.1648	1	255.977	1	50.5637	1	1	274.543	302.825
624	40.0804	1	929955	1	41.1648	1	255.977	1	50.5637	1	3.16228	277.198	305.617
624	40.0804	1	929955	1	41.1648	1	255.977	1	50.5637	1	10	284.637	313.425
624	40.0804	1	929955	1	41.1648	1	255.977	1	50.5637	1	31.6228	301.724	331.651
624	40.0804	1	929955	1	41.1648	1	255.977	1	50.5637	1	100	333.062	367.517
625	45.0648	1	2.87105e+06	1	119.354	1	91.6848	1	84.3526	1	0	273.249	301.462
625	45.0648	1	2.87105e+06	1	119.354	1	91.6848	1	84.3526	1	0.001	273.251	301.463
625	45.0648	1	2.87105e+06	1	119.354	1	91.6848	1	84.3526	1	0.00316228	273.254	301.466
625	45.0648	1	2.87105e+06	1	119.354	1	91.6848	1	84.3526	1	0.01	273.263	301.474
625	45.0648	1	2.87105e+06	1	119.354	1	91.6848	1	84.3526	1	0.0316228	273.291	301.502
625	45.0648	1	2.87105e+06	1	119.354	1	91.6848	1	84.3526	1	0.1	273.381	301.589
625	45.0648	1	2.87105e+06	1	119.354	1	91.6848	1	84.3526	1	0.316228	273.665	301.863
625	45.0648	1	2.87105e+06	1	119.354	1	91.6848	1	84.3526	1	1	274.556	302.724
625	45.0648	1	2.87105e+06	1	119.354	1	91.6848	1	84.3526	1	3.16228	277.297	305.382
625	45.0648	1	2.87105e+06	1	119.354	1	91.6848	1	84.3526	1	10	285.321	313.21
625	45.0648	1	2.87105e+06	1	119.354	1	91.6848	1	84.3526	1	31.6228	307.424	335.286
625	45.0648	1	2.87105e+06	1	119.354	1	91.6848	1	84.3526	1	100	357.664	389.089
626	51.2037	1	805228	1	86.4572	1	288.132	1	49.828	1	0	273.249	301.462
626	51.2037	1	805228	1	86.4572	1	288.132	1	49.828	1	0.001	273.25	301.462
626	51.2037	1	805228	1	86.4572	1	288.132	1	49.828	1	0.00316228	273.252	301.464
626	51.2037	1	805228	1	86.4572	1	288.132	1	49.828	1	0.01	273.258	301.47
626	51.2037	1	805228	1	86.4572	1	288.132	1	49.828	1	0.0316228	273.276	301.488
626	51.2037	1	805228	1	86.4572	1	288.132	1	49.828	1	0.1	273.334	301.544
626	51.2037	1	805228	1	86.4572	1	288.132	1	49.828	1	0.316228	273.515	301.723
626	51.2037	1	805228	1	86.4572	1	288.132	1	49.828	1	1	274.085	302.283
626	51.2037	1	805228	1	86.4572	1	288.132	1	49.828	1	3.16228	275.839	304.013
626	51.2037	1	805228	1	86.4572	1	288.132	1	49.828	1	10	280.978	309.102
626	51.2037	1	805228	1	86.4572	1	288.132	1	49.828	1	31.6228	294.224	322.58
626	51.2037	1	805228	1	86.4572	1	288.132	1	49.828	1	100	321.881	353.873
627	66.2684	1	1.16754e+06	1	115.704	1	150.119	1	67.6606	1	0	273.249	301.462
627	66.2684	1	1.16754e+06	1	115.704	1	150.119	1	67.6606	1	0.001	273.25	301.463
627	66.2684	1	1.16754e+06	1	115.704	1	150.119	1	67.6606	1	0.00316228	273.252	301.465
627	66.2684	1	1.16754e+06	1	115.704	1	150.119	1	67.6606	1	0.01	273.259	301.471
627	66.2684	1	1.16754e+06	1	115.704	1	150.119	1	67.6606	1	0.0316228	273.279	301.491
627	66.2684	1	1.16754e+06	1	115.704	1	150.119	1	67.6606	1	0.1	273.343	301.555
627	66.2684	1	1.16754e+06	1	115.704	1	150.119	1	67.6606	1	0.316228	273.546	301.757
627	66.2684	1	1.16754e+06	1	115.704	1	150.119	1	67.6606	1	1	274.182	302.392
627	66.2684	1	1.16754e+06	1	115.704	1	150.119	1	67.6606	1	3.16228	276.158	304.366
627	66.2684	1	1.16754e+06	1	115.704	1	150.119	1	67.6606	1	10	282.056	310.284
627	66.2684	1	1.16754e+06	1	115.704	1	150.119	1	67.6606	1	31.6228	298.586	327.039
627	66.2684	1	1.16754e+06	1	115.704	1	150.119	1	67.6606	1	100	336.975	368.604
628	31.128	1	901013	1	55.8126	1	125.806	1	78.167	1	0	273.249	301.462
628	31.128	1	901013	1	55.8126	1	125.806	1	78.167	1	0.001	273.251	301.463
628	31.128	1	901013	1	55.8126	1	125.806	1	78.167	1	0.00316228	273.254	301.466
628	31.128	1	901013	1	55.8126	1	125.806	1	78.167	1	0.01	273.264	301.476
628	31.128	1	901013	1	55.8126	1	125.806	1	78.167	1	0.0316228	273.297	301.508
628	31.128	1	901013	1	55.8126	1	125.806	1	78.167	1	0.1	273.398	301.607
628	31.128	1	901013	1	55.8126	1	125.806	1	78.167	1	0.316228	273.719	301.921
628	31.128	1	901013	1	55.8126	1	125.806	1	78.167	1	1	274.722	302.903
628	31.128	1	901013	1	55.8126	1	125.806	1	78.167	1	3.16228	277.776	305.907
628	31.128	1	901013	1	55.8126	1	125.806	1	78.167	1	10	286.576	314.63
628	31.128	1	901013	1	55.8126	1	125.806	1	78.167	1	31.6228	308.613	337.413
628	31.128	1	901013	1	55.8126	1	125.806	1	78.167	1	100	354.255	388.185
629	53.853	1	1.80351e+06	1	56.1385	1	495.131	1	88.3395	1	0	273.249	301.462
629	53.853	1	1.80351e+06	1	56.1385	1	495.131	1	88.3395	1	0.001	273.25	301.463
629	53.853	1	1.80351e+06	1	56.1385	1	495.131	1	88.3395	1	0.00316228	273.252	301.465
629	53.853	1	1.80351e+06	1	56.1385	1	495.131	1	88.3395	1	0.01	273.258	301.471
629	53.853	1	1.80351e+06	1	56.1385	1	495.131	1	88.3395	1	0.0316228	273.278	301.492
629	53.853	1	1.80351e+06	1	56.1385	1	495.131	1	88.3395	1	0.1	273.339	301.556
629	53.853	1	1.80351e+06	1	56.1385	1	495.131	1	88.3395	1	0.316228	273.533	301.76
629	53.853	1	1.80351e+06	1	56.1385	1	495.131	1	88.3395	1	1	274.137	302.396
629	53.853	1	1.80351e+06	1	56.1385	1	495.131	1	88.3395	1	3.16228	275.98	304.331
629	53.853	1	1.80351e+06	1	56.1385	1	495.131	1	88.3395	1	10	281.248	309.849
629	53.853	1	1.80351e+06	1	56.1385	1	495.131	1	88.3395	1	31.6228	293.964	323.213
629	53.853	1	1.80351e+06	1	56.1385	1	495.131	1	88.3395	1	100	316.666	349.305
630	62.7761	1	1.43174e+06	1	47.1182	1	123.541	1	110.896	1	0	273.249	301.462
630	62.7761	1	1.43174e+06	1	47.1182	1	123.541	1	110.896	1	0.001	273.251	301.463
630	62.7761	1	1.43174e+06	1	47.1182	1	123.541	1	110.896	1	0.00316228	273.254	301.466
630	62.7761	1	1.43174e+06	1	47.1182	1	123.541	1	110.896	1	0.01	273.264	301.477
630	62.7761	1	1.43174e+06	1	47.1182	1	123.541	1	110.896	1	0.0316228	273.294	301.51
630	62.7761	1	1.43174e+06	1	47.1182	1	123.541	1	110.896	1	0.1	273.392	301.616
630	62.7761	1	1.43174e+06	1	47.1182	1	123.541	1	110.896	1	0.316228	273.698	301.948
630	62.7761	1	1.43174e+06	1	47.1182	1	123.541	1	110.896	1	1	274.658	302.987
630	62.7761	1	1.43174e+06	1	47.1182	1	123.541	1	110.896	1	3.16228	277.599	306.157
630	62.7761	1	1.43174e+06	1	47.1182	1	123.541	1	110.896	1	10	286.103	315.291
630	62.7761	1	1.43174e+06	1	47.1182	1	123.541	1	110.896	1	31.6228	308.334	338.898
630	62.7761	1	1.43174e+06	1	47.1182	1	123.541	1	110.896	1	100	356.002	390.72
631	66.8328	1	569927	1	87.0395	1	100.427	1	146.689	1	0	273.249	301.462
631	66.8328	1	569927	1	87.0395	1	100.427	1	146.689	1	0.001	273.251	301.463
631	66.8328	1	569927	1	87.0395	1	100.427	1	146.689	1	0.00316228	273.253	301.466
631	66.8328	1	569927	1	87.0395	1	100.427	1	146.689	1	0.01	273.262	301.474
631	66.8328	1	569927	1	87.0395	1	100.427	1	146.689	1	0.0316228	273.289	301.502
631	66.8328	1	569927	1	87.0395	1	100.427	1	146.689	1	0.1	273.375	301.591
631	66.8328	1	569927	1	87.0395	1	100.427	1	146.689	1	0.316228	273.646	301.869
631	66.8328	1	569927	1	87.0395	1	100.427	1	146.689	1	1	274.497	302.744
631	66.8328	1	569927	1	87.0395	1	100.427	1	146.689	1	3.16228	277.126	305.445
631	66.8328	1	569927	1	87.0395	1	100.427	1	146.689	1	10	284.865	313.396
631	66.8328	1	569927	1	87.0395	1	100.427	1	146.689	1	31.6228	306.557	335.713
631	66.8328	1	569927	1	87.0395	1	100.427	1	146.689	1	100	356.961	389.366
632	54.9948	1	1.5898e+06	1	71.0787	1	205.967	1	176.412	1	0	273.249	301.462
632	54.9948	1	1.5898e+06	1	71.0787	1	205.967	1	176.412	1	0.001	273.25	301.463
632	54.9948	1	1.5898e+06	1	71.0787	1	205.967	1	176.412	1	0.00316228	273.253	301.465
632	54.9948	1	1.5898e+06	1	71.0787	1	205.967	1	176.412	1	0.01	273.259	301.472
632	54.9948	1	1.5898e+06	1	71.0787	1	205.967	1	176.412	1	0.0316228	273.281	301.493
632	54.9948	1	1.5898e+06	1	71.0787	1	205.967	1	176.412	1	0.1	273.348	301.562
632	54.9948	1	1.5898e+06	1	71.0787	1	205.967	1	176.412	1	0.316228	273.561	301.779
632	54.9948	1	1.5898e+06	1	71.0787	1	205.967	1	176.412	1	1	274.228	302.46
632	54.9948	1	1.5898e+06	1	71.0787	1	205.967	1	176.412	1	3.16228	276.284	304.56
632	54.9948	1	1.5898e+06	1	71.0787	1	205.967	1	176.412	1	10	282.342	310.735
632	54.9948	1	1.5898e+06	1	71.0787	1	205.967	1	176.412	1	31.6228	298.426	327.269
632	54.9948	1	1.5898e+06	1	71.0787	1	205.967	1	176.412	1	100	333.511	365.593
633	49.8083	1	731672	1	71.8869	1	203.258	1	42.608	1	0	273.249	301.462
633	49.8083	1	731672	1	71.8869	1	203.258	1	42.608	1	0.001	273.25	301.463
633	49.8083	1	731672	1	71.8869	1	203.258	1	42.608	1	0.00316228	273.253	301.465
633	49.8083	1	731672	1	71.8869	1	203.258	1	42.608	1	0.01	273.26	301.472
633	49.8083	1	731672	1	71.8869	1	203.258	1	42.608	1	0.0316228	273.282	301.495
633	49.8083	1	731672	1	71.8869	1	203.258	1	42.608	1	0.1	273.353	301.566
633	49.8083	1	731672	1	71.8869	1	203.258	1	42.608	1	0.316228	273.575	301.79
633	49.8083	1	731672	1	71.8869	1	203.258	1	42.608	1	1	274.272	302.494
633	49.8083	1	731672	1	71.8869	1	203.258	1	42.608	1	3.16228	276.417	304.662
633	49.8083	1	731672	1	71.8869	1	203.258	1	42.608	1	10	282.658	310.978
633	49.8083	1	731672	1	71.8869	1	203.258	1	42.608	1	31.6228	298.713	327.609
633	49.8083	1	731672	1	71.8869	1	203.258	1	42.608	1	100	332.895	366.034
634	56.8113	1	1.87302e+06	1	51.1266	1	294.159	1	101.594	1	0	273.249	301.462
634	56.8113	1	1.87302e+06	1	51.1266	1	294.159	1	101.594	1	0.001	273.25	301.463
634	56.8113	1	1.87302e+06	1	51.1266	1	294.159	1	101.594	1	0.00316228	273.253	301.465
634	56.8113	1	1.87302e+06	1	51.1266	1	294.159	1	101.594	1	0.01	273.26	301.473
634	56.8113	1	1.87302e+06	1	51.1266	1	294.159	1	101.594	1	0.0316228	273.282	301.497
634	56.8113	1	1.87302e+06	1	51.1266	1	294.159	1	101.594	1	0.1	273.354	301.573
634	56.8113	1	1.87302e+06	1	51.1266	1	294.159	1	101.594	1	0.316228	273.578	301.814
634	56.8113	1	1.87302e+06	1	51.1266	1	294.159	1	101.594	1	1	274.279	302.565
634	56.8113	1	1.87302e+06	1	51.1266	1	294.159	1	101.594	1	3.16228	276.42	304.853
634	56.8113	1	1.87302e+06	1	51.1266	1	294.159	1	101.594	1	10	282.573	311.401
634	56.8113	1	1.87302e+06	1	51.1266	1	294.159	1	101.594	1	31.6228	297.802	327.526
634	56.8113	1	1.87302e+06	1	51.1266	1	294.159	1	101.594	1	100	327.326	360.625
635	40.3884	1	475513	1	63.0435	1	114.629	1	116.108	1	0	273.249	301.462
635	40.3884	1	475513	1	63.0435	1	114.629	1	116.108	1	0.001	273.251	301.463
635	40.3884	1	475513	1	63.0435	1	114.629	1	116.108	1	0.00316228	273.254	301.466
635	40.3884	1	475513	1	63.0435	1	114.629	1	116.108	1	0.01	273.263	301.476
635	40.3884	1	475513	1	63.0435	1	114.629	1	116.108	1	0.0316228	273.294	301.506
635	40.3884	1	475513	1	63.0435	1	114.629	1	116.108	1	0.1	273.39	301.602
635	40.3884	1	475513	1	63.0435	1	114.629	1	116.108	1	0.316228	273.692	301.905
635	40.3884	1	475513	1	63.0435	1	114.629	1	116.108	1	1	274.638	302.853
635	40.3884	1	475513	1	63.0435	1	114.629	1	116.108	1	3.16228	277.542	305.769
635	40.3884	1	475513	1	63.0435	1	114.629	1	116.108	1	10	286.007	314.283
635	40.3884	1	475513	1	63.0435	1	114.629	1	116.108	1	31.6228	308.419	337.263
635	40.3884	1	475513	1	63.0435	1	114.629	1	116.108	1	100	356.39	389.872
636	46.8343	1	654738	1	45.6809	1	344.036	1	76.14	1	0	273.249	301.462
636	46.8343	1	654738	1	45.6809	1	344.036	1	76.14	1	0.001	273.251	301.463
636	46.8343	1	654738	1	45.6809	1	344.036	1	76.14	1	0.00316228	273.253	301.465
636	46.8343	1	654738	1	45.6809	1	344.036	1	76.14	1	0.01	273.261	301.473
636	46.8343	1	654738	1	45.6809	1	344.036	1	76.14	1	0.0316228	273.285	301.499
636	46.8343	1	654738	1	45.6809	1	344.036	1	76.14	1	0.1	273.361	301.581
636	46.8343	1	654738	1	45.6809	1	344.036	1	76.14	1	0.316228	273.602	301.836
636	46.8343	1	654738	1	45.6809	1	344.036	1	76.14	1	1	274.353	302.634
636	46.8343	1	654738	1	45.6809	1	344.036	1	76.14	1	3.16228	276.628	305.042
636	46.8343	1	654738	1	45.6809	1	344.036	1	76.14	1	10	283.064	311.837
636	46.8343	1	654738	1	45.6809	1	344.036	1	76.14	1	31.6228	298.176	327.854
636	46.8343	1	654738	1	45.6809	1	344.036	1	76.14	1	100	325.2	358.807
637	48.0767	1	290261	1	43.1727	1	104.598	1	77.8579	1	0	273.249	301.462
637	48.0767	1	290261	1	43.1727	1	104.598	1	77.8579	1	0.001	273.251	301.463
637	48.0767	1	290261	1	43.1727	1	104.598	1	77.8579	1	0.00316228	273.255	301.467
637	48.0767	1	290261	1	43.1727	1	104.598	1	77.8579	1	0.01	273.266	301.479
637	48.0767	1	290261	1	43.1727	1	104.598	1	77.8579	1	0.0316228	273.302	301.517
637	48.0767	1	290261	1	43.1727	1	104.598	1	77.8579	1	0.1	273.414	301.637
637	48.0767	1	290261	1	43.1727	1	104.598	1	77.8579	1	0.316228	273.769	302.015
637	48.0767	1	290261	1	43.1727	1	104.598	1	77.8579	1	1	274.878	303.195
637	48.0767	1	290261	1	43.1727	1	104.598	1	77.8579	1	3.16228	278.264	306.787
637	48.0767	1	290261	1	43.1727	1	104.598	1	77.8579	1	10	287.981	317.064
637	48.0767	1	290261	1	43.1727	1	104.598	1	77.8579	1	31.6228	312.998	343.438
637	48.0767	1	290261	1	43.1727	1	104.598	1	77.8579	1	100	364.973	400.373
638	36.231	1	610695	1	74.913	1	1353.26	1	53.821	1	0	273.249	301.462
638	36.231	1	610695	1	74.913	1	1353.26	1	53.821	1	0.001	273.25	301.462
638	36.231	1	610695	1	74.913	1	1353.26	1	53.821	1	0.00316228	273.252	301.464
638	36.231	1	610695	1	74.913	1	1353.26	1	53.821	1	0.01	273.257	301.469
638	36.231	1	610695	1	74.913	1	1353.26	1	53.821	1	0.0316228	273.274	301.484
638	36.231	1	610695	1	74.913	1	1353.26	1	53.821	1	0.1	273.327	301.532
638	36.231	1	610695	1	74.913	1	1353.26	1	53.821	1	0.316228	273.494	301.685
638	36.231	1	610695	1	74.913	1	1353.26	1	53.821	1	1	274.013	302.162
638	36.231	1	610695	1	74.913	1	1353.26	1	53.821	1	3.16228	275.581	303.613
638	36.231	1	610695	1	74.913	1	1353.26	1	53.821	1	10	279.981	307.728
638	36.231	1	610695	1	74.913	1	1353.26	1	53.821	1	31.6228	289.789	317.682
638	36.231	1	610695	1	74.913	1	1353.26	1	53.821	1	100	304.606	335.731
639	36.8566	1	634982	1	52.7391	1	353.954	1	92.6267	1	0	273.249	301.462
639	36.8566	1	634982	1	52.7391	1	353.954	1	92.6267	1	0.001	273.251	301.463
639	36.8566	1	634982	1	52.7391	1	353.954	1	92.6267	1	0.00316228	273.253	301.465
639	36.8566	1	634982	1	52.7391	1	353.954	1	92.6267	1	0.01	273.26	301.472
639	36.8566	1	634982	1	52.7391	1	353.954	1	92.6267	1	0.0316228	273.284	301.496
639	36.8566	1	634982	1	52.7391	1	353.954	1	92.6267	1	0.1	273.358	301.57
639	36.8566	1	634982	1	52.7391	1	353.954	1	92.6267	1	0.316228	273.591	301.802
639	36.8566	1	634982	1	52.7391	1	353.954	1	92.6267	1	1	274.318	302.528
639	36.8566	1	634982	1	52.7391	1	353.954	1	92.6267	1	3.16228	276.521	304.732
639	36.8566	1	634982	1	52.7391	1	353.954	1	92.6267	1	10	282.788	311.026
639	36.8566	1	634982	1	52.7391	1	353.954	1	92.6267	1	31.6228	297.506	326.286
639	36.8566	1	634982	1	52.7391	1	353.954	1	92.6267	1	100	323.859	356.676
640	42.9043	1	928436	1	113.457	1	294.747	1	139.695	1	0	273.249	301.462
640	42.9043	1	928436	1	113.457	1	294.747	1	139.695	1	0.001	273.25	301.462
640	42.9043	1	928436	1	113.457	1	294.747	1	139.695	1	0.00316228	273.252	301.464
640	42.9043	1	928436	1	113.457	1	294.747	1	139.695	1	0.01	273.257	301.469
640	42.9043	1	928436	1	113.457	1	294.747	1	139.695	1	0.0316228	273.274	301.484
640	42.9043	1	928436	1	113.457	1	294.747	1	139.695	1	0.1	273.327	301.532
640	42.9043	1	928436	1	113.457	1	294.747	1	139.695	1	0.316228	273.494	301.683
640	42.9043	1	928436	1	113.457	1	294.747	1	139.695	1	1	274.018	302.159
640	42.9043	1	928436	1	113.457	1	294.747	1	139.695	1	3.16228	275.631	303.634
640	42.9043	1	928436	1	113.457	1	294.747	1	139.695	1	10	280.405	308.066
640	42.9043	1	928436	1	113.457	1	294.747	1	139.695	1	31.6228	292.967	320.312
640	42.9043	1	928436	1	113.457	1	294.747	1	139.695	1	100	319.746	349.83
641	38.3757	1	150559	1	84.375	1	286.67	1	94.58	1	0	273.249	301.462
641	38.3757	1	150559	1	84.375	1	286.67	1	94.58	1	0.001	273.25	301.462
641	38.3757	1	150559	1	84.375	1	286.67	1	94.58	1	0.00316228	273.252	301.464
641	38.3757	1	150559	1	84.375	1	286.67	1	94.58	1	0.01	273.259	301.47
641	38.3757	1	150559	1	84.375	1	286.67	1	94.58	1	0.0316228	273.278	301.488
641	38.3757	1	150559	1	84.375	1	286.67	1	94.58	1	0.1	273.34	301.546
641	38.3757	1	150559	1	84.375	1	286.67	1	94.58	1	0.316228	273.536	301.728
641	38.3757	1	150559	1	84.375	1	286.67	1	94.58	1	1	274.147	302.299
641	38.3757	1	150559	1	84.375	1	286.67	1	94.58	1	3.16228	276.021	304.061
641	38.3757	1	150559	1	84.375	1	286.67	1	94.58	1	10	281.499	309.267
641	38.3757	1	150559	1	84.375	1	286.67	1	94.58	1	31.6228	295.335	323.084
641	38.3757	1	150559	1	84.375	1	286.67	1	94.58	1	100	323.486	354.751
642	44.1002	1	953535	1	85.8586	1	79.4295	1	89.9359	1	0	273.249	301.462
642	44.1002	1	953535	1	85.8586	1	79.4295	1	89.9359	1	0.001	273.251	301.463
642	44.1002	1	953535	1	85.8586	1	79.4295	1	89.9359	1	0.00316228	273.254	301.466
642	44.1002	1	953535	1	85.8586	1	79.4295	1	89.9359	1	0.01	273.265	301.477
642	44.1002	1	953535	1	85.8586	1	79.4295	1	89.9359	1	0.0316228	273.298	301.51
642	44.1002	1	953535	1	85.8586	1	79.4295	1	89.9359	1	0.1	273.404	301.615
642	44.1002	1	953535	1	85.8586	1	79.4295	1	89.9359	1	0.316228	273.737	301.946
642	44.1002	1	953535	1	85.8586	1	79.4295	1	89.9359	1	1	274.781	302.982
642	44.1002	1	953535	1	85.8586	1	79.4295	1	89.9359	1	3.16228	277.982	306.168
642	44.1002	1	953535	1	85.8586	1	79.4295	1	89.9359	1	10	287.276	315.439
642	44.1002	1	953535	1	85.8586	1	79.4295	1	89.9359	1	31.6228	312.894	341.456
642	44.1002	1	953535	1	85.8586	1	79.4295	1	89.9359	1	100	369.187	402.093
643	59.6754	1	842128	1	104.424	1	469.234	1	116.346	1	0	273.249	301.462
643	59.6754	1	842128	1	104.424	1	469.234	1	116.346	1	0.001	273.25	301.462
643	59.6754	1	842128	1	104.424	1	469.234	1	116.346	1	0.00316228	273.251	301.464
643	59.6754	1	842128	1	104.424	1	469.234	1	116.346	1	0.01	273.256	301.468
643	59.6754	1	842128	1	104.424	1	469.234	1	116.346	1	0.0316228	273.27	301.481
643	59.6754	1	842128	1	104.424	1	469.234	1	116.346	1	0.1	273.313	301.523
643	59.6754	1	842128	1	104.424	1	469.234	1	116.346	1	0.316228	273.45	301.656
643	59.6754	1	842128	1	104.424	1	469.234	1	116.346	1	1	273.882	302.073
643	59.6754	1	842128	1	104.424	1	469.234	1	116.346	1	3.16228	275.214	303.367
643	59.6754	1	842128	1	104.424	1	469.234	1	116.346	1	10	279.163	307.225
643	59.6754	1	842128	1	104.424	1	469.234	1	116.346	1	31.6228	289.778	317.797
643	59.6754	1	842128	1	104.424	1	469.234	1	116.346	1	100	311.547	341.892
644	162.891	1	1.23344e+06	1	60.9542	1	208.768	1	94.8807	1	0	273.249	301.462
644	162.891	1	1.23344e+06	1	60.9542	1	208.768	1	94.8807	1	0.001	273.25	301.463
644	162.891	1	1.23344e+06	1	60.9542	1	208.768	1	94.8807	1	0.00316228	273.252	301.465
644	162.891	1	1.23344e+06	1	60.9542	1	208.768	1	94.8807	1	0.01	273.259	301.472
644	162.891	1	1.23344e+06	1	60.9542	1	208.768	1	94.8807	1	0.0316228	273.279	301.495
644	162.891	1	1.23344e+06	1	60.9542	1	208.768	1	94.8807	1	0.1	273.343	301.568
644	162.891	1	1.23344e+06	1	60.9542	1	208.768	1	94.8807	1	0.316228	273.543	301.798
644	162.891	1	1.23344e+06	1	60.9542	1	208.768	1	94.8807	1	1	274.173	302.517
644	162.891	1	1.23344e+06	1	60.9542	1	208.768	1	94.8807	1	3.16228	276.114	304.728
644	162.891	1	1.23344e+06	1	60.9542	1	208.768	1	94.8807	1	10	281.825	311.184
644	162.891	1	1.23344e+06	1	60.9542	1	208.768	1	94.8807	1	31.6228	296.836	327.983
644	162.891	1	1.23344e+06	1	60.9542	1	208.768	1	94.8807	1	100	331.822	366.158
645	57.8515	1	3.31008e+06	1	130.905	1	520.058	1	76.9795	1	0	273.249	301.462
645	57.8515	1	3.31008e+06	1	130.905	1	520.058	1	76.9795	1	0.001	273.25	301.462
645	57.8515	1	3.31008e+06	1	130.905	1	520.058	1	76.9795	1	0.00316228	273.251	301.463
645	57.8515	1	3.31008e+06	1	130.905	1	520.058	1	76.9795	1	0.01	273.255	301.467
645	57.8515	1	3.31008e+06	1	130.905	1	520.058	1	76.9795	1	0.0316228	273.268	301.478
645	57.8515	1	3.31008e+06	1	130.905	1	520.058	1	76.9795	1	0.1	273.307	301.515
645	57.8515	1	3.31008e+06	1	130.905	1	520.058	1	76.9795	1	0.316228	273.431	301.629
645	57.8515	1	3.31008e+06	1	130.905	1	520.058	1	76.9795	1	1	273.82	301.99
645	57.8515	1	3.31008e+06	1	130.905	1	520.058	1	76.9795	1	3.16228	275.024	303.11
645	57.8515	1	3.31008e+06	1	130.905	1	520.058	1	76.9795	1	10	278.599	306.477
645	57.8515	1	3.31008e+06	1	130.905	1	520.058	1	76.9795	1	31.6228	288.156	315.767
645	57.8515	1	3.31008e+06	1	130.905	1	520.058	1	76.9795	1	100	307.601	337.525
646	46.0841	1	2.50738e+06	1	68.1126	1	418.864	1	169.71	1	0	273.249	301.462
646	46.0841	1	2.50738e+06	1	68.1126	1	418.864	1	169.71	1	0.001	273.25	301.462
646	46.0841	1	2.50738e+06	1	68.1126	1	418.864	1	169.71	1	0.00316228	273.252	301.464
646	46.0841	1	2.50738e+06	1	68.1126	1	418.864	1	169.71	1	0.01	273.258	301.47
646	46.0841	1	2.50738e+06	1	68.1126	1	418.864	1	169.71	1	0.0316228	273.277	301.488
646	46.0841	1	2.50738e+06	1	68.1126	1	418.864	1	169.71	1	0.1	273.335	301.547
646	46.0841	1	2.50738e+06	1	68.1126	1	418.864	1	169.71	1	0.316228	273.52	301.73
646	46.0841	1	2.50738e+06	1	68.1126	1	418.864	1	169.71	1	1	274.098	302.304
646	46.0841	1	2.50738e+06	1	68.1126	1	418.864	1	169.71	1	3.16228	275.866	304.062
646	46.0841	1	2.50738e+06	1	68.1126	1	418.864	1	169.71	1	10	280.991	309.161
646	46.0841	1	2.50738e+06	1	68.1126	1	418.864	1	169.71	1	31.6228	293.815	322.212
646	46.0841	1	2.50738e+06	1	68.1126	1	418.864	1	169.71	1	100	318.119	349.713
647	69.8429	1	4.74772e+06	1	81.3501	1	361.996	1	139.903	1	0	273.249	301.462
647	69.8429	1	4.74772e+06	1	81.3501	1	361.996	1	139.903	1	0.001	273.25	301.462
647	69.8429	1	4.74772e+06	1	81.3501	1	361.996	1	139.903	1	0.00316228	273.252	301.464
647	69.8429	1	4.74772e+06	1	81.3501	1	361.996	1	139.903	1	0.01	273.257	301.469
647	69.8429	1	4.74772e+06	1	81.3501	1	361.996	1	139.903	1	0.0316228	273.273	301.486
647	69.8429	1	4.74772e+06	1	81.3501	1	361.996	1	139.903	1	0.1	273.323	301.538
647	69.8429	1	4.74772e+06	1	81.3501	1	361.996	1	139.903	1	0.316228	273.482	301.703
647	69.8429	1	4.74772e+06	1	81.3501	1	361.996	1	139.903	1	1	273.982	302.219
647	69.8429	1	4.74772e+06	1	81.3501	1	361.996	1	139.903	1	3.16228	275.525	303.815
647	69.8429	1	4.74772e+06	1	81.3501	1	361.996	1	139.903	1	10	280.078	308.517
647	69.8429	1	4.74772e+06	1	81.3501	1	361.996	1	139.903	1	31.6228	292.193	321.053
647	69.8429	1	4.74772e+06	1	81.3501	1	361.996	1	139.903	1	100	318.27	349.597
648	70.0231	1	219782	1	67.3721	1	588.734	1	82.2274	1	0	273.249	301.462
648	70.0231	1	219782	1	67.3721	1	588.734	1	82.2274	1	0.001	273.25	301.462
648	70.0231	1	219782	1	67.3721	1	588.734	1	82.2274	1	0.00316228	273.252	301.464
648	70.0231	1	219782	1	67.3721	1	588.734	1	82.2274	1	0.01	273.257	301.469
648	70.0231	1	219782	1	67.3721	1	588.734	1	82.2274	1	0.0316228	273.273	301.487
648	70.0231	1	219782	1	67.3721	1	588.734	1	82.2274	1	0.1	273.324	301.541
648	70.0231	1	219782	1	67.3721	1	588.734	1	82.2274	1	0.316228	273.483	301.711
648	70.0231	1	219782	1	67.3721	1	588.734	1	82.2274	1	1	273.983	302.244
648	70.0231	1	219782	1	67.3721	1	588.734	1	82.2274	1	3.16228	275.517	303.875
648	70.0231	1	219782	1	67.3721	1	588.734	1	82.2274	1	10	279.945	308.565
648	70.0231	1	219782	1	67.3721	1	588.734	1	82.2274	1	31.6228	291.064	320.327
648	70.0231	1	219782	1	67.3721	1	588.734	1	82.2274	1	100	311.833	344.075
649	52.3021	1	1.27183e+06	1	85.224	1	481.744	1	37.1021	1	0	273.249	301.462
649	52.3021	1	1.27183e+06	1	85.224	1	481.744	1	37.1021	1	0.001	273.25	301.462
649	52.3021	1	1.27183e+06	1	85.224	1	481.744	1	37.1021	1	0.00316228	273.252	301.464
649	52.3021	1	1.27183e+06	1	85.224	1	481.744	1	37.1021	1	0.01	273.257	301.469
649	52.3021	1	1.27183e+06	1	85.224	1	481.744	1	37.1021	1	0.0316228	273.273	301.485
649	52.3021	1	1.27183e+06	1	85.224	1	481.744	1	37.1021	1	0.1	273.324	301.535
649	52.3021	1	1.27183e+06	1	85.224	1	481.744	1	37.1021	1	0.316228	273.486	301.694
649	52.3021	1	1.27183e+06	1	85.224	1	481.744	1	37.1021	1	1	273.991	302.191
649	52.3021	1	1.27183e+06	1	85.224	1	481.744	1	37.1021	1	3.16228	275.54	303.719
649	52.3021	1	1.27183e+06	1	85.224	1	481.744	1	37.1021	1	10	279.985	308.12
649	52.3021	1	1.27183e+06	1	85.224	1	481.744	1	37.1021	1	31.6228	290.921	319.325
649	52.3021	1	1.27183e+06	1	85.224	1	481.744	1	37.1021	1	100	312.014	344.025
650	55.2377	1	497381	1	69.2937	1	223.654	1	63.545	1	0	273.249	301.462
650	55.2377	1	497381	1	69.2937	1	223.654	1	63.545	1	0.001	273.25	301.463
650	55.2377	1	497381	1	69.2937	1	223.654	1	63.545	1	0.00316228	273.253	301.465
650	55.2377	1	497381	1	69.2937	1	223.654	1	63.545	1	0.01	273.259	301.472
650	55.2377	1	497381	1	69.2937	1	223.654	1	63.545	1	0.0316228	273.28	301.493
650	55.2377	1	497381	1	69.2937	1	223.654	1	63.545	1	0.1	273.348	301.562
650	55.2377	1	497381	1	69.2937	1	223.654	1	63.545	1	0.316228	273.559	301.78
650	55.2377	1	497381	1	69.2937	1	223.654	1	63.545	1	1	274.223	302.461
650	55.2377	1	497381	1	69.2937	1	223.654	1	63.545	1	3.16228	276.267	304.559
650	55.2377	1	497381	1	69.2937	1	223.654	1	63.545	1	10	282.256	310.7
650	55.2377	1	497381	1	69.2937	1	223.654	1	63.545	1	31.6228	297.79	326.808
650	55.2377	1	497381	1	69.2937	1	223.654	1	63.545	1	100	330.644	363.553
651	48.7877	1	567680	1	69.4517	1	192.529	1	66.442	1	0	273.249	301.462
651	48.7877	1	567680	1	69.4517	1	192.529	1	66.442	1	0.001	273.25	301.463
651	48.7877	1	567680	1	69.4517	1	192.529	1	66.442	1	0.00316228	273.253	301.465
651	48.7877	1	567680	1	69.4517	1	192.529	1	66.442	1	0.01	273.26	301.472
651	48.7877	1	567680	1	69.4517	1	192.529	1	66.442	1	0.0316228	273.283	301.495
651	48.7877	1	567680	1	69.4517	1	192.529	1	66.442	1	0.1	273.355	301.568
651	48.7877	1	567680	1	69.4517	1	192.529	1	66.442	1	0.316228	273.584	301.799
651	48.7877	1	567680	1	69.4517	1	192.529	1	66.442	1	1	274.299	302.522
651	48.7877	1	567680	1	69.4517	1	192.529	1	66.442	1	3.16228	276.502	304.749
651	48.7877	1	567680	1	69.4517	1	192.529	1	66.442	1	10	282.96	311.281
651	48.7877	1	567680	1	69.4517	1	192.529	1	66.442	1	31.6228	299.751	328.581
651	48.7877	1	567680	1	69.4517	1	192.529	1	66.442	1	100	335.527	368.361
652	27.6167	1	1.64413e+06	1	65.058	1	240.286	1	95.8605	1	0	273.249	301.462
652	27.6167	1	1.64413e+06	1	65.058	1	240.286	1	95.8605	1	0.001	273.251	301.463
652	27.6167	1	1.64413e+06	1	65.058	1	240.286	1	95.8605	1	0.00316228	273.253	301.465
652	27.6167	1	1.64413e+06	1	65.058	1	240.286	1	95.8605	1	0.01	273.261	301.472
652	27.6167	1	1.64413e+06	1	65.058	1	240.286	1	95.8605	1	0.0316228	273.286	301.495
652	27.6167	1	1.64413e+06	1	65.058	1	240.286	1	95.8605	1	0.1	273.366	301.568
652	27.6167	1	1.64413e+06	1	65.058	1	240.286	1	95.8605	1	0.316228	273.618	301.799
652	27.6167	1	1.64413e+06	1	65.058	1	240.286	1	95.8605	1	1	274.403	302.519
652	27.6167	1	1.64413e+06	1	65.058	1	240.286	1	95.8605	1	3.16228	276.778	304.722
652	27.6167	1	1.64413e+06	1	65.058	1	240.286	1	95.8605	1	10	283.565	311.127
652	27.6167	1	1.64413e+06	1	65.058	1	240.286	1	95.8605	1	31.6228	299.564	327.49
652	27.6167	1	1.64413e+06	1	65.058	1	240.286	1	95.8605	1	100	330.969	363.365
653	65.8036	1	503343	1	55.4549	1	828.142	1	90.4916	1	0	273.249	301.462
653	65.8036	1	503343	1	55.4549	1	828.142	1	90.4916	1	0.001	273.25	301.462
653	65.8036	1	503343	1	55.4549	1	828.142	1	90.4916	1	0.00316228	273.252	301.464
653	65.8036	1	503343	1	55.4549	1	828.142	1	90.4916	1	0.01	273.258	301.47
653	65.8036	1	503343	1	55.4549	1	828.142	1	90.4916	1	0.0316228	273.275	301.489
653	65.8036	1	503343	1	55.4549	1	828.142	1	90.4916	1	0.1	273.33	301.55
653	65.8036	1	503343	1	55.4549	1	828.142	1	90.4916	1	0.316228	273.504	301.739
653	65.8036	1	503343	1	55.4549	1	828.142	1	90.4916	1	1	274.048	302.33
653	65.8036	1	503343	1	55.4549	1	828.142	1	90.4916	1	3.16228	275.7	304.122
653	65.8036	1	503343	1	55.4549	1	828.142	1	90.4916	1	10	280.38	309.177
653	65.8036	1	503343	1	55.4549	1	828.142	1	90.4916	1	31.6228	291.56	321.16
653	65.8036	1	503343	1	55.4549	1	828.142	1	90.4916	1	100	310.104	342.715
654	54.8254	1	1.11783e+06	1	70.4028	1	114.175	1	91.3036	1	0	273.249	301.462
654	54.8254	1	1.11783e+06	1	70.4028	1	114.175	1	91.3036	1	0.001	273.251	301.463
654	54.8254	1	1.11783e+06	1	70.4028	1	114.175	1	91.3036	1	0.00316228	273.254	301.466
654	54.8254	1	1.11783e+06	1	70.4028	1	114.175	1	91.3036	1	0.01	273.262	301.475
654	54.8254	1	1.11783e+06	1	70.4028	1	114.175	1	91.3036	1	0.0316228	273.29	301.503
654	54.8254	1	1.11783e+06	1	70.4028	1	114.175	1	91.3036	1	0.1	273.378	301.594
654	54.8254	1	1.11783e+06	1	70.4028	1	114.175	1	91.3036	1	0.316228	273.657	301.88
654	54.8254	1	1.11783e+06	1	70.4028	1	114.175	1	91.3036	1	1	274.529	302.775
654	54.8254	1	1.11783e+06	1	70.4028	1	114.175	1	91.3036	1	3.16228	277.219	305.538
654	54.8254	1	1.11783e+06	1	70.4028	1	114.175	1	91.3036	1	10	285.116	313.637
654	54.8254	1	1.11783e+06	1	70.4028	1	114.175	1	91.3036	1	31.6228	306.633	335.854
654	54.8254	1	1.11783e+06	1	70.4028	1	114.175	1	91.3036	1	100	354.578	387.893
655	40.6589	1	308419	1	54.6984	1	452.33	1	98.7736	1	0	273.249	301.462
655	40.6589	1	308419	1	54.6984	1	452.33	1	98.7736	1	0.001	273.25	301.463
655	40.6589	1	308419	1	54.6984	1	452.33	1	98.7736	1	0.00316228	273.253	301.465
655	40.6589	1	308419	1	54.6984	1	452.33	1	98.7736	1	0.01	273.259	301.472
655	40.6589	1	308419	1	54.6984	1	452.33	1	98.7736	1	0.0316228	273.281	301.493
655	40.6589	1	308419	1	54.6984	1	452.33	1	98.7736	1	0.1	273.348	301.561
655	40.6589	1	308419	1	54.6984	1	452.33	1	98.7736	1	0.316228	273.561	301.776
655	40.6589	1	308419	1	54.6984	1	452.33	1	98.7736	1	1	274.225	302.445
655	40.6589	1	308419	1	54.6984	1	452.33	1	98.7736	1	3.16228	276.24	304.478
655	40.6589	1	308419	1	54.6984	1	452.33	1	98.7736	1	10	281.973	310.273
655	40.6589	1	308419	1	54.6984	1	452.33	1	98.7736	1	31.6228	295.477	324.249
655	40.6589	1	308419	1	54.6984	1	452.33	1	98.7736	1	100	318.963	351.438
656	31.8942	1	793229	1	43.8407	1	181.155	1	125.938	1	0	273.249	301.462
656	31.8942	1	793229	1	43.8407	1	181.155	1	125.938	1	0.001	273.251	301.463
656	31.8942	1	793229	1	43.8407	1	181.155	1	125.938	1	0.00316228	273.254	301.466
656	31.8942	1	793229	1	43.8407	1	181.155	1	125.938	1	0.01	273.264	301.476
656	31.8942	1	793229	1	43.8407	1	181.155	1	125.938	1	0.0316228	273.295	301.508
656	31.8942	1	793229	1	43.8407	1	181.155	1	125.938	1	0.1	273.393	301.607
656	31.8942	1	793229	1	43.8407	1	181.155	1	125.938	1	0.316228	273.703	301.919
656	31.8942	1	793229	1	43.8407	1	181.155	1	125.938	1	1	274.669	302.893
656	31.8942	1	793229	1	43.8407	1	181.155	1	125.938	1	3.16228	277.591	305.845
656	31.8942	1	793229	1	43.8407	1	181.155	1	125.938	1	10	285.881	314.248
656	31.8942	1	793229	1	43.8407	1	181.155	1	125.938	1	31.6228	305.653	334.856
656	31.8942	1	793229	1	43.8407	1	181.155	1	125.938	1	100	343.376	377.572
657	37.2382	1	2.66327e+06	1	83.0611	1	554.481	1	111.419	1	0	273.249	301.462
657	37.2382	1	2.66327e+06	1	83.0611	1	554.481	1	111.419	1	0.001	273.25	301.462
657	37.2382	1	2.66327e+06	1	83.0611	1	554.481	1	111.419	1	0.00316228	273.252	301.464
657	37.2382	1	2.66327e+06	1	83.0611	1	554.481	1	111.419	1	0.01	273.257	301.469
657	37.2382	1	2.66327e+06	1	83.0611	1	554.481	1	111.419	1	0.0316228	273.275	301.484
657	37.2382	1	2.66327e+06	1	83.0611	1	554.481	1	111.419	1	0.1	273.329	301.534
657	37.2382	1	2.66327e+06	1	83.0611	1	554.481	1	111.419	1	0.316228	273.5	301.689
657	37.2382	1	2.66327e+06	1	83.0611	1	554.481	1	111.419	1	1	274.033	302.176
657	37.2382	1	2.66327e+06	1	83.0611	1	554.481	1	111.419	1	3.16228	275.659	303.67
657	37.2382	1	2.66327e+06	1	83.0611	1	554.481	1	111.419	1	10	280.345	308.036
657	37.2382	1	2.66327e+06	1	83.0611	1	554.481	1	111.419	1	31.6228	291.692	319.267
657	37.2382	1	2.66327e+06	1	83.0611	1	554.481	1	111.419	1	100	312.227	343.039
658	34.1903	1	925256	1	70.9897	1	315.153	1	137.686	1	0	273.249	301.462
658	34.1903	1	925256	1	70.9897	1	315.153	1	137.686	1	0.001	273.25	301.462
658	34.1903	1	925256	1	70.9897	1	315.153	1	137.686	1	0.00316228	273.253	301.464
658	34.1903	1	925256	1	70.9897	1	315.153	1	137.686	1	0.01	273.259	301.471
658	34.1903	1	925256	1	70.9897	1	315.153	1	137.686	1	0.0316228	273.28	301.49
658	34.1903	1	925256	1	70.9897	1	315.153	1	137.686	1	0.1	273.347	301.553
658	34.1903	1	925256	1	70.9897	1	315.153	1	137.686	1	0.316228	273.558	301.75
658	34.1903	1	925256	1	70.9897	1	315.153	1	137.686	1	1	274.217	302.366
658	34.1903	1	925256	1	70.9897	1	315.153	1	137.686	1	3.16228	276.225	304.258
658	34.1903	1	925256	1	70.9897	1	315.153	1	137.686	1	10	282.014	309.768
658	34.1903	1	925256	1	70.9897	1	315.153	1	137.686	1	31.6228	296.207	324.05
658	34.1903	1	925256	1	70.9897	1	315.153	1	137.686	1	100	323.4	355.111
659	58.6621	1	3.08625e+06	1	74.8454	1	690.267	1	92.8854	1	0	273.249	301.462
659	58.6621	1	3.08625e+06	1	74.8454	1	690.267	1	92.8854	1	0.001	273.25	301.462
659	58.6621	1	3.08625e+06	1	74.8454	1	690.267	1	92.8854	1	0.00316228	273.252	301.464
659	58.6621	1	3.08625e+06	1	74.8454	1	690.267	1	92.8854	1	0.01	273.256	301.469
659	58.6621	1	3.08625e+06	1	74.8454	1	690.267	1	92.8854	1	0.0316228	273.272	301.484
659	58.6621	1	3.08625e+06	1	74.8454	1	690.267	1	92.8854	1	0.1	273.32	301.533
659	58.6621	1	3.08625e+06	1	74.8454	1	690.267	1	92.8854	1	0.316228	273.472	301.688
659	58.6621	1	3.08625e+06	1	74.8454	1	690.267	1	92.8854	1	1	273.948	302.173
659	58.6621	1	3.08625e+06	1	74.8454	1	690.267	1	92.8854	1	3.16228	275.408	303.66
659	58.6621	1	3.08625e+06	1	74.8454	1	690.267	1	92.8854	1	10	279.638	307.962
659	58.6621	1	3.08625e+06	1	74.8454	1	690.267	1	92.8854	1	31.6228	290.267	318.907
659	58.6621	1	3.08625e+06	1	74.8454	1	690.267	1	92.8854	1	100	309.515	341.008
660	58.5139	1	1.49422e+06	1	45.8904	1	683.616	1	84.8485	1	0	273.249	301.462
660	58.5139	1	1.49422e+06	1	45.8904	1	683.616	1	84.8485	1	0.001	273.25	301.463
660	58.5139	1	1.49422e+06	1	45.8904	1	683.616	1	84.8485	1	0.00316228	273.252	301.465
660	58.5139	1	1.49422e+06	1	45.8904	1	683.616	1	84.8485	1	0.01	273.259	301.472
660	58.5139	1	1.49422e+06	1	45.8904	1	683.616	1	84.8485	1	0.0316228	273.28	301.495
660	58.5139	1	1.49422e+06	1	45.8904	1	683.616	1	84.8485	1	0.1	273.346	301.567
660	58.5139	1	1.49422e+06	1	45.8904	1	683.616	1	84.8485	1	0.316228	273.552	301.795
660	58.5139	1	1.49422e+06	1	45.8904	1	683.616	1	84.8485	1	1	274.196	302.502
660	58.5139	1	1.49422e+06	1	45.8904	1	683.616	1	84.8485	1	3.16228	276.141	304.629
660	58.5139	1	1.49422e+06	1	45.8904	1	683.616	1	84.8485	1	10	281.571	310.539
660	58.5139	1	1.49422e+06	1	45.8904	1	683.616	1	84.8485	1	31.6228	294.027	323.973
660	58.5139	1	1.49422e+06	1	45.8904	1	683.616	1	84.8485	1	100	313.881	347.189
661	49.0233	1	420795	1	95.4018	1	334.415	1	62.7578	1	0	273.249	301.462
661	49.0233	1	420795	1	95.4018	1	334.415	1	62.7578	1	0.001	273.25	301.462
661	49.0233	1	420795	1	95.4018	1	334.415	1	62.7578	1	0.00316228	273.252	301.464
661	49.0233	1	420795	1	95.4018	1	334.415	1	62.7578	1	0.01	273.257	301.469
661	49.0233	1	420795	1	95.4018	1	334.415	1	62.7578	1	0.0316228	273.274	301.485
661	49.0233	1	420795	1	95.4018	1	334.415	1	62.7578	1	0.1	273.327	301.536
661	49.0233	1	420795	1	95.4018	1	334.415	1	62.7578	1	0.316228	273.495	301.696
661	49.0233	1	420795	1	95.4018	1	334.415	1	62.7578	1	1	274.02	302.199
661	49.0233	1	420795	1	95.4018	1	334.415	1	62.7578	1	3.16228	275.638	303.754
661	49.0233	1	420795	1	95.4018	1	334.415	1	62.7578	1	10	280.403	308.371
661	49.0233	1	420795	1	95.4018	1	334.415	1	62.7578	1	31.6228	292.765	320.763
661	49.0233	1	420795	1	95.4018	1	334.415	1	62.7578	1	100	318.137	349.365
662	40.5554	1	1.31041e+06	1	66.0115	1	345.93	1	77.414	1	0	273.249	301.462
662	40.5554	1	1.31041e+06	1	66.0115	1	345.93	1	77.414	1	0.001	273.25	301.462
662	40.5554	1	1.31041e+06	1	66.0115	1	345.93	1	77.414	1	0.00316228	273.252	301.465
662	40.5554	1	1.31041e+06	1	66.0115	1	345.93	1	77.414	1	0.01	273.259	301.471
662	40.5554	1	1.31041e+06	1	66.0115	1	345.93	1	77.414	1	0.0316228	273.28	301.491
662	40.5554	1	1.31041e+06	1	66.0115	1	345.93	1	77.414	1	0.1	273.344	301.555
662	40.5554	1	1.31041e+06	1	66.0115	1	345.93	1	77.414	1	0.316228	273.549	301.755
662	40.5554	1	1.31041e+06	1	66.0115	1	345.93	1	77.414	1	1	274.189	302.382
662	40.5554	1	1.31041e+06	1	66.0115	1	345.93	1	77.414	1	3.16228	276.143	304.301
662	40.5554	1	1.31041e+06	1	66.0115	1	345.93	1	77.414	1	10	281.787	309.869
662	40.5554	1	1.31041e+06	1	66.0115	1	345.93	1	77.414	1	31.6228	295.601	324.001
662	40.5554	1	1.31041e+06	1	66.0115	1	345.93	1	77.414	1	100	321.865	354.014
663	36.8234	1	1.35359e+06	1	48.6765	1	191.446	1	112.677	1	0	273.249	301.462
663	36.8234	1	1.35359e+06	1	48.6765	1	191.446	1	112.677	1	0.001	273.251	301.463
663	36.8234	1	1.35359e+06	1	48.6765	1	191.446	1	112.677	1	0.00316228	273.254	301.466
663	36.8234	1	1.35359e+06	1	48.6765	1	191.446	1	112.677	1	0.01	273.263	301.475
663	36.8234	1	1.35359e+06	1	48.6765	1	191.446	1	112.677	1	0.0316228	273.291	301.504
663	36.8234	1	1.35359e+06	1	48.6765	1	191.446	1	112.677	1	0.1	273.38	301.594
663	36.8234	1	1.35359e+06	1	48.6765	1	191.446	1	112.677	1	0.316228	273.662	301.88
663	36.8234	1	1.35359e+06	1	48.6765	1	191.446	1	112.677	1	1	274.54	302.772
663	36.8234	1	1.35359e+06	1	48.6765	1	191.446	1	112.677	1	3.16228	277.213	305.488
663	36.8234	1	1.35359e+06	1	48.6765	1	191.446	1	112.677	1	10	284.878	313.292
663	36.8234	1	1.35359e+06	1	48.6765	1	191.446	1	112.677	1	31.6228	303.628	332.78
663	36.8234	1	1.35359e+06	1	48.6765	1	191.446	1	112.677	1	100	340.365	374.1
664	62.4252	1	616899	1	116.817	1	435.675	1	111.307	1	0	273.249	301.462
664	62.4252	1	616899	1	116.817	1	435.675	1	111.307	1	0.001	273.25	301.462
664	62.4252	1	616899	1	116.817	1	435.675	1	111.307	1	0.00316228	273.251	301.463
664	62.4252	1	616899	1	116.817	1	435.675	1	111.307	1	0.01	273.256	301.467
664	62.4252	1	616899	1	116.817	1	435.675	1	111.307	1	0.0316228	273.269	301.48
664	62.4252	1	616899	1	116.817	1	435.675	1	111.307	1	0.1	273.311	301.52
664	62.4252	1	616899	1	116.817	1	435.675	1	111.307	1	0.316228	273.442	301.647
664	62.4252	1	616899	1	116.817	1	435.675	1	111.307	1	1	273.857	302.045
664	62.4252	1	616899	1	116.817	1	435.675	1	111.307	1	3.16228	275.14	303.281
664	62.4252	1	616899	1	116.817	1	435.675	1	111.307	1	10	278.962	306.991
664	62.4252	1	616899	1	116.817	1	435.675	1	111.307	1	31.6228	289.38	317.305
664	62.4252	1	616899	1	116.817	1	435.675	1	111.307	1	100	311.429	341.525
665	38.8268	1	917926	1	130.04	1	368.041	1	92.963	1	0	273.249	301.462
665	38.8268	1	917926	1	130.04	1	368.041	1	92.963	1	0.001	273.25	301.462
665	38.8268	1	917926	1	130.04	1	368.041	1	92.963	1	0.00316228	273.252	301.464
665	38.8268	1	917926	1	130.04	1	368.041	1	92.963	1	0.01	273.257	301.468
665	38.8268	1	917926	1	130.04	1	368.041	1	92.963	1	0.0316228	273.272	301.481
665	38.8268	1	917926	1	130.04	1	368.041	1	92.963	1	0.1	273.322	301.523
665	38.8268	1	917926	1	130.04	1	368.041	1	92.963	1	0.316228	273.477	301.657
665	38.8268	1	917926	1	130.04	1	368.041	1	92.963	1	1	273.964	302.075
665	38.8268	1	917926	1	130.04	1	368.041	1	92.963	1	3.16228	275.457	303.374
665	38.8268	1	917926	1	130.04	1	368.041	1	92.963	1	10	279.843	307.278
665	38.8268	1	917926	1	130.04	1	368.041	1	92.963	1	31.6228	291.067	318.038
665	38.8268	1	917926	1	130.04	1	368.041	1	92.963	1	100	314.098	343.724
666	36.8026	1	1.82767e+06	1	56.8651	1	333.293	1	93.043	1	0	273.249	301.462
666	36.8026	1	1.82767e+06	1	56.8651	1	333.293	1	93.043	1	0.001	273.25	301.463
666	36.8026	1	1.82767e+06	1	56.8651	1	333.293	1	93.043	1	0.00316228	273.253	301.465
666	36.8026	1	1.82767e+06	1	56.8651	1	333.293	1	93.043	1	0.01	273.26	301.472
666	36.8026	1	1.82767e+06	1	56.8651	1	333.293	1	93.043	1	0.0316228	273.283	301.494
666	36.8026	1	1.82767e+06	1	56.8651	1	333.293	1	93.043	1	0.1	273.355	301.566
666	36.8026	1	1.82767e+06	1	56.8651	1	333.293	1	93.043	1	0.316228	273.582	301.789
666	36.8026	1	1.82767e+06	1	56.8651	1	333.293	1	93.043	1	1	274.291	302.489
666	36.8026	1	1.82767e+06	1	56.8651	1	333.293	1	93.043	1	3.16228	276.445	304.619
666	36.8026	1	1.82767e+06	1	56.8651	1	333.293	1	93.043	1	10	282.608	310.745
666	36.8026	1	1.82767e+06	1	56.8651	1	333.293	1	93.043	1	31.6228	297.312	325.904
666	36.8026	1	1.82767e+06	1	56.8651	1	333.293	1	93.043	1	100	324.347	356.933
667	32.0708	1	227701	1	54.6139	1	469.999	1	117.54	1	0	273.249	301.462
667	32.0708	1	227701	1	54.6139	1	469.999	1	117.54	1	0.001	273.25	301.463
667	32.0708	1	227701	1	54.6139	1	469.999	1	117.54	1	0.00316228	273.253	301.465
667	32.0708	1	227701	1	54.6139	1	469.999	1	117.54	1	0.01	273.26	301.472
667	32.0708	1	227701	1	54.6139	1	469.999	1	117.54	1	0.0316228	273.283	301.494
667	32.0708	1	227701	1	54.6139	1	469.999	1	117.54	1	0.1	273.354	301.562
667	32.0708	1	227701	1	54.6139	1	469.999	1	117.54	1	0.316228	273.58	301.78
667	32.0708	1	227701	1	54.6139	1	469.999	1	117.54	1	1	274.284	302.457
667	32.0708	1	227701	1	54.6139	1	469.999	1	117.54	1	3.16228	276.405	304.509
667	32.0708	1	227701	1	54.6139	1	469.999	1	117.54	1	10	282.381	310.341
667	32.0708	1	227701	1	54.6139	1	469.999	1	117.54	1	31.6228	295.953	324.296
667	32.0708	1	227701	1	54.6139	1	469.999	1	117.54	1	100	318.686	351.084
668	39.6078	1	2.43555e+06	1	91.7686	1	443.64	1	50.0619	1	0	273.249	301.462
668	39.6078	1	2.43555e+06	1	91.7686	1	443.64	1	50.0619	1	0.001	273.25	301.462
668	39.6078	1	2.43555e+06	1	91.7686	1	443.64	1	50.0619	1	0.00316228	273.252	301.464
668	39.6078	1	2.43555e+06	1	91.7686	1	443.64	1	50.0619	1	0.01	273.257	301.469
668	39.6078	1	2.43555e+06	1	91.7686	1	443.64	1	50.0619	1	0.0316228	273.274	301.484
668	39.6078	1	2.43555e+06	1	91.7686	1	443.64	1	50.0619	1	0.1	273.329	301.534
668	39.6078	1	2.43555e+06	1	91.7686	1	443.64	1	50.0619	1	0.316228	273.499	301.69
668	39.6078	1	2.43555e+06	1	91.7686	1	443.64	1	50.0619	1	1	274.033	302.179
668	39.6078	1	2.43555e+06	1	91.7686	1	443.64	1	50.0619	1	3.16228	275.661	303.686
668	39.6078	1	2.43555e+06	1	91.7686	1	443.64	1	50.0619	1	10	280.365	308.093
668	39.6078	1	2.43555e+06	1	91.7686	1	443.64	1	50.0619	1	31.6228	291.739	319.464
668	39.6078	1	2.43555e+06	1	91.7686	1	443.64	1	50.0619	1	100	313.817	344.863
669	42.0745	1	1.16e+06	1	49.3549	1	177.203	1	106.32	1	0	273.249	301.462
669	42.0745	1	1.16e+06	1	49.3549	1	177.203	1	106.32	1	0.001	273.251	301.463
669	42.0745	1	1.16e+06	1	49.3549	1	177.203	1	106.32	1	0.00316228	273.254	301.466
669	42.0745	1	1.16e+06	1	49.3549	1	177.203	1	106.32	1	0.01	273.262	301.475
669	42.0745	1	1.16e+06	1	49.3549	1	177.203	1	106.32	1	0.0316228	273.29	301.504
669	42.0745	1	1.16e+06	1	49.3549	1	177.203	1	106.32	1	0.1	273.379	301.595
669	42.0745	1	1.16e+06	1	49.3549	1	177.203	1	106.32	1	0.316228	273.658	301.884
669	42.0745	1	1.16e+06	1	49.3549	1	177.203	1	106.32	1	1	274.53	302.785
669	42.0745	1	1.16e+06	1	49.3549	1	177.203	1	106.32	1	3.16228	277.19	305.532
669	42.0745	1	1.16e+06	1	49.3549	1	177.203	1	106.32	1	10	284.859	313.447
669	42.0745	1	1.16e+06	1	49.3549	1	177.203	1	106.32	1	31.6228	304.04	333.436
669	42.0745	1	1.16e+06	1	49.3549	1	177.203	1	106.32	1	100	342.552	376.351
670	33.8438	1	980819	1	44.2819	1	187.92	1	181.145	1	0	273.249	301.462
670	33.8438	1	980819	1	44.2819	1	187.92	1	181.145	1	0.001	273.251	301.463
670	33.8438	1	980819	1	44.2819	1	187.92	1	181.145	1	0.00316228	273.254	301.466
670	33.8438	1	980819	1	44.2819	1	187.92	1	181.145	1	0.01	273.263	301.476
670	33.8438	1	980819	1	44.2819	1	187.92	1	181.145	1	0.0316228	273.294	301.506
670	33.8438	1	980819	1	44.2819	1	187.92	1	181.145	1	0.1	273.389	301.603
670	33.8438	1	980819	1	44.2819	1	187.92	1	181.145	1	0.316228	273.689	301.908
670	33.8438	1	980819	1	44.2819	1	187.92	1	181.145	1	1	274.626	302.86
670	33.8438	1	980819	1	44.2819	1	187.92	1	181.145	1	3.16228	277.463	305.744
670	33.8438	1	980819	1	44.2819	1	187.92	1	181.145	1	10	285.532	313.96
670	33.8438	1	980819	1	44.2819	1	187.92	1	181.145	1	31.6228	304.945	334.141
670	33.8438	1	980819	1	44.2819	1	187.92	1	181.145	1	100	341.971	376.002
671	82.5895	1	776076	1	49.4427	1	153.577	1	123.884	1	0	273.249	301.462
671	82.5895	1	776076	1	49.4427	1	153.577	1	123.884	1	0.001	273.251	301.463
671	82.5895	1	776076	1	49.4427	1	153.577	1	123.884	1	0.00316228	273.253	301.466
671	82.5895	1	776076	1	49.4427	1	153.577	1	123.884	1	0.01	273.262	301.475
671	82.5895	1	776076	1	49.4427	1	153.577	1	123.884	1	0.0316228	273.288	301.505
671	82.5895	1	776076	1	49.4427	1	153.577	1	123.884	1	0.1	273.373	301.598
671	82.5895	1	776076	1	49.4427	1	153.577	1	123.884	1	0.316228	273.639	301.892
671	82.5895	1	776076	1	49.4427	1	153.577	1	123.884	1	1	274.471	302.813
671	82.5895	1	776076	1	49.4427	1	153.577	1	123.884	1	3.16228	277.025	305.625
671	82.5895	1	776076	1	49.4427	1	153.577	1	123.884	1	10	284.44	313.747
671	82.5895	1	776076	1	49.4427	1	153.577	1	123.884	1	31.6228	303.779	334.612
671	82.5895	1	776076	1	49.4427	1	153.577	1	123.884	1	100	346.32	380.681
672	44.3574	1	1.58809e+06	1	55.5721	1	196.562	1	117.377	1	0	273.249	301.462
672	44.3574	1	1.58809e+06	1	55.5721	1	196.562	1	117.377	1	0.001	273.251	301.463
672	44.3574	1	1.58809e+06	1	55.5721	1	196.562	1	117.377	1	0.00316228	273.253	301.465
672	44.3574	1	1.58809e+06	1	55.5721	1	196.562	1	117.377	1	0.01	273.261	301.474
672	44.3574	1	1.58809e+06	1	55.5721	1	196.562	1	117.377	1	0.0316228	273.286	301.5
672	44.3574	1	1.58809e+06	1	55.5721	1	196.562	1	117.377	1	0.1	273.367	301.582
672	44.3574	1	1.58809e+06	1	55.5721	1	196.562	1	117.377	1	0.316228	273.619	301.84
672	44.3574	1	1.58809e+06	1	55.5721	1	196.562	1	117.377	1	1	274.408	302.649
672	44.3574	1	1.58809e+06	1	55.5721	1	196.562	1	117.377	1	3.16228	276.825	305.124
672	44.3574	1	1.58809e+06	1	55.5721	1	196.562	1	117.377	1	10	283.84	312.307
672	44.3574	1	1.58809e+06	1	55.5721	1	196.562	1	117.377	1	31.6228	301.622	330.73
672	44.3574	1	1.58809e+06	1	55.5721	1	196.562	1	117.377	1	100	337.914	371.087
673	71.383	1	1.15923e+06	1	85.5084	1	336.141	1	37.0352	1	0	273.249	301.462
673	71.383	1	1.15923e+06	1	85.5084	1	336.141	1	37.0352	1	0.001	273.25	301.462
673	71.383	1	1.15923e+06	1	85.5084	1	336.141	1	37.0352	1	0.00316228	273.252	301.464
673	71.383	1	1.15923e+06	1	85.5084	1	336.141	1	37.0352	1	0.01	273.257	301.469
673	71.383	1	1.15923e+06	1	85.5084	1	336.141	1	37.0352	1	0.0316228	273.274	301.487
673	71.383	1	1.15923e+06	1	85.5084	1	336.141	1	37.0352	1	0.1	273.326	301.54
673	71.383	1	1.15923e+06	1	85.5084	1	336.141	1	37.0352	1	0.316228	273.49	301.71
673	71.383	1	1.15923e+06	1	85.5084	1	336.141	1	37.0352	1	1	274.005	302.244
673	71.383	1	1.15923e+06	1	85.5084	1	336.141	1	37.0352	1	3.16228	275.593	303.889
673	71.383	1	1.15923e+06	1	85.5084	1	336.141	1	37.0352	1	10	280.2	308.663
673	71.383	1	1.15923e+06	1	85.5084	1	336.141	1	37.0352	1	31.6228	292.166	321.158
673	71.383	1	1.15923e+06	1	85.5084	1	336.141	1	37.0352	1	100	317.261	350.038
674	28.85	1	1.55192e+06	1	95.8319	1	434.526	1	142.733	1	0	273.249	301.462
674	28.85	1	1.55192e+06	1	95.8319	1	434.526	1	142.733	1	0.001	273.25	301.462
674	28.85	1	1.55192e+06	1	95.8319	1	434.526	1	142.733	1	0.00316228	273.252	301.464
674	28.85	1	1.55192e+06	1	95.8319	1	434.526	1	142.733	1	0.01	273.258	301.469
674	28.85	1	1.55192e+06	1	95.8319	1	434.526	1	142.733	1	0.0316228	273.277	301.484
674	28.85	1	1.55192e+06	1	95.8319	1	434.526	1	142.733	1	0.1	273.336	301.533
674	28.85	1	1.55192e+06	1	95.8319	1	434.526	1	142.733	1	0.316228	273.521	301.688
674	28.85	1	1.55192e+06	1	95.8319	1	434.526	1	142.733	1	1	274.098	302.171
674	28.85	1	1.55192e+06	1	95.8319	1	434.526	1	142.733	1	3.16228	275.844	303.657
674	28.85	1	1.55192e+06	1	95.8319	1	434.526	1	142.733	1	10	280.834	308.035
674	28.85	1	1.55192e+06	1	95.8319	1	434.526	1	142.733	1	31.6228	292.653	319.605
674	28.85	1	1.55192e+06	1	95.8319	1	434.526	1	142.733	1	100	314.585	344.984
675	67.0398	1	643720	1	75.311	1	274.311	1	87.8491	1	0	273.249	301.462
675	67.0398	1	643720	1	75.311	1	274.311	1	87.8491	1	0.001	273.25	301.462
675	67.0398	1	643720	1	75.311	1	274.311	1	87.8491	1	0.00316228	273.252	301.464
675	67.0398	1	643720	1	75.311	1	274.311	1	87.8491	1	0.01	273.258	301.47
675	67.0398	1	643720	1	75.311	1	274.311	1	87.8491	1	0.0316228	273.276	301.489
675	67.0398	1	643720	1	75.311	1	274.311	1	87.8491	1	0.1	273.334	301.55
675	67.0398	1	643720	1	75.311	1	274.311	1	87.8491	1	0.316228	273.516	301.739
675	67.0398	1	643720	1	75.311	1	274.311	1	87.8491	1	1	274.089	302.335
675	67.0398	1	643720	1	75.311	1	274.311	1	87.8491	1	3.16228	275.856	304.173
675	67.0398	1	643720	1	75.311	1	274.311	1	87.8491	1	10	281.064	309.579
675	67.0398	1	643720	1	75.311	1	274.311	1	87.8491	1	31.6228	294.85	323.926
675	67.0398	1	643720	1	75.311	1	274.311	1	87.8491	1	100	324.487	356.746
676	73.3873	1	962596	1	123.401	1	297.405	1	68.7006	1	0	273.249	301.462
676	73.3873	1	962596	1	123.401	1	297.405	1	68.7006	1	0.001	273.25	301.462
676	73.3873	1	962596	1	123.401	1	297.405	1	68.7006	1	0.00316228	273.252	301.464
676	73.3873	1	962596	1	123.401	1	297.405	1	68.7006	1	0.01	273.256	301.468
676	73.3873	1	962596	1	123.401	1	297.405	1	68.7006	1	0.0316228	273.27	301.482
676	73.3873	1	962596	1	123.401	1	297.405	1	68.7006	1	0.1	273.315	301.527
676	73.3873	1	962596	1	123.401	1	297.405	1	68.7006	1	0.316228	273.458	301.668
676	73.3873	1	962596	1	123.401	1	297.405	1	68.7006	1	1	273.906	302.111
676	73.3873	1	962596	1	123.401	1	297.405	1	68.7006	1	3.16228	275.298	303.492
676	73.3873	1	962596	1	123.401	1	297.405	1	68.7006	1	10	279.474	307.654
676	73.3873	1	962596	1	123.401	1	297.405	1	68.7006	1	31.6228	290.947	319.22
676	73.3873	1	962596	1	123.401	1	297.405	1	68.7006	1	100	316.991	347.821
677	43.1994	1	960047	1	61.215	1	813.921	1	76.164	1	0	273.249	301.462
677	43.1994	1	960047	1	61.215	1	813.921	1	76.164	1	0.001	273.25	301.462
677	43.1994	1	960047	1	61.215	1	813.921	1	76.164	1	0.00316228	273.252	301.464
677	43.1994	1	960047	1	61.215	1	813.921	1	76.164	1	0.01	273.258	301.47
677	43.1994	1	960047	1	61.215	1	813.921	1	76.164	1	0.0316228	273.276	301.488
677	43.1994	1	960047	1	61.215	1	813.921	1	76.164	1	0.1	273.334	301.546
677	43.1994	1	960047	1	61.215	1	813.921	1	76.164	1	0.316228	273.516	301.727
677	43.1994	1	960047	1	61.215	1	813.921	1	76.164	1	1	274.084	302.294
677	43.1994	1	960047	1	61.215	1	813.921	1	76.164	1	3.16228	275.808	304.015
677	43.1994	1	960047	1	61.215	1	813.921	1	76.164	1	10	280.698	308.907
677	43.1994	1	960047	1	61.215	1	813.921	1	76.164	1	31.6228	292.082	320.654
677	43.1994	1	960047	1	61.215	1	813.921	1	76.164	1	100	310.19	342.172
678	51.0163	1	1.00219e+06	1	200.534	1	370.719	1	35.5951	1	0	273.249	301.462
678	51.0163	1	1.00219e+06	1	200.534	1	370.719	1	35.5951	1	0.001	273.25	301.462
678	51.0163	1	1.00219e+06	1	200.534	1	370.719	1	35.5951	1	0.00316228	273.251	301.463
678	51.0163	1	1.00219e+06	1	200.534	1	370.719	1	35.5951	1	0.01	273.255	301.467
678	51.0163	1	1.00219e+06	1	200.534	1	370.719	1	35.5951	1	0.0316228	273.268	301.478
678	51.0163	1	1.00219e+06	1	200.534	1	370.719	1	35.5951	1	0.1	273.309	301.513
678	51.0163	1	1.00219e+06	1	200.534	1	370.719	1	35.5951	1	0.316228	273.439	301.625
678	51.0163	1	1.00219e+06	1	200.534	1	370.719	1	35.5951	1	1	273.844	301.977
678	51.0163	1	1.00219e+06	1	200.534	1	370.719	1	35.5951	1	3.16228	275.093	303.069
678	51.0163	1	1.00219e+06	1	200.534	1	370.719	1	35.5951	1	10	278.725	306.3
678	51.0163	1	1.00219e+06	1	200.534	1	370.719	1	35.5951	1	31.6228	288.111	315.175
678	51.0163	1	1.00219e+06	1	200.534	1	370.719	1	35.5951	1	100	308.477	337.929
679	35.8983	1	1.53548e+06	1	84.122	1	418.384	1	144.241	1	0	273.249	301.462
679	35.8983	1	1.53548e+06	1	84.122	1	418.384	1	144.241	1	0.001	273.25	301.462
679	35.8983	1	1.53548e+06	1	84.122	1	418.384	1	144.241	1	0.00316228	273.252	301.464
679	35.8983	1	1.53548e+06	1	84.122	1	418.384	1	144.241	1	0.01	273.258	301.469
679	35.8983	1	1.53548e+06	1	84.122	1	418.384	1	144.241	1	0.0316228	273.276	301.486
679	35.8983	1	1.53548e+06	1	84.122	1	418.384	1	144.241	1	0.1	273.333	301.538
679	35.8983	1	1.53548e+06	1	84.122	1	418.384	1	144.241	1	0.316228	273.514	301.701
679	35.8983	1	1.53548e+06	1	84.122	1	418.384	1	144.241	1	1	274.08	302.215
679	35.8983	1	1.53548e+06	1	84.122	1	418.384	1	144.241	1	3.16228	275.804	303.794
679	35.8983	1	1.53548e+06	1	84.122	1	418.384	1	144.241	1	10	280.795	308.433
679	35.8983	1	1.53548e+06	1	84.122	1	418.384	1	144.241	1	31.6228	293.061	320.546
679	35.8983	1	1.53548e+06	1	84.122	1	418.384	1	144.241	1	100	316.308	347.176
680	37.2166	1	390770	1	40.2719	1	161.438	1	129.192	1	0	273.249	301.462
680	37.2166	1	390770	1	40.2719	1	161.438	1	129.192	1	0.001	273.251	301.463
680	37.2166	1	390770	1	40.2719	1	161.438	1	129.192	1	0.00316228	273.254	301.467
680	37.2166	1	390770	1	40.2719	1	161.438	1	129.192	1	0.01	273.264	301.477
680	37.2166	1	390770	1	40.2719	1	161.438	1	129.192	1	0.0316228	273.297	301.511
680	37.2166	1	390770	1	40.2719	1	161.438	1	129.192	1	0.1	273.4	301.619
680	37.2166	1	390770	1	40.2719	1	161.438	1	129.192	1	0.316228	273.723	301.956
680	37.2166	1	390770	1	40.2719	1	161.438	1	129.192	1	1	274.732	303.009
680	37.2166	1	390770	1	40.2719	1	161.438	1	129.192	1	3.16228	277.787	306.192
680	37.2166	1	390770	1	40.2719	1	161.438	1	129.192	1	10	286.458	315.211
680	37.2166	1	390770	1	40.2719	1	161.438	1	129.192	1	31.6228	307.453	337.235
680	37.2166	1	390770	1	40.2719	1	161.438	1	129.192	1	100	348.039	382.726
681	79.2984	1	1.43805e+06	1	75.5386	1	391.279	1	103.678	1	0	273.249	301.462
681	79.2984	1	1.43805e+06	1	75.5386	1	391.279	1	103.678	1	0.001	273.25	301.462
681	79.2984	1	1.43805e+06	1	75.5386	1	391.279	1	103.678	1	0.00316228	273.252	301.464
681	79.2984	1	1.43805e+06	1	75.5386	1	391.279	1	103.678	1	0.01	273.257	301.469
681	79.2984	1	1.43805e+06	1	75.5386	1	391.279	1	103.678	1	0.0316228	273.273	301.486
681	79.2984	1	1.43805e+06	1	75.5386	1	391.279	1	103.678	1	0.1	273.323	301.54
681	79.2984	1	1.43805e+06	1	75.5386	1	391.279	1	103.678	1	0.316228	273.482	301.709
681	79.2984	1	1.43805e+06	1	75.5386	1	391.279	1	103.678	1	1	273.98	302.239
681	79.2984	1	1.43805e+06	1	75.5386	1	391.279	1	103.678	1	3.16228	275.517	303.872
681	79.2984	1	1.43805e+06	1	75.5386	1	391.279	1	103.678	1	10	280.038	308.653
681	79.2984	1	1.43805e+06	1	75.5386	1	391.279	1	103.678	1	31.6228	291.899	321.173
681	79.2984	1	1.43805e+06	1	75.5386	1	391.279	1	103.678	1	100	316.985	348.917
682	46.326	1	994968	1	103.996	1	542.989	1	74.6736	1	0	273.249	301.462
682	46.326	1	994968	1	103.996	1	542.989	1	74.6736	1	0.001	273.25	301.462
682	46.326	1	994968	1	103.996	1	542.989	1	74.6736	1	0.00316228	273.252	301.464
682	46.326	1	994968	1	103.996	1	542.989	1	74.6736	1	0.01	273.256	301.468
682	46.326	1	994968	1	103.996	1	542.989	1	74.6736	1	0.0316228	273.271	301.481
682	46.326	1	994968	1	103.996	1	542.989	1	74.6736	1	0.1	273.317	301.523
682	46.326	1	994968	1	103.996	1	542.989	1	74.6736	1	0.316228	273.462	301.657
682	46.326	1	994968	1	103.996	1	542.989	1	74.6736	1	1	273.917	302.075
682	46.326	1	994968	1	103.996	1	542.989	1	74.6736	1	3.16228	275.315	303.368
682	46.326	1	994968	1	103.996	1	542.989	1	74.6736	1	10	279.411	307.205
682	46.326	1	994968	1	103.996	1	542.989	1	74.6736	1	31.6228	289.836	317.459
682	46.326	1	994968	1	103.996	1	542.989	1	74.6736	1	100	309.689	340.109
683	45.0711	1	1.47449e+06	1	93.0726	1	336.282	1	61.1504	1	0	273.249	301.462
683	45.0711	1	1.47449e+06	1	93.0726	1	336.282	1	61.1504	1	0.001	273.25	301.462
683	45.0711	1	1.47449e+06	1	93.0726	1	336.282	1	61.1504	1	0.00316228	273.252	301.464
683	45.0711	1	1.47449e+06	1	93.0726	1	336.282	1	61.1504	1	0.01	273.257	301.469
683	45.0711	1	1.47449e+06	1	93.0726	1	336.282	1	61.1504	1	0.0316228	273.275	301.486
683	45.0711	1	1.47449e+06	1	93.0726	1	336.282	1	61.1504	1	0.1	273.33	301.537
683	45.0711	1	1.47449e+06	1	93.0726	1	336.282	1	61.1504	1	0.316228	273.503	301.701
683	45.0711	1	1.47449e+06	1	93.0726	1	336.282	1	61.1504	1	1	274.046	302.214
683	45.0711	1	1.47449e+06	1	93.0726	1	336.282	1	61.1504	1	3.16228	275.713	303.8
683	45.0711	1	1.47449e+06	1	93.0726	1	336.282	1	61.1504	1	10	280.604	308.494
683	45.0711	1	1.47449e+06	1	93.0726	1	336.282	1	61.1504	1	31.6228	293.03	320.92
683	45.0711	1	1.47449e+06	1	93.0726	1	336.282	1	61.1504	1	100	318.49	349.714
684	57.501	1	1.67886e+06	1	49.321	1	258.746	1	111.32	1	0	273.249	301.462
684	57.501	1	1.67886e+06	1	49.321	1	258.746	1	111.32	1	0.001	273.251	301.463
684	57.501	1	1.67886e+06	1	49.321	1	258.746	1	111.32	1	0.00316228	273.253	301.465
684	57.501	1	1.67886e+06	1	49.321	1	258.746	1	111.32	1	0.01	273.26	301.473
684	57.501	1	1.67886e+06	1	49.321	1	258.746	1	111.32	1	0.0316228	273.284	301.499
684	57.501	1	1.67886e+06	1	49.321	1	258.746	1	111.32	1	0.1	273.359	301.58
684	57.501	1	1.67886e+06	1	49.321	1	258.746	1	111.32	1	0.316228	273.595	301.834
684	57.501	1	1.67886e+06	1	49.321	1	258.746	1	111.32	1	1	274.331	302.627
684	57.501	1	1.67886e+06	1	49.321	1	258.746	1	111.32	1	3.16228	276.581	305.041
684	57.501	1	1.67886e+06	1	49.321	1	258.746	1	111.32	1	10	283.046	311.951
684	57.501	1	1.67886e+06	1	49.321	1	258.746	1	111.32	1	31.6228	299.11	328.994
684	57.501	1	1.67886e+06	1	49.321	1	258.746	1	111.32	1	100	330.92	364.409
685	33.3349	1	953542	1	69.2046	1	194.47	1	149.08	1	0	273.249	301.462
685	33.3349	1	953542	1	69.2046	1	194.47	1	149.08	1	0.001	273.251	301.463
685	33.3349	1	953542	1	69.2046	1	194.47	1	149.08	1	0.00316228	273.253	301.465
685	33.3349	1	953542	1	69.2046	1	194.47	1	149.08	1	0.01	273.261	301.472
685	33.3349	1	953542	1	69.2046	1	194.47	1	149.08	1	0.0316228	273.286	301.496
685	33.3349	1	953542	1	69.2046	1	194.47	1	149.08	1	0.1	273.364	301.57
685	33.3349	1	953542	1	69.2046	1	194.47	1	149.08	1	0.316228	273.611	301.803
685	33.3349	1	953542	1	69.2046	1	194.47	1	149.08	1	1	274.382	302.535
685	33.3349	1	953542	1	69.2046	1	194.47	1	149.08	1	3.16228	276.737	304.782
685	33.3349	1	953542	1	69.2046	1	194.47	1	149.08	1	10	283.568	311.364
685	33.3349	1	953542	1	69.2046	1	194.47	1	149.08	1	31.6228	300.79	328.774
685	33.3349	1	953542	1	69.2046	1	194.47	1	149.08	1	100	336.096	368.395
686	63.3654	1	3.73167e+06	1	36.5872	1	110.208	1	107.12	1	0	273.249	301.462
686	63.3654	1	3.73167e+06	1	36.5872	1	110.208	1	107.12	1	0.001	273.251	301.463
686	63.3654	1	3.73167e+06	1	36.5872	1	110.208	1	107.12	1	0.00316228	273.255	301.467
686	63.3654	1	3.73167e+06	1	36.5872	1	110.208	1	107.12	1	0.01	273.266	301.48
686	63.3654	1	3.73167e+06	1	36.5872	1	110.208	1	107.12	1	0.0316228	273.303	301.521
686	63.3654	1	3.73167e+06	1	36.5872	1	110.208	1	107.12	1	0.1	273.417	301.648
686	63.3654	1	3.73167e+06	1	36.5872	1	110.208	1	107.12	1	0.316228	273.779	302.048
686	63.3654	1	3.73167e+06	1	36.5872	1	110.208	1	107.12	1	1	274.906	303.296
686	63.3654	1	3.73167e+06	1	36.5872	1	110.208	1	107.12	1	3.16228	278.331	307.068
686	63.3654	1	3.73167e+06	1	36.5872	1	110.208	1	107.12	1	10	288.05	317.706
686	63.3654	1	3.73167e+06	1	36.5872	1	110.208	1	107.12	1	31.6228	312.736	344.23
686	63.3654	1	3.73167e+06	1	36.5872	1	110.208	1	107.12	1	100	364.057	400.03
687	38.6656	1	728260	1	138.193	1	212.587	1	128.116	1	0	273.249	301.462
687	38.6656	1	728260	1	138.193	1	212.587	1	128.116	1	0.001	273.25	301.462
687	38.6656	1	728260	1	138.193	1	212.587	1	128.116	1	0.00316228	273.252	301.464
687	38.6656	1	728260	1	138.193	1	212.587	1	128.116	1	0.01	273.258	301.469
687	38.6656	1	728260	1	138.193	1	212.587	1	128.116	1	0.0316228	273.276	301.485
687	38.6656	1	728260	1	138.193	1	212.587	1	128.116	1	0.1	273.335	301.537
687	38.6656	1	728260	1	138.193	1	212.587	1	128.116	1	0.316228	273.519	301.698
687	38.6656	1	728260	1	138.193	1	212.587	1	128.116	1	1	274.095	302.207
687	38.6656	1	728260	1	138.193	1	212.587	1	128.116	1	3.16228	275.869	303.786
687	38.6656	1	728260	1	138.193	1	212.587	1	128.116	1	10	281.115	308.55
687	38.6656	1	728260	1	138.193	1	212.587	1	128.116	1	31.6228	294.877	321.818
687	38.6656	1	728260	1	138.193	1	212.587	1	128.116	1	100	325.721	355.454
688	33.6326	1	2.40514e+06	1	53.4857	1	557.406	1	55.7575	1	0	273.249	301.462
688	33.6326	1	2.40514e+06	1	53.4857	1	557.406	1	55.7575	1	0.001	273.25	301.463
688	33.6326	1	2.40514e+06	1	53.4857	1	557.406	1	55.7575	1	0.00316228	273.253	301.465
688	33.6326	1	2.40514e+06	1	53.4857	1	557.406	1	55.7575	1	0.01	273.26	301.472
688	33.6326	1	2.40514e+06	1	53.4857	1	557.406	1	55.7575	1	0.0316228	273.282	301.494
688	33.6326	1	2.40514e+06	1	53.4857	1	557.406	1	55.7575	1	0.1	273.353	301.563
688	33.6326	1	2.40514e+06	1	53.4857	1	557.406	1	55.7575	1	0.316228	273.576	301.78
688	33.6326	1	2.40514e+06	1	53.4857	1	557.406	1	55.7575	1	1	274.269	302.457
688	33.6326	1	2.40514e+06	1	53.4857	1	557.406	1	55.7575	1	3.16228	276.356	304.504
688	33.6326	1	2.40514e+06	1	53.4857	1	557.406	1	55.7575	1	10	282.19	310.267
688	33.6326	1	2.40514e+06	1	53.4857	1	557.406	1	55.7575	1	31.6228	295.017	323.718
688	33.6326	1	2.40514e+06	1	53.4857	1	557.406	1	55.7575	1	100	316.143	348.69
689	42.3338	1	340612	1	47.8848	1	1496.39	1	84.0278	1	0	273.249	301.462
689	42.3338	1	340612	1	47.8848	1	1496.39	1	84.0278	1	0.001	273.25	301.463
689	42.3338	1	340612	1	47.8848	1	1496.39	1	84.0278	1	0.00316228	273.252	301.465
689	42.3338	1	340612	1	47.8848	1	1496.39	1	84.0278	1	0.01	273.259	301.471
689	42.3338	1	340612	1	47.8848	1	1496.39	1	84.0278	1	0.0316228	273.279	301.493
689	42.3338	1	340612	1	47.8848	1	1496.39	1	84.0278	1	0.1	273.344	301.56
689	42.3338	1	340612	1	47.8848	1	1496.39	1	84.0278	1	0.316228	273.547	301.77
689	42.3338	1	340612	1	47.8848	1	1496.39	1	84.0278	1	1	274.177	302.425
689	42.3338	1	340612	1	47.8848	1	1496.39	1	84.0278	1	3.16228	276.071	304.388
689	42.3338	1	340612	1	47.8848	1	1496.39	1	84.0278	1	10	281.303	309.806
689	42.3338	1	340612	1	47.8848	1	1496.39	1	84.0278	1	31.6228	292.708	321.829
689	42.3338	1	340612	1	47.8848	1	1496.39	1	84.0278	1	100	307.867	340.422
690	44.5521	1	1.12628e+06	1	67.1871	1	526.948	1	77.7065	1	0	273.249	301.462
690	44.5521	1	1.12628e+06	1	67.1871	1	526.948	1	77.7065	1	0.001	273.25	301.462
690	44.5521	1	1.12628e+06	1	67.1871	1	526.948	1	77.7065	1	0.00316228	273.252	301.464
690	44.5521	1	1.12628e+06	1	67.1871	1	526.948	1	77.7065	1	0.01	273.258	301.47
690	44.5521	1	1.12628e+06	1	67.1871	1	526.948	1	77.7065	1	0.0316228	273.276	301.488
690	44.5521	1	1.12628e+06	1	67.1871	1	526.948	1	77.7065	1	0.1	273.334	301.545
690	44.5521	1	1.12628e+06	1	67.1871	1	526.948	1	77.7065	1	0.316228	273.516	301.725
690	44.5521	1	1.12628e+06	1	67.1871	1	526.948	1	77.7065	1	1	274.085	302.287
690	44.5521	1	1.12628e+06	1	67.1871	1	526.948	1	77.7065	1	3.16228	275.819	304.006
690	44.5521	1	1.12628e+06	1	67.1871	1	526.948	1	77.7065	1	10	280.808	308.959
690	44.5521	1	1.12628e+06	1	67.1871	1	526.948	1	77.7065	1	31.6228	292.86	321.306
690	44.5521	1	1.12628e+06	1	67.1871	1	526.948	1	77.7065	1	100	314.41	346.28
691	41.0574	1	739928	1	120.369	1	583.913	1	84.2144	1	0	273.249	301.462
691	41.0574	1	739928	1	120.369	1	583.913	1	84.2144	1	0.001	273.25	301.462
691	41.0574	1	739928	1	120.369	1	583.913	1	84.2144	1	0.00316228	273.251	301.463
691	41.0574	1	739928	1	120.369	1	583.913	1	84.2144	1	0.01	273.256	301.467
691	41.0574	1	739928	1	120.369	1	583.913	1	84.2144	1	0.0316228	273.27	301.479
691	41.0574	1	739928	1	120.369	1	583.913	1	84.2144	1	0.1	273.315	301.518
691	41.0574	1	739928	1	120.369	1	583.913	1	84.2144	1	0.316228	273.455	301.639
691	41.0574	1	739928	1	120.369	1	583.913	1	84.2144	1	1	273.895	302.019
691	41.0574	1	739928	1	120.369	1	583.913	1	84.2144	1	3.16228	275.24	303.196
691	41.0574	1	739928	1	120.369	1	583.913	1	84.2144	1	10	279.173	306.706
691	41.0574	1	739928	1	120.369	1	583.913	1	84.2144	1	31.6228	289.053	316.194
691	41.0574	1	739928	1	120.369	1	583.913	1	84.2144	1	100	307.752	337.471
692	30.7284	1	975152	1	68.5684	1	260.326	1	69.609	1	0	273.249	301.462
692	30.7284	1	975152	1	68.5684	1	260.326	1	69.609	1	0.001	273.251	301.463
692	30.7284	1	975152	1	68.5684	1	260.326	1	69.609	1	0.00316228	273.253	301.465
692	30.7284	1	975152	1	68.5684	1	260.326	1	69.609	1	0.01	273.26	301.472
692	30.7284	1	975152	1	68.5684	1	260.326	1	69.609	1	0.0316228	273.284	301.493
692	30.7284	1	975152	1	68.5684	1	260.326	1	69.609	1	0.1	273.358	301.562
692	30.7284	1	975152	1	68.5684	1	260.326	1	69.609	1	0.316228	273.593	301.78
692	30.7284	1	975152	1	68.5684	1	260.326	1	69.609	1	1	274.325	302.459
692	30.7284	1	975152	1	68.5684	1	260.326	1	69.609	1	3.16228	276.548	304.542
692	30.7284	1	975152	1	68.5684	1	260.326	1	69.609	1	10	282.931	310.606
692	30.7284	1	975152	1	68.5684	1	260.326	1	69.609	1	31.6228	298.144	326.157
692	30.7284	1	975152	1	68.5684	1	260.326	1	69.609	1	100	328.239	360.419
693	29.9609	1	626330	1	65.4166	1	397.976	1	67.1517	1	0	273.249	301.462
693	29.9609	1	626330	1	65.4166	1	397.976	1	67.1517	1	0.001	273.25	301.463
693	29.9609	1	626330	1	65.4166	1	397.976	1	67.1517	1	0.00316228	273.253	301.465
693	29.9609	1	626330	1	65.4166	1	397.976	1	67.1517	1	0.01	273.26	301.471
693	29.9609	1	626330	1	65.4166	1	397.976	1	67.1517	1	0.0316228	273.282	301.491
693	29.9609	1	626330	1	65.4166	1	397.976	1	67.1517	1	0.1	273.352	301.555
693	29.9609	1	626330	1	65.4166	1	397.976	1	67.1517	1	0.316228	273.571	301.757
693	29.9609	1	626330	1	65.4166	1	397.976	1	67.1517	1	1	274.255	302.387
693	29.9609	1	626330	1	65.4166	1	397.976	1	67.1517	1	3.16228	276.322	304.307
693	29.9609	1	626330	1	65.4166	1	397.976	1	67.1517	1	10	282.179	309.836
693	29.9609	1	626330	1	65.4166	1	397.976	1	67.1517	1	31.6228	295.506	323.525
693	29.9609	1	626330	1	65.4166	1	397.976	1	67.1517	1	100	319.711	351.7
694	36.6263	1	800984	1	41.1791	1	225.731	1	96.404	1	0	273.249	301.462
694	36.6263	1	800984	1	41.1791	1	225.731	1	96.404	1	0.001	273.251	301.463
694	36.6263	1	800984	1	41.1791	1	225.731	1	96.404	1	0.00316228	273.254	301.466
694	36.6263	1	800984	1	41.1791	1	225.731	1	96.404	1	0.01	273.263	301.476
694	36.6263	1	800984	1	41.1791	1	225.731	1	96.404	1	0.0316228	273.293	301.506
694	36.6263	1	800984	1	41.1791	1	225.731	1	96.404	1	0.1	273.386	301.603
694	36.6263	1	800984	1	41.1791	1	225.731	1	96.404	1	0.316228	273.679	301.908
694	36.6263	1	800984	1	41.1791	1	225.731	1	96.404	1	1	274.593	302.857
694	36.6263	1	800984	1	41.1791	1	225.731	1	96.404	1	3.16228	277.353	305.72
694	36.6263	1	800984	1	41.1791	1	225.731	1	96.404	1	10	285.137	313.789
694	36.6263	1	800984	1	41.1791	1	225.731	1	96.404	1	31.6228	303.317	332.925
694	36.6263	1	800984	1	41.1791	1	225.731	1	96.404	1	100	337.001	371.188
695	41.4652	1	1.79646e+06	1	80.8743	1	333.461	1	54.7735	1	0	273.249	301.462
695	41.4652	1	1.79646e+06	1	80.8743	1	333.461	1	54.7735	1	0.001	273.25	301.462
695	41.4652	1	1.79646e+06	1	80.8743	1	333.461	1	54.7735	1	0.00316228	273.252	301.464
695	41.4652	1	1.79646e+06	1	80.8743	1	333.461	1	54.7735	1	0.01	273.258	301.47
695	41.4652	1	1.79646e+06	1	80.8743	1	333.461	1	54.7735	1	0.0316228	273.277	301.488
695	41.4652	1	1.79646e+06	1	80.8743	1	333.461	1	54.7735	1	0.1	273.337	301.545
695	41.4652	1	1.79646e+06	1	80.8743	1	333.461	1	54.7735	1	0.316228	273.526	301.725
695	41.4652	1	1.79646e+06	1	80.8743	1	333.461	1	54.7735	1	1	274.118	302.288
695	41.4652	1	1.79646e+06	1	80.8743	1	333.461	1	54.7735	1	3.16228	275.929	304.024
695	41.4652	1	1.79646e+06	1	80.8743	1	333.461	1	54.7735	1	10	281.187	309.103
695	41.4652	1	1.79646e+06	1	80.8743	1	333.461	1	54.7735	1	31.6228	294.233	322.315
695	41.4652	1	1.79646e+06	1	80.8743	1	333.461	1	54.7735	1	100	320.204	351.904
696	46.6071	1	1.04333e+06	1	67.3416	1	342.804	1	107.263	1	0	273.249	301.462
696	46.6071	1	1.04333e+06	1	67.3416	1	342.804	1	107.263	1	0.001	273.25	301.462
696	46.6071	1	1.04333e+06	1	67.3416	1	342.804	1	107.263	1	0.00316228	273.252	301.464
696	46.6071	1	1.04333e+06	1	67.3416	1	342.804	1	107.263	1	0.01	273.258	301.471
696	46.6071	1	1.04333e+06	1	67.3416	1	342.804	1	107.263	1	0.0316228	273.278	301.49
696	46.6071	1	1.04333e+06	1	67.3416	1	342.804	1	107.263	1	0.1	273.34	301.552
696	46.6071	1	1.04333e+06	1	67.3416	1	342.804	1	107.263	1	0.316228	273.535	301.747
696	46.6071	1	1.04333e+06	1	67.3416	1	342.804	1	107.263	1	1	274.145	302.356
696	46.6071	1	1.04333e+06	1	67.3416	1	342.804	1	107.263	1	3.16228	276.013	304.227
696	46.6071	1	1.04333e+06	1	67.3416	1	342.804	1	107.263	1	10	281.444	309.667
696	46.6071	1	1.04333e+06	1	67.3416	1	342.804	1	107.263	1	31.6228	295.116	323.666
696	46.6071	1	1.04333e+06	1	67.3416	1	342.804	1	107.263	1	100	321.848	353.776
697	46.2026	1	1.20842e+06	1	61.821	1	294.458	1	132.787	1	0	273.249	301.462
697	46.2026	1	1.20842e+06	1	61.821	1	294.458	1	132.787	1	0.001	273.25	301.463
697	46.2026	1	1.20842e+06	1	61.821	1	294.458	1	132.787	1	0.00316228	273.253	301.465
697	46.2026	1	1.20842e+06	1	61.821	1	294.458	1	132.787	1	0.01	273.259	301.471
697	46.2026	1	1.20842e+06	1	61.821	1	294.458	1	132.787	1	0.0316228	273.28	301.493
697	46.2026	1	1.20842e+06	1	61.821	1	294.458	1	132.787	1	0.1	273.347	301.561
697	46.2026	1	1.20842e+06	1	61.821	1	294.458	1	132.787	1	0.316228	273.558	301.774
697	46.2026	1	1.20842e+06	1	61.821	1	294.458	1	132.787	1	1	274.219	302.443
697	46.2026	1	1.20842e+06	1	61.821	1	294.458	1	132.787	1	3.16228	276.24	304.49
697	46.2026	1	1.20842e+06	1	61.821	1	294.458	1	132.787	1	10	282.107	310.434
697	46.2026	1	1.20842e+06	1	61.821	1	294.458	1	132.787	1	31.6228	296.891	325.648
697	46.2026	1	1.20842e+06	1	61.821	1	294.458	1	132.787	1	100	325.951	358.239
698	47.8648	1	785922	1	72.3087	1	293.387	1	133.592	1	0	273.249	301.462
698	47.8648	1	785922	1	72.3087	1	293.387	1	133.592	1	0.001	273.25	301.462
698	47.8648	1	785922	1	72.3087	1	293.387	1	133.592	1	0.00316228	273.252	301.464
698	47.8648	1	785922	1	72.3087	1	293.387	1	133.592	1	0.01	273.258	301.471
698	47.8648	1	785922	1	72.3087	1	293.387	1	133.592	1	0.0316228	273.278	301.49
698	47.8648	1	785922	1	72.3087	1	293.387	1	133.592	1	0.1	273.34	301.551
698	47.8648	1	785922	1	72.3087	1	293.387	1	133.592	1	0.316228	273.534	301.744
698	47.8648	1	785922	1	72.3087	1	293.387	1	133.592	1	1	274.143	302.35
698	47.8648	1	785922	1	72.3087	1	293.387	1	133.592	1	3.16228	276.015	304.214
698	47.8648	1	785922	1	72.3087	1	293.387	1	133.592	1	10	281.491	309.675
698	47.8648	1	785922	1	72.3087	1	293.387	1	133.592	1	31.6228	295.613	324.05
698	47.8648	1	785922	1	72.3087	1	293.387	1	133.592	1	100	324.375	356.1
699	37.6007	1	1.13668e+06	1	31.3483	1	600.325	1	114.473	1	0	273.249	301.462
699	37.6007	1	1.13668e+06	1	31.3483	1	600.325	1	114.473	1	0.001	273.251	301.463
699	37.6007	1	1.13668e+06	1	31.3483	1	600.325	1	114.473	1	0.00316228	273.254	301.466
699	37.6007	1	1.13668e+06	1	31.3483	1	600.325	1	114.473	1	0.01	273.263	301.477
699	37.6007	1	1.13668e+06	1	31.3483	1	600.325	1	114.473	1	0.0316228	273.293	301.509
699	37.6007	1	1.13668e+06	1	31.3483	1	600.325	1	114.473	1	0.1	273.387	301.612
699	37.6007	1	1.13668e+06	1	31.3483	1	600.325	1	114.473	1	0.316228	273.682	301.933
699	37.6007	1	1.13668e+06	1	31.3483	1	600.325	1	114.473	1	1	274.594	302.926
699	37.6007	1	1.13668e+06	1	31.3483	1	600.325	1	114.473	1	3.16228	277.286	305.839
699	37.6007	1	1.13668e+06	1	31.3483	1	600.325	1	114.473	1	10	284.461	313.549
699	37.6007	1	1.13668e+06	1	31.3483	1	600.325	1	114.473	1	31.6228	299.18	329.411
699	37.6007	1	1.13668e+06	1	31.3483	1	600.325	1	114.473	1	100	319.695	353.859
700	43.2448	1	1.43229e+07	1	96.5034	1	516.006	1	84.0306	1	0	273.249	301.462
700	43.2448	1	1.43229e+07	1	96.5034	1	516.006	1	84.0306	1	0.001	273.25	301.462
700	43.2448	1	1.43229e+07	1	96.5034	1	516.006	1	84.0306	1	0.00316228	273.252	301.464
700	43.2448	1	1.43229e+07	1	96.5034	1	516.006	1	84.0306	1	0.01	273.257	301.468
700	43.2448	1	1.43229e+07	1	96.5034	1	516.006	1	84.0306	1	0.0316228	273.272	301.482
700	43.2448	1	1.43229e+07	1	96.5034	1	516.006	1	84.0306	1	0.1	273.321	301.527
700	43.2448	1	1.43229e+07	1	96.5034	1	516.006	1	84.0306	1	0.316228	273.476	301.669
700	43.2448	1	1.43229e+07	1	96.5034	1	516.006	1	84.0306	1	1	273.96	302.114
700	43.2448	1	1.43229e+07	1	96.5034	1	516.006	1	84.0306	1	3.16228	275.444	303.487
700	43.2448	1	1.43229e+07	1	96.5034	1	516.006	1	84.0306	1	10	279.778	307.547
700	43.2448	1	1.43229e+07	1	96.5034	1	516.006	1	84.0306	1	31.6228	290.713	318.343
700	43.2448	1	1.43229e+07	1	96.5034	1	516.006	1	84.0306	1	100	311.364	341.901
701	48.4577	1	749800	1	57.7366	1	259.313	1	98.5413	1	0	273.249	301.462
701	48.4577	1	749800	1	57.7366	1	259.313	1	98.5413	1	0.001	273.25	301.463
701	48.4577	1	749800	1	57.7366	1	259.313	1	98.5413	1	0.00316228	273.253	301.465
701	48.4577	1	749800	1	57.7366	1	259.313	1	98.5413	1	0.01	273.26	301.472
701	48.4577	1	749800	1	57.7366	1	259.313	1	98.5413	1	0.0316228	273.282	301.496
701	48.4577	1	749800	1	57.7366	1	259.313	1	98.5413	1	0.1	273.354	301.569
701	48.4577	1	749800	1	57.7366	1	259.313	1	98.5413	1	0.316228	273.578	301.8
701	48.4577	1	749800	1	57.7366	1	259.313	1	98.5413	1	1	274.28	302.524
701	48.4577	1	749800	1	57.7366	1	259.313	1	98.5413	1	3.16228	276.429	304.739
701	48.4577	1	749800	1	57.7366	1	259.313	1	98.5413	1	10	282.659	311.152
701	48.4577	1	749800	1	57.7366	1	259.313	1	98.5413	1	31.6228	298.317	327.429
701	48.4577	1	749800	1	57.7366	1	259.313	1	98.5413	1	100	329.574	362.393
702	30.3704	1	4.68355e+06	1	68.19	1	349.015	1	80.1224	1	0	273.249	301.462
702	30.3704	1	4.68355e+06	1	68.19	1	349.015	1	80.1224	1	0.001	273.25	301.463
702	30.3704	1	4.68355e+06	1	68.19	1	349.015	1	80.1224	1	0.00316228	273.253	301.465
702	30.3704	1	4.68355e+06	1	68.19	1	349.015	1	80.1224	1	0.01	273.26	301.471
702	30.3704	1	4.68355e+06	1	68.19	1	349.015	1	80.1224	1	0.0316228	273.282	301.491
702	30.3704	1	4.68355e+06	1	68.19	1	349.015	1	80.1224	1	0.1	273.352	301.555
702	30.3704	1	4.68355e+06	1	68.19	1	349.015	1	80.1224	1	0.316228	273.571	301.756
702	30.3704	1	4.68355e+06	1	68.19	1	349.015	1	80.1224	1	1	274.256	302.385
702	30.3704	1	4.68355e+06	1	68.19	1	349.015	1	80.1224	1	3.16228	276.329	304.307
702	30.3704	1	4.68355e+06	1	68.19	1	349.015	1	80.1224	1	10	282.24	309.871
702	30.3704	1	4.68355e+06	1	68.19	1	349.015	1	80.1224	1	31.6228	296.045	323.933
702	30.3704	1	4.68355e+06	1	68.19	1	349.015	1	80.1224	1	100	321.83	353.729
703	23.3559	1	1.37544e+06	1	146.394	1	172.383	1	372.444	1	0	273.249	301.462
703	23.3559	1	1.37544e+06	1	146.394	1	172.383	1	372.444	1	0.001	273.251	301.462
703	23.3559	1	1.37544e+06	1	146.394	1	172.383	1	372.444	1	0.00316228	273.253	301.464
703	23.3559	1	1.37544e+06	1	146.394	1	172.383	1	372.444	1	0.01	273.26	301.47
703	23.3559	1	1.37544e+06	1	146.394	1	172.383	1	372.444	1	0.0316228	273.284	301.489
703	23.3559	1	1.37544e+06	1	146.394	1	172.383	1	372.444	1	0.1	273.359	301.548
703	23.3559	1	1.37544e+06	1	146.394	1	172.383	1	372.444	1	0.316228	273.594	301.734
703	23.3559	1	1.37544e+06	1	146.394	1	172.383	1	372.444	1	1	274.326	302.317
703	23.3559	1	1.37544e+06	1	146.394	1	172.383	1	372.444	1	3.16228	276.529	304.11
703	23.3559	1	1.37544e+06	1	146.394	1	172.383	1	372.444	1	10	282.834	309.465
703	23.3559	1	1.37544e+06	1	146.394	1	172.383	1	372.444	1	31.6228	297.923	324.187
703	23.3559	1	1.37544e+06	1	146.394	1	172.383	1	372.444	1	100	331.257	360.908
704	36.4951	1	596914	1	49.0154	1	659.147	1	55.6643	1	0	273.249	301.462
704	36.4951	1	596914	1	49.0154	1	659.147	1	55.6643	1	0.001	273.25	301.463
704	36.4951	1	596914	1	49.0154	1	659.147	1	55.6643	1	0.00316228	273.253	301.465
704	36.4951	1	596914	1	49.0154	1	659.147	1	55.6643	1	0.01	273.26	301.472
704	36.4951	1	596914	1	49.0154	1	659.147	1	55.6643	1	0.0316228	273.282	301.495
704	36.4951	1	596914	1	49.0154	1	659.147	1	55.6643	1	0.1	273.354	301.566
704	36.4951	1	596914	1	49.0154	1	659.147	1	55.6643	1	0.316228	273.578	301.792
704	36.4951	1	596914	1	49.0154	1	659.147	1	55.6643	1	1	274.274	302.494
704	36.4951	1	596914	1	49.0154	1	659.147	1	55.6643	1	3.16228	276.368	304.607
704	36.4951	1	596914	1	49.0154	1	659.147	1	55.6643	1	10	282.184	310.495
704	36.4951	1	596914	1	49.0154	1	659.147	1	55.6643	1	31.6228	294.861	323.894
704	36.4951	1	596914	1	49.0154	1	659.147	1	55.6643	1	100	314.507	347.378
705	31.2315	1	1.35772e+06	1	71.1993	1	505.374	1	155.286	1	0	273.249	301.462
705	31.2315	1	1.35772e+06	1	71.1993	1	505.374	1	155.286	1	0.001	273.25	301.462
705	31.2315	1	1.35772e+06	1	71.1993	1	505.374	1	155.286	1	0.00316228	273.252	301.464
705	31.2315	1	1.35772e+06	1	71.1993	1	505.374	1	155.286	1	0.01	273.259	301.47
705	31.2315	1	1.35772e+06	1	71.1993	1	505.374	1	155.286	1	0.0316228	273.278	301.488
705	31.2315	1	1.35772e+06	1	71.1993	1	505.374	1	155.286	1	0.1	273.341	301.544
705	31.2315	1	1.35772e+06	1	71.1993	1	505.374	1	155.286	1	0.316228	273.539	301.722
705	31.2315	1	1.35772e+06	1	71.1993	1	505.374	1	155.286	1	1	274.154	302.279
705	31.2315	1	1.35772e+06	1	71.1993	1	505.374	1	155.286	1	3.16228	276.014	303.979
705	31.2315	1	1.35772e+06	1	71.1993	1	505.374	1	155.286	1	10	281.299	308.882
705	31.2315	1	1.35772e+06	1	71.1993	1	505.374	1	155.286	1	31.6228	293.659	321.236
705	31.2315	1	1.35772e+06	1	71.1993	1	505.374	1	155.286	1	100	315.184	346.527
706	109.866	1	843525	1	63.1007	1	430.705	1	136.671	1	0	273.249	301.462
706	109.866	1	843525	1	63.1007	1	430.705	1	136.671	1	0.001	273.25	301.462
706	109.866	1	843525	1	63.1007	1	430.705	1	136.671	1	0.00316228	273.252	301.464
706	109.866	1	843525	1	63.1007	1	430.705	1	136.671	1	0.01	273.257	301.47
706	109.866	1	843525	1	63.1007	1	430.705	1	136.671	1	0.0316228	273.273	301.489
706	109.866	1	843525	1	63.1007	1	430.705	1	136.671	1	0.1	273.325	301.547
706	109.866	1	843525	1	63.1007	1	430.705	1	136.671	1	0.316228	273.488	301.731
706	109.866	1	843525	1	63.1007	1	430.705	1	136.671	1	1	273.999	302.308
706	109.866	1	843525	1	63.1007	1	430.705	1	136.671	1	3.16228	275.569	304.073
706	109.866	1	843525	1	63.1007	1	430.705	1	136.671	1	10	280.142	309.172
706	109.866	1	843525	1	63.1007	1	430.705	1	136.671	1	31.6228	291.835	322.069
706	109.866	1	843525	1	63.1007	1	430.705	1	136.671	1	100	316.583	349.195
707	58.7063	1	1.24377e+06	1	65.9691	1	321.678	1	118.602	1	0	273.249	301.462
707	58.7063	1	1.24377e+06	1	65.9691	1	321.678	1	118.602	1	0.001	273.25	301.462
707	58.7063	1	1.24377e+06	1	65.9691	1	321.678	1	118.602	1	0.00316228	273.252	301.464
707	58.7063	1	1.24377e+06	1	65.9691	1	321.678	1	118.602	1	0.01	273.258	301.471
707	58.7063	1	1.24377e+06	1	65.9691	1	321.678	1	118.602	1	0.0316228	273.277	301.491
707	58.7063	1	1.24377e+06	1	65.9691	1	321.678	1	118.602	1	0.1	273.337	301.553
707	58.7063	1	1.24377e+06	1	65.9691	1	321.678	1	118.602	1	0.316228	273.527	301.75
707	58.7063	1	1.24377e+06	1	65.9691	1	321.678	1	118.602	1	1	274.121	302.368
707	58.7063	1	1.24377e+06	1	65.9691	1	321.678	1	118.602	1	3.16228	275.948	304.266
707	58.7063	1	1.24377e+06	1	65.9691	1	321.678	1	118.602	1	10	281.279	309.786
707	58.7063	1	1.24377e+06	1	65.9691	1	321.678	1	118.602	1	31.6228	295.008	324.07
707	58.7063	1	1.24377e+06	1	65.9691	1	321.678	1	118.602	1	100	322.919	355.096
708	37.8767	1	660185	1	98.8877	1	455.452	1	75.8361	1	0	273.249	301.462
708	37.8767	1	660185	1	98.8877	1	455.452	1	75.8361	1	0.001	273.25	301.462
708	37.8767	1	660185	1	98.8877	1	455.452	1	75.8361	1	0.00316228	273.252	301.464
708	37.8767	1	660185	1	98.8877	1	455.452	1	75.8361	1	0.01	273.257	301.468
708	37.8767	1	660185	1	98.8877	1	455.452	1	75.8361	1	0.0316228	273.274	301.483
708	37.8767	1	660185	1	98.8877	1	455.452	1	75.8361	1	0.1	273.326	301.53
708	37.8767	1	660185	1	98.8877	1	455.452	1	75.8361	1	0.316228	273.491	301.676
708	37.8767	1	660185	1	98.8877	1	455.452	1	75.8361	1	1	274.007	302.136
708	37.8767	1	660185	1	98.8877	1	455.452	1	75.8361	1	3.16228	275.583	303.555
708	37.8767	1	660185	1	98.8877	1	455.452	1	75.8361	1	10	280.167	307.756
708	37.8767	1	660185	1	98.8877	1	455.452	1	75.8361	1	31.6228	291.493	318.909
708	37.8767	1	660185	1	98.8877	1	455.452	1	75.8361	1	100	313.101	343.582
709	38.1885	1	586363	1	64.3412	1	77.7927	1	94.4055	1	0	273.249	301.462
709	38.1885	1	586363	1	64.3412	1	77.7927	1	94.4055	1	0.001	273.251	301.463
709	38.1885	1	586363	1	64.3412	1	77.7927	1	94.4055	1	0.00316228	273.255	301.467
709	38.1885	1	586363	1	64.3412	1	77.7927	1	94.4055	1	0.01	273.267	301.479
709	38.1885	1	586363	1	64.3412	1	77.7927	1	94.4055	1	0.0316228	273.304	301.516
709	38.1885	1	586363	1	64.3412	1	77.7927	1	94.4055	1	0.1	273.421	301.634
709	38.1885	1	586363	1	64.3412	1	77.7927	1	94.4055	1	0.316228	273.792	302.004
709	38.1885	1	586363	1	64.3412	1	77.7927	1	94.4055	1	1	274.95	303.164
709	38.1885	1	586363	1	64.3412	1	77.7927	1	94.4055	1	3.16228	278.493	306.72
709	38.1885	1	586363	1	64.3412	1	77.7927	1	94.4055	1	10	288.705	316.986
709	38.1885	1	586363	1	64.3412	1	77.7927	1	94.4055	1	31.6228	316.24	345.235
709	38.1885	1	586363	1	64.3412	1	77.7927	1	94.4055	1	100	374.645	408.81
710	28.5428	1	1.20023e+06	1	101.867	1	363.783	1	89.6279	1	0	273.249	301.462
710	28.5428	1	1.20023e+06	1	101.867	1	363.783	1	89.6279	1	0.001	273.25	301.462
710	28.5428	1	1.20023e+06	1	101.867	1	363.783	1	89.6279	1	0.00316228	273.252	301.464
710	28.5428	1	1.20023e+06	1	101.867	1	363.783	1	89.6279	1	0.01	273.258	301.469
710	28.5428	1	1.20023e+06	1	101.867	1	363.783	1	89.6279	1	0.0316228	273.278	301.485
710	28.5428	1	1.20023e+06	1	101.867	1	363.783	1	89.6279	1	0.1	273.338	301.535
710	28.5428	1	1.20023e+06	1	101.867	1	363.783	1	89.6279	1	0.316228	273.529	301.693
710	28.5428	1	1.20023e+06	1	101.867	1	363.783	1	89.6279	1	1	274.123	302.19
710	28.5428	1	1.20023e+06	1	101.867	1	363.783	1	89.6279	1	3.16228	275.921	303.717
710	28.5428	1	1.20023e+06	1	101.867	1	363.783	1	89.6279	1	10	281.078	308.241
710	28.5428	1	1.20023e+06	1	101.867	1	363.783	1	89.6279	1	31.6228	293.283	320.25
710	28.5428	1	1.20023e+06	1	101.867	1	363.783	1	89.6279	1	100	317.084	347.482
711	78.5239	1	891356	1	55.5701	1	279.804	1	115.412	1	0	273.249	301.462
711	78.5239	1	891356	1	55.5701	1	279.804	1	115.412	1	0.001	273.25	301.463
711	78.5239	1	891356	1	55.5701	1	279.804	1	115.412	1	0.00316228	273.252	301.465
711	78.5239	1	891356	1	55.5701	1	279.804	1	115.412	1	0.01	273.259	301.472
711	78.5239	1	891356	1	55.5701	1	279.804	1	115.412	1	0.0316228	273.28	301.495
711	78.5239	1	891356	1	55.5701	1	279.804	1	115.412	1	0.1	273.345	301.567
711	78.5239	1	891356	1	55.5701	1	279.804	1	115.412	1	0.316228	273.551	301.793
711	78.5239	1	891356	1	55.5701	1	279.804	1	115.412	1	1	274.195	302.502
711	78.5239	1	891356	1	55.5701	1	279.804	1	115.412	1	3.16228	276.171	304.667
711	78.5239	1	891356	1	55.5701	1	279.804	1	115.412	1	10	281.905	310.917
711	78.5239	1	891356	1	55.5701	1	279.804	1	115.412	1	31.6228	296.55	326.685
711	78.5239	1	891356	1	55.5701	1	279.804	1	115.412	1	100	327.115	360.334
712	37.3631	1	860295	1	57.5025	1	147.244	1	96.2066	1	0	273.249	301.462
712	37.3631	1	860295	1	57.5025	1	147.244	1	96.2066	1	0.001	273.251	301.463
712	37.3631	1	860295	1	57.5025	1	147.244	1	96.2066	1	0.00316228	273.254	301.466
712	37.3631	1	860295	1	57.5025	1	147.244	1	96.2066	1	0.01	273.263	301.475
712	37.3631	1	860295	1	57.5025	1	147.244	1	96.2066	1	0.0316228	273.291	301.503
712	37.3631	1	860295	1	57.5025	1	147.244	1	96.2066	1	0.1	273.382	301.594
712	37.3631	1	860295	1	57.5025	1	147.244	1	96.2066	1	0.316228	273.668	301.879
712	37.3631	1	860295	1	57.5025	1	147.244	1	96.2066	1	1	274.563	302.773
712	37.3631	1	860295	1	57.5025	1	147.244	1	96.2066	1	3.16228	277.3	305.512
712	37.3631	1	860295	1	57.5025	1	147.244	1	96.2066	1	10	285.244	313.489
712	37.3631	1	860295	1	57.5025	1	147.244	1	96.2066	1	31.6228	305.476	334.339
712	37.3631	1	860295	1	57.5025	1	147.244	1	96.2066	1	100	347.568	381.068
713	30.5757	1	2.51495e+06	1	83.6437	1	704.041	1	63.076	1	0	273.249	301.462
713	30.5757	1	2.51495e+06	1	83.6437	1	704.041	1	63.076	1	0.001	273.25	301.462
713	30.5757	1	2.51495e+06	1	83.6437	1	704.041	1	63.076	1	0.00316228	273.252	301.464
713	30.5757	1	2.51495e+06	1	83.6437	1	704.041	1	63.076	1	0.01	273.258	301.469
713	30.5757	1	2.51495e+06	1	83.6437	1	704.041	1	63.076	1	0.0316228	273.276	301.484
713	30.5757	1	2.51495e+06	1	83.6437	1	704.041	1	63.076	1	0.1	273.333	301.533
713	30.5757	1	2.51495e+06	1	83.6437	1	704.041	1	63.076	1	0.316228	273.512	301.688
713	30.5757	1	2.51495e+06	1	83.6437	1	704.041	1	63.076	1	1	274.07	302.171
713	30.5757	1	2.51495e+06	1	83.6437	1	704.041	1	63.076	1	3.16228	275.754	303.649
713	30.5757	1	2.51495e+06	1	83.6437	1	704.041	1	63.076	1	10	280.509	307.92
713	30.5757	1	2.51495e+06	1	83.6437	1	704.041	1	63.076	1	31.6228	291.143	318.572
713	30.5757	1	2.51495e+06	1	83.6437	1	704.041	1	63.076	1	100	309.319	340.107
714	57.219	1	1.04647e+06	1	64.1536	1	550.117	1	74.5929	1	0	273.249	301.462
714	57.219	1	1.04647e+06	1	64.1536	1	550.117	1	74.5929	1	0.001	273.25	301.462
714	57.219	1	1.04647e+06	1	64.1536	1	550.117	1	74.5929	1	0.00316228	273.252	301.464
714	57.219	1	1.04647e+06	1	64.1536	1	550.117	1	74.5929	1	0.01	273.258	301.47
714	57.219	1	1.04647e+06	1	64.1536	1	550.117	1	74.5929	1	0.0316228	273.275	301.488
714	57.219	1	1.04647e+06	1	64.1536	1	550.117	1	74.5929	1	0.1	273.33	301.546
714	57.219	1	1.04647e+06	1	64.1536	1	550.117	1	74.5929	1	0.316228	273.504	301.727
714	57.219	1	1.04647e+06	1	64.1536	1	550.117	1	74.5929	1	1	274.049	302.294
714	57.219	1	1.04647e+06	1	64.1536	1	550.117	1	74.5929	1	3.16228	275.715	304.026
714	57.219	1	1.04647e+06	1	64.1536	1	550.117	1	74.5929	1	10	280.509	309
714	57.219	1	1.04647e+06	1	64.1536	1	550.117	1	74.5929	1	31.6228	292.283	321.312
714	57.219	1	1.04647e+06	1	64.1536	1	550.117	1	74.5929	1	100	313.548	345.899
715	32.4959	1	2.47651e+06	1	105.002	1	228.169	1	107.552	1	0	273.249	301.462
715	32.4959	1	2.47651e+06	1	105.002	1	228.169	1	107.552	1	0.001	273.25	301.462
715	32.4959	1	2.47651e+06	1	105.002	1	228.169	1	107.552	1	0.00316228	273.252	301.464
715	32.4959	1	2.47651e+06	1	105.002	1	228.169	1	107.552	1	0.01	273.259	301.47
715	32.4959	1	2.47651e+06	1	105.002	1	228.169	1	107.552	1	0.0316228	273.28	301.488
715	32.4959	1	2.47651e+06	1	105.002	1	228.169	1	107.552	1	0.1	273.345	301.545
715	32.4959	1	2.47651e+06	1	105.002	1	228.169	1	107.552	1	0.316228	273.55	301.725
715	32.4959	1	2.47651e+06	1	105.002	1	228.169	1	107.552	1	1	274.191	302.289
715	32.4959	1	2.47651e+06	1	105.002	1	228.169	1	107.552	1	3.16228	276.151	304.035
715	32.4959	1	2.47651e+06	1	105.002	1	228.169	1	107.552	1	10	281.873	309.246
715	32.4959	1	2.47651e+06	1	105.002	1	228.169	1	107.552	1	31.6228	296.271	323.369
715	32.4959	1	2.47651e+06	1	105.002	1	228.169	1	107.552	1	100	326.964	357.6
716	44.229	1	699791	1	79.2097	1	385.135	1	85.314	1	0	273.249	301.462
716	44.229	1	699791	1	79.2097	1	385.135	1	85.314	1	0.001	273.25	301.462
716	44.229	1	699791	1	79.2097	1	385.135	1	85.314	1	0.00316228	273.252	301.464
716	44.229	1	699791	1	79.2097	1	385.135	1	85.314	1	0.01	273.258	301.47
716	44.229	1	699791	1	79.2097	1	385.135	1	85.314	1	0.0316228	273.276	301.487
716	44.229	1	699791	1	79.2097	1	385.135	1	85.314	1	0.1	273.332	301.541
716	44.229	1	699791	1	79.2097	1	385.135	1	85.314	1	0.316228	273.511	301.713
716	44.229	1	699791	1	79.2097	1	385.135	1	85.314	1	1	274.071	302.252
716	44.229	1	699791	1	79.2097	1	385.135	1	85.314	1	3.16228	275.786	303.911
716	44.229	1	699791	1	79.2097	1	385.135	1	85.314	1	10	280.788	308.776
716	44.229	1	699791	1	79.2097	1	385.135	1	85.314	1	31.6228	293.348	321.438
716	44.229	1	699791	1	79.2097	1	385.135	1	85.314	1	100	317.908	349.298
717	43.4122	1	1.21371e+06	1	73.8926	1	335.245	1	56.6193	1	0	273.249	301.462
717	43.4122	1	1.21371e+06	1	73.8926	1	335.245	1	56.6193	1	0.001	273.25	301.462
717	43.4122	1	1.21371e+06	1	73.8926	1	335.245	1	56.6193	1	0.00316228	273.252	301.464
717	43.4122	1	1.21371e+06	1	73.8926	1	335.245	1	56.6193	1	0.01	273.258	301.47
717	43.4122	1	1.21371e+06	1	73.8926	1	335.245	1	56.6193	1	0.0316228	273.278	301.489
717	43.4122	1	1.21371e+06	1	73.8926	1	335.245	1	56.6193	1	0.1	273.339	301.549
717	43.4122	1	1.21371e+06	1	73.8926	1	335.245	1	56.6193	1	0.316228	273.533	301.738
717	43.4122	1	1.21371e+06	1	73.8926	1	335.245	1	56.6193	1	1	274.139	302.329
717	43.4122	1	1.21371e+06	1	73.8926	1	335.245	1	56.6193	1	3.16228	275.994	304.145
717	43.4122	1	1.21371e+06	1	73.8926	1	335.245	1	56.6193	1	10	281.372	309.431
717	43.4122	1	1.21371e+06	1	73.8926	1	335.245	1	56.6193	1	31.6228	294.709	323.062
717	43.4122	1	1.21371e+06	1	73.8926	1	335.245	1	56.6193	1	100	320.909	352.973
718	60.0507	1	2.26492e+06	1	101.247	1	291.046	1	142.825	1	0	273.249	301.462
718	60.0507	1	2.26492e+06	1	101.247	1	291.046	1	142.825	1	0.001	273.25	301.462
718	60.0507	1	2.26492e+06	1	101.247	1	291.046	1	142.825	1	0.00316228	273.252	301.464
718	60.0507	1	2.26492e+06	1	101.247	1	291.046	1	142.825	1	0.01	273.257	301.469
718	60.0507	1	2.26492e+06	1	101.247	1	291.046	1	142.825	1	0.0316228	273.273	301.485
718	60.0507	1	2.26492e+06	1	101.247	1	291.046	1	142.825	1	0.1	273.323	301.534
718	60.0507	1	2.26492e+06	1	101.247	1	291.046	1	142.825	1	0.316228	273.483	301.691
718	60.0507	1	2.26492e+06	1	101.247	1	291.046	1	142.825	1	1	273.984	302.184
718	60.0507	1	2.26492e+06	1	101.247	1	291.046	1	142.825	1	3.16228	275.538	303.713
718	60.0507	1	2.26492e+06	1	101.247	1	291.046	1	142.825	1	10	280.167	308.292
718	60.0507	1	2.26492e+06	1	101.247	1	291.046	1	142.825	1	31.6228	292.769	320.939
718	60.0507	1	2.26492e+06	1	101.247	1	291.046	1	142.825	1	100	320.718	351.298
719	61.2064	1	645850	1	31.9145	1	659.269	1	45.1092	1	0	273.249	301.462
719	61.2064	1	645850	1	31.9145	1	659.269	1	45.1092	1	0.001	273.251	301.463
719	61.2064	1	645850	1	31.9145	1	659.269	1	45.1092	1	0.00316228	273.253	301.466
719	61.2064	1	645850	1	31.9145	1	659.269	1	45.1092	1	0.01	273.262	301.476
719	61.2064	1	645850	1	31.9145	1	659.269	1	45.1092	1	0.0316228	273.289	301.508
719	61.2064	1	645850	1	31.9145	1	659.269	1	45.1092	1	0.1	273.375	301.607
719	61.2064	1	645850	1	31.9145	1	659.269	1	45.1092	1	0.316228	273.645	301.92
719	61.2064	1	645850	1	31.9145	1	659.269	1	45.1092	1	1	274.48	302.883
719	61.2064	1	645850	1	31.9145	1	659.269	1	45.1092	1	3.16228	276.947	305.712
719	61.2064	1	645850	1	31.9145	1	659.269	1	45.1092	1	10	283.457	313.135
719	61.2064	1	645850	1	31.9145	1	659.269	1	45.1092	1	31.6228	296.91	328.222
719	61.2064	1	645850	1	31.9145	1	659.269	1	45.1092	1	100	315.992	351.365
720	48.3918	1	2.09886e+06	1	98.8872	1	134.317	1	99.2072	1	0	273.249	301.462
720	48.3918	1	2.09886e+06	1	98.8872	1	134.317	1	99.2072	1	0.001	273.251	301.463
720	48.3918	1	2.09886e+06	1	98.8872	1	134.317	1	99.2072	1	0.00316228	273.253	301.465
720	48.3918	1	2.09886e+06	1	98.8872	1	134.317	1	99.2072	1	0.01	273.26	301.472
720	48.3918	1	2.09886e+06	1	98.8872	1	134.317	1	99.2072	1	0.0316228	273.284	301.495
720	48.3918	1	2.09886e+06	1	98.8872	1	134.317	1	99.2072	1	0.1	273.359	301.568
720	48.3918	1	2.09886e+06	1	98.8872	1	134.317	1	99.2072	1	0.316228	273.595	301.798
720	48.3918	1	2.09886e+06	1	98.8872	1	134.317	1	99.2072	1	1	274.335	302.52
720	48.3918	1	2.09886e+06	1	98.8872	1	134.317	1	99.2072	1	3.16228	276.621	304.757
720	48.3918	1	2.09886e+06	1	98.8872	1	134.317	1	99.2072	1	10	283.395	311.421
720	48.3918	1	2.09886e+06	1	98.8872	1	134.317	1	99.2072	1	31.6228	302.054	330.187
720	48.3918	1	2.09886e+06	1	98.8872	1	134.317	1	99.2072	1	100	343.977	375.522
721	40.0861	1	746851	1	94.5014	1	332.117	1	96.7823	1	0	273.249	301.462
721	40.0861	1	746851	1	94.5014	1	332.117	1	96.7823	1	0.001	273.25	301.462
721	40.0861	1	746851	1	94.5014	1	332.117	1	96.7823	1	0.00316228	273.252	301.464
721	40.0861	1	746851	1	94.5014	1	332.117	1	96.7823	1	0.01	273.258	301.469
721	40.0861	1	746851	1	94.5014	1	332.117	1	96.7823	1	0.0316228	273.275	301.485
721	40.0861	1	746851	1	94.5014	1	332.117	1	96.7823	1	0.1	273.332	301.537
721	40.0861	1	746851	1	94.5014	1	332.117	1	96.7823	1	0.316228	273.509	301.699
721	40.0861	1	746851	1	94.5014	1	332.117	1	96.7823	1	1	274.063	302.209
721	40.0861	1	746851	1	94.5014	1	332.117	1	96.7823	1	3.16228	275.763	303.784
721	40.0861	1	746851	1	94.5014	1	332.117	1	96.7823	1	10	280.748	308.463
721	40.0861	1	746851	1	94.5014	1	332.117	1	96.7823	1	31.6228	293.41	320.95
721	40.0861	1	746851	1	94.5014	1	332.117	1	96.7823	1	100	319.19	349.938
722	27.2447	1	582256	1	104.879	1	618.794	1	31.6934	1	0	273.249	301.462
722	27.2447	1	582256	1	104.879	1	618.794	1	31.6934	1	0.001	273.25	301.462
722	27.2447	1	582256	1	104.879	1	618.794	1	31.6934	1	0.00316228	273.252	301.464
722	27.2447	1	582256	1	104.879	1	618.794	1	31.6934	1	0.01	273.258	301.468
722	27.2447	1	582256	1	104.879	1	618.794	1	31.6934	1	0.0316228	273.276	301.483
722	27.2447	1	582256	1	104.879	1	618.794	1	31.6934	1	0.1	273.334	301.529
722	27.2447	1	582256	1	104.879	1	618.794	1	31.6934	1	0.316228	273.514	301.674
722	27.2447	1	582256	1	104.879	1	618.794	1	31.6934	1	1	274.075	302.129
722	27.2447	1	582256	1	104.879	1	618.794	1	31.6934	1	3.16228	275.753	303.515
722	27.2447	1	582256	1	104.879	1	618.794	1	31.6934	1	10	280.387	307.478
722	27.2447	1	582256	1	104.879	1	618.794	1	31.6934	1	31.6228	290.056	317.405
722	27.2447	1	582256	1	104.879	1	618.794	1	31.6934	1	100	308.443	338.756
723	53.5319	1	722108	1	39.0398	1	235.676	1	118.517	1	0	273.249	301.462
723	53.5319	1	722108	1	39.0398	1	235.676	1	118.517	1	0.001	273.251	301.463
723	53.5319	1	722108	1	39.0398	1	235.676	1	118.517	1	0.00316228	273.254	301.466
723	53.5319	1	722108	1	39.0398	1	235.676	1	118.517	1	0.01	273.262	301.476
723	53.5319	1	722108	1	39.0398	1	235.676	1	118.517	1	0.0316228	273.29	301.507
723	53.5319	1	722108	1	39.0398	1	235.676	1	118.517	1	0.1	273.379	301.604
723	53.5319	1	722108	1	39.0398	1	235.676	1	118.517	1	0.316228	273.658	301.911
723	53.5319	1	722108	1	39.0398	1	235.676	1	118.517	1	1	274.526	302.864
723	53.5319	1	722108	1	39.0398	1	235.676	1	118.517	1	3.16228	277.154	305.734
723	53.5319	1	722108	1	39.0398	1	235.676	1	118.517	1	10	284.557	313.773
723	53.5319	1	722108	1	39.0398	1	235.676	1	118.517	1	31.6228	302.221	332.69
723	53.5319	1	722108	1	39.0398	1	235.676	1	118.517	1	100	335.834	370.184
724	28.2819	1	2.19555e+06	1	61.7378	1	155.762	1	73.4162	1	0	273.249	301.462
724	28.2819	1	2.19555e+06	1	61.7378	1	155.762	1	73.4162	1	0.001	273.251	301.463
724	28.2819	1	2.19555e+06	1	61.7378	1	155.762	1	73.4162	1	0.00316228	273.254	301.466
724	28.2819	1	2.19555e+06	1	61.7378	1	155.762	1	73.4162	1	0.01	273.263	301.474
724	28.2819	1	2.19555e+06	1	61.7378	1	155.762	1	73.4162	1	0.0316228	273.292	301.502
724	28.2819	1	2.19555e+06	1	61.7378	1	155.762	1	73.4162	1	0.1	273.385	301.59
724	28.2819	1	2.19555e+06	1	61.7378	1	155.762	1	73.4162	1	0.316228	273.678	301.865
724	28.2819	1	2.19555e+06	1	61.7378	1	155.762	1	73.4162	1	1	274.591	302.729
724	28.2819	1	2.19555e+06	1	61.7378	1	155.762	1	73.4162	1	3.16228	277.367	305.374
724	28.2819	1	2.19555e+06	1	61.7378	1	155.762	1	73.4162	1	10	285.348	313.081
724	28.2819	1	2.19555e+06	1	61.7378	1	155.762	1	73.4162	1	31.6228	304.784	333.132
724	28.2819	1	2.19555e+06	1	61.7378	1	155.762	1	73.4162	1	100	344.963	378.17
725	39.8053	1	645028	1	63.8722	1	648.634	1	110.862	1	0	273.249	301.462
725	39.8053	1	645028	1	63.8722	1	648.634	1	110.862	1	0.001	273.25	301.462
725	39.8053	1	645028	1	63.8722	1	648.634	1	110.862	1	0.00316228	273.252	301.464
725	39.8053	1	645028	1	63.8722	1	648.634	1	110.862	1	0.01	273.258	301.47
725	39.8053	1	645028	1	63.8722	1	648.634	1	110.862	1	0.0316228	273.277	301.488
725	39.8053	1	645028	1	63.8722	1	648.634	1	110.862	1	0.1	273.336	301.546
725	39.8053	1	645028	1	63.8722	1	648.634	1	110.862	1	0.316228	273.522	301.726
725	39.8053	1	645028	1	63.8722	1	648.634	1	110.862	1	1	274.102	302.291
725	39.8053	1	645028	1	63.8722	1	648.634	1	110.862	1	3.16228	275.865	304.012
725	39.8053	1	645028	1	63.8722	1	648.634	1	110.862	1	10	280.888	308.936
725	39.8053	1	645028	1	63.8722	1	648.634	1	110.862	1	31.6228	292.784	321.047
725	39.8053	1	645028	1	63.8722	1	648.634	1	110.862	1	100	312.631	344.301
726	51.4562	1	296961	1	114.821	1	739.705	1	73.8196	1	0	273.249	301.462
726	51.4562	1	296961	1	114.821	1	739.705	1	73.8196	1	0.001	273.25	301.462
726	51.4562	1	296961	1	114.821	1	739.705	1	73.8196	1	0.00316228	273.251	301.463
726	51.4562	1	296961	1	114.821	1	739.705	1	73.8196	1	0.01	273.255	301.467
726	51.4562	1	296961	1	114.821	1	739.705	1	73.8196	1	0.0316228	273.268	301.479
726	51.4562	1	296961	1	114.821	1	739.705	1	73.8196	1	0.1	273.308	301.515
726	51.4562	1	296961	1	114.821	1	739.705	1	73.8196	1	0.316228	273.435	301.631
726	51.4562	1	296961	1	114.821	1	739.705	1	73.8196	1	1	273.832	301.995
726	51.4562	1	296961	1	114.821	1	739.705	1	73.8196	1	3.16228	275.053	303.12
726	51.4562	1	296961	1	114.821	1	739.705	1	73.8196	1	10	278.636	306.464
726	51.4562	1	296961	1	114.821	1	739.705	1	73.8196	1	31.6228	287.846	315.42
726	51.4562	1	296961	1	114.821	1	739.705	1	73.8196	1	100	304.869	334.969
727	37.8895	1	1.397e+06	1	69.4003	1	409.674	1	72.695	1	0	273.249	301.462
727	37.8895	1	1.397e+06	1	69.4003	1	409.674	1	72.695	1	0.001	273.25	301.462
727	37.8895	1	1.397e+06	1	69.4003	1	409.674	1	72.695	1	0.00316228	273.252	301.464
727	37.8895	1	1.397e+06	1	69.4003	1	409.674	1	72.695	1	0.01	273.259	301.47
727	37.8895	1	1.397e+06	1	69.4003	1	409.674	1	72.695	1	0.0316228	273.278	301.489
727	37.8895	1	1.397e+06	1	69.4003	1	409.674	1	72.695	1	0.1	273.341	301.549
727	37.8895	1	1.397e+06	1	69.4003	1	409.674	1	72.695	1	0.316228	273.538	301.737
727	37.8895	1	1.397e+06	1	69.4003	1	409.674	1	72.695	1	1	274.153	302.324
727	37.8895	1	1.397e+06	1	69.4003	1	409.674	1	72.695	1	3.16228	276.026	304.124
727	37.8895	1	1.397e+06	1	69.4003	1	409.674	1	72.695	1	10	281.413	309.336
727	37.8895	1	1.397e+06	1	69.4003	1	409.674	1	72.695	1	31.6228	294.335	322.492
727	37.8895	1	1.397e+06	1	69.4003	1	409.674	1	72.695	1	100	318.278	350.106
728	49.1191	1	716124	1	38.321	1	347.163	1	57.0036	1	0	273.249	301.462
728	49.1191	1	716124	1	38.321	1	347.163	1	57.0036	1	0.001	273.251	301.463
728	49.1191	1	716124	1	38.321	1	347.163	1	57.0036	1	0.00316228	273.253	301.466
728	49.1191	1	716124	1	38.321	1	347.163	1	57.0036	1	0.01	273.262	301.475
728	49.1191	1	716124	1	38.321	1	347.163	1	57.0036	1	0.0316228	273.289	301.505
728	49.1191	1	716124	1	38.321	1	347.163	1	57.0036	1	0.1	273.373	301.598
728	49.1191	1	716124	1	38.321	1	347.163	1	57.0036	1	0.316228	273.64	301.89
728	49.1191	1	716124	1	38.321	1	347.163	1	57.0036	1	1	274.468	302.796
728	49.1191	1	716124	1	38.321	1	347.163	1	57.0036	1	3.16228	276.958	305.509
728	49.1191	1	716124	1	38.321	1	347.163	1	57.0036	1	10	283.852	312.983
728	49.1191	1	716124	1	38.321	1	347.163	1	57.0036	1	31.6228	299.416	329.792
728	49.1191	1	716124	1	38.321	1	347.163	1	57.0036	1	100	326.072	360.668
729	63.4767	1	931310	1	41.2423	1	735.46	1	112.863	1	0	273.249	301.462
729	63.4767	1	931310	1	41.2423	1	735.46	1	112.863	1	0.001	273.25	301.463
729	63.4767	1	931310	1	41.2423	1	735.46	1	112.863	1	0.00316228	273.253	301.465
729	63.4767	1	931310	1	41.2423	1	735.46	1	112.863	1	0.01	273.26	301.473
729	63.4767	1	931310	1	41.2423	1	735.46	1	112.863	1	0.0316228	273.281	301.498
729	63.4767	1	931310	1	41.2423	1	735.46	1	112.863	1	0.1	273.35	301.575
729	63.4767	1	931310	1	41.2423	1	735.46	1	112.863	1	0.316228	273.567	301.82
729	63.4767	1	931310	1	41.2423	1	735.46	1	112.863	1	1	274.241	302.579
729	63.4767	1	931310	1	41.2423	1	735.46	1	112.863	1	3.16228	276.267	304.847
729	63.4767	1	931310	1	41.2423	1	735.46	1	112.863	1	10	281.852	311.065
729	63.4767	1	931310	1	41.2423	1	735.46	1	112.863	1	31.6228	294.431	324.816
729	63.4767	1	931310	1	41.2423	1	735.46	1	112.863	1	100	314.175	347.601
730	40.7188	1	965328	1	118.047	1	359.1	1	76.4275	1	0	273.249	301.462
730	40.7188	1	965328	1	118.047	1	359.1	1	76.4275	1	0.001	273.25	301.462
730	40.7188	1	965328	1	118.047	1	359.1	1	76.4275	1	0.00316228	273.252	301.464
730	40.7188	1	965328	1	118.047	1	359.1	1	76.4275	1	0.01	273.257	301.468
730	40.7188	1	965328	1	118.047	1	359.1	1	76.4275	1	0.0316228	273.273	301.482
730	40.7188	1	965328	1	118.047	1	359.1	1	76.4275	1	0.1	273.324	301.527
730	40.7188	1	965328	1	118.047	1	359.1	1	76.4275	1	0.316228	273.483	301.668
730	40.7188	1	965328	1	118.047	1	359.1	1	76.4275	1	1	273.984	302.112
730	40.7188	1	965328	1	118.047	1	359.1	1	76.4275	1	3.16228	275.519	303.486
730	40.7188	1	965328	1	118.047	1	359.1	1	76.4275	1	10	280.037	307.606
730	40.7188	1	965328	1	118.047	1	359.1	1	76.4275	1	31.6228	291.577	318.842
730	40.7188	1	965328	1	118.047	1	359.1	1	76.4275	1	100	315.298	345.396
731	44.4333	1	938108	1	69.2877	1	589.543	1	102.417	1	0	273.249	301.462
731	44.4333	1	938108	1	69.2877	1	589.543	1	102.417	1	0.001	273.25	301.462
731	44.4333	1	938108	1	69.2877	1	589.543	1	102.417	1	0.00316228	273.252	301.464
731	44.4333	1	938108	1	69.2877	1	589.543	1	102.417	1	0.01	273.258	301.47
731	44.4333	1	938108	1	69.2877	1	589.543	1	102.417	1	0.0316228	273.275	301.487
731	44.4333	1	938108	1	69.2877	1	589.543	1	102.417	1	0.1	273.331	301.541
731	44.4333	1	938108	1	69.2877	1	589.543	1	102.417	1	0.316228	273.506	301.713
731	44.4333	1	938108	1	69.2877	1	589.543	1	102.417	1	1	274.053	302.249
731	44.4333	1	938108	1	69.2877	1	589.543	1	102.417	1	3.16228	275.721	303.89
731	44.4333	1	938108	1	69.2877	1	589.543	1	102.417	1	10	280.519	308.617
731	44.4333	1	938108	1	69.2877	1	589.543	1	102.417	1	31.6228	292.208	320.502
731	44.4333	1	938108	1	69.2877	1	589.543	1	102.417	1	100	312.888	344.37
732	24.6867	1	470334	1	47.8433	1	519.085	1	66.1779	1	0	273.249	301.462
732	24.6867	1	470334	1	47.8433	1	519.085	1	66.1779	1	0.001	273.251	301.463
732	24.6867	1	470334	1	47.8433	1	519.085	1	66.1779	1	0.00316228	273.253	301.465
732	24.6867	1	470334	1	47.8433	1	519.085	1	66.1779	1	0.01	273.262	301.473
732	24.6867	1	470334	1	47.8433	1	519.085	1	66.1779	1	0.0316228	273.288	301.498
732	24.6867	1	470334	1	47.8433	1	519.085	1	66.1779	1	0.1	273.372	301.575
732	24.6867	1	470334	1	47.8433	1	519.085	1	66.1779	1	0.316228	273.634	301.82
732	24.6867	1	470334	1	47.8433	1	519.085	1	66.1779	1	1	274.446	302.579
732	24.6867	1	470334	1	47.8433	1	519.085	1	66.1779	1	3.16228	276.862	304.859
732	24.6867	1	470334	1	47.8433	1	519.085	1	66.1779	1	10	283.497	311.233
732	24.6867	1	470334	1	47.8433	1	519.085	1	66.1779	1	31.6228	297.012	325.613
732	24.6867	1	470334	1	47.8433	1	519.085	1	66.1779	1	100	318.509	351.465
733	41.153	1	681241	1	52.9209	1	859.073	1	94.5948	1	0	273.249	301.462
733	41.153	1	681241	1	52.9209	1	859.073	1	94.5948	1	0.001	273.25	301.463
733	41.153	1	681241	1	52.9209	1	859.073	1	94.5948	1	0.00316228	273.252	301.465
733	41.153	1	681241	1	52.9209	1	859.073	1	94.5948	1	0.01	273.259	301.471
733	41.153	1	681241	1	52.9209	1	859.073	1	94.5948	1	0.0316228	273.279	301.491
733	41.153	1	681241	1	52.9209	1	859.073	1	94.5948	1	0.1	273.342	301.556
733	41.153	1	681241	1	52.9209	1	859.073	1	94.5948	1	0.316228	273.541	301.758
733	41.153	1	681241	1	52.9209	1	859.073	1	94.5948	1	1	274.162	302.387
733	41.153	1	681241	1	52.9209	1	859.073	1	94.5948	1	3.16228	276.036	304.288
733	41.153	1	681241	1	52.9209	1	859.073	1	94.5948	1	10	281.295	309.627
733	41.153	1	681241	1	52.9209	1	859.073	1	94.5948	1	31.6228	293.236	322.038
733	41.153	1	681241	1	52.9209	1	859.073	1	94.5948	1	100	311.274	343.567
734	59.4157	1	507800	1	41.7003	1	414.79	1	100.686	1	0	273.249	301.462
734	59.4157	1	507800	1	41.7003	1	414.79	1	100.686	1	0.001	273.251	301.463
734	59.4157	1	507800	1	41.7003	1	414.79	1	100.686	1	0.00316228	273.253	301.465
734	59.4157	1	507800	1	41.7003	1	414.79	1	100.686	1	0.01	273.26	301.474
734	59.4157	1	507800	1	41.7003	1	414.79	1	100.686	1	0.0316228	273.284	301.5
734	59.4157	1	507800	1	41.7003	1	414.79	1	100.686	1	0.1	273.359	301.583
734	59.4157	1	507800	1	41.7003	1	414.79	1	100.686	1	0.316228	273.594	301.844
734	59.4157	1	507800	1	41.7003	1	414.79	1	100.686	1	1	274.325	302.656
734	59.4157	1	507800	1	41.7003	1	414.79	1	100.686	1	3.16228	276.534	305.094
734	59.4157	1	507800	1	41.7003	1	414.79	1	100.686	1	10	282.71	311.874
734	59.4157	1	507800	1	41.7003	1	414.79	1	100.686	1	31.6228	297.051	327.384
734	59.4157	1	507800	1	41.7003	1	414.79	1	100.686	1	100	322.112	355.905
735	52.8155	1	319965	1	73.4268	1	503.117	1	87.5925	1	0	273.249	301.462
735	52.8155	1	319965	1	73.4268	1	503.117	1	87.5925	1	0.001	273.25	301.462
735	52.8155	1	319965	1	73.4268	1	503.117	1	87.5925	1	0.00316228	273.252	301.464
735	52.8155	1	319965	1	73.4268	1	503.117	1	87.5925	1	0.01	273.257	301.469
735	52.8155	1	319965	1	73.4268	1	503.117	1	87.5925	1	0.0316228	273.274	301.486
735	52.8155	1	319965	1	73.4268	1	503.117	1	87.5925	1	0.1	273.327	301.539
735	52.8155	1	319965	1	73.4268	1	503.117	1	87.5925	1	0.316228	273.494	301.707
735	52.8155	1	319965	1	73.4268	1	503.117	1	87.5925	1	1	274.016	302.232
735	52.8155	1	319965	1	73.4268	1	503.117	1	87.5925	1	3.16228	275.618	303.843
735	52.8155	1	319965	1	73.4268	1	503.117	1	87.5925	1	10	280.271	308.522
735	52.8155	1	319965	1	73.4268	1	503.117	1	87.5925	1	31.6228	291.937	320.467
735	52.8155	1	319965	1	73.4268	1	503.117	1	87.5925	1	100	313.923	345.58
736	52.6557	1	634073	1	114.433	1	359.298	1	100.763	1	0	273.249	301.462
736	52.6557	1	634073	1	114.433	1	359.298	1	100.763	1	0.001	273.25	301.462
736	52.6557	1	634073	1	114.433	1	359.298	1	100.763	1	0.00316228	273.252	301.464
736	52.6557	1	634073	1	114.433	1	359.298	1	100.763	1	0.01	273.256	301.468
736	52.6557	1	634073	1	114.433	1	359.298	1	100.763	1	0.0316228	273.271	301.482
736	52.6557	1	634073	1	114.433	1	359.298	1	100.763	1	0.1	273.318	301.526
736	52.6557	1	634073	1	114.433	1	359.298	1	100.763	1	0.316228	273.466	301.664
736	52.6557	1	634073	1	114.433	1	359.298	1	100.763	1	1	273.93	302.1
736	52.6557	1	634073	1	114.433	1	359.298	1	100.763	1	3.16228	275.365	303.453
736	52.6557	1	634073	1	114.433	1	359.298	1	100.763	1	10	279.63	307.516
736	52.6557	1	634073	1	114.433	1	359.298	1	100.763	1	31.6228	291.079	318.755
736	52.6557	1	634073	1	114.433	1	359.298	1	100.763	1	100	315.277	345.482
737	55.6698	1	1.42042e+06	1	39.0333	1	359.266	1	31.0409	1	0	273.249	301.462
737	55.6698	1	1.42042e+06	1	39.0333	1	359.266	1	31.0409	1	0.001	273.251	301.463
737	55.6698	1	1.42042e+06	1	39.0333	1	359.266	1	31.0409	1	0.00316228	273.253	301.466
737	55.6698	1	1.42042e+06	1	39.0333	1	359.266	1	31.0409	1	0.01	273.262	301.475
737	55.6698	1	1.42042e+06	1	39.0333	1	359.266	1	31.0409	1	0.0316228	273.288	301.504
737	55.6698	1	1.42042e+06	1	39.0333	1	359.266	1	31.0409	1	0.1	273.371	301.597
737	55.6698	1	1.42042e+06	1	39.0333	1	359.266	1	31.0409	1	0.316228	273.632	301.887
737	55.6698	1	1.42042e+06	1	39.0333	1	359.266	1	31.0409	1	1	274.443	302.787
737	55.6698	1	1.42042e+06	1	39.0333	1	359.266	1	31.0409	1	3.16228	276.877	305.477
737	55.6698	1	1.42042e+06	1	39.0333	1	359.266	1	31.0409	1	10	283.527	312.796
737	55.6698	1	1.42042e+06	1	39.0333	1	359.266	1	31.0409	1	31.6228	298.323	329.073
737	55.6698	1	1.42042e+06	1	39.0333	1	359.266	1	31.0409	1	100	323.853	359.266
738	31.1698	1	604425	1	71.4836	1	186.19	1	50.313	1	0	273.249	301.462
738	31.1698	1	604425	1	71.4836	1	186.19	1	50.313	1	0.001	273.251	301.463
738	31.1698	1	604425	1	71.4836	1	186.19	1	50.313	1	0.00316228	273.253	301.465
738	31.1698	1	604425	1	71.4836	1	186.19	1	50.313	1	0.01	273.261	301.473
738	31.1698	1	604425	1	71.4836	1	186.19	1	50.313	1	0.0316228	273.287	301.497
738	31.1698	1	604425	1	71.4836	1	186.19	1	50.313	1	0.1	273.368	301.573
738	31.1698	1	604425	1	71.4836	1	186.19	1	50.313	1	0.316228	273.624	301.812
738	31.1698	1	604425	1	71.4836	1	186.19	1	50.313	1	1	274.425	302.562
738	31.1698	1	604425	1	71.4836	1	186.19	1	50.313	1	3.16228	276.863	304.867
738	31.1698	1	604425	1	71.4836	1	186.19	1	50.313	1	10	283.884	311.589
738	31.1698	1	604425	1	71.4836	1	186.19	1	50.313	1	31.6228	301.019	329.219
738	31.1698	1	604425	1	71.4836	1	186.19	1	50.313	1	100	337.139	369.618
739	39.596	1	609925	1	55.0424	1	220.507	1	117.845	1	0	273.249	301.462
739	39.596	1	609925	1	55.0424	1	220.507	1	117.845	1	0.001	273.251	301.463
739	39.596	1	609925	1	55.0424	1	220.507	1	117.845	1	0.00316228	273.253	301.465
739	39.596	1	609925	1	55.0424	1	220.507	1	117.845	1	0.01	273.261	301.473
739	39.596	1	609925	1	55.0424	1	220.507	1	117.845	1	0.0316228	273.286	301.499
739	39.596	1	609925	1	55.0424	1	220.507	1	117.845	1	0.1	273.366	301.579
739	39.596	1	609925	1	55.0424	1	220.507	1	117.845	1	0.316228	273.616	301.831
739	39.596	1	609925	1	55.0424	1	220.507	1	117.845	1	1	274.4	302.621
739	39.596	1	609925	1	55.0424	1	220.507	1	117.845	1	3.16228	276.791	305.033
739	39.596	1	609925	1	55.0424	1	220.507	1	117.845	1	10	283.695	312.013
739	39.596	1	609925	1	55.0424	1	220.507	1	117.845	1	31.6228	300.8	329.667
739	39.596	1	609925	1	55.0424	1	220.507	1	117.845	1	100	334.637	367.702
740	43.9702	1	625929	1	68.3249	1	126.664	1	74.2284	1	0	273.249	301.462
740	43.9702	1	625929	1	68.3249	1	126.664	1	74.2284	1	0.001	273.251	301.463
740	43.9702	1	625929	1	68.3249	1	126.664	1	74.2284	1	0.00316228	273.254	301.466
740	43.9702	1	625929	1	68.3249	1	126.664	1	74.2284	1	0.01	273.262	301.475
740	43.9702	1	625929	1	68.3249	1	126.664	1	74.2284	1	0.0316228	273.29	301.502
740	43.9702	1	625929	1	68.3249	1	126.664	1	74.2284	1	0.1	273.378	301.591
740	43.9702	1	625929	1	68.3249	1	126.664	1	74.2284	1	0.316228	273.656	301.87
740	43.9702	1	625929	1	68.3249	1	126.664	1	74.2284	1	1	274.527	302.744
740	43.9702	1	625929	1	68.3249	1	126.664	1	74.2284	1	3.16228	277.206	305.436
740	43.9702	1	625929	1	68.3249	1	126.664	1	74.2284	1	10	285.052	313.333
740	43.9702	1	625929	1	68.3249	1	126.664	1	74.2284	1	31.6228	305.814	334.66
740	43.9702	1	625929	1	68.3249	1	126.664	1	74.2284	1	100	350.947	384.142
741	35.7057	1	783648	1	54.4521	1	263.249	1	104.816	1	0	273.249	301.462
741	35.7057	1	783648	1	54.4521	1	263.249	1	104.816	1	0.001	273.251	301.463
741	35.7057	1	783648	1	54.4521	1	263.249	1	104.816	1	0.00316228	273.253	301.465
741	35.7057	1	783648	1	54.4521	1	263.249	1	104.816	1	0.01	273.261	301.473
741	35.7057	1	783648	1	54.4521	1	263.249	1	104.816	1	0.0316228	273.286	301.497
741	35.7057	1	783648	1	54.4521	1	263.249	1	104.816	1	0.1	273.364	301.575
741	35.7057	1	783648	1	54.4521	1	263.249	1	104.816	1	0.316228	273.61	301.819
741	35.7057	1	783648	1	54.4521	1	263.249	1	104.816	1	1	274.38	302.581
741	35.7057	1	783648	1	54.4521	1	263.249	1	104.816	1	3.16228	276.719	304.905
741	35.7057	1	783648	1	54.4521	1	263.249	1	104.816	1	10	283.424	311.596
741	35.7057	1	783648	1	54.4521	1	263.249	1	104.816	1	31.6228	299.571	328.262
741	35.7057	1	783648	1	54.4521	1	263.249	1	104.816	1	100	330.234	363.171
742	29.8195	1	901984	1	61.6609	1	330.506	1	95.1416	1	0	273.249	301.462
742	29.8195	1	901984	1	61.6609	1	330.506	1	95.1416	1	0.001	273.251	301.463
742	29.8195	1	901984	1	61.6609	1	330.506	1	95.1416	1	0.00316228	273.253	301.465
742	29.8195	1	901984	1	61.6609	1	330.506	1	95.1416	1	0.01	273.26	301.472
742	29.8195	1	901984	1	61.6609	1	330.506	1	95.1416	1	0.0316228	273.284	301.493
742	29.8195	1	901984	1	61.6609	1	330.506	1	95.1416	1	0.1	273.358	301.562
742	29.8195	1	901984	1	61.6609	1	330.506	1	95.1416	1	0.316228	273.591	301.779
742	29.8195	1	901984	1	61.6609	1	330.506	1	95.1416	1	1	274.316	302.456
742	29.8195	1	901984	1	61.6609	1	330.506	1	95.1416	1	3.16228	276.511	304.521
742	29.8195	1	901984	1	61.6609	1	330.506	1	95.1416	1	10	282.752	310.474
742	29.8195	1	901984	1	61.6609	1	330.506	1	95.1416	1	31.6228	297.276	325.344
742	29.8195	1	901984	1	61.6609	1	330.506	1	95.1416	1	100	323.955	356.231
743	48.3875	1	887804	1	79.0352	1	302.221	1	114.061	1	0	273.249	301.462
743	48.3875	1	887804	1	79.0352	1	302.221	1	114.061	1	0.001	273.25	301.462
743	48.3875	1	887804	1	79.0352	1	302.221	1	114.061	1	0.00316228	273.252	301.464
743	48.3875	1	887804	1	79.0352	1	302.221	1	114.061	1	0.01	273.258	301.47
743	48.3875	1	887804	1	79.0352	1	302.221	1	114.061	1	0.0316228	273.277	301.488
743	48.3875	1	887804	1	79.0352	1	302.221	1	114.061	1	0.1	273.335	301.546
743	48.3875	1	887804	1	79.0352	1	302.221	1	114.061	1	0.316228	273.52	301.728
743	48.3875	1	887804	1	79.0352	1	302.221	1	114.061	1	1	274.101	302.298
743	48.3875	1	887804	1	79.0352	1	302.221	1	114.061	1	3.16228	275.886	304.056
743	48.3875	1	887804	1	79.0352	1	302.221	1	114.061	1	10	281.13	309.239
743	48.3875	1	887804	1	79.0352	1	302.221	1	114.061	1	31.6228	294.723	322.994
743	48.3875	1	887804	1	79.0352	1	302.221	1	114.061	1	100	322.711	354.155
744	56.6472	1	697809	1	53.419	1	183.657	1	93.772	1	0	273.249	301.462
744	56.6472	1	697809	1	53.419	1	183.657	1	93.772	1	0.001	273.251	301.463
744	56.6472	1	697809	1	53.419	1	183.657	1	93.772	1	0.00316228	273.253	301.466
744	56.6472	1	697809	1	53.419	1	183.657	1	93.772	1	0.01	273.261	301.474
744	56.6472	1	697809	1	53.419	1	183.657	1	93.772	1	0.0316228	273.286	301.501
744	56.6472	1	697809	1	53.419	1	183.657	1	93.772	1	0.1	273.367	301.586
744	56.6472	1	697809	1	53.419	1	183.657	1	93.772	1	0.316228	273.619	301.854
744	56.6472	1	697809	1	53.419	1	183.657	1	93.772	1	1	274.409	302.693
744	56.6472	1	697809	1	53.419	1	183.657	1	93.772	1	3.16228	276.832	305.261
744	56.6472	1	697809	1	53.419	1	183.657	1	93.772	1	10	283.876	312.7
744	56.6472	1	697809	1	53.419	1	183.657	1	93.772	1	31.6228	301.989	331.766
744	56.6472	1	697809	1	53.419	1	183.657	1	93.772	1	100	339.873	373.614
745	37.4126	1	634806	1	50.8222	1	84.9379	1	104.123	1	0	273.249	301.462
745	37.4126	1	634806	1	50.8222	1	84.9379	1	104.123	1	0.001	273.251	301.463
745	37.4126	1	634806	1	50.8222	1	84.9379	1	104.123	1	0.00316228	273.255	301.467
745	37.4126	1	634806	1	50.8222	1	84.9379	1	104.123	1	0.01	273.267	301.48
745	37.4126	1	634806	1	50.8222	1	84.9379	1	104.123	1	0.0316228	273.305	301.519
745	37.4126	1	634806	1	50.8222	1	84.9379	1	104.123	1	0.1	273.426	301.642
745	37.4126	1	634806	1	50.8222	1	84.9379	1	104.123	1	0.316228	273.807	302.03
745	37.4126	1	634806	1	50.8222	1	84.9379	1	104.123	1	1	274.996	303.243
745	37.4126	1	634806	1	50.8222	1	84.9379	1	104.123	1	3.16228	278.627	306.948
745	37.4126	1	634806	1	50.8222	1	84.9379	1	104.123	1	10	289.064	317.608
745	37.4126	1	634806	1	50.8222	1	84.9379	1	104.123	1	31.6228	316.504	346.03
745	37.4126	1	634806	1	50.8222	1	84.9379	1	104.123	1	100	373.627	408.621
746	42.7309	1	1.06524e+06	1	156.336	1	293.989	1	208.671	1	0	273.249	301.462
746	42.7309	1	1.06524e+06	1	156.336	1	293.989	1	208.671	1	0.001	273.25	301.462
746	42.7309	1	1.06524e+06	1	156.336	1	293.989	1	208.671	1	0.00316228	273.252	301.463
746	42.7309	1	1.06524e+06	1	156.336	1	293.989	1	208.671	1	0.01	273.256	301.468
746	42.7309	1	1.06524e+06	1	156.336	1	293.989	1	208.671	1	0.0316228	273.272	301.481
746	42.7309	1	1.06524e+06	1	156.336	1	293.989	1	208.671	1	0.1	273.32	301.522
746	42.7309	1	1.06524e+06	1	156.336	1	293.989	1	208.671	1	0.316228	273.471	301.652
746	42.7309	1	1.06524e+06	1	156.336	1	293.989	1	208.671	1	1	273.944	302.06
746	42.7309	1	1.06524e+06	1	156.336	1	293.989	1	208.671	1	3.16228	275.403	303.331
746	42.7309	1	1.06524e+06	1	156.336	1	293.989	1	208.671	1	10	279.736	307.185
746	42.7309	1	1.06524e+06	1	156.336	1	293.989	1	208.671	1	31.6228	291.277	318.067
746	42.7309	1	1.06524e+06	1	156.336	1	293.989	1	208.671	1	100	316.564	345.558
747	41.1	1	353888	1	58.3077	1	354.888	1	143.429	1	0	273.249	301.462
747	41.1	1	353888	1	58.3077	1	354.888	1	143.429	1	0.001	273.25	301.463
747	41.1	1	353888	1	58.3077	1	354.888	1	143.429	1	0.00316228	273.253	301.465
747	41.1	1	353888	1	58.3077	1	354.888	1	143.429	1	0.01	273.259	301.472
747	41.1	1	353888	1	58.3077	1	354.888	1	143.429	1	0.0316228	273.281	301.493
747	41.1	1	353888	1	58.3077	1	354.888	1	143.429	1	0.1	273.349	301.561
747	41.1	1	353888	1	58.3077	1	354.888	1	143.429	1	0.316228	273.562	301.775
747	41.1	1	353888	1	58.3077	1	354.888	1	143.429	1	1	274.23	302.443
747	41.1	1	353888	1	58.3077	1	354.888	1	143.429	1	3.16228	276.265	304.481
747	41.1	1	353888	1	58.3077	1	354.888	1	143.429	1	10	282.113	310.35
747	41.1	1	353888	1	58.3077	1	354.888	1	143.429	1	31.6228	296.39	325.005
747	41.1	1	353888	1	58.3077	1	354.888	1	143.429	1	100	322.794	355.115
748	49.6393	1	597632	1	52.4629	1	413.834	1	118.171	1	0	273.249	301.462
748	49.6393	1	597632	1	52.4629	1	413.834	1	118.171	1	0.001	273.25	301.463
748	49.6393	1	597632	1	52.4629	1	413.834	1	118.171	1	0.00316228	273.253	301.465
748	49.6393	1	597632	1	52.4629	1	413.834	1	118.171	1	0.01	273.259	301.472
748	49.6393	1	597632	1	52.4629	1	413.834	1	118.171	1	0.0316228	273.28	301.494
748	49.6393	1	597632	1	52.4629	1	413.834	1	118.171	1	0.1	273.347	301.564
748	49.6393	1	597632	1	52.4629	1	413.834	1	118.171	1	0.316228	273.558	301.785
748	49.6393	1	597632	1	52.4629	1	413.834	1	118.171	1	1	274.215	302.475
748	49.6393	1	597632	1	52.4629	1	413.834	1	118.171	1	3.16228	276.216	304.57
748	49.6393	1	597632	1	52.4629	1	413.834	1	118.171	1	10	281.93	310.537
748	49.6393	1	597632	1	52.4629	1	413.834	1	118.171	1	31.6228	295.704	324.971
748	49.6393	1	597632	1	52.4629	1	413.834	1	118.171	1	100	320.621	353.317
749	33.9345	1	3.32511e+06	1	87.6448	1	157.562	1	104.24	1	0	273.249	301.462
749	33.9345	1	3.32511e+06	1	87.6448	1	157.562	1	104.24	1	0.001	273.251	301.463
749	33.9345	1	3.32511e+06	1	87.6448	1	157.562	1	104.24	1	0.00316228	273.253	301.465
749	33.9345	1	3.32511e+06	1	87.6448	1	157.562	1	104.24	1	0.01	273.261	301.472
749	33.9345	1	3.32511e+06	1	87.6448	1	157.562	1	104.24	1	0.0316228	273.286	301.495
749	33.9345	1	3.32511e+06	1	87.6448	1	157.562	1	104.24	1	0.1	273.364	301.567
749	33.9345	1	3.32511e+06	1	87.6448	1	157.562	1	104.24	1	0.316228	273.61	301.796
749	33.9345	1	3.32511e+06	1	87.6448	1	157.562	1	104.24	1	1	274.38	302.512
749	33.9345	1	3.32511e+06	1	87.6448	1	157.562	1	104.24	1	3.16228	276.741	304.724
749	33.9345	1	3.32511e+06	1	87.6448	1	157.562	1	104.24	1	10	283.649	311.283
749	33.9345	1	3.32511e+06	1	87.6448	1	157.562	1	104.24	1	31.6228	301.516	329.163
749	33.9345	1	3.32511e+06	1	87.6448	1	157.562	1	104.24	1	100	340.188	371.916
750	50.0284	1	676164	1	50.147	1	535.31	1	95.1426	1	0	273.249	301.462
750	50.0284	1	676164	1	50.147	1	535.31	1	95.1426	1	0.001	273.25	301.463
750	50.0284	1	676164	1	50.147	1	535.31	1	95.1426	1	0.00316228	273.252	301.465
750	50.0284	1	676164	1	50.147	1	535.31	1	95.1426	1	0.01	273.259	301.472
750	50.0284	1	676164	1	50.147	1	535.31	1	95.1426	1	0.0316228	273.28	301.494
750	50.0284	1	676164	1	50.147	1	535.31	1	95.1426	1	0.1	273.346	301.564
750	50.0284	1	676164	1	50.147	1	535.31	1	95.1426	1	0.316228	273.554	301.784
750	50.0284	1	676164	1	50.147	1	535.31	1	95.1426	1	1	274.201	302.469
750	50.0284	1	676164	1	50.147	1	535.31	1	95.1426	1	3.16228	276.165	304.542
750	50.0284	1	676164	1	50.147	1	535.31	1	95.1426	1	10	281.718	310.389
750	50.0284	1	676164	1	50.147	1	535.31	1	95.1426	1	31.6228	294.745	324.138
750	50.0284	1	676164	1	50.147	1	535.31	1	95.1426	1	100	316.843	349.678
751	55.4853	1	1.90663e+06	1	98.7701	1	421.257	1	61.7449	1	0	273.249	301.462
751	55.4853	1	1.90663e+06	1	98.7701	1	421.257	1	61.7449	1	0.001	273.25	301.462
751	55.4853	1	1.90663e+06	1	98.7701	1	421.257	1	61.7449	1	0.00316228	273.252	301.464
751	55.4853	1	1.90663e+06	1	98.7701	1	421.257	1	61.7449	1	0.01	273.256	301.468
751	55.4853	1	1.90663e+06	1	98.7701	1	421.257	1	61.7449	1	0.0316228	273.271	301.483
751	55.4853	1	1.90663e+06	1	98.7701	1	421.257	1	61.7449	1	0.1	273.319	301.529
751	55.4853	1	1.90663e+06	1	98.7701	1	421.257	1	61.7449	1	0.316228	273.469	301.674
751	55.4853	1	1.90663e+06	1	98.7701	1	421.257	1	61.7449	1	1	273.94	302.13
751	55.4853	1	1.90663e+06	1	98.7701	1	421.257	1	61.7449	1	3.16228	275.391	303.541
751	55.4853	1	1.90663e+06	1	98.7701	1	421.257	1	61.7449	1	10	279.664	307.722
751	55.4853	1	1.90663e+06	1	98.7701	1	421.257	1	61.7449	1	31.6228	290.852	318.947
751	55.4853	1	1.90663e+06	1	98.7701	1	421.257	1	61.7449	1	100	313.195	344.33
752	45.3848	1	503092	1	200.147	1	379.152	1	110.636	1	0	273.249	301.462
752	45.3848	1	503092	1	200.147	1	379.152	1	110.636	1	0.001	273.25	301.462
752	45.3848	1	503092	1	200.147	1	379.152	1	110.636	1	0.00316228	273.251	301.463
752	45.3848	1	503092	1	200.147	1	379.152	1	110.636	1	0.01	273.255	301.466
752	45.3848	1	503092	1	200.147	1	379.152	1	110.636	1	0.0316228	273.268	301.477
752	45.3848	1	503092	1	200.147	1	379.152	1	110.636	1	0.1	273.309	301.51
752	45.3848	1	503092	1	200.147	1	379.152	1	110.636	1	0.316228	273.437	301.616
752	45.3848	1	503092	1	200.147	1	379.152	1	110.636	1	1	273.838	301.948
752	45.3848	1	503092	1	200.147	1	379.152	1	110.636	1	3.16228	275.073	302.984
752	45.3848	1	503092	1	200.147	1	379.152	1	110.636	1	10	278.742	306.137
752	45.3848	1	503092	1	200.147	1	379.152	1	110.636	1	31.6228	288.473	315.075
752	45.3848	1	503092	1	200.147	1	379.152	1	110.636	1	100	309.497	337.827
753	34.4339	1	659462	1	48.1264	1	372.526	1	110.134	1	0	273.249	301.462
753	34.4339	1	659462	1	48.1264	1	372.526	1	110.134	1	0.001	273.251	301.463
753	34.4339	1	659462	1	48.1264	1	372.526	1	110.134	1	0.00316228	273.253	301.465
753	34.4339	1	659462	1	48.1264	1	372.526	1	110.134	1	0.01	273.261	301.473
753	34.4339	1	659462	1	48.1264	1	372.526	1	110.134	1	0.0316228	273.286	301.498
753	34.4339	1	659462	1	48.1264	1	372.526	1	110.134	1	0.1	273.364	301.576
753	34.4339	1	659462	1	48.1264	1	372.526	1	110.134	1	0.316228	273.61	301.822
753	34.4339	1	659462	1	48.1264	1	372.526	1	110.134	1	1	274.377	302.59
753	34.4339	1	659462	1	48.1264	1	372.526	1	110.134	1	3.16228	276.69	304.91
753	34.4339	1	659462	1	48.1264	1	372.526	1	110.134	1	10	283.208	311.471
753	34.4339	1	659462	1	48.1264	1	372.526	1	110.134	1	31.6228	298.148	327.021
753	34.4339	1	659462	1	48.1264	1	372.526	1	110.134	1	100	323.84	356.888
754	45.832	1	391775	1	80.7409	1	328.849	1	42.2231	1	0	273.249	301.462
754	45.832	1	391775	1	80.7409	1	328.849	1	42.2231	1	0.001	273.25	301.462
754	45.832	1	391775	1	80.7409	1	328.849	1	42.2231	1	0.00316228	273.252	301.464
754	45.832	1	391775	1	80.7409	1	328.849	1	42.2231	1	0.01	273.258	301.47
754	45.832	1	391775	1	80.7409	1	328.849	1	42.2231	1	0.0316228	273.277	301.488
754	45.832	1	391775	1	80.7409	1	328.849	1	42.2231	1	0.1	273.336	301.546
754	45.832	1	391775	1	80.7409	1	328.849	1	42.2231	1	0.316228	273.522	301.727
754	45.832	1	391775	1	80.7409	1	328.849	1	42.2231	1	1	274.105	302.294
754	45.832	1	391775	1	80.7409	1	328.849	1	42.2231	1	3.16228	275.894	304.042
754	45.832	1	391775	1	80.7409	1	328.849	1	42.2231	1	10	281.068	309.123
754	45.832	1	391775	1	80.7409	1	328.849	1	42.2231	1	31.6228	293.95	322.304
754	45.832	1	391775	1	80.7409	1	328.849	1	42.2231	1	100	319.879	351.99
755	52.2047	1	2.40959e+06	1	31.3994	1	387.27	1	103.167	1	0	273.249	301.462
755	52.2047	1	2.40959e+06	1	31.3994	1	387.27	1	103.167	1	0.001	273.251	301.463
755	52.2047	1	2.40959e+06	1	31.3994	1	387.27	1	103.167	1	0.00316228	273.254	301.466
755	52.2047	1	2.40959e+06	1	31.3994	1	387.27	1	103.167	1	0.01	273.263	301.477
755	52.2047	1	2.40959e+06	1	31.3994	1	387.27	1	103.167	1	0.0316228	273.293	301.511
755	52.2047	1	2.40959e+06	1	31.3994	1	387.27	1	103.167	1	0.1	273.386	301.616
755	52.2047	1	2.40959e+06	1	31.3994	1	387.27	1	103.167	1	0.316228	273.679	301.948
755	52.2047	1	2.40959e+06	1	31.3994	1	387.27	1	103.167	1	1	274.586	302.975
755	52.2047	1	2.40959e+06	1	31.3994	1	387.27	1	103.167	1	3.16228	277.283	306.001
755	52.2047	1	2.40959e+06	1	31.3994	1	387.27	1	103.167	1	10	284.564	314.104
755	52.2047	1	2.40959e+06	1	31.3994	1	387.27	1	103.167	1	31.6228	300.379	331.366
755	52.2047	1	2.40959e+06	1	31.3994	1	387.27	1	103.167	1	100	326.116	360.768
756	48.4526	1	4.8263e+06	1	88.4762	1	908.835	1	139.156	1	0	273.249	301.462
756	48.4526	1	4.8263e+06	1	88.4762	1	908.835	1	139.156	1	0.001	273.25	301.462
756	48.4526	1	4.8263e+06	1	88.4762	1	908.835	1	139.156	1	0.00316228	273.251	301.464
756	48.4526	1	4.8263e+06	1	88.4762	1	908.835	1	139.156	1	0.01	273.256	301.468
756	48.4526	1	4.8263e+06	1	88.4762	1	908.835	1	139.156	1	0.0316228	273.27	301.481
756	48.4526	1	4.8263e+06	1	88.4762	1	908.835	1	139.156	1	0.1	273.314	301.523
756	48.4526	1	4.8263e+06	1	88.4762	1	908.835	1	139.156	1	0.316228	273.455	301.655
756	48.4526	1	4.8263e+06	1	88.4762	1	908.835	1	139.156	1	1	273.893	302.07
756	48.4526	1	4.8263e+06	1	88.4762	1	908.835	1	139.156	1	3.16228	275.236	303.346
756	48.4526	1	4.8263e+06	1	88.4762	1	908.835	1	139.156	1	10	279.134	307.074
756	48.4526	1	4.8263e+06	1	88.4762	1	908.835	1	139.156	1	31.6228	288.902	316.728
756	48.4526	1	4.8263e+06	1	88.4762	1	908.835	1	139.156	1	100	306.141	336.493
757	50.7862	1	976585	1	69.3186	1	298.507	1	53.0712	1	0	273.249	301.462
757	50.7862	1	976585	1	69.3186	1	298.507	1	53.0712	1	0.001	273.25	301.462
757	50.7862	1	976585	1	69.3186	1	298.507	1	53.0712	1	0.00316228	273.252	301.465
757	50.7862	1	976585	1	69.3186	1	298.507	1	53.0712	1	0.01	273.259	301.471
757	50.7862	1	976585	1	69.3186	1	298.507	1	53.0712	1	0.0316228	273.279	301.491
757	50.7862	1	976585	1	69.3186	1	298.507	1	53.0712	1	0.1	273.341	301.555
757	50.7862	1	976585	1	69.3186	1	298.507	1	53.0712	1	0.316228	273.54	301.755
757	50.7862	1	976585	1	69.3186	1	298.507	1	53.0712	1	1	274.16	302.384
757	50.7862	1	976585	1	69.3186	1	298.507	1	53.0712	1	3.16228	276.064	304.315
757	50.7862	1	976585	1	69.3186	1	298.507	1	53.0712	1	10	281.591	309.918
757	50.7862	1	976585	1	69.3186	1	298.507	1	53.0712	1	31.6228	295.554	324.37
757	50.7862	1	976585	1	69.3186	1	298.507	1	53.0712	1	100	323.427	356.121
758	28.8431	1	1.02926e+06	1	66.3847	1	598.082	1	92.5941	1	0	273.249	301.462
758	28.8431	1	1.02926e+06	1	66.3847	1	598.082	1	92.5941	1	0.001	273.25	301.462
758	28.8431	1	1.02926e+06	1	66.3847	1	598.082	1	92.5941	1	0.00316228	273.252	301.464
758	28.8431	1	1.02926e+06	1	66.3847	1	598.082	1	92.5941	1	0.01	273.259	301.47
758	28.8431	1	1.02926e+06	1	66.3847	1	598.082	1	92.5941	1	0.0316228	273.28	301.489
758	28.8431	1	1.02926e+06	1	66.3847	1	598.082	1	92.5941	1	0.1	273.345	301.547
758	28.8431	1	1.02926e+06	1	66.3847	1	598.082	1	92.5941	1	0.316228	273.552	301.732
758	28.8431	1	1.02926e+06	1	66.3847	1	598.082	1	92.5941	1	1	274.193	302.31
758	28.8431	1	1.02926e+06	1	66.3847	1	598.082	1	92.5941	1	3.16228	276.122	304.065
758	28.8431	1	1.02926e+06	1	66.3847	1	598.082	1	92.5941	1	10	281.543	309.086
758	28.8431	1	1.02926e+06	1	66.3847	1	598.082	1	92.5941	1	31.6228	293.604	321.358
758	28.8431	1	1.02926e+06	1	66.3847	1	598.082	1	92.5941	1	100	313.584	345.19
759	22.4683	1	1.59308e+06	1	61.0114	1	145.825	1	76.5046	1	0	273.249	301.462
759	22.4683	1	1.59308e+06	1	61.0114	1	145.825	1	76.5046	1	0.001	273.251	301.463
759	22.4683	1	1.59308e+06	1	61.0114	1	145.825	1	76.5046	1	0.00316228	273.254	301.466
759	22.4683	1	1.59308e+06	1	61.0114	1	145.825	1	76.5046	1	0.01	273.264	301.475
759	22.4683	1	1.59308e+06	1	61.0114	1	145.825	1	76.5046	1	0.0316228	273.297	301.504
759	22.4683	1	1.59308e+06	1	61.0114	1	145.825	1	76.5046	1	0.1	273.399	301.597
759	22.4683	1	1.59308e+06	1	61.0114	1	145.825	1	76.5046	1	0.316228	273.72	301.887
759	22.4683	1	1.59308e+06	1	61.0114	1	145.825	1	76.5046	1	1	274.719	302.796
759	22.4683	1	1.59308e+06	1	61.0114	1	145.825	1	76.5046	1	3.16228	277.729	305.571
759	22.4683	1	1.59308e+06	1	61.0114	1	145.825	1	76.5046	1	10	286.282	313.641
759	22.4683	1	1.59308e+06	1	61.0114	1	145.825	1	76.5046	1	31.6228	306.244	334.434
759	22.4683	1	1.59308e+06	1	61.0114	1	145.825	1	76.5046	1	100	347.774	381.136
760	36.6768	1	413151	1	32.3937	1	297.165	1	231.38	1	0	273.249	301.462
760	36.6768	1	413151	1	32.3937	1	297.165	1	231.38	1	0.001	273.251	301.463
760	36.6768	1	413151	1	32.3937	1	297.165	1	231.38	1	0.00316228	273.254	301.467
760	36.6768	1	413151	1	32.3937	1	297.165	1	231.38	1	0.01	273.264	301.477
760	36.6768	1	413151	1	32.3937	1	297.165	1	231.38	1	0.0316228	273.296	301.512
760	36.6768	1	413151	1	32.3937	1	297.165	1	231.38	1	0.1	273.397	301.62
760	36.6768	1	413151	1	32.3937	1	297.165	1	231.38	1	0.316228	273.713	301.961
760	36.6768	1	413151	1	32.3937	1	297.165	1	231.38	1	1	274.692	303.014
760	36.6768	1	413151	1	32.3937	1	297.165	1	231.38	1	3.16228	277.612	306.137
760	36.6768	1	413151	1	32.3937	1	297.165	1	231.38	1	10	285.58	314.608
760	36.6768	1	413151	1	32.3937	1	297.165	1	231.38	1	31.6228	303.119	333.247
760	36.6768	1	413151	1	32.3937	1	297.165	1	231.38	1	100	331.995	366.529
761	74.3375	1	1.4301e+06	1	43.4137	1	230.497	1	91.7775	1	0	273.249	301.462
761	74.3375	1	1.4301e+06	1	43.4137	1	230.497	1	91.7775	1	0.001	273.251	301.463
761	74.3375	1	1.4301e+06	1	43.4137	1	230.497	1	91.7775	1	0.00316228	273.253	301.466
761	74.3375	1	1.4301e+06	1	43.4137	1	230.497	1	91.7775	1	0.01	273.261	301.475
761	74.3375	1	1.4301e+06	1	43.4137	1	230.497	1	91.7775	1	0.0316228	273.287	301.503
761	74.3375	1	1.4301e+06	1	43.4137	1	230.497	1	91.7775	1	0.1	273.367	301.593
761	74.3375	1	1.4301e+06	1	43.4137	1	230.497	1	91.7775	1	0.316228	273.619	301.877
761	74.3375	1	1.4301e+06	1	43.4137	1	230.497	1	91.7775	1	1	274.409	302.761
761	74.3375	1	1.4301e+06	1	43.4137	1	230.497	1	91.7775	1	3.16228	276.81	305.438
761	74.3375	1	1.4301e+06	1	43.4137	1	230.497	1	91.7775	1	10	283.654	313.025
761	74.3375	1	1.4301e+06	1	43.4137	1	230.497	1	91.7775	1	31.6228	300.48	331.337
761	74.3375	1	1.4301e+06	1	43.4137	1	230.497	1	91.7775	1	100	334.387	368.946
762	36.8137	1	1.79173e+06	1	63.0166	1	504.176	1	112.957	1	0	273.249	301.462
762	36.8137	1	1.79173e+06	1	63.0166	1	504.176	1	112.957	1	0.001	273.25	301.462
762	36.8137	1	1.79173e+06	1	63.0166	1	504.176	1	112.957	1	0.00316228	273.252	301.464
762	36.8137	1	1.79173e+06	1	63.0166	1	504.176	1	112.957	1	0.01	273.259	301.47
762	36.8137	1	1.79173e+06	1	63.0166	1	504.176	1	112.957	1	0.0316228	273.279	301.49
762	36.8137	1	1.79173e+06	1	63.0166	1	504.176	1	112.957	1	0.1	273.342	301.55
762	36.8137	1	1.79173e+06	1	63.0166	1	504.176	1	112.957	1	0.316228	273.541	301.742
762	36.8137	1	1.79173e+06	1	63.0166	1	504.176	1	112.957	1	1	274.162	302.34
762	36.8137	1	1.79173e+06	1	63.0166	1	504.176	1	112.957	1	3.16228	276.047	304.162
762	36.8137	1	1.79173e+06	1	63.0166	1	504.176	1	112.957	1	10	281.424	309.395
762	36.8137	1	1.79173e+06	1	63.0166	1	504.176	1	112.957	1	31.6228	294.119	322.322
762	36.8137	1	1.79173e+06	1	63.0166	1	504.176	1	112.957	1	100	316.18	348.024
763	56.3722	1	729990	1	69.3796	1	201.488	1	72.6237	1	0	273.249	301.462
763	56.3722	1	729990	1	69.3796	1	201.488	1	72.6237	1	0.001	273.25	301.463
763	56.3722	1	729990	1	69.3796	1	201.488	1	72.6237	1	0.00316228	273.253	301.465
763	56.3722	1	729990	1	69.3796	1	201.488	1	72.6237	1	0.01	273.26	301.472
763	56.3722	1	729990	1	69.3796	1	201.488	1	72.6237	1	0.0316228	273.281	301.495
763	56.3722	1	729990	1	69.3796	1	201.488	1	72.6237	1	0.1	273.351	301.566
763	56.3722	1	729990	1	69.3796	1	201.488	1	72.6237	1	0.316228	273.569	301.79
763	56.3722	1	729990	1	69.3796	1	201.488	1	72.6237	1	1	274.253	302.494
763	56.3722	1	729990	1	69.3796	1	201.488	1	72.6237	1	3.16228	276.361	304.664
763	56.3722	1	729990	1	69.3796	1	201.488	1	72.6237	1	10	282.558	311.031
763	56.3722	1	729990	1	69.3796	1	201.488	1	72.6237	1	31.6228	298.831	327.899
763	56.3722	1	729990	1	69.3796	1	201.488	1	72.6237	1	100	333.821	366.722
764	51.1452	1	3.24142e+06	1	113.174	1	199.899	1	118.88	1	0	273.249	301.462
764	51.1452	1	3.24142e+06	1	113.174	1	199.899	1	118.88	1	0.001	273.25	301.462
764	51.1452	1	3.24142e+06	1	113.174	1	199.899	1	118.88	1	0.00316228	273.252	301.464
764	51.1452	1	3.24142e+06	1	113.174	1	199.899	1	118.88	1	0.01	273.258	301.47
764	51.1452	1	3.24142e+06	1	113.174	1	199.899	1	118.88	1	0.0316228	273.277	301.487
764	51.1452	1	3.24142e+06	1	113.174	1	199.899	1	118.88	1	0.1	273.335	301.543
764	51.1452	1	3.24142e+06	1	113.174	1	199.899	1	118.88	1	0.316228	273.52	301.72
764	51.1452	1	3.24142e+06	1	113.174	1	199.899	1	118.88	1	1	274.102	302.275
764	51.1452	1	3.24142e+06	1	113.174	1	199.899	1	118.88	1	3.16228	275.902	304
764	51.1452	1	3.24142e+06	1	113.174	1	199.899	1	118.88	1	10	281.271	309.189
764	51.1452	1	3.24142e+06	1	113.174	1	199.899	1	118.88	1	31.6228	295.889	323.676
764	51.1452	1	3.24142e+06	1	113.174	1	199.899	1	118.88	1	100	329.231	359.804
765	43.0863	1	3.58102e+06	1	32.7122	1	220.213	1	137.163	1	0	273.249	301.462
765	43.0863	1	3.58102e+06	1	32.7122	1	220.213	1	137.163	1	0.001	273.251	301.463
765	43.0863	1	3.58102e+06	1	32.7122	1	220.213	1	137.163	1	0.00316228	273.254	301.467
765	43.0863	1	3.58102e+06	1	32.7122	1	220.213	1	137.163	1	0.01	273.265	301.478
765	43.0863	1	3.58102e+06	1	32.7122	1	220.213	1	137.163	1	0.0316228	273.297	301.514
765	43.0863	1	3.58102e+06	1	32.7122	1	220.213	1	137.163	1	0.1	273.401	301.627
765	43.0863	1	3.58102e+06	1	32.7122	1	220.213	1	137.163	1	0.316228	273.726	301.984
765	43.0863	1	3.58102e+06	1	32.7122	1	220.213	1	137.163	1	1	274.735	303.088
765	43.0863	1	3.58102e+06	1	32.7122	1	220.213	1	137.163	1	3.16228	277.76	306.376
765	43.0863	1	3.58102e+06	1	32.7122	1	220.213	1	137.163	1	10	286.114	315.392
765	43.0863	1	3.58102e+06	1	32.7122	1	220.213	1	137.163	1	31.6228	305.214	335.804
765	43.0863	1	3.58102e+06	1	32.7122	1	220.213	1	137.163	1	100	339.661	374.618
766	41.3871	1	1.10898e+06	1	59.17	1	427.228	1	85.4688	1	0	273.249	301.462
766	41.3871	1	1.10898e+06	1	59.17	1	427.228	1	85.4688	1	0.001	273.25	301.463
766	41.3871	1	1.10898e+06	1	59.17	1	427.228	1	85.4688	1	0.00316228	273.252	301.465
766	41.3871	1	1.10898e+06	1	59.17	1	427.228	1	85.4688	1	0.01	273.259	301.471
766	41.3871	1	1.10898e+06	1	59.17	1	427.228	1	85.4688	1	0.0316228	273.28	301.492
766	41.3871	1	1.10898e+06	1	59.17	1	427.228	1	85.4688	1	0.1	273.345	301.557
766	41.3871	1	1.10898e+06	1	59.17	1	427.228	1	85.4688	1	0.316228	273.551	301.762
766	41.3871	1	1.10898e+06	1	59.17	1	427.228	1	85.4688	1	1	274.193	302.403
766	41.3871	1	1.10898e+06	1	59.17	1	427.228	1	85.4688	1	3.16228	276.146	304.357
766	41.3871	1	1.10898e+06	1	59.17	1	427.228	1	85.4688	1	10	281.738	309.965
766	41.3871	1	1.10898e+06	1	59.17	1	427.228	1	85.4688	1	31.6228	295.101	323.747
766	41.3871	1	1.10898e+06	1	59.17	1	427.228	1	85.4688	1	100	319.016	351.345
767	47.7761	1	491741	1	61.9292	1	129.606	1	95.6593	1	0	273.249	301.462
767	47.7761	1	491741	1	61.9292	1	129.606	1	95.6593	1	0.001	273.251	301.463
767	47.7761	1	491741	1	61.9292	1	129.606	1	95.6593	1	0.00316228	273.254	301.466
767	47.7761	1	491741	1	61.9292	1	129.606	1	95.6593	1	0.01	273.262	301.475
767	47.7761	1	491741	1	61.9292	1	129.606	1	95.6593	1	0.0316228	273.29	301.504
767	47.7761	1	491741	1	61.9292	1	129.606	1	95.6593	1	0.1	273.379	301.594
767	47.7761	1	491741	1	61.9292	1	129.606	1	95.6593	1	0.316228	273.659	301.881
767	47.7761	1	491741	1	61.9292	1	129.606	1	95.6593	1	1	274.536	302.778
767	47.7761	1	491741	1	61.9292	1	129.606	1	95.6593	1	3.16228	277.232	305.539
767	47.7761	1	491741	1	61.9292	1	129.606	1	95.6593	1	10	285.118	313.61
767	47.7761	1	491741	1	61.9292	1	129.606	1	95.6593	1	31.6228	306.002	335.2
767	47.7761	1	491741	1	61.9292	1	129.606	1	95.6593	1	100	351.133	384.58
768	35.0607	1	1.10714e+06	1	42.9598	1	675.22	1	61.8241	1	0	273.249	301.462
768	35.0607	1	1.10714e+06	1	42.9598	1	675.22	1	61.8241	1	0.001	273.251	301.463
768	35.0607	1	1.10714e+06	1	42.9598	1	675.22	1	61.8241	1	0.00316228	273.253	301.465
768	35.0607	1	1.10714e+06	1	42.9598	1	675.22	1	61.8241	1	0.01	273.261	301.473
768	35.0607	1	1.10714e+06	1	42.9598	1	675.22	1	61.8241	1	0.0316228	273.285	301.498
768	35.0607	1	1.10714e+06	1	42.9598	1	675.22	1	61.8241	1	0.1	273.363	301.578
768	35.0607	1	1.10714e+06	1	42.9598	1	675.22	1	61.8241	1	0.316228	273.607	301.827
768	35.0607	1	1.10714e+06	1	42.9598	1	675.22	1	61.8241	1	1	274.363	302.602
768	35.0607	1	1.10714e+06	1	42.9598	1	675.22	1	61.8241	1	3.16228	276.626	304.919
768	35.0607	1	1.10714e+06	1	42.9598	1	675.22	1	61.8241	1	10	282.843	311.293
768	35.0607	1	1.10714e+06	1	42.9598	1	675.22	1	61.8241	1	31.6228	296.019	325.329
768	35.0607	1	1.10714e+06	1	42.9598	1	675.22	1	61.8241	1	100	315.504	348.733
769	53.3904	1	1.08548e+06	1	46.3524	1	654.638	1	138.433	1	0	273.249	301.462
769	53.3904	1	1.08548e+06	1	46.3524	1	654.638	1	138.433	1	0.001	273.25	301.463
769	53.3904	1	1.08548e+06	1	46.3524	1	654.638	1	138.433	1	0.00316228	273.252	301.465
769	53.3904	1	1.08548e+06	1	46.3524	1	654.638	1	138.433	1	0.01	273.259	301.472
769	53.3904	1	1.08548e+06	1	46.3524	1	654.638	1	138.433	1	0.0316228	273.28	301.495
769	53.3904	1	1.08548e+06	1	46.3524	1	654.638	1	138.433	1	0.1	273.346	301.567
769	53.3904	1	1.08548e+06	1	46.3524	1	654.638	1	138.433	1	0.316228	273.555	301.793
769	53.3904	1	1.08548e+06	1	46.3524	1	654.638	1	138.433	1	1	274.205	302.496
769	53.3904	1	1.08548e+06	1	46.3524	1	654.638	1	138.433	1	3.16228	276.17	304.613
769	53.3904	1	1.08548e+06	1	46.3524	1	654.638	1	138.433	1	10	281.671	310.515
769	53.3904	1	1.08548e+06	1	46.3524	1	654.638	1	138.433	1	31.6228	294.406	324.076
769	53.3904	1	1.08548e+06	1	46.3524	1	654.638	1	138.433	1	100	315.057	347.853
770	34.4639	1	955128	1	99.2827	1	731.94	1	88.2082	1	0	273.249	301.462
770	34.4639	1	955128	1	99.2827	1	731.94	1	88.2082	1	0.001	273.25	301.462
770	34.4639	1	955128	1	99.2827	1	731.94	1	88.2082	1	0.00316228	273.252	301.464
770	34.4639	1	955128	1	99.2827	1	731.94	1	88.2082	1	0.01	273.257	301.468
770	34.4639	1	955128	1	99.2827	1	731.94	1	88.2082	1	0.0316228	273.272	301.481
770	34.4639	1	955128	1	99.2827	1	731.94	1	88.2082	1	0.1	273.322	301.523
770	34.4639	1	955128	1	99.2827	1	731.94	1	88.2082	1	0.316228	273.479	301.657
770	34.4639	1	955128	1	99.2827	1	731.94	1	88.2082	1	1	273.968	302.075
770	34.4639	1	955128	1	99.2827	1	731.94	1	88.2082	1	3.16228	275.45	303.359
770	34.4639	1	955128	1	99.2827	1	731.94	1	88.2082	1	10	279.704	307.131
770	34.4639	1	955128	1	99.2827	1	731.94	1	88.2082	1	31.6228	289.831	316.974
770	34.4639	1	955128	1	99.2827	1	731.94	1	88.2082	1	100	307.304	337.42
771	38.1753	1	996514	1	38.5105	1	210.434	1	117.661	1	0	273.249	301.462
771	38.1753	1	996514	1	38.5105	1	210.434	1	117.661	1	0.001	273.251	301.463
771	38.1753	1	996514	1	38.5105	1	210.434	1	117.661	1	0.00316228	273.254	301.466
771	38.1753	1	996514	1	38.5105	1	210.434	1	117.661	1	0.01	273.264	301.477
771	38.1753	1	996514	1	38.5105	1	210.434	1	117.661	1	0.0316228	273.294	301.509
771	38.1753	1	996514	1	38.5105	1	210.434	1	117.661	1	0.1	273.392	301.612
771	38.1753	1	996514	1	38.5105	1	210.434	1	117.661	1	0.316228	273.698	301.935
771	38.1753	1	996514	1	38.5105	1	210.434	1	117.661	1	1	274.651	302.94
771	38.1753	1	996514	1	38.5105	1	210.434	1	117.661	1	3.16228	277.528	305.964
771	38.1753	1	996514	1	38.5105	1	210.434	1	117.661	1	10	285.615	314.442
771	38.1753	1	996514	1	38.5105	1	210.434	1	117.661	1	31.6228	304.566	334.439
771	38.1753	1	996514	1	38.5105	1	210.434	1	117.661	1	100	339.706	374.185
772	48.9323	1	1.04419e+06	1	20.8471	1	141.986	1	82.6976	1	0	273.249	301.462
772	48.9323	1	1.04419e+06	1	20.8471	1	141.986	1	82.6976	1	0.001	273.252	301.464
772	48.9323	1	1.04419e+06	1	20.8471	1	141.986	1	82.6976	1	0.00316228	273.256	301.47
772	48.9323	1	1.04419e+06	1	20.8471	1	141.986	1	82.6976	1	0.01	273.271	301.487
772	48.9323	1	1.04419e+06	1	20.8471	1	141.986	1	82.6976	1	0.0316228	273.319	301.542
772	48.9323	1	1.04419e+06	1	20.8471	1	141.986	1	82.6976	1	0.1	273.469	301.716
772	48.9323	1	1.04419e+06	1	20.8471	1	141.986	1	82.6976	1	0.316228	273.939	302.26
772	48.9323	1	1.04419e+06	1	20.8471	1	141.986	1	82.6976	1	1	275.387	303.928
772	48.9323	1	1.04419e+06	1	20.8471	1	141.986	1	82.6976	1	3.16228	279.621	308.761
772	48.9323	1	1.04419e+06	1	20.8471	1	141.986	1	82.6976	1	10	290.538	321.098
772	48.9323	1	1.04419e+06	1	20.8471	1	141.986	1	82.6976	1	31.6228	314.741	347.527
772	48.9323	1	1.04419e+06	1	20.8471	1	141.986	1	82.6976	1	100	358.736	396.178
773	38.6463	1	942710	1	46.7432	1	268.76	1	132.813	1	0	273.249	301.462
773	38.6463	1	942710	1	46.7432	1	268.76	1	132.813	1	0.001	273.251	301.463
773	38.6463	1	942710	1	46.7432	1	268.76	1	132.813	1	0.00316228	273.253	301.465
773	38.6463	1	942710	1	46.7432	1	268.76	1	132.813	1	0.01	273.261	301.474
773	38.6463	1	942710	1	46.7432	1	268.76	1	132.813	1	0.0316228	273.288	301.501
773	38.6463	1	942710	1	46.7432	1	268.76	1	132.813	1	0.1	273.37	301.585
773	38.6463	1	942710	1	46.7432	1	268.76	1	132.813	1	0.316228	273.629	301.852
773	38.6463	1	942710	1	46.7432	1	268.76	1	132.813	1	1	274.438	302.682
773	38.6463	1	942710	1	46.7432	1	268.76	1	132.813	1	3.16228	276.889	305.199
773	38.6463	1	942710	1	46.7432	1	268.76	1	132.813	1	10	283.862	312.358
773	38.6463	1	942710	1	46.7432	1	268.76	1	132.813	1	31.6228	300.488	329.689
773	38.6463	1	942710	1	46.7432	1	268.76	1	132.813	1	100	331.152	364.579
774	35.3544	1	734922	1	117.307	1	646.869	1	112.132	1	0	273.249	301.462
774	35.3544	1	734922	1	117.307	1	646.869	1	112.132	1	0.001	273.25	301.462
774	35.3544	1	734922	1	117.307	1	646.869	1	112.132	1	0.00316228	273.252	301.463
774	35.3544	1	734922	1	117.307	1	646.869	1	112.132	1	0.01	273.256	301.467
774	35.3544	1	734922	1	117.307	1	646.869	1	112.132	1	0.0316228	273.271	301.479
774	35.3544	1	734922	1	117.307	1	646.869	1	112.132	1	0.1	273.318	301.518
774	35.3544	1	734922	1	117.307	1	646.869	1	112.132	1	0.316228	273.465	301.64
774	35.3544	1	734922	1	117.307	1	646.869	1	112.132	1	1	273.924	302.022
774	35.3544	1	734922	1	117.307	1	646.869	1	112.132	1	3.16228	275.321	303.2
774	35.3544	1	734922	1	117.307	1	646.869	1	112.132	1	10	279.359	306.698
774	35.3544	1	734922	1	117.307	1	646.869	1	112.132	1	31.6228	289.241	316.097
774	35.3544	1	734922	1	117.307	1	646.869	1	112.132	1	100	307.134	336.698
775	24.62	1	802204	1	98.9672	1	1006.7	1	104.062	1	0	273.249	301.462
775	24.62	1	802204	1	98.9672	1	1006.7	1	104.062	1	0.001	273.25	301.462
775	24.62	1	802204	1	98.9672	1	1006.7	1	104.062	1	0.00316228	273.252	301.464
775	24.62	1	802204	1	98.9672	1	1006.7	1	104.062	1	0.01	273.258	301.468
775	24.62	1	802204	1	98.9672	1	1006.7	1	104.062	1	0.0316228	273.275	301.481
775	24.62	1	802204	1	98.9672	1	1006.7	1	104.062	1	0.1	273.331	301.524
775	24.62	1	802204	1	98.9672	1	1006.7	1	104.062	1	0.316228	273.508	301.659
775	24.62	1	802204	1	98.9672	1	1006.7	1	104.062	1	1	274.053	302.078
775	24.62	1	802204	1	98.9672	1	1006.7	1	104.062	1	3.16228	275.675	303.357
775	24.62	1	802204	1	98.9672	1	1006.7	1	104.062	1	10	280.182	307.072
775	24.62	1	802204	1	98.9672	1	1006.7	1	104.062	1	31.6228	289.667	316.403
775	24.62	1	802204	1	98.9672	1	1006.7	1	104.062	1	100	304.918	334.901
776	36.5407	1	940237	1	114.113	1	605.86	1	109.079	1	0	273.249	301.462
776	36.5407	1	940237	1	114.113	1	605.86	1	109.079	1	0.001	273.25	301.462
776	36.5407	1	940237	1	114.113	1	605.86	1	109.079	1	0.00316228	273.252	301.463
776	36.5407	1	940237	1	114.113	1	605.86	1	109.079	1	0.01	273.256	301.467
776	36.5407	1	940237	1	114.113	1	605.86	1	109.079	1	0.0316228	273.271	301.48
776	36.5407	1	940237	1	114.113	1	605.86	1	109.079	1	0.1	273.318	301.52
776	36.5407	1	940237	1	114.113	1	605.86	1	109.079	1	0.316228	273.467	301.645
776	36.5407	1	940237	1	114.113	1	605.86	1	109.079	1	1	273.93	302.037
776	36.5407	1	940237	1	114.113	1	605.86	1	109.079	1	3.16228	275.343	303.248
776	36.5407	1	940237	1	114.113	1	605.86	1	109.079	1	10	279.438	306.845
776	36.5407	1	940237	1	114.113	1	605.86	1	109.079	1	31.6228	289.547	316.518
776	36.5407	1	940237	1	114.113	1	605.86	1	109.079	1	100	308.116	337.814
777	30.9173	1	1.26614e+06	1	58.7373	1	386.449	1	102.326	1	0	273.249	301.462
777	30.9173	1	1.26614e+06	1	58.7373	1	386.449	1	102.326	1	0.001	273.25	301.463
777	30.9173	1	1.26614e+06	1	58.7373	1	386.449	1	102.326	1	0.00316228	273.253	301.465
777	30.9173	1	1.26614e+06	1	58.7373	1	386.449	1	102.326	1	0.01	273.26	301.472
777	30.9173	1	1.26614e+06	1	58.7373	1	386.449	1	102.326	1	0.0316228	273.283	301.493
777	30.9173	1	1.26614e+06	1	58.7373	1	386.449	1	102.326	1	0.1	273.355	301.562
777	30.9173	1	1.26614e+06	1	58.7373	1	386.449	1	102.326	1	0.316228	273.584	301.777
777	30.9173	1	1.26614e+06	1	58.7373	1	386.449	1	102.326	1	1	274.294	302.449
777	30.9173	1	1.26614e+06	1	58.7373	1	386.449	1	102.326	1	3.16228	276.442	304.492
777	30.9173	1	1.26614e+06	1	58.7373	1	386.449	1	102.326	1	10	282.527	310.352
777	30.9173	1	1.26614e+06	1	58.7373	1	386.449	1	102.326	1	31.6228	296.562	324.741
777	30.9173	1	1.26614e+06	1	58.7373	1	386.449	1	102.326	1	100	321.363	353.668
778	59.9474	1	939516	1	58.4549	1	187.492	1	93.0759	1	0	273.249	301.462
778	59.9474	1	939516	1	58.4549	1	187.492	1	93.0759	1	0.001	273.251	301.463
778	59.9474	1	939516	1	58.4549	1	187.492	1	93.0759	1	0.00316228	273.253	301.465
778	59.9474	1	939516	1	58.4549	1	187.492	1	93.0759	1	0.01	273.26	301.473
778	59.9474	1	939516	1	58.4549	1	187.492	1	93.0759	1	0.0316228	273.284	301.499
778	59.9474	1	939516	1	58.4549	1	187.492	1	93.0759	1	0.1	273.36	301.578
778	59.9474	1	939516	1	58.4549	1	187.492	1	93.0759	1	0.316228	273.598	301.83
778	59.9474	1	939516	1	58.4549	1	187.492	1	93.0759	1	1	274.344	302.619
778	59.9474	1	939516	1	58.4549	1	187.492	1	93.0759	1	3.16228	276.638	305.041
778	59.9474	1	939516	1	58.4549	1	187.492	1	93.0759	1	10	283.34	312.095
778	59.9474	1	939516	1	58.4549	1	187.492	1	93.0759	1	31.6228	300.821	330.458
778	59.9474	1	939516	1	58.4549	1	187.492	1	93.0759	1	100	338.067	371.505
779	15.3903	1	2.23306e+06	1	73.4699	1	432.602	1	52.4924	1	0	273.249	301.462
779	15.3903	1	2.23306e+06	1	73.4699	1	432.602	1	52.4924	1	0.001	273.251	301.463
779	15.3903	1	2.23306e+06	1	73.4699	1	432.602	1	52.4924	1	0.00316228	273.254	301.465
779	15.3903	1	2.23306e+06	1	73.4699	1	432.602	1	52.4924	1	0.01	273.262	301.471
779	15.3903	1	2.23306e+06	1	73.4699	1	432.602	1	52.4924	1	0.0316228	273.29	301.492
779	15.3903	1	2.23306e+06	1	73.4699	1	432.602	1	52.4924	1	0.1	273.379	301.557
779	15.3903	1	2.23306e+06	1	73.4699	1	432.602	1	52.4924	1	0.316228	273.655	301.764
779	15.3903	1	2.23306e+06	1	73.4699	1	432.602	1	52.4924	1	1	274.503	302.403
779	15.3903	1	2.23306e+06	1	73.4699	1	432.602	1	52.4924	1	3.16228	276.985	304.34
779	15.3903	1	2.23306e+06	1	73.4699	1	432.602	1	52.4924	1	10	283.401	309.774
779	15.3903	1	2.23306e+06	1	73.4699	1	432.602	1	52.4924	1	31.6228	295.249	322.639
779	15.3903	1	2.23306e+06	1	73.4699	1	432.602	1	52.4924	1	100	317.61	349.246
780	31.5387	1	774355	1	33.1426	1	478.742	1	88.0578	1	0	273.249	301.462
780	31.5387	1	774355	1	33.1426	1	478.742	1	88.0578	1	0.001	273.251	301.463
780	31.5387	1	774355	1	33.1426	1	478.742	1	88.0578	1	0.00316228	273.254	301.466
780	31.5387	1	774355	1	33.1426	1	478.742	1	88.0578	1	0.01	273.264	301.476
780	31.5387	1	774355	1	33.1426	1	478.742	1	88.0578	1	0.0316228	273.294	301.509
780	31.5387	1	774355	1	33.1426	1	478.742	1	88.0578	1	0.1	273.391	301.61
780	31.5387	1	774355	1	33.1426	1	478.742	1	88.0578	1	0.316228	273.694	301.929
780	31.5387	1	774355	1	33.1426	1	478.742	1	88.0578	1	1	274.632	302.913
780	31.5387	1	774355	1	33.1426	1	478.742	1	88.0578	1	3.16228	277.408	305.819
780	31.5387	1	774355	1	33.1426	1	478.742	1	88.0578	1	10	284.87	313.614
780	31.5387	1	774355	1	33.1426	1	478.742	1	88.0578	1	31.6228	300.148	330.015
780	31.5387	1	774355	1	33.1426	1	478.742	1	88.0578	1	100	322.64	356.84
781	48.249	1	1.32301e+06	1	126.845	1	679.057	1	113.917	1	0	273.249	301.462
781	48.249	1	1.32301e+06	1	126.845	1	679.057	1	113.917	1	0.001	273.25	301.462
781	48.249	1	1.32301e+06	1	126.845	1	679.057	1	113.917	1	0.00316228	273.251	301.463
781	48.249	1	1.32301e+06	1	126.845	1	679.057	1	113.917	1	0.01	273.255	301.467
781	48.249	1	1.32301e+06	1	126.845	1	679.057	1	113.917	1	0.0316228	273.268	301.478
781	48.249	1	1.32301e+06	1	126.845	1	679.057	1	113.917	1	0.1	273.307	301.513
781	48.249	1	1.32301e+06	1	126.845	1	679.057	1	113.917	1	0.316228	273.432	301.623
781	48.249	1	1.32301e+06	1	126.845	1	679.057	1	113.917	1	1	273.823	301.968
781	48.249	1	1.32301e+06	1	126.845	1	679.057	1	113.917	1	3.16228	275.025	303.038
781	48.249	1	1.32301e+06	1	126.845	1	679.057	1	113.917	1	10	278.564	306.243
781	48.249	1	1.32301e+06	1	126.845	1	679.057	1	113.917	1	31.6228	287.789	315.036
781	48.249	1	1.32301e+06	1	126.845	1	679.057	1	113.917	1	100	305.442	334.827
782	45.5639	1	967613	1	35.0465	1	271.241	1	89.643	1	0	273.249	301.462
782	45.5639	1	967613	1	35.0465	1	271.241	1	89.643	1	0.001	273.251	301.463
782	45.5639	1	967613	1	35.0465	1	271.241	1	89.643	1	0.00316228	273.254	301.466
782	45.5639	1	967613	1	35.0465	1	271.241	1	89.643	1	0.01	273.263	301.477
782	45.5639	1	967613	1	35.0465	1	271.241	1	89.643	1	0.0316228	273.293	301.509
782	45.5639	1	967613	1	35.0465	1	271.241	1	89.643	1	0.1	273.387	301.613
782	45.5639	1	967613	1	35.0465	1	271.241	1	89.643	1	0.316228	273.684	301.938
782	45.5639	1	967613	1	35.0465	1	271.241	1	89.643	1	1	274.606	302.946
782	45.5639	1	967613	1	35.0465	1	271.241	1	89.643	1	3.16228	277.371	305.956
782	45.5639	1	967613	1	35.0465	1	271.241	1	89.643	1	10	285.027	314.234
782	45.5639	1	967613	1	35.0465	1	271.241	1	89.643	1	31.6228	302.444	332.929
782	45.5639	1	967613	1	35.0465	1	271.241	1	89.643	1	100	333.271	367.876
783	74.5707	1	1.80016e+06	1	71.6422	1	438.193	1	95.0575	1	0	273.249	301.462
783	74.5707	1	1.80016e+06	1	71.6422	1	438.193	1	95.0575	1	0.001	273.25	301.462
783	74.5707	1	1.80016e+06	1	71.6422	1	438.193	1	95.0575	1	0.00316228	273.252	301.464
783	74.5707	1	1.80016e+06	1	71.6422	1	438.193	1	95.0575	1	0.01	273.257	301.47
783	74.5707	1	1.80016e+06	1	71.6422	1	438.193	1	95.0575	1	0.0316228	273.273	301.487
783	74.5707	1	1.80016e+06	1	71.6422	1	438.193	1	95.0575	1	0.1	273.324	301.541
783	74.5707	1	1.80016e+06	1	71.6422	1	438.193	1	95.0575	1	0.316228	273.485	301.713
783	74.5707	1	1.80016e+06	1	71.6422	1	438.193	1	95.0575	1	1	273.99	302.25
783	74.5707	1	1.80016e+06	1	71.6422	1	438.193	1	95.0575	1	3.16228	275.545	303.901
783	74.5707	1	1.80016e+06	1	71.6422	1	438.193	1	95.0575	1	10	280.085	308.7
783	74.5707	1	1.80016e+06	1	71.6422	1	438.193	1	95.0575	1	31.6228	291.803	321.07
783	74.5707	1	1.80016e+06	1	71.6422	1	438.193	1	95.0575	1	100	315.547	347.637
784	44.1394	1	2.71289e+06	1	70.0395	1	209.388	1	114.394	1	0	273.249	301.462
784	44.1394	1	2.71289e+06	1	70.0395	1	209.388	1	114.394	1	0.001	273.25	301.463
784	44.1394	1	2.71289e+06	1	70.0395	1	209.388	1	114.394	1	0.00316228	273.253	301.465
784	44.1394	1	2.71289e+06	1	70.0395	1	209.388	1	114.394	1	0.01	273.26	301.472
784	44.1394	1	2.71289e+06	1	70.0395	1	209.388	1	114.394	1	0.0316228	273.282	301.494
784	44.1394	1	2.71289e+06	1	70.0395	1	209.388	1	114.394	1	0.1	273.353	301.564
784	44.1394	1	2.71289e+06	1	70.0395	1	209.388	1	114.394	1	0.316228	273.577	301.786
784	44.1394	1	2.71289e+06	1	70.0395	1	209.388	1	114.394	1	1	274.278	302.481
784	44.1394	1	2.71289e+06	1	70.0395	1	209.388	1	114.394	1	3.16228	276.432	304.621
784	44.1394	1	2.71289e+06	1	70.0395	1	209.388	1	114.394	1	10	282.741	310.902
784	44.1394	1	2.71289e+06	1	70.0395	1	209.388	1	114.394	1	31.6228	299.078	327.557
784	44.1394	1	2.71289e+06	1	70.0395	1	209.388	1	114.394	1	100	333.466	365.675
785	49.6778	1	920466	1	85.5868	1	658.468	1	69.6717	1	0	273.249	301.462
785	49.6778	1	920466	1	85.5868	1	658.468	1	69.6717	1	0.001	273.25	301.462
785	49.6778	1	920466	1	85.5868	1	658.468	1	69.6717	1	0.00316228	273.252	301.464
785	49.6778	1	920466	1	85.5868	1	658.468	1	69.6717	1	0.01	273.256	301.468
785	49.6778	1	920466	1	85.5868	1	658.468	1	69.6717	1	0.0316228	273.272	301.483
785	49.6778	1	920466	1	85.5868	1	658.468	1	69.6717	1	0.1	273.319	301.529
785	49.6778	1	920466	1	85.5868	1	658.468	1	69.6717	1	0.316228	273.47	301.674
785	49.6778	1	920466	1	85.5868	1	658.468	1	69.6717	1	1	273.941	302.128
785	49.6778	1	920466	1	85.5868	1	658.468	1	69.6717	1	3.16228	275.384	303.526
785	49.6778	1	920466	1	85.5868	1	658.468	1	69.6717	1	10	279.579	307.61
785	49.6778	1	920466	1	85.5868	1	658.468	1	69.6717	1	31.6228	289.988	318.07
785	49.6778	1	920466	1	85.5868	1	658.468	1	69.6717	1	100	308.862	340
786	45.3368	1	585020	1	52.6978	1	294.382	1	131.939	1	0	273.249	301.462
786	45.3368	1	585020	1	52.6978	1	294.382	1	131.939	1	0.001	273.25	301.463
786	45.3368	1	585020	1	52.6978	1	294.382	1	131.939	1	0.00316228	273.253	301.465
786	45.3368	1	585020	1	52.6978	1	294.382	1	131.939	1	0.01	273.26	301.473
786	45.3368	1	585020	1	52.6978	1	294.382	1	131.939	1	0.0316228	273.283	301.497
786	45.3368	1	585020	1	52.6978	1	294.382	1	131.939	1	0.1	273.356	301.572
786	45.3368	1	585020	1	52.6978	1	294.382	1	131.939	1	0.316228	273.586	301.81
786	45.3368	1	585020	1	52.6978	1	294.382	1	131.939	1	1	274.305	302.552
786	45.3368	1	585020	1	52.6978	1	294.382	1	131.939	1	3.16228	276.495	304.814
786	45.3368	1	585020	1	52.6978	1	294.382	1	131.939	1	10	282.788	311.306
786	45.3368	1	585020	1	52.6978	1	294.382	1	131.939	1	31.6228	298.239	327.381
786	45.3368	1	585020	1	52.6978	1	294.382	1	131.939	1	100	327.578	360.464
787	43.8158	1	1.32379e+06	1	44.1377	1	2021.85	1	69.2875	1	0	273.249	301.462
787	43.8158	1	1.32379e+06	1	44.1377	1	2021.85	1	69.2875	1	0.001	273.25	301.463
787	43.8158	1	1.32379e+06	1	44.1377	1	2021.85	1	69.2875	1	0.00316228	273.253	301.465
787	43.8158	1	1.32379e+06	1	44.1377	1	2021.85	1	69.2875	1	0.01	273.259	301.472
787	43.8158	1	1.32379e+06	1	44.1377	1	2021.85	1	69.2875	1	0.0316228	273.28	301.494
787	43.8158	1	1.32379e+06	1	44.1377	1	2021.85	1	69.2875	1	0.1	273.347	301.565
787	43.8158	1	1.32379e+06	1	44.1377	1	2021.85	1	69.2875	1	0.316228	273.558	301.789
787	43.8158	1	1.32379e+06	1	44.1377	1	2021.85	1	69.2875	1	1	274.211	302.481
787	43.8158	1	1.32379e+06	1	44.1377	1	2021.85	1	69.2875	1	3.16228	276.164	304.546
787	43.8158	1	1.32379e+06	1	44.1377	1	2021.85	1	69.2875	1	10	281.501	310.175
787	43.8158	1	1.32379e+06	1	44.1377	1	2021.85	1	69.2875	1	31.6228	292.788	322.237
787	43.8158	1	1.32379e+06	1	44.1377	1	2021.85	1	69.2875	1	100	306.809	339.756
788	41.6802	1	1.39876e+06	1	51.7688	1	124.322	1	103.479	1	0	273.249	301.462
788	41.6802	1	1.39876e+06	1	51.7688	1	124.322	1	103.479	1	0.001	273.251	301.463
788	41.6802	1	1.39876e+06	1	51.7688	1	124.322	1	103.479	1	0.00316228	273.254	301.466
788	41.6802	1	1.39876e+06	1	51.7688	1	124.322	1	103.479	1	0.01	273.264	301.476
788	41.6802	1	1.39876e+06	1	51.7688	1	124.322	1	103.479	1	0.0316228	273.295	301.509
788	41.6802	1	1.39876e+06	1	51.7688	1	124.322	1	103.479	1	0.1	273.394	301.61
788	41.6802	1	1.39876e+06	1	51.7688	1	124.322	1	103.479	1	0.316228	273.706	301.931
788	41.6802	1	1.39876e+06	1	51.7688	1	124.322	1	103.479	1	1	274.683	302.935
788	41.6802	1	1.39876e+06	1	51.7688	1	124.322	1	103.479	1	3.16228	277.671	306.004
788	41.6802	1	1.39876e+06	1	51.7688	1	124.322	1	103.479	1	10	286.328	314.899
788	41.6802	1	1.39876e+06	1	51.7688	1	124.322	1	103.479	1	31.6228	308.682	338.102
788	41.6802	1	1.39876e+06	1	51.7688	1	124.322	1	103.479	1	100	355.319	389.498
789	57.5543	1	316526	1	148.575	1	174.183	1	74.7969	1	0	273.249	301.462
789	57.5543	1	316526	1	148.575	1	174.183	1	74.7969	1	0.001	273.25	301.462
789	57.5543	1	316526	1	148.575	1	174.183	1	74.7969	1	0.00316228	273.252	301.464
789	57.5543	1	316526	1	148.575	1	174.183	1	74.7969	1	0.01	273.258	301.469
789	57.5543	1	316526	1	148.575	1	174.183	1	74.7969	1	0.0316228	273.276	301.487
789	57.5543	1	316526	1	148.575	1	174.183	1	74.7969	1	0.1	273.333	301.541
789	57.5543	1	316526	1	148.575	1	174.183	1	74.7969	1	0.316228	273.513	301.712
789	57.5543	1	316526	1	148.575	1	174.183	1	74.7969	1	1	274.079	302.25
789	57.5543	1	316526	1	148.575	1	174.183	1	74.7969	1	3.16228	275.834	303.927
789	57.5543	1	316526	1	148.575	1	174.183	1	74.7969	1	10	281.091	308.992
789	57.5543	1	316526	1	148.575	1	174.183	1	74.7969	1	31.6228	295.687	323.376
789	57.5543	1	316526	1	148.575	1	174.183	1	74.7969	1	100	329.691	360.032
790	40.0952	1	442811	1	80.8584	1	254.333	1	72.0444	1	0	273.249	301.462
790	40.0952	1	442811	1	80.8584	1	254.333	1	72.0444	1	0.001	273.25	301.462
790	40.0952	1	442811	1	80.8584	1	254.333	1	72.0444	1	0.00316228	273.252	301.464
790	40.0952	1	442811	1	80.8584	1	254.333	1	72.0444	1	0.01	273.259	301.471
790	40.0952	1	442811	1	80.8584	1	254.333	1	72.0444	1	0.0316228	273.279	301.49
790	40.0952	1	442811	1	80.8584	1	254.333	1	72.0444	1	0.1	273.344	301.552
790	40.0952	1	442811	1	80.8584	1	254.333	1	72.0444	1	0.316228	273.549	301.746
790	40.0952	1	442811	1	80.8584	1	254.333	1	72.0444	1	1	274.189	302.356
790	40.0952	1	442811	1	80.8584	1	254.333	1	72.0444	1	3.16228	276.154	304.237
790	40.0952	1	442811	1	80.8584	1	254.333	1	72.0444	1	10	281.904	309.792
790	40.0952	1	442811	1	80.8584	1	254.333	1	72.0444	1	31.6228	296.462	324.473
790	40.0952	1	442811	1	80.8584	1	254.333	1	72.0444	1	100	326.625	358.331
791	66.267	1	293018	1	31.4344	1	581.817	1	111.271	1	0	273.249	301.462
791	66.267	1	293018	1	31.4344	1	581.817	1	111.271	1	0.001	273.251	301.463
791	66.267	1	293018	1	31.4344	1	581.817	1	111.271	1	0.00316228	273.253	301.466
791	66.267	1	293018	1	31.4344	1	581.817	1	111.271	1	0.01	273.262	301.476
791	66.267	1	293018	1	31.4344	1	581.817	1	111.271	1	0.0316228	273.289	301.508
791	66.267	1	293018	1	31.4344	1	581.817	1	111.271	1	0.1	273.375	301.608
791	66.267	1	293018	1	31.4344	1	581.817	1	111.271	1	0.316228	273.644	301.922
791	66.267	1	293018	1	31.4344	1	581.817	1	111.271	1	1	274.477	302.892
791	66.267	1	293018	1	31.4344	1	581.817	1	111.271	1	3.16228	276.944	305.741
791	66.267	1	293018	1	31.4344	1	581.817	1	111.271	1	10	283.518	313.279
791	66.267	1	293018	1	31.4344	1	581.817	1	111.271	1	31.6228	297.492	328.885
791	66.267	1	293018	1	31.4344	1	581.817	1	111.271	1	100	319.05	353.552
792	43.777	1	806473	1	107.112	1	657.704	1	86.1029	1	0	273.249	301.462
792	43.777	1	806473	1	107.112	1	657.704	1	86.1029	1	0.001	273.25	301.462
792	43.777	1	806473	1	107.112	1	657.704	1	86.1029	1	0.00316228	273.251	301.463
792	43.777	1	806473	1	107.112	1	657.704	1	86.1029	1	0.01	273.256	301.467
792	43.777	1	806473	1	107.112	1	657.704	1	86.1029	1	0.0316228	273.27	301.48
792	43.777	1	806473	1	107.112	1	657.704	1	86.1029	1	0.1	273.315	301.52
792	43.777	1	806473	1	107.112	1	657.704	1	86.1029	1	0.316228	273.455	301.646
792	43.777	1	806473	1	107.112	1	657.704	1	86.1029	1	1	273.895	302.04
792	43.777	1	806473	1	107.112	1	657.704	1	86.1029	1	3.16228	275.243	303.258
792	43.777	1	806473	1	107.112	1	657.704	1	86.1029	1	10	279.177	306.868
792	43.777	1	806473	1	107.112	1	657.704	1	86.1029	1	31.6228	289.087	316.51
792	43.777	1	806473	1	107.112	1	657.704	1	86.1029	1	100	307.306	337.379
793	45.1973	1	835137	1	76.7532	1	344.003	1	93.3736	1	0	273.249	301.462
793	45.1973	1	835137	1	76.7532	1	344.003	1	93.3736	1	0.001	273.25	301.462
793	45.1973	1	835137	1	76.7532	1	344.003	1	93.3736	1	0.00316228	273.252	301.464
793	45.1973	1	835137	1	76.7532	1	344.003	1	93.3736	1	0.01	273.258	301.47
793	45.1973	1	835137	1	76.7532	1	344.003	1	93.3736	1	0.0316228	273.277	301.488
793	45.1973	1	835137	1	76.7532	1	344.003	1	93.3736	1	0.1	273.335	301.545
793	45.1973	1	835137	1	76.7532	1	344.003	1	93.3736	1	0.316228	273.52	301.725
793	45.1973	1	835137	1	76.7532	1	344.003	1	93.3736	1	1	274.099	302.289
793	45.1973	1	835137	1	76.7532	1	344.003	1	93.3736	1	3.16228	275.876	304.025
793	45.1973	1	835137	1	76.7532	1	344.003	1	93.3736	1	10	281.066	309.117
793	45.1973	1	835137	1	76.7532	1	344.003	1	93.3736	1	31.6228	294.23	322.436
793	45.1973	1	835137	1	76.7532	1	344.003	1	93.3736	1	100	320.42	351.932
794	31.4985	1	649458	1	70.2763	1	314.026	1	125.25	1	0	273.249	301.462
794	31.4985	1	649458	1	70.2763	1	314.026	1	125.25	1	0.001	273.25	301.462
794	31.4985	1	649458	1	70.2763	1	314.026	1	125.25	1	0.00316228	273.253	301.465
794	31.4985	1	649458	1	70.2763	1	314.026	1	125.25	1	0.01	273.26	301.471
794	31.4985	1	649458	1	70.2763	1	314.026	1	125.25	1	0.0316228	273.281	301.491
794	31.4985	1	649458	1	70.2763	1	314.026	1	125.25	1	0.1	273.351	301.555
794	31.4985	1	649458	1	70.2763	1	314.026	1	125.25	1	0.316228	273.569	301.755
794	31.4985	1	649458	1	70.2763	1	314.026	1	125.25	1	1	274.249	302.381
794	31.4985	1	649458	1	70.2763	1	314.026	1	125.25	1	3.16228	276.314	304.302
794	31.4985	1	649458	1	70.2763	1	314.026	1	125.25	1	10	282.239	309.886
794	31.4985	1	649458	1	70.2763	1	314.026	1	125.25	1	31.6228	296.529	324.28
794	31.4985	1	649458	1	70.2763	1	314.026	1	125.25	1	100	323.655	355.43
795	27.5959	1	838565	1	76.6466	1	843.451	1	124.536	1	0	273.249	301.462
795	27.5959	1	838565	1	76.6466	1	843.451	1	124.536	1	0.001	273.25	301.462
795	27.5959	1	838565	1	76.6466	1	843.451	1	124.536	1	0.00316228	273.252	301.464
795	27.5959	1	838565	1	76.6466	1	843.451	1	124.536	1	0.01	273.258	301.469
795	27.5959	1	838565	1	76.6466	1	843.451	1	124.536	1	0.0316228	273.277	301.485
795	27.5959	1	838565	1	76.6466	1	843.451	1	124.536	1	0.1	273.337	301.536
795	27.5959	1	838565	1	76.6466	1	843.451	1	124.536	1	0.316228	273.525	301.695
795	27.5959	1	838565	1	76.6466	1	843.451	1	124.536	1	1	274.109	302.193
795	27.5959	1	838565	1	76.6466	1	843.451	1	124.536	1	3.16228	275.86	303.709
795	27.5959	1	838565	1	76.6466	1	843.451	1	124.536	1	10	280.763	308.062
795	27.5959	1	838565	1	76.6466	1	843.451	1	124.536	1	31.6228	291.575	318.828
795	27.5959	1	838565	1	76.6466	1	843.451	1	124.536	1	100	308.658	339.535
796	39.8991	1	1.33629e+06	1	73.9592	1	250.635	1	117.713	1	0	273.249	301.462
796	39.8991	1	1.33629e+06	1	73.9592	1	250.635	1	117.713	1	0.001	273.25	301.463
796	39.8991	1	1.33629e+06	1	73.9592	1	250.635	1	117.713	1	0.00316228	273.253	301.465
796	39.8991	1	1.33629e+06	1	73.9592	1	250.635	1	117.713	1	0.01	273.259	301.471
796	39.8991	1	1.33629e+06	1	73.9592	1	250.635	1	117.713	1	0.0316228	273.28	301.491
796	39.8991	1	1.33629e+06	1	73.9592	1	250.635	1	117.713	1	0.1	273.348	301.556
796	39.8991	1	1.33629e+06	1	73.9592	1	250.635	1	117.713	1	0.316228	273.559	301.759
796	39.8991	1	1.33629e+06	1	73.9592	1	250.635	1	117.713	1	1	274.221	302.397
796	39.8991	1	1.33629e+06	1	73.9592	1	250.635	1	117.713	1	3.16228	276.251	304.361
796	39.8991	1	1.33629e+06	1	73.9592	1	250.635	1	117.713	1	10	282.179	310.131
796	39.8991	1	1.33629e+06	1	73.9592	1	250.635	1	117.713	1	31.6228	297.274	325.37
796	39.8991	1	1.33629e+06	1	73.9592	1	250.635	1	117.713	1	100	328.161	359.965
797	35.6224	1	212662	1	176.802	1	211.548	1	124.182	1	0	273.249	301.462
797	35.6224	1	212662	1	176.802	1	211.548	1	124.182	1	0.001	273.25	301.462
797	35.6224	1	212662	1	176.802	1	211.548	1	124.182	1	0.00316228	273.252	301.464
797	35.6224	1	212662	1	176.802	1	211.548	1	124.182	1	0.01	273.258	301.469
797	35.6224	1	212662	1	176.802	1	211.548	1	124.182	1	0.0316228	273.276	301.484
797	35.6224	1	212662	1	176.802	1	211.548	1	124.182	1	0.1	273.333	301.531
797	35.6224	1	212662	1	176.802	1	211.548	1	124.182	1	0.316228	273.512	301.681
797	35.6224	1	212662	1	176.802	1	211.548	1	124.182	1	1	274.072	302.153
797	35.6224	1	212662	1	176.802	1	211.548	1	124.182	1	3.16228	275.791	303.617
797	35.6224	1	212662	1	176.802	1	211.548	1	124.182	1	10	280.853	308.045
797	35.6224	1	212662	1	176.802	1	211.548	1	124.182	1	31.6228	293.954	320.411
797	35.6224	1	212662	1	176.802	1	211.548	1	124.182	1	100	323.424	352.413
798	46.8888	1	1.85983e+06	1	64.6083	1	215.939	1	59.6356	1	0	273.249	301.462
798	46.8888	1	1.85983e+06	1	64.6083	1	215.939	1	59.6356	1	0.001	273.25	301.463
798	46.8888	1	1.85983e+06	1	64.6083	1	215.939	1	59.6356	1	0.00316228	273.253	301.465
798	46.8888	1	1.85983e+06	1	64.6083	1	215.939	1	59.6356	1	0.01	273.26	301.472
798	46.8888	1	1.85983e+06	1	64.6083	1	215.939	1	59.6356	1	0.0316228	273.283	301.496
798	46.8888	1	1.85983e+06	1	64.6083	1	215.939	1	59.6356	1	0.1	273.356	301.569
798	46.8888	1	1.85983e+06	1	64.6083	1	215.939	1	59.6356	1	0.316228	273.584	301.8
798	46.8888	1	1.85983e+06	1	64.6083	1	215.939	1	59.6356	1	1	274.3	302.526
798	46.8888	1	1.85983e+06	1	64.6083	1	215.939	1	59.6356	1	3.16228	276.498	304.754
798	46.8888	1	1.85983e+06	1	64.6083	1	215.939	1	59.6356	1	10	282.899	311.249
798	46.8888	1	1.85983e+06	1	64.6083	1	215.939	1	59.6356	1	31.6228	299.153	328.082
798	46.8888	1	1.85983e+06	1	64.6083	1	215.939	1	59.6356	1	100	332.825	365.85
799	50.2344	1	468333	1	94.7839	1	235.333	1	97.8772	1	0	273.249	301.462
799	50.2344	1	468333	1	94.7839	1	235.333	1	97.8772	1	0.001	273.25	301.462
799	50.2344	1	468333	1	94.7839	1	235.333	1	97.8772	1	0.00316228	273.252	301.464
799	50.2344	1	468333	1	94.7839	1	235.333	1	97.8772	1	0.01	273.258	301.47
799	50.2344	1	468333	1	94.7839	1	235.333	1	97.8772	1	0.0316228	273.277	301.488
799	50.2344	1	468333	1	94.7839	1	235.333	1	97.8772	1	0.1	273.335	301.545
799	50.2344	1	468333	1	94.7839	1	235.333	1	97.8772	1	0.316228	273.521	301.724
799	50.2344	1	468333	1	94.7839	1	235.333	1	97.8772	1	1	274.103	302.288
799	50.2344	1	468333	1	94.7839	1	235.333	1	97.8772	1	3.16228	275.9	304.036
799	50.2344	1	468333	1	94.7839	1	235.333	1	97.8772	1	10	281.236	309.256
799	50.2344	1	468333	1	94.7839	1	235.333	1	97.8772	1	31.6228	295.41	323.452
799	50.2344	1	468333	1	94.7839	1	235.333	1	97.8772	1	100	326.636	357.776
800	46.3733	1	794576	1	44.4377	1	1082.2	1	101.093	1	0	273.249	301.462
800	46.3733	1	794576	1	44.4377	1	1082.2	1	101.093	1	0.001	273.25	301.463
800	46.3733	1	794576	1	44.4377	1	1082.2	1	101.093	1	0.00316228	273.253	301.465
800	46.3733	1	794576	1	44.4377	1	1082.2	1	101.093	1	0.01	273.259	301.472
800	46.3733	1	794576	1	44.4377	1	1082.2	1	101.093	1	0.0316228	273.281	301.495
800	46.3733	1	794576	1	44.4377	1	1082.2	1	101.093	1	0.1	273.348	301.567
800	46.3733	1	794576	1	44.4377	1	1082.2	1	101.093	1	0.316228	273.56	301.794
800	46.3733	1	794576	1	44.4377	1	1082.2	1	101.093	1	1	274.22	302.498
800	46.3733	1	794576	1	44.4377	1	1082.2	1	101.093	1	3.16228	276.199	304.604
800	46.3733	1	794576	1	44.4377	1	1082.2	1	101.093	1	10	281.663	310.397
800	46.3733	1	794576	1	44.4377	1	1082.2	1	101.093	1	31.6228	293.709	323.209
800	46.3733	1	794576	1	44.4377	1	1082.2	1	101.093	1	100	310.691	343.493
801	30.3943	1	647867	1	73.2641	1	208.02	1	75.7173	1	0	273.249	301.462
801	30.3943	1	647867	1	73.2641	1	208.02	1	75.7173	1	0.001	273.251	301.463
801	30.3943	1	647867	1	73.2641	1	208.02	1	75.7173	1	0.00316228	273.253	301.465
801	30.3943	1	647867	1	73.2641	1	208.02	1	75.7173	1	0.01	273.261	301.472
801	30.3943	1	647867	1	73.2641	1	208.02	1	75.7173	1	0.0316228	273.285	301.495
801	30.3943	1	647867	1	73.2641	1	208.02	1	75.7173	1	0.1	273.363	301.566
801	30.3943	1	647867	1	73.2641	1	208.02	1	75.7173	1	0.316228	273.608	301.791
801	30.3943	1	647867	1	73.2641	1	208.02	1	75.7173	1	1	274.371	302.497
801	30.3943	1	647867	1	73.2641	1	208.02	1	75.7173	1	3.16228	276.697	304.665
801	30.3943	1	647867	1	73.2641	1	208.02	1	75.7173	1	10	283.412	311.021
801	30.3943	1	647867	1	73.2641	1	208.02	1	75.7173	1	31.6228	299.792	327.676
801	30.3943	1	647867	1	73.2641	1	208.02	1	75.7173	1	100	333.549	365.698
802	33.8864	1	1.28235e+06	1	64.3352	1	250.359	1	65.5904	1	0	273.249	301.462
802	33.8864	1	1.28235e+06	1	64.3352	1	250.359	1	65.5904	1	0.001	273.251	301.463
802	33.8864	1	1.28235e+06	1	64.3352	1	250.359	1	65.5904	1	0.00316228	273.253	301.465
802	33.8864	1	1.28235e+06	1	64.3352	1	250.359	1	65.5904	1	0.01	273.26	301.472
802	33.8864	1	1.28235e+06	1	64.3352	1	250.359	1	65.5904	1	0.0316228	273.284	301.495
802	33.8864	1	1.28235e+06	1	64.3352	1	250.359	1	65.5904	1	0.1	273.359	301.567
802	33.8864	1	1.28235e+06	1	64.3352	1	250.359	1	65.5904	1	0.316228	273.596	301.793
802	33.8864	1	1.28235e+06	1	64.3352	1	250.359	1	65.5904	1	1	274.335	302.501
802	33.8864	1	1.28235e+06	1	64.3352	1	250.359	1	65.5904	1	3.16228	276.587	304.67
802	33.8864	1	1.28235e+06	1	64.3352	1	250.359	1	65.5904	1	10	283.07	310.972
802	33.8864	1	1.28235e+06	1	64.3352	1	250.359	1	65.5904	1	31.6228	298.71	327.05
802	33.8864	1	1.28235e+06	1	64.3352	1	250.359	1	65.5904	1	100	329.76	362.242
803	37.7792	1	1.33383e+06	1	36.0577	1	251.969	1	91.0634	1	0	273.249	301.462
803	37.7792	1	1.33383e+06	1	36.0577	1	251.969	1	91.0634	1	0.001	273.251	301.463
803	37.7792	1	1.33383e+06	1	36.0577	1	251.969	1	91.0634	1	0.00316228	273.254	301.466
803	37.7792	1	1.33383e+06	1	36.0577	1	251.969	1	91.0634	1	0.01	273.264	301.477
803	37.7792	1	1.33383e+06	1	36.0577	1	251.969	1	91.0634	1	0.0316228	273.295	301.51
803	37.7792	1	1.33383e+06	1	36.0577	1	251.969	1	91.0634	1	0.1	273.392	301.613
803	37.7792	1	1.33383e+06	1	36.0577	1	251.969	1	91.0634	1	0.316228	273.698	301.939
803	37.7792	1	1.33383e+06	1	36.0577	1	251.969	1	91.0634	1	1	274.65	302.951
803	37.7792	1	1.33383e+06	1	36.0577	1	251.969	1	91.0634	1	3.16228	277.506	305.978
803	37.7792	1	1.33383e+06	1	36.0577	1	251.969	1	91.0634	1	10	285.439	314.352
803	37.7792	1	1.33383e+06	1	36.0577	1	251.969	1	91.0634	1	31.6228	303.405	333.463
803	37.7792	1	1.33383e+06	1	36.0577	1	251.969	1	91.0634	1	100	335.213	369.771
804	48.7939	1	1.10883e+06	1	55.6385	1	205.319	1	44.0912	1	0	273.249	301.462
804	48.7939	1	1.10883e+06	1	55.6385	1	205.319	1	44.0912	1	0.001	273.251	301.463
804	48.7939	1	1.10883e+06	1	55.6385	1	205.319	1	44.0912	1	0.00316228	273.253	301.465
804	48.7939	1	1.10883e+06	1	55.6385	1	205.319	1	44.0912	1	0.01	273.261	301.474
804	48.7939	1	1.10883e+06	1	55.6385	1	205.319	1	44.0912	1	0.0316228	273.286	301.5
804	48.7939	1	1.10883e+06	1	55.6385	1	205.319	1	44.0912	1	0.1	273.365	301.582
804	48.7939	1	1.10883e+06	1	55.6385	1	205.319	1	44.0912	1	0.316228	273.613	301.84
804	48.7939	1	1.10883e+06	1	55.6385	1	205.319	1	44.0912	1	1	274.391	302.648
804	48.7939	1	1.10883e+06	1	55.6385	1	205.319	1	44.0912	1	3.16228	276.769	305.12
804	48.7939	1	1.10883e+06	1	55.6385	1	205.319	1	44.0912	1	10	283.618	312.231
804	48.7939	1	1.10883e+06	1	55.6385	1	205.319	1	44.0912	1	31.6228	300.688	330.203
804	48.7939	1	1.10883e+06	1	55.6385	1	205.319	1	44.0912	1	100	335.474	369.513
805	44.8601	1	1.22478e+06	1	112.524	1	193.612	1	61.8895	1	0	273.249	301.462
805	44.8601	1	1.22478e+06	1	112.524	1	193.612	1	61.8895	1	0.001	273.25	301.462
805	44.8601	1	1.22478e+06	1	112.524	1	193.612	1	61.8895	1	0.00316228	273.252	301.464
805	44.8601	1	1.22478e+06	1	112.524	1	193.612	1	61.8895	1	0.01	273.259	301.47
805	44.8601	1	1.22478e+06	1	112.524	1	193.612	1	61.8895	1	0.0316228	273.278	301.489
805	44.8601	1	1.22478e+06	1	112.524	1	193.612	1	61.8895	1	0.1	273.341	301.547
805	44.8601	1	1.22478e+06	1	112.524	1	193.612	1	61.8895	1	0.316228	273.537	301.731
805	44.8601	1	1.22478e+06	1	112.524	1	193.612	1	61.8895	1	1	274.155	302.311
805	44.8601	1	1.22478e+06	1	112.524	1	193.612	1	61.8895	1	3.16228	276.059	304.109
805	44.8601	1	1.22478e+06	1	112.524	1	193.612	1	61.8895	1	10	281.702	309.497
805	44.8601	1	1.22478e+06	1	112.524	1	193.612	1	61.8895	1	31.6228	296.64	324.364
805	44.8601	1	1.22478e+06	1	112.524	1	193.612	1	61.8895	1	100	330.094	361.109
806	55.0513	1	529502	1	59.9193	1	239.11	1	104.414	1	0	273.249	301.462
806	55.0513	1	529502	1	59.9193	1	239.11	1	104.414	1	0.001	273.25	301.463
806	55.0513	1	529502	1	59.9193	1	239.11	1	104.414	1	0.00316228	273.253	301.465
806	55.0513	1	529502	1	59.9193	1	239.11	1	104.414	1	0.01	273.26	301.472
806	55.0513	1	529502	1	59.9193	1	239.11	1	104.414	1	0.0316228	273.282	301.495
806	55.0513	1	529502	1	59.9193	1	239.11	1	104.414	1	0.1	273.351	301.568
806	55.0513	1	529502	1	59.9193	1	239.11	1	104.414	1	0.316228	273.571	301.798
806	55.0513	1	529502	1	59.9193	1	239.11	1	104.414	1	1	274.26	302.516
806	55.0513	1	529502	1	59.9193	1	239.11	1	104.414	1	3.16228	276.373	304.72
806	55.0513	1	529502	1	59.9193	1	239.11	1	104.414	1	10	282.534	311.13
806	55.0513	1	529502	1	59.9193	1	239.11	1	104.414	1	31.6228	298.335	327.62
806	55.0513	1	529502	1	59.9193	1	239.11	1	104.414	1	100	330.996	363.849
807	52.2886	1	1.66e+06	1	33.7809	1	446.628	1	67.8601	1	0	273.249	301.462
807	52.2886	1	1.66e+06	1	33.7809	1	446.628	1	67.8601	1	0.001	273.251	301.463
807	52.2886	1	1.66e+06	1	33.7809	1	446.628	1	67.8601	1	0.00316228	273.253	301.466
807	52.2886	1	1.66e+06	1	33.7809	1	446.628	1	67.8601	1	0.01	273.262	301.476
807	52.2886	1	1.66e+06	1	33.7809	1	446.628	1	67.8601	1	0.0316228	273.29	301.507
807	52.2886	1	1.66e+06	1	33.7809	1	446.628	1	67.8601	1	0.1	273.377	301.606
807	52.2886	1	1.66e+06	1	33.7809	1	446.628	1	67.8601	1	0.316228	273.652	301.915
807	52.2886	1	1.66e+06	1	33.7809	1	446.628	1	67.8601	1	1	274.504	302.871
807	52.2886	1	1.66e+06	1	33.7809	1	446.628	1	67.8601	1	3.16228	277.041	305.702
807	52.2886	1	1.66e+06	1	33.7809	1	446.628	1	67.8601	1	10	283.925	313.33
807	52.2886	1	1.66e+06	1	33.7809	1	446.628	1	67.8601	1	31.6228	298.815	329.603
807	52.2886	1	1.66e+06	1	33.7809	1	446.628	1	67.8601	1	100	322.365	357.079
808	70.9153	1	4.01287e+06	1	112.866	1	333.318	1	219.431	1	0	273.249	301.462
808	70.9153	1	4.01287e+06	1	112.866	1	333.318	1	219.431	1	0.001	273.25	301.462
808	70.9153	1	4.01287e+06	1	112.866	1	333.318	1	219.431	1	0.00316228	273.251	301.464
808	70.9153	1	4.01287e+06	1	112.866	1	333.318	1	219.431	1	0.01	273.256	301.468
808	70.9153	1	4.01287e+06	1	112.866	1	333.318	1	219.431	1	0.0316228	273.27	301.482
808	70.9153	1	4.01287e+06	1	112.866	1	333.318	1	219.431	1	0.1	273.314	301.526
808	70.9153	1	4.01287e+06	1	112.866	1	333.318	1	219.431	1	0.316228	273.454	301.664
808	70.9153	1	4.01287e+06	1	112.866	1	333.318	1	219.431	1	1	273.892	302.098
808	70.9153	1	4.01287e+06	1	112.866	1	333.318	1	219.431	1	3.16228	275.254	303.449
808	70.9153	1	4.01287e+06	1	112.866	1	333.318	1	219.431	1	10	279.333	307.511
808	70.9153	1	4.01287e+06	1	112.866	1	333.318	1	219.431	1	31.6228	290.691	318.921
808	70.9153	1	4.01287e+06	1	112.866	1	333.318	1	219.431	1	100	316.709	346.705
809	41.4517	1	1.01911e+06	1	42.3924	1	464.393	1	183.118	1	0	273.249	301.462
809	41.4517	1	1.01911e+06	1	42.3924	1	464.393	1	183.118	1	0.001	273.251	301.463
809	41.4517	1	1.01911e+06	1	42.3924	1	464.393	1	183.118	1	0.00316228	273.253	301.465
809	41.4517	1	1.01911e+06	1	42.3924	1	464.393	1	183.118	1	0.01	273.261	301.474
809	41.4517	1	1.01911e+06	1	42.3924	1	464.393	1	183.118	1	0.0316228	273.285	301.499
809	41.4517	1	1.01911e+06	1	42.3924	1	464.393	1	183.118	1	0.1	273.363	301.581
809	41.4517	1	1.01911e+06	1	42.3924	1	464.393	1	183.118	1	0.316228	273.606	301.838
809	41.4517	1	1.01911e+06	1	42.3924	1	464.393	1	183.118	1	1	274.363	302.636
809	41.4517	1	1.01911e+06	1	42.3924	1	464.393	1	183.118	1	3.16228	276.642	305.031
809	41.4517	1	1.01911e+06	1	42.3924	1	464.393	1	183.118	1	10	282.996	311.688
809	41.4517	1	1.01911e+06	1	42.3924	1	464.393	1	183.118	1	31.6228	297.418	326.857
809	41.4517	1	1.01911e+06	1	42.3924	1	464.393	1	183.118	1	100	320.943	354.167
810	31.0469	1	608524	1	114.897	1	357.505	1	76.5497	1	0	273.249	301.462
810	31.0469	1	608524	1	114.897	1	357.505	1	76.5497	1	0.001	273.25	301.462
810	31.0469	1	608524	1	114.897	1	357.505	1	76.5497	1	0.00316228	273.252	301.464
810	31.0469	1	608524	1	114.897	1	357.505	1	76.5497	1	0.01	273.258	301.468
810	31.0469	1	608524	1	114.897	1	357.505	1	76.5497	1	0.0316228	273.276	301.483
810	31.0469	1	608524	1	114.897	1	357.505	1	76.5497	1	0.1	273.332	301.53
810	31.0469	1	608524	1	114.897	1	357.505	1	76.5497	1	0.316228	273.511	301.679
810	31.0469	1	608524	1	114.897	1	357.505	1	76.5497	1	1	274.068	302.145
810	31.0469	1	608524	1	114.897	1	357.505	1	76.5497	1	3.16228	275.761	303.582
810	31.0469	1	608524	1	114.897	1	357.505	1	76.5497	1	10	280.652	307.864
810	31.0469	1	608524	1	114.897	1	357.505	1	76.5497	1	31.6228	292.48	319.365
810	31.0469	1	608524	1	114.897	1	357.505	1	76.5497	1	100	316.113	346.149
811	56.0461	1	182065	1	69.5838	1	925.166	1	88.0678	1	0	273.249	301.462
811	56.0461	1	182065	1	69.5838	1	925.166	1	88.0678	1	0.001	273.25	301.462
811	56.0461	1	182065	1	69.5838	1	925.166	1	88.0678	1	0.00316228	273.252	301.464
811	56.0461	1	182065	1	69.5838	1	925.166	1	88.0678	1	0.01	273.257	301.469
811	56.0461	1	182065	1	69.5838	1	925.166	1	88.0678	1	0.0316228	273.272	301.485
811	56.0461	1	182065	1	69.5838	1	925.166	1	88.0678	1	0.1	273.321	301.535
811	56.0461	1	182065	1	69.5838	1	925.166	1	88.0678	1	0.316228	273.476	301.693
811	56.0461	1	182065	1	69.5838	1	925.166	1	88.0678	1	1	273.959	302.187
811	56.0461	1	182065	1	69.5838	1	925.166	1	88.0678	1	3.16228	275.435	303.696
811	56.0461	1	182065	1	69.5838	1	925.166	1	88.0678	1	10	279.668	308.011
811	56.0461	1	182065	1	69.5838	1	925.166	1	88.0678	1	31.6228	290.033	318.727
811	56.0461	1	182065	1	69.5838	1	925.166	1	88.0678	1	100	307.422	339.06
812	28.6074	1	398547	1	130.555	1	317.724	1	94.0815	1	0	273.249	301.462
812	28.6074	1	398547	1	130.555	1	317.724	1	94.0815	1	0.001	273.25	301.462
812	28.6074	1	398547	1	130.555	1	317.724	1	94.0815	1	0.00316228	273.252	301.464
812	28.6074	1	398547	1	130.555	1	317.724	1	94.0815	1	0.01	273.258	301.468
812	28.6074	1	398547	1	130.555	1	317.724	1	94.0815	1	0.0316228	273.276	301.483
812	28.6074	1	398547	1	130.555	1	317.724	1	94.0815	1	0.1	273.334	301.529
812	28.6074	1	398547	1	130.555	1	317.724	1	94.0815	1	0.316228	273.517	301.676
812	28.6074	1	398547	1	130.555	1	317.724	1	94.0815	1	1	274.087	302.135
812	28.6074	1	398547	1	130.555	1	317.724	1	94.0815	1	3.16228	275.813	303.551
812	28.6074	1	398547	1	130.555	1	317.724	1	94.0815	1	10	280.786	307.789
812	28.6074	1	398547	1	130.555	1	317.724	1	94.0815	1	31.6228	292.729	319.293
812	28.6074	1	398547	1	130.555	1	317.724	1	94.0815	1	100	317.193	346.847
813	36.3643	1	423000	1	79.1225	1	108.829	1	85.1805	1	0	273.249	301.462
813	36.3643	1	423000	1	79.1225	1	108.829	1	85.1805	1	0.001	273.251	301.463
813	36.3643	1	423000	1	79.1225	1	108.829	1	85.1805	1	0.00316228	273.254	301.466
813	36.3643	1	423000	1	79.1225	1	108.829	1	85.1805	1	0.01	273.263	301.475
813	36.3643	1	423000	1	79.1225	1	108.829	1	85.1805	1	0.0316228	273.293	301.504
813	36.3643	1	423000	1	79.1225	1	108.829	1	85.1805	1	0.1	273.387	301.594
813	36.3643	1	423000	1	79.1225	1	108.829	1	85.1805	1	0.316228	273.683	301.88
813	36.3643	1	423000	1	79.1225	1	108.829	1	85.1805	1	1	274.61	302.776
813	36.3643	1	423000	1	79.1225	1	108.829	1	85.1805	1	3.16228	277.454	305.539
813	36.3643	1	423000	1	79.1225	1	108.829	1	85.1805	1	10	285.755	313.658
813	36.3643	1	423000	1	79.1225	1	108.829	1	85.1805	1	31.6228	307.767	335.985
813	36.3643	1	423000	1	79.1225	1	108.829	1	85.1805	1	100	355.829	388.55
814	61.9583	1	990877	1	116.763	1	256.012	1	61.7993	1	0	273.249	301.462
814	61.9583	1	990877	1	116.763	1	256.012	1	61.7993	1	0.001	273.25	301.462
814	61.9583	1	990877	1	116.763	1	256.012	1	61.7993	1	0.00316228	273.252	301.464
814	61.9583	1	990877	1	116.763	1	256.012	1	61.7993	1	0.01	273.257	301.469
814	61.9583	1	990877	1	116.763	1	256.012	1	61.7993	1	0.0316228	273.273	301.484
814	61.9583	1	990877	1	116.763	1	256.012	1	61.7993	1	0.1	273.324	301.534
814	61.9583	1	990877	1	116.763	1	256.012	1	61.7993	1	0.316228	273.484	301.69
814	61.9583	1	990877	1	116.763	1	256.012	1	61.7993	1	1	273.988	302.182
814	61.9583	1	990877	1	116.763	1	256.012	1	61.7993	1	3.16228	275.552	303.711
814	61.9583	1	990877	1	116.763	1	256.012	1	61.7993	1	10	280.215	308.301
814	61.9583	1	990877	1	116.763	1	256.012	1	61.7993	1	31.6228	292.841	320.961
814	61.9583	1	990877	1	116.763	1	256.012	1	61.7993	1	100	321.304	352.383
815	27.26	1	2.0925e+06	1	88.4905	1	440.734	1	49.166	1	0	273.249	301.462
815	27.26	1	2.0925e+06	1	88.4905	1	440.734	1	49.166	1	0.001	273.25	301.462
815	27.26	1	2.0925e+06	1	88.4905	1	440.734	1	49.166	1	0.00316228	273.252	301.464
815	27.26	1	2.0925e+06	1	88.4905	1	440.734	1	49.166	1	0.01	273.259	301.469
815	27.26	1	2.0925e+06	1	88.4905	1	440.734	1	49.166	1	0.0316228	273.279	301.486
815	27.26	1	2.0925e+06	1	88.4905	1	440.734	1	49.166	1	0.1	273.342	301.539
815	27.26	1	2.0925e+06	1	88.4905	1	440.734	1	49.166	1	0.316228	273.541	301.707
815	27.26	1	2.0925e+06	1	88.4905	1	440.734	1	49.166	1	1	274.16	302.231
815	27.26	1	2.0925e+06	1	88.4905	1	440.734	1	49.166	1	3.16228	276.024	303.835
815	27.26	1	2.0925e+06	1	88.4905	1	440.734	1	49.166	1	10	281.277	308.493
815	27.26	1	2.0925e+06	1	88.4905	1	440.734	1	49.166	1	31.6228	292.827	320.226
815	27.26	1	2.0925e+06	1	88.4905	1	440.734	1	49.166	1	100	314.997	345.906
816	49.318	1	1.92485e+06	1	87.9726	1	152.353	1	127.436	1	0	273.249	301.462
816	49.318	1	1.92485e+06	1	87.9726	1	152.353	1	127.436	1	0.001	273.25	301.463
816	49.318	1	1.92485e+06	1	87.9726	1	152.353	1	127.436	1	0.00316228	273.253	301.465
816	49.318	1	1.92485e+06	1	87.9726	1	152.353	1	127.436	1	0.01	273.26	301.472
816	49.318	1	1.92485e+06	1	87.9726	1	152.353	1	127.436	1	0.0316228	273.283	301.495
816	49.318	1	1.92485e+06	1	87.9726	1	152.353	1	127.436	1	0.1	273.355	301.566
816	49.318	1	1.92485e+06	1	87.9726	1	152.353	1	127.436	1	0.316228	273.583	301.79
816	49.318	1	1.92485e+06	1	87.9726	1	152.353	1	127.436	1	1	274.299	302.496
816	49.318	1	1.92485e+06	1	87.9726	1	152.353	1	127.436	1	3.16228	276.511	304.682
816	49.318	1	1.92485e+06	1	87.9726	1	152.353	1	127.436	1	10	283.062	311.18
816	49.318	1	1.92485e+06	1	87.9726	1	152.353	1	127.436	1	31.6228	300.823	329.117
816	49.318	1	1.92485e+06	1	87.9726	1	152.353	1	127.436	1	100	340.859	372.593
817	38.9499	1	3.83489e+06	1	59.6024	1	501.936	1	194.947	1	0	273.249	301.462
817	38.9499	1	3.83489e+06	1	59.6024	1	501.936	1	194.947	1	0.001	273.25	301.462
817	38.9499	1	3.83489e+06	1	59.6024	1	501.936	1	194.947	1	0.00316228	273.252	301.464
817	38.9499	1	3.83489e+06	1	59.6024	1	501.936	1	194.947	1	0.01	273.259	301.471
817	38.9499	1	3.83489e+06	1	59.6024	1	501.936	1	194.947	1	0.0316228	273.279	301.491
817	38.9499	1	3.83489e+06	1	59.6024	1	501.936	1	194.947	1	0.1	273.343	301.553
817	38.9499	1	3.83489e+06	1	59.6024	1	501.936	1	194.947	1	0.316228	273.543	301.75
817	38.9499	1	3.83489e+06	1	59.6024	1	501.936	1	194.947	1	1	274.169	302.365
817	38.9499	1	3.83489e+06	1	59.6024	1	501.936	1	194.947	1	3.16228	276.069	304.238
817	38.9499	1	3.83489e+06	1	59.6024	1	501.936	1	194.947	1	10	281.492	309.599
817	38.9499	1	3.83489e+06	1	59.6024	1	501.936	1	194.947	1	31.6228	294.417	322.773
817	38.9499	1	3.83489e+06	1	59.6024	1	501.936	1	194.947	1	100	316.76	348.696
818	57.3318	1	1.16752e+06	1	44.9063	1	290.477	1	116.432	1	0	273.249	301.462
818	57.3318	1	1.16752e+06	1	44.9063	1	290.477	1	116.432	1	0.001	273.251	301.463
818	57.3318	1	1.16752e+06	1	44.9063	1	290.477	1	116.432	1	0.00316228	273.253	301.465
818	57.3318	1	1.16752e+06	1	44.9063	1	290.477	1	116.432	1	0.01	273.261	301.474
818	57.3318	1	1.16752e+06	1	44.9063	1	290.477	1	116.432	1	0.0316228	273.285	301.5
818	57.3318	1	1.16752e+06	1	44.9063	1	290.477	1	116.432	1	0.1	273.362	301.584
818	57.3318	1	1.16752e+06	1	44.9063	1	290.477	1	116.432	1	0.316228	273.603	301.848
818	57.3318	1	1.16752e+06	1	44.9063	1	290.477	1	116.432	1	1	274.358	302.671
818	57.3318	1	1.16752e+06	1	44.9063	1	290.477	1	116.432	1	3.16228	276.649	305.159
818	57.3318	1	1.16752e+06	1	44.9063	1	290.477	1	116.432	1	10	283.166	312.2
818	57.3318	1	1.16752e+06	1	44.9063	1	290.477	1	116.432	1	31.6228	298.969	329.084
818	57.3318	1	1.16752e+06	1	44.9063	1	290.477	1	116.432	1	100	328.981	362.644
819	36.8966	1	448302	1	148.829	1	785.255	1	90.737	1	0	273.249	301.462
819	36.8966	1	448302	1	148.829	1	785.255	1	90.737	1	0.001	273.25	301.462
819	36.8966	1	448302	1	148.829	1	785.255	1	90.737	1	0.00316228	273.251	301.463
819	36.8966	1	448302	1	148.829	1	785.255	1	90.737	1	0.01	273.255	301.466
819	36.8966	1	448302	1	148.829	1	785.255	1	90.737	1	0.0316228	273.268	301.476
819	36.8966	1	448302	1	148.829	1	785.255	1	90.737	1	0.1	273.309	301.509
819	36.8966	1	448302	1	148.829	1	785.255	1	90.737	1	0.316228	273.438	301.61
819	36.8966	1	448302	1	148.829	1	785.255	1	90.737	1	1	273.841	301.929
819	36.8966	1	448302	1	148.829	1	785.255	1	90.737	1	3.16228	275.067	302.915
819	36.8966	1	448302	1	148.829	1	785.255	1	90.737	1	10	278.612	305.862
819	36.8966	1	448302	1	148.829	1	785.255	1	90.737	1	31.6228	287.252	313.841
819	36.8966	1	448302	1	148.829	1	785.255	1	90.737	1	100	302.896	331.747
820	62.3999	1	1.8979e+06	1	65.1962	1	174.051	1	95.1169	1	0	273.249	301.462
820	62.3999	1	1.8979e+06	1	65.1962	1	174.051	1	95.1169	1	0.001	273.25	301.463
820	62.3999	1	1.8979e+06	1	65.1962	1	174.051	1	95.1169	1	0.00316228	273.253	301.465
820	62.3999	1	1.8979e+06	1	65.1962	1	174.051	1	95.1169	1	0.01	273.26	301.473
820	62.3999	1	1.8979e+06	1	65.1962	1	174.051	1	95.1169	1	0.0316228	273.283	301.497
820	62.3999	1	1.8979e+06	1	65.1962	1	174.051	1	95.1169	1	0.1	273.357	301.574
820	62.3999	1	1.8979e+06	1	65.1962	1	174.051	1	95.1169	1	0.316228	273.589	301.818
820	62.3999	1	1.8979e+06	1	65.1962	1	174.051	1	95.1169	1	1	274.316	302.58
820	62.3999	1	1.8979e+06	1	65.1962	1	174.051	1	95.1169	1	3.16228	276.558	304.929
820	62.3999	1	1.8979e+06	1	65.1962	1	174.051	1	95.1169	1	10	283.149	311.813
820	62.3999	1	1.8979e+06	1	65.1962	1	174.051	1	95.1169	1	31.6228	300.704	330.161
820	62.3999	1	1.8979e+06	1	65.1962	1	174.051	1	95.1169	1	100	339.142	372.27
821	58.1118	1	946733	1	178.75	1	370.893	1	121.657	1	0	273.249	301.462
821	58.1118	1	946733	1	178.75	1	370.893	1	121.657	1	0.001	273.25	301.462
821	58.1118	1	946733	1	178.75	1	370.893	1	121.657	1	0.00316228	273.251	301.463
821	58.1118	1	946733	1	178.75	1	370.893	1	121.657	1	0.01	273.255	301.467
821	58.1118	1	946733	1	178.75	1	370.893	1	121.657	1	0.0316228	273.267	301.477
821	58.1118	1	946733	1	178.75	1	370.893	1	121.657	1	0.1	273.306	301.512
821	58.1118	1	946733	1	178.75	1	370.893	1	121.657	1	0.316228	273.427	301.62
821	58.1118	1	946733	1	178.75	1	370.893	1	121.657	1	1	273.81	301.961
821	58.1118	1	946733	1	178.75	1	370.893	1	121.657	1	3.16228	274.995	303.025
821	58.1118	1	946733	1	178.75	1	370.893	1	121.657	1	10	278.55	306.267
821	58.1118	1	946733	1	178.75	1	370.893	1	121.657	1	31.6228	288.371	315.54
821	58.1118	1	946733	1	178.75	1	370.893	1	121.657	1	100	310.426	339.203
822	29.7673	1	2.06084e+06	1	65.777	1	257.352	1	134.159	1	0	273.249	301.462
822	29.7673	1	2.06084e+06	1	65.777	1	257.352	1	134.159	1	0.001	273.251	301.463
822	29.7673	1	2.06084e+06	1	65.777	1	257.352	1	134.159	1	0.00316228	273.253	301.465
822	29.7673	1	2.06084e+06	1	65.777	1	257.352	1	134.159	1	0.01	273.261	301.472
822	29.7673	1	2.06084e+06	1	65.777	1	257.352	1	134.159	1	0.0316228	273.285	301.494
822	29.7673	1	2.06084e+06	1	65.777	1	257.352	1	134.159	1	0.1	273.361	301.564
822	29.7673	1	2.06084e+06	1	65.777	1	257.352	1	134.159	1	0.316228	273.6	301.786
822	29.7673	1	2.06084e+06	1	65.777	1	257.352	1	134.159	1	1	274.347	302.479
822	29.7673	1	2.06084e+06	1	65.777	1	257.352	1	134.159	1	3.16228	276.614	304.599
822	29.7673	1	2.06084e+06	1	65.777	1	257.352	1	134.159	1	10	283.11	310.763
822	29.7673	1	2.06084e+06	1	65.777	1	257.352	1	134.159	1	31.6228	298.738	326.614
822	29.7673	1	2.06084e+06	1	65.777	1	257.352	1	134.159	1	100	329.037	361.244
823	36.1308	1	1.6641e+06	1	71.3106	1	213.012	1	164.148	1	0	273.249	301.462
823	36.1308	1	1.6641e+06	1	71.3106	1	213.012	1	164.148	1	0.001	273.25	301.463
823	36.1308	1	1.6641e+06	1	71.3106	1	213.012	1	164.148	1	0.00316228	273.253	301.465
823	36.1308	1	1.6641e+06	1	71.3106	1	213.012	1	164.148	1	0.01	273.26	301.472
823	36.1308	1	1.6641e+06	1	71.3106	1	213.012	1	164.148	1	0.0316228	273.283	301.494
823	36.1308	1	1.6641e+06	1	71.3106	1	213.012	1	164.148	1	0.1	273.357	301.564
823	36.1308	1	1.6641e+06	1	71.3106	1	213.012	1	164.148	1	0.316228	273.588	301.784
823	36.1308	1	1.6641e+06	1	71.3106	1	213.012	1	164.148	1	1	274.312	302.475
823	36.1308	1	1.6641e+06	1	71.3106	1	213.012	1	164.148	1	3.16228	276.526	304.601
823	36.1308	1	1.6641e+06	1	71.3106	1	213.012	1	164.148	1	10	282.972	310.837
823	36.1308	1	1.6641e+06	1	71.3106	1	213.012	1	164.148	1	31.6228	299.332	327.34
823	36.1308	1	1.6641e+06	1	71.3106	1	213.012	1	164.148	1	100	332.934	364.987
824	71.486	1	298858	1	57.4803	1	784.925	1	104.193	1	0	273.249	301.462
824	71.486	1	298858	1	57.4803	1	784.925	1	104.193	1	0.001	273.25	301.462
824	71.486	1	298858	1	57.4803	1	784.925	1	104.193	1	0.00316228	273.252	301.464
824	71.486	1	298858	1	57.4803	1	784.925	1	104.193	1	0.01	273.257	301.47
824	71.486	1	298858	1	57.4803	1	784.925	1	104.193	1	0.0316228	273.274	301.489
824	71.486	1	298858	1	57.4803	1	784.925	1	104.193	1	0.1	273.327	301.547
824	71.486	1	298858	1	57.4803	1	784.925	1	104.193	1	0.316228	273.495	301.731
824	71.486	1	298858	1	57.4803	1	784.925	1	104.193	1	1	274.02	302.305
824	71.486	1	298858	1	57.4803	1	784.925	1	104.193	1	3.16228	275.618	304.048
824	71.486	1	298858	1	57.4803	1	784.925	1	104.193	1	10	280.165	308.985
824	71.486	1	298858	1	57.4803	1	784.925	1	104.193	1	31.6228	291.206	320.861
824	71.486	1	298858	1	57.4803	1	784.925	1	104.193	1	100	310.313	342.738
825	43.8022	1	766101	1	124.221	1	431.871	1	86.7151	1	0	273.249	301.462
825	43.8022	1	766101	1	124.221	1	431.871	1	86.7151	1	0.001	273.25	301.462
825	43.8022	1	766101	1	124.221	1	431.871	1	86.7151	1	0.00316228	273.252	301.463
825	43.8022	1	766101	1	124.221	1	431.871	1	86.7151	1	0.01	273.256	301.468
825	43.8022	1	766101	1	124.221	1	431.871	1	86.7151	1	0.0316228	273.271	301.48
825	43.8022	1	766101	1	124.221	1	431.871	1	86.7151	1	0.1	273.317	301.521
825	43.8022	1	766101	1	124.221	1	431.871	1	86.7151	1	0.316228	273.462	301.649
825	43.8022	1	766101	1	124.221	1	431.871	1	86.7151	1	1	273.916	302.051
825	43.8022	1	766101	1	124.221	1	431.871	1	86.7151	1	3.16228	275.313	303.298
825	43.8022	1	766101	1	124.221	1	431.871	1	86.7151	1	10	279.431	307.04
825	43.8022	1	766101	1	124.221	1	431.871	1	86.7151	1	31.6228	290.085	317.317
825	43.8022	1	766101	1	124.221	1	431.871	1	86.7151	1	100	311.518	341.305
826	22.0227	1	1.35741e+06	1	63.824	1	338.299	1	211.372	1	0	273.249	301.462
826	22.0227	1	1.35741e+06	1	63.824	1	338.299	1	211.372	1	0.001	273.251	301.463
826	22.0227	1	1.35741e+06	1	63.824	1	338.299	1	211.372	1	0.00316228	273.253	301.465
826	22.0227	1	1.35741e+06	1	63.824	1	338.299	1	211.372	1	0.01	273.261	301.472
826	22.0227	1	1.35741e+06	1	63.824	1	338.299	1	211.372	1	0.0316228	273.287	301.493
826	22.0227	1	1.35741e+06	1	63.824	1	338.299	1	211.372	1	0.1	273.367	301.562
826	22.0227	1	1.35741e+06	1	63.824	1	338.299	1	211.372	1	0.316228	273.62	301.779
826	22.0227	1	1.35741e+06	1	63.824	1	338.299	1	211.372	1	1	274.404	302.454
826	22.0227	1	1.35741e+06	1	63.824	1	338.299	1	211.372	1	3.16228	276.743	304.505
826	22.0227	1	1.35741e+06	1	63.824	1	338.299	1	211.372	1	10	283.271	310.409
826	22.0227	1	1.35741e+06	1	63.824	1	338.299	1	211.372	1	31.6228	297.386	324.99
826	22.0227	1	1.35741e+06	1	63.824	1	338.299	1	211.372	1	100	323.394	355.411
827	65.9282	1	803907	1	86.313	1	225.217	1	73.0029	1	0	273.249	301.462
827	65.9282	1	803907	1	86.313	1	225.217	1	73.0029	1	0.001	273.25	301.462
827	65.9282	1	803907	1	86.313	1	225.217	1	73.0029	1	0.00316228	273.252	301.464
827	65.9282	1	803907	1	86.313	1	225.217	1	73.0029	1	0.01	273.258	301.47
827	65.9282	1	803907	1	86.313	1	225.217	1	73.0029	1	0.0316228	273.277	301.489
827	65.9282	1	803907	1	86.313	1	225.217	1	73.0029	1	0.1	273.335	301.549
827	65.9282	1	803907	1	86.313	1	225.217	1	73.0029	1	0.316228	273.521	301.739
827	65.9282	1	803907	1	86.313	1	225.217	1	73.0029	1	1	274.104	302.335
827	65.9282	1	803907	1	86.313	1	225.217	1	73.0029	1	3.16228	275.909	304.181
827	65.9282	1	803907	1	86.313	1	225.217	1	73.0029	1	10	281.268	309.665
827	65.9282	1	803907	1	86.313	1	225.217	1	73.0029	1	31.6228	295.645	324.466
827	65.9282	1	803907	1	86.313	1	225.217	1	73.0029	1	100	327.783	359.93
828	64.6851	1	1.45054e+06	1	149.512	1	454.228	1	70.5257	1	0	273.249	301.462
828	64.6851	1	1.45054e+06	1	149.512	1	454.228	1	70.5257	1	0.001	273.25	301.462
828	64.6851	1	1.45054e+06	1	149.512	1	454.228	1	70.5257	1	0.00316228	273.251	301.463
828	64.6851	1	1.45054e+06	1	149.512	1	454.228	1	70.5257	1	0.01	273.255	301.467
828	64.6851	1	1.45054e+06	1	149.512	1	454.228	1	70.5257	1	0.0316228	273.267	301.478
828	64.6851	1	1.45054e+06	1	149.512	1	454.228	1	70.5257	1	0.1	273.304	301.513
828	64.6851	1	1.45054e+06	1	149.512	1	454.228	1	70.5257	1	0.316228	273.423	301.623
828	64.6851	1	1.45054e+06	1	149.512	1	454.228	1	70.5257	1	1	273.796	301.97
828	64.6851	1	1.45054e+06	1	149.512	1	454.228	1	70.5257	1	3.16228	274.952	303.052
828	64.6851	1	1.45054e+06	1	149.512	1	454.228	1	70.5257	1	10	278.406	306.323
828	64.6851	1	1.45054e+06	1	149.512	1	454.228	1	70.5257	1	31.6228	287.809	315.458
828	64.6851	1	1.45054e+06	1	149.512	1	454.228	1	70.5257	1	100	307.907	337.703
829	47.4068	1	2.0655e+06	1	89.8935	1	227.946	1	72.8165	1	0	273.249	301.462
829	47.4068	1	2.0655e+06	1	89.8935	1	227.946	1	72.8165	1	0.001	273.25	301.462
829	47.4068	1	2.0655e+06	1	89.8935	1	227.946	1	72.8165	1	0.00316228	273.252	301.464
829	47.4068	1	2.0655e+06	1	89.8935	1	227.946	1	72.8165	1	0.01	273.258	301.47
829	47.4068	1	2.0655e+06	1	89.8935	1	227.946	1	72.8165	1	0.0316228	273.278	301.489
829	47.4068	1	2.0655e+06	1	89.8935	1	227.946	1	72.8165	1	0.1	273.34	301.549
829	47.4068	1	2.0655e+06	1	89.8935	1	227.946	1	72.8165	1	0.316228	273.535	301.738
829	47.4068	1	2.0655e+06	1	89.8935	1	227.946	1	72.8165	1	1	274.147	302.331
829	47.4068	1	2.0655e+06	1	89.8935	1	227.946	1	72.8165	1	3.16228	276.035	304.167
829	47.4068	1	2.0655e+06	1	89.8935	1	227.946	1	72.8165	1	10	281.618	309.63
829	47.4068	1	2.0655e+06	1	89.8935	1	227.946	1	72.8165	1	31.6228	296.218	324.33
829	47.4068	1	2.0655e+06	1	89.8935	1	227.946	1	72.8165	1	100	327.909	359.48
830	31.6557	1	639864	1	61.6636	1	455.168	1	143.46	1	0	273.249	301.462
830	31.6557	1	639864	1	61.6636	1	455.168	1	143.46	1	0.001	273.25	301.462
830	31.6557	1	639864	1	61.6636	1	455.168	1	143.46	1	0.00316228	273.253	301.465
830	31.6557	1	639864	1	61.6636	1	455.168	1	143.46	1	0.01	273.259	301.471
830	31.6557	1	639864	1	61.6636	1	455.168	1	143.46	1	0.0316228	273.281	301.491
830	31.6557	1	639864	1	61.6636	1	455.168	1	143.46	1	0.1	273.349	301.555
830	31.6557	1	639864	1	61.6636	1	455.168	1	143.46	1	0.316228	273.563	301.755
830	31.6557	1	639864	1	61.6636	1	455.168	1	143.46	1	1	274.23	302.38
830	31.6557	1	639864	1	61.6636	1	455.168	1	143.46	1	3.16228	276.246	304.283
830	31.6557	1	639864	1	61.6636	1	455.168	1	143.46	1	10	281.961	309.74
830	31.6557	1	639864	1	61.6636	1	455.168	1	143.46	1	31.6228	295.22	323.192
830	31.6557	1	639864	1	61.6636	1	455.168	1	143.46	1	100	318.079	350.016
831	36.7518	1	1.47014e+06	1	86.1769	1	142.455	1	184.717	1	0	273.249	301.462
831	36.7518	1	1.47014e+06	1	86.1769	1	142.455	1	184.717	1	0.001	273.251	301.463
831	36.7518	1	1.47014e+06	1	86.1769	1	142.455	1	184.717	1	0.00316228	273.253	301.465
831	36.7518	1	1.47014e+06	1	86.1769	1	142.455	1	184.717	1	0.01	273.261	301.473
831	36.7518	1	1.47014e+06	1	86.1769	1	142.455	1	184.717	1	0.0316228	273.286	301.497
831	36.7518	1	1.47014e+06	1	86.1769	1	142.455	1	184.717	1	0.1	273.366	301.572
831	36.7518	1	1.47014e+06	1	86.1769	1	142.455	1	184.717	1	0.316228	273.618	301.81
831	36.7518	1	1.47014e+06	1	86.1769	1	142.455	1	184.717	1	1	274.407	302.558
831	36.7518	1	1.47014e+06	1	86.1769	1	142.455	1	184.717	1	3.16228	276.83	304.866
831	36.7518	1	1.47014e+06	1	86.1769	1	142.455	1	184.717	1	10	283.94	311.706
831	36.7518	1	1.47014e+06	1	86.1769	1	142.455	1	184.717	1	31.6228	302.718	330.472
831	36.7518	1	1.47014e+06	1	86.1769	1	142.455	1	184.717	1	100	343.757	375.572
832	41.72	1	959190	1	49.8703	1	409.863	1	86.1224	1	0	273.249	301.462
832	41.72	1	959190	1	49.8703	1	409.863	1	86.1224	1	0.001	273.25	301.463
832	41.72	1	959190	1	49.8703	1	409.863	1	86.1224	1	0.00316228	273.253	301.465
832	41.72	1	959190	1	49.8703	1	409.863	1	86.1224	1	0.01	273.26	301.472
832	41.72	1	959190	1	49.8703	1	409.863	1	86.1224	1	0.0316228	273.283	301.496
832	41.72	1	959190	1	49.8703	1	409.863	1	86.1224	1	0.1	273.355	301.57
832	41.72	1	959190	1	49.8703	1	409.863	1	86.1224	1	0.316228	273.582	301.804
832	41.72	1	959190	1	49.8703	1	409.863	1	86.1224	1	1	274.289	302.532
832	41.72	1	959190	1	49.8703	1	409.863	1	86.1224	1	3.16228	276.433	304.737
832	41.72	1	959190	1	49.8703	1	409.863	1	86.1224	1	10	282.509	310.985
832	41.72	1	959190	1	49.8703	1	409.863	1	86.1224	1	31.6228	296.693	325.823
832	41.72	1	959190	1	49.8703	1	409.863	1	86.1224	1	100	321.362	354.339
833	41.3722	1	2.74882e+06	1	104.518	1	476.702	1	100.201	1	0	273.249	301.462
833	41.3722	1	2.74882e+06	1	104.518	1	476.702	1	100.201	1	0.001	273.25	301.462
833	41.3722	1	2.74882e+06	1	104.518	1	476.702	1	100.201	1	0.00316228	273.252	301.464
833	41.3722	1	2.74882e+06	1	104.518	1	476.702	1	100.201	1	0.01	273.257	301.468
833	41.3722	1	2.74882e+06	1	104.518	1	476.702	1	100.201	1	0.0316228	273.272	301.482
833	41.3722	1	2.74882e+06	1	104.518	1	476.702	1	100.201	1	0.1	273.321	301.525
833	41.3722	1	2.74882e+06	1	104.518	1	476.702	1	100.201	1	0.316228	273.475	301.663
833	41.3722	1	2.74882e+06	1	104.518	1	476.702	1	100.201	1	1	273.957	302.095
833	41.3722	1	2.74882e+06	1	104.518	1	476.702	1	100.201	1	3.16228	275.433	303.431
833	41.3722	1	2.74882e+06	1	104.518	1	476.702	1	100.201	1	10	279.753	307.402
833	41.3722	1	2.74882e+06	1	104.518	1	476.702	1	100.201	1	31.6228	290.739	318.123
833	41.3722	1	2.74882e+06	1	104.518	1	476.702	1	100.201	1	100	311.924	342.092
834	48.0661	1	492278	1	75.1265	1	435.001	1	114.138	1	0	273.249	301.462
834	48.0661	1	492278	1	75.1265	1	435.001	1	114.138	1	0.001	273.25	301.462
834	48.0661	1	492278	1	75.1265	1	435.001	1	114.138	1	0.00316228	273.252	301.464
834	48.0661	1	492278	1	75.1265	1	435.001	1	114.138	1	0.01	273.257	301.469
834	48.0661	1	492278	1	75.1265	1	435.001	1	114.138	1	0.0316228	273.275	301.487
834	48.0661	1	492278	1	75.1265	1	435.001	1	114.138	1	0.1	273.33	301.541
834	48.0661	1	492278	1	75.1265	1	435.001	1	114.138	1	0.316228	273.503	301.711
834	48.0661	1	492278	1	75.1265	1	435.001	1	114.138	1	1	274.046	302.245
834	48.0661	1	492278	1	75.1265	1	435.001	1	114.138	1	3.16228	275.71	303.887
834	48.0661	1	492278	1	75.1265	1	435.001	1	114.138	1	10	280.556	308.678
834	48.0661	1	492278	1	75.1265	1	435.001	1	114.138	1	31.6228	292.781	321.071
834	48.0661	1	492278	1	75.1265	1	435.001	1	114.138	1	100	316.339	347.697
835	50.4451	1	1.62819e+06	1	190.323	1	303.222	1	170.664	1	0	273.249	301.462
835	50.4451	1	1.62819e+06	1	190.323	1	303.222	1	170.664	1	0.001	273.25	301.462
835	50.4451	1	1.62819e+06	1	190.323	1	303.222	1	170.664	1	0.00316228	273.251	301.463
835	50.4451	1	1.62819e+06	1	190.323	1	303.222	1	170.664	1	0.01	273.256	301.467
835	50.4451	1	1.62819e+06	1	190.323	1	303.222	1	170.664	1	0.0316228	273.269	301.479
835	50.4451	1	1.62819e+06	1	190.323	1	303.222	1	170.664	1	0.1	273.312	301.515
835	50.4451	1	1.62819e+06	1	190.323	1	303.222	1	170.664	1	0.316228	273.446	301.632
835	50.4451	1	1.62819e+06	1	190.323	1	303.222	1	170.664	1	1	273.868	301.998
835	50.4451	1	1.62819e+06	1	190.323	1	303.222	1	170.664	1	3.16228	275.172	303.14
835	50.4451	1	1.62819e+06	1	190.323	1	303.222	1	170.664	1	10	279.075	306.623
835	50.4451	1	1.62819e+06	1	190.323	1	303.222	1	170.664	1	31.6228	289.737	316.572
835	50.4451	1	1.62819e+06	1	190.323	1	303.222	1	170.664	1	100	313.954	342.415
836	49.0155	1	38902.2	1	67.1739	1	305.814	1	185.059	1	0	273.249	301.462
836	49.0155	1	38902.2	1	67.1739	1	305.814	1	185.059	1	0.001	273.25	301.462
836	49.0155	1	38902.2	1	67.1739	1	305.814	1	185.059	1	0.00316228	273.252	301.464
836	49.0155	1	38902.2	1	67.1739	1	305.814	1	185.059	1	0.01	273.259	301.471
836	49.0155	1	38902.2	1	67.1739	1	305.814	1	185.059	1	0.0316228	273.278	301.491
836	49.0155	1	38902.2	1	67.1739	1	305.814	1	185.059	1	0.1	273.341	301.554
836	49.0155	1	38902.2	1	67.1739	1	305.814	1	185.059	1	0.316228	273.538	301.752
836	49.0155	1	38902.2	1	67.1739	1	305.814	1	185.059	1	1	274.154	302.374
836	49.0155	1	38902.2	1	67.1739	1	305.814	1	185.059	1	3.16228	276.046	304.283
836	49.0155	1	38902.2	1	67.1739	1	305.814	1	185.059	1	10	281.564	309.848
836	49.0155	1	38902.2	1	67.1739	1	305.814	1	185.059	1	31.6228	295.707	324.325
836	49.0155	1	38902.2	1	67.1739	1	305.814	1	185.059	1	100	324.071	355.935
837	19.9692	1	1.99673e+06	1	108.172	1	147.741	1	115.862	1	0	273.249	301.462
837	19.9692	1	1.99673e+06	1	108.172	1	147.741	1	115.862	1	0.001	273.251	301.463
837	19.9692	1	1.99673e+06	1	108.172	1	147.741	1	115.862	1	0.00316228	273.254	301.465
837	19.9692	1	1.99673e+06	1	108.172	1	147.741	1	115.862	1	0.01	273.263	301.472
837	19.9692	1	1.99673e+06	1	108.172	1	147.741	1	115.862	1	0.0316228	273.291	301.495
837	19.9692	1	1.99673e+06	1	108.172	1	147.741	1	115.862	1	0.1	273.382	301.568
837	19.9692	1	1.99673e+06	1	108.172	1	147.741	1	115.862	1	0.316228	273.666	301.798
837	19.9692	1	1.99673e+06	1	108.172	1	147.741	1	115.862	1	1	274.549	302.518
837	19.9692	1	1.99673e+06	1	108.172	1	147.741	1	115.862	1	3.16228	277.198	304.728
837	19.9692	1	1.99673e+06	1	108.172	1	147.741	1	115.862	1	10	284.663	311.25
837	19.9692	1	1.99673e+06	1	108.172	1	147.741	1	115.862	1	31.6228	302.116	328.933
837	19.9692	1	1.99673e+06	1	108.172	1	147.741	1	115.862	1	100	340.43	371.485
838	35.8214	1	2.4512e+06	1	25.8126	1	264.31	1	140.772	1	0	273.249	301.462
838	35.8214	1	2.4512e+06	1	25.8126	1	264.31	1	140.772	1	0.001	273.251	301.464
838	35.8214	1	2.4512e+06	1	25.8126	1	264.31	1	140.772	1	0.00316228	273.255	301.468
838	35.8214	1	2.4512e+06	1	25.8126	1	264.31	1	140.772	1	0.01	273.267	301.481
838	35.8214	1	2.4512e+06	1	25.8126	1	264.31	1	140.772	1	0.0316228	273.305	301.523
838	35.8214	1	2.4512e+06	1	25.8126	1	264.31	1	140.772	1	0.1	273.424	301.655
838	35.8214	1	2.4512e+06	1	25.8126	1	264.31	1	140.772	1	0.316228	273.799	302.071
838	35.8214	1	2.4512e+06	1	25.8126	1	264.31	1	140.772	1	1	274.957	303.349
838	35.8214	1	2.4512e+06	1	25.8126	1	264.31	1	140.772	1	3.16228	278.359	307.075
838	35.8214	1	2.4512e+06	1	25.8126	1	264.31	1	140.772	1	10	287.284	316.778
838	35.8214	1	2.4512e+06	1	25.8126	1	264.31	1	140.772	1	31.6228	306.284	337.239
838	35.8214	1	2.4512e+06	1	25.8126	1	264.31	1	140.772	1	100	336.852	372.372
839	41.4963	1	1.69125e+06	1	59.3617	1	495.236	1	123.47	1	0	273.249	301.462
839	41.4963	1	1.69125e+06	1	59.3617	1	495.236	1	123.47	1	0.001	273.25	301.462
839	41.4963	1	1.69125e+06	1	59.3617	1	495.236	1	123.47	1	0.00316228	273.252	301.464
839	41.4963	1	1.69125e+06	1	59.3617	1	495.236	1	123.47	1	0.01	273.259	301.471
839	41.4963	1	1.69125e+06	1	59.3617	1	495.236	1	123.47	1	0.0316228	273.279	301.491
839	41.4963	1	1.69125e+06	1	59.3617	1	495.236	1	123.47	1	0.1	273.342	301.554
839	41.4963	1	1.69125e+06	1	59.3617	1	495.236	1	123.47	1	0.316228	273.541	301.752
839	41.4963	1	1.69125e+06	1	59.3617	1	495.236	1	123.47	1	1	274.161	302.37
839	41.4963	1	1.69125e+06	1	59.3617	1	495.236	1	123.47	1	3.16228	276.048	304.253
839	41.4963	1	1.69125e+06	1	59.3617	1	495.236	1	123.47	1	10	281.441	309.647
839	41.4963	1	1.69125e+06	1	59.3617	1	495.236	1	123.47	1	31.6228	294.331	322.874
839	41.4963	1	1.69125e+06	1	59.3617	1	495.236	1	123.47	1	100	316.893	348.936
840	50.1083	1	1.93119e+06	1	87.1198	1	467.343	1	78.699	1	0	273.249	301.462
840	50.1083	1	1.93119e+06	1	87.1198	1	467.343	1	78.699	1	0.001	273.25	301.462
840	50.1083	1	1.93119e+06	1	87.1198	1	467.343	1	78.699	1	0.00316228	273.252	301.464
840	50.1083	1	1.93119e+06	1	87.1198	1	467.343	1	78.699	1	0.01	273.257	301.469
840	50.1083	1	1.93119e+06	1	87.1198	1	467.343	1	78.699	1	0.0316228	273.273	301.484
840	50.1083	1	1.93119e+06	1	87.1198	1	467.343	1	78.699	1	0.1	273.323	301.533
840	50.1083	1	1.93119e+06	1	87.1198	1	467.343	1	78.699	1	0.316228	273.481	301.685
840	50.1083	1	1.93119e+06	1	87.1198	1	467.343	1	78.699	1	1	273.977	302.165
840	50.1083	1	1.93119e+06	1	87.1198	1	467.343	1	78.699	1	3.16228	275.501	303.645
840	50.1083	1	1.93119e+06	1	87.1198	1	467.343	1	78.699	1	10	279.964	308.002
840	50.1083	1	1.93119e+06	1	87.1198	1	467.343	1	78.699	1	31.6228	291.265	319.353
840	50.1083	1	1.93119e+06	1	87.1198	1	467.343	1	78.699	1	100	313.371	344.512
841	26.5788	1	750970	1	28.0273	1	615.911	1	120.156	1	0	273.249	301.462
841	26.5788	1	750970	1	28.0273	1	615.911	1	120.156	1	0.001	273.251	301.463
841	26.5788	1	750970	1	28.0273	1	615.911	1	120.156	1	0.00316228	273.254	301.467
841	26.5788	1	750970	1	28.0273	1	615.911	1	120.156	1	0.01	273.265	301.478
841	26.5788	1	750970	1	28.0273	1	615.911	1	120.156	1	0.0316228	273.3	301.515
841	26.5788	1	750970	1	28.0273	1	615.911	1	120.156	1	0.1	273.409	301.63
841	26.5788	1	750970	1	28.0273	1	615.911	1	120.156	1	0.316228	273.752	301.99
841	26.5788	1	750970	1	28.0273	1	615.911	1	120.156	1	1	274.807	303.096
841	26.5788	1	750970	1	28.0273	1	615.911	1	120.156	1	3.16228	277.884	306.31
841	26.5788	1	750970	1	28.0273	1	615.911	1	120.156	1	10	285.857	314.621
841	26.5788	1	750970	1	28.0273	1	615.911	1	120.156	1	31.6228	300.991	331.071
841	26.5788	1	750970	1	28.0273	1	615.911	1	120.156	1	100	320.511	355.029
842	39.0091	1	356166	1	75.2719	1	624.726	1	61.3487	1	0	273.249	301.462
842	39.0091	1	356166	1	75.2719	1	624.726	1	61.3487	1	0.001	273.25	301.462
842	39.0091	1	356166	1	75.2719	1	624.726	1	61.3487	1	0.00316228	273.252	301.464
842	39.0091	1	356166	1	75.2719	1	624.726	1	61.3487	1	0.01	273.258	301.469
842	39.0091	1	356166	1	75.2719	1	624.726	1	61.3487	1	0.0316228	273.275	301.486
842	39.0091	1	356166	1	75.2719	1	624.726	1	61.3487	1	0.1	273.331	301.538
842	39.0091	1	356166	1	75.2719	1	624.726	1	61.3487	1	0.316228	273.506	301.702
842	39.0091	1	356166	1	75.2719	1	624.726	1	61.3487	1	1	274.053	302.217
842	39.0091	1	356166	1	75.2719	1	624.726	1	61.3487	1	3.16228	275.715	303.791
842	39.0091	1	356166	1	75.2719	1	624.726	1	61.3487	1	10	280.469	308.331
842	39.0091	1	356166	1	75.2719	1	624.726	1	61.3487	1	31.6228	291.673	319.675
842	39.0091	1	356166	1	75.2719	1	624.726	1	61.3487	1	100	311.18	342.588
843	41.9204	1	2.96386e+06	1	22.1017	1	396.191	1	106.135	1	0	273.249	301.462
843	41.9204	1	2.96386e+06	1	22.1017	1	396.191	1	106.135	1	0.001	273.251	301.464
843	41.9204	1	2.96386e+06	1	22.1017	1	396.191	1	106.135	1	0.00316228	273.255	301.468
843	41.9204	1	2.96386e+06	1	22.1017	1	396.191	1	106.135	1	0.01	273.268	301.483
843	41.9204	1	2.96386e+06	1	22.1017	1	396.191	1	106.135	1	0.0316228	273.307	301.528
843	41.9204	1	2.96386e+06	1	22.1017	1	396.191	1	106.135	1	0.1	273.43	301.671
843	41.9204	1	2.96386e+06	1	22.1017	1	396.191	1	106.135	1	0.316228	273.817	302.117
843	41.9204	1	2.96386e+06	1	22.1017	1	396.191	1	106.135	1	1	275.005	303.482
843	41.9204	1	2.96386e+06	1	22.1017	1	396.191	1	106.135	1	3.16228	278.433	307.381
843	41.9204	1	2.96386e+06	1	22.1017	1	396.191	1	106.135	1	10	287.094	317.147
843	41.9204	1	2.96386e+06	1	22.1017	1	396.191	1	106.135	1	31.6228	304.108	335.834
843	41.9204	1	2.96386e+06	1	22.1017	1	396.191	1	106.135	1	100	328.604	364.185
844	43.1937	1	1.62301e+06	1	137.395	1	826.479	1	163.505	1	0	273.249	301.462
844	43.1937	1	1.62301e+06	1	137.395	1	826.479	1	163.505	1	0.001	273.25	301.462
844	43.1937	1	1.62301e+06	1	137.395	1	826.479	1	163.505	1	0.00316228	273.251	301.463
844	43.1937	1	1.62301e+06	1	137.395	1	826.479	1	163.505	1	0.01	273.255	301.466
844	43.1937	1	1.62301e+06	1	137.395	1	826.479	1	163.505	1	0.0316228	273.267	301.476
844	43.1937	1	1.62301e+06	1	137.395	1	826.479	1	163.505	1	0.1	273.306	301.508
844	43.1937	1	1.62301e+06	1	137.395	1	826.479	1	163.505	1	0.316228	273.427	301.609
844	43.1937	1	1.62301e+06	1	137.395	1	826.479	1	163.505	1	1	273.806	301.927
844	43.1937	1	1.62301e+06	1	137.395	1	826.479	1	163.505	1	3.16228	274.968	302.908
844	43.1937	1	1.62301e+06	1	137.395	1	826.479	1	163.505	1	10	278.365	305.847
844	43.1937	1	1.62301e+06	1	137.395	1	826.479	1	163.505	1	31.6228	287.052	313.922
844	43.1937	1	1.62301e+06	1	137.395	1	826.479	1	163.505	1	100	303.141	332.034
845	41.7747	1	2.22634e+06	1	72.7018	1	160.607	1	112.409	1	0	273.249	301.462
845	41.7747	1	2.22634e+06	1	72.7018	1	160.607	1	112.409	1	0.001	273.251	301.463
845	41.7747	1	2.22634e+06	1	72.7018	1	160.607	1	112.409	1	0.00316228	273.253	301.465
845	41.7747	1	2.22634e+06	1	72.7018	1	160.607	1	112.409	1	0.01	273.261	301.473
845	41.7747	1	2.22634e+06	1	72.7018	1	160.607	1	112.409	1	0.0316228	273.286	301.497
845	41.7747	1	2.22634e+06	1	72.7018	1	160.607	1	112.409	1	0.1	273.364	301.574
845	41.7747	1	2.22634e+06	1	72.7018	1	160.607	1	112.409	1	0.316228	273.611	301.816
845	41.7747	1	2.22634e+06	1	72.7018	1	160.607	1	112.409	1	1	274.384	302.577
845	41.7747	1	2.22634e+06	1	72.7018	1	160.607	1	112.409	1	3.16228	276.76	304.922
845	41.7747	1	2.22634e+06	1	72.7018	1	160.607	1	112.409	1	10	283.735	311.826
845	41.7747	1	2.22634e+06	1	72.7018	1	160.607	1	112.409	1	31.6228	302.074	330.464
845	41.7747	1	2.22634e+06	1	72.7018	1	160.607	1	112.409	1	100	341.484	373.885
846	44.1841	1	3.07674e+06	1	80.5806	1	306.968	1	111.965	1	0	273.249	301.462
846	44.1841	1	3.07674e+06	1	80.5806	1	306.968	1	111.965	1	0.001	273.25	301.462
846	44.1841	1	3.07674e+06	1	80.5806	1	306.968	1	111.965	1	0.00316228	273.252	301.464
846	44.1841	1	3.07674e+06	1	80.5806	1	306.968	1	111.965	1	0.01	273.258	301.47
846	44.1841	1	3.07674e+06	1	80.5806	1	306.968	1	111.965	1	0.0316228	273.277	301.488
846	44.1841	1	3.07674e+06	1	80.5806	1	306.968	1	111.965	1	0.1	273.336	301.545
846	44.1841	1	3.07674e+06	1	80.5806	1	306.968	1	111.965	1	0.316228	273.524	301.725
846	44.1841	1	3.07674e+06	1	80.5806	1	306.968	1	111.965	1	1	274.11	302.29
846	44.1841	1	3.07674e+06	1	80.5806	1	306.968	1	111.965	1	3.16228	275.911	304.034
846	44.1841	1	3.07674e+06	1	80.5806	1	306.968	1	111.965	1	10	281.192	309.174
846	44.1841	1	3.07674e+06	1	80.5806	1	306.968	1	111.965	1	31.6228	294.749	322.8
846	44.1841	1	3.07674e+06	1	80.5806	1	306.968	1	111.965	1	100	322.347	353.667
847	72.8985	1	1.98489e+06	1	98.3518	1	238.008	1	48.979	1	0	273.249	301.462
847	72.8985	1	1.98489e+06	1	98.3518	1	238.008	1	48.979	1	0.001	273.25	301.462
847	72.8985	1	1.98489e+06	1	98.3518	1	238.008	1	48.979	1	0.00316228	273.252	301.464
847	72.8985	1	1.98489e+06	1	98.3518	1	238.008	1	48.979	1	0.01	273.257	301.47
847	72.8985	1	1.98489e+06	1	98.3518	1	238.008	1	48.979	1	0.0316228	273.275	301.487
847	72.8985	1	1.98489e+06	1	98.3518	1	238.008	1	48.979	1	0.1	273.329	301.543
847	72.8985	1	1.98489e+06	1	98.3518	1	238.008	1	48.979	1	0.316228	273.5	301.718
847	72.8985	1	1.98489e+06	1	98.3518	1	238.008	1	48.979	1	1	274.039	302.267
847	72.8985	1	1.98489e+06	1	98.3518	1	238.008	1	48.979	1	3.16228	275.709	303.973
847	72.8985	1	1.98489e+06	1	98.3518	1	238.008	1	48.979	1	10	280.653	309.034
847	72.8985	1	1.98489e+06	1	98.3518	1	238.008	1	48.979	1	31.6228	293.984	322.778
847	72.8985	1	1.98489e+06	1	98.3518	1	238.008	1	48.979	1	100	324.119	356.359
848	29.692	1	512475	1	45.5329	1	544.407	1	100.906	1	0	273.249	301.462
848	29.692	1	512475	1	45.5329	1	544.407	1	100.906	1	0.001	273.251	301.463
848	29.692	1	512475	1	45.5329	1	544.407	1	100.906	1	0.00316228	273.253	301.465
848	29.692	1	512475	1	45.5329	1	544.407	1	100.906	1	0.01	273.261	301.473
848	29.692	1	512475	1	45.5329	1	544.407	1	100.906	1	0.0316228	273.286	301.498
848	29.692	1	512475	1	45.5329	1	544.407	1	100.906	1	0.1	273.366	301.576
848	29.692	1	512475	1	45.5329	1	544.407	1	100.906	1	0.316228	273.617	301.821
848	29.692	1	512475	1	45.5329	1	544.407	1	100.906	1	1	274.395	302.585
848	29.692	1	512475	1	45.5329	1	544.407	1	100.906	1	3.16228	276.723	304.875
848	29.692	1	512475	1	45.5329	1	544.407	1	100.906	1	10	283.153	311.253
848	29.692	1	512475	1	45.5329	1	544.407	1	100.906	1	31.6228	296.954	325.72
848	29.692	1	512475	1	45.5329	1	544.407	1	100.906	1	100	318.223	351.21
849	63.7342	1	1.32714e+06	1	58.1456	1	962.323	1	104.908	1	0	273.249	301.462
849	63.7342	1	1.32714e+06	1	58.1456	1	962.323	1	104.908	1	0.001	273.25	301.462
849	63.7342	1	1.32714e+06	1	58.1456	1	962.323	1	104.908	1	0.00316228	273.252	301.464
849	63.7342	1	1.32714e+06	1	58.1456	1	962.323	1	104.908	1	0.01	273.257	301.47
849	63.7342	1	1.32714e+06	1	58.1456	1	962.323	1	104.908	1	0.0316228	273.274	301.488
849	63.7342	1	1.32714e+06	1	58.1456	1	962.323	1	104.908	1	0.1	273.327	301.545
849	63.7342	1	1.32714e+06	1	58.1456	1	962.323	1	104.908	1	0.316228	273.493	301.724
849	63.7342	1	1.32714e+06	1	58.1456	1	962.323	1	104.908	1	1	274.014	302.284
849	63.7342	1	1.32714e+06	1	58.1456	1	962.323	1	104.908	1	3.16228	275.598	303.983
849	63.7342	1	1.32714e+06	1	58.1456	1	962.323	1	104.908	1	10	280.092	308.784
849	63.7342	1	1.32714e+06	1	58.1456	1	962.323	1	104.908	1	31.6228	290.892	320.273
849	63.7342	1	1.32714e+06	1	58.1456	1	962.323	1	104.908	1	100	308.654	340.855
850	42.0732	1	2.53792e+06	1	47.3656	1	1523.7	1	43.6007	1	0	273.249	301.462
850	42.0732	1	2.53792e+06	1	47.3656	1	1523.7	1	43.6007	1	0.001	273.25	301.463
850	42.0732	1	2.53792e+06	1	47.3656	1	1523.7	1	43.6007	1	0.00316228	273.252	301.465
850	42.0732	1	2.53792e+06	1	47.3656	1	1523.7	1	43.6007	1	0.01	273.259	301.472
850	42.0732	1	2.53792e+06	1	47.3656	1	1523.7	1	43.6007	1	0.0316228	273.28	301.493
850	42.0732	1	2.53792e+06	1	47.3656	1	1523.7	1	43.6007	1	0.1	273.346	301.562
850	42.0732	1	2.53792e+06	1	47.3656	1	1523.7	1	43.6007	1	0.316228	273.554	301.779
850	42.0732	1	2.53792e+06	1	47.3656	1	1523.7	1	43.6007	1	1	274.2	302.451
850	42.0732	1	2.53792e+06	1	47.3656	1	1523.7	1	43.6007	1	3.16228	276.134	304.463
850	42.0732	1	2.53792e+06	1	47.3656	1	1523.7	1	43.6007	1	10	281.408	309.946
850	42.0732	1	2.53792e+06	1	47.3656	1	1523.7	1	43.6007	1	31.6228	292.518	321.877
850	42.0732	1	2.53792e+06	1	47.3656	1	1523.7	1	43.6007	1	100	307.112	340.189
851	40.2958	1	1.36854e+06	1	67.22	1	228.208	1	60.9559	1	0	273.249	301.462
851	40.2958	1	1.36854e+06	1	67.22	1	228.208	1	60.9559	1	0.001	273.25	301.463
851	40.2958	1	1.36854e+06	1	67.22	1	228.208	1	60.9559	1	0.00316228	273.253	301.465
851	40.2958	1	1.36854e+06	1	67.22	1	228.208	1	60.9559	1	0.01	273.26	301.472
851	40.2958	1	1.36854e+06	1	67.22	1	228.208	1	60.9559	1	0.0316228	273.283	301.495
851	40.2958	1	1.36854e+06	1	67.22	1	228.208	1	60.9559	1	0.1	273.355	301.566
851	40.2958	1	1.36854e+06	1	67.22	1	228.208	1	60.9559	1	0.316228	273.584	301.79
851	40.2958	1	1.36854e+06	1	67.22	1	228.208	1	60.9559	1	1	274.299	302.493
851	40.2958	1	1.36854e+06	1	67.22	1	228.208	1	60.9559	1	3.16228	276.488	304.652
851	40.2958	1	1.36854e+06	1	67.22	1	228.208	1	60.9559	1	10	282.849	310.952
851	40.2958	1	1.36854e+06	1	67.22	1	228.208	1	60.9559	1	31.6228	298.739	327.273
851	40.2958	1	1.36854e+06	1	67.22	1	228.208	1	60.9559	1	100	331.278	363.896
852	33.2513	1	305297	1	58.0698	1	148.957	1	97.3416	1	0	273.249	301.462
852	33.2513	1	305297	1	58.0698	1	148.957	1	97.3416	1	0.001	273.251	301.463
852	33.2513	1	305297	1	58.0698	1	148.957	1	97.3416	1	0.00316228	273.254	301.466
852	33.2513	1	305297	1	58.0698	1	148.957	1	97.3416	1	0.01	273.263	301.475
852	33.2513	1	305297	1	58.0698	1	148.957	1	97.3416	1	0.0316228	273.292	301.503
852	33.2513	1	305297	1	58.0698	1	148.957	1	97.3416	1	0.1	273.385	301.594
852	33.2513	1	305297	1	58.0698	1	148.957	1	97.3416	1	0.316228	273.676	301.878
852	33.2513	1	305297	1	58.0698	1	148.957	1	97.3416	1	1	274.585	302.77
852	33.2513	1	305297	1	58.0698	1	148.957	1	97.3416	1	3.16228	277.361	305.501
852	33.2513	1	305297	1	58.0698	1	148.957	1	97.3416	1	10	285.388	313.45
852	33.2513	1	305297	1	58.0698	1	148.957	1	97.3416	1	31.6228	305.556	334.19
852	33.2513	1	305297	1	58.0698	1	148.957	1	97.3416	1	100	347.138	380.575
853	36.6805	1	1.48303e+06	1	22.5989	1	360.388	1	125.389	1	0	273.249	301.462
853	36.6805	1	1.48303e+06	1	22.5989	1	360.388	1	125.389	1	0.001	273.251	301.464
853	36.6805	1	1.48303e+06	1	22.5989	1	360.388	1	125.389	1	0.00316228	273.255	301.468
853	36.6805	1	1.48303e+06	1	22.5989	1	360.388	1	125.389	1	0.01	273.268	301.482
853	36.6805	1	1.48303e+06	1	22.5989	1	360.388	1	125.389	1	0.0316228	273.308	301.527
853	36.6805	1	1.48303e+06	1	22.5989	1	360.388	1	125.389	1	0.1	273.433	301.669
853	36.6805	1	1.48303e+06	1	22.5989	1	360.388	1	125.389	1	0.316228	273.825	302.114
853	36.6805	1	1.48303e+06	1	22.5989	1	360.388	1	125.389	1	1	275.029	303.473
853	36.6805	1	1.48303e+06	1	22.5989	1	360.388	1	125.389	1	3.16228	278.516	307.37
853	36.6805	1	1.48303e+06	1	22.5989	1	360.388	1	125.389	1	10	287.391	317.204
853	36.6805	1	1.48303e+06	1	22.5989	1	360.388	1	125.389	1	31.6228	304.977	336.361
853	36.6805	1	1.48303e+06	1	22.5989	1	360.388	1	125.389	1	100	330.543	366.122
854	36.8778	1	654203	1	75.7513	1	322.824	1	68.4328	1	0	273.249	301.462
854	36.8778	1	654203	1	75.7513	1	322.824	1	68.4328	1	0.001	273.25	301.462
854	36.8778	1	654203	1	75.7513	1	322.824	1	68.4328	1	0.00316228	273.252	301.464
854	36.8778	1	654203	1	75.7513	1	322.824	1	68.4328	1	0.01	273.259	301.47
854	36.8778	1	654203	1	75.7513	1	322.824	1	68.4328	1	0.0316228	273.279	301.489
854	36.8778	1	654203	1	75.7513	1	322.824	1	68.4328	1	0.1	273.343	301.549
854	36.8778	1	654203	1	75.7513	1	322.824	1	68.4328	1	0.316228	273.545	301.739
854	36.8778	1	654203	1	75.7513	1	322.824	1	68.4328	1	1	274.175	302.332
854	36.8778	1	654203	1	75.7513	1	322.824	1	68.4328	1	3.16228	276.098	304.154
854	36.8778	1	654203	1	75.7513	1	322.824	1	68.4328	1	10	281.67	309.486
854	36.8778	1	654203	1	75.7513	1	322.824	1	68.4328	1	31.6228	295.282	323.271
854	36.8778	1	654203	1	75.7513	1	322.824	1	68.4328	1	100	321.971	353.662
855	53.2923	1	667010	1	125.545	1	271.096	1	73.7254	1	0	273.249	301.462
855	53.2923	1	667010	1	125.545	1	271.096	1	73.7254	1	0.001	273.25	301.462
855	53.2923	1	667010	1	125.545	1	271.096	1	73.7254	1	0.00316228	273.252	301.464
855	53.2923	1	667010	1	125.545	1	271.096	1	73.7254	1	0.01	273.257	301.468
855	53.2923	1	667010	1	125.545	1	271.096	1	73.7254	1	0.0316228	273.273	301.483
855	53.2923	1	667010	1	125.545	1	271.096	1	73.7254	1	0.1	273.323	301.53
855	53.2923	1	667010	1	125.545	1	271.096	1	73.7254	1	0.316228	273.481	301.679
855	53.2923	1	667010	1	125.545	1	271.096	1	73.7254	1	1	273.978	302.145
855	53.2923	1	667010	1	125.545	1	271.096	1	73.7254	1	3.16228	275.515	303.596
855	53.2923	1	667010	1	125.545	1	271.096	1	73.7254	1	10	280.104	307.974
855	53.2923	1	667010	1	125.545	1	271.096	1	73.7254	1	31.6228	292.438	320.099
855	53.2923	1	667010	1	125.545	1	271.096	1	73.7254	1	100	319.808	350.215
856	76.779	1	1.15297e+06	1	80.3406	1	706.212	1	112	1	0	273.249	301.462
856	76.779	1	1.15297e+06	1	80.3406	1	706.212	1	112	1	0.001	273.25	301.462
856	76.779	1	1.15297e+06	1	80.3406	1	706.212	1	112	1	0.00316228	273.251	301.464
856	76.779	1	1.15297e+06	1	80.3406	1	706.212	1	112	1	0.01	273.256	301.468
856	76.779	1	1.15297e+06	1	80.3406	1	706.212	1	112	1	0.0316228	273.269	301.483
856	76.779	1	1.15297e+06	1	80.3406	1	706.212	1	112	1	0.1	273.312	301.528
856	76.779	1	1.15297e+06	1	80.3406	1	706.212	1	112	1	0.316228	273.448	301.671
856	76.779	1	1.15297e+06	1	80.3406	1	706.212	1	112	1	1	273.875	302.119
856	76.779	1	1.15297e+06	1	80.3406	1	706.212	1	112	1	3.16228	275.188	303.499
856	76.779	1	1.15297e+06	1	80.3406	1	706.212	1	112	1	10	279.023	307.516
856	76.779	1	1.15297e+06	1	80.3406	1	706.212	1	112	1	31.6228	288.944	317.908
856	76.779	1	1.15297e+06	1	80.3406	1	706.212	1	112	1	100	308.267	339.548
857	24.591	1	101432	1	49.0439	1	253.698	1	159.599	1	0	273.249	301.462
857	24.591	1	101432	1	49.0439	1	253.698	1	159.599	1	0.001	273.251	301.463
857	24.591	1	101432	1	49.0439	1	253.698	1	159.599	1	0.00316228	273.254	301.466
857	24.591	1	101432	1	49.0439	1	253.698	1	159.599	1	0.01	273.263	301.474
857	24.591	1	101432	1	49.0439	1	253.698	1	159.599	1	0.0316228	273.292	301.501
857	24.591	1	101432	1	49.0439	1	253.698	1	159.599	1	0.1	273.384	301.587
857	24.591	1	101432	1	49.0439	1	253.698	1	159.599	1	0.316228	273.673	301.858
857	24.591	1	101432	1	49.0439	1	253.698	1	159.599	1	1	274.571	302.702
857	24.591	1	101432	1	49.0439	1	253.698	1	159.599	1	3.16228	277.263	305.255
857	24.591	1	101432	1	49.0439	1	253.698	1	159.599	1	10	284.816	312.532
857	24.591	1	101432	1	49.0439	1	253.698	1	159.599	1	31.6228	301.69	330.095
857	24.591	1	101432	1	49.0439	1	253.698	1	159.599	1	100	332.519	365.83
858	35.2758	1	2.66332e+06	1	47.7391	1	197.237	1	95.3798	1	0	273.249	301.462
858	35.2758	1	2.66332e+06	1	47.7391	1	197.237	1	95.3798	1	0.001	273.251	301.463
858	35.2758	1	2.66332e+06	1	47.7391	1	197.237	1	95.3798	1	0.00316228	273.254	301.466
858	35.2758	1	2.66332e+06	1	47.7391	1	197.237	1	95.3798	1	0.01	273.263	301.475
858	35.2758	1	2.66332e+06	1	47.7391	1	197.237	1	95.3798	1	0.0316228	273.291	301.504
858	35.2758	1	2.66332e+06	1	47.7391	1	197.237	1	95.3798	1	0.1	273.382	301.595
858	35.2758	1	2.66332e+06	1	47.7391	1	197.237	1	95.3798	1	0.316228	273.666	301.883
858	35.2758	1	2.66332e+06	1	47.7391	1	197.237	1	95.3798	1	1	274.555	302.782
858	35.2758	1	2.66332e+06	1	47.7391	1	197.237	1	95.3798	1	3.16228	277.253	305.515
858	35.2758	1	2.66332e+06	1	47.7391	1	197.237	1	95.3798	1	10	284.964	313.346
858	35.2758	1	2.66332e+06	1	47.7391	1	197.237	1	95.3798	1	31.6228	303.57	332.734
858	35.2758	1	2.66332e+06	1	47.7391	1	197.237	1	95.3798	1	100	339.669	373.479
859	36.364	1	951211	1	82.5895	1	316.254	1	95.7911	1	0	273.249	301.462
859	36.364	1	951211	1	82.5895	1	316.254	1	95.7911	1	0.001	273.25	301.462
859	36.364	1	951211	1	82.5895	1	316.254	1	95.7911	1	0.00316228	273.252	301.464
859	36.364	1	951211	1	82.5895	1	316.254	1	95.7911	1	0.01	273.258	301.47
859	36.364	1	951211	1	82.5895	1	316.254	1	95.7911	1	0.0316228	273.278	301.488
859	36.364	1	951211	1	82.5895	1	316.254	1	95.7911	1	0.1	273.34	301.545
859	36.364	1	951211	1	82.5895	1	316.254	1	95.7911	1	0.316228	273.535	301.725
859	36.364	1	951211	1	82.5895	1	316.254	1	95.7911	1	1	274.145	302.288
859	36.364	1	951211	1	82.5895	1	316.254	1	95.7911	1	3.16228	276.01	304.024
859	36.364	1	951211	1	82.5895	1	316.254	1	95.7911	1	10	281.433	309.138
859	36.364	1	951211	1	82.5895	1	316.254	1	95.7911	1	31.6228	294.911	322.596
859	36.364	1	951211	1	82.5895	1	316.254	1	95.7911	1	100	321.676	352.921
860	54.742	1	717442	1	123.136	1	91.4308	1	68.3388	1	0	273.249	301.462
860	54.742	1	717442	1	123.136	1	91.4308	1	68.3388	1	0.001	273.251	301.463
860	54.742	1	717442	1	123.136	1	91.4308	1	68.3388	1	0.00316228	273.253	301.466
860	54.742	1	717442	1	123.136	1	91.4308	1	68.3388	1	0.01	273.262	301.474
860	54.742	1	717442	1	123.136	1	91.4308	1	68.3388	1	0.0316228	273.29	301.501
860	54.742	1	717442	1	123.136	1	91.4308	1	68.3388	1	0.1	273.377	301.587
860	54.742	1	717442	1	123.136	1	91.4308	1	68.3388	1	0.316228	273.652	301.858
860	54.742	1	717442	1	123.136	1	91.4308	1	68.3388	1	1	274.515	302.709
860	54.742	1	717442	1	123.136	1	91.4308	1	68.3388	1	3.16228	277.174	305.337
860	54.742	1	717442	1	123.136	1	91.4308	1	68.3388	1	10	284.981	313.081
860	54.742	1	717442	1	123.136	1	91.4308	1	68.3388	1	31.6228	306.737	334.954
860	54.742	1	717442	1	123.136	1	91.4308	1	68.3388	1	100	356.724	388.498
861	53.6003	1	353468	1	87.4852	1	259.16	1	260.129	1	0	273.249	301.462
861	53.6003	1	353468	1	87.4852	1	259.16	1	260.129	1	0.001	273.25	301.462
861	53.6003	1	353468	1	87.4852	1	259.16	1	260.129	1	0.00316228	273.252	301.464
861	53.6003	1	353468	1	87.4852	1	259.16	1	260.129	1	0.01	273.258	301.47
861	53.6003	1	353468	1	87.4852	1	259.16	1	260.129	1	0.0316228	273.276	301.488
861	53.6003	1	353468	1	87.4852	1	259.16	1	260.129	1	0.1	273.333	301.544
861	53.6003	1	353468	1	87.4852	1	259.16	1	260.129	1	0.316228	273.513	301.721
861	53.6003	1	353468	1	87.4852	1	259.16	1	260.129	1	1	274.078	302.278
861	53.6003	1	353468	1	87.4852	1	259.16	1	260.129	1	3.16228	275.823	304.002
861	53.6003	1	353468	1	87.4852	1	259.16	1	260.129	1	10	280.996	309.127
861	53.6003	1	353468	1	87.4852	1	259.16	1	260.129	1	31.6228	294.828	323.045
861	53.6003	1	353468	1	87.4852	1	259.16	1	260.129	1	100	325.132	356.139
862	29.5752	1	901810	1	55.4371	1	361.905	1	73.3235	1	0	273.249	301.462
862	29.5752	1	901810	1	55.4371	1	361.905	1	73.3235	1	0.001	273.251	301.463
862	29.5752	1	901810	1	55.4371	1	361.905	1	73.3235	1	0.00316228	273.253	301.465
862	29.5752	1	901810	1	55.4371	1	361.905	1	73.3235	1	0.01	273.261	301.472
862	29.5752	1	901810	1	55.4371	1	361.905	1	73.3235	1	0.0316228	273.285	301.495
862	29.5752	1	901810	1	55.4371	1	361.905	1	73.3235	1	0.1	273.362	301.568
862	29.5752	1	901810	1	55.4371	1	361.905	1	73.3235	1	0.316228	273.604	301.797
862	29.5752	1	901810	1	55.4371	1	361.905	1	73.3235	1	1	274.357	302.512
862	29.5752	1	901810	1	55.4371	1	361.905	1	73.3235	1	3.16228	276.628	304.682
862	29.5752	1	901810	1	55.4371	1	361.905	1	73.3235	1	10	283.034	310.883
862	29.5752	1	901810	1	55.4371	1	361.905	1	73.3235	1	31.6228	297.46	325.868
862	29.5752	1	901810	1	55.4371	1	361.905	1	73.3235	1	100	323.142	355.799
863	39.3987	1	1.16685e+06	1	56.7163	1	283.268	1	69.7697	1	0	273.249	301.462
863	39.3987	1	1.16685e+06	1	56.7163	1	283.268	1	69.7697	1	0.001	273.251	301.463
863	39.3987	1	1.16685e+06	1	56.7163	1	283.268	1	69.7697	1	0.00316228	273.253	301.465
863	39.3987	1	1.16685e+06	1	56.7163	1	283.268	1	69.7697	1	0.01	273.26	301.472
863	39.3987	1	1.16685e+06	1	56.7163	1	283.268	1	69.7697	1	0.0316228	273.284	301.496
863	39.3987	1	1.16685e+06	1	56.7163	1	283.268	1	69.7697	1	0.1	273.358	301.57
863	39.3987	1	1.16685e+06	1	56.7163	1	283.268	1	69.7697	1	0.316228	273.591	301.803
863	39.3987	1	1.16685e+06	1	56.7163	1	283.268	1	69.7697	1	1	274.319	302.532
863	39.3987	1	1.16685e+06	1	56.7163	1	283.268	1	69.7697	1	3.16228	276.537	304.757
863	39.3987	1	1.16685e+06	1	56.7163	1	283.268	1	69.7697	1	10	282.913	311.172
863	39.3987	1	1.16685e+06	1	56.7163	1	283.268	1	69.7697	1	31.6228	298.313	327.141
863	39.3987	1	1.16685e+06	1	56.7163	1	283.268	1	69.7697	1	100	327.68	360.607
864	75.2901	1	1.88477e+06	1	74.7847	1	922.683	1	117.024	1	0	273.249	301.462
864	75.2901	1	1.88477e+06	1	74.7847	1	922.683	1	117.024	1	0.001	273.25	301.462
864	75.2901	1	1.88477e+06	1	74.7847	1	922.683	1	117.024	1	0.00316228	273.251	301.464
864	75.2901	1	1.88477e+06	1	74.7847	1	922.683	1	117.024	1	0.01	273.256	301.468
864	75.2901	1	1.88477e+06	1	74.7847	1	922.683	1	117.024	1	0.0316228	273.27	301.483
864	75.2901	1	1.88477e+06	1	74.7847	1	922.683	1	117.024	1	0.1	273.313	301.529
864	75.2901	1	1.88477e+06	1	74.7847	1	922.683	1	117.024	1	0.316228	273.45	301.675
864	75.2901	1	1.88477e+06	1	74.7847	1	922.683	1	117.024	1	1	273.879	302.13
864	75.2901	1	1.88477e+06	1	74.7847	1	922.683	1	117.024	1	3.16228	275.197	303.526
864	75.2901	1	1.88477e+06	1	74.7847	1	922.683	1	117.024	1	10	279.011	307.548
864	75.2901	1	1.88477e+06	1	74.7847	1	922.683	1	117.024	1	31.6228	288.705	317.763
864	75.2901	1	1.88477e+06	1	74.7847	1	922.683	1	117.024	1	100	306.541	337.913
865	49.1143	1	2.18443e+06	1	86.9617	1	265.201	1	51.8157	1	0	273.249	301.462
865	49.1143	1	2.18443e+06	1	86.9617	1	265.201	1	51.8157	1	0.001	273.25	301.462
865	49.1143	1	2.18443e+06	1	86.9617	1	265.201	1	51.8157	1	0.00316228	273.252	301.464
865	49.1143	1	2.18443e+06	1	86.9617	1	265.201	1	51.8157	1	0.01	273.258	301.47
865	49.1143	1	2.18443e+06	1	86.9617	1	265.201	1	51.8157	1	0.0316228	273.277	301.488
865	49.1143	1	2.18443e+06	1	86.9617	1	265.201	1	51.8157	1	0.1	273.337	301.547
865	49.1143	1	2.18443e+06	1	86.9617	1	265.201	1	51.8157	1	0.316228	273.524	301.73
865	49.1143	1	2.18443e+06	1	86.9617	1	265.201	1	51.8157	1	1	274.113	302.305
865	49.1143	1	2.18443e+06	1	86.9617	1	265.201	1	51.8157	1	3.16228	275.926	304.082
865	49.1143	1	2.18443e+06	1	86.9617	1	265.201	1	51.8157	1	10	281.244	309.323
865	49.1143	1	2.18443e+06	1	86.9617	1	265.201	1	51.8157	1	31.6228	294.971	323.258
865	49.1143	1	2.18443e+06	1	86.9617	1	265.201	1	51.8157	1	100	323.985	355.924
866	49.3725	1	825750	1	58.4355	1	647.82	1	115.268	1	0	273.249	301.462
866	49.3725	1	825750	1	58.4355	1	647.82	1	115.268	1	0.001	273.25	301.462
866	49.3725	1	825750	1	58.4355	1	647.82	1	115.268	1	0.00316228	273.252	301.464
866	49.3725	1	825750	1	58.4355	1	647.82	1	115.268	1	0.01	273.258	301.47
866	49.3725	1	825750	1	58.4355	1	647.82	1	115.268	1	0.0316228	273.277	301.489
866	49.3725	1	825750	1	58.4355	1	647.82	1	115.268	1	0.1	273.335	301.55
866	49.3725	1	825750	1	58.4355	1	647.82	1	115.268	1	0.316228	273.519	301.74
866	49.3725	1	825750	1	58.4355	1	647.82	1	115.268	1	1	274.095	302.333
866	49.3725	1	825750	1	58.4355	1	647.82	1	115.268	1	3.16228	275.846	304.135
866	49.3725	1	825750	1	58.4355	1	647.82	1	115.268	1	10	280.84	309.268
866	49.3725	1	825750	1	58.4355	1	647.82	1	115.268	1	31.6228	292.821	321.717
866	49.3725	1	825750	1	58.4355	1	647.82	1	115.268	1	100	313.153	345.197
867	36.8159	1	1.14535e+06	1	56.5134	1	677.392	1	179.219	1	0	273.249	301.462
867	36.8159	1	1.14535e+06	1	56.5134	1	677.392	1	179.219	1	0.001	273.25	301.462
867	36.8159	1	1.14535e+06	1	56.5134	1	677.392	1	179.219	1	0.00316228	273.252	301.464
867	36.8159	1	1.14535e+06	1	56.5134	1	677.392	1	179.219	1	0.01	273.259	301.471
867	36.8159	1	1.14535e+06	1	56.5134	1	677.392	1	179.219	1	0.0316228	273.279	301.491
867	36.8159	1	1.14535e+06	1	56.5134	1	677.392	1	179.219	1	0.1	273.343	301.553
867	36.8159	1	1.14535e+06	1	56.5134	1	677.392	1	179.219	1	0.316228	273.545	301.75
867	36.8159	1	1.14535e+06	1	56.5134	1	677.392	1	179.219	1	1	274.173	302.366
867	36.8159	1	1.14535e+06	1	56.5134	1	677.392	1	179.219	1	3.16228	276.071	304.23
867	36.8159	1	1.14535e+06	1	56.5134	1	677.392	1	179.219	1	10	281.427	309.514
867	36.8159	1	1.14535e+06	1	56.5134	1	677.392	1	179.219	1	31.6228	293.803	322.165
867	36.8159	1	1.14535e+06	1	56.5134	1	677.392	1	179.219	1	100	313.401	345.377
868	64.2663	1	787076	1	36.3696	1	395.54	1	89.4896	1	0	273.249	301.462
868	64.2663	1	787076	1	36.3696	1	395.54	1	89.4896	1	0.001	273.251	301.463
868	64.2663	1	787076	1	36.3696	1	395.54	1	89.4896	1	0.00316228	273.253	301.466
868	64.2663	1	787076	1	36.3696	1	395.54	1	89.4896	1	0.01	273.261	301.475
868	64.2663	1	787076	1	36.3696	1	395.54	1	89.4896	1	0.0316228	273.287	301.505
868	64.2663	1	787076	1	36.3696	1	395.54	1	89.4896	1	0.1	273.369	301.598
868	64.2663	1	787076	1	36.3696	1	395.54	1	89.4896	1	0.316228	273.626	301.89
868	64.2663	1	787076	1	36.3696	1	395.54	1	89.4896	1	1	274.423	302.797
868	64.2663	1	787076	1	36.3696	1	395.54	1	89.4896	1	3.16228	276.816	305.5
868	64.2663	1	787076	1	36.3696	1	395.54	1	89.4896	1	10	283.398	312.887
868	64.2663	1	787076	1	36.3696	1	395.54	1	89.4896	1	31.6228	298.278	329.238
868	64.2663	1	787076	1	36.3696	1	395.54	1	89.4896	1	100	323.815	358.334
869	41.1827	1	1.37487e+06	1	65.512	1	234.773	1	55.0667	1	0	273.249	301.462
869	41.1827	1	1.37487e+06	1	65.512	1	234.773	1	55.0667	1	0.001	273.25	301.463
869	41.1827	1	1.37487e+06	1	65.512	1	234.773	1	55.0667	1	0.00316228	273.253	301.465
869	41.1827	1	1.37487e+06	1	65.512	1	234.773	1	55.0667	1	0.01	273.26	301.472
869	41.1827	1	1.37487e+06	1	65.512	1	234.773	1	55.0667	1	0.0316228	273.283	301.495
869	41.1827	1	1.37487e+06	1	65.512	1	234.773	1	55.0667	1	0.1	273.355	301.566
869	41.1827	1	1.37487e+06	1	65.512	1	234.773	1	55.0667	1	0.316228	273.584	301.792
869	41.1827	1	1.37487e+06	1	65.512	1	234.773	1	55.0667	1	1	274.298	302.5
869	41.1827	1	1.37487e+06	1	65.512	1	234.773	1	55.0667	1	3.16228	276.485	304.671
869	41.1827	1	1.37487e+06	1	65.512	1	234.773	1	55.0667	1	10	282.822	310.986
869	41.1827	1	1.37487e+06	1	65.512	1	234.773	1	55.0667	1	31.6228	298.589	327.249
869	41.1827	1	1.37487e+06	1	65.512	1	234.773	1	55.0667	1	100	330.664	363.449
870	44.4757	1	350449	1	43.732	1	175.344	1	54.3138	1	0	273.249	301.462
870	44.4757	1	350449	1	43.732	1	175.344	1	54.3138	1	0.001	273.251	301.463
870	44.4757	1	350449	1	43.732	1	175.344	1	54.3138	1	0.00316228	273.254	301.466
870	44.4757	1	350449	1	43.732	1	175.344	1	54.3138	1	0.01	273.263	301.476
870	44.4757	1	350449	1	43.732	1	175.344	1	54.3138	1	0.0316228	273.293	301.508
870	44.4757	1	350449	1	43.732	1	175.344	1	54.3138	1	0.1	273.387	301.607
870	44.4757	1	350449	1	43.732	1	175.344	1	54.3138	1	0.316228	273.684	301.921
870	44.4757	1	350449	1	43.732	1	175.344	1	54.3138	1	1	274.609	302.9
870	44.4757	1	350449	1	43.732	1	175.344	1	54.3138	1	3.16228	277.423	305.87
870	44.4757	1	350449	1	43.732	1	175.344	1	54.3138	1	10	285.441	314.315
870	44.4757	1	350449	1	43.732	1	175.344	1	54.3138	1	31.6228	304.981	335.032
870	44.4757	1	350449	1	43.732	1	175.344	1	54.3138	1	100	343.623	378.41
871	35.8457	1	1.00977e+06	1	71.6382	1	342.625	1	72.9	1	0	273.249	301.462
871	35.8457	1	1.00977e+06	1	71.6382	1	342.625	1	72.9	1	0.001	273.25	301.462
871	35.8457	1	1.00977e+06	1	71.6382	1	342.625	1	72.9	1	0.00316228	273.252	301.464
871	35.8457	1	1.00977e+06	1	71.6382	1	342.625	1	72.9	1	0.01	273.259	301.471
871	35.8457	1	1.00977e+06	1	71.6382	1	342.625	1	72.9	1	0.0316228	273.28	301.49
871	35.8457	1	1.00977e+06	1	71.6382	1	342.625	1	72.9	1	0.1	273.345	301.551
871	35.8457	1	1.00977e+06	1	71.6382	1	342.625	1	72.9	1	0.316228	273.55	301.744
871	35.8457	1	1.00977e+06	1	71.6382	1	342.625	1	72.9	1	1	274.19	302.348
871	35.8457	1	1.00977e+06	1	71.6382	1	342.625	1	72.9	1	3.16228	276.142	304.201
871	35.8457	1	1.00977e+06	1	71.6382	1	342.625	1	72.9	1	10	281.77	309.596
871	35.8457	1	1.00977e+06	1	71.6382	1	342.625	1	72.9	1	31.6228	295.363	323.403
871	35.8457	1	1.00977e+06	1	71.6382	1	342.625	1	72.9	1	100	321.438	353.239
872	33.5263	1	1.06416e+06	1	66.7494	1	594.718	1	137.992	1	0	273.249	301.462
872	33.5263	1	1.06416e+06	1	66.7494	1	594.718	1	137.992	1	0.001	273.25	301.462
872	33.5263	1	1.06416e+06	1	66.7494	1	594.718	1	137.992	1	0.00316228	273.252	301.464
872	33.5263	1	1.06416e+06	1	66.7494	1	594.718	1	137.992	1	0.01	273.258	301.47
872	33.5263	1	1.06416e+06	1	66.7494	1	594.718	1	137.992	1	0.0316228	273.278	301.488
872	33.5263	1	1.06416e+06	1	66.7494	1	594.718	1	137.992	1	0.1	273.34	301.545
872	33.5263	1	1.06416e+06	1	66.7494	1	594.718	1	137.992	1	0.316228	273.533	301.725
872	33.5263	1	1.06416e+06	1	66.7494	1	594.718	1	137.992	1	1	274.138	302.287
872	33.5263	1	1.06416e+06	1	66.7494	1	594.718	1	137.992	1	3.16228	275.967	304
872	33.5263	1	1.06416e+06	1	66.7494	1	594.718	1	137.992	1	10	281.158	308.913
872	33.5263	1	1.06416e+06	1	66.7494	1	594.718	1	137.992	1	31.6228	293.265	321.107
872	33.5263	1	1.06416e+06	1	66.7494	1	594.718	1	137.992	1	100	313.534	345.032
873	52.9215	1	787407	1	63.2069	1	541.366	1	104.325	1	0	273.249	301.462
873	52.9215	1	787407	1	63.2069	1	541.366	1	104.325	1	0.001	273.25	301.462
873	52.9215	1	787407	1	63.2069	1	541.366	1	104.325	1	0.00316228	273.252	301.464
873	52.9215	1	787407	1	63.2069	1	541.366	1	104.325	1	0.01	273.258	301.47
873	52.9215	1	787407	1	63.2069	1	541.366	1	104.325	1	0.0316228	273.276	301.489
873	52.9215	1	787407	1	63.2069	1	541.366	1	104.325	1	0.1	273.332	301.547
873	52.9215	1	787407	1	63.2069	1	541.366	1	104.325	1	0.316228	273.51	301.73
873	52.9215	1	787407	1	63.2069	1	541.366	1	104.325	1	1	274.067	302.303
873	52.9215	1	787407	1	63.2069	1	541.366	1	104.325	1	3.16228	275.769	304.054
873	52.9215	1	787407	1	63.2069	1	541.366	1	104.325	1	10	280.667	309.084
873	52.9215	1	787407	1	63.2069	1	541.366	1	104.325	1	31.6228	292.717	321.582
873	52.9215	1	787407	1	63.2069	1	541.366	1	104.325	1	100	314.52	346.511
874	50.7895	1	981825	1	71.3773	1	206.093	1	73.0475	1	0	273.249	301.462
874	50.7895	1	981825	1	71.3773	1	206.093	1	73.0475	1	0.001	273.25	301.463
874	50.7895	1	981825	1	71.3773	1	206.093	1	73.0475	1	0.00316228	273.253	301.465
874	50.7895	1	981825	1	71.3773	1	206.093	1	73.0475	1	0.01	273.26	301.472
874	50.7895	1	981825	1	71.3773	1	206.093	1	73.0475	1	0.0316228	273.281	301.494
874	50.7895	1	981825	1	71.3773	1	206.093	1	73.0475	1	0.1	273.351	301.564
874	50.7895	1	981825	1	71.3773	1	206.093	1	73.0475	1	0.316228	273.569	301.784
874	50.7895	1	981825	1	71.3773	1	206.093	1	73.0475	1	1	274.252	302.476
874	50.7895	1	981825	1	71.3773	1	206.093	1	73.0475	1	3.16228	276.358	304.607
874	50.7895	1	981825	1	71.3773	1	206.093	1	73.0475	1	10	282.547	310.87
874	50.7895	1	981825	1	71.3773	1	206.093	1	73.0475	1	31.6228	298.683	327.472
874	50.7895	1	981825	1	71.3773	1	206.093	1	73.0475	1	100	333.128	365.74
875	27.6243	1	1.05911e+06	1	82.719	1	437.078	1	58.9864	1	0	273.249	301.462
875	27.6243	1	1.05911e+06	1	82.719	1	437.078	1	58.9864	1	0.001	273.25	301.462
875	27.6243	1	1.05911e+06	1	82.719	1	437.078	1	58.9864	1	0.00316228	273.252	301.464
875	27.6243	1	1.05911e+06	1	82.719	1	437.078	1	58.9864	1	0.01	273.259	301.47
875	27.6243	1	1.05911e+06	1	82.719	1	437.078	1	58.9864	1	0.0316228	273.279	301.487
875	27.6243	1	1.05911e+06	1	82.719	1	437.078	1	58.9864	1	0.1	273.344	301.542
875	27.6243	1	1.05911e+06	1	82.719	1	437.078	1	58.9864	1	0.316228	273.546	301.715
875	27.6243	1	1.05911e+06	1	82.719	1	437.078	1	58.9864	1	1	274.176	302.256
875	27.6243	1	1.05911e+06	1	82.719	1	437.078	1	58.9864	1	3.16228	276.072	303.912
875	27.6243	1	1.05911e+06	1	82.719	1	437.078	1	58.9864	1	10	281.438	308.726
875	27.6243	1	1.05911e+06	1	82.719	1	437.078	1	58.9864	1	31.6228	293.397	320.848
875	27.6243	1	1.05911e+06	1	82.719	1	437.078	1	58.9864	1	100	315.832	346.937
876	59.1597	1	429941	1	46.2176	1	1302.35	1	75.7942	1	0	273.249	301.462
876	59.1597	1	429941	1	46.2176	1	1302.35	1	75.7942	1	0.001	273.25	301.463
876	59.1597	1	429941	1	46.2176	1	1302.35	1	75.7942	1	0.00316228	273.252	301.465
876	59.1597	1	429941	1	46.2176	1	1302.35	1	75.7942	1	0.01	273.258	301.472
876	59.1597	1	429941	1	46.2176	1	1302.35	1	75.7942	1	0.0316228	273.278	301.493
876	59.1597	1	429941	1	46.2176	1	1302.35	1	75.7942	1	0.1	273.34	301.561
876	59.1597	1	429941	1	46.2176	1	1302.35	1	75.7942	1	0.316228	273.534	301.776
876	59.1597	1	429941	1	46.2176	1	1302.35	1	75.7942	1	1	274.14	302.443
876	59.1597	1	429941	1	46.2176	1	1302.35	1	75.7942	1	3.16228	275.961	304.443
876	59.1597	1	429941	1	46.2176	1	1302.35	1	75.7942	1	10	280.995	309.945
876	59.1597	1	429941	1	46.2176	1	1302.35	1	75.7942	1	31.6228	292.222	322.116
876	59.1597	1	429941	1	46.2176	1	1302.35	1	75.7942	1	100	308.047	341.217
877	18.3628	1	374859	1	54.0217	1	289.094	1	110.377	1	0	273.249	301.462
877	18.3628	1	374859	1	54.0217	1	289.094	1	110.377	1	0.001	273.251	301.463
877	18.3628	1	374859	1	54.0217	1	289.094	1	110.377	1	0.00316228	273.254	301.465
877	18.3628	1	374859	1	54.0217	1	289.094	1	110.377	1	0.01	273.263	301.474
877	18.3628	1	374859	1	54.0217	1	289.094	1	110.377	1	0.0316228	273.294	301.499
877	18.3628	1	374859	1	54.0217	1	289.094	1	110.377	1	0.1	273.39	301.581
877	18.3628	1	374859	1	54.0217	1	289.094	1	110.377	1	0.316228	273.69	301.838
877	18.3628	1	374859	1	54.0217	1	289.094	1	110.377	1	1	274.618	302.637
877	18.3628	1	374859	1	54.0217	1	289.094	1	110.377	1	3.16228	277.374	305.053
877	18.3628	1	374859	1	54.0217	1	289.094	1	110.377	1	10	284.87	311.907
877	18.3628	1	374859	1	54.0217	1	289.094	1	110.377	1	31.6228	300.112	328.242
877	18.3628	1	374859	1	54.0217	1	289.094	1	110.377	1	100	328.608	361.535
878	49.482	1	1.50839e+06	1	52.0267	1	357.798	1	65.8927	1	0	273.249	301.462
878	49.482	1	1.50839e+06	1	52.0267	1	357.798	1	65.8927	1	0.001	273.25	301.463
878	49.482	1	1.50839e+06	1	52.0267	1	357.798	1	65.8927	1	0.00316228	273.253	301.465
878	49.482	1	1.50839e+06	1	52.0267	1	357.798	1	65.8927	1	0.01	273.26	301.472
878	49.482	1	1.50839e+06	1	52.0267	1	357.798	1	65.8927	1	0.0316228	273.282	301.496
878	49.482	1	1.50839e+06	1	52.0267	1	357.798	1	65.8927	1	0.1	273.352	301.569
878	49.482	1	1.50839e+06	1	52.0267	1	357.798	1	65.8927	1	0.316228	273.572	301.8
878	49.482	1	1.50839e+06	1	52.0267	1	357.798	1	65.8927	1	1	274.259	302.522
878	49.482	1	1.50839e+06	1	52.0267	1	357.798	1	65.8927	1	3.16228	276.349	304.715
878	49.482	1	1.50839e+06	1	52.0267	1	357.798	1	65.8927	1	10	282.319	310.965
878	49.482	1	1.50839e+06	1	52.0267	1	357.798	1	65.8927	1	31.6228	296.636	326.059
878	49.482	1	1.50839e+06	1	52.0267	1	357.798	1	65.8927	1	100	322.868	356.204
879	58.1085	1	472647	1	72.2882	1	117.69	1	100.009	1	0	273.249	301.462
879	58.1085	1	472647	1	72.2882	1	117.69	1	100.009	1	0.001	273.251	301.463
879	58.1085	1	472647	1	72.2882	1	117.69	1	100.009	1	0.00316228	273.253	301.466
879	58.1085	1	472647	1	72.2882	1	117.69	1	100.009	1	0.01	273.262	301.474
879	58.1085	1	472647	1	72.2882	1	117.69	1	100.009	1	0.0316228	273.289	301.502
879	58.1085	1	472647	1	72.2882	1	117.69	1	100.009	1	0.1	273.374	301.59
879	58.1085	1	472647	1	72.2882	1	117.69	1	100.009	1	0.316228	273.643	301.867
879	58.1085	1	472647	1	72.2882	1	117.69	1	100.009	1	1	274.487	302.736
879	58.1085	1	472647	1	72.2882	1	117.69	1	100.009	1	3.16228	277.09	305.418
879	58.1085	1	472647	1	72.2882	1	117.69	1	100.009	1	10	284.75	313.295
879	58.1085	1	472647	1	72.2882	1	117.69	1	100.009	1	31.6228	305.708	334.955
879	58.1085	1	472647	1	72.2882	1	117.69	1	100.009	1	100	352.851	385.976
880	33.7683	1	1.4597e+06	1	70.0554	1	279.698	1	61.5804	1	0	273.249	301.462
880	33.7683	1	1.4597e+06	1	70.0554	1	279.698	1	61.5804	1	0.001	273.25	301.463
880	33.7683	1	1.4597e+06	1	70.0554	1	279.698	1	61.5804	1	0.00316228	273.253	301.465
880	33.7683	1	1.4597e+06	1	70.0554	1	279.698	1	61.5804	1	0.01	273.26	301.471
880	33.7683	1	1.4597e+06	1	70.0554	1	279.698	1	61.5804	1	0.0316228	273.282	301.492
880	33.7683	1	1.4597e+06	1	70.0554	1	279.698	1	61.5804	1	0.1	273.353	301.558
880	33.7683	1	1.4597e+06	1	70.0554	1	279.698	1	61.5804	1	0.316228	273.575	301.767
880	33.7683	1	1.4597e+06	1	70.0554	1	279.698	1	61.5804	1	1	274.269	302.421
880	33.7683	1	1.4597e+06	1	70.0554	1	279.698	1	61.5804	1	3.16228	276.384	304.426
880	33.7683	1	1.4597e+06	1	70.0554	1	279.698	1	61.5804	1	10	282.469	310.257
880	33.7683	1	1.4597e+06	1	70.0554	1	279.698	1	61.5804	1	31.6228	297.116	325.236
880	33.7683	1	1.4597e+06	1	70.0554	1	279.698	1	61.5804	1	100	326.118	358.182
881	43.3278	1	729814	1	76.3425	1	542.165	1	144.741	1	0	273.249	301.462
881	43.3278	1	729814	1	76.3425	1	542.165	1	144.741	1	0.001	273.25	301.462
881	43.3278	1	729814	1	76.3425	1	542.165	1	144.741	1	0.00316228	273.252	301.464
881	43.3278	1	729814	1	76.3425	1	542.165	1	144.741	1	0.01	273.257	301.469
881	43.3278	1	729814	1	76.3425	1	542.165	1	144.741	1	0.0316228	273.274	301.485
881	43.3278	1	729814	1	76.3425	1	542.165	1	144.741	1	0.1	273.328	301.537
881	43.3278	1	729814	1	76.3425	1	542.165	1	144.741	1	0.316228	273.497	301.699
881	43.3278	1	729814	1	76.3425	1	542.165	1	144.741	1	1	274.026	302.206
881	43.3278	1	729814	1	76.3425	1	542.165	1	144.741	1	3.16228	275.643	303.761
881	43.3278	1	729814	1	76.3425	1	542.165	1	144.741	1	10	280.325	308.288
881	43.3278	1	729814	1	76.3425	1	542.165	1	144.741	1	31.6228	291.934	319.919
881	43.3278	1	729814	1	76.3425	1	542.165	1	144.741	1	100	313.221	344.268
882	60.0448	1	386107	1	29.3559	1	819.059	1	62.2832	1	0	273.249	301.462
882	60.0448	1	386107	1	29.3559	1	819.059	1	62.2832	1	0.001	273.251	301.463
882	60.0448	1	386107	1	29.3559	1	819.059	1	62.2832	1	0.00316228	273.254	301.466
882	60.0448	1	386107	1	29.3559	1	819.059	1	62.2832	1	0.01	273.263	301.477
882	60.0448	1	386107	1	29.3559	1	819.059	1	62.2832	1	0.0316228	273.291	301.51
882	60.0448	1	386107	1	29.3559	1	819.059	1	62.2832	1	0.1	273.381	301.615
882	60.0448	1	386107	1	29.3559	1	819.059	1	62.2832	1	0.316228	273.662	301.943
882	60.0448	1	386107	1	29.3559	1	819.059	1	62.2832	1	1	274.529	302.954
882	60.0448	1	386107	1	29.3559	1	819.059	1	62.2832	1	3.16228	277.077	305.897
882	60.0448	1	386107	1	29.3559	1	819.059	1	62.2832	1	10	283.69	313.491
882	60.0448	1	386107	1	29.3559	1	819.059	1	62.2832	1	31.6228	297.085	328.539
882	60.0448	1	386107	1	29.3559	1	819.059	1	62.2832	1	100	314.839	349.942
883	31.6554	1	1.01532e+06	1	45.7536	1	169.782	1	81.7783	1	0	273.249	301.462
883	31.6554	1	1.01532e+06	1	45.7536	1	169.782	1	81.7783	1	0.001	273.251	301.463
883	31.6554	1	1.01532e+06	1	45.7536	1	169.782	1	81.7783	1	0.00316228	273.254	301.466
883	31.6554	1	1.01532e+06	1	45.7536	1	169.782	1	81.7783	1	0.01	273.264	301.476
883	31.6554	1	1.01532e+06	1	45.7536	1	169.782	1	81.7783	1	0.0316228	273.295	301.507
883	31.6554	1	1.01532e+06	1	45.7536	1	169.782	1	81.7783	1	0.1	273.394	301.607
883	31.6554	1	1.01532e+06	1	45.7536	1	169.782	1	81.7783	1	0.316228	273.706	301.919
883	31.6554	1	1.01532e+06	1	45.7536	1	169.782	1	81.7783	1	1	274.677	302.893
883	31.6554	1	1.01532e+06	1	45.7536	1	169.782	1	81.7783	1	3.16228	277.621	305.852
883	31.6554	1	1.01532e+06	1	45.7536	1	169.782	1	81.7783	1	10	286.002	314.315
883	31.6554	1	1.01532e+06	1	45.7536	1	169.782	1	81.7783	1	31.6228	306.042	335.266
883	31.6554	1	1.01532e+06	1	45.7536	1	169.782	1	81.7783	1	100	345.075	379.295
884	54.163	1	1.20958e+06	1	76.1367	1	291.376	1	60.0771	1	0	273.249	301.462
884	54.163	1	1.20958e+06	1	76.1367	1	291.376	1	60.0771	1	0.001	273.25	301.462
884	54.163	1	1.20958e+06	1	76.1367	1	291.376	1	60.0771	1	0.00316228	273.252	301.464
884	54.163	1	1.20958e+06	1	76.1367	1	291.376	1	60.0771	1	0.01	273.258	301.47
884	54.163	1	1.20958e+06	1	76.1367	1	291.376	1	60.0771	1	0.0316228	273.277	301.489
884	54.163	1	1.20958e+06	1	76.1367	1	291.376	1	60.0771	1	0.1	273.336	301.549
884	54.163	1	1.20958e+06	1	76.1367	1	291.376	1	60.0771	1	0.316228	273.524	301.739
884	54.163	1	1.20958e+06	1	76.1367	1	291.376	1	60.0771	1	1	274.113	302.332
884	54.163	1	1.20958e+06	1	76.1367	1	291.376	1	60.0771	1	3.16228	275.924	304.162
884	54.163	1	1.20958e+06	1	76.1367	1	291.376	1	60.0771	1	10	281.228	309.525
884	54.163	1	1.20958e+06	1	76.1367	1	291.376	1	60.0771	1	31.6228	294.901	323.588
884	54.163	1	1.20958e+06	1	76.1367	1	291.376	1	60.0771	1	100	323.005	355.333
885	48.8125	1	2.00069e+06	1	36.6119	1	278.764	1	185.584	1	0	273.249	301.462
885	48.8125	1	2.00069e+06	1	36.6119	1	278.764	1	185.584	1	0.001	273.251	301.463
885	48.8125	1	2.00069e+06	1	36.6119	1	278.764	1	185.584	1	0.00316228	273.254	301.466
885	48.8125	1	2.00069e+06	1	36.6119	1	278.764	1	185.584	1	0.01	273.263	301.476
885	48.8125	1	2.00069e+06	1	36.6119	1	278.764	1	185.584	1	0.0316228	273.291	301.507
885	48.8125	1	2.00069e+06	1	36.6119	1	278.764	1	185.584	1	0.1	273.381	301.606
885	48.8125	1	2.00069e+06	1	36.6119	1	278.764	1	185.584	1	0.316228	273.663	301.916
885	48.8125	1	2.00069e+06	1	36.6119	1	278.764	1	185.584	1	1	274.54	302.878
885	48.8125	1	2.00069e+06	1	36.6119	1	278.764	1	185.584	1	3.16228	277.181	305.759
885	48.8125	1	2.00069e+06	1	36.6119	1	278.764	1	185.584	1	10	284.534	313.726
885	48.8125	1	2.00069e+06	1	36.6119	1	278.764	1	185.584	1	31.6228	301.604	331.981
885	48.8125	1	2.00069e+06	1	36.6119	1	278.764	1	185.584	1	100	332.258	366.468
886	68.9798	1	639144	1	73.5357	1	136.134	1	42.7314	1	0	273.249	301.462
886	68.9798	1	639144	1	73.5357	1	136.134	1	42.7314	1	0.001	273.251	301.463
886	68.9798	1	639144	1	73.5357	1	136.134	1	42.7314	1	0.00316228	273.253	301.465
886	68.9798	1	639144	1	73.5357	1	136.134	1	42.7314	1	0.01	273.261	301.474
886	68.9798	1	639144	1	73.5357	1	136.134	1	42.7314	1	0.0316228	273.286	301.5
886	68.9798	1	639144	1	73.5357	1	136.134	1	42.7314	1	0.1	273.364	301.582
886	68.9798	1	639144	1	73.5357	1	136.134	1	42.7314	1	0.316228	273.611	301.84
886	68.9798	1	639144	1	73.5357	1	136.134	1	42.7314	1	1	274.386	302.652
886	68.9798	1	639144	1	73.5357	1	136.134	1	42.7314	1	3.16228	276.779	305.158
886	68.9798	1	639144	1	73.5357	1	136.134	1	42.7314	1	10	283.785	312.482
886	68.9798	1	639144	1	73.5357	1	136.134	1	42.7314	1	31.6228	302.702	332.307
886	68.9798	1	639144	1	73.5357	1	136.134	1	42.7314	1	100	345.22	379.387
887	53.363	1	1.16612e+06	1	137.135	1	339.76	1	94.1212	1	0	273.249	301.462
887	53.363	1	1.16612e+06	1	137.135	1	339.76	1	94.1212	1	0.001	273.25	301.462
887	53.363	1	1.16612e+06	1	137.135	1	339.76	1	94.1212	1	0.00316228	273.251	301.463
887	53.363	1	1.16612e+06	1	137.135	1	339.76	1	94.1212	1	0.01	273.256	301.468
887	53.363	1	1.16612e+06	1	137.135	1	339.76	1	94.1212	1	0.0316228	273.27	301.48
887	53.363	1	1.16612e+06	1	137.135	1	339.76	1	94.1212	1	0.1	273.315	301.521
887	53.363	1	1.16612e+06	1	137.135	1	339.76	1	94.1212	1	0.316228	273.456	301.65
887	53.363	1	1.16612e+06	1	137.135	1	339.76	1	94.1212	1	1	273.898	302.056
887	53.363	1	1.16612e+06	1	137.135	1	339.76	1	94.1212	1	3.16228	275.266	303.318
887	53.363	1	1.16612e+06	1	137.135	1	339.76	1	94.1212	1	10	279.35	307.137
887	53.363	1	1.16612e+06	1	137.135	1	339.76	1	94.1212	1	31.6228	290.418	317.845
887	53.363	1	1.16612e+06	1	137.135	1	339.76	1	94.1212	1	100	314.452	344.191
888	37.5136	1	1.27654e+06	1	51.9974	1	577.042	1	106.767	1	0	273.249	301.462
888	37.5136	1	1.27654e+06	1	51.9974	1	577.042	1	106.767	1	0.001	273.25	301.463
888	37.5136	1	1.27654e+06	1	51.9974	1	577.042	1	106.767	1	0.00316228	273.253	301.465
888	37.5136	1	1.27654e+06	1	51.9974	1	577.042	1	106.767	1	0.01	273.259	301.472
888	37.5136	1	1.27654e+06	1	51.9974	1	577.042	1	106.767	1	0.0316228	273.281	301.493
888	37.5136	1	1.27654e+06	1	51.9974	1	577.042	1	106.767	1	0.1	273.35	301.562
888	37.5136	1	1.27654e+06	1	51.9974	1	577.042	1	106.767	1	0.316228	273.565	301.778
888	37.5136	1	1.27654e+06	1	51.9974	1	577.042	1	106.767	1	1	274.237	302.45
888	37.5136	1	1.27654e+06	1	51.9974	1	577.042	1	106.767	1	3.16228	276.265	304.482
888	37.5136	1	1.27654e+06	1	51.9974	1	577.042	1	106.767	1	10	281.974	310.22
888	37.5136	1	1.27654e+06	1	51.9974	1	577.042	1	106.767	1	31.6228	294.998	323.72
888	37.5136	1	1.27654e+06	1	51.9974	1	577.042	1	106.767	1	100	316.043	348.517
889	36.699	1	726705	1	88.5044	1	401.806	1	79.8775	1	0	273.249	301.462
889	36.699	1	726705	1	88.5044	1	401.806	1	79.8775	1	0.001	273.25	301.462
889	36.699	1	726705	1	88.5044	1	401.806	1	79.8775	1	0.00316228	273.252	301.464
889	36.699	1	726705	1	88.5044	1	401.806	1	79.8775	1	0.01	273.258	301.469
889	36.699	1	726705	1	88.5044	1	401.806	1	79.8775	1	0.0316228	273.276	301.485
889	36.699	1	726705	1	88.5044	1	401.806	1	79.8775	1	0.1	273.333	301.537
889	36.699	1	726705	1	88.5044	1	401.806	1	79.8775	1	0.316228	273.512	301.699
889	36.699	1	726705	1	88.5044	1	401.806	1	79.8775	1	1	274.072	302.207
889	36.699	1	726705	1	88.5044	1	401.806	1	79.8775	1	3.16228	275.78	303.772
889	36.699	1	726705	1	88.5044	1	401.806	1	79.8775	1	10	280.74	308.384
889	36.699	1	726705	1	88.5044	1	401.806	1	79.8775	1	31.6228	292.85	320.402
889	36.699	1	726705	1	88.5044	1	401.806	1	79.8775	1	100	316.341	347.243
890	47.1015	1	1.59903e+06	1	69.9246	1	246.067	1	55.8985	1	0	273.249	301.462
890	47.1015	1	1.59903e+06	1	69.9246	1	246.067	1	55.8985	1	0.001	273.25	301.463
890	47.1015	1	1.59903e+06	1	69.9246	1	246.067	1	55.8985	1	0.00316228	273.253	301.465
890	47.1015	1	1.59903e+06	1	69.9246	1	246.067	1	55.8985	1	0.01	273.259	301.471
890	47.1015	1	1.59903e+06	1	69.9246	1	246.067	1	55.8985	1	0.0316228	273.281	301.493
890	47.1015	1	1.59903e+06	1	69.9246	1	246.067	1	55.8985	1	0.1	273.348	301.56
890	47.1015	1	1.59903e+06	1	69.9246	1	246.067	1	55.8985	1	0.316228	273.56	301.772
890	47.1015	1	1.59903e+06	1	69.9246	1	246.067	1	55.8985	1	1	274.224	302.437
890	47.1015	1	1.59903e+06	1	69.9246	1	246.067	1	55.8985	1	3.16228	276.263	304.484
890	47.1015	1	1.59903e+06	1	69.9246	1	246.067	1	55.8985	1	10	282.204	310.45
890	47.1015	1	1.59903e+06	1	69.9246	1	246.067	1	55.8985	1	31.6228	297.288	325.999
890	47.1015	1	1.59903e+06	1	69.9246	1	246.067	1	55.8985	1	100	328.382	361.053
891	22.5874	1	1.40272e+06	1	77.3043	1	585.969	1	68.7707	1	0	273.249	301.462
891	22.5874	1	1.40272e+06	1	77.3043	1	585.969	1	68.7707	1	0.001	273.25	301.462
891	22.5874	1	1.40272e+06	1	77.3043	1	585.969	1	68.7707	1	0.00316228	273.253	301.464
891	22.5874	1	1.40272e+06	1	77.3043	1	585.969	1	68.7707	1	0.01	273.259	301.47
891	22.5874	1	1.40272e+06	1	77.3043	1	585.969	1	68.7707	1	0.0316228	273.281	301.487
891	22.5874	1	1.40272e+06	1	77.3043	1	585.969	1	68.7707	1	0.1	273.35	301.543
891	22.5874	1	1.40272e+06	1	77.3043	1	585.969	1	68.7707	1	0.316228	273.565	301.718
891	22.5874	1	1.40272e+06	1	77.3043	1	585.969	1	68.7707	1	1	274.233	302.264
891	22.5874	1	1.40272e+06	1	77.3043	1	585.969	1	68.7707	1	3.16228	276.215	303.921
891	22.5874	1	1.40272e+06	1	77.3043	1	585.969	1	68.7707	1	10	281.705	308.692
891	22.5874	1	1.40272e+06	1	77.3043	1	585.969	1	68.7707	1	31.6228	292.992	320.291
891	22.5874	1	1.40272e+06	1	77.3043	1	585.969	1	68.7707	1	100	312.547	343.698
892	50.261	1	1.34479e+06	1	34.9705	1	293.622	1	52.4399	1	0	273.249	301.462
892	50.261	1	1.34479e+06	1	34.9705	1	293.622	1	52.4399	1	0.001	273.251	301.463
892	50.261	1	1.34479e+06	1	34.9705	1	293.622	1	52.4399	1	0.00316228	273.254	301.466
892	50.261	1	1.34479e+06	1	34.9705	1	293.622	1	52.4399	1	0.01	273.263	301.477
892	50.261	1	1.34479e+06	1	34.9705	1	293.622	1	52.4399	1	0.0316228	273.292	301.509
892	50.261	1	1.34479e+06	1	34.9705	1	293.622	1	52.4399	1	0.1	273.384	301.612
892	50.261	1	1.34479e+06	1	34.9705	1	293.622	1	52.4399	1	0.316228	273.675	301.934
892	50.261	1	1.34479e+06	1	34.9705	1	293.622	1	52.4399	1	1	274.576	302.933
892	50.261	1	1.34479e+06	1	34.9705	1	293.622	1	52.4399	1	3.16228	277.278	305.912
892	50.261	1	1.34479e+06	1	34.9705	1	293.622	1	52.4399	1	10	284.704	314.047
892	50.261	1	1.34479e+06	1	34.9705	1	293.622	1	52.4399	1	31.6228	301.384	332.173
892	50.261	1	1.34479e+06	1	34.9705	1	293.622	1	52.4399	1	100	330.335	365.541
893	43.6066	1	2.20751e+06	1	46.7844	1	641.689	1	131.12	1	0	273.249	301.462
893	43.6066	1	2.20751e+06	1	46.7844	1	641.689	1	131.12	1	0.001	273.25	301.463
893	43.6066	1	2.20751e+06	1	46.7844	1	641.689	1	131.12	1	0.00316228	273.253	301.465
893	43.6066	1	2.20751e+06	1	46.7844	1	641.689	1	131.12	1	0.01	273.26	301.472
893	43.6066	1	2.20751e+06	1	46.7844	1	641.689	1	131.12	1	0.0316228	273.281	301.495
893	43.6066	1	2.20751e+06	1	46.7844	1	641.689	1	131.12	1	0.1	273.351	301.568
893	43.6066	1	2.20751e+06	1	46.7844	1	641.689	1	131.12	1	0.316228	273.568	301.795
893	43.6066	1	2.20751e+06	1	46.7844	1	641.689	1	131.12	1	1	274.246	302.504
893	43.6066	1	2.20751e+06	1	46.7844	1	641.689	1	131.12	1	3.16228	276.288	304.638
893	43.6066	1	2.20751e+06	1	46.7844	1	641.689	1	131.12	1	10	282.003	310.594
893	43.6066	1	2.20751e+06	1	46.7844	1	641.689	1	131.12	1	31.6228	295.029	324.275
893	43.6066	1	2.20751e+06	1	46.7844	1	641.689	1	131.12	1	100	315.507	348.232
894	37.102	1	989835	1	85.7414	1	545.583	1	82.406	1	0	273.249	301.462
894	37.102	1	989835	1	85.7414	1	545.583	1	82.406	1	0.001	273.25	301.462
894	37.102	1	989835	1	85.7414	1	545.583	1	82.406	1	0.00316228	273.252	301.464
894	37.102	1	989835	1	85.7414	1	545.583	1	82.406	1	0.01	273.257	301.469
894	37.102	1	989835	1	85.7414	1	545.583	1	82.406	1	0.0316228	273.274	301.484
894	37.102	1	989835	1	85.7414	1	545.583	1	82.406	1	0.1	273.328	301.533
894	37.102	1	989835	1	85.7414	1	545.583	1	82.406	1	0.316228	273.499	301.687
894	37.102	1	989835	1	85.7414	1	545.583	1	82.406	1	1	274.03	302.169
894	37.102	1	989835	1	85.7414	1	545.583	1	82.406	1	3.16228	275.648	303.649
894	37.102	1	989835	1	85.7414	1	545.583	1	82.406	1	10	280.316	307.983
894	37.102	1	989835	1	85.7414	1	545.583	1	82.406	1	31.6228	291.523	319.098
894	37.102	1	989835	1	85.7414	1	545.583	1	82.406	1	100	312.011	342.839
895	47.1984	1	431156	1	24.3819	1	622.651	1	74.4998	1	0	273.249	301.462
895	47.1984	1	431156	1	24.3819	1	622.651	1	74.4998	1	0.001	273.251	301.463
895	47.1984	1	431156	1	24.3819	1	622.651	1	74.4998	1	0.00316228	273.254	301.467
895	47.1984	1	431156	1	24.3819	1	622.651	1	74.4998	1	0.01	273.265	301.48
895	47.1984	1	431156	1	24.3819	1	622.651	1	74.4998	1	0.0316228	273.3	301.52
895	47.1984	1	431156	1	24.3819	1	622.651	1	74.4998	1	0.1	273.409	301.646
895	47.1984	1	431156	1	24.3819	1	622.651	1	74.4998	1	0.316228	273.749	302.042
895	47.1984	1	431156	1	24.3819	1	622.651	1	74.4998	1	1	274.796	303.252
895	47.1984	1	431156	1	24.3819	1	622.651	1	74.4998	1	3.16228	277.831	306.728
895	47.1984	1	431156	1	24.3819	1	622.651	1	74.4998	1	10	285.54	315.491
895	47.1984	1	431156	1	24.3819	1	622.651	1	74.4998	1	31.6228	300.469	332.074
895	47.1984	1	431156	1	24.3819	1	622.651	1	74.4998	1	100	320.221	355.48
896	49.2598	1	1.58656e+06	1	74.7069	1	1734.3	1	81.2275	1	0	273.249	301.462
896	49.2598	1	1.58656e+06	1	74.7069	1	1734.3	1	81.2275	1	0.001	273.25	301.462
896	49.2598	1	1.58656e+06	1	74.7069	1	1734.3	1	81.2275	1	0.00316228	273.252	301.464
896	49.2598	1	1.58656e+06	1	74.7069	1	1734.3	1	81.2275	1	0.01	273.256	301.468
896	49.2598	1	1.58656e+06	1	74.7069	1	1734.3	1	81.2275	1	0.0316228	273.271	301.483
896	49.2598	1	1.58656e+06	1	74.7069	1	1734.3	1	81.2275	1	0.1	273.317	301.528
896	49.2598	1	1.58656e+06	1	74.7069	1	1734.3	1	81.2275	1	0.316228	273.463	301.671
896	49.2598	1	1.58656e+06	1	74.7069	1	1734.3	1	81.2275	1	1	273.919	302.118
896	49.2598	1	1.58656e+06	1	74.7069	1	1734.3	1	81.2275	1	3.16228	275.307	303.483
896	49.2598	1	1.58656e+06	1	74.7069	1	1734.3	1	81.2275	1	10	279.265	307.381
896	49.2598	1	1.58656e+06	1	74.7069	1	1734.3	1	81.2275	1	31.6228	288.699	316.956
896	49.2598	1	1.58656e+06	1	74.7069	1	1734.3	1	81.2275	1	100	302.972	334.135
897	47.2157	1	720736	1	29.34	1	501.286	1	77.2125	1	0	273.249	301.462
897	47.2157	1	720736	1	29.34	1	501.286	1	77.2125	1	0.001	273.251	301.463
897	47.2157	1	720736	1	29.34	1	501.286	1	77.2125	1	0.00316228	273.254	301.467
897	47.2157	1	720736	1	29.34	1	501.286	1	77.2125	1	0.01	273.264	301.478
897	47.2157	1	720736	1	29.34	1	501.286	1	77.2125	1	0.0316228	273.294	301.512
897	47.2157	1	720736	1	29.34	1	501.286	1	77.2125	1	0.1	273.391	301.622
897	47.2157	1	720736	1	29.34	1	501.286	1	77.2125	1	0.316228	273.694	301.965
897	47.2157	1	720736	1	29.34	1	501.286	1	77.2125	1	1	274.631	303.024
897	47.2157	1	720736	1	29.34	1	501.286	1	77.2125	1	3.16228	277.392	306.121
897	47.2157	1	720736	1	29.34	1	501.286	1	77.2125	1	10	284.656	314.2
897	47.2157	1	720736	1	29.34	1	501.286	1	77.2125	1	31.6228	299.795	330.806
897	47.2157	1	720736	1	29.34	1	501.286	1	77.2125	1	100	322.096	356.908
898	36.8064	1	693733	1	54.605	1	1521.75	1	104.352	1	0	273.249	301.462
898	36.8064	1	693733	1	54.605	1	1521.75	1	104.352	1	0.001	273.25	301.462
898	36.8064	1	693733	1	54.605	1	1521.75	1	104.352	1	0.00316228	273.252	301.464
898	36.8064	1	693733	1	54.605	1	1521.75	1	104.352	1	0.01	273.258	301.47
898	36.8064	1	693733	1	54.605	1	1521.75	1	104.352	1	0.0316228	273.278	301.49
898	36.8064	1	693733	1	54.605	1	1521.75	1	104.352	1	0.1	273.339	301.55
898	36.8064	1	693733	1	54.605	1	1521.75	1	104.352	1	0.316228	273.533	301.74
898	36.8064	1	693733	1	54.605	1	1521.75	1	104.352	1	1	274.135	302.332
898	36.8064	1	693733	1	54.605	1	1521.75	1	104.352	1	3.16228	275.945	304.116
898	36.8064	1	693733	1	54.605	1	1521.75	1	104.352	1	10	280.978	309.099
898	36.8064	1	693733	1	54.605	1	1521.75	1	104.352	1	31.6228	292.064	320.537
898	36.8064	1	693733	1	54.605	1	1521.75	1	104.352	1	100	307.083	339.014
899	34.504	1	841466	1	38.9361	1	192.517	1	88.6974	1	0	273.249	301.462
899	34.504	1	841466	1	38.9361	1	192.517	1	88.6974	1	0.001	273.251	301.463
899	34.504	1	841466	1	38.9361	1	192.517	1	88.6974	1	0.00316228	273.254	301.466
899	34.504	1	841466	1	38.9361	1	192.517	1	88.6974	1	0.01	273.264	301.477
899	34.504	1	841466	1	38.9361	1	192.517	1	88.6974	1	0.0316228	273.296	301.51
899	34.504	1	841466	1	38.9361	1	192.517	1	88.6974	1	0.1	273.398	301.616
899	34.504	1	841466	1	38.9361	1	192.517	1	88.6974	1	0.316228	273.716	301.947
899	34.504	1	841466	1	38.9361	1	192.517	1	88.6974	1	1	274.708	302.977
899	34.504	1	841466	1	38.9361	1	192.517	1	88.6974	1	3.16228	277.701	306.079
899	34.504	1	841466	1	38.9361	1	192.517	1	88.6974	1	10	286.117	314.801
899	34.504	1	841466	1	38.9361	1	192.517	1	88.6974	1	31.6228	305.747	335.519
899	34.504	1	841466	1	38.9361	1	192.517	1	88.6974	1	100	342.523	377.163
900	33.7167	1	2.51969e+06	1	39.7645	1	324.938	1	75.1936	1	0	273.249	301.462
900	33.7167	1	2.51969e+06	1	39.7645	1	324.938	1	75.1936	1	0.001	273.251	301.463
900	33.7167	1	2.51969e+06	1	39.7645	1	324.938	1	75.1936	1	0.00316228	273.254	301.466
900	33.7167	1	2.51969e+06	1	39.7645	1	324.938	1	75.1936	1	0.01	273.263	301.475
900	33.7167	1	2.51969e+06	1	39.7645	1	324.938	1	75.1936	1	0.0316228	273.291	301.505
900	33.7167	1	2.51969e+06	1	39.7645	1	324.938	1	75.1936	1	0.1	273.381	301.597
900	33.7167	1	2.51969e+06	1	39.7645	1	324.938	1	75.1936	1	0.316228	273.664	301.89
900	33.7167	1	2.51969e+06	1	39.7645	1	324.938	1	75.1936	1	1	274.544	302.797
900	33.7167	1	2.51969e+06	1	39.7645	1	324.938	1	75.1936	1	3.16228	277.184	305.516
900	33.7167	1	2.51969e+06	1	39.7645	1	324.938	1	75.1936	1	10	284.515	313.074
900	33.7167	1	2.51969e+06	1	39.7645	1	324.938	1	75.1936	1	31.6228	300.722	330.269
900	33.7167	1	2.51969e+06	1	39.7645	1	324.938	1	75.1936	1	100	328.275	362.237
901	37.5025	1	610995	1	81.8175	1	486.343	1	86.9166	1	0	273.249	301.462
901	37.5025	1	610995	1	81.8175	1	486.343	1	86.9166	1	0.001	273.25	301.462
901	37.5025	1	610995	1	81.8175	1	486.343	1	86.9166	1	0.00316228	273.252	301.464
901	37.5025	1	610995	1	81.8175	1	486.343	1	86.9166	1	0.01	273.258	301.469
901	37.5025	1	610995	1	81.8175	1	486.343	1	86.9166	1	0.0316228	273.275	301.485
901	37.5025	1	610995	1	81.8175	1	486.343	1	86.9166	1	0.1	273.331	301.537
901	37.5025	1	610995	1	81.8175	1	486.343	1	86.9166	1	0.316228	273.508	301.699
901	37.5025	1	610995	1	81.8175	1	486.343	1	86.9166	1	1	274.059	302.206
901	37.5025	1	610995	1	81.8175	1	486.343	1	86.9166	1	3.16228	275.739	303.764
901	37.5025	1	610995	1	81.8175	1	486.343	1	86.9166	1	10	280.593	308.322
901	37.5025	1	610995	1	81.8175	1	486.343	1	86.9166	1	31.6228	292.319	320.012
901	37.5025	1	610995	1	81.8175	1	486.343	1	86.9166	1	100	314.065	345.099
902	54.6974	1	924335	1	106.802	1	137.478	1	85.6478	1	0	273.249	301.462
902	54.6974	1	924335	1	106.802	1	137.478	1	85.6478	1	0.001	273.25	301.463
902	54.6974	1	924335	1	106.802	1	137.478	1	85.6478	1	0.00316228	273.253	301.465
902	54.6974	1	924335	1	106.802	1	137.478	1	85.6478	1	0.01	273.26	301.472
902	54.6974	1	924335	1	106.802	1	137.478	1	85.6478	1	0.0316228	273.282	301.494
902	54.6974	1	924335	1	106.802	1	137.478	1	85.6478	1	0.1	273.353	301.563
902	54.6974	1	924335	1	106.802	1	137.478	1	85.6478	1	0.316228	273.576	301.783
902	54.6974	1	924335	1	106.802	1	137.478	1	85.6478	1	1	274.278	302.472
902	54.6974	1	924335	1	106.802	1	137.478	1	85.6478	1	3.16228	276.448	304.613
902	54.6974	1	924335	1	106.802	1	137.478	1	85.6478	1	10	282.904	311.006
902	54.6974	1	924335	1	106.802	1	137.478	1	85.6478	1	31.6228	300.872	329.095
902	54.6974	1	924335	1	106.802	1	137.478	1	85.6478	1	100	341.79	373.305
903	49.9325	1	549983	1	21.118	1	409.542	1	146.584	1	0	273.249	301.462
903	49.9325	1	549983	1	21.118	1	409.542	1	146.584	1	0.001	273.251	301.464
903	49.9325	1	549983	1	21.118	1	409.542	1	146.584	1	0.00316228	273.255	301.468
903	49.9325	1	549983	1	21.118	1	409.542	1	146.584	1	0.01	273.268	301.483
903	49.9325	1	549983	1	21.118	1	409.542	1	146.584	1	0.0316228	273.307	301.53
903	49.9325	1	549983	1	21.118	1	409.542	1	146.584	1	0.1	273.432	301.677
903	49.9325	1	549983	1	21.118	1	409.542	1	146.584	1	0.316228	273.821	302.136
903	49.9325	1	549983	1	21.118	1	409.542	1	146.584	1	1	275.013	303.537
903	49.9325	1	549983	1	21.118	1	409.542	1	146.584	1	3.16228	278.444	307.527
903	49.9325	1	549983	1	21.118	1	409.542	1	146.584	1	10	287.01	317.399
903	49.9325	1	549983	1	21.118	1	409.542	1	146.584	1	31.6228	303.74	335.95
903	49.9325	1	549983	1	21.118	1	409.542	1	146.584	1	100	328.113	363.733
904	23.2133	1	892610	1	87.4708	1	279.737	1	71.8587	1	0	273.249	301.462
904	23.2133	1	892610	1	87.4708	1	279.737	1	71.8587	1	0.001	273.251	301.462
904	23.2133	1	892610	1	87.4708	1	279.737	1	71.8587	1	0.00316228	273.253	301.464
904	23.2133	1	892610	1	87.4708	1	279.737	1	71.8587	1	0.01	273.26	301.471
904	23.2133	1	892610	1	87.4708	1	279.737	1	71.8587	1	0.0316228	273.284	301.49
904	23.2133	1	892610	1	87.4708	1	279.737	1	71.8587	1	0.1	273.358	301.551
904	23.2133	1	892610	1	87.4708	1	279.737	1	71.8587	1	0.316228	273.591	301.743
904	23.2133	1	892610	1	87.4708	1	279.737	1	71.8587	1	1	274.316	302.346
904	23.2133	1	892610	1	87.4708	1	279.737	1	71.8587	1	3.16228	276.488	304.189
904	23.2133	1	892610	1	87.4708	1	279.737	1	71.8587	1	10	282.642	309.612
904	23.2133	1	892610	1	87.4708	1	279.737	1	71.8587	1	31.6228	296.39	323.563
904	23.2133	1	892610	1	87.4708	1	279.737	1	71.8587	1	100	324.203	355.42
905	23.0891	1	1.02466e+06	1	86.5894	1	145.902	1	85.7958	1	0	273.249	301.462
905	23.0891	1	1.02466e+06	1	86.5894	1	145.902	1	85.7958	1	0.001	273.251	301.463
905	23.0891	1	1.02466e+06	1	86.5894	1	145.902	1	85.7958	1	0.00316228	273.254	301.465
905	23.0891	1	1.02466e+06	1	86.5894	1	145.902	1	85.7958	1	0.01	273.263	301.473
905	23.0891	1	1.02466e+06	1	86.5894	1	145.902	1	85.7958	1	0.0316228	273.292	301.498
905	23.0891	1	1.02466e+06	1	86.5894	1	145.902	1	85.7958	1	0.1	273.383	301.577
905	23.0891	1	1.02466e+06	1	86.5894	1	145.902	1	85.7958	1	0.316228	273.669	301.824
905	23.0891	1	1.02466e+06	1	86.5894	1	145.902	1	85.7958	1	1	274.562	302.601
905	23.0891	1	1.02466e+06	1	86.5894	1	145.902	1	85.7958	1	3.16228	277.258	304.985
905	23.0891	1	1.02466e+06	1	86.5894	1	145.902	1	85.7958	1	10	284.976	312.016
905	23.0891	1	1.02466e+06	1	86.5894	1	145.902	1	85.7958	1	31.6228	303.455	330.793
905	23.0891	1	1.02466e+06	1	86.5894	1	145.902	1	85.7958	1	100	343.488	375.437
906	58.2705	1	1.32911e+06	1	89.0247	1	252.182	1	130.401	1	0	273.249	301.462
906	58.2705	1	1.32911e+06	1	89.0247	1	252.182	1	130.401	1	0.001	273.25	301.462
906	58.2705	1	1.32911e+06	1	89.0247	1	252.182	1	130.401	1	0.00316228	273.252	301.464
906	58.2705	1	1.32911e+06	1	89.0247	1	252.182	1	130.401	1	0.01	273.258	301.47
906	58.2705	1	1.32911e+06	1	89.0247	1	252.182	1	130.401	1	0.0316228	273.276	301.488
906	58.2705	1	1.32911e+06	1	89.0247	1	252.182	1	130.401	1	0.1	273.332	301.544
906	58.2705	1	1.32911e+06	1	89.0247	1	252.182	1	130.401	1	0.316228	273.51	301.722
906	58.2705	1	1.32911e+06	1	89.0247	1	252.182	1	130.401	1	1	274.07	302.28
906	58.2705	1	1.32911e+06	1	89.0247	1	252.182	1	130.401	1	3.16228	275.802	304.011
906	58.2705	1	1.32911e+06	1	89.0247	1	252.182	1	130.401	1	10	280.945	309.164
906	58.2705	1	1.32911e+06	1	89.0247	1	252.182	1	130.401	1	31.6228	294.765	323.175
906	58.2705	1	1.32911e+06	1	89.0247	1	252.182	1	130.401	1	100	325.472	356.684
907	30.2335	1	478701	1	110.709	1	347.362	1	102.336	1	0	273.249	301.462
907	30.2335	1	478701	1	110.709	1	347.362	1	102.336	1	0.001	273.25	301.462
907	30.2335	1	478701	1	110.709	1	347.362	1	102.336	1	0.00316228	273.252	301.464
907	30.2335	1	478701	1	110.709	1	347.362	1	102.336	1	0.01	273.258	301.469
907	30.2335	1	478701	1	110.709	1	347.362	1	102.336	1	0.0316228	273.276	301.484
907	30.2335	1	478701	1	110.709	1	347.362	1	102.336	1	0.1	273.334	301.532
907	30.2335	1	478701	1	110.709	1	347.362	1	102.336	1	0.316228	273.517	301.684
907	30.2335	1	478701	1	110.709	1	347.362	1	102.336	1	1	274.088	302.161
907	30.2335	1	478701	1	110.709	1	347.362	1	102.336	1	3.16228	275.82	303.632
907	30.2335	1	478701	1	110.709	1	347.362	1	102.336	1	10	280.819	308.009
907	30.2335	1	478701	1	110.709	1	347.362	1	102.336	1	31.6228	292.974	319.812
907	30.2335	1	478701	1	110.709	1	347.362	1	102.336	1	100	317.075	347.193
908	51.1049	1	3.089e+06	1	67.271	1	341.344	1	69.3809	1	0	273.249	301.462
908	51.1049	1	3.089e+06	1	67.271	1	341.344	1	69.3809	1	0.001	273.25	301.462
908	51.1049	1	3.089e+06	1	67.271	1	341.344	1	69.3809	1	0.00316228	273.252	301.464
908	51.1049	1	3.089e+06	1	67.271	1	341.344	1	69.3809	1	0.01	273.258	301.471
908	51.1049	1	3.089e+06	1	67.271	1	341.344	1	69.3809	1	0.0316228	273.278	301.49
908	51.1049	1	3.089e+06	1	67.271	1	341.344	1	69.3809	1	0.1	273.339	301.552
908	51.1049	1	3.089e+06	1	67.271	1	341.344	1	69.3809	1	0.316228	273.531	301.748
908	51.1049	1	3.089e+06	1	67.271	1	341.344	1	69.3809	1	1	274.134	302.361
908	51.1049	1	3.089e+06	1	67.271	1	341.344	1	69.3809	1	3.16228	275.982	304.24
908	51.1049	1	3.089e+06	1	67.271	1	341.344	1	69.3809	1	10	281.356	309.702
908	51.1049	1	3.089e+06	1	67.271	1	341.344	1	69.3809	1	31.6228	294.861	323.662
908	51.1049	1	3.089e+06	1	67.271	1	341.344	1	69.3809	1	100	321.276	353.703
909	37.6645	1	414613	1	32.8679	1	300.398	1	64.1038	1	0	273.249	301.462
909	37.6645	1	414613	1	32.8679	1	300.398	1	64.1038	1	0.001	273.251	301.463
909	37.6645	1	414613	1	32.8679	1	300.398	1	64.1038	1	0.00316228	273.254	301.467
909	37.6645	1	414613	1	32.8679	1	300.398	1	64.1038	1	0.01	273.264	301.477
909	37.6645	1	414613	1	32.8679	1	300.398	1	64.1038	1	0.0316228	273.296	301.512
909	37.6645	1	414613	1	32.8679	1	300.398	1	64.1038	1	0.1	273.396	301.62
909	37.6645	1	414613	1	32.8679	1	300.398	1	64.1038	1	0.316228	273.71	301.96
909	37.6645	1	414613	1	32.8679	1	300.398	1	64.1038	1	1	274.686	303.011
909	37.6645	1	414613	1	32.8679	1	300.398	1	64.1038	1	3.16228	277.592	306.13
909	37.6645	1	414613	1	32.8679	1	300.398	1	64.1038	1	10	285.518	314.591
909	37.6645	1	414613	1	32.8679	1	300.398	1	64.1038	1	31.6228	302.67	333.078
909	37.6645	1	414613	1	32.8679	1	300.398	1	64.1038	1	100	331.309	366.147
910	57.0286	1	982082	1	40.3244	1	304.492	1	76.8859	1	0	273.249	301.462
910	57.0286	1	982082	1	40.3244	1	304.492	1	76.8859	1	0.001	273.251	301.463
910	57.0286	1	982082	1	40.3244	1	304.492	1	76.8859	1	0.00316228	273.253	301.466
910	57.0286	1	982082	1	40.3244	1	304.492	1	76.8859	1	0.01	273.261	301.475
910	57.0286	1	982082	1	40.3244	1	304.492	1	76.8859	1	0.0316228	273.287	301.503
910	57.0286	1	982082	1	40.3244	1	304.492	1	76.8859	1	0.1	273.369	301.594
910	57.0286	1	982082	1	40.3244	1	304.492	1	76.8859	1	0.316228	273.626	301.878
910	57.0286	1	982082	1	40.3244	1	304.492	1	76.8859	1	1	274.426	302.763
910	57.0286	1	982082	1	40.3244	1	304.492	1	76.8859	1	3.16228	276.843	305.421
910	57.0286	1	982082	1	40.3244	1	304.492	1	76.8859	1	10	283.628	312.841
910	57.0286	1	982082	1	40.3244	1	304.492	1	76.8859	1	31.6228	299.536	330.011
910	57.0286	1	982082	1	40.3244	1	304.492	1	76.8859	1	100	328.393	362.823
911	45.5815	1	1.43739e+06	1	88.4109	1	203.912	1	108.653	1	0	273.249	301.462
911	45.5815	1	1.43739e+06	1	88.4109	1	203.912	1	108.653	1	0.001	273.25	301.462
911	45.5815	1	1.43739e+06	1	88.4109	1	203.912	1	108.653	1	0.00316228	273.252	301.464
911	45.5815	1	1.43739e+06	1	88.4109	1	203.912	1	108.653	1	0.01	273.259	301.471
911	45.5815	1	1.43739e+06	1	88.4109	1	203.912	1	108.653	1	0.0316228	273.28	301.491
911	45.5815	1	1.43739e+06	1	88.4109	1	203.912	1	108.653	1	0.1	273.345	301.553
911	45.5815	1	1.43739e+06	1	88.4109	1	203.912	1	108.653	1	0.316228	273.55	301.751
911	45.5815	1	1.43739e+06	1	88.4109	1	203.912	1	108.653	1	1	274.193	302.373
911	45.5815	1	1.43739e+06	1	88.4109	1	203.912	1	108.653	1	3.16228	276.178	304.298
911	45.5815	1	1.43739e+06	1	88.4109	1	203.912	1	108.653	1	10	282.047	310.028
911	45.5815	1	1.43739e+06	1	88.4109	1	203.912	1	108.653	1	31.6228	297.573	325.609
911	45.5815	1	1.43739e+06	1	88.4109	1	203.912	1	108.653	1	100	331.616	362.997
912	48.8953	1	2.68439e+06	1	76.5353	1	630.868	1	89.6705	1	0	273.249	301.462
912	48.8953	1	2.68439e+06	1	76.5353	1	630.868	1	89.6705	1	0.001	273.25	301.462
912	48.8953	1	2.68439e+06	1	76.5353	1	630.868	1	89.6705	1	0.00316228	273.252	301.464
912	48.8953	1	2.68439e+06	1	76.5353	1	630.868	1	89.6705	1	0.01	273.257	301.469
912	48.8953	1	2.68439e+06	1	76.5353	1	630.868	1	89.6705	1	0.0316228	273.273	301.485
912	48.8953	1	2.68439e+06	1	76.5353	1	630.868	1	89.6705	1	0.1	273.324	301.534
912	48.8953	1	2.68439e+06	1	76.5353	1	630.868	1	89.6705	1	0.316228	273.484	301.691
912	48.8953	1	2.68439e+06	1	76.5353	1	630.868	1	89.6705	1	1	273.985	302.183
912	48.8953	1	2.68439e+06	1	76.5353	1	630.868	1	89.6705	1	3.16228	275.519	303.692
912	48.8953	1	2.68439e+06	1	76.5353	1	630.868	1	89.6705	1	10	279.96	308.07
912	48.8953	1	2.68439e+06	1	76.5353	1	630.868	1	89.6705	1	31.6228	290.961	319.22
912	48.8953	1	2.68439e+06	1	76.5353	1	630.868	1	89.6705	1	100	310.765	342.053
913	55.294	1	851594	1	55.0581	1	602.751	1	87.4872	1	0	273.249	301.462
913	55.294	1	851594	1	55.0581	1	602.751	1	87.4872	1	0.001	273.25	301.462
913	55.294	1	851594	1	55.0581	1	602.751	1	87.4872	1	0.00316228	273.252	301.465
913	55.294	1	851594	1	55.0581	1	602.751	1	87.4872	1	0.01	273.258	301.471
913	55.294	1	851594	1	55.0581	1	602.751	1	87.4872	1	0.0316228	273.277	301.491
913	55.294	1	851594	1	55.0581	1	602.751	1	87.4872	1	0.1	273.337	301.555
913	55.294	1	851594	1	55.0581	1	602.751	1	87.4872	1	0.316228	273.526	301.755
913	55.294	1	851594	1	55.0581	1	602.751	1	87.4872	1	1	274.116	302.38
913	55.294	1	851594	1	55.0581	1	602.751	1	87.4872	1	3.16228	275.909	304.277
913	55.294	1	851594	1	55.0581	1	602.751	1	87.4872	1	10	281.013	309.658
913	55.294	1	851594	1	55.0581	1	602.751	1	87.4872	1	31.6228	293.2	322.524
913	55.294	1	851594	1	55.0581	1	602.751	1	87.4872	1	100	314.044	346.683
914	44.3363	1	531436	1	74.4456	1	180.098	1	114.433	1	0	273.249	301.462
914	44.3363	1	531436	1	74.4456	1	180.098	1	114.433	1	0.001	273.25	301.463
914	44.3363	1	531436	1	74.4456	1	180.098	1	114.433	1	0.00316228	273.253	301.465
914	44.3363	1	531436	1	74.4456	1	180.098	1	114.433	1	0.01	273.26	301.472
914	44.3363	1	531436	1	74.4456	1	180.098	1	114.433	1	0.0316228	273.283	301.495
914	44.3363	1	531436	1	74.4456	1	180.098	1	114.433	1	0.1	273.356	301.567
914	44.3363	1	531436	1	74.4456	1	180.098	1	114.433	1	0.316228	273.587	301.794
914	44.3363	1	531436	1	74.4456	1	180.098	1	114.433	1	1	274.31	302.508
914	44.3363	1	531436	1	74.4456	1	180.098	1	114.433	1	3.16228	276.534	304.708
914	44.3363	1	531436	1	74.4456	1	180.098	1	114.433	1	10	283.075	311.199
914	44.3363	1	531436	1	74.4456	1	180.098	1	114.433	1	31.6228	300.293	328.696
914	44.3363	1	531436	1	74.4456	1	180.098	1	114.433	1	100	337.362	369.515
915	38.7767	1	961649	1	129.182	1	324.254	1	98.6123	1	0	273.249	301.462
915	38.7767	1	961649	1	129.182	1	324.254	1	98.6123	1	0.001	273.25	301.462
915	38.7767	1	961649	1	129.182	1	324.254	1	98.6123	1	0.00316228	273.252	301.464
915	38.7767	1	961649	1	129.182	1	324.254	1	98.6123	1	0.01	273.257	301.468
915	38.7767	1	961649	1	129.182	1	324.254	1	98.6123	1	0.0316228	273.273	301.482
915	38.7767	1	961649	1	129.182	1	324.254	1	98.6123	1	0.1	273.324	301.526
915	38.7767	1	961649	1	129.182	1	324.254	1	98.6123	1	0.316228	273.486	301.666
915	38.7767	1	961649	1	129.182	1	324.254	1	98.6123	1	1	273.993	302.105
915	38.7767	1	961649	1	129.182	1	324.254	1	98.6123	1	3.16228	275.546	303.466
915	38.7767	1	961649	1	129.182	1	324.254	1	98.6123	1	10	280.119	307.565
915	38.7767	1	961649	1	129.182	1	324.254	1	98.6123	1	31.6228	291.897	318.889
915	38.7767	1	961649	1	129.182	1	324.254	1	98.6123	1	100	316.564	346.261
916	43.047	1	340378	1	37.6121	1	233.391	1	144.427	1	0	273.249	301.462
916	43.047	1	340378	1	37.6121	1	233.391	1	144.427	1	0.001	273.251	301.463
916	43.047	1	340378	1	37.6121	1	233.391	1	144.427	1	0.00316228	273.254	301.466
916	43.047	1	340378	1	37.6121	1	233.391	1	144.427	1	0.01	273.263	301.476
916	43.047	1	340378	1	37.6121	1	233.391	1	144.427	1	0.0316228	273.293	301.508
916	43.047	1	340378	1	37.6121	1	233.391	1	144.427	1	0.1	273.387	301.609
916	43.047	1	340378	1	37.6121	1	233.391	1	144.427	1	0.316228	273.682	301.927
916	43.047	1	340378	1	37.6121	1	233.391	1	144.427	1	1	274.602	302.916
916	43.047	1	340378	1	37.6121	1	233.391	1	144.427	1	3.16228	277.374	305.883
916	43.047	1	340378	1	37.6121	1	233.391	1	144.427	1	10	285.147	314.159
916	43.047	1	340378	1	37.6121	1	233.391	1	144.427	1	31.6228	303.35	333.457
916	43.047	1	340378	1	37.6121	1	233.391	1	144.427	1	100	336.782	371.16
917	35.9396	1	945647	1	52.5066	1	689.698	1	63.1245	1	0	273.249	301.462
917	35.9396	1	945647	1	52.5066	1	689.698	1	63.1245	1	0.001	273.25	301.463
917	35.9396	1	945647	1	52.5066	1	689.698	1	63.1245	1	0.00316228	273.253	301.465
917	35.9396	1	945647	1	52.5066	1	689.698	1	63.1245	1	0.01	273.259	301.471
917	35.9396	1	945647	1	52.5066	1	689.698	1	63.1245	1	0.0316228	273.281	301.493
917	35.9396	1	945647	1	52.5066	1	689.698	1	63.1245	1	0.1	273.349	301.56
917	35.9396	1	945647	1	52.5066	1	689.698	1	63.1245	1	0.316228	273.564	301.773
917	35.9396	1	945647	1	52.5066	1	689.698	1	63.1245	1	1	274.231	302.434
917	35.9396	1	945647	1	52.5066	1	689.698	1	63.1245	1	3.16228	276.241	304.432
917	35.9396	1	945647	1	52.5066	1	689.698	1	63.1245	1	10	281.857	310.039
917	35.9396	1	945647	1	52.5066	1	689.698	1	63.1245	1	31.6228	294.238	322.999
917	35.9396	1	945647	1	52.5066	1	689.698	1	63.1245	1	100	313.499	346.033
918	32.1092	1	1.45525e+06	1	108.596	1	44.3575	1	94.1266	1	0	273.249	301.462
918	32.1092	1	1.45525e+06	1	108.596	1	44.3575	1	94.1266	1	0.001	273.252	301.464
918	32.1092	1	1.45525e+06	1	108.596	1	44.3575	1	94.1266	1	0.00316228	273.257	301.469
918	32.1092	1	1.45525e+06	1	108.596	1	44.3575	1	94.1266	1	0.01	273.272	301.484
918	32.1092	1	1.45525e+06	1	108.596	1	44.3575	1	94.1266	1	0.0316228	273.322	301.532
918	32.1092	1	1.45525e+06	1	108.596	1	44.3575	1	94.1266	1	0.1	273.48	301.685
918	32.1092	1	1.45525e+06	1	108.596	1	44.3575	1	94.1266	1	0.316228	273.975	302.165
918	32.1092	1	1.45525e+06	1	108.596	1	44.3575	1	94.1266	1	1	275.514	303.66
918	32.1092	1	1.45525e+06	1	108.596	1	44.3575	1	94.1266	1	3.16228	280.14	308.164
918	32.1092	1	1.45525e+06	1	108.596	1	44.3575	1	94.1266	1	10	293.57	321.318
918	32.1092	1	1.45525e+06	1	108.596	1	44.3575	1	94.1266	1	31.6228	327.941	355.899
918	32.1092	1	1.45525e+06	1	108.596	1	44.3575	1	94.1266	1	100	398.717	431.737
919	40.604	1	369110	1	41.2726	1	320.473	1	115.123	1	0	273.249	301.462
919	40.604	1	369110	1	41.2726	1	320.473	1	115.123	1	0.001	273.251	301.463
919	40.604	1	369110	1	41.2726	1	320.473	1	115.123	1	0.00316228	273.253	301.466
919	40.604	1	369110	1	41.2726	1	320.473	1	115.123	1	0.01	273.262	301.475
919	40.604	1	369110	1	41.2726	1	320.473	1	115.123	1	0.0316228	273.288	301.503
919	40.604	1	369110	1	41.2726	1	320.473	1	115.123	1	0.1	273.373	301.592
919	40.604	1	369110	1	41.2726	1	320.473	1	115.123	1	0.316228	273.638	301.872
919	40.604	1	369110	1	41.2726	1	320.473	1	115.123	1	1	274.464	302.742
919	40.604	1	369110	1	41.2726	1	320.473	1	115.123	1	3.16228	276.953	305.36
919	40.604	1	369110	1	41.2726	1	320.473	1	115.123	1	10	283.932	312.679
919	40.604	1	369110	1	41.2726	1	320.473	1	115.123	1	31.6228	300.042	329.67
919	40.604	1	369110	1	41.2726	1	320.473	1	115.123	1	100	328.12	361.851
920	30.3495	1	2.23066e+06	1	58.6037	1	446.354	1	132.224	1	0	273.249	301.462
920	30.3495	1	2.23066e+06	1	58.6037	1	446.354	1	132.224	1	0.001	273.25	301.463
920	30.3495	1	2.23066e+06	1	58.6037	1	446.354	1	132.224	1	0.00316228	273.253	301.465
920	30.3495	1	2.23066e+06	1	58.6037	1	446.354	1	132.224	1	0.01	273.26	301.471
920	30.3495	1	2.23066e+06	1	58.6037	1	446.354	1	132.224	1	0.0316228	273.282	301.492
920	30.3495	1	2.23066e+06	1	58.6037	1	446.354	1	132.224	1	0.1	273.353	301.559
920	30.3495	1	2.23066e+06	1	58.6037	1	446.354	1	132.224	1	0.316228	273.577	301.768
920	30.3495	1	2.23066e+06	1	58.6037	1	446.354	1	132.224	1	1	274.272	302.421
920	30.3495	1	2.23066e+06	1	58.6037	1	446.354	1	132.224	1	3.16228	276.371	304.405
920	30.3495	1	2.23066e+06	1	58.6037	1	446.354	1	132.224	1	10	282.292	310.075
920	30.3495	1	2.23066e+06	1	58.6037	1	446.354	1	132.224	1	31.6228	295.821	323.89
920	30.3495	1	2.23066e+06	1	58.6037	1	446.354	1	132.224	1	100	318.905	351.06
921	43.8556	1	1.35325e+06	1	84.1609	1	299.482	1	151.316	1	0	273.249	301.462
921	43.8556	1	1.35325e+06	1	84.1609	1	299.482	1	151.316	1	0.001	273.25	301.462
921	43.8556	1	1.35325e+06	1	84.1609	1	299.482	1	151.316	1	0.00316228	273.252	301.464
921	43.8556	1	1.35325e+06	1	84.1609	1	299.482	1	151.316	1	0.01	273.258	301.47
921	43.8556	1	1.35325e+06	1	84.1609	1	299.482	1	151.316	1	0.0316228	273.277	301.487
921	43.8556	1	1.35325e+06	1	84.1609	1	299.482	1	151.316	1	0.1	273.335	301.543
921	43.8556	1	1.35325e+06	1	84.1609	1	299.482	1	151.316	1	0.316228	273.52	301.72
921	43.8556	1	1.35325e+06	1	84.1609	1	299.482	1	151.316	1	1	274.099	302.273
921	43.8556	1	1.35325e+06	1	84.1609	1	299.482	1	151.316	1	3.16228	275.878	303.981
921	43.8556	1	1.35325e+06	1	84.1609	1	299.482	1	151.316	1	10	281.106	309.033
921	43.8556	1	1.35325e+06	1	84.1609	1	299.482	1	151.316	1	31.6228	294.637	322.543
921	43.8556	1	1.35325e+06	1	84.1609	1	299.482	1	151.316	1	100	322.446	353.551
922	54.5608	1	1.39808e+06	1	104.136	1	502.31	1	73.8847	1	0	273.249	301.462
922	54.5608	1	1.39808e+06	1	104.136	1	502.31	1	73.8847	1	0.001	273.25	301.462
922	54.5608	1	1.39808e+06	1	104.136	1	502.31	1	73.8847	1	0.00316228	273.251	301.464
922	54.5608	1	1.39808e+06	1	104.136	1	502.31	1	73.8847	1	0.01	273.256	301.468
922	54.5608	1	1.39808e+06	1	104.136	1	502.31	1	73.8847	1	0.0316228	273.27	301.481
922	54.5608	1	1.39808e+06	1	104.136	1	502.31	1	73.8847	1	0.1	273.315	301.523
922	54.5608	1	1.39808e+06	1	104.136	1	502.31	1	73.8847	1	0.316228	273.455	301.657
922	54.5608	1	1.39808e+06	1	104.136	1	502.31	1	73.8847	1	1	273.895	302.077
922	54.5608	1	1.39808e+06	1	104.136	1	502.31	1	73.8847	1	3.16228	275.252	303.375
922	54.5608	1	1.39808e+06	1	104.136	1	502.31	1	73.8847	1	10	279.254	307.236
922	54.5608	1	1.39808e+06	1	104.136	1	502.31	1	73.8847	1	31.6228	289.733	317.635
922	54.5608	1	1.39808e+06	1	104.136	1	502.31	1	73.8847	1	100	310.314	340.969
923	62.1736	1	222815	1	74.9113	1	319.101	1	74.9301	1	0	273.249	301.462
923	62.1736	1	222815	1	74.9113	1	319.101	1	74.9301	1	0.001	273.25	301.462
923	62.1736	1	222815	1	74.9113	1	319.101	1	74.9301	1	0.00316228	273.252	301.464
923	62.1736	1	222815	1	74.9113	1	319.101	1	74.9301	1	0.01	273.258	301.47
923	62.1736	1	222815	1	74.9113	1	319.101	1	74.9301	1	0.0316228	273.276	301.488
923	62.1736	1	222815	1	74.9113	1	319.101	1	74.9301	1	0.1	273.332	301.547
923	62.1736	1	222815	1	74.9113	1	319.101	1	74.9301	1	0.316228	273.51	301.73
923	62.1736	1	222815	1	74.9113	1	319.101	1	74.9301	1	1	274.067	302.305
923	62.1736	1	222815	1	74.9113	1	319.101	1	74.9301	1	3.16228	275.786	304.076
923	62.1736	1	222815	1	74.9113	1	319.101	1	74.9301	1	10	280.831	309.27
923	62.1736	1	222815	1	74.9113	1	319.101	1	74.9301	1	31.6228	293.959	322.883
923	62.1736	1	222815	1	74.9113	1	319.101	1	74.9301	1	100	321.097	353.348
924	40.0437	1	1.67779e+06	1	75.278	1	633.098	1	56.6295	1	0	273.249	301.462
924	40.0437	1	1.67779e+06	1	75.278	1	633.098	1	56.6295	1	0.001	273.25	301.462
924	40.0437	1	1.67779e+06	1	75.278	1	633.098	1	56.6295	1	0.00316228	273.252	301.464
924	40.0437	1	1.67779e+06	1	75.278	1	633.098	1	56.6295	1	0.01	273.258	301.469
924	40.0437	1	1.67779e+06	1	75.278	1	633.098	1	56.6295	1	0.0316228	273.275	301.486
924	40.0437	1	1.67779e+06	1	75.278	1	633.098	1	56.6295	1	0.1	273.33	301.538
924	40.0437	1	1.67779e+06	1	75.278	1	633.098	1	56.6295	1	0.316228	273.504	301.702
924	40.0437	1	1.67779e+06	1	75.278	1	633.098	1	56.6295	1	1	274.046	302.216
924	40.0437	1	1.67779e+06	1	75.278	1	633.098	1	56.6295	1	3.16228	275.697	303.787
924	40.0437	1	1.67779e+06	1	75.278	1	633.098	1	56.6295	1	10	280.411	308.309
924	40.0437	1	1.67779e+06	1	75.278	1	633.098	1	56.6295	1	31.6228	291.536	319.599
924	40.0437	1	1.67779e+06	1	75.278	1	633.098	1	56.6295	1	100	310.884	342.371
925	34.8614	1	441927	1	75.274	1	405.108	1	99.7146	1	0	273.249	301.462
925	34.8614	1	441927	1	75.274	1	405.108	1	99.7146	1	0.001	273.25	301.462
925	34.8614	1	441927	1	75.274	1	405.108	1	99.7146	1	0.00316228	273.252	301.464
925	34.8614	1	441927	1	75.274	1	405.108	1	99.7146	1	0.01	273.258	301.47
925	34.8614	1	441927	1	75.274	1	405.108	1	99.7146	1	0.0316228	273.278	301.488
925	34.8614	1	441927	1	75.274	1	405.108	1	99.7146	1	0.1	273.34	301.545
925	34.8614	1	441927	1	75.274	1	405.108	1	99.7146	1	0.316228	273.534	301.723
925	34.8614	1	441927	1	75.274	1	405.108	1	99.7146	1	1	274.139	302.283
925	34.8614	1	441927	1	75.274	1	405.108	1	99.7146	1	3.16228	275.983	304
925	34.8614	1	441927	1	75.274	1	405.108	1	99.7146	1	10	281.29	309.003
925	34.8614	1	441927	1	75.274	1	405.108	1	99.7146	1	31.6228	294.081	321.841
925	34.8614	1	441927	1	75.274	1	405.108	1	99.7146	1	100	317.949	349.317
926	62.8791	1	5.65529e+06	1	79.3198	1	117.361	1	68.8555	1	0	273.249	301.462
926	62.8791	1	5.65529e+06	1	79.3198	1	117.361	1	68.8555	1	0.001	273.251	301.463
926	62.8791	1	5.65529e+06	1	79.3198	1	117.361	1	68.8555	1	0.00316228	273.253	301.465
926	62.8791	1	5.65529e+06	1	79.3198	1	117.361	1	68.8555	1	0.01	273.261	301.474
926	62.8791	1	5.65529e+06	1	79.3198	1	117.361	1	68.8555	1	0.0316228	273.288	301.501
926	62.8791	1	5.65529e+06	1	79.3198	1	117.361	1	68.8555	1	0.1	273.37	301.586
926	62.8791	1	5.65529e+06	1	79.3198	1	117.361	1	68.8555	1	0.316228	273.63	301.853
926	62.8791	1	5.65529e+06	1	79.3198	1	117.361	1	68.8555	1	1	274.445	302.693
926	62.8791	1	5.65529e+06	1	79.3198	1	117.361	1	68.8555	1	3.16228	276.966	305.29
926	62.8791	1	5.65529e+06	1	79.3198	1	117.361	1	68.8555	1	10	284.401	312.945
926	62.8791	1	5.65529e+06	1	79.3198	1	117.361	1	68.8555	1	31.6228	304.839	334.08
926	62.8791	1	5.65529e+06	1	79.3198	1	117.361	1	68.8555	1	100	351.208	384.507
927	43.9794	1	1.06276e+06	1	51.3447	1	194.572	1	86.6011	1	0	273.249	301.462
927	43.9794	1	1.06276e+06	1	51.3447	1	194.572	1	86.6011	1	0.001	273.251	301.463
927	43.9794	1	1.06276e+06	1	51.3447	1	194.572	1	86.6011	1	0.00316228	273.253	301.466
927	43.9794	1	1.06276e+06	1	51.3447	1	194.572	1	86.6011	1	0.01	273.262	301.474
927	43.9794	1	1.06276e+06	1	51.3447	1	194.572	1	86.6011	1	0.0316228	273.288	301.502
927	43.9794	1	1.06276e+06	1	51.3447	1	194.572	1	86.6011	1	0.1	273.372	301.588
927	43.9794	1	1.06276e+06	1	51.3447	1	194.572	1	86.6011	1	0.316228	273.636	301.862
927	43.9794	1	1.06276e+06	1	51.3447	1	194.572	1	86.6011	1	1	274.462	302.716
927	43.9794	1	1.06276e+06	1	51.3447	1	194.572	1	86.6011	1	3.16228	276.983	305.322
927	43.9794	1	1.06276e+06	1	51.3447	1	194.572	1	86.6011	1	10	284.266	312.845
927	43.9794	1	1.06276e+06	1	51.3447	1	194.572	1	86.6011	1	31.6228	302.433	331.806
927	43.9794	1	1.06276e+06	1	51.3447	1	194.572	1	86.6011	1	100	339.01	372.636
928	44.9986	1	461357	1	55.6479	1	225	1	106.956	1	0	273.249	301.462
928	44.9986	1	461357	1	55.6479	1	225	1	106.956	1	0.001	273.251	301.463
928	44.9986	1	461357	1	55.6479	1	225	1	106.956	1	0.00316228	273.253	301.465
928	44.9986	1	461357	1	55.6479	1	225	1	106.956	1	0.01	273.261	301.473
928	44.9986	1	461357	1	55.6479	1	225	1	106.956	1	0.0316228	273.285	301.498
928	44.9986	1	461357	1	55.6479	1	225	1	106.956	1	0.1	273.361	301.576
928	44.9986	1	461357	1	55.6479	1	225	1	106.956	1	0.316228	273.603	301.824
928	44.9986	1	461357	1	55.6479	1	225	1	106.956	1	1	274.358	302.598
928	44.9986	1	461357	1	55.6479	1	225	1	106.956	1	3.16228	276.667	304.966
928	44.9986	1	461357	1	55.6479	1	225	1	106.956	1	10	283.356	311.824
928	44.9986	1	461357	1	55.6479	1	225	1	106.956	1	31.6228	300.119	329.216
928	44.9986	1	461357	1	55.6479	1	225	1	106.956	1	100	333.831	366.848
929	32.0863	1	576272	1	87.8993	1	438.337	1	189.976	1	0	273.249	301.462
929	32.0863	1	576272	1	87.8993	1	438.337	1	189.976	1	0.001	273.25	301.462
929	32.0863	1	576272	1	87.8993	1	438.337	1	189.976	1	0.00316228	273.252	301.464
929	32.0863	1	576272	1	87.8993	1	438.337	1	189.976	1	0.01	273.258	301.469
929	32.0863	1	576272	1	87.8993	1	438.337	1	189.976	1	0.0316228	273.276	301.485
929	32.0863	1	576272	1	87.8993	1	438.337	1	189.976	1	0.1	273.334	301.535
929	32.0863	1	576272	1	87.8993	1	438.337	1	189.976	1	0.316228	273.517	301.695
929	32.0863	1	576272	1	87.8993	1	438.337	1	189.976	1	1	274.087	302.194
929	32.0863	1	576272	1	87.8993	1	438.337	1	189.976	1	3.16228	275.819	303.726
929	32.0863	1	576272	1	87.8993	1	438.337	1	189.976	1	10	280.798	308.228
929	32.0863	1	576272	1	87.8993	1	438.337	1	189.976	1	31.6228	292.816	319.968
929	32.0863	1	576272	1	87.8993	1	438.337	1	189.976	1	100	315.189	345.831
930	49.7956	1	615743	1	48.1869	1	568.859	1	131.933	1	0	273.249	301.462
930	49.7956	1	615743	1	48.1869	1	568.859	1	131.933	1	0.001	273.25	301.463
930	49.7956	1	615743	1	48.1869	1	568.859	1	131.933	1	0.00316228	273.253	301.465
930	49.7956	1	615743	1	48.1869	1	568.859	1	131.933	1	0.01	273.259	301.472
930	49.7956	1	615743	1	48.1869	1	568.859	1	131.933	1	0.0316228	273.28	301.495
930	49.7956	1	615743	1	48.1869	1	568.859	1	131.933	1	0.1	273.347	301.566
930	49.7956	1	615743	1	48.1869	1	568.859	1	131.933	1	0.316228	273.558	301.79
930	49.7956	1	615743	1	48.1869	1	568.859	1	131.933	1	1	274.213	302.487
930	49.7956	1	615743	1	48.1869	1	568.859	1	131.933	1	3.16228	276.198	304.593
930	49.7956	1	615743	1	48.1869	1	568.859	1	131.933	1	10	281.789	310.502
930	49.7956	1	615743	1	48.1869	1	568.859	1	131.933	1	31.6228	294.84	324.284
930	49.7956	1	615743	1	48.1869	1	568.859	1	131.933	1	100	316.609	349.343
931	60.5399	1	642587	1	96.867	1	232.095	1	51.4574	1	0	273.249	301.462
931	60.5399	1	642587	1	96.867	1	232.095	1	51.4574	1	0.001	273.25	301.462
931	60.5399	1	642587	1	96.867	1	232.095	1	51.4574	1	0.00316228	273.252	301.464
931	60.5399	1	642587	1	96.867	1	232.095	1	51.4574	1	0.01	273.258	301.47
931	60.5399	1	642587	1	96.867	1	232.095	1	51.4574	1	0.0316228	273.276	301.488
931	60.5399	1	642587	1	96.867	1	232.095	1	51.4574	1	0.1	273.333	301.545
931	60.5399	1	642587	1	96.867	1	232.095	1	51.4574	1	0.316228	273.513	301.724
931	60.5399	1	642587	1	96.867	1	232.095	1	51.4574	1	1	274.079	302.289
931	60.5399	1	642587	1	96.867	1	232.095	1	51.4574	1	3.16228	275.83	304.039
931	60.5399	1	642587	1	96.867	1	232.095	1	51.4574	1	10	281.009	309.234
931	60.5399	1	642587	1	96.867	1	232.095	1	51.4574	1	31.6228	294.824	323.309
931	60.5399	1	642587	1	96.867	1	232.095	1	51.4574	1	100	325.504	357.512
932	50.0301	1	1.3587e+06	1	66.3527	1	316.377	1	242.028	1	0	273.249	301.462
932	50.0301	1	1.3587e+06	1	66.3527	1	316.377	1	242.028	1	0.001	273.25	301.462
932	50.0301	1	1.3587e+06	1	66.3527	1	316.377	1	242.028	1	0.00316228	273.252	301.464
932	50.0301	1	1.3587e+06	1	66.3527	1	316.377	1	242.028	1	0.01	273.258	301.471
932	50.0301	1	1.3587e+06	1	66.3527	1	316.377	1	242.028	1	0.0316228	273.278	301.491
932	50.0301	1	1.3587e+06	1	66.3527	1	316.377	1	242.028	1	0.1	273.34	301.553
932	50.0301	1	1.3587e+06	1	66.3527	1	316.377	1	242.028	1	0.316228	273.535	301.751
932	50.0301	1	1.3587e+06	1	66.3527	1	316.377	1	242.028	1	1	274.147	302.371
932	50.0301	1	1.3587e+06	1	66.3527	1	316.377	1	242.028	1	3.16228	276.024	304.273
932	50.0301	1	1.3587e+06	1	66.3527	1	316.377	1	242.028	1	10	281.496	309.811
932	50.0301	1	1.3587e+06	1	66.3527	1	316.377	1	242.028	1	31.6228	295.518	324.181
932	50.0301	1	1.3587e+06	1	66.3527	1	316.377	1	242.028	1	100	323.583	355.439
933	24.4512	1	760667	1	69.9106	1	361.961	1	62.9676	1	0	273.249	301.462
933	24.4512	1	760667	1	69.9106	1	361.961	1	62.9676	1	0.001	273.251	301.463
933	24.4512	1	760667	1	69.9106	1	361.961	1	62.9676	1	0.00316228	273.253	301.465
933	24.4512	1	760667	1	69.9106	1	361.961	1	62.9676	1	0.01	273.26	301.471
933	24.4512	1	760667	1	69.9106	1	361.961	1	62.9676	1	0.0316228	273.284	301.491
933	24.4512	1	760667	1	69.9106	1	361.961	1	62.9676	1	0.1	273.359	301.556
933	24.4512	1	760667	1	69.9106	1	361.961	1	62.9676	1	0.316228	273.593	301.758
933	24.4512	1	760667	1	69.9106	1	361.961	1	62.9676	1	1	274.321	302.392
933	24.4512	1	760667	1	69.9106	1	361.961	1	62.9676	1	3.16228	276.503	304.321
933	24.4512	1	760667	1	69.9106	1	361.961	1	62.9676	1	10	282.63	309.885
933	24.4512	1	760667	1	69.9106	1	361.961	1	62.9676	1	31.6228	295.993	323.699
933	24.4512	1	760667	1	69.9106	1	361.961	1	62.9676	1	100	321.012	352.86
934	44.2579	1	803128	1	81.8469	1	378.834	1	81.2948	1	0	273.249	301.462
934	44.2579	1	803128	1	81.8469	1	378.834	1	81.2948	1	0.001	273.25	301.462
934	44.2579	1	803128	1	81.8469	1	378.834	1	81.2948	1	0.00316228	273.252	301.464
934	44.2579	1	803128	1	81.8469	1	378.834	1	81.2948	1	0.01	273.258	301.469
934	44.2579	1	803128	1	81.8469	1	378.834	1	81.2948	1	0.0316228	273.275	301.486
934	44.2579	1	803128	1	81.8469	1	378.834	1	81.2948	1	0.1	273.332	301.54
934	44.2579	1	803128	1	81.8469	1	378.834	1	81.2948	1	0.316228	273.508	301.709
934	44.2579	1	803128	1	81.8469	1	378.834	1	81.2948	1	1	274.063	302.24
934	44.2579	1	803128	1	81.8469	1	378.834	1	81.2948	1	3.16228	275.762	303.876
934	44.2579	1	803128	1	81.8469	1	378.834	1	81.2948	1	10	280.725	308.686
934	44.2579	1	803128	1	81.8469	1	378.834	1	81.2948	1	31.6228	293.216	321.249
934	44.2579	1	803128	1	81.8469	1	378.834	1	81.2948	1	100	317.842	349.17
935	43.9915	1	1.31975e+06	1	81.0872	1	214.419	1	84.1379	1	0	273.249	301.462
935	43.9915	1	1.31975e+06	1	81.0872	1	214.419	1	84.1379	1	0.001	273.25	301.463
935	43.9915	1	1.31975e+06	1	81.0872	1	214.419	1	84.1379	1	0.00316228	273.253	301.465
935	43.9915	1	1.31975e+06	1	81.0872	1	214.419	1	84.1379	1	0.01	273.259	301.471
935	43.9915	1	1.31975e+06	1	81.0872	1	214.419	1	84.1379	1	0.0316228	273.28	301.492
935	43.9915	1	1.31975e+06	1	81.0872	1	214.419	1	84.1379	1	0.1	273.347	301.556
935	43.9915	1	1.31975e+06	1	81.0872	1	214.419	1	84.1379	1	0.316228	273.558	301.761
935	43.9915	1	1.31975e+06	1	81.0872	1	214.419	1	84.1379	1	1	274.218	302.402
935	43.9915	1	1.31975e+06	1	81.0872	1	214.419	1	84.1379	1	3.16228	276.249	304.382
935	43.9915	1	1.31975e+06	1	81.0872	1	214.419	1	84.1379	1	10	282.228	310.245
935	43.9915	1	1.31975e+06	1	81.0872	1	214.419	1	84.1379	1	31.6228	297.758	325.945
935	43.9915	1	1.31975e+06	1	81.0872	1	214.419	1	84.1379	1	100	331.014	362.815
936	36.7395	1	277138	1	40.8683	1	589.56	1	124.309	1	0	273.249	301.462
936	36.7395	1	277138	1	40.8683	1	589.56	1	124.309	1	0.001	273.251	301.463
936	36.7395	1	277138	1	40.8683	1	589.56	1	124.309	1	0.00316228	273.253	301.465
936	36.7395	1	277138	1	40.8683	1	589.56	1	124.309	1	0.01	273.261	301.474
936	36.7395	1	277138	1	40.8683	1	589.56	1	124.309	1	0.0316228	273.286	301.5
936	36.7395	1	277138	1	40.8683	1	589.56	1	124.309	1	0.1	273.365	301.582
936	36.7395	1	277138	1	40.8683	1	589.56	1	124.309	1	0.316228	273.615	301.842
936	36.7395	1	277138	1	40.8683	1	589.56	1	124.309	1	1	274.389	302.647
936	36.7395	1	277138	1	40.8683	1	589.56	1	124.309	1	3.16228	276.706	305.052
936	36.7395	1	277138	1	40.8683	1	589.56	1	124.309	1	10	283.09	311.671
936	36.7395	1	277138	1	40.8683	1	589.56	1	124.309	1	31.6228	296.997	326.341
936	36.7395	1	277138	1	40.8683	1	589.56	1	124.309	1	100	317.887	351.154
937	68.3388	1	1.67856e+06	1	44.932	1	220.457	1	207.577	1	0	273.249	301.462
937	68.3388	1	1.67856e+06	1	44.932	1	220.457	1	207.577	1	0.001	273.251	301.463
937	68.3388	1	1.67856e+06	1	44.932	1	220.457	1	207.577	1	0.00316228	273.253	301.466
937	68.3388	1	1.67856e+06	1	44.932	1	220.457	1	207.577	1	0.01	273.261	301.475
937	68.3388	1	1.67856e+06	1	44.932	1	220.457	1	207.577	1	0.0316228	273.286	301.503
937	68.3388	1	1.67856e+06	1	44.932	1	220.457	1	207.577	1	0.1	273.366	301.591
937	68.3388	1	1.67856e+06	1	44.932	1	220.457	1	207.577	1	0.316228	273.618	301.87
937	68.3388	1	1.67856e+06	1	44.932	1	220.457	1	207.577	1	1	274.404	302.74
937	68.3388	1	1.67856e+06	1	44.932	1	220.457	1	207.577	1	3.16228	276.803	305.381
937	68.3388	1	1.67856e+06	1	44.932	1	220.457	1	207.577	1	10	283.669	312.899
937	68.3388	1	1.67856e+06	1	44.932	1	220.457	1	207.577	1	31.6228	300.8	331.333
937	68.3388	1	1.67856e+06	1	44.932	1	220.457	1	207.577	1	100	336.077	369.8
938	68.9176	1	620438	1	77.0336	1	574.558	1	77.4031	1	0	273.249	301.462
938	68.9176	1	620438	1	77.0336	1	574.558	1	77.4031	1	0.001	273.25	301.462
938	68.9176	1	620438	1	77.0336	1	574.558	1	77.4031	1	0.00316228	273.252	301.464
938	68.9176	1	620438	1	77.0336	1	574.558	1	77.4031	1	0.01	273.256	301.469
938	68.9176	1	620438	1	77.0336	1	574.558	1	77.4031	1	0.0316228	273.271	301.484
938	68.9176	1	620438	1	77.0336	1	574.558	1	77.4031	1	0.1	273.319	301.534
938	68.9176	1	620438	1	77.0336	1	574.558	1	77.4031	1	0.316228	273.468	301.689
938	68.9176	1	620438	1	77.0336	1	574.558	1	77.4031	1	1	273.936	302.177
938	68.9176	1	620438	1	77.0336	1	574.558	1	77.4031	1	3.16228	275.375	303.675
938	68.9176	1	620438	1	77.0336	1	574.558	1	77.4031	1	10	279.565	308.03
938	68.9176	1	620438	1	77.0336	1	574.558	1	77.4031	1	31.6228	290.266	319.191
938	68.9176	1	620438	1	77.0336	1	574.558	1	77.4031	1	100	310.858	342.683
939	51.5776	1	768825	1	87.9069	1	207.501	1	102.642	1	0	273.249	301.462
939	51.5776	1	768825	1	87.9069	1	207.501	1	102.642	1	0.001	273.25	301.462
939	51.5776	1	768825	1	87.9069	1	207.501	1	102.642	1	0.00316228	273.252	301.464
939	51.5776	1	768825	1	87.9069	1	207.501	1	102.642	1	0.01	273.259	301.471
939	51.5776	1	768825	1	87.9069	1	207.501	1	102.642	1	0.0316228	273.279	301.49
939	51.5776	1	768825	1	87.9069	1	207.501	1	102.642	1	0.1	273.342	301.552
939	51.5776	1	768825	1	87.9069	1	207.501	1	102.642	1	0.316228	273.54	301.748
939	51.5776	1	768825	1	87.9069	1	207.501	1	102.642	1	1	274.164	302.362
939	51.5776	1	768825	1	87.9069	1	207.501	1	102.642	1	3.16228	276.09	304.266
939	51.5776	1	768825	1	87.9069	1	207.501	1	102.642	1	10	281.802	309.931
939	51.5776	1	768825	1	87.9069	1	207.501	1	102.642	1	31.6228	297.062	325.347
939	51.5776	1	768825	1	87.9069	1	207.501	1	102.642	1	100	330.875	362.401
940	30.8881	1	669057	1	52.0162	1	118.165	1	87.5697	1	0	273.249	301.462
940	30.8881	1	669057	1	52.0162	1	118.165	1	87.5697	1	0.001	273.251	301.463
940	30.8881	1	669057	1	52.0162	1	118.165	1	87.5697	1	0.00316228	273.254	301.466
940	30.8881	1	669057	1	52.0162	1	118.165	1	87.5697	1	0.01	273.265	301.477
940	30.8881	1	669057	1	52.0162	1	118.165	1	87.5697	1	0.0316228	273.299	301.511
940	30.8881	1	669057	1	52.0162	1	118.165	1	87.5697	1	0.1	273.406	301.616
940	30.8881	1	669057	1	52.0162	1	118.165	1	87.5697	1	0.316228	273.744	301.949
940	30.8881	1	669057	1	52.0162	1	118.165	1	87.5697	1	1	274.798	302.991
940	30.8881	1	669057	1	52.0162	1	118.165	1	87.5697	1	3.16228	278.008	306.174
940	30.8881	1	669057	1	52.0162	1	118.165	1	87.5697	1	10	287.231	315.379
940	30.8881	1	669057	1	52.0162	1	118.165	1	87.5697	1	31.6228	310.348	339.323
940	30.8881	1	669057	1	52.0162	1	118.165	1	87.5697	1	100	357.862	392.168
941	29.6088	1	539105	1	66.4504	1	261.45	1	43.5535	1	0	273.249	301.462
941	29.6088	1	539105	1	66.4504	1	261.45	1	43.5535	1	0.001	273.251	301.463
941	29.6088	1	539105	1	66.4504	1	261.45	1	43.5535	1	0.00316228	273.253	301.465
941	29.6088	1	539105	1	66.4504	1	261.45	1	43.5535	1	0.01	273.261	301.472
941	29.6088	1	539105	1	66.4504	1	261.45	1	43.5535	1	0.0316228	273.285	301.495
941	29.6088	1	539105	1	66.4504	1	261.45	1	43.5535	1	0.1	273.362	301.566
941	29.6088	1	539105	1	66.4504	1	261.45	1	43.5535	1	0.316228	273.605	301.791
941	29.6088	1	539105	1	66.4504	1	261.45	1	43.5535	1	1	274.362	302.494
941	29.6088	1	539105	1	66.4504	1	261.45	1	43.5535	1	3.16228	276.654	304.644
941	29.6088	1	539105	1	66.4504	1	261.45	1	43.5535	1	10	283.161	310.837
941	29.6088	1	539105	1	66.4504	1	261.45	1	43.5535	1	31.6228	298.18	326.488
941	29.6088	1	539105	1	66.4504	1	261.45	1	43.5535	1	100	328.368	360.782
942	36.5762	1	851491	1	63.1658	1	441.442	1	95.2398	1	0	273.249	301.462
942	36.5762	1	851491	1	63.1658	1	441.442	1	95.2398	1	0.001	273.25	301.462
942	36.5762	1	851491	1	63.1658	1	441.442	1	95.2398	1	0.00316228	273.252	301.464
942	36.5762	1	851491	1	63.1658	1	441.442	1	95.2398	1	0.01	273.259	301.471
942	36.5762	1	851491	1	63.1658	1	441.442	1	95.2398	1	0.0316228	273.279	301.49
942	36.5762	1	851491	1	63.1658	1	441.442	1	95.2398	1	0.1	273.344	301.553
942	36.5762	1	851491	1	63.1658	1	441.442	1	95.2398	1	0.316228	273.549	301.749
942	36.5762	1	851491	1	63.1658	1	441.442	1	95.2398	1	1	274.186	302.363
942	36.5762	1	851491	1	63.1658	1	441.442	1	95.2398	1	3.16228	276.122	304.237
942	36.5762	1	851491	1	63.1658	1	441.442	1	95.2398	1	10	281.658	309.63
942	36.5762	1	851491	1	63.1658	1	441.442	1	95.2398	1	31.6228	294.768	323.014
942	36.5762	1	851491	1	63.1658	1	441.442	1	95.2398	1	100	318.108	350.079
943	49.3357	1	4.52043e+06	1	34.1968	1	234.557	1	80.0134	1	0	273.249	301.462
943	49.3357	1	4.52043e+06	1	34.1968	1	234.557	1	80.0134	1	0.001	273.251	301.463
943	49.3357	1	4.52043e+06	1	34.1968	1	234.557	1	80.0134	1	0.00316228	273.254	301.467
943	49.3357	1	4.52043e+06	1	34.1968	1	234.557	1	80.0134	1	0.01	273.264	301.477
943	49.3357	1	4.52043e+06	1	34.1968	1	234.557	1	80.0134	1	0.0316228	273.295	301.512
943	49.3357	1	4.52043e+06	1	34.1968	1	234.557	1	80.0134	1	0.1	273.392	301.62
943	49.3357	1	4.52043e+06	1	34.1968	1	234.557	1	80.0134	1	0.316228	273.699	301.96
943	49.3357	1	4.52043e+06	1	34.1968	1	234.557	1	80.0134	1	1	274.654	303.015
943	49.3357	1	4.52043e+06	1	34.1968	1	234.557	1	80.0134	1	3.16228	277.52	306.165
943	49.3357	1	4.52043e+06	1	34.1968	1	234.557	1	80.0134	1	10	285.465	314.837
943	49.3357	1	4.52043e+06	1	34.1968	1	234.557	1	80.0134	1	31.6228	303.713	334.514
943	49.3357	1	4.52043e+06	1	34.1968	1	234.557	1	80.0134	1	100	337.054	372.101
944	57.2538	1	1.21628e+06	1	92.4545	1	138.569	1	73.4175	1	0	273.249	301.462
944	57.2538	1	1.21628e+06	1	92.4545	1	138.569	1	73.4175	1	0.001	273.25	301.463
944	57.2538	1	1.21628e+06	1	92.4545	1	138.569	1	73.4175	1	0.00316228	273.253	301.465
944	57.2538	1	1.21628e+06	1	92.4545	1	138.569	1	73.4175	1	0.01	273.26	301.472
944	57.2538	1	1.21628e+06	1	92.4545	1	138.569	1	73.4175	1	0.0316228	273.283	301.495
944	57.2538	1	1.21628e+06	1	92.4545	1	138.569	1	73.4175	1	0.1	273.356	301.569
944	57.2538	1	1.21628e+06	1	92.4545	1	138.569	1	73.4175	1	0.316228	273.587	301.8
944	57.2538	1	1.21628e+06	1	92.4545	1	138.569	1	73.4175	1	1	274.311	302.526
944	57.2538	1	1.21628e+06	1	92.4545	1	138.569	1	73.4175	1	3.16228	276.551	304.776
944	57.2538	1	1.21628e+06	1	92.4545	1	138.569	1	73.4175	1	10	283.2	311.472
944	57.2538	1	1.21628e+06	1	92.4545	1	138.569	1	73.4175	1	31.6228	301.356	329.963
944	57.2538	1	1.21628e+06	1	92.4545	1	138.569	1	73.4175	1	100	343.012	375.28
945	23.7784	1	805738	1	58.4315	1	225.48	1	128.953	1	0	273.249	301.462
945	23.7784	1	805738	1	58.4315	1	225.48	1	128.953	1	0.001	273.251	301.463
945	23.7784	1	805738	1	58.4315	1	225.48	1	128.953	1	0.00316228	273.254	301.465
945	23.7784	1	805738	1	58.4315	1	225.48	1	128.953	1	0.01	273.262	301.473
945	23.7784	1	805738	1	58.4315	1	225.48	1	128.953	1	0.0316228	273.291	301.499
945	23.7784	1	805738	1	58.4315	1	225.48	1	128.953	1	0.1	273.379	301.579
945	23.7784	1	805738	1	58.4315	1	225.48	1	128.953	1	0.316228	273.659	301.832
945	23.7784	1	805738	1	58.4315	1	225.48	1	128.953	1	1	274.528	302.621
945	23.7784	1	805738	1	58.4315	1	225.48	1	128.953	1	3.16228	277.141	305.023
945	23.7784	1	805738	1	58.4315	1	225.48	1	128.953	1	10	284.531	311.967
945	23.7784	1	805738	1	58.4315	1	225.48	1	128.953	1	31.6228	301.349	329.34
945	23.7784	1	805738	1	58.4315	1	225.48	1	128.953	1	100	333.897	366.718
946	27.0772	1	881915	1	63.5835	1	757.876	1	42.5686	1	0	273.249	301.462
946	27.0772	1	881915	1	63.5835	1	757.876	1	42.5686	1	0.001	273.25	301.462
946	27.0772	1	881915	1	63.5835	1	757.876	1	42.5686	1	0.00316228	273.253	301.464
946	27.0772	1	881915	1	63.5835	1	757.876	1	42.5686	1	0.01	273.259	301.47
946	27.0772	1	881915	1	63.5835	1	757.876	1	42.5686	1	0.0316228	273.281	301.49
946	27.0772	1	881915	1	63.5835	1	757.876	1	42.5686	1	0.1	273.349	301.55
946	27.0772	1	881915	1	63.5835	1	757.876	1	42.5686	1	0.316228	273.563	301.741
946	27.0772	1	881915	1	63.5835	1	757.876	1	42.5686	1	1	274.226	302.335
946	27.0772	1	881915	1	63.5835	1	757.876	1	42.5686	1	3.16228	276.208	304.133
946	27.0772	1	881915	1	63.5835	1	757.876	1	42.5686	1	10	281.658	309.178
946	27.0772	1	881915	1	63.5835	1	757.876	1	42.5686	1	31.6228	292.838	320.996
946	27.0772	1	881915	1	63.5835	1	757.876	1	42.5686	1	100	311	342.841
947	45.4735	1	1.08808e+06	1	42.5871	1	237.269	1	95.9564	1	0	273.249	301.462
947	45.4735	1	1.08808e+06	1	42.5871	1	237.269	1	95.9564	1	0.001	273.251	301.463
947	45.4735	1	1.08808e+06	1	42.5871	1	237.269	1	95.9564	1	0.00316228	273.253	301.466
947	45.4735	1	1.08808e+06	1	42.5871	1	237.269	1	95.9564	1	0.01	273.262	301.475
947	45.4735	1	1.08808e+06	1	42.5871	1	237.269	1	95.9564	1	0.0316228	273.29	301.504
947	45.4735	1	1.08808e+06	1	42.5871	1	237.269	1	95.9564	1	0.1	273.376	301.597
947	45.4735	1	1.08808e+06	1	42.5871	1	237.269	1	95.9564	1	0.316228	273.649	301.888
947	45.4735	1	1.08808e+06	1	42.5871	1	237.269	1	95.9564	1	1	274.5	302.794
947	45.4735	1	1.08808e+06	1	42.5871	1	237.269	1	95.9564	1	3.16228	277.078	305.533
947	45.4735	1	1.08808e+06	1	42.5871	1	237.269	1	95.9564	1	10	284.396	313.276
947	45.4735	1	1.08808e+06	1	42.5871	1	237.269	1	95.9564	1	31.6228	301.894	331.788
947	45.4735	1	1.08808e+06	1	42.5871	1	237.269	1	95.9564	1	100	335.058	369.069
948	43.5284	1	1.85372e+06	1	65.3662	1	356.219	1	135.833	1	0	273.249	301.462
948	43.5284	1	1.85372e+06	1	65.3662	1	356.219	1	135.833	1	0.001	273.25	301.462
948	43.5284	1	1.85372e+06	1	65.3662	1	356.219	1	135.833	1	0.00316228	273.252	301.464
948	43.5284	1	1.85372e+06	1	65.3662	1	356.219	1	135.833	1	0.01	273.259	301.471
948	43.5284	1	1.85372e+06	1	65.3662	1	356.219	1	135.833	1	0.0316228	273.279	301.491
948	43.5284	1	1.85372e+06	1	65.3662	1	356.219	1	135.833	1	0.1	273.342	301.553
948	43.5284	1	1.85372e+06	1	65.3662	1	356.219	1	135.833	1	0.316228	273.541	301.75
948	43.5284	1	1.85372e+06	1	65.3662	1	356.219	1	135.833	1	1	274.162	302.367
948	43.5284	1	1.85372e+06	1	65.3662	1	356.219	1	135.833	1	3.16228	276.064	304.256
948	43.5284	1	1.85372e+06	1	65.3662	1	356.219	1	135.833	1	10	281.569	309.735
948	43.5284	1	1.85372e+06	1	65.3662	1	356.219	1	135.833	1	31.6228	295.3	323.745
948	43.5284	1	1.85372e+06	1	65.3662	1	356.219	1	135.833	1	100	321.55	353.461
949	48.0977	1	449296	1	34.5492	1	389.985	1	47.7309	1	0	273.249	301.462
949	48.0977	1	449296	1	34.5492	1	389.985	1	47.7309	1	0.001	273.251	301.463
949	48.0977	1	449296	1	34.5492	1	389.985	1	47.7309	1	0.00316228	273.254	301.466
949	48.0977	1	449296	1	34.5492	1	389.985	1	47.7309	1	0.01	273.263	301.476
949	48.0977	1	449296	1	34.5492	1	389.985	1	47.7309	1	0.0316228	273.291	301.508
949	48.0977	1	449296	1	34.5492	1	389.985	1	47.7309	1	0.1	273.38	301.607
949	48.0977	1	449296	1	34.5492	1	389.985	1	47.7309	1	0.316228	273.662	301.919
949	48.0977	1	449296	1	34.5492	1	389.985	1	47.7309	1	1	274.535	302.887
949	48.0977	1	449296	1	34.5492	1	389.985	1	47.7309	1	3.16228	277.14	305.756
949	48.0977	1	449296	1	34.5492	1	389.985	1	47.7309	1	10	284.213	313.503
949	48.0977	1	449296	1	34.5492	1	389.985	1	47.7309	1	31.6228	299.535	330.237
949	48.0977	1	449296	1	34.5492	1	389.985	1	47.7309	1	100	324.408	359.405
950	9.76723	1	3.28872e+06	1	77.2829	1	624.982	1	89.3433	1	0	273.249	301.462
950	9.76723	1	3.28872e+06	1	77.2829	1	624.982	1	89.3433	1	0.001	273.251	301.463
950	9.76723	1	3.28872e+06	1	77.2829	1	624.982	1	89.3433	1	0.00316228	273.255	301.465
950	9.76723	1	3.28872e+06	1	77.2829	1	624.982	1	89.3433	1	0.01	273.266	301.471
950	9.76723	1	3.28872e+06	1	77.2829	1	624.982	1	89.3433	1	0.0316228	273.3	301.493
950	9.76723	1	3.28872e+06	1	77.2829	1	624.982	1	89.3433	1	0.1	273.409	301.56
950	9.76723	1	3.28872e+06	1	77.2829	1	624.982	1	89.3433	1	0.316228	273.748	301.769
950	9.76723	1	3.28872e+06	1	77.2829	1	624.982	1	89.3433	1	1	274.758	302.409
950	9.76723	1	3.28872e+06	1	77.2829	1	624.982	1	89.3433	1	3.16228	277.579	304.311
950	9.76723	1	3.28872e+06	1	77.2829	1	624.982	1	89.3433	1	10	283.908	309.401
950	9.76723	1	3.28872e+06	1	77.2829	1	624.982	1	89.3433	1	31.6228	293.652	320.785
950	9.76723	1	3.28872e+06	1	77.2829	1	624.982	1	89.3433	1	100	312.508	343.757
951	34.6783	1	1.31611e+06	1	51.216	1	531.77	1	90.4773	1	0	273.249	301.462
951	34.6783	1	1.31611e+06	1	51.216	1	531.77	1	90.4773	1	0.001	273.25	301.463
951	34.6783	1	1.31611e+06	1	51.216	1	531.77	1	90.4773	1	0.00316228	273.253	301.465
951	34.6783	1	1.31611e+06	1	51.216	1	531.77	1	90.4773	1	0.01	273.26	301.472
951	34.6783	1	1.31611e+06	1	51.216	1	531.77	1	90.4773	1	0.0316228	273.283	301.494
951	34.6783	1	1.31611e+06	1	51.216	1	531.77	1	90.4773	1	0.1	273.354	301.565
951	34.6783	1	1.31611e+06	1	51.216	1	531.77	1	90.4773	1	0.316228	273.579	301.788
951	34.6783	1	1.31611e+06	1	51.216	1	531.77	1	90.4773	1	1	274.281	302.482
951	34.6783	1	1.31611e+06	1	51.216	1	531.77	1	90.4773	1	3.16228	276.395	304.578
951	34.6783	1	1.31611e+06	1	51.216	1	531.77	1	90.4773	1	10	282.329	310.495
951	34.6783	1	1.31611e+06	1	51.216	1	531.77	1	90.4773	1	31.6228	295.658	324.349
951	34.6783	1	1.31611e+06	1	51.216	1	531.77	1	90.4773	1	100	317.331	349.949
952	55.8995	1	1.17379e+06	1	160.003	1	1885.96	1	108.641	1	0	273.249	301.462
952	55.8995	1	1.17379e+06	1	160.003	1	1885.96	1	108.641	1	0.001	273.25	301.462
952	55.8995	1	1.17379e+06	1	160.003	1	1885.96	1	108.641	1	0.00316228	273.251	301.463
952	55.8995	1	1.17379e+06	1	160.003	1	1885.96	1	108.641	1	0.01	273.254	301.465
952	55.8995	1	1.17379e+06	1	160.003	1	1885.96	1	108.641	1	0.0316228	273.263	301.473
952	55.8995	1	1.17379e+06	1	160.003	1	1885.96	1	108.641	1	0.1	273.292	301.498
952	55.8995	1	1.17379e+06	1	160.003	1	1885.96	1	108.641	1	0.316228	273.385	301.576
952	55.8995	1	1.17379e+06	1	160.003	1	1885.96	1	108.641	1	1	273.676	301.822
952	55.8995	1	1.17379e+06	1	160.003	1	1885.96	1	108.641	1	3.16228	274.569	302.585
952	55.8995	1	1.17379e+06	1	160.003	1	1885.96	1	108.641	1	10	277.191	304.867
952	55.8995	1	1.17379e+06	1	160.003	1	1885.96	1	108.641	1	31.6228	284.014	311.101
952	55.8995	1	1.17379e+06	1	160.003	1	1885.96	1	108.641	1	100	296.072	324.705
953	44.7411	1	1.03876e+06	1	54.455	1	110.509	1	192.682	1	0	273.249	301.462
953	44.7411	1	1.03876e+06	1	54.455	1	110.509	1	192.682	1	0.001	273.251	301.463
953	44.7411	1	1.03876e+06	1	54.455	1	110.509	1	192.682	1	0.00316228	273.254	301.466
953	44.7411	1	1.03876e+06	1	54.455	1	110.509	1	192.682	1	0.01	273.264	301.477
953	44.7411	1	1.03876e+06	1	54.455	1	110.509	1	192.682	1	0.0316228	273.296	301.51
953	44.7411	1	1.03876e+06	1	54.455	1	110.509	1	192.682	1	0.1	273.397	301.613
953	44.7411	1	1.03876e+06	1	54.455	1	110.509	1	192.682	1	0.316228	273.714	301.94
953	44.7411	1	1.03876e+06	1	54.455	1	110.509	1	192.682	1	1	274.706	302.963
953	44.7411	1	1.03876e+06	1	54.455	1	110.509	1	192.682	1	3.16228	277.749	306.096
953	44.7411	1	1.03876e+06	1	54.455	1	110.509	1	192.682	1	10	286.589	315.191
953	44.7411	1	1.03876e+06	1	54.455	1	110.509	1	192.682	1	31.6228	309.965	339.373
953	44.7411	1	1.03876e+06	1	54.455	1	110.509	1	192.682	1	100	359.568	393.617
954	42.6636	1	1.87013e+06	1	100.901	1	315.932	1	187.761	1	0	273.249	301.462
954	42.6636	1	1.87013e+06	1	100.901	1	315.932	1	187.761	1	0.001	273.25	301.462
954	42.6636	1	1.87013e+06	1	100.901	1	315.932	1	187.761	1	0.00316228	273.252	301.464
954	42.6636	1	1.87013e+06	1	100.901	1	315.932	1	187.761	1	0.01	273.257	301.469
954	42.6636	1	1.87013e+06	1	100.901	1	315.932	1	187.761	1	0.0316228	273.274	301.485
954	42.6636	1	1.87013e+06	1	100.901	1	315.932	1	187.761	1	0.1	273.328	301.534
954	42.6636	1	1.87013e+06	1	100.901	1	315.932	1	187.761	1	0.316228	273.499	301.69
954	42.6636	1	1.87013e+06	1	100.901	1	315.932	1	187.761	1	1	274.032	302.182
954	42.6636	1	1.87013e+06	1	100.901	1	315.932	1	187.761	1	3.16228	275.673	303.703
954	42.6636	1	1.87013e+06	1	100.901	1	315.932	1	187.761	1	10	280.513	308.244
954	42.6636	1	1.87013e+06	1	100.901	1	315.932	1	187.761	1	31.6228	293.191	320.679
954	42.6636	1	1.87013e+06	1	100.901	1	315.932	1	187.761	1	100	319.489	349.865
955	67.7791	1	978537	1	29.5712	1	477.106	1	84.4285	1	0	273.249	301.462
955	67.7791	1	978537	1	29.5712	1	477.106	1	84.4285	1	0.001	273.251	301.463
955	67.7791	1	978537	1	29.5712	1	477.106	1	84.4285	1	0.00316228	273.254	301.467
955	67.7791	1	978537	1	29.5712	1	477.106	1	84.4285	1	0.01	273.263	301.477
955	67.7791	1	978537	1	29.5712	1	477.106	1	84.4285	1	0.0316228	273.292	301.512
955	67.7791	1	978537	1	29.5712	1	477.106	1	84.4285	1	0.1	273.384	301.619
955	67.7791	1	978537	1	29.5712	1	477.106	1	84.4285	1	0.316228	273.672	301.958
955	67.7791	1	978537	1	29.5712	1	477.106	1	84.4285	1	1	274.563	303.001
955	67.7791	1	978537	1	29.5712	1	477.106	1	84.4285	1	3.16228	277.193	306.055
955	67.7791	1	978537	1	29.5712	1	477.106	1	84.4285	1	10	284.109	314.034
955	67.7791	1	978537	1	29.5712	1	477.106	1	84.4285	1	31.6228	298.848	330.57
955	67.7791	1	978537	1	29.5712	1	477.106	1	84.4285	1	100	321.959	357.141
956	51.1306	1	1.87749e+06	1	104.344	1	655.302	1	185.912	1	0	273.249	301.462
956	51.1306	1	1.87749e+06	1	104.344	1	655.302	1	185.912	1	0.001	273.25	301.462
956	51.1306	1	1.87749e+06	1	104.344	1	655.302	1	185.912	1	0.00316228	273.251	301.463
956	51.1306	1	1.87749e+06	1	104.344	1	655.302	1	185.912	1	0.01	273.256	301.467
956	51.1306	1	1.87749e+06	1	104.344	1	655.302	1	185.912	1	0.0316228	273.269	301.48
956	51.1306	1	1.87749e+06	1	104.344	1	655.302	1	185.912	1	0.1	273.311	301.519
956	51.1306	1	1.87749e+06	1	104.344	1	655.302	1	185.912	1	0.316228	273.444	301.642
956	51.1306	1	1.87749e+06	1	104.344	1	655.302	1	185.912	1	1	273.861	302.03
956	51.1306	1	1.87749e+06	1	104.344	1	655.302	1	185.912	1	3.16228	275.143	303.228
956	51.1306	1	1.87749e+06	1	104.344	1	655.302	1	185.912	1	10	278.912	306.785
956	51.1306	1	1.87749e+06	1	104.344	1	655.302	1	185.912	1	31.6228	288.81	316.439
956	51.1306	1	1.87749e+06	1	104.344	1	655.302	1	185.912	1	100	307.743	337.587
957	33.1705	1	1.94665e+06	1	19.3925	1	96.2134	1	113.104	1	0	273.249	301.462
957	33.1705	1	1.94665e+06	1	19.3925	1	96.2134	1	113.104	1	0.001	273.252	301.465
957	33.1705	1	1.94665e+06	1	19.3925	1	96.2134	1	113.104	1	0.00316228	273.258	301.471
957	33.1705	1	1.94665e+06	1	19.3925	1	96.2134	1	113.104	1	0.01	273.276	301.491
957	33.1705	1	1.94665e+06	1	19.3925	1	96.2134	1	113.104	1	0.0316228	273.333	301.556
957	33.1705	1	1.94665e+06	1	19.3925	1	96.2134	1	113.104	1	0.1	273.515	301.759
957	33.1705	1	1.94665e+06	1	19.3925	1	96.2134	1	113.104	1	0.316228	274.082	302.394
957	33.1705	1	1.94665e+06	1	19.3925	1	96.2134	1	113.104	1	1	275.831	304.344
957	33.1705	1	1.94665e+06	1	19.3925	1	96.2134	1	113.104	1	3.16228	280.948	310.005
957	33.1705	1	1.94665e+06	1	19.3925	1	96.2134	1	113.104	1	10	294.285	324.578
957	33.1705	1	1.94665e+06	1	19.3925	1	96.2134	1	113.104	1	31.6228	324.023	356.475
957	33.1705	1	1.94665e+06	1	19.3925	1	96.2134	1	113.104	1	100	378.139	416.556
958	50.5372	1	1.03015e+06	1	53.9383	1	249.104	1	87.4144	1	0	273.249	301.462
958	50.5372	1	1.03015e+06	1	53.9383	1	249.104	1	87.4144	1	0.001	273.251	301.463
958	50.5372	1	1.03015e+06	1	53.9383	1	249.104	1	87.4144	1	0.00316228	273.253	301.465
958	50.5372	1	1.03015e+06	1	53.9383	1	249.104	1	87.4144	1	0.01	273.26	301.473
958	50.5372	1	1.03015e+06	1	53.9383	1	249.104	1	87.4144	1	0.0316228	273.284	301.497
958	50.5372	1	1.03015e+06	1	53.9383	1	249.104	1	87.4144	1	0.1	273.358	301.575
958	50.5372	1	1.03015e+06	1	53.9383	1	249.104	1	87.4144	1	0.316228	273.591	301.819
958	50.5372	1	1.03015e+06	1	53.9383	1	249.104	1	87.4144	1	1	274.32	302.583
958	50.5372	1	1.03015e+06	1	53.9383	1	249.104	1	87.4144	1	3.16228	276.551	304.915
958	50.5372	1	1.03015e+06	1	53.9383	1	249.104	1	87.4144	1	10	282.998	311.642
958	50.5372	1	1.03015e+06	1	53.9383	1	249.104	1	87.4144	1	31.6228	299.088	328.498
958	50.5372	1	1.03015e+06	1	53.9383	1	249.104	1	87.4144	1	100	331.077	364.359
959	34.6529	1	715799	1	69.7406	1	681.454	1	144.049	1	0	273.249	301.462
959	34.6529	1	715799	1	69.7406	1	681.454	1	144.049	1	0.001	273.25	301.462
959	34.6529	1	715799	1	69.7406	1	681.454	1	144.049	1	0.00316228	273.252	301.464
959	34.6529	1	715799	1	69.7406	1	681.454	1	144.049	1	0.01	273.258	301.469
959	34.6529	1	715799	1	69.7406	1	681.454	1	144.049	1	0.0316228	273.277	301.487
959	34.6529	1	715799	1	69.7406	1	681.454	1	144.049	1	0.1	273.335	301.541
959	34.6529	1	715799	1	69.7406	1	681.454	1	144.049	1	0.316228	273.519	301.711
959	34.6529	1	715799	1	69.7406	1	681.454	1	144.049	1	1	274.093	302.242
959	34.6529	1	715799	1	69.7406	1	681.454	1	144.049	1	3.16228	275.831	303.863
959	34.6529	1	715799	1	69.7406	1	681.454	1	144.049	1	10	280.769	308.513
959	34.6529	1	715799	1	69.7406	1	681.454	1	144.049	1	31.6228	292.351	320.119
959	34.6529	1	715799	1	69.7406	1	681.454	1	144.049	1	100	311.449	342.712
960	40.9905	1	1.75984e+06	1	53.8665	1	258.593	1	149.667	1	0	273.249	301.462
960	40.9905	1	1.75984e+06	1	53.8665	1	258.593	1	149.667	1	0.001	273.251	301.463
960	40.9905	1	1.75984e+06	1	53.8665	1	258.593	1	149.667	1	0.00316228	273.253	301.465
960	40.9905	1	1.75984e+06	1	53.8665	1	258.593	1	149.667	1	0.01	273.261	301.473
960	40.9905	1	1.75984e+06	1	53.8665	1	258.593	1	149.667	1	0.0316228	273.285	301.497
960	40.9905	1	1.75984e+06	1	53.8665	1	258.593	1	149.667	1	0.1	273.361	301.575
960	40.9905	1	1.75984e+06	1	53.8665	1	258.593	1	149.667	1	0.316228	273.601	301.818
960	40.9905	1	1.75984e+06	1	53.8665	1	258.593	1	149.667	1	1	274.35	302.579
960	40.9905	1	1.75984e+06	1	53.8665	1	258.593	1	149.667	1	3.16228	276.636	304.899
960	40.9905	1	1.75984e+06	1	53.8665	1	258.593	1	149.667	1	10	283.215	311.584
960	40.9905	1	1.75984e+06	1	53.8665	1	258.593	1	149.667	1	31.6228	299.427	328.323
960	40.9905	1	1.75984e+06	1	53.8665	1	258.593	1	149.667	1	100	330.657	363.577
961	43.2644	1	557552	1	122.948	1	204.724	1	100.534	1	0	273.249	301.462
961	43.2644	1	557552	1	122.948	1	204.724	1	100.534	1	0.001	273.25	301.462
961	43.2644	1	557552	1	122.948	1	204.724	1	100.534	1	0.00316228	273.252	301.464
961	43.2644	1	557552	1	122.948	1	204.724	1	100.534	1	0.01	273.258	301.47
961	43.2644	1	557552	1	122.948	1	204.724	1	100.534	1	0.0316228	273.277	301.487
961	43.2644	1	557552	1	122.948	1	204.724	1	100.534	1	0.1	273.336	301.541
961	43.2644	1	557552	1	122.948	1	204.724	1	100.534	1	0.316228	273.523	301.712
961	43.2644	1	557552	1	122.948	1	204.724	1	100.534	1	1	274.111	302.251
961	43.2644	1	557552	1	122.948	1	204.724	1	100.534	1	3.16228	275.922	303.926
961	43.2644	1	557552	1	122.948	1	204.724	1	100.534	1	10	281.304	308.969
961	43.2644	1	557552	1	122.948	1	204.724	1	100.534	1	31.6228	295.626	323.002
961	43.2644	1	557552	1	122.948	1	204.724	1	100.534	1	100	327.893	358.133
962	28.3919	1	1.66529e+06	1	59.7652	1	556.098	1	171.129	1	0	273.249	301.462
962	28.3919	1	1.66529e+06	1	59.7652	1	556.098	1	171.129	1	0.001	273.25	301.462
962	28.3919	1	1.66529e+06	1	59.7652	1	556.098	1	171.129	1	0.00316228	273.253	301.465
962	28.3919	1	1.66529e+06	1	59.7652	1	556.098	1	171.129	1	0.01	273.26	301.471
962	28.3919	1	1.66529e+06	1	59.7652	1	556.098	1	171.129	1	0.0316228	273.282	301.491
962	28.3919	1	1.66529e+06	1	59.7652	1	556.098	1	171.129	1	0.1	273.351	301.554
962	28.3919	1	1.66529e+06	1	59.7652	1	556.098	1	171.129	1	0.316228	273.57	301.754
962	28.3919	1	1.66529e+06	1	59.7652	1	556.098	1	171.129	1	1	274.25	302.378
962	28.3919	1	1.66529e+06	1	59.7652	1	556.098	1	171.129	1	3.16228	276.293	304.268
962	28.3919	1	1.66529e+06	1	59.7652	1	556.098	1	171.129	1	10	282.018	309.651
962	28.3919	1	1.66529e+06	1	59.7652	1	556.098	1	171.129	1	31.6228	294.793	322.653
962	28.3919	1	1.66529e+06	1	59.7652	1	556.098	1	171.129	1	100	315.598	347.501
963	98.2997	1	2.78859e+06	1	82.1711	1	517.164	1	88.772	1	0	273.249	301.462
963	98.2997	1	2.78859e+06	1	82.1711	1	517.164	1	88.772	1	0.001	273.25	301.462
963	98.2997	1	2.78859e+06	1	82.1711	1	517.164	1	88.772	1	0.00316228	273.251	301.464
963	98.2997	1	2.78859e+06	1	82.1711	1	517.164	1	88.772	1	0.01	273.256	301.468
963	98.2997	1	2.78859e+06	1	82.1711	1	517.164	1	88.772	1	0.0316228	273.269	301.483
963	98.2997	1	2.78859e+06	1	82.1711	1	517.164	1	88.772	1	0.1	273.313	301.53
963	98.2997	1	2.78859e+06	1	82.1711	1	517.164	1	88.772	1	0.316228	273.45	301.679
963	98.2997	1	2.78859e+06	1	82.1711	1	517.164	1	88.772	1	1	273.879	302.144
963	98.2997	1	2.78859e+06	1	82.1711	1	517.164	1	88.772	1	3.16228	275.206	303.579
963	98.2997	1	2.78859e+06	1	82.1711	1	517.164	1	88.772	1	10	279.12	307.789
963	98.2997	1	2.78859e+06	1	82.1711	1	517.164	1	88.772	1	31.6228	289.352	318.753
963	98.2997	1	2.78859e+06	1	82.1711	1	517.164	1	88.772	1	100	311.102	342.92
964	34.1004	1	894652	1	56.147	1	138.324	1	126.788	1	0	273.249	301.462
964	34.1004	1	894652	1	56.147	1	138.324	1	126.788	1	0.001	273.251	301.463
964	34.1004	1	894652	1	56.147	1	138.324	1	126.788	1	0.00316228	273.254	301.466
964	34.1004	1	894652	1	56.147	1	138.324	1	126.788	1	0.01	273.263	301.475
964	34.1004	1	894652	1	56.147	1	138.324	1	126.788	1	0.0316228	273.294	301.505
964	34.1004	1	894652	1	56.147	1	138.324	1	126.788	1	0.1	273.389	301.599
964	34.1004	1	894652	1	56.147	1	138.324	1	126.788	1	0.316228	273.69	301.897
964	34.1004	1	894652	1	56.147	1	138.324	1	126.788	1	1	274.63	302.826
964	34.1004	1	894652	1	56.147	1	138.324	1	126.788	1	3.16228	277.501	305.674
964	34.1004	1	894652	1	56.147	1	138.324	1	126.788	1	10	285.802	313.952
964	34.1004	1	894652	1	56.147	1	138.324	1	126.788	1	31.6228	306.825	335.561
964	34.1004	1	894652	1	56.147	1	138.324	1	126.788	1	100	350.265	383.896
965	60.4009	1	1.38646e+06	1	100.24	1	202.886	1	207.55	1	0	273.249	301.462
965	60.4009	1	1.38646e+06	1	100.24	1	202.886	1	207.55	1	0.001	273.25	301.462
965	60.4009	1	1.38646e+06	1	100.24	1	202.886	1	207.55	1	0.00316228	273.252	301.464
965	60.4009	1	1.38646e+06	1	100.24	1	202.886	1	207.55	1	0.01	273.258	301.47
965	60.4009	1	1.38646e+06	1	100.24	1	202.886	1	207.55	1	0.0316228	273.276	301.488
965	60.4009	1	1.38646e+06	1	100.24	1	202.886	1	207.55	1	0.1	273.334	301.546
965	60.4009	1	1.38646e+06	1	100.24	1	202.886	1	207.55	1	0.316228	273.518	301.728
965	60.4009	1	1.38646e+06	1	100.24	1	202.886	1	207.55	1	1	274.094	302.299
965	60.4009	1	1.38646e+06	1	100.24	1	202.886	1	207.55	1	3.16228	275.881	304.074
965	60.4009	1	1.38646e+06	1	100.24	1	202.886	1	207.55	1	10	281.218	309.391
965	60.4009	1	1.38646e+06	1	100.24	1	202.886	1	207.55	1	31.6228	295.908	324.19
965	60.4009	1	1.38646e+06	1	100.24	1	202.886	1	207.55	1	100	329.964	360.748
966	36.9307	1	1.06538e+06	1	70.0303	1	249.496	1	96.0124	1	0	273.249	301.462
966	36.9307	1	1.06538e+06	1	70.0303	1	249.496	1	96.0124	1	0.001	273.25	301.463
966	36.9307	1	1.06538e+06	1	70.0303	1	249.496	1	96.0124	1	0.00316228	273.253	301.465
966	36.9307	1	1.06538e+06	1	70.0303	1	249.496	1	96.0124	1	0.01	273.26	301.471
966	36.9307	1	1.06538e+06	1	70.0303	1	249.496	1	96.0124	1	0.0316228	273.282	301.493
966	36.9307	1	1.06538e+06	1	70.0303	1	249.496	1	96.0124	1	0.1	273.352	301.56
966	36.9307	1	1.06538e+06	1	70.0303	1	249.496	1	96.0124	1	0.316228	273.574	301.772
966	36.9307	1	1.06538e+06	1	70.0303	1	249.496	1	96.0124	1	1	274.268	302.438
966	36.9307	1	1.06538e+06	1	70.0303	1	249.496	1	96.0124	1	3.16228	276.389	304.482
966	36.9307	1	1.06538e+06	1	70.0303	1	249.496	1	96.0124	1	10	282.548	310.459
966	36.9307	1	1.06538e+06	1	70.0303	1	249.496	1	96.0124	1	31.6228	297.929	326.068
966	36.9307	1	1.06538e+06	1	70.0303	1	249.496	1	96.0124	1	100	328.923	360.995
967	37.3143	1	3.27943e+06	1	72.102	1	781.586	1	88.7347	1	0	273.249	301.462
967	37.3143	1	3.27943e+06	1	72.102	1	781.586	1	88.7347	1	0.001	273.25	301.462
967	37.3143	1	3.27943e+06	1	72.102	1	781.586	1	88.7347	1	0.00316228	273.252	301.464
967	37.3143	1	3.27943e+06	1	72.102	1	781.586	1	88.7347	1	0.01	273.258	301.469
967	37.3143	1	3.27943e+06	1	72.102	1	781.586	1	88.7347	1	0.0316228	273.275	301.486
967	37.3143	1	3.27943e+06	1	72.102	1	781.586	1	88.7347	1	0.1	273.331	301.537
967	37.3143	1	3.27943e+06	1	72.102	1	781.586	1	88.7347	1	0.316228	273.505	301.7
967	37.3143	1	3.27943e+06	1	72.102	1	781.586	1	88.7347	1	1	274.05	302.21
967	37.3143	1	3.27943e+06	1	72.102	1	781.586	1	88.7347	1	3.16228	275.704	303.766
967	37.3143	1	3.27943e+06	1	72.102	1	781.586	1	88.7347	1	10	280.412	308.234
967	37.3143	1	3.27943e+06	1	72.102	1	781.586	1	88.7347	1	31.6228	291.433	319.332
967	37.3143	1	3.27943e+06	1	72.102	1	781.586	1	88.7347	1	100	309.5	340.738
968	41.9383	1	709073	1	54.6706	1	446.185	1	92.9461	1	0	273.249	301.462
968	41.9383	1	709073	1	54.6706	1	446.185	1	92.9461	1	0.001	273.25	301.463
968	41.9383	1	709073	1	54.6706	1	446.185	1	92.9461	1	0.00316228	273.253	301.465
968	41.9383	1	709073	1	54.6706	1	446.185	1	92.9461	1	0.01	273.259	301.472
968	41.9383	1	709073	1	54.6706	1	446.185	1	92.9461	1	0.0316228	273.281	301.493
968	41.9383	1	709073	1	54.6706	1	446.185	1	92.9461	1	0.1	273.348	301.561
968	41.9383	1	709073	1	54.6706	1	446.185	1	92.9461	1	0.316228	273.56	301.776
968	41.9383	1	709073	1	54.6706	1	446.185	1	92.9461	1	1	274.221	302.447
968	41.9383	1	709073	1	54.6706	1	446.185	1	92.9461	1	3.16228	276.229	304.484
968	41.9383	1	709073	1	54.6706	1	446.185	1	92.9461	1	10	281.948	310.292
968	41.9383	1	709073	1	54.6706	1	446.185	1	92.9461	1	31.6228	295.457	324.307
968	41.9383	1	709073	1	54.6706	1	446.185	1	92.9461	1	100	319.1	351.634
969	40.9967	1	320893	1	104.467	1	185.422	1	92.181	1	0	273.249	301.462
969	40.9967	1	320893	1	104.467	1	185.422	1	92.181	1	0.001	273.25	301.462
969	40.9967	1	320893	1	104.467	1	185.422	1	92.181	1	0.00316228	273.252	301.464
969	40.9967	1	320893	1	104.467	1	185.422	1	92.181	1	0.01	273.259	301.471
969	40.9967	1	320893	1	104.467	1	185.422	1	92.181	1	0.0316228	273.28	301.49
969	40.9967	1	320893	1	104.467	1	185.422	1	92.181	1	0.1	273.346	301.551
969	40.9967	1	320893	1	104.467	1	185.422	1	92.181	1	0.316228	273.554	301.745
969	40.9967	1	320893	1	104.467	1	185.422	1	92.181	1	1	274.205	302.353
969	40.9967	1	320893	1	104.467	1	185.422	1	92.181	1	3.16228	276.213	304.238
969	40.9967	1	320893	1	104.467	1	185.422	1	92.181	1	10	282.151	309.88
969	40.9967	1	320893	1	104.467	1	185.422	1	92.181	1	31.6228	297.88	325.499
969	40.9967	1	320893	1	104.467	1	185.422	1	92.181	1	100	332.643	363.588
970	28.3519	1	1.05598e+06	1	74.9667	1	254.194	1	58.0629	1	0	273.249	301.462
970	28.3519	1	1.05598e+06	1	74.9667	1	254.194	1	58.0629	1	0.001	273.251	301.463
970	28.3519	1	1.05598e+06	1	74.9667	1	254.194	1	58.0629	1	0.00316228	273.253	301.465
970	28.3519	1	1.05598e+06	1	74.9667	1	254.194	1	58.0629	1	0.01	273.26	301.471
970	28.3519	1	1.05598e+06	1	74.9667	1	254.194	1	58.0629	1	0.0316228	273.284	301.493
970	28.3519	1	1.05598e+06	1	74.9667	1	254.194	1	58.0629	1	0.1	273.359	301.559
970	28.3519	1	1.05598e+06	1	74.9667	1	254.194	1	58.0629	1	0.316228	273.594	301.77
970	28.3519	1	1.05598e+06	1	74.9667	1	254.194	1	58.0629	1	1	274.327	302.431
970	28.3519	1	1.05598e+06	1	74.9667	1	254.194	1	58.0629	1	3.16228	276.547	304.456
970	28.3519	1	1.05598e+06	1	74.9667	1	254.194	1	58.0629	1	10	282.899	310.365
970	28.3519	1	1.05598e+06	1	74.9667	1	254.194	1	58.0629	1	31.6228	297.777	325.598
970	28.3519	1	1.05598e+06	1	74.9667	1	254.194	1	58.0629	1	100	327.939	359.852
971	37.6922	1	774412	1	60.2227	1	376.535	1	71.2105	1	0	273.249	301.462
971	37.6922	1	774412	1	60.2227	1	376.535	1	71.2105	1	0.001	273.25	301.463
971	37.6922	1	774412	1	60.2227	1	376.535	1	71.2105	1	0.00316228	273.253	301.465
971	37.6922	1	774412	1	60.2227	1	376.535	1	71.2105	1	0.01	273.259	301.471
971	37.6922	1	774412	1	60.2227	1	376.535	1	71.2105	1	0.0316228	273.281	301.492
971	37.6922	1	774412	1	60.2227	1	376.535	1	71.2105	1	0.1	273.349	301.559
971	37.6922	1	774412	1	60.2227	1	376.535	1	71.2105	1	0.316228	273.564	301.77
971	37.6922	1	774412	1	60.2227	1	376.535	1	71.2105	1	1	274.235	302.427
971	37.6922	1	774412	1	60.2227	1	376.535	1	71.2105	1	3.16228	276.273	304.433
971	37.6922	1	774412	1	60.2227	1	376.535	1	71.2105	1	10	282.109	310.204
971	37.6922	1	774412	1	60.2227	1	376.535	1	71.2105	1	31.6228	295.934	324.462
971	37.6922	1	774412	1	60.2227	1	376.535	1	71.2105	1	100	321.199	353.606
972	43.9557	1	1.3483e+06	1	112.4	1	245.136	1	99.1659	1	0	273.249	301.462
972	43.9557	1	1.3483e+06	1	112.4	1	245.136	1	99.1659	1	0.001	273.25	301.462
972	43.9557	1	1.3483e+06	1	112.4	1	245.136	1	99.1659	1	0.00316228	273.252	301.464
972	43.9557	1	1.3483e+06	1	112.4	1	245.136	1	99.1659	1	0.01	273.258	301.469
972	43.9557	1	1.3483e+06	1	112.4	1	245.136	1	99.1659	1	0.0316228	273.276	301.486
972	43.9557	1	1.3483e+06	1	112.4	1	245.136	1	99.1659	1	0.1	273.332	301.538
972	43.9557	1	1.3483e+06	1	112.4	1	245.136	1	99.1659	1	0.316228	273.511	301.702
972	43.9557	1	1.3483e+06	1	112.4	1	245.136	1	99.1659	1	1	274.07	302.218
972	43.9557	1	1.3483e+06	1	112.4	1	245.136	1	99.1659	1	3.16228	275.795	303.821
972	43.9557	1	1.3483e+06	1	112.4	1	245.136	1	99.1659	1	10	280.912	308.637
972	43.9557	1	1.3483e+06	1	112.4	1	245.136	1	99.1659	1	31.6228	294.395	321.897
972	43.9557	1	1.3483e+06	1	112.4	1	245.136	1	99.1659	1	100	324.083	354.48
973	48.3205	1	297948	1	74.628	1	151.027	1	98.854	1	0	273.249	301.462
973	48.3205	1	297948	1	74.628	1	151.027	1	98.854	1	0.001	273.251	301.463
973	48.3205	1	297948	1	74.628	1	151.027	1	98.854	1	0.00316228	273.253	301.465
973	48.3205	1	297948	1	74.628	1	151.027	1	98.854	1	0.01	273.261	301.473
973	48.3205	1	297948	1	74.628	1	151.027	1	98.854	1	0.0316228	273.285	301.497
973	48.3205	1	297948	1	74.628	1	151.027	1	98.854	1	0.1	273.362	301.575
973	48.3205	1	297948	1	74.628	1	151.027	1	98.854	1	0.316228	273.606	301.819
973	48.3205	1	297948	1	74.628	1	151.027	1	98.854	1	1	274.371	302.585
973	48.3205	1	297948	1	74.628	1	151.027	1	98.854	1	3.16228	276.728	304.952
973	48.3205	1	297948	1	74.628	1	151.027	1	98.854	1	10	283.674	311.932
973	48.3205	1	297948	1	74.628	1	151.027	1	98.854	1	31.6228	302.233	330.899
973	48.3205	1	297948	1	74.628	1	151.027	1	98.854	1	100	343.149	375.623
974	31.1562	1	814698	1	31.1892	1	417.893	1	141.324	1	0	273.249	301.462
974	31.1562	1	814698	1	31.1892	1	417.893	1	141.324	1	0.001	273.251	301.463
974	31.1562	1	814698	1	31.1892	1	417.893	1	141.324	1	0.00316228	273.254	301.467
974	31.1562	1	814698	1	31.1892	1	417.893	1	141.324	1	0.01	273.264	301.477
974	31.1562	1	814698	1	31.1892	1	417.893	1	141.324	1	0.0316228	273.297	301.512
974	31.1562	1	814698	1	31.1892	1	417.893	1	141.324	1	0.1	273.398	301.619
974	31.1562	1	814698	1	31.1892	1	417.893	1	141.324	1	0.316228	273.718	301.958
974	31.1562	1	814698	1	31.1892	1	417.893	1	141.324	1	1	274.706	303.003
974	31.1562	1	814698	1	31.1892	1	417.893	1	141.324	1	3.16228	277.626	306.076
974	31.1562	1	814698	1	31.1892	1	417.893	1	141.324	1	10	285.442	314.276
974	31.1562	1	814698	1	31.1892	1	417.893	1	141.324	1	31.6228	301.577	331.52
974	31.1562	1	814698	1	31.1892	1	417.893	1	141.324	1	100	325.494	359.912
975	39.85	1	954706	1	39.9364	1	280.53	1	89.1339	1	0	273.249	301.462
975	39.85	1	954706	1	39.9364	1	280.53	1	89.1339	1	0.001	273.251	301.463
975	39.85	1	954706	1	39.9364	1	280.53	1	89.1339	1	0.00316228	273.254	301.466
975	39.85	1	954706	1	39.9364	1	280.53	1	89.1339	1	0.01	273.262	301.475
975	39.85	1	954706	1	39.9364	1	280.53	1	89.1339	1	0.0316228	273.291	301.505
975	39.85	1	954706	1	39.9364	1	280.53	1	89.1339	1	0.1	273.379	301.599
975	39.85	1	954706	1	39.9364	1	280.53	1	89.1339	1	0.316228	273.659	301.895
975	39.85	1	954706	1	39.9364	1	280.53	1	89.1339	1	1	274.529	302.814
975	39.85	1	954706	1	39.9364	1	280.53	1	89.1339	1	3.16228	277.15	305.575
975	39.85	1	954706	1	39.9364	1	280.53	1	89.1339	1	10	284.494	313.292
975	39.85	1	954706	1	39.9364	1	280.53	1	89.1339	1	31.6228	301.401	331.192
975	39.85	1	954706	1	39.9364	1	280.53	1	89.1339	1	100	331.438	365.525
976	32.9582	1	1.02592e+06	1	122.261	1	398.835	1	118.015	1	0	273.249	301.462
976	32.9582	1	1.02592e+06	1	122.261	1	398.835	1	118.015	1	0.001	273.25	301.462
976	32.9582	1	1.02592e+06	1	122.261	1	398.835	1	118.015	1	0.00316228	273.252	301.464
976	32.9582	1	1.02592e+06	1	122.261	1	398.835	1	118.015	1	0.01	273.257	301.468
976	32.9582	1	1.02592e+06	1	122.261	1	398.835	1	118.015	1	0.0316228	273.274	301.482
976	32.9582	1	1.02592e+06	1	122.261	1	398.835	1	118.015	1	0.1	273.326	301.525
976	32.9582	1	1.02592e+06	1	122.261	1	398.835	1	118.015	1	0.316228	273.491	301.661
976	32.9582	1	1.02592e+06	1	122.261	1	398.835	1	118.015	1	1	274.006	302.088
976	32.9582	1	1.02592e+06	1	122.261	1	398.835	1	118.015	1	3.16228	275.573	303.409
976	32.9582	1	1.02592e+06	1	122.261	1	398.835	1	118.015	1	10	280.121	307.357
976	32.9582	1	1.02592e+06	1	122.261	1	398.835	1	118.015	1	31.6228	291.399	318.123
976	32.9582	1	1.02592e+06	1	122.261	1	398.835	1	118.015	1	100	313.537	343.197
977	45.7749	1	597835	1	29.6099	1	331.599	1	75.4514	1	0	273.249	301.462
977	45.7749	1	597835	1	29.6099	1	331.599	1	75.4514	1	0.001	273.251	301.463
977	45.7749	1	597835	1	29.6099	1	331.599	1	75.4514	1	0.00316228	273.254	301.467
977	45.7749	1	597835	1	29.6099	1	331.599	1	75.4514	1	0.01	273.264	301.478
977	45.7749	1	597835	1	29.6099	1	331.599	1	75.4514	1	0.0316228	273.297	301.515
977	45.7749	1	597835	1	29.6099	1	331.599	1	75.4514	1	0.1	273.398	301.629
977	45.7749	1	597835	1	29.6099	1	331.599	1	75.4514	1	0.316228	273.718	301.987
977	45.7749	1	597835	1	29.6099	1	331.599	1	75.4514	1	1	274.706	303.095
977	45.7749	1	597835	1	29.6099	1	331.599	1	75.4514	1	3.16228	277.634	306.351
977	45.7749	1	597835	1	29.6099	1	331.599	1	75.4514	1	10	285.418	314.935
977	45.7749	1	597835	1	29.6099	1	331.599	1	75.4514	1	31.6228	302.339	333.368
977	45.7749	1	597835	1	29.6099	1	331.599	1	75.4514	1	100	329.748	364.857
978	54.9144	1	249570	1	169.775	1	408.042	1	52.8828	1	0	273.249	301.462
978	54.9144	1	249570	1	169.775	1	408.042	1	52.8828	1	0.001	273.25	301.462
978	54.9144	1	249570	1	169.775	1	408.042	1	52.8828	1	0.00316228	273.251	301.463
978	54.9144	1	249570	1	169.775	1	408.042	1	52.8828	1	0.01	273.255	301.467
978	54.9144	1	249570	1	169.775	1	408.042	1	52.8828	1	0.0316228	273.268	301.478
978	54.9144	1	249570	1	169.775	1	408.042	1	52.8828	1	0.1	273.307	301.513
978	54.9144	1	249570	1	169.775	1	408.042	1	52.8828	1	0.316228	273.433	301.624
978	54.9144	1	249570	1	169.775	1	408.042	1	52.8828	1	1	273.825	301.974
978	54.9144	1	249570	1	169.775	1	408.042	1	52.8828	1	3.16228	275.039	303.063
978	54.9144	1	249570	1	169.775	1	408.042	1	52.8828	1	10	278.631	306.337
978	54.9144	1	249570	1	169.775	1	408.042	1	52.8828	1	31.6228	288.218	315.458
978	54.9144	1	249570	1	169.775	1	408.042	1	52.8828	1	100	308.486	338.071
979	46.47	1	1.20775e+06	1	63.6835	1	310.42	1	60.5731	1	0	273.249	301.462
979	46.47	1	1.20775e+06	1	63.6835	1	310.42	1	60.5731	1	0.001	273.25	301.463
979	46.47	1	1.20775e+06	1	63.6835	1	310.42	1	60.5731	1	0.00316228	273.252	301.465
979	46.47	1	1.20775e+06	1	63.6835	1	310.42	1	60.5731	1	0.01	273.259	301.471
979	46.47	1	1.20775e+06	1	63.6835	1	310.42	1	60.5731	1	0.0316228	273.28	301.492
979	46.47	1	1.20775e+06	1	63.6835	1	310.42	1	60.5731	1	0.1	273.346	301.559
979	46.47	1	1.20775e+06	1	63.6835	1	310.42	1	60.5731	1	0.316228	273.553	301.769
979	46.47	1	1.20775e+06	1	63.6835	1	310.42	1	60.5731	1	1	274.203	302.425
979	46.47	1	1.20775e+06	1	63.6835	1	310.42	1	60.5731	1	3.16228	276.191	304.436
979	46.47	1	1.20775e+06	1	63.6835	1	310.42	1	60.5731	1	10	281.941	310.257
979	46.47	1	1.20775e+06	1	63.6835	1	310.42	1	60.5731	1	31.6228	296.186	325.019
979	46.47	1	1.20775e+06	1	63.6835	1	310.42	1	60.5731	1	100	323.877	356.578
980	35.342	1	1.50432e+06	1	26.4901	1	290.642	1	86.1724	1	0	273.249	301.462
980	35.342	1	1.50432e+06	1	26.4901	1	290.642	1	86.1724	1	0.001	273.251	301.463
980	35.342	1	1.50432e+06	1	26.4901	1	290.642	1	86.1724	1	0.00316228	273.255	301.468
980	35.342	1	1.50432e+06	1	26.4901	1	290.642	1	86.1724	1	0.01	273.267	301.48
980	35.342	1	1.50432e+06	1	26.4901	1	290.642	1	86.1724	1	0.0316228	273.303	301.521
980	35.342	1	1.50432e+06	1	26.4901	1	290.642	1	86.1724	1	0.1	273.42	301.65
980	35.342	1	1.50432e+06	1	26.4901	1	290.642	1	86.1724	1	0.316228	273.785	302.053
980	35.342	1	1.50432e+06	1	26.4901	1	290.642	1	86.1724	1	1	274.913	303.293
980	35.342	1	1.50432e+06	1	26.4901	1	290.642	1	86.1724	1	3.16228	278.229	306.914
980	35.342	1	1.50432e+06	1	26.4901	1	290.642	1	86.1724	1	10	286.93	316.347
980	35.342	1	1.50432e+06	1	26.4901	1	290.642	1	86.1724	1	31.6228	305.195	336.13
980	35.342	1	1.50432e+06	1	26.4901	1	290.642	1	86.1724	1	100	334.127	369.566
981	46.4288	1	1.24791e+06	1	83.9205	1	323.11	1	102.464	1	0	273.249	301.462
981	46.4288	1	1.24791e+06	1	83.9205	1	323.11	1	102.464	1	0.001	273.25	301.462
981	46.4288	1	1.24791e+06	1	83.9205	1	323.11	1	102.464	1	0.00316228	273.252	301.464
981	46.4288	1	1.24791e+06	1	83.9205	1	323.11	1	102.464	1	0.01	273.258	301.47
981	46.4288	1	1.24791e+06	1	83.9205	1	323.11	1	102.464	1	0.0316228	273.276	301.487
981	46.4288	1	1.24791e+06	1	83.9205	1	323.11	1	102.464	1	0.1	273.333	301.542
981	46.4288	1	1.24791e+06	1	83.9205	1	323.11	1	102.464	1	0.316228	273.512	301.714
981	46.4288	1	1.24791e+06	1	83.9205	1	323.11	1	102.464	1	1	274.073	302.257
981	46.4288	1	1.24791e+06	1	83.9205	1	323.11	1	102.464	1	3.16228	275.8	303.93
981	46.4288	1	1.24791e+06	1	83.9205	1	323.11	1	102.464	1	10	280.874	308.875
981	46.4288	1	1.24791e+06	1	83.9205	1	323.11	1	102.464	1	31.6228	293.955	322.015
981	46.4288	1	1.24791e+06	1	83.9205	1	323.11	1	102.464	1	100	320.774	351.972
982	94.4006	1	764301	1	100.967	1	166.76	1	104.642	1	0	273.249	301.462
982	94.4006	1	764301	1	100.967	1	166.76	1	104.642	1	0.001	273.25	301.462
982	94.4006	1	764301	1	100.967	1	166.76	1	104.642	1	0.00316228	273.252	301.464
982	94.4006	1	764301	1	100.967	1	166.76	1	104.642	1	0.01	273.258	301.471
982	94.4006	1	764301	1	100.967	1	166.76	1	104.642	1	0.0316228	273.277	301.49
982	94.4006	1	764301	1	100.967	1	166.76	1	104.642	1	0.1	273.337	301.553
982	94.4006	1	764301	1	100.967	1	166.76	1	104.642	1	0.316228	273.525	301.749
982	94.4006	1	764301	1	100.967	1	166.76	1	104.642	1	1	274.116	302.368
982	94.4006	1	764301	1	100.967	1	166.76	1	104.642	1	3.16228	275.956	304.291
982	94.4006	1	764301	1	100.967	1	166.76	1	104.642	1	10	281.479	310.055
982	94.4006	1	764301	1	100.967	1	166.76	1	104.642	1	31.6228	297.062	326.294
982	94.4006	1	764301	1	100.967	1	166.76	1	104.642	1	100	334.563	366.38
983	79.3955	1	1.20048e+06	1	60.9364	1	612.647	1	85.7135	1	0	273.249	301.462
983	79.3955	1	1.20048e+06	1	60.9364	1	612.647	1	85.7135	1	0.001	273.25	301.462
983	79.3955	1	1.20048e+06	1	60.9364	1	612.647	1	85.7135	1	0.00316228	273.252	301.464
983	79.3955	1	1.20048e+06	1	60.9364	1	612.647	1	85.7135	1	0.01	273.257	301.47
983	79.3955	1	1.20048e+06	1	60.9364	1	612.647	1	85.7135	1	0.0316228	273.274	301.488
983	79.3955	1	1.20048e+06	1	60.9364	1	612.647	1	85.7135	1	0.1	273.326	301.546
983	79.3955	1	1.20048e+06	1	60.9364	1	612.647	1	85.7135	1	0.316228	273.491	301.727
983	79.3955	1	1.20048e+06	1	60.9364	1	612.647	1	85.7135	1	1	274.006	302.294
983	79.3955	1	1.20048e+06	1	60.9364	1	612.647	1	85.7135	1	3.16228	275.584	304.022
983	79.3955	1	1.20048e+06	1	60.9364	1	612.647	1	85.7135	1	10	280.115	308.959
983	79.3955	1	1.20048e+06	1	60.9364	1	612.647	1	85.7135	1	31.6228	291.316	321.063
983	79.3955	1	1.20048e+06	1	60.9364	1	612.647	1	85.7135	1	100	312.036	344.688
984	49.7758	1	201365	1	85.5848	1	560.007	1	61.1413	1	0	273.249	301.462
984	49.7758	1	201365	1	85.5848	1	560.007	1	61.1413	1	0.001	273.25	301.462
984	49.7758	1	201365	1	85.5848	1	560.007	1	61.1413	1	0.00316228	273.252	301.464
984	49.7758	1	201365	1	85.5848	1	560.007	1	61.1413	1	0.01	273.257	301.469
984	49.7758	1	201365	1	85.5848	1	560.007	1	61.1413	1	0.0316228	273.272	301.484
984	49.7758	1	201365	1	85.5848	1	560.007	1	61.1413	1	0.1	273.321	301.531
984	49.7758	1	201365	1	85.5848	1	560.007	1	61.1413	1	0.316228	273.477	301.681
984	49.7758	1	201365	1	85.5848	1	560.007	1	61.1413	1	1	273.963	302.152
984	49.7758	1	201365	1	85.5848	1	560.007	1	61.1413	1	3.16228	275.453	303.6
984	49.7758	1	201365	1	85.5848	1	560.007	1	61.1413	1	10	279.785	307.83
984	49.7758	1	201365	1	85.5848	1	560.007	1	61.1413	1	31.6228	290.555	318.694
984	49.7758	1	201365	1	85.5848	1	560.007	1	61.1413	1	100	310.688	342.027
985	70.5624	1	786355	1	39.7961	1	269.037	1	79.0393	1	0	273.249	301.462
985	70.5624	1	786355	1	39.7961	1	269.037	1	79.0393	1	0.001	273.251	301.463
985	70.5624	1	786355	1	39.7961	1	269.037	1	79.0393	1	0.00316228	273.253	301.466
985	70.5624	1	786355	1	39.7961	1	269.037	1	79.0393	1	0.01	273.261	301.475
985	70.5624	1	786355	1	39.7961	1	269.037	1	79.0393	1	0.0316228	273.287	301.505
985	70.5624	1	786355	1	39.7961	1	269.037	1	79.0393	1	0.1	273.369	301.597
985	70.5624	1	786355	1	39.7961	1	269.037	1	79.0393	1	0.316228	273.628	301.889
985	70.5624	1	786355	1	39.7961	1	269.037	1	79.0393	1	1	274.432	302.798
985	70.5624	1	786355	1	39.7961	1	269.037	1	79.0393	1	3.16228	276.867	305.531
985	70.5624	1	786355	1	39.7961	1	269.037	1	79.0393	1	10	283.709	313.168
985	70.5624	1	786355	1	39.7961	1	269.037	1	79.0393	1	31.6228	300.003	330.988
985	70.5624	1	786355	1	39.7961	1	269.037	1	79.0393	1	100	331.039	365.875
986	54.0445	1	394963	1	90.603	1	180.965	1	109.928	1	0	273.249	301.462
986	54.0445	1	394963	1	90.603	1	180.965	1	109.928	1	0.001	273.25	301.463
986	54.0445	1	394963	1	90.603	1	180.965	1	109.928	1	0.00316228	273.252	301.465
986	54.0445	1	394963	1	90.603	1	180.965	1	109.928	1	0.01	273.259	301.471
986	54.0445	1	394963	1	90.603	1	180.965	1	109.928	1	0.0316228	273.28	301.491
986	54.0445	1	394963	1	90.603	1	180.965	1	109.928	1	0.1	273.345	301.556
986	54.0445	1	394963	1	90.603	1	180.965	1	109.928	1	0.316228	273.55	301.76
986	54.0445	1	394963	1	90.603	1	180.965	1	109.928	1	1	274.196	302.4
986	54.0445	1	394963	1	90.603	1	180.965	1	109.928	1	3.16228	276.193	304.384
986	54.0445	1	394963	1	90.603	1	180.965	1	109.928	1	10	282.129	310.3
986	54.0445	1	394963	1	90.603	1	180.965	1	109.928	1	31.6228	298.224	326.58
986	54.0445	1	394963	1	90.603	1	180.965	1	109.928	1	100	334.565	366.124
987	32.3004	1	1.2367e+06	1	72.8684	1	553.184	1	171.664	1	0	273.249	301.462
987	32.3004	1	1.2367e+06	1	72.8684	1	553.184	1	171.664	1	0.001	273.25	301.462
987	32.3004	1	1.2367e+06	1	72.8684	1	553.184	1	171.664	1	0.00316228	273.252	301.464
987	32.3004	1	1.2367e+06	1	72.8684	1	553.184	1	171.664	1	0.01	273.258	301.47
987	32.3004	1	1.2367e+06	1	72.8684	1	553.184	1	171.664	1	0.0316228	273.277	301.487
987	32.3004	1	1.2367e+06	1	72.8684	1	553.184	1	171.664	1	0.1	273.338	301.541
987	32.3004	1	1.2367e+06	1	72.8684	1	553.184	1	171.664	1	0.316228	273.528	301.713
987	32.3004	1	1.2367e+06	1	72.8684	1	553.184	1	171.664	1	1	274.12	302.249
987	32.3004	1	1.2367e+06	1	72.8684	1	553.184	1	171.664	1	3.16228	275.912	303.887
987	32.3004	1	1.2367e+06	1	72.8684	1	553.184	1	171.664	1	10	281.014	308.617
987	32.3004	1	1.2367e+06	1	72.8684	1	553.184	1	171.664	1	31.6228	293.017	320.563
987	32.3004	1	1.2367e+06	1	72.8684	1	553.184	1	171.664	1	100	313.693	344.879
988	43.5116	1	1.49024e+06	1	61.678	1	1064.68	1	62.5604	1	0	273.249	301.462
988	43.5116	1	1.49024e+06	1	61.678	1	1064.68	1	62.5604	1	0.001	273.25	301.462
988	43.5116	1	1.49024e+06	1	61.678	1	1064.68	1	62.5604	1	0.00316228	273.252	301.464
988	43.5116	1	1.49024e+06	1	61.678	1	1064.68	1	62.5604	1	0.01	273.258	301.47
988	43.5116	1	1.49024e+06	1	61.678	1	1064.68	1	62.5604	1	0.0316228	273.275	301.488
988	43.5116	1	1.49024e+06	1	61.678	1	1064.68	1	62.5604	1	0.1	273.332	301.544
988	43.5116	1	1.49024e+06	1	61.678	1	1064.68	1	62.5604	1	0.316228	273.509	301.72
988	43.5116	1	1.49024e+06	1	61.678	1	1064.68	1	62.5604	1	1	274.061	302.271
988	43.5116	1	1.49024e+06	1	61.678	1	1064.68	1	62.5604	1	3.16228	275.735	303.942
988	43.5116	1	1.49024e+06	1	61.678	1	1064.68	1	62.5604	1	10	280.453	308.66
988	43.5116	1	1.49024e+06	1	61.678	1	1064.68	1	62.5604	1	31.6228	291.256	319.849
988	43.5116	1	1.49024e+06	1	61.678	1	1064.68	1	62.5604	1	100	307.6	339.628
989	37.8339	1	445159	1	63.366	1	199.497	1	70.6152	1	0	273.249	301.462
989	37.8339	1	445159	1	63.366	1	199.497	1	70.6152	1	0.001	273.251	301.463
989	37.8339	1	445159	1	63.366	1	199.497	1	70.6152	1	0.00316228	273.253	301.465
989	37.8339	1	445159	1	63.366	1	199.497	1	70.6152	1	0.01	273.261	301.473
989	37.8339	1	445159	1	63.366	1	199.497	1	70.6152	1	0.0316228	273.286	301.497
989	37.8339	1	445159	1	63.366	1	199.497	1	70.6152	1	0.1	273.364	301.574
989	37.8339	1	445159	1	63.366	1	199.497	1	70.6152	1	0.316228	273.612	301.817
989	37.8339	1	445159	1	63.366	1	199.497	1	70.6152	1	1	274.386	302.578
989	37.8339	1	445159	1	63.366	1	199.497	1	70.6152	1	3.16228	276.753	304.913
989	37.8339	1	445159	1	63.366	1	199.497	1	70.6152	1	10	283.628	311.729
989	37.8339	1	445159	1	63.366	1	199.497	1	70.6152	1	31.6228	300.809	329.398
989	37.8339	1	445159	1	63.366	1	199.497	1	70.6152	1	100	336.073	368.923
990	36.5091	1	707334	1	27.6204	1	273.442	1	137.682	1	0	273.249	301.462
990	36.5091	1	707334	1	27.6204	1	273.442	1	137.682	1	0.001	273.251	301.463
990	36.5091	1	707334	1	27.6204	1	273.442	1	137.682	1	0.00316228	273.255	301.467
990	36.5091	1	707334	1	27.6204	1	273.442	1	137.682	1	0.01	273.266	301.48
990	36.5091	1	707334	1	27.6204	1	273.442	1	137.682	1	0.0316228	273.302	301.519
990	36.5091	1	707334	1	27.6204	1	273.442	1	137.682	1	0.1	273.415	301.644
990	36.5091	1	707334	1	27.6204	1	273.442	1	137.682	1	0.316228	273.771	302.036
990	36.5091	1	707334	1	27.6204	1	273.442	1	137.682	1	1	274.871	303.243
990	36.5091	1	707334	1	27.6204	1	273.442	1	137.682	1	3.16228	278.118	306.781
990	36.5091	1	707334	1	27.6204	1	273.442	1	137.682	1	10	286.713	316.079
990	36.5091	1	707334	1	27.6204	1	273.442	1	137.682	1	31.6228	305.298	336.053
990	36.5091	1	707334	1	27.6204	1	273.442	1	137.682	1	100	335.416	370.679
991	53.9994	1	223612	1	84.2403	1	807.622	1	102.689	1	0	273.249	301.462
991	53.9994	1	223612	1	84.2403	1	807.622	1	102.689	1	0.001	273.25	301.462
991	53.9994	1	223612	1	84.2403	1	807.622	1	102.689	1	0.00316228	273.252	301.464
991	53.9994	1	223612	1	84.2403	1	807.622	1	102.689	1	0.01	273.256	301.468
991	53.9994	1	223612	1	84.2403	1	807.622	1	102.689	1	0.0316228	273.27	301.482
991	53.9994	1	223612	1	84.2403	1	807.622	1	102.689	1	0.1	273.315	301.526
991	53.9994	1	223612	1	84.2403	1	807.622	1	102.689	1	0.316228	273.457	301.665
991	53.9994	1	223612	1	84.2403	1	807.622	1	102.689	1	1	273.902	302.101
991	53.9994	1	223612	1	84.2403	1	807.622	1	102.689	1	3.16228	275.266	303.441
991	53.9994	1	223612	1	84.2403	1	807.622	1	102.689	1	10	279.23	307.346
991	53.9994	1	223612	1	84.2403	1	807.622	1	102.689	1	31.6228	289.22	317.403
991	53.9994	1	223612	1	84.2403	1	807.622	1	102.689	1	100	307.154	337.996
992	64.527	1	1.18512e+06	1	84.1031	1	378.497	1	54.2741	1	0	273.249	301.462
992	64.527	1	1.18512e+06	1	84.1031	1	378.497	1	54.2741	1	0.001	273.25	301.462
992	64.527	1	1.18512e+06	1	84.1031	1	378.497	1	54.2741	1	0.00316228	273.252	301.464
992	64.527	1	1.18512e+06	1	84.1031	1	378.497	1	54.2741	1	0.01	273.257	301.469
992	64.527	1	1.18512e+06	1	84.1031	1	378.497	1	54.2741	1	0.0316228	273.273	301.486
992	64.527	1	1.18512e+06	1	84.1031	1	378.497	1	54.2741	1	0.1	273.324	301.538
992	64.527	1	1.18512e+06	1	84.1031	1	378.497	1	54.2741	1	0.316228	273.485	301.702
992	64.527	1	1.18512e+06	1	84.1031	1	378.497	1	54.2741	1	1	273.989	302.216
992	64.527	1	1.18512e+06	1	84.1031	1	378.497	1	54.2741	1	3.16228	275.544	303.804
992	64.527	1	1.18512e+06	1	84.1031	1	378.497	1	54.2741	1	10	280.096	308.456
992	64.527	1	1.18512e+06	1	84.1031	1	378.497	1	54.2741	1	31.6228	291.9	320.643
992	64.527	1	1.18512e+06	1	84.1031	1	378.497	1	54.2741	1	100	316.069	348.196
993	62.1648	1	3.57057e+06	1	69.4982	1	127.291	1	80.8194	1	0	273.249	301.462
993	62.1648	1	3.57057e+06	1	69.4982	1	127.291	1	80.8194	1	0.001	273.251	301.463
993	62.1648	1	3.57057e+06	1	69.4982	1	127.291	1	80.8194	1	0.00316228	273.253	301.466
993	62.1648	1	3.57057e+06	1	69.4982	1	127.291	1	80.8194	1	0.01	273.262	301.474
993	62.1648	1	3.57057e+06	1	69.4982	1	127.291	1	80.8194	1	0.0316228	273.288	301.501
993	62.1648	1	3.57057e+06	1	69.4982	1	127.291	1	80.8194	1	0.1	273.37	301.587
993	62.1648	1	3.57057e+06	1	69.4982	1	127.291	1	80.8194	1	0.316228	273.631	301.858
993	62.1648	1	3.57057e+06	1	69.4982	1	127.291	1	80.8194	1	1	274.448	302.709
993	62.1648	1	3.57057e+06	1	69.4982	1	127.291	1	80.8194	1	3.16228	276.97	305.333
993	62.1648	1	3.57057e+06	1	69.4982	1	127.291	1	80.8194	1	10	284.39	313.036
993	62.1648	1	3.57057e+06	1	69.4982	1	127.291	1	80.8194	1	31.6228	304.542	334.008
993	62.1648	1	3.57057e+06	1	69.4982	1	127.291	1	80.8194	1	100	349.644	383.135
994	43.2666	1	655244	1	29.0801	1	220.567	1	54.3745	1	0	273.249	301.462
994	43.2666	1	655244	1	29.0801	1	220.567	1	54.3745	1	0.001	273.251	301.463
994	43.2666	1	655244	1	29.0801	1	220.567	1	54.3745	1	0.00316228	273.255	301.467
994	43.2666	1	655244	1	29.0801	1	220.567	1	54.3745	1	0.01	273.266	301.48
994	43.2666	1	655244	1	29.0801	1	220.567	1	54.3745	1	0.0316228	273.301	301.519
994	43.2666	1	655244	1	29.0801	1	220.567	1	54.3745	1	0.1	273.414	301.644
994	43.2666	1	655244	1	29.0801	1	220.567	1	54.3745	1	0.316228	273.766	302.036
994	43.2666	1	655244	1	29.0801	1	220.567	1	54.3745	1	1	274.857	303.248
994	43.2666	1	655244	1	29.0801	1	220.567	1	54.3745	1	3.16228	278.101	306.826
994	43.2666	1	655244	1	29.0801	1	220.567	1	54.3745	1	10	286.768	316.308
994	43.2666	1	655244	1	29.0801	1	220.567	1	54.3745	1	31.6228	306.12	337.349
994	43.2666	1	655244	1	29.0801	1	220.567	1	54.3745	1	100	340.088	375.993
995	76.0222	1	1.68971e+06	1	73.2312	1	593.327	1	95.1153	1	0	273.249	301.462
995	76.0222	1	1.68971e+06	1	73.2312	1	593.327	1	95.1153	1	0.001	273.25	301.462
995	76.0222	1	1.68971e+06	1	73.2312	1	593.327	1	95.1153	1	0.00316228	273.252	301.464
995	76.0222	1	1.68971e+06	1	73.2312	1	593.327	1	95.1153	1	0.01	273.256	301.469
995	76.0222	1	1.68971e+06	1	73.2312	1	593.327	1	95.1153	1	0.0316228	273.271	301.485
995	76.0222	1	1.68971e+06	1	73.2312	1	593.327	1	95.1153	1	0.1	273.318	301.535
995	76.0222	1	1.68971e+06	1	73.2312	1	593.327	1	95.1153	1	0.316228	273.467	301.694
995	76.0222	1	1.68971e+06	1	73.2312	1	593.327	1	95.1153	1	1	273.934	302.191
995	76.0222	1	1.68971e+06	1	73.2312	1	593.327	1	95.1153	1	3.16228	275.369	303.716
995	76.0222	1	1.68971e+06	1	73.2312	1	593.327	1	95.1153	1	10	279.544	308.133
995	76.0222	1	1.68971e+06	1	73.2312	1	593.327	1	95.1153	1	31.6228	290.228	319.425
995	76.0222	1	1.68971e+06	1	73.2312	1	593.327	1	95.1153	1	100	311.006	342.859
996	27.139	1	2.04031e+06	1	158.64	1	249.434	1	105.563	1	0	273.249	301.462
996	27.139	1	2.04031e+06	1	158.64	1	249.434	1	105.563	1	0.001	273.25	301.462
996	27.139	1	2.04031e+06	1	158.64	1	249.434	1	105.563	1	0.00316228	273.252	301.464
996	27.139	1	2.04031e+06	1	158.64	1	249.434	1	105.563	1	0.01	273.258	301.469
996	27.139	1	2.04031e+06	1	158.64	1	249.434	1	105.563	1	0.0316228	273.278	301.484
996	27.139	1	2.04031e+06	1	158.64	1	249.434	1	105.563	1	0.1	273.339	301.531
996	27.139	1	2.04031e+06	1	158.64	1	249.434	1	105.563	1	0.316228	273.531	301.681
996	27.139	1	2.04031e+06	1	158.64	1	249.434	1	105.563	1	1	274.128	302.151
996	27.139	1	2.04031e+06	1	158.64	1	249.434	1	105.563	1	3.16228	275.936	303.604
996	27.139	1	2.04031e+06	1	158.64	1	249.434	1	105.563	1	10	281.146	307.972
996	27.139	1	2.04031e+06	1	158.64	1	249.434	1	105.563	1	31.6228	293.617	319.884
996	27.139	1	2.04031e+06	1	158.64	1	249.434	1	105.563	1	100	320.686	349.904
997	44.3473	1	2.13903e+06	1	86.7005	1	583.767	1	78.4672	1	0	273.249	301.462
997	44.3473	1	2.13903e+06	1	86.7005	1	583.767	1	78.4672	1	0.001	273.25	301.462
997	44.3473	1	2.13903e+06	1	86.7005	1	583.767	1	78.4672	1	0.00316228	273.252	301.464
997	44.3473	1	2.13903e+06	1	86.7005	1	583.767	1	78.4672	1	0.01	273.257	301.468
997	44.3473	1	2.13903e+06	1	86.7005	1	583.767	1	78.4672	1	0.0316228	273.273	301.483
997	44.3473	1	2.13903e+06	1	86.7005	1	583.767	1	78.4672	1	0.1	273.323	301.53
997	44.3473	1	2.13903e+06	1	86.7005	1	583.767	1	78.4672	1	0.316228	273.48	301.678
997	44.3473	1	2.13903e+06	1	86.7005	1	583.767	1	78.4672	1	1	273.973	302.142
997	44.3473	1	2.13903e+06	1	86.7005	1	583.767	1	78.4672	1	3.16228	275.482	303.569
997	44.3473	1	2.13903e+06	1	86.7005	1	583.767	1	78.4672	1	10	279.867	307.753
997	44.3473	1	2.13903e+06	1	86.7005	1	583.767	1	78.4672	1	31.6228	290.684	318.531
997	44.3473	1	2.13903e+06	1	86.7005	1	583.767	1	78.4672	1	100	310.638	341.553
998	54.0939	1	267339	1	40.6666	1	347.446	1	206.325	1	0	273.249	301.462
998	54.0939	1	267339	1	40.6666	1	347.446	1	206.325	1	0.001	273.251	301.463
998	54.0939	1	267339	1	40.6666	1	347.446	1	206.325	1	0.00316228	273.253	301.466
998	54.0939	1	267339	1	40.6666	1	347.446	1	206.325	1	0.01	273.261	301.474
998	54.0939	1	267339	1	40.6666	1	347.446	1	206.325	1	0.0316228	273.286	301.502
998	54.0939	1	267339	1	40.6666	1	347.446	1	206.325	1	0.1	273.365	301.589
998	54.0939	1	267339	1	40.6666	1	347.446	1	206.325	1	0.316228	273.613	301.862
998	54.0939	1	267339	1	40.6666	1	347.446	1	206.325	1	1	274.387	302.712
998	54.0939	1	267339	1	40.6666	1	347.446	1	206.325	1	3.16228	276.725	305.266
998	54.0939	1	267339	1	40.6666	1	347.446	1	206.325	1	10	283.278	312.382
998	54.0939	1	267339	1	40.6666	1	347.446	1	206.325	1	31.6228	298.665	328.85
998	54.0939	1	267339	1	40.6666	1	347.446	1	206.325	1	100	326.301	359.89
999	41.0825	1	3.14709e+06	1	66.2306	1	778.085	1	76.8137	1	0	273.249	301.462
999	41.0825	1	3.14709e+06	1	66.2306	1	778.085	1	76.8137	1	0.001	273.25	301.462
999	41.0825	1	3.14709e+06	1	66.2306	1	778.085	1	76.8137	1	0.00316228	273.252	301.464
999	41.0825	1	3.14709e+06	1	66.2306	1	778.085	1	76.8137	1	0.01	273.258	301.47
999	41.0825	1	3.14709e+06	1	66.2306	1	778.085	1	76.8137	1	0.0316228	273.276	301.487
999	41.0825	1	3.14709e+06	1	66.2306	1	778.085	1	76.8137	1	0.1	273.332	301.542
999	41.0825	1	3.14709e+06	1	66.2306	1	778.085	1	76.8137	1	0.316228	273.51	301.714
999	41.0825	1	3.14709e+06	1	66.2306	1	778.085	1	76.8137	1	1	274.065	302.254
999	41.0825	1	3.14709e+06	1	66.2306	1	778.085	1	76.8137	1	3.16228	275.749	303.897
999	41.0825	1	3.14709e+06	1	66.2306	1	778.085	1	76.8137	1	10	280.543	308.592
999	41.0825	1	3.14709e+06	1	66.2306	1	778.085	1	76.8137	1	31.6228	291.78	320.065
999	41.0825	1	3.14709e+06	1	66.2306	1	778.085	1	76.8137	1	100	310.034	341.715
