RandomRun	NaV1.5_IC50(uM)	NaV1.5_Hill	CaV1.2_IC50(uM)	CaV1.2_Hill	hERG_IC50(uM)	hERG_Hill	IKs_IC50(uM)	IKs_Hill	Itof_IC50(uM)	Itof_Hill	Concentration(uM)	APD50(ms)	APD90(ms)
0	464.7	1	1e+06	1	388.73	1	1155.1	1	3072.82	1	0	273.248	301.461
0	464.7	1	1e+06	1	388.73	1	1155.1	1	3072.82	1	0.001	273.248	301.461
0	464.7	1	1e+06	1	388.73	1	1155.1	1	3072.82	1	0.00316228	273.25	301.461
0	464.7	1	1e+06	1	388.73	1	1155.1	1	3072.82	1	0.01	273.252	301.462
0	464.7	1	1e+06	1	388.73	1	1155.1	1	3072.82	1	0.0316228	273.252	301.466
0	464.7	1	1e+06	1	388.73	1	1155.1	1	3072.82	1	0.1	273.265	301.478
0	464.7	1	1e+06	1	388.73	1	1155.1	1	3072.82	1	0.316228	273.298	301.514
0	464.7	1	1e+06	1	388.73	1	1155.1	1	3072.82	1	1	273.409	301.632
0	464.7	1	1e+06	1	388.73	1	1155.1	1	3072.82	1	3.16228	273.751	301.998
0	464.7	1	1e+06	1	388.73	1	1155.1	1	3072.82	1	10	274.829	303.15
0	464.7	1	1e+06	1	388.73	1	1155.1	1	3072.82	1	31.6228	278.146	306.674
0	464.7	1	1e+06	1	388.73	1	1155.1	1	3072.82	1	100	287.677	316.825
1	397.757	1	761633	1	371.018	1	2021.01	1	2732.98	1	0	273.249	301.462
1	397.757	1	761633	1	371.018	1	2021.01	1	2732.98	1	0.001	273.25	301.462
1	397.757	1	761633	1	371.018	1	2021.01	1	2732.98	1	0.00316228	273.25	301.462
1	397.757	1	761633	1	371.018	1	2021.01	1	2732.98	1	0.01	273.251	301.463
1	397.757	1	761633	1	371.018	1	2021.01	1	2732.98	1	0.0316228	273.254	301.466
1	397.757	1	761633	1	371.018	1	2021.01	1	2732.98	1	0.1	273.264	301.477
1	397.757	1	761633	1	371.018	1	2021.01	1	2732.98	1	0.316228	273.295	301.51
1	397.757	1	761633	1	371.018	1	2021.01	1	2732.98	1	1	273.394	301.616
1	397.757	1	761633	1	371.018	1	2021.01	1	2732.98	1	3.16228	273.706	301.948
1	397.757	1	761633	1	371.018	1	2021.01	1	2732.98	1	10	274.676	302.981
1	397.757	1	761633	1	371.018	1	2021.01	1	2732.98	1	31.6228	277.601	306.083
1	397.757	1	761633	1	371.018	1	2021.01	1	2732.98	1	100	285.812	314.751
2	534.424	1	449533	1	355.458	1	1711.06	1	4333.18	1	0	273.249	301.462
2	534.424	1	449533	1	355.458	1	1711.06	1	4333.18	1	0.001	273.25	301.462
2	534.424	1	449533	1	355.458	1	1711.06	1	4333.18	1	0.00316228	273.25	301.462
2	534.424	1	449533	1	355.458	1	1711.06	1	4333.18	1	0.01	273.251	301.463
2	534.424	1	449533	1	355.458	1	1711.06	1	4333.18	1	0.0316228	273.254	301.467
2	534.424	1	449533	1	355.458	1	1711.06	1	4333.18	1	0.1	273.264	301.478
2	534.424	1	449533	1	355.458	1	1711.06	1	4333.18	1	0.316228	273.296	301.513
2	534.424	1	449533	1	355.458	1	1711.06	1	4333.18	1	1	273.397	301.625
2	534.424	1	449533	1	355.458	1	1711.06	1	4333.18	1	3.16228	273.716	301.978
2	534.424	1	449533	1	355.458	1	1711.06	1	4333.18	1	10	274.708	303.073
2	534.424	1	449533	1	355.458	1	1711.06	1	4333.18	1	31.6228	277.706	306.363
2	534.424	1	449533	1	355.458	1	1711.06	1	4333.18	1	100	286.138	315.547
3	549.336	1	870948	1	312.18	1	880.12	1	3068.59	1	0	273.249	301.462
3	549.336	1	870948	1	312.18	1	880.12	1	3068.59	1	0.001	273.25	301.462
3	549.336	1	870948	1	312.18	1	880.12	1	3068.59	1	0.00316228	273.25	301.462
3	549.336	1	870948	1	312.18	1	880.12	1	3068.59	1	0.01	273.251	301.464
3	549.336	1	870948	1	312.18	1	880.12	1	3068.59	1	0.0316228	273.256	301.469
3	549.336	1	870948	1	312.18	1	880.12	1	3068.59	1	0.1	273.27	301.484
3	549.336	1	870948	1	312.18	1	880.12	1	3068.59	1	0.316228	273.313	301.532
3	549.336	1	870948	1	312.18	1	880.12	1	3068.59	1	1	273.45	301.684
3	549.336	1	870948	1	312.18	1	880.12	1	3068.59	1	3.16228	273.881	302.162
3	549.336	1	870948	1	312.18	1	880.12	1	3068.59	1	10	275.225	303.647
3	549.336	1	870948	1	312.18	1	880.12	1	3068.59	1	31.6228	279.282	308.105
3	549.336	1	870948	1	312.18	1	880.12	1	3068.59	1	100	290.622	320.472
4	508.936	1	406853	1	259.888	1	1237.33	1	2896.77	1	0	273.249	301.462
4	508.936	1	406853	1	259.888	1	1237.33	1	2896.77	1	0.001	273.25	301.462
4	508.936	1	406853	1	259.888	1	1237.33	1	2896.77	1	0.00316228	273.25	301.462
4	508.936	1	406853	1	259.888	1	1237.33	1	2896.77	1	0.01	273.251	301.464
4	508.936	1	406853	1	259.888	1	1237.33	1	2896.77	1	0.0316228	273.256	301.469
4	508.936	1	406853	1	259.888	1	1237.33	1	2896.77	1	0.1	273.269	301.484
4	508.936	1	406853	1	259.888	1	1237.33	1	2896.77	1	0.316228	273.312	301.532
4	508.936	1	406853	1	259.888	1	1237.33	1	2896.77	1	1	273.446	301.684
4	508.936	1	406853	1	259.888	1	1237.33	1	2896.77	1	3.16228	273.869	302.163
4	508.936	1	406853	1	259.888	1	1237.33	1	2896.77	1	10	275.179	303.64
4	508.936	1	406853	1	259.888	1	1237.33	1	2896.77	1	31.6228	279.082	308.006
4	508.936	1	406853	1	259.888	1	1237.33	1	2896.77	1	100	289.579	319.651
5	319.421	1	5.40404e+06	1	351.981	1	1418.72	1	2301.62	1	0	273.249	301.462
5	319.421	1	5.40404e+06	1	351.981	1	1418.72	1	2301.62	1	0.001	273.25	301.462
5	319.421	1	5.40404e+06	1	351.981	1	1418.72	1	2301.62	1	0.00316228	273.25	301.462
5	319.421	1	5.40404e+06	1	351.981	1	1418.72	1	2301.62	1	0.01	273.251	301.463
5	319.421	1	5.40404e+06	1	351.981	1	1418.72	1	2301.62	1	0.0316228	273.255	301.467
5	319.421	1	5.40404e+06	1	351.981	1	1418.72	1	2301.62	1	0.1	273.267	301.479
5	319.421	1	5.40404e+06	1	351.981	1	1418.72	1	2301.62	1	0.316228	273.304	301.518
5	319.421	1	5.40404e+06	1	351.981	1	1418.72	1	2301.62	1	1	273.421	301.64
5	319.421	1	5.40404e+06	1	351.981	1	1418.72	1	2301.62	1	3.16228	273.79	302.025
5	319.421	1	5.40404e+06	1	351.981	1	1418.72	1	2301.62	1	10	274.938	303.22
5	319.421	1	5.40404e+06	1	351.981	1	1418.72	1	2301.62	1	31.6228	278.395	306.81
5	319.421	1	5.40404e+06	1	351.981	1	1418.72	1	2301.62	1	100	288.078	316.85
6	456.65	1	1.22341e+06	1	253.286	1	682.374	1	3452.82	1	0	273.249	301.462
6	456.65	1	1.22341e+06	1	253.286	1	682.374	1	3452.82	1	0.001	273.25	301.462
6	456.65	1	1.22341e+06	1	253.286	1	682.374	1	3452.82	1	0.00316228	273.25	301.462
6	456.65	1	1.22341e+06	1	253.286	1	682.374	1	3452.82	1	0.01	273.252	301.464
6	456.65	1	1.22341e+06	1	253.286	1	682.374	1	3452.82	1	0.0316228	273.257	301.47
6	456.65	1	1.22341e+06	1	253.286	1	682.374	1	3452.82	1	0.1	273.275	301.489
6	456.65	1	1.22341e+06	1	253.286	1	682.374	1	3452.82	1	0.316228	273.329	301.55
6	456.65	1	1.22341e+06	1	253.286	1	682.374	1	3452.82	1	1	273.501	301.74
6	456.65	1	1.22341e+06	1	253.286	1	682.374	1	3452.82	1	3.16228	274.041	302.338
6	456.65	1	1.22341e+06	1	253.286	1	682.374	1	3452.82	1	10	275.716	304.19
6	456.65	1	1.22341e+06	1	253.286	1	682.374	1	3452.82	1	31.6228	280.724	309.686
6	456.65	1	1.22341e+06	1	253.286	1	682.374	1	3452.82	1	100	294.435	324.621
7	873.23	1	1.03625e+06	1	372.423	1	1853.74	1	3131.7	1	0	273.249	301.462
7	873.23	1	1.03625e+06	1	372.423	1	1853.74	1	3131.7	1	0.001	273.25	301.462
7	873.23	1	1.03625e+06	1	372.423	1	1853.74	1	3131.7	1	0.00316228	273.25	301.462
7	873.23	1	1.03625e+06	1	372.423	1	1853.74	1	3131.7	1	0.01	273.251	301.463
7	873.23	1	1.03625e+06	1	372.423	1	1853.74	1	3131.7	1	0.0316228	273.254	301.466
7	873.23	1	1.03625e+06	1	372.423	1	1853.74	1	3131.7	1	0.1	273.263	301.477
7	873.23	1	1.03625e+06	1	372.423	1	1853.74	1	3131.7	1	0.316228	273.292	301.51
7	873.23	1	1.03625e+06	1	372.423	1	1853.74	1	3131.7	1	1	273.383	301.615
7	873.23	1	1.03625e+06	1	372.423	1	1853.74	1	3131.7	1	3.16228	273.67	301.944
7	873.23	1	1.03625e+06	1	372.423	1	1853.74	1	3131.7	1	10	274.565	302.969
7	873.23	1	1.03625e+06	1	372.423	1	1853.74	1	3131.7	1	31.6228	277.275	306.056
7	873.23	1	1.03625e+06	1	372.423	1	1853.74	1	3131.7	1	100	284.927	314.701
8	383.187	1	384511	1	258.475	1	1729.86	1	1819.5	1	0	273.249	301.462
8	383.187	1	384511	1	258.475	1	1729.86	1	1819.5	1	0.001	273.25	301.462
8	383.187	1	384511	1	258.475	1	1729.86	1	1819.5	1	0.00316228	273.25	301.462
8	383.187	1	384511	1	258.475	1	1729.86	1	1819.5	1	0.01	273.251	301.464
8	383.187	1	384511	1	258.475	1	1729.86	1	1819.5	1	0.0316228	273.255	301.468
8	383.187	1	384511	1	258.475	1	1729.86	1	1819.5	1	0.1	273.268	301.482
8	383.187	1	384511	1	258.475	1	1729.86	1	1819.5	1	0.316228	273.309	301.528
8	383.187	1	384511	1	258.475	1	1729.86	1	1819.5	1	1	273.437	301.67
8	383.187	1	384511	1	258.475	1	1729.86	1	1819.5	1	3.16228	273.839	302.116
8	383.187	1	384511	1	258.475	1	1729.86	1	1819.5	1	10	275.082	303.493
8	383.187	1	384511	1	258.475	1	1729.86	1	1819.5	1	31.6228	278.763	307.534
8	383.187	1	384511	1	258.475	1	1729.86	1	1819.5	1	100	288.527	318.172
9	424.754	1	721096	1	418.314	1	1332.4	1	3017.03	1	0	273.249	301.462
9	424.754	1	721096	1	418.314	1	1332.4	1	3017.03	1	0.001	273.25	301.462
9	424.754	1	721096	1	418.314	1	1332.4	1	3017.03	1	0.00316228	273.25	301.462
9	424.754	1	721096	1	418.314	1	1332.4	1	3017.03	1	0.01	273.251	301.463
9	424.754	1	721096	1	418.314	1	1332.4	1	3017.03	1	0.0316228	273.254	301.467
9	424.754	1	721096	1	418.314	1	1332.4	1	3017.03	1	0.1	273.265	301.478
9	424.754	1	721096	1	418.314	1	1332.4	1	3017.03	1	0.316228	273.298	301.513
9	424.754	1	721096	1	418.314	1	1332.4	1	3017.03	1	1	273.403	301.623
9	424.754	1	721096	1	418.314	1	1332.4	1	3017.03	1	3.16228	273.732	301.971
9	424.754	1	721096	1	418.314	1	1332.4	1	3017.03	1	10	274.761	303.057
9	424.754	1	721096	1	418.314	1	1332.4	1	3017.03	1	31.6228	277.894	306.352
9	424.754	1	721096	1	418.314	1	1332.4	1	3017.03	1	100	286.855	315.747
10	524.6	1	934739	1	344.703	1	1164.17	1	3425.03	1	0	273.249	301.462
10	524.6	1	934739	1	344.703	1	1164.17	1	3425.03	1	0.001	273.25	301.462
10	524.6	1	934739	1	344.703	1	1164.17	1	3425.03	1	0.00316228	273.25	301.462
10	524.6	1	934739	1	344.703	1	1164.17	1	3425.03	1	0.01	273.251	301.463
10	524.6	1	934739	1	344.703	1	1164.17	1	3425.03	1	0.0316228	273.255	301.468
10	524.6	1	934739	1	344.703	1	1164.17	1	3425.03	1	0.1	273.267	301.48
10	524.6	1	934739	1	344.703	1	1164.17	1	3425.03	1	0.316228	273.304	301.521
10	524.6	1	934739	1	344.703	1	1164.17	1	3425.03	1	1	273.421	301.651
10	524.6	1	934739	1	344.703	1	1164.17	1	3425.03	1	3.16228	273.791	302.057
10	524.6	1	934739	1	344.703	1	1164.17	1	3425.03	1	10	274.942	303.321
10	524.6	1	934739	1	344.703	1	1164.17	1	3425.03	1	31.6228	278.43	307.129
10	524.6	1	934739	1	344.703	1	1164.17	1	3425.03	1	100	288.267	317.793
11	526.246	1	3.10226e+06	1	336.883	1	371.721	1	3817.37	1	0	273.249	301.462
11	526.246	1	3.10226e+06	1	336.883	1	371.721	1	3817.37	1	0.001	273.25	301.462
11	526.246	1	3.10226e+06	1	336.883	1	371.721	1	3817.37	1	0.00316228	273.25	301.463
11	526.246	1	3.10226e+06	1	336.883	1	371.721	1	3817.37	1	0.01	273.253	301.465
11	526.246	1	3.10226e+06	1	336.883	1	371.721	1	3817.37	1	0.0316228	273.259	301.472
11	526.246	1	3.10226e+06	1	336.883	1	371.721	1	3817.37	1	0.1	273.28	301.495
11	526.246	1	3.10226e+06	1	336.883	1	371.721	1	3817.37	1	0.316228	273.348	301.567
11	526.246	1	3.10226e+06	1	336.883	1	371.721	1	3817.37	1	1	273.56	301.795
11	526.246	1	3.10226e+06	1	336.883	1	371.721	1	3817.37	1	3.16228	274.226	302.512
11	526.246	1	3.10226e+06	1	336.883	1	371.721	1	3817.37	1	10	276.294	304.734
11	526.246	1	3.10226e+06	1	336.883	1	371.721	1	3817.37	1	31.6228	282.466	311.349
11	526.246	1	3.10226e+06	1	336.883	1	371.721	1	3817.37	1	100	300.18	330.235
12	299.971	1	896062	1	434.897	1	503.493	1	1862.63	1	0	273.249	301.462
12	299.971	1	896062	1	434.897	1	503.493	1	1862.63	1	0.001	273.25	301.462
12	299.971	1	896062	1	434.897	1	503.493	1	1862.63	1	0.00316228	273.25	301.462
12	299.971	1	896062	1	434.897	1	503.493	1	1862.63	1	0.01	273.252	301.464
12	299.971	1	896062	1	434.897	1	503.493	1	1862.63	1	0.0316228	273.257	301.47
12	299.971	1	896062	1	434.897	1	503.493	1	1862.63	1	0.1	273.275	301.487
12	299.971	1	896062	1	434.897	1	503.493	1	1862.63	1	0.316228	273.33	301.543
12	299.971	1	896062	1	434.897	1	503.493	1	1862.63	1	1	273.503	301.719
12	299.971	1	896062	1	434.897	1	503.493	1	1862.63	1	3.16228	274.047	302.273
12	299.971	1	896062	1	434.897	1	503.493	1	1862.63	1	10	275.743	303.997
12	299.971	1	896062	1	434.897	1	503.493	1	1862.63	1	31.6228	280.855	309.199
12	299.971	1	896062	1	434.897	1	503.493	1	1862.63	1	100	295.571	324.2
13	257.083	1	481494	1	412.689	1	2228.97	1	2824.09	1	0	273.249	301.462
13	257.083	1	481494	1	412.689	1	2228.97	1	2824.09	1	0.001	273.25	301.462
13	257.083	1	481494	1	412.689	1	2228.97	1	2824.09	1	0.00316228	273.25	301.462
13	257.083	1	481494	1	412.689	1	2228.97	1	2824.09	1	0.01	273.251	301.463
13	257.083	1	481494	1	412.689	1	2228.97	1	2824.09	1	0.0316228	273.254	301.466
13	257.083	1	481494	1	412.689	1	2228.97	1	2824.09	1	0.1	273.264	301.476
13	257.083	1	481494	1	412.689	1	2228.97	1	2824.09	1	0.316228	273.296	301.507
13	257.083	1	481494	1	412.689	1	2228.97	1	2824.09	1	1	273.397	301.606
13	257.083	1	481494	1	412.689	1	2228.97	1	2824.09	1	3.16228	273.714	301.916
13	257.083	1	481494	1	412.689	1	2228.97	1	2824.09	1	10	274.7	302.881
13	257.083	1	481494	1	412.689	1	2228.97	1	2824.09	1	31.6228	277.655	305.785
13	257.083	1	481494	1	412.689	1	2228.97	1	2824.09	1	100	285.896	313.958
14	337.043	1	1.75233e+06	1	477.019	1	923.483	1	5325.04	1	0	273.249	301.462
14	337.043	1	1.75233e+06	1	477.019	1	923.483	1	5325.04	1	0.001	273.25	301.462
14	337.043	1	1.75233e+06	1	477.019	1	923.483	1	5325.04	1	0.00316228	273.25	301.462
14	337.043	1	1.75233e+06	1	477.019	1	923.483	1	5325.04	1	0.01	273.251	301.463
14	337.043	1	1.75233e+06	1	477.019	1	923.483	1	5325.04	1	0.0316228	273.255	301.467
14	337.043	1	1.75233e+06	1	477.019	1	923.483	1	5325.04	1	0.1	273.267	301.479
14	337.043	1	1.75233e+06	1	477.019	1	923.483	1	5325.04	1	0.316228	273.305	301.518
14	337.043	1	1.75233e+06	1	477.019	1	923.483	1	5325.04	1	1	273.425	301.639
14	337.043	1	1.75233e+06	1	477.019	1	923.483	1	5325.04	1	3.16228	273.803	302.021
14	337.043	1	1.75233e+06	1	477.019	1	923.483	1	5325.04	1	10	274.982	303.216
14	337.043	1	1.75233e+06	1	477.019	1	923.483	1	5325.04	1	31.6228	278.576	306.856
14	337.043	1	1.75233e+06	1	477.019	1	923.483	1	5325.04	1	100	288.867	317.303
15	614.493	1	970910	1	235.22	1	3421.43	1	3624.18	1	0	273.249	301.462
15	614.493	1	970910	1	235.22	1	3421.43	1	3624.18	1	0.001	273.25	301.462
15	614.493	1	970910	1	235.22	1	3421.43	1	3624.18	1	0.00316228	273.25	301.462
15	614.493	1	970910	1	235.22	1	3421.43	1	3624.18	1	0.01	273.251	301.464
15	614.493	1	970910	1	235.22	1	3421.43	1	3624.18	1	0.0316228	273.255	301.468
15	614.493	1	970910	1	235.22	1	3421.43	1	3624.18	1	0.1	273.266	301.481
15	614.493	1	970910	1	235.22	1	3421.43	1	3624.18	1	0.316228	273.302	301.524
15	614.493	1	970910	1	235.22	1	3421.43	1	3624.18	1	1	273.416	301.659
15	614.493	1	970910	1	235.22	1	3421.43	1	3624.18	1	3.16228	273.773	302.082
15	614.493	1	970910	1	235.22	1	3421.43	1	3624.18	1	10	274.871	303.378
15	614.493	1	970910	1	235.22	1	3421.43	1	3624.18	1	31.6228	278.066	307.111
15	614.493	1	970910	1	235.22	1	3421.43	1	3624.18	1	100	286.24	316.597
16	781.965	1	2.1111e+06	1	759.474	1	742.314	1	3948.17	1	0	273.249	301.462
16	781.965	1	2.1111e+06	1	759.474	1	742.314	1	3948.17	1	0.001	273.25	301.462
16	781.965	1	2.1111e+06	1	759.474	1	742.314	1	3948.17	1	0.00316228	273.25	301.462
16	781.965	1	2.1111e+06	1	759.474	1	742.314	1	3948.17	1	0.01	273.251	301.463
16	781.965	1	2.1111e+06	1	759.474	1	742.314	1	3948.17	1	0.0316228	273.254	301.467
16	781.965	1	2.1111e+06	1	759.474	1	742.314	1	3948.17	1	0.1	273.265	301.478
16	781.965	1	2.1111e+06	1	759.474	1	742.314	1	3948.17	1	0.316228	273.298	301.513
16	781.965	1	2.1111e+06	1	759.474	1	742.314	1	3948.17	1	1	273.403	301.623
16	781.965	1	2.1111e+06	1	759.474	1	742.314	1	3948.17	1	3.16228	273.735	301.972
16	781.965	1	2.1111e+06	1	759.474	1	742.314	1	3948.17	1	10	274.775	303.064
16	781.965	1	2.1111e+06	1	759.474	1	742.314	1	3948.17	1	31.6228	277.971	306.415
16	781.965	1	2.1111e+06	1	759.474	1	742.314	1	3948.17	1	100	287.22	316.091
17	315.397	1	3.56018e+06	1	178.05	1	745.217	1	2889.06	1	0	273.249	301.462
17	315.397	1	3.56018e+06	1	178.05	1	745.217	1	2889.06	1	0.001	273.25	301.462
17	315.397	1	3.56018e+06	1	178.05	1	745.217	1	2889.06	1	0.00316228	273.25	301.463
17	315.397	1	3.56018e+06	1	178.05	1	745.217	1	2889.06	1	0.01	273.252	301.465
17	315.397	1	3.56018e+06	1	178.05	1	745.217	1	2889.06	1	0.0316228	273.259	301.472
17	315.397	1	3.56018e+06	1	178.05	1	745.217	1	2889.06	1	0.1	273.28	301.496
17	315.397	1	3.56018e+06	1	178.05	1	745.217	1	2889.06	1	0.316228	273.345	301.569
17	315.397	1	3.56018e+06	1	178.05	1	745.217	1	2889.06	1	1	273.552	301.8
17	315.397	1	3.56018e+06	1	178.05	1	745.217	1	2889.06	1	3.16228	274.199	302.524
17	315.397	1	3.56018e+06	1	178.05	1	745.217	1	2889.06	1	10	276.189	304.74
17	315.397	1	3.56018e+06	1	178.05	1	745.217	1	2889.06	1	31.6228	282.002	311.166
17	315.397	1	3.56018e+06	1	178.05	1	745.217	1	2889.06	1	100	297.101	327.615
18	561.368	1	1.51447e+06	1	491.1	1	1081.51	1	2204.23	1	0	273.249	301.462
18	561.368	1	1.51447e+06	1	491.1	1	1081.51	1	2204.23	1	0.001	273.25	301.462
18	561.368	1	1.51447e+06	1	491.1	1	1081.51	1	2204.23	1	0.00316228	273.25	301.462
18	561.368	1	1.51447e+06	1	491.1	1	1081.51	1	2204.23	1	0.01	273.251	301.463
18	561.368	1	1.51447e+06	1	491.1	1	1081.51	1	2204.23	1	0.0316228	273.254	301.467
18	561.368	1	1.51447e+06	1	491.1	1	1081.51	1	2204.23	1	0.1	273.264	301.478
18	561.368	1	1.51447e+06	1	491.1	1	1081.51	1	2204.23	1	0.316228	273.297	301.512
18	561.368	1	1.51447e+06	1	491.1	1	1081.51	1	2204.23	1	1	273.399	301.621
18	561.368	1	1.51447e+06	1	491.1	1	1081.51	1	2204.23	1	3.16228	273.722	301.965
18	561.368	1	1.51447e+06	1	491.1	1	1081.51	1	2204.23	1	10	274.731	303.04
18	561.368	1	1.51447e+06	1	491.1	1	1081.51	1	2204.23	1	31.6228	277.825	306.326
18	561.368	1	1.51447e+06	1	491.1	1	1081.51	1	2204.23	1	100	286.786	315.81
19	526.082	1	1.57772e+06	1	435.31	1	709.164	1	4207.95	1	0	273.249	301.462
19	526.082	1	1.57772e+06	1	435.31	1	709.164	1	4207.95	1	0.001	273.25	301.462
19	526.082	1	1.57772e+06	1	435.31	1	709.164	1	4207.95	1	0.00316228	273.25	301.462
19	526.082	1	1.57772e+06	1	435.31	1	709.164	1	4207.95	1	0.01	273.251	301.464
19	526.082	1	1.57772e+06	1	435.31	1	709.164	1	4207.95	1	0.0316228	273.256	301.468
19	526.082	1	1.57772e+06	1	435.31	1	709.164	1	4207.95	1	0.1	273.269	301.482
19	526.082	1	1.57772e+06	1	435.31	1	709.164	1	4207.95	1	0.316228	273.311	301.527
19	526.082	1	1.57772e+06	1	435.31	1	709.164	1	4207.95	1	1	273.444	301.669
19	526.082	1	1.57772e+06	1	435.31	1	709.164	1	4207.95	1	3.16228	273.863	302.116
19	526.082	1	1.57772e+06	1	435.31	1	709.164	1	4207.95	1	10	275.173	303.512
19	526.082	1	1.57772e+06	1	435.31	1	709.164	1	4207.95	1	31.6228	279.164	307.753
19	526.082	1	1.57772e+06	1	435.31	1	709.164	1	4207.95	1	100	290.526	319.786
20	482.648	1	2.05007e+06	1	397.108	1	327.672	1	4244.12	1	0	273.249	301.462
20	482.648	1	2.05007e+06	1	397.108	1	327.672	1	4244.12	1	0.001	273.25	301.462
20	482.648	1	2.05007e+06	1	397.108	1	327.672	1	4244.12	1	0.00316228	273.25	301.463
20	482.648	1	2.05007e+06	1	397.108	1	327.672	1	4244.12	1	0.01	273.253	301.465
20	482.648	1	2.05007e+06	1	397.108	1	327.672	1	4244.12	1	0.0316228	273.26	301.472
20	482.648	1	2.05007e+06	1	397.108	1	327.672	1	4244.12	1	0.1	273.282	301.496
20	482.648	1	2.05007e+06	1	397.108	1	327.672	1	4244.12	1	0.316228	273.352	301.571
20	482.648	1	2.05007e+06	1	397.108	1	327.672	1	4244.12	1	1	273.575	301.806
20	482.648	1	2.05007e+06	1	397.108	1	327.672	1	4244.12	1	3.16228	274.273	302.545
20	482.648	1	2.05007e+06	1	397.108	1	327.672	1	4244.12	1	10	276.438	304.833
20	482.648	1	2.05007e+06	1	397.108	1	327.672	1	4244.12	1	31.6228	282.869	311.622
20	482.648	1	2.05007e+06	1	397.108	1	327.672	1	4244.12	1	100	301.34	331.054
21	322.708	1	328887	1	282.82	1	1176.45	1	4270.28	1	0	273.249	301.462
21	322.708	1	328887	1	282.82	1	1176.45	1	4270.28	1	0.001	273.25	301.462
21	322.708	1	328887	1	282.82	1	1176.45	1	4270.28	1	0.00316228	273.25	301.462
21	322.708	1	328887	1	282.82	1	1176.45	1	4270.28	1	0.01	273.251	301.464
21	322.708	1	328887	1	282.82	1	1176.45	1	4270.28	1	0.0316228	273.256	301.468
21	322.708	1	328887	1	282.82	1	1176.45	1	4270.28	1	0.1	273.27	301.483
21	322.708	1	328887	1	282.82	1	1176.45	1	4270.28	1	0.316228	273.314	301.53
21	322.708	1	328887	1	282.82	1	1176.45	1	4270.28	1	1	273.452	301.679
21	322.708	1	328887	1	282.82	1	1176.45	1	4270.28	1	3.16228	273.887	302.145
21	322.708	1	328887	1	282.82	1	1176.45	1	4270.28	1	10	275.236	303.588
21	322.708	1	328887	1	282.82	1	1176.45	1	4270.28	1	31.6228	279.266	307.877
21	322.708	1	328887	1	282.82	1	1176.45	1	4270.28	1	100	290.213	319.461
22	676.735	1	1.58147e+06	1	274.273	1	1029.31	1	3778.89	1	0	273.249	301.462
22	676.735	1	1.58147e+06	1	274.273	1	1029.31	1	3778.89	1	0.001	273.25	301.462
22	676.735	1	1.58147e+06	1	274.273	1	1029.31	1	3778.89	1	0.00316228	273.25	301.462
22	676.735	1	1.58147e+06	1	274.273	1	1029.31	1	3778.89	1	0.01	273.251	301.464
22	676.735	1	1.58147e+06	1	274.273	1	1029.31	1	3778.89	1	0.0316228	273.256	301.469
22	676.735	1	1.58147e+06	1	274.273	1	1029.31	1	3778.89	1	0.1	273.269	301.484
22	676.735	1	1.58147e+06	1	274.273	1	1029.31	1	3778.89	1	0.316228	273.312	301.533
22	676.735	1	1.58147e+06	1	274.273	1	1029.31	1	3778.89	1	1	273.447	301.688
22	676.735	1	1.58147e+06	1	274.273	1	1029.31	1	3778.89	1	3.16228	273.872	302.173
22	676.735	1	1.58147e+06	1	274.273	1	1029.31	1	3778.89	1	10	275.193	303.676
22	676.735	1	1.58147e+06	1	274.273	1	1029.31	1	3778.89	1	31.6228	279.149	308.146
22	676.735	1	1.58147e+06	1	274.273	1	1029.31	1	3778.89	1	100	289.938	320.243
23	460.677	1	885016	1	378.172	1	412.204	1	3283.59	1	0	273.249	301.462
23	460.677	1	885016	1	378.172	1	412.204	1	3283.59	1	0.001	273.25	301.462
23	460.677	1	885016	1	378.172	1	412.204	1	3283.59	1	0.00316228	273.25	301.463
23	460.677	1	885016	1	378.172	1	412.204	1	3283.59	1	0.01	273.252	301.465
23	460.677	1	885016	1	378.172	1	412.204	1	3283.59	1	0.0316228	273.258	301.471
23	460.677	1	885016	1	378.172	1	412.204	1	3283.59	1	0.1	273.278	301.492
23	460.677	1	885016	1	378.172	1	412.204	1	3283.59	1	0.316228	273.339	301.557
23	460.677	1	885016	1	378.172	1	412.204	1	3283.59	1	1	273.533	301.763
23	460.677	1	885016	1	378.172	1	412.204	1	3283.59	1	3.16228	274.143	302.41
23	460.677	1	885016	1	378.172	1	412.204	1	3283.59	1	10	276.039	304.421
23	460.677	1	885016	1	378.172	1	412.204	1	3283.59	1	31.6228	281.728	310.442
23	460.677	1	885016	1	378.172	1	412.204	1	3283.59	1	100	298.15	327.755
24	518.517	1	943038	1	396.233	1	3075.25	1	3410.81	1	0	273.249	301.462
24	518.517	1	943038	1	396.233	1	3075.25	1	3410.81	1	0.001	273.25	301.462
24	518.517	1	943038	1	396.233	1	3075.25	1	3410.81	1	0.00316228	273.25	301.462
24	518.517	1	943038	1	396.233	1	3075.25	1	3410.81	1	0.01	273.251	301.463
24	518.517	1	943038	1	396.233	1	3075.25	1	3410.81	1	0.0316228	273.253	301.466
24	518.517	1	943038	1	396.233	1	3075.25	1	3410.81	1	0.1	273.262	301.475
24	518.517	1	943038	1	396.233	1	3075.25	1	3410.81	1	0.316228	273.288	301.504
24	518.517	1	943038	1	396.233	1	3075.25	1	3410.81	1	1	273.37	301.594
24	518.517	1	943038	1	396.233	1	3075.25	1	3410.81	1	3.16228	273.63	301.879
24	518.517	1	943038	1	396.233	1	3075.25	1	3410.81	1	10	274.439	302.765
24	518.517	1	943038	1	396.233	1	3075.25	1	3410.81	1	31.6228	276.882	305.425
24	518.517	1	943038	1	396.233	1	3075.25	1	3410.81	1	100	283.732	312.838
25	461.266	1	2.1778e+06	1	364.188	1	976.402	1	3257.6	1	0	273.249	301.462
25	461.266	1	2.1778e+06	1	364.188	1	976.402	1	3257.6	1	0.001	273.25	301.462
25	461.266	1	2.1778e+06	1	364.188	1	976.402	1	3257.6	1	0.00316228	273.25	301.462
25	461.266	1	2.1778e+06	1	364.188	1	976.402	1	3257.6	1	0.01	273.251	301.464
25	461.266	1	2.1778e+06	1	364.188	1	976.402	1	3257.6	1	0.0316228	273.255	301.468
25	461.266	1	2.1778e+06	1	364.188	1	976.402	1	3257.6	1	0.1	273.268	301.481
25	461.266	1	2.1778e+06	1	364.188	1	976.402	1	3257.6	1	0.316228	273.307	301.524
25	461.266	1	2.1778e+06	1	364.188	1	976.402	1	3257.6	1	1	273.432	301.658
25	461.266	1	2.1778e+06	1	364.188	1	976.402	1	3257.6	1	3.16228	273.824	302.081
25	461.266	1	2.1778e+06	1	364.188	1	976.402	1	3257.6	1	10	275.048	303.398
25	461.266	1	2.1778e+06	1	364.188	1	976.402	1	3257.6	1	31.6228	278.761	307.379
25	461.266	1	2.1778e+06	1	364.188	1	976.402	1	3257.6	1	100	289.288	318.601
26	386.915	1	499947	1	431.249	1	1811.82	1	2872.86	1	0	273.249	301.462
26	386.915	1	499947	1	431.249	1	1811.82	1	2872.86	1	0.001	273.25	301.462
26	386.915	1	499947	1	431.249	1	1811.82	1	2872.86	1	0.00316228	273.25	301.462
26	386.915	1	499947	1	431.249	1	1811.82	1	2872.86	1	0.01	273.251	301.463
26	386.915	1	499947	1	431.249	1	1811.82	1	2872.86	1	0.0316228	273.254	301.466
26	386.915	1	499947	1	431.249	1	1811.82	1	2872.86	1	0.1	273.263	301.476
26	386.915	1	499947	1	431.249	1	1811.82	1	2872.86	1	0.316228	273.293	301.507
26	386.915	1	499947	1	431.249	1	1811.82	1	2872.86	1	1	273.388	301.606
26	386.915	1	499947	1	431.249	1	1811.82	1	2872.86	1	3.16228	273.686	301.916
26	386.915	1	499947	1	431.249	1	1811.82	1	2872.86	1	10	274.616	302.883
26	386.915	1	499947	1	431.249	1	1811.82	1	2872.86	1	31.6228	277.441	305.813
26	386.915	1	499947	1	431.249	1	1811.82	1	2872.86	1	100	285.49	314.152
27	503.746	1	1.39602e+06	1	213.233	1	1026.11	1	3748.77	1	0	273.249	301.462
27	503.746	1	1.39602e+06	1	213.233	1	1026.11	1	3748.77	1	0.001	273.25	301.462
27	503.746	1	1.39602e+06	1	213.233	1	1026.11	1	3748.77	1	0.00316228	273.25	301.462
27	503.746	1	1.39602e+06	1	213.233	1	1026.11	1	3748.77	1	0.01	273.252	301.464
27	503.746	1	1.39602e+06	1	213.233	1	1026.11	1	3748.77	1	0.0316228	273.257	301.47
27	503.746	1	1.39602e+06	1	213.233	1	1026.11	1	3748.77	1	0.1	273.273	301.489
27	503.746	1	1.39602e+06	1	213.233	1	1026.11	1	3748.77	1	0.316228	273.324	301.547
27	503.746	1	1.39602e+06	1	213.233	1	1026.11	1	3748.77	1	1	273.484	301.731
27	503.746	1	1.39602e+06	1	213.233	1	1026.11	1	3748.77	1	3.16228	273.987	302.308
27	503.746	1	1.39602e+06	1	213.233	1	1026.11	1	3748.77	1	10	275.539	304.081
27	503.746	1	1.39602e+06	1	213.233	1	1026.11	1	3748.77	1	31.6228	280.112	309.256
27	503.746	1	1.39602e+06	1	213.233	1	1026.11	1	3748.77	1	100	292.176	322.773
28	407.091	1	607589	1	263.691	1	1307.72	1	3350.99	1	0	273.249	301.462
28	407.091	1	607589	1	263.691	1	1307.72	1	3350.99	1	0.001	273.25	301.462
28	407.091	1	607589	1	263.691	1	1307.72	1	3350.99	1	0.00316228	273.25	301.462
28	407.091	1	607589	1	263.691	1	1307.72	1	3350.99	1	0.01	273.251	301.464
28	407.091	1	607589	1	263.691	1	1307.72	1	3350.99	1	0.0316228	273.256	301.469
28	407.091	1	607589	1	263.691	1	1307.72	1	3350.99	1	0.1	273.269	301.484
28	407.091	1	607589	1	263.691	1	1307.72	1	3350.99	1	0.316228	273.312	301.531
28	407.091	1	607589	1	263.691	1	1307.72	1	3350.99	1	1	273.447	301.68
28	407.091	1	607589	1	263.691	1	1307.72	1	3350.99	1	3.16228	273.87	302.15
28	407.091	1	607589	1	263.691	1	1307.72	1	3350.99	1	10	275.181	303.601
28	407.091	1	607589	1	263.691	1	1307.72	1	3350.99	1	31.6228	279.086	307.886
28	407.091	1	607589	1	263.691	1	1307.72	1	3350.99	1	100	289.578	319.312
29	455.012	1	1.06595e+06	1	717.188	1	688.853	1	4464.55	1	0	273.249	301.462
29	455.012	1	1.06595e+06	1	717.188	1	688.853	1	4464.55	1	0.001	273.25	301.462
29	455.012	1	1.06595e+06	1	717.188	1	688.853	1	4464.55	1	0.00316228	273.25	301.462
29	455.012	1	1.06595e+06	1	717.188	1	688.853	1	4464.55	1	0.01	273.251	301.463
29	455.012	1	1.06595e+06	1	717.188	1	688.853	1	4464.55	1	0.0316228	273.255	301.467
29	455.012	1	1.06595e+06	1	717.188	1	688.853	1	4464.55	1	0.1	273.267	301.479
29	455.012	1	1.06595e+06	1	717.188	1	688.853	1	4464.55	1	0.316228	273.304	301.517
29	455.012	1	1.06595e+06	1	717.188	1	688.853	1	4464.55	1	1	273.423	301.637
29	455.012	1	1.06595e+06	1	717.188	1	688.853	1	4464.55	1	3.16228	273.798	302.016
29	455.012	1	1.06595e+06	1	717.188	1	688.853	1	4464.55	1	10	274.969	303.201
29	455.012	1	1.06595e+06	1	717.188	1	688.853	1	4464.55	1	31.6228	278.551	306.827
29	455.012	1	1.06595e+06	1	717.188	1	688.853	1	4464.55	1	100	288.858	317.252
30	425.786	1	3.48819e+06	1	456.546	1	1012.11	1	3748.53	1	0	273.249	301.462
30	425.786	1	3.48819e+06	1	456.546	1	1012.11	1	3748.53	1	0.001	273.25	301.462
30	425.786	1	3.48819e+06	1	456.546	1	1012.11	1	3748.53	1	0.00316228	273.25	301.462
30	425.786	1	3.48819e+06	1	456.546	1	1012.11	1	3748.53	1	0.01	273.251	301.463
30	425.786	1	3.48819e+06	1	456.546	1	1012.11	1	3748.53	1	0.0316228	273.255	301.467
30	425.786	1	3.48819e+06	1	456.546	1	1012.11	1	3748.53	1	0.1	273.266	301.479
30	425.786	1	3.48819e+06	1	456.546	1	1012.11	1	3748.53	1	0.316228	273.302	301.516
30	425.786	1	3.48819e+06	1	456.546	1	1012.11	1	3748.53	1	1	273.414	301.634
30	425.786	1	3.48819e+06	1	456.546	1	1012.11	1	3748.53	1	3.16228	273.769	302.004
30	425.786	1	3.48819e+06	1	456.546	1	1012.11	1	3748.53	1	10	274.878	303.162
30	425.786	1	3.48819e+06	1	456.546	1	1012.11	1	3748.53	1	31.6228	278.265	306.691
30	425.786	1	3.48819e+06	1	456.546	1	1012.11	1	3748.53	1	100	288.005	316.819
31	282.735	1	4.11033e+06	1	680.298	1	10289.2	1	5788.54	1	0	273.249	301.462
31	282.735	1	4.11033e+06	1	680.298	1	10289.2	1	5788.54	1	0.001	273.25	301.462
31	282.735	1	4.11033e+06	1	680.298	1	10289.2	1	5788.54	1	0.00316228	273.25	301.462
31	282.735	1	4.11033e+06	1	680.298	1	10289.2	1	5788.54	1	0.01	273.25	301.462
31	282.735	1	4.11033e+06	1	680.298	1	10289.2	1	5788.54	1	0.0316228	273.252	301.464
31	282.735	1	4.11033e+06	1	680.298	1	10289.2	1	5788.54	1	0.1	273.258	301.469
31	282.735	1	4.11033e+06	1	680.298	1	10289.2	1	5788.54	1	0.316228	273.278	301.486
31	282.735	1	4.11033e+06	1	680.298	1	10289.2	1	5788.54	1	1	273.338	301.539
31	282.735	1	4.11033e+06	1	680.298	1	10289.2	1	5788.54	1	3.16228	273.53	301.706
31	282.735	1	4.11033e+06	1	680.298	1	10289.2	1	5788.54	1	10	274.124	302.228
31	282.735	1	4.11033e+06	1	680.298	1	10289.2	1	5788.54	1	31.6228	275.904	303.809
31	282.735	1	4.11033e+06	1	680.298	1	10289.2	1	5788.54	1	100	280.865	308.297
32	397.108	1	734200	1	336.083	1	780.295	1	3104.85	1	0	273.249	301.462
32	397.108	1	734200	1	336.083	1	780.295	1	3104.85	1	0.001	273.25	301.462
32	397.108	1	734200	1	336.083	1	780.295	1	3104.85	1	0.00316228	273.25	301.462
32	397.108	1	734200	1	336.083	1	780.295	1	3104.85	1	0.01	273.252	301.464
32	397.108	1	734200	1	336.083	1	780.295	1	3104.85	1	0.0316228	273.256	301.469
32	397.108	1	734200	1	336.083	1	780.295	1	3104.85	1	0.1	273.271	301.484
32	397.108	1	734200	1	336.083	1	780.295	1	3104.85	1	0.316228	273.317	301.533
32	397.108	1	734200	1	336.083	1	780.295	1	3104.85	1	1	273.461	301.688
32	397.108	1	734200	1	336.083	1	780.295	1	3104.85	1	3.16228	273.917	302.176
32	397.108	1	734200	1	336.083	1	780.295	1	3104.85	1	10	275.339	303.693
32	397.108	1	734200	1	336.083	1	780.295	1	3104.85	1	31.6228	279.635	308.263
32	397.108	1	734200	1	336.083	1	780.295	1	3104.85	1	100	291.693	321.023
33	320.602	1	1.14041e+06	1	979.818	1	1816.55	1	6334.5	1	0	273.249	301.462
33	320.602	1	1.14041e+06	1	979.818	1	1816.55	1	6334.5	1	0.001	273.25	301.462
33	320.602	1	1.14041e+06	1	979.818	1	1816.55	1	6334.5	1	0.00316228	273.25	301.462
33	320.602	1	1.14041e+06	1	979.818	1	1816.55	1	6334.5	1	0.01	273.25	301.463
33	320.602	1	1.14041e+06	1	979.818	1	1816.55	1	6334.5	1	0.0316228	273.253	301.465
33	320.602	1	1.14041e+06	1	979.818	1	1816.55	1	6334.5	1	0.1	273.26	301.471
33	320.602	1	1.14041e+06	1	979.818	1	1816.55	1	6334.5	1	0.316228	273.283	301.491
33	320.602	1	1.14041e+06	1	979.818	1	1816.55	1	6334.5	1	1	273.354	301.555
33	320.602	1	1.14041e+06	1	979.818	1	1816.55	1	6334.5	1	3.16228	273.58	301.757
33	320.602	1	1.14041e+06	1	979.818	1	1816.55	1	6334.5	1	10	274.287	302.391
33	320.602	1	1.14041e+06	1	979.818	1	1816.55	1	6334.5	1	31.6228	276.449	304.348
33	320.602	1	1.14041e+06	1	979.818	1	1816.55	1	6334.5	1	100	282.761	310.17
34	589.213	1	3.02897e+06	1	442.081	1	1293.33	1	2996.25	1	0	273.249	301.462
34	589.213	1	3.02897e+06	1	442.081	1	1293.33	1	2996.25	1	0.001	273.25	301.462
34	589.213	1	3.02897e+06	1	442.081	1	1293.33	1	2996.25	1	0.00316228	273.25	301.462
34	589.213	1	3.02897e+06	1	442.081	1	1293.33	1	2996.25	1	0.01	273.251	301.463
34	589.213	1	3.02897e+06	1	442.081	1	1293.33	1	2996.25	1	0.0316228	273.254	301.467
34	589.213	1	3.02897e+06	1	442.081	1	1293.33	1	2996.25	1	0.1	273.264	301.477
34	589.213	1	3.02897e+06	1	442.081	1	1293.33	1	2996.25	1	0.316228	273.295	301.511
34	589.213	1	3.02897e+06	1	442.081	1	1293.33	1	2996.25	1	1	273.394	301.618
34	589.213	1	3.02897e+06	1	442.081	1	1293.33	1	2996.25	1	3.16228	273.704	301.955
34	589.213	1	3.02897e+06	1	442.081	1	1293.33	1	2996.25	1	10	274.674	303.006
34	589.213	1	3.02897e+06	1	442.081	1	1293.33	1	2996.25	1	31.6228	277.641	306.207
34	589.213	1	3.02897e+06	1	442.081	1	1293.33	1	2996.25	1	100	286.184	315.38
35	408.204	1	1.01565e+06	1	265.268	1	1547.73	1	3735.83	1	0	273.249	301.462
35	408.204	1	1.01565e+06	1	265.268	1	1547.73	1	3735.83	1	0.001	273.25	301.462
35	408.204	1	1.01565e+06	1	265.268	1	1547.73	1	3735.83	1	0.00316228	273.25	301.462
35	408.204	1	1.01565e+06	1	265.268	1	1547.73	1	3735.83	1	0.01	273.251	301.464
35	408.204	1	1.01565e+06	1	265.268	1	1547.73	1	3735.83	1	0.0316228	273.255	301.468
35	408.204	1	1.01565e+06	1	265.268	1	1547.73	1	3735.83	1	0.1	273.268	301.482
35	408.204	1	1.01565e+06	1	265.268	1	1547.73	1	3735.83	1	0.316228	273.309	301.528
35	408.204	1	1.01565e+06	1	265.268	1	1547.73	1	3735.83	1	1	273.437	301.67
35	408.204	1	1.01565e+06	1	265.268	1	1547.73	1	3735.83	1	3.16228	273.839	302.118
35	408.204	1	1.01565e+06	1	265.268	1	1547.73	1	3735.83	1	10	275.086	303.5
35	408.204	1	1.01565e+06	1	265.268	1	1547.73	1	3735.83	1	31.6228	278.79	307.574
35	408.204	1	1.01565e+06	1	265.268	1	1547.73	1	3735.83	1	100	288.673	318.36
36	521.247	1	101381	1	185.475	1	865.913	1	1617.17	1	0	273.249	301.462
36	521.247	1	101381	1	185.475	1	865.913	1	1617.17	1	0.001	273.25	301.462
36	521.247	1	101381	1	185.475	1	865.913	1	1617.17	1	0.00316228	273.25	301.463
36	521.247	1	101381	1	185.475	1	865.913	1	1617.17	1	0.01	273.252	301.465
36	521.247	1	101381	1	185.475	1	865.913	1	1617.17	1	0.0316228	273.258	301.471
36	521.247	1	101381	1	185.475	1	865.913	1	1617.17	1	0.1	273.276	301.493
36	521.247	1	101381	1	185.475	1	865.913	1	1617.17	1	0.316228	273.334	301.56
36	521.247	1	101381	1	185.475	1	865.913	1	1617.17	1	1	273.518	301.773
36	521.247	1	101381	1	185.475	1	865.913	1	1617.17	1	3.16228	274.092	302.437
36	521.247	1	101381	1	185.475	1	865.913	1	1617.17	1	10	275.858	304.474
36	521.247	1	101381	1	185.475	1	865.913	1	1617.17	1	31.6228	281.023	310.384
36	521.247	1	101381	1	185.475	1	865.913	1	1617.17	1	100	294.432	325.522
37	420.492	1	1.51658e+06	1	288.288	1	1237.42	1	3167.33	1	0	273.249	301.462
37	420.492	1	1.51658e+06	1	288.288	1	1237.42	1	3167.33	1	0.001	273.25	301.462
37	420.492	1	1.51658e+06	1	288.288	1	1237.42	1	3167.33	1	0.00316228	273.25	301.462
37	420.492	1	1.51658e+06	1	288.288	1	1237.42	1	3167.33	1	0.01	273.251	301.464
37	420.492	1	1.51658e+06	1	288.288	1	1237.42	1	3167.33	1	0.0316228	273.255	301.468
37	420.492	1	1.51658e+06	1	288.288	1	1237.42	1	3167.33	1	0.1	273.268	301.483
37	420.492	1	1.51658e+06	1	288.288	1	1237.42	1	3167.33	1	0.316228	273.31	301.528
37	420.492	1	1.51658e+06	1	288.288	1	1237.42	1	3167.33	1	1	273.439	301.671
37	420.492	1	1.51658e+06	1	288.288	1	1237.42	1	3167.33	1	3.16228	273.847	302.12
37	420.492	1	1.51658e+06	1	288.288	1	1237.42	1	3167.33	1	10	275.115	303.512
37	420.492	1	1.51658e+06	1	288.288	1	1237.42	1	3167.33	1	31.6228	278.913	307.653
37	420.492	1	1.51658e+06	1	288.288	1	1237.42	1	3167.33	1	100	289.252	318.843
38	408.489	1	622388	1	598.634	1	754.399	1	2656.66	1	0	273.249	301.462
38	408.489	1	622388	1	598.634	1	754.399	1	2656.66	1	0.001	273.25	301.462
38	408.489	1	622388	1	598.634	1	754.399	1	2656.66	1	0.00316228	273.25	301.462
38	408.489	1	622388	1	598.634	1	754.399	1	2656.66	1	0.01	273.251	301.463
38	408.489	1	622388	1	598.634	1	754.399	1	2656.66	1	0.0316228	273.255	301.467
38	408.489	1	622388	1	598.634	1	754.399	1	2656.66	1	0.1	273.267	301.479
38	408.489	1	622388	1	598.634	1	754.399	1	2656.66	1	0.316228	273.305	301.518
38	408.489	1	622388	1	598.634	1	754.399	1	2656.66	1	1	273.425	301.64
38	408.489	1	622388	1	598.634	1	754.399	1	2656.66	1	3.16228	273.803	302.023
38	408.489	1	622388	1	598.634	1	754.399	1	2656.66	1	10	274.985	303.223
38	408.489	1	622388	1	598.634	1	754.399	1	2656.66	1	31.6228	278.601	306.893
38	408.489	1	622388	1	598.634	1	754.399	1	2656.66	1	100	289	317.452
39	449.19	1	876584	1	247.163	1	2168.16	1	2533.19	1	0	273.249	301.462
39	449.19	1	876584	1	247.163	1	2168.16	1	2533.19	1	0.001	273.25	301.462
39	449.19	1	876584	1	247.163	1	2168.16	1	2533.19	1	0.00316228	273.25	301.462
39	449.19	1	876584	1	247.163	1	2168.16	1	2533.19	1	0.01	273.251	301.464
39	449.19	1	876584	1	247.163	1	2168.16	1	2533.19	1	0.0316228	273.255	301.468
39	449.19	1	876584	1	247.163	1	2168.16	1	2533.19	1	0.1	273.267	301.482
39	449.19	1	876584	1	247.163	1	2168.16	1	2533.19	1	0.316228	273.306	301.526
39	449.19	1	876584	1	247.163	1	2168.16	1	2533.19	1	1	273.429	301.666
39	449.19	1	876584	1	247.163	1	2168.16	1	2533.19	1	3.16228	273.814	302.105
39	449.19	1	876584	1	247.163	1	2168.16	1	2533.19	1	10	275.004	303.454
39	449.19	1	876584	1	247.163	1	2168.16	1	2533.19	1	31.6228	278.504	307.387
39	449.19	1	876584	1	247.163	1	2168.16	1	2533.19	1	100	287.673	317.602
40	328.277	1	1.55492e+06	1	247.124	1	1478.17	1	4083.25	1	0	273.249	301.462
40	328.277	1	1.55492e+06	1	247.124	1	1478.17	1	4083.25	1	0.001	273.25	301.462
40	328.277	1	1.55492e+06	1	247.124	1	1478.17	1	4083.25	1	0.00316228	273.25	301.462
40	328.277	1	1.55492e+06	1	247.124	1	1478.17	1	4083.25	1	0.01	273.251	301.464
40	328.277	1	1.55492e+06	1	247.124	1	1478.17	1	4083.25	1	0.0316228	273.256	301.469
40	328.277	1	1.55492e+06	1	247.124	1	1478.17	1	4083.25	1	0.1	273.27	301.484
40	328.277	1	1.55492e+06	1	247.124	1	1478.17	1	4083.25	1	0.316228	273.314	301.533
40	328.277	1	1.55492e+06	1	247.124	1	1478.17	1	4083.25	1	1	273.454	301.685
40	328.277	1	1.55492e+06	1	247.124	1	1478.17	1	4083.25	1	3.16228	273.892	302.165
40	328.277	1	1.55492e+06	1	247.124	1	1478.17	1	4083.25	1	10	275.247	303.644
40	328.277	1	1.55492e+06	1	247.124	1	1478.17	1	4083.25	1	31.6228	279.25	307.98
40	328.277	1	1.55492e+06	1	247.124	1	1478.17	1	4083.25	1	100	289.832	319.364
41	551.796	1	663466	1	156.345	1	644.598	1	3134.72	1	0	273.249	301.462
41	551.796	1	663466	1	156.345	1	644.598	1	3134.72	1	0.001	273.25	301.462
41	551.796	1	663466	1	156.345	1	644.598	1	3134.72	1	0.00316228	273.25	301.463
41	551.796	1	663466	1	156.345	1	644.598	1	3134.72	1	0.01	273.253	301.465
41	551.796	1	663466	1	156.345	1	644.598	1	3134.72	1	0.0316228	273.26	301.474
41	551.796	1	663466	1	156.345	1	644.598	1	3134.72	1	0.1	273.282	301.5
41	551.796	1	663466	1	156.345	1	644.598	1	3134.72	1	0.316228	273.353	301.582
41	551.796	1	663466	1	156.345	1	644.598	1	3134.72	1	1	273.576	301.843
41	551.796	1	663466	1	156.345	1	644.598	1	3134.72	1	3.16228	274.274	302.657
41	551.796	1	663466	1	156.345	1	644.598	1	3134.72	1	10	276.414	305.138
41	551.796	1	663466	1	156.345	1	644.598	1	3134.72	1	31.6228	282.613	312.282
41	551.796	1	663466	1	156.345	1	644.598	1	3134.72	1	100	298.465	330.249
42	450.678	1	1.01468e+06	1	398.65	1	334.13	1	2442.41	1	0	273.249	301.462
42	450.678	1	1.01468e+06	1	398.65	1	334.13	1	2442.41	1	0.001	273.25	301.462
42	450.678	1	1.01468e+06	1	398.65	1	334.13	1	2442.41	1	0.00316228	273.25	301.463
42	450.678	1	1.01468e+06	1	398.65	1	334.13	1	2442.41	1	0.01	273.253	301.465
42	450.678	1	1.01468e+06	1	398.65	1	334.13	1	2442.41	1	0.0316228	273.26	301.472
42	450.678	1	1.01468e+06	1	398.65	1	334.13	1	2442.41	1	0.1	273.282	301.496
42	450.678	1	1.01468e+06	1	398.65	1	334.13	1	2442.41	1	0.316228	273.352	301.569
42	450.678	1	1.01468e+06	1	398.65	1	334.13	1	2442.41	1	1	273.572	301.802
42	450.678	1	1.01468e+06	1	398.65	1	334.13	1	2442.41	1	3.16228	274.264	302.532
42	450.678	1	1.01468e+06	1	398.65	1	334.13	1	2442.41	1	10	276.41	304.793
42	450.678	1	1.01468e+06	1	398.65	1	334.13	1	2442.41	1	31.6228	282.795	311.51
42	450.678	1	1.01468e+06	1	398.65	1	334.13	1	2442.41	1	100	301.155	330.765
43	631.12	1	1.54076e+06	1	279.758	1	858.373	1	1971.06	1	0	273.249	301.462
43	631.12	1	1.54076e+06	1	279.758	1	858.373	1	1971.06	1	0.001	273.25	301.462
43	631.12	1	1.54076e+06	1	279.758	1	858.373	1	1971.06	1	0.00316228	273.25	301.462
43	631.12	1	1.54076e+06	1	279.758	1	858.373	1	1971.06	1	0.01	273.252	301.464
43	631.12	1	1.54076e+06	1	279.758	1	858.373	1	1971.06	1	0.0316228	273.256	301.469
43	631.12	1	1.54076e+06	1	279.758	1	858.373	1	1971.06	1	0.1	273.271	301.486
43	631.12	1	1.54076e+06	1	279.758	1	858.373	1	1971.06	1	0.316228	273.316	301.537
43	631.12	1	1.54076e+06	1	279.758	1	858.373	1	1971.06	1	1	273.461	301.701
43	631.12	1	1.54076e+06	1	279.758	1	858.373	1	1971.06	1	3.16228	273.916	302.214
43	631.12	1	1.54076e+06	1	279.758	1	858.373	1	1971.06	1	10	275.33	303.806
43	631.12	1	1.54076e+06	1	279.758	1	858.373	1	1971.06	1	31.6228	279.578	308.553
43	631.12	1	1.54076e+06	1	279.758	1	858.373	1	1971.06	1	100	291.265	321.519
44	546.993	1	675421	1	279.029	1	946.979	1	1405.38	1	0	273.249	301.462
44	546.993	1	675421	1	279.029	1	946.979	1	1405.38	1	0.001	273.25	301.462
44	546.993	1	675421	1	279.029	1	946.979	1	1405.38	1	0.00316228	273.25	301.462
44	546.993	1	675421	1	279.029	1	946.979	1	1405.38	1	0.01	273.251	301.464
44	546.993	1	675421	1	279.029	1	946.979	1	1405.38	1	0.0316228	273.256	301.469
44	546.993	1	675421	1	279.029	1	946.979	1	1405.38	1	0.1	273.27	301.485
44	546.993	1	675421	1	279.029	1	946.979	1	1405.38	1	0.316228	273.315	301.535
44	546.993	1	675421	1	279.029	1	946.979	1	1405.38	1	1	273.456	301.693
44	546.993	1	675421	1	279.029	1	946.979	1	1405.38	1	3.16228	273.9	302.191
44	546.993	1	675421	1	279.029	1	946.979	1	1405.38	1	10	275.28	303.736
44	546.993	1	675421	1	279.029	1	946.979	1	1405.38	1	31.6228	279.421	308.336
44	546.993	1	675421	1	279.029	1	946.979	1	1405.38	1	100	290.785	320.863
45	339.992	1	834649	1	403.304	1	781.626	1	5917.71	1	0	273.249	301.462
45	339.992	1	834649	1	403.304	1	781.626	1	5917.71	1	0.001	273.25	301.462
45	339.992	1	834649	1	403.304	1	781.626	1	5917.71	1	0.00316228	273.25	301.462
45	339.992	1	834649	1	403.304	1	781.626	1	5917.71	1	0.01	273.251	301.464
45	339.992	1	834649	1	403.304	1	781.626	1	5917.71	1	0.0316228	273.256	301.468
45	339.992	1	834649	1	403.304	1	781.626	1	5917.71	1	0.1	273.27	301.482
45	339.992	1	834649	1	403.304	1	781.626	1	5917.71	1	0.316228	273.313	301.527
45	339.992	1	834649	1	403.304	1	781.626	1	5917.71	1	1	273.451	301.669
45	339.992	1	834649	1	403.304	1	781.626	1	5917.71	1	3.16228	273.884	302.117
45	339.992	1	834649	1	403.304	1	781.626	1	5917.71	1	10	275.235	303.512
45	339.992	1	834649	1	403.304	1	781.626	1	5917.71	1	31.6228	279.334	307.741
45	339.992	1	834649	1	403.304	1	781.626	1	5917.71	1	100	290.946	319.712
46	852.858	1	543829	1	381.225	1	606.585	1	4327.14	1	0	273.249	301.462
46	852.858	1	543829	1	381.225	1	606.585	1	4327.14	1	0.001	273.25	301.462
46	852.858	1	543829	1	381.225	1	606.585	1	4327.14	1	0.00316228	273.25	301.462
46	852.858	1	543829	1	381.225	1	606.585	1	4327.14	1	0.01	273.252	301.464
46	852.858	1	543829	1	381.225	1	606.585	1	4327.14	1	0.0316228	273.256	301.469
46	852.858	1	543829	1	381.225	1	606.585	1	4327.14	1	0.1	273.271	301.485
46	852.858	1	543829	1	381.225	1	606.585	1	4327.14	1	0.316228	273.317	301.537
46	852.858	1	543829	1	381.225	1	606.585	1	4327.14	1	1	273.464	301.698
46	852.858	1	543829	1	381.225	1	606.585	1	4327.14	1	3.16228	273.925	302.208
46	852.858	1	543829	1	381.225	1	606.585	1	4327.14	1	10	275.365	303.795
46	852.858	1	543829	1	381.225	1	606.585	1	4327.14	1	31.6228	279.732	308.593
46	852.858	1	543829	1	381.225	1	606.585	1	4327.14	1	100	292.203	322.231
47	421.758	1	809845	1	287.343	1	2421.19	1	4145.09	1	0	273.249	301.462
47	421.758	1	809845	1	287.343	1	2421.19	1	4145.09	1	0.001	273.25	301.462
47	421.758	1	809845	1	287.343	1	2421.19	1	4145.09	1	0.00316228	273.25	301.462
47	421.758	1	809845	1	287.343	1	2421.19	1	4145.09	1	0.01	273.251	301.463
47	421.758	1	809845	1	287.343	1	2421.19	1	4145.09	1	0.0316228	273.255	301.467
47	421.758	1	809845	1	287.343	1	2421.19	1	4145.09	1	0.1	273.266	301.479
47	421.758	1	809845	1	287.343	1	2421.19	1	4145.09	1	0.316228	273.3	301.518
47	421.758	1	809845	1	287.343	1	2421.19	1	4145.09	1	1	273.41	301.64
47	421.758	1	809845	1	287.343	1	2421.19	1	4145.09	1	3.16228	273.755	302.024
47	421.758	1	809845	1	287.343	1	2421.19	1	4145.09	1	10	274.822	303.207
47	421.758	1	809845	1	287.343	1	2421.19	1	4145.09	1	31.6228	277.99	306.696
47	421.758	1	809845	1	287.343	1	2421.19	1	4145.09	1	100	286.446	315.93
48	397.173	1	1.56308e+06	1	325.245	1	1074.57	1	4252.89	1	0	273.249	301.462
48	397.173	1	1.56308e+06	1	325.245	1	1074.57	1	4252.89	1	0.001	273.25	301.462
48	397.173	1	1.56308e+06	1	325.245	1	1074.57	1	4252.89	1	0.00316228	273.25	301.462
48	397.173	1	1.56308e+06	1	325.245	1	1074.57	1	4252.89	1	0.01	273.251	301.464
48	397.173	1	1.56308e+06	1	325.245	1	1074.57	1	4252.89	1	0.0316228	273.255	301.468
48	397.173	1	1.56308e+06	1	325.245	1	1074.57	1	4252.89	1	0.1	273.268	301.482
48	397.173	1	1.56308e+06	1	325.245	1	1074.57	1	4252.89	1	0.316228	273.309	301.526
48	397.173	1	1.56308e+06	1	325.245	1	1074.57	1	4252.89	1	1	273.438	301.665
48	397.173	1	1.56308e+06	1	325.245	1	1074.57	1	4252.89	1	3.16228	273.844	302.102
48	397.173	1	1.56308e+06	1	325.245	1	1074.57	1	4252.89	1	10	275.107	303.46
48	397.173	1	1.56308e+06	1	325.245	1	1074.57	1	4252.89	1	31.6228	278.918	307.538
48	397.173	1	1.56308e+06	1	325.245	1	1074.57	1	4252.89	1	100	289.596	318.893
49	539.185	1	342528	1	627.321	1	1152.96	1	3508.7	1	0	273.249	301.462
49	539.185	1	342528	1	627.321	1	1152.96	1	3508.7	1	0.001	273.25	301.462
49	539.185	1	342528	1	627.321	1	1152.96	1	3508.7	1	0.00316228	273.25	301.462
49	539.185	1	342528	1	627.321	1	1152.96	1	3508.7	1	0.01	273.251	301.463
49	539.185	1	342528	1	627.321	1	1152.96	1	3508.7	1	0.0316228	273.254	301.466
49	539.185	1	342528	1	627.321	1	1152.96	1	3508.7	1	0.1	273.263	301.475
49	539.185	1	342528	1	627.321	1	1152.96	1	3508.7	1	0.316228	273.291	301.505
49	539.185	1	342528	1	627.321	1	1152.96	1	3508.7	1	1	273.382	301.599
49	539.185	1	342528	1	627.321	1	1152.96	1	3508.7	1	3.16228	273.668	301.895
49	539.185	1	342528	1	627.321	1	1152.96	1	3508.7	1	10	274.563	302.822
49	539.185	1	342528	1	627.321	1	1152.96	1	3508.7	1	31.6228	277.32	305.674
49	539.185	1	342528	1	627.321	1	1152.96	1	3508.7	1	100	285.388	314.004
50	1083.46	1	1.9863e+06	1	310.188	1	822.821	1	4605.38	1	0	273.249	301.462
50	1083.46	1	1.9863e+06	1	310.188	1	822.821	1	4605.38	1	0.001	273.25	301.462
50	1083.46	1	1.9863e+06	1	310.188	1	822.821	1	4605.38	1	0.00316228	273.25	301.462
50	1083.46	1	1.9863e+06	1	310.188	1	822.821	1	4605.38	1	0.01	273.251	301.464
50	1083.46	1	1.9863e+06	1	310.188	1	822.821	1	4605.38	1	0.0316228	273.256	301.469
50	1083.46	1	1.9863e+06	1	310.188	1	822.821	1	4605.38	1	0.1	273.269	301.484
50	1083.46	1	1.9863e+06	1	310.188	1	822.821	1	4605.38	1	0.316228	273.312	301.533
50	1083.46	1	1.9863e+06	1	310.188	1	822.821	1	4605.38	1	1	273.447	301.688
50	1083.46	1	1.9863e+06	1	310.188	1	822.821	1	4605.38	1	3.16228	273.872	302.174
50	1083.46	1	1.9863e+06	1	310.188	1	822.821	1	4605.38	1	10	275.194	303.687
50	1083.46	1	1.9863e+06	1	310.188	1	822.821	1	4605.38	1	31.6228	279.187	308.225
50	1083.46	1	1.9863e+06	1	310.188	1	822.821	1	4605.38	1	100	290.322	320.798
51	477.869	1	630253	1	338.977	1	2194.88	1	2888.56	1	0	273.249	301.462
51	477.869	1	630253	1	338.977	1	2194.88	1	2888.56	1	0.001	273.25	301.462
51	477.869	1	630253	1	338.977	1	2194.88	1	2888.56	1	0.00316228	273.25	301.462
51	477.869	1	630253	1	338.977	1	2194.88	1	2888.56	1	0.01	273.251	301.463
51	477.869	1	630253	1	338.977	1	2194.88	1	2888.56	1	0.0316228	273.254	301.467
51	477.869	1	630253	1	338.977	1	2194.88	1	2888.56	1	0.1	273.264	301.478
51	477.869	1	630253	1	338.977	1	2194.88	1	2888.56	1	0.316228	273.295	301.512
51	477.869	1	630253	1	338.977	1	2194.88	1	2888.56	1	1	273.394	301.622
51	477.869	1	630253	1	338.977	1	2194.88	1	2888.56	1	3.16228	273.706	301.966
51	477.869	1	630253	1	338.977	1	2194.88	1	2888.56	1	10	274.676	303.034
51	477.869	1	630253	1	338.977	1	2194.88	1	2888.56	1	31.6228	277.589	306.223
51	477.869	1	630253	1	338.977	1	2194.88	1	2888.56	1	100	285.681	315.011
52	509.072	1	383990	1	359.26	1	782.271	1	3666.17	1	0	273.249	301.462
52	509.072	1	383990	1	359.26	1	782.271	1	3666.17	1	0.001	273.25	301.462
52	509.072	1	383990	1	359.26	1	782.271	1	3666.17	1	0.00316228	273.25	301.462
52	509.072	1	383990	1	359.26	1	782.271	1	3666.17	1	0.01	273.251	301.464
52	509.072	1	383990	1	359.26	1	782.271	1	3666.17	1	0.0316228	273.256	301.468
52	509.072	1	383990	1	359.26	1	782.271	1	3666.17	1	0.1	273.269	301.483
52	509.072	1	383990	1	359.26	1	782.271	1	3666.17	1	0.316228	273.313	301.53
52	509.072	1	383990	1	359.26	1	782.271	1	3666.17	1	1	273.449	301.679
52	509.072	1	383990	1	359.26	1	782.271	1	3666.17	1	3.16228	273.88	302.145
52	509.072	1	383990	1	359.26	1	782.271	1	3666.17	1	10	275.223	303.599
52	509.072	1	383990	1	359.26	1	782.271	1	3666.17	1	31.6228	279.297	307.992
52	509.072	1	383990	1	359.26	1	782.271	1	3666.17	1	100	290.805	320.331
53	885.586	1	531008	1	595.127	1	1580.39	1	2170.48	1	0	273.249	301.462
53	885.586	1	531008	1	595.127	1	1580.39	1	2170.48	1	0.001	273.25	301.462
53	885.586	1	531008	1	595.127	1	1580.39	1	2170.48	1	0.00316228	273.25	301.462
53	885.586	1	531008	1	595.127	1	1580.39	1	2170.48	1	0.01	273.251	301.463
53	885.586	1	531008	1	595.127	1	1580.39	1	2170.48	1	0.0316228	273.253	301.465
53	885.586	1	531008	1	595.127	1	1580.39	1	2170.48	1	0.1	273.26	301.474
53	885.586	1	531008	1	595.127	1	1580.39	1	2170.48	1	0.316228	273.284	301.5
53	885.586	1	531008	1	595.127	1	1580.39	1	2170.48	1	1	273.36	301.582
53	885.586	1	531008	1	595.127	1	1580.39	1	2170.48	1	3.16228	273.597	301.842
53	885.586	1	531008	1	595.127	1	1580.39	1	2170.48	1	10	274.343	302.656
53	885.586	1	531008	1	595.127	1	1580.39	1	2170.48	1	31.6228	276.642	305.16
53	885.586	1	531008	1	595.127	1	1580.39	1	2170.48	1	100	283.398	312.475
54	454.868	1	769806	1	375.116	1	552.453	1	2608.22	1	0	273.249	301.462
54	454.868	1	769806	1	375.116	1	552.453	1	2608.22	1	0.001	273.25	301.462
54	454.868	1	769806	1	375.116	1	552.453	1	2608.22	1	0.00316228	273.25	301.462
54	454.868	1	769806	1	375.116	1	552.453	1	2608.22	1	0.01	273.252	301.464
54	454.868	1	769806	1	375.116	1	552.453	1	2608.22	1	0.0316228	273.257	301.47
54	454.868	1	769806	1	375.116	1	552.453	1	2608.22	1	0.1	273.273	301.487
54	454.868	1	769806	1	375.116	1	552.453	1	2608.22	1	0.316228	273.325	301.542
54	454.868	1	769806	1	375.116	1	552.453	1	2608.22	1	1	273.488	301.716
54	454.868	1	769806	1	375.116	1	552.453	1	2608.22	1	3.16228	274.002	302.264
54	454.868	1	769806	1	375.116	1	552.453	1	2608.22	1	10	275.604	303.968
54	454.868	1	769806	1	375.116	1	552.453	1	2608.22	1	31.6228	280.449	309.11
54	454.868	1	769806	1	375.116	1	552.453	1	2608.22	1	100	294.339	323.791
55	446.113	1	1.01422e+06	1	197.744	1	525.175	1	3472.92	1	0	273.249	301.462
55	446.113	1	1.01422e+06	1	197.744	1	525.175	1	3472.92	1	0.001	273.25	301.462
55	446.113	1	1.01422e+06	1	197.744	1	525.175	1	3472.92	1	0.00316228	273.25	301.463
55	446.113	1	1.01422e+06	1	197.744	1	525.175	1	3472.92	1	0.01	273.253	301.465
55	446.113	1	1.01422e+06	1	197.744	1	525.175	1	3472.92	1	0.0316228	273.259	301.473
55	446.113	1	1.01422e+06	1	197.744	1	525.175	1	3472.92	1	0.1	273.281	301.497
55	446.113	1	1.01422e+06	1	197.744	1	525.175	1	3472.92	1	0.316228	273.35	301.575
55	446.113	1	1.01422e+06	1	197.744	1	525.175	1	3472.92	1	1	273.567	301.818
55	446.113	1	1.01422e+06	1	197.744	1	525.175	1	3472.92	1	3.16228	274.248	302.583
55	446.113	1	1.01422e+06	1	197.744	1	525.175	1	3472.92	1	10	276.352	304.937
55	446.113	1	1.01422e+06	1	197.744	1	525.175	1	3472.92	1	31.6228	282.559	311.831
55	446.113	1	1.01422e+06	1	197.744	1	525.175	1	3472.92	1	100	299.292	330.213
56	301.49	1	486870	1	295.932	1	2016.67	1	3526.62	1	0	273.249	301.462
56	301.49	1	486870	1	295.932	1	2016.67	1	3526.62	1	0.001	273.25	301.462
56	301.49	1	486870	1	295.932	1	2016.67	1	3526.62	1	0.00316228	273.25	301.462
56	301.49	1	486870	1	295.932	1	2016.67	1	3526.62	1	0.01	273.251	301.463
56	301.49	1	486870	1	295.932	1	2016.67	1	3526.62	1	0.0316228	273.255	301.467
56	301.49	1	486870	1	295.932	1	2016.67	1	3526.62	1	0.1	273.267	301.48
56	301.49	1	486870	1	295.932	1	2016.67	1	3526.62	1	0.316228	273.304	301.52
56	301.49	1	486870	1	295.932	1	2016.67	1	3526.62	1	1	273.423	301.646
56	301.49	1	486870	1	295.932	1	2016.67	1	3526.62	1	3.16228	273.796	302.041
56	301.49	1	486870	1	295.932	1	2016.67	1	3526.62	1	10	274.951	303.263
56	301.49	1	486870	1	295.932	1	2016.67	1	3526.62	1	31.6228	278.382	306.876
56	301.49	1	486870	1	295.932	1	2016.67	1	3526.62	1	100	287.576	316.517
57	513.514	1	1.72352e+06	1	380.726	1	779.301	1	3749.23	1	0	273.249	301.462
57	513.514	1	1.72352e+06	1	380.726	1	779.301	1	3749.23	1	0.001	273.25	301.462
57	513.514	1	1.72352e+06	1	380.726	1	779.301	1	3749.23	1	0.00316228	273.25	301.462
57	513.514	1	1.72352e+06	1	380.726	1	779.301	1	3749.23	1	0.01	273.251	301.464
57	513.514	1	1.72352e+06	1	380.726	1	779.301	1	3749.23	1	0.0316228	273.256	301.468
57	513.514	1	1.72352e+06	1	380.726	1	779.301	1	3749.23	1	0.1	273.269	301.483
57	513.514	1	1.72352e+06	1	380.726	1	779.301	1	3749.23	1	0.316228	273.311	301.528
57	513.514	1	1.72352e+06	1	380.726	1	779.301	1	3749.23	1	1	273.445	301.673
57	513.514	1	1.72352e+06	1	380.726	1	779.301	1	3749.23	1	3.16228	273.866	302.127
57	513.514	1	1.72352e+06	1	380.726	1	779.301	1	3749.23	1	10	275.181	303.544
57	513.514	1	1.72352e+06	1	380.726	1	779.301	1	3749.23	1	31.6228	279.176	307.833
57	513.514	1	1.72352e+06	1	380.726	1	779.301	1	3749.23	1	100	290.506	319.937
58	697.544	1	1.55171e+06	1	646.185	1	1071.29	1	4796.09	1	0	273.249	301.462
58	697.544	1	1.55171e+06	1	646.185	1	1071.29	1	4796.09	1	0.001	273.25	301.462
58	697.544	1	1.55171e+06	1	646.185	1	1071.29	1	4796.09	1	0.00316228	273.25	301.462
58	697.544	1	1.55171e+06	1	646.185	1	1071.29	1	4796.09	1	0.01	273.251	301.463
58	697.544	1	1.55171e+06	1	646.185	1	1071.29	1	4796.09	1	0.0316228	273.254	301.466
58	697.544	1	1.55171e+06	1	646.185	1	1071.29	1	4796.09	1	0.1	273.263	301.476
58	697.544	1	1.55171e+06	1	646.185	1	1071.29	1	4796.09	1	0.316228	273.291	301.506
58	697.544	1	1.55171e+06	1	646.185	1	1071.29	1	4796.09	1	1	273.381	301.601
58	697.544	1	1.55171e+06	1	646.185	1	1071.29	1	4796.09	1	3.16228	273.665	301.901
58	697.544	1	1.55171e+06	1	646.185	1	1071.29	1	4796.09	1	10	274.555	302.842
58	697.544	1	1.55171e+06	1	646.185	1	1071.29	1	4796.09	1	31.6228	277.3	305.738
58	697.544	1	1.55171e+06	1	646.185	1	1071.29	1	4796.09	1	100	285.337	314.191
59	463.832	1	133735	1	422.011	1	780.115	1	5263.51	1	0	273.249	301.462
59	463.832	1	133735	1	422.011	1	780.115	1	5263.51	1	0.001	273.25	301.462
59	463.832	1	133735	1	422.011	1	780.115	1	5263.51	1	0.00316228	273.25	301.462
59	463.832	1	133735	1	422.011	1	780.115	1	5263.51	1	0.01	273.251	301.464
59	463.832	1	133735	1	422.011	1	780.115	1	5263.51	1	0.0316228	273.255	301.468
59	463.832	1	133735	1	422.011	1	780.115	1	5263.51	1	0.1	273.268	301.482
59	463.832	1	133735	1	422.011	1	780.115	1	5263.51	1	0.316228	273.309	301.525
59	463.832	1	133735	1	422.011	1	780.115	1	5263.51	1	1	273.439	301.662
59	463.832	1	133735	1	422.011	1	780.115	1	5263.51	1	3.16228	273.847	302.095
59	463.832	1	133735	1	422.011	1	780.115	1	5263.51	1	10	275.121	303.444
59	463.832	1	133735	1	422.011	1	780.115	1	5263.51	1	31.6228	279.002	307.544
59	463.832	1	133735	1	422.011	1	780.115	1	5263.51	1	100	290.062	319.187
60	496.748	1	2.02021e+06	1	398.653	1	1267.48	1	2765.84	1	0	273.249	301.462
60	496.748	1	2.02021e+06	1	398.653	1	1267.48	1	2765.84	1	0.001	273.25	301.462
60	496.748	1	2.02021e+06	1	398.653	1	1267.48	1	2765.84	1	0.00316228	273.25	301.462
60	496.748	1	2.02021e+06	1	398.653	1	1267.48	1	2765.84	1	0.01	273.251	301.463
60	496.748	1	2.02021e+06	1	398.653	1	1267.48	1	2765.84	1	0.0316228	273.254	301.467
60	496.748	1	2.02021e+06	1	398.653	1	1267.48	1	2765.84	1	0.1	273.265	301.478
60	496.748	1	2.02021e+06	1	398.653	1	1267.48	1	2765.84	1	0.316228	273.299	301.515
60	496.748	1	2.02021e+06	1	398.653	1	1267.48	1	2765.84	1	1	273.405	301.63
60	496.748	1	2.02021e+06	1	398.653	1	1267.48	1	2765.84	1	3.16228	273.741	301.992
60	496.748	1	2.02021e+06	1	398.653	1	1267.48	1	2765.84	1	10	274.79	303.123
60	496.748	1	2.02021e+06	1	398.653	1	1267.48	1	2765.84	1	31.6228	277.982	306.548
60	496.748	1	2.02021e+06	1	398.653	1	1267.48	1	2765.84	1	100	287.096	316.278
61	626.517	1	2.01586e+06	1	495.948	1	806.874	1	2272.05	1	0	273.249	301.462
61	626.517	1	2.01586e+06	1	495.948	1	806.874	1	2272.05	1	0.001	273.25	301.462
61	626.517	1	2.01586e+06	1	495.948	1	806.874	1	2272.05	1	0.00316228	273.25	301.462
61	626.517	1	2.01586e+06	1	495.948	1	806.874	1	2272.05	1	0.01	273.251	301.463
61	626.517	1	2.01586e+06	1	495.948	1	806.874	1	2272.05	1	0.0316228	273.255	301.467
61	626.517	1	2.01586e+06	1	495.948	1	806.874	1	2272.05	1	0.1	273.266	301.48
61	626.517	1	2.01586e+06	1	495.948	1	806.874	1	2272.05	1	0.316228	273.303	301.519
61	626.517	1	2.01586e+06	1	495.948	1	806.874	1	2272.05	1	1	273.42	301.644
61	626.517	1	2.01586e+06	1	495.948	1	806.874	1	2272.05	1	3.16228	273.788	302.037
61	626.517	1	2.01586e+06	1	495.948	1	806.874	1	2272.05	1	10	274.938	303.267
61	626.517	1	2.01586e+06	1	495.948	1	806.874	1	2272.05	1	31.6228	278.459	307.024
61	626.517	1	2.01586e+06	1	495.948	1	806.874	1	2272.05	1	100	288.593	317.8
62	886.981	1	1.25496e+06	1	552.276	1	519.085	1	2405.19	1	0	273.249	301.462
62	886.981	1	1.25496e+06	1	552.276	1	519.085	1	2405.19	1	0.001	273.25	301.462
62	886.981	1	1.25496e+06	1	552.276	1	519.085	1	2405.19	1	0.00316228	273.25	301.462
62	886.981	1	1.25496e+06	1	552.276	1	519.085	1	2405.19	1	0.01	273.252	301.464
62	886.981	1	1.25496e+06	1	552.276	1	519.085	1	2405.19	1	0.0316228	273.256	301.469
62	886.981	1	1.25496e+06	1	552.276	1	519.085	1	2405.19	1	0.1	273.271	301.484
62	886.981	1	1.25496e+06	1	552.276	1	519.085	1	2405.19	1	0.316228	273.316	301.533
62	886.981	1	1.25496e+06	1	552.276	1	519.085	1	2405.19	1	1	273.46	301.688
62	886.981	1	1.25496e+06	1	552.276	1	519.085	1	2405.19	1	3.16228	273.913	302.174
62	886.981	1	1.25496e+06	1	552.276	1	519.085	1	2405.19	1	10	275.329	303.693
62	886.981	1	1.25496e+06	1	552.276	1	519.085	1	2405.19	1	31.6228	279.628	308.301
62	886.981	1	1.25496e+06	1	552.276	1	519.085	1	2405.19	1	100	292.158	321.687
63	489.791	1	1.04295e+06	1	289.844	1	1307.95	1	3386.57	1	0	273.249	301.462
63	489.791	1	1.04295e+06	1	289.844	1	1307.95	1	3386.57	1	0.001	273.25	301.462
63	489.791	1	1.04295e+06	1	289.844	1	1307.95	1	3386.57	1	0.00316228	273.25	301.462
63	489.791	1	1.04295e+06	1	289.844	1	1307.95	1	3386.57	1	0.01	273.251	301.464
63	489.791	1	1.04295e+06	1	289.844	1	1307.95	1	3386.57	1	0.0316228	273.255	301.468
63	489.791	1	1.04295e+06	1	289.844	1	1307.95	1	3386.57	1	0.1	273.268	301.482
63	489.791	1	1.04295e+06	1	289.844	1	1307.95	1	3386.57	1	0.316228	273.307	301.526
63	489.791	1	1.04295e+06	1	289.844	1	1307.95	1	3386.57	1	1	273.432	301.666
63	489.791	1	1.04295e+06	1	289.844	1	1307.95	1	3386.57	1	3.16228	273.824	302.103
63	489.791	1	1.04295e+06	1	289.844	1	1307.95	1	3386.57	1	10	275.043	303.46
63	489.791	1	1.04295e+06	1	289.844	1	1307.95	1	3386.57	1	31.6228	278.694	307.497
63	489.791	1	1.04295e+06	1	289.844	1	1307.95	1	3386.57	1	100	288.62	318.383
64	520.877	1	1.48985e+06	1	304.158	1	2301.05	1	3315.94	1	0	273.249	301.462
64	520.877	1	1.48985e+06	1	304.158	1	2301.05	1	3315.94	1	0.001	273.25	301.462
64	520.877	1	1.48985e+06	1	304.158	1	2301.05	1	3315.94	1	0.00316228	273.25	301.462
64	520.877	1	1.48985e+06	1	304.158	1	2301.05	1	3315.94	1	0.01	273.251	301.463
64	520.877	1	1.48985e+06	1	304.158	1	2301.05	1	3315.94	1	0.0316228	273.254	301.467
64	520.877	1	1.48985e+06	1	304.158	1	2301.05	1	3315.94	1	0.1	273.265	301.479
64	520.877	1	1.48985e+06	1	304.158	1	2301.05	1	3315.94	1	0.316228	273.297	301.516
64	520.877	1	1.48985e+06	1	304.158	1	2301.05	1	3315.94	1	1	273.401	301.633
64	520.877	1	1.48985e+06	1	304.158	1	2301.05	1	3315.94	1	3.16228	273.727	302.001
64	520.877	1	1.48985e+06	1	304.158	1	2301.05	1	3315.94	1	10	274.738	303.14
64	520.877	1	1.48985e+06	1	304.158	1	2301.05	1	3315.94	1	31.6228	277.757	306.513
64	520.877	1	1.48985e+06	1	304.158	1	2301.05	1	3315.94	1	100	286.01	315.645
65	312.432	1	2.61687e+06	1	405.371	1	2461.54	1	2902.5	1	0	273.249	301.462
65	312.432	1	2.61687e+06	1	405.371	1	2461.54	1	2902.5	1	0.001	273.25	301.462
65	312.432	1	2.61687e+06	1	405.371	1	2461.54	1	2902.5	1	0.00316228	273.25	301.462
65	312.432	1	2.61687e+06	1	405.371	1	2461.54	1	2902.5	1	0.01	273.251	301.463
65	312.432	1	2.61687e+06	1	405.371	1	2461.54	1	2902.5	1	0.0316228	273.254	301.466
65	312.432	1	2.61687e+06	1	405.371	1	2461.54	1	2902.5	1	0.1	273.263	301.476
65	312.432	1	2.61687e+06	1	405.371	1	2461.54	1	2902.5	1	0.316228	273.293	301.506
65	312.432	1	2.61687e+06	1	405.371	1	2461.54	1	2902.5	1	1	273.388	301.602
65	312.432	1	2.61687e+06	1	405.371	1	2461.54	1	2902.5	1	3.16228	273.686	301.905
65	312.432	1	2.61687e+06	1	405.371	1	2461.54	1	2902.5	1	10	274.614	302.846
65	312.432	1	2.61687e+06	1	405.371	1	2461.54	1	2902.5	1	31.6228	277.403	305.676
65	312.432	1	2.61687e+06	1	405.371	1	2461.54	1	2902.5	1	100	285.209	313.616
66	425.835	1	2.54923e+06	1	528.071	1	315.636	1	2678.53	1	0	273.249	301.462
66	425.835	1	2.54923e+06	1	528.071	1	315.636	1	2678.53	1	0.001	273.25	301.462
66	425.835	1	2.54923e+06	1	528.071	1	315.636	1	2678.53	1	0.00316228	273.25	301.463
66	425.835	1	2.54923e+06	1	528.071	1	315.636	1	2678.53	1	0.01	273.253	301.465
66	425.835	1	2.54923e+06	1	528.071	1	315.636	1	2678.53	1	0.0316228	273.26	301.472
66	425.835	1	2.54923e+06	1	528.071	1	315.636	1	2678.53	1	0.1	273.281	301.495
66	425.835	1	2.54923e+06	1	528.071	1	315.636	1	2678.53	1	0.316228	273.35	301.566
66	425.835	1	2.54923e+06	1	528.071	1	315.636	1	2678.53	1	1	273.568	301.791
66	425.835	1	2.54923e+06	1	528.071	1	315.636	1	2678.53	1	3.16228	274.251	302.498
66	425.835	1	2.54923e+06	1	528.071	1	315.636	1	2678.53	1	10	276.367	304.686
66	425.835	1	2.54923e+06	1	528.071	1	315.636	1	2678.53	1	31.6228	282.64	311.171
66	425.835	1	2.54923e+06	1	528.071	1	315.636	1	2678.53	1	100	300.675	329.779
67	1068.91	1	354334	1	364.05	1	500.361	1	1367.12	1	0	273.249	301.462
67	1068.91	1	354334	1	364.05	1	500.361	1	1367.12	1	0.001	273.25	301.462
67	1068.91	1	354334	1	364.05	1	500.361	1	1367.12	1	0.00316228	273.25	301.462
67	1068.91	1	354334	1	364.05	1	500.361	1	1367.12	1	0.01	273.252	301.464
67	1068.91	1	354334	1	364.05	1	500.361	1	1367.12	1	0.0316228	273.257	301.47
67	1068.91	1	354334	1	364.05	1	500.361	1	1367.12	1	0.1	273.274	301.489
67	1068.91	1	354334	1	364.05	1	500.361	1	1367.12	1	0.316228	273.326	301.547
67	1068.91	1	354334	1	364.05	1	500.361	1	1367.12	1	1	273.492	301.73
67	1068.91	1	354334	1	364.05	1	500.361	1	1367.12	1	3.16228	274.013	302.309
67	1068.91	1	354334	1	364.05	1	500.361	1	1367.12	1	10	275.637	304.108
67	1068.91	1	354334	1	364.05	1	500.361	1	1367.12	1	31.6228	280.538	309.522
67	1068.91	1	354334	1	364.05	1	500.361	1	1367.12	1	100	294.632	325.023
68	548.717	1	803577	1	604.828	1	616.794	1	2861.55	1	0	273.249	301.462
68	548.717	1	803577	1	604.828	1	616.794	1	2861.55	1	0.001	273.25	301.462
68	548.717	1	803577	1	604.828	1	616.794	1	2861.55	1	0.00316228	273.25	301.462
68	548.717	1	803577	1	604.828	1	616.794	1	2861.55	1	0.01	273.251	301.464
68	548.717	1	803577	1	604.828	1	616.794	1	2861.55	1	0.0316228	273.255	301.468
68	548.717	1	803577	1	604.828	1	616.794	1	2861.55	1	0.1	273.268	301.481
68	548.717	1	803577	1	604.828	1	616.794	1	2861.55	1	0.316228	273.31	301.524
68	548.717	1	803577	1	604.828	1	616.794	1	2861.55	1	1	273.44	301.66
68	548.717	1	803577	1	604.828	1	616.794	1	2861.55	1	3.16228	273.85	302.087
68	548.717	1	803577	1	604.828	1	616.794	1	2861.55	1	10	275.132	303.421
68	548.717	1	803577	1	604.828	1	616.794	1	2861.55	1	31.6228	279.045	307.491
68	548.717	1	803577	1	604.828	1	616.794	1	2861.55	1	100	290.378	319.254
69	254.563	1	295635	1	997.419	1	887.042	1	10995	1	0	273.249	301.462
69	254.563	1	295635	1	997.419	1	887.042	1	10995	1	0.001	273.25	301.462
69	254.563	1	295635	1	997.419	1	887.042	1	10995	1	0.00316228	273.25	301.462
69	254.563	1	295635	1	997.419	1	887.042	1	10995	1	0.01	273.251	301.463
69	254.563	1	295635	1	997.419	1	887.042	1	10995	1	0.0316228	273.254	301.466
69	254.563	1	295635	1	997.419	1	887.042	1	10995	1	0.1	273.265	301.476
69	254.563	1	295635	1	997.419	1	887.042	1	10995	1	0.316228	273.299	301.506
69	254.563	1	295635	1	997.419	1	887.042	1	10995	1	1	273.405	301.602
69	254.563	1	295635	1	997.419	1	887.042	1	10995	1	3.16228	273.74	301.903
69	254.563	1	295635	1	997.419	1	887.042	1	10995	1	10	274.785	302.847
69	254.563	1	295635	1	997.419	1	887.042	1	10995	1	31.6228	277.956	305.743
69	254.563	1	295635	1	997.419	1	887.042	1	10995	1	100	287.036	314.186
70	586.192	1	1.49418e+06	1	463.106	1	2606.59	1	2733.5	1	0	273.249	301.462
70	586.192	1	1.49418e+06	1	463.106	1	2606.59	1	2733.5	1	0.001	273.25	301.462
70	586.192	1	1.49418e+06	1	463.106	1	2606.59	1	2733.5	1	0.00316228	273.25	301.462
70	586.192	1	1.49418e+06	1	463.106	1	2606.59	1	2733.5	1	0.01	273.251	301.463
70	586.192	1	1.49418e+06	1	463.106	1	2606.59	1	2733.5	1	0.0316228	273.253	301.465
70	586.192	1	1.49418e+06	1	463.106	1	2606.59	1	2733.5	1	0.1	273.261	301.474
70	586.192	1	1.49418e+06	1	463.106	1	2606.59	1	2733.5	1	0.316228	273.285	301.5
70	586.192	1	1.49418e+06	1	463.106	1	2606.59	1	2733.5	1	1	273.361	301.584
70	586.192	1	1.49418e+06	1	463.106	1	2606.59	1	2733.5	1	3.16228	273.603	301.846
70	586.192	1	1.49418e+06	1	463.106	1	2606.59	1	2733.5	1	10	274.356	302.665
70	586.192	1	1.49418e+06	1	463.106	1	2606.59	1	2733.5	1	31.6228	276.651	305.151
70	586.192	1	1.49418e+06	1	463.106	1	2606.59	1	2733.5	1	100	283.218	312.223
71	403.673	1	707437	1	346.777	1	771.258	1	4363.04	1	0	273.249	301.462
71	403.673	1	707437	1	346.777	1	771.258	1	4363.04	1	0.001	273.25	301.462
71	403.673	1	707437	1	346.777	1	771.258	1	4363.04	1	0.00316228	273.25	301.462
71	403.673	1	707437	1	346.777	1	771.258	1	4363.04	1	0.01	273.252	301.464
71	403.673	1	707437	1	346.777	1	771.258	1	4363.04	1	0.0316228	273.256	301.469
71	403.673	1	707437	1	346.777	1	771.258	1	4363.04	1	0.1	273.27	301.484
71	403.673	1	707437	1	346.777	1	771.258	1	4363.04	1	0.316228	273.316	301.532
71	403.673	1	707437	1	346.777	1	771.258	1	4363.04	1	1	273.459	301.686
71	403.673	1	707437	1	346.777	1	771.258	1	4363.04	1	3.16228	273.911	302.167
71	403.673	1	707437	1	346.777	1	771.258	1	4363.04	1	10	275.318	303.667
71	403.673	1	707437	1	346.777	1	771.258	1	4363.04	1	31.6228	279.577	308.189
71	403.673	1	707437	1	346.777	1	771.258	1	4363.04	1	100	291.555	320.849
72	663.47	1	1.07624e+06	1	588.002	1	1168.64	1	3270.66	1	0	273.249	301.462
72	663.47	1	1.07624e+06	1	588.002	1	1168.64	1	3270.66	1	0.001	273.25	301.462
72	663.47	1	1.07624e+06	1	588.002	1	1168.64	1	3270.66	1	0.00316228	273.25	301.462
72	663.47	1	1.07624e+06	1	588.002	1	1168.64	1	3270.66	1	0.01	273.251	301.463
72	663.47	1	1.07624e+06	1	588.002	1	1168.64	1	3270.66	1	0.0316228	273.254	301.466
72	663.47	1	1.07624e+06	1	588.002	1	1168.64	1	3270.66	1	0.1	273.263	301.476
72	663.47	1	1.07624e+06	1	588.002	1	1168.64	1	3270.66	1	0.316228	273.291	301.506
72	663.47	1	1.07624e+06	1	588.002	1	1168.64	1	3270.66	1	1	273.381	301.601
72	663.47	1	1.07624e+06	1	588.002	1	1168.64	1	3270.66	1	3.16228	273.664	301.902
72	663.47	1	1.07624e+06	1	588.002	1	1168.64	1	3270.66	1	10	274.552	302.846
72	663.47	1	1.07624e+06	1	588.002	1	1168.64	1	3270.66	1	31.6228	277.285	305.744
72	663.47	1	1.07624e+06	1	588.002	1	1168.64	1	3270.66	1	100	285.278	314.191
73	683.509	1	1.25563e+06	1	348.715	1	751.844	1	2394.29	1	0	273.249	301.462
73	683.509	1	1.25563e+06	1	348.715	1	751.844	1	2394.29	1	0.001	273.25	301.462
73	683.509	1	1.25563e+06	1	348.715	1	751.844	1	2394.29	1	0.00316228	273.25	301.462
73	683.509	1	1.25563e+06	1	348.715	1	751.844	1	2394.29	1	0.01	273.251	301.464
73	683.509	1	1.25563e+06	1	348.715	1	751.844	1	2394.29	1	0.0316228	273.256	301.469
73	683.509	1	1.25563e+06	1	348.715	1	751.844	1	2394.29	1	0.1	273.27	301.484
73	683.509	1	1.25563e+06	1	348.715	1	751.844	1	2394.29	1	0.316228	273.313	301.532
73	683.509	1	1.25563e+06	1	348.715	1	751.844	1	2394.29	1	1	273.451	301.685
73	683.509	1	1.25563e+06	1	348.715	1	751.844	1	2394.29	1	3.16228	273.884	302.165
73	683.509	1	1.25563e+06	1	348.715	1	751.844	1	2394.29	1	10	275.236	303.659
73	683.509	1	1.25563e+06	1	348.715	1	751.844	1	2394.29	1	31.6228	279.337	308.17
73	683.509	1	1.25563e+06	1	348.715	1	751.844	1	2394.29	1	100	290.877	320.798
74	440.083	1	1.39413e+06	1	523.85	1	855.743	1	3129.18	1	0	273.249	301.462
74	440.083	1	1.39413e+06	1	523.85	1	855.743	1	3129.18	1	0.001	273.25	301.462
74	440.083	1	1.39413e+06	1	523.85	1	855.743	1	3129.18	1	0.00316228	273.25	301.462
74	440.083	1	1.39413e+06	1	523.85	1	855.743	1	3129.18	1	0.01	273.251	301.463
74	440.083	1	1.39413e+06	1	523.85	1	855.743	1	3129.18	1	0.0316228	273.255	301.467
74	440.083	1	1.39413e+06	1	523.85	1	855.743	1	3129.18	1	0.1	273.266	301.479
74	440.083	1	1.39413e+06	1	523.85	1	855.743	1	3129.18	1	0.316228	273.303	301.517
74	440.083	1	1.39413e+06	1	523.85	1	855.743	1	3129.18	1	1	273.418	301.636
74	440.083	1	1.39413e+06	1	523.85	1	855.743	1	3129.18	1	3.16228	273.783	302.013
74	440.083	1	1.39413e+06	1	523.85	1	855.743	1	3129.18	1	10	274.922	303.19
74	440.083	1	1.39413e+06	1	523.85	1	855.743	1	3129.18	1	31.6228	278.408	306.79
74	440.083	1	1.39413e+06	1	523.85	1	855.743	1	3129.18	1	100	288.461	317.157
75	543.686	1	1.48499e+06	1	347.022	1	703.974	1	2320.49	1	0	273.249	301.462
75	543.686	1	1.48499e+06	1	347.022	1	703.974	1	2320.49	1	0.001	273.25	301.462
75	543.686	1	1.48499e+06	1	347.022	1	703.974	1	2320.49	1	0.00316228	273.25	301.462
75	543.686	1	1.48499e+06	1	347.022	1	703.974	1	2320.49	1	0.01	273.252	301.464
75	543.686	1	1.48499e+06	1	347.022	1	703.974	1	2320.49	1	0.0316228	273.256	301.469
75	543.686	1	1.48499e+06	1	347.022	1	703.974	1	2320.49	1	0.1	273.271	301.485
75	543.686	1	1.48499e+06	1	347.022	1	703.974	1	2320.49	1	0.316228	273.317	301.535
75	543.686	1	1.48499e+06	1	347.022	1	703.974	1	2320.49	1	1	273.462	301.693
75	543.686	1	1.48499e+06	1	347.022	1	703.974	1	2320.49	1	3.16228	273.919	302.192
75	543.686	1	1.48499e+06	1	347.022	1	703.974	1	2320.49	1	10	275.346	303.745
75	543.686	1	1.48499e+06	1	347.022	1	703.974	1	2320.49	1	31.6228	279.668	308.43
75	543.686	1	1.48499e+06	1	347.022	1	703.974	1	2320.49	1	100	291.814	321.525
76	402.222	1	404971	1	433.977	1	827.582	1	2291.34	1	0	273.249	301.462
76	402.222	1	404971	1	433.977	1	827.582	1	2291.34	1	0.001	273.25	301.462
76	402.222	1	404971	1	433.977	1	827.582	1	2291.34	1	0.00316228	273.25	301.462
76	402.222	1	404971	1	433.977	1	827.582	1	2291.34	1	0.01	273.251	301.464
76	402.222	1	404971	1	433.977	1	827.582	1	2291.34	1	0.0316228	273.255	301.468
76	402.222	1	404971	1	433.977	1	827.582	1	2291.34	1	0.1	273.268	301.481
76	402.222	1	404971	1	433.977	1	827.582	1	2291.34	1	0.316228	273.308	301.523
76	402.222	1	404971	1	433.977	1	827.582	1	2291.34	1	1	273.436	301.656
76	402.222	1	404971	1	433.977	1	827.582	1	2291.34	1	3.16228	273.836	302.074
76	402.222	1	404971	1	433.977	1	827.582	1	2291.34	1	10	275.089	303.381
76	402.222	1	404971	1	433.977	1	827.582	1	2291.34	1	31.6228	278.903	307.353
76	402.222	1	404971	1	433.977	1	827.582	1	2291.34	1	100	289.796	318.676
77	452.144	1	1.4543e+06	1	198.569	1	1347.88	1	2421.19	1	0	273.249	301.462
77	452.144	1	1.4543e+06	1	198.569	1	1347.88	1	2421.19	1	0.001	273.25	301.462
77	452.144	1	1.4543e+06	1	198.569	1	1347.88	1	2421.19	1	0.00316228	273.25	301.462
77	452.144	1	1.4543e+06	1	198.569	1	1347.88	1	2421.19	1	0.01	273.252	301.464
77	452.144	1	1.4543e+06	1	198.569	1	1347.88	1	2421.19	1	0.0316228	273.257	301.47
77	452.144	1	1.4543e+06	1	198.569	1	1347.88	1	2421.19	1	0.1	273.273	301.488
77	452.144	1	1.4543e+06	1	198.569	1	1347.88	1	2421.19	1	0.316228	273.322	301.546
77	452.144	1	1.4543e+06	1	198.569	1	1347.88	1	2421.19	1	1	273.48	301.727
77	452.144	1	1.4543e+06	1	198.569	1	1347.88	1	2421.19	1	3.16228	273.972	302.296
77	452.144	1	1.4543e+06	1	198.569	1	1347.88	1	2421.19	1	10	275.487	304.037
77	452.144	1	1.4543e+06	1	198.569	1	1347.88	1	2421.19	1	31.6228	279.906	309.068
77	452.144	1	1.4543e+06	1	198.569	1	1347.88	1	2421.19	1	100	291.24	321.822
78	409.887	1	1.07627e+06	1	228.729	1	556.176	1	2866.02	1	0	273.249	301.462
78	409.887	1	1.07627e+06	1	228.729	1	556.176	1	2866.02	1	0.001	273.25	301.462
78	409.887	1	1.07627e+06	1	228.729	1	556.176	1	2866.02	1	0.00316228	273.25	301.463
78	409.887	1	1.07627e+06	1	228.729	1	556.176	1	2866.02	1	0.01	273.252	301.465
78	409.887	1	1.07627e+06	1	228.729	1	556.176	1	2866.02	1	0.0316228	273.259	301.472
78	409.887	1	1.07627e+06	1	228.729	1	556.176	1	2866.02	1	0.1	273.279	301.494
78	409.887	1	1.07627e+06	1	228.729	1	556.176	1	2866.02	1	0.316228	273.342	301.564
78	409.887	1	1.07627e+06	1	228.729	1	556.176	1	2866.02	1	1	273.541	301.784
78	409.887	1	1.07627e+06	1	228.729	1	556.176	1	2866.02	1	3.16228	274.167	302.475
78	409.887	1	1.07627e+06	1	228.729	1	556.176	1	2866.02	1	10	276.105	304.61
78	409.887	1	1.07627e+06	1	228.729	1	556.176	1	2866.02	1	31.6228	281.865	310.908
78	409.887	1	1.07627e+06	1	228.729	1	556.176	1	2866.02	1	100	297.642	328.023
79	392.465	1	2.02957e+06	1	324.199	1	490.427	1	2984.02	1	0	273.249	301.462
79	392.465	1	2.02957e+06	1	324.199	1	490.427	1	2984.02	1	0.001	273.25	301.462
79	392.465	1	2.02957e+06	1	324.199	1	490.427	1	2984.02	1	0.00316228	273.25	301.462
79	392.465	1	2.02957e+06	1	324.199	1	490.427	1	2984.02	1	0.01	273.252	301.464
79	392.465	1	2.02957e+06	1	324.199	1	490.427	1	2984.02	1	0.0316228	273.258	301.471
79	392.465	1	2.02957e+06	1	324.199	1	490.427	1	2984.02	1	0.1	273.277	301.491
79	392.465	1	2.02957e+06	1	324.199	1	490.427	1	2984.02	1	0.316228	273.336	301.553
79	392.465	1	2.02957e+06	1	324.199	1	490.427	1	2984.02	1	1	273.522	301.752
79	392.465	1	2.02957e+06	1	324.199	1	490.427	1	2984.02	1	3.16228	274.107	302.375
79	392.465	1	2.02957e+06	1	324.199	1	490.427	1	2984.02	1	10	275.926	304.312
79	392.465	1	2.02957e+06	1	324.199	1	490.427	1	2984.02	1	31.6228	281.396	310.114
79	392.465	1	2.02957e+06	1	324.199	1	490.427	1	2984.02	1	100	297.012	326.594
80	278.682	1	480934	1	407.795	1	739.662	1	4809.03	1	0	273.249	301.462
80	278.682	1	480934	1	407.795	1	739.662	1	4809.03	1	0.001	273.25	301.462
80	278.682	1	480934	1	407.795	1	739.662	1	4809.03	1	0.00316228	273.25	301.462
80	278.682	1	480934	1	407.795	1	739.662	1	4809.03	1	0.01	273.252	301.464
80	278.682	1	480934	1	407.795	1	739.662	1	4809.03	1	0.0316228	273.256	301.468
80	278.682	1	480934	1	407.795	1	739.662	1	4809.03	1	0.1	273.271	301.483
80	278.682	1	480934	1	407.795	1	739.662	1	4809.03	1	0.316228	273.317	301.529
80	278.682	1	480934	1	407.795	1	739.662	1	4809.03	1	1	273.462	301.676
80	278.682	1	480934	1	407.795	1	739.662	1	4809.03	1	3.16228	273.919	302.138
80	278.682	1	480934	1	407.795	1	739.662	1	4809.03	1	10	275.345	303.576
80	278.682	1	480934	1	407.795	1	739.662	1	4809.03	1	31.6228	279.656	307.933
80	278.682	1	480934	1	407.795	1	739.662	1	4809.03	1	100	291.804	320.246
81	502.989	1	962749	1	446.073	1	1201.3	1	1438.22	1	0	273.249	301.462
81	502.989	1	962749	1	446.073	1	1201.3	1	1438.22	1	0.001	273.25	301.462
81	502.989	1	962749	1	446.073	1	1201.3	1	1438.22	1	0.00316228	273.25	301.462
81	502.989	1	962749	1	446.073	1	1201.3	1	1438.22	1	0.01	273.251	301.463
81	502.989	1	962749	1	446.073	1	1201.3	1	1438.22	1	0.0316228	273.254	301.467
81	502.989	1	962749	1	446.073	1	1201.3	1	1438.22	1	0.1	273.265	301.478
81	502.989	1	962749	1	446.073	1	1201.3	1	1438.22	1	0.316228	273.297	301.513
81	502.989	1	962749	1	446.073	1	1201.3	1	1438.22	1	1	273.401	301.623
81	502.989	1	962749	1	446.073	1	1201.3	1	1438.22	1	3.16228	273.727	301.971
81	502.989	1	962749	1	446.073	1	1201.3	1	1438.22	1	10	274.747	303.058
81	502.989	1	962749	1	446.073	1	1201.3	1	1438.22	1	31.6228	277.863	306.369
81	502.989	1	962749	1	446.073	1	1201.3	1	1438.22	1	100	286.837	315.87
82	1307.97	1	3.10115e+06	1	348.376	1	1492.21	1	6121.28	1	0	273.249	301.462
82	1307.97	1	3.10115e+06	1	348.376	1	1492.21	1	6121.28	1	0.001	273.25	301.462
82	1307.97	1	3.10115e+06	1	348.376	1	1492.21	1	6121.28	1	0.00316228	273.25	301.462
82	1307.97	1	3.10115e+06	1	348.376	1	1492.21	1	6121.28	1	0.01	273.251	301.463
82	1307.97	1	3.10115e+06	1	348.376	1	1492.21	1	6121.28	1	0.0316228	273.254	301.467
82	1307.97	1	3.10115e+06	1	348.376	1	1492.21	1	6121.28	1	0.1	273.264	301.479
82	1307.97	1	3.10115e+06	1	348.376	1	1492.21	1	6121.28	1	0.316228	273.295	301.515
82	1307.97	1	3.10115e+06	1	348.376	1	1492.21	1	6121.28	1	1	273.394	301.631
82	1307.97	1	3.10115e+06	1	348.376	1	1492.21	1	6121.28	1	3.16228	273.705	301.995
82	1307.97	1	3.10115e+06	1	348.376	1	1492.21	1	6121.28	1	10	274.673	303.127
82	1307.97	1	3.10115e+06	1	348.376	1	1492.21	1	6121.28	1	31.6228	277.602	306.53
82	1307.97	1	3.10115e+06	1	348.376	1	1492.21	1	6121.28	1	100	285.839	316.033
83	575.859	1	1.93853e+06	1	412.911	1	1749.05	1	3340.24	1	0	273.249	301.462
83	575.859	1	1.93853e+06	1	412.911	1	1749.05	1	3340.24	1	0.001	273.25	301.462
83	575.859	1	1.93853e+06	1	412.911	1	1749.05	1	3340.24	1	0.00316228	273.25	301.462
83	575.859	1	1.93853e+06	1	412.911	1	1749.05	1	3340.24	1	0.01	273.251	301.463
83	575.859	1	1.93853e+06	1	412.911	1	1749.05	1	3340.24	1	0.0316228	273.254	301.466
83	575.859	1	1.93853e+06	1	412.911	1	1749.05	1	3340.24	1	0.1	273.263	301.476
83	575.859	1	1.93853e+06	1	412.911	1	1749.05	1	3340.24	1	0.316228	273.292	301.508
83	575.859	1	1.93853e+06	1	412.911	1	1749.05	1	3340.24	1	1	273.384	301.609
83	575.859	1	1.93853e+06	1	412.911	1	1749.05	1	3340.24	1	3.16228	273.672	301.925
83	575.859	1	1.93853e+06	1	412.911	1	1749.05	1	3340.24	1	10	274.574	302.912
83	575.859	1	1.93853e+06	1	412.911	1	1749.05	1	3340.24	1	31.6228	277.319	305.9
83	575.859	1	1.93853e+06	1	412.911	1	1749.05	1	3340.24	1	100	285.153	314.379
84	417.88	1	948650	1	228.884	1	1157.46	1	3045.64	1	0	273.249	301.462
84	417.88	1	948650	1	228.884	1	1157.46	1	3045.64	1	0.001	273.25	301.462
84	417.88	1	948650	1	228.884	1	1157.46	1	3045.64	1	0.00316228	273.25	301.462
84	417.88	1	948650	1	228.884	1	1157.46	1	3045.64	1	0.01	273.252	301.464
84	417.88	1	948650	1	228.884	1	1157.46	1	3045.64	1	0.0316228	273.256	301.469
84	417.88	1	948650	1	228.884	1	1157.46	1	3045.64	1	0.1	273.272	301.487
84	417.88	1	948650	1	228.884	1	1157.46	1	3045.64	1	0.316228	273.319	301.541
84	417.88	1	948650	1	228.884	1	1157.46	1	3045.64	1	1	273.471	301.711
84	417.88	1	948650	1	228.884	1	1157.46	1	3045.64	1	3.16228	273.945	302.245
84	417.88	1	948650	1	228.884	1	1157.46	1	3045.64	1	10	275.411	303.891
84	417.88	1	948650	1	228.884	1	1157.46	1	3045.64	1	31.6228	279.741	308.705
84	417.88	1	948650	1	228.884	1	1157.46	1	3045.64	1	100	291.226	321.364
85	479.679	1	1.32671e+06	1	318.542	1	1133.59	1	2831.34	1	0	273.249	301.462
85	479.679	1	1.32671e+06	1	318.542	1	1133.59	1	2831.34	1	0.001	273.25	301.462
85	479.679	1	1.32671e+06	1	318.542	1	1133.59	1	2831.34	1	0.00316228	273.25	301.462
85	479.679	1	1.32671e+06	1	318.542	1	1133.59	1	2831.34	1	0.01	273.251	301.464
85	479.679	1	1.32671e+06	1	318.542	1	1133.59	1	2831.34	1	0.0316228	273.255	301.468
85	479.679	1	1.32671e+06	1	318.542	1	1133.59	1	2831.34	1	0.1	273.268	301.482
85	479.679	1	1.32671e+06	1	318.542	1	1133.59	1	2831.34	1	0.316228	273.307	301.525
85	479.679	1	1.32671e+06	1	318.542	1	1133.59	1	2831.34	1	1	273.432	301.663
85	479.679	1	1.32671e+06	1	318.542	1	1133.59	1	2831.34	1	3.16228	273.825	302.094
85	479.679	1	1.32671e+06	1	318.542	1	1133.59	1	2831.34	1	10	275.047	303.436
85	479.679	1	1.32671e+06	1	318.542	1	1133.59	1	2831.34	1	31.6228	278.734	307.46
85	479.679	1	1.32671e+06	1	318.542	1	1133.59	1	2831.34	1	100	289.052	318.63
86	432.744	1	1.07224e+06	1	657.364	1	877.088	1	2965.85	1	0	273.249	301.462
86	432.744	1	1.07224e+06	1	657.364	1	877.088	1	2965.85	1	0.001	273.25	301.462
86	432.744	1	1.07224e+06	1	657.364	1	877.088	1	2965.85	1	0.00316228	273.25	301.462
86	432.744	1	1.07224e+06	1	657.364	1	877.088	1	2965.85	1	0.01	273.251	301.463
86	432.744	1	1.07224e+06	1	657.364	1	877.088	1	2965.85	1	0.0316228	273.254	301.467
86	432.744	1	1.07224e+06	1	657.364	1	877.088	1	2965.85	1	0.1	273.265	301.477
86	432.744	1	1.07224e+06	1	657.364	1	877.088	1	2965.85	1	0.316228	273.299	301.511
86	432.744	1	1.07224e+06	1	657.364	1	877.088	1	2965.85	1	1	273.405	301.619
86	432.744	1	1.07224e+06	1	657.364	1	877.088	1	2965.85	1	3.16228	273.741	301.957
86	432.744	1	1.07224e+06	1	657.364	1	877.088	1	2965.85	1	10	274.791	303.019
86	432.744	1	1.07224e+06	1	657.364	1	877.088	1	2965.85	1	31.6228	278.014	306.276
86	432.744	1	1.07224e+06	1	657.364	1	877.088	1	2965.85	1	100	287.366	315.729
87	249.601	1	826574	1	748.015	1	954.558	1	5237.31	1	0	273.249	301.462
87	249.601	1	826574	1	748.015	1	954.558	1	5237.31	1	0.001	273.25	301.462
87	249.601	1	826574	1	748.015	1	954.558	1	5237.31	1	0.00316228	273.25	301.462
87	249.601	1	826574	1	748.015	1	954.558	1	5237.31	1	0.01	273.251	301.463
87	249.601	1	826574	1	748.015	1	954.558	1	5237.31	1	0.0316228	273.255	301.466
87	249.601	1	826574	1	748.015	1	954.558	1	5237.31	1	0.1	273.266	301.476
87	249.601	1	826574	1	748.015	1	954.558	1	5237.31	1	0.316228	273.3	301.508
87	249.601	1	826574	1	748.015	1	954.558	1	5237.31	1	1	273.41	301.609
87	249.601	1	826574	1	748.015	1	954.558	1	5237.31	1	3.16228	273.757	301.927
87	249.601	1	826574	1	748.015	1	954.558	1	5237.31	1	10	274.837	302.923
87	249.601	1	826574	1	748.015	1	954.558	1	5237.31	1	31.6228	278.114	305.975
87	249.601	1	826574	1	748.015	1	954.558	1	5237.31	1	100	287.498	314.853
88	436.422	1	1.30588e+06	1	170.104	1	2080.25	1	2287.67	1	0	273.249	301.462
88	436.422	1	1.30588e+06	1	170.104	1	2080.25	1	2287.67	1	0.001	273.25	301.462
88	436.422	1	1.30588e+06	1	170.104	1	2080.25	1	2287.67	1	0.00316228	273.25	301.462
88	436.422	1	1.30588e+06	1	170.104	1	2080.25	1	2287.67	1	0.01	273.252	301.464
88	436.422	1	1.30588e+06	1	170.104	1	2080.25	1	2287.67	1	0.0316228	273.257	301.47
88	436.422	1	1.30588e+06	1	170.104	1	2080.25	1	2287.67	1	0.1	273.273	301.49
88	436.422	1	1.30588e+06	1	170.104	1	2080.25	1	2287.67	1	0.316228	273.324	301.55
88	436.422	1	1.30588e+06	1	170.104	1	2080.25	1	2287.67	1	1	273.486	301.741
88	436.422	1	1.30588e+06	1	170.104	1	2080.25	1	2287.67	1	3.16228	273.991	302.336
88	436.422	1	1.30588e+06	1	170.104	1	2080.25	1	2287.67	1	10	275.529	304.14
88	436.422	1	1.30588e+06	1	170.104	1	2080.25	1	2287.67	1	31.6228	279.918	309.248
88	436.422	1	1.30588e+06	1	170.104	1	2080.25	1	2287.67	1	100	290.597	321.477
89	350.385	1	696914	1	329.536	1	1473.44	1	3302.87	1	0	273.249	301.462
89	350.385	1	696914	1	329.536	1	1473.44	1	3302.87	1	0.001	273.25	301.462
89	350.385	1	696914	1	329.536	1	1473.44	1	3302.87	1	0.00316228	273.25	301.462
89	350.385	1	696914	1	329.536	1	1473.44	1	3302.87	1	0.01	273.251	301.463
89	350.385	1	696914	1	329.536	1	1473.44	1	3302.87	1	0.0316228	273.255	301.467
89	350.385	1	696914	1	329.536	1	1473.44	1	3302.87	1	0.1	273.267	301.48
89	350.385	1	696914	1	329.536	1	1473.44	1	3302.87	1	0.316228	273.304	301.52
89	350.385	1	696914	1	329.536	1	1473.44	1	3302.87	1	1	273.422	301.645
89	350.385	1	696914	1	329.536	1	1473.44	1	3302.87	1	3.16228	273.792	302.039
89	350.385	1	696914	1	329.536	1	1473.44	1	3302.87	1	10	274.943	303.261
89	350.385	1	696914	1	329.536	1	1473.44	1	3302.87	1	31.6228	278.404	306.921
89	350.385	1	696914	1	329.536	1	1473.44	1	3302.87	1	100	288.047	317.07
90	262.945	1	1.36509e+06	1	334.338	1	1826.65	1	2522.58	1	0	273.249	301.462
90	262.945	1	1.36509e+06	1	334.338	1	1826.65	1	2522.58	1	0.001	273.25	301.462
90	262.945	1	1.36509e+06	1	334.338	1	1826.65	1	2522.58	1	0.00316228	273.25	301.462
90	262.945	1	1.36509e+06	1	334.338	1	1826.65	1	2522.58	1	0.01	273.251	301.463
90	262.945	1	1.36509e+06	1	334.338	1	1826.65	1	2522.58	1	0.0316228	273.255	301.467
90	262.945	1	1.36509e+06	1	334.338	1	1826.65	1	2522.58	1	0.1	273.267	301.479
90	262.945	1	1.36509e+06	1	334.338	1	1826.65	1	2522.58	1	0.316228	273.304	301.517
90	262.945	1	1.36509e+06	1	334.338	1	1826.65	1	2522.58	1	1	273.421	301.636
90	262.945	1	1.36509e+06	1	334.338	1	1826.65	1	2522.58	1	3.16228	273.789	302.011
90	262.945	1	1.36509e+06	1	334.338	1	1826.65	1	2522.58	1	10	274.93	303.173
90	262.945	1	1.36509e+06	1	334.338	1	1826.65	1	2522.58	1	31.6228	278.336	306.641
90	262.945	1	1.36509e+06	1	334.338	1	1826.65	1	2522.58	1	100	287.719	316.214
91	306.697	1	3.88891e+06	1	328.167	1	2287.71	1	2542.61	1	0	273.249	301.462
91	306.697	1	3.88891e+06	1	328.167	1	2287.71	1	2542.61	1	0.001	273.25	301.462
91	306.697	1	3.88891e+06	1	328.167	1	2287.71	1	2542.61	1	0.00316228	273.25	301.462
91	306.697	1	3.88891e+06	1	328.167	1	2287.71	1	2542.61	1	0.01	273.251	301.463
91	306.697	1	3.88891e+06	1	328.167	1	2287.71	1	2542.61	1	0.0316228	273.254	301.467
91	306.697	1	3.88891e+06	1	328.167	1	2287.71	1	2542.61	1	0.1	273.265	301.478
91	306.697	1	3.88891e+06	1	328.167	1	2287.71	1	2542.61	1	0.316228	273.3	301.514
91	306.697	1	3.88891e+06	1	328.167	1	2287.71	1	2542.61	1	1	273.408	301.628
91	306.697	1	3.88891e+06	1	328.167	1	2287.71	1	2542.61	1	3.16228	273.75	301.986
91	306.697	1	3.88891e+06	1	328.167	1	2287.71	1	2542.61	1	10	274.81	303.093
91	306.697	1	3.88891e+06	1	328.167	1	2287.71	1	2542.61	1	31.6228	277.971	306.387
91	306.697	1	3.88891e+06	1	328.167	1	2287.71	1	2542.61	1	100	286.64	315.4
92	946.834	1	1.45024e+06	1	566.288	1	1183.68	1	3923.66	1	0	273.249	301.462
92	946.834	1	1.45024e+06	1	566.288	1	1183.68	1	3923.66	1	0.001	273.25	301.462
92	946.834	1	1.45024e+06	1	566.288	1	1183.68	1	3923.66	1	0.00316228	273.25	301.462
92	946.834	1	1.45024e+06	1	566.288	1	1183.68	1	3923.66	1	0.01	273.251	301.463
92	946.834	1	1.45024e+06	1	566.288	1	1183.68	1	3923.66	1	0.0316228	273.253	301.466
92	946.834	1	1.45024e+06	1	566.288	1	1183.68	1	3923.66	1	0.1	273.262	301.476
92	946.834	1	1.45024e+06	1	566.288	1	1183.68	1	3923.66	1	0.316228	273.29	301.506
92	946.834	1	1.45024e+06	1	566.288	1	1183.68	1	3923.66	1	1	273.377	301.602
92	946.834	1	1.45024e+06	1	566.288	1	1183.68	1	3923.66	1	3.16228	273.652	301.903
92	946.834	1	1.45024e+06	1	566.288	1	1183.68	1	3923.66	1	10	274.515	302.848
92	946.834	1	1.45024e+06	1	566.288	1	1183.68	1	3923.66	1	31.6228	277.173	305.75
92	946.834	1	1.45024e+06	1	566.288	1	1183.68	1	3923.66	1	100	284.951	314.197
93	411.405	1	1.10902e+06	1	532.713	1	1221.24	1	3865.87	1	0	273.249	301.462
93	411.405	1	1.10902e+06	1	532.713	1	1221.24	1	3865.87	1	0.001	273.25	301.462
93	411.405	1	1.10902e+06	1	532.713	1	1221.24	1	3865.87	1	0.00316228	273.25	301.462
93	411.405	1	1.10902e+06	1	532.713	1	1221.24	1	3865.87	1	0.01	273.251	301.463
93	411.405	1	1.10902e+06	1	532.713	1	1221.24	1	3865.87	1	0.0316228	273.254	301.466
93	411.405	1	1.10902e+06	1	532.713	1	1221.24	1	3865.87	1	0.1	273.264	301.476
93	411.405	1	1.10902e+06	1	532.713	1	1221.24	1	3865.87	1	0.316228	273.295	301.508
93	411.405	1	1.10902e+06	1	532.713	1	1221.24	1	3865.87	1	1	273.393	301.608
93	411.405	1	1.10902e+06	1	532.713	1	1221.24	1	3865.87	1	3.16228	273.702	301.924
93	411.405	1	1.10902e+06	1	532.713	1	1221.24	1	3865.87	1	10	274.67	302.913
93	411.405	1	1.10902e+06	1	532.713	1	1221.24	1	3865.87	1	31.6228	277.633	305.94
93	411.405	1	1.10902e+06	1	532.713	1	1221.24	1	3865.87	1	100	286.225	314.718
94	401.819	1	1.66663e+06	1	446.7	1	1521.24	1	2353.76	1	0	273.249	301.462
94	401.819	1	1.66663e+06	1	446.7	1	1521.24	1	2353.76	1	0.001	273.25	301.462
94	401.819	1	1.66663e+06	1	446.7	1	1521.24	1	2353.76	1	0.00316228	273.25	301.462
94	401.819	1	1.66663e+06	1	446.7	1	1521.24	1	2353.76	1	0.01	273.251	301.463
94	401.819	1	1.66663e+06	1	446.7	1	1521.24	1	2353.76	1	0.0316228	273.254	301.466
94	401.819	1	1.66663e+06	1	446.7	1	1521.24	1	2353.76	1	0.1	273.264	301.476
94	401.819	1	1.66663e+06	1	446.7	1	1521.24	1	2353.76	1	0.316228	273.295	301.509
94	401.819	1	1.66663e+06	1	446.7	1	1521.24	1	2353.76	1	1	273.393	301.611
94	401.819	1	1.66663e+06	1	446.7	1	1521.24	1	2353.76	1	3.16228	273.701	301.931
94	401.819	1	1.66663e+06	1	446.7	1	1521.24	1	2353.76	1	10	274.664	302.933
94	401.819	1	1.66663e+06	1	446.7	1	1521.24	1	2353.76	1	31.6228	277.596	305.977
94	401.819	1	1.66663e+06	1	446.7	1	1521.24	1	2353.76	1	100	286.005	314.694
95	484.525	1	793730	1	612.789	1	1173.42	1	1757.79	1	0	273.249	301.462
95	484.525	1	793730	1	612.789	1	1173.42	1	1757.79	1	0.001	273.25	301.462
95	484.525	1	793730	1	612.789	1	1173.42	1	1757.79	1	0.00316228	273.25	301.462
95	484.525	1	793730	1	612.789	1	1173.42	1	1757.79	1	0.01	273.251	301.463
95	484.525	1	793730	1	612.789	1	1173.42	1	1757.79	1	0.0316228	273.254	301.466
95	484.525	1	793730	1	612.789	1	1173.42	1	1757.79	1	0.1	273.263	301.475
95	484.525	1	793730	1	612.789	1	1173.42	1	1757.79	1	0.316228	273.292	301.506
95	484.525	1	793730	1	612.789	1	1173.42	1	1757.79	1	1	273.385	301.6
95	484.525	1	793730	1	612.789	1	1173.42	1	1757.79	1	3.16228	273.676	301.9
95	484.525	1	793730	1	612.789	1	1173.42	1	1757.79	1	10	274.59	302.837
95	484.525	1	793730	1	612.789	1	1173.42	1	1757.79	1	31.6228	277.399	305.72
95	484.525	1	793730	1	612.789	1	1173.42	1	1757.79	1	100	285.608	314.136
96	359.007	1	1.01092e+06	1	298.967	1	639.7	1	2767.69	1	0	273.249	301.462
96	359.007	1	1.01092e+06	1	298.967	1	639.7	1	2767.69	1	0.001	273.25	301.462
96	359.007	1	1.01092e+06	1	298.967	1	639.7	1	2767.69	1	0.00316228	273.25	301.462
96	359.007	1	1.01092e+06	1	298.967	1	639.7	1	2767.69	1	0.01	273.252	301.464
96	359.007	1	1.01092e+06	1	298.967	1	639.7	1	2767.69	1	0.0316228	273.257	301.47
96	359.007	1	1.01092e+06	1	298.967	1	639.7	1	2767.69	1	0.1	273.274	301.488
96	359.007	1	1.01092e+06	1	298.967	1	639.7	1	2767.69	1	0.316228	273.328	301.545
96	359.007	1	1.01092e+06	1	298.967	1	639.7	1	2767.69	1	1	273.496	301.726
96	359.007	1	1.01092e+06	1	298.967	1	639.7	1	2767.69	1	3.16228	274.027	302.294
96	359.007	1	1.01092e+06	1	298.967	1	639.7	1	2767.69	1	10	275.679	304.057
96	359.007	1	1.01092e+06	1	298.967	1	639.7	1	2767.69	1	31.6228	280.644	309.337
96	359.007	1	1.01092e+06	1	298.967	1	639.7	1	2767.69	1	100	294.473	323.963
97	405.588	1	523523	1	467.546	1	781.043	1	2630.56	1	0	273.249	301.462
97	405.588	1	523523	1	467.546	1	781.043	1	2630.56	1	0.001	273.25	301.462
97	405.588	1	523523	1	467.546	1	781.043	1	2630.56	1	0.00316228	273.25	301.462
97	405.588	1	523523	1	467.546	1	781.043	1	2630.56	1	0.01	273.251	301.464
97	405.588	1	523523	1	467.546	1	781.043	1	2630.56	1	0.0316228	273.255	301.468
97	405.588	1	523523	1	467.546	1	781.043	1	2630.56	1	0.1	273.268	301.481
97	405.588	1	523523	1	467.546	1	781.043	1	2630.56	1	0.316228	273.308	301.523
97	405.588	1	523523	1	467.546	1	781.043	1	2630.56	1	1	273.436	301.655
97	405.588	1	523523	1	467.546	1	781.043	1	2630.56	1	3.16228	273.837	302.071
97	405.588	1	523523	1	467.546	1	781.043	1	2630.56	1	10	275.091	303.371
97	405.588	1	523523	1	467.546	1	781.043	1	2630.56	1	31.6228	278.914	307.33
97	405.588	1	523523	1	467.546	1	781.043	1	2630.56	1	100	289.852	318.641
98	461.532	1	1.26556e+06	1	350.207	1	1032.57	1	3889.15	1	0	273.249	301.462
98	461.532	1	1.26556e+06	1	350.207	1	1032.57	1	3889.15	1	0.001	273.25	301.462
98	461.532	1	1.26556e+06	1	350.207	1	1032.57	1	3889.15	1	0.00316228	273.25	301.462
98	461.532	1	1.26556e+06	1	350.207	1	1032.57	1	3889.15	1	0.01	273.251	301.464
98	461.532	1	1.26556e+06	1	350.207	1	1032.57	1	3889.15	1	0.0316228	273.255	301.468
98	461.532	1	1.26556e+06	1	350.207	1	1032.57	1	3889.15	1	0.1	273.268	301.481
98	461.532	1	1.26556e+06	1	350.207	1	1032.57	1	3889.15	1	0.316228	273.307	301.524
98	461.532	1	1.26556e+06	1	350.207	1	1032.57	1	3889.15	1	1	273.431	301.658
98	461.532	1	1.26556e+06	1	350.207	1	1032.57	1	3889.15	1	3.16228	273.821	302.081
98	461.532	1	1.26556e+06	1	350.207	1	1032.57	1	3889.15	1	10	275.037	303.396
98	461.532	1	1.26556e+06	1	350.207	1	1032.57	1	3889.15	1	31.6228	278.721	307.363
98	461.532	1	1.26556e+06	1	350.207	1	1032.57	1	3889.15	1	100	289.132	318.501
99	417.431	1	1.03701e+06	1	444.143	1	2624.02	1	3677.44	1	0	273.249	301.462
99	417.431	1	1.03701e+06	1	444.143	1	2624.02	1	3677.44	1	0.001	273.25	301.462
99	417.431	1	1.03701e+06	1	444.143	1	2624.02	1	3677.44	1	0.00316228	273.25	301.462
99	417.431	1	1.03701e+06	1	444.143	1	2624.02	1	3677.44	1	0.01	273.251	301.463
99	417.431	1	1.03701e+06	1	444.143	1	2624.02	1	3677.44	1	0.0316228	273.253	301.466
99	417.431	1	1.03701e+06	1	444.143	1	2624.02	1	3677.44	1	0.1	273.262	301.474
99	417.431	1	1.03701e+06	1	444.143	1	2624.02	1	3677.44	1	0.316228	273.288	301.502
99	417.431	1	1.03701e+06	1	444.143	1	2624.02	1	3677.44	1	1	273.371	301.589
99	417.431	1	1.03701e+06	1	444.143	1	2624.02	1	3677.44	1	3.16228	273.633	301.863
99	417.431	1	1.03701e+06	1	444.143	1	2624.02	1	3677.44	1	10	274.45	302.718
99	417.431	1	1.03701e+06	1	444.143	1	2624.02	1	3677.44	1	31.6228	276.927	305.303
99	417.431	1	1.03701e+06	1	444.143	1	2624.02	1	3677.44	1	100	283.96	312.626
100	524.411	1	1.29616e+06	1	462.65	1	1412.39	1	3034.51	1	0	273.249	301.462
100	524.411	1	1.29616e+06	1	462.65	1	1412.39	1	3034.51	1	0.001	273.25	301.462
100	524.411	1	1.29616e+06	1	462.65	1	1412.39	1	3034.51	1	0.00316228	273.25	301.462
100	524.411	1	1.29616e+06	1	462.65	1	1412.39	1	3034.51	1	0.01	273.251	301.463
100	524.411	1	1.29616e+06	1	462.65	1	1412.39	1	3034.51	1	0.0316228	273.254	301.466
100	524.411	1	1.29616e+06	1	462.65	1	1412.39	1	3034.51	1	0.1	273.263	301.476
100	524.411	1	1.29616e+06	1	462.65	1	1412.39	1	3034.51	1	0.316228	273.293	301.508
100	524.411	1	1.29616e+06	1	462.65	1	1412.39	1	3034.51	1	1	273.388	301.609
100	524.411	1	1.29616e+06	1	462.65	1	1412.39	1	3034.51	1	3.16228	273.686	301.928
100	524.411	1	1.29616e+06	1	462.65	1	1412.39	1	3034.51	1	10	274.618	302.923
100	524.411	1	1.29616e+06	1	462.65	1	1412.39	1	3034.51	1	31.6228	277.469	305.956
100	524.411	1	1.29616e+06	1	462.65	1	1412.39	1	3034.51	1	100	285.697	314.674
101	858.767	1	281362	1	363.428	1	919.18	1	2421.86	1	0	273.249	301.462
101	858.767	1	281362	1	363.428	1	919.18	1	2421.86	1	0.001	273.25	301.462
101	858.767	1	281362	1	363.428	1	919.18	1	2421.86	1	0.00316228	273.25	301.462
101	858.767	1	281362	1	363.428	1	919.18	1	2421.86	1	0.01	273.251	301.464
101	858.767	1	281362	1	363.428	1	919.18	1	2421.86	1	0.0316228	273.255	301.468
101	858.767	1	281362	1	363.428	1	919.18	1	2421.86	1	0.1	273.267	301.481
101	858.767	1	281362	1	363.428	1	919.18	1	2421.86	1	0.316228	273.305	301.524
101	858.767	1	281362	1	363.428	1	919.18	1	2421.86	1	1	273.426	301.66
101	858.767	1	281362	1	363.428	1	919.18	1	2421.86	1	3.16228	273.806	302.087
101	858.767	1	281362	1	363.428	1	919.18	1	2421.86	1	10	274.992	303.418
101	858.767	1	281362	1	363.428	1	919.18	1	2421.86	1	31.6228	278.596	307.443
101	858.767	1	281362	1	363.428	1	919.18	1	2421.86	1	100	288.81	318.782
102	368.179	1	2.646e+06	1	837.092	1	663.01	1	3860.45	1	0	273.249	301.462
102	368.179	1	2.646e+06	1	837.092	1	663.01	1	3860.45	1	0.001	273.25	301.462
102	368.179	1	2.646e+06	1	837.092	1	663.01	1	3860.45	1	0.00316228	273.25	301.462
102	368.179	1	2.646e+06	1	837.092	1	663.01	1	3860.45	1	0.01	273.251	301.463
102	368.179	1	2.646e+06	1	837.092	1	663.01	1	3860.45	1	0.0316228	273.255	301.467
102	368.179	1	2.646e+06	1	837.092	1	663.01	1	3860.45	1	0.1	273.267	301.479
102	368.179	1	2.646e+06	1	837.092	1	663.01	1	3860.45	1	0.316228	273.306	301.517
102	368.179	1	2.646e+06	1	837.092	1	663.01	1	3860.45	1	1	273.427	301.635
102	368.179	1	2.646e+06	1	837.092	1	663.01	1	3860.45	1	3.16228	273.809	302.01
102	368.179	1	2.646e+06	1	837.092	1	663.01	1	3860.45	1	10	275.004	303.182
102	368.179	1	2.646e+06	1	837.092	1	663.01	1	3860.45	1	31.6228	278.649	306.764
102	368.179	1	2.646e+06	1	837.092	1	663.01	1	3860.45	1	100	289.139	317.113
103	303.364	1	1.4534e+06	1	412.285	1	2028.77	1	4941.96	1	0	273.249	301.462
103	303.364	1	1.4534e+06	1	412.285	1	2028.77	1	4941.96	1	0.001	273.25	301.462
103	303.364	1	1.4534e+06	1	412.285	1	2028.77	1	4941.96	1	0.00316228	273.25	301.462
103	303.364	1	1.4534e+06	1	412.285	1	2028.77	1	4941.96	1	0.01	273.251	301.463
103	303.364	1	1.4534e+06	1	412.285	1	2028.77	1	4941.96	1	0.0316228	273.254	301.466
103	303.364	1	1.4534e+06	1	412.285	1	2028.77	1	4941.96	1	0.1	273.264	301.476
103	303.364	1	1.4534e+06	1	412.285	1	2028.77	1	4941.96	1	0.316228	273.295	301.508
103	303.364	1	1.4534e+06	1	412.285	1	2028.77	1	4941.96	1	1	273.394	301.607
103	303.364	1	1.4534e+06	1	412.285	1	2028.77	1	4941.96	1	3.16228	273.705	301.921
103	303.364	1	1.4534e+06	1	412.285	1	2028.77	1	4941.96	1	10	274.674	302.898
103	303.364	1	1.4534e+06	1	412.285	1	2028.77	1	4941.96	1	31.6228	277.593	305.843
103	303.364	1	1.4534e+06	1	412.285	1	2028.77	1	4941.96	1	100	285.802	314.153
104	686.449	1	4.79665e+06	1	340.955	1	732.176	1	2544.56	1	0	273.249	301.462
104	686.449	1	4.79665e+06	1	340.955	1	732.176	1	2544.56	1	0.001	273.25	301.462
104	686.449	1	4.79665e+06	1	340.955	1	732.176	1	2544.56	1	0.00316228	273.25	301.462
104	686.449	1	4.79665e+06	1	340.955	1	732.176	1	2544.56	1	0.01	273.251	301.464
104	686.449	1	4.79665e+06	1	340.955	1	732.176	1	2544.56	1	0.0316228	273.256	301.469
104	686.449	1	4.79665e+06	1	340.955	1	732.176	1	2544.56	1	0.1	273.27	301.484
104	686.449	1	4.79665e+06	1	340.955	1	732.176	1	2544.56	1	0.316228	273.315	301.534
104	686.449	1	4.79665e+06	1	340.955	1	732.176	1	2544.56	1	1	273.455	301.69
104	686.449	1	4.79665e+06	1	340.955	1	732.176	1	2544.56	1	3.16228	273.899	302.181
104	686.449	1	4.79665e+06	1	340.955	1	732.176	1	2544.56	1	10	275.281	303.711
104	686.449	1	4.79665e+06	1	340.955	1	732.176	1	2544.56	1	31.6228	279.468	308.323
104	686.449	1	4.79665e+06	1	340.955	1	732.176	1	2544.56	1	100	291.225	321.202
105	451.067	1	4.84343e+06	1	134.904	1	904.869	1	1490.61	1	0	273.249	301.462
105	451.067	1	4.84343e+06	1	134.904	1	904.869	1	1490.61	1	0.001	273.25	301.462
105	451.067	1	4.84343e+06	1	134.904	1	904.869	1	1490.61	1	0.00316228	273.25	301.463
105	451.067	1	4.84343e+06	1	134.904	1	904.869	1	1490.61	1	0.01	273.253	301.465
105	451.067	1	4.84343e+06	1	134.904	1	904.869	1	1490.61	1	0.0316228	273.26	301.474
105	451.067	1	4.84343e+06	1	134.904	1	904.869	1	1490.61	1	0.1	273.282	301.501
105	451.067	1	4.84343e+06	1	134.904	1	904.869	1	1490.61	1	0.316228	273.354	301.585
105	451.067	1	4.84343e+06	1	134.904	1	904.869	1	1490.61	1	1	273.578	301.85
105	451.067	1	4.84343e+06	1	134.904	1	904.869	1	1490.61	1	3.16228	274.277	302.677
105	451.067	1	4.84343e+06	1	134.904	1	904.869	1	1490.61	1	10	276.401	305.172
105	451.067	1	4.84343e+06	1	134.904	1	904.869	1	1490.61	1	31.6228	282.423	312.197
105	451.067	1	4.84343e+06	1	134.904	1	904.869	1	1490.61	1	100	297.042	328.9
106	484.054	1	423958	1	183.513	1	146.947	1	3627.72	1	0	273.249	301.462
106	484.054	1	423958	1	183.513	1	146.947	1	3627.72	1	0.001	273.25	301.462
106	484.054	1	423958	1	183.513	1	146.947	1	3627.72	1	0.00316228	273.252	301.464
106	484.054	1	423958	1	183.513	1	146.947	1	3627.72	1	0.01	273.256	301.469
106	484.054	1	423958	1	183.513	1	146.947	1	3627.72	1	0.0316228	273.271	301.485
106	484.054	1	423958	1	183.513	1	146.947	1	3627.72	1	0.1	273.319	301.537
106	484.054	1	423958	1	183.513	1	146.947	1	3627.72	1	0.316228	273.469	301.7
106	484.054	1	423958	1	183.513	1	146.947	1	3627.72	1	1	273.94	302.212
106	484.054	1	423958	1	183.513	1	146.947	1	3627.72	1	3.16228	275.411	303.808
106	484.054	1	423958	1	183.513	1	146.947	1	3627.72	1	10	279.856	308.631
106	484.054	1	423958	1	183.513	1	146.947	1	3627.72	1	31.6228	292.829	322.663
106	484.054	1	423958	1	183.513	1	146.947	1	3627.72	1	100	327.058	359.469
107	203.465	1	1.02422e+06	1	652.599	1	1425.89	1	5520.79	1	0	273.249	301.462
107	203.465	1	1.02422e+06	1	652.599	1	1425.89	1	5520.79	1	0.001	273.25	301.462
107	203.465	1	1.02422e+06	1	652.599	1	1425.89	1	5520.79	1	0.00316228	273.25	301.462
107	203.465	1	1.02422e+06	1	652.599	1	1425.89	1	5520.79	1	0.01	273.251	301.463
107	203.465	1	1.02422e+06	1	652.599	1	1425.89	1	5520.79	1	0.0316228	273.254	301.466
107	203.465	1	1.02422e+06	1	652.599	1	1425.89	1	5520.79	1	0.1	273.264	301.475
107	203.465	1	1.02422e+06	1	652.599	1	1425.89	1	5520.79	1	0.316228	273.297	301.503
107	203.465	1	1.02422e+06	1	652.599	1	1425.89	1	5520.79	1	1	273.4	301.593
107	203.465	1	1.02422e+06	1	652.599	1	1425.89	1	5520.79	1	3.16228	273.723	301.876
107	203.465	1	1.02422e+06	1	652.599	1	1425.89	1	5520.79	1	10	274.727	302.76
107	203.465	1	1.02422e+06	1	652.599	1	1425.89	1	5520.79	1	31.6228	277.747	305.462
107	203.465	1	1.02422e+06	1	652.599	1	1425.89	1	5520.79	1	100	286.253	313.302
108	458.261	1	1.13671e+06	1	334.461	1	665.54	1	3080.84	1	0	273.249	301.462
108	458.261	1	1.13671e+06	1	334.461	1	665.54	1	3080.84	1	0.001	273.25	301.462
108	458.261	1	1.13671e+06	1	334.461	1	665.54	1	3080.84	1	0.00316228	273.25	301.462
108	458.261	1	1.13671e+06	1	334.461	1	665.54	1	3080.84	1	0.01	273.252	301.464
108	458.261	1	1.13671e+06	1	334.461	1	665.54	1	3080.84	1	0.0316228	273.257	301.469
108	458.261	1	1.13671e+06	1	334.461	1	665.54	1	3080.84	1	0.1	273.272	301.486
108	458.261	1	1.13671e+06	1	334.461	1	665.54	1	3080.84	1	0.316228	273.321	301.539
108	458.261	1	1.13671e+06	1	334.461	1	665.54	1	3080.84	1	1	273.475	301.705
108	458.261	1	1.13671e+06	1	334.461	1	665.54	1	3080.84	1	3.16228	273.96	302.228
108	458.261	1	1.13671e+06	1	334.461	1	665.54	1	3080.84	1	10	275.471	303.858
108	458.261	1	1.13671e+06	1	334.461	1	665.54	1	3080.84	1	31.6228	280.039	308.762
108	458.261	1	1.13671e+06	1	334.461	1	665.54	1	3080.84	1	100	292.89	322.481
109	505.135	1	1.48003e+06	1	533.867	1	669.205	1	1821.73	1	0	273.249	301.462
109	505.135	1	1.48003e+06	1	533.867	1	669.205	1	1821.73	1	0.001	273.25	301.462
109	505.135	1	1.48003e+06	1	533.867	1	669.205	1	1821.73	1	0.00316228	273.25	301.462
109	505.135	1	1.48003e+06	1	533.867	1	669.205	1	1821.73	1	0.01	273.251	301.464
109	505.135	1	1.48003e+06	1	533.867	1	669.205	1	1821.73	1	0.0316228	273.255	301.468
109	505.135	1	1.48003e+06	1	533.867	1	669.205	1	1821.73	1	0.1	273.268	301.481
109	505.135	1	1.48003e+06	1	533.867	1	669.205	1	1821.73	1	0.316228	273.309	301.524
109	505.135	1	1.48003e+06	1	533.867	1	669.205	1	1821.73	1	1	273.439	301.66
109	505.135	1	1.48003e+06	1	533.867	1	669.205	1	1821.73	1	3.16228	273.847	302.086
109	505.135	1	1.48003e+06	1	533.867	1	669.205	1	1821.73	1	10	275.123	303.419
109	505.135	1	1.48003e+06	1	533.867	1	669.205	1	1821.73	1	31.6228	279.021	307.486
109	505.135	1	1.48003e+06	1	533.867	1	669.205	1	1821.73	1	100	290.227	319.154
110	402.658	1	761757	1	340.681	1	1290.98	1	1996.87	1	0	273.249	301.462
110	402.658	1	761757	1	340.681	1	1290.98	1	1996.87	1	0.001	273.25	301.462
110	402.658	1	761757	1	340.681	1	1290.98	1	1996.87	1	0.00316228	273.25	301.462
110	402.658	1	761757	1	340.681	1	1290.98	1	1996.87	1	0.01	273.251	301.463
110	402.658	1	761757	1	340.681	1	1290.98	1	1996.87	1	0.0316228	273.255	301.467
110	402.658	1	761757	1	340.681	1	1290.98	1	1996.87	1	0.1	273.267	301.48
110	402.658	1	761757	1	340.681	1	1290.98	1	1996.87	1	0.316228	273.304	301.52
110	402.658	1	761757	1	340.681	1	1290.98	1	1996.87	1	1	273.422	301.648
110	402.658	1	761757	1	340.681	1	1290.98	1	1996.87	1	3.16228	273.794	302.047
110	402.658	1	761757	1	340.681	1	1290.98	1	1996.87	1	10	274.952	303.29
110	402.658	1	761757	1	340.681	1	1290.98	1	1996.87	1	31.6228	278.446	307.025
110	402.658	1	761757	1	340.681	1	1290.98	1	1996.87	1	100	288.263	317.457
111	361.883	1	567326	1	575.717	1	1222.02	1	3808.02	1	0	273.249	301.462
111	361.883	1	567326	1	575.717	1	1222.02	1	3808.02	1	0.001	273.25	301.462
111	361.883	1	567326	1	575.717	1	1222.02	1	3808.02	1	0.00316228	273.25	301.462
111	361.883	1	567326	1	575.717	1	1222.02	1	3808.02	1	0.01	273.251	301.463
111	361.883	1	567326	1	575.717	1	1222.02	1	3808.02	1	0.0316228	273.254	301.466
111	361.883	1	567326	1	575.717	1	1222.02	1	3808.02	1	0.1	273.264	301.476
111	361.883	1	567326	1	575.717	1	1222.02	1	3808.02	1	0.316228	273.295	301.507
111	361.883	1	567326	1	575.717	1	1222.02	1	3808.02	1	1	273.392	301.604
111	361.883	1	567326	1	575.717	1	1222.02	1	3808.02	1	3.16228	273.7	301.91
111	361.883	1	567326	1	575.717	1	1222.02	1	3808.02	1	10	274.662	302.868
111	361.883	1	567326	1	575.717	1	1222.02	1	3808.02	1	31.6228	277.605	305.805
111	361.883	1	567326	1	575.717	1	1222.02	1	3808.02	1	100	286.138	314.347
112	695.477	1	1.07277e+06	1	108.546	1	2144.77	1	1296.71	1	0	273.249	301.462
112	695.477	1	1.07277e+06	1	108.546	1	2144.77	1	1296.71	1	0.001	273.25	301.462
112	695.477	1	1.07277e+06	1	108.546	1	2144.77	1	1296.71	1	0.00316228	273.25	301.463
112	695.477	1	1.07277e+06	1	108.546	1	2144.77	1	1296.71	1	0.01	273.253	301.466
112	695.477	1	1.07277e+06	1	108.546	1	2144.77	1	1296.71	1	0.0316228	273.26	301.475
112	695.477	1	1.07277e+06	1	108.546	1	2144.77	1	1296.71	1	0.1	273.282	301.503
112	695.477	1	1.07277e+06	1	108.546	1	2144.77	1	1296.71	1	0.316228	273.353	301.591
112	695.477	1	1.07277e+06	1	108.546	1	2144.77	1	1296.71	1	1	273.575	301.869
112	695.477	1	1.07277e+06	1	108.546	1	2144.77	1	1296.71	1	3.16228	274.263	302.728
112	695.477	1	1.07277e+06	1	108.546	1	2144.77	1	1296.71	1	10	276.304	305.265
112	695.477	1	1.07277e+06	1	108.546	1	2144.77	1	1296.71	1	31.6228	281.771	312.045
112	695.477	1	1.07277e+06	1	108.546	1	2144.77	1	1296.71	1	100	293.414	326.302
113	477.604	1	1.55046e+06	1	334.349	1	1692.65	1	2451.71	1	0	273.249	301.462
113	477.604	1	1.55046e+06	1	334.349	1	1692.65	1	2451.71	1	0.001	273.25	301.462
113	477.604	1	1.55046e+06	1	334.349	1	1692.65	1	2451.71	1	0.00316228	273.25	301.462
113	477.604	1	1.55046e+06	1	334.349	1	1692.65	1	2451.71	1	0.01	273.251	301.463
113	477.604	1	1.55046e+06	1	334.349	1	1692.65	1	2451.71	1	0.0316228	273.254	301.467
113	477.604	1	1.55046e+06	1	334.349	1	1692.65	1	2451.71	1	0.1	273.265	301.479
113	477.604	1	1.55046e+06	1	334.349	1	1692.65	1	2451.71	1	0.316228	273.299	301.516
113	477.604	1	1.55046e+06	1	334.349	1	1692.65	1	2451.71	1	1	273.406	301.634
113	477.604	1	1.55046e+06	1	334.349	1	1692.65	1	2451.71	1	3.16228	273.743	302.005
113	477.604	1	1.55046e+06	1	334.349	1	1692.65	1	2451.71	1	10	274.79	303.156
113	477.604	1	1.55046e+06	1	334.349	1	1692.65	1	2451.71	1	31.6228	277.944	306.602
113	477.604	1	1.55046e+06	1	334.349	1	1692.65	1	2451.71	1	100	286.752	316.15
114	575.471	1	1.6624e+06	1	359.32	1	676.472	1	1655.41	1	0	273.249	301.462
114	575.471	1	1.6624e+06	1	359.32	1	676.472	1	1655.41	1	0.001	273.25	301.462
114	575.471	1	1.6624e+06	1	359.32	1	676.472	1	1655.41	1	0.00316228	273.25	301.462
114	575.471	1	1.6624e+06	1	359.32	1	676.472	1	1655.41	1	0.01	273.252	301.464
114	575.471	1	1.6624e+06	1	359.32	1	676.472	1	1655.41	1	0.0316228	273.256	301.469
114	575.471	1	1.6624e+06	1	359.32	1	676.472	1	1655.41	1	0.1	273.271	301.485
114	575.471	1	1.6624e+06	1	359.32	1	676.472	1	1655.41	1	0.316228	273.317	301.535
114	575.471	1	1.6624e+06	1	359.32	1	676.472	1	1655.41	1	1	273.463	301.694
114	575.471	1	1.6624e+06	1	359.32	1	676.472	1	1655.41	1	3.16228	273.921	302.194
114	575.471	1	1.6624e+06	1	359.32	1	676.472	1	1655.41	1	10	275.352	303.752
114	575.471	1	1.6624e+06	1	359.32	1	676.472	1	1655.41	1	31.6228	279.691	308.456
114	575.471	1	1.6624e+06	1	359.32	1	676.472	1	1655.41	1	100	291.947	321.679
115	353.444	1	1.34061e+06	1	502.933	1	793.632	1	20213.8	1	0	273.249	301.462
115	353.444	1	1.34061e+06	1	502.933	1	793.632	1	20213.8	1	0.001	273.25	301.462
115	353.444	1	1.34061e+06	1	502.933	1	793.632	1	20213.8	1	0.00316228	273.25	301.462
115	353.444	1	1.34061e+06	1	502.933	1	793.632	1	20213.8	1	0.01	273.251	301.463
115	353.444	1	1.34061e+06	1	502.933	1	793.632	1	20213.8	1	0.0316228	273.255	301.467
115	353.444	1	1.34061e+06	1	502.933	1	793.632	1	20213.8	1	0.1	273.268	301.48
115	353.444	1	1.34061e+06	1	502.933	1	793.632	1	20213.8	1	0.316228	273.308	301.521
115	353.444	1	1.34061e+06	1	502.933	1	793.632	1	20213.8	1	1	273.433	301.648
115	353.444	1	1.34061e+06	1	502.933	1	793.632	1	20213.8	1	3.16228	273.829	302.049
115	353.444	1	1.34061e+06	1	502.933	1	793.632	1	20213.8	1	10	275.065	303.303
115	353.444	1	1.34061e+06	1	502.933	1	793.632	1	20213.8	1	31.6228	278.833	307.126
115	353.444	1	1.34061e+06	1	502.933	1	793.632	1	20213.8	1	100	289.612	318.077
116	495.181	1	387492	1	422.133	1	2803.64	1	2417.89	1	0	273.249	301.462
116	495.181	1	387492	1	422.133	1	2803.64	1	2417.89	1	0.001	273.25	301.462
116	495.181	1	387492	1	422.133	1	2803.64	1	2417.89	1	0.00316228	273.25	301.462
116	495.181	1	387492	1	422.133	1	2803.64	1	2417.89	1	0.01	273.251	301.463
116	495.181	1	387492	1	422.133	1	2803.64	1	2417.89	1	0.0316228	273.253	301.466
116	495.181	1	387492	1	422.133	1	2803.64	1	2417.89	1	0.1	273.261	301.475
116	495.181	1	387492	1	422.133	1	2803.64	1	2417.89	1	0.316228	273.287	301.502
116	495.181	1	387492	1	422.133	1	2803.64	1	2417.89	1	1	273.369	301.591
116	495.181	1	387492	1	422.133	1	2803.64	1	2417.89	1	3.16228	273.626	301.869
116	495.181	1	387492	1	422.133	1	2803.64	1	2417.89	1	10	274.428	302.734
116	495.181	1	387492	1	422.133	1	2803.64	1	2417.89	1	31.6228	276.857	305.344
116	495.181	1	387492	1	422.133	1	2803.64	1	2417.89	1	100	283.728	312.687
117	452.13	1	612730	1	401.442	1	337.36	1	3802.5	1	0	273.249	301.462
117	452.13	1	612730	1	401.442	1	337.36	1	3802.5	1	0.001	273.25	301.462
117	452.13	1	612730	1	401.442	1	337.36	1	3802.5	1	0.00316228	273.25	301.463
117	452.13	1	612730	1	401.442	1	337.36	1	3802.5	1	0.01	273.253	301.465
117	452.13	1	612730	1	401.442	1	337.36	1	3802.5	1	0.0316228	273.26	301.472
117	452.13	1	612730	1	401.442	1	337.36	1	3802.5	1	0.1	273.281	301.495
117	452.13	1	612730	1	401.442	1	337.36	1	3802.5	1	0.316228	273.351	301.568
117	452.13	1	612730	1	401.442	1	337.36	1	3802.5	1	1	273.569	301.798
117	452.13	1	612730	1	401.442	1	337.36	1	3802.5	1	3.16228	274.255	302.521
117	452.13	1	612730	1	401.442	1	337.36	1	3802.5	1	10	276.382	304.762
117	452.13	1	612730	1	401.442	1	337.36	1	3802.5	1	31.6228	282.71	311.419
117	452.13	1	612730	1	401.442	1	337.36	1	3802.5	1	100	300.916	330.507
118	425.497	1	2.06143e+06	1	398.235	1	1409.18	1	4429.58	1	0	273.249	301.462
118	425.497	1	2.06143e+06	1	398.235	1	1409.18	1	4429.58	1	0.001	273.25	301.462
118	425.497	1	2.06143e+06	1	398.235	1	1409.18	1	4429.58	1	0.00316228	273.25	301.462
118	425.497	1	2.06143e+06	1	398.235	1	1409.18	1	4429.58	1	0.01	273.251	301.463
118	425.497	1	2.06143e+06	1	398.235	1	1409.18	1	4429.58	1	0.0316228	273.254	301.467
118	425.497	1	2.06143e+06	1	398.235	1	1409.18	1	4429.58	1	0.1	273.265	301.478
118	425.497	1	2.06143e+06	1	398.235	1	1409.18	1	4429.58	1	0.316228	273.298	301.513
118	425.497	1	2.06143e+06	1	398.235	1	1409.18	1	4429.58	1	1	273.403	301.625
118	425.497	1	2.06143e+06	1	398.235	1	1409.18	1	4429.58	1	3.16228	273.733	301.976
118	425.497	1	2.06143e+06	1	398.235	1	1409.18	1	4429.58	1	10	274.765	303.07
118	425.497	1	2.06143e+06	1	398.235	1	1409.18	1	4429.58	1	31.6228	277.896	306.383
118	425.497	1	2.06143e+06	1	398.235	1	1409.18	1	4429.58	1	100	286.816	315.779
119	323.83	1	712904	1	508.648	1	968.441	1	2474.61	1	0	273.249	301.462
119	323.83	1	712904	1	508.648	1	968.441	1	2474.61	1	0.001	273.25	301.462
119	323.83	1	712904	1	508.648	1	968.441	1	2474.61	1	0.00316228	273.25	301.462
119	323.83	1	712904	1	508.648	1	968.441	1	2474.61	1	0.01	273.251	301.463
119	323.83	1	712904	1	508.648	1	968.441	1	2474.61	1	0.0316228	273.255	301.467
119	323.83	1	712904	1	508.648	1	968.441	1	2474.61	1	0.1	273.266	301.478
119	323.83	1	712904	1	508.648	1	968.441	1	2474.61	1	0.316228	273.303	301.515
119	323.83	1	712904	1	508.648	1	968.441	1	2474.61	1	1	273.419	301.631
119	323.83	1	712904	1	508.648	1	968.441	1	2474.61	1	3.16228	273.783	301.995
119	323.83	1	712904	1	508.648	1	968.441	1	2474.61	1	10	274.922	303.134
119	323.83	1	712904	1	508.648	1	968.441	1	2474.61	1	31.6228	278.392	306.61
119	323.83	1	712904	1	508.648	1	968.441	1	2474.61	1	100	288.354	316.628
120	324.002	1	1.02781e+06	1	344.722	1	527.04	1	3152.01	1	0	273.249	301.462
120	324.002	1	1.02781e+06	1	344.722	1	527.04	1	3152.01	1	0.001	273.25	301.462
120	324.002	1	1.02781e+06	1	344.722	1	527.04	1	3152.01	1	0.00316228	273.25	301.462
120	324.002	1	1.02781e+06	1	344.722	1	527.04	1	3152.01	1	0.01	273.252	301.464
120	324.002	1	1.02781e+06	1	344.722	1	527.04	1	3152.01	1	0.0316228	273.258	301.47
120	324.002	1	1.02781e+06	1	344.722	1	527.04	1	3152.01	1	0.1	273.276	301.489
120	324.002	1	1.02781e+06	1	344.722	1	527.04	1	3152.01	1	0.316228	273.332	301.548
120	324.002	1	1.02781e+06	1	344.722	1	527.04	1	3152.01	1	1	273.511	301.735
120	324.002	1	1.02781e+06	1	344.722	1	527.04	1	3152.01	1	3.16228	274.074	302.323
120	324.002	1	1.02781e+06	1	344.722	1	527.04	1	3152.01	1	10	275.825	304.15
120	324.002	1	1.02781e+06	1	344.722	1	527.04	1	3152.01	1	31.6228	281.095	309.64
120	324.002	1	1.02781e+06	1	344.722	1	527.04	1	3152.01	1	100	296.115	325.249
121	327.804	1	917839	1	578.108	1	2103.15	1	2995.11	1	0	273.249	301.462
121	327.804	1	917839	1	578.108	1	2103.15	1	2995.11	1	0.001	273.25	301.462
121	327.804	1	917839	1	578.108	1	2103.15	1	2995.11	1	0.00316228	273.25	301.462
121	327.804	1	917839	1	578.108	1	2103.15	1	2995.11	1	0.01	273.251	301.463
121	327.804	1	917839	1	578.108	1	2103.15	1	2995.11	1	0.0316228	273.253	301.465
121	327.804	1	917839	1	578.108	1	2103.15	1	2995.11	1	0.1	273.261	301.473
121	327.804	1	917839	1	578.108	1	2103.15	1	2995.11	1	0.316228	273.287	301.498
121	327.804	1	917839	1	578.108	1	2103.15	1	2995.11	1	1	273.37	301.578
121	327.804	1	917839	1	578.108	1	2103.15	1	2995.11	1	3.16228	273.628	301.828
121	327.804	1	917839	1	578.108	1	2103.15	1	2995.11	1	10	274.436	302.611
121	327.804	1	917839	1	578.108	1	2103.15	1	2995.11	1	31.6228	276.894	305.003
121	327.804	1	917839	1	578.108	1	2103.15	1	2995.11	1	100	283.967	311.939
122	426.914	1	2.32329e+06	1	456.249	1	412.788	1	1561.78	1	0	273.249	301.462
122	426.914	1	2.32329e+06	1	456.249	1	412.788	1	1561.78	1	0.001	273.25	301.462
122	426.914	1	2.32329e+06	1	456.249	1	412.788	1	1561.78	1	0.00316228	273.25	301.462
122	426.914	1	2.32329e+06	1	456.249	1	412.788	1	1561.78	1	0.01	273.252	301.464
122	426.914	1	2.32329e+06	1	456.249	1	412.788	1	1561.78	1	0.0316228	273.258	301.471
122	426.914	1	2.32329e+06	1	456.249	1	412.788	1	1561.78	1	0.1	273.277	301.49
122	426.914	1	2.32329e+06	1	456.249	1	412.788	1	1561.78	1	0.316228	273.336	301.552
122	426.914	1	2.32329e+06	1	456.249	1	412.788	1	1561.78	1	1	273.522	301.746
122	426.914	1	2.32329e+06	1	456.249	1	412.788	1	1561.78	1	3.16228	274.107	302.356
122	426.914	1	2.32329e+06	1	456.249	1	412.788	1	1561.78	1	10	275.927	304.255
122	426.914	1	2.32329e+06	1	456.249	1	412.788	1	1561.78	1	31.6228	281.4	309.957
122	426.914	1	2.32329e+06	1	456.249	1	412.788	1	1561.78	1	100	297.286	326.475
123	526.763	1	726003	1	639.093	1	1788.79	1	4602.95	1	0	273.249	301.462
123	526.763	1	726003	1	639.093	1	1788.79	1	4602.95	1	0.001	273.25	301.462
123	526.763	1	726003	1	639.093	1	1788.79	1	4602.95	1	0.00316228	273.25	301.462
123	526.763	1	726003	1	639.093	1	1788.79	1	4602.95	1	0.01	273.251	301.463
123	526.763	1	726003	1	639.093	1	1788.79	1	4602.95	1	0.0316228	273.253	301.465
123	526.763	1	726003	1	639.093	1	1788.79	1	4602.95	1	0.1	273.26	301.473
123	526.763	1	726003	1	639.093	1	1788.79	1	4602.95	1	0.316228	273.284	301.497
123	526.763	1	726003	1	639.093	1	1788.79	1	4602.95	1	1	273.358	301.574
123	526.763	1	726003	1	639.093	1	1788.79	1	4602.95	1	3.16228	273.594	301.816
123	526.763	1	726003	1	639.093	1	1788.79	1	4602.95	1	10	274.331	302.574
123	526.763	1	726003	1	639.093	1	1788.79	1	4602.95	1	31.6228	276.6	304.908
123	526.763	1	726003	1	639.093	1	1788.79	1	4602.95	1	100	283.257	311.738
124	644.796	1	1.56172e+06	1	326.71	1	959.157	1	3464.47	1	0	273.249	301.462
124	644.796	1	1.56172e+06	1	326.71	1	959.157	1	3464.47	1	0.001	273.25	301.462
124	644.796	1	1.56172e+06	1	326.71	1	959.157	1	3464.47	1	0.00316228	273.25	301.462
124	644.796	1	1.56172e+06	1	326.71	1	959.157	1	3464.47	1	0.01	273.251	301.464
124	644.796	1	1.56172e+06	1	326.71	1	959.157	1	3464.47	1	0.0316228	273.255	301.468
124	644.796	1	1.56172e+06	1	326.71	1	959.157	1	3464.47	1	0.1	273.268	301.482
124	644.796	1	1.56172e+06	1	326.71	1	959.157	1	3464.47	1	0.316228	273.308	301.528
124	644.796	1	1.56172e+06	1	326.71	1	959.157	1	3464.47	1	1	273.436	301.67
124	644.796	1	1.56172e+06	1	326.71	1	959.157	1	3464.47	1	3.16228	273.837	302.118
124	644.796	1	1.56172e+06	1	326.71	1	959.157	1	3464.47	1	10	275.087	303.513
124	644.796	1	1.56172e+06	1	326.71	1	959.157	1	3464.47	1	31.6228	278.869	307.706
124	644.796	1	1.56172e+06	1	326.71	1	959.157	1	3464.47	1	100	289.487	319.394
125	497.296	1	1.12835e+06	1	333.216	1	1352.82	1	3347.32	1	0	273.249	301.462
125	497.296	1	1.12835e+06	1	333.216	1	1352.82	1	3347.32	1	0.001	273.25	301.462
125	497.296	1	1.12835e+06	1	333.216	1	1352.82	1	3347.32	1	0.00316228	273.25	301.462
125	497.296	1	1.12835e+06	1	333.216	1	1352.82	1	3347.32	1	0.01	273.251	301.463
125	497.296	1	1.12835e+06	1	333.216	1	1352.82	1	3347.32	1	0.0316228	273.255	301.467
125	497.296	1	1.12835e+06	1	333.216	1	1352.82	1	3347.32	1	0.1	273.266	301.48
125	497.296	1	1.12835e+06	1	333.216	1	1352.82	1	3347.32	1	0.316228	273.302	301.52
125	497.296	1	1.12835e+06	1	333.216	1	1352.82	1	3347.32	1	1	273.416	301.646
125	497.296	1	1.12835e+06	1	333.216	1	1352.82	1	3347.32	1	3.16228	273.775	302.041
125	497.296	1	1.12835e+06	1	333.216	1	1352.82	1	3347.32	1	10	274.893	303.27
125	497.296	1	1.12835e+06	1	333.216	1	1352.82	1	3347.32	1	31.6228	278.267	306.959
125	497.296	1	1.12835e+06	1	333.216	1	1352.82	1	3347.32	1	100	287.733	317.226
126	233.877	1	751037	1	466.633	1	894.763	1	4270.11	1	0	273.249	301.462
126	233.877	1	751037	1	466.633	1	894.763	1	4270.11	1	0.001	273.25	301.462
126	233.877	1	751037	1	466.633	1	894.763	1	4270.11	1	0.00316228	273.25	301.462
126	233.877	1	751037	1	466.633	1	894.763	1	4270.11	1	0.01	273.251	301.463
126	233.877	1	751037	1	466.633	1	894.763	1	4270.11	1	0.0316228	273.256	301.467
126	233.877	1	751037	1	466.633	1	894.763	1	4270.11	1	0.1	273.269	301.48
126	233.877	1	751037	1	466.633	1	894.763	1	4270.11	1	0.316228	273.311	301.521
126	233.877	1	751037	1	466.633	1	894.763	1	4270.11	1	1	273.443	301.648
126	233.877	1	751037	1	466.633	1	894.763	1	4270.11	1	3.16228	273.858	302.048
126	233.877	1	751037	1	466.633	1	894.763	1	4270.11	1	10	275.152	303.299
126	233.877	1	751037	1	466.633	1	894.763	1	4270.11	1	31.6228	279.057	307.098
126	233.877	1	751037	1	466.633	1	894.763	1	4270.11	1	100	290.101	317.96
127	450.37	1	6.84809e+06	1	601.219	1	1160.23	1	3398.34	1	0	273.249	301.462
127	450.37	1	6.84809e+06	1	601.219	1	1160.23	1	3398.34	1	0.001	273.25	301.462
127	450.37	1	6.84809e+06	1	601.219	1	1160.23	1	3398.34	1	0.00316228	273.25	301.462
127	450.37	1	6.84809e+06	1	601.219	1	1160.23	1	3398.34	1	0.01	273.251	301.463
127	450.37	1	6.84809e+06	1	601.219	1	1160.23	1	3398.34	1	0.0316228	273.254	301.466
127	450.37	1	6.84809e+06	1	601.219	1	1160.23	1	3398.34	1	0.1	273.263	301.476
127	450.37	1	6.84809e+06	1	601.219	1	1160.23	1	3398.34	1	0.316228	273.293	301.506
127	450.37	1	6.84809e+06	1	601.219	1	1160.23	1	3398.34	1	1	273.388	301.603
127	450.37	1	6.84809e+06	1	601.219	1	1160.23	1	3398.34	1	3.16228	273.686	301.906
127	450.37	1	6.84809e+06	1	601.219	1	1160.23	1	3398.34	1	10	274.619	302.858
127	450.37	1	6.84809e+06	1	601.219	1	1160.23	1	3398.34	1	31.6228	277.485	305.781
127	450.37	1	6.84809e+06	1	601.219	1	1160.23	1	3398.34	1	100	285.846	314.303
128	332.229	1	961892	1	288.213	1	3148.05	1	4087.74	1	0	273.249	301.462
128	332.229	1	961892	1	288.213	1	3148.05	1	4087.74	1	0.001	273.25	301.462
128	332.229	1	961892	1	288.213	1	3148.05	1	4087.74	1	0.00316228	273.25	301.462
128	332.229	1	961892	1	288.213	1	3148.05	1	4087.74	1	0.01	273.251	301.463
128	332.229	1	961892	1	288.213	1	3148.05	1	4087.74	1	0.0316228	273.254	301.467
128	332.229	1	961892	1	288.213	1	3148.05	1	4087.74	1	0.1	273.265	301.479
128	332.229	1	961892	1	288.213	1	3148.05	1	4087.74	1	0.316228	273.3	301.516
128	332.229	1	961892	1	288.213	1	3148.05	1	4087.74	1	1	273.409	301.634
128	332.229	1	961892	1	288.213	1	3148.05	1	4087.74	1	3.16228	273.752	302.005
128	332.229	1	961892	1	288.213	1	3148.05	1	4087.74	1	10	274.812	303.148
128	332.229	1	961892	1	288.213	1	3148.05	1	4087.74	1	31.6228	277.943	306.504
128	332.229	1	961892	1	288.213	1	3148.05	1	4087.74	1	100	286.235	315.337
129	426.005	1	5.16692e+06	1	543.632	1	4031.41	1	2910.46	1	0	273.249	301.462
129	426.005	1	5.16692e+06	1	543.632	1	4031.41	1	2910.46	1	0.001	273.25	301.462
129	426.005	1	5.16692e+06	1	543.632	1	4031.41	1	2910.46	1	0.00316228	273.25	301.462
129	426.005	1	5.16692e+06	1	543.632	1	4031.41	1	2910.46	1	0.01	273.25	301.463
129	426.005	1	5.16692e+06	1	543.632	1	4031.41	1	2910.46	1	0.0316228	273.253	301.465
129	426.005	1	5.16692e+06	1	543.632	1	4031.41	1	2910.46	1	0.1	273.259	301.472
129	426.005	1	5.16692e+06	1	543.632	1	4031.41	1	2910.46	1	0.316228	273.281	301.493
129	426.005	1	5.16692e+06	1	543.632	1	4031.41	1	2910.46	1	1	273.349	301.562
129	426.005	1	5.16692e+06	1	543.632	1	4031.41	1	2910.46	1	3.16228	273.562	301.779
129	426.005	1	5.16692e+06	1	543.632	1	4031.41	1	2910.46	1	10	274.228	302.456
129	426.005	1	5.16692e+06	1	543.632	1	4031.41	1	2910.46	1	31.6228	276.253	304.514
129	426.005	1	5.16692e+06	1	543.632	1	4031.41	1	2910.46	1	100	282.04	310.396
130	463.828	1	928826	1	193.184	1	1133.8	1	2954.76	1	0	273.249	301.462
130	463.828	1	928826	1	193.184	1	1133.8	1	2954.76	1	0.001	273.25	301.462
130	463.828	1	928826	1	193.184	1	1133.8	1	2954.76	1	0.00316228	273.25	301.462
130	463.828	1	928826	1	193.184	1	1133.8	1	2954.76	1	0.01	273.252	301.464
130	463.828	1	928826	1	193.184	1	1133.8	1	2954.76	1	0.0316228	273.257	301.471
130	463.828	1	928826	1	193.184	1	1133.8	1	2954.76	1	0.1	273.274	301.49
130	463.828	1	928826	1	193.184	1	1133.8	1	2954.76	1	0.316228	273.327	301.551
130	463.828	1	928826	1	193.184	1	1133.8	1	2954.76	1	1	273.493	301.744
130	463.828	1	928826	1	193.184	1	1133.8	1	2954.76	1	3.16228	274.016	302.347
130	463.828	1	928826	1	193.184	1	1133.8	1	2954.76	1	10	275.623	304.194
130	463.828	1	928826	1	193.184	1	1133.8	1	2954.76	1	31.6228	280.316	309.54
130	463.828	1	928826	1	193.184	1	1133.8	1	2954.76	1	100	292.415	323.149
131	506.542	1	983656	1	441.863	1	1182.67	1	2675.76	1	0	273.249	301.462
131	506.542	1	983656	1	441.863	1	1182.67	1	2675.76	1	0.001	273.25	301.462
131	506.542	1	983656	1	441.863	1	1182.67	1	2675.76	1	0.00316228	273.25	301.462
131	506.542	1	983656	1	441.863	1	1182.67	1	2675.76	1	0.01	273.251	301.463
131	506.542	1	983656	1	441.863	1	1182.67	1	2675.76	1	0.0316228	273.254	301.467
131	506.542	1	983656	1	441.863	1	1182.67	1	2675.76	1	0.1	273.265	301.478
131	506.542	1	983656	1	441.863	1	1182.67	1	2675.76	1	0.316228	273.298	301.513
131	506.542	1	983656	1	441.863	1	1182.67	1	2675.76	1	1	273.402	301.624
131	506.542	1	983656	1	441.863	1	1182.67	1	2675.76	1	3.16228	273.73	301.975
131	506.542	1	983656	1	441.863	1	1182.67	1	2675.76	1	10	274.757	303.071
131	506.542	1	983656	1	441.863	1	1182.67	1	2675.76	1	31.6228	277.893	306.406
131	506.542	1	983656	1	441.863	1	1182.67	1	2675.76	1	100	286.919	315.968
132	301.316	1	554981	1	331.033	1	1087.32	1	6531.01	1	0	273.249	301.462
132	301.316	1	554981	1	331.033	1	1087.32	1	6531.01	1	0.001	273.25	301.462
132	301.316	1	554981	1	331.033	1	1087.32	1	6531.01	1	0.00316228	273.25	301.462
132	301.316	1	554981	1	331.033	1	1087.32	1	6531.01	1	0.01	273.251	301.464
132	301.316	1	554981	1	331.033	1	1087.32	1	6531.01	1	0.0316228	273.256	301.468
132	301.316	1	554981	1	331.033	1	1087.32	1	6531.01	1	0.1	273.269	301.482
132	301.316	1	554981	1	331.033	1	1087.32	1	6531.01	1	0.316228	273.311	301.526
132	301.316	1	554981	1	331.033	1	1087.32	1	6531.01	1	1	273.444	301.664
132	301.316	1	554981	1	331.033	1	1087.32	1	6531.01	1	3.16228	273.862	302.1
132	301.316	1	554981	1	331.033	1	1087.32	1	6531.01	1	10	275.163	303.453
132	301.316	1	554981	1	331.033	1	1087.32	1	6531.01	1	31.6228	279.076	307.516
132	301.316	1	554981	1	331.033	1	1087.32	1	6531.01	1	100	289.997	318.835
133	451.171	1	2.41539e+06	1	270.45	1	1193.11	1	2210.29	1	0	273.249	301.462
133	451.171	1	2.41539e+06	1	270.45	1	1193.11	1	2210.29	1	0.001	273.25	301.462
133	451.171	1	2.41539e+06	1	270.45	1	1193.11	1	2210.29	1	0.00316228	273.25	301.462
133	451.171	1	2.41539e+06	1	270.45	1	1193.11	1	2210.29	1	0.01	273.251	301.464
133	451.171	1	2.41539e+06	1	270.45	1	1193.11	1	2210.29	1	0.0316228	273.256	301.469
133	451.171	1	2.41539e+06	1	270.45	1	1193.11	1	2210.29	1	0.1	273.269	301.484
133	451.171	1	2.41539e+06	1	270.45	1	1193.11	1	2210.29	1	0.316228	273.312	301.531
133	451.171	1	2.41539e+06	1	270.45	1	1193.11	1	2210.29	1	1	273.447	301.682
133	451.171	1	2.41539e+06	1	270.45	1	1193.11	1	2210.29	1	3.16228	273.871	302.155
133	451.171	1	2.41539e+06	1	270.45	1	1193.11	1	2210.29	1	10	275.188	303.618
133	451.171	1	2.41539e+06	1	270.45	1	1193.11	1	2210.29	1	31.6228	279.12	307.956
133	451.171	1	2.41539e+06	1	270.45	1	1193.11	1	2210.29	1	100	289.77	319.612
134	451.409	1	2.73638e+06	1	1079.15	1	1429.73	1	2418.45	1	0	273.249	301.462
134	451.409	1	2.73638e+06	1	1079.15	1	1429.73	1	2418.45	1	0.001	273.25	301.462
134	451.409	1	2.73638e+06	1	1079.15	1	1429.73	1	2418.45	1	0.00316228	273.25	301.462
134	451.409	1	2.73638e+06	1	1079.15	1	1429.73	1	2418.45	1	0.01	273.25	301.463
134	451.409	1	2.73638e+06	1	1079.15	1	1429.73	1	2418.45	1	0.0316228	273.253	301.465
134	451.409	1	2.73638e+06	1	1079.15	1	1429.73	1	2418.45	1	0.1	273.26	301.471
134	451.409	1	2.73638e+06	1	1079.15	1	1429.73	1	2418.45	1	0.316228	273.282	301.493
134	451.409	1	2.73638e+06	1	1079.15	1	1429.73	1	2418.45	1	1	273.354	301.561
134	451.409	1	2.73638e+06	1	1079.15	1	1429.73	1	2418.45	1	3.16228	273.578	301.774
134	451.409	1	2.73638e+06	1	1079.15	1	1429.73	1	2418.45	1	10	274.282	302.446
134	451.409	1	2.73638e+06	1	1079.15	1	1429.73	1	2418.45	1	31.6228	276.457	304.528
134	451.409	1	2.73638e+06	1	1079.15	1	1429.73	1	2418.45	1	100	282.904	310.748
135	657.686	1	2.92812e+06	1	661.229	1	1255.07	1	3079.65	1	0	273.249	301.462
135	657.686	1	2.92812e+06	1	661.229	1	1255.07	1	3079.65	1	0.001	273.25	301.462
135	657.686	1	2.92812e+06	1	661.229	1	1255.07	1	3079.65	1	0.00316228	273.25	301.462
135	657.686	1	2.92812e+06	1	661.229	1	1255.07	1	3079.65	1	0.01	273.251	301.463
135	657.686	1	2.92812e+06	1	661.229	1	1255.07	1	3079.65	1	0.0316228	273.253	301.466
135	657.686	1	2.92812e+06	1	661.229	1	1255.07	1	3079.65	1	0.1	273.262	301.474
135	657.686	1	2.92812e+06	1	661.229	1	1255.07	1	3079.65	1	0.316228	273.288	301.502
135	657.686	1	2.92812e+06	1	661.229	1	1255.07	1	3079.65	1	1	273.371	301.589
135	657.686	1	2.92812e+06	1	661.229	1	1255.07	1	3079.65	1	3.16228	273.633	301.865
135	657.686	1	2.92812e+06	1	661.229	1	1255.07	1	3079.65	1	10	274.455	302.728
135	657.686	1	2.92812e+06	1	661.229	1	1255.07	1	3079.65	1	31.6228	276.991	305.389
135	657.686	1	2.92812e+06	1	661.229	1	1255.07	1	3079.65	1	100	284.446	313.184
136	300.607	1	436933	1	344.954	1	2673.78	1	3350.27	1	0	273.249	301.462
136	300.607	1	436933	1	344.954	1	2673.78	1	3350.27	1	0.001	273.25	301.462
136	300.607	1	436933	1	344.954	1	2673.78	1	3350.27	1	0.00316228	273.25	301.462
136	300.607	1	436933	1	344.954	1	2673.78	1	3350.27	1	0.01	273.251	301.463
136	300.607	1	436933	1	344.954	1	2673.78	1	3350.27	1	0.0316228	273.254	301.466
136	300.607	1	436933	1	344.954	1	2673.78	1	3350.27	1	0.1	273.264	301.477
136	300.607	1	436933	1	344.954	1	2673.78	1	3350.27	1	0.316228	273.297	301.511
136	300.607	1	436933	1	344.954	1	2673.78	1	3350.27	1	1	273.4	301.617
136	300.607	1	436933	1	344.954	1	2673.78	1	3350.27	1	3.16228	273.723	301.951
136	300.607	1	436933	1	344.954	1	2673.78	1	3350.27	1	10	274.724	302.987
136	300.607	1	436933	1	344.954	1	2673.78	1	3350.27	1	31.6228	277.712	306.069
136	300.607	1	436933	1	344.954	1	2673.78	1	3350.27	1	100	285.908	314.523
137	407.031	1	293726	1	262.833	1	1497.32	1	3351.79	1	0	273.249	301.462
137	407.031	1	293726	1	262.833	1	1497.32	1	3351.79	1	0.001	273.25	301.462
137	407.031	1	293726	1	262.833	1	1497.32	1	3351.79	1	0.00316228	273.25	301.462
137	407.031	1	293726	1	262.833	1	1497.32	1	3351.79	1	0.01	273.251	301.464
137	407.031	1	293726	1	262.833	1	1497.32	1	3351.79	1	0.0316228	273.255	301.468
137	407.031	1	293726	1	262.833	1	1497.32	1	3351.79	1	0.1	273.268	301.483
137	407.031	1	293726	1	262.833	1	1497.32	1	3351.79	1	0.316228	273.31	301.529
137	407.031	1	293726	1	262.833	1	1497.32	1	3351.79	1	1	273.44	301.673
137	407.031	1	293726	1	262.833	1	1497.32	1	3351.79	1	3.16228	273.848	302.127
137	407.031	1	293726	1	262.833	1	1497.32	1	3351.79	1	10	275.111	303.529
137	407.031	1	293726	1	262.833	1	1497.32	1	3351.79	1	31.6228	278.867	307.66
137	407.031	1	293726	1	262.833	1	1497.32	1	3351.79	1	100	288.879	318.591
138	352.109	1	794884	1	327.097	1	1707.42	1	3932.71	1	0	273.249	301.462
138	352.109	1	794884	1	327.097	1	1707.42	1	3932.71	1	0.001	273.25	301.462
138	352.109	1	794884	1	327.097	1	1707.42	1	3932.71	1	0.00316228	273.25	301.462
138	352.109	1	794884	1	327.097	1	1707.42	1	3932.71	1	0.01	273.251	301.463
138	352.109	1	794884	1	327.097	1	1707.42	1	3932.71	1	0.0316228	273.255	301.467
138	352.109	1	794884	1	327.097	1	1707.42	1	3932.71	1	0.1	273.266	301.479
138	352.109	1	794884	1	327.097	1	1707.42	1	3932.71	1	0.316228	273.302	301.518
138	352.109	1	794884	1	327.097	1	1707.42	1	3932.71	1	1	273.415	301.638
138	352.109	1	794884	1	327.097	1	1707.42	1	3932.71	1	3.16228	273.771	302.018
138	352.109	1	794884	1	327.097	1	1707.42	1	3932.71	1	10	274.879	303.197
138	352.109	1	794884	1	327.097	1	1707.42	1	3932.71	1	31.6228	278.199	306.716
138	352.109	1	794884	1	327.097	1	1707.42	1	3932.71	1	100	287.414	316.43
139	544.919	1	514603	1	663.042	1	425.876	1	4373.34	1	0	273.249	301.462
139	544.919	1	514603	1	663.042	1	425.876	1	4373.34	1	0.001	273.25	301.462
139	544.919	1	514603	1	663.042	1	425.876	1	4373.34	1	0.00316228	273.25	301.462
139	544.919	1	514603	1	663.042	1	425.876	1	4373.34	1	0.01	273.252	301.464
139	544.919	1	514603	1	663.042	1	425.876	1	4373.34	1	0.0316228	273.257	301.469
139	544.919	1	514603	1	663.042	1	425.876	1	4373.34	1	0.1	273.273	301.486
139	544.919	1	514603	1	663.042	1	425.876	1	4373.34	1	0.316228	273.325	301.54
139	544.919	1	514603	1	663.042	1	425.876	1	4373.34	1	1	273.489	301.71
139	544.919	1	514603	1	663.042	1	425.876	1	4373.34	1	3.16228	274.006	302.245
139	544.919	1	514603	1	663.042	1	425.876	1	4373.34	1	10	275.613	303.908
139	544.919	1	514603	1	663.042	1	425.876	1	4373.34	1	31.6228	280.455	308.918
139	544.919	1	514603	1	663.042	1	425.876	1	4373.34	1	100	294.578	323.497
140	255.41	1	808185	1	167.069	1	1393.98	1	3663.23	1	0	273.249	301.462
140	255.41	1	808185	1	167.069	1	1393.98	1	3663.23	1	0.001	273.25	301.462
140	255.41	1	808185	1	167.069	1	1393.98	1	3663.23	1	0.00316228	273.25	301.463
140	255.41	1	808185	1	167.069	1	1393.98	1	3663.23	1	0.01	273.252	301.465
140	255.41	1	808185	1	167.069	1	1393.98	1	3663.23	1	0.0316228	273.258	301.471
140	255.41	1	808185	1	167.069	1	1393.98	1	3663.23	1	0.1	273.277	301.492
140	255.41	1	808185	1	167.069	1	1393.98	1	3663.23	1	0.316228	273.336	301.559
140	255.41	1	808185	1	167.069	1	1393.98	1	3663.23	1	1	273.524	301.768
140	255.41	1	808185	1	167.069	1	1393.98	1	3663.23	1	3.16228	274.109	302.422
140	255.41	1	808185	1	167.069	1	1393.98	1	3663.23	1	10	275.898	304.409
140	255.41	1	808185	1	167.069	1	1393.98	1	3663.23	1	31.6228	281.024	310.066
140	255.41	1	808185	1	167.069	1	1393.98	1	3663.23	1	100	293.701	323.819
141	800.081	1	1.88131e+06	1	160.053	1	925.102	1	2321.38	1	0	273.249	301.462
141	800.081	1	1.88131e+06	1	160.053	1	925.102	1	2321.38	1	0.001	273.25	301.462
141	800.081	1	1.88131e+06	1	160.053	1	925.102	1	2321.38	1	0.00316228	273.25	301.463
141	800.081	1	1.88131e+06	1	160.053	1	925.102	1	2321.38	1	0.01	273.252	301.465
141	800.081	1	1.88131e+06	1	160.053	1	925.102	1	2321.38	1	0.0316228	273.258	301.472
141	800.081	1	1.88131e+06	1	160.053	1	925.102	1	2321.38	1	0.1	273.278	301.495
141	800.081	1	1.88131e+06	1	160.053	1	925.102	1	2321.38	1	0.316228	273.339	301.569
141	800.081	1	1.88131e+06	1	160.053	1	925.102	1	2321.38	1	1	273.531	301.799
141	800.081	1	1.88131e+06	1	160.053	1	925.102	1	2321.38	1	3.16228	274.132	302.518
141	800.081	1	1.88131e+06	1	160.053	1	925.102	1	2321.38	1	10	275.969	304.708
141	800.081	1	1.88131e+06	1	160.053	1	925.102	1	2321.38	1	31.6228	281.261	310.977
141	800.081	1	1.88131e+06	1	160.053	1	925.102	1	2321.38	1	100	294.503	326.446
142	303.183	1	3.58033e+06	1	242.823	1	1256.29	1	2326.28	1	0	273.249	301.462
142	303.183	1	3.58033e+06	1	242.823	1	1256.29	1	2326.28	1	0.001	273.25	301.462
142	303.183	1	3.58033e+06	1	242.823	1	1256.29	1	2326.28	1	0.00316228	273.25	301.462
142	303.183	1	3.58033e+06	1	242.823	1	1256.29	1	2326.28	1	0.01	273.252	301.464
142	303.183	1	3.58033e+06	1	242.823	1	1256.29	1	2326.28	1	0.0316228	273.256	301.469
142	303.183	1	3.58033e+06	1	242.823	1	1256.29	1	2326.28	1	0.1	273.271	301.485
142	303.183	1	3.58033e+06	1	242.823	1	1256.29	1	2326.28	1	0.316228	273.319	301.537
142	303.183	1	3.58033e+06	1	242.823	1	1256.29	1	2326.28	1	1	273.468	301.699
142	303.183	1	3.58033e+06	1	242.823	1	1256.29	1	2326.28	1	3.16228	273.936	302.207
142	303.183	1	3.58033e+06	1	242.823	1	1256.29	1	2326.28	1	10	275.384	303.775
142	303.183	1	3.58033e+06	1	242.823	1	1256.29	1	2326.28	1	31.6228	279.664	308.375
142	303.183	1	3.58033e+06	1	242.823	1	1256.29	1	2326.28	1	100	291.043	320.528
143	663.023	1	1.47313e+07	1	400.544	1	757.671	1	2565.4	1	0	273.249	301.462
143	663.023	1	1.47313e+07	1	400.544	1	757.671	1	2565.4	1	0.001	273.25	301.462
143	663.023	1	1.47313e+07	1	400.544	1	757.671	1	2565.4	1	0.00316228	273.25	301.462
143	663.023	1	1.47313e+07	1	400.544	1	757.671	1	2565.4	1	0.01	273.251	301.464
143	663.023	1	1.47313e+07	1	400.544	1	757.671	1	2565.4	1	0.0316228	273.255	301.468
143	663.023	1	1.47313e+07	1	400.544	1	757.671	1	2565.4	1	0.1	273.268	301.482
143	663.023	1	1.47313e+07	1	400.544	1	757.671	1	2565.4	1	0.316228	273.31	301.527
143	663.023	1	1.47313e+07	1	400.544	1	757.671	1	2565.4	1	1	273.439	301.669
143	663.023	1	1.47313e+07	1	400.544	1	757.671	1	2565.4	1	3.16228	273.849	302.116
143	663.023	1	1.47313e+07	1	400.544	1	757.671	1	2565.4	1	10	275.127	303.511
143	663.023	1	1.47313e+07	1	400.544	1	757.671	1	2565.4	1	31.6228	279.019	307.742
143	663.023	1	1.47313e+07	1	400.544	1	757.671	1	2565.4	1	100	290.081	319.715
144	826.191	1	427010	1	385.192	1	1026.21	1	5852.2	1	0	273.249	301.462
144	826.191	1	427010	1	385.192	1	1026.21	1	5852.2	1	0.001	273.25	301.462
144	826.191	1	427010	1	385.192	1	1026.21	1	5852.2	1	0.00316228	273.25	301.462
144	826.191	1	427010	1	385.192	1	1026.21	1	5852.2	1	0.01	273.251	301.463
144	826.191	1	427010	1	385.192	1	1026.21	1	5852.2	1	0.0316228	273.255	301.467
144	826.191	1	427010	1	385.192	1	1026.21	1	5852.2	1	0.1	273.266	301.48
144	826.191	1	427010	1	385.192	1	1026.21	1	5852.2	1	0.316228	273.301	301.52
144	826.191	1	427010	1	385.192	1	1026.21	1	5852.2	1	1	273.413	301.645
144	826.191	1	427010	1	385.192	1	1026.21	1	5852.2	1	3.16228	273.765	302.039
144	826.191	1	427010	1	385.192	1	1026.21	1	5852.2	1	10	274.865	303.27
144	826.191	1	427010	1	385.192	1	1026.21	1	5852.2	1	31.6228	278.216	306.998
144	826.191	1	427010	1	385.192	1	1026.21	1	5852.2	1	100	287.766	317.561
145	674.477	1	359645	1	159.551	1	1132.17	1	3306.07	1	0	273.249	301.462
145	674.477	1	359645	1	159.551	1	1132.17	1	3306.07	1	0.001	273.25	301.462
145	674.477	1	359645	1	159.551	1	1132.17	1	3306.07	1	0.00316228	273.25	301.463
145	674.477	1	359645	1	159.551	1	1132.17	1	3306.07	1	0.01	273.252	301.465
145	674.477	1	359645	1	159.551	1	1132.17	1	3306.07	1	0.0316228	273.258	301.472
145	674.477	1	359645	1	159.551	1	1132.17	1	3306.07	1	0.1	273.276	301.494
145	674.477	1	359645	1	159.551	1	1132.17	1	3306.07	1	0.316228	273.335	301.564
145	674.477	1	359645	1	159.551	1	1132.17	1	3306.07	1	1	273.519	301.785
145	674.477	1	359645	1	159.551	1	1132.17	1	3306.07	1	3.16228	274.094	302.473
145	674.477	1	359645	1	159.551	1	1132.17	1	3306.07	1	10	275.848	304.565
145	674.477	1	359645	1	159.551	1	1132.17	1	3306.07	1	31.6228	280.88	310.525
145	674.477	1	359645	1	159.551	1	1132.17	1	3306.07	1	100	293.299	325.024
146	609.824	1	3.68564e+06	1	762.886	1	849.169	1	2415.58	1	0	273.249	301.462
146	609.824	1	3.68564e+06	1	762.886	1	849.169	1	2415.58	1	0.001	273.25	301.462
146	609.824	1	3.68564e+06	1	762.886	1	849.169	1	2415.58	1	0.00316228	273.25	301.462
146	609.824	1	3.68564e+06	1	762.886	1	849.169	1	2415.58	1	0.01	273.251	301.463
146	609.824	1	3.68564e+06	1	762.886	1	849.169	1	2415.58	1	0.0316228	273.254	301.466
146	609.824	1	3.68564e+06	1	762.886	1	849.169	1	2415.58	1	0.1	273.264	301.477
146	609.824	1	3.68564e+06	1	762.886	1	849.169	1	2415.58	1	0.316228	273.295	301.509
146	609.824	1	3.68564e+06	1	762.886	1	849.169	1	2415.58	1	1	273.395	301.611
146	609.824	1	3.68564e+06	1	762.886	1	849.169	1	2415.58	1	3.16228	273.708	301.934
146	609.824	1	3.68564e+06	1	762.886	1	849.169	1	2415.58	1	10	274.69	302.946
146	609.824	1	3.68564e+06	1	762.886	1	849.169	1	2415.58	1	31.6228	277.711	306.06
146	609.824	1	3.68564e+06	1	762.886	1	849.169	1	2415.58	1	100	286.517	315.122
147	531.776	1	1.41954e+06	1	351.252	1	1378.21	1	3028.36	1	0	273.249	301.462
147	531.776	1	1.41954e+06	1	351.252	1	1378.21	1	3028.36	1	0.001	273.25	301.462
147	531.776	1	1.41954e+06	1	351.252	1	1378.21	1	3028.36	1	0.00316228	273.25	301.462
147	531.776	1	1.41954e+06	1	351.252	1	1378.21	1	3028.36	1	0.01	273.251	301.463
147	531.776	1	1.41954e+06	1	351.252	1	1378.21	1	3028.36	1	0.0316228	273.254	301.467
147	531.776	1	1.41954e+06	1	351.252	1	1378.21	1	3028.36	1	0.1	273.265	301.479
147	531.776	1	1.41954e+06	1	351.252	1	1378.21	1	3028.36	1	0.316228	273.3	301.517
147	531.776	1	1.41954e+06	1	351.252	1	1378.21	1	3028.36	1	1	273.409	301.638
147	531.776	1	1.41954e+06	1	351.252	1	1378.21	1	3028.36	1	3.16228	273.753	302.018
147	531.776	1	1.41954e+06	1	351.252	1	1378.21	1	3028.36	1	10	274.826	303.198
147	531.776	1	1.41954e+06	1	351.252	1	1378.21	1	3028.36	1	31.6228	278.072	306.751
147	531.776	1	1.41954e+06	1	351.252	1	1378.21	1	3028.36	1	100	287.229	316.699
148	502.89	1	1.7231e+06	1	407.32	1	1477.35	1	2439.84	1	0	273.249	301.462
148	502.89	1	1.7231e+06	1	407.32	1	1477.35	1	2439.84	1	0.001	273.25	301.462
148	502.89	1	1.7231e+06	1	407.32	1	1477.35	1	2439.84	1	0.00316228	273.25	301.462
148	502.89	1	1.7231e+06	1	407.32	1	1477.35	1	2439.84	1	0.01	273.251	301.463
148	502.89	1	1.7231e+06	1	407.32	1	1477.35	1	2439.84	1	0.0316228	273.254	301.467
148	502.89	1	1.7231e+06	1	407.32	1	1477.35	1	2439.84	1	0.1	273.264	301.477
148	502.89	1	1.7231e+06	1	407.32	1	1477.35	1	2439.84	1	0.316228	273.296	301.511
148	502.89	1	1.7231e+06	1	407.32	1	1477.35	1	2439.84	1	1	273.395	301.619
148	502.89	1	1.7231e+06	1	407.32	1	1477.35	1	2439.84	1	3.16228	273.709	301.958
148	502.89	1	1.7231e+06	1	407.32	1	1477.35	1	2439.84	1	10	274.69	303.016
148	502.89	1	1.7231e+06	1	407.32	1	1477.35	1	2439.84	1	31.6228	277.673	306.22
148	502.89	1	1.7231e+06	1	407.32	1	1477.35	1	2439.84	1	100	286.195	315.325
149	565.105	1	1.72122e+06	1	303.28	1	1368.59	1	2682.43	1	0	273.249	301.462
149	565.105	1	1.72122e+06	1	303.28	1	1368.59	1	2682.43	1	0.001	273.25	301.462
149	565.105	1	1.72122e+06	1	303.28	1	1368.59	1	2682.43	1	0.00316228	273.25	301.462
149	565.105	1	1.72122e+06	1	303.28	1	1368.59	1	2682.43	1	0.01	273.251	301.464
149	565.105	1	1.72122e+06	1	303.28	1	1368.59	1	2682.43	1	0.0316228	273.255	301.468
149	565.105	1	1.72122e+06	1	303.28	1	1368.59	1	2682.43	1	0.1	273.267	301.481
149	565.105	1	1.72122e+06	1	303.28	1	1368.59	1	2682.43	1	0.316228	273.304	301.523
149	565.105	1	1.72122e+06	1	303.28	1	1368.59	1	2682.43	1	1	273.422	301.656
149	565.105	1	1.72122e+06	1	303.28	1	1368.59	1	2682.43	1	3.16228	273.793	302.074
149	565.105	1	1.72122e+06	1	303.28	1	1368.59	1	2682.43	1	10	274.947	303.37
149	565.105	1	1.72122e+06	1	303.28	1	1368.59	1	2682.43	1	31.6228	278.415	307.235
149	565.105	1	1.72122e+06	1	303.28	1	1368.59	1	2682.43	1	100	288.033	317.859
150	275.298	1	453204	1	982.556	1	1452.96	1	4963.03	1	0	273.249	301.462
150	275.298	1	453204	1	982.556	1	1452.96	1	4963.03	1	0.001	273.25	301.462
150	275.298	1	453204	1	982.556	1	1452.96	1	4963.03	1	0.00316228	273.25	301.462
150	275.298	1	453204	1	982.556	1	1452.96	1	4963.03	1	0.01	273.251	301.463
150	275.298	1	453204	1	982.556	1	1452.96	1	4963.03	1	0.0316228	273.253	301.465
150	275.298	1	453204	1	982.556	1	1452.96	1	4963.03	1	0.1	273.261	301.472
150	275.298	1	453204	1	982.556	1	1452.96	1	4963.03	1	0.316228	273.288	301.495
150	275.298	1	453204	1	982.556	1	1452.96	1	4963.03	1	1	273.37	301.567
150	275.298	1	453204	1	982.556	1	1452.96	1	4963.03	1	3.16228	273.629	301.795
150	275.298	1	453204	1	982.556	1	1452.96	1	4963.03	1	10	274.439	302.511
150	275.298	1	453204	1	982.556	1	1452.96	1	4963.03	1	31.6228	276.905	304.715
150	275.298	1	453204	1	982.556	1	1452.96	1	4963.03	1	100	284.047	311.249
151	444.62	1	743233	1	833.026	1	1582.08	1	4237.2	1	0	273.249	301.462
151	444.62	1	743233	1	833.026	1	1582.08	1	4237.2	1	0.001	273.25	301.462
151	444.62	1	743233	1	833.026	1	1582.08	1	4237.2	1	0.00316228	273.25	301.462
151	444.62	1	743233	1	833.026	1	1582.08	1	4237.2	1	0.01	273.25	301.463
151	444.62	1	743233	1	833.026	1	1582.08	1	4237.2	1	0.0316228	273.253	301.465
151	444.62	1	743233	1	833.026	1	1582.08	1	4237.2	1	0.1	273.26	301.472
151	444.62	1	743233	1	833.026	1	1582.08	1	4237.2	1	0.316228	273.283	301.495
151	444.62	1	743233	1	833.026	1	1582.08	1	4237.2	1	1	273.357	301.566
151	444.62	1	743233	1	833.026	1	1582.08	1	4237.2	1	3.16228	273.588	301.791
151	444.62	1	743233	1	833.026	1	1582.08	1	4237.2	1	10	274.314	302.499
151	444.62	1	743233	1	833.026	1	1582.08	1	4237.2	1	31.6228	276.551	304.687
151	444.62	1	743233	1	833.026	1	1582.08	1	4237.2	1	100	283.154	311.172
152	539.012	1	2.03339e+06	1	411.047	1	4061.4	1	2241.77	1	0	273.249	301.462
152	539.012	1	2.03339e+06	1	411.047	1	4061.4	1	2241.77	1	0.001	273.25	301.462
152	539.012	1	2.03339e+06	1	411.047	1	4061.4	1	2241.77	1	0.00316228	273.25	301.462
152	539.012	1	2.03339e+06	1	411.047	1	4061.4	1	2241.77	1	0.01	273.251	301.463
152	539.012	1	2.03339e+06	1	411.047	1	4061.4	1	2241.77	1	0.0316228	273.253	301.465
152	539.012	1	2.03339e+06	1	411.047	1	4061.4	1	2241.77	1	0.1	273.261	301.474
152	539.012	1	2.03339e+06	1	411.047	1	4061.4	1	2241.77	1	0.316228	273.285	301.5
152	539.012	1	2.03339e+06	1	411.047	1	4061.4	1	2241.77	1	1	273.361	301.584
152	539.012	1	2.03339e+06	1	411.047	1	4061.4	1	2241.77	1	3.16228	273.601	301.848
152	539.012	1	2.03339e+06	1	411.047	1	4061.4	1	2241.77	1	10	274.349	302.669
152	539.012	1	2.03339e+06	1	411.047	1	4061.4	1	2241.77	1	31.6228	276.605	305.133
152	539.012	1	2.03339e+06	1	411.047	1	4061.4	1	2241.77	1	100	282.911	311.98
153	312.315	1	2.16595e+06	1	485.215	1	1087.19	1	6238.61	1	0	273.249	301.462
153	312.315	1	2.16595e+06	1	485.215	1	1087.19	1	6238.61	1	0.001	273.25	301.462
153	312.315	1	2.16595e+06	1	485.215	1	1087.19	1	6238.61	1	0.00316228	273.25	301.462
153	312.315	1	2.16595e+06	1	485.215	1	1087.19	1	6238.61	1	0.01	273.251	301.463
153	312.315	1	2.16595e+06	1	485.215	1	1087.19	1	6238.61	1	0.0316228	273.255	301.467
153	312.315	1	2.16595e+06	1	485.215	1	1087.19	1	6238.61	1	0.1	273.266	301.478
153	312.315	1	2.16595e+06	1	485.215	1	1087.19	1	6238.61	1	0.316228	273.302	301.514
153	312.315	1	2.16595e+06	1	485.215	1	1087.19	1	6238.61	1	1	273.414	301.626
153	312.315	1	2.16595e+06	1	485.215	1	1087.19	1	6238.61	1	3.16228	273.768	301.979
153	312.315	1	2.16595e+06	1	485.215	1	1087.19	1	6238.61	1	10	274.875	303.084
153	312.315	1	2.16595e+06	1	485.215	1	1087.19	1	6238.61	1	31.6228	278.242	306.45
153	312.315	1	2.16595e+06	1	485.215	1	1087.19	1	6238.61	1	100	287.885	316.137
154	620.874	1	1.16438e+06	1	154.592	1	3188.38	1	4194.07	1	0	273.249	301.462
154	620.874	1	1.16438e+06	1	154.592	1	3188.38	1	4194.07	1	0.001	273.25	301.462
154	620.874	1	1.16438e+06	1	154.592	1	3188.38	1	4194.07	1	0.00316228	273.25	301.462
154	620.874	1	1.16438e+06	1	154.592	1	3188.38	1	4194.07	1	0.01	273.252	301.464
154	620.874	1	1.16438e+06	1	154.592	1	3188.38	1	4194.07	1	0.0316228	273.257	301.471
154	620.874	1	1.16438e+06	1	154.592	1	3188.38	1	4194.07	1	0.1	273.273	301.49
154	620.874	1	1.16438e+06	1	154.592	1	3188.38	1	4194.07	1	0.316228	273.324	301.553
154	620.874	1	1.16438e+06	1	154.592	1	3188.38	1	4194.07	1	1	273.484	301.749
154	620.874	1	1.16438e+06	1	154.592	1	3188.38	1	4194.07	1	3.16228	273.982	302.359
154	620.874	1	1.16438e+06	1	154.592	1	3188.38	1	4194.07	1	10	275.488	304.195
154	620.874	1	1.16438e+06	1	154.592	1	3188.38	1	4194.07	1	31.6228	279.701	309.305
154	620.874	1	1.16438e+06	1	154.592	1	3188.38	1	4194.07	1	100	289.477	321.01
155	439.146	1	1.4561e+06	1	624.592	1	654.121	1	3575.56	1	0	273.249	301.462
155	439.146	1	1.4561e+06	1	624.592	1	654.121	1	3575.56	1	0.001	273.25	301.462
155	439.146	1	1.4561e+06	1	624.592	1	654.121	1	3575.56	1	0.00316228	273.25	301.462
155	439.146	1	1.4561e+06	1	624.592	1	654.121	1	3575.56	1	0.01	273.251	301.463
155	439.146	1	1.4561e+06	1	624.592	1	654.121	1	3575.56	1	0.0316228	273.255	301.468
155	439.146	1	1.4561e+06	1	624.592	1	654.121	1	3575.56	1	0.1	273.268	301.481
155	439.146	1	1.4561e+06	1	624.592	1	654.121	1	3575.56	1	0.316228	273.309	301.522
155	439.146	1	1.4561e+06	1	624.592	1	654.121	1	3575.56	1	1	273.436	301.652
155	439.146	1	1.4561e+06	1	624.592	1	654.121	1	3575.56	1	3.16228	273.838	302.062
155	439.146	1	1.4561e+06	1	624.592	1	654.121	1	3575.56	1	10	275.095	303.344
155	439.146	1	1.4561e+06	1	624.592	1	654.121	1	3575.56	1	31.6228	278.932	307.258
155	439.146	1	1.4561e+06	1	624.592	1	654.121	1	3575.56	1	100	289.994	318.533
156	324.373	1	654506	1	446.102	1	1623.22	1	4427.87	1	0	273.249	301.462
156	324.373	1	654506	1	446.102	1	1623.22	1	4427.87	1	0.001	273.25	301.462
156	324.373	1	654506	1	446.102	1	1623.22	1	4427.87	1	0.00316228	273.25	301.462
156	324.373	1	654506	1	446.102	1	1623.22	1	4427.87	1	0.01	273.251	301.463
156	324.373	1	654506	1	446.102	1	1623.22	1	4427.87	1	0.0316228	273.254	301.466
156	324.373	1	654506	1	446.102	1	1623.22	1	4427.87	1	0.1	273.264	301.476
156	324.373	1	654506	1	446.102	1	1623.22	1	4427.87	1	0.316228	273.296	301.508
156	324.373	1	654506	1	446.102	1	1623.22	1	4427.87	1	1	273.396	301.609
156	324.373	1	654506	1	446.102	1	1623.22	1	4427.87	1	3.16228	273.71	301.926
156	324.373	1	654506	1	446.102	1	1623.22	1	4427.87	1	10	274.691	302.916
156	324.373	1	654506	1	446.102	1	1623.22	1	4427.87	1	31.6228	277.664	305.919
156	324.373	1	654506	1	446.102	1	1623.22	1	4427.87	1	100	286.133	314.496
157	433.519	1	259662	1	477.779	1	3233.34	1	2846.22	1	0	273.249	301.462
157	433.519	1	259662	1	477.779	1	3233.34	1	2846.22	1	0.001	273.25	301.462
157	433.519	1	259662	1	477.779	1	3233.34	1	2846.22	1	0.00316228	273.25	301.462
157	433.519	1	259662	1	477.779	1	3233.34	1	2846.22	1	0.01	273.251	301.463
157	433.519	1	259662	1	477.779	1	3233.34	1	2846.22	1	0.0316228	273.253	301.465
157	433.519	1	259662	1	477.779	1	3233.34	1	2846.22	1	0.1	273.26	301.473
157	433.519	1	259662	1	477.779	1	3233.34	1	2846.22	1	0.316228	273.284	301.498
157	433.519	1	259662	1	477.779	1	3233.34	1	2846.22	1	1	273.36	301.577
157	433.519	1	259662	1	477.779	1	3233.34	1	2846.22	1	3.16228	273.598	301.825
157	433.519	1	259662	1	477.779	1	3233.34	1	2846.22	1	10	274.341	302.598
157	433.519	1	259662	1	477.779	1	3233.34	1	2846.22	1	31.6228	276.594	304.94
157	433.519	1	259662	1	477.779	1	3233.34	1	2846.22	1	100	283.006	311.59
158	482.56	1	911156	1	395.886	1	824.696	1	4227.52	1	0	273.249	301.462
158	482.56	1	911156	1	395.886	1	824.696	1	4227.52	1	0.001	273.25	301.462
158	482.56	1	911156	1	395.886	1	824.696	1	4227.52	1	0.00316228	273.25	301.462
158	482.56	1	911156	1	395.886	1	824.696	1	4227.52	1	0.01	273.251	301.464
158	482.56	1	911156	1	395.886	1	824.696	1	4227.52	1	0.0316228	273.255	301.468
158	482.56	1	911156	1	395.886	1	824.696	1	4227.52	1	0.1	273.268	301.482
158	482.56	1	911156	1	395.886	1	824.696	1	4227.52	1	0.316228	273.309	301.525
158	482.56	1	911156	1	395.886	1	824.696	1	4227.52	1	1	273.438	301.664
158	482.56	1	911156	1	395.886	1	824.696	1	4227.52	1	3.16228	273.844	302.098
158	482.56	1	911156	1	395.886	1	824.696	1	4227.52	1	10	275.112	303.454
158	482.56	1	911156	1	395.886	1	824.696	1	4227.52	1	31.6228	278.97	307.566
158	482.56	1	911156	1	395.886	1	824.696	1	4227.52	1	100	289.947	319.215
159	569.7	1	810051	1	626.673	1	809.369	1	3105.68	1	0	273.249	301.462
159	569.7	1	810051	1	626.673	1	809.369	1	3105.68	1	0.001	273.25	301.462
159	569.7	1	810051	1	626.673	1	809.369	1	3105.68	1	0.00316228	273.25	301.462
159	569.7	1	810051	1	626.673	1	809.369	1	3105.68	1	0.01	273.251	301.463
159	569.7	1	810051	1	626.673	1	809.369	1	3105.68	1	0.0316228	273.254	301.467
159	569.7	1	810051	1	626.673	1	809.369	1	3105.68	1	0.1	273.265	301.478
159	569.7	1	810051	1	626.673	1	809.369	1	3105.68	1	0.316228	273.3	301.514
159	569.7	1	810051	1	626.673	1	809.369	1	3105.68	1	1	273.409	301.627
159	569.7	1	810051	1	626.673	1	809.369	1	3105.68	1	3.16228	273.752	301.985
159	569.7	1	810051	1	626.673	1	809.369	1	3105.68	1	10	274.826	303.103
159	569.7	1	810051	1	626.673	1	809.369	1	3105.68	1	31.6228	278.124	306.534
159	569.7	1	810051	1	626.673	1	809.369	1	3105.68	1	100	287.678	316.449
160	311.329	1	693118	1	321.758	1	975.599	1	9862.5	1	0	273.249	301.462
160	311.329	1	693118	1	321.758	1	975.599	1	9862.5	1	0.001	273.25	301.462
160	311.329	1	693118	1	321.758	1	975.599	1	9862.5	1	0.00316228	273.25	301.462
160	311.329	1	693118	1	321.758	1	975.599	1	9862.5	1	0.01	273.251	301.464
160	311.329	1	693118	1	321.758	1	975.599	1	9862.5	1	0.0316228	273.256	301.468
160	311.329	1	693118	1	321.758	1	975.599	1	9862.5	1	0.1	273.27	301.483
160	311.329	1	693118	1	321.758	1	975.599	1	9862.5	1	0.316228	273.314	301.529
160	311.329	1	693118	1	321.758	1	975.599	1	9862.5	1	1	273.453	301.675
160	311.329	1	693118	1	321.758	1	975.599	1	9862.5	1	3.16228	273.891	302.135
160	311.329	1	693118	1	321.758	1	975.599	1	9862.5	1	10	275.254	303.564
160	311.329	1	693118	1	321.758	1	975.599	1	9862.5	1	31.6228	279.355	307.849
160	311.329	1	693118	1	321.758	1	975.599	1	9862.5	1	100	290.791	319.761
161	438.9	1	970057	1	466.233	1	763.287	1	2616.55	1	0	273.249	301.462
161	438.9	1	970057	1	466.233	1	763.287	1	2616.55	1	0.001	273.25	301.462
161	438.9	1	970057	1	466.233	1	763.287	1	2616.55	1	0.00316228	273.25	301.462
161	438.9	1	970057	1	466.233	1	763.287	1	2616.55	1	0.01	273.251	301.464
161	438.9	1	970057	1	466.233	1	763.287	1	2616.55	1	0.0316228	273.255	301.468
161	438.9	1	970057	1	466.233	1	763.287	1	2616.55	1	0.1	273.268	301.481
161	438.9	1	970057	1	466.233	1	763.287	1	2616.55	1	0.316228	273.309	301.523
161	438.9	1	970057	1	466.233	1	763.287	1	2616.55	1	1	273.436	301.657
161	438.9	1	970057	1	466.233	1	763.287	1	2616.55	1	3.16228	273.839	302.077
161	438.9	1	970057	1	466.233	1	763.287	1	2616.55	1	10	275.096	303.391
161	438.9	1	970057	1	466.233	1	763.287	1	2616.55	1	31.6228	278.932	307.391
161	438.9	1	970057	1	466.233	1	763.287	1	2616.55	1	100	289.906	318.812
162	621.065	1	1.69281e+06	1	241.582	1	783.345	1	2992.44	1	0	273.249	301.462
162	621.065	1	1.69281e+06	1	241.582	1	783.345	1	2992.44	1	0.001	273.25	301.462
162	621.065	1	1.69281e+06	1	241.582	1	783.345	1	2992.44	1	0.00316228	273.25	301.462
162	621.065	1	1.69281e+06	1	241.582	1	783.345	1	2992.44	1	0.01	273.252	301.464
162	621.065	1	1.69281e+06	1	241.582	1	783.345	1	2992.44	1	0.0316228	273.257	301.47
162	621.065	1	1.69281e+06	1	241.582	1	783.345	1	2992.44	1	0.1	273.273	301.489
162	621.065	1	1.69281e+06	1	241.582	1	783.345	1	2992.44	1	0.316228	273.324	301.547
162	621.065	1	1.69281e+06	1	241.582	1	783.345	1	2992.44	1	1	273.486	301.731
162	621.065	1	1.69281e+06	1	241.582	1	783.345	1	2992.44	1	3.16228	273.995	302.31
162	621.065	1	1.69281e+06	1	241.582	1	783.345	1	2992.44	1	10	275.572	304.1
162	621.065	1	1.69281e+06	1	241.582	1	783.345	1	2992.44	1	31.6228	280.27	309.39
162	621.065	1	1.69281e+06	1	241.582	1	783.345	1	2992.44	1	100	293.012	323.625
163	633.237	1	1.1645e+06	1	422.177	1	1325.47	1	2276.99	1	0	273.249	301.462
163	633.237	1	1.1645e+06	1	422.177	1	1325.47	1	2276.99	1	0.001	273.25	301.462
163	633.237	1	1.1645e+06	1	422.177	1	1325.47	1	2276.99	1	0.00316228	273.25	301.462
163	633.237	1	1.1645e+06	1	422.177	1	1325.47	1	2276.99	1	0.01	273.251	301.463
163	633.237	1	1.1645e+06	1	422.177	1	1325.47	1	2276.99	1	0.0316228	273.254	301.467
163	633.237	1	1.1645e+06	1	422.177	1	1325.47	1	2276.99	1	0.1	273.264	301.477
163	633.237	1	1.1645e+06	1	422.177	1	1325.47	1	2276.99	1	0.316228	273.295	301.512
163	633.237	1	1.1645e+06	1	422.177	1	1325.47	1	2276.99	1	1	273.394	301.62
163	633.237	1	1.1645e+06	1	422.177	1	1325.47	1	2276.99	1	3.16228	273.706	301.963
163	633.237	1	1.1645e+06	1	422.177	1	1325.47	1	2276.99	1	10	274.68	303.03
163	633.237	1	1.1645e+06	1	422.177	1	1325.47	1	2276.99	1	31.6228	277.654	306.274
163	633.237	1	1.1645e+06	1	422.177	1	1325.47	1	2276.99	1	100	286.189	315.534
164	413.402	1	1.13966e+06	1	218.494	1	784.581	1	3417.31	1	0	273.249	301.462
164	413.402	1	1.13966e+06	1	218.494	1	784.581	1	3417.31	1	0.001	273.25	301.462
164	413.402	1	1.13966e+06	1	218.494	1	784.581	1	3417.31	1	0.00316228	273.25	301.462
164	413.402	1	1.13966e+06	1	218.494	1	784.581	1	3417.31	1	0.01	273.252	301.464
164	413.402	1	1.13966e+06	1	218.494	1	784.581	1	3417.31	1	0.0316228	273.258	301.471
164	413.402	1	1.13966e+06	1	218.494	1	784.581	1	3417.31	1	0.1	273.275	301.491
164	413.402	1	1.13966e+06	1	218.494	1	784.581	1	3417.31	1	0.316228	273.331	301.553
164	413.402	1	1.13966e+06	1	218.494	1	784.581	1	3417.31	1	1	273.508	301.751
164	413.402	1	1.13966e+06	1	218.494	1	784.581	1	3417.31	1	3.16228	274.062	302.372
164	413.402	1	1.13966e+06	1	218.494	1	784.581	1	3417.31	1	10	275.775	304.284
164	413.402	1	1.13966e+06	1	218.494	1	784.581	1	3417.31	1	31.6228	280.846	309.895
164	413.402	1	1.13966e+06	1	218.494	1	784.581	1	3417.31	1	100	294.43	324.789
165	523.725	1	635312	1	736.123	1	819.791	1	3101.16	1	0	273.249	301.462
165	523.725	1	635312	1	736.123	1	819.791	1	3101.16	1	0.001	273.25	301.462
165	523.725	1	635312	1	736.123	1	819.791	1	3101.16	1	0.00316228	273.25	301.462
165	523.725	1	635312	1	736.123	1	819.791	1	3101.16	1	0.01	273.251	301.463
165	523.725	1	635312	1	736.123	1	819.791	1	3101.16	1	0.0316228	273.254	301.466
165	523.725	1	635312	1	736.123	1	819.791	1	3101.16	1	0.1	273.265	301.477
165	523.725	1	635312	1	736.123	1	819.791	1	3101.16	1	0.316228	273.298	301.511
165	523.725	1	635312	1	736.123	1	819.791	1	3101.16	1	1	273.402	301.617
165	523.725	1	635312	1	736.123	1	819.791	1	3101.16	1	3.16228	273.73	301.952
165	523.725	1	635312	1	736.123	1	819.791	1	3101.16	1	10	274.76	303.003
165	523.725	1	635312	1	736.123	1	819.791	1	3101.16	1	31.6228	277.923	306.231
165	523.725	1	635312	1	736.123	1	819.791	1	3101.16	1	100	287.112	315.596
166	484.663	1	1.0024e+06	1	527.87	1	650	1	4378.44	1	0	273.249	301.462
166	484.663	1	1.0024e+06	1	527.87	1	650	1	4378.44	1	0.001	273.25	301.462
166	484.663	1	1.0024e+06	1	527.87	1	650	1	4378.44	1	0.00316228	273.25	301.462
166	484.663	1	1.0024e+06	1	527.87	1	650	1	4378.44	1	0.01	273.251	301.464
166	484.663	1	1.0024e+06	1	527.87	1	650	1	4378.44	1	0.0316228	273.256	301.468
166	484.663	1	1.0024e+06	1	527.87	1	650	1	4378.44	1	0.1	273.269	301.482
166	484.663	1	1.0024e+06	1	527.87	1	650	1	4378.44	1	0.316228	273.311	301.526
166	484.663	1	1.0024e+06	1	527.87	1	650	1	4378.44	1	1	273.443	301.664
166	484.663	1	1.0024e+06	1	527.87	1	650	1	4378.44	1	3.16228	273.861	302.099
166	484.663	1	1.0024e+06	1	527.87	1	650	1	4378.44	1	10	275.166	303.458
166	484.663	1	1.0024e+06	1	527.87	1	650	1	4378.44	1	31.6228	279.146	307.6
166	484.663	1	1.0024e+06	1	527.87	1	650	1	4378.44	1	100	290.6	319.495
167	424.789	1	1.94359e+06	1	320.394	1	1335.23	1	4444.12	1	0	273.249	301.462
167	424.789	1	1.94359e+06	1	320.394	1	1335.23	1	4444.12	1	0.001	273.25	301.462
167	424.789	1	1.94359e+06	1	320.394	1	1335.23	1	4444.12	1	0.00316228	273.25	301.462
167	424.789	1	1.94359e+06	1	320.394	1	1335.23	1	4444.12	1	0.01	273.251	301.463
167	424.789	1	1.94359e+06	1	320.394	1	1335.23	1	4444.12	1	0.0316228	273.255	301.468
167	424.789	1	1.94359e+06	1	320.394	1	1335.23	1	4444.12	1	0.1	273.267	301.481
167	424.789	1	1.94359e+06	1	320.394	1	1335.23	1	4444.12	1	0.316228	273.305	301.522
167	424.789	1	1.94359e+06	1	320.394	1	1335.23	1	4444.12	1	1	273.424	301.652
167	424.789	1	1.94359e+06	1	320.394	1	1335.23	1	4444.12	1	3.16228	273.8	302.061
167	424.789	1	1.94359e+06	1	320.394	1	1335.23	1	4444.12	1	10	274.969	303.333
167	424.789	1	1.94359e+06	1	320.394	1	1335.23	1	4444.12	1	31.6228	278.488	307.138
167	424.789	1	1.94359e+06	1	320.394	1	1335.23	1	4444.12	1	100	288.311	317.679
168	718.774	1	1.51674e+06	1	365.198	1	851.99	1	2113.86	1	0	273.249	301.462
168	718.774	1	1.51674e+06	1	365.198	1	851.99	1	2113.86	1	0.001	273.25	301.462
168	718.774	1	1.51674e+06	1	365.198	1	851.99	1	2113.86	1	0.00316228	273.25	301.462
168	718.774	1	1.51674e+06	1	365.198	1	851.99	1	2113.86	1	0.01	273.251	301.464
168	718.774	1	1.51674e+06	1	365.198	1	851.99	1	2113.86	1	0.0316228	273.255	301.468
168	718.774	1	1.51674e+06	1	365.198	1	851.99	1	2113.86	1	0.1	273.268	301.482
168	718.774	1	1.51674e+06	1	365.198	1	851.99	1	2113.86	1	0.316228	273.308	301.527
168	718.774	1	1.51674e+06	1	365.198	1	851.99	1	2113.86	1	1	273.435	301.667
168	718.774	1	1.51674e+06	1	365.198	1	851.99	1	2113.86	1	3.16228	273.833	302.11
168	718.774	1	1.51674e+06	1	365.198	1	851.99	1	2113.86	1	10	275.078	303.489
168	718.774	1	1.51674e+06	1	365.198	1	851.99	1	2113.86	1	31.6228	278.86	307.66
168	718.774	1	1.51674e+06	1	365.198	1	851.99	1	2113.86	1	100	289.569	319.41
169	513.454	1	287725	1	364.699	1	1482.29	1	2177.67	1	0	273.249	301.462
169	513.454	1	287725	1	364.699	1	1482.29	1	2177.67	1	0.001	273.25	301.462
169	513.454	1	287725	1	364.699	1	1482.29	1	2177.67	1	0.00316228	273.25	301.462
169	513.454	1	287725	1	364.699	1	1482.29	1	2177.67	1	0.01	273.251	301.463
169	513.454	1	287725	1	364.699	1	1482.29	1	2177.67	1	0.0316228	273.254	301.467
169	513.454	1	287725	1	364.699	1	1482.29	1	2177.67	1	0.1	273.265	301.478
169	513.454	1	287725	1	364.699	1	1482.29	1	2177.67	1	0.316228	273.298	301.515
169	513.454	1	287725	1	364.699	1	1482.29	1	2177.67	1	1	273.403	301.63
169	513.454	1	287725	1	364.699	1	1482.29	1	2177.67	1	3.16228	273.734	301.993
169	513.454	1	287725	1	364.699	1	1482.29	1	2177.67	1	10	274.765	303.121
169	513.454	1	287725	1	364.699	1	1482.29	1	2177.67	1	31.6228	277.889	306.521
169	513.454	1	287725	1	364.699	1	1482.29	1	2177.67	1	100	286.72	316.07
170	401.825	1	103389	1	249.692	1	335.497	1	3057.85	1	0	273.249	301.462
170	401.825	1	103389	1	249.692	1	335.497	1	3057.85	1	0.001	273.25	301.462
170	401.825	1	103389	1	249.692	1	335.497	1	3057.85	1	0.00316228	273.251	301.463
170	401.825	1	103389	1	249.692	1	335.497	1	3057.85	1	0.01	273.253	301.466
170	401.825	1	103389	1	249.692	1	335.497	1	3057.85	1	0.0316228	273.261	301.474
170	401.825	1	103389	1	249.692	1	335.497	1	3057.85	1	0.1	273.286	301.502
170	401.825	1	103389	1	249.692	1	335.497	1	3057.85	1	0.316228	273.366	301.588
170	401.825	1	103389	1	249.692	1	335.497	1	3057.85	1	1	273.618	301.86
170	401.825	1	103389	1	249.692	1	335.497	1	3057.85	1	3.16228	274.408	302.716
170	401.825	1	103389	1	249.692	1	335.497	1	3057.85	1	10	276.854	305.356
170	401.825	1	103389	1	249.692	1	335.497	1	3057.85	1	31.6228	284.075	313.121
170	401.825	1	103389	1	249.692	1	335.497	1	3057.85	1	100	304.336	334.771
171	309.272	1	511281	1	495.442	1	1687.28	1	2894.43	1	0	273.249	301.462
171	309.272	1	511281	1	495.442	1	1687.28	1	2894.43	1	0.001	273.25	301.462
171	309.272	1	511281	1	495.442	1	1687.28	1	2894.43	1	0.00316228	273.25	301.462
171	309.272	1	511281	1	495.442	1	1687.28	1	2894.43	1	0.01	273.251	301.463
171	309.272	1	511281	1	495.442	1	1687.28	1	2894.43	1	0.0316228	273.254	301.466
171	309.272	1	511281	1	495.442	1	1687.28	1	2894.43	1	0.1	273.263	301.475
171	309.272	1	511281	1	495.442	1	1687.28	1	2894.43	1	0.316228	273.294	301.505
171	309.272	1	511281	1	495.442	1	1687.28	1	2894.43	1	1	273.389	301.599
171	309.272	1	511281	1	495.442	1	1687.28	1	2894.43	1	3.16228	273.689	301.895
171	309.272	1	511281	1	495.442	1	1687.28	1	2894.43	1	10	274.625	302.818
171	309.272	1	511281	1	495.442	1	1687.28	1	2894.43	1	31.6228	277.467	305.63
171	309.272	1	511281	1	495.442	1	1687.28	1	2894.43	1	100	285.59	313.719
172	564.646	1	769353	1	385.432	1	572.024	1	3477.44	1	0	273.249	301.462
172	564.646	1	769353	1	385.432	1	572.024	1	3477.44	1	0.001	273.25	301.462
172	564.646	1	769353	1	385.432	1	572.024	1	3477.44	1	0.00316228	273.25	301.462
172	564.646	1	769353	1	385.432	1	572.024	1	3477.44	1	0.01	273.252	301.464
172	564.646	1	769353	1	385.432	1	572.024	1	3477.44	1	0.0316228	273.257	301.469
172	564.646	1	769353	1	385.432	1	572.024	1	3477.44	1	0.1	273.272	301.486
172	564.646	1	769353	1	385.432	1	572.024	1	3477.44	1	0.316228	273.321	301.539
172	564.646	1	769353	1	385.432	1	572.024	1	3477.44	1	1	273.477	301.707
172	564.646	1	769353	1	385.432	1	572.024	1	3477.44	1	3.16228	273.966	302.235
172	564.646	1	769353	1	385.432	1	572.024	1	3477.44	1	10	275.493	303.879
172	564.646	1	769353	1	385.432	1	572.024	1	3477.44	1	31.6228	280.118	308.847
172	564.646	1	769353	1	385.432	1	572.024	1	3477.44	1	100	293.38	323.026
173	328.678	1	838357	1	380.218	1	733.805	1	2498.33	1	0	273.249	301.462
173	328.678	1	838357	1	380.218	1	733.805	1	2498.33	1	0.001	273.25	301.462
173	328.678	1	838357	1	380.218	1	733.805	1	2498.33	1	0.00316228	273.25	301.462
173	328.678	1	838357	1	380.218	1	733.805	1	2498.33	1	0.01	273.252	301.464
173	328.678	1	838357	1	380.218	1	733.805	1	2498.33	1	0.0316228	273.256	301.469
173	328.678	1	838357	1	380.218	1	733.805	1	2498.33	1	0.1	273.271	301.484
173	328.678	1	838357	1	380.218	1	733.805	1	2498.33	1	0.316228	273.317	301.532
173	328.678	1	838357	1	380.218	1	733.805	1	2498.33	1	1	273.463	301.683
173	328.678	1	838357	1	380.218	1	733.805	1	2498.33	1	3.16228	273.922	302.158
173	328.678	1	838357	1	380.218	1	733.805	1	2498.33	1	10	275.353	303.641
173	328.678	1	838357	1	380.218	1	733.805	1	2498.33	1	31.6228	279.687	308.123
173	328.678	1	838357	1	380.218	1	733.805	1	2498.33	1	100	291.899	320.744
174	812.068	1	474323	1	219.537	1	1031.97	1	2994.2	1	0	273.249	301.462
174	812.068	1	474323	1	219.537	1	1031.97	1	2994.2	1	0.001	273.25	301.462
174	812.068	1	474323	1	219.537	1	1031.97	1	2994.2	1	0.00316228	273.25	301.462
174	812.068	1	474323	1	219.537	1	1031.97	1	2994.2	1	0.01	273.252	301.464
174	812.068	1	474323	1	219.537	1	1031.97	1	2994.2	1	0.0316228	273.256	301.47
174	812.068	1	474323	1	219.537	1	1031.97	1	2994.2	1	0.1	273.272	301.488
174	812.068	1	474323	1	219.537	1	1031.97	1	2994.2	1	0.316228	273.32	301.544
174	812.068	1	474323	1	219.537	1	1031.97	1	2994.2	1	1	273.472	301.723
174	812.068	1	474323	1	219.537	1	1031.97	1	2994.2	1	3.16228	273.948	302.282
174	812.068	1	474323	1	219.537	1	1031.97	1	2994.2	1	10	275.419	304.004
174	812.068	1	474323	1	219.537	1	1031.97	1	2994.2	1	31.6228	279.759	309.036
174	812.068	1	474323	1	219.537	1	1031.97	1	2994.2	1	100	291.232	322.24
175	486.774	1	3.13175e+06	1	667.017	1	3571.49	1	2586.92	1	0	273.249	301.462
175	486.774	1	3.13175e+06	1	667.017	1	3571.49	1	2586.92	1	0.001	273.25	301.462
175	486.774	1	3.13175e+06	1	667.017	1	3571.49	1	2586.92	1	0.00316228	273.25	301.462
175	486.774	1	3.13175e+06	1	667.017	1	3571.49	1	2586.92	1	0.01	273.25	301.462
175	486.774	1	3.13175e+06	1	667.017	1	3571.49	1	2586.92	1	0.0316228	273.252	301.464
175	486.774	1	3.13175e+06	1	667.017	1	3571.49	1	2586.92	1	0.1	273.258	301.47
175	486.774	1	3.13175e+06	1	667.017	1	3571.49	1	2586.92	1	0.316228	273.277	301.49
175	486.774	1	3.13175e+06	1	667.017	1	3571.49	1	2586.92	1	1	273.338	301.55
175	486.774	1	3.13175e+06	1	667.017	1	3571.49	1	2586.92	1	3.16228	273.528	301.742
175	486.774	1	3.13175e+06	1	667.017	1	3571.49	1	2586.92	1	10	274.123	302.341
175	486.774	1	3.13175e+06	1	667.017	1	3571.49	1	2586.92	1	31.6228	275.947	304.178
175	486.774	1	3.13175e+06	1	667.017	1	3571.49	1	2586.92	1	100	281.252	309.517
176	752.441	1	1.17341e+06	1	216.444	1	1030	1	2308.46	1	0	273.249	301.462
176	752.441	1	1.17341e+06	1	216.444	1	1030	1	2308.46	1	0.001	273.25	301.462
176	752.441	1	1.17341e+06	1	216.444	1	1030	1	2308.46	1	0.00316228	273.25	301.462
176	752.441	1	1.17341e+06	1	216.444	1	1030	1	2308.46	1	0.01	273.252	301.464
176	752.441	1	1.17341e+06	1	216.444	1	1030	1	2308.46	1	0.0316228	273.257	301.47
176	752.441	1	1.17341e+06	1	216.444	1	1030	1	2308.46	1	0.1	273.272	301.488
176	752.441	1	1.17341e+06	1	216.444	1	1030	1	2308.46	1	0.316228	273.321	301.545
176	752.441	1	1.17341e+06	1	216.444	1	1030	1	2308.46	1	1	273.475	301.726
176	752.441	1	1.17341e+06	1	216.444	1	1030	1	2308.46	1	3.16228	273.958	302.292
176	752.441	1	1.17341e+06	1	216.444	1	1030	1	2308.46	1	10	275.451	304.035
176	752.441	1	1.17341e+06	1	216.444	1	1030	1	2308.46	1	31.6228	279.851	309.124
176	752.441	1	1.17341e+06	1	216.444	1	1030	1	2308.46	1	100	291.46	322.447
177	459.014	1	731253	1	361.399	1	1676.47	1	1562.52	1	0	273.249	301.462
177	459.014	1	731253	1	361.399	1	1676.47	1	1562.52	1	0.001	273.25	301.462
177	459.014	1	731253	1	361.399	1	1676.47	1	1562.52	1	0.00316228	273.25	301.462
177	459.014	1	731253	1	361.399	1	1676.47	1	1562.52	1	0.01	273.251	301.463
177	459.014	1	731253	1	361.399	1	1676.47	1	1562.52	1	0.0316228	273.254	301.467
177	459.014	1	731253	1	361.399	1	1676.47	1	1562.52	1	0.1	273.265	301.478
177	459.014	1	731253	1	361.399	1	1676.47	1	1562.52	1	0.316228	273.297	301.514
177	459.014	1	731253	1	361.399	1	1676.47	1	1562.52	1	1	273.401	301.626
177	459.014	1	731253	1	361.399	1	1676.47	1	1562.52	1	3.16228	273.727	301.98
177	459.014	1	731253	1	361.399	1	1676.47	1	1562.52	1	10	274.742	303.081
177	459.014	1	731253	1	361.399	1	1676.47	1	1562.52	1	31.6228	277.809	306.393
177	459.014	1	731253	1	361.399	1	1676.47	1	1562.52	1	100	286.448	315.662
178	749.817	1	397398	1	688.71	1	3381.97	1	4200.55	1	0	273.249	301.462
178	749.817	1	397398	1	688.71	1	3381.97	1	4200.55	1	0.001	273.25	301.462
178	749.817	1	397398	1	688.71	1	3381.97	1	4200.55	1	0.00316228	273.25	301.462
178	749.817	1	397398	1	688.71	1	3381.97	1	4200.55	1	0.01	273.25	301.462
178	749.817	1	397398	1	688.71	1	3381.97	1	4200.55	1	0.0316228	273.252	301.464
178	749.817	1	397398	1	688.71	1	3381.97	1	4200.55	1	0.1	273.257	301.47
178	749.817	1	397398	1	688.71	1	3381.97	1	4200.55	1	0.316228	273.275	301.489
178	749.817	1	397398	1	688.71	1	3381.97	1	4200.55	1	1	273.329	301.547
178	749.817	1	397398	1	688.71	1	3381.97	1	4200.55	1	3.16228	273.502	301.731
178	749.817	1	397398	1	688.71	1	3381.97	1	4200.55	1	10	274.043	302.309
178	749.817	1	397398	1	688.71	1	3381.97	1	4200.55	1	31.6228	275.711	304.084
178	749.817	1	397398	1	688.71	1	3381.97	1	4200.55	1	100	280.599	309.259
179	473.038	1	420793	1	210.458	1	1514	1	3650.28	1	0	273.249	301.462
179	473.038	1	420793	1	210.458	1	1514	1	3650.28	1	0.001	273.25	301.462
179	473.038	1	420793	1	210.458	1	1514	1	3650.28	1	0.00316228	273.25	301.462
179	473.038	1	420793	1	210.458	1	1514	1	3650.28	1	0.01	273.252	301.464
179	473.038	1	420793	1	210.458	1	1514	1	3650.28	1	0.0316228	273.256	301.469
179	473.038	1	420793	1	210.458	1	1514	1	3650.28	1	0.1	273.271	301.486
179	473.038	1	420793	1	210.458	1	1514	1	3650.28	1	0.316228	273.317	301.54
179	473.038	1	420793	1	210.458	1	1514	1	3650.28	1	1	273.464	301.709
179	473.038	1	420793	1	210.458	1	1514	1	3650.28	1	3.16228	273.922	302.239
179	473.038	1	420793	1	210.458	1	1514	1	3650.28	1	10	275.335	303.863
179	473.038	1	420793	1	210.458	1	1514	1	3650.28	1	31.6228	279.463	308.564
179	473.038	1	420793	1	210.458	1	1514	1	3650.28	1	100	290.092	320.546
180	311.422	1	1.49297e+06	1	488.14	1	141.819	1	2124.98	1	0	273.249	301.462
180	311.422	1	1.49297e+06	1	488.14	1	141.819	1	2124.98	1	0.001	273.25	301.462
180	311.422	1	1.49297e+06	1	488.14	1	141.819	1	2124.98	1	0.00316228	273.251	301.464
180	311.422	1	1.49297e+06	1	488.14	1	141.819	1	2124.98	1	0.01	273.256	301.468
180	311.422	1	1.49297e+06	1	488.14	1	141.819	1	2124.98	1	0.0316228	273.269	301.482
180	311.422	1	1.49297e+06	1	488.14	1	141.819	1	2124.98	1	0.1	273.312	301.526
180	311.422	1	1.49297e+06	1	488.14	1	141.819	1	2124.98	1	0.316228	273.446	301.664
180	311.422	1	1.49297e+06	1	488.14	1	141.819	1	2124.98	1	1	273.869	302.099
180	311.422	1	1.49297e+06	1	488.14	1	141.819	1	2124.98	1	3.16228	275.185	303.453
180	311.422	1	1.49297e+06	1	488.14	1	141.819	1	2124.98	1	10	279.147	307.527
180	311.422	1	1.49297e+06	1	488.14	1	141.819	1	2124.98	1	31.6228	290.698	319.391
180	311.422	1	1.49297e+06	1	488.14	1	141.819	1	2124.98	1	100	321.165	350.581
181	602.911	1	964499	1	465.933	1	1003.5	1	2585.34	1	0	273.249	301.462
181	602.911	1	964499	1	465.933	1	1003.5	1	2585.34	1	0.001	273.25	301.462
181	602.911	1	964499	1	465.933	1	1003.5	1	2585.34	1	0.00316228	273.25	301.462
181	602.911	1	964499	1	465.933	1	1003.5	1	2585.34	1	0.01	273.251	301.463
181	602.911	1	964499	1	465.933	1	1003.5	1	2585.34	1	0.0316228	273.254	301.467
181	602.911	1	964499	1	465.933	1	1003.5	1	2585.34	1	0.1	273.265	301.478
181	602.911	1	964499	1	465.933	1	1003.5	1	2585.34	1	0.316228	273.299	301.515
181	602.911	1	964499	1	465.933	1	1003.5	1	2585.34	1	1	273.406	301.631
181	602.911	1	964499	1	465.933	1	1003.5	1	2585.34	1	3.16228	273.744	301.995
181	602.911	1	964499	1	465.933	1	1003.5	1	2585.34	1	10	274.802	303.132
181	602.911	1	964499	1	465.933	1	1003.5	1	2585.34	1	31.6228	278.041	306.605
181	602.911	1	964499	1	465.933	1	1003.5	1	2585.34	1	100	287.386	316.585
182	386.991	1	1.85063e+06	1	1180.32	1	2119.96	1	2869.94	1	0	273.249	301.462
182	386.991	1	1.85063e+06	1	1180.32	1	2119.96	1	2869.94	1	0.001	273.25	301.462
182	386.991	1	1.85063e+06	1	1180.32	1	2119.96	1	2869.94	1	0.00316228	273.25	301.462
182	386.991	1	1.85063e+06	1	1180.32	1	2119.96	1	2869.94	1	0.01	273.25	301.462
182	386.991	1	1.85063e+06	1	1180.32	1	2119.96	1	2869.94	1	0.0316228	273.252	301.464
182	386.991	1	1.85063e+06	1	1180.32	1	2119.96	1	2869.94	1	0.1	273.258	301.469
182	386.991	1	1.85063e+06	1	1180.32	1	2119.96	1	2869.94	1	0.316228	273.277	301.487
182	386.991	1	1.85063e+06	1	1180.32	1	2119.96	1	2869.94	1	1	273.338	301.541
182	386.991	1	1.85063e+06	1	1180.32	1	2119.96	1	2869.94	1	3.16228	273.529	301.712
182	386.991	1	1.85063e+06	1	1180.32	1	2119.96	1	2869.94	1	10	274.126	302.249
182	386.991	1	1.85063e+06	1	1180.32	1	2119.96	1	2869.94	1	31.6228	275.965	303.915
182	386.991	1	1.85063e+06	1	1180.32	1	2119.96	1	2869.94	1	100	281.397	308.921
183	486.564	1	1.2471e+06	1	329.309	1	1271.76	1	3426.93	1	0	273.249	301.462
183	486.564	1	1.2471e+06	1	329.309	1	1271.76	1	3426.93	1	0.001	273.25	301.462
183	486.564	1	1.2471e+06	1	329.309	1	1271.76	1	3426.93	1	0.00316228	273.25	301.462
183	486.564	1	1.2471e+06	1	329.309	1	1271.76	1	3426.93	1	0.01	273.251	301.463
183	486.564	1	1.2471e+06	1	329.309	1	1271.76	1	3426.93	1	0.0316228	273.255	301.468
183	486.564	1	1.2471e+06	1	329.309	1	1271.76	1	3426.93	1	0.1	273.267	301.481
183	486.564	1	1.2471e+06	1	329.309	1	1271.76	1	3426.93	1	0.316228	273.304	301.521
183	486.564	1	1.2471e+06	1	329.309	1	1271.76	1	3426.93	1	1	273.421	301.651
183	486.564	1	1.2471e+06	1	329.309	1	1271.76	1	3426.93	1	3.16228	273.791	302.058
183	486.564	1	1.2471e+06	1	329.309	1	1271.76	1	3426.93	1	10	274.943	303.322
183	486.564	1	1.2471e+06	1	329.309	1	1271.76	1	3426.93	1	31.6228	278.419	307.114
183	486.564	1	1.2471e+06	1	329.309	1	1271.76	1	3426.93	1	100	288.166	317.668
184	317.499	1	618670	1	260.791	1	824.555	1	2799.54	1	0	273.249	301.462
184	317.499	1	618670	1	260.791	1	824.555	1	2799.54	1	0.001	273.25	301.462
184	317.499	1	618670	1	260.791	1	824.555	1	2799.54	1	0.00316228	273.25	301.462
184	317.499	1	618670	1	260.791	1	824.555	1	2799.54	1	0.01	273.252	301.464
184	317.499	1	618670	1	260.791	1	824.555	1	2799.54	1	0.0316228	273.257	301.47
184	317.499	1	618670	1	260.791	1	824.555	1	2799.54	1	0.1	273.273	301.487
184	317.499	1	618670	1	260.791	1	824.555	1	2799.54	1	0.316228	273.325	301.543
184	317.499	1	618670	1	260.791	1	824.555	1	2799.54	1	1	273.489	301.719
184	317.499	1	618670	1	260.791	1	824.555	1	2799.54	1	3.16228	274.002	302.272
184	317.499	1	618670	1	260.791	1	824.555	1	2799.54	1	10	275.596	303.984
184	317.499	1	618670	1	260.791	1	824.555	1	2799.54	1	31.6228	280.354	309.063
184	317.499	1	618670	1	260.791	1	824.555	1	2799.54	1	100	293.332	322.841
185	600.691	1	2.07843e+06	1	609.103	1	929.041	1	3342.38	1	0	273.249	301.462
185	600.691	1	2.07843e+06	1	609.103	1	929.041	1	3342.38	1	0.001	273.25	301.462
185	600.691	1	2.07843e+06	1	609.103	1	929.041	1	3342.38	1	0.00316228	273.25	301.462
185	600.691	1	2.07843e+06	1	609.103	1	929.041	1	3342.38	1	0.01	273.251	301.463
185	600.691	1	2.07843e+06	1	609.103	1	929.041	1	3342.38	1	0.0316228	273.254	301.466
185	600.691	1	2.07843e+06	1	609.103	1	929.041	1	3342.38	1	0.1	273.264	301.477
185	600.691	1	2.07843e+06	1	609.103	1	929.041	1	3342.38	1	0.316228	273.296	301.511
185	600.691	1	2.07843e+06	1	609.103	1	929.041	1	3342.38	1	1	273.397	301.617
185	600.691	1	2.07843e+06	1	609.103	1	929.041	1	3342.38	1	3.16228	273.716	301.951
185	600.691	1	2.07843e+06	1	609.103	1	929.041	1	3342.38	1	10	274.713	302.997
185	600.691	1	2.07843e+06	1	609.103	1	929.041	1	3342.38	1	31.6228	277.782	306.21
185	600.691	1	2.07843e+06	1	609.103	1	929.041	1	3342.38	1	100	286.714	315.538
186	409.683	1	267636	1	336.434	1	707.587	1	2862.69	1	0	273.249	301.462
186	409.683	1	267636	1	336.434	1	707.587	1	2862.69	1	0.001	273.25	301.462
186	409.683	1	267636	1	336.434	1	707.587	1	2862.69	1	0.00316228	273.25	301.462
186	409.683	1	267636	1	336.434	1	707.587	1	2862.69	1	0.01	273.252	301.464
186	409.683	1	267636	1	336.434	1	707.587	1	2862.69	1	0.0316228	273.256	301.469
186	409.683	1	267636	1	336.434	1	707.587	1	2862.69	1	0.1	273.272	301.485
186	409.683	1	267636	1	336.434	1	707.587	1	2862.69	1	0.316228	273.319	301.536
186	409.683	1	267636	1	336.434	1	707.587	1	2862.69	1	1	273.47	301.698
186	409.683	1	267636	1	336.434	1	707.587	1	2862.69	1	3.16228	273.945	302.207
186	409.683	1	267636	1	336.434	1	707.587	1	2862.69	1	10	275.425	303.789
186	409.683	1	267636	1	336.434	1	707.587	1	2862.69	1	31.6228	279.899	308.555
186	409.683	1	267636	1	336.434	1	707.587	1	2862.69	1	100	292.433	321.839
187	395.522	1	661285	1	311.765	1	2054.81	1	3900.73	1	0	273.249	301.462
187	395.522	1	661285	1	311.765	1	2054.81	1	3900.73	1	0.001	273.25	301.462
187	395.522	1	661285	1	311.765	1	2054.81	1	3900.73	1	0.00316228	273.25	301.462
187	395.522	1	661285	1	311.765	1	2054.81	1	3900.73	1	0.01	273.251	301.463
187	395.522	1	661285	1	311.765	1	2054.81	1	3900.73	1	0.0316228	273.254	301.467
187	395.522	1	661285	1	311.765	1	2054.81	1	3900.73	1	0.1	273.265	301.479
187	395.522	1	661285	1	311.765	1	2054.81	1	3900.73	1	0.316228	273.3	301.517
187	395.522	1	661285	1	311.765	1	2054.81	1	3900.73	1	1	273.409	301.636
187	395.522	1	661285	1	311.765	1	2054.81	1	3900.73	1	3.16228	273.752	302.009
187	395.522	1	661285	1	311.765	1	2054.81	1	3900.73	1	10	274.816	303.167
187	395.522	1	661285	1	311.765	1	2054.81	1	3900.73	1	31.6228	277.996	306.606
187	395.522	1	661285	1	311.765	1	2054.81	1	3900.73	1	100	286.739	315.986
188	455.379	1	2.71451e+06	1	261.238	1	1365.13	1	3941.9	1	0	273.249	301.462
188	455.379	1	2.71451e+06	1	261.238	1	1365.13	1	3941.9	1	0.001	273.25	301.462
188	455.379	1	2.71451e+06	1	261.238	1	1365.13	1	3941.9	1	0.00316228	273.25	301.462
188	455.379	1	2.71451e+06	1	261.238	1	1365.13	1	3941.9	1	0.01	273.251	301.464
188	455.379	1	2.71451e+06	1	261.238	1	1365.13	1	3941.9	1	0.0316228	273.256	301.468
188	455.379	1	2.71451e+06	1	261.238	1	1365.13	1	3941.9	1	0.1	273.269	301.483
188	455.379	1	2.71451e+06	1	261.238	1	1365.13	1	3941.9	1	0.316228	273.311	301.53
188	455.379	1	2.71451e+06	1	261.238	1	1365.13	1	3941.9	1	1	273.442	301.679
188	455.379	1	2.71451e+06	1	261.238	1	1365.13	1	3941.9	1	3.16228	273.857	302.144
188	455.379	1	2.71451e+06	1	261.238	1	1365.13	1	3941.9	1	10	275.141	303.581
188	455.379	1	2.71451e+06	1	261.238	1	1365.13	1	3941.9	1	31.6228	278.962	307.822
188	455.379	1	2.71451e+06	1	261.238	1	1365.13	1	3941.9	1	100	289.192	319.088
189	457.28	1	472209	1	481.495	1	1422.89	1	3491.76	1	0	273.249	301.462
189	457.28	1	472209	1	481.495	1	1422.89	1	3491.76	1	0.001	273.25	301.462
189	457.28	1	472209	1	481.495	1	1422.89	1	3491.76	1	0.00316228	273.25	301.462
189	457.28	1	472209	1	481.495	1	1422.89	1	3491.76	1	0.01	273.251	301.463
189	457.28	1	472209	1	481.495	1	1422.89	1	3491.76	1	0.0316228	273.254	301.466
189	457.28	1	472209	1	481.495	1	1422.89	1	3491.76	1	0.1	273.263	301.476
189	457.28	1	472209	1	481.495	1	1422.89	1	3491.76	1	0.316228	273.293	301.507
189	457.28	1	472209	1	481.495	1	1422.89	1	3491.76	1	1	273.388	301.606
189	457.28	1	472209	1	481.495	1	1422.89	1	3491.76	1	3.16228	273.685	301.918
189	457.28	1	472209	1	481.495	1	1422.89	1	3491.76	1	10	274.617	302.893
189	457.28	1	472209	1	481.495	1	1422.89	1	3491.76	1	31.6228	277.464	305.868
189	457.28	1	472209	1	481.495	1	1422.89	1	3491.76	1	100	285.693	314.441
190	537.039	1	2.24311e+06	1	495.842	1	1815.99	1	4122.74	1	0	273.249	301.462
190	537.039	1	2.24311e+06	1	495.842	1	1815.99	1	4122.74	1	0.001	273.25	301.462
190	537.039	1	2.24311e+06	1	495.842	1	1815.99	1	4122.74	1	0.00316228	273.25	301.462
190	537.039	1	2.24311e+06	1	495.842	1	1815.99	1	4122.74	1	0.01	273.251	301.463
190	537.039	1	2.24311e+06	1	495.842	1	1815.99	1	4122.74	1	0.0316228	273.253	301.466
190	537.039	1	2.24311e+06	1	495.842	1	1815.99	1	4122.74	1	0.1	273.262	301.475
190	537.039	1	2.24311e+06	1	495.842	1	1815.99	1	4122.74	1	0.316228	273.288	301.503
190	537.039	1	2.24311e+06	1	495.842	1	1815.99	1	4122.74	1	1	273.371	301.591
190	537.039	1	2.24311e+06	1	495.842	1	1815.99	1	4122.74	1	3.16228	273.633	301.87
190	537.039	1	2.24311e+06	1	495.842	1	1815.99	1	4122.74	1	10	274.454	302.743
190	537.039	1	2.24311e+06	1	495.842	1	1815.99	1	4122.74	1	31.6228	276.964	305.405
190	537.039	1	2.24311e+06	1	495.842	1	1815.99	1	4122.74	1	100	284.229	313.079
191	530.03	1	2.24084e+06	1	555.026	1	1112.32	1	1727.56	1	0	273.249	301.462
191	530.03	1	2.24084e+06	1	555.026	1	1112.32	1	1727.56	1	0.001	273.25	301.462
191	530.03	1	2.24084e+06	1	555.026	1	1112.32	1	1727.56	1	0.00316228	273.25	301.462
191	530.03	1	2.24084e+06	1	555.026	1	1112.32	1	1727.56	1	0.01	273.251	301.463
191	530.03	1	2.24084e+06	1	555.026	1	1112.32	1	1727.56	1	0.0316228	273.254	301.466
191	530.03	1	2.24084e+06	1	555.026	1	1112.32	1	1727.56	1	0.1	273.264	301.476
191	530.03	1	2.24084e+06	1	555.026	1	1112.32	1	1727.56	1	0.316228	273.294	301.509
191	530.03	1	2.24084e+06	1	555.026	1	1112.32	1	1727.56	1	1	273.391	301.61
191	530.03	1	2.24084e+06	1	555.026	1	1112.32	1	1727.56	1	3.16228	273.698	301.931
191	530.03	1	2.24084e+06	1	555.026	1	1112.32	1	1727.56	1	10	274.657	302.935
191	530.03	1	2.24084e+06	1	555.026	1	1112.32	1	1727.56	1	31.6228	277.602	306.014
191	530.03	1	2.24084e+06	1	555.026	1	1112.32	1	1727.56	1	100	286.183	314.961
192	157.121	1	1.32409e+06	1	429.09	1	2352.88	1	3128.55	1	0	273.249	301.462
192	157.121	1	1.32409e+06	1	429.09	1	2352.88	1	3128.55	1	0.001	273.25	301.462
192	157.121	1	1.32409e+06	1	429.09	1	2352.88	1	3128.55	1	0.00316228	273.25	301.462
192	157.121	1	1.32409e+06	1	429.09	1	2352.88	1	3128.55	1	0.01	273.251	301.463
192	157.121	1	1.32409e+06	1	429.09	1	2352.88	1	3128.55	1	0.0316228	273.255	301.466
192	157.121	1	1.32409e+06	1	429.09	1	2352.88	1	3128.55	1	0.1	273.266	301.476
192	157.121	1	1.32409e+06	1	429.09	1	2352.88	1	3128.55	1	0.316228	273.303	301.508
192	157.121	1	1.32409e+06	1	429.09	1	2352.88	1	3128.55	1	1	273.419	301.608
192	157.121	1	1.32409e+06	1	429.09	1	2352.88	1	3128.55	1	3.16228	273.781	301.923
192	157.121	1	1.32409e+06	1	429.09	1	2352.88	1	3128.55	1	10	274.896	302.899
192	157.121	1	1.32409e+06	1	429.09	1	2352.88	1	3128.55	1	31.6228	278.186	305.827
192	157.121	1	1.32409e+06	1	429.09	1	2352.88	1	3128.55	1	100	286.915	313.972
193	1276.92	1	655910	1	357.68	1	983.332	1	3659.82	1	0	273.249	301.462
193	1276.92	1	655910	1	357.68	1	983.332	1	3659.82	1	0.001	273.25	301.462
193	1276.92	1	655910	1	357.68	1	983.332	1	3659.82	1	0.00316228	273.25	301.462
193	1276.92	1	655910	1	357.68	1	983.332	1	3659.82	1	0.01	273.251	301.464
193	1276.92	1	655910	1	357.68	1	983.332	1	3659.82	1	0.0316228	273.255	301.468
193	1276.92	1	655910	1	357.68	1	983.332	1	3659.82	1	0.1	273.266	301.481
193	1276.92	1	655910	1	357.68	1	983.332	1	3659.82	1	0.316228	273.303	301.523
193	1276.92	1	655910	1	357.68	1	983.332	1	3659.82	1	1	273.418	301.655
193	1276.92	1	655910	1	357.68	1	983.332	1	3659.82	1	3.16228	273.78	302.071
193	1276.92	1	655910	1	357.68	1	983.332	1	3659.82	1	10	274.911	303.368
193	1276.92	1	655910	1	357.68	1	983.332	1	3659.82	1	31.6228	278.345	307.284
193	1276.92	1	655910	1	357.68	1	983.332	1	3659.82	1	100	288.066	318.303
194	513.111	1	962547	1	369.589	1	813.116	1	3454.49	1	0	273.249	301.462
194	513.111	1	962547	1	369.589	1	813.116	1	3454.49	1	0.001	273.25	301.462
194	513.111	1	962547	1	369.589	1	813.116	1	3454.49	1	0.00316228	273.25	301.462
194	513.111	1	962547	1	369.589	1	813.116	1	3454.49	1	0.01	273.251	301.464
194	513.111	1	962547	1	369.589	1	813.116	1	3454.49	1	0.0316228	273.256	301.468
194	513.111	1	962547	1	369.589	1	813.116	1	3454.49	1	0.1	273.269	301.483
194	513.111	1	962547	1	369.589	1	813.116	1	3454.49	1	0.316228	273.311	301.528
194	513.111	1	962547	1	369.589	1	813.116	1	3454.49	1	1	273.443	301.672
194	513.111	1	962547	1	369.589	1	813.116	1	3454.49	1	3.16228	273.861	302.124
194	513.111	1	962547	1	369.589	1	813.116	1	3454.49	1	10	275.164	303.533
194	513.111	1	962547	1	369.589	1	813.116	1	3454.49	1	31.6228	279.123	307.796
194	513.111	1	962547	1	369.589	1	813.116	1	3454.49	1	100	290.337	319.809
195	433.719	1	4.43919e+06	1	981.129	1	1591.84	1	3835.76	1	0	273.249	301.462
195	433.719	1	4.43919e+06	1	981.129	1	1591.84	1	3835.76	1	0.001	273.25	301.462
195	433.719	1	4.43919e+06	1	981.129	1	1591.84	1	3835.76	1	0.00316228	273.25	301.462
195	433.719	1	4.43919e+06	1	981.129	1	1591.84	1	3835.76	1	0.01	273.25	301.463
195	433.719	1	4.43919e+06	1	981.129	1	1591.84	1	3835.76	1	0.0316228	273.253	301.465
195	433.719	1	4.43919e+06	1	981.129	1	1591.84	1	3835.76	1	0.1	273.26	301.471
195	433.719	1	4.43919e+06	1	981.129	1	1591.84	1	3835.76	1	0.316228	273.282	301.492
195	433.719	1	4.43919e+06	1	981.129	1	1591.84	1	3835.76	1	1	273.352	301.559
195	433.719	1	4.43919e+06	1	981.129	1	1591.84	1	3835.76	1	3.16228	273.572	301.769
195	433.719	1	4.43919e+06	1	981.129	1	1591.84	1	3835.76	1	10	274.264	302.428
195	433.719	1	4.43919e+06	1	981.129	1	1591.84	1	3835.76	1	31.6228	276.398	304.47
195	433.719	1	4.43919e+06	1	981.129	1	1591.84	1	3835.76	1	100	282.716	310.562
196	474.375	1	726872	1	572.081	1	1227.93	1	3857.07	1	0	273.249	301.462
196	474.375	1	726872	1	572.081	1	1227.93	1	3857.07	1	0.001	273.25	301.462
196	474.375	1	726872	1	572.081	1	1227.93	1	3857.07	1	0.00316228	273.25	301.462
196	474.375	1	726872	1	572.081	1	1227.93	1	3857.07	1	0.01	273.251	301.463
196	474.375	1	726872	1	572.081	1	1227.93	1	3857.07	1	0.0316228	273.254	301.466
196	474.375	1	726872	1	572.081	1	1227.93	1	3857.07	1	0.1	273.263	301.476
196	474.375	1	726872	1	572.081	1	1227.93	1	3857.07	1	0.316228	273.292	301.506
196	474.375	1	726872	1	572.081	1	1227.93	1	3857.07	1	1	273.385	301.602
196	474.375	1	726872	1	572.081	1	1227.93	1	3857.07	1	3.16228	273.678	301.904
196	474.375	1	726872	1	572.081	1	1227.93	1	3857.07	1	10	274.596	302.849
196	474.375	1	726872	1	572.081	1	1227.93	1	3857.07	1	31.6228	277.413	305.752
196	474.375	1	726872	1	572.081	1	1227.93	1	3857.07	1	100	285.627	314.201
197	417.277	1	288669	1	266.927	1	1614.15	1	2875.34	1	0	273.249	301.462
197	417.277	1	288669	1	266.927	1	1614.15	1	2875.34	1	0.001	273.25	301.462
197	417.277	1	288669	1	266.927	1	1614.15	1	2875.34	1	0.00316228	273.25	301.462
197	417.277	1	288669	1	266.927	1	1614.15	1	2875.34	1	0.01	273.251	301.464
197	417.277	1	288669	1	266.927	1	1614.15	1	2875.34	1	0.0316228	273.255	301.468
197	417.277	1	288669	1	266.927	1	1614.15	1	2875.34	1	0.1	273.268	301.482
197	417.277	1	288669	1	266.927	1	1614.15	1	2875.34	1	0.316228	273.308	301.527
197	417.277	1	288669	1	266.927	1	1614.15	1	2875.34	1	1	273.434	301.667
197	417.277	1	288669	1	266.927	1	1614.15	1	2875.34	1	3.16228	273.829	302.108
197	417.277	1	288669	1	266.927	1	1614.15	1	2875.34	1	10	275.054	303.469
197	417.277	1	288669	1	266.927	1	1614.15	1	2875.34	1	31.6228	278.692	307.48
197	417.277	1	288669	1	266.927	1	1614.15	1	2875.34	1	100	288.399	318.097
198	506.961	1	323695	1	441.374	1	860.956	1	2879.72	1	0	273.249	301.462
198	506.961	1	323695	1	441.374	1	860.956	1	2879.72	1	0.001	273.25	301.462
198	506.961	1	323695	1	441.374	1	860.956	1	2879.72	1	0.00316228	273.25	301.462
198	506.961	1	323695	1	441.374	1	860.956	1	2879.72	1	0.01	273.251	301.463
198	506.961	1	323695	1	441.374	1	860.956	1	2879.72	1	0.0316228	273.255	301.467
198	506.961	1	323695	1	441.374	1	860.956	1	2879.72	1	0.1	273.267	301.48
198	506.961	1	323695	1	441.374	1	860.956	1	2879.72	1	0.316228	273.305	301.521
198	506.961	1	323695	1	441.374	1	860.956	1	2879.72	1	1	273.425	301.649
198	506.961	1	323695	1	441.374	1	860.956	1	2879.72	1	3.16228	273.804	302.052
198	506.961	1	323695	1	441.374	1	860.956	1	2879.72	1	10	274.989	303.312
198	506.961	1	323695	1	441.374	1	860.956	1	2879.72	1	31.6228	278.605	307.149
198	506.961	1	323695	1	441.374	1	860.956	1	2879.72	1	100	288.972	318.107
199	1166.31	1	841752	1	1392.57	1	3055.61	1	3787.54	1	0	273.249	301.462
199	1166.31	1	841752	1	1392.57	1	3055.61	1	3787.54	1	0.001	273.249	301.462
199	1166.31	1	841752	1	1392.57	1	3055.61	1	3787.54	1	0.00316228	273.25	301.462
199	1166.31	1	841752	1	1392.57	1	3055.61	1	3787.54	1	0.01	273.25	301.462
199	1166.31	1	841752	1	1392.57	1	3055.61	1	3787.54	1	0.0316228	273.251	301.463
199	1166.31	1	841752	1	1392.57	1	3055.61	1	3787.54	1	0.1	273.255	301.467
199	1166.31	1	841752	1	1392.57	1	3055.61	1	3787.54	1	0.316228	273.267	301.48
199	1166.31	1	841752	1	1392.57	1	3055.61	1	3787.54	1	1	273.305	301.519
199	1166.31	1	841752	1	1392.57	1	3055.61	1	3787.54	1	3.16228	273.425	301.642
199	1166.31	1	841752	1	1392.57	1	3055.61	1	3787.54	1	10	273.801	302.032
199	1166.31	1	841752	1	1392.57	1	3055.61	1	3787.54	1	31.6228	274.979	303.247
199	1166.31	1	841752	1	1392.57	1	3055.61	1	3787.54	1	100	278.565	306.947
200	236.094	1	2.09642e+06	1	591.604	1	536.841	1	2158.6	1	0	273.249	301.462
200	236.094	1	2.09642e+06	1	591.604	1	536.841	1	2158.6	1	0.001	273.25	301.462
200	236.094	1	2.09642e+06	1	591.604	1	536.841	1	2158.6	1	0.00316228	273.25	301.462
200	236.094	1	2.09642e+06	1	591.604	1	536.841	1	2158.6	1	0.01	273.252	301.464
200	236.094	1	2.09642e+06	1	591.604	1	536.841	1	2158.6	1	0.0316228	273.257	301.469
200	236.094	1	2.09642e+06	1	591.604	1	536.841	1	2158.6	1	0.1	273.273	301.484
200	236.094	1	2.09642e+06	1	591.604	1	536.841	1	2158.6	1	0.316228	273.324	301.533
200	236.094	1	2.09642e+06	1	591.604	1	536.841	1	2158.6	1	1	273.485	301.688
200	236.094	1	2.09642e+06	1	591.604	1	536.841	1	2158.6	1	3.16228	273.99	302.175
200	236.094	1	2.09642e+06	1	591.604	1	536.841	1	2158.6	1	10	275.564	303.693
200	236.094	1	2.09642e+06	1	591.604	1	536.841	1	2158.6	1	31.6228	280.3	308.289
200	236.094	1	2.09642e+06	1	591.604	1	536.841	1	2158.6	1	100	293.891	321.612
201	252.522	1	925540	1	325.622	1	704.955	1	3138.42	1	0	273.249	301.462
201	252.522	1	925540	1	325.622	1	704.955	1	3138.42	1	0.001	273.25	301.462
201	252.522	1	925540	1	325.622	1	704.955	1	3138.42	1	0.00316228	273.25	301.462
201	252.522	1	925540	1	325.622	1	704.955	1	3138.42	1	0.01	273.252	301.464
201	252.522	1	925540	1	325.622	1	704.955	1	3138.42	1	0.0316228	273.257	301.469
201	252.522	1	925540	1	325.622	1	704.955	1	3138.42	1	0.1	273.273	301.486
201	252.522	1	925540	1	325.622	1	704.955	1	3138.42	1	0.316228	273.326	301.539
201	252.522	1	925540	1	325.622	1	704.955	1	3138.42	1	1	273.49	301.707
201	252.522	1	925540	1	325.622	1	704.955	1	3138.42	1	3.16228	274.006	302.235
201	252.522	1	925540	1	325.622	1	704.955	1	3138.42	1	10	275.612	303.877
201	252.522	1	925540	1	325.622	1	704.955	1	3138.42	1	31.6228	280.432	308.805
201	252.522	1	925540	1	325.622	1	704.955	1	3138.42	1	100	293.801	322.487
202	609.908	1	1.24292e+06	1	363.632	1	2036.1	1	2936.95	1	0	273.249	301.462
202	609.908	1	1.24292e+06	1	363.632	1	2036.1	1	2936.95	1	0.001	273.25	301.462
202	609.908	1	1.24292e+06	1	363.632	1	2036.1	1	2936.95	1	0.00316228	273.25	301.462
202	609.908	1	1.24292e+06	1	363.632	1	2036.1	1	2936.95	1	0.01	273.251	301.463
202	609.908	1	1.24292e+06	1	363.632	1	2036.1	1	2936.95	1	0.0316228	273.254	301.466
202	609.908	1	1.24292e+06	1	363.632	1	2036.1	1	2936.95	1	0.1	273.263	301.477
202	609.908	1	1.24292e+06	1	363.632	1	2036.1	1	2936.95	1	0.316228	273.293	301.51
202	609.908	1	1.24292e+06	1	363.632	1	2036.1	1	2936.95	1	1	273.386	301.615
202	609.908	1	1.24292e+06	1	363.632	1	2036.1	1	2936.95	1	3.16228	273.681	301.946
202	609.908	1	1.24292e+06	1	363.632	1	2036.1	1	2936.95	1	10	274.599	302.972
202	609.908	1	1.24292e+06	1	363.632	1	2036.1	1	2936.95	1	31.6228	277.372	306.055
202	609.908	1	1.24292e+06	1	363.632	1	2036.1	1	2936.95	1	100	285.159	314.647
203	412.513	1	1.3753e+06	1	492.669	1	3618.87	1	2231.79	1	0	273.249	301.462
203	412.513	1	1.3753e+06	1	492.669	1	3618.87	1	2231.79	1	0.001	273.25	301.462
203	412.513	1	1.3753e+06	1	492.669	1	3618.87	1	2231.79	1	0.00316228	273.25	301.462
203	412.513	1	1.3753e+06	1	492.669	1	3618.87	1	2231.79	1	0.01	273.251	301.463
203	412.513	1	1.3753e+06	1	492.669	1	3618.87	1	2231.79	1	0.0316228	273.253	301.465
203	412.513	1	1.3753e+06	1	492.669	1	3618.87	1	2231.79	1	0.1	273.26	301.473
203	412.513	1	1.3753e+06	1	492.669	1	3618.87	1	2231.79	1	0.316228	273.284	301.497
203	412.513	1	1.3753e+06	1	492.669	1	3618.87	1	2231.79	1	1	273.357	301.572
203	412.513	1	1.3753e+06	1	492.669	1	3618.87	1	2231.79	1	3.16228	273.589	301.811
203	412.513	1	1.3753e+06	1	492.669	1	3618.87	1	2231.79	1	10	274.313	302.555
203	412.513	1	1.3753e+06	1	492.669	1	3618.87	1	2231.79	1	31.6228	276.508	304.81
203	412.513	1	1.3753e+06	1	492.669	1	3618.87	1	2231.79	1	100	282.746	311.213
204	526.895	1	1.45162e+06	1	316.34	1	528.34	1	1959.84	1	0	273.249	301.462
204	526.895	1	1.45162e+06	1	316.34	1	528.34	1	1959.84	1	0.001	273.25	301.462
204	526.895	1	1.45162e+06	1	316.34	1	528.34	1	1959.84	1	0.00316228	273.25	301.462
204	526.895	1	1.45162e+06	1	316.34	1	528.34	1	1959.84	1	0.01	273.252	301.464
204	526.895	1	1.45162e+06	1	316.34	1	528.34	1	1959.84	1	0.0316228	273.258	301.47
204	526.895	1	1.45162e+06	1	316.34	1	528.34	1	1959.84	1	0.1	273.275	301.49
204	526.895	1	1.45162e+06	1	316.34	1	528.34	1	1959.84	1	0.316228	273.331	301.55
204	526.895	1	1.45162e+06	1	316.34	1	528.34	1	1959.84	1	1	273.506	301.742
204	526.895	1	1.45162e+06	1	316.34	1	528.34	1	1959.84	1	3.16228	274.059	302.343
204	526.895	1	1.45162e+06	1	316.34	1	528.34	1	1959.84	1	10	275.778	304.214
204	526.895	1	1.45162e+06	1	316.34	1	528.34	1	1959.84	1	31.6228	280.954	309.821
204	526.895	1	1.45162e+06	1	316.34	1	528.34	1	1959.84	1	100	295.683	325.673
205	542.135	1	387890	1	304.802	1	1388.82	1	3901.58	1	0	273.249	301.462
205	542.135	1	387890	1	304.802	1	1388.82	1	3901.58	1	0.001	273.25	301.462
205	542.135	1	387890	1	304.802	1	1388.82	1	3901.58	1	0.00316228	273.25	301.462
205	542.135	1	387890	1	304.802	1	1388.82	1	3901.58	1	0.01	273.251	301.464
205	542.135	1	387890	1	304.802	1	1388.82	1	3901.58	1	0.0316228	273.255	301.468
205	542.135	1	387890	1	304.802	1	1388.82	1	3901.58	1	0.1	273.267	301.481
205	542.135	1	387890	1	304.802	1	1388.82	1	3901.58	1	0.316228	273.304	301.523
205	542.135	1	387890	1	304.802	1	1388.82	1	3901.58	1	1	273.421	301.655
205	542.135	1	387890	1	304.802	1	1388.82	1	3901.58	1	3.16228	273.791	302.069
205	542.135	1	387890	1	304.802	1	1388.82	1	3901.58	1	10	274.939	303.354
205	542.135	1	387890	1	304.802	1	1388.82	1	3901.58	1	31.6228	278.391	307.189
205	542.135	1	387890	1	304.802	1	1388.82	1	3901.58	1	100	287.967	317.73
206	407.146	1	590398	1	482.014	1	1295.84	1	2556.88	1	0	273.249	301.462
206	407.146	1	590398	1	482.014	1	1295.84	1	2556.88	1	0.001	273.25	301.462
206	407.146	1	590398	1	482.014	1	1295.84	1	2556.88	1	0.00316228	273.25	301.462
206	407.146	1	590398	1	482.014	1	1295.84	1	2556.88	1	0.01	273.251	301.463
206	407.146	1	590398	1	482.014	1	1295.84	1	2556.88	1	0.0316228	273.254	301.466
206	407.146	1	590398	1	482.014	1	1295.84	1	2556.88	1	0.1	273.264	301.477
206	407.146	1	590398	1	482.014	1	1295.84	1	2556.88	1	0.316228	273.296	301.509
206	407.146	1	590398	1	482.014	1	1295.84	1	2556.88	1	1	273.396	301.613
206	407.146	1	590398	1	482.014	1	1295.84	1	2556.88	1	3.16228	273.711	301.938
206	407.146	1	590398	1	482.014	1	1295.84	1	2556.88	1	10	274.697	302.956
206	407.146	1	590398	1	482.014	1	1295.84	1	2556.88	1	31.6228	277.707	306.06
206	407.146	1	590398	1	482.014	1	1295.84	1	2556.88	1	100	286.393	315.011
207	592.132	1	1.45265e+06	1	179.81	1	1881.95	1	3257.94	1	0	273.249	301.462
207	592.132	1	1.45265e+06	1	179.81	1	1881.95	1	3257.94	1	0.001	273.25	301.462
207	592.132	1	1.45265e+06	1	179.81	1	1881.95	1	3257.94	1	0.00316228	273.25	301.462
207	592.132	1	1.45265e+06	1	179.81	1	1881.95	1	3257.94	1	0.01	273.252	301.464
207	592.132	1	1.45265e+06	1	179.81	1	1881.95	1	3257.94	1	0.0316228	273.257	301.47
207	592.132	1	1.45265e+06	1	179.81	1	1881.95	1	3257.94	1	0.1	273.272	301.489
207	592.132	1	1.45265e+06	1	179.81	1	1881.95	1	3257.94	1	0.316228	273.321	301.547
207	592.132	1	1.45265e+06	1	179.81	1	1881.95	1	3257.94	1	1	273.474	301.73
207	592.132	1	1.45265e+06	1	179.81	1	1881.95	1	3257.94	1	3.16228	273.953	302.303
207	592.132	1	1.45265e+06	1	179.81	1	1881.95	1	3257.94	1	10	275.417	304.045
207	592.132	1	1.45265e+06	1	179.81	1	1881.95	1	3257.94	1	31.6228	279.622	309.011
207	592.132	1	1.45265e+06	1	179.81	1	1881.95	1	3257.94	1	100	289.992	321.105
208	745.036	1	1.82222e+06	1	414.412	1	1505.02	1	1987.11	1	0	273.249	301.462
208	745.036	1	1.82222e+06	1	414.412	1	1505.02	1	1987.11	1	0.001	273.25	301.462
208	745.036	1	1.82222e+06	1	414.412	1	1505.02	1	1987.11	1	0.00316228	273.25	301.462
208	745.036	1	1.82222e+06	1	414.412	1	1505.02	1	1987.11	1	0.01	273.251	301.463
208	745.036	1	1.82222e+06	1	414.412	1	1505.02	1	1987.11	1	0.0316228	273.254	301.466
208	745.036	1	1.82222e+06	1	414.412	1	1505.02	1	1987.11	1	0.1	273.263	301.477
208	745.036	1	1.82222e+06	1	414.412	1	1505.02	1	1987.11	1	0.316228	273.293	301.51
208	745.036	1	1.82222e+06	1	414.412	1	1505.02	1	1987.11	1	1	273.386	301.615
208	745.036	1	1.82222e+06	1	414.412	1	1505.02	1	1987.11	1	3.16228	273.681	301.944
208	745.036	1	1.82222e+06	1	414.412	1	1505.02	1	1987.11	1	10	274.603	302.972
208	745.036	1	1.82222e+06	1	414.412	1	1505.02	1	1987.11	1	31.6228	277.413	306.089
208	745.036	1	1.82222e+06	1	414.412	1	1505.02	1	1987.11	1	100	285.456	314.96
209	298.806	1	560937	1	505.833	1	1152.51	1	2811.35	1	0	273.249	301.462
209	298.806	1	560937	1	505.833	1	1152.51	1	2811.35	1	0.001	273.25	301.462
209	298.806	1	560937	1	505.833	1	1152.51	1	2811.35	1	0.00316228	273.25	301.462
209	298.806	1	560937	1	505.833	1	1152.51	1	2811.35	1	0.01	273.251	301.463
209	298.806	1	560937	1	505.833	1	1152.51	1	2811.35	1	0.0316228	273.254	301.467
209	298.806	1	560937	1	505.833	1	1152.51	1	2811.35	1	0.1	273.265	301.477
209	298.806	1	560937	1	505.833	1	1152.51	1	2811.35	1	0.316228	273.3	301.511
209	298.806	1	560937	1	505.833	1	1152.51	1	2811.35	1	1	273.409	301.619
209	298.806	1	560937	1	505.833	1	1152.51	1	2811.35	1	3.16228	273.754	301.958
209	298.806	1	560937	1	505.833	1	1152.51	1	2811.35	1	10	274.829	303.018
209	298.806	1	560937	1	505.833	1	1152.51	1	2811.35	1	31.6228	278.097	306.251
209	298.806	1	560937	1	505.833	1	1152.51	1	2811.35	1	100	287.464	315.578
210	430.578	1	485953	1	296.896	1	468.131	1	4034.78	1	0	273.249	301.462
210	430.578	1	485953	1	296.896	1	468.131	1	4034.78	1	0.001	273.25	301.462
210	430.578	1	485953	1	296.896	1	468.131	1	4034.78	1	0.00316228	273.25	301.463
210	430.578	1	485953	1	296.896	1	468.131	1	4034.78	1	0.01	273.252	301.465
210	430.578	1	485953	1	296.896	1	468.131	1	4034.78	1	0.0316228	273.258	301.471
210	430.578	1	485953	1	296.896	1	468.131	1	4034.78	1	0.1	273.278	301.492
210	430.578	1	485953	1	296.896	1	468.131	1	4034.78	1	0.316228	273.34	301.559
210	430.578	1	485953	1	296.896	1	468.131	1	4034.78	1	1	273.535	301.769
210	430.578	1	485953	1	296.896	1	468.131	1	4034.78	1	3.16228	274.148	302.431
210	430.578	1	485953	1	296.896	1	468.131	1	4034.78	1	10	276.053	304.483
210	430.578	1	485953	1	296.896	1	468.131	1	4034.78	1	31.6228	281.761	310.608
210	430.578	1	485953	1	296.896	1	468.131	1	4034.78	1	100	297.794	327.71
211	534.919	1	214119	1	361.324	1	326.664	1	2963.56	1	0	273.249	301.462
211	534.919	1	214119	1	361.324	1	326.664	1	2963.56	1	0.001	273.25	301.462
211	534.919	1	214119	1	361.324	1	326.664	1	2963.56	1	0.00316228	273.25	301.463
211	534.919	1	214119	1	361.324	1	326.664	1	2963.56	1	0.01	273.253	301.465
211	534.919	1	214119	1	361.324	1	326.664	1	2963.56	1	0.0316228	273.26	301.473
211	534.919	1	214119	1	361.324	1	326.664	1	2963.56	1	0.1	273.283	301.497
211	534.919	1	214119	1	361.324	1	326.664	1	2963.56	1	0.316228	273.354	301.574
211	534.919	1	214119	1	361.324	1	326.664	1	2963.56	1	1	273.581	301.816
211	534.919	1	214119	1	361.324	1	326.664	1	2963.56	1	3.16228	274.292	302.576
211	534.919	1	214119	1	361.324	1	326.664	1	2963.56	1	10	276.495	304.929
211	534.919	1	214119	1	361.324	1	326.664	1	2963.56	1	31.6228	283.036	311.903
211	534.919	1	214119	1	361.324	1	326.664	1	2963.56	1	100	301.776	331.8
212	472.05	1	636369	1	429.826	1	257.643	1	2865.51	1	0	273.249	301.462
212	472.05	1	636369	1	429.826	1	257.643	1	2865.51	1	0.001	273.25	301.462
212	472.05	1	636369	1	429.826	1	257.643	1	2865.51	1	0.00316228	273.251	301.463
212	472.05	1	636369	1	429.826	1	257.643	1	2865.51	1	0.01	273.253	301.466
212	472.05	1	636369	1	429.826	1	257.643	1	2865.51	1	0.0316228	273.262	301.474
212	472.05	1	636369	1	429.826	1	257.643	1	2865.51	1	0.1	273.288	301.502
212	472.05	1	636369	1	429.826	1	257.643	1	2865.51	1	0.316228	273.37	301.589
212	472.05	1	636369	1	429.826	1	257.643	1	2865.51	1	1	273.631	301.863
212	472.05	1	636369	1	429.826	1	257.643	1	2865.51	1	3.16228	274.449	302.722
212	472.05	1	636369	1	429.826	1	257.643	1	2865.51	1	10	276.971	305.369
212	472.05	1	636369	1	429.826	1	257.643	1	2865.51	1	31.6228	284.346	313.104
212	472.05	1	636369	1	429.826	1	257.643	1	2865.51	1	100	305.501	335.214
213	497.732	1	623357	1	355.739	1	1279.88	1	1491.23	1	0	273.249	301.462
213	497.732	1	623357	1	355.739	1	1279.88	1	1491.23	1	0.001	273.25	301.462
213	497.732	1	623357	1	355.739	1	1279.88	1	1491.23	1	0.00316228	273.25	301.462
213	497.732	1	623357	1	355.739	1	1279.88	1	1491.23	1	0.01	273.251	301.463
213	497.732	1	623357	1	355.739	1	1279.88	1	1491.23	1	0.0316228	273.255	301.467
213	497.732	1	623357	1	355.739	1	1279.88	1	1491.23	1	0.1	273.266	301.48
213	497.732	1	623357	1	355.739	1	1279.88	1	1491.23	1	0.316228	273.302	301.519
213	497.732	1	623357	1	355.739	1	1279.88	1	1491.23	1	1	273.414	301.642
213	497.732	1	623357	1	355.739	1	1279.88	1	1491.23	1	3.16228	273.769	302.03
213	497.732	1	623357	1	355.739	1	1279.88	1	1491.23	1	10	274.875	303.236
213	497.732	1	623357	1	355.739	1	1279.88	1	1491.23	1	31.6228	278.224	306.873
213	497.732	1	623357	1	355.739	1	1279.88	1	1491.23	1	100	287.69	317.086
214	546.38	1	474257	1	232.713	1	1808.49	1	3459.47	1	0	273.249	301.462
214	546.38	1	474257	1	232.713	1	1808.49	1	3459.47	1	0.001	273.25	301.462
214	546.38	1	474257	1	232.713	1	1808.49	1	3459.47	1	0.00316228	273.25	301.462
214	546.38	1	474257	1	232.713	1	1808.49	1	3459.47	1	0.01	273.251	301.464
214	546.38	1	474257	1	232.713	1	1808.49	1	3459.47	1	0.0316228	273.255	301.469
214	546.38	1	474257	1	232.713	1	1808.49	1	3459.47	1	0.1	273.268	301.484
214	546.38	1	474257	1	232.713	1	1808.49	1	3459.47	1	0.316228	273.31	301.531
214	546.38	1	474257	1	232.713	1	1808.49	1	3459.47	1	1	273.439	301.682
214	546.38	1	474257	1	232.713	1	1808.49	1	3459.47	1	3.16228	273.846	302.154
214	546.38	1	474257	1	232.713	1	1808.49	1	3459.47	1	10	275.1	303.604
214	546.38	1	474257	1	232.713	1	1808.49	1	3459.47	1	31.6228	278.783	307.821
214	546.38	1	474257	1	232.713	1	1808.49	1	3459.47	1	100	288.379	318.718
215	422.393	1	972472	1	362.702	1	1033.46	1	2646.04	1	0	273.249	301.462
215	422.393	1	972472	1	362.702	1	1033.46	1	2646.04	1	0.001	273.25	301.462
215	422.393	1	972472	1	362.702	1	1033.46	1	2646.04	1	0.00316228	273.25	301.462
215	422.393	1	972472	1	362.702	1	1033.46	1	2646.04	1	0.01	273.251	301.464
215	422.393	1	972472	1	362.702	1	1033.46	1	2646.04	1	0.0316228	273.255	301.468
215	422.393	1	972472	1	362.702	1	1033.46	1	2646.04	1	0.1	273.268	301.481
215	422.393	1	972472	1	362.702	1	1033.46	1	2646.04	1	0.316228	273.307	301.523
215	422.393	1	972472	1	362.702	1	1033.46	1	2646.04	1	1	273.43	301.655
215	422.393	1	972472	1	362.702	1	1033.46	1	2646.04	1	3.16228	273.818	302.071
215	422.393	1	972472	1	362.702	1	1033.46	1	2646.04	1	10	275.03	303.366
215	422.393	1	972472	1	362.702	1	1033.46	1	2646.04	1	31.6228	278.704	307.277
215	422.393	1	972472	1	362.702	1	1033.46	1	2646.04	1	100	289.107	318.3
216	569.497	1	281494	1	339.328	1	937.367	1	2488.62	1	0	273.249	301.462
216	569.497	1	281494	1	339.328	1	937.367	1	2488.62	1	0.001	273.25	301.462
216	569.497	1	281494	1	339.328	1	937.367	1	2488.62	1	0.00316228	273.25	301.462
216	569.497	1	281494	1	339.328	1	937.367	1	2488.62	1	0.01	273.251	301.464
216	569.497	1	281494	1	339.328	1	937.367	1	2488.62	1	0.0316228	273.255	301.468
216	569.497	1	281494	1	339.328	1	937.367	1	2488.62	1	0.1	273.268	301.482
216	569.497	1	281494	1	339.328	1	937.367	1	2488.62	1	0.316228	273.309	301.527
216	569.497	1	281494	1	339.328	1	937.367	1	2488.62	1	1	273.436	301.668
216	569.497	1	281494	1	339.328	1	937.367	1	2488.62	1	3.16228	273.839	302.112
216	569.497	1	281494	1	339.328	1	937.367	1	2488.62	1	10	275.094	303.495
216	569.497	1	281494	1	339.328	1	937.367	1	2488.62	1	31.6228	278.895	307.659
216	569.497	1	281494	1	339.328	1	937.367	1	2488.62	1	100	289.607	319.318
217	321.89	1	2.64809e+06	1	523.302	1	1025.88	1	2498.3	1	0	273.249	301.462
217	321.89	1	2.64809e+06	1	523.302	1	1025.88	1	2498.3	1	0.001	273.25	301.462
217	321.89	1	2.64809e+06	1	523.302	1	1025.88	1	2498.3	1	0.00316228	273.25	301.462
217	321.89	1	2.64809e+06	1	523.302	1	1025.88	1	2498.3	1	0.01	273.251	301.463
217	321.89	1	2.64809e+06	1	523.302	1	1025.88	1	2498.3	1	0.0316228	273.255	301.467
217	321.89	1	2.64809e+06	1	523.302	1	1025.88	1	2498.3	1	0.1	273.266	301.478
217	321.89	1	2.64809e+06	1	523.302	1	1025.88	1	2498.3	1	0.316228	273.301	301.513
217	321.89	1	2.64809e+06	1	523.302	1	1025.88	1	2498.3	1	1	273.413	301.624
217	321.89	1	2.64809e+06	1	523.302	1	1025.88	1	2498.3	1	3.16228	273.765	301.974
217	321.89	1	2.64809e+06	1	523.302	1	1025.88	1	2498.3	1	10	274.866	303.069
217	321.89	1	2.64809e+06	1	523.302	1	1025.88	1	2498.3	1	31.6228	278.221	306.415
217	321.89	1	2.64809e+06	1	523.302	1	1025.88	1	2498.3	1	100	287.867	316.077
218	460.012	1	896936	1	235.346	1	2290.12	1	3197.74	1	0	273.249	301.462
218	460.012	1	896936	1	235.346	1	2290.12	1	3197.74	1	0.001	273.25	301.462
218	460.012	1	896936	1	235.346	1	2290.12	1	3197.74	1	0.00316228	273.25	301.462
218	460.012	1	896936	1	235.346	1	2290.12	1	3197.74	1	0.01	273.251	301.464
218	460.012	1	896936	1	235.346	1	2290.12	1	3197.74	1	0.0316228	273.255	301.468
218	460.012	1	896936	1	235.346	1	2290.12	1	3197.74	1	0.1	273.268	301.483
218	460.012	1	896936	1	235.346	1	2290.12	1	3197.74	1	0.316228	273.307	301.528
218	460.012	1	896936	1	235.346	1	2290.12	1	3197.74	1	1	273.433	301.672
218	460.012	1	896936	1	235.346	1	2290.12	1	3197.74	1	3.16228	273.825	302.123
218	460.012	1	896936	1	235.346	1	2290.12	1	3197.74	1	10	275.036	303.507
218	460.012	1	896936	1	235.346	1	2290.12	1	3197.74	1	31.6228	278.579	307.52
218	460.012	1	896936	1	235.346	1	2290.12	1	3197.74	1	100	287.774	317.842
219	487.312	1	1.04148e+06	1	190.06	1	2849.29	1	1574.96	1	0	273.249	301.462
219	487.312	1	1.04148e+06	1	190.06	1	2849.29	1	1574.96	1	0.001	273.25	301.462
219	487.312	1	1.04148e+06	1	190.06	1	2849.29	1	1574.96	1	0.00316228	273.25	301.462
219	487.312	1	1.04148e+06	1	190.06	1	2849.29	1	1574.96	1	0.01	273.251	301.464
219	487.312	1	1.04148e+06	1	190.06	1	2849.29	1	1574.96	1	0.0316228	273.256	301.469
219	487.312	1	1.04148e+06	1	190.06	1	2849.29	1	1574.96	1	0.1	273.27	301.486
219	487.312	1	1.04148e+06	1	190.06	1	2849.29	1	1574.96	1	0.316228	273.315	301.539
219	487.312	1	1.04148e+06	1	190.06	1	2849.29	1	1574.96	1	1	273.456	301.706
219	487.312	1	1.04148e+06	1	190.06	1	2849.29	1	1574.96	1	3.16228	273.896	302.227
219	487.312	1	1.04148e+06	1	190.06	1	2849.29	1	1574.96	1	10	275.242	303.812
219	487.312	1	1.04148e+06	1	190.06	1	2849.29	1	1574.96	1	31.6228	279.1	308.317
219	487.312	1	1.04148e+06	1	190.06	1	2849.29	1	1574.96	1	100	288.612	319.29
220	510.891	1	1.06325e+06	1	324.826	1	945.296	1	3296.6	1	0	273.249	301.462
220	510.891	1	1.06325e+06	1	324.826	1	945.296	1	3296.6	1	0.001	273.25	301.462
220	510.891	1	1.06325e+06	1	324.826	1	945.296	1	3296.6	1	0.00316228	273.25	301.462
220	510.891	1	1.06325e+06	1	324.826	1	945.296	1	3296.6	1	0.01	273.251	301.464
220	510.891	1	1.06325e+06	1	324.826	1	945.296	1	3296.6	1	0.0316228	273.256	301.468
220	510.891	1	1.06325e+06	1	324.826	1	945.296	1	3296.6	1	0.1	273.269	301.483
220	510.891	1	1.06325e+06	1	324.826	1	945.296	1	3296.6	1	0.316228	273.31	301.529
220	510.891	1	1.06325e+06	1	324.826	1	945.296	1	3296.6	1	1	273.442	301.673
220	510.891	1	1.06325e+06	1	324.826	1	945.296	1	3296.6	1	3.16228	273.856	302.128
220	510.891	1	1.06325e+06	1	324.826	1	945.296	1	3296.6	1	10	275.146	303.544
220	510.891	1	1.06325e+06	1	324.826	1	945.296	1	3296.6	1	31.6228	279.045	307.798
220	510.891	1	1.06325e+06	1	324.826	1	945.296	1	3296.6	1	100	289.99	319.654
221	296.868	1	1.0956e+06	1	408.906	1	850.876	1	3290.53	1	0	273.249	301.462
221	296.868	1	1.0956e+06	1	408.906	1	850.876	1	3290.53	1	0.001	273.25	301.462
221	296.868	1	1.0956e+06	1	408.906	1	850.876	1	3290.53	1	0.00316228	273.25	301.462
221	296.868	1	1.0956e+06	1	408.906	1	850.876	1	3290.53	1	0.01	273.251	301.464
221	296.868	1	1.0956e+06	1	408.906	1	850.876	1	3290.53	1	0.0316228	273.256	301.468
221	296.868	1	1.0956e+06	1	408.906	1	850.876	1	3290.53	1	0.1	273.269	301.482
221	296.868	1	1.0956e+06	1	408.906	1	850.876	1	3290.53	1	0.316228	273.312	301.525
221	296.868	1	1.0956e+06	1	408.906	1	850.876	1	3290.53	1	1	273.447	301.662
221	296.868	1	1.0956e+06	1	408.906	1	850.876	1	3290.53	1	3.16228	273.871	302.092
221	296.868	1	1.0956e+06	1	408.906	1	850.876	1	3290.53	1	10	275.194	303.435
221	296.868	1	1.0956e+06	1	408.906	1	850.876	1	3290.53	1	31.6228	279.201	307.505
221	296.868	1	1.0956e+06	1	408.906	1	850.876	1	3290.53	1	100	290.543	319.051
222	479.118	1	1.02229e+06	1	408.09	1	697.76	1	4380.38	1	0	273.249	301.462
222	479.118	1	1.02229e+06	1	408.09	1	697.76	1	4380.38	1	0.001	273.25	301.462
222	479.118	1	1.02229e+06	1	408.09	1	697.76	1	4380.38	1	0.00316228	273.25	301.462
222	479.118	1	1.02229e+06	1	408.09	1	697.76	1	4380.38	1	0.01	273.251	301.464
222	479.118	1	1.02229e+06	1	408.09	1	697.76	1	4380.38	1	0.0316228	273.256	301.468
222	479.118	1	1.02229e+06	1	408.09	1	697.76	1	4380.38	1	0.1	273.27	301.483
222	479.118	1	1.02229e+06	1	408.09	1	697.76	1	4380.38	1	0.316228	273.314	301.53
222	479.118	1	1.02229e+06	1	408.09	1	697.76	1	4380.38	1	1	273.452	301.678
222	479.118	1	1.02229e+06	1	408.09	1	697.76	1	4380.38	1	3.16228	273.889	302.143
222	479.118	1	1.02229e+06	1	408.09	1	697.76	1	4380.38	1	10	275.253	303.594
222	479.118	1	1.02229e+06	1	408.09	1	697.76	1	4380.38	1	31.6228	279.401	307.994
222	479.118	1	1.02229e+06	1	408.09	1	697.76	1	4380.38	1	100	291.167	320.429
223	435.368	1	1.65422e+06	1	258.876	1	773.873	1	3457.37	1	0	273.249	301.462
223	435.368	1	1.65422e+06	1	258.876	1	773.873	1	3457.37	1	0.001	273.25	301.462
223	435.368	1	1.65422e+06	1	258.876	1	773.873	1	3457.37	1	0.00316228	273.25	301.462
223	435.368	1	1.65422e+06	1	258.876	1	773.873	1	3457.37	1	0.01	273.252	301.464
223	435.368	1	1.65422e+06	1	258.876	1	773.873	1	3457.37	1	0.0316228	273.257	301.47
223	435.368	1	1.65422e+06	1	258.876	1	773.873	1	3457.37	1	0.1	273.273	301.488
223	435.368	1	1.65422e+06	1	258.876	1	773.873	1	3457.37	1	0.316228	273.324	301.545
223	435.368	1	1.65422e+06	1	258.876	1	773.873	1	3457.37	1	1	273.486	301.724
223	435.368	1	1.65422e+06	1	258.876	1	773.873	1	3457.37	1	3.16228	273.995	302.286
223	435.368	1	1.65422e+06	1	258.876	1	773.873	1	3457.37	1	10	275.576	304.029
223	435.368	1	1.65422e+06	1	258.876	1	773.873	1	3457.37	1	31.6228	280.303	309.204
223	435.368	1	1.65422e+06	1	258.876	1	773.873	1	3457.37	1	100	293.227	323.25
224	522.967	1	453915	1	156.43	1	900.332	1	3459.83	1	0	273.249	301.462
224	522.967	1	453915	1	156.43	1	900.332	1	3459.83	1	0.001	273.25	301.462
224	522.967	1	453915	1	156.43	1	900.332	1	3459.83	1	0.00316228	273.25	301.463
224	522.967	1	453915	1	156.43	1	900.332	1	3459.83	1	0.01	273.252	301.465
224	522.967	1	453915	1	156.43	1	900.332	1	3459.83	1	0.0316228	273.259	301.473
224	522.967	1	453915	1	156.43	1	900.332	1	3459.83	1	0.1	273.279	301.496
224	522.967	1	453915	1	156.43	1	900.332	1	3459.83	1	0.316228	273.343	301.572
224	522.967	1	453915	1	156.43	1	900.332	1	3459.83	1	1	273.544	301.809
224	522.967	1	453915	1	156.43	1	900.332	1	3459.83	1	3.16228	274.173	302.549
224	522.967	1	453915	1	156.43	1	900.332	1	3459.83	1	10	276.096	304.8
224	522.967	1	453915	1	156.43	1	900.332	1	3459.83	1	31.6228	281.634	311.235
224	522.967	1	453915	1	156.43	1	900.332	1	3459.83	1	100	295.499	327.073
225	487.598	1	1.11996e+06	1	317.876	1	833.618	1	5656.04	1	0	273.249	301.462
225	487.598	1	1.11996e+06	1	317.876	1	833.618	1	5656.04	1	0.001	273.25	301.462
225	487.598	1	1.11996e+06	1	317.876	1	833.618	1	5656.04	1	0.00316228	273.25	301.462
225	487.598	1	1.11996e+06	1	317.876	1	833.618	1	5656.04	1	0.01	273.251	301.464
225	487.598	1	1.11996e+06	1	317.876	1	833.618	1	5656.04	1	0.0316228	273.256	301.469
225	487.598	1	1.11996e+06	1	317.876	1	833.618	1	5656.04	1	0.1	273.27	301.484
225	487.598	1	1.11996e+06	1	317.876	1	833.618	1	5656.04	1	0.316228	273.315	301.533
225	487.598	1	1.11996e+06	1	317.876	1	833.618	1	5656.04	1	1	273.455	301.687
225	487.598	1	1.11996e+06	1	317.876	1	833.618	1	5656.04	1	3.16228	273.898	302.172
225	487.598	1	1.11996e+06	1	317.876	1	833.618	1	5656.04	1	10	275.277	303.679
225	487.598	1	1.11996e+06	1	317.876	1	833.618	1	5656.04	1	31.6228	279.443	308.206
225	487.598	1	1.11996e+06	1	317.876	1	833.618	1	5656.04	1	100	291.103	320.787
226	252.104	1	1.63245e+06	1	630.321	1	1286.07	1	2676.18	1	0	273.249	301.462
226	252.104	1	1.63245e+06	1	630.321	1	1286.07	1	2676.18	1	0.001	273.25	301.462
226	252.104	1	1.63245e+06	1	630.321	1	1286.07	1	2676.18	1	0.00316228	273.25	301.462
226	252.104	1	1.63245e+06	1	630.321	1	1286.07	1	2676.18	1	0.01	273.251	301.463
226	252.104	1	1.63245e+06	1	630.321	1	1286.07	1	2676.18	1	0.0316228	273.254	301.466
226	252.104	1	1.63245e+06	1	630.321	1	1286.07	1	2676.18	1	0.1	273.264	301.475
226	252.104	1	1.63245e+06	1	630.321	1	1286.07	1	2676.18	1	0.316228	273.296	301.505
226	252.104	1	1.63245e+06	1	630.321	1	1286.07	1	2676.18	1	1	273.398	301.598
226	252.104	1	1.63245e+06	1	630.321	1	1286.07	1	2676.18	1	3.16228	273.716	301.893
226	252.104	1	1.63245e+06	1	630.321	1	1286.07	1	2676.18	1	10	274.71	302.816
226	252.104	1	1.63245e+06	1	630.321	1	1286.07	1	2676.18	1	31.6228	277.723	305.641
226	252.104	1	1.63245e+06	1	630.321	1	1286.07	1	2676.18	1	100	286.358	313.868
227	435.147	1	1.24005e+06	1	477.072	1	2035.26	1	4125.64	1	0	273.249	301.462
227	435.147	1	1.24005e+06	1	477.072	1	2035.26	1	4125.64	1	0.001	273.25	301.462
227	435.147	1	1.24005e+06	1	477.072	1	2035.26	1	4125.64	1	0.00316228	273.25	301.462
227	435.147	1	1.24005e+06	1	477.072	1	2035.26	1	4125.64	1	0.01	273.251	301.463
227	435.147	1	1.24005e+06	1	477.072	1	2035.26	1	4125.64	1	0.0316228	273.253	301.466
227	435.147	1	1.24005e+06	1	477.072	1	2035.26	1	4125.64	1	0.1	273.262	301.475
227	435.147	1	1.24005e+06	1	477.072	1	2035.26	1	4125.64	1	0.316228	273.289	301.503
227	435.147	1	1.24005e+06	1	477.072	1	2035.26	1	4125.64	1	1	273.374	301.591
227	435.147	1	1.24005e+06	1	477.072	1	2035.26	1	4125.64	1	3.16228	273.641	301.87
227	435.147	1	1.24005e+06	1	477.072	1	2035.26	1	4125.64	1	10	274.477	302.741
227	435.147	1	1.24005e+06	1	477.072	1	2035.26	1	4125.64	1	31.6228	277.024	305.389
227	435.147	1	1.24005e+06	1	477.072	1	2035.26	1	4125.64	1	100	284.342	312.981
228	644.818	1	1.20598e+06	1	292.674	1	1346.55	1	3051.63	1	0	273.249	301.462
228	644.818	1	1.20598e+06	1	292.674	1	1346.55	1	3051.63	1	0.001	273.25	301.462
228	644.818	1	1.20598e+06	1	292.674	1	1346.55	1	3051.63	1	0.00316228	273.25	301.462
228	644.818	1	1.20598e+06	1	292.674	1	1346.55	1	3051.63	1	0.01	273.251	301.464
228	644.818	1	1.20598e+06	1	292.674	1	1346.55	1	3051.63	1	0.0316228	273.255	301.468
228	644.818	1	1.20598e+06	1	292.674	1	1346.55	1	3051.63	1	0.1	273.267	301.482
228	644.818	1	1.20598e+06	1	292.674	1	1346.55	1	3051.63	1	0.316228	273.305	301.525
228	644.818	1	1.20598e+06	1	292.674	1	1346.55	1	3051.63	1	1	273.424	301.661
228	644.818	1	1.20598e+06	1	292.674	1	1346.55	1	3051.63	1	3.16228	273.8	302.089
228	644.818	1	1.20598e+06	1	292.674	1	1346.55	1	3051.63	1	10	274.967	303.416
228	644.818	1	1.20598e+06	1	292.674	1	1346.55	1	3051.63	1	31.6228	278.467	307.367
228	644.818	1	1.20598e+06	1	292.674	1	1346.55	1	3051.63	1	100	287.973	318.014
229	516.121	1	1.82161e+06	1	273.574	1	1225.98	1	3872.41	1	0	273.249	301.462
229	516.121	1	1.82161e+06	1	273.574	1	1225.98	1	3872.41	1	0.001	273.25	301.462
229	516.121	1	1.82161e+06	1	273.574	1	1225.98	1	3872.41	1	0.00316228	273.25	301.462
229	516.121	1	1.82161e+06	1	273.574	1	1225.98	1	3872.41	1	0.01	273.251	301.464
229	516.121	1	1.82161e+06	1	273.574	1	1225.98	1	3872.41	1	0.0316228	273.255	301.468
229	516.121	1	1.82161e+06	1	273.574	1	1225.98	1	3872.41	1	0.1	273.269	301.483
229	516.121	1	1.82161e+06	1	273.574	1	1225.98	1	3872.41	1	0.316228	273.31	301.53
229	516.121	1	1.82161e+06	1	273.574	1	1225.98	1	3872.41	1	1	273.441	301.677
229	516.121	1	1.82161e+06	1	273.574	1	1225.98	1	3872.41	1	3.16228	273.852	302.14
229	516.121	1	1.82161e+06	1	273.574	1	1225.98	1	3872.41	1	10	275.127	303.573
229	516.121	1	1.82161e+06	1	273.574	1	1225.98	1	3872.41	1	31.6228	278.941	307.823
229	516.121	1	1.82161e+06	1	273.574	1	1225.98	1	3872.41	1	100	289.269	319.239
230	687.052	1	807894	1	423.191	1	1328.33	1	3026.68	1	0	273.249	301.462
230	687.052	1	807894	1	423.191	1	1328.33	1	3026.68	1	0.001	273.25	301.462
230	687.052	1	807894	1	423.191	1	1328.33	1	3026.68	1	0.00316228	273.25	301.462
230	687.052	1	807894	1	423.191	1	1328.33	1	3026.68	1	0.01	273.251	301.463
230	687.052	1	807894	1	423.191	1	1328.33	1	3026.68	1	0.0316228	273.254	301.467
230	687.052	1	807894	1	423.191	1	1328.33	1	3026.68	1	0.1	273.264	301.477
230	687.052	1	807894	1	423.191	1	1328.33	1	3026.68	1	0.316228	273.295	301.512
230	687.052	1	807894	1	423.191	1	1328.33	1	3026.68	1	1	273.392	301.62
230	687.052	1	807894	1	423.191	1	1328.33	1	3026.68	1	3.16228	273.7	301.96
230	687.052	1	807894	1	423.191	1	1328.33	1	3026.68	1	10	274.663	303.021
230	687.052	1	807894	1	423.191	1	1328.33	1	3026.68	1	31.6228	277.601	306.246
230	687.052	1	807894	1	423.191	1	1328.33	1	3026.68	1	100	286.035	315.452
231	414.724	1	1.09051e+06	1	429.652	1	1321.13	1	4129.45	1	0	273.249	301.462
231	414.724	1	1.09051e+06	1	429.652	1	1321.13	1	4129.45	1	0.001	273.25	301.462
231	414.724	1	1.09051e+06	1	429.652	1	1321.13	1	4129.45	1	0.00316228	273.25	301.462
231	414.724	1	1.09051e+06	1	429.652	1	1321.13	1	4129.45	1	0.01	273.251	301.463
231	414.724	1	1.09051e+06	1	429.652	1	1321.13	1	4129.45	1	0.0316228	273.254	301.467
231	414.724	1	1.09051e+06	1	429.652	1	1321.13	1	4129.45	1	0.1	273.265	301.478
231	414.724	1	1.09051e+06	1	429.652	1	1321.13	1	4129.45	1	0.316228	273.298	301.512
231	414.724	1	1.09051e+06	1	429.652	1	1321.13	1	4129.45	1	1	273.402	301.621
231	414.724	1	1.09051e+06	1	429.652	1	1321.13	1	4129.45	1	3.16228	273.729	301.965
231	414.724	1	1.09051e+06	1	429.652	1	1321.13	1	4129.45	1	10	274.753	303.038
231	414.724	1	1.09051e+06	1	429.652	1	1321.13	1	4129.45	1	31.6228	277.869	306.298
231	414.724	1	1.09051e+06	1	429.652	1	1321.13	1	4129.45	1	100	286.8	315.615
232	520.561	1	711759	1	326.466	1	1027.87	1	2722.82	1	0	273.249	301.462
232	520.561	1	711759	1	326.466	1	1027.87	1	2722.82	1	0.001	273.25	301.462
232	520.561	1	711759	1	326.466	1	1027.87	1	2722.82	1	0.00316228	273.25	301.462
232	520.561	1	711759	1	326.466	1	1027.87	1	2722.82	1	0.01	273.251	301.464
232	520.561	1	711759	1	326.466	1	1027.87	1	2722.82	1	0.0316228	273.255	301.468
232	520.561	1	711759	1	326.466	1	1027.87	1	2722.82	1	0.1	273.268	301.482
232	520.561	1	711759	1	326.466	1	1027.87	1	2722.82	1	0.316228	273.308	301.526
232	520.561	1	711759	1	326.466	1	1027.87	1	2722.82	1	1	273.435	301.666
232	520.561	1	711759	1	326.466	1	1027.87	1	2722.82	1	3.16228	273.833	302.106
232	520.561	1	711759	1	326.466	1	1027.87	1	2722.82	1	10	275.075	303.472
232	520.561	1	711759	1	326.466	1	1027.87	1	2722.82	1	31.6228	278.829	307.579
232	520.561	1	711759	1	326.466	1	1027.87	1	2722.82	1	100	289.371	319.027
233	416.239	1	1.46121e+06	1	241.238	1	1341.63	1	2459.73	1	0	273.249	301.462
233	416.239	1	1.46121e+06	1	241.238	1	1341.63	1	2459.73	1	0.001	273.25	301.462
233	416.239	1	1.46121e+06	1	241.238	1	1341.63	1	2459.73	1	0.00316228	273.25	301.462
233	416.239	1	1.46121e+06	1	241.238	1	1341.63	1	2459.73	1	0.01	273.251	301.464
233	416.239	1	1.46121e+06	1	241.238	1	1341.63	1	2459.73	1	0.0316228	273.256	301.469
233	416.239	1	1.46121e+06	1	241.238	1	1341.63	1	2459.73	1	0.1	273.27	301.485
233	416.239	1	1.46121e+06	1	241.238	1	1341.63	1	2459.73	1	0.316228	273.315	301.535
233	416.239	1	1.46121e+06	1	241.238	1	1341.63	1	2459.73	1	1	273.455	301.693
233	416.239	1	1.46121e+06	1	241.238	1	1341.63	1	2459.73	1	3.16228	273.897	302.189
233	416.239	1	1.46121e+06	1	241.238	1	1341.63	1	2459.73	1	10	275.262	303.718
233	416.239	1	1.46121e+06	1	241.238	1	1341.63	1	2459.73	1	31.6228	279.303	308.2
233	416.239	1	1.46121e+06	1	241.238	1	1341.63	1	2459.73	1	100	290.018	319.989
234	435.7	1	2.81799e+06	1	505.162	1	605.524	1	3719.92	1	0	273.249	301.462
234	435.7	1	2.81799e+06	1	505.162	1	605.524	1	3719.92	1	0.001	273.25	301.462
234	435.7	1	2.81799e+06	1	505.162	1	605.524	1	3719.92	1	0.00316228	273.25	301.462
234	435.7	1	2.81799e+06	1	505.162	1	605.524	1	3719.92	1	0.01	273.251	301.464
234	435.7	1	2.81799e+06	1	505.162	1	605.524	1	3719.92	1	0.0316228	273.256	301.468
234	435.7	1	2.81799e+06	1	505.162	1	605.524	1	3719.92	1	0.1	273.27	301.483
234	435.7	1	2.81799e+06	1	505.162	1	605.524	1	3719.92	1	0.316228	273.315	301.53
234	435.7	1	2.81799e+06	1	505.162	1	605.524	1	3719.92	1	1	273.457	301.677
234	435.7	1	2.81799e+06	1	505.162	1	605.524	1	3719.92	1	3.16228	273.903	302.139
234	435.7	1	2.81799e+06	1	505.162	1	605.524	1	3719.92	1	10	275.298	303.585
234	435.7	1	2.81799e+06	1	505.162	1	605.524	1	3719.92	1	31.6228	279.54	307.979
234	435.7	1	2.81799e+06	1	505.162	1	605.524	1	3719.92	1	100	291.778	320.634
235	355.632	1	968081	1	359.523	1	2677.89	1	2986.67	1	0	273.249	301.462
235	355.632	1	968081	1	359.523	1	2677.89	1	2986.67	1	0.001	273.25	301.462
235	355.632	1	968081	1	359.523	1	2677.89	1	2986.67	1	0.00316228	273.25	301.462
235	355.632	1	968081	1	359.523	1	2677.89	1	2986.67	1	0.01	273.251	301.463
235	355.632	1	968081	1	359.523	1	2677.89	1	2986.67	1	0.0316228	273.254	301.466
235	355.632	1	968081	1	359.523	1	2677.89	1	2986.67	1	0.1	273.264	301.477
235	355.632	1	968081	1	359.523	1	2677.89	1	2986.67	1	0.316228	273.294	301.509
235	355.632	1	968081	1	359.523	1	2677.89	1	2986.67	1	1	273.391	301.611
235	355.632	1	968081	1	359.523	1	2677.89	1	2986.67	1	3.16228	273.695	301.932
235	355.632	1	968081	1	359.523	1	2677.89	1	2986.67	1	10	274.64	302.928
235	355.632	1	968081	1	359.523	1	2677.89	1	2986.67	1	31.6228	277.472	305.903
235	355.632	1	968081	1	359.523	1	2677.89	1	2986.67	1	100	285.317	314.117
236	414.028	1	247162	1	468.689	1	504.858	1	3944.5	1	0	273.249	301.462
236	414.028	1	247162	1	468.689	1	504.858	1	3944.5	1	0.001	273.25	301.462
236	414.028	1	247162	1	468.689	1	504.858	1	3944.5	1	0.00316228	273.25	301.462
236	414.028	1	247162	1	468.689	1	504.858	1	3944.5	1	0.01	273.252	301.464
236	414.028	1	247162	1	468.689	1	504.858	1	3944.5	1	0.0316228	273.257	301.469
236	414.028	1	247162	1	468.689	1	504.858	1	3944.5	1	0.1	273.273	301.486
236	414.028	1	247162	1	468.689	1	504.858	1	3944.5	1	0.316228	273.325	301.54
236	414.028	1	247162	1	468.689	1	504.858	1	3944.5	1	1	273.487	301.708
236	414.028	1	247162	1	468.689	1	504.858	1	3944.5	1	3.16228	273.998	302.239
236	414.028	1	247162	1	468.689	1	504.858	1	3944.5	1	10	275.591	303.894
236	414.028	1	247162	1	468.689	1	504.858	1	3944.5	1	31.6228	280.412	308.896
236	414.028	1	247162	1	468.689	1	504.858	1	3944.5	1	100	294.381	323.366
237	497.896	1	3.37961e+06	1	240.891	1	753.763	1	2676.58	1	0	273.249	301.462
237	497.896	1	3.37961e+06	1	240.891	1	753.763	1	2676.58	1	0.001	273.25	301.462
237	497.896	1	3.37961e+06	1	240.891	1	753.763	1	2676.58	1	0.00316228	273.25	301.462
237	497.896	1	3.37961e+06	1	240.891	1	753.763	1	2676.58	1	0.01	273.252	301.464
237	497.896	1	3.37961e+06	1	240.891	1	753.763	1	2676.58	1	0.0316228	273.257	301.47
237	497.896	1	3.37961e+06	1	240.891	1	753.763	1	2676.58	1	0.1	273.274	301.489
237	497.896	1	3.37961e+06	1	240.891	1	753.763	1	2676.58	1	0.316228	273.327	301.549
237	497.896	1	3.37961e+06	1	240.891	1	753.763	1	2676.58	1	1	273.495	301.737
237	497.896	1	3.37961e+06	1	240.891	1	753.763	1	2676.58	1	3.16228	274.021	302.328
237	497.896	1	3.37961e+06	1	240.891	1	753.763	1	2676.58	1	10	275.654	304.156
237	497.896	1	3.37961e+06	1	240.891	1	753.763	1	2676.58	1	31.6228	280.519	309.559
237	497.896	1	3.37961e+06	1	240.891	1	753.763	1	2676.58	1	100	293.731	324.112
238	499.901	1	1.29433e+06	1	175.888	1	2910.88	1	1567.05	1	0	273.249	301.462
238	499.901	1	1.29433e+06	1	175.888	1	2910.88	1	1567.05	1	0.001	273.25	301.462
238	499.901	1	1.29433e+06	1	175.888	1	2910.88	1	1567.05	1	0.00316228	273.25	301.462
238	499.901	1	1.29433e+06	1	175.888	1	2910.88	1	1567.05	1	0.01	273.252	301.464
238	499.901	1	1.29433e+06	1	175.888	1	2910.88	1	1567.05	1	0.0316228	273.256	301.47
238	499.901	1	1.29433e+06	1	175.888	1	2910.88	1	1567.05	1	0.1	273.271	301.488
238	499.901	1	1.29433e+06	1	175.888	1	2910.88	1	1567.05	1	0.316228	273.318	301.544
238	499.901	1	1.29433e+06	1	175.888	1	2910.88	1	1567.05	1	1	273.467	301.722
238	499.901	1	1.29433e+06	1	175.888	1	2910.88	1	1567.05	1	3.16228	273.932	302.276
238	499.901	1	1.29433e+06	1	175.888	1	2910.88	1	1567.05	1	10	275.346	303.958
238	499.901	1	1.29433e+06	1	175.888	1	2910.88	1	1567.05	1	31.6228	279.369	308.703
238	499.901	1	1.29433e+06	1	175.888	1	2910.88	1	1567.05	1	100	289.096	320.018
239	819.965	1	434303	1	320.373	1	6372.4	1	2274.63	1	0	273.249	301.462
239	819.965	1	434303	1	320.373	1	6372.4	1	2274.63	1	0.001	273.25	301.462
239	819.965	1	434303	1	320.373	1	6372.4	1	2274.63	1	0.00316228	273.25	301.462
239	819.965	1	434303	1	320.373	1	6372.4	1	2274.63	1	0.01	273.251	301.463
239	819.965	1	434303	1	320.373	1	6372.4	1	2274.63	1	0.0316228	273.253	301.466
239	819.965	1	434303	1	320.373	1	6372.4	1	2274.63	1	0.1	273.261	301.476
239	819.965	1	434303	1	320.373	1	6372.4	1	2274.63	1	0.316228	273.287	301.506
239	819.965	1	434303	1	320.373	1	6372.4	1	2274.63	1	1	273.368	301.603
239	819.965	1	434303	1	320.373	1	6372.4	1	2274.63	1	3.16228	273.623	301.905
239	819.965	1	434303	1	320.373	1	6372.4	1	2274.63	1	10	274.411	302.84
239	819.965	1	434303	1	320.373	1	6372.4	1	2274.63	1	31.6228	276.746	305.588
239	819.965	1	434303	1	320.373	1	6372.4	1	2274.63	1	100	282.976	312.866
240	130.992	1	1.64205e+06	1	356.995	1	1874.95	1	4417.52	1	0	273.249	301.462
240	130.992	1	1.64205e+06	1	356.995	1	1874.95	1	4417.52	1	0.001	273.25	301.462
240	130.992	1	1.64205e+06	1	356.995	1	1874.95	1	4417.52	1	0.00316228	273.25	301.462
240	130.992	1	1.64205e+06	1	356.995	1	1874.95	1	4417.52	1	0.01	273.251	301.463
240	130.992	1	1.64205e+06	1	356.995	1	1874.95	1	4417.52	1	0.0316228	273.256	301.467
240	130.992	1	1.64205e+06	1	356.995	1	1874.95	1	4417.52	1	0.1	273.27	301.479
240	130.992	1	1.64205e+06	1	356.995	1	1874.95	1	4417.52	1	0.316228	273.314	301.518
240	130.992	1	1.64205e+06	1	356.995	1	1874.95	1	4417.52	1	1	273.454	301.639
240	130.992	1	1.64205e+06	1	356.995	1	1874.95	1	4417.52	1	3.16228	273.891	302.02
240	130.992	1	1.64205e+06	1	356.995	1	1874.95	1	4417.52	1	10	275.23	303.196
240	130.992	1	1.64205e+06	1	356.995	1	1874.95	1	4417.52	1	31.6228	279.145	306.699
240	130.992	1	1.64205e+06	1	356.995	1	1874.95	1	4417.52	1	100	289.221	316.253
241	224.328	1	577817	1	308.488	1	1954.25	1	3899.95	1	0	273.249	301.462
241	224.328	1	577817	1	308.488	1	1954.25	1	3899.95	1	0.001	273.25	301.462
241	224.328	1	577817	1	308.488	1	1954.25	1	3899.95	1	0.00316228	273.25	301.462
241	224.328	1	577817	1	308.488	1	1954.25	1	3899.95	1	0.01	273.251	301.463
241	224.328	1	577817	1	308.488	1	1954.25	1	3899.95	1	0.0316228	273.255	301.467
241	224.328	1	577817	1	308.488	1	1954.25	1	3899.95	1	0.1	273.268	301.48
241	224.328	1	577817	1	308.488	1	1954.25	1	3899.95	1	0.316228	273.307	301.52
241	224.328	1	577817	1	308.488	1	1954.25	1	3899.95	1	1	273.432	301.645
241	224.328	1	577817	1	308.488	1	1954.25	1	3899.95	1	3.16228	273.824	302.039
241	224.328	1	577817	1	308.488	1	1954.25	1	3899.95	1	10	275.037	303.256
241	224.328	1	577817	1	308.488	1	1954.25	1	3899.95	1	31.6228	278.622	306.861
241	224.328	1	577817	1	308.488	1	1954.25	1	3899.95	1	100	288.341	316.678
242	517.156	1	1.34861e+06	1	332.041	1	2247.17	1	4970.18	1	0	273.249	301.462
242	517.156	1	1.34861e+06	1	332.041	1	2247.17	1	4970.18	1	0.001	273.25	301.462
242	517.156	1	1.34861e+06	1	332.041	1	2247.17	1	4970.18	1	0.00316228	273.25	301.462
242	517.156	1	1.34861e+06	1	332.041	1	2247.17	1	4970.18	1	0.01	273.251	301.463
242	517.156	1	1.34861e+06	1	332.041	1	2247.17	1	4970.18	1	0.0316228	273.254	301.467
242	517.156	1	1.34861e+06	1	332.041	1	2247.17	1	4970.18	1	0.1	273.264	301.478
242	517.156	1	1.34861e+06	1	332.041	1	2247.17	1	4970.18	1	0.316228	273.295	301.513
242	517.156	1	1.34861e+06	1	332.041	1	2247.17	1	4970.18	1	1	273.394	301.623
242	517.156	1	1.34861e+06	1	332.041	1	2247.17	1	4970.18	1	3.16228	273.704	301.969
242	517.156	1	1.34861e+06	1	332.041	1	2247.17	1	4970.18	1	10	274.668	303.042
242	517.156	1	1.34861e+06	1	332.041	1	2247.17	1	4970.18	1	31.6228	277.561	306.243
242	517.156	1	1.34861e+06	1	332.041	1	2247.17	1	4970.18	1	100	285.574	315.03
243	481.963	1	925345	1	388.25	1	883.768	1	3548.34	1	0	273.249	301.462
243	481.963	1	925345	1	388.25	1	883.768	1	3548.34	1	0.001	273.25	301.462
243	481.963	1	925345	1	388.25	1	883.768	1	3548.34	1	0.00316228	273.25	301.462
243	481.963	1	925345	1	388.25	1	883.768	1	3548.34	1	0.01	273.251	301.464
243	481.963	1	925345	1	388.25	1	883.768	1	3548.34	1	0.0316228	273.255	301.468
243	481.963	1	925345	1	388.25	1	883.768	1	3548.34	1	0.1	273.268	301.481
243	481.963	1	925345	1	388.25	1	883.768	1	3548.34	1	0.316228	273.308	301.524
243	481.963	1	925345	1	388.25	1	883.768	1	3548.34	1	1	273.434	301.659
243	481.963	1	925345	1	388.25	1	883.768	1	3548.34	1	3.16228	273.83	302.085
243	481.963	1	925345	1	388.25	1	883.768	1	3548.34	1	10	275.067	303.412
243	481.963	1	925345	1	388.25	1	883.768	1	3548.34	1	31.6228	278.832	307.434
243	481.963	1	925345	1	388.25	1	883.768	1	3548.34	1	100	289.545	318.826
244	393.406	1	215911	1	376.616	1	1829.12	1	2589.42	1	0	273.249	301.462
244	393.406	1	215911	1	376.616	1	1829.12	1	2589.42	1	0.001	273.25	301.462
244	393.406	1	215911	1	376.616	1	1829.12	1	2589.42	1	0.00316228	273.25	301.462
244	393.406	1	215911	1	376.616	1	1829.12	1	2589.42	1	0.01	273.251	301.463
244	393.406	1	215911	1	376.616	1	1829.12	1	2589.42	1	0.0316228	273.254	301.467
244	393.406	1	215911	1	376.616	1	1829.12	1	2589.42	1	0.1	273.264	301.477
244	393.406	1	215911	1	376.616	1	1829.12	1	2589.42	1	0.316228	273.296	301.511
244	393.406	1	215911	1	376.616	1	1829.12	1	2589.42	1	1	273.397	301.618
244	393.406	1	215911	1	376.616	1	1829.12	1	2589.42	1	3.16228	273.715	301.956
244	393.406	1	215911	1	376.616	1	1829.12	1	2589.42	1	10	274.704	303.005
244	393.406	1	215911	1	376.616	1	1829.12	1	2589.42	1	31.6228	277.692	306.163
244	393.406	1	215911	1	376.616	1	1829.12	1	2589.42	1	100	286.108	315.021
245	289.137	1	525728	1	186.62	1	1712.03	1	2577.81	1	0	273.249	301.462
245	289.137	1	525728	1	186.62	1	1712.03	1	2577.81	1	0.001	273.25	301.462
245	289.137	1	525728	1	186.62	1	1712.03	1	2577.81	1	0.00316228	273.25	301.462
245	289.137	1	525728	1	186.62	1	1712.03	1	2577.81	1	0.01	273.252	301.464
245	289.137	1	525728	1	186.62	1	1712.03	1	2577.81	1	0.0316228	273.257	301.47
245	289.137	1	525728	1	186.62	1	1712.03	1	2577.81	1	0.1	273.274	301.489
245	289.137	1	525728	1	186.62	1	1712.03	1	2577.81	1	0.316228	273.326	301.547
245	289.137	1	525728	1	186.62	1	1712.03	1	2577.81	1	1	273.49	301.732
245	289.137	1	525728	1	186.62	1	1712.03	1	2577.81	1	3.16228	274.005	302.308
245	289.137	1	525728	1	186.62	1	1712.03	1	2577.81	1	10	275.583	304.067
245	289.137	1	525728	1	186.62	1	1712.03	1	2577.81	1	31.6228	280.133	309.101
245	289.137	1	525728	1	186.62	1	1712.03	1	2577.81	1	100	291.539	321.548
246	420.953	1	772606	1	518.031	1	1416.52	1	2725.28	1	0	273.249	301.462
246	420.953	1	772606	1	518.031	1	1416.52	1	2725.28	1	0.001	273.25	301.462
246	420.953	1	772606	1	518.031	1	1416.52	1	2725.28	1	0.00316228	273.25	301.462
246	420.953	1	772606	1	518.031	1	1416.52	1	2725.28	1	0.01	273.251	301.463
246	420.953	1	772606	1	518.031	1	1416.52	1	2725.28	1	0.0316228	273.254	301.466
246	420.953	1	772606	1	518.031	1	1416.52	1	2725.28	1	0.1	273.263	301.476
246	420.953	1	772606	1	518.031	1	1416.52	1	2725.28	1	0.316228	273.293	301.506
246	420.953	1	772606	1	518.031	1	1416.52	1	2725.28	1	1	273.386	301.602
246	420.953	1	772606	1	518.031	1	1416.52	1	2725.28	1	3.16228	273.679	301.903
246	420.953	1	772606	1	518.031	1	1416.52	1	2725.28	1	10	274.598	302.847
246	420.953	1	772606	1	518.031	1	1416.52	1	2725.28	1	31.6228	277.408	305.732
246	420.953	1	772606	1	518.031	1	1416.52	1	2725.28	1	100	285.55	314.087
247	409.859	1	303596	1	337.551	1	666.02	1	3349.74	1	0	273.249	301.462
247	409.859	1	303596	1	337.551	1	666.02	1	3349.74	1	0.001	273.25	301.462
247	409.859	1	303596	1	337.551	1	666.02	1	3349.74	1	0.00316228	273.25	301.462
247	409.859	1	303596	1	337.551	1	666.02	1	3349.74	1	0.01	273.252	301.464
247	409.859	1	303596	1	337.551	1	666.02	1	3349.74	1	0.0316228	273.257	301.469
247	409.859	1	303596	1	337.551	1	666.02	1	3349.74	1	0.1	273.272	301.486
247	409.859	1	303596	1	337.551	1	666.02	1	3349.74	1	0.316228	273.321	301.538
247	409.859	1	303596	1	337.551	1	666.02	1	3349.74	1	1	273.476	301.704
247	409.859	1	303596	1	337.551	1	666.02	1	3349.74	1	3.16228	273.965	302.227
247	409.859	1	303596	1	337.551	1	666.02	1	3349.74	1	10	275.486	303.852
247	409.859	1	303596	1	337.551	1	666.02	1	3349.74	1	31.6228	280.085	308.746
247	409.859	1	303596	1	337.551	1	666.02	1	3349.74	1	100	293.02	322.442
248	359.265	1	1.51175e+06	1	430.353	1	1145.46	1	3411.52	1	0	273.249	301.462
248	359.265	1	1.51175e+06	1	430.353	1	1145.46	1	3411.52	1	0.001	273.25	301.462
248	359.265	1	1.51175e+06	1	430.353	1	1145.46	1	3411.52	1	0.00316228	273.25	301.462
248	359.265	1	1.51175e+06	1	430.353	1	1145.46	1	3411.52	1	0.01	273.251	301.463
248	359.265	1	1.51175e+06	1	430.353	1	1145.46	1	3411.52	1	0.0316228	273.255	301.467
248	359.265	1	1.51175e+06	1	430.353	1	1145.46	1	3411.52	1	0.1	273.266	301.479
248	359.265	1	1.51175e+06	1	430.353	1	1145.46	1	3411.52	1	0.316228	273.302	301.515
248	359.265	1	1.51175e+06	1	430.353	1	1145.46	1	3411.52	1	1	273.414	301.631
248	359.265	1	1.51175e+06	1	430.353	1	1145.46	1	3411.52	1	3.16228	273.769	301.997
248	359.265	1	1.51175e+06	1	430.353	1	1145.46	1	3411.52	1	10	274.876	303.138
248	359.265	1	1.51175e+06	1	430.353	1	1145.46	1	3411.52	1	31.6228	278.245	306.607
248	359.265	1	1.51175e+06	1	430.353	1	1145.46	1	3411.52	1	100	287.875	316.519
249	554.74	1	2.1528e+06	1	418.232	1	1011.64	1	6145.94	1	0	273.249	301.462
249	554.74	1	2.1528e+06	1	418.232	1	1011.64	1	6145.94	1	0.001	273.25	301.462
249	554.74	1	2.1528e+06	1	418.232	1	1011.64	1	6145.94	1	0.00316228	273.25	301.462
249	554.74	1	2.1528e+06	1	418.232	1	1011.64	1	6145.94	1	0.01	273.251	301.463
249	554.74	1	2.1528e+06	1	418.232	1	1011.64	1	6145.94	1	0.0316228	273.255	301.467
249	554.74	1	2.1528e+06	1	418.232	1	1011.64	1	6145.94	1	0.1	273.266	301.479
249	554.74	1	2.1528e+06	1	418.232	1	1011.64	1	6145.94	1	0.316228	273.302	301.518
249	554.74	1	2.1528e+06	1	418.232	1	1011.64	1	6145.94	1	1	273.414	301.64
249	554.74	1	2.1528e+06	1	418.232	1	1011.64	1	6145.94	1	3.16228	273.769	302.024
249	554.74	1	2.1528e+06	1	418.232	1	1011.64	1	6145.94	1	10	274.879	303.221
249	554.74	1	2.1528e+06	1	418.232	1	1011.64	1	6145.94	1	31.6228	278.266	306.863
249	554.74	1	2.1528e+06	1	418.232	1	1011.64	1	6145.94	1	100	287.973	317.249
250	242.498	1	1.66065e+06	1	346.367	1	974.057	1	5027.55	1	0	273.249	301.462
250	242.498	1	1.66065e+06	1	346.367	1	974.057	1	5027.55	1	0.001	273.25	301.462
250	242.498	1	1.66065e+06	1	346.367	1	974.057	1	5027.55	1	0.00316228	273.25	301.462
250	242.498	1	1.66065e+06	1	346.367	1	974.057	1	5027.55	1	0.01	273.251	301.464
250	242.498	1	1.66065e+06	1	346.367	1	974.057	1	5027.55	1	0.0316228	273.256	301.468
250	242.498	1	1.66065e+06	1	346.367	1	974.057	1	5027.55	1	0.1	273.27	301.482
250	242.498	1	1.66065e+06	1	346.367	1	974.057	1	5027.55	1	0.316228	273.315	301.528
250	242.498	1	1.66065e+06	1	346.367	1	974.057	1	5027.55	1	1	273.457	301.67
250	242.498	1	1.66065e+06	1	346.367	1	974.057	1	5027.55	1	3.16228	273.902	302.118
250	242.498	1	1.66065e+06	1	346.367	1	974.057	1	5027.55	1	10	275.285	303.51
250	242.498	1	1.66065e+06	1	346.367	1	974.057	1	5027.55	1	31.6228	279.438	307.696
250	242.498	1	1.66065e+06	1	346.367	1	974.057	1	5027.55	1	100	291.019	319.417
251	444.214	1	821220	1	350.711	1	806.631	1	3236.28	1	0	273.249	301.462
251	444.214	1	821220	1	350.711	1	806.631	1	3236.28	1	0.001	273.25	301.462
251	444.214	1	821220	1	350.711	1	806.631	1	3236.28	1	0.00316228	273.25	301.462
251	444.214	1	821220	1	350.711	1	806.631	1	3236.28	1	0.01	273.251	301.464
251	444.214	1	821220	1	350.711	1	806.631	1	3236.28	1	0.0316228	273.256	301.468
251	444.214	1	821220	1	350.711	1	806.631	1	3236.28	1	0.1	273.27	301.483
251	444.214	1	821220	1	350.711	1	806.631	1	3236.28	1	0.316228	273.313	301.53
251	444.214	1	821220	1	350.711	1	806.631	1	3236.28	1	1	273.452	301.679
251	444.214	1	821220	1	350.711	1	806.631	1	3236.28	1	3.16228	273.887	302.147
251	444.214	1	821220	1	350.711	1	806.631	1	3236.28	1	10	275.245	303.606
251	444.214	1	821220	1	350.711	1	806.631	1	3236.28	1	31.6228	279.359	308.006
251	444.214	1	821220	1	350.711	1	806.631	1	3236.28	1	100	290.959	320.35
252	322.386	1	2.52005e+06	1	398.171	1	835.842	1	3706.38	1	0	273.249	301.462
252	322.386	1	2.52005e+06	1	398.171	1	835.842	1	3706.38	1	0.001	273.25	301.462
252	322.386	1	2.52005e+06	1	398.171	1	835.842	1	3706.38	1	0.00316228	273.25	301.462
252	322.386	1	2.52005e+06	1	398.171	1	835.842	1	3706.38	1	0.01	273.251	301.464
252	322.386	1	2.52005e+06	1	398.171	1	835.842	1	3706.38	1	0.0316228	273.256	301.468
252	322.386	1	2.52005e+06	1	398.171	1	835.842	1	3706.38	1	0.1	273.269	301.482
252	322.386	1	2.52005e+06	1	398.171	1	835.842	1	3706.38	1	0.316228	273.312	301.526
252	322.386	1	2.52005e+06	1	398.171	1	835.842	1	3706.38	1	1	273.447	301.665
252	322.386	1	2.52005e+06	1	398.171	1	835.842	1	3706.38	1	3.16228	273.873	302.103
252	322.386	1	2.52005e+06	1	398.171	1	835.842	1	3706.38	1	10	275.201	303.468
252	322.386	1	2.52005e+06	1	398.171	1	835.842	1	3706.38	1	31.6228	279.228	307.604
252	322.386	1	2.52005e+06	1	398.171	1	835.842	1	3706.38	1	100	290.63	319.319
253	270.024	1	101973	1	992.287	1	1717.14	1	1951.78	1	0	273.249	301.462
253	270.024	1	101973	1	992.287	1	1717.14	1	1951.78	1	0.001	273.25	301.462
253	270.024	1	101973	1	992.287	1	1717.14	1	1951.78	1	0.00316228	273.25	301.462
253	270.024	1	101973	1	992.287	1	1717.14	1	1951.78	1	0.01	273.251	301.463
253	270.024	1	101973	1	992.287	1	1717.14	1	1951.78	1	0.0316228	273.253	301.465
253	270.024	1	101973	1	992.287	1	1717.14	1	1951.78	1	0.1	273.261	301.471
253	270.024	1	101973	1	992.287	1	1717.14	1	1951.78	1	0.316228	273.285	301.492
253	270.024	1	101973	1	992.287	1	1717.14	1	1951.78	1	1	273.362	301.559
253	270.024	1	101973	1	992.287	1	1717.14	1	1951.78	1	3.16228	273.606	301.769
253	270.024	1	101973	1	992.287	1	1717.14	1	1951.78	1	10	274.364	302.427
253	270.024	1	101973	1	992.287	1	1717.14	1	1951.78	1	31.6228	276.669	304.457
253	270.024	1	101973	1	992.287	1	1717.14	1	1951.78	1	100	283.336	310.484
254	378.117	1	1.22931e+06	1	399.977	1	589.278	1	5257.51	1	0	273.249	301.462
254	378.117	1	1.22931e+06	1	399.977	1	589.278	1	5257.51	1	0.001	273.25	301.462
254	378.117	1	1.22931e+06	1	399.977	1	589.278	1	5257.51	1	0.00316228	273.25	301.462
254	378.117	1	1.22931e+06	1	399.977	1	589.278	1	5257.51	1	0.01	273.252	301.464
254	378.117	1	1.22931e+06	1	399.977	1	589.278	1	5257.51	1	0.0316228	273.257	301.469
254	378.117	1	1.22931e+06	1	399.977	1	589.278	1	5257.51	1	0.1	273.272	301.486
254	378.117	1	1.22931e+06	1	399.977	1	589.278	1	5257.51	1	0.316228	273.322	301.538
254	378.117	1	1.22931e+06	1	399.977	1	589.278	1	5257.51	1	1	273.479	301.702
254	378.117	1	1.22931e+06	1	399.977	1	589.278	1	5257.51	1	3.16228	273.974	302.219
254	378.117	1	1.22931e+06	1	399.977	1	589.278	1	5257.51	1	10	275.517	303.83
254	378.117	1	1.22931e+06	1	399.977	1	589.278	1	5257.51	1	31.6228	280.188	308.699
254	378.117	1	1.22931e+06	1	399.977	1	589.278	1	5257.51	1	100	293.552	322.598
255	666.014	1	198245	1	474.836	1	809.253	1	3305.13	1	0	273.249	301.462
255	666.014	1	198245	1	474.836	1	809.253	1	3305.13	1	0.001	273.25	301.462
255	666.014	1	198245	1	474.836	1	809.253	1	3305.13	1	0.00316228	273.25	301.462
255	666.014	1	198245	1	474.836	1	809.253	1	3305.13	1	0.01	273.251	301.463
255	666.014	1	198245	1	474.836	1	809.253	1	3305.13	1	0.0316228	273.255	301.467
255	666.014	1	198245	1	474.836	1	809.253	1	3305.13	1	0.1	273.267	301.48
255	666.014	1	198245	1	474.836	1	809.253	1	3305.13	1	0.316228	273.304	301.52
255	666.014	1	198245	1	474.836	1	809.253	1	3305.13	1	1	273.421	301.647
255	666.014	1	198245	1	474.836	1	809.253	1	3305.13	1	3.16228	273.79	302.045
255	666.014	1	198245	1	474.836	1	809.253	1	3305.13	1	10	274.946	303.291
255	666.014	1	198245	1	474.836	1	809.253	1	3305.13	1	31.6228	278.482	307.091
255	666.014	1	198245	1	474.836	1	809.253	1	3305.13	1	100	288.638	317.968
256	401.23	1	567275	1	311.857	1	270.923	1	1258.34	1	0	273.249	301.462
256	401.23	1	567275	1	311.857	1	270.923	1	1258.34	1	0.001	273.25	301.462
256	401.23	1	567275	1	311.857	1	270.923	1	1258.34	1	0.00316228	273.251	301.463
256	401.23	1	567275	1	311.857	1	270.923	1	1258.34	1	0.01	273.253	301.466
256	401.23	1	567275	1	311.857	1	270.923	1	1258.34	1	0.0316228	273.262	301.475
256	401.23	1	567275	1	311.857	1	270.923	1	1258.34	1	0.1	273.289	301.504
256	401.23	1	567275	1	311.857	1	270.923	1	1258.34	1	0.316228	273.376	301.596
256	401.23	1	567275	1	311.857	1	270.923	1	1258.34	1	1	273.648	301.885
256	401.23	1	567275	1	311.857	1	270.923	1	1258.34	1	3.16228	274.503	302.792
256	401.23	1	567275	1	311.857	1	270.923	1	1258.34	1	10	277.14	305.59
256	401.23	1	567275	1	311.857	1	270.923	1	1258.34	1	31.6228	284.879	313.783
256	401.23	1	567275	1	311.857	1	270.923	1	1258.34	1	100	306.945	337.034
257	552.017	1	857146	1	331.863	1	683.881	1	3528.28	1	0	273.249	301.462
257	552.017	1	857146	1	331.863	1	683.881	1	3528.28	1	0.001	273.25	301.462
257	552.017	1	857146	1	331.863	1	683.881	1	3528.28	1	0.00316228	273.25	301.462
257	552.017	1	857146	1	331.863	1	683.881	1	3528.28	1	0.01	273.252	301.464
257	552.017	1	857146	1	331.863	1	683.881	1	3528.28	1	0.0316228	273.256	301.469
257	552.017	1	857146	1	331.863	1	683.881	1	3528.28	1	0.1	273.271	301.486
257	552.017	1	857146	1	331.863	1	683.881	1	3528.28	1	0.316228	273.319	301.538
257	552.017	1	857146	1	331.863	1	683.881	1	3528.28	1	1	273.468	301.702
257	552.017	1	857146	1	331.863	1	683.881	1	3528.28	1	3.16228	273.94	302.218
257	552.017	1	857146	1	331.863	1	683.881	1	3528.28	1	10	275.409	303.824
257	552.017	1	857146	1	331.863	1	683.881	1	3528.28	1	31.6228	279.852	308.658
257	552.017	1	857146	1	331.863	1	683.881	1	3528.28	1	100	292.319	322.141
258	523.779	1	1.42712e+06	1	482.286	1	929.315	1	2609.6	1	0	273.249	301.462
258	523.779	1	1.42712e+06	1	482.286	1	929.315	1	2609.6	1	0.001	273.25	301.462
258	523.779	1	1.42712e+06	1	482.286	1	929.315	1	2609.6	1	0.00316228	273.25	301.462
258	523.779	1	1.42712e+06	1	482.286	1	929.315	1	2609.6	1	0.01	273.251	301.463
258	523.779	1	1.42712e+06	1	482.286	1	929.315	1	2609.6	1	0.0316228	273.255	301.467
258	523.779	1	1.42712e+06	1	482.286	1	929.315	1	2609.6	1	0.1	273.266	301.479
258	523.779	1	1.42712e+06	1	482.286	1	929.315	1	2609.6	1	0.316228	273.301	301.516
258	523.779	1	1.42712e+06	1	482.286	1	929.315	1	2609.6	1	1	273.413	301.635
258	523.779	1	1.42712e+06	1	482.286	1	929.315	1	2609.6	1	3.16228	273.765	302.007
258	523.779	1	1.42712e+06	1	482.286	1	929.315	1	2609.6	1	10	274.866	303.173
258	523.779	1	1.42712e+06	1	482.286	1	929.315	1	2609.6	1	31.6228	278.236	306.733
258	523.779	1	1.42712e+06	1	482.286	1	929.315	1	2609.6	1	100	287.959	316.971
259	709.229	1	2.02471e+06	1	481.121	1	1094.18	1	1248.85	1	0	273.249	301.462
259	709.229	1	2.02471e+06	1	481.121	1	1094.18	1	1248.85	1	0.001	273.25	301.462
259	709.229	1	2.02471e+06	1	481.121	1	1094.18	1	1248.85	1	0.00316228	273.25	301.462
259	709.229	1	2.02471e+06	1	481.121	1	1094.18	1	1248.85	1	0.01	273.251	301.463
259	709.229	1	2.02471e+06	1	481.121	1	1094.18	1	1248.85	1	0.0316228	273.254	301.467
259	709.229	1	2.02471e+06	1	481.121	1	1094.18	1	1248.85	1	0.1	273.264	301.478
259	709.229	1	2.02471e+06	1	481.121	1	1094.18	1	1248.85	1	0.316228	273.296	301.512
259	709.229	1	2.02471e+06	1	481.121	1	1094.18	1	1248.85	1	1	273.396	301.621
259	709.229	1	2.02471e+06	1	481.121	1	1094.18	1	1248.85	1	3.16228	273.712	301.966
259	709.229	1	2.02471e+06	1	481.121	1	1094.18	1	1248.85	1	10	274.702	303.042
259	709.229	1	2.02471e+06	1	481.121	1	1094.18	1	1248.85	1	31.6228	277.737	306.333
259	709.229	1	2.02471e+06	1	481.121	1	1094.18	1	1248.85	1	100	286.522	315.82
260	631.632	1	1.21907e+06	1	435.3	1	668.747	1	3244.28	1	0	273.249	301.462
260	631.632	1	1.21907e+06	1	435.3	1	668.747	1	3244.28	1	0.001	273.25	301.462
260	631.632	1	1.21907e+06	1	435.3	1	668.747	1	3244.28	1	0.00316228	273.25	301.462
260	631.632	1	1.21907e+06	1	435.3	1	668.747	1	3244.28	1	0.01	273.251	301.464
260	631.632	1	1.21907e+06	1	435.3	1	668.747	1	3244.28	1	0.0316228	273.256	301.468
260	631.632	1	1.21907e+06	1	435.3	1	668.747	1	3244.28	1	0.1	273.269	301.483
260	631.632	1	1.21907e+06	1	435.3	1	668.747	1	3244.28	1	0.316228	273.312	301.529
260	631.632	1	1.21907e+06	1	435.3	1	668.747	1	3244.28	1	1	273.447	301.675
260	631.632	1	1.21907e+06	1	435.3	1	668.747	1	3244.28	1	3.16228	273.873	302.134
260	631.632	1	1.21907e+06	1	435.3	1	668.747	1	3244.28	1	10	275.203	303.568
260	631.632	1	1.21907e+06	1	435.3	1	668.747	1	3244.28	1	31.6228	279.257	307.924
260	631.632	1	1.21907e+06	1	435.3	1	668.747	1	3244.28	1	100	290.83	320.316
261	377.857	1	883848	1	346.644	1	3642.56	1	2731.68	1	0	273.249	301.462
261	377.857	1	883848	1	346.644	1	3642.56	1	2731.68	1	0.001	273.25	301.462
261	377.857	1	883848	1	346.644	1	3642.56	1	2731.68	1	0.00316228	273.25	301.462
261	377.857	1	883848	1	346.644	1	3642.56	1	2731.68	1	0.01	273.251	301.463
261	377.857	1	883848	1	346.644	1	3642.56	1	2731.68	1	0.0316228	273.254	301.466
261	377.857	1	883848	1	346.644	1	3642.56	1	2731.68	1	0.1	273.263	301.476
261	377.857	1	883848	1	346.644	1	3642.56	1	2731.68	1	0.316228	273.292	301.508
261	377.857	1	883848	1	346.644	1	3642.56	1	2731.68	1	1	273.385	301.607
261	377.857	1	883848	1	346.644	1	3642.56	1	2731.68	1	3.16228	273.676	301.919
261	377.857	1	883848	1	346.644	1	3642.56	1	2731.68	1	10	274.579	302.886
261	377.857	1	883848	1	346.644	1	3642.56	1	2731.68	1	31.6228	277.274	305.757
261	377.857	1	883848	1	346.644	1	3642.56	1	2731.68	1	100	284.653	313.577
262	746.302	1	652674	1	299.543	1	771.55	1	1896.19	1	0	273.249	301.462
262	746.302	1	652674	1	299.543	1	771.55	1	1896.19	1	0.001	273.25	301.462
262	746.302	1	652674	1	299.543	1	771.55	1	1896.19	1	0.00316228	273.25	301.462
262	746.302	1	652674	1	299.543	1	771.55	1	1896.19	1	0.01	273.252	301.464
262	746.302	1	652674	1	299.543	1	771.55	1	1896.19	1	0.0316228	273.256	301.469
262	746.302	1	652674	1	299.543	1	771.55	1	1896.19	1	0.1	273.271	301.486
262	746.302	1	652674	1	299.543	1	771.55	1	1896.19	1	0.316228	273.316	301.537
262	746.302	1	652674	1	299.543	1	771.55	1	1896.19	1	1	273.461	301.701
262	746.302	1	652674	1	299.543	1	771.55	1	1896.19	1	3.16228	273.916	302.214
262	746.302	1	652674	1	299.543	1	771.55	1	1896.19	1	10	275.334	303.809
262	746.302	1	652674	1	299.543	1	771.55	1	1896.19	1	31.6228	279.607	308.589
262	746.302	1	652674	1	299.543	1	771.55	1	1896.19	1	100	291.461	321.758
263	905.324	1	9.70348e+06	1	416.236	1	1450.8	1	3425.99	1	0	273.249	301.462
263	905.324	1	9.70348e+06	1	416.236	1	1450.8	1	3425.99	1	0.001	273.25	301.462
263	905.324	1	9.70348e+06	1	416.236	1	1450.8	1	3425.99	1	0.00316228	273.25	301.462
263	905.324	1	9.70348e+06	1	416.236	1	1450.8	1	3425.99	1	0.01	273.251	301.463
263	905.324	1	9.70348e+06	1	416.236	1	1450.8	1	3425.99	1	0.0316228	273.254	301.466
263	905.324	1	9.70348e+06	1	416.236	1	1450.8	1	3425.99	1	0.1	273.263	301.477
263	905.324	1	9.70348e+06	1	416.236	1	1450.8	1	3425.99	1	0.316228	273.292	301.51
263	905.324	1	9.70348e+06	1	416.236	1	1450.8	1	3425.99	1	1	273.385	301.615
263	905.324	1	9.70348e+06	1	416.236	1	1450.8	1	3425.99	1	3.16228	273.677	301.945
263	905.324	1	9.70348e+06	1	416.236	1	1450.8	1	3425.99	1	10	274.591	302.976
263	905.324	1	9.70348e+06	1	416.236	1	1450.8	1	3425.99	1	31.6228	277.377	306.105
263	905.324	1	9.70348e+06	1	416.236	1	1450.8	1	3425.99	1	100	285.368	315.017
264	567.594	1	737546	1	242.683	1	1499.87	1	2916.84	1	0	273.249	301.462
264	567.594	1	737546	1	242.683	1	1499.87	1	2916.84	1	0.001	273.25	301.462
264	567.594	1	737546	1	242.683	1	1499.87	1	2916.84	1	0.00316228	273.25	301.462
264	567.594	1	737546	1	242.683	1	1499.87	1	2916.84	1	0.01	273.251	301.464
264	567.594	1	737546	1	242.683	1	1499.87	1	2916.84	1	0.0316228	273.256	301.469
264	567.594	1	737546	1	242.683	1	1499.87	1	2916.84	1	0.1	273.269	301.484
264	567.594	1	737546	1	242.683	1	1499.87	1	2916.84	1	0.316228	273.31	301.532
264	567.594	1	737546	1	242.683	1	1499.87	1	2916.84	1	1	273.442	301.684
264	567.594	1	737546	1	242.683	1	1499.87	1	2916.84	1	3.16228	273.854	302.16
264	567.594	1	737546	1	242.683	1	1499.87	1	2916.84	1	10	275.13	303.627
264	567.594	1	737546	1	242.683	1	1499.87	1	2916.84	1	31.6228	278.9	307.922
264	567.594	1	737546	1	242.683	1	1499.87	1	2916.84	1	100	288.837	319.153
265	641.151	1	1.66901e+06	1	604.513	1	1025.92	1	4726.55	1	0	273.249	301.462
265	641.151	1	1.66901e+06	1	604.513	1	1025.92	1	4726.55	1	0.001	273.25	301.462
265	641.151	1	1.66901e+06	1	604.513	1	1025.92	1	4726.55	1	0.00316228	273.25	301.462
265	641.151	1	1.66901e+06	1	604.513	1	1025.92	1	4726.55	1	0.01	273.251	301.463
265	641.151	1	1.66901e+06	1	604.513	1	1025.92	1	4726.55	1	0.0316228	273.254	301.466
265	641.151	1	1.66901e+06	1	604.513	1	1025.92	1	4726.55	1	0.1	273.263	301.476
265	641.151	1	1.66901e+06	1	604.513	1	1025.92	1	4726.55	1	0.316228	273.293	301.508
265	641.151	1	1.66901e+06	1	604.513	1	1025.92	1	4726.55	1	1	273.389	301.609
265	641.151	1	1.66901e+06	1	604.513	1	1025.92	1	4726.55	1	3.16228	273.689	301.926
265	641.151	1	1.66901e+06	1	604.513	1	1025.92	1	4726.55	1	10	274.63	302.919
265	641.151	1	1.66901e+06	1	604.513	1	1025.92	1	4726.55	1	31.6228	277.527	305.972
265	641.151	1	1.66901e+06	1	604.513	1	1025.92	1	4726.55	1	100	285.983	314.854
266	487.425	1	1.139e+06	1	651.217	1	616.355	1	2570.6	1	0	273.249	301.462
266	487.425	1	1.139e+06	1	651.217	1	616.355	1	2570.6	1	0.001	273.25	301.462
266	487.425	1	1.139e+06	1	651.217	1	616.355	1	2570.6	1	0.00316228	273.25	301.462
266	487.425	1	1.139e+06	1	651.217	1	616.355	1	2570.6	1	0.01	273.251	301.464
266	487.425	1	1.139e+06	1	651.217	1	616.355	1	2570.6	1	0.0316228	273.255	301.468
266	487.425	1	1.139e+06	1	651.217	1	616.355	1	2570.6	1	0.1	273.268	301.481
266	487.425	1	1.139e+06	1	651.217	1	616.355	1	2570.6	1	0.316228	273.309	301.523
266	487.425	1	1.139e+06	1	651.217	1	616.355	1	2570.6	1	1	273.439	301.656
266	487.425	1	1.139e+06	1	651.217	1	616.355	1	2570.6	1	3.16228	273.847	302.075
266	487.425	1	1.139e+06	1	651.217	1	616.355	1	2570.6	1	10	275.122	303.384
266	487.425	1	1.139e+06	1	651.217	1	616.355	1	2570.6	1	31.6228	279.015	307.379
266	487.425	1	1.139e+06	1	651.217	1	616.355	1	2570.6	1	100	290.292	318.935
267	557.784	1	322085	1	476.613	1	481.723	1	2370	1	0	273.249	301.462
267	557.784	1	322085	1	476.613	1	481.723	1	2370	1	0.001	273.25	301.462
267	557.784	1	322085	1	476.613	1	481.723	1	2370	1	0.00316228	273.25	301.462
267	557.784	1	322085	1	476.613	1	481.723	1	2370	1	0.01	273.252	301.464
267	557.784	1	322085	1	476.613	1	481.723	1	2370	1	0.0316228	273.257	301.47
267	557.784	1	322085	1	476.613	1	481.723	1	2370	1	0.1	273.273	301.487
267	557.784	1	322085	1	476.613	1	481.723	1	2370	1	0.316228	273.325	301.541
267	557.784	1	322085	1	476.613	1	481.723	1	2370	1	1	273.487	301.713
267	557.784	1	322085	1	476.613	1	481.723	1	2370	1	3.16228	273.997	302.253
267	557.784	1	322085	1	476.613	1	481.723	1	2370	1	10	275.589	303.937
267	557.784	1	322085	1	476.613	1	481.723	1	2370	1	31.6228	280.404	309.023
267	557.784	1	322085	1	476.613	1	481.723	1	2370	1	100	294.404	323.765
268	457.605	1	1.81851e+06	1	669.971	1	3140.39	1	3056.47	1	0	273.249	301.462
268	457.605	1	1.81851e+06	1	669.971	1	3140.39	1	3056.47	1	0.001	273.25	301.462
268	457.605	1	1.81851e+06	1	669.971	1	3140.39	1	3056.47	1	0.00316228	273.25	301.462
268	457.605	1	1.81851e+06	1	669.971	1	3140.39	1	3056.47	1	0.01	273.25	301.462
268	457.605	1	1.81851e+06	1	669.971	1	3140.39	1	3056.47	1	0.0316228	273.252	301.464
268	457.605	1	1.81851e+06	1	669.971	1	3140.39	1	3056.47	1	0.1	273.259	301.471
268	457.605	1	1.81851e+06	1	669.971	1	3140.39	1	3056.47	1	0.316228	273.279	301.491
268	457.605	1	1.81851e+06	1	669.971	1	3140.39	1	3056.47	1	1	273.342	301.553
268	457.605	1	1.81851e+06	1	669.971	1	3140.39	1	3056.47	1	3.16228	273.54	301.751
268	457.605	1	1.81851e+06	1	669.971	1	3140.39	1	3056.47	1	10	274.162	302.371
268	457.605	1	1.81851e+06	1	669.971	1	3140.39	1	3056.47	1	31.6228	276.068	304.273
268	457.605	1	1.81851e+06	1	669.971	1	3140.39	1	3056.47	1	100	281.616	309.811
269	332.595	1	1.2965e+06	1	363.509	1	1743.94	1	2578.52	1	0	273.249	301.462
269	332.595	1	1.2965e+06	1	363.509	1	1743.94	1	2578.52	1	0.001	273.25	301.462
269	332.595	1	1.2965e+06	1	363.509	1	1743.94	1	2578.52	1	0.00316228	273.25	301.462
269	332.595	1	1.2965e+06	1	363.509	1	1743.94	1	2578.52	1	0.01	273.251	301.463
269	332.595	1	1.2965e+06	1	363.509	1	1743.94	1	2578.52	1	0.0316228	273.254	301.467
269	332.595	1	1.2965e+06	1	363.509	1	1743.94	1	2578.52	1	0.1	273.265	301.478
269	332.595	1	1.2965e+06	1	363.509	1	1743.94	1	2578.52	1	0.316228	273.299	301.514
269	332.595	1	1.2965e+06	1	363.509	1	1743.94	1	2578.52	1	1	273.407	301.626
269	332.595	1	1.2965e+06	1	363.509	1	1743.94	1	2578.52	1	3.16228	273.746	301.98
269	332.595	1	1.2965e+06	1	363.509	1	1743.94	1	2578.52	1	10	274.801	303.079
269	332.595	1	1.2965e+06	1	363.509	1	1743.94	1	2578.52	1	31.6228	277.976	306.38
269	332.595	1	1.2965e+06	1	363.509	1	1743.94	1	2578.52	1	100	286.868	315.606
270	374.956	1	457007	1	448.609	1	14715.7	1	2256.07	1	0	273.249	301.462
270	374.956	1	457007	1	448.609	1	14715.7	1	2256.07	1	0.001	273.25	301.462
270	374.956	1	457007	1	448.609	1	14715.7	1	2256.07	1	0.00316228	273.25	301.462
270	374.956	1	457007	1	448.609	1	14715.7	1	2256.07	1	0.01	273.25	301.463
270	374.956	1	457007	1	448.609	1	14715.7	1	2256.07	1	0.0316228	273.253	301.465
270	374.956	1	457007	1	448.609	1	14715.7	1	2256.07	1	0.1	273.26	301.472
270	374.956	1	457007	1	448.609	1	14715.7	1	2256.07	1	0.316228	273.281	301.494
270	374.956	1	457007	1	448.609	1	14715.7	1	2256.07	1	1	273.35	301.565
270	374.956	1	457007	1	448.609	1	14715.7	1	2256.07	1	3.16228	273.566	301.787
270	374.956	1	457007	1	448.609	1	14715.7	1	2256.07	1	10	274.238	302.476
270	374.956	1	457007	1	448.609	1	14715.7	1	2256.07	1	31.6228	276.247	304.533
270	374.956	1	457007	1	448.609	1	14715.7	1	2256.07	1	100	281.757	310.175
271	606.435	1	811437	1	356.149	1	3117.21	1	1884.97	1	0	273.249	301.462
271	606.435	1	811437	1	356.149	1	3117.21	1	1884.97	1	0.001	273.25	301.462
271	606.435	1	811437	1	356.149	1	3117.21	1	1884.97	1	0.00316228	273.25	301.462
271	606.435	1	811437	1	356.149	1	3117.21	1	1884.97	1	0.01	273.251	301.463
271	606.435	1	811437	1	356.149	1	3117.21	1	1884.97	1	0.0316228	273.253	301.466
271	606.435	1	811437	1	356.149	1	3117.21	1	1884.97	1	0.1	273.262	301.476
271	606.435	1	811437	1	356.149	1	3117.21	1	1884.97	1	0.316228	273.289	301.507
271	606.435	1	811437	1	356.149	1	3117.21	1	1884.97	1	1	273.376	301.605
271	606.435	1	811437	1	356.149	1	3117.21	1	1884.97	1	3.16228	273.647	301.912
271	606.435	1	811437	1	356.149	1	3117.21	1	1884.97	1	10	274.492	302.865
271	606.435	1	811437	1	356.149	1	3117.21	1	1884.97	1	31.6228	277.027	305.708
271	606.435	1	811437	1	356.149	1	3117.21	1	1884.97	1	100	284.043	313.516
272	267.916	1	894756	1	369.947	1	1581.18	1	1385.21	1	0	273.249	301.462
272	267.916	1	894756	1	369.947	1	1581.18	1	1385.21	1	0.001	273.25	301.462
272	267.916	1	894756	1	369.947	1	1581.18	1	1385.21	1	0.00316228	273.25	301.462
272	267.916	1	894756	1	369.947	1	1581.18	1	1385.21	1	0.01	273.251	301.463
272	267.916	1	894756	1	369.947	1	1581.18	1	1385.21	1	0.0316228	273.255	301.467
272	267.916	1	894756	1	369.947	1	1581.18	1	1385.21	1	0.1	273.266	301.479
272	267.916	1	894756	1	369.947	1	1581.18	1	1385.21	1	0.316228	273.303	301.515
272	267.916	1	894756	1	369.947	1	1581.18	1	1385.21	1	1	273.418	301.632
272	267.916	1	894756	1	369.947	1	1581.18	1	1385.21	1	3.16228	273.781	301.997
272	267.916	1	894756	1	369.947	1	1581.18	1	1385.21	1	10	274.908	303.133
272	267.916	1	894756	1	369.947	1	1581.18	1	1385.21	1	31.6228	278.292	306.547
272	267.916	1	894756	1	369.947	1	1581.18	1	1385.21	1	100	287.743	316.125
273	487.079	1	1.41299e+06	1	361.97	1	1019.31	1	3960.38	1	0	273.249	301.462
273	487.079	1	1.41299e+06	1	361.97	1	1019.31	1	3960.38	1	0.001	273.25	301.462
273	487.079	1	1.41299e+06	1	361.97	1	1019.31	1	3960.38	1	0.00316228	273.25	301.462
273	487.079	1	1.41299e+06	1	361.97	1	1019.31	1	3960.38	1	0.01	273.251	301.464
273	487.079	1	1.41299e+06	1	361.97	1	1019.31	1	3960.38	1	0.0316228	273.255	301.468
273	487.079	1	1.41299e+06	1	361.97	1	1019.31	1	3960.38	1	0.1	273.267	301.481
273	487.079	1	1.41299e+06	1	361.97	1	1019.31	1	3960.38	1	0.316228	273.306	301.523
273	487.079	1	1.41299e+06	1	361.97	1	1019.31	1	3960.38	1	1	273.428	301.655
273	487.079	1	1.41299e+06	1	361.97	1	1019.31	1	3960.38	1	3.16228	273.811	302.071
273	487.079	1	1.41299e+06	1	361.97	1	1019.31	1	3960.38	1	10	275.008	303.367
273	487.079	1	1.41299e+06	1	361.97	1	1019.31	1	3960.38	1	31.6228	278.639	307.281
273	487.079	1	1.41299e+06	1	361.97	1	1019.31	1	3960.38	1	100	288.931	318.311
274	661.648	1	1.47816e+06	1	865.156	1	1212.99	1	3296.75	1	0	273.249	301.462
274	661.648	1	1.47816e+06	1	865.156	1	1212.99	1	3296.75	1	0.001	273.25	301.462
274	661.648	1	1.47816e+06	1	865.156	1	1212.99	1	3296.75	1	0.00316228	273.25	301.462
274	661.648	1	1.47816e+06	1	865.156	1	1212.99	1	3296.75	1	0.01	273.251	301.463
274	661.648	1	1.47816e+06	1	865.156	1	1212.99	1	3296.75	1	0.0316228	273.253	301.465
274	661.648	1	1.47816e+06	1	865.156	1	1212.99	1	3296.75	1	0.1	273.261	301.473
274	661.648	1	1.47816e+06	1	865.156	1	1212.99	1	3296.75	1	0.316228	273.285	301.498
274	661.648	1	1.47816e+06	1	865.156	1	1212.99	1	3296.75	1	1	273.362	301.577
274	661.648	1	1.47816e+06	1	865.156	1	1212.99	1	3296.75	1	3.16228	273.605	301.826
274	661.648	1	1.47816e+06	1	865.156	1	1212.99	1	3296.75	1	10	274.369	302.609
274	661.648	1	1.47816e+06	1	865.156	1	1212.99	1	3296.75	1	31.6228	276.731	305.03
274	661.648	1	1.47816e+06	1	865.156	1	1212.99	1	3296.75	1	100	283.724	312.195
275	528.101	1	344374	1	334.317	1	1095.62	1	4603.2	1	0	273.249	301.462
275	528.101	1	344374	1	334.317	1	1095.62	1	4603.2	1	0.001	273.25	301.462
275	528.101	1	344374	1	334.317	1	1095.62	1	4603.2	1	0.00316228	273.25	301.462
275	528.101	1	344374	1	334.317	1	1095.62	1	4603.2	1	0.01	273.251	301.464
275	528.101	1	344374	1	334.317	1	1095.62	1	4603.2	1	0.0316228	273.255	301.468
275	528.101	1	344374	1	334.317	1	1095.62	1	4603.2	1	0.1	273.267	301.481
275	528.101	1	344374	1	334.317	1	1095.62	1	4603.2	1	0.316228	273.306	301.524
275	528.101	1	344374	1	334.317	1	1095.62	1	4603.2	1	1	273.427	301.658
275	528.101	1	344374	1	334.317	1	1095.62	1	4603.2	1	3.16228	273.811	302.08
275	528.101	1	344374	1	334.317	1	1095.62	1	4603.2	1	10	275.004	303.394
275	528.101	1	344374	1	334.317	1	1095.62	1	4603.2	1	31.6228	278.615	307.345
275	528.101	1	344374	1	334.317	1	1095.62	1	4603.2	1	100	288.774	318.379
276	673.766	1	1.53777e+06	1	171.265	1	962.109	1	4350.29	1	0	273.249	301.462
276	673.766	1	1.53777e+06	1	171.265	1	962.109	1	4350.29	1	0.001	273.25	301.462
276	673.766	1	1.53777e+06	1	171.265	1	962.109	1	4350.29	1	0.00316228	273.25	301.463
276	673.766	1	1.53777e+06	1	171.265	1	962.109	1	4350.29	1	0.01	273.252	301.465
276	673.766	1	1.53777e+06	1	171.265	1	962.109	1	4350.29	1	0.0316228	273.258	301.472
276	673.766	1	1.53777e+06	1	171.265	1	962.109	1	4350.29	1	0.1	273.276	301.494
276	673.766	1	1.53777e+06	1	171.265	1	962.109	1	4350.29	1	0.316228	273.334	301.563
276	673.766	1	1.53777e+06	1	171.265	1	962.109	1	4350.29	1	1	273.518	301.78
276	673.766	1	1.53777e+06	1	171.265	1	962.109	1	4350.29	1	3.16228	274.091	302.459
276	673.766	1	1.53777e+06	1	171.265	1	962.109	1	4350.29	1	10	275.849	304.533
276	673.766	1	1.53777e+06	1	171.265	1	962.109	1	4350.29	1	31.6228	280.945	310.5
276	673.766	1	1.53777e+06	1	171.265	1	962.109	1	4350.29	1	100	293.857	325.416
277	438.106	1	695601	1	334.702	1	1304.73	1	2538.66	1	0	273.249	301.462
277	438.106	1	695601	1	334.702	1	1304.73	1	2538.66	1	0.001	273.25	301.462
277	438.106	1	695601	1	334.702	1	1304.73	1	2538.66	1	0.00316228	273.25	301.462
277	438.106	1	695601	1	334.702	1	1304.73	1	2538.66	1	0.01	273.251	301.463
277	438.106	1	695601	1	334.702	1	1304.73	1	2538.66	1	0.0316228	273.255	301.467
277	438.106	1	695601	1	334.702	1	1304.73	1	2538.66	1	0.1	273.267	301.48
277	438.106	1	695601	1	334.702	1	1304.73	1	2538.66	1	0.316228	273.304	301.521
277	438.106	1	695601	1	334.702	1	1304.73	1	2538.66	1	1	273.421	301.648
277	438.106	1	695601	1	334.702	1	1304.73	1	2538.66	1	3.16228	273.79	302.049
277	438.106	1	695601	1	334.702	1	1304.73	1	2538.66	1	10	274.938	303.296
277	438.106	1	695601	1	334.702	1	1304.73	1	2538.66	1	31.6228	278.405	307.038
277	438.106	1	695601	1	334.702	1	1304.73	1	2538.66	1	100	288.132	317.468
278	436.121	1	1.07919e+06	1	464.696	1	2327.75	1	3324.67	1	0	273.249	301.462
278	436.121	1	1.07919e+06	1	464.696	1	2327.75	1	3324.67	1	0.001	273.25	301.462
278	436.121	1	1.07919e+06	1	464.696	1	2327.75	1	3324.67	1	0.00316228	273.25	301.462
278	436.121	1	1.07919e+06	1	464.696	1	2327.75	1	3324.67	1	0.01	273.251	301.463
278	436.121	1	1.07919e+06	1	464.696	1	2327.75	1	3324.67	1	0.0316228	273.253	301.466
278	436.121	1	1.07919e+06	1	464.696	1	2327.75	1	3324.67	1	0.1	273.262	301.474
278	436.121	1	1.07919e+06	1	464.696	1	2327.75	1	3324.67	1	0.316228	273.288	301.502
278	436.121	1	1.07919e+06	1	464.696	1	2327.75	1	3324.67	1	1	273.371	301.589
278	436.121	1	1.07919e+06	1	464.696	1	2327.75	1	3324.67	1	3.16228	273.632	301.862
278	436.121	1	1.07919e+06	1	464.696	1	2327.75	1	3324.67	1	10	274.447	302.715
278	436.121	1	1.07919e+06	1	464.696	1	2327.75	1	3324.67	1	31.6228	276.928	305.303
278	436.121	1	1.07919e+06	1	464.696	1	2327.75	1	3324.67	1	100	284.021	312.688
279	290.14	1	1.29821e+06	1	415.165	1	436.85	1	4026.46	1	0	273.249	301.462
279	290.14	1	1.29821e+06	1	415.165	1	436.85	1	4026.46	1	0.001	273.25	301.462
279	290.14	1	1.29821e+06	1	415.165	1	436.85	1	4026.46	1	0.00316228	273.25	301.462
279	290.14	1	1.29821e+06	1	415.165	1	436.85	1	4026.46	1	0.01	273.252	301.464
279	290.14	1	1.29821e+06	1	415.165	1	436.85	1	4026.46	1	0.0316228	273.258	301.471
279	290.14	1	1.29821e+06	1	415.165	1	436.85	1	4026.46	1	0.1	273.277	301.49
279	290.14	1	1.29821e+06	1	415.165	1	436.85	1	4026.46	1	0.316228	273.338	301.552
279	290.14	1	1.29821e+06	1	415.165	1	436.85	1	4026.46	1	1	273.529	301.747
279	290.14	1	1.29821e+06	1	415.165	1	436.85	1	4026.46	1	3.16228	274.131	302.36
279	290.14	1	1.29821e+06	1	415.165	1	436.85	1	4026.46	1	10	276.001	304.265
279	290.14	1	1.29821e+06	1	415.165	1	436.85	1	4026.46	1	31.6228	281.611	309.985
279	290.14	1	1.29821e+06	1	415.165	1	436.85	1	4026.46	1	100	297.767	326.474
280	385.041	1	1.15522e+06	1	524.616	1	915.726	1	2341.99	1	0	273.249	301.462
280	385.041	1	1.15522e+06	1	524.616	1	915.726	1	2341.99	1	0.001	273.25	301.462
280	385.041	1	1.15522e+06	1	524.616	1	915.726	1	2341.99	1	0.00316228	273.25	301.462
280	385.041	1	1.15522e+06	1	524.616	1	915.726	1	2341.99	1	0.01	273.251	301.463
280	385.041	1	1.15522e+06	1	524.616	1	915.726	1	2341.99	1	0.0316228	273.255	301.467
280	385.041	1	1.15522e+06	1	524.616	1	915.726	1	2341.99	1	0.1	273.266	301.479
280	385.041	1	1.15522e+06	1	524.616	1	915.726	1	2341.99	1	0.316228	273.302	301.515
280	385.041	1	1.15522e+06	1	524.616	1	915.726	1	2341.99	1	1	273.416	301.631
280	385.041	1	1.15522e+06	1	524.616	1	915.726	1	2341.99	1	3.16228	273.776	301.997
280	385.041	1	1.15522e+06	1	524.616	1	915.726	1	2341.99	1	10	274.899	303.142
280	385.041	1	1.15522e+06	1	524.616	1	915.726	1	2341.99	1	31.6228	278.335	306.642
280	385.041	1	1.15522e+06	1	524.616	1	915.726	1	2341.99	1	100	288.239	316.739
281	286.36	1	612002	1	232.41	1	2488.67	1	4170.68	1	0	273.249	301.462
281	286.36	1	612002	1	232.41	1	2488.67	1	4170.68	1	0.001	273.25	301.462
281	286.36	1	612002	1	232.41	1	2488.67	1	4170.68	1	0.00316228	273.25	301.462
281	286.36	1	612002	1	232.41	1	2488.67	1	4170.68	1	0.01	273.251	301.464
281	286.36	1	612002	1	232.41	1	2488.67	1	4170.68	1	0.0316228	273.256	301.468
281	286.36	1	612002	1	232.41	1	2488.67	1	4170.68	1	0.1	273.269	301.483
281	286.36	1	612002	1	232.41	1	2488.67	1	4170.68	1	0.316228	273.312	301.529
281	286.36	1	612002	1	232.41	1	2488.67	1	4170.68	1	1	273.445	301.676
281	286.36	1	612002	1	232.41	1	2488.67	1	4170.68	1	3.16228	273.865	302.133
281	286.36	1	612002	1	232.41	1	2488.67	1	4170.68	1	10	275.157	303.538
281	286.36	1	612002	1	232.41	1	2488.67	1	4170.68	1	31.6228	278.919	307.595
281	286.36	1	612002	1	232.41	1	2488.67	1	4170.68	1	100	288.62	317.988
282	343.868	1	2.60502e+06	1	597.559	1	736.758	1	16815.7	1	0	273.249	301.462
282	343.868	1	2.60502e+06	1	597.559	1	736.758	1	16815.7	1	0.001	273.25	301.462
282	343.868	1	2.60502e+06	1	597.559	1	736.758	1	16815.7	1	0.00316228	273.25	301.462
282	343.868	1	2.60502e+06	1	597.559	1	736.758	1	16815.7	1	0.01	273.251	301.463
282	343.868	1	2.60502e+06	1	597.559	1	736.758	1	16815.7	1	0.0316228	273.255	301.467
282	343.868	1	2.60502e+06	1	597.559	1	736.758	1	16815.7	1	0.1	273.268	301.48
282	343.868	1	2.60502e+06	1	597.559	1	736.758	1	16815.7	1	0.316228	273.307	301.519
282	343.868	1	2.60502e+06	1	597.559	1	736.758	1	16815.7	1	1	273.432	301.643
282	343.868	1	2.60502e+06	1	597.559	1	736.758	1	16815.7	1	3.16228	273.825	302.034
282	343.868	1	2.60502e+06	1	597.559	1	736.758	1	16815.7	1	10	275.052	303.257
282	343.868	1	2.60502e+06	1	597.559	1	736.758	1	16815.7	1	31.6228	278.795	306.994
282	343.868	1	2.60502e+06	1	597.559	1	736.758	1	16815.7	1	100	289.508	317.713
283	771.155	1	2.17204e+06	1	442.389	1	444.539	1	3568.05	1	0	273.249	301.462
283	771.155	1	2.17204e+06	1	442.389	1	444.539	1	3568.05	1	0.001	273.25	301.462
283	771.155	1	2.17204e+06	1	442.389	1	444.539	1	3568.05	1	0.00316228	273.25	301.462
283	771.155	1	2.17204e+06	1	442.389	1	444.539	1	3568.05	1	0.01	273.252	301.464
283	771.155	1	2.17204e+06	1	442.389	1	444.539	1	3568.05	1	0.0316228	273.257	301.47
283	771.155	1	2.17204e+06	1	442.389	1	444.539	1	3568.05	1	0.1	273.274	301.489
283	771.155	1	2.17204e+06	1	442.389	1	444.539	1	3568.05	1	0.316228	273.329	301.547
283	771.155	1	2.17204e+06	1	442.389	1	444.539	1	3568.05	1	1	273.499	301.731
283	771.155	1	2.17204e+06	1	442.389	1	444.539	1	3568.05	1	3.16228	274.036	302.31
283	771.155	1	2.17204e+06	1	442.389	1	444.539	1	3568.05	1	10	275.709	304.114
283	771.155	1	2.17204e+06	1	442.389	1	444.539	1	3568.05	1	31.6228	280.755	309.542
283	771.155	1	2.17204e+06	1	442.389	1	444.539	1	3568.05	1	100	295.402	325.247
284	290.681	1	356070	1	660.944	1	1860.15	1	1681.5	1	0	273.249	301.462
284	290.681	1	356070	1	660.944	1	1860.15	1	1681.5	1	0.001	273.25	301.462
284	290.681	1	356070	1	660.944	1	1860.15	1	1681.5	1	0.00316228	273.25	301.462
284	290.681	1	356070	1	660.944	1	1860.15	1	1681.5	1	0.01	273.251	301.463
284	290.681	1	356070	1	660.944	1	1860.15	1	1681.5	1	0.0316228	273.253	301.465
284	290.681	1	356070	1	660.944	1	1860.15	1	1681.5	1	0.1	273.262	301.473
284	290.681	1	356070	1	660.944	1	1860.15	1	1681.5	1	0.316228	273.288	301.498
284	290.681	1	356070	1	660.944	1	1860.15	1	1681.5	1	1	273.372	301.575
284	290.681	1	356070	1	660.944	1	1860.15	1	1681.5	1	3.16228	273.636	301.821
284	290.681	1	356070	1	660.944	1	1860.15	1	1681.5	1	10	274.46	302.589
284	290.681	1	356070	1	660.944	1	1860.15	1	1681.5	1	31.6228	276.966	304.945
284	290.681	1	356070	1	660.944	1	1860.15	1	1681.5	1	100	284.179	311.821
285	434.064	1	1.17458e+06	1	413.378	1	3358.54	1	2285.69	1	0	273.249	301.462
285	434.064	1	1.17458e+06	1	413.378	1	3358.54	1	2285.69	1	0.001	273.25	301.462
285	434.064	1	1.17458e+06	1	413.378	1	3358.54	1	2285.69	1	0.00316228	273.25	301.462
285	434.064	1	1.17458e+06	1	413.378	1	3358.54	1	2285.69	1	0.01	273.251	301.463
285	434.064	1	1.17458e+06	1	413.378	1	3358.54	1	2285.69	1	0.0316228	273.253	301.466
285	434.064	1	1.17458e+06	1	413.378	1	3358.54	1	2285.69	1	0.1	273.261	301.474
285	434.064	1	1.17458e+06	1	413.378	1	3358.54	1	2285.69	1	0.316228	273.287	301.502
285	434.064	1	1.17458e+06	1	413.378	1	3358.54	1	2285.69	1	1	273.369	301.589
285	434.064	1	1.17458e+06	1	413.378	1	3358.54	1	2285.69	1	3.16228	273.627	301.864
285	434.064	1	1.17458e+06	1	413.378	1	3358.54	1	2285.69	1	10	274.429	302.717
285	434.064	1	1.17458e+06	1	413.378	1	3358.54	1	2285.69	1	31.6228	276.85	305.284
285	434.064	1	1.17458e+06	1	413.378	1	3358.54	1	2285.69	1	100	283.641	312.455
286	227.362	1	618542	1	145.627	1	1289.84	1	2688.79	1	0	273.249	301.462
286	227.362	1	618542	1	145.627	1	1289.84	1	2688.79	1	0.001	273.25	301.462
286	227.362	1	618542	1	145.627	1	1289.84	1	2688.79	1	0.00316228	273.25	301.463
286	227.362	1	618542	1	145.627	1	1289.84	1	2688.79	1	0.01	273.253	301.465
286	227.362	1	618542	1	145.627	1	1289.84	1	2688.79	1	0.0316228	273.259	301.473
286	227.362	1	618542	1	145.627	1	1289.84	1	2688.79	1	0.1	273.281	301.497
286	227.362	1	618542	1	145.627	1	1289.84	1	2688.79	1	0.316228	273.348	301.572
286	227.362	1	618542	1	145.627	1	1289.84	1	2688.79	1	1	273.559	301.809
286	227.362	1	618542	1	145.627	1	1289.84	1	2688.79	1	3.16228	274.22	302.549
286	227.362	1	618542	1	145.627	1	1289.84	1	2688.79	1	10	276.226	304.783
286	227.362	1	618542	1	145.627	1	1289.84	1	2688.79	1	31.6228	281.906	311.067
286	227.362	1	618542	1	145.627	1	1289.84	1	2688.79	1	100	295.615	325.934
287	321.223	1	1.58846e+06	1	235.132	1	1098.55	1	2977.99	1	0	273.249	301.462
287	321.223	1	1.58846e+06	1	235.132	1	1098.55	1	2977.99	1	0.001	273.25	301.462
287	321.223	1	1.58846e+06	1	235.132	1	1098.55	1	2977.99	1	0.00316228	273.25	301.462
287	321.223	1	1.58846e+06	1	235.132	1	1098.55	1	2977.99	1	0.01	273.252	301.464
287	321.223	1	1.58846e+06	1	235.132	1	1098.55	1	2977.99	1	0.0316228	273.257	301.47
287	321.223	1	1.58846e+06	1	235.132	1	1098.55	1	2977.99	1	0.1	273.272	301.487
287	321.223	1	1.58846e+06	1	235.132	1	1098.55	1	2977.99	1	0.316228	273.322	301.541
287	321.223	1	1.58846e+06	1	235.132	1	1098.55	1	2977.99	1	1	273.478	301.712
287	321.223	1	1.58846e+06	1	235.132	1	1098.55	1	2977.99	1	3.16228	273.969	302.249
287	321.223	1	1.58846e+06	1	235.132	1	1098.55	1	2977.99	1	10	275.487	303.906
287	321.223	1	1.58846e+06	1	235.132	1	1098.55	1	2977.99	1	31.6228	279.974	308.765
287	321.223	1	1.58846e+06	1	235.132	1	1098.55	1	2977.99	1	100	291.942	321.628
288	498.973	1	1.00512e+06	1	498.527	1	1125.78	1	3598.15	1	0	273.249	301.462
288	498.973	1	1.00512e+06	1	498.527	1	1125.78	1	3598.15	1	0.001	273.25	301.462
288	498.973	1	1.00512e+06	1	498.527	1	1125.78	1	3598.15	1	0.00316228	273.25	301.462
288	498.973	1	1.00512e+06	1	498.527	1	1125.78	1	3598.15	1	0.01	273.251	301.463
288	498.973	1	1.00512e+06	1	498.527	1	1125.78	1	3598.15	1	0.0316228	273.254	301.467
288	498.973	1	1.00512e+06	1	498.527	1	1125.78	1	3598.15	1	0.1	273.264	301.477
288	498.973	1	1.00512e+06	1	498.527	1	1125.78	1	3598.15	1	0.316228	273.296	301.511
288	498.973	1	1.00512e+06	1	498.527	1	1125.78	1	3598.15	1	1	273.398	301.617
288	498.973	1	1.00512e+06	1	498.527	1	1125.78	1	3598.15	1	3.16228	273.717	301.953
288	498.973	1	1.00512e+06	1	498.527	1	1125.78	1	3598.15	1	10	274.716	303.004
288	498.973	1	1.00512e+06	1	498.527	1	1125.78	1	3598.15	1	31.6228	277.776	306.215
288	498.973	1	1.00512e+06	1	498.527	1	1125.78	1	3598.15	1	100	286.641	315.493
289	371.995	1	753199	1	276.813	1	460.811	1	5604.32	1	0	273.249	301.462
289	371.995	1	753199	1	276.813	1	460.811	1	5604.32	1	0.001	273.25	301.462
289	371.995	1	753199	1	276.813	1	460.811	1	5604.32	1	0.00316228	273.25	301.463
289	371.995	1	753199	1	276.813	1	460.811	1	5604.32	1	0.01	273.252	301.465
289	371.995	1	753199	1	276.813	1	460.811	1	5604.32	1	0.0316228	273.259	301.472
289	371.995	1	753199	1	276.813	1	460.811	1	5604.32	1	0.1	273.279	301.494
289	371.995	1	753199	1	276.813	1	460.811	1	5604.32	1	0.316228	273.344	301.563
289	371.995	1	753199	1	276.813	1	460.811	1	5604.32	1	1	273.548	301.783
289	371.995	1	753199	1	276.813	1	460.811	1	5604.32	1	3.16228	274.19	302.473
289	371.995	1	753199	1	276.813	1	460.811	1	5604.32	1	10	276.184	304.612
289	371.995	1	753199	1	276.813	1	460.811	1	5604.32	1	31.6228	282.14	310.973
289	371.995	1	753199	1	276.813	1	460.811	1	5604.32	1	100	298.785	328.651
290	506.173	1	1.30417e+06	1	375.242	1	1229.29	1	3097.78	1	0	273.249	301.462
290	506.173	1	1.30417e+06	1	375.242	1	1229.29	1	3097.78	1	0.001	273.25	301.462
290	506.173	1	1.30417e+06	1	375.242	1	1229.29	1	3097.78	1	0.00316228	273.25	301.462
290	506.173	1	1.30417e+06	1	375.242	1	1229.29	1	3097.78	1	0.01	273.251	301.463
290	506.173	1	1.30417e+06	1	375.242	1	1229.29	1	3097.78	1	0.0316228	273.255	301.467
290	506.173	1	1.30417e+06	1	375.242	1	1229.29	1	3097.78	1	0.1	273.266	301.479
290	506.173	1	1.30417e+06	1	375.242	1	1229.29	1	3097.78	1	0.316228	273.301	301.517
290	506.173	1	1.30417e+06	1	375.242	1	1229.29	1	3097.78	1	1	273.411	301.638
290	506.173	1	1.30417e+06	1	375.242	1	1229.29	1	3097.78	1	3.16228	273.76	302.017
290	506.173	1	1.30417e+06	1	375.242	1	1229.29	1	3097.78	1	10	274.849	303.199
290	506.173	1	1.30417e+06	1	375.242	1	1229.29	1	3097.78	1	31.6228	278.154	306.772
290	506.173	1	1.30417e+06	1	375.242	1	1229.29	1	3097.78	1	100	287.548	316.865
291	585.092	1	2.22107e+06	1	316.285	1	1213.53	1	3162.19	1	0	273.249	301.462
291	585.092	1	2.22107e+06	1	316.285	1	1213.53	1	3162.19	1	0.001	273.25	301.462
291	585.092	1	2.22107e+06	1	316.285	1	1213.53	1	3162.19	1	0.00316228	273.25	301.462
291	585.092	1	2.22107e+06	1	316.285	1	1213.53	1	3162.19	1	0.01	273.251	301.464
291	585.092	1	2.22107e+06	1	316.285	1	1213.53	1	3162.19	1	0.0316228	273.255	301.468
291	585.092	1	2.22107e+06	1	316.285	1	1213.53	1	3162.19	1	0.1	273.267	301.481
291	585.092	1	2.22107e+06	1	316.285	1	1213.53	1	3162.19	1	0.316228	273.305	301.524
291	585.092	1	2.22107e+06	1	316.285	1	1213.53	1	3162.19	1	1	273.424	301.658
291	585.092	1	2.22107e+06	1	316.285	1	1213.53	1	3162.19	1	3.16228	273.8	302.079
291	585.092	1	2.22107e+06	1	316.285	1	1213.53	1	3162.19	1	10	274.971	303.388
291	585.092	1	2.22107e+06	1	316.285	1	1213.53	1	3162.19	1	31.6228	278.502	307.309
291	585.092	1	2.22107e+06	1	316.285	1	1213.53	1	3162.19	1	100	288.365	318.171
292	631.523	1	1.73998e+06	1	408.59	1	739.715	1	3764.14	1	0	273.249	301.462
292	631.523	1	1.73998e+06	1	408.59	1	739.715	1	3764.14	1	0.001	273.25	301.462
292	631.523	1	1.73998e+06	1	408.59	1	739.715	1	3764.14	1	0.00316228	273.25	301.462
292	631.523	1	1.73998e+06	1	408.59	1	739.715	1	3764.14	1	0.01	273.251	301.464
292	631.523	1	1.73998e+06	1	408.59	1	739.715	1	3764.14	1	0.0316228	273.255	301.468
292	631.523	1	1.73998e+06	1	408.59	1	739.715	1	3764.14	1	0.1	273.269	301.482
292	631.523	1	1.73998e+06	1	408.59	1	739.715	1	3764.14	1	0.316228	273.31	301.527
292	631.523	1	1.73998e+06	1	408.59	1	739.715	1	3764.14	1	1	273.441	301.67
292	631.523	1	1.73998e+06	1	408.59	1	739.715	1	3764.14	1	3.16228	273.853	302.118
292	631.523	1	1.73998e+06	1	408.59	1	739.715	1	3764.14	1	10	275.142	303.516
292	631.523	1	1.73998e+06	1	408.59	1	739.715	1	3764.14	1	31.6228	279.066	307.76
292	631.523	1	1.73998e+06	1	408.59	1	739.715	1	3764.14	1	100	290.221	319.775
293	377.958	1	1.1661e+06	1	655.716	1	2261.68	1	2637.34	1	0	273.249	301.462
293	377.958	1	1.1661e+06	1	655.716	1	2261.68	1	2637.34	1	0.001	273.25	301.462
293	377.958	1	1.1661e+06	1	655.716	1	2261.68	1	2637.34	1	0.00316228	273.25	301.462
293	377.958	1	1.1661e+06	1	655.716	1	2261.68	1	2637.34	1	0.01	273.25	301.463
293	377.958	1	1.1661e+06	1	655.716	1	2261.68	1	2637.34	1	0.0316228	273.253	301.465
293	377.958	1	1.1661e+06	1	655.716	1	2261.68	1	2637.34	1	0.1	273.26	301.472
293	377.958	1	1.1661e+06	1	655.716	1	2261.68	1	2637.34	1	0.316228	273.283	301.495
293	377.958	1	1.1661e+06	1	655.716	1	2261.68	1	2637.34	1	1	273.357	301.566
293	377.958	1	1.1661e+06	1	655.716	1	2261.68	1	2637.34	1	3.16228	273.588	301.79
293	377.958	1	1.1661e+06	1	655.716	1	2261.68	1	2637.34	1	10	274.311	302.494
293	377.958	1	1.1661e+06	1	655.716	1	2261.68	1	2637.34	1	31.6228	276.523	304.654
293	377.958	1	1.1661e+06	1	655.716	1	2261.68	1	2637.34	1	100	282.952	310.962
294	405.64	1	1.80898e+06	1	656.859	1	413.646	1	3233.73	1	0	273.249	301.462
294	405.64	1	1.80898e+06	1	656.859	1	413.646	1	3233.73	1	0.001	273.25	301.462
294	405.64	1	1.80898e+06	1	656.859	1	413.646	1	3233.73	1	0.00316228	273.25	301.462
294	405.64	1	1.80898e+06	1	656.859	1	413.646	1	3233.73	1	0.01	273.252	301.464
294	405.64	1	1.80898e+06	1	656.859	1	413.646	1	3233.73	1	0.0316228	273.257	301.47
294	405.64	1	1.80898e+06	1	656.859	1	413.646	1	3233.73	1	0.1	273.275	301.487
294	405.64	1	1.80898e+06	1	656.859	1	413.646	1	3233.73	1	0.316228	273.329	301.543
294	405.64	1	1.80898e+06	1	656.859	1	413.646	1	3233.73	1	1	273.502	301.718
294	405.64	1	1.80898e+06	1	656.859	1	413.646	1	3233.73	1	3.16228	274.045	302.27
294	405.64	1	1.80898e+06	1	656.859	1	413.646	1	3233.73	1	10	275.734	303.987
294	405.64	1	1.80898e+06	1	656.859	1	413.646	1	3233.73	1	31.6228	280.81	309.149
294	405.64	1	1.80898e+06	1	656.859	1	413.646	1	3233.73	1	100	295.583	324.16
295	599.653	1	1.42391e+06	1	217.625	1	382.882	1	2980.77	1	0	273.249	301.462
295	599.653	1	1.42391e+06	1	217.625	1	382.882	1	2980.77	1	0.001	273.25	301.462
295	599.653	1	1.42391e+06	1	217.625	1	382.882	1	2980.77	1	0.00316228	273.251	301.463
295	599.653	1	1.42391e+06	1	217.625	1	382.882	1	2980.77	1	0.01	273.253	301.465
295	599.653	1	1.42391e+06	1	217.625	1	382.882	1	2980.77	1	0.0316228	273.261	301.474
295	599.653	1	1.42391e+06	1	217.625	1	382.882	1	2980.77	1	0.1	273.285	301.501
295	599.653	1	1.42391e+06	1	217.625	1	382.882	1	2980.77	1	0.316228	273.36	301.586
295	599.653	1	1.42391e+06	1	217.625	1	382.882	1	2980.77	1	1	273.6	301.853
295	599.653	1	1.42391e+06	1	217.625	1	382.882	1	2980.77	1	3.16228	274.352	302.693
295	599.653	1	1.42391e+06	1	217.625	1	382.882	1	2980.77	1	10	276.677	305.283
295	599.653	1	1.42391e+06	1	217.625	1	382.882	1	2980.77	1	31.6228	283.54	312.882
295	599.653	1	1.42391e+06	1	217.625	1	382.882	1	2980.77	1	100	302.502	333.722
296	414.807	1	1.52629e+06	1	449.421	1	741.017	1	2746.29	1	0	273.249	301.462
296	414.807	1	1.52629e+06	1	449.421	1	741.017	1	2746.29	1	0.001	273.25	301.462
296	414.807	1	1.52629e+06	1	449.421	1	741.017	1	2746.29	1	0.00316228	273.25	301.462
296	414.807	1	1.52629e+06	1	449.421	1	741.017	1	2746.29	1	0.01	273.251	301.464
296	414.807	1	1.52629e+06	1	449.421	1	741.017	1	2746.29	1	0.0316228	273.256	301.468
296	414.807	1	1.52629e+06	1	449.421	1	741.017	1	2746.29	1	0.1	273.269	301.482
296	414.807	1	1.52629e+06	1	449.421	1	741.017	1	2746.29	1	0.316228	273.311	301.525
296	414.807	1	1.52629e+06	1	449.421	1	741.017	1	2746.29	1	1	273.443	301.663
296	414.807	1	1.52629e+06	1	449.421	1	741.017	1	2746.29	1	3.16228	273.86	302.098
296	414.807	1	1.52629e+06	1	449.421	1	741.017	1	2746.29	1	10	275.162	303.456
296	414.807	1	1.52629e+06	1	449.421	1	741.017	1	2746.29	1	31.6228	279.128	307.584
296	414.807	1	1.52629e+06	1	449.421	1	741.017	1	2746.29	1	100	290.439	319.337
297	317.075	1	990742	1	312.526	1	1229.63	1	2900.39	1	0	273.249	301.462
297	317.075	1	990742	1	312.526	1	1229.63	1	2900.39	1	0.001	273.25	301.462
297	317.075	1	990742	1	312.526	1	1229.63	1	2900.39	1	0.00316228	273.25	301.462
297	317.075	1	990742	1	312.526	1	1229.63	1	2900.39	1	0.01	273.251	301.464
297	317.075	1	990742	1	312.526	1	1229.63	1	2900.39	1	0.0316228	273.255	301.468
297	317.075	1	990742	1	312.526	1	1229.63	1	2900.39	1	0.1	273.269	301.482
297	317.075	1	990742	1	312.526	1	1229.63	1	2900.39	1	0.316228	273.31	301.525
297	317.075	1	990742	1	312.526	1	1229.63	1	2900.39	1	1	273.44	301.663
297	317.075	1	990742	1	312.526	1	1229.63	1	2900.39	1	3.16228	273.849	302.095
297	317.075	1	990742	1	312.526	1	1229.63	1	2900.39	1	10	275.122	303.438
297	317.075	1	990742	1	312.526	1	1229.63	1	2900.39	1	31.6228	278.938	307.45
297	317.075	1	990742	1	312.526	1	1229.63	1	2900.39	1	100	289.53	318.539
298	337.17	1	1.59081e+06	1	400.315	1	2557.24	1	2661.17	1	0	273.249	301.462
298	337.17	1	1.59081e+06	1	400.315	1	2557.24	1	2661.17	1	0.001	273.25	301.462
298	337.17	1	1.59081e+06	1	400.315	1	2557.24	1	2661.17	1	0.00316228	273.25	301.462
298	337.17	1	1.59081e+06	1	400.315	1	2557.24	1	2661.17	1	0.01	273.251	301.463
298	337.17	1	1.59081e+06	1	400.315	1	2557.24	1	2661.17	1	0.0316228	273.254	301.466
298	337.17	1	1.59081e+06	1	400.315	1	2557.24	1	2661.17	1	0.1	273.263	301.476
298	337.17	1	1.59081e+06	1	400.315	1	2557.24	1	2661.17	1	0.316228	273.292	301.506
298	337.17	1	1.59081e+06	1	400.315	1	2557.24	1	2661.17	1	1	273.385	301.602
298	337.17	1	1.59081e+06	1	400.315	1	2557.24	1	2661.17	1	3.16228	273.678	301.903
298	337.17	1	1.59081e+06	1	400.315	1	2557.24	1	2661.17	1	10	274.588	302.839
298	337.17	1	1.59081e+06	1	400.315	1	2557.24	1	2661.17	1	31.6228	277.327	305.655
298	337.17	1	1.59081e+06	1	400.315	1	2557.24	1	2661.17	1	100	284.997	313.538
299	1059.86	1	1.25583e+06	1	77.5995	1	715.911	1	3926.36	1	0	273.249	301.462
299	1059.86	1	1.25583e+06	1	77.5995	1	715.911	1	3926.36	1	0.001	273.25	301.462
299	1059.86	1	1.25583e+06	1	77.5995	1	715.911	1	3926.36	1	0.00316228	273.251	301.464
299	1059.86	1	1.25583e+06	1	77.5995	1	715.911	1	3926.36	1	0.01	273.254	301.468
299	1059.86	1	1.25583e+06	1	77.5995	1	715.911	1	3926.36	1	0.0316228	273.265	301.481
299	1059.86	1	1.25583e+06	1	77.5995	1	715.911	1	3926.36	1	0.1	273.3	301.524
299	1059.86	1	1.25583e+06	1	77.5995	1	715.911	1	3926.36	1	0.316228	273.408	301.659
299	1059.86	1	1.25583e+06	1	77.5995	1	715.911	1	3926.36	1	1	273.747	302.083
299	1059.86	1	1.25583e+06	1	77.5995	1	715.911	1	3926.36	1	3.16228	274.792	303.386
299	1059.86	1	1.25583e+06	1	77.5995	1	715.911	1	3926.36	1	10	277.849	307.173
299	1059.86	1	1.25583e+06	1	77.5995	1	715.911	1	3926.36	1	31.6228	285.733	316.952
299	1059.86	1	1.25583e+06	1	77.5995	1	715.911	1	3926.36	1	100	302.722	337.55
300	686.429	1	719901	1	261.352	1	732.091	1	3558.46	1	0	273.249	301.462
300	686.429	1	719901	1	261.352	1	732.091	1	3558.46	1	0.001	273.25	301.462
300	686.429	1	719901	1	261.352	1	732.091	1	3558.46	1	0.00316228	273.25	301.462
300	686.429	1	719901	1	261.352	1	732.091	1	3558.46	1	0.01	273.252	301.464
300	686.429	1	719901	1	261.352	1	732.091	1	3558.46	1	0.0316228	273.257	301.47
300	686.429	1	719901	1	261.352	1	732.091	1	3558.46	1	0.1	273.273	301.488
300	686.429	1	719901	1	261.352	1	732.091	1	3558.46	1	0.316228	273.323	301.545
300	686.429	1	719901	1	261.352	1	732.091	1	3558.46	1	1	273.482	301.725
300	686.429	1	719901	1	261.352	1	732.091	1	3558.46	1	3.16228	273.981	302.292
300	686.429	1	719901	1	261.352	1	732.091	1	3558.46	1	10	275.532	304.046
300	686.429	1	719901	1	261.352	1	732.091	1	3558.46	1	31.6228	280.176	309.261
300	686.429	1	719901	1	261.352	1	732.091	1	3558.46	1	100	292.892	323.441
301	696.443	1	724126	1	588.252	1	904.248	1	2187.41	1	0	273.249	301.462
301	696.443	1	724126	1	588.252	1	904.248	1	2187.41	1	0.001	273.25	301.462
301	696.443	1	724126	1	588.252	1	904.248	1	2187.41	1	0.00316228	273.25	301.462
301	696.443	1	724126	1	588.252	1	904.248	1	2187.41	1	0.01	273.251	301.463
301	696.443	1	724126	1	588.252	1	904.248	1	2187.41	1	0.0316228	273.254	301.467
301	696.443	1	724126	1	588.252	1	904.248	1	2187.41	1	0.1	273.264	301.477
301	696.443	1	724126	1	588.252	1	904.248	1	2187.41	1	0.316228	273.297	301.512
301	696.443	1	724126	1	588.252	1	904.248	1	2187.41	1	1	273.399	301.621
301	696.443	1	724126	1	588.252	1	904.248	1	2187.41	1	3.16228	273.721	301.963
301	696.443	1	724126	1	588.252	1	904.248	1	2187.41	1	10	274.73	303.037
301	696.443	1	724126	1	588.252	1	904.248	1	2187.41	1	31.6228	277.833	306.333
301	696.443	1	724126	1	588.252	1	904.248	1	2187.41	1	100	286.852	315.882
302	465.437	1	641806	1	227.451	1	2701.23	1	6456.55	1	0	273.249	301.462
302	465.437	1	641806	1	227.451	1	2701.23	1	6456.55	1	0.001	273.25	301.462
302	465.437	1	641806	1	227.451	1	2701.23	1	6456.55	1	0.00316228	273.25	301.462
302	465.437	1	641806	1	227.451	1	2701.23	1	6456.55	1	0.01	273.251	301.464
302	465.437	1	641806	1	227.451	1	2701.23	1	6456.55	1	0.0316228	273.255	301.468
302	465.437	1	641806	1	227.451	1	2701.23	1	6456.55	1	0.1	273.268	301.483
302	465.437	1	641806	1	227.451	1	2701.23	1	6456.55	1	0.316228	273.307	301.528
302	465.437	1	641806	1	227.451	1	2701.23	1	6456.55	1	1	273.432	301.673
302	465.437	1	641806	1	227.451	1	2701.23	1	6456.55	1	3.16228	273.822	302.124
302	465.437	1	641806	1	227.451	1	2701.23	1	6456.55	1	10	275.021	303.506
302	465.437	1	641806	1	227.451	1	2701.23	1	6456.55	1	31.6228	278.516	307.489
302	465.437	1	641806	1	227.451	1	2701.23	1	6456.55	1	100	287.481	317.621
303	426.801	1	3.87069e+06	1	248.141	1	1305.95	1	2926.35	1	0	273.249	301.462
303	426.801	1	3.87069e+06	1	248.141	1	1305.95	1	2926.35	1	0.001	273.25	301.462
303	426.801	1	3.87069e+06	1	248.141	1	1305.95	1	2926.35	1	0.00316228	273.25	301.462
303	426.801	1	3.87069e+06	1	248.141	1	1305.95	1	2926.35	1	0.01	273.251	301.464
303	426.801	1	3.87069e+06	1	248.141	1	1305.95	1	2926.35	1	0.0316228	273.256	301.469
303	426.801	1	3.87069e+06	1	248.141	1	1305.95	1	2926.35	1	0.1	273.27	301.484
303	426.801	1	3.87069e+06	1	248.141	1	1305.95	1	2926.35	1	0.316228	273.314	301.534
303	426.801	1	3.87069e+06	1	248.141	1	1305.95	1	2926.35	1	1	273.453	301.69
303	426.801	1	3.87069e+06	1	248.141	1	1305.95	1	2926.35	1	3.16228	273.889	302.179
303	426.801	1	3.87069e+06	1	248.141	1	1305.95	1	2926.35	1	10	275.239	303.688
303	426.801	1	3.87069e+06	1	248.141	1	1305.95	1	2926.35	1	31.6228	279.243	308.126
303	426.801	1	3.87069e+06	1	248.141	1	1305.95	1	2926.35	1	100	289.916	319.86
304	438.839	1	1.22878e+06	1	841.831	1	1685.81	1	3393.62	1	0	273.249	301.462
304	438.839	1	1.22878e+06	1	841.831	1	1685.81	1	3393.62	1	0.001	273.25	301.462
304	438.839	1	1.22878e+06	1	841.831	1	1685.81	1	3393.62	1	0.00316228	273.25	301.462
304	438.839	1	1.22878e+06	1	841.831	1	1685.81	1	3393.62	1	0.01	273.25	301.463
304	438.839	1	1.22878e+06	1	841.831	1	1685.81	1	3393.62	1	0.0316228	273.253	301.465
304	438.839	1	1.22878e+06	1	841.831	1	1685.81	1	3393.62	1	0.1	273.26	301.472
304	438.839	1	1.22878e+06	1	841.831	1	1685.81	1	3393.62	1	0.316228	273.282	301.494
304	438.839	1	1.22878e+06	1	841.831	1	1685.81	1	3393.62	1	1	273.354	301.563
304	438.839	1	1.22878e+06	1	841.831	1	1685.81	1	3393.62	1	3.16228	273.579	301.781
304	438.839	1	1.22878e+06	1	841.831	1	1685.81	1	3393.62	1	10	274.286	302.467
304	438.839	1	1.22878e+06	1	841.831	1	1685.81	1	3393.62	1	31.6228	276.463	304.586
304	438.839	1	1.22878e+06	1	841.831	1	1685.81	1	3393.62	1	100	282.889	310.874
305	505.383	1	817133	1	574.522	1	316.615	1	2565.71	1	0	273.249	301.462
305	505.383	1	817133	1	574.522	1	316.615	1	2565.71	1	0.001	273.25	301.462
305	505.383	1	817133	1	574.522	1	316.615	1	2565.71	1	0.00316228	273.25	301.463
305	505.383	1	817133	1	574.522	1	316.615	1	2565.71	1	0.01	273.253	301.465
305	505.383	1	817133	1	574.522	1	316.615	1	2565.71	1	0.0316228	273.259	301.472
305	505.383	1	817133	1	574.522	1	316.615	1	2565.71	1	0.1	273.28	301.494
305	505.383	1	817133	1	574.522	1	316.615	1	2565.71	1	0.316228	273.347	301.563
305	505.383	1	817133	1	574.522	1	316.615	1	2565.71	1	1	273.559	301.783
305	505.383	1	817133	1	574.522	1	316.615	1	2565.71	1	3.16228	274.222	302.473
305	505.383	1	817133	1	574.522	1	316.615	1	2565.71	1	10	276.276	304.608
305	505.383	1	817133	1	574.522	1	316.615	1	2565.71	1	31.6228	282.368	310.934
305	505.383	1	817133	1	574.522	1	316.615	1	2565.71	1	100	299.897	329.099
306	567.781	1	1.84295e+06	1	385.672	1	2002.87	1	3398.83	1	0	273.249	301.462
306	567.781	1	1.84295e+06	1	385.672	1	2002.87	1	3398.83	1	0.001	273.25	301.462
306	567.781	1	1.84295e+06	1	385.672	1	2002.87	1	3398.83	1	0.00316228	273.25	301.462
306	567.781	1	1.84295e+06	1	385.672	1	2002.87	1	3398.83	1	0.01	273.251	301.463
306	567.781	1	1.84295e+06	1	385.672	1	2002.87	1	3398.83	1	0.0316228	273.254	301.466
306	567.781	1	1.84295e+06	1	385.672	1	2002.87	1	3398.83	1	0.1	273.263	301.476
306	567.781	1	1.84295e+06	1	385.672	1	2002.87	1	3398.83	1	0.316228	273.292	301.509
306	567.781	1	1.84295e+06	1	385.672	1	2002.87	1	3398.83	1	1	273.384	301.61
306	567.781	1	1.84295e+06	1	385.672	1	2002.87	1	3398.83	1	3.16228	273.672	301.929
306	567.781	1	1.84295e+06	1	385.672	1	2002.87	1	3398.83	1	10	274.572	302.922
306	567.781	1	1.84295e+06	1	385.672	1	2002.87	1	3398.83	1	31.6228	277.299	305.914
306	567.781	1	1.84295e+06	1	385.672	1	2002.87	1	3398.83	1	100	285.008	314.315
307	687.384	1	1.55753e+06	1	347.503	1	936.962	1	1394.35	1	0	273.249	301.462
307	687.384	1	1.55753e+06	1	347.503	1	936.962	1	1394.35	1	0.001	273.25	301.462
307	687.384	1	1.55753e+06	1	347.503	1	936.962	1	1394.35	1	0.00316228	273.25	301.462
307	687.384	1	1.55753e+06	1	347.503	1	936.962	1	1394.35	1	0.01	273.251	301.464
307	687.384	1	1.55753e+06	1	347.503	1	936.962	1	1394.35	1	0.0316228	273.255	301.468
307	687.384	1	1.55753e+06	1	347.503	1	936.962	1	1394.35	1	0.1	273.268	301.482
307	687.384	1	1.55753e+06	1	347.503	1	936.962	1	1394.35	1	0.316228	273.307	301.526
307	687.384	1	1.55753e+06	1	347.503	1	936.962	1	1394.35	1	1	273.432	301.665
307	687.384	1	1.55753e+06	1	347.503	1	936.962	1	1394.35	1	3.16228	273.824	302.103
307	687.384	1	1.55753e+06	1	347.503	1	936.962	1	1394.35	1	10	275.049	303.467
307	687.384	1	1.55753e+06	1	347.503	1	936.962	1	1394.35	1	31.6228	278.765	307.581
307	687.384	1	1.55753e+06	1	347.503	1	936.962	1	1394.35	1	100	289.254	319.126
308	614.149	1	803248	1	570.206	1	1813.53	1	3297.03	1	0	273.249	301.462
308	614.149	1	803248	1	570.206	1	1813.53	1	3297.03	1	0.001	273.25	301.462
308	614.149	1	803248	1	570.206	1	1813.53	1	3297.03	1	0.00316228	273.25	301.462
308	614.149	1	803248	1	570.206	1	1813.53	1	3297.03	1	0.01	273.251	301.463
308	614.149	1	803248	1	570.206	1	1813.53	1	3297.03	1	0.0316228	273.253	301.465
308	614.149	1	803248	1	570.206	1	1813.53	1	3297.03	1	0.1	273.261	301.473
308	614.149	1	803248	1	570.206	1	1813.53	1	3297.03	1	0.316228	273.285	301.499
308	614.149	1	803248	1	570.206	1	1813.53	1	3297.03	1	1	273.361	301.58
308	614.149	1	803248	1	570.206	1	1813.53	1	3297.03	1	3.16228	273.601	301.835
308	614.149	1	803248	1	570.206	1	1813.53	1	3297.03	1	10	274.354	302.635
308	614.149	1	803248	1	570.206	1	1813.53	1	3297.03	1	31.6228	276.669	305.088
308	614.149	1	803248	1	570.206	1	1813.53	1	3297.03	1	100	283.431	312.226
309	223.539	1	1.44503e+06	1	619.579	1	800.739	1	3253.97	1	0	273.249	301.462
309	223.539	1	1.44503e+06	1	619.579	1	800.739	1	3253.97	1	0.001	273.25	301.462
309	223.539	1	1.44503e+06	1	619.579	1	800.739	1	3253.97	1	0.00316228	273.25	301.462
309	223.539	1	1.44503e+06	1	619.579	1	800.739	1	3253.97	1	0.01	273.251	301.463
309	223.539	1	1.44503e+06	1	619.579	1	800.739	1	3253.97	1	0.0316228	273.255	301.467
309	223.539	1	1.44503e+06	1	619.579	1	800.739	1	3253.97	1	0.1	273.268	301.479
309	223.539	1	1.44503e+06	1	619.579	1	800.739	1	3253.97	1	0.316228	273.309	301.517
309	223.539	1	1.44503e+06	1	619.579	1	800.739	1	3253.97	1	1	273.439	301.638
309	223.539	1	1.44503e+06	1	619.579	1	800.739	1	3253.97	1	3.16228	273.846	302.017
309	223.539	1	1.44503e+06	1	619.579	1	800.739	1	3253.97	1	10	275.114	303.201
309	223.539	1	1.44503e+06	1	619.579	1	800.739	1	3253.97	1	31.6228	278.944	306.814
309	223.539	1	1.44503e+06	1	619.579	1	800.739	1	3253.97	1	100	289.791	317.207
310	338.395	1	1.29137e+06	1	287.932	1	1113.75	1	1586.8	1	0	273.249	301.462
310	338.395	1	1.29137e+06	1	287.932	1	1113.75	1	1586.8	1	0.001	273.25	301.462
310	338.395	1	1.29137e+06	1	287.932	1	1113.75	1	1586.8	1	0.00316228	273.25	301.462
310	338.395	1	1.29137e+06	1	287.932	1	1113.75	1	1586.8	1	0.01	273.251	301.464
310	338.395	1	1.29137e+06	1	287.932	1	1113.75	1	1586.8	1	0.0316228	273.256	301.468
310	338.395	1	1.29137e+06	1	287.932	1	1113.75	1	1586.8	1	0.1	273.27	301.483
310	338.395	1	1.29137e+06	1	287.932	1	1113.75	1	1586.8	1	0.316228	273.314	301.531
310	338.395	1	1.29137e+06	1	287.932	1	1113.75	1	1586.8	1	1	273.453	301.68
310	338.395	1	1.29137e+06	1	287.932	1	1113.75	1	1586.8	1	3.16228	273.89	302.15
310	338.395	1	1.29137e+06	1	287.932	1	1113.75	1	1586.8	1	10	275.246	303.605
310	338.395	1	1.29137e+06	1	287.932	1	1113.75	1	1586.8	1	31.6228	279.307	307.939
310	338.395	1	1.29137e+06	1	287.932	1	1113.75	1	1586.8	1	100	290.399	319.709
311	318.394	1	600342	1	258.115	1	3935.7	1	2067.17	1	0	273.249	301.462
311	318.394	1	600342	1	258.115	1	3935.7	1	2067.17	1	0.001	273.25	301.462
311	318.394	1	600342	1	258.115	1	3935.7	1	2067.17	1	0.00316228	273.25	301.462
311	318.394	1	600342	1	258.115	1	3935.7	1	2067.17	1	0.01	273.251	301.463
311	318.394	1	600342	1	258.115	1	3935.7	1	2067.17	1	0.0316228	273.255	301.467
311	318.394	1	600342	1	258.115	1	3935.7	1	2067.17	1	0.1	273.266	301.48
311	318.394	1	600342	1	258.115	1	3935.7	1	2067.17	1	0.316228	273.303	301.52
311	318.394	1	600342	1	258.115	1	3935.7	1	2067.17	1	1	273.418	301.646
311	318.394	1	600342	1	258.115	1	3935.7	1	2067.17	1	3.16228	273.78	302.042
311	318.394	1	600342	1	258.115	1	3935.7	1	2067.17	1	10	274.894	303.257
311	318.394	1	600342	1	258.115	1	3935.7	1	2067.17	1	31.6228	278.15	306.781
311	318.394	1	600342	1	258.115	1	3935.7	1	2067.17	1	100	286.592	315.86
312	755.78	1	381399	1	249.778	1	917.494	1	1543.13	1	0	273.249	301.462
312	755.78	1	381399	1	249.778	1	917.494	1	1543.13	1	0.001	273.25	301.462
312	755.78	1	381399	1	249.778	1	917.494	1	1543.13	1	0.00316228	273.25	301.462
312	755.78	1	381399	1	249.778	1	917.494	1	1543.13	1	0.01	273.252	301.464
312	755.78	1	381399	1	249.778	1	917.494	1	1543.13	1	0.0316228	273.256	301.469
312	755.78	1	381399	1	249.778	1	917.494	1	1543.13	1	0.1	273.271	301.487
312	755.78	1	381399	1	249.778	1	917.494	1	1543.13	1	0.316228	273.318	301.541
312	755.78	1	381399	1	249.778	1	917.494	1	1543.13	1	1	273.466	301.711
312	755.78	1	381399	1	249.778	1	917.494	1	1543.13	1	3.16228	273.93	302.246
312	755.78	1	381399	1	249.778	1	917.494	1	1543.13	1	10	275.369	303.901
312	755.78	1	381399	1	249.778	1	917.494	1	1543.13	1	31.6228	279.66	308.796
312	755.78	1	381399	1	249.778	1	917.494	1	1543.13	1	100	291.284	321.959
313	552.563	1	323645	1	276.338	1	1001.41	1	8130.82	1	0	273.249	301.462
313	552.563	1	323645	1	276.338	1	1001.41	1	8130.82	1	0.001	273.25	301.462
313	552.563	1	323645	1	276.338	1	1001.41	1	8130.82	1	0.00316228	273.25	301.462
313	552.563	1	323645	1	276.338	1	1001.41	1	8130.82	1	0.01	273.251	301.464
313	552.563	1	323645	1	276.338	1	1001.41	1	8130.82	1	0.0316228	273.256	301.469
313	552.563	1	323645	1	276.338	1	1001.41	1	8130.82	1	0.1	273.27	301.484
313	552.563	1	323645	1	276.338	1	1001.41	1	8130.82	1	0.316228	273.313	301.534
313	552.563	1	323645	1	276.338	1	1001.41	1	8130.82	1	1	273.452	301.689
313	552.563	1	323645	1	276.338	1	1001.41	1	8130.82	1	3.16228	273.886	302.178
313	552.563	1	323645	1	276.338	1	1001.41	1	8130.82	1	10	275.236	303.693
313	552.563	1	323645	1	276.338	1	1001.41	1	8130.82	1	31.6228	279.283	308.2
313	552.563	1	323645	1	276.338	1	1001.41	1	8130.82	1	100	290.343	320.42
314	474.384	1	616225	1	423.367	1	1200.16	1	4340.63	1	0	273.249	301.462
314	474.384	1	616225	1	423.367	1	1200.16	1	4340.63	1	0.001	273.25	301.462
314	474.384	1	616225	1	423.367	1	1200.16	1	4340.63	1	0.00316228	273.25	301.462
314	474.384	1	616225	1	423.367	1	1200.16	1	4340.63	1	0.01	273.251	301.463
314	474.384	1	616225	1	423.367	1	1200.16	1	4340.63	1	0.0316228	273.254	301.467
314	474.384	1	616225	1	423.367	1	1200.16	1	4340.63	1	0.1	273.265	301.478
314	474.384	1	616225	1	423.367	1	1200.16	1	4340.63	1	0.316228	273.299	301.514
314	474.384	1	616225	1	423.367	1	1200.16	1	4340.63	1	1	273.405	301.628
314	474.384	1	616225	1	423.367	1	1200.16	1	4340.63	1	3.16228	273.74	301.985
314	474.384	1	616225	1	423.367	1	1200.16	1	4340.63	1	10	274.788	303.1
314	474.384	1	616225	1	423.367	1	1200.16	1	4340.63	1	31.6228	277.981	306.49
314	474.384	1	616225	1	423.367	1	1200.16	1	4340.63	1	100	287.14	316.172
315	473.529	1	1.32712e+06	1	363.815	1	462.094	1	5982.15	1	0	273.249	301.462
315	473.529	1	1.32712e+06	1	363.815	1	462.094	1	5982.15	1	0.001	273.25	301.462
315	473.529	1	1.32712e+06	1	363.815	1	462.094	1	5982.15	1	0.00316228	273.25	301.462
315	473.529	1	1.32712e+06	1	363.815	1	462.094	1	5982.15	1	0.01	273.252	301.464
315	473.529	1	1.32712e+06	1	363.815	1	462.094	1	5982.15	1	0.0316228	273.258	301.471
315	473.529	1	1.32712e+06	1	363.815	1	462.094	1	5982.15	1	0.1	273.276	301.49
315	473.529	1	1.32712e+06	1	363.815	1	462.094	1	5982.15	1	0.316228	273.334	301.552
315	473.529	1	1.32712e+06	1	363.815	1	462.094	1	5982.15	1	1	273.516	301.746
315	473.529	1	1.32712e+06	1	363.815	1	462.094	1	5982.15	1	3.16228	274.089	302.358
315	473.529	1	1.32712e+06	1	363.815	1	462.094	1	5982.15	1	10	275.872	304.261
315	473.529	1	1.32712e+06	1	363.815	1	462.094	1	5982.15	1	31.6228	281.241	309.973
315	473.529	1	1.32712e+06	1	363.815	1	462.094	1	5982.15	1	100	296.7	326.343
316	663.322	1	199039	1	599.082	1	416.529	1	1927.37	1	0	273.249	301.462
316	663.322	1	199039	1	599.082	1	416.529	1	1927.37	1	0.001	273.25	301.462
316	663.322	1	199039	1	599.082	1	416.529	1	1927.37	1	0.00316228	273.25	301.462
316	663.322	1	199039	1	599.082	1	416.529	1	1927.37	1	0.01	273.252	301.464
316	663.322	1	199039	1	599.082	1	416.529	1	1927.37	1	0.0316228	273.257	301.47
316	663.322	1	199039	1	599.082	1	416.529	1	1927.37	1	0.1	273.274	301.487
316	663.322	1	199039	1	599.082	1	416.529	1	1927.37	1	0.316228	273.327	301.543
316	663.322	1	199039	1	599.082	1	416.529	1	1927.37	1	1	273.495	301.72
316	663.322	1	199039	1	599.082	1	416.529	1	1927.37	1	3.16228	274.023	302.275
316	663.322	1	199039	1	599.082	1	416.529	1	1927.37	1	10	275.667	304.004
316	663.322	1	199039	1	599.082	1	416.529	1	1927.37	1	31.6228	280.616	309.205
316	663.322	1	199039	1	599.082	1	416.529	1	1927.37	1	100	295.052	324.338
317	471.352	1	562878	1	425.129	1	1667.88	1	2858.63	1	0	273.249	301.462
317	471.352	1	562878	1	425.129	1	1667.88	1	2858.63	1	0.001	273.25	301.462
317	471.352	1	562878	1	425.129	1	1667.88	1	2858.63	1	0.00316228	273.25	301.462
317	471.352	1	562878	1	425.129	1	1667.88	1	2858.63	1	0.01	273.251	301.463
317	471.352	1	562878	1	425.129	1	1667.88	1	2858.63	1	0.0316228	273.254	301.466
317	471.352	1	562878	1	425.129	1	1667.88	1	2858.63	1	0.1	273.263	301.476
317	471.352	1	562878	1	425.129	1	1667.88	1	2858.63	1	0.316228	273.293	301.508
317	471.352	1	562878	1	425.129	1	1667.88	1	2858.63	1	1	273.388	301.609
317	471.352	1	562878	1	425.129	1	1667.88	1	2858.63	1	3.16228	273.685	301.927
317	471.352	1	562878	1	425.129	1	1667.88	1	2858.63	1	10	274.614	302.919
317	471.352	1	562878	1	425.129	1	1667.88	1	2858.63	1	31.6228	277.442	305.925
317	471.352	1	562878	1	425.129	1	1667.88	1	2858.63	1	100	285.531	314.488
318	478.936	1	468195	1	867.728	1	1672.93	1	1443.65	1	0	273.249	301.462
318	478.936	1	468195	1	867.728	1	1672.93	1	1443.65	1	0.001	273.25	301.462
318	478.936	1	468195	1	867.728	1	1672.93	1	1443.65	1	0.00316228	273.25	301.462
318	478.936	1	468195	1	867.728	1	1672.93	1	1443.65	1	0.01	273.25	301.463
318	478.936	1	468195	1	867.728	1	1672.93	1	1443.65	1	0.0316228	273.253	301.465
318	478.936	1	468195	1	867.728	1	1672.93	1	1443.65	1	0.1	273.26	301.472
318	478.936	1	468195	1	867.728	1	1672.93	1	1443.65	1	0.316228	273.282	301.493
318	478.936	1	468195	1	867.728	1	1672.93	1	1443.65	1	1	273.352	301.562
318	478.936	1	468195	1	867.728	1	1672.93	1	1443.65	1	3.16228	273.572	301.778
318	478.936	1	468195	1	867.728	1	1672.93	1	1443.65	1	10	274.264	302.456
318	478.936	1	468195	1	867.728	1	1672.93	1	1443.65	1	31.6228	276.4	304.556
318	478.936	1	468195	1	867.728	1	1672.93	1	1443.65	1	100	282.723	310.801
319	461.99	1	2.20749e+06	1	722.104	1	1644.09	1	3595.49	1	0	273.249	301.462
319	461.99	1	2.20749e+06	1	722.104	1	1644.09	1	3595.49	1	0.001	273.25	301.462
319	461.99	1	2.20749e+06	1	722.104	1	1644.09	1	3595.49	1	0.00316228	273.25	301.462
319	461.99	1	2.20749e+06	1	722.104	1	1644.09	1	3595.49	1	0.01	273.251	301.463
319	461.99	1	2.20749e+06	1	722.104	1	1644.09	1	3595.49	1	0.0316228	273.253	301.465
319	461.99	1	2.20749e+06	1	722.104	1	1644.09	1	3595.49	1	0.1	273.26	301.473
319	461.99	1	2.20749e+06	1	722.104	1	1644.09	1	3595.49	1	0.316228	273.284	301.496
319	461.99	1	2.20749e+06	1	722.104	1	1644.09	1	3595.49	1	1	273.36	301.571
319	461.99	1	2.20749e+06	1	722.104	1	1644.09	1	3595.49	1	3.16228	273.598	301.808
319	461.99	1	2.20749e+06	1	722.104	1	1644.09	1	3595.49	1	10	274.343	302.552
319	461.99	1	2.20749e+06	1	722.104	1	1644.09	1	3595.49	1	31.6228	276.64	304.845
319	461.99	1	2.20749e+06	1	722.104	1	1644.09	1	3595.49	1	100	283.393	311.594
320	235.189	1	6.84571e+06	1	148.764	1	792.764	1	3792.99	1	0	273.249	301.462
320	235.189	1	6.84571e+06	1	148.764	1	792.764	1	3792.99	1	0.001	273.25	301.462
320	235.189	1	6.84571e+06	1	148.764	1	792.764	1	3792.99	1	0.00316228	273.251	301.463
320	235.189	1	6.84571e+06	1	148.764	1	792.764	1	3792.99	1	0.01	273.253	301.465
320	235.189	1	6.84571e+06	1	148.764	1	792.764	1	3792.99	1	0.0316228	273.26	301.474
320	235.189	1	6.84571e+06	1	148.764	1	792.764	1	3792.99	1	0.1	273.284	301.5
320	235.189	1	6.84571e+06	1	148.764	1	792.764	1	3792.99	1	0.316228	273.357	301.582
320	235.189	1	6.84571e+06	1	148.764	1	792.764	1	3792.99	1	1	273.59	301.841
320	235.189	1	6.84571e+06	1	148.764	1	792.764	1	3792.99	1	3.16228	274.317	302.649
320	235.189	1	6.84571e+06	1	148.764	1	792.764	1	3792.99	1	10	276.535	305.104
320	235.189	1	6.84571e+06	1	148.764	1	792.764	1	3792.99	1	31.6228	282.903	312.105
320	235.189	1	6.84571e+06	1	148.764	1	792.764	1	3792.99	1	100	298.845	329.309
321	256.887	1	817139	1	318.615	1	660.74	1	3826.44	1	0	273.249	301.462
321	256.887	1	817139	1	318.615	1	660.74	1	3826.44	1	0.001	273.25	301.462
321	256.887	1	817139	1	318.615	1	660.74	1	3826.44	1	0.00316228	273.25	301.462
321	256.887	1	817139	1	318.615	1	660.74	1	3826.44	1	0.01	273.252	301.464
321	256.887	1	817139	1	318.615	1	660.74	1	3826.44	1	0.0316228	273.257	301.47
321	256.887	1	817139	1	318.615	1	660.74	1	3826.44	1	0.1	273.274	301.487
321	256.887	1	817139	1	318.615	1	660.74	1	3826.44	1	0.316228	273.328	301.542
321	256.887	1	817139	1	318.615	1	660.74	1	3826.44	1	1	273.498	301.717
321	256.887	1	817139	1	318.615	1	660.74	1	3826.44	1	3.16228	274.032	302.266
321	256.887	1	817139	1	318.615	1	660.74	1	3826.44	1	10	275.693	303.972
321	256.887	1	817139	1	318.615	1	660.74	1	3826.44	1	31.6228	280.676	309.088
321	256.887	1	817139	1	318.615	1	660.74	1	3826.44	1	100	294.549	323.331
322	490.423	1	2.74422e+06	1	439.808	1	626.287	1	2495.53	1	0	273.249	301.462
322	490.423	1	2.74422e+06	1	439.808	1	626.287	1	2495.53	1	0.001	273.25	301.462
322	490.423	1	2.74422e+06	1	439.808	1	626.287	1	2495.53	1	0.00316228	273.25	301.462
322	490.423	1	2.74422e+06	1	439.808	1	626.287	1	2495.53	1	0.01	273.252	301.464
322	490.423	1	2.74422e+06	1	439.808	1	626.287	1	2495.53	1	0.0316228	273.256	301.469
322	490.423	1	2.74422e+06	1	439.808	1	626.287	1	2495.53	1	0.1	273.27	301.484
322	490.423	1	2.74422e+06	1	439.808	1	626.287	1	2495.53	1	0.316228	273.316	301.532
322	490.423	1	2.74422e+06	1	439.808	1	626.287	1	2495.53	1	1	273.459	301.684
322	490.423	1	2.74422e+06	1	439.808	1	626.287	1	2495.53	1	3.16228	273.91	302.161
322	490.423	1	2.74422e+06	1	439.808	1	626.287	1	2495.53	1	10	275.319	303.652
322	490.423	1	2.74422e+06	1	439.808	1	626.287	1	2495.53	1	31.6228	279.605	308.176
322	490.423	1	2.74422e+06	1	439.808	1	626.287	1	2495.53	1	100	291.901	321.116
323	682.787	1	666361	1	406.388	1	461.721	1	3712.21	1	0	273.249	301.462
323	682.787	1	666361	1	406.388	1	461.721	1	3712.21	1	0.001	273.25	301.462
323	682.787	1	666361	1	406.388	1	461.721	1	3712.21	1	0.00316228	273.25	301.462
323	682.787	1	666361	1	406.388	1	461.721	1	3712.21	1	0.01	273.252	301.464
323	682.787	1	666361	1	406.388	1	461.721	1	3712.21	1	0.0316228	273.257	301.47
323	682.787	1	666361	1	406.388	1	461.721	1	3712.21	1	0.1	273.275	301.489
323	682.787	1	666361	1	406.388	1	461.721	1	3712.21	1	0.316228	273.329	301.548
323	682.787	1	666361	1	406.388	1	461.721	1	3712.21	1	1	273.501	301.733
323	682.787	1	666361	1	406.388	1	461.721	1	3712.21	1	3.16228	274.041	302.317
323	682.787	1	666361	1	406.388	1	461.721	1	3712.21	1	10	275.724	304.133
323	682.787	1	666361	1	406.388	1	461.721	1	3712.21	1	31.6228	280.802	309.599
323	682.787	1	666361	1	406.388	1	461.721	1	3712.21	1	100	295.493	325.354
324	339.594	1	449107	1	419.779	1	1066.01	1	4174.38	1	0	273.249	301.462
324	339.594	1	449107	1	419.779	1	1066.01	1	4174.38	1	0.001	273.25	301.462
324	339.594	1	449107	1	419.779	1	1066.01	1	4174.38	1	0.00316228	273.25	301.462
324	339.594	1	449107	1	419.779	1	1066.01	1	4174.38	1	0.01	273.251	301.463
324	339.594	1	449107	1	419.779	1	1066.01	1	4174.38	1	0.0316228	273.255	301.467
324	339.594	1	449107	1	419.779	1	1066.01	1	4174.38	1	0.1	273.267	301.479
324	339.594	1	449107	1	419.779	1	1066.01	1	4174.38	1	0.316228	273.304	301.518
324	339.594	1	449107	1	419.779	1	1066.01	1	4174.38	1	1	273.422	301.639
324	339.594	1	449107	1	419.779	1	1066.01	1	4174.38	1	3.16228	273.794	302.021
324	339.594	1	449107	1	419.779	1	1066.01	1	4174.38	1	10	274.956	303.214
324	339.594	1	449107	1	419.779	1	1066.01	1	4174.38	1	31.6228	278.484	306.834
324	339.594	1	449107	1	419.779	1	1066.01	1	4174.38	1	100	288.539	317.155
325	811.937	1	1.86046e+06	1	309.665	1	1368.44	1	3572.62	1	0	273.249	301.462
325	811.937	1	1.86046e+06	1	309.665	1	1368.44	1	3572.62	1	0.001	273.25	301.462
325	811.937	1	1.86046e+06	1	309.665	1	1368.44	1	3572.62	1	0.00316228	273.25	301.462
325	811.937	1	1.86046e+06	1	309.665	1	1368.44	1	3572.62	1	0.01	273.251	301.463
325	811.937	1	1.86046e+06	1	309.665	1	1368.44	1	3572.62	1	0.0316228	273.255	301.468
325	811.937	1	1.86046e+06	1	309.665	1	1368.44	1	3572.62	1	0.1	273.266	301.481
325	811.937	1	1.86046e+06	1	309.665	1	1368.44	1	3572.62	1	0.316228	273.302	301.522
325	811.937	1	1.86046e+06	1	309.665	1	1368.44	1	3572.62	1	1	273.414	301.652
325	811.937	1	1.86046e+06	1	309.665	1	1368.44	1	3572.62	1	3.16228	273.769	302.06
325	811.937	1	1.86046e+06	1	309.665	1	1368.44	1	3572.62	1	10	274.871	303.326
325	811.937	1	1.86046e+06	1	309.665	1	1368.44	1	3572.62	1	31.6228	278.187	307.109
325	811.937	1	1.86046e+06	1	309.665	1	1368.44	1	3572.62	1	100	287.403	317.533
326	661.653	1	2.08822e+06	1	781.639	1	1222.26	1	3141.96	1	0	273.249	301.462
326	661.653	1	2.08822e+06	1	781.639	1	1222.26	1	3141.96	1	0.001	273.25	301.462
326	661.653	1	2.08822e+06	1	781.639	1	1222.26	1	3141.96	1	0.00316228	273.25	301.462
326	661.653	1	2.08822e+06	1	781.639	1	1222.26	1	3141.96	1	0.01	273.251	301.463
326	661.653	1	2.08822e+06	1	781.639	1	1222.26	1	3141.96	1	0.0316228	273.253	301.465
326	661.653	1	2.08822e+06	1	781.639	1	1222.26	1	3141.96	1	0.1	273.261	301.474
326	661.653	1	2.08822e+06	1	781.639	1	1222.26	1	3141.96	1	0.316228	273.286	301.5
326	661.653	1	2.08822e+06	1	781.639	1	1222.26	1	3141.96	1	1	273.365	301.582
326	661.653	1	2.08822e+06	1	781.639	1	1222.26	1	3141.96	1	3.16228	273.616	301.84
326	661.653	1	2.08822e+06	1	781.639	1	1222.26	1	3141.96	1	10	274.401	302.653
326	661.653	1	2.08822e+06	1	781.639	1	1222.26	1	3141.96	1	31.6228	276.829	305.164
326	661.653	1	2.08822e+06	1	781.639	1	1222.26	1	3141.96	1	100	284	312.566
327	470.048	1	1.1159e+06	1	249.038	1	912.05	1	2526.35	1	0	273.249	301.462
327	470.048	1	1.1159e+06	1	249.038	1	912.05	1	2526.35	1	0.001	273.25	301.462
327	470.048	1	1.1159e+06	1	249.038	1	912.05	1	2526.35	1	0.00316228	273.25	301.462
327	470.048	1	1.1159e+06	1	249.038	1	912.05	1	2526.35	1	0.01	273.252	301.464
327	470.048	1	1.1159e+06	1	249.038	1	912.05	1	2526.35	1	0.0316228	273.257	301.47
327	470.048	1	1.1159e+06	1	249.038	1	912.05	1	2526.35	1	0.1	273.272	301.487
327	470.048	1	1.1159e+06	1	249.038	1	912.05	1	2526.35	1	0.316228	273.321	301.542
327	470.048	1	1.1159e+06	1	249.038	1	912.05	1	2526.35	1	1	273.475	301.714
327	470.048	1	1.1159e+06	1	249.038	1	912.05	1	2526.35	1	3.16228	273.958	302.256
327	470.048	1	1.1159e+06	1	249.038	1	912.05	1	2526.35	1	10	275.458	303.932
327	470.048	1	1.1159e+06	1	249.038	1	912.05	1	2526.35	1	31.6228	279.929	308.888
327	470.048	1	1.1159e+06	1	249.038	1	912.05	1	2526.35	1	100	292.052	322.214
328	552.495	1	867365	1	443.328	1	1019.04	1	2819.03	1	0	273.249	301.462
328	552.495	1	867365	1	443.328	1	1019.04	1	2819.03	1	0.001	273.25	301.462
328	552.495	1	867365	1	443.328	1	1019.04	1	2819.03	1	0.00316228	273.25	301.462
328	552.495	1	867365	1	443.328	1	1019.04	1	2819.03	1	0.01	273.251	301.463
328	552.495	1	867365	1	443.328	1	1019.04	1	2819.03	1	0.0316228	273.255	301.467
328	552.495	1	867365	1	443.328	1	1019.04	1	2819.03	1	0.1	273.266	301.479
328	552.495	1	867365	1	443.328	1	1019.04	1	2819.03	1	0.316228	273.3	301.516
328	552.495	1	867365	1	443.328	1	1019.04	1	2819.03	1	1	273.41	301.634
328	552.495	1	867365	1	443.328	1	1019.04	1	2819.03	1	3.16228	273.756	302.006
328	552.495	1	867365	1	443.328	1	1019.04	1	2819.03	1	10	274.838	303.167
328	552.495	1	867365	1	443.328	1	1019.04	1	2819.03	1	31.6228	278.145	306.704
328	552.495	1	867365	1	443.328	1	1019.04	1	2819.03	1	100	287.659	316.839
329	478.53	1	458888	1	161.587	1	536.307	1	2908.03	1	0	273.249	301.462
329	478.53	1	458888	1	161.587	1	536.307	1	2908.03	1	0.001	273.25	301.462
329	478.53	1	458888	1	161.587	1	536.307	1	2908.03	1	0.00316228	273.251	301.463
329	478.53	1	458888	1	161.587	1	536.307	1	2908.03	1	0.01	273.253	301.466
329	478.53	1	458888	1	161.587	1	536.307	1	2908.03	1	0.0316228	273.26	301.474
329	478.53	1	458888	1	161.587	1	536.307	1	2908.03	1	0.1	273.284	301.502
329	478.53	1	458888	1	161.587	1	536.307	1	2908.03	1	0.316228	273.359	301.588
329	478.53	1	458888	1	161.587	1	536.307	1	2908.03	1	1	273.596	301.86
329	478.53	1	458888	1	161.587	1	536.307	1	2908.03	1	3.16228	274.338	302.711
329	478.53	1	458888	1	161.587	1	536.307	1	2908.03	1	10	276.617	305.312
329	478.53	1	458888	1	161.587	1	536.307	1	2908.03	1	31.6228	283.253	312.84
329	478.53	1	458888	1	161.587	1	536.307	1	2908.03	1	100	300.578	332.174
330	497.524	1	1.2459e+06	1	1027.43	1	1266.76	1	4151.05	1	0	273.249	301.462
330	497.524	1	1.2459e+06	1	1027.43	1	1266.76	1	4151.05	1	0.001	273.25	301.462
330	497.524	1	1.2459e+06	1	1027.43	1	1266.76	1	4151.05	1	0.00316228	273.25	301.462
330	497.524	1	1.2459e+06	1	1027.43	1	1266.76	1	4151.05	1	0.01	273.251	301.463
330	497.524	1	1.2459e+06	1	1027.43	1	1266.76	1	4151.05	1	0.0316228	273.253	301.465
330	497.524	1	1.2459e+06	1	1027.43	1	1266.76	1	4151.05	1	0.1	273.26	301.472
330	497.524	1	1.2459e+06	1	1027.43	1	1266.76	1	4151.05	1	0.316228	273.284	301.495
330	497.524	1	1.2459e+06	1	1027.43	1	1266.76	1	4151.05	1	1	273.359	301.569
330	497.524	1	1.2459e+06	1	1027.43	1	1266.76	1	4151.05	1	3.16228	273.596	301.799
330	497.524	1	1.2459e+06	1	1027.43	1	1266.76	1	4151.05	1	10	274.339	302.524
330	497.524	1	1.2459e+06	1	1027.43	1	1266.76	1	4151.05	1	31.6228	276.635	304.769
330	497.524	1	1.2459e+06	1	1027.43	1	1266.76	1	4151.05	1	100	283.435	311.449
331	571.237	1	2.21109e+06	1	254.343	1	2384.54	1	2366.66	1	0	273.249	301.462
331	571.237	1	2.21109e+06	1	254.343	1	2384.54	1	2366.66	1	0.001	273.25	301.462
331	571.237	1	2.21109e+06	1	254.343	1	2384.54	1	2366.66	1	0.00316228	273.25	301.462
331	571.237	1	2.21109e+06	1	254.343	1	2384.54	1	2366.66	1	0.01	273.251	301.464
331	571.237	1	2.21109e+06	1	254.343	1	2384.54	1	2366.66	1	0.0316228	273.255	301.468
331	571.237	1	2.21109e+06	1	254.343	1	2384.54	1	2366.66	1	0.1	273.266	301.481
331	571.237	1	2.21109e+06	1	254.343	1	2384.54	1	2366.66	1	0.316228	273.303	301.524
331	571.237	1	2.21109e+06	1	254.343	1	2384.54	1	2366.66	1	1	273.418	301.657
331	571.237	1	2.21109e+06	1	254.343	1	2384.54	1	2366.66	1	3.16228	273.778	302.076
331	571.237	1	2.21109e+06	1	254.343	1	2384.54	1	2366.66	1	10	274.892	303.366
331	571.237	1	2.21109e+06	1	254.343	1	2384.54	1	2366.66	1	31.6228	278.174	307.128
331	571.237	1	2.21109e+06	1	254.343	1	2384.54	1	2366.66	1	100	286.781	316.918
332	498.969	1	3.43187e+06	1	517.886	1	1075.61	1	2959.88	1	0	273.249	301.462
332	498.969	1	3.43187e+06	1	517.886	1	1075.61	1	2959.88	1	0.001	273.25	301.462
332	498.969	1	3.43187e+06	1	517.886	1	1075.61	1	2959.88	1	0.00316228	273.25	301.462
332	498.969	1	3.43187e+06	1	517.886	1	1075.61	1	2959.88	1	0.01	273.251	301.463
332	498.969	1	3.43187e+06	1	517.886	1	1075.61	1	2959.88	1	0.0316228	273.254	301.467
332	498.969	1	3.43187e+06	1	517.886	1	1075.61	1	2959.88	1	0.1	273.264	301.477
332	498.969	1	3.43187e+06	1	517.886	1	1075.61	1	2959.88	1	0.316228	273.297	301.511
332	498.969	1	3.43187e+06	1	517.886	1	1075.61	1	2959.88	1	1	273.399	301.618
332	498.969	1	3.43187e+06	1	517.886	1	1075.61	1	2959.88	1	3.16228	273.72	301.955
332	498.969	1	3.43187e+06	1	517.886	1	1075.61	1	2959.88	1	10	274.726	303.008
332	498.969	1	3.43187e+06	1	517.886	1	1075.61	1	2959.88	1	31.6228	277.809	306.233
332	498.969	1	3.43187e+06	1	517.886	1	1075.61	1	2959.88	1	100	286.756	315.564
333	754.977	1	4.34233e+06	1	1118.17	1	1177.74	1	2244.42	1	0	273.249	301.462
333	754.977	1	4.34233e+06	1	1118.17	1	1177.74	1	2244.42	1	0.001	273.25	301.462
333	754.977	1	4.34233e+06	1	1118.17	1	1177.74	1	2244.42	1	0.00316228	273.25	301.462
333	754.977	1	4.34233e+06	1	1118.17	1	1177.74	1	2244.42	1	0.01	273.25	301.463
333	754.977	1	4.34233e+06	1	1118.17	1	1177.74	1	2244.42	1	0.0316228	273.253	301.465
333	754.977	1	4.34233e+06	1	1118.17	1	1177.74	1	2244.42	1	0.1	273.26	301.472
333	754.977	1	4.34233e+06	1	1118.17	1	1177.74	1	2244.42	1	0.316228	273.283	301.495
333	754.977	1	4.34233e+06	1	1118.17	1	1177.74	1	2244.42	1	1	273.354	301.568
333	754.977	1	4.34233e+06	1	1118.17	1	1177.74	1	2244.42	1	3.16228	273.581	301.798
333	754.977	1	4.34233e+06	1	1118.17	1	1177.74	1	2244.42	1	10	274.292	302.522
333	754.977	1	4.34233e+06	1	1118.17	1	1177.74	1	2244.42	1	31.6228	276.498	304.765
333	754.977	1	4.34233e+06	1	1118.17	1	1177.74	1	2244.42	1	100	283.059	311.443
334	410.073	1	2.42023e+06	1	293.496	1	1286.75	1	2501.17	1	0	273.249	301.462
334	410.073	1	2.42023e+06	1	293.496	1	1286.75	1	2501.17	1	0.001	273.25	301.462
334	410.073	1	2.42023e+06	1	293.496	1	1286.75	1	2501.17	1	0.00316228	273.25	301.462
334	410.073	1	2.42023e+06	1	293.496	1	1286.75	1	2501.17	1	0.01	273.251	301.464
334	410.073	1	2.42023e+06	1	293.496	1	1286.75	1	2501.17	1	0.0316228	273.255	301.468
334	410.073	1	2.42023e+06	1	293.496	1	1286.75	1	2501.17	1	0.1	273.268	301.482
334	410.073	1	2.42023e+06	1	293.496	1	1286.75	1	2501.17	1	0.316228	273.309	301.526
334	410.073	1	2.42023e+06	1	293.496	1	1286.75	1	2501.17	1	1	273.436	301.666
334	410.073	1	2.42023e+06	1	293.496	1	1286.75	1	2501.17	1	3.16228	273.837	302.106
334	410.073	1	2.42023e+06	1	293.496	1	1286.75	1	2501.17	1	10	275.082	303.468
334	410.073	1	2.42023e+06	1	293.496	1	1286.75	1	2501.17	1	31.6228	278.815	307.524
334	410.073	1	2.42023e+06	1	293.496	1	1286.75	1	2501.17	1	100	288.979	318.489
335	654.558	1	873995	1	445.856	1	767.59	1	2203.39	1	0	273.249	301.462
335	654.558	1	873995	1	445.856	1	767.59	1	2203.39	1	0.001	273.25	301.462
335	654.558	1	873995	1	445.856	1	767.59	1	2203.39	1	0.00316228	273.25	301.462
335	654.558	1	873995	1	445.856	1	767.59	1	2203.39	1	0.01	273.251	301.464
335	654.558	1	873995	1	445.856	1	767.59	1	2203.39	1	0.0316228	273.255	301.468
335	654.558	1	873995	1	445.856	1	767.59	1	2203.39	1	0.1	273.268	301.481
335	654.558	1	873995	1	445.856	1	767.59	1	2203.39	1	0.316228	273.307	301.524
335	654.558	1	873995	1	445.856	1	767.59	1	2203.39	1	1	273.431	301.658
335	654.558	1	873995	1	445.856	1	767.59	1	2203.39	1	3.16228	273.821	302.081
335	654.558	1	873995	1	445.856	1	767.59	1	2203.39	1	10	275.043	303.401
335	654.558	1	873995	1	445.856	1	767.59	1	2203.39	1	31.6228	278.773	307.421
335	654.558	1	873995	1	445.856	1	767.59	1	2203.39	1	100	289.438	318.875
336	520.026	1	646856	1	198.234	1	1315.27	1	2677.1	1	0	273.249	301.462
336	520.026	1	646856	1	198.234	1	1315.27	1	2677.1	1	0.001	273.25	301.462
336	520.026	1	646856	1	198.234	1	1315.27	1	2677.1	1	0.00316228	273.25	301.462
336	520.026	1	646856	1	198.234	1	1315.27	1	2677.1	1	0.01	273.252	301.464
336	520.026	1	646856	1	198.234	1	1315.27	1	2677.1	1	0.0316228	273.257	301.47
336	520.026	1	646856	1	198.234	1	1315.27	1	2677.1	1	0.1	273.272	301.488
336	520.026	1	646856	1	198.234	1	1315.27	1	2677.1	1	0.316228	273.322	301.546
336	520.026	1	646856	1	198.234	1	1315.27	1	2677.1	1	1	273.478	301.728
336	520.026	1	646856	1	198.234	1	1315.27	1	2677.1	1	3.16228	273.967	302.298
336	520.026	1	646856	1	198.234	1	1315.27	1	2677.1	1	10	275.472	304.044
336	520.026	1	646856	1	198.234	1	1315.27	1	2677.1	1	31.6228	279.862	309.092
336	520.026	1	646856	1	198.234	1	1315.27	1	2677.1	1	100	291.128	321.897
337	339.773	1	1.10007e+06	1	306.736	1	948.531	1	3289.98	1	0	273.249	301.462
337	339.773	1	1.10007e+06	1	306.736	1	948.531	1	3289.98	1	0.001	273.25	301.462
337	339.773	1	1.10007e+06	1	306.736	1	948.531	1	3289.98	1	0.00316228	273.25	301.462
337	339.773	1	1.10007e+06	1	306.736	1	948.531	1	3289.98	1	0.01	273.252	301.464
337	339.773	1	1.10007e+06	1	306.736	1	948.531	1	3289.98	1	0.0316228	273.256	301.469
337	339.773	1	1.10007e+06	1	306.736	1	948.531	1	3289.98	1	0.1	273.27	301.484
337	339.773	1	1.10007e+06	1	306.736	1	948.531	1	3289.98	1	0.316228	273.315	301.532
337	339.773	1	1.10007e+06	1	306.736	1	948.531	1	3289.98	1	1	273.457	301.683
337	339.773	1	1.10007e+06	1	306.736	1	948.531	1	3289.98	1	3.16228	273.905	302.16
337	339.773	1	1.10007e+06	1	306.736	1	948.531	1	3289.98	1	10	275.296	303.64
337	339.773	1	1.10007e+06	1	306.736	1	948.531	1	3289.98	1	31.6228	279.478	308.07
337	339.773	1	1.10007e+06	1	306.736	1	948.531	1	3289.98	1	100	291.113	320.329
338	396.012	1	539960	1	299.228	1	885.76	1	2763.86	1	0	273.249	301.462
338	396.012	1	539960	1	299.228	1	885.76	1	2763.86	1	0.001	273.25	301.462
338	396.012	1	539960	1	299.228	1	885.76	1	2763.86	1	0.00316228	273.25	301.462
338	396.012	1	539960	1	299.228	1	885.76	1	2763.86	1	0.01	273.252	301.464
338	396.012	1	539960	1	299.228	1	885.76	1	2763.86	1	0.0316228	273.256	301.469
338	396.012	1	539960	1	299.228	1	885.76	1	2763.86	1	0.1	273.271	301.485
338	396.012	1	539960	1	299.228	1	885.76	1	2763.86	1	0.316228	273.316	301.534
338	396.012	1	539960	1	299.228	1	885.76	1	2763.86	1	1	273.461	301.691
338	396.012	1	539960	1	299.228	1	885.76	1	2763.86	1	3.16228	273.916	302.184
338	396.012	1	539960	1	299.228	1	885.76	1	2763.86	1	10	275.332	303.716
338	396.012	1	539960	1	299.228	1	885.76	1	2763.86	1	31.6228	279.591	308.298
338	396.012	1	539960	1	299.228	1	885.76	1	2763.86	1	100	291.365	320.882
339	499.022	1	602503	1	565.604	1	2150.92	1	3272.28	1	0	273.249	301.462
339	499.022	1	602503	1	565.604	1	2150.92	1	3272.28	1	0.001	273.25	301.462
339	499.022	1	602503	1	565.604	1	2150.92	1	3272.28	1	0.00316228	273.25	301.462
339	499.022	1	602503	1	565.604	1	2150.92	1	3272.28	1	0.01	273.251	301.463
339	499.022	1	602503	1	565.604	1	2150.92	1	3272.28	1	0.0316228	273.253	301.465
339	499.022	1	602503	1	565.604	1	2150.92	1	3272.28	1	0.1	273.26	301.473
339	499.022	1	602503	1	565.604	1	2150.92	1	3272.28	1	0.316228	273.284	301.497
339	499.022	1	602503	1	565.604	1	2150.92	1	3272.28	1	1	273.359	301.575
339	499.022	1	602503	1	565.604	1	2150.92	1	3272.28	1	3.16228	273.594	301.82
339	499.022	1	602503	1	565.604	1	2150.92	1	3272.28	1	10	274.332	302.585
339	499.022	1	602503	1	565.604	1	2150.92	1	3272.28	1	31.6228	276.594	304.928
339	499.022	1	602503	1	565.604	1	2150.92	1	3272.28	1	100	283.171	311.728
340	420.441	1	1.22929e+06	1	455.572	1	2405.1	1	4555.1	1	0	273.249	301.462
340	420.441	1	1.22929e+06	1	455.572	1	2405.1	1	4555.1	1	0.001	273.25	301.462
340	420.441	1	1.22929e+06	1	455.572	1	2405.1	1	4555.1	1	0.00316228	273.25	301.462
340	420.441	1	1.22929e+06	1	455.572	1	2405.1	1	4555.1	1	0.01	273.251	301.463
340	420.441	1	1.22929e+06	1	455.572	1	2405.1	1	4555.1	1	0.0316228	273.253	301.466
340	420.441	1	1.22929e+06	1	455.572	1	2405.1	1	4555.1	1	0.1	273.262	301.474
340	420.441	1	1.22929e+06	1	455.572	1	2405.1	1	4555.1	1	0.316228	273.288	301.502
340	420.441	1	1.22929e+06	1	455.572	1	2405.1	1	4555.1	1	1	273.372	301.589
340	420.441	1	1.22929e+06	1	455.572	1	2405.1	1	4555.1	1	3.16228	273.635	301.864
340	420.441	1	1.22929e+06	1	455.572	1	2405.1	1	4555.1	1	10	274.457	302.722
340	420.441	1	1.22929e+06	1	455.572	1	2405.1	1	4555.1	1	31.6228	276.954	305.321
340	420.441	1	1.22929e+06	1	455.572	1	2405.1	1	4555.1	1	100	284.073	312.717
341	505.774	1	400294	1	381.021	1	644.079	1	1861.96	1	0	273.249	301.462
341	505.774	1	400294	1	381.021	1	644.079	1	1861.96	1	0.001	273.25	301.462
341	505.774	1	400294	1	381.021	1	644.079	1	1861.96	1	0.00316228	273.25	301.462
341	505.774	1	400294	1	381.021	1	644.079	1	1861.96	1	0.01	273.252	301.464
341	505.774	1	400294	1	381.021	1	644.079	1	1861.96	1	0.0316228	273.256	301.469
341	505.774	1	400294	1	381.021	1	644.079	1	1861.96	1	0.1	273.271	301.485
341	505.774	1	400294	1	381.021	1	644.079	1	1861.96	1	0.316228	273.318	301.535
341	505.774	1	400294	1	381.021	1	644.079	1	1861.96	1	1	273.466	301.694
341	505.774	1	400294	1	381.021	1	644.079	1	1861.96	1	3.16228	273.931	302.194
341	505.774	1	400294	1	381.021	1	644.079	1	1861.96	1	10	275.383	303.752
341	505.774	1	400294	1	381.021	1	644.079	1	1861.96	1	31.6228	279.789	308.466
341	505.774	1	400294	1	381.021	1	644.079	1	1861.96	1	100	292.324	321.817
342	499.206	1	1.50728e+06	1	392.632	1	1939.34	1	1667.51	1	0	273.249	301.462
342	499.206	1	1.50728e+06	1	392.632	1	1939.34	1	1667.51	1	0.001	273.25	301.462
342	499.206	1	1.50728e+06	1	392.632	1	1939.34	1	1667.51	1	0.00316228	273.25	301.462
342	499.206	1	1.50728e+06	1	392.632	1	1939.34	1	1667.51	1	0.01	273.251	301.463
342	499.206	1	1.50728e+06	1	392.632	1	1939.34	1	1667.51	1	0.0316228	273.254	301.466
342	499.206	1	1.50728e+06	1	392.632	1	1939.34	1	1667.51	1	0.1	273.263	301.476
342	499.206	1	1.50728e+06	1	392.632	1	1939.34	1	1667.51	1	0.316228	273.293	301.509
342	499.206	1	1.50728e+06	1	392.632	1	1939.34	1	1667.51	1	1	273.386	301.611
342	499.206	1	1.50728e+06	1	392.632	1	1939.34	1	1667.51	1	3.16228	273.681	301.931
342	499.206	1	1.50728e+06	1	392.632	1	1939.34	1	1667.51	1	10	274.6	302.929
342	499.206	1	1.50728e+06	1	392.632	1	1939.34	1	1667.51	1	31.6228	277.386	305.941
342	499.206	1	1.50728e+06	1	392.632	1	1939.34	1	1667.51	1	100	285.277	314.422
343	903.211	1	1.36757e+06	1	767.713	1	989.386	1	2690.58	1	0	273.249	301.462
343	903.211	1	1.36757e+06	1	767.713	1	989.386	1	2690.58	1	0.001	273.25	301.462
343	903.211	1	1.36757e+06	1	767.713	1	989.386	1	2690.58	1	0.00316228	273.25	301.462
343	903.211	1	1.36757e+06	1	767.713	1	989.386	1	2690.58	1	0.01	273.251	301.463
343	903.211	1	1.36757e+06	1	767.713	1	989.386	1	2690.58	1	0.0316228	273.253	301.466
343	903.211	1	1.36757e+06	1	767.713	1	989.386	1	2690.58	1	0.1	273.262	301.475
343	903.211	1	1.36757e+06	1	767.713	1	989.386	1	2690.58	1	0.316228	273.29	301.504
343	903.211	1	1.36757e+06	1	767.713	1	989.386	1	2690.58	1	1	273.376	301.596
343	903.211	1	1.36757e+06	1	767.713	1	989.386	1	2690.58	1	3.16228	273.65	301.887
343	903.211	1	1.36757e+06	1	767.713	1	989.386	1	2690.58	1	10	274.508	302.798
343	903.211	1	1.36757e+06	1	767.713	1	989.386	1	2690.58	1	31.6228	277.16	305.609
343	903.211	1	1.36757e+06	1	767.713	1	989.386	1	2690.58	1	100	284.96	313.849
344	487.606	1	1.0095e+06	1	455.775	1	659.063	1	4395.08	1	0	273.249	301.462
344	487.606	1	1.0095e+06	1	455.775	1	659.063	1	4395.08	1	0.001	273.25	301.462
344	487.606	1	1.0095e+06	1	455.775	1	659.063	1	4395.08	1	0.00316228	273.25	301.462
344	487.606	1	1.0095e+06	1	455.775	1	659.063	1	4395.08	1	0.01	273.251	301.464
344	487.606	1	1.0095e+06	1	455.775	1	659.063	1	4395.08	1	0.0316228	273.256	301.468
344	487.606	1	1.0095e+06	1	455.775	1	659.063	1	4395.08	1	0.1	273.27	301.483
344	487.606	1	1.0095e+06	1	455.775	1	659.063	1	4395.08	1	0.316228	273.313	301.529
344	487.606	1	1.0095e+06	1	455.775	1	659.063	1	4395.08	1	1	273.451	301.674
344	487.606	1	1.0095e+06	1	455.775	1	659.063	1	4395.08	1	3.16228	273.884	302.131
344	487.606	1	1.0095e+06	1	455.775	1	659.063	1	4395.08	1	10	275.236	303.558
344	487.606	1	1.0095e+06	1	455.775	1	659.063	1	4395.08	1	31.6228	279.356	307.894
344	487.606	1	1.0095e+06	1	455.775	1	659.063	1	4395.08	1	100	291.15	320.272
345	508.283	1	1.1817e+06	1	540.857	1	445.895	1	4977.22	1	0	273.249	301.462
345	508.283	1	1.1817e+06	1	540.857	1	445.895	1	4977.22	1	0.001	273.25	301.462
345	508.283	1	1.1817e+06	1	540.857	1	445.895	1	4977.22	1	0.00316228	273.25	301.462
345	508.283	1	1.1817e+06	1	540.857	1	445.895	1	4977.22	1	0.01	273.252	301.464
345	508.283	1	1.1817e+06	1	540.857	1	445.895	1	4977.22	1	0.0316228	273.257	301.47
345	508.283	1	1.1817e+06	1	540.857	1	445.895	1	4977.22	1	0.1	273.274	301.487
345	508.283	1	1.1817e+06	1	540.857	1	445.895	1	4977.22	1	0.316228	273.327	301.542
345	508.283	1	1.1817e+06	1	540.857	1	445.895	1	4977.22	1	1	273.493	301.716
345	508.283	1	1.1817e+06	1	540.857	1	445.895	1	4977.22	1	3.16228	274.018	302.263
345	508.283	1	1.1817e+06	1	540.857	1	445.895	1	4977.22	1	10	275.652	303.968
345	508.283	1	1.1817e+06	1	540.857	1	445.895	1	4977.22	1	31.6228	280.584	309.106
345	508.283	1	1.1817e+06	1	540.857	1	445.895	1	4977.22	1	100	294.952	324.043
346	428.275	1	1.87994e+06	1	558.333	1	781.511	1	2807.25	1	0	273.249	301.462
346	428.275	1	1.87994e+06	1	558.333	1	781.511	1	2807.25	1	0.001	273.25	301.462
346	428.275	1	1.87994e+06	1	558.333	1	781.511	1	2807.25	1	0.00316228	273.25	301.462
346	428.275	1	1.87994e+06	1	558.333	1	781.511	1	2807.25	1	0.01	273.251	301.463
346	428.275	1	1.87994e+06	1	558.333	1	781.511	1	2807.25	1	0.0316228	273.255	301.467
346	428.275	1	1.87994e+06	1	558.333	1	781.511	1	2807.25	1	0.1	273.267	301.479
346	428.275	1	1.87994e+06	1	558.333	1	781.511	1	2807.25	1	0.316228	273.305	301.518
346	428.275	1	1.87994e+06	1	558.333	1	781.511	1	2807.25	1	1	273.424	301.64
346	428.275	1	1.87994e+06	1	558.333	1	781.511	1	2807.25	1	3.16228	273.8	302.026
346	428.275	1	1.87994e+06	1	558.333	1	781.511	1	2807.25	1	10	274.976	303.232
346	428.275	1	1.87994e+06	1	558.333	1	781.511	1	2807.25	1	31.6228	278.573	306.919
346	428.275	1	1.87994e+06	1	558.333	1	781.511	1	2807.25	1	100	288.928	317.526
347	413.243	1	1.02043e+06	1	1000.9	1	1011.4	1	2971.71	1	0	273.249	301.462
347	413.243	1	1.02043e+06	1	1000.9	1	1011.4	1	2971.71	1	0.001	273.25	301.462
347	413.243	1	1.02043e+06	1	1000.9	1	1011.4	1	2971.71	1	0.00316228	273.25	301.462
347	413.243	1	1.02043e+06	1	1000.9	1	1011.4	1	2971.71	1	0.01	273.251	301.463
347	413.243	1	1.02043e+06	1	1000.9	1	1011.4	1	2971.71	1	0.0316228	273.254	301.466
347	413.243	1	1.02043e+06	1	1000.9	1	1011.4	1	2971.71	1	0.1	273.262	301.474
347	413.243	1	1.02043e+06	1	1000.9	1	1011.4	1	2971.71	1	0.316228	273.291	301.501
347	413.243	1	1.02043e+06	1	1000.9	1	1011.4	1	2971.71	1	1	273.379	301.586
347	413.243	1	1.02043e+06	1	1000.9	1	1011.4	1	2971.71	1	3.16228	273.659	301.856
347	413.243	1	1.02043e+06	1	1000.9	1	1011.4	1	2971.71	1	10	274.537	302.701
347	413.243	1	1.02043e+06	1	1000.9	1	1011.4	1	2971.71	1	31.6228	277.235	305.31
347	413.243	1	1.02043e+06	1	1000.9	1	1011.4	1	2971.71	1	100	285.142	313.002
348	730.826	1	839292	1	566.215	1	1561.71	1	4480.66	1	0	273.249	301.462
348	730.826	1	839292	1	566.215	1	1561.71	1	4480.66	1	0.001	273.25	301.462
348	730.826	1	839292	1	566.215	1	1561.71	1	4480.66	1	0.00316228	273.25	301.462
348	730.826	1	839292	1	566.215	1	1561.71	1	4480.66	1	0.01	273.251	301.463
348	730.826	1	839292	1	566.215	1	1561.71	1	4480.66	1	0.0316228	273.253	301.466
348	730.826	1	839292	1	566.215	1	1561.71	1	4480.66	1	0.1	273.261	301.474
348	730.826	1	839292	1	566.215	1	1561.71	1	4480.66	1	0.316228	273.286	301.501
348	730.826	1	839292	1	566.215	1	1561.71	1	4480.66	1	1	273.365	301.587
348	730.826	1	839292	1	566.215	1	1561.71	1	4480.66	1	3.16228	273.614	301.856
348	730.826	1	839292	1	566.215	1	1561.71	1	4480.66	1	10	274.395	302.699
348	730.826	1	839292	1	566.215	1	1561.71	1	4480.66	1	31.6228	276.801	305.288
348	730.826	1	839292	1	566.215	1	1561.71	1	4480.66	1	100	283.836	312.827
349	424.842	1	877233	1	282.012	1	717.481	1	3455.49	1	0	273.249	301.462
349	424.842	1	877233	1	282.012	1	717.481	1	3455.49	1	0.001	273.25	301.462
349	424.842	1	877233	1	282.012	1	717.481	1	3455.49	1	0.00316228	273.25	301.462
349	424.842	1	877233	1	282.012	1	717.481	1	3455.49	1	0.01	273.252	301.464
349	424.842	1	877233	1	282.012	1	717.481	1	3455.49	1	0.0316228	273.257	301.47
349	424.842	1	877233	1	282.012	1	717.481	1	3455.49	1	0.1	273.273	301.487
349	424.842	1	877233	1	282.012	1	717.481	1	3455.49	1	0.316228	273.324	301.543
349	424.842	1	877233	1	282.012	1	717.481	1	3455.49	1	1	273.485	301.719
349	424.842	1	877233	1	282.012	1	717.481	1	3455.49	1	3.16228	273.992	302.272
349	424.842	1	877233	1	282.012	1	717.481	1	3455.49	1	10	275.566	303.99
349	424.842	1	877233	1	282.012	1	717.481	1	3455.49	1	31.6228	280.297	309.116
349	424.842	1	877233	1	282.012	1	717.481	1	3455.49	1	100	293.352	323.17
350	355.339	1	681403	1	402.543	1	1357.25	1	2977.6	1	0	273.249	301.462
350	355.339	1	681403	1	402.543	1	1357.25	1	2977.6	1	0.001	273.25	301.462
350	355.339	1	681403	1	402.543	1	1357.25	1	2977.6	1	0.00316228	273.25	301.462
350	355.339	1	681403	1	402.543	1	1357.25	1	2977.6	1	0.01	273.251	301.463
350	355.339	1	681403	1	402.543	1	1357.25	1	2977.6	1	0.0316228	273.254	301.467
350	355.339	1	681403	1	402.543	1	1357.25	1	2977.6	1	0.1	273.265	301.478
350	355.339	1	681403	1	402.543	1	1357.25	1	2977.6	1	0.316228	273.3	301.514
350	355.339	1	681403	1	402.543	1	1357.25	1	2977.6	1	1	273.409	301.627
350	355.339	1	681403	1	402.543	1	1357.25	1	2977.6	1	3.16228	273.753	301.984
350	355.339	1	681403	1	402.543	1	1357.25	1	2977.6	1	10	274.825	303.096
350	355.339	1	681403	1	402.543	1	1357.25	1	2977.6	1	31.6228	278.076	306.462
350	355.339	1	681403	1	402.543	1	1357.25	1	2977.6	1	100	287.315	316.019
351	307.246	1	220687	1	522.697	1	284.038	1	1295.19	1	0	273.249	301.462
351	307.246	1	220687	1	522.697	1	284.038	1	1295.19	1	0.001	273.25	301.462
351	307.246	1	220687	1	522.697	1	284.038	1	1295.19	1	0.00316228	273.251	301.463
351	307.246	1	220687	1	522.697	1	284.038	1	1295.19	1	0.01	273.253	301.465
351	307.246	1	220687	1	522.697	1	284.038	1	1295.19	1	0.0316228	273.261	301.473
351	307.246	1	220687	1	522.697	1	284.038	1	1295.19	1	0.1	273.285	301.498
351	307.246	1	220687	1	522.697	1	284.038	1	1295.19	1	0.316228	273.362	301.576
351	307.246	1	220687	1	522.697	1	284.038	1	1295.19	1	1	273.604	301.822
351	307.246	1	220687	1	522.697	1	284.038	1	1295.19	1	3.16228	274.366	302.596
351	307.246	1	220687	1	522.697	1	284.038	1	1295.19	1	10	276.716	304.984
351	307.246	1	220687	1	522.697	1	284.038	1	1295.19	1	31.6228	283.631	312.01
351	307.246	1	220687	1	522.697	1	284.038	1	1295.19	1	100	303.424	332.123
352	415.882	1	727264	1	244.764	1	512.26	1	2118.59	1	0	273.249	301.462
352	415.882	1	727264	1	244.764	1	512.26	1	2118.59	1	0.001	273.25	301.462
352	415.882	1	727264	1	244.764	1	512.26	1	2118.59	1	0.00316228	273.25	301.463
352	415.882	1	727264	1	244.764	1	512.26	1	2118.59	1	0.01	273.252	301.465
352	415.882	1	727264	1	244.764	1	512.26	1	2118.59	1	0.0316228	273.259	301.472
352	415.882	1	727264	1	244.764	1	512.26	1	2118.59	1	0.1	273.279	301.494
352	415.882	1	727264	1	244.764	1	512.26	1	2118.59	1	0.316228	273.343	301.564
352	415.882	1	727264	1	244.764	1	512.26	1	2118.59	1	1	273.544	301.784
352	415.882	1	727264	1	244.764	1	512.26	1	2118.59	1	3.16228	274.175	302.477
352	415.882	1	727264	1	244.764	1	512.26	1	2118.59	1	10	276.135	304.621
352	415.882	1	727264	1	244.764	1	512.26	1	2118.59	1	31.6228	281.974	310.97
352	415.882	1	727264	1	244.764	1	512.26	1	2118.59	1	100	298.126	328.406
353	409.94	1	735773	1	452.714	1	757.929	1	7169.91	1	0	273.249	301.462
353	409.94	1	735773	1	452.714	1	757.929	1	7169.91	1	0.001	273.25	301.462
353	409.94	1	735773	1	452.714	1	757.929	1	7169.91	1	0.00316228	273.25	301.462
353	409.94	1	735773	1	452.714	1	757.929	1	7169.91	1	0.01	273.251	301.464
353	409.94	1	735773	1	452.714	1	757.929	1	7169.91	1	0.0316228	273.255	301.468
353	409.94	1	735773	1	452.714	1	757.929	1	7169.91	1	0.1	273.269	301.481
353	409.94	1	735773	1	452.714	1	757.929	1	7169.91	1	0.316228	273.31	301.524
353	409.94	1	735773	1	452.714	1	757.929	1	7169.91	1	1	273.44	301.66
353	409.94	1	735773	1	452.714	1	757.929	1	7169.91	1	3.16228	273.851	302.088
353	409.94	1	735773	1	452.714	1	757.929	1	7169.91	1	10	275.134	303.423
353	409.94	1	735773	1	452.714	1	757.929	1	7169.91	1	31.6228	279.044	307.485
353	409.94	1	735773	1	452.714	1	757.929	1	7169.91	1	100	290.2	319.055
354	391.709	1	381775	1	198.237	1	712.124	1	2764.94	1	0	273.249	301.462
354	391.709	1	381775	1	198.237	1	712.124	1	2764.94	1	0.001	273.25	301.462
354	391.709	1	381775	1	198.237	1	712.124	1	2764.94	1	0.00316228	273.25	301.463
354	391.709	1	381775	1	198.237	1	712.124	1	2764.94	1	0.01	273.252	301.465
354	391.709	1	381775	1	198.237	1	712.124	1	2764.94	1	0.0316228	273.258	301.472
354	391.709	1	381775	1	198.237	1	712.124	1	2764.94	1	0.1	273.278	301.494
354	391.709	1	381775	1	198.237	1	712.124	1	2764.94	1	0.316228	273.339	301.563
354	391.709	1	381775	1	198.237	1	712.124	1	2764.94	1	1	273.533	301.78
354	391.709	1	381775	1	198.237	1	712.124	1	2764.94	1	3.16228	274.14	302.462
354	391.709	1	381775	1	198.237	1	712.124	1	2764.94	1	10	276.014	304.56
354	391.709	1	381775	1	198.237	1	712.124	1	2764.94	1	31.6228	281.533	310.689
354	391.709	1	381775	1	198.237	1	712.124	1	2764.94	1	100	296.15	326.733
355	528.537	1	1.17961e+06	1	211.379	1	1168.02	1	2807.39	1	0	273.249	301.462
355	528.537	1	1.17961e+06	1	211.379	1	1168.02	1	2807.39	1	0.001	273.25	301.462
355	528.537	1	1.17961e+06	1	211.379	1	1168.02	1	2807.39	1	0.00316228	273.25	301.462
355	528.537	1	1.17961e+06	1	211.379	1	1168.02	1	2807.39	1	0.01	273.252	301.464
355	528.537	1	1.17961e+06	1	211.379	1	1168.02	1	2807.39	1	0.0316228	273.257	301.47
355	528.537	1	1.17961e+06	1	211.379	1	1168.02	1	2807.39	1	0.1	273.272	301.488
355	528.537	1	1.17961e+06	1	211.379	1	1168.02	1	2807.39	1	0.316228	273.321	301.544
355	528.537	1	1.17961e+06	1	211.379	1	1168.02	1	2807.39	1	1	273.476	301.723
355	528.537	1	1.17961e+06	1	211.379	1	1168.02	1	2807.39	1	3.16228	273.96	302.283
355	528.537	1	1.17961e+06	1	211.379	1	1168.02	1	2807.39	1	10	275.454	304.003
355	528.537	1	1.17961e+06	1	211.379	1	1168.02	1	2807.39	1	31.6228	279.844	309.008
355	528.537	1	1.17961e+06	1	211.379	1	1168.02	1	2807.39	1	100	291.324	321.968
356	452.829	1	859267	1	350.06	1	994.415	1	1950.32	1	0	273.249	301.462
356	452.829	1	859267	1	350.06	1	994.415	1	1950.32	1	0.001	273.25	301.462
356	452.829	1	859267	1	350.06	1	994.415	1	1950.32	1	0.00316228	273.25	301.462
356	452.829	1	859267	1	350.06	1	994.415	1	1950.32	1	0.01	273.251	301.464
356	452.829	1	859267	1	350.06	1	994.415	1	1950.32	1	0.0316228	273.255	301.468
356	452.829	1	859267	1	350.06	1	994.415	1	1950.32	1	0.1	273.268	301.482
356	452.829	1	859267	1	350.06	1	994.415	1	1950.32	1	0.316228	273.308	301.525
356	452.829	1	859267	1	350.06	1	994.415	1	1950.32	1	1	273.434	301.662
356	452.829	1	859267	1	350.06	1	994.415	1	1950.32	1	3.16228	273.832	302.092
356	452.829	1	859267	1	350.06	1	994.415	1	1950.32	1	10	275.072	303.43
356	452.829	1	859267	1	350.06	1	994.415	1	1950.32	1	31.6228	278.83	307.468
356	452.829	1	859267	1	350.06	1	994.415	1	1950.32	1	100	289.447	318.812
357	531.891	1	1.45853e+06	1	316.095	1	1029.57	1	2539.79	1	0	273.249	301.462
357	531.891	1	1.45853e+06	1	316.095	1	1029.57	1	2539.79	1	0.001	273.25	301.462
357	531.891	1	1.45853e+06	1	316.095	1	1029.57	1	2539.79	1	0.00316228	273.25	301.462
357	531.891	1	1.45853e+06	1	316.095	1	1029.57	1	2539.79	1	0.01	273.251	301.464
357	531.891	1	1.45853e+06	1	316.095	1	1029.57	1	2539.79	1	0.0316228	273.255	301.468
357	531.891	1	1.45853e+06	1	316.095	1	1029.57	1	2539.79	1	0.1	273.268	301.482
357	531.891	1	1.45853e+06	1	316.095	1	1029.57	1	2539.79	1	0.316228	273.309	301.528
357	531.891	1	1.45853e+06	1	316.095	1	1029.57	1	2539.79	1	1	273.437	301.67
357	531.891	1	1.45853e+06	1	316.095	1	1029.57	1	2539.79	1	3.16228	273.841	302.118
357	531.891	1	1.45853e+06	1	316.095	1	1029.57	1	2539.79	1	10	275.099	303.509
357	531.891	1	1.45853e+06	1	316.095	1	1029.57	1	2539.79	1	31.6228	278.897	307.682
357	531.891	1	1.45853e+06	1	316.095	1	1029.57	1	2539.79	1	100	289.526	319.271
358	669.551	1	867876	1	354.121	1	1730.93	1	2698.23	1	0	273.249	301.462
358	669.551	1	867876	1	354.121	1	1730.93	1	2698.23	1	0.001	273.25	301.462
358	669.551	1	867876	1	354.121	1	1730.93	1	2698.23	1	0.00316228	273.25	301.462
358	669.551	1	867876	1	354.121	1	1730.93	1	2698.23	1	0.01	273.251	301.463
358	669.551	1	867876	1	354.121	1	1730.93	1	2698.23	1	0.0316228	273.254	301.467
358	669.551	1	867876	1	354.121	1	1730.93	1	2698.23	1	0.1	273.264	301.478
358	669.551	1	867876	1	354.121	1	1730.93	1	2698.23	1	0.316228	273.295	301.513
358	669.551	1	867876	1	354.121	1	1730.93	1	2698.23	1	1	273.394	301.624
358	669.551	1	867876	1	354.121	1	1730.93	1	2698.23	1	3.16228	273.704	301.975
358	669.551	1	867876	1	354.121	1	1730.93	1	2698.23	1	10	274.67	303.063
358	669.551	1	867876	1	354.121	1	1730.93	1	2698.23	1	31.6228	277.59	306.334
358	669.551	1	867876	1	354.121	1	1730.93	1	2698.23	1	100	285.795	315.452
359	350.607	1	352422	1	876.864	1	1050.49	1	3672.72	1	0	273.249	301.462
359	350.607	1	352422	1	876.864	1	1050.49	1	3672.72	1	0.001	273.25	301.462
359	350.607	1	352422	1	876.864	1	1050.49	1	3672.72	1	0.00316228	273.25	301.462
359	350.607	1	352422	1	876.864	1	1050.49	1	3672.72	1	0.01	273.251	301.463
359	350.607	1	352422	1	876.864	1	1050.49	1	3672.72	1	0.0316228	273.254	301.466
359	350.607	1	352422	1	876.864	1	1050.49	1	3672.72	1	0.1	273.263	301.474
359	350.607	1	352422	1	876.864	1	1050.49	1	3672.72	1	0.316228	273.292	301.502
359	350.607	1	352422	1	876.864	1	1050.49	1	3672.72	1	1	273.385	301.59
359	350.607	1	352422	1	876.864	1	1050.49	1	3672.72	1	3.16228	273.678	301.868
359	350.607	1	352422	1	876.864	1	1050.49	1	3672.72	1	10	274.593	302.739
359	350.607	1	352422	1	876.864	1	1050.49	1	3672.72	1	31.6228	277.4	305.424
359	350.607	1	352422	1	876.864	1	1050.49	1	3672.72	1	100	285.581	313.316
360	497.075	1	684682	1	286.094	1	3104.45	1	3183.67	1	0	273.249	301.462
360	497.075	1	684682	1	286.094	1	3104.45	1	3183.67	1	0.001	273.25	301.462
360	497.075	1	684682	1	286.094	1	3104.45	1	3183.67	1	0.00316228	273.25	301.462
360	497.075	1	684682	1	286.094	1	3104.45	1	3183.67	1	0.01	273.251	301.463
360	497.075	1	684682	1	286.094	1	3104.45	1	3183.67	1	0.0316228	273.254	301.467
360	497.075	1	684682	1	286.094	1	3104.45	1	3183.67	1	0.1	273.265	301.479
360	497.075	1	684682	1	286.094	1	3104.45	1	3183.67	1	0.316228	273.297	301.516
360	497.075	1	684682	1	286.094	1	3104.45	1	3183.67	1	1	273.4	301.633
360	497.075	1	684682	1	286.094	1	3104.45	1	3183.67	1	3.16228	273.723	302
360	497.075	1	684682	1	286.094	1	3104.45	1	3183.67	1	10	274.722	303.132
360	497.075	1	684682	1	286.094	1	3104.45	1	3183.67	1	31.6228	277.68	306.457
360	497.075	1	684682	1	286.094	1	3104.45	1	3183.67	1	100	285.526	315.203
361	373.936	1	1.97631e+06	1	572.325	1	2990.08	1	1503.98	1	0	273.249	301.462
361	373.936	1	1.97631e+06	1	572.325	1	2990.08	1	1503.98	1	0.001	273.25	301.462
361	373.936	1	1.97631e+06	1	572.325	1	2990.08	1	1503.98	1	0.00316228	273.25	301.462
361	373.936	1	1.97631e+06	1	572.325	1	2990.08	1	1503.98	1	0.01	273.25	301.463
361	373.936	1	1.97631e+06	1	572.325	1	2990.08	1	1503.98	1	0.0316228	273.253	301.465
361	373.936	1	1.97631e+06	1	572.325	1	2990.08	1	1503.98	1	0.1	273.26	301.472
361	373.936	1	1.97631e+06	1	572.325	1	2990.08	1	1503.98	1	0.316228	273.283	301.495
361	373.936	1	1.97631e+06	1	572.325	1	2990.08	1	1503.98	1	1	273.356	301.567
361	373.936	1	1.97631e+06	1	572.325	1	2990.08	1	1503.98	1	3.16228	273.586	301.794
361	373.936	1	1.97631e+06	1	572.325	1	2990.08	1	1503.98	1	10	274.303	302.503
361	373.936	1	1.97631e+06	1	572.325	1	2990.08	1	1503.98	1	31.6228	276.486	304.666
361	373.936	1	1.97631e+06	1	572.325	1	2990.08	1	1503.98	1	100	282.756	310.903
362	496.953	1	699188	1	388.731	1	1262.7	1	3154.73	1	0	273.249	301.462
362	496.953	1	699188	1	388.731	1	1262.7	1	3154.73	1	0.001	273.25	301.462
362	496.953	1	699188	1	388.731	1	1262.7	1	3154.73	1	0.00316228	273.25	301.462
362	496.953	1	699188	1	388.731	1	1262.7	1	3154.73	1	0.01	273.251	301.463
362	496.953	1	699188	1	388.731	1	1262.7	1	3154.73	1	0.0316228	273.254	301.467
362	496.953	1	699188	1	388.731	1	1262.7	1	3154.73	1	0.1	273.265	301.479
362	496.953	1	699188	1	388.731	1	1262.7	1	3154.73	1	0.316228	273.299	301.516
362	496.953	1	699188	1	388.731	1	1262.7	1	3154.73	1	1	273.407	301.633
362	496.953	1	699188	1	388.731	1	1262.7	1	3154.73	1	3.16228	273.748	302.001
362	496.953	1	699188	1	388.731	1	1262.7	1	3154.73	1	10	274.809	303.148
362	496.953	1	699188	1	388.731	1	1262.7	1	3154.73	1	31.6228	278.038	306.621
362	496.953	1	699188	1	388.731	1	1262.7	1	3154.73	1	100	287.237	316.463
363	547.725	1	706307	1	345.433	1	1342.48	1	2146.89	1	0	273.249	301.462
363	547.725	1	706307	1	345.433	1	1342.48	1	2146.89	1	0.001	273.25	301.462
363	547.725	1	706307	1	345.433	1	1342.48	1	2146.89	1	0.00316228	273.25	301.462
363	547.725	1	706307	1	345.433	1	1342.48	1	2146.89	1	0.01	273.251	301.463
363	547.725	1	706307	1	345.433	1	1342.48	1	2146.89	1	0.0316228	273.255	301.467
363	547.725	1	706307	1	345.433	1	1342.48	1	2146.89	1	0.1	273.266	301.48
363	547.725	1	706307	1	345.433	1	1342.48	1	2146.89	1	0.316228	273.301	301.519
363	547.725	1	706307	1	345.433	1	1342.48	1	2146.89	1	1	273.412	301.641
363	547.725	1	706307	1	345.433	1	1342.48	1	2146.89	1	3.16228	273.761	302.028
363	547.725	1	706307	1	345.433	1	1342.48	1	2146.89	1	10	274.85	303.231
363	547.725	1	706307	1	345.433	1	1342.48	1	2146.89	1	31.6228	278.144	306.849
363	547.725	1	706307	1	345.433	1	1342.48	1	2146.89	1	100	287.421	316.967
364	529.826	1	1.41735e+06	1	782.486	1	916.239	1	3986.71	1	0	273.249	301.462
364	529.826	1	1.41735e+06	1	782.486	1	916.239	1	3986.71	1	0.001	273.25	301.462
364	529.826	1	1.41735e+06	1	782.486	1	916.239	1	3986.71	1	0.00316228	273.25	301.462
364	529.826	1	1.41735e+06	1	782.486	1	916.239	1	3986.71	1	0.01	273.251	301.463
364	529.826	1	1.41735e+06	1	782.486	1	916.239	1	3986.71	1	0.0316228	273.254	301.466
364	529.826	1	1.41735e+06	1	782.486	1	916.239	1	3986.71	1	0.1	273.263	301.476
364	529.826	1	1.41735e+06	1	782.486	1	916.239	1	3986.71	1	0.316228	273.294	301.507
364	529.826	1	1.41735e+06	1	782.486	1	916.239	1	3986.71	1	1	273.39	301.604
364	529.826	1	1.41735e+06	1	782.486	1	916.239	1	3986.71	1	3.16228	273.692	301.91
364	529.826	1	1.41735e+06	1	782.486	1	916.239	1	3986.71	1	10	274.639	302.872
364	529.826	1	1.41735e+06	1	782.486	1	916.239	1	3986.71	1	31.6228	277.556	305.833
364	529.826	1	1.41735e+06	1	782.486	1	916.239	1	3986.71	1	100	286.081	314.483
365	395.957	1	396228	1	360.947	1	1277.7	1	1916.56	1	0	273.249	301.462
365	395.957	1	396228	1	360.947	1	1277.7	1	1916.56	1	0.001	273.25	301.462
365	395.957	1	396228	1	360.947	1	1277.7	1	1916.56	1	0.00316228	273.25	301.462
365	395.957	1	396228	1	360.947	1	1277.7	1	1916.56	1	0.01	273.251	301.463
365	395.957	1	396228	1	360.947	1	1277.7	1	1916.56	1	0.0316228	273.255	301.467
365	395.957	1	396228	1	360.947	1	1277.7	1	1916.56	1	0.1	273.266	301.48
365	395.957	1	396228	1	360.947	1	1277.7	1	1916.56	1	0.316228	273.303	301.519
365	395.957	1	396228	1	360.947	1	1277.7	1	1916.56	1	1	273.418	301.642
365	395.957	1	396228	1	360.947	1	1277.7	1	1916.56	1	3.16228	273.782	302.029
365	395.957	1	396228	1	360.947	1	1277.7	1	1916.56	1	10	274.914	303.235
365	395.957	1	396228	1	360.947	1	1277.7	1	1916.56	1	31.6228	278.34	306.868
365	395.957	1	396228	1	360.947	1	1277.7	1	1916.56	1	100	288.018	317.086
366	854.317	1	604478	1	318.014	1	695.923	1	1687.1	1	0	273.249	301.462
366	854.317	1	604478	1	318.014	1	695.923	1	1687.1	1	0.001	273.25	301.462
366	854.317	1	604478	1	318.014	1	695.923	1	1687.1	1	0.00316228	273.25	301.462
366	854.317	1	604478	1	318.014	1	695.923	1	1687.1	1	0.01	273.252	301.464
366	854.317	1	604478	1	318.014	1	695.923	1	1687.1	1	0.0316228	273.256	301.469
366	854.317	1	604478	1	318.014	1	695.923	1	1687.1	1	0.1	273.271	301.486
366	854.317	1	604478	1	318.014	1	695.923	1	1687.1	1	0.316228	273.317	301.538
366	854.317	1	604478	1	318.014	1	695.923	1	1687.1	1	1	273.464	301.703
366	854.317	1	604478	1	318.014	1	695.923	1	1687.1	1	3.16228	273.926	302.223
366	854.317	1	604478	1	318.014	1	695.923	1	1687.1	1	10	275.365	303.839
366	854.317	1	604478	1	318.014	1	695.923	1	1687.1	1	31.6228	279.714	308.697
366	854.317	1	604478	1	318.014	1	695.923	1	1687.1	1	100	291.846	322.175
367	445.001	1	777622	1	512.992	1	2131.67	1	6692.44	1	0	273.249	301.462
367	445.001	1	777622	1	512.992	1	2131.67	1	6692.44	1	0.001	273.25	301.462
367	445.001	1	777622	1	512.992	1	2131.67	1	6692.44	1	0.00316228	273.25	301.462
367	445.001	1	777622	1	512.992	1	2131.67	1	6692.44	1	0.01	273.251	301.463
367	445.001	1	777622	1	512.992	1	2131.67	1	6692.44	1	0.0316228	273.253	301.465
367	445.001	1	777622	1	512.992	1	2131.67	1	6692.44	1	0.1	273.261	301.474
367	445.001	1	777622	1	512.992	1	2131.67	1	6692.44	1	0.316228	273.287	301.5
367	445.001	1	777622	1	512.992	1	2131.67	1	6692.44	1	1	273.367	301.583
367	445.001	1	777622	1	512.992	1	2131.67	1	6692.44	1	3.16228	273.62	301.845
367	445.001	1	777622	1	512.992	1	2131.67	1	6692.44	1	10	274.411	302.663
367	445.001	1	777622	1	512.992	1	2131.67	1	6692.44	1	31.6228	276.827	305.159
367	445.001	1	777622	1	512.992	1	2131.67	1	6692.44	1	100	283.799	312.349
368	387.915	1	437654	1	121.808	1	656.562	1	3597.23	1	0	273.249	301.462
368	387.915	1	437654	1	121.808	1	656.562	1	3597.23	1	0.001	273.25	301.462
368	387.915	1	437654	1	121.808	1	656.562	1	3597.23	1	0.00316228	273.251	301.463
368	387.915	1	437654	1	121.808	1	656.562	1	3597.23	1	0.01	273.253	301.466
368	387.915	1	437654	1	121.808	1	656.562	1	3597.23	1	0.0316228	273.262	301.476
368	387.915	1	437654	1	121.808	1	656.562	1	3597.23	1	0.1	273.288	301.507
368	387.915	1	437654	1	121.808	1	656.562	1	3597.23	1	0.316228	273.372	301.605
368	387.915	1	437654	1	121.808	1	656.562	1	3597.23	1	1	273.636	301.915
368	387.915	1	437654	1	121.808	1	656.562	1	3597.23	1	3.16228	274.458	302.877
368	387.915	1	437654	1	121.808	1	656.562	1	3597.23	1	10	276.951	305.775
368	387.915	1	437654	1	121.808	1	656.562	1	3597.23	1	31.6228	283.994	313.905
368	387.915	1	437654	1	121.808	1	656.562	1	3597.23	1	100	301.127	333.225
369	499.024	1	1.12086e+06	1	206.614	1	3177.17	1	2906.44	1	0	273.249	301.462
369	499.024	1	1.12086e+06	1	206.614	1	3177.17	1	2906.44	1	0.001	273.25	301.462
369	499.024	1	1.12086e+06	1	206.614	1	3177.17	1	2906.44	1	0.00316228	273.25	301.462
369	499.024	1	1.12086e+06	1	206.614	1	3177.17	1	2906.44	1	0.01	273.251	301.464
369	499.024	1	1.12086e+06	1	206.614	1	3177.17	1	2906.44	1	0.0316228	273.255	301.469
369	499.024	1	1.12086e+06	1	206.614	1	3177.17	1	2906.44	1	0.1	273.268	301.484
369	499.024	1	1.12086e+06	1	206.614	1	3177.17	1	2906.44	1	0.316228	273.31	301.533
369	499.024	1	1.12086e+06	1	206.614	1	3177.17	1	2906.44	1	1	273.439	301.686
369	499.024	1	1.12086e+06	1	206.614	1	3177.17	1	2906.44	1	3.16228	273.846	302.164
369	499.024	1	1.12086e+06	1	206.614	1	3177.17	1	2906.44	1	10	275.09	303.624
369	499.024	1	1.12086e+06	1	206.614	1	3177.17	1	2906.44	1	31.6228	278.678	307.792
369	499.024	1	1.12086e+06	1	206.614	1	3177.17	1	2906.44	1	100	287.656	318.117
370	670.38	1	628731	1	494.312	1	3432.43	1	3329.88	1	0	273.249	301.462
370	670.38	1	628731	1	494.312	1	3432.43	1	3329.88	1	0.001	273.25	301.462
370	670.38	1	628731	1	494.312	1	3432.43	1	3329.88	1	0.00316228	273.25	301.462
370	670.38	1	628731	1	494.312	1	3432.43	1	3329.88	1	0.01	273.25	301.463
370	670.38	1	628731	1	494.312	1	3432.43	1	3329.88	1	0.0316228	273.253	301.465
370	670.38	1	628731	1	494.312	1	3432.43	1	3329.88	1	0.1	273.259	301.472
370	670.38	1	628731	1	494.312	1	3432.43	1	3329.88	1	0.316228	273.281	301.496
370	670.38	1	628731	1	494.312	1	3432.43	1	3329.88	1	1	273.348	301.57
370	670.38	1	628731	1	494.312	1	3432.43	1	3329.88	1	3.16228	273.56	301.804
370	670.38	1	628731	1	494.312	1	3432.43	1	3329.88	1	10	274.224	302.533
370	670.38	1	628731	1	494.312	1	3432.43	1	3329.88	1	31.6228	276.247	304.747
370	670.38	1	628731	1	494.312	1	3432.43	1	3329.88	1	100	282.035	311.044
371	454.765	1	1.6687e+06	1	348.061	1	6450.22	1	3652.56	1	0	273.249	301.462
371	454.765	1	1.6687e+06	1	348.061	1	6450.22	1	3652.56	1	0.001	273.25	301.462
371	454.765	1	1.6687e+06	1	348.061	1	6450.22	1	3652.56	1	0.00316228	273.25	301.462
371	454.765	1	1.6687e+06	1	348.061	1	6450.22	1	3652.56	1	0.01	273.251	301.463
371	454.765	1	1.6687e+06	1	348.061	1	6450.22	1	3652.56	1	0.0316228	273.253	301.466
371	454.765	1	1.6687e+06	1	348.061	1	6450.22	1	3652.56	1	0.1	273.262	301.475
371	454.765	1	1.6687e+06	1	348.061	1	6450.22	1	3652.56	1	0.316228	273.288	301.504
371	454.765	1	1.6687e+06	1	348.061	1	6450.22	1	3652.56	1	1	273.371	301.596
371	454.765	1	1.6687e+06	1	348.061	1	6450.22	1	3652.56	1	3.16228	273.631	301.883
371	454.765	1	1.6687e+06	1	348.061	1	6450.22	1	3652.56	1	10	274.439	302.773
371	454.765	1	1.6687e+06	1	348.061	1	6450.22	1	3652.56	1	31.6228	276.843	305.404
371	454.765	1	1.6687e+06	1	348.061	1	6450.22	1	3652.56	1	100	283.353	312.477
372	430.875	1	529431	1	325.17	1	1661.64	1	6123.97	1	0	273.249	301.462
372	430.875	1	529431	1	325.17	1	1661.64	1	6123.97	1	0.001	273.25	301.462
372	430.875	1	529431	1	325.17	1	1661.64	1	6123.97	1	0.00316228	273.25	301.462
372	430.875	1	529431	1	325.17	1	1661.64	1	6123.97	1	0.01	273.251	301.463
372	430.875	1	529431	1	325.17	1	1661.64	1	6123.97	1	0.0316228	273.255	301.467
372	430.875	1	529431	1	325.17	1	1661.64	1	6123.97	1	0.1	273.266	301.479
372	430.875	1	529431	1	325.17	1	1661.64	1	6123.97	1	0.316228	273.301	301.518
372	430.875	1	529431	1	325.17	1	1661.64	1	6123.97	1	1	273.411	301.639
372	430.875	1	529431	1	325.17	1	1661.64	1	6123.97	1	3.16228	273.759	302.019
372	430.875	1	529431	1	325.17	1	1661.64	1	6123.97	1	10	274.841	303.199
372	430.875	1	529431	1	325.17	1	1661.64	1	6123.97	1	31.6228	278.093	306.724
372	430.875	1	529431	1	325.17	1	1661.64	1	6123.97	1	100	287.143	316.457
373	704.104	1	1.22103e+06	1	375.742	1	1396.28	1	2183.08	1	0	273.249	301.462
373	704.104	1	1.22103e+06	1	375.742	1	1396.28	1	2183.08	1	0.001	273.25	301.462
373	704.104	1	1.22103e+06	1	375.742	1	1396.28	1	2183.08	1	0.00316228	273.25	301.462
373	704.104	1	1.22103e+06	1	375.742	1	1396.28	1	2183.08	1	0.01	273.251	301.463
373	704.104	1	1.22103e+06	1	375.742	1	1396.28	1	2183.08	1	0.0316228	273.254	301.467
373	704.104	1	1.22103e+06	1	375.742	1	1396.28	1	2183.08	1	0.1	273.264	301.478
373	704.104	1	1.22103e+06	1	375.742	1	1396.28	1	2183.08	1	0.316228	273.297	301.514
373	704.104	1	1.22103e+06	1	375.742	1	1396.28	1	2183.08	1	1	273.398	301.629
373	704.104	1	1.22103e+06	1	375.742	1	1396.28	1	2183.08	1	3.16228	273.719	301.988
373	704.104	1	1.22103e+06	1	375.742	1	1396.28	1	2183.08	1	10	274.72	303.108
373	704.104	1	1.22103e+06	1	375.742	1	1396.28	1	2183.08	1	31.6228	277.76	306.491
373	704.104	1	1.22103e+06	1	375.742	1	1396.28	1	2183.08	1	100	286.389	316.03
374	399.569	1	530436	1	250.11	1	1431.8	1	3363.01	1	0	273.249	301.462
374	399.569	1	530436	1	250.11	1	1431.8	1	3363.01	1	0.001	273.25	301.462
374	399.569	1	530436	1	250.11	1	1431.8	1	3363.01	1	0.00316228	273.25	301.462
374	399.569	1	530436	1	250.11	1	1431.8	1	3363.01	1	0.01	273.251	301.464
374	399.569	1	530436	1	250.11	1	1431.8	1	3363.01	1	0.0316228	273.256	301.469
374	399.569	1	530436	1	250.11	1	1431.8	1	3363.01	1	0.1	273.269	301.484
374	399.569	1	530436	1	250.11	1	1431.8	1	3363.01	1	0.316228	273.312	301.532
374	399.569	1	530436	1	250.11	1	1431.8	1	3363.01	1	1	273.448	301.684
374	399.569	1	530436	1	250.11	1	1431.8	1	3363.01	1	3.16228	273.875	302.159
374	399.569	1	530436	1	250.11	1	1431.8	1	3363.01	1	10	275.194	303.627
374	399.569	1	530436	1	250.11	1	1431.8	1	3363.01	1	31.6228	279.104	307.938
374	399.569	1	530436	1	250.11	1	1431.8	1	3363.01	1	100	289.485	319.295
375	411.926	1	723534	1	356.487	1	1666.36	1	2758.92	1	0	273.249	301.462
375	411.926	1	723534	1	356.487	1	1666.36	1	2758.92	1	0.001	273.25	301.462
375	411.926	1	723534	1	356.487	1	1666.36	1	2758.92	1	0.00316228	273.25	301.462
375	411.926	1	723534	1	356.487	1	1666.36	1	2758.92	1	0.01	273.251	301.463
375	411.926	1	723534	1	356.487	1	1666.36	1	2758.92	1	0.0316228	273.254	301.467
375	411.926	1	723534	1	356.487	1	1666.36	1	2758.92	1	0.1	273.265	301.478
375	411.926	1	723534	1	356.487	1	1666.36	1	2758.92	1	0.316228	273.299	301.514
375	411.926	1	723534	1	356.487	1	1666.36	1	2758.92	1	1	273.405	301.628
375	411.926	1	723534	1	356.487	1	1666.36	1	2758.92	1	3.16228	273.738	301.987
375	411.926	1	723534	1	356.487	1	1666.36	1	2758.92	1	10	274.777	303.102
375	411.926	1	723534	1	356.487	1	1666.36	1	2758.92	1	31.6228	277.912	306.451
375	411.926	1	723534	1	356.487	1	1666.36	1	2758.92	1	100	286.719	315.808
376	421.844	1	1.50477e+06	1	298.907	1	1846.74	1	4587.37	1	0	273.249	301.462
376	421.844	1	1.50477e+06	1	298.907	1	1846.74	1	4587.37	1	0.001	273.25	301.462
376	421.844	1	1.50477e+06	1	298.907	1	1846.74	1	4587.37	1	0.00316228	273.25	301.462
376	421.844	1	1.50477e+06	1	298.907	1	1846.74	1	4587.37	1	0.01	273.251	301.463
376	421.844	1	1.50477e+06	1	298.907	1	1846.74	1	4587.37	1	0.0316228	273.255	301.467
376	421.844	1	1.50477e+06	1	298.907	1	1846.74	1	4587.37	1	0.1	273.266	301.48
376	421.844	1	1.50477e+06	1	298.907	1	1846.74	1	4587.37	1	0.316228	273.302	301.52
376	421.844	1	1.50477e+06	1	298.907	1	1846.74	1	4587.37	1	1	273.416	301.645
376	421.844	1	1.50477e+06	1	298.907	1	1846.74	1	4587.37	1	3.16228	273.772	302.038
376	421.844	1	1.50477e+06	1	298.907	1	1846.74	1	4587.37	1	10	274.88	303.257
376	421.844	1	1.50477e+06	1	298.907	1	1846.74	1	4587.37	1	31.6228	278.188	306.871
376	421.844	1	1.50477e+06	1	298.907	1	1846.74	1	4587.37	1	100	287.111	316.547
377	855.951	1	797064	1	306.688	1	1075.34	1	2979.56	1	0	273.249	301.462
377	855.951	1	797064	1	306.688	1	1075.34	1	2979.56	1	0.001	273.25	301.462
377	855.951	1	797064	1	306.688	1	1075.34	1	2979.56	1	0.00316228	273.25	301.462
377	855.951	1	797064	1	306.688	1	1075.34	1	2979.56	1	0.01	273.251	301.464
377	855.951	1	797064	1	306.688	1	1075.34	1	2979.56	1	0.0316228	273.255	301.468
377	855.951	1	797064	1	306.688	1	1075.34	1	2979.56	1	0.1	273.267	301.482
377	855.951	1	797064	1	306.688	1	1075.34	1	2979.56	1	0.316228	273.306	301.527
377	855.951	1	797064	1	306.688	1	1075.34	1	2979.56	1	1	273.429	301.668
377	855.951	1	797064	1	306.688	1	1075.34	1	2979.56	1	3.16228	273.816	302.112
377	855.951	1	797064	1	306.688	1	1075.34	1	2979.56	1	10	275.021	303.49
377	855.951	1	797064	1	306.688	1	1075.34	1	2979.56	1	31.6228	278.652	307.616
377	855.951	1	797064	1	306.688	1	1075.34	1	2979.56	1	100	288.769	319.021
378	267.438	1	562522	1	177.04	1	735.026	1	4087.15	1	0	273.249	301.462
378	267.438	1	562522	1	177.04	1	735.026	1	4087.15	1	0.001	273.25	301.462
378	267.438	1	562522	1	177.04	1	735.026	1	4087.15	1	0.00316228	273.25	301.463
378	267.438	1	562522	1	177.04	1	735.026	1	4087.15	1	0.01	273.253	301.465
378	267.438	1	562522	1	177.04	1	735.026	1	4087.15	1	0.0316228	273.259	301.472
378	267.438	1	562522	1	177.04	1	735.026	1	4087.15	1	0.1	273.281	301.496
378	267.438	1	562522	1	177.04	1	735.026	1	4087.15	1	0.316228	273.348	301.57
378	267.438	1	562522	1	177.04	1	735.026	1	4087.15	1	1	273.56	301.804
378	267.438	1	562522	1	177.04	1	735.026	1	4087.15	1	3.16228	274.224	302.537
378	267.438	1	562522	1	177.04	1	735.026	1	4087.15	1	10	276.266	304.78
378	267.438	1	562522	1	177.04	1	735.026	1	4087.15	1	31.6228	282.223	311.28
378	267.438	1	562522	1	177.04	1	735.026	1	4087.15	1	100	297.677	327.908
379	322.677	1	390732	1	469.351	1	517.253	1	4606.21	1	0	273.249	301.462
379	322.677	1	390732	1	469.351	1	517.253	1	4606.21	1	0.001	273.25	301.462
379	322.677	1	390732	1	469.351	1	517.253	1	4606.21	1	0.00316228	273.25	301.462
379	322.677	1	390732	1	469.351	1	517.253	1	4606.21	1	0.01	273.252	301.464
379	322.677	1	390732	1	469.351	1	517.253	1	4606.21	1	0.0316228	273.257	301.469
379	322.677	1	390732	1	469.351	1	517.253	1	4606.21	1	0.1	273.274	301.486
379	322.677	1	390732	1	469.351	1	517.253	1	4606.21	1	0.316228	273.326	301.539
379	322.677	1	390732	1	469.351	1	517.253	1	4606.21	1	1	273.491	301.707
379	322.677	1	390732	1	469.351	1	517.253	1	4606.21	1	3.16228	274.009	302.234
379	322.677	1	390732	1	469.351	1	517.253	1	4606.21	1	10	275.626	303.878
379	322.677	1	390732	1	469.351	1	517.253	1	4606.21	1	31.6228	280.509	308.847
379	322.677	1	390732	1	469.351	1	517.253	1	4606.21	1	100	294.598	323.198
380	678.428	1	707963	1	369.083	1	786.645	1	2365.25	1	0	273.249	301.462
380	678.428	1	707963	1	369.083	1	786.645	1	2365.25	1	0.001	273.25	301.462
380	678.428	1	707963	1	369.083	1	786.645	1	2365.25	1	0.00316228	273.25	301.462
380	678.428	1	707963	1	369.083	1	786.645	1	2365.25	1	0.01	273.251	301.464
380	678.428	1	707963	1	369.083	1	786.645	1	2365.25	1	0.0316228	273.256	301.468
380	678.428	1	707963	1	369.083	1	786.645	1	2365.25	1	0.1	273.269	301.483
380	678.428	1	707963	1	369.083	1	786.645	1	2365.25	1	0.316228	273.31	301.529
380	678.428	1	707963	1	369.083	1	786.645	1	2365.25	1	1	273.442	301.674
380	678.428	1	707963	1	369.083	1	786.645	1	2365.25	1	3.16228	273.856	302.13
380	678.428	1	707963	1	369.083	1	786.645	1	2365.25	1	10	275.148	303.554
380	678.428	1	707963	1	369.083	1	786.645	1	2365.25	1	31.6228	279.077	307.86
380	678.428	1	707963	1	369.083	1	786.645	1	2365.25	1	100	290.191	319.983
381	406.565	1	502182	1	428.919	1	3237.64	1	2976.37	1	0	273.249	301.462
381	406.565	1	502182	1	428.919	1	3237.64	1	2976.37	1	0.001	273.25	301.462
381	406.565	1	502182	1	428.919	1	3237.64	1	2976.37	1	0.00316228	273.25	301.462
381	406.565	1	502182	1	428.919	1	3237.64	1	2976.37	1	0.01	273.251	301.463
381	406.565	1	502182	1	428.919	1	3237.64	1	2976.37	1	0.0316228	273.253	301.466
381	406.565	1	502182	1	428.919	1	3237.64	1	2976.37	1	0.1	273.261	301.474
381	406.565	1	502182	1	428.919	1	3237.64	1	2976.37	1	0.316228	273.287	301.501
381	406.565	1	502182	1	428.919	1	3237.64	1	2976.37	1	1	273.369	301.587
381	406.565	1	502182	1	428.919	1	3237.64	1	2976.37	1	3.16228	273.626	301.856
381	406.565	1	502182	1	428.919	1	3237.64	1	2976.37	1	10	274.426	302.695
381	406.565	1	502182	1	428.919	1	3237.64	1	2976.37	1	31.6228	276.842	305.221
381	406.565	1	502182	1	428.919	1	3237.64	1	2976.37	1	100	283.645	312.313
382	334.605	1	1.31192e+06	1	531.186	1	1130.37	1	3141.4	1	0	273.249	301.462
382	334.605	1	1.31192e+06	1	531.186	1	1130.37	1	3141.4	1	0.001	273.25	301.462
382	334.605	1	1.31192e+06	1	531.186	1	1130.37	1	3141.4	1	0.00316228	273.25	301.462
382	334.605	1	1.31192e+06	1	531.186	1	1130.37	1	3141.4	1	0.01	273.251	301.463
382	334.605	1	1.31192e+06	1	531.186	1	1130.37	1	3141.4	1	0.0316228	273.254	301.466
382	334.605	1	1.31192e+06	1	531.186	1	1130.37	1	3141.4	1	0.1	273.265	301.477
382	334.605	1	1.31192e+06	1	531.186	1	1130.37	1	3141.4	1	0.316228	273.298	301.51
382	334.605	1	1.31192e+06	1	531.186	1	1130.37	1	3141.4	1	1	273.404	301.615
382	334.605	1	1.31192e+06	1	531.186	1	1130.37	1	3141.4	1	3.16228	273.737	301.947
382	334.605	1	1.31192e+06	1	531.186	1	1130.37	1	3141.4	1	10	274.778	302.984
382	334.605	1	1.31192e+06	1	531.186	1	1130.37	1	3141.4	1	31.6228	277.953	306.154
382	334.605	1	1.31192e+06	1	531.186	1	1130.37	1	3141.4	1	100	287.107	315.33
383	321.506	1	578120	1	533.125	1	1256.08	1	2761.14	1	0	273.249	301.462
383	321.506	1	578120	1	533.125	1	1256.08	1	2761.14	1	0.001	273.25	301.462
383	321.506	1	578120	1	533.125	1	1256.08	1	2761.14	1	0.00316228	273.25	301.462
383	321.506	1	578120	1	533.125	1	1256.08	1	2761.14	1	0.01	273.251	301.463
383	321.506	1	578120	1	533.125	1	1256.08	1	2761.14	1	0.0316228	273.254	301.466
383	321.506	1	578120	1	533.125	1	1256.08	1	2761.14	1	0.1	273.264	301.476
383	321.506	1	578120	1	533.125	1	1256.08	1	2761.14	1	0.316228	273.297	301.508
383	321.506	1	578120	1	533.125	1	1256.08	1	2761.14	1	1	273.399	301.609
383	321.506	1	578120	1	533.125	1	1256.08	1	2761.14	1	3.16228	273.72	301.926
383	321.506	1	578120	1	533.125	1	1256.08	1	2761.14	1	10	274.722	302.917
383	321.506	1	578120	1	533.125	1	1256.08	1	2761.14	1	31.6228	277.779	305.946
383	321.506	1	578120	1	533.125	1	1256.08	1	2761.14	1	100	286.584	314.72
384	858.288	1	764782	1	523.762	1	313.53	1	2220.34	1	0	273.249	301.462
384	858.288	1	764782	1	523.762	1	313.53	1	2220.34	1	0.001	273.25	301.462
384	858.288	1	764782	1	523.762	1	313.53	1	2220.34	1	0.00316228	273.25	301.463
384	858.288	1	764782	1	523.762	1	313.53	1	2220.34	1	0.01	273.253	301.465
384	858.288	1	764782	1	523.762	1	313.53	1	2220.34	1	0.0316228	273.259	301.472
384	858.288	1	764782	1	523.762	1	313.53	1	2220.34	1	0.1	273.28	301.494
384	858.288	1	764782	1	523.762	1	313.53	1	2220.34	1	0.316228	273.347	301.565
384	858.288	1	764782	1	523.762	1	313.53	1	2220.34	1	1	273.557	301.79
384	858.288	1	764782	1	523.762	1	313.53	1	2220.34	1	3.16228	274.218	302.494
384	858.288	1	764782	1	523.762	1	313.53	1	2220.34	1	10	276.264	304.673
384	858.288	1	764782	1	523.762	1	313.53	1	2220.34	1	31.6228	282.328	311.128
384	858.288	1	764782	1	523.762	1	313.53	1	2220.34	1	100	299.765	329.646
385	1506.54	1	424356	1	552.397	1	922.906	1	1671.27	1	0	273.249	301.462
385	1506.54	1	424356	1	552.397	1	922.906	1	1671.27	1	0.001	273.25	301.462
385	1506.54	1	424356	1	552.397	1	922.906	1	1671.27	1	0.00316228	273.25	301.462
385	1506.54	1	424356	1	552.397	1	922.906	1	1671.27	1	0.01	273.251	301.463
385	1506.54	1	424356	1	552.397	1	922.906	1	1671.27	1	0.0316228	273.254	301.467
385	1506.54	1	424356	1	552.397	1	922.906	1	1671.27	1	0.1	273.264	301.478
385	1506.54	1	424356	1	552.397	1	922.906	1	1671.27	1	0.316228	273.295	301.512
385	1506.54	1	424356	1	552.397	1	922.906	1	1671.27	1	1	273.392	301.621
385	1506.54	1	424356	1	552.397	1	922.906	1	1671.27	1	3.16228	273.701	301.965
385	1506.54	1	424356	1	552.397	1	922.906	1	1671.27	1	10	274.667	303.041
385	1506.54	1	424356	1	552.397	1	922.906	1	1671.27	1	31.6228	277.636	306.341
385	1506.54	1	424356	1	552.397	1	922.906	1	1671.27	1	100	286.272	315.896
386	453.469	1	766694	1	526.449	1	2049.46	1	3558.21	1	0	273.249	301.462
386	453.469	1	766694	1	526.449	1	2049.46	1	3558.21	1	0.001	273.25	301.462
386	453.469	1	766694	1	526.449	1	2049.46	1	3558.21	1	0.00316228	273.25	301.462
386	453.469	1	766694	1	526.449	1	2049.46	1	3558.21	1	0.01	273.251	301.463
386	453.469	1	766694	1	526.449	1	2049.46	1	3558.21	1	0.0316228	273.253	301.465
386	453.469	1	766694	1	526.449	1	2049.46	1	3558.21	1	0.1	273.261	301.474
386	453.469	1	766694	1	526.449	1	2049.46	1	3558.21	1	0.316228	273.286	301.5
386	453.469	1	766694	1	526.449	1	2049.46	1	3558.21	1	1	273.367	301.583
386	453.469	1	766694	1	526.449	1	2049.46	1	3558.21	1	3.16228	273.619	301.844
386	453.469	1	766694	1	526.449	1	2049.46	1	3558.21	1	10	274.408	302.66
386	453.469	1	766694	1	526.449	1	2049.46	1	3558.21	1	31.6228	276.821	305.151
386	453.469	1	766694	1	526.449	1	2049.46	1	3558.21	1	100	283.803	312.35
387	289.496	1	1.42473e+06	1	198.011	1	2489.51	1	2870.86	1	0	273.249	301.462
387	289.496	1	1.42473e+06	1	198.011	1	2489.51	1	2870.86	1	0.001	273.25	301.462
387	289.496	1	1.42473e+06	1	198.011	1	2489.51	1	2870.86	1	0.00316228	273.25	301.462
387	289.496	1	1.42473e+06	1	198.011	1	2489.51	1	2870.86	1	0.01	273.252	301.464
387	289.496	1	1.42473e+06	1	198.011	1	2489.51	1	2870.86	1	0.0316228	273.256	301.469
387	289.496	1	1.42473e+06	1	198.011	1	2489.51	1	2870.86	1	0.1	273.271	301.486
387	289.496	1	1.42473e+06	1	198.011	1	2489.51	1	2870.86	1	0.316228	273.319	301.539
387	289.496	1	1.42473e+06	1	198.011	1	2489.51	1	2870.86	1	1	273.468	301.705
387	289.496	1	1.42473e+06	1	198.011	1	2489.51	1	2870.86	1	3.16228	273.934	302.226
387	289.496	1	1.42473e+06	1	198.011	1	2489.51	1	2870.86	1	10	275.361	303.813
387	289.496	1	1.42473e+06	1	198.011	1	2489.51	1	2870.86	1	31.6228	279.472	308.344
387	289.496	1	1.42473e+06	1	198.011	1	2489.51	1	2870.86	1	100	289.765	319.561
388	497.361	1	597438	1	363.648	1	570.347	1	3376.56	1	0	273.249	301.462
388	497.361	1	597438	1	363.648	1	570.347	1	3376.56	1	0.001	273.25	301.462
388	497.361	1	597438	1	363.648	1	570.347	1	3376.56	1	0.00316228	273.25	301.462
388	497.361	1	597438	1	363.648	1	570.347	1	3376.56	1	0.01	273.252	301.464
388	497.361	1	597438	1	363.648	1	570.347	1	3376.56	1	0.0316228	273.257	301.47
388	497.361	1	597438	1	363.648	1	570.347	1	3376.56	1	0.1	273.273	301.487
388	497.361	1	597438	1	363.648	1	570.347	1	3376.56	1	0.316228	273.324	301.542
388	497.361	1	597438	1	363.648	1	570.347	1	3376.56	1	1	273.484	301.714
388	497.361	1	597438	1	363.648	1	570.347	1	3376.56	1	3.16228	273.99	302.258
388	497.361	1	597438	1	363.648	1	570.347	1	3376.56	1	10	275.566	303.95
388	497.361	1	597438	1	363.648	1	570.347	1	3376.56	1	31.6228	280.334	309.053
388	497.361	1	597438	1	363.648	1	570.347	1	3376.56	1	100	293.962	323.566
389	268.428	1	1.21708e+06	1	303.172	1	997.626	1	1570.6	1	0	273.249	301.462
389	268.428	1	1.21708e+06	1	303.172	1	997.626	1	1570.6	1	0.001	273.25	301.462
389	268.428	1	1.21708e+06	1	303.172	1	997.626	1	1570.6	1	0.00316228	273.25	301.462
389	268.428	1	1.21708e+06	1	303.172	1	997.626	1	1570.6	1	0.01	273.252	301.464
389	268.428	1	1.21708e+06	1	303.172	1	997.626	1	1570.6	1	0.0316228	273.256	301.469
389	268.428	1	1.21708e+06	1	303.172	1	997.626	1	1570.6	1	0.1	273.271	301.484
389	268.428	1	1.21708e+06	1	303.172	1	997.626	1	1570.6	1	0.316228	273.317	301.532
389	268.428	1	1.21708e+06	1	303.172	1	997.626	1	1570.6	1	1	273.463	301.684
389	268.428	1	1.21708e+06	1	303.172	1	997.626	1	1570.6	1	3.16228	273.923	302.161
389	268.428	1	1.21708e+06	1	303.172	1	997.626	1	1570.6	1	10	275.351	303.643
389	268.428	1	1.21708e+06	1	303.172	1	997.626	1	1570.6	1	31.6228	279.627	308.07
389	268.428	1	1.21708e+06	1	303.172	1	997.626	1	1570.6	1	100	291.45	320.296
390	456.903	1	3.5541e+07	1	406.948	1	2217.11	1	2238.29	1	0	273.249	301.462
390	456.903	1	3.5541e+07	1	406.948	1	2217.11	1	2238.29	1	0.001	273.25	301.462
390	456.903	1	3.5541e+07	1	406.948	1	2217.11	1	2238.29	1	0.00316228	273.25	301.462
390	456.903	1	3.5541e+07	1	406.948	1	2217.11	1	2238.29	1	0.01	273.251	301.463
390	456.903	1	3.5541e+07	1	406.948	1	2217.11	1	2238.29	1	0.0316228	273.254	301.466
390	456.903	1	3.5541e+07	1	406.948	1	2217.11	1	2238.29	1	0.1	273.263	301.476
390	456.903	1	3.5541e+07	1	406.948	1	2217.11	1	2238.29	1	0.316228	273.291	301.506
390	456.903	1	3.5541e+07	1	406.948	1	2217.11	1	2238.29	1	1	273.381	301.602
390	456.903	1	3.5541e+07	1	406.948	1	2217.11	1	2238.29	1	3.16228	273.663	301.905
390	456.903	1	3.5541e+07	1	406.948	1	2217.11	1	2238.29	1	10	274.544	302.849
390	456.903	1	3.5541e+07	1	406.948	1	2217.11	1	2238.29	1	31.6228	277.211	305.695
390	456.903	1	3.5541e+07	1	406.948	1	2217.11	1	2238.29	1	100	284.766	313.717
391	366.029	1	1.19744e+06	1	392.292	1	1372.59	1	1624.23	1	0	273.249	301.462
391	366.029	1	1.19744e+06	1	392.292	1	1372.59	1	1624.23	1	0.001	273.25	301.462
391	366.029	1	1.19744e+06	1	392.292	1	1372.59	1	1624.23	1	0.00316228	273.25	301.462
391	366.029	1	1.19744e+06	1	392.292	1	1372.59	1	1624.23	1	0.01	273.251	301.463
391	366.029	1	1.19744e+06	1	392.292	1	1372.59	1	1624.23	1	0.0316228	273.255	301.467
391	366.029	1	1.19744e+06	1	392.292	1	1372.59	1	1624.23	1	0.1	273.266	301.478
391	366.029	1	1.19744e+06	1	392.292	1	1372.59	1	1624.23	1	0.316228	273.3	301.515
391	366.029	1	1.19744e+06	1	392.292	1	1372.59	1	1624.23	1	1	273.41	301.63
391	366.029	1	1.19744e+06	1	392.292	1	1372.59	1	1624.23	1	3.16228	273.756	301.991
391	366.029	1	1.19744e+06	1	392.292	1	1372.59	1	1624.23	1	10	274.834	303.117
391	366.029	1	1.19744e+06	1	392.292	1	1372.59	1	1624.23	1	31.6228	278.101	306.523
391	366.029	1	1.19744e+06	1	392.292	1	1372.59	1	1624.23	1	100	287.372	316.171
392	511.982	1	800057	1	169.509	1	1954.63	1	5165.58	1	0	273.249	301.462
392	511.982	1	800057	1	169.509	1	1954.63	1	5165.58	1	0.001	273.25	301.462
392	511.982	1	800057	1	169.509	1	1954.63	1	5165.58	1	0.00316228	273.25	301.462
392	511.982	1	800057	1	169.509	1	1954.63	1	5165.58	1	0.01	273.252	301.464
392	511.982	1	800057	1	169.509	1	1954.63	1	5165.58	1	0.0316228	273.257	301.47
392	511.982	1	800057	1	169.509	1	1954.63	1	5165.58	1	0.1	273.273	301.49
392	511.982	1	800057	1	169.509	1	1954.63	1	5165.58	1	0.316228	273.324	301.551
392	511.982	1	800057	1	169.509	1	1954.63	1	5165.58	1	1	273.485	301.743
392	511.982	1	800057	1	169.509	1	1954.63	1	5165.58	1	3.16228	273.987	302.341
392	511.982	1	800057	1	169.509	1	1954.63	1	5165.58	1	10	275.519	304.157
392	511.982	1	800057	1	169.509	1	1954.63	1	5165.58	1	31.6228	279.891	309.302
392	511.982	1	800057	1	169.509	1	1954.63	1	5165.58	1	100	290.526	321.627
393	199.51	1	914560	1	520.216	1	789.754	1	2718.01	1	0	273.249	301.462
393	199.51	1	914560	1	520.216	1	789.754	1	2718.01	1	0.001	273.25	301.462
393	199.51	1	914560	1	520.216	1	789.754	1	2718.01	1	0.00316228	273.25	301.462
393	199.51	1	914560	1	520.216	1	789.754	1	2718.01	1	0.01	273.251	301.463
393	199.51	1	914560	1	520.216	1	789.754	1	2718.01	1	0.0316228	273.256	301.468
393	199.51	1	914560	1	520.216	1	789.754	1	2718.01	1	0.1	273.27	301.481
393	199.51	1	914560	1	520.216	1	789.754	1	2718.01	1	0.316228	273.315	301.522
393	199.51	1	914560	1	520.216	1	789.754	1	2718.01	1	1	273.455	301.653
393	199.51	1	914560	1	520.216	1	789.754	1	2718.01	1	3.16228	273.897	302.065
393	199.51	1	914560	1	520.216	1	789.754	1	2718.01	1	10	275.271	303.351
393	199.51	1	914560	1	520.216	1	789.754	1	2718.01	1	31.6228	279.407	307.261
393	199.51	1	914560	1	520.216	1	789.754	1	2718.01	1	100	290.987	318.424
394	598.627	1	767080	1	324.653	1	884.586	1	2274.75	1	0	273.249	301.462
394	598.627	1	767080	1	324.653	1	884.586	1	2274.75	1	0.001	273.25	301.462
394	598.627	1	767080	1	324.653	1	884.586	1	2274.75	1	0.00316228	273.25	301.462
394	598.627	1	767080	1	324.653	1	884.586	1	2274.75	1	0.01	273.251	301.464
394	598.627	1	767080	1	324.653	1	884.586	1	2274.75	1	0.0316228	273.256	301.468
394	598.627	1	767080	1	324.653	1	884.586	1	2274.75	1	0.1	273.269	301.483
394	598.627	1	767080	1	324.653	1	884.586	1	2274.75	1	0.316228	273.311	301.53
394	598.627	1	767080	1	324.653	1	884.586	1	2274.75	1	1	273.444	301.678
394	598.627	1	767080	1	324.653	1	884.586	1	2274.75	1	3.16228	273.864	302.144
394	598.627	1	767080	1	324.653	1	884.586	1	2274.75	1	10	275.172	303.593
394	598.627	1	767080	1	324.653	1	884.586	1	2274.75	1	31.6228	279.127	307.952
394	598.627	1	767080	1	324.653	1	884.586	1	2274.75	1	100	290.225	320.096
395	515.837	1	773067	1	502.259	1	1651.7	1	3058.56	1	0	273.249	301.462
395	515.837	1	773067	1	502.259	1	1651.7	1	3058.56	1	0.001	273.25	301.462
395	515.837	1	773067	1	502.259	1	1651.7	1	3058.56	1	0.00316228	273.25	301.462
395	515.837	1	773067	1	502.259	1	1651.7	1	3058.56	1	0.01	273.251	301.463
395	515.837	1	773067	1	502.259	1	1651.7	1	3058.56	1	0.0316228	273.253	301.466
395	515.837	1	773067	1	502.259	1	1651.7	1	3058.56	1	0.1	273.262	301.475
395	515.837	1	773067	1	502.259	1	1651.7	1	3058.56	1	0.316228	273.289	301.504
395	515.837	1	773067	1	502.259	1	1651.7	1	3058.56	1	1	273.375	301.595
395	515.837	1	773067	1	502.259	1	1651.7	1	3058.56	1	3.16228	273.647	301.882
395	515.837	1	773067	1	502.259	1	1651.7	1	3058.56	1	10	274.495	302.779
395	515.837	1	773067	1	502.259	1	1651.7	1	3058.56	1	31.6228	277.094	305.518
395	515.837	1	773067	1	502.259	1	1651.7	1	3058.56	1	100	284.627	313.431
396	925.926	1	891594	1	684.08	1	2266.73	1	4016.7	1	0	273.249	301.462
396	925.926	1	891594	1	684.08	1	2266.73	1	4016.7	1	0.001	273.25	301.462
396	925.926	1	891594	1	684.08	1	2266.73	1	4016.7	1	0.00316228	273.25	301.462
396	925.926	1	891594	1	684.08	1	2266.73	1	4016.7	1	0.01	273.25	301.463
396	925.926	1	891594	1	684.08	1	2266.73	1	4016.7	1	0.0316228	273.252	301.465
396	925.926	1	891594	1	684.08	1	2266.73	1	4016.7	1	0.1	273.258	301.471
396	925.926	1	891594	1	684.08	1	2266.73	1	4016.7	1	0.316228	273.277	301.492
396	925.926	1	891594	1	684.08	1	2266.73	1	4016.7	1	1	273.338	301.558
396	925.926	1	891594	1	684.08	1	2266.73	1	4016.7	1	3.16228	273.529	301.766
396	925.926	1	891594	1	684.08	1	2266.73	1	4016.7	1	10	274.129	302.419
396	925.926	1	891594	1	684.08	1	2266.73	1	4016.7	1	31.6228	275.983	304.43
396	925.926	1	891594	1	684.08	1	2266.73	1	4016.7	1	100	281.462	310.332
397	343.78	1	1.3981e+06	1	755.083	1	2170.09	1	3156.84	1	0	273.249	301.462
397	343.78	1	1.3981e+06	1	755.083	1	2170.09	1	3156.84	1	0.001	273.25	301.462
397	343.78	1	1.3981e+06	1	755.083	1	2170.09	1	3156.84	1	0.00316228	273.25	301.462
397	343.78	1	1.3981e+06	1	755.083	1	2170.09	1	3156.84	1	0.01	273.25	301.463
397	343.78	1	1.3981e+06	1	755.083	1	2170.09	1	3156.84	1	0.0316228	273.253	301.465
397	343.78	1	1.3981e+06	1	755.083	1	2170.09	1	3156.84	1	0.1	273.26	301.471
397	343.78	1	1.3981e+06	1	755.083	1	2170.09	1	3156.84	1	0.316228	273.283	301.493
397	343.78	1	1.3981e+06	1	755.083	1	2170.09	1	3156.84	1	1	273.355	301.56
397	343.78	1	1.3981e+06	1	755.083	1	2170.09	1	3156.84	1	3.16228	273.582	301.772
397	343.78	1	1.3981e+06	1	755.083	1	2170.09	1	3156.84	1	10	274.292	302.437
397	343.78	1	1.3981e+06	1	755.083	1	2170.09	1	3156.84	1	31.6228	276.462	304.484
397	343.78	1	1.3981e+06	1	755.083	1	2170.09	1	3156.84	1	100	282.779	310.504
398	458.841	1	631459	1	760.474	1	1060.75	1	2706.81	1	0	273.249	301.462
398	458.841	1	631459	1	760.474	1	1060.75	1	2706.81	1	0.001	273.25	301.462
398	458.841	1	631459	1	760.474	1	1060.75	1	2706.81	1	0.00316228	273.25	301.462
398	458.841	1	631459	1	760.474	1	1060.75	1	2706.81	1	0.01	273.251	301.463
398	458.841	1	631459	1	760.474	1	1060.75	1	2706.81	1	0.0316228	273.254	301.466
398	458.841	1	631459	1	760.474	1	1060.75	1	2706.81	1	0.1	273.263	301.475
398	458.841	1	631459	1	760.474	1	1060.75	1	2706.81	1	0.316228	273.292	301.504
398	458.841	1	631459	1	760.474	1	1060.75	1	2706.81	1	1	273.383	301.595
398	458.841	1	631459	1	760.474	1	1060.75	1	2706.81	1	3.16228	273.67	301.882
398	458.841	1	631459	1	760.474	1	1060.75	1	2706.81	1	10	274.572	302.783
398	458.841	1	631459	1	760.474	1	1060.75	1	2706.81	1	31.6228	277.347	305.56
398	458.841	1	631459	1	760.474	1	1060.75	1	2706.81	1	100	285.478	313.707
399	375.856	1	4.22552e+06	1	413.959	1	2285.89	1	2029.85	1	0	273.249	301.462
399	375.856	1	4.22552e+06	1	413.959	1	2285.89	1	2029.85	1	0.001	273.25	301.462
399	375.856	1	4.22552e+06	1	413.959	1	2285.89	1	2029.85	1	0.00316228	273.25	301.462
399	375.856	1	4.22552e+06	1	413.959	1	2285.89	1	2029.85	1	0.01	273.251	301.463
399	375.856	1	4.22552e+06	1	413.959	1	2285.89	1	2029.85	1	0.0316228	273.254	301.466
399	375.856	1	4.22552e+06	1	413.959	1	2285.89	1	2029.85	1	0.1	273.263	301.476
399	375.856	1	4.22552e+06	1	413.959	1	2285.89	1	2029.85	1	0.316228	273.292	301.506
399	375.856	1	4.22552e+06	1	413.959	1	2285.89	1	2029.85	1	1	273.383	301.601
399	375.856	1	4.22552e+06	1	413.959	1	2285.89	1	2029.85	1	3.16228	273.672	301.902
399	375.856	1	4.22552e+06	1	413.959	1	2285.89	1	2029.85	1	10	274.57	302.837
399	375.856	1	4.22552e+06	1	413.959	1	2285.89	1	2029.85	1	31.6228	277.286	305.659
399	375.856	1	4.22552e+06	1	413.959	1	2285.89	1	2029.85	1	100	284.956	313.617
400	346.353	1	1.92859e+06	1	393.273	1	1281.15	1	2993.84	1	0	273.249	301.462
400	346.353	1	1.92859e+06	1	393.273	1	1281.15	1	2993.84	1	0.001	273.25	301.462
400	346.353	1	1.92859e+06	1	393.273	1	1281.15	1	2993.84	1	0.00316228	273.25	301.462
400	346.353	1	1.92859e+06	1	393.273	1	1281.15	1	2993.84	1	0.01	273.251	301.463
400	346.353	1	1.92859e+06	1	393.273	1	1281.15	1	2993.84	1	0.0316228	273.255	301.467
400	346.353	1	1.92859e+06	1	393.273	1	1281.15	1	2993.84	1	0.1	273.266	301.479
400	346.353	1	1.92859e+06	1	393.273	1	1281.15	1	2993.84	1	0.316228	273.302	301.516
400	346.353	1	1.92859e+06	1	393.273	1	1281.15	1	2993.84	1	1	273.415	301.633
400	346.353	1	1.92859e+06	1	393.273	1	1281.15	1	2993.84	1	3.16228	273.771	302.003
400	346.353	1	1.92859e+06	1	393.273	1	1281.15	1	2993.84	1	10	274.882	303.155
400	346.353	1	1.92859e+06	1	393.273	1	1281.15	1	2993.84	1	31.6228	278.249	306.64
400	346.353	1	1.92859e+06	1	393.273	1	1281.15	1	2993.84	1	100	287.8	316.517
401	393.707	1	1.16218e+06	1	469.429	1	1162.94	1	6190.28	1	0	273.249	301.462
401	393.707	1	1.16218e+06	1	469.429	1	1162.94	1	6190.28	1	0.001	273.25	301.462
401	393.707	1	1.16218e+06	1	469.429	1	1162.94	1	6190.28	1	0.00316228	273.25	301.462
401	393.707	1	1.16218e+06	1	469.429	1	1162.94	1	6190.28	1	0.01	273.251	301.463
401	393.707	1	1.16218e+06	1	469.429	1	1162.94	1	6190.28	1	0.0316228	273.254	301.467
401	393.707	1	1.16218e+06	1	469.429	1	1162.94	1	6190.28	1	0.1	273.265	301.478
401	393.707	1	1.16218e+06	1	469.429	1	1162.94	1	6190.28	1	0.316228	273.299	301.512
401	393.707	1	1.16218e+06	1	469.429	1	1162.94	1	6190.28	1	1	273.405	301.622
401	393.707	1	1.16218e+06	1	469.429	1	1162.94	1	6190.28	1	3.16228	273.739	301.967
401	393.707	1	1.16218e+06	1	469.429	1	1162.94	1	6190.28	1	10	274.784	303.044
401	393.707	1	1.16218e+06	1	469.429	1	1162.94	1	6190.28	1	31.6228	277.973	306.33
401	393.707	1	1.16218e+06	1	469.429	1	1162.94	1	6190.28	1	100	287.153	315.781
402	508.867	1	1.36242e+06	1	241.292	1	840.866	1	2365.96	1	0	273.249	301.462
402	508.867	1	1.36242e+06	1	241.292	1	840.866	1	2365.96	1	0.001	273.25	301.462
402	508.867	1	1.36242e+06	1	241.292	1	840.866	1	2365.96	1	0.00316228	273.25	301.462
402	508.867	1	1.36242e+06	1	241.292	1	840.866	1	2365.96	1	0.01	273.252	301.464
402	508.867	1	1.36242e+06	1	241.292	1	840.866	1	2365.96	1	0.0316228	273.257	301.47
402	508.867	1	1.36242e+06	1	241.292	1	840.866	1	2365.96	1	0.1	273.273	301.488
402	508.867	1	1.36242e+06	1	241.292	1	840.866	1	2365.96	1	0.316228	273.324	301.545
402	508.867	1	1.36242e+06	1	241.292	1	840.866	1	2365.96	1	1	273.484	301.726
402	508.867	1	1.36242e+06	1	241.292	1	840.866	1	2365.96	1	3.16228	273.987	302.294
402	508.867	1	1.36242e+06	1	241.292	1	840.866	1	2365.96	1	10	275.547	304.047
402	508.867	1	1.36242e+06	1	241.292	1	840.866	1	2365.96	1	31.6228	280.191	309.226
402	508.867	1	1.36242e+06	1	241.292	1	840.866	1	2365.96	1	100	292.769	323.135
403	422.281	1	1.34546e+06	1	319.005	1	1066.01	1	4613.25	1	0	273.249	301.462
403	422.281	1	1.34546e+06	1	319.005	1	1066.01	1	4613.25	1	0.001	273.25	301.462
403	422.281	1	1.34546e+06	1	319.005	1	1066.01	1	4613.25	1	0.00316228	273.25	301.462
403	422.281	1	1.34546e+06	1	319.005	1	1066.01	1	4613.25	1	0.01	273.251	301.464
403	422.281	1	1.34546e+06	1	319.005	1	1066.01	1	4613.25	1	0.0316228	273.255	301.468
403	422.281	1	1.34546e+06	1	319.005	1	1066.01	1	4613.25	1	0.1	273.268	301.482
403	422.281	1	1.34546e+06	1	319.005	1	1066.01	1	4613.25	1	0.316228	273.309	301.527
403	422.281	1	1.34546e+06	1	319.005	1	1066.01	1	4613.25	1	1	273.439	301.667
403	422.281	1	1.34546e+06	1	319.005	1	1066.01	1	4613.25	1	3.16228	273.846	302.11
403	422.281	1	1.34546e+06	1	319.005	1	1066.01	1	4613.25	1	10	275.114	303.484
403	422.281	1	1.34546e+06	1	319.005	1	1066.01	1	4613.25	1	31.6228	278.938	307.606
403	422.281	1	1.34546e+06	1	319.005	1	1066.01	1	4613.25	1	100	289.639	319.06
404	578.304	1	660014	1	160.145	1	568.261	1	2428.59	1	0	273.249	301.462
404	578.304	1	660014	1	160.145	1	568.261	1	2428.59	1	0.001	273.25	301.462
404	578.304	1	660014	1	160.145	1	568.261	1	2428.59	1	0.00316228	273.25	301.463
404	578.304	1	660014	1	160.145	1	568.261	1	2428.59	1	0.01	273.253	301.465
404	578.304	1	660014	1	160.145	1	568.261	1	2428.59	1	0.0316228	273.26	301.474
404	578.304	1	660014	1	160.145	1	568.261	1	2428.59	1	0.1	273.283	301.501
404	578.304	1	660014	1	160.145	1	568.261	1	2428.59	1	0.316228	273.356	301.586
404	578.304	1	660014	1	160.145	1	568.261	1	2428.59	1	1	273.586	301.853
404	578.304	1	660014	1	160.145	1	568.261	1	2428.59	1	3.16228	274.307	302.689
404	578.304	1	660014	1	160.145	1	568.261	1	2428.59	1	10	276.519	305.243
404	578.304	1	660014	1	160.145	1	568.261	1	2428.59	1	31.6228	282.951	312.622
404	578.304	1	660014	1	160.145	1	568.261	1	2428.59	1	100	299.632	331.465
405	535.743	1	358397	1	437.82	1	1739.74	1	4726.02	1	0	273.249	301.462
405	535.743	1	358397	1	437.82	1	1739.74	1	4726.02	1	0.001	273.25	301.462
405	535.743	1	358397	1	437.82	1	1739.74	1	4726.02	1	0.00316228	273.25	301.462
405	535.743	1	358397	1	437.82	1	1739.74	1	4726.02	1	0.01	273.251	301.463
405	535.743	1	358397	1	437.82	1	1739.74	1	4726.02	1	0.0316228	273.254	301.466
405	535.743	1	358397	1	437.82	1	1739.74	1	4726.02	1	0.1	273.263	301.476
405	535.743	1	358397	1	437.82	1	1739.74	1	4726.02	1	0.316228	273.291	301.507
405	535.743	1	358397	1	437.82	1	1739.74	1	4726.02	1	1	273.381	301.604
405	535.743	1	358397	1	437.82	1	1739.74	1	4726.02	1	3.16228	273.664	301.909
405	535.743	1	358397	1	437.82	1	1739.74	1	4726.02	1	10	274.548	302.863
405	535.743	1	358397	1	437.82	1	1739.74	1	4726.02	1	31.6228	277.242	305.757
405	535.743	1	358397	1	437.82	1	1739.74	1	4726.02	1	100	284.97	314.018
406	711.771	1	1.27014e+06	1	346.769	1	783.228	1	2893.46	1	0	273.249	301.462
406	711.771	1	1.27014e+06	1	346.769	1	783.228	1	2893.46	1	0.001	273.25	301.462
406	711.771	1	1.27014e+06	1	346.769	1	783.228	1	2893.46	1	0.00316228	273.25	301.462
406	711.771	1	1.27014e+06	1	346.769	1	783.228	1	2893.46	1	0.01	273.251	301.464
406	711.771	1	1.27014e+06	1	346.769	1	783.228	1	2893.46	1	0.0316228	273.256	301.469
406	711.771	1	1.27014e+06	1	346.769	1	783.228	1	2893.46	1	0.1	273.269	301.484
406	711.771	1	1.27014e+06	1	346.769	1	783.228	1	2893.46	1	0.316228	273.312	301.531
406	711.771	1	1.27014e+06	1	346.769	1	783.228	1	2893.46	1	1	273.447	301.681
406	711.771	1	1.27014e+06	1	346.769	1	783.228	1	2893.46	1	3.16228	273.871	302.153
406	711.771	1	1.27014e+06	1	346.769	1	783.228	1	2893.46	1	10	275.195	303.622
406	711.771	1	1.27014e+06	1	346.769	1	783.228	1	2893.46	1	31.6228	279.209	308.054
406	711.771	1	1.27014e+06	1	346.769	1	783.228	1	2893.46	1	100	290.512	320.465
407	452.716	1	466639	1	558.23	1	1081.78	1	2454.06	1	0	273.249	301.462
407	452.716	1	466639	1	558.23	1	1081.78	1	2454.06	1	0.001	273.25	301.462
407	452.716	1	466639	1	558.23	1	1081.78	1	2454.06	1	0.00316228	273.25	301.462
407	452.716	1	466639	1	558.23	1	1081.78	1	2454.06	1	0.01	273.251	301.463
407	452.716	1	466639	1	558.23	1	1081.78	1	2454.06	1	0.0316228	273.254	301.466
407	452.716	1	466639	1	558.23	1	1081.78	1	2454.06	1	0.1	273.264	301.477
407	452.716	1	466639	1	558.23	1	1081.78	1	2454.06	1	0.316228	273.296	301.509
407	452.716	1	466639	1	558.23	1	1081.78	1	2454.06	1	1	273.396	301.612
407	452.716	1	466639	1	558.23	1	1081.78	1	2454.06	1	3.16228	273.712	301.938
407	452.716	1	466639	1	558.23	1	1081.78	1	2454.06	1	10	274.702	302.956
407	452.716	1	466639	1	558.23	1	1081.78	1	2454.06	1	31.6228	277.737	306.078
407	452.716	1	466639	1	558.23	1	1081.78	1	2454.06	1	100	286.56	315.143
408	703.98	1	856717	1	373.276	1	661.583	1	2881.08	1	0	273.249	301.462
408	703.98	1	856717	1	373.276	1	661.583	1	2881.08	1	0.001	273.25	301.462
408	703.98	1	856717	1	373.276	1	661.583	1	2881.08	1	0.00316228	273.25	301.462
408	703.98	1	856717	1	373.276	1	661.583	1	2881.08	1	0.01	273.252	301.464
408	703.98	1	856717	1	373.276	1	661.583	1	2881.08	1	0.0316228	273.256	301.469
408	703.98	1	856717	1	373.276	1	661.583	1	2881.08	1	0.1	273.27	301.485
408	703.98	1	856717	1	373.276	1	661.583	1	2881.08	1	0.316228	273.315	301.534
408	703.98	1	856717	1	373.276	1	661.583	1	2881.08	1	1	273.458	301.691
408	703.98	1	856717	1	373.276	1	661.583	1	2881.08	1	3.16228	273.907	302.184
408	703.98	1	856717	1	373.276	1	661.583	1	2881.08	1	10	275.309	303.723
408	703.98	1	856717	1	373.276	1	661.583	1	2881.08	1	31.6228	279.565	308.373
408	703.98	1	856717	1	373.276	1	661.583	1	2881.08	1	100	291.625	321.495
409	550.877	1	512556	1	933.361	1	855.344	1	3505.18	1	0	273.249	301.462
409	550.877	1	512556	1	933.361	1	855.344	1	3505.18	1	0.001	273.25	301.462
409	550.877	1	512556	1	933.361	1	855.344	1	3505.18	1	0.00316228	273.25	301.462
409	550.877	1	512556	1	933.361	1	855.344	1	3505.18	1	0.01	273.251	301.463
409	550.877	1	512556	1	933.361	1	855.344	1	3505.18	1	0.0316228	273.254	301.466
409	550.877	1	512556	1	933.361	1	855.344	1	3505.18	1	0.1	273.263	301.476
409	550.877	1	512556	1	933.361	1	855.344	1	3505.18	1	0.316228	273.293	301.506
409	550.877	1	512556	1	933.361	1	855.344	1	3505.18	1	1	273.388	301.601
409	550.877	1	512556	1	933.361	1	855.344	1	3505.18	1	3.16228	273.688	301.903
409	550.877	1	512556	1	933.361	1	855.344	1	3505.18	1	10	274.627	302.847
409	550.877	1	512556	1	933.361	1	855.344	1	3505.18	1	31.6228	277.519	305.758
409	550.877	1	512556	1	933.361	1	855.344	1	3505.18	1	100	285.963	314.265
410	579.165	1	833486	1	254.925	1	3426.55	1	2512.6	1	0	273.249	301.462
410	579.165	1	833486	1	254.925	1	3426.55	1	2512.6	1	0.001	273.25	301.462
410	579.165	1	833486	1	254.925	1	3426.55	1	2512.6	1	0.00316228	273.25	301.462
410	579.165	1	833486	1	254.925	1	3426.55	1	2512.6	1	0.01	273.251	301.463
410	579.165	1	833486	1	254.925	1	3426.55	1	2512.6	1	0.0316228	273.254	301.467
410	579.165	1	833486	1	254.925	1	3426.55	1	2512.6	1	0.1	273.265	301.48
410	579.165	1	833486	1	254.925	1	3426.55	1	2512.6	1	0.316228	273.3	301.52
410	579.165	1	833486	1	254.925	1	3426.55	1	2512.6	1	1	273.408	301.647
410	579.165	1	833486	1	254.925	1	3426.55	1	2512.6	1	3.16228	273.746	302.043
410	579.165	1	833486	1	254.925	1	3426.55	1	2512.6	1	10	274.791	303.261
410	579.165	1	833486	1	254.925	1	3426.55	1	2512.6	1	31.6228	277.853	306.797
410	579.165	1	833486	1	254.925	1	3426.55	1	2512.6	1	100	285.805	315.91
411	1065	1	792605	1	727.312	1	1645.49	1	2746.88	1	0	273.249	301.462
411	1065	1	792605	1	727.312	1	1645.49	1	2746.88	1	0.001	273.25	301.462
411	1065	1	792605	1	727.312	1	1645.49	1	2746.88	1	0.00316228	273.25	301.462
411	1065	1	792605	1	727.312	1	1645.49	1	2746.88	1	0.01	273.25	301.463
411	1065	1	792605	1	727.312	1	1645.49	1	2746.88	1	0.0316228	273.252	301.465
411	1065	1	792605	1	727.312	1	1645.49	1	2746.88	1	0.1	273.259	301.472
411	1065	1	792605	1	727.312	1	1645.49	1	2746.88	1	0.316228	273.28	301.495
411	1065	1	792605	1	727.312	1	1645.49	1	2746.88	1	1	273.347	301.567
411	1065	1	792605	1	727.312	1	1645.49	1	2746.88	1	3.16228	273.556	301.795
411	1065	1	792605	1	727.312	1	1645.49	1	2746.88	1	10	274.214	302.511
411	1065	1	792605	1	727.312	1	1645.49	1	2746.88	1	31.6228	276.252	304.723
411	1065	1	792605	1	727.312	1	1645.49	1	2746.88	1	100	282.305	311.249
412	682.713	1	1.36887e+06	1	301.562	1	1493.86	1	2811.17	1	0	273.249	301.462
412	682.713	1	1.36887e+06	1	301.562	1	1493.86	1	2811.17	1	0.001	273.25	301.462
412	682.713	1	1.36887e+06	1	301.562	1	1493.86	1	2811.17	1	0.00316228	273.25	301.462
412	682.713	1	1.36887e+06	1	301.562	1	1493.86	1	2811.17	1	0.01	273.251	301.463
412	682.713	1	1.36887e+06	1	301.562	1	1493.86	1	2811.17	1	0.0316228	273.255	301.468
412	682.713	1	1.36887e+06	1	301.562	1	1493.86	1	2811.17	1	0.1	273.266	301.481
412	682.713	1	1.36887e+06	1	301.562	1	1493.86	1	2811.17	1	0.316228	273.302	301.522
412	682.713	1	1.36887e+06	1	301.562	1	1493.86	1	2811.17	1	1	273.415	301.651
412	682.713	1	1.36887e+06	1	301.562	1	1493.86	1	2811.17	1	3.16228	273.77	302.058
412	682.713	1	1.36887e+06	1	301.562	1	1493.86	1	2811.17	1	10	274.875	303.32
412	682.713	1	1.36887e+06	1	301.562	1	1493.86	1	2811.17	1	31.6228	278.191	307.077
412	682.713	1	1.36887e+06	1	301.562	1	1493.86	1	2811.17	1	100	287.352	317.368
413	882.908	1	1.26731e+06	1	325.062	1	5039.96	1	2827.04	1	0	273.249	301.462
413	882.908	1	1.26731e+06	1	325.062	1	5039.96	1	2827.04	1	0.001	273.25	301.462
413	882.908	1	1.26731e+06	1	325.062	1	5039.96	1	2827.04	1	0.00316228	273.25	301.462
413	882.908	1	1.26731e+06	1	325.062	1	5039.96	1	2827.04	1	0.01	273.251	301.463
413	882.908	1	1.26731e+06	1	325.062	1	5039.96	1	2827.04	1	0.0316228	273.253	301.466
413	882.908	1	1.26731e+06	1	325.062	1	5039.96	1	2827.04	1	0.1	273.261	301.476
413	882.908	1	1.26731e+06	1	325.062	1	5039.96	1	2827.04	1	0.316228	273.287	301.507
413	882.908	1	1.26731e+06	1	325.062	1	5039.96	1	2827.04	1	1	273.369	301.604
413	882.908	1	1.26731e+06	1	325.062	1	5039.96	1	2827.04	1	3.16228	273.625	301.909
413	882.908	1	1.26731e+06	1	325.062	1	5039.96	1	2827.04	1	10	274.42	302.852
413	882.908	1	1.26731e+06	1	325.062	1	5039.96	1	2827.04	1	31.6228	276.782	305.635
413	882.908	1	1.26731e+06	1	325.062	1	5039.96	1	2827.04	1	100	283.137	313.066
414	555.566	1	1.05933e+06	1	396.755	1	1132.41	1	2932.02	1	0	273.249	301.462
414	555.566	1	1.05933e+06	1	396.755	1	1132.41	1	2932.02	1	0.001	273.25	301.462
414	555.566	1	1.05933e+06	1	396.755	1	1132.41	1	2932.02	1	0.00316228	273.25	301.462
414	555.566	1	1.05933e+06	1	396.755	1	1132.41	1	2932.02	1	0.01	273.251	301.463
414	555.566	1	1.05933e+06	1	396.755	1	1132.41	1	2932.02	1	0.0316228	273.255	301.467
414	555.566	1	1.05933e+06	1	396.755	1	1132.41	1	2932.02	1	0.1	273.266	301.479
414	555.566	1	1.05933e+06	1	396.755	1	1132.41	1	2932.02	1	0.316228	273.3	301.517
414	555.566	1	1.05933e+06	1	396.755	1	1132.41	1	2932.02	1	1	273.411	301.637
414	555.566	1	1.05933e+06	1	396.755	1	1132.41	1	2932.02	1	3.16228	273.757	302.015
414	555.566	1	1.05933e+06	1	396.755	1	1132.41	1	2932.02	1	10	274.841	303.193
414	555.566	1	1.05933e+06	1	396.755	1	1132.41	1	2932.02	1	31.6228	278.14	306.764
414	555.566	1	1.05933e+06	1	396.755	1	1132.41	1	2932.02	1	100	287.568	316.913
415	634.654	1	930490	1	406.328	1	691.836	1	3369.13	1	0	273.249	301.462
415	634.654	1	930490	1	406.328	1	691.836	1	3369.13	1	0.001	273.25	301.462
415	634.654	1	930490	1	406.328	1	691.836	1	3369.13	1	0.00316228	273.25	301.462
415	634.654	1	930490	1	406.328	1	691.836	1	3369.13	1	0.01	273.251	301.464
415	634.654	1	930490	1	406.328	1	691.836	1	3369.13	1	0.0316228	273.256	301.468
415	634.654	1	930490	1	406.328	1	691.836	1	3369.13	1	0.1	273.269	301.483
415	634.654	1	930490	1	406.328	1	691.836	1	3369.13	1	0.316228	273.312	301.53
415	634.654	1	930490	1	406.328	1	691.836	1	3369.13	1	1	273.448	301.678
415	634.654	1	930490	1	406.328	1	691.836	1	3369.13	1	3.16228	273.876	302.142
415	634.654	1	930490	1	406.328	1	691.836	1	3369.13	1	10	275.213	303.593
415	634.654	1	930490	1	406.328	1	691.836	1	3369.13	1	31.6228	279.282	307.991
415	634.654	1	930490	1	406.328	1	691.836	1	3369.13	1	100	290.832	320.427
416	738.719	1	751825	1	325.883	1	1288.43	1	3078.52	1	0	273.249	301.462
416	738.719	1	751825	1	325.883	1	1288.43	1	3078.52	1	0.001	273.25	301.462
416	738.719	1	751825	1	325.883	1	1288.43	1	3078.52	1	0.00316228	273.25	301.462
416	738.719	1	751825	1	325.883	1	1288.43	1	3078.52	1	0.01	273.251	301.463
416	738.719	1	751825	1	325.883	1	1288.43	1	3078.52	1	0.0316228	273.255	301.468
416	738.719	1	751825	1	325.883	1	1288.43	1	3078.52	1	0.1	273.266	301.48
416	738.719	1	751825	1	325.883	1	1288.43	1	3078.52	1	0.316228	273.302	301.521
416	738.719	1	751825	1	325.883	1	1288.43	1	3078.52	1	1	273.414	301.649
416	738.719	1	751825	1	325.883	1	1288.43	1	3078.52	1	3.16228	273.768	302.052
416	738.719	1	751825	1	325.883	1	1288.43	1	3078.52	1	10	274.872	303.305
416	738.719	1	751825	1	325.883	1	1288.43	1	3078.52	1	31.6228	278.203	307.06
416	738.719	1	751825	1	325.883	1	1288.43	1	3078.52	1	100	287.526	317.49
417	460.255	1	579430	1	375.401	1	671.516	1	2996.94	1	0	273.249	301.462
417	460.255	1	579430	1	375.401	1	671.516	1	2996.94	1	0.001	273.25	301.462
417	460.255	1	579430	1	375.401	1	671.516	1	2996.94	1	0.00316228	273.25	301.462
417	460.255	1	579430	1	375.401	1	671.516	1	2996.94	1	0.01	273.252	301.464
417	460.255	1	579430	1	375.401	1	671.516	1	2996.94	1	0.0316228	273.256	301.469
417	460.255	1	579430	1	375.401	1	671.516	1	2996.94	1	0.1	273.271	301.485
417	460.255	1	579430	1	375.401	1	671.516	1	2996.94	1	0.316228	273.317	301.534
417	460.255	1	579430	1	375.401	1	671.516	1	2996.94	1	1	273.464	301.691
417	460.255	1	579430	1	375.401	1	671.516	1	2996.94	1	3.16228	273.925	302.184
417	460.255	1	579430	1	375.401	1	671.516	1	2996.94	1	10	275.366	303.722
417	460.255	1	579430	1	375.401	1	671.516	1	2996.94	1	31.6228	279.734	308.372
417	460.255	1	579430	1	375.401	1	671.516	1	2996.94	1	100	292.107	321.484
418	739.864	1	636438	1	350.482	1	1700.15	1	1658.55	1	0	273.249	301.462
418	739.864	1	636438	1	350.482	1	1700.15	1	1658.55	1	0.001	273.25	301.462
418	739.864	1	636438	1	350.482	1	1700.15	1	1658.55	1	0.00316228	273.25	301.462
418	739.864	1	636438	1	350.482	1	1700.15	1	1658.55	1	0.01	273.251	301.463
418	739.864	1	636438	1	350.482	1	1700.15	1	1658.55	1	0.0316228	273.254	301.467
418	739.864	1	636438	1	350.482	1	1700.15	1	1658.55	1	0.1	273.264	301.478
418	739.864	1	636438	1	350.482	1	1700.15	1	1658.55	1	0.316228	273.295	301.514
418	739.864	1	636438	1	350.482	1	1700.15	1	1658.55	1	1	273.394	301.626
418	739.864	1	636438	1	350.482	1	1700.15	1	1658.55	1	3.16228	273.705	301.981
418	739.864	1	636438	1	350.482	1	1700.15	1	1658.55	1	10	274.674	303.082
418	739.864	1	636438	1	350.482	1	1700.15	1	1658.55	1	31.6228	277.603	306.388
418	739.864	1	636438	1	350.482	1	1700.15	1	1658.55	1	100	285.822	315.6
419	578.425	1	2.25599e+06	1	232.335	1	1356.49	1	2729.97	1	0	273.249	301.462
419	578.425	1	2.25599e+06	1	232.335	1	1356.49	1	2729.97	1	0.001	273.25	301.462
419	578.425	1	2.25599e+06	1	232.335	1	1356.49	1	2729.97	1	0.00316228	273.25	301.462
419	578.425	1	2.25599e+06	1	232.335	1	1356.49	1	2729.97	1	0.01	273.251	301.464
419	578.425	1	2.25599e+06	1	232.335	1	1356.49	1	2729.97	1	0.0316228	273.256	301.469
419	578.425	1	2.25599e+06	1	232.335	1	1356.49	1	2729.97	1	0.1	273.27	301.485
419	578.425	1	2.25599e+06	1	232.335	1	1356.49	1	2729.97	1	0.316228	273.314	301.536
419	578.425	1	2.25599e+06	1	232.335	1	1356.49	1	2729.97	1	1	273.452	301.697
419	578.425	1	2.25599e+06	1	232.335	1	1356.49	1	2729.97	1	3.16228	273.887	302.2
419	578.425	1	2.25599e+06	1	232.335	1	1356.49	1	2729.97	1	10	275.231	303.749
419	578.425	1	2.25599e+06	1	232.335	1	1356.49	1	2729.97	1	31.6228	279.196	308.277
419	578.425	1	2.25599e+06	1	232.335	1	1356.49	1	2729.97	1	100	289.637	320.104
420	340.005	1	800047	1	312.36	1	1499.09	1	3942.26	1	0	273.249	301.462
420	340.005	1	800047	1	312.36	1	1499.09	1	3942.26	1	0.001	273.25	301.462
420	340.005	1	800047	1	312.36	1	1499.09	1	3942.26	1	0.00316228	273.25	301.462
420	340.005	1	800047	1	312.36	1	1499.09	1	3942.26	1	0.01	273.251	301.463
420	340.005	1	800047	1	312.36	1	1499.09	1	3942.26	1	0.0316228	273.255	301.468
420	340.005	1	800047	1	312.36	1	1499.09	1	3942.26	1	0.1	273.267	301.481
420	340.005	1	800047	1	312.36	1	1499.09	1	3942.26	1	0.316228	273.306	301.521
420	340.005	1	800047	1	312.36	1	1499.09	1	3942.26	1	1	273.427	301.651
420	340.005	1	800047	1	312.36	1	1499.09	1	3942.26	1	3.16228	273.807	302.057
420	340.005	1	800047	1	312.36	1	1499.09	1	3942.26	1	10	274.99	303.317
420	340.005	1	800047	1	312.36	1	1499.09	1	3942.26	1	31.6228	278.535	307.075
420	340.005	1	800047	1	312.36	1	1499.09	1	3942.26	1	100	288.343	317.418
421	510.291	1	599210	1	129.022	1	481.321	1	1776.33	1	0	273.249	301.462
421	510.291	1	599210	1	129.022	1	481.321	1	1776.33	1	0.001	273.25	301.462
421	510.291	1	599210	1	129.022	1	481.321	1	1776.33	1	0.00316228	273.251	301.463
421	510.291	1	599210	1	129.022	1	481.321	1	1776.33	1	0.01	273.254	301.466
421	510.291	1	599210	1	129.022	1	481.321	1	1776.33	1	0.0316228	273.262	301.477
421	510.291	1	599210	1	129.022	1	481.321	1	1776.33	1	0.1	273.29	301.509
421	510.291	1	599210	1	129.022	1	481.321	1	1776.33	1	0.316228	273.379	301.613
421	510.291	1	599210	1	129.022	1	481.321	1	1776.33	1	1	273.657	301.938
421	510.291	1	599210	1	129.022	1	481.321	1	1776.33	1	3.16228	274.528	302.953
421	510.291	1	599210	1	129.022	1	481.321	1	1776.33	1	10	277.179	306.028
421	510.291	1	599210	1	129.022	1	481.321	1	1776.33	1	31.6228	284.759	314.763
421	510.291	1	599210	1	129.022	1	481.321	1	1776.33	1	100	303.892	336.375
422	619.547	1	1.1866e+06	1	400.22	1	461.402	1	3230.71	1	0	273.249	301.462
422	619.547	1	1.1866e+06	1	400.22	1	461.402	1	3230.71	1	0.001	273.25	301.462
422	619.547	1	1.1866e+06	1	400.22	1	461.402	1	3230.71	1	0.00316228	273.25	301.462
422	619.547	1	1.1866e+06	1	400.22	1	461.402	1	3230.71	1	0.01	273.252	301.464
422	619.547	1	1.1866e+06	1	400.22	1	461.402	1	3230.71	1	0.0316228	273.257	301.47
422	619.547	1	1.1866e+06	1	400.22	1	461.402	1	3230.71	1	0.1	273.275	301.489
422	619.547	1	1.1866e+06	1	400.22	1	461.402	1	3230.71	1	0.316228	273.33	301.548
422	619.547	1	1.1866e+06	1	400.22	1	461.402	1	3230.71	1	1	273.504	301.735
422	619.547	1	1.1866e+06	1	400.22	1	461.402	1	3230.71	1	3.16228	274.05	302.324
422	619.547	1	1.1866e+06	1	400.22	1	461.402	1	3230.71	1	10	275.753	304.154
422	619.547	1	1.1866e+06	1	400.22	1	461.402	1	3230.71	1	31.6228	280.888	309.663
422	619.547	1	1.1866e+06	1	400.22	1	461.402	1	3230.71	1	100	295.742	325.532
423	764.292	1	3.18151e+06	1	527.814	1	698.572	1	2892.93	1	0	273.249	301.462
423	764.292	1	3.18151e+06	1	527.814	1	698.572	1	2892.93	1	0.001	273.25	301.462
423	764.292	1	3.18151e+06	1	527.814	1	698.572	1	2892.93	1	0.00316228	273.25	301.462
423	764.292	1	3.18151e+06	1	527.814	1	698.572	1	2892.93	1	0.01	273.251	301.463
423	764.292	1	3.18151e+06	1	527.814	1	698.572	1	2892.93	1	0.0316228	273.255	301.468
423	764.292	1	3.18151e+06	1	527.814	1	698.572	1	2892.93	1	0.1	273.267	301.481
423	764.292	1	3.18151e+06	1	527.814	1	698.572	1	2892.93	1	0.316228	273.306	301.522
423	764.292	1	3.18151e+06	1	527.814	1	698.572	1	2892.93	1	1	273.428	301.653
423	764.292	1	3.18151e+06	1	527.814	1	698.572	1	2892.93	1	3.16228	273.811	302.066
423	764.292	1	3.18151e+06	1	527.814	1	698.572	1	2892.93	1	10	275.012	303.356
423	764.292	1	3.18151e+06	1	527.814	1	698.572	1	2892.93	1	31.6228	278.684	307.295
423	764.292	1	3.18151e+06	1	527.814	1	698.572	1	2892.93	1	100	289.211	318.553
424	445.601	1	3.52074e+06	1	405.424	1	1530.82	1	3278.9	1	0	273.249	301.462
424	445.601	1	3.52074e+06	1	405.424	1	1530.82	1	3278.9	1	0.001	273.25	301.462
424	445.601	1	3.52074e+06	1	405.424	1	1530.82	1	3278.9	1	0.00316228	273.25	301.462
424	445.601	1	3.52074e+06	1	405.424	1	1530.82	1	3278.9	1	0.01	273.251	301.463
424	445.601	1	3.52074e+06	1	405.424	1	1530.82	1	3278.9	1	0.0316228	273.254	301.467
424	445.601	1	3.52074e+06	1	405.424	1	1530.82	1	3278.9	1	0.1	273.264	301.477
424	445.601	1	3.52074e+06	1	405.424	1	1530.82	1	3278.9	1	0.316228	273.296	301.511
424	445.601	1	3.52074e+06	1	405.424	1	1530.82	1	3278.9	1	1	273.396	301.618
424	445.601	1	3.52074e+06	1	405.424	1	1530.82	1	3278.9	1	3.16228	273.713	301.956
424	445.601	1	3.52074e+06	1	405.424	1	1530.82	1	3278.9	1	10	274.7	303.008
424	445.601	1	3.52074e+06	1	405.424	1	1530.82	1	3278.9	1	31.6228	277.701	306.193
424	445.601	1	3.52074e+06	1	405.424	1	1530.82	1	3278.9	1	100	286.256	315.235
425	309.136	1	577737	1	330.838	1	1477.92	1	2802.27	1	0	273.249	301.462
425	309.136	1	577737	1	330.838	1	1477.92	1	2802.27	1	0.001	273.25	301.462
425	309.136	1	577737	1	330.838	1	1477.92	1	2802.27	1	0.00316228	273.25	301.462
425	309.136	1	577737	1	330.838	1	1477.92	1	2802.27	1	0.01	273.251	301.463
425	309.136	1	577737	1	330.838	1	1477.92	1	2802.27	1	0.0316228	273.255	301.467
425	309.136	1	577737	1	330.838	1	1477.92	1	2802.27	1	0.1	273.267	301.48
425	309.136	1	577737	1	330.838	1	1477.92	1	2802.27	1	0.316228	273.305	301.52
425	309.136	1	577737	1	330.838	1	1477.92	1	2802.27	1	1	273.425	301.645
425	309.136	1	577737	1	330.838	1	1477.92	1	2802.27	1	3.16228	273.803	302.041
425	309.136	1	577737	1	330.838	1	1477.92	1	2802.27	1	10	274.977	303.267
425	309.136	1	577737	1	330.838	1	1477.92	1	2802.27	1	31.6228	278.501	306.938
425	309.136	1	577737	1	330.838	1	1477.92	1	2802.27	1	100	288.291	317.114
426	374.817	1	443988	1	226.332	1	1401.98	1	2867.34	1	0	273.249	301.462
426	374.817	1	443988	1	226.332	1	1401.98	1	2867.34	1	0.001	273.25	301.462
426	374.817	1	443988	1	226.332	1	1401.98	1	2867.34	1	0.00316228	273.25	301.462
426	374.817	1	443988	1	226.332	1	1401.98	1	2867.34	1	0.01	273.252	301.464
426	374.817	1	443988	1	226.332	1	1401.98	1	2867.34	1	0.0316228	273.256	301.469
426	374.817	1	443988	1	226.332	1	1401.98	1	2867.34	1	0.1	273.271	301.486
426	374.817	1	443988	1	226.332	1	1401.98	1	2867.34	1	0.316228	273.317	301.538
426	374.817	1	443988	1	226.332	1	1401.98	1	2867.34	1	1	273.464	301.702
426	374.817	1	443988	1	226.332	1	1401.98	1	2867.34	1	3.16228	273.923	302.217
426	374.817	1	443988	1	226.332	1	1401.98	1	2867.34	1	10	275.34	303.8
426	374.817	1	443988	1	226.332	1	1401.98	1	2867.34	1	31.6228	279.507	308.411
426	374.817	1	443988	1	226.332	1	1401.98	1	2867.34	1	100	290.428	320.389
427	325.132	1	590195	1	496.698	1	1016.31	1	5161.95	1	0	273.249	301.462
427	325.132	1	590195	1	496.698	1	1016.31	1	5161.95	1	0.001	273.25	301.462
427	325.132	1	590195	1	496.698	1	1016.31	1	5161.95	1	0.00316228	273.25	301.462
427	325.132	1	590195	1	496.698	1	1016.31	1	5161.95	1	0.01	273.251	301.463
427	325.132	1	590195	1	496.698	1	1016.31	1	5161.95	1	0.0316228	273.255	301.467
427	325.132	1	590195	1	496.698	1	1016.31	1	5161.95	1	0.1	273.266	301.478
427	325.132	1	590195	1	496.698	1	1016.31	1	5161.95	1	0.316228	273.302	301.514
427	325.132	1	590195	1	496.698	1	1016.31	1	5161.95	1	1	273.416	301.628
427	325.132	1	590195	1	496.698	1	1016.31	1	5161.95	1	3.16228	273.775	301.988
427	325.132	1	590195	1	496.698	1	1016.31	1	5161.95	1	10	274.896	303.11
427	325.132	1	590195	1	496.698	1	1016.31	1	5161.95	1	31.6228	278.309	306.536
427	325.132	1	590195	1	496.698	1	1016.31	1	5161.95	1	100	288.105	316.401
428	479.155	1	5.54811e+06	1	602.381	1	6985.32	1	2637.81	1	0	273.249	301.462
428	479.155	1	5.54811e+06	1	602.381	1	6985.32	1	2637.81	1	0.001	273.25	301.462
428	479.155	1	5.54811e+06	1	602.381	1	6985.32	1	2637.81	1	0.00316228	273.25	301.462
428	479.155	1	5.54811e+06	1	602.381	1	6985.32	1	2637.81	1	0.01	273.25	301.462
428	479.155	1	5.54811e+06	1	602.381	1	6985.32	1	2637.81	1	0.0316228	273.252	301.464
428	479.155	1	5.54811e+06	1	602.381	1	6985.32	1	2637.81	1	0.1	273.258	301.47
428	479.155	1	5.54811e+06	1	602.381	1	6985.32	1	2637.81	1	0.316228	273.276	301.488
428	479.155	1	5.54811e+06	1	602.381	1	6985.32	1	2637.81	1	1	273.333	301.546
428	479.155	1	5.54811e+06	1	602.381	1	6985.32	1	2637.81	1	3.16228	273.512	301.728
428	479.155	1	5.54811e+06	1	602.381	1	6985.32	1	2637.81	1	10	274.071	302.298
428	479.155	1	5.54811e+06	1	602.381	1	6985.32	1	2637.81	1	31.6228	275.773	304.03
428	479.155	1	5.54811e+06	1	602.381	1	6985.32	1	2637.81	1	100	280.633	308.967
429	317.974	1	2.92964e+06	1	974.787	1	1308.86	1	1699.42	1	0	273.249	301.462
429	317.974	1	2.92964e+06	1	974.787	1	1308.86	1	1699.42	1	0.001	273.25	301.462
429	317.974	1	2.92964e+06	1	974.787	1	1308.86	1	1699.42	1	0.00316228	273.25	301.462
429	317.974	1	2.92964e+06	1	974.787	1	1308.86	1	1699.42	1	0.01	273.251	301.463
429	317.974	1	2.92964e+06	1	974.787	1	1308.86	1	1699.42	1	0.0316228	273.253	301.465
429	317.974	1	2.92964e+06	1	974.787	1	1308.86	1	1699.42	1	0.1	273.262	301.473
429	317.974	1	2.92964e+06	1	974.787	1	1308.86	1	1699.42	1	0.316228	273.288	301.497
429	317.974	1	2.92964e+06	1	974.787	1	1308.86	1	1699.42	1	1	273.371	301.573
429	317.974	1	2.92964e+06	1	974.787	1	1308.86	1	1699.42	1	3.16228	273.634	301.813
429	317.974	1	2.92964e+06	1	974.787	1	1308.86	1	1699.42	1	10	274.456	302.566
429	317.974	1	2.92964e+06	1	974.787	1	1308.86	1	1699.42	1	31.6228	276.972	304.89
429	317.974	1	2.92964e+06	1	974.787	1	1308.86	1	1699.42	1	100	284.314	311.782
430	626.735	1	2.22157e+06	1	518.948	1	669.219	1	3935.35	1	0	273.249	301.462
430	626.735	1	2.22157e+06	1	518.948	1	669.219	1	3935.35	1	0.001	273.25	301.462
430	626.735	1	2.22157e+06	1	518.948	1	669.219	1	3935.35	1	0.00316228	273.25	301.462
430	626.735	1	2.22157e+06	1	518.948	1	669.219	1	3935.35	1	0.01	273.251	301.464
430	626.735	1	2.22157e+06	1	518.948	1	669.219	1	3935.35	1	0.0316228	273.255	301.468
430	626.735	1	2.22157e+06	1	518.948	1	669.219	1	3935.35	1	0.1	273.268	301.481
430	626.735	1	2.22157e+06	1	518.948	1	669.219	1	3935.35	1	0.316228	273.308	301.524
430	626.735	1	2.22157e+06	1	518.948	1	669.219	1	3935.35	1	1	273.436	301.66
430	626.735	1	2.22157e+06	1	518.948	1	669.219	1	3935.35	1	3.16228	273.838	302.088
430	626.735	1	2.22157e+06	1	518.948	1	669.219	1	3935.35	1	10	275.095	303.424
430	626.735	1	2.22157e+06	1	518.948	1	669.219	1	3935.35	1	31.6228	278.936	307.497
430	626.735	1	2.22157e+06	1	518.948	1	669.219	1	3935.35	1	100	289.97	319.168
431	525.145	1	825984	1	296.023	1	2214.32	1	3005.26	1	0	273.249	301.462
431	525.145	1	825984	1	296.023	1	2214.32	1	3005.26	1	0.001	273.25	301.462
431	525.145	1	825984	1	296.023	1	2214.32	1	3005.26	1	0.00316228	273.25	301.462
431	525.145	1	825984	1	296.023	1	2214.32	1	3005.26	1	0.01	273.251	301.463
431	525.145	1	825984	1	296.023	1	2214.32	1	3005.26	1	0.0316228	273.254	301.467
431	525.145	1	825984	1	296.023	1	2214.32	1	3005.26	1	0.1	273.265	301.479
431	525.145	1	825984	1	296.023	1	2214.32	1	3005.26	1	0.316228	273.299	301.517
431	525.145	1	825984	1	296.023	1	2214.32	1	3005.26	1	1	273.405	301.638
431	525.145	1	825984	1	296.023	1	2214.32	1	3005.26	1	3.16228	273.739	302.016
431	525.145	1	825984	1	296.023	1	2214.32	1	3005.26	1	10	274.775	303.187
431	525.145	1	825984	1	296.023	1	2214.32	1	3005.26	1	31.6228	277.864	306.648
431	525.145	1	825984	1	296.023	1	2214.32	1	3005.26	1	100	286.161	315.867
432	592.63	1	623523	1	240.973	1	1994.26	1	2925.27	1	0	273.249	301.462
432	592.63	1	623523	1	240.973	1	1994.26	1	2925.27	1	0.001	273.25	301.462
432	592.63	1	623523	1	240.973	1	1994.26	1	2925.27	1	0.00316228	273.25	301.462
432	592.63	1	623523	1	240.973	1	1994.26	1	2925.27	1	0.01	273.251	301.464
432	592.63	1	623523	1	240.973	1	1994.26	1	2925.27	1	0.0316228	273.255	301.468
432	592.63	1	623523	1	240.973	1	1994.26	1	2925.27	1	0.1	273.267	301.483
432	592.63	1	623523	1	240.973	1	1994.26	1	2925.27	1	0.316228	273.306	301.528
432	592.63	1	623523	1	240.973	1	1994.26	1	2925.27	1	1	273.429	301.672
432	592.63	1	623523	1	240.973	1	1994.26	1	2925.27	1	3.16228	273.815	302.122
432	592.63	1	623523	1	240.973	1	1994.26	1	2925.27	1	10	275.006	303.506
432	592.63	1	623523	1	240.973	1	1994.26	1	2925.27	1	31.6228	278.509	307.538
432	592.63	1	623523	1	240.973	1	1994.26	1	2925.27	1	100	287.657	317.986
433	396.297	1	996426	1	465.194	1	1294.37	1	2331.72	1	0	273.249	301.462
433	396.297	1	996426	1	465.194	1	1294.37	1	2331.72	1	0.001	273.25	301.462
433	396.297	1	996426	1	465.194	1	1294.37	1	2331.72	1	0.00316228	273.25	301.462
433	396.297	1	996426	1	465.194	1	1294.37	1	2331.72	1	0.01	273.251	301.463
433	396.297	1	996426	1	465.194	1	1294.37	1	2331.72	1	0.0316228	273.254	301.466
433	396.297	1	996426	1	465.194	1	1294.37	1	2331.72	1	0.1	273.264	301.477
433	396.297	1	996426	1	465.194	1	1294.37	1	2331.72	1	0.316228	273.297	301.51
433	396.297	1	996426	1	465.194	1	1294.37	1	2331.72	1	1	273.399	301.616
433	396.297	1	996426	1	465.194	1	1294.37	1	2331.72	1	3.16228	273.721	301.949
433	396.297	1	996426	1	465.194	1	1294.37	1	2331.72	1	10	274.727	302.988
433	396.297	1	996426	1	465.194	1	1294.37	1	2331.72	1	31.6228	277.796	306.156
433	396.297	1	996426	1	465.194	1	1294.37	1	2331.72	1	100	286.629	315.266
434	487.181	1	2.73437e+06	1	227.591	1	1789.6	1	1892.83	1	0	273.249	301.462
434	487.181	1	2.73437e+06	1	227.591	1	1789.6	1	1892.83	1	0.001	273.25	301.462
434	487.181	1	2.73437e+06	1	227.591	1	1789.6	1	1892.83	1	0.00316228	273.25	301.462
434	487.181	1	2.73437e+06	1	227.591	1	1789.6	1	1892.83	1	0.01	273.251	301.464
434	487.181	1	2.73437e+06	1	227.591	1	1789.6	1	1892.83	1	0.0316228	273.256	301.469
434	487.181	1	2.73437e+06	1	227.591	1	1789.6	1	1892.83	1	0.1	273.269	301.484
434	487.181	1	2.73437e+06	1	227.591	1	1789.6	1	1892.83	1	0.316228	273.311	301.533
434	487.181	1	2.73437e+06	1	227.591	1	1789.6	1	1892.83	1	1	273.445	301.687
434	487.181	1	2.73437e+06	1	227.591	1	1789.6	1	1892.83	1	3.16228	273.865	302.171
434	487.181	1	2.73437e+06	1	227.591	1	1789.6	1	1892.83	1	10	275.158	303.656
434	487.181	1	2.73437e+06	1	227.591	1	1789.6	1	1892.83	1	31.6228	278.951	307.966
434	487.181	1	2.73437e+06	1	227.591	1	1789.6	1	1892.83	1	100	288.809	319.074
435	489.288	1	1.79227e+06	1	435.3	1	671.549	1	5497.61	1	0	273.249	301.462
435	489.288	1	1.79227e+06	1	435.3	1	671.549	1	5497.61	1	0.001	273.25	301.462
435	489.288	1	1.79227e+06	1	435.3	1	671.549	1	5497.61	1	0.00316228	273.25	301.462
435	489.288	1	1.79227e+06	1	435.3	1	671.549	1	5497.61	1	0.01	273.251	301.464
435	489.288	1	1.79227e+06	1	435.3	1	671.549	1	5497.61	1	0.0316228	273.256	301.468
435	489.288	1	1.79227e+06	1	435.3	1	671.549	1	5497.61	1	0.1	273.27	301.483
435	489.288	1	1.79227e+06	1	435.3	1	671.549	1	5497.61	1	0.316228	273.313	301.529
435	489.288	1	1.79227e+06	1	435.3	1	671.549	1	5497.61	1	1	273.451	301.676
435	489.288	1	1.79227e+06	1	435.3	1	671.549	1	5497.61	1	3.16228	273.886	302.137
435	489.288	1	1.79227e+06	1	435.3	1	671.549	1	5497.61	1	10	275.245	303.575
435	489.288	1	1.79227e+06	1	435.3	1	671.549	1	5497.61	1	31.6228	279.38	307.945
435	489.288	1	1.79227e+06	1	435.3	1	671.549	1	5497.61	1	100	291.178	320.37
436	455.605	1	470885	1	336.921	1	1630.24	1	3884.52	1	0	273.249	301.462
436	455.605	1	470885	1	336.921	1	1630.24	1	3884.52	1	0.001	273.25	301.462
436	455.605	1	470885	1	336.921	1	1630.24	1	3884.52	1	0.00316228	273.25	301.462
436	455.605	1	470885	1	336.921	1	1630.24	1	3884.52	1	0.01	273.251	301.463
436	455.605	1	470885	1	336.921	1	1630.24	1	3884.52	1	0.0316228	273.254	301.467
436	455.605	1	470885	1	336.921	1	1630.24	1	3884.52	1	0.1	273.265	301.479
436	455.605	1	470885	1	336.921	1	1630.24	1	3884.52	1	0.316228	273.3	301.516
436	455.605	1	470885	1	336.921	1	1630.24	1	3884.52	1	1	273.408	301.635
436	455.605	1	470885	1	336.921	1	1630.24	1	3884.52	1	3.16228	273.748	302.007
436	455.605	1	470885	1	336.921	1	1630.24	1	3884.52	1	10	274.808	303.165
436	455.605	1	470885	1	336.921	1	1630.24	1	3884.52	1	31.6228	278	306.631
436	455.605	1	470885	1	336.921	1	1630.24	1	3884.52	1	100	286.926	316.252
437	538.266	1	1.90119e+06	1	357.047	1	1121.26	1	3273.25	1	0	273.249	301.462
437	538.266	1	1.90119e+06	1	357.047	1	1121.26	1	3273.25	1	0.001	273.25	301.462
437	538.266	1	1.90119e+06	1	357.047	1	1121.26	1	3273.25	1	0.00316228	273.25	301.462
437	538.266	1	1.90119e+06	1	357.047	1	1121.26	1	3273.25	1	0.01	273.251	301.463
437	538.266	1	1.90119e+06	1	357.047	1	1121.26	1	3273.25	1	0.0316228	273.255	301.468
437	538.266	1	1.90119e+06	1	357.047	1	1121.26	1	3273.25	1	0.1	273.267	301.48
437	538.266	1	1.90119e+06	1	357.047	1	1121.26	1	3273.25	1	0.316228	273.303	301.521
437	538.266	1	1.90119e+06	1	357.047	1	1121.26	1	3273.25	1	1	273.42	301.649
437	538.266	1	1.90119e+06	1	357.047	1	1121.26	1	3273.25	1	3.16228	273.787	302.052
437	538.266	1	1.90119e+06	1	357.047	1	1121.26	1	3273.25	1	10	274.934	303.308
437	538.266	1	1.90119e+06	1	357.047	1	1121.26	1	3273.25	1	31.6228	278.41	307.096
437	538.266	1	1.90119e+06	1	357.047	1	1121.26	1	3273.25	1	100	288.252	317.752
438	518.132	1	449254	1	462.833	1	599.786	1	4640.86	1	0	273.249	301.462
438	518.132	1	449254	1	462.833	1	599.786	1	4640.86	1	0.001	273.25	301.462
438	518.132	1	449254	1	462.833	1	599.786	1	4640.86	1	0.00316228	273.25	301.462
438	518.132	1	449254	1	462.833	1	599.786	1	4640.86	1	0.01	273.252	301.464
438	518.132	1	449254	1	462.833	1	599.786	1	4640.86	1	0.0316228	273.256	301.469
438	518.132	1	449254	1	462.833	1	599.786	1	4640.86	1	0.1	273.27	301.484
438	518.132	1	449254	1	462.833	1	599.786	1	4640.86	1	0.316228	273.316	301.532
438	518.132	1	449254	1	462.833	1	599.786	1	4640.86	1	1	273.459	301.684
438	518.132	1	449254	1	462.833	1	599.786	1	4640.86	1	3.16228	273.911	302.162
438	518.132	1	449254	1	462.833	1	599.786	1	4640.86	1	10	275.322	303.654
438	518.132	1	449254	1	462.833	1	599.786	1	4640.86	1	31.6228	279.615	308.183
438	518.132	1	449254	1	462.833	1	599.786	1	4640.86	1	100	291.983	321.193
439	730.104	1	636972	1	265.979	1	1002.45	1	3791.7	1	0	273.249	301.462
439	730.104	1	636972	1	265.979	1	1002.45	1	3791.7	1	0.001	273.25	301.462
439	730.104	1	636972	1	265.979	1	1002.45	1	3791.7	1	0.00316228	273.25	301.462
439	730.104	1	636972	1	265.979	1	1002.45	1	3791.7	1	0.01	273.251	301.464
439	730.104	1	636972	1	265.979	1	1002.45	1	3791.7	1	0.0316228	273.256	301.469
439	730.104	1	636972	1	265.979	1	1002.45	1	3791.7	1	0.1	273.27	301.485
439	730.104	1	636972	1	265.979	1	1002.45	1	3791.7	1	0.316228	273.313	301.535
439	730.104	1	636972	1	265.979	1	1002.45	1	3791.7	1	1	273.451	301.694
439	730.104	1	636972	1	265.979	1	1002.45	1	3791.7	1	3.16228	273.885	302.192
439	730.104	1	636972	1	265.979	1	1002.45	1	3791.7	1	10	275.232	303.735
439	730.104	1	636972	1	265.979	1	1002.45	1	3791.7	1	31.6228	279.261	308.313
439	730.104	1	636972	1	265.979	1	1002.45	1	3791.7	1	100	290.218	320.672
440	371.786	1	2.82564e+06	1	381.504	1	1781.47	1	3707.47	1	0	273.249	301.462
440	371.786	1	2.82564e+06	1	381.504	1	1781.47	1	3707.47	1	0.001	273.25	301.462
440	371.786	1	2.82564e+06	1	381.504	1	1781.47	1	3707.47	1	0.00316228	273.25	301.462
440	371.786	1	2.82564e+06	1	381.504	1	1781.47	1	3707.47	1	0.01	273.251	301.463
440	371.786	1	2.82564e+06	1	381.504	1	1781.47	1	3707.47	1	0.0316228	273.254	301.467
440	371.786	1	2.82564e+06	1	381.504	1	1781.47	1	3707.47	1	0.1	273.264	301.477
440	371.786	1	2.82564e+06	1	381.504	1	1781.47	1	3707.47	1	0.316228	273.297	301.511
440	371.786	1	2.82564e+06	1	381.504	1	1781.47	1	3707.47	1	1	273.399	301.619
440	371.786	1	2.82564e+06	1	381.504	1	1781.47	1	3707.47	1	3.16228	273.72	301.957
440	371.786	1	2.82564e+06	1	381.504	1	1781.47	1	3707.47	1	10	274.721	303.009
440	371.786	1	2.82564e+06	1	381.504	1	1781.47	1	3707.47	1	31.6228	277.745	306.177
440	371.786	1	2.82564e+06	1	381.504	1	1781.47	1	3707.47	1	100	286.271	315.082
441	491.079	1	904710	1	342.808	1	1390.3	1	3753.07	1	0	273.249	301.462
441	491.079	1	904710	1	342.808	1	1390.3	1	3753.07	1	0.001	273.25	301.462
441	491.079	1	904710	1	342.808	1	1390.3	1	3753.07	1	0.00316228	273.25	301.462
441	491.079	1	904710	1	342.808	1	1390.3	1	3753.07	1	0.01	273.251	301.463
441	491.079	1	904710	1	342.808	1	1390.3	1	3753.07	1	0.0316228	273.255	301.467
441	491.079	1	904710	1	342.808	1	1390.3	1	3753.07	1	0.1	273.266	301.48
441	491.079	1	904710	1	342.808	1	1390.3	1	3753.07	1	0.316228	273.301	301.518
441	491.079	1	904710	1	342.808	1	1390.3	1	3753.07	1	1	273.413	301.641
441	491.079	1	904710	1	342.808	1	1390.3	1	3753.07	1	3.16228	273.763	302.026
441	491.079	1	904710	1	342.808	1	1390.3	1	3753.07	1	10	274.856	303.223
441	491.079	1	904710	1	342.808	1	1390.3	1	3753.07	1	31.6228	278.159	306.821
441	491.079	1	904710	1	342.808	1	1390.3	1	3753.07	1	100	287.447	316.864
442	383.034	1	336212	1	4015.25	1	743.133	1	2946.75	1	0	273.249	301.462
442	383.034	1	336212	1	4015.25	1	743.133	1	2946.75	1	0.001	273.25	301.462
442	383.034	1	336212	1	4015.25	1	743.133	1	2946.75	1	0.00316228	273.25	301.462
442	383.034	1	336212	1	4015.25	1	743.133	1	2946.75	1	0.01	273.251	301.463
442	383.034	1	336212	1	4015.25	1	743.133	1	2946.75	1	0.0316228	273.254	301.465
442	383.034	1	336212	1	4015.25	1	743.133	1	2946.75	1	0.1	273.263	301.474
442	383.034	1	336212	1	4015.25	1	743.133	1	2946.75	1	0.316228	273.292	301.501
442	383.034	1	336212	1	4015.25	1	743.133	1	2946.75	1	1	273.385	301.585
442	383.034	1	336212	1	4015.25	1	743.133	1	2946.75	1	3.16228	273.678	301.85
442	383.034	1	336212	1	4015.25	1	743.133	1	2946.75	1	10	274.591	302.679
442	383.034	1	336212	1	4015.25	1	743.133	1	2946.75	1	31.6228	277.37	305.212
442	383.034	1	336212	1	4015.25	1	743.133	1	2946.75	1	100	285.284	312.476
443	503.192	1	224984	1	245.781	1	1899.02	1	2359.84	1	0	273.249	301.462
443	503.192	1	224984	1	245.781	1	1899.02	1	2359.84	1	0.001	273.25	301.462
443	503.192	1	224984	1	245.781	1	1899.02	1	2359.84	1	0.00316228	273.25	301.462
443	503.192	1	224984	1	245.781	1	1899.02	1	2359.84	1	0.01	273.251	301.464
443	503.192	1	224984	1	245.781	1	1899.02	1	2359.84	1	0.0316228	273.255	301.468
443	503.192	1	224984	1	245.781	1	1899.02	1	2359.84	1	0.1	273.268	301.483
443	503.192	1	224984	1	245.781	1	1899.02	1	2359.84	1	0.316228	273.307	301.528
443	503.192	1	224984	1	245.781	1	1899.02	1	2359.84	1	1	273.432	301.671
443	503.192	1	224984	1	245.781	1	1899.02	1	2359.84	1	3.16228	273.824	302.121
443	503.192	1	224984	1	245.781	1	1899.02	1	2359.84	1	10	275.033	303.505
443	503.192	1	224984	1	245.781	1	1899.02	1	2359.84	1	31.6228	278.597	307.544
443	503.192	1	224984	1	245.781	1	1899.02	1	2359.84	1	100	287.959	318.064
444	297.649	1	978976	1	469.396	1	727.406	1	3191.1	1	0	273.249	301.462
444	297.649	1	978976	1	469.396	1	727.406	1	3191.1	1	0.001	273.25	301.462
444	297.649	1	978976	1	469.396	1	727.406	1	3191.1	1	0.00316228	273.25	301.462
444	297.649	1	978976	1	469.396	1	727.406	1	3191.1	1	0.01	273.251	301.464
444	297.649	1	978976	1	469.396	1	727.406	1	3191.1	1	0.0316228	273.256	301.468
444	297.649	1	978976	1	469.396	1	727.406	1	3191.1	1	0.1	273.27	301.482
444	297.649	1	978976	1	469.396	1	727.406	1	3191.1	1	0.316228	273.314	301.526
444	297.649	1	978976	1	469.396	1	727.406	1	3191.1	1	1	273.452	301.665
444	297.649	1	978976	1	469.396	1	727.406	1	3191.1	1	3.16228	273.888	302.101
444	297.649	1	978976	1	469.396	1	727.406	1	3191.1	1	10	275.248	303.465
444	297.649	1	978976	1	469.396	1	727.406	1	3191.1	1	31.6228	279.374	307.612
444	297.649	1	978976	1	469.396	1	727.406	1	3191.1	1	100	291.074	319.413
445	620.934	1	228654	1	490.578	1	1054.93	1	2780.01	1	0	273.249	301.462
445	620.934	1	228654	1	490.578	1	1054.93	1	2780.01	1	0.001	273.25	301.462
445	620.934	1	228654	1	490.578	1	1054.93	1	2780.01	1	0.00316228	273.25	301.462
445	620.934	1	228654	1	490.578	1	1054.93	1	2780.01	1	0.01	273.251	301.463
445	620.934	1	228654	1	490.578	1	1054.93	1	2780.01	1	0.0316228	273.254	301.467
445	620.934	1	228654	1	490.578	1	1054.93	1	2780.01	1	0.1	273.264	301.478
445	620.934	1	228654	1	490.578	1	1054.93	1	2780.01	1	0.316228	273.297	301.512
445	620.934	1	228654	1	490.578	1	1054.93	1	2780.01	1	1	273.399	301.622
445	620.934	1	228654	1	490.578	1	1054.93	1	2780.01	1	3.16228	273.72	301.968
445	620.934	1	228654	1	490.578	1	1054.93	1	2780.01	1	10	274.727	303.049
445	620.934	1	228654	1	490.578	1	1054.93	1	2780.01	1	31.6228	277.815	306.355
445	620.934	1	228654	1	490.578	1	1054.93	1	2780.01	1	100	286.754	315.889
446	859.554	1	1.45143e+07	1	417.582	1	509.859	1	3222.17	1	0	273.249	301.462
446	859.554	1	1.45143e+07	1	417.582	1	509.859	1	3222.17	1	0.001	273.25	301.462
446	859.554	1	1.45143e+07	1	417.582	1	509.859	1	3222.17	1	0.00316228	273.25	301.462
446	859.554	1	1.45143e+07	1	417.582	1	509.859	1	3222.17	1	0.01	273.252	301.464
446	859.554	1	1.45143e+07	1	417.582	1	509.859	1	3222.17	1	0.0316228	273.257	301.47
446	859.554	1	1.45143e+07	1	417.582	1	509.859	1	3222.17	1	0.1	273.273	301.487
446	859.554	1	1.45143e+07	1	417.582	1	509.859	1	3222.17	1	0.316228	273.323	301.541
446	859.554	1	1.45143e+07	1	417.582	1	509.859	1	3222.17	1	1	273.48	301.714
446	859.554	1	1.45143e+07	1	417.582	1	509.859	1	3222.17	1	3.16228	273.977	302.256
446	859.554	1	1.45143e+07	1	417.582	1	509.859	1	3222.17	1	10	275.527	303.946
446	859.554	1	1.45143e+07	1	417.582	1	509.859	1	3222.17	1	31.6228	280.219	309.049
446	859.554	1	1.45143e+07	1	417.582	1	509.859	1	3222.17	1	100	293.787	323.747
447	517.826	1	164559	1	280.219	1	1080.4	1	3223.83	1	0	273.249	301.462
447	517.826	1	164559	1	280.219	1	1080.4	1	3223.83	1	0.001	273.25	301.462
447	517.826	1	164559	1	280.219	1	1080.4	1	3223.83	1	0.00316228	273.25	301.462
447	517.826	1	164559	1	280.219	1	1080.4	1	3223.83	1	0.01	273.251	301.464
447	517.826	1	164559	1	280.219	1	1080.4	1	3223.83	1	0.0316228	273.256	301.469
447	517.826	1	164559	1	280.219	1	1080.4	1	3223.83	1	0.1	273.269	301.484
447	517.826	1	164559	1	280.219	1	1080.4	1	3223.83	1	0.316228	273.312	301.531
447	517.826	1	164559	1	280.219	1	1080.4	1	3223.83	1	1	273.446	301.682
447	517.826	1	164559	1	280.219	1	1080.4	1	3223.83	1	3.16228	273.868	302.156
447	517.826	1	164559	1	280.219	1	1080.4	1	3223.83	1	10	275.181	303.623
447	517.826	1	164559	1	280.219	1	1080.4	1	3223.83	1	31.6228	279.115	307.988
447	517.826	1	164559	1	280.219	1	1080.4	1	3223.83	1	100	289.858	319.812
448	318.927	1	966224	1	238.89	1	2223.39	1	2708.54	1	0	273.249	301.462
448	318.927	1	966224	1	238.89	1	2223.39	1	2708.54	1	0.001	273.25	301.462
448	318.927	1	966224	1	238.89	1	2223.39	1	2708.54	1	0.00316228	273.25	301.462
448	318.927	1	966224	1	238.89	1	2223.39	1	2708.54	1	0.01	273.251	301.464
448	318.927	1	966224	1	238.89	1	2223.39	1	2708.54	1	0.0316228	273.256	301.468
448	318.927	1	966224	1	238.89	1	2223.39	1	2708.54	1	0.1	273.269	301.483
448	318.927	1	966224	1	238.89	1	2223.39	1	2708.54	1	0.316228	273.31	301.529
448	318.927	1	966224	1	238.89	1	2223.39	1	2708.54	1	1	273.442	301.674
448	318.927	1	966224	1	238.89	1	2223.39	1	2708.54	1	3.16228	273.855	302.128
448	318.927	1	966224	1	238.89	1	2223.39	1	2708.54	1	10	275.127	303.524
448	318.927	1	966224	1	238.89	1	2223.39	1	2708.54	1	31.6228	278.85	307.576
448	318.927	1	966224	1	238.89	1	2223.39	1	2708.54	1	100	288.537	318.04
449	688.692	1	2.09054e+06	1	552.882	1	428.561	1	7545.23	1	0	273.249	301.462
449	688.692	1	2.09054e+06	1	552.882	1	428.561	1	7545.23	1	0.001	273.25	301.462
449	688.692	1	2.09054e+06	1	552.882	1	428.561	1	7545.23	1	0.00316228	273.25	301.462
449	688.692	1	2.09054e+06	1	552.882	1	428.561	1	7545.23	1	0.01	273.252	301.464
449	688.692	1	2.09054e+06	1	552.882	1	428.561	1	7545.23	1	0.0316228	273.257	301.47
449	688.692	1	2.09054e+06	1	552.882	1	428.561	1	7545.23	1	0.1	273.274	301.487
449	688.692	1	2.09054e+06	1	552.882	1	428.561	1	7545.23	1	0.316228	273.327	301.543
449	688.692	1	2.09054e+06	1	552.882	1	428.561	1	7545.23	1	1	273.493	301.72
449	688.692	1	2.09054e+06	1	552.882	1	428.561	1	7545.23	1	3.16228	274.018	302.275
449	688.692	1	2.09054e+06	1	552.882	1	428.561	1	7545.23	1	10	275.651	304.003
449	688.692	1	2.09054e+06	1	552.882	1	428.561	1	7545.23	1	31.6228	280.574	309.206
449	688.692	1	2.09054e+06	1	552.882	1	428.561	1	7545.23	1	100	294.917	324.324
450	501.621	1	1.19613e+06	1	324.889	1	1744.68	1	1912.46	1	0	273.249	301.462
450	501.621	1	1.19613e+06	1	324.889	1	1744.68	1	1912.46	1	0.001	273.25	301.462
450	501.621	1	1.19613e+06	1	324.889	1	1744.68	1	1912.46	1	0.00316228	273.25	301.462
450	501.621	1	1.19613e+06	1	324.889	1	1744.68	1	1912.46	1	0.01	273.251	301.463
450	501.621	1	1.19613e+06	1	324.889	1	1744.68	1	1912.46	1	0.0316228	273.254	301.467
450	501.621	1	1.19613e+06	1	324.889	1	1744.68	1	1912.46	1	0.1	273.265	301.479
450	501.621	1	1.19613e+06	1	324.889	1	1744.68	1	1912.46	1	0.316228	273.299	301.517
450	501.621	1	1.19613e+06	1	324.889	1	1744.68	1	1912.46	1	1	273.406	301.636
450	501.621	1	1.19613e+06	1	324.889	1	1744.68	1	1912.46	1	3.16228	273.744	302.011
450	501.621	1	1.19613e+06	1	324.889	1	1744.68	1	1912.46	1	10	274.793	303.174
450	501.621	1	1.19613e+06	1	324.889	1	1744.68	1	1912.46	1	31.6228	277.947	306.648
450	501.621	1	1.19613e+06	1	324.889	1	1744.68	1	1912.46	1	100	286.719	316.23
451	332.584	1	367730	1	190.017	1	5177.15	1	1594.3	1	0	273.249	301.462
451	332.584	1	367730	1	190.017	1	5177.15	1	1594.3	1	0.001	273.25	301.462
451	332.584	1	367730	1	190.017	1	5177.15	1	1594.3	1	0.00316228	273.25	301.462
451	332.584	1	367730	1	190.017	1	5177.15	1	1594.3	1	0.01	273.251	301.464
451	332.584	1	367730	1	190.017	1	5177.15	1	1594.3	1	0.0316228	273.256	301.469
451	332.584	1	367730	1	190.017	1	5177.15	1	1594.3	1	0.1	273.27	301.485
451	332.584	1	367730	1	190.017	1	5177.15	1	1594.3	1	0.316228	273.314	301.536
451	332.584	1	367730	1	190.017	1	5177.15	1	1594.3	1	1	273.454	301.696
451	332.584	1	367730	1	190.017	1	5177.15	1	1594.3	1	3.16228	273.89	302.197
451	332.584	1	367730	1	190.017	1	5177.15	1	1594.3	1	10	275.22	303.716
451	332.584	1	367730	1	190.017	1	5177.15	1	1594.3	1	31.6228	279	307.999
451	332.584	1	367730	1	190.017	1	5177.15	1	1594.3	1	100	288.183	318.264
452	328.742	1	212764	1	405.379	1	821.03	1	4116.66	1	0	273.249	301.462
452	328.742	1	212764	1	405.379	1	821.03	1	4116.66	1	0.001	273.25	301.462
452	328.742	1	212764	1	405.379	1	821.03	1	4116.66	1	0.00316228	273.25	301.462
452	328.742	1	212764	1	405.379	1	821.03	1	4116.66	1	0.01	273.251	301.464
452	328.742	1	212764	1	405.379	1	821.03	1	4116.66	1	0.0316228	273.256	301.468
452	328.742	1	212764	1	405.379	1	821.03	1	4116.66	1	0.1	273.269	301.482
452	328.742	1	212764	1	405.379	1	821.03	1	4116.66	1	0.316228	273.312	301.526
452	328.742	1	212764	1	405.379	1	821.03	1	4116.66	1	1	273.447	301.664
452	328.742	1	212764	1	405.379	1	821.03	1	4116.66	1	3.16228	273.871	302.101
452	328.742	1	212764	1	405.379	1	821.03	1	4116.66	1	10	275.195	303.462
452	328.742	1	212764	1	405.379	1	821.03	1	4116.66	1	31.6228	279.211	307.589
452	328.742	1	212764	1	405.379	1	821.03	1	4116.66	1	100	290.593	319.287
453	411.305	1	1.51388e+06	1	322.177	1	573.378	1	1620.58	1	0	273.249	301.462
453	411.305	1	1.51388e+06	1	322.177	1	573.378	1	1620.58	1	0.001	273.25	301.462
453	411.305	1	1.51388e+06	1	322.177	1	573.378	1	1620.58	1	0.00316228	273.25	301.462
453	411.305	1	1.51388e+06	1	322.177	1	573.378	1	1620.58	1	0.01	273.252	301.464
453	411.305	1	1.51388e+06	1	322.177	1	573.378	1	1620.58	1	0.0316228	273.257	301.47
453	411.305	1	1.51388e+06	1	322.177	1	573.378	1	1620.58	1	0.1	273.274	301.488
453	411.305	1	1.51388e+06	1	322.177	1	573.378	1	1620.58	1	0.316228	273.329	301.546
453	411.305	1	1.51388e+06	1	322.177	1	573.378	1	1620.58	1	1	273.499	301.73
453	411.305	1	1.51388e+06	1	322.177	1	573.378	1	1620.58	1	3.16228	274.037	302.306
453	411.305	1	1.51388e+06	1	322.177	1	573.378	1	1620.58	1	10	275.71	304.097
453	411.305	1	1.51388e+06	1	322.177	1	573.378	1	1620.58	1	31.6228	280.752	309.476
453	411.305	1	1.51388e+06	1	322.177	1	573.378	1	1620.58	1	100	295.045	324.64
454	403.709	1	1.46737e+06	1	394.938	1	1819.14	1	3477.85	1	0	273.249	301.462
454	403.709	1	1.46737e+06	1	394.938	1	1819.14	1	3477.85	1	0.001	273.25	301.462
454	403.709	1	1.46737e+06	1	394.938	1	1819.14	1	3477.85	1	0.00316228	273.25	301.462
454	403.709	1	1.46737e+06	1	394.938	1	1819.14	1	3477.85	1	0.01	273.251	301.463
454	403.709	1	1.46737e+06	1	394.938	1	1819.14	1	3477.85	1	0.0316228	273.254	301.466
454	403.709	1	1.46737e+06	1	394.938	1	1819.14	1	3477.85	1	0.1	273.264	301.477
454	403.709	1	1.46737e+06	1	394.938	1	1819.14	1	3477.85	1	0.316228	273.295	301.51
454	403.709	1	1.46737e+06	1	394.938	1	1819.14	1	3477.85	1	1	273.393	301.614
454	403.709	1	1.46737e+06	1	394.938	1	1819.14	1	3477.85	1	3.16228	273.702	301.941
454	403.709	1	1.46737e+06	1	394.938	1	1819.14	1	3477.85	1	10	274.665	302.959
454	403.709	1	1.46737e+06	1	394.938	1	1819.14	1	3477.85	1	31.6228	277.582	306.033
454	403.709	1	1.46737e+06	1	394.938	1	1819.14	1	3477.85	1	100	285.841	314.704
455	597.173	1	1.06357e+06	1	528.846	1	512.692	1	3959.1	1	0	273.249	301.462
455	597.173	1	1.06357e+06	1	528.846	1	512.692	1	3959.1	1	0.001	273.25	301.462
455	597.173	1	1.06357e+06	1	528.846	1	512.692	1	3959.1	1	0.00316228	273.25	301.462
455	597.173	1	1.06357e+06	1	528.846	1	512.692	1	3959.1	1	0.01	273.252	301.464
455	597.173	1	1.06357e+06	1	528.846	1	512.692	1	3959.1	1	0.0316228	273.256	301.469
455	597.173	1	1.06357e+06	1	528.846	1	512.692	1	3959.1	1	0.1	273.271	301.485
455	597.173	1	1.06357e+06	1	528.846	1	512.692	1	3959.1	1	0.316228	273.319	301.535
455	597.173	1	1.06357e+06	1	528.846	1	512.692	1	3959.1	1	1	273.47	301.694
455	597.173	1	1.06357e+06	1	528.846	1	512.692	1	3959.1	1	3.16228	273.944	302.195
455	597.173	1	1.06357e+06	1	528.846	1	512.692	1	3959.1	1	10	275.424	303.757
455	597.173	1	1.06357e+06	1	528.846	1	512.692	1	3959.1	1	31.6228	279.915	308.489
455	597.173	1	1.06357e+06	1	528.846	1	512.692	1	3959.1	1	100	292.983	322.221
456	216.711	1	1.08214e+06	1	284.036	1	1549.71	1	3371	1	0	273.249	301.462
456	216.711	1	1.08214e+06	1	284.036	1	1549.71	1	3371	1	0.001	273.25	301.462
456	216.711	1	1.08214e+06	1	284.036	1	1549.71	1	3371	1	0.00316228	273.25	301.462
456	216.711	1	1.08214e+06	1	284.036	1	1549.71	1	3371	1	0.01	273.251	301.464
456	216.711	1	1.08214e+06	1	284.036	1	1549.71	1	3371	1	0.0316228	273.256	301.468
456	216.711	1	1.08214e+06	1	284.036	1	1549.71	1	3371	1	0.1	273.27	301.482
456	216.711	1	1.08214e+06	1	284.036	1	1549.71	1	3371	1	0.316228	273.314	301.527
456	216.711	1	1.08214e+06	1	284.036	1	1549.71	1	3371	1	1	273.452	301.667
456	216.711	1	1.08214e+06	1	284.036	1	1549.71	1	3371	1	3.16228	273.887	302.108
456	216.711	1	1.08214e+06	1	284.036	1	1549.71	1	3371	1	10	275.232	303.471
456	216.711	1	1.08214e+06	1	284.036	1	1549.71	1	3371	1	31.6228	279.205	307.496
456	216.711	1	1.08214e+06	1	284.036	1	1549.71	1	3371	1	100	289.763	318.231
457	304.391	1	657989	1	195.267	1	1671.96	1	5725.55	1	0	273.249	301.462
457	304.391	1	657989	1	195.267	1	1671.96	1	5725.55	1	0.001	273.25	301.462
457	304.391	1	657989	1	195.267	1	1671.96	1	5725.55	1	0.00316228	273.25	301.462
457	304.391	1	657989	1	195.267	1	1671.96	1	5725.55	1	0.01	273.252	301.464
457	304.391	1	657989	1	195.267	1	1671.96	1	5725.55	1	0.0316228	273.257	301.47
457	304.391	1	657989	1	195.267	1	1671.96	1	5725.55	1	0.1	273.273	301.488
457	304.391	1	657989	1	195.267	1	1671.96	1	5725.55	1	0.316228	273.323	301.544
457	304.391	1	657989	1	195.267	1	1671.96	1	5725.55	1	1	273.482	301.723
457	304.391	1	657989	1	195.267	1	1671.96	1	5725.55	1	3.16228	273.98	302.28
457	304.391	1	657989	1	195.267	1	1671.96	1	5725.55	1	10	275.508	303.984
457	304.391	1	657989	1	195.267	1	1671.96	1	5725.55	1	31.6228	279.936	308.878
457	304.391	1	657989	1	195.267	1	1671.96	1	5725.55	1	100	291.142	321.114
458	380.049	1	2.29348e+06	1	518.792	1	1938.44	1	4309.54	1	0	273.249	301.462
458	380.049	1	2.29348e+06	1	518.792	1	1938.44	1	4309.54	1	0.001	273.25	301.462
458	380.049	1	2.29348e+06	1	518.792	1	1938.44	1	4309.54	1	0.00316228	273.25	301.462
458	380.049	1	2.29348e+06	1	518.792	1	1938.44	1	4309.54	1	0.01	273.251	301.463
458	380.049	1	2.29348e+06	1	518.792	1	1938.44	1	4309.54	1	0.0316228	273.253	301.466
458	380.049	1	2.29348e+06	1	518.792	1	1938.44	1	4309.54	1	0.1	273.262	301.474
458	380.049	1	2.29348e+06	1	518.792	1	1938.44	1	4309.54	1	0.316228	273.289	301.501
458	380.049	1	2.29348e+06	1	518.792	1	1938.44	1	4309.54	1	1	273.374	301.587
458	380.049	1	2.29348e+06	1	518.792	1	1938.44	1	4309.54	1	3.16228	273.642	301.858
458	380.049	1	2.29348e+06	1	518.792	1	1938.44	1	4309.54	1	10	274.48	302.705
458	380.049	1	2.29348e+06	1	518.792	1	1938.44	1	4309.54	1	31.6228	277.036	305.287
458	380.049	1	2.29348e+06	1	518.792	1	1938.44	1	4309.54	1	100	284.4	312.741
459	439.281	1	1.65113e+06	1	306.416	1	3071.47	1	3000.2	1	0	273.249	301.462
459	439.281	1	1.65113e+06	1	306.416	1	3071.47	1	3000.2	1	0.001	273.25	301.462
459	439.281	1	1.65113e+06	1	306.416	1	3071.47	1	3000.2	1	0.00316228	273.25	301.462
459	439.281	1	1.65113e+06	1	306.416	1	3071.47	1	3000.2	1	0.01	273.251	301.463
459	439.281	1	1.65113e+06	1	306.416	1	3071.47	1	3000.2	1	0.0316228	273.254	301.467
459	439.281	1	1.65113e+06	1	306.416	1	3071.47	1	3000.2	1	0.1	273.264	301.478
459	439.281	1	1.65113e+06	1	306.416	1	3071.47	1	3000.2	1	0.316228	273.296	301.513
459	439.281	1	1.65113e+06	1	306.416	1	3071.47	1	3000.2	1	1	273.396	301.625
459	439.281	1	1.65113e+06	1	306.416	1	3071.47	1	3000.2	1	3.16228	273.711	301.975
459	439.281	1	1.65113e+06	1	306.416	1	3071.47	1	3000.2	1	10	274.687	303.057
459	439.281	1	1.65113e+06	1	306.416	1	3071.47	1	3000.2	1	31.6228	277.589	306.251
459	439.281	1	1.65113e+06	1	306.416	1	3071.47	1	3000.2	1	100	285.456	314.833
460	512.197	1	486269	1	241.679	1	1912.26	1	2029.33	1	0	273.249	301.462
460	512.197	1	486269	1	241.679	1	1912.26	1	2029.33	1	0.001	273.25	301.462
460	512.197	1	486269	1	241.679	1	1912.26	1	2029.33	1	0.00316228	273.25	301.462
460	512.197	1	486269	1	241.679	1	1912.26	1	2029.33	1	0.01	273.251	301.464
460	512.197	1	486269	1	241.679	1	1912.26	1	2029.33	1	0.0316228	273.255	301.468
460	512.197	1	486269	1	241.679	1	1912.26	1	2029.33	1	0.1	273.268	301.483
460	512.197	1	486269	1	241.679	1	1912.26	1	2029.33	1	0.316228	273.308	301.529
460	512.197	1	486269	1	241.679	1	1912.26	1	2029.33	1	1	273.434	301.674
460	512.197	1	486269	1	241.679	1	1912.26	1	2029.33	1	3.16228	273.829	302.129
460	512.197	1	486269	1	241.679	1	1912.26	1	2029.33	1	10	275.048	303.529
460	512.197	1	486269	1	241.679	1	1912.26	1	2029.33	1	31.6228	278.638	307.609
460	512.197	1	486269	1	241.679	1	1912.26	1	2029.33	1	100	288.04	318.208
461	479.328	1	906583	1	502.521	1	662.965	1	1705.34	1	0	273.249	301.462
461	479.328	1	906583	1	502.521	1	662.965	1	1705.34	1	0.001	273.25	301.462
461	479.328	1	906583	1	502.521	1	662.965	1	1705.34	1	0.00316228	273.25	301.462
461	479.328	1	906583	1	502.521	1	662.965	1	1705.34	1	0.01	273.251	301.464
461	479.328	1	906583	1	502.521	1	662.965	1	1705.34	1	0.0316228	273.256	301.468
461	479.328	1	906583	1	502.521	1	662.965	1	1705.34	1	0.1	273.269	301.482
461	479.328	1	906583	1	502.521	1	662.965	1	1705.34	1	0.316228	273.311	301.526
461	479.328	1	906583	1	502.521	1	662.965	1	1705.34	1	1	273.445	301.666
461	479.328	1	906583	1	502.521	1	662.965	1	1705.34	1	3.16228	273.865	302.105
461	479.328	1	906583	1	502.521	1	662.965	1	1705.34	1	10	275.179	303.479
461	479.328	1	906583	1	502.521	1	662.965	1	1705.34	1	31.6228	279.187	307.664
461	479.328	1	906583	1	502.521	1	662.965	1	1705.34	1	100	290.697	319.656
462	464.367	1	3.2964e+06	1	468.443	1	1182.9	1	1827.58	1	0	273.249	301.462
462	464.367	1	3.2964e+06	1	468.443	1	1182.9	1	1827.58	1	0.001	273.25	301.462
462	464.367	1	3.2964e+06	1	468.443	1	1182.9	1	1827.58	1	0.00316228	273.25	301.462
462	464.367	1	3.2964e+06	1	468.443	1	1182.9	1	1827.58	1	0.01	273.251	301.463
462	464.367	1	3.2964e+06	1	468.443	1	1182.9	1	1827.58	1	0.0316228	273.254	301.467
462	464.367	1	3.2964e+06	1	468.443	1	1182.9	1	1827.58	1	0.1	273.265	301.477
462	464.367	1	3.2964e+06	1	468.443	1	1182.9	1	1827.58	1	0.316228	273.297	301.512
462	464.367	1	3.2964e+06	1	468.443	1	1182.9	1	1827.58	1	1	273.4	301.62
462	464.367	1	3.2964e+06	1	468.443	1	1182.9	1	1827.58	1	3.16228	273.725	301.962
462	464.367	1	3.2964e+06	1	468.443	1	1182.9	1	1827.58	1	10	274.741	303.03
462	464.367	1	3.2964e+06	1	468.443	1	1182.9	1	1827.58	1	31.6228	277.847	306.288
462	464.367	1	3.2964e+06	1	468.443	1	1182.9	1	1827.58	1	100	286.812	315.669
463	419.43	1	1.72156e+06	1	530.491	1	1928.49	1	1941.85	1	0	273.249	301.462
463	419.43	1	1.72156e+06	1	530.491	1	1928.49	1	1941.85	1	0.001	273.25	301.462
463	419.43	1	1.72156e+06	1	530.491	1	1928.49	1	1941.85	1	0.00316228	273.25	301.462
463	419.43	1	1.72156e+06	1	530.491	1	1928.49	1	1941.85	1	0.01	273.251	301.463
463	419.43	1	1.72156e+06	1	530.491	1	1928.49	1	1941.85	1	0.0316228	273.253	301.465
463	419.43	1	1.72156e+06	1	530.491	1	1928.49	1	1941.85	1	0.1	273.262	301.474
463	419.43	1	1.72156e+06	1	530.491	1	1928.49	1	1941.85	1	0.316228	273.288	301.501
463	419.43	1	1.72156e+06	1	530.491	1	1928.49	1	1941.85	1	1	273.371	301.586
463	419.43	1	1.72156e+06	1	530.491	1	1928.49	1	1941.85	1	3.16228	273.632	301.853
463	419.43	1	1.72156e+06	1	530.491	1	1928.49	1	1941.85	1	10	274.449	302.687
463	419.43	1	1.72156e+06	1	530.491	1	1928.49	1	1941.85	1	31.6228	276.945	305.238
463	419.43	1	1.72156e+06	1	530.491	1	1928.49	1	1941.85	1	100	284.166	312.618
464	507.662	1	639665	1	185.156	1	2265.88	1	747.601	1	0	273.249	301.462
464	507.662	1	639665	1	185.156	1	2265.88	1	747.601	1	0.001	273.25	301.462
464	507.662	1	639665	1	185.156	1	2265.88	1	747.601	1	0.00316228	273.25	301.462
464	507.662	1	639665	1	185.156	1	2265.88	1	747.601	1	0.01	273.252	301.464
464	507.662	1	639665	1	185.156	1	2265.88	1	747.601	1	0.0316228	273.256	301.47
464	507.662	1	639665	1	185.156	1	2265.88	1	747.601	1	0.1	273.271	301.487
464	507.662	1	639665	1	185.156	1	2265.88	1	747.601	1	0.316228	273.318	301.543
464	507.662	1	639665	1	185.156	1	2265.88	1	747.601	1	1	273.467	301.719
464	507.662	1	639665	1	185.156	1	2265.88	1	747.601	1	3.16228	273.931	302.269
464	507.662	1	639665	1	185.156	1	2265.88	1	747.601	1	10	275.348	303.942
464	507.662	1	639665	1	185.156	1	2265.88	1	747.601	1	31.6228	279.417	308.702
464	507.662	1	639665	1	185.156	1	2265.88	1	747.601	1	100	289.455	320.303
465	561.169	1	2.20102e+06	1	382.054	1	1321.62	1	2871.77	1	0	273.249	301.462
465	561.169	1	2.20102e+06	1	382.054	1	1321.62	1	2871.77	1	0.001	273.25	301.462
465	561.169	1	2.20102e+06	1	382.054	1	1321.62	1	2871.77	1	0.00316228	273.25	301.462
465	561.169	1	2.20102e+06	1	382.054	1	1321.62	1	2871.77	1	0.01	273.251	301.463
465	561.169	1	2.20102e+06	1	382.054	1	1321.62	1	2871.77	1	0.0316228	273.254	301.467
465	561.169	1	2.20102e+06	1	382.054	1	1321.62	1	2871.77	1	0.1	273.265	301.479
465	561.169	1	2.20102e+06	1	382.054	1	1321.62	1	2871.77	1	0.316228	273.298	301.515
465	561.169	1	2.20102e+06	1	382.054	1	1321.62	1	2871.77	1	1	273.404	301.631
465	561.169	1	2.20102e+06	1	382.054	1	1321.62	1	2871.77	1	3.16228	273.736	301.996
465	561.169	1	2.20102e+06	1	382.054	1	1321.62	1	2871.77	1	10	274.774	303.132
465	561.169	1	2.20102e+06	1	382.054	1	1321.62	1	2871.77	1	31.6228	277.926	306.569
465	561.169	1	2.20102e+06	1	382.054	1	1321.62	1	2871.77	1	100	286.898	316.286
466	512.054	1	1.41953e+06	1	399.358	1	1468.49	1	3872.33	1	0	273.249	301.462
466	512.054	1	1.41953e+06	1	399.358	1	1468.49	1	3872.33	1	0.001	273.25	301.462
466	512.054	1	1.41953e+06	1	399.358	1	1468.49	1	3872.33	1	0.00316228	273.25	301.462
466	512.054	1	1.41953e+06	1	399.358	1	1468.49	1	3872.33	1	0.01	273.251	301.463
466	512.054	1	1.41953e+06	1	399.358	1	1468.49	1	3872.33	1	0.0316228	273.254	301.467
466	512.054	1	1.41953e+06	1	399.358	1	1468.49	1	3872.33	1	0.1	273.264	301.478
466	512.054	1	1.41953e+06	1	399.358	1	1468.49	1	3872.33	1	0.316228	273.296	301.512
466	512.054	1	1.41953e+06	1	399.358	1	1468.49	1	3872.33	1	1	273.396	301.621
466	512.054	1	1.41953e+06	1	399.358	1	1468.49	1	3872.33	1	3.16228	273.713	301.964
466	512.054	1	1.41953e+06	1	399.358	1	1468.49	1	3872.33	1	10	274.701	303.034
466	512.054	1	1.41953e+06	1	399.358	1	1468.49	1	3872.33	1	31.6228	277.705	306.272
466	512.054	1	1.41953e+06	1	399.358	1	1468.49	1	3872.33	1	100	286.275	315.457
467	448.327	1	2.10584e+06	1	924.486	1	1227.07	1	3622	1	0	273.249	301.462
467	448.327	1	2.10584e+06	1	924.486	1	1227.07	1	3622	1	0.001	273.25	301.462
467	448.327	1	2.10584e+06	1	924.486	1	1227.07	1	3622	1	0.00316228	273.25	301.462
467	448.327	1	2.10584e+06	1	924.486	1	1227.07	1	3622	1	0.01	273.251	301.463
467	448.327	1	2.10584e+06	1	924.486	1	1227.07	1	3622	1	0.0316228	273.253	301.465
467	448.327	1	2.10584e+06	1	924.486	1	1227.07	1	3622	1	0.1	273.261	301.473
467	448.327	1	2.10584e+06	1	924.486	1	1227.07	1	3622	1	0.316228	273.287	301.498
467	448.327	1	2.10584e+06	1	924.486	1	1227.07	1	3622	1	1	273.367	301.576
467	448.327	1	2.10584e+06	1	924.486	1	1227.07	1	3622	1	3.16228	273.62	301.822
467	448.327	1	2.10584e+06	1	924.486	1	1227.07	1	3622	1	10	274.413	302.594
467	448.327	1	2.10584e+06	1	924.486	1	1227.07	1	3622	1	31.6228	276.86	304.982
467	448.327	1	2.10584e+06	1	924.486	1	1227.07	1	3622	1	100	284.076	312.06
468	557.645	1	1.95444e+06	1	313.495	1	1270.46	1	5100.98	1	0	273.249	301.462
468	557.645	1	1.95444e+06	1	313.495	1	1270.46	1	5100.98	1	0.001	273.25	301.462
468	557.645	1	1.95444e+06	1	313.495	1	1270.46	1	5100.98	1	0.00316228	273.25	301.462
468	557.645	1	1.95444e+06	1	313.495	1	1270.46	1	5100.98	1	0.01	273.251	301.464
468	557.645	1	1.95444e+06	1	313.495	1	1270.46	1	5100.98	1	0.0316228	273.255	301.468
468	557.645	1	1.95444e+06	1	313.495	1	1270.46	1	5100.98	1	0.1	273.267	301.481
468	557.645	1	1.95444e+06	1	313.495	1	1270.46	1	5100.98	1	0.316228	273.304	301.523
468	557.645	1	1.95444e+06	1	313.495	1	1270.46	1	5100.98	1	1	273.423	301.656
468	557.645	1	1.95444e+06	1	313.495	1	1270.46	1	5100.98	1	3.16228	273.797	302.074
468	557.645	1	1.95444e+06	1	313.495	1	1270.46	1	5100.98	1	10	274.959	303.371
468	557.645	1	1.95444e+06	1	313.495	1	1270.46	1	5100.98	1	31.6228	278.46	307.251
468	557.645	1	1.95444e+06	1	313.495	1	1270.46	1	5100.98	1	100	288.224	317.98
469	646.327	1	1.24029e+06	1	534.954	1	1461.38	1	3535.5	1	0	273.249	301.462
469	646.327	1	1.24029e+06	1	534.954	1	1461.38	1	3535.5	1	0.001	273.25	301.462
469	646.327	1	1.24029e+06	1	534.954	1	1461.38	1	3535.5	1	0.00316228	273.25	301.462
469	646.327	1	1.24029e+06	1	534.954	1	1461.38	1	3535.5	1	0.01	273.251	301.463
469	646.327	1	1.24029e+06	1	534.954	1	1461.38	1	3535.5	1	0.0316228	273.253	301.466
469	646.327	1	1.24029e+06	1	534.954	1	1461.38	1	3535.5	1	0.1	273.262	301.475
469	646.327	1	1.24029e+06	1	534.954	1	1461.38	1	3535.5	1	0.316228	273.289	301.504
469	646.327	1	1.24029e+06	1	534.954	1	1461.38	1	3535.5	1	1	273.373	301.595
469	646.327	1	1.24029e+06	1	534.954	1	1461.38	1	3535.5	1	3.16228	273.641	301.882
469	646.327	1	1.24029e+06	1	534.954	1	1461.38	1	3535.5	1	10	274.478	302.78
469	646.327	1	1.24029e+06	1	534.954	1	1461.38	1	3535.5	1	31.6228	277.051	305.533
469	646.327	1	1.24029e+06	1	534.954	1	1461.38	1	3535.5	1	100	284.551	313.523
470	466.026	1	730503	1	583.643	1	3777.27	1	4342.94	1	0	273.249	301.462
470	466.026	1	730503	1	583.643	1	3777.27	1	4342.94	1	0.001	273.25	301.462
470	466.026	1	730503	1	583.643	1	3777.27	1	4342.94	1	0.00316228	273.25	301.462
470	466.026	1	730503	1	583.643	1	3777.27	1	4342.94	1	0.01	273.25	301.463
470	466.026	1	730503	1	583.643	1	3777.27	1	4342.94	1	0.0316228	273.252	301.465
470	466.026	1	730503	1	583.643	1	3777.27	1	4342.94	1	0.1	273.259	301.471
470	466.026	1	730503	1	583.643	1	3777.27	1	4342.94	1	0.316228	273.279	301.492
470	466.026	1	730503	1	583.643	1	3777.27	1	4342.94	1	1	273.344	301.558
470	466.026	1	730503	1	583.643	1	3777.27	1	4342.94	1	3.16228	273.546	301.765
470	466.026	1	730503	1	583.643	1	3777.27	1	4342.94	1	10	274.18	302.412
470	466.026	1	730503	1	583.643	1	3777.27	1	4342.94	1	31.6228	276.116	304.386
470	466.026	1	730503	1	583.643	1	3777.27	1	4342.94	1	100	281.693	310.066
471	592.034	1	7.18957e+06	1	417.894	1	1270.57	1	1998.1	1	0	273.249	301.462
471	592.034	1	7.18957e+06	1	417.894	1	1270.57	1	1998.1	1	0.001	273.25	301.462
471	592.034	1	7.18957e+06	1	417.894	1	1270.57	1	1998.1	1	0.00316228	273.25	301.462
471	592.034	1	7.18957e+06	1	417.894	1	1270.57	1	1998.1	1	0.01	273.251	301.463
471	592.034	1	7.18957e+06	1	417.894	1	1270.57	1	1998.1	1	0.0316228	273.254	301.467
471	592.034	1	7.18957e+06	1	417.894	1	1270.57	1	1998.1	1	0.1	273.264	301.478
471	592.034	1	7.18957e+06	1	417.894	1	1270.57	1	1998.1	1	0.316228	273.297	301.513
471	592.034	1	7.18957e+06	1	417.894	1	1270.57	1	1998.1	1	1	273.399	301.624
471	592.034	1	7.18957e+06	1	417.894	1	1270.57	1	1998.1	1	3.16228	273.72	301.975
471	592.034	1	7.18957e+06	1	417.894	1	1270.57	1	1998.1	1	10	274.724	303.07
471	592.034	1	7.18957e+06	1	417.894	1	1270.57	1	1998.1	1	31.6228	277.788	306.394
471	592.034	1	7.18957e+06	1	417.894	1	1270.57	1	1998.1	1	100	286.576	315.88
472	406.689	1	829445	1	306.569	1	1336.96	1	2273.4	1	0	273.249	301.462
472	406.689	1	829445	1	306.569	1	1336.96	1	2273.4	1	0.001	273.25	301.462
472	406.689	1	829445	1	306.569	1	1336.96	1	2273.4	1	0.00316228	273.25	301.462
472	406.689	1	829445	1	306.569	1	1336.96	1	2273.4	1	0.01	273.251	301.464
472	406.689	1	829445	1	306.569	1	1336.96	1	2273.4	1	0.0316228	273.255	301.468
472	406.689	1	829445	1	306.569	1	1336.96	1	2273.4	1	0.1	273.267	301.481
472	406.689	1	829445	1	306.569	1	1336.96	1	2273.4	1	0.316228	273.307	301.524
472	406.689	1	829445	1	306.569	1	1336.96	1	2273.4	1	1	273.43	301.658
472	406.689	1	829445	1	306.569	1	1336.96	1	2273.4	1	3.16228	273.817	302.081
472	406.689	1	829445	1	306.569	1	1336.96	1	2273.4	1	10	275.022	303.391
472	406.689	1	829445	1	306.569	1	1336.96	1	2273.4	1	31.6228	278.638	307.303
472	406.689	1	829445	1	306.569	1	1336.96	1	2273.4	1	100	288.677	318.079
473	460.16	1	1.11783e+06	1	439.415	1	1491.5	1	3092.96	1	0	273.249	301.462
473	460.16	1	1.11783e+06	1	439.415	1	1491.5	1	3092.96	1	0.001	273.25	301.462
473	460.16	1	1.11783e+06	1	439.415	1	1491.5	1	3092.96	1	0.00316228	273.25	301.462
473	460.16	1	1.11783e+06	1	439.415	1	1491.5	1	3092.96	1	0.01	273.251	301.463
473	460.16	1	1.11783e+06	1	439.415	1	1491.5	1	3092.96	1	0.0316228	273.254	301.466
473	460.16	1	1.11783e+06	1	439.415	1	1491.5	1	3092.96	1	0.1	273.264	301.477
473	460.16	1	1.11783e+06	1	439.415	1	1491.5	1	3092.96	1	0.316228	273.294	301.509
473	460.16	1	1.11783e+06	1	439.415	1	1491.5	1	3092.96	1	1	273.391	301.612
473	460.16	1	1.11783e+06	1	439.415	1	1491.5	1	3092.96	1	3.16228	273.697	301.936
473	460.16	1	1.11783e+06	1	439.415	1	1491.5	1	3092.96	1	10	274.651	302.946
473	460.16	1	1.11783e+06	1	439.415	1	1491.5	1	3092.96	1	31.6228	277.559	306.017
473	460.16	1	1.11783e+06	1	439.415	1	1491.5	1	3092.96	1	100	285.909	314.801
474	549.544	1	3.36429e+06	1	336.753	1	2393.52	1	1843.24	1	0	273.249	301.462
474	549.544	1	3.36429e+06	1	336.753	1	2393.52	1	1843.24	1	0.001	273.25	301.462
474	549.544	1	3.36429e+06	1	336.753	1	2393.52	1	1843.24	1	0.00316228	273.25	301.462
474	549.544	1	3.36429e+06	1	336.753	1	2393.52	1	1843.24	1	0.01	273.251	301.463
474	549.544	1	3.36429e+06	1	336.753	1	2393.52	1	1843.24	1	0.0316228	273.254	301.467
474	549.544	1	3.36429e+06	1	336.753	1	2393.52	1	1843.24	1	0.1	273.263	301.477
474	549.544	1	3.36429e+06	1	336.753	1	2393.52	1	1843.24	1	0.316228	273.294	301.511
474	549.544	1	3.36429e+06	1	336.753	1	2393.52	1	1843.24	1	1	273.39	301.619
474	549.544	1	3.36429e+06	1	336.753	1	2393.52	1	1843.24	1	3.16228	273.691	301.958
474	549.544	1	3.36429e+06	1	336.753	1	2393.52	1	1843.24	1	10	274.629	303.008
474	549.544	1	3.36429e+06	1	336.753	1	2393.52	1	1843.24	1	31.6228	277.443	306.139
474	549.544	1	3.36429e+06	1	336.753	1	2393.52	1	1843.24	1	100	285.235	314.737
475	686.107	1	778223	1	402.495	1	1118.2	1	4468.27	1	0	273.249	301.462
475	686.107	1	778223	1	402.495	1	1118.2	1	4468.27	1	0.001	273.25	301.462
475	686.107	1	778223	1	402.495	1	1118.2	1	4468.27	1	0.00316228	273.25	301.462
475	686.107	1	778223	1	402.495	1	1118.2	1	4468.27	1	0.01	273.251	301.463
475	686.107	1	778223	1	402.495	1	1118.2	1	4468.27	1	0.0316228	273.254	301.467
475	686.107	1	778223	1	402.495	1	1118.2	1	4468.27	1	0.1	273.265	301.479
475	686.107	1	778223	1	402.495	1	1118.2	1	4468.27	1	0.316228	273.299	301.517
475	686.107	1	778223	1	402.495	1	1118.2	1	4468.27	1	1	273.406	301.635
475	686.107	1	778223	1	402.495	1	1118.2	1	4468.27	1	3.16228	273.745	302.009
475	686.107	1	778223	1	402.495	1	1118.2	1	4468.27	1	10	274.801	303.175
475	686.107	1	778223	1	402.495	1	1118.2	1	4468.27	1	31.6228	278.023	306.713
475	686.107	1	778223	1	402.495	1	1118.2	1	4468.27	1	100	287.237	316.775
476	456.84	1	1.18213e+06	1	529.314	1	1164.72	1	3455.82	1	0	273.249	301.462
476	456.84	1	1.18213e+06	1	529.314	1	1164.72	1	3455.82	1	0.001	273.25	301.462
476	456.84	1	1.18213e+06	1	529.314	1	1164.72	1	3455.82	1	0.00316228	273.25	301.462
476	456.84	1	1.18213e+06	1	529.314	1	1164.72	1	3455.82	1	0.01	273.251	301.463
476	456.84	1	1.18213e+06	1	529.314	1	1164.72	1	3455.82	1	0.0316228	273.254	301.466
476	456.84	1	1.18213e+06	1	529.314	1	1164.72	1	3455.82	1	0.1	273.264	301.477
476	456.84	1	1.18213e+06	1	529.314	1	1164.72	1	3455.82	1	0.316228	273.295	301.509
476	456.84	1	1.18213e+06	1	529.314	1	1164.72	1	3455.82	1	1	273.394	301.611
476	456.84	1	1.18213e+06	1	529.314	1	1164.72	1	3455.82	1	3.16228	273.705	301.933
476	456.84	1	1.18213e+06	1	529.314	1	1164.72	1	3455.82	1	10	274.679	302.942
476	456.84	1	1.18213e+06	1	529.314	1	1164.72	1	3455.82	1	31.6228	277.664	306.029
476	456.84	1	1.18213e+06	1	529.314	1	1164.72	1	3455.82	1	100	286.33	314.979
477	342.124	1	1.1578e+06	1	488.192	1	3211.14	1	3825.84	1	0	273.249	301.462
477	342.124	1	1.1578e+06	1	488.192	1	3211.14	1	3825.84	1	0.001	273.25	301.462
477	342.124	1	1.1578e+06	1	488.192	1	3211.14	1	3825.84	1	0.00316228	273.25	301.462
477	342.124	1	1.1578e+06	1	488.192	1	3211.14	1	3825.84	1	0.01	273.251	301.463
477	342.124	1	1.1578e+06	1	488.192	1	3211.14	1	3825.84	1	0.0316228	273.253	301.465
477	342.124	1	1.1578e+06	1	488.192	1	3211.14	1	3825.84	1	0.1	273.261	301.473
477	342.124	1	1.1578e+06	1	488.192	1	3211.14	1	3825.84	1	0.316228	273.286	301.498
477	342.124	1	1.1578e+06	1	488.192	1	3211.14	1	3825.84	1	1	273.365	301.577
477	342.124	1	1.1578e+06	1	488.192	1	3211.14	1	3825.84	1	3.16228	273.615	301.826
477	342.124	1	1.1578e+06	1	488.192	1	3211.14	1	3825.84	1	10	274.392	302.601
477	342.124	1	1.1578e+06	1	488.192	1	3211.14	1	3825.84	1	31.6228	276.744	304.95
477	342.124	1	1.1578e+06	1	488.192	1	3211.14	1	3825.84	1	100	283.4	311.623
478	661.581	1	921089	1	552.167	1	700.231	1	1616.41	1	0	273.249	301.462
478	661.581	1	921089	1	552.167	1	700.231	1	1616.41	1	0.001	273.25	301.462
478	661.581	1	921089	1	552.167	1	700.231	1	1616.41	1	0.00316228	273.25	301.462
478	661.581	1	921089	1	552.167	1	700.231	1	1616.41	1	0.01	273.251	301.463
478	661.581	1	921089	1	552.167	1	700.231	1	1616.41	1	0.0316228	273.255	301.468
478	661.581	1	921089	1	552.167	1	700.231	1	1616.41	1	0.1	273.267	301.48
478	661.581	1	921089	1	552.167	1	700.231	1	1616.41	1	0.316228	273.306	301.521
478	661.581	1	921089	1	552.167	1	700.231	1	1616.41	1	1	273.427	301.651
478	661.581	1	921089	1	552.167	1	700.231	1	1616.41	1	3.16228	273.81	302.058
478	661.581	1	921089	1	552.167	1	700.231	1	1616.41	1	10	275.009	303.332
478	661.581	1	921089	1	552.167	1	700.231	1	1616.41	1	31.6228	278.679	307.223
478	661.581	1	921089	1	552.167	1	700.231	1	1616.41	1	100	289.207	318.362
479	500.528	1	2.38683e+06	1	357.585	1	1026.15	1	3716.39	1	0	273.249	301.462
479	500.528	1	2.38683e+06	1	357.585	1	1026.15	1	3716.39	1	0.001	273.25	301.462
479	500.528	1	2.38683e+06	1	357.585	1	1026.15	1	3716.39	1	0.00316228	273.25	301.462
479	500.528	1	2.38683e+06	1	357.585	1	1026.15	1	3716.39	1	0.01	273.251	301.464
479	500.528	1	2.38683e+06	1	357.585	1	1026.15	1	3716.39	1	0.0316228	273.255	301.468
479	500.528	1	2.38683e+06	1	357.585	1	1026.15	1	3716.39	1	0.1	273.267	301.481
479	500.528	1	2.38683e+06	1	357.585	1	1026.15	1	3716.39	1	0.316228	273.306	301.523
479	500.528	1	2.38683e+06	1	357.585	1	1026.15	1	3716.39	1	1	273.428	301.656
479	500.528	1	2.38683e+06	1	357.585	1	1026.15	1	3716.39	1	3.16228	273.811	302.073
479	500.528	1	2.38683e+06	1	357.585	1	1026.15	1	3716.39	1	10	275.007	303.374
479	500.528	1	2.38683e+06	1	357.585	1	1026.15	1	3716.39	1	31.6228	278.637	307.299
479	500.528	1	2.38683e+06	1	357.585	1	1026.15	1	3716.39	1	100	288.914	318.347
480	621.377	1	1.24267e+06	1	276.227	1	711.593	1	2344.18	1	0	273.249	301.462
480	621.377	1	1.24267e+06	1	276.227	1	711.593	1	2344.18	1	0.001	273.25	301.462
480	621.377	1	1.24267e+06	1	276.227	1	711.593	1	2344.18	1	0.00316228	273.25	301.462
480	621.377	1	1.24267e+06	1	276.227	1	711.593	1	2344.18	1	0.01	273.252	301.464
480	621.377	1	1.24267e+06	1	276.227	1	711.593	1	2344.18	1	0.0316228	273.257	301.47
480	621.377	1	1.24267e+06	1	276.227	1	711.593	1	2344.18	1	0.1	273.273	301.488
480	621.377	1	1.24267e+06	1	276.227	1	711.593	1	2344.18	1	0.316228	273.323	301.544
480	621.377	1	1.24267e+06	1	276.227	1	711.593	1	2344.18	1	1	273.48	301.721
480	621.377	1	1.24267e+06	1	276.227	1	711.593	1	2344.18	1	3.16228	273.977	302.278
480	621.377	1	1.24267e+06	1	276.227	1	711.593	1	2344.18	1	10	275.521	304.006
480	621.377	1	1.24267e+06	1	276.227	1	711.593	1	2344.18	1	31.6228	280.159	309.161
480	621.377	1	1.24267e+06	1	276.227	1	711.593	1	2344.18	1	100	292.94	323.273
481	572.457	1	2.70339e+06	1	250.326	1	2003.91	1	4528.96	1	0	273.249	301.462
481	572.457	1	2.70339e+06	1	250.326	1	2003.91	1	4528.96	1	0.001	273.25	301.462
481	572.457	1	2.70339e+06	1	250.326	1	2003.91	1	4528.96	1	0.00316228	273.25	301.462
481	572.457	1	2.70339e+06	1	250.326	1	2003.91	1	4528.96	1	0.01	273.251	301.464
481	572.457	1	2.70339e+06	1	250.326	1	2003.91	1	4528.96	1	0.0316228	273.255	301.468
481	572.457	1	2.70339e+06	1	250.326	1	2003.91	1	4528.96	1	0.1	273.267	301.482
481	572.457	1	2.70339e+06	1	250.326	1	2003.91	1	4528.96	1	0.316228	273.305	301.526
481	572.457	1	2.70339e+06	1	250.326	1	2003.91	1	4528.96	1	1	273.425	301.666
481	572.457	1	2.70339e+06	1	250.326	1	2003.91	1	4528.96	1	3.16228	273.802	302.102
481	572.457	1	2.70339e+06	1	250.326	1	2003.91	1	4528.96	1	10	274.967	303.448
481	572.457	1	2.70339e+06	1	250.326	1	2003.91	1	4528.96	1	31.6228	278.402	307.378
481	572.457	1	2.70339e+06	1	250.326	1	2003.91	1	4528.96	1	100	287.429	317.626
482	787.659	1	820071	1	300.336	1	2529.69	1	3463.02	1	0	273.249	301.462
482	787.659	1	820071	1	300.336	1	2529.69	1	3463.02	1	0.001	273.25	301.462
482	787.659	1	820071	1	300.336	1	2529.69	1	3463.02	1	0.00316228	273.25	301.462
482	787.659	1	820071	1	300.336	1	2529.69	1	3463.02	1	0.01	273.251	301.463
482	787.659	1	820071	1	300.336	1	2529.69	1	3463.02	1	0.0316228	273.254	301.467
482	787.659	1	820071	1	300.336	1	2529.69	1	3463.02	1	0.1	273.264	301.478
482	787.659	1	820071	1	300.336	1	2529.69	1	3463.02	1	0.316228	273.295	301.515
482	787.659	1	820071	1	300.336	1	2529.69	1	3463.02	1	1	273.393	301.63
482	787.659	1	820071	1	300.336	1	2529.69	1	3463.02	1	3.16228	273.7	301.99
482	787.659	1	820071	1	300.336	1	2529.69	1	3463.02	1	10	274.653	303.104
482	787.659	1	820071	1	300.336	1	2529.69	1	3463.02	1	31.6228	277.492	306.398
482	787.659	1	820071	1	300.336	1	2529.69	1	3463.02	1	100	285.202	315.263
483	437.466	1	1.42009e+06	1	628.389	1	348.682	1	3164.33	1	0	273.249	301.462
483	437.466	1	1.42009e+06	1	628.389	1	348.682	1	3164.33	1	0.001	273.25	301.462
483	437.466	1	1.42009e+06	1	628.389	1	348.682	1	3164.33	1	0.00316228	273.25	301.462
483	437.466	1	1.42009e+06	1	628.389	1	348.682	1	3164.33	1	0.01	273.252	301.465
483	437.466	1	1.42009e+06	1	628.389	1	348.682	1	3164.33	1	0.0316228	273.258	301.471
483	437.466	1	1.42009e+06	1	628.389	1	348.682	1	3164.33	1	0.1	273.278	301.491
483	437.466	1	1.42009e+06	1	628.389	1	348.682	1	3164.33	1	0.316228	273.34	301.555
483	437.466	1	1.42009e+06	1	628.389	1	348.682	1	3164.33	1	1	273.536	301.755
483	437.466	1	1.42009e+06	1	628.389	1	348.682	1	3164.33	1	3.16228	274.15	302.386
483	437.466	1	1.42009e+06	1	628.389	1	348.682	1	3164.33	1	10	276.057	304.343
483	437.466	1	1.42009e+06	1	628.389	1	348.682	1	3164.33	1	31.6228	281.74	310.174
483	437.466	1	1.42009e+06	1	628.389	1	348.682	1	3164.33	1	100	298.184	327.016
484	251.736	1	1.05671e+06	1	326.676	1	1012.18	1	2176.56	1	0	273.249	301.462
484	251.736	1	1.05671e+06	1	326.676	1	1012.18	1	2176.56	1	0.001	273.25	301.462
484	251.736	1	1.05671e+06	1	326.676	1	1012.18	1	2176.56	1	0.00316228	273.25	301.462
484	251.736	1	1.05671e+06	1	326.676	1	1012.18	1	2176.56	1	0.01	273.252	301.464
484	251.736	1	1.05671e+06	1	326.676	1	1012.18	1	2176.56	1	0.0316228	273.256	301.468
484	251.736	1	1.05671e+06	1	326.676	1	1012.18	1	2176.56	1	0.1	273.27	301.483
484	251.736	1	1.05671e+06	1	326.676	1	1012.18	1	2176.56	1	0.316228	273.315	301.529
484	251.736	1	1.05671e+06	1	326.676	1	1012.18	1	2176.56	1	1	273.458	301.674
484	251.736	1	1.05671e+06	1	326.676	1	1012.18	1	2176.56	1	3.16228	273.905	302.13
484	251.736	1	1.05671e+06	1	326.676	1	1012.18	1	2176.56	1	10	275.295	303.546
484	251.736	1	1.05671e+06	1	326.676	1	1012.18	1	2176.56	1	31.6228	279.462	307.793
484	251.736	1	1.05671e+06	1	326.676	1	1012.18	1	2176.56	1	100	291.041	319.618
485	384.529	1	1.79464e+06	1	382.354	1	952.399	1	1914.61	1	0	273.249	301.462
485	384.529	1	1.79464e+06	1	382.354	1	952.399	1	1914.61	1	0.001	273.25	301.462
485	384.529	1	1.79464e+06	1	382.354	1	952.399	1	1914.61	1	0.00316228	273.25	301.462
485	384.529	1	1.79464e+06	1	382.354	1	952.399	1	1914.61	1	0.01	273.251	301.464
485	384.529	1	1.79464e+06	1	382.354	1	952.399	1	1914.61	1	0.0316228	273.255	301.468
485	384.529	1	1.79464e+06	1	382.354	1	952.399	1	1914.61	1	0.1	273.268	301.481
485	384.529	1	1.79464e+06	1	382.354	1	952.399	1	1914.61	1	0.316228	273.308	301.523
485	384.529	1	1.79464e+06	1	382.354	1	952.399	1	1914.61	1	1	273.435	301.657
485	384.529	1	1.79464e+06	1	382.354	1	952.399	1	1914.61	1	3.16228	273.833	302.076
485	384.529	1	1.79464e+06	1	382.354	1	952.399	1	1914.61	1	10	275.076	303.385
485	384.529	1	1.79464e+06	1	382.354	1	952.399	1	1914.61	1	31.6228	278.85	307.346
485	384.529	1	1.79464e+06	1	382.354	1	952.399	1	1914.61	1	100	289.565	318.56
486	1228.61	1	801192	1	488.618	1	686.231	1	2739.72	1	0	273.249	301.462
486	1228.61	1	801192	1	488.618	1	686.231	1	2739.72	1	0.001	273.25	301.462
486	1228.61	1	801192	1	488.618	1	686.231	1	2739.72	1	0.00316228	273.25	301.462
486	1228.61	1	801192	1	488.618	1	686.231	1	2739.72	1	0.01	273.251	301.464
486	1228.61	1	801192	1	488.618	1	686.231	1	2739.72	1	0.0316228	273.255	301.468
486	1228.61	1	801192	1	488.618	1	686.231	1	2739.72	1	0.1	273.267	301.481
486	1228.61	1	801192	1	488.618	1	686.231	1	2739.72	1	0.316228	273.306	301.524
486	1228.61	1	801192	1	488.618	1	686.231	1	2739.72	1	1	273.429	301.66
486	1228.61	1	801192	1	488.618	1	686.231	1	2739.72	1	3.16228	273.815	302.086
486	1228.61	1	801192	1	488.618	1	686.231	1	2739.72	1	10	275.023	303.419
486	1228.61	1	801192	1	488.618	1	686.231	1	2739.72	1	31.6228	278.712	307.481
486	1228.61	1	801192	1	488.618	1	686.231	1	2739.72	1	100	289.282	319.08
487	430.028	1	295088	1	608.761	1	5465.43	1	2673.84	1	0	273.249	301.462
487	430.028	1	295088	1	608.761	1	5465.43	1	2673.84	1	0.001	273.25	301.462
487	430.028	1	295088	1	608.761	1	5465.43	1	2673.84	1	0.00316228	273.25	301.462
487	430.028	1	295088	1	608.761	1	5465.43	1	2673.84	1	0.01	273.25	301.462
487	430.028	1	295088	1	608.761	1	5465.43	1	2673.84	1	0.0316228	273.252	301.464
487	430.028	1	295088	1	608.761	1	5465.43	1	2673.84	1	0.1	273.258	301.47
487	430.028	1	295088	1	608.761	1	5465.43	1	2673.84	1	0.316228	273.277	301.489
487	430.028	1	295088	1	608.761	1	5465.43	1	2673.84	1	1	273.337	301.549
487	430.028	1	295088	1	608.761	1	5465.43	1	2673.84	1	3.16228	273.527	301.738
487	430.028	1	295088	1	608.761	1	5465.43	1	2673.84	1	10	274.118	302.327
487	430.028	1	295088	1	608.761	1	5465.43	1	2673.84	1	31.6228	275.916	304.122
487	430.028	1	295088	1	608.761	1	5465.43	1	2673.84	1	100	281.063	309.262
488	607.035	1	848981	1	562.528	1	1679.81	1	3206.45	1	0	273.249	301.462
488	607.035	1	848981	1	562.528	1	1679.81	1	3206.45	1	0.001	273.25	301.462
488	607.035	1	848981	1	562.528	1	1679.81	1	3206.45	1	0.00316228	273.25	301.462
488	607.035	1	848981	1	562.528	1	1679.81	1	3206.45	1	0.01	273.251	301.463
488	607.035	1	848981	1	562.528	1	1679.81	1	3206.45	1	0.0316228	273.253	301.465
488	607.035	1	848981	1	562.528	1	1679.81	1	3206.45	1	0.1	273.261	301.474
488	607.035	1	848981	1	562.528	1	1679.81	1	3206.45	1	0.316228	273.286	301.5
488	607.035	1	848981	1	562.528	1	1679.81	1	3206.45	1	1	273.365	301.585
488	607.035	1	848981	1	562.528	1	1679.81	1	3206.45	1	3.16228	273.614	301.849
488	607.035	1	848981	1	562.528	1	1679.81	1	3206.45	1	10	274.396	302.679
488	607.035	1	848981	1	562.528	1	1679.81	1	3206.45	1	31.6228	276.798	305.224
488	607.035	1	848981	1	562.528	1	1679.81	1	3206.45	1	100	283.813	312.627
489	439.492	1	1.8856e+06	1	311.57	1	3237.03	1	5090.1	1	0	273.249	301.462
489	439.492	1	1.8856e+06	1	311.57	1	3237.03	1	5090.1	1	0.001	273.25	301.462
489	439.492	1	1.8856e+06	1	311.57	1	3237.03	1	5090.1	1	0.00316228	273.25	301.462
489	439.492	1	1.8856e+06	1	311.57	1	3237.03	1	5090.1	1	0.01	273.251	301.463
489	439.492	1	1.8856e+06	1	311.57	1	3237.03	1	5090.1	1	0.0316228	273.254	301.467
489	439.492	1	1.8856e+06	1	311.57	1	3237.03	1	5090.1	1	0.1	273.264	301.478
489	439.492	1	1.8856e+06	1	311.57	1	3237.03	1	5090.1	1	0.316228	273.295	301.512
489	439.492	1	1.8856e+06	1	311.57	1	3237.03	1	5090.1	1	1	273.393	301.621
489	439.492	1	1.8856e+06	1	311.57	1	3237.03	1	5090.1	1	3.16228	273.701	301.963
489	439.492	1	1.8856e+06	1	311.57	1	3237.03	1	5090.1	1	10	274.657	303.021
489	439.492	1	1.8856e+06	1	311.57	1	3237.03	1	5090.1	1	31.6228	277.5	306.147
489	439.492	1	1.8856e+06	1	311.57	1	3237.03	1	5090.1	1	100	285.216	314.551
490	428.801	1	1.6612e+06	1	316.074	1	794.475	1	3192.52	1	0	273.249	301.462
490	428.801	1	1.6612e+06	1	316.074	1	794.475	1	3192.52	1	0.001	273.25	301.462
490	428.801	1	1.6612e+06	1	316.074	1	794.475	1	3192.52	1	0.00316228	273.25	301.462
490	428.801	1	1.6612e+06	1	316.074	1	794.475	1	3192.52	1	0.01	273.252	301.464
490	428.801	1	1.6612e+06	1	316.074	1	794.475	1	3192.52	1	0.0316228	273.256	301.469
490	428.801	1	1.6612e+06	1	316.074	1	794.475	1	3192.52	1	0.1	273.271	301.485
490	428.801	1	1.6612e+06	1	316.074	1	794.475	1	3192.52	1	0.316228	273.317	301.535
490	428.801	1	1.6612e+06	1	316.074	1	794.475	1	3192.52	1	1	273.463	301.693
490	428.801	1	1.6612e+06	1	316.074	1	794.475	1	3192.52	1	3.16228	273.924	302.192
490	428.801	1	1.6612e+06	1	316.074	1	794.475	1	3192.52	1	10	275.357	303.742
490	428.801	1	1.6612e+06	1	316.074	1	794.475	1	3192.52	1	31.6228	279.683	308.397
490	428.801	1	1.6612e+06	1	316.074	1	794.475	1	3192.52	1	100	291.774	321.322
491	613.329	1	593124	1	429.842	1	1591.5	1	8599.8	1	0	273.249	301.462
491	613.329	1	593124	1	429.842	1	1591.5	1	8599.8	1	0.001	273.25	301.462
491	613.329	1	593124	1	429.842	1	1591.5	1	8599.8	1	0.00316228	273.25	301.462
491	613.329	1	593124	1	429.842	1	1591.5	1	8599.8	1	0.01	273.251	301.463
491	613.329	1	593124	1	429.842	1	1591.5	1	8599.8	1	0.0316228	273.254	301.466
491	613.329	1	593124	1	429.842	1	1591.5	1	8599.8	1	0.1	273.263	301.476
491	613.329	1	593124	1	429.842	1	1591.5	1	8599.8	1	0.316228	273.292	301.508
491	613.329	1	593124	1	429.842	1	1591.5	1	8599.8	1	1	273.383	301.609
491	613.329	1	593124	1	429.842	1	1591.5	1	8599.8	1	3.16228	273.672	301.925
491	613.329	1	593124	1	429.842	1	1591.5	1	8599.8	1	10	274.575	302.912
491	613.329	1	593124	1	429.842	1	1591.5	1	8599.8	1	31.6228	277.327	305.91
491	613.329	1	593124	1	429.842	1	1591.5	1	8599.8	1	100	285.224	314.46
492	710.369	1	1.28075e+06	1	402.659	1	588.01	1	1619.73	1	0	273.249	301.462
492	710.369	1	1.28075e+06	1	402.659	1	588.01	1	1619.73	1	0.001	273.25	301.462
492	710.369	1	1.28075e+06	1	402.659	1	588.01	1	1619.73	1	0.00316228	273.25	301.462
492	710.369	1	1.28075e+06	1	402.659	1	588.01	1	1619.73	1	0.01	273.252	301.464
492	710.369	1	1.28075e+06	1	402.659	1	588.01	1	1619.73	1	0.0316228	273.256	301.469
492	710.369	1	1.28075e+06	1	402.659	1	588.01	1	1619.73	1	0.1	273.271	301.485
492	710.369	1	1.28075e+06	1	402.659	1	588.01	1	1619.73	1	0.316228	273.318	301.537
492	710.369	1	1.28075e+06	1	402.659	1	588.01	1	1619.73	1	1	273.467	301.698
492	710.369	1	1.28075e+06	1	402.659	1	588.01	1	1619.73	1	3.16228	273.934	302.208
492	710.369	1	1.28075e+06	1	402.659	1	588.01	1	1619.73	1	10	275.394	303.796
492	710.369	1	1.28075e+06	1	402.659	1	588.01	1	1619.73	1	31.6228	279.824	308.602
492	710.369	1	1.28075e+06	1	402.659	1	588.01	1	1619.73	1	100	292.535	322.339
493	405.17	1	879956	1	365.116	1	791.64	1	3718.4	1	0	273.249	301.462
493	405.17	1	879956	1	365.116	1	791.64	1	3718.4	1	0.001	273.25	301.462
493	405.17	1	879956	1	365.116	1	791.64	1	3718.4	1	0.00316228	273.25	301.462
493	405.17	1	879956	1	365.116	1	791.64	1	3718.4	1	0.01	273.251	301.464
493	405.17	1	879956	1	365.116	1	791.64	1	3718.4	1	0.0316228	273.256	301.468
493	405.17	1	879956	1	365.116	1	791.64	1	3718.4	1	0.1	273.27	301.483
493	405.17	1	879956	1	365.116	1	791.64	1	3718.4	1	0.316228	273.314	301.53
493	405.17	1	879956	1	365.116	1	791.64	1	3718.4	1	1	273.452	301.677
493	405.17	1	879956	1	365.116	1	791.64	1	3718.4	1	3.16228	273.889	302.141
493	405.17	1	879956	1	365.116	1	791.64	1	3718.4	1	10	275.251	303.587
493	405.17	1	879956	1	365.116	1	791.64	1	3718.4	1	31.6228	279.381	307.955
493	405.17	1	879956	1	365.116	1	791.64	1	3718.4	1	100	291.047	320.244
494	326.825	1	1.35781e+06	1	261.683	1	730.306	1	3658.24	1	0	273.249	301.462
494	326.825	1	1.35781e+06	1	261.683	1	730.306	1	3658.24	1	0.001	273.25	301.462
494	326.825	1	1.35781e+06	1	261.683	1	730.306	1	3658.24	1	0.00316228	273.25	301.462
494	326.825	1	1.35781e+06	1	261.683	1	730.306	1	3658.24	1	0.01	273.252	301.464
494	326.825	1	1.35781e+06	1	261.683	1	730.306	1	3658.24	1	0.0316228	273.257	301.47
494	326.825	1	1.35781e+06	1	261.683	1	730.306	1	3658.24	1	0.1	273.274	301.489
494	326.825	1	1.35781e+06	1	261.683	1	730.306	1	3658.24	1	0.316228	273.328	301.547
494	326.825	1	1.35781e+06	1	261.683	1	730.306	1	3658.24	1	1	273.499	301.73
494	326.825	1	1.35781e+06	1	261.683	1	730.306	1	3658.24	1	3.16228	274.035	302.308
494	326.825	1	1.35781e+06	1	261.683	1	730.306	1	3658.24	1	10	275.698	304.095
494	326.825	1	1.35781e+06	1	261.683	1	730.306	1	3658.24	1	31.6228	280.669	309.407
494	326.825	1	1.35781e+06	1	261.683	1	730.306	1	3658.24	1	100	294.269	323.856
495	241.434	1	902551	1	554.948	1	2410.52	1	3435.68	1	0	273.249	301.462
495	241.434	1	902551	1	554.948	1	2410.52	1	3435.68	1	0.001	273.25	301.462
495	241.434	1	902551	1	554.948	1	2410.52	1	3435.68	1	0.00316228	273.25	301.462
495	241.434	1	902551	1	554.948	1	2410.52	1	3435.68	1	0.01	273.251	301.463
495	241.434	1	902551	1	554.948	1	2410.52	1	3435.68	1	0.0316228	273.254	301.465
495	241.434	1	902551	1	554.948	1	2410.52	1	3435.68	1	0.1	273.262	301.473
495	241.434	1	902551	1	554.948	1	2410.52	1	3435.68	1	0.316228	273.29	301.499
495	241.434	1	902551	1	554.948	1	2410.52	1	3435.68	1	1	273.379	301.579
495	241.434	1	902551	1	554.948	1	2410.52	1	3435.68	1	3.16228	273.656	301.833
495	241.434	1	902551	1	554.948	1	2410.52	1	3435.68	1	10	274.52	302.623
495	241.434	1	902551	1	554.948	1	2410.52	1	3435.68	1	31.6228	277.113	305.024
495	241.434	1	902551	1	554.948	1	2410.52	1	3435.68	1	100	284.432	311.935
496	394.018	1	237252	1	536.985	1	2283.91	1	2671.66	1	0	273.249	301.462
496	394.018	1	237252	1	536.985	1	2283.91	1	2671.66	1	0.001	273.25	301.462
496	394.018	1	237252	1	536.985	1	2283.91	1	2671.66	1	0.00316228	273.25	301.462
496	394.018	1	237252	1	536.985	1	2283.91	1	2671.66	1	0.01	273.251	301.463
496	394.018	1	237252	1	536.985	1	2283.91	1	2671.66	1	0.0316228	273.253	301.465
496	394.018	1	237252	1	536.985	1	2283.91	1	2671.66	1	0.1	273.261	301.473
496	394.018	1	237252	1	536.985	1	2283.91	1	2671.66	1	0.316228	273.286	301.499
496	394.018	1	237252	1	536.985	1	2283.91	1	2671.66	1	1	273.365	301.578
496	394.018	1	237252	1	536.985	1	2283.91	1	2671.66	1	3.16228	273.614	301.83
496	394.018	1	237252	1	536.985	1	2283.91	1	2671.66	1	10	274.393	302.616
496	394.018	1	237252	1	536.985	1	2283.91	1	2671.66	1	31.6228	276.768	305.015
496	394.018	1	237252	1	536.985	1	2283.91	1	2671.66	1	100	283.613	311.938
497	430.153	1	982414	1	593.412	1	930.371	1	2400.78	1	0	273.249	301.462
497	430.153	1	982414	1	593.412	1	930.371	1	2400.78	1	0.001	273.25	301.462
497	430.153	1	982414	1	593.412	1	930.371	1	2400.78	1	0.00316228	273.25	301.462
497	430.153	1	982414	1	593.412	1	930.371	1	2400.78	1	0.01	273.251	301.463
497	430.153	1	982414	1	593.412	1	930.371	1	2400.78	1	0.0316228	273.254	301.467
497	430.153	1	982414	1	593.412	1	930.371	1	2400.78	1	0.1	273.265	301.477
497	430.153	1	982414	1	593.412	1	930.371	1	2400.78	1	0.316228	273.299	301.512
497	430.153	1	982414	1	593.412	1	930.371	1	2400.78	1	1	273.405	301.62
497	430.153	1	982414	1	593.412	1	930.371	1	2400.78	1	3.16228	273.742	301.963
497	430.153	1	982414	1	593.412	1	930.371	1	2400.78	1	10	274.794	303.034
497	430.153	1	982414	1	593.412	1	930.371	1	2400.78	1	31.6228	278.021	306.321
497	430.153	1	982414	1	593.412	1	930.371	1	2400.78	1	100	287.382	315.855
498	258.109	1	1.51589e+06	1	572.062	1	5231.95	1	2323.17	1	0	273.249	301.462
498	258.109	1	1.51589e+06	1	572.062	1	5231.95	1	2323.17	1	0.001	273.25	301.462
498	258.109	1	1.51589e+06	1	572.062	1	5231.95	1	2323.17	1	0.00316228	273.25	301.462
498	258.109	1	1.51589e+06	1	572.062	1	5231.95	1	2323.17	1	0.01	273.251	301.463
498	258.109	1	1.51589e+06	1	572.062	1	5231.95	1	2323.17	1	0.0316228	273.253	301.465
498	258.109	1	1.51589e+06	1	572.062	1	5231.95	1	2323.17	1	0.1	273.26	301.471
498	258.109	1	1.51589e+06	1	572.062	1	5231.95	1	2323.17	1	0.316228	273.284	301.492
498	258.109	1	1.51589e+06	1	572.062	1	5231.95	1	2323.17	1	1	273.358	301.559
498	258.109	1	1.51589e+06	1	572.062	1	5231.95	1	2323.17	1	3.16228	273.59	301.769
498	258.109	1	1.51589e+06	1	572.062	1	5231.95	1	2323.17	1	10	274.312	302.423
498	258.109	1	1.51589e+06	1	572.062	1	5231.95	1	2323.17	1	31.6228	276.473	304.401
498	258.109	1	1.51589e+06	1	572.062	1	5231.95	1	2323.17	1	100	282.493	310.02
499	526.732	1	272271	1	393.191	1	1080.69	1	1574.47	1	0	273.249	301.462
499	526.732	1	272271	1	393.191	1	1080.69	1	1574.47	1	0.001	273.25	301.462
499	526.732	1	272271	1	393.191	1	1080.69	1	1574.47	1	0.00316228	273.25	301.462
499	526.732	1	272271	1	393.191	1	1080.69	1	1574.47	1	0.01	273.251	301.463
499	526.732	1	272271	1	393.191	1	1080.69	1	1574.47	1	0.0316228	273.255	301.467
499	526.732	1	272271	1	393.191	1	1080.69	1	1574.47	1	0.1	273.266	301.48
499	526.732	1	272271	1	393.191	1	1080.69	1	1574.47	1	0.316228	273.302	301.519
499	526.732	1	272271	1	393.191	1	1080.69	1	1574.47	1	1	273.416	301.642
499	526.732	1	272271	1	393.191	1	1080.69	1	1574.47	1	3.16228	273.773	302.03
499	526.732	1	272271	1	393.191	1	1080.69	1	1574.47	1	10	274.891	303.24
499	526.732	1	272271	1	393.191	1	1080.69	1	1574.47	1	31.6228	278.294	306.909
499	526.732	1	272271	1	393.191	1	1080.69	1	1574.47	1	100	288.005	317.327
500	462.234	1	1.55839e+06	1	618.207	1	1835.23	1	3370.38	1	0	273.249	301.462
500	462.234	1	1.55839e+06	1	618.207	1	1835.23	1	3370.38	1	0.001	273.25	301.462
500	462.234	1	1.55839e+06	1	618.207	1	1835.23	1	3370.38	1	0.00316228	273.25	301.462
500	462.234	1	1.55839e+06	1	618.207	1	1835.23	1	3370.38	1	0.01	273.251	301.463
500	462.234	1	1.55839e+06	1	618.207	1	1835.23	1	3370.38	1	0.0316228	273.253	301.465
500	462.234	1	1.55839e+06	1	618.207	1	1835.23	1	3370.38	1	0.1	273.261	301.473
500	462.234	1	1.55839e+06	1	618.207	1	1835.23	1	3370.38	1	0.316228	273.285	301.498
500	462.234	1	1.55839e+06	1	618.207	1	1835.23	1	3370.38	1	1	273.362	301.576
500	462.234	1	1.55839e+06	1	618.207	1	1835.23	1	3370.38	1	3.16228	273.605	301.822
500	462.234	1	1.55839e+06	1	618.207	1	1835.23	1	3370.38	1	10	274.365	302.594
500	462.234	1	1.55839e+06	1	618.207	1	1835.23	1	3370.38	1	31.6228	276.698	304.964
500	462.234	1	1.55839e+06	1	618.207	1	1835.23	1	3370.38	1	100	283.52	311.89
501	363.49	1	1.22808e+06	1	447.879	1	1254	1	3364.24	1	0	273.249	301.462
501	363.49	1	1.22808e+06	1	447.879	1	1254	1	3364.24	1	0.001	273.25	301.462
501	363.49	1	1.22808e+06	1	447.879	1	1254	1	3364.24	1	0.00316228	273.25	301.462
501	363.49	1	1.22808e+06	1	447.879	1	1254	1	3364.24	1	0.01	273.251	301.463
501	363.49	1	1.22808e+06	1	447.879	1	1254	1	3364.24	1	0.0316228	273.254	301.467
501	363.49	1	1.22808e+06	1	447.879	1	1254	1	3364.24	1	0.1	273.265	301.478
501	363.49	1	1.22808e+06	1	447.879	1	1254	1	3364.24	1	0.316228	273.299	301.512
501	363.49	1	1.22808e+06	1	447.879	1	1254	1	3364.24	1	1	273.405	301.622
501	363.49	1	1.22808e+06	1	447.879	1	1254	1	3364.24	1	3.16228	273.741	301.967
501	363.49	1	1.22808e+06	1	447.879	1	1254	1	3364.24	1	10	274.791	303.044
501	363.49	1	1.22808e+06	1	447.879	1	1254	1	3364.24	1	31.6228	277.985	306.322
501	363.49	1	1.22808e+06	1	447.879	1	1254	1	3364.24	1	100	287.14	315.717
502	538.844	1	2.79687e+06	1	309.656	1	1589.56	1	3161.19	1	0	273.249	301.462
502	538.844	1	2.79687e+06	1	309.656	1	1589.56	1	3161.19	1	0.001	273.25	301.462
502	538.844	1	2.79687e+06	1	309.656	1	1589.56	1	3161.19	1	0.00316228	273.25	301.462
502	538.844	1	2.79687e+06	1	309.656	1	1589.56	1	3161.19	1	0.01	273.251	301.463
502	538.844	1	2.79687e+06	1	309.656	1	1589.56	1	3161.19	1	0.0316228	273.255	301.467
502	538.844	1	2.79687e+06	1	309.656	1	1589.56	1	3161.19	1	0.1	273.266	301.48
502	538.844	1	2.79687e+06	1	309.656	1	1589.56	1	3161.19	1	0.316228	273.301	301.52
502	538.844	1	2.79687e+06	1	309.656	1	1589.56	1	3161.19	1	1	273.413	301.646
502	538.844	1	2.79687e+06	1	309.656	1	1589.56	1	3161.19	1	3.16228	273.766	302.041
502	538.844	1	2.79687e+06	1	309.656	1	1589.56	1	3161.19	1	10	274.861	303.267
502	538.844	1	2.79687e+06	1	309.656	1	1589.56	1	3161.19	1	31.6228	278.149	306.923
502	538.844	1	2.79687e+06	1	309.656	1	1589.56	1	3161.19	1	100	287.262	316.96
503	349.253	1	617237	1	201.466	1	1892.59	1	2630.78	1	0	273.249	301.462
503	349.253	1	617237	1	201.466	1	1892.59	1	2630.78	1	0.001	273.25	301.462
503	349.253	1	617237	1	201.466	1	1892.59	1	2630.78	1	0.00316228	273.25	301.462
503	349.253	1	617237	1	201.466	1	1892.59	1	2630.78	1	0.01	273.252	301.464
503	349.253	1	617237	1	201.466	1	1892.59	1	2630.78	1	0.0316228	273.256	301.469
503	349.253	1	617237	1	201.466	1	1892.59	1	2630.78	1	0.1	273.271	301.486
503	349.253	1	617237	1	201.466	1	1892.59	1	2630.78	1	0.316228	273.319	301.54
503	349.253	1	617237	1	201.466	1	1892.59	1	2630.78	1	1	273.468	301.71
503	349.253	1	617237	1	201.466	1	1892.59	1	2630.78	1	3.16228	273.936	302.241
503	349.253	1	617237	1	201.466	1	1892.59	1	2630.78	1	10	275.373	303.863
503	349.253	1	617237	1	201.466	1	1892.59	1	2630.78	1	31.6228	279.539	308.524
503	349.253	1	617237	1	201.466	1	1892.59	1	2630.78	1	100	290.113	320.213
504	448.828	1	342779	1	886.512	1	991.936	1	2736.74	1	0	273.249	301.462
504	448.828	1	342779	1	886.512	1	991.936	1	2736.74	1	0.001	273.25	301.462
504	448.828	1	342779	1	886.512	1	991.936	1	2736.74	1	0.00316228	273.25	301.462
504	448.828	1	342779	1	886.512	1	991.936	1	2736.74	1	0.01	273.251	301.463
504	448.828	1	342779	1	886.512	1	991.936	1	2736.74	1	0.0316228	273.254	301.466
504	448.828	1	342779	1	886.512	1	991.936	1	2736.74	1	0.1	273.263	301.475
504	448.828	1	342779	1	886.512	1	991.936	1	2736.74	1	0.316228	273.292	301.503
504	448.828	1	342779	1	886.512	1	991.936	1	2736.74	1	1	273.383	301.592
504	448.828	1	342779	1	886.512	1	991.936	1	2736.74	1	3.16228	273.669	301.875
504	448.828	1	342779	1	886.512	1	991.936	1	2736.74	1	10	274.569	302.76
504	448.828	1	342779	1	886.512	1	991.936	1	2736.74	1	31.6228	277.337	305.491
504	448.828	1	342779	1	886.512	1	991.936	1	2736.74	1	100	285.448	313.521
505	493.404	1	921617	1	293.336	1	3434.4	1	1081.76	1	0	273.249	301.462
505	493.404	1	921617	1	293.336	1	3434.4	1	1081.76	1	0.001	273.25	301.462
505	493.404	1	921617	1	293.336	1	3434.4	1	1081.76	1	0.00316228	273.25	301.462
505	493.404	1	921617	1	293.336	1	3434.4	1	1081.76	1	0.01	273.251	301.463
505	493.404	1	921617	1	293.336	1	3434.4	1	1081.76	1	0.0316228	273.254	301.467
505	493.404	1	921617	1	293.336	1	3434.4	1	1081.76	1	0.1	273.264	301.478
505	493.404	1	921617	1	293.336	1	3434.4	1	1081.76	1	0.316228	273.296	301.514
505	493.404	1	921617	1	293.336	1	3434.4	1	1081.76	1	1	273.396	301.628
505	493.404	1	921617	1	293.336	1	3434.4	1	1081.76	1	3.16228	273.711	301.985
505	493.404	1	921617	1	293.336	1	3434.4	1	1081.76	1	10	274.685	303.087
505	493.404	1	921617	1	293.336	1	3434.4	1	1081.76	1	31.6228	277.568	306.323
505	493.404	1	921617	1	293.336	1	3434.4	1	1081.76	1	100	285.226	314.845
506	294.812	1	1.03598e+06	1	300.368	1	1344.34	1	2864.47	1	0	273.249	301.462
506	294.812	1	1.03598e+06	1	300.368	1	1344.34	1	2864.47	1	0.001	273.25	301.462
506	294.812	1	1.03598e+06	1	300.368	1	1344.34	1	2864.47	1	0.00316228	273.25	301.462
506	294.812	1	1.03598e+06	1	300.368	1	1344.34	1	2864.47	1	0.01	273.251	301.464
506	294.812	1	1.03598e+06	1	300.368	1	1344.34	1	2864.47	1	0.0316228	273.255	301.468
506	294.812	1	1.03598e+06	1	300.368	1	1344.34	1	2864.47	1	0.1	273.269	301.482
506	294.812	1	1.03598e+06	1	300.368	1	1344.34	1	2864.47	1	0.316228	273.31	301.526
506	294.812	1	1.03598e+06	1	300.368	1	1344.34	1	2864.47	1	1	273.441	301.663
506	294.812	1	1.03598e+06	1	300.368	1	1344.34	1	2864.47	1	3.16228	273.853	302.097
506	294.812	1	1.03598e+06	1	300.368	1	1344.34	1	2864.47	1	10	275.131	303.44
506	294.812	1	1.03598e+06	1	300.368	1	1344.34	1	2864.47	1	31.6228	278.949	307.439
506	294.812	1	1.03598e+06	1	300.368	1	1344.34	1	2864.47	1	100	289.463	318.411
507	493.287	1	1.1686e+06	1	299.735	1	1136.88	1	2483.54	1	0	273.249	301.462
507	493.287	1	1.1686e+06	1	299.735	1	1136.88	1	2483.54	1	0.001	273.25	301.462
507	493.287	1	1.1686e+06	1	299.735	1	1136.88	1	2483.54	1	0.00316228	273.25	301.462
507	493.287	1	1.1686e+06	1	299.735	1	1136.88	1	2483.54	1	0.01	273.251	301.464
507	493.287	1	1.1686e+06	1	299.735	1	1136.88	1	2483.54	1	0.0316228	273.255	301.468
507	493.287	1	1.1686e+06	1	299.735	1	1136.88	1	2483.54	1	0.1	273.268	301.482
507	493.287	1	1.1686e+06	1	299.735	1	1136.88	1	2483.54	1	0.316228	273.309	301.528
507	493.287	1	1.1686e+06	1	299.735	1	1136.88	1	2483.54	1	1	273.437	301.67
507	493.287	1	1.1686e+06	1	299.735	1	1136.88	1	2483.54	1	3.16228	273.841	302.118
507	493.287	1	1.1686e+06	1	299.735	1	1136.88	1	2483.54	1	10	275.096	303.508
507	493.287	1	1.1686e+06	1	299.735	1	1136.88	1	2483.54	1	31.6228	278.87	307.659
507	493.287	1	1.1686e+06	1	299.735	1	1136.88	1	2483.54	1	100	289.233	318.967
508	458.001	1	191069	1	669.548	1	874.901	1	2515.49	1	0	273.249	301.462
508	458.001	1	191069	1	669.548	1	874.901	1	2515.49	1	0.001	273.25	301.462
508	458.001	1	191069	1	669.548	1	874.901	1	2515.49	1	0.00316228	273.25	301.462
508	458.001	1	191069	1	669.548	1	874.901	1	2515.49	1	0.01	273.251	301.463
508	458.001	1	191069	1	669.548	1	874.901	1	2515.49	1	0.0316228	273.254	301.466
508	458.001	1	191069	1	669.548	1	874.901	1	2515.49	1	0.1	273.265	301.477
508	458.001	1	191069	1	669.548	1	874.901	1	2515.49	1	0.316228	273.298	301.511
508	458.001	1	191069	1	669.548	1	874.901	1	2515.49	1	1	273.403	301.617
508	458.001	1	191069	1	669.548	1	874.901	1	2515.49	1	3.16228	273.734	301.953
508	458.001	1	191069	1	669.548	1	874.901	1	2515.49	1	10	274.77	303.004
508	458.001	1	191069	1	669.548	1	874.901	1	2515.49	1	31.6228	277.952	306.233
508	458.001	1	191069	1	669.548	1	874.901	1	2515.49	1	100	287.191	315.606
509	290.013	1	323932	1	228.032	1	1133.61	1	2751.06	1	0	273.249	301.462
509	290.013	1	323932	1	228.032	1	1133.61	1	2751.06	1	0.001	273.25	301.462
509	290.013	1	323932	1	228.032	1	1133.61	1	2751.06	1	0.00316228	273.25	301.462
509	290.013	1	323932	1	228.032	1	1133.61	1	2751.06	1	0.01	273.252	301.464
509	290.013	1	323932	1	228.032	1	1133.61	1	2751.06	1	0.0316228	273.257	301.47
509	290.013	1	323932	1	228.032	1	1133.61	1	2751.06	1	0.1	273.273	301.487
509	290.013	1	323932	1	228.032	1	1133.61	1	2751.06	1	0.316228	273.324	301.542
509	290.013	1	323932	1	228.032	1	1133.61	1	2751.06	1	1	273.483	301.716
509	290.013	1	323932	1	228.032	1	1133.61	1	2751.06	1	3.16228	273.985	302.262
509	290.013	1	323932	1	228.032	1	1133.61	1	2751.06	1	10	275.535	303.942
509	290.013	1	323932	1	228.032	1	1133.61	1	2751.06	1	31.6228	280.101	308.853
509	290.013	1	323932	1	228.032	1	1133.61	1	2751.06	1	100	292.195	321.775
510	554.487	1	668104	1	527.405	1	1403.62	1	2160.47	1	0	273.249	301.462
510	554.487	1	668104	1	527.405	1	1403.62	1	2160.47	1	0.001	273.25	301.462
510	554.487	1	668104	1	527.405	1	1403.62	1	2160.47	1	0.00316228	273.25	301.462
510	554.487	1	668104	1	527.405	1	1403.62	1	2160.47	1	0.01	273.251	301.463
510	554.487	1	668104	1	527.405	1	1403.62	1	2160.47	1	0.0316228	273.254	301.466
510	554.487	1	668104	1	527.405	1	1403.62	1	2160.47	1	0.1	273.262	301.475
510	554.487	1	668104	1	527.405	1	1403.62	1	2160.47	1	0.316228	273.291	301.505
510	554.487	1	668104	1	527.405	1	1403.62	1	2160.47	1	1	273.379	301.599
510	554.487	1	668104	1	527.405	1	1403.62	1	2160.47	1	3.16228	273.659	301.895
510	554.487	1	668104	1	527.405	1	1403.62	1	2160.47	1	10	274.535	302.822
510	554.487	1	668104	1	527.405	1	1403.62	1	2160.47	1	31.6228	277.224	305.662
510	554.487	1	668104	1	527.405	1	1403.62	1	2160.47	1	100	285.052	313.9
511	393.14	1	863751	1	688.044	1	4449.59	1	5009.63	1	0	273.249	301.462
511	393.14	1	863751	1	688.044	1	4449.59	1	5009.63	1	0.001	273.25	301.462
511	393.14	1	863751	1	688.044	1	4449.59	1	5009.63	1	0.00316228	273.25	301.462
511	393.14	1	863751	1	688.044	1	4449.59	1	5009.63	1	0.01	273.25	301.462
511	393.14	1	863751	1	688.044	1	4449.59	1	5009.63	1	0.0316228	273.252	301.464
511	393.14	1	863751	1	688.044	1	4449.59	1	5009.63	1	0.1	273.258	301.47
511	393.14	1	863751	1	688.044	1	4449.59	1	5009.63	1	0.316228	273.277	301.488
511	393.14	1	863751	1	688.044	1	4449.59	1	5009.63	1	1	273.337	301.545
511	393.14	1	863751	1	688.044	1	4449.59	1	5009.63	1	3.16228	273.526	301.726
511	393.14	1	863751	1	688.044	1	4449.59	1	5009.63	1	10	274.115	302.291
511	393.14	1	863751	1	688.044	1	4449.59	1	5009.63	1	31.6228	275.911	304.021
511	393.14	1	863751	1	688.044	1	4449.59	1	5009.63	1	100	281.086	309.026
512	329.266	1	3.4137e+06	1	299.511	1	1996.3	1	2972.76	1	0	273.249	301.462
512	329.266	1	3.4137e+06	1	299.511	1	1996.3	1	2972.76	1	0.001	273.25	301.462
512	329.266	1	3.4137e+06	1	299.511	1	1996.3	1	2972.76	1	0.00316228	273.25	301.462
512	329.266	1	3.4137e+06	1	299.511	1	1996.3	1	2972.76	1	0.01	273.251	301.463
512	329.266	1	3.4137e+06	1	299.511	1	1996.3	1	2972.76	1	0.0316228	273.255	301.467
512	329.266	1	3.4137e+06	1	299.511	1	1996.3	1	2972.76	1	0.1	273.266	301.48
512	329.266	1	3.4137e+06	1	299.511	1	1996.3	1	2972.76	1	0.316228	273.303	301.519
512	329.266	1	3.4137e+06	1	299.511	1	1996.3	1	2972.76	1	1	273.42	301.644
512	329.266	1	3.4137e+06	1	299.511	1	1996.3	1	2972.76	1	3.16228	273.785	302.035
512	329.266	1	3.4137e+06	1	299.511	1	1996.3	1	2972.76	1	10	274.917	303.245
512	329.266	1	3.4137e+06	1	299.511	1	1996.3	1	2972.76	1	31.6228	278.288	306.829
512	329.266	1	3.4137e+06	1	299.511	1	1996.3	1	2972.76	1	100	287.352	316.412
513	839.928	1	2.08833e+06	1	369.813	1	956.462	1	3557.03	1	0	273.249	301.462
513	839.928	1	2.08833e+06	1	369.813	1	956.462	1	3557.03	1	0.001	273.25	301.462
513	839.928	1	2.08833e+06	1	369.813	1	956.462	1	3557.03	1	0.00316228	273.25	301.462
513	839.928	1	2.08833e+06	1	369.813	1	956.462	1	3557.03	1	0.01	273.251	301.464
513	839.928	1	2.08833e+06	1	369.813	1	956.462	1	3557.03	1	0.0316228	273.255	301.468
513	839.928	1	2.08833e+06	1	369.813	1	956.462	1	3557.03	1	0.1	273.267	301.481
513	839.928	1	2.08833e+06	1	369.813	1	956.462	1	3557.03	1	0.316228	273.304	301.523
513	839.928	1	2.08833e+06	1	369.813	1	956.462	1	3557.03	1	1	273.422	301.655
513	839.928	1	2.08833e+06	1	369.813	1	956.462	1	3557.03	1	3.16228	273.792	302.071
513	839.928	1	2.08833e+06	1	369.813	1	956.462	1	3557.03	1	10	274.95	303.368
513	839.928	1	2.08833e+06	1	369.813	1	956.462	1	3557.03	1	31.6228	278.469	307.293
513	839.928	1	2.08833e+06	1	369.813	1	956.462	1	3557.03	1	100	288.464	318.37
514	509.362	1	606825	1	306.104	1	1488.28	1	1642.88	1	0	273.249	301.462
514	509.362	1	606825	1	306.104	1	1488.28	1	1642.88	1	0.001	273.25	301.462
514	509.362	1	606825	1	306.104	1	1488.28	1	1642.88	1	0.00316228	273.25	301.462
514	509.362	1	606825	1	306.104	1	1488.28	1	1642.88	1	0.01	273.251	301.463
514	509.362	1	606825	1	306.104	1	1488.28	1	1642.88	1	0.0316228	273.255	301.468
514	509.362	1	606825	1	306.104	1	1488.28	1	1642.88	1	0.1	273.266	301.481
514	509.362	1	606825	1	306.104	1	1488.28	1	1642.88	1	0.316228	273.303	301.522
514	509.362	1	606825	1	306.104	1	1488.28	1	1642.88	1	1	273.419	301.651
514	509.362	1	606825	1	306.104	1	1488.28	1	1642.88	1	3.16228	273.784	302.059
514	509.362	1	606825	1	306.104	1	1488.28	1	1642.88	1	10	274.918	303.322
514	509.362	1	606825	1	306.104	1	1488.28	1	1642.88	1	31.6228	278.321	307.088
514	509.362	1	606825	1	306.104	1	1488.28	1	1642.88	1	100	287.755	317.433
515	489.637	1	1.13023e+06	1	358.396	1	1387.39	1	1927.57	1	0	273.249	301.462
515	489.637	1	1.13023e+06	1	358.396	1	1387.39	1	1927.57	1	0.001	273.25	301.462
515	489.637	1	1.13023e+06	1	358.396	1	1387.39	1	1927.57	1	0.00316228	273.25	301.462
515	489.637	1	1.13023e+06	1	358.396	1	1387.39	1	1927.57	1	0.01	273.251	301.463
515	489.637	1	1.13023e+06	1	358.396	1	1387.39	1	1927.57	1	0.0316228	273.254	301.467
515	489.637	1	1.13023e+06	1	358.396	1	1387.39	1	1927.57	1	0.1	273.265	301.479
515	489.637	1	1.13023e+06	1	358.396	1	1387.39	1	1927.57	1	0.316228	273.3	301.517
515	489.637	1	1.13023e+06	1	358.396	1	1387.39	1	1927.57	1	1	273.409	301.636
515	489.637	1	1.13023e+06	1	358.396	1	1387.39	1	1927.57	1	3.16228	273.753	302.012
515	489.637	1	1.13023e+06	1	358.396	1	1387.39	1	1927.57	1	10	274.825	303.181
515	489.637	1	1.13023e+06	1	358.396	1	1387.39	1	1927.57	1	31.6228	278.072	306.702
515	489.637	1	1.13023e+06	1	358.396	1	1387.39	1	1927.57	1	100	287.244	316.585
516	1471.08	1	429570	1	802.145	1	600.349	1	3700.55	1	0	273.249	301.462
516	1471.08	1	429570	1	802.145	1	600.349	1	3700.55	1	0.001	273.25	301.462
516	1471.08	1	429570	1	802.145	1	600.349	1	3700.55	1	0.00316228	273.25	301.462
516	1471.08	1	429570	1	802.145	1	600.349	1	3700.55	1	0.01	273.251	301.463
516	1471.08	1	429570	1	802.145	1	600.349	1	3700.55	1	0.0316228	273.255	301.467
516	1471.08	1	429570	1	802.145	1	600.349	1	3700.55	1	0.1	273.266	301.48
516	1471.08	1	429570	1	802.145	1	600.349	1	3700.55	1	0.316228	273.303	301.519
516	1471.08	1	429570	1	802.145	1	600.349	1	3700.55	1	1	273.419	301.643
516	1471.08	1	429570	1	802.145	1	600.349	1	3700.55	1	3.16228	273.783	302.034
516	1471.08	1	429570	1	802.145	1	600.349	1	3700.55	1	10	274.923	303.258
516	1471.08	1	429570	1	802.145	1	600.349	1	3700.55	1	31.6228	278.405	306.994
516	1471.08	1	429570	1	802.145	1	600.349	1	3700.55	1	100	288.551	317.849
517	691.121	1	625806	1	180.106	1	1183.27	1	4038.29	1	0	273.249	301.462
517	691.121	1	625806	1	180.106	1	1183.27	1	4038.29	1	0.001	273.25	301.462
517	691.121	1	625806	1	180.106	1	1183.27	1	4038.29	1	0.00316228	273.25	301.462
517	691.121	1	625806	1	180.106	1	1183.27	1	4038.29	1	0.01	273.252	301.464
517	691.121	1	625806	1	180.106	1	1183.27	1	4038.29	1	0.0316228	273.257	301.471
517	691.121	1	625806	1	180.106	1	1183.27	1	4038.29	1	0.1	273.274	301.491
517	691.121	1	625806	1	180.106	1	1183.27	1	4038.29	1	0.316228	273.327	301.554
517	691.121	1	625806	1	180.106	1	1183.27	1	4038.29	1	1	273.494	301.753
517	691.121	1	625806	1	180.106	1	1183.27	1	4038.29	1	3.16228	274.018	302.376
517	691.121	1	625806	1	180.106	1	1183.27	1	4038.29	1	10	275.623	304.278
517	691.121	1	625806	1	180.106	1	1183.27	1	4038.29	1	31.6228	280.275	309.748
517	691.121	1	625806	1	180.106	1	1183.27	1	4038.29	1	100	292.026	323.401
518	564.494	1	686298	1	533.652	1	420.524	1	5179.87	1	0	273.249	301.462
518	564.494	1	686298	1	533.652	1	420.524	1	5179.87	1	0.001	273.25	301.462
518	564.494	1	686298	1	533.652	1	420.524	1	5179.87	1	0.00316228	273.25	301.462
518	564.494	1	686298	1	533.652	1	420.524	1	5179.87	1	0.01	273.252	301.464
518	564.494	1	686298	1	533.652	1	420.524	1	5179.87	1	0.0316228	273.257	301.47
518	564.494	1	686298	1	533.652	1	420.524	1	5179.87	1	0.1	273.275	301.488
518	564.494	1	686298	1	533.652	1	420.524	1	5179.87	1	0.316228	273.329	301.546
518	564.494	1	686298	1	533.652	1	420.524	1	5179.87	1	1	273.502	301.727
518	564.494	1	686298	1	533.652	1	420.524	1	5179.87	1	3.16228	274.045	302.297
518	564.494	1	686298	1	533.652	1	420.524	1	5179.87	1	10	275.736	304.072
518	564.494	1	686298	1	533.652	1	420.524	1	5179.87	1	31.6228	280.826	309.41
518	564.494	1	686298	1	533.652	1	420.524	1	5179.87	1	100	295.65	324.914
519	238.075	1	740365	1	479.972	1	1217.73	1	2201.22	1	0	273.249	301.462
519	238.075	1	740365	1	479.972	1	1217.73	1	2201.22	1	0.001	273.25	301.462
519	238.075	1	740365	1	479.972	1	1217.73	1	2201.22	1	0.00316228	273.25	301.462
519	238.075	1	740365	1	479.972	1	1217.73	1	2201.22	1	0.01	273.251	301.463
519	238.075	1	740365	1	479.972	1	1217.73	1	2201.22	1	0.0316228	273.255	301.467
519	238.075	1	740365	1	479.972	1	1217.73	1	2201.22	1	0.1	273.266	301.478
519	238.075	1	740365	1	479.972	1	1217.73	1	2201.22	1	0.316228	273.303	301.513
519	238.075	1	740365	1	479.972	1	1217.73	1	2201.22	1	1	273.418	301.622
519	238.075	1	740365	1	479.972	1	1217.73	1	2201.22	1	3.16228	273.781	301.969
519	238.075	1	740365	1	479.972	1	1217.73	1	2201.22	1	10	274.912	303.05
519	238.075	1	740365	1	479.972	1	1217.73	1	2201.22	1	31.6228	278.322	306.337
519	238.075	1	740365	1	479.972	1	1217.73	1	2201.22	1	100	287.991	315.781
520	531.026	1	1.45259e+06	1	482.89	1	1777.77	1	3373.28	1	0	273.249	301.462
520	531.026	1	1.45259e+06	1	482.89	1	1777.77	1	3373.28	1	0.001	273.25	301.462
520	531.026	1	1.45259e+06	1	482.89	1	1777.77	1	3373.28	1	0.00316228	273.25	301.462
520	531.026	1	1.45259e+06	1	482.89	1	1777.77	1	3373.28	1	0.01	273.251	301.463
520	531.026	1	1.45259e+06	1	482.89	1	1777.77	1	3373.28	1	0.0316228	273.253	301.466
520	531.026	1	1.45259e+06	1	482.89	1	1777.77	1	3373.28	1	0.1	273.262	301.475
520	531.026	1	1.45259e+06	1	482.89	1	1777.77	1	3373.28	1	0.316228	273.289	301.504
520	531.026	1	1.45259e+06	1	482.89	1	1777.77	1	3373.28	1	1	273.374	301.594
520	531.026	1	1.45259e+06	1	482.89	1	1777.77	1	3373.28	1	3.16228	273.642	301.88
520	531.026	1	1.45259e+06	1	482.89	1	1777.77	1	3373.28	1	10	274.481	302.774
520	531.026	1	1.45259e+06	1	482.89	1	1777.77	1	3373.28	1	31.6228	277.046	305.499
520	531.026	1	1.45259e+06	1	482.89	1	1777.77	1	3373.28	1	100	284.457	313.34
521	440.692	1	414769	1	511.025	1	882.741	1	2607.37	1	0	273.249	301.462
521	440.692	1	414769	1	511.025	1	882.741	1	2607.37	1	0.001	273.25	301.462
521	440.692	1	414769	1	511.025	1	882.741	1	2607.37	1	0.00316228	273.25	301.462
521	440.692	1	414769	1	511.025	1	882.741	1	2607.37	1	0.01	273.251	301.463
521	440.692	1	414769	1	511.025	1	882.741	1	2607.37	1	0.0316228	273.255	301.467
521	440.692	1	414769	1	511.025	1	882.741	1	2607.37	1	0.1	273.266	301.479
521	440.692	1	414769	1	511.025	1	882.741	1	2607.37	1	0.316228	273.303	301.517
521	440.692	1	414769	1	511.025	1	882.741	1	2607.37	1	1	273.417	301.635
521	440.692	1	414769	1	511.025	1	882.741	1	2607.37	1	3.16228	273.779	302.01
521	440.692	1	414769	1	511.025	1	882.741	1	2607.37	1	10	274.909	303.181
521	440.692	1	414769	1	511.025	1	882.741	1	2607.37	1	31.6228	278.368	306.761
521	440.692	1	414769	1	511.025	1	882.741	1	2607.37	1	100	288.343	317.07
522	338.789	1	1.91768e+06	1	325.819	1	756.446	1	1602.02	1	0	273.249	301.462
522	338.789	1	1.91768e+06	1	325.819	1	756.446	1	1602.02	1	0.001	273.25	301.462
522	338.789	1	1.91768e+06	1	325.819	1	756.446	1	1602.02	1	0.00316228	273.25	301.462
522	338.789	1	1.91768e+06	1	325.819	1	756.446	1	1602.02	1	0.01	273.252	301.464
522	338.789	1	1.91768e+06	1	325.819	1	756.446	1	1602.02	1	0.0316228	273.256	301.469
522	338.789	1	1.91768e+06	1	325.819	1	756.446	1	1602.02	1	0.1	273.272	301.485
522	338.789	1	1.91768e+06	1	325.819	1	756.446	1	1602.02	1	0.316228	273.32	301.536
522	338.789	1	1.91768e+06	1	325.819	1	756.446	1	1602.02	1	1	273.472	301.697
522	338.789	1	1.91768e+06	1	325.819	1	756.446	1	1602.02	1	3.16228	273.952	302.203
522	338.789	1	1.91768e+06	1	325.819	1	756.446	1	1602.02	1	10	275.444	303.778
522	338.789	1	1.91768e+06	1	325.819	1	756.446	1	1602.02	1	31.6228	279.945	308.513
522	338.789	1	1.91768e+06	1	325.819	1	756.446	1	1602.02	1	100	292.518	321.692
523	419.006	1	1.47077e+06	1	655.6	1	1145.88	1	3425.04	1	0	273.249	301.462
523	419.006	1	1.47077e+06	1	655.6	1	1145.88	1	3425.04	1	0.001	273.25	301.462
523	419.006	1	1.47077e+06	1	655.6	1	1145.88	1	3425.04	1	0.00316228	273.25	301.462
523	419.006	1	1.47077e+06	1	655.6	1	1145.88	1	3425.04	1	0.01	273.251	301.463
523	419.006	1	1.47077e+06	1	655.6	1	1145.88	1	3425.04	1	0.0316228	273.254	301.466
523	419.006	1	1.47077e+06	1	655.6	1	1145.88	1	3425.04	1	0.1	273.263	301.475
523	419.006	1	1.47077e+06	1	655.6	1	1145.88	1	3425.04	1	0.316228	273.293	301.505
523	419.006	1	1.47077e+06	1	655.6	1	1145.88	1	3425.04	1	1	273.386	301.598
523	419.006	1	1.47077e+06	1	655.6	1	1145.88	1	3425.04	1	3.16228	273.68	301.893
523	419.006	1	1.47077e+06	1	655.6	1	1145.88	1	3425.04	1	10	274.603	302.817
523	419.006	1	1.47077e+06	1	655.6	1	1145.88	1	3425.04	1	31.6228	277.436	305.659
523	419.006	1	1.47077e+06	1	655.6	1	1145.88	1	3425.04	1	100	285.707	313.964
524	478.448	1	1.68798e+06	1	739.397	1	1582.16	1	2435.47	1	0	273.249	301.462
524	478.448	1	1.68798e+06	1	739.397	1	1582.16	1	2435.47	1	0.001	273.25	301.462
524	478.448	1	1.68798e+06	1	739.397	1	1582.16	1	2435.47	1	0.00316228	273.25	301.462
524	478.448	1	1.68798e+06	1	739.397	1	1582.16	1	2435.47	1	0.01	273.251	301.463
524	478.448	1	1.68798e+06	1	739.397	1	1582.16	1	2435.47	1	0.0316228	273.253	301.465
524	478.448	1	1.68798e+06	1	739.397	1	1582.16	1	2435.47	1	0.1	273.26	301.473
524	478.448	1	1.68798e+06	1	739.397	1	1582.16	1	2435.47	1	0.316228	273.284	301.497
524	478.448	1	1.68798e+06	1	739.397	1	1582.16	1	2435.47	1	1	273.36	301.572
524	478.448	1	1.68798e+06	1	739.397	1	1582.16	1	2435.47	1	3.16228	273.598	301.81
524	478.448	1	1.68798e+06	1	739.397	1	1582.16	1	2435.47	1	10	274.346	302.557
524	478.448	1	1.68798e+06	1	739.397	1	1582.16	1	2435.47	1	31.6228	276.649	304.864
524	478.448	1	1.68798e+06	1	739.397	1	1582.16	1	2435.47	1	100	283.435	311.664
525	512.228	1	656952	1	1030.42	1	1370.79	1	3002.65	1	0	273.249	301.462
525	512.228	1	656952	1	1030.42	1	1370.79	1	3002.65	1	0.001	273.25	301.462
525	512.228	1	656952	1	1030.42	1	1370.79	1	3002.65	1	0.00316228	273.25	301.462
525	512.228	1	656952	1	1030.42	1	1370.79	1	3002.65	1	0.01	273.25	301.463
525	512.228	1	656952	1	1030.42	1	1370.79	1	3002.65	1	0.0316228	273.253	301.465
525	512.228	1	656952	1	1030.42	1	1370.79	1	3002.65	1	0.1	273.26	301.472
525	512.228	1	656952	1	1030.42	1	1370.79	1	3002.65	1	0.316228	273.283	301.494
525	512.228	1	656952	1	1030.42	1	1370.79	1	3002.65	1	1	273.354	301.564
525	512.228	1	656952	1	1030.42	1	1370.79	1	3002.65	1	3.16228	273.58	301.784
525	512.228	1	656952	1	1030.42	1	1370.79	1	3002.65	1	10	274.289	302.476
525	512.228	1	656952	1	1030.42	1	1370.79	1	3002.65	1	31.6228	276.481	304.622
525	512.228	1	656952	1	1030.42	1	1370.79	1	3002.65	1	100	282.989	311.023
526	483.178	1	162715	1	368.583	1	595.014	1	4058.98	1	0	273.249	301.462
526	483.178	1	162715	1	368.583	1	595.014	1	4058.98	1	0.001	273.25	301.462
526	483.178	1	162715	1	368.583	1	595.014	1	4058.98	1	0.00316228	273.25	301.462
526	483.178	1	162715	1	368.583	1	595.014	1	4058.98	1	0.01	273.252	301.464
526	483.178	1	162715	1	368.583	1	595.014	1	4058.98	1	0.0316228	273.257	301.469
526	483.178	1	162715	1	368.583	1	595.014	1	4058.98	1	0.1	273.272	301.486
526	483.178	1	162715	1	368.583	1	595.014	1	4058.98	1	0.316228	273.322	301.539
526	483.178	1	162715	1	368.583	1	595.014	1	4058.98	1	1	273.478	301.707
526	483.178	1	162715	1	368.583	1	595.014	1	4058.98	1	3.16228	273.97	302.235
526	483.178	1	162715	1	368.583	1	595.014	1	4058.98	1	10	275.505	303.879
526	483.178	1	162715	1	368.583	1	595.014	1	4058.98	1	31.6228	280.151	308.84
526	483.178	1	162715	1	368.583	1	595.014	1	4058.98	1	100	293.404	322.926
527	411.266	1	1.06095e+06	1	210.28	1	1817.3	1	2970.24	1	0	273.249	301.462
527	411.266	1	1.06095e+06	1	210.28	1	1817.3	1	2970.24	1	0.001	273.25	301.462
527	411.266	1	1.06095e+06	1	210.28	1	1817.3	1	2970.24	1	0.00316228	273.25	301.462
527	411.266	1	1.06095e+06	1	210.28	1	1817.3	1	2970.24	1	0.01	273.252	301.464
527	411.266	1	1.06095e+06	1	210.28	1	1817.3	1	2970.24	1	0.0316228	273.256	301.469
527	411.266	1	1.06095e+06	1	210.28	1	1817.3	1	2970.24	1	0.1	273.27	301.486
527	411.266	1	1.06095e+06	1	210.28	1	1817.3	1	2970.24	1	0.316228	273.316	301.538
527	411.266	1	1.06095e+06	1	210.28	1	1817.3	1	2970.24	1	1	273.459	301.702
527	411.266	1	1.06095e+06	1	210.28	1	1817.3	1	2970.24	1	3.16228	273.908	302.216
527	411.266	1	1.06095e+06	1	210.28	1	1817.3	1	2970.24	1	10	275.288	303.79
527	411.266	1	1.06095e+06	1	210.28	1	1817.3	1	2970.24	1	31.6228	279.308	308.331
527	411.266	1	1.06095e+06	1	210.28	1	1817.3	1	2970.24	1	100	289.605	319.84
528	523.531	1	999996	1	1183.88	1	1943.83	1	1426.36	1	0	273.249	301.462
528	523.531	1	999996	1	1183.88	1	1943.83	1	1426.36	1	0.001	273.25	301.462
528	523.531	1	999996	1	1183.88	1	1943.83	1	1426.36	1	0.00316228	273.25	301.462
528	523.531	1	999996	1	1183.88	1	1943.83	1	1426.36	1	0.01	273.25	301.462
528	523.531	1	999996	1	1183.88	1	1943.83	1	1426.36	1	0.0316228	273.252	301.464
528	523.531	1	999996	1	1183.88	1	1943.83	1	1426.36	1	0.1	273.258	301.47
528	523.531	1	999996	1	1183.88	1	1943.83	1	1426.36	1	0.316228	273.276	301.487
528	523.531	1	999996	1	1183.88	1	1943.83	1	1426.36	1	1	273.334	301.542
528	523.531	1	999996	1	1183.88	1	1943.83	1	1426.36	1	3.16228	273.518	301.717
528	523.531	1	999996	1	1183.88	1	1943.83	1	1426.36	1	10	274.094	302.266
528	523.531	1	999996	1	1183.88	1	1943.83	1	1426.36	1	31.6228	275.877	303.974
528	523.531	1	999996	1	1183.88	1	1943.83	1	1426.36	1	100	281.205	309.116
529	441.755	1	896712	1	328.423	1	3539.49	1	2563.71	1	0	273.249	301.462
529	441.755	1	896712	1	328.423	1	3539.49	1	2563.71	1	0.001	273.25	301.462
529	441.755	1	896712	1	328.423	1	3539.49	1	2563.71	1	0.00316228	273.25	301.462
529	441.755	1	896712	1	328.423	1	3539.49	1	2563.71	1	0.01	273.251	301.463
529	441.755	1	896712	1	328.423	1	3539.49	1	2563.71	1	0.0316228	273.254	301.466
529	441.755	1	896712	1	328.423	1	3539.49	1	2563.71	1	0.1	273.263	301.477
529	441.755	1	896712	1	328.423	1	3539.49	1	2563.71	1	0.316228	273.293	301.509
529	441.755	1	896712	1	328.423	1	3539.49	1	2563.71	1	1	273.386	301.613
529	441.755	1	896712	1	328.423	1	3539.49	1	2563.71	1	3.16228	273.68	301.937
529	441.755	1	896712	1	328.423	1	3539.49	1	2563.71	1	10	274.592	302.941
529	441.755	1	896712	1	328.423	1	3539.49	1	2563.71	1	31.6228	277.309	305.915
529	441.755	1	896712	1	328.423	1	3539.49	1	2563.71	1	100	284.718	313.957
530	327.492	1	124659	1	265.078	1	925.162	1	2592.45	1	0	273.249	301.462
530	327.492	1	124659	1	265.078	1	925.162	1	2592.45	1	0.001	273.25	301.462
530	327.492	1	124659	1	265.078	1	925.162	1	2592.45	1	0.00316228	273.25	301.462
530	327.492	1	124659	1	265.078	1	925.162	1	2592.45	1	0.01	273.252	301.464
530	327.492	1	124659	1	265.078	1	925.162	1	2592.45	1	0.0316228	273.257	301.469
530	327.492	1	124659	1	265.078	1	925.162	1	2592.45	1	0.1	273.272	301.486
530	327.492	1	124659	1	265.078	1	925.162	1	2592.45	1	0.316228	273.321	301.539
530	327.492	1	124659	1	265.078	1	925.162	1	2592.45	1	1	273.476	301.706
530	327.492	1	124659	1	265.078	1	925.162	1	2592.45	1	3.16228	273.961	302.23
530	327.492	1	124659	1	265.078	1	925.162	1	2592.45	1	10	275.468	303.853
530	327.492	1	124659	1	265.078	1	925.162	1	2592.45	1	31.6228	279.965	308.667
530	327.492	1	124659	1	265.078	1	925.162	1	2592.45	1	100	292.216	321.703
531	374.357	1	325103	1	285.487	1	1715.96	1	3032.87	1	0	273.249	301.462
531	374.357	1	325103	1	285.487	1	1715.96	1	3032.87	1	0.001	273.25	301.462
531	374.357	1	325103	1	285.487	1	1715.96	1	3032.87	1	0.00316228	273.25	301.462
531	374.357	1	325103	1	285.487	1	1715.96	1	3032.87	1	0.01	273.251	301.464
531	374.357	1	325103	1	285.487	1	1715.96	1	3032.87	1	0.0316228	273.255	301.468
531	374.357	1	325103	1	285.487	1	1715.96	1	3032.87	1	0.1	273.267	301.481
531	374.357	1	325103	1	285.487	1	1715.96	1	3032.87	1	0.316228	273.306	301.523
531	374.357	1	325103	1	285.487	1	1715.96	1	3032.87	1	1	273.426	301.655
531	374.357	1	325103	1	285.487	1	1715.96	1	3032.87	1	3.16228	273.807	302.071
531	374.357	1	325103	1	285.487	1	1715.96	1	3032.87	1	10	274.985	303.357
531	374.357	1	325103	1	285.487	1	1715.96	1	3032.87	1	31.6228	278.497	307.163
531	374.357	1	325103	1	285.487	1	1715.96	1	3032.87	1	100	287.93	317.312
532	282.432	1	785402	1	144.989	1	2489.47	1	2337.61	1	0	273.249	301.462
532	282.432	1	785402	1	144.989	1	2489.47	1	2337.61	1	0.001	273.25	301.462
532	282.432	1	785402	1	144.989	1	2489.47	1	2337.61	1	0.00316228	273.25	301.463
532	282.432	1	785402	1	144.989	1	2489.47	1	2337.61	1	0.01	273.252	301.465
532	282.432	1	785402	1	144.989	1	2489.47	1	2337.61	1	0.0316228	273.258	301.472
532	282.432	1	785402	1	144.989	1	2489.47	1	2337.61	1	0.1	273.277	301.493
532	282.432	1	785402	1	144.989	1	2489.47	1	2337.61	1	0.316228	273.336	301.562
532	282.432	1	785402	1	144.989	1	2489.47	1	2337.61	1	1	273.523	301.779
532	282.432	1	785402	1	144.989	1	2489.47	1	2337.61	1	3.16228	274.106	302.452
532	282.432	1	785402	1	144.989	1	2489.47	1	2337.61	1	10	275.868	304.476
532	282.432	1	785402	1	144.989	1	2489.47	1	2337.61	1	31.6228	280.792	310.093
532	282.432	1	785402	1	144.989	1	2489.47	1	2337.61	1	100	292.276	322.914
533	316.252	1	242268	1	485.83	1	984.35	1	4453.18	1	0	273.249	301.462
533	316.252	1	242268	1	485.83	1	984.35	1	4453.18	1	0.001	273.25	301.462
533	316.252	1	242268	1	485.83	1	984.35	1	4453.18	1	0.00316228	273.25	301.462
533	316.252	1	242268	1	485.83	1	984.35	1	4453.18	1	0.01	273.251	301.463
533	316.252	1	242268	1	485.83	1	984.35	1	4453.18	1	0.0316228	273.255	301.467
533	316.252	1	242268	1	485.83	1	984.35	1	4453.18	1	0.1	273.267	301.479
533	316.252	1	242268	1	485.83	1	984.35	1	4453.18	1	0.316228	273.304	301.516
533	316.252	1	242268	1	485.83	1	984.35	1	4453.18	1	1	273.421	301.633
533	316.252	1	242268	1	485.83	1	984.35	1	4453.18	1	3.16228	273.789	302.002
533	316.252	1	242268	1	485.83	1	984.35	1	4453.18	1	10	274.94	303.154
533	316.252	1	242268	1	485.83	1	984.35	1	4453.18	1	31.6228	278.441	306.667
533	316.252	1	242268	1	485.83	1	984.35	1	4453.18	1	100	288.468	316.762
534	200.318	1	385413	1	316.428	1	360.504	1	5419.26	1	0	273.249	301.462
534	200.318	1	385413	1	316.428	1	360.504	1	5419.26	1	0.001	273.25	301.462
534	200.318	1	385413	1	316.428	1	360.504	1	5419.26	1	0.00316228	273.251	301.463
534	200.318	1	385413	1	316.428	1	360.504	1	5419.26	1	0.01	273.253	301.465
534	200.318	1	385413	1	316.428	1	360.504	1	5419.26	1	0.0316228	273.261	301.473
534	200.318	1	385413	1	316.428	1	360.504	1	5419.26	1	0.1	273.285	301.497
534	200.318	1	385413	1	316.428	1	360.504	1	5419.26	1	0.316228	273.362	301.575
534	200.318	1	385413	1	316.428	1	360.504	1	5419.26	1	1	273.604	301.819
534	200.318	1	385413	1	316.428	1	360.504	1	5419.26	1	3.16228	274.364	302.585
534	200.318	1	385413	1	316.428	1	360.504	1	5419.26	1	10	276.717	304.959
534	200.318	1	385413	1	316.428	1	360.504	1	5419.26	1	31.6228	283.683	311.991
534	200.318	1	385413	1	316.428	1	360.504	1	5419.26	1	100	303.345	331.933
535	497.339	1	510545	1	357.716	1	1622.35	1	2409.78	1	0	273.249	301.462
535	497.339	1	510545	1	357.716	1	1622.35	1	2409.78	1	0.001	273.25	301.462
535	497.339	1	510545	1	357.716	1	1622.35	1	2409.78	1	0.00316228	273.25	301.462
535	497.339	1	510545	1	357.716	1	1622.35	1	2409.78	1	0.01	273.251	301.463
535	497.339	1	510545	1	357.716	1	1622.35	1	2409.78	1	0.0316228	273.254	301.467
535	497.339	1	510545	1	357.716	1	1622.35	1	2409.78	1	0.1	273.265	301.478
535	497.339	1	510545	1	357.716	1	1622.35	1	2409.78	1	0.316228	273.297	301.514
535	497.339	1	510545	1	357.716	1	1622.35	1	2409.78	1	1	273.401	301.628
535	497.339	1	510545	1	357.716	1	1622.35	1	2409.78	1	3.16228	273.727	301.986
535	497.339	1	510545	1	357.716	1	1622.35	1	2409.78	1	10	274.744	303.099
535	497.339	1	510545	1	357.716	1	1622.35	1	2409.78	1	31.6228	277.817	306.444
535	497.339	1	510545	1	357.716	1	1622.35	1	2409.78	1	100	286.475	315.804
536	507.529	1	804944	1	556.411	1	878.641	1	2542.21	1	0	273.249	301.462
536	507.529	1	804944	1	556.411	1	878.641	1	2542.21	1	0.001	273.25	301.462
536	507.529	1	804944	1	556.411	1	878.641	1	2542.21	1	0.00316228	273.25	301.462
536	507.529	1	804944	1	556.411	1	878.641	1	2542.21	1	0.01	273.251	301.463
536	507.529	1	804944	1	556.411	1	878.641	1	2542.21	1	0.0316228	273.254	301.467
536	507.529	1	804944	1	556.411	1	878.641	1	2542.21	1	0.1	273.265	301.478
536	507.529	1	804944	1	556.411	1	878.641	1	2542.21	1	0.316228	273.3	301.514
536	507.529	1	804944	1	556.411	1	878.641	1	2542.21	1	1	273.41	301.629
536	507.529	1	804944	1	556.411	1	878.641	1	2542.21	1	3.16228	273.755	301.989
536	507.529	1	804944	1	556.411	1	878.641	1	2542.21	1	10	274.837	303.115
536	507.529	1	804944	1	556.411	1	878.641	1	2542.21	1	31.6228	278.153	306.566
536	507.529	1	804944	1	556.411	1	878.641	1	2542.21	1	100	287.758	316.539
537	319.134	1	1.2374e+06	1	736.685	1	908.113	1	3312.59	1	0	273.249	301.462
537	319.134	1	1.2374e+06	1	736.685	1	908.113	1	3312.59	1	0.001	273.25	301.462
537	319.134	1	1.2374e+06	1	736.685	1	908.113	1	3312.59	1	0.00316228	273.25	301.462
537	319.134	1	1.2374e+06	1	736.685	1	908.113	1	3312.59	1	0.01	273.251	301.463
537	319.134	1	1.2374e+06	1	736.685	1	908.113	1	3312.59	1	0.0316228	273.254	301.466
537	319.134	1	1.2374e+06	1	736.685	1	908.113	1	3312.59	1	0.1	273.265	301.477
537	319.134	1	1.2374e+06	1	736.685	1	908.113	1	3312.59	1	0.316228	273.299	301.509
537	319.134	1	1.2374e+06	1	736.685	1	908.113	1	3312.59	1	1	273.406	301.612
537	319.134	1	1.2374e+06	1	736.685	1	908.113	1	3312.59	1	3.16228	273.743	301.935
537	319.134	1	1.2374e+06	1	736.685	1	908.113	1	3312.59	1	10	274.797	302.949
537	319.134	1	1.2374e+06	1	736.685	1	908.113	1	3312.59	1	31.6228	278.018	306.061
537	319.134	1	1.2374e+06	1	736.685	1	908.113	1	3312.59	1	100	287.315	315.11
538	258.446	1	1.50787e+06	1	384.176	1	674.56	1	3113.02	1	0	273.249	301.462
538	258.446	1	1.50787e+06	1	384.176	1	674.56	1	3113.02	1	0.001	273.25	301.462
538	258.446	1	1.50787e+06	1	384.176	1	674.56	1	3113.02	1	0.00316228	273.25	301.462
538	258.446	1	1.50787e+06	1	384.176	1	674.56	1	3113.02	1	0.01	273.252	301.464
538	258.446	1	1.50787e+06	1	384.176	1	674.56	1	3113.02	1	0.0316228	273.257	301.469
538	258.446	1	1.50787e+06	1	384.176	1	674.56	1	3113.02	1	0.1	273.272	301.485
538	258.446	1	1.50787e+06	1	384.176	1	674.56	1	3113.02	1	0.316228	273.322	301.535
538	258.446	1	1.50787e+06	1	384.176	1	674.56	1	3113.02	1	1	273.48	301.693
538	258.446	1	1.50787e+06	1	384.176	1	674.56	1	3113.02	1	3.16228	273.974	302.192
538	258.446	1	1.50787e+06	1	384.176	1	674.56	1	3113.02	1	10	275.515	303.745
538	258.446	1	1.50787e+06	1	384.176	1	674.56	1	3113.02	1	31.6228	280.16	308.434
538	258.446	1	1.50787e+06	1	384.176	1	674.56	1	3113.02	1	100	293.209	321.655
539	740.973	1	467613	1	394.103	1	483.062	1	1611.08	1	0	273.249	301.462
539	740.973	1	467613	1	394.103	1	483.062	1	1611.08	1	0.001	273.25	301.462
539	740.973	1	467613	1	394.103	1	483.062	1	1611.08	1	0.00316228	273.25	301.462
539	740.973	1	467613	1	394.103	1	483.062	1	1611.08	1	0.01	273.252	301.464
539	740.973	1	467613	1	394.103	1	483.062	1	1611.08	1	0.0316228	273.257	301.47
539	740.973	1	467613	1	394.103	1	483.062	1	1611.08	1	0.1	273.274	301.488
539	740.973	1	467613	1	394.103	1	483.062	1	1611.08	1	0.316228	273.327	301.546
539	740.973	1	467613	1	394.103	1	483.062	1	1611.08	1	1	273.495	301.729
539	740.973	1	467613	1	394.103	1	483.062	1	1611.08	1	3.16228	274.024	302.304
539	740.973	1	467613	1	394.103	1	483.062	1	1611.08	1	10	275.67	304.093
539	740.973	1	467613	1	394.103	1	483.062	1	1611.08	1	31.6228	280.644	309.482
539	740.973	1	467613	1	394.103	1	483.062	1	1611.08	1	100	295.012	324.992
540	367.773	1	1.33057e+06	1	359.813	1	1059.6	1	2349.97	1	0	273.249	301.462
540	367.773	1	1.33057e+06	1	359.813	1	1059.6	1	2349.97	1	0.001	273.25	301.462
540	367.773	1	1.33057e+06	1	359.813	1	1059.6	1	2349.97	1	0.00316228	273.25	301.462
540	367.773	1	1.33057e+06	1	359.813	1	1059.6	1	2349.97	1	0.01	273.251	301.464
540	367.773	1	1.33057e+06	1	359.813	1	1059.6	1	2349.97	1	0.0316228	273.255	301.468
540	367.773	1	1.33057e+06	1	359.813	1	1059.6	1	2349.97	1	0.1	273.268	301.481
540	367.773	1	1.33057e+06	1	359.813	1	1059.6	1	2349.97	1	0.316228	273.307	301.523
540	367.773	1	1.33057e+06	1	359.813	1	1059.6	1	2349.97	1	1	273.433	301.655
540	367.773	1	1.33057e+06	1	359.813	1	1059.6	1	2349.97	1	3.16228	273.827	302.071
540	367.773	1	1.33057e+06	1	359.813	1	1059.6	1	2349.97	1	10	275.055	303.367
540	367.773	1	1.33057e+06	1	359.813	1	1059.6	1	2349.97	1	31.6228	278.774	307.278
540	367.773	1	1.33057e+06	1	359.813	1	1059.6	1	2349.97	1	100	289.278	318.287
541	405.461	1	811154	1	158.307	1	1626.65	1	3691.96	1	0	273.249	301.462
541	405.461	1	811154	1	158.307	1	1626.65	1	3691.96	1	0.001	273.25	301.462
541	405.461	1	811154	1	158.307	1	1626.65	1	3691.96	1	0.00316228	273.25	301.463
541	405.461	1	811154	1	158.307	1	1626.65	1	3691.96	1	0.01	273.252	301.465
541	405.461	1	811154	1	158.307	1	1626.65	1	3691.96	1	0.0316228	273.258	301.471
541	405.461	1	811154	1	158.307	1	1626.65	1	3691.96	1	0.1	273.276	301.492
541	405.461	1	811154	1	158.307	1	1626.65	1	3691.96	1	0.316228	273.332	301.559
541	405.461	1	811154	1	158.307	1	1626.65	1	3691.96	1	1	273.511	301.769
541	405.461	1	811154	1	158.307	1	1626.65	1	3691.96	1	3.16228	274.068	302.423
541	405.461	1	811154	1	158.307	1	1626.65	1	3691.96	1	10	275.763	304.404
541	405.461	1	811154	1	158.307	1	1626.65	1	3691.96	1	31.6228	280.589	310
541	405.461	1	811154	1	158.307	1	1626.65	1	3691.96	1	100	292.265	323.294
542	408.67	1	440364	1	284.521	1	1190.17	1	2558.72	1	0	273.249	301.462
542	408.67	1	440364	1	284.521	1	1190.17	1	2558.72	1	0.001	273.25	301.462
542	408.67	1	440364	1	284.521	1	1190.17	1	2558.72	1	0.00316228	273.25	301.462
542	408.67	1	440364	1	284.521	1	1190.17	1	2558.72	1	0.01	273.251	301.464
542	408.67	1	440364	1	284.521	1	1190.17	1	2558.72	1	0.0316228	273.256	301.468
542	408.67	1	440364	1	284.521	1	1190.17	1	2558.72	1	0.1	273.269	301.483
542	408.67	1	440364	1	284.521	1	1190.17	1	2558.72	1	0.316228	273.311	301.529
542	408.67	1	440364	1	284.521	1	1190.17	1	2558.72	1	1	273.444	301.675
542	408.67	1	440364	1	284.521	1	1190.17	1	2558.72	1	3.16228	273.862	302.134
542	408.67	1	440364	1	284.521	1	1190.17	1	2558.72	1	10	275.159	303.556
542	408.67	1	440364	1	284.521	1	1190.17	1	2558.72	1	31.6228	279.044	307.785
542	408.67	1	440364	1	284.521	1	1190.17	1	2558.72	1	100	289.623	319.216
543	573.588	1	1.10922e+06	1	243.732	1	777.579	1	3767.96	1	0	273.249	301.462
543	573.588	1	1.10922e+06	1	243.732	1	777.579	1	3767.96	1	0.001	273.25	301.462
543	573.588	1	1.10922e+06	1	243.732	1	777.579	1	3767.96	1	0.00316228	273.25	301.462
543	573.588	1	1.10922e+06	1	243.732	1	777.579	1	3767.96	1	0.01	273.252	301.464
543	573.588	1	1.10922e+06	1	243.732	1	777.579	1	3767.96	1	0.0316228	273.257	301.47
543	573.588	1	1.10922e+06	1	243.732	1	777.579	1	3767.96	1	0.1	273.273	301.489
543	573.588	1	1.10922e+06	1	243.732	1	777.579	1	3767.96	1	0.316228	273.325	301.547
543	573.588	1	1.10922e+06	1	243.732	1	777.579	1	3767.96	1	1	273.487	301.731
543	573.588	1	1.10922e+06	1	243.732	1	777.579	1	3767.96	1	3.16228	273.998	302.309
543	573.588	1	1.10922e+06	1	243.732	1	777.579	1	3767.96	1	10	275.581	304.097
543	573.588	1	1.10922e+06	1	243.732	1	777.579	1	3767.96	1	31.6228	280.302	309.383
543	573.588	1	1.10922e+06	1	243.732	1	777.579	1	3767.96	1	100	293.123	323.627
544	565.984	1	403116	1	350.682	1	984.252	1	4168.89	1	0	273.249	301.462
544	565.984	1	403116	1	350.682	1	984.252	1	4168.89	1	0.001	273.25	301.462
544	565.984	1	403116	1	350.682	1	984.252	1	4168.89	1	0.00316228	273.25	301.462
544	565.984	1	403116	1	350.682	1	984.252	1	4168.89	1	0.01	273.251	301.464
544	565.984	1	403116	1	350.682	1	984.252	1	4168.89	1	0.0316228	273.255	301.468
544	565.984	1	403116	1	350.682	1	984.252	1	4168.89	1	0.1	273.267	301.481
544	565.984	1	403116	1	350.682	1	984.252	1	4168.89	1	0.316228	273.307	301.524
544	565.984	1	403116	1	350.682	1	984.252	1	4168.89	1	1	273.43	301.66
544	565.984	1	403116	1	350.682	1	984.252	1	4168.89	1	3.16228	273.818	302.087
544	565.984	1	403116	1	350.682	1	984.252	1	4168.89	1	10	275.028	303.418
544	565.984	1	403116	1	350.682	1	984.252	1	4168.89	1	31.6228	278.7	307.431
544	565.984	1	403116	1	350.682	1	984.252	1	4168.89	1	100	289.078	318.701
545	452.209	1	3.35851e+06	1	456.175	1	938.277	1	3524.32	1	0	273.249	301.462
545	452.209	1	3.35851e+06	1	456.175	1	938.277	1	3524.32	1	0.001	273.25	301.462
545	452.209	1	3.35851e+06	1	456.175	1	938.277	1	3524.32	1	0.00316228	273.25	301.462
545	452.209	1	3.35851e+06	1	456.175	1	938.277	1	3524.32	1	0.01	273.251	301.463
545	452.209	1	3.35851e+06	1	456.175	1	938.277	1	3524.32	1	0.0316228	273.255	301.467
545	452.209	1	3.35851e+06	1	456.175	1	938.277	1	3524.32	1	0.1	273.266	301.479
545	452.209	1	3.35851e+06	1	456.175	1	938.277	1	3524.32	1	0.316228	273.303	301.518
545	452.209	1	3.35851e+06	1	456.175	1	938.277	1	3524.32	1	1	273.419	301.639
545	452.209	1	3.35851e+06	1	456.175	1	938.277	1	3524.32	1	3.16228	273.783	302.022
545	452.209	1	3.35851e+06	1	456.175	1	938.277	1	3524.32	1	10	274.922	303.219
545	452.209	1	3.35851e+06	1	456.175	1	938.277	1	3524.32	1	31.6228	278.402	306.865
545	452.209	1	3.35851e+06	1	456.175	1	938.277	1	3524.32	1	100	288.405	317.319
546	582.101	1	812148	1	526.704	1	1113.14	1	1901.3	1	0	273.249	301.462
546	582.101	1	812148	1	526.704	1	1113.14	1	1901.3	1	0.001	273.25	301.462
546	582.101	1	812148	1	526.704	1	1113.14	1	1901.3	1	0.00316228	273.25	301.462
546	582.101	1	812148	1	526.704	1	1113.14	1	1901.3	1	0.01	273.251	301.463
546	582.101	1	812148	1	526.704	1	1113.14	1	1901.3	1	0.0316228	273.254	301.466
546	582.101	1	812148	1	526.704	1	1113.14	1	1901.3	1	0.1	273.264	301.477
546	582.101	1	812148	1	526.704	1	1113.14	1	1901.3	1	0.316228	273.295	301.51
546	582.101	1	812148	1	526.704	1	1113.14	1	1901.3	1	1	273.392	301.613
546	582.101	1	812148	1	526.704	1	1113.14	1	1901.3	1	3.16228	273.701	301.941
546	582.101	1	812148	1	526.704	1	1113.14	1	1901.3	1	10	274.666	302.965
546	582.101	1	812148	1	526.704	1	1113.14	1	1901.3	1	31.6228	277.629	306.104
546	582.101	1	812148	1	526.704	1	1113.14	1	1901.3	1	100	286.246	315.2
547	374.975	1	641148	1	180.534	1	1316.83	1	2900.7	1	0	273.249	301.462
547	374.975	1	641148	1	180.534	1	1316.83	1	2900.7	1	0.001	273.25	301.462
547	374.975	1	641148	1	180.534	1	1316.83	1	2900.7	1	0.00316228	273.25	301.462
547	374.975	1	641148	1	180.534	1	1316.83	1	2900.7	1	0.01	273.252	301.464
547	374.975	1	641148	1	180.534	1	1316.83	1	2900.7	1	0.0316228	273.257	301.471
547	374.975	1	641148	1	180.534	1	1316.83	1	2900.7	1	0.1	273.275	301.491
547	374.975	1	641148	1	180.534	1	1316.83	1	2900.7	1	0.316228	273.329	301.553
547	374.975	1	641148	1	180.534	1	1316.83	1	2900.7	1	1	273.5	301.75
547	374.975	1	641148	1	180.534	1	1316.83	1	2900.7	1	3.16228	274.037	302.366
547	374.975	1	641148	1	180.534	1	1316.83	1	2900.7	1	10	275.683	304.245
547	374.975	1	641148	1	180.534	1	1316.83	1	2900.7	1	31.6228	280.447	309.64
547	374.975	1	641148	1	180.534	1	1316.83	1	2900.7	1	100	292.466	323.045
548	616.449	1	2.26269e+06	1	405.753	1	1201.62	1	2888.07	1	0	273.249	301.462
548	616.449	1	2.26269e+06	1	405.753	1	1201.62	1	2888.07	1	0.001	273.25	301.462
548	616.449	1	2.26269e+06	1	405.753	1	1201.62	1	2888.07	1	0.00316228	273.25	301.462
548	616.449	1	2.26269e+06	1	405.753	1	1201.62	1	2888.07	1	0.01	273.251	301.463
548	616.449	1	2.26269e+06	1	405.753	1	1201.62	1	2888.07	1	0.0316228	273.254	301.467
548	616.449	1	2.26269e+06	1	405.753	1	1201.62	1	2888.07	1	0.1	273.265	301.478
548	616.449	1	2.26269e+06	1	405.753	1	1201.62	1	2888.07	1	0.316228	273.298	301.515
548	616.449	1	2.26269e+06	1	405.753	1	1201.62	1	2888.07	1	1	273.403	301.63
548	616.449	1	2.26269e+06	1	405.753	1	1201.62	1	2888.07	1	3.16228	273.734	301.994
548	616.449	1	2.26269e+06	1	405.753	1	1201.62	1	2888.07	1	10	274.769	303.127
548	616.449	1	2.26269e+06	1	405.753	1	1201.62	1	2888.07	1	31.6228	277.923	306.567
548	616.449	1	2.26269e+06	1	405.753	1	1201.62	1	2888.07	1	100	286.952	316.356
549	384.619	1	996936	1	517.22	1	870.958	1	2011.1	1	0	273.249	301.462
549	384.619	1	996936	1	517.22	1	870.958	1	2011.1	1	0.001	273.25	301.462
549	384.619	1	996936	1	517.22	1	870.958	1	2011.1	1	0.00316228	273.25	301.462
549	384.619	1	996936	1	517.22	1	870.958	1	2011.1	1	0.01	273.251	301.463
549	384.619	1	996936	1	517.22	1	870.958	1	2011.1	1	0.0316228	273.255	301.467
549	384.619	1	996936	1	517.22	1	870.958	1	2011.1	1	0.1	273.267	301.479
549	384.619	1	996936	1	517.22	1	870.958	1	2011.1	1	0.316228	273.304	301.517
549	384.619	1	996936	1	517.22	1	870.958	1	2011.1	1	1	273.421	301.637
549	384.619	1	996936	1	517.22	1	870.958	1	2011.1	1	3.16228	273.792	302.015
549	384.619	1	996936	1	517.22	1	870.958	1	2011.1	1	10	274.95	303.197
549	384.619	1	996936	1	517.22	1	870.958	1	2011.1	1	31.6228	278.488	306.808
549	384.619	1	996936	1	517.22	1	870.958	1	2011.1	1	100	288.673	317.207
550	301.015	1	1.46647e+06	1	242.457	1	797.96	1	3369.42	1	0	273.249	301.462
550	301.015	1	1.46647e+06	1	242.457	1	797.96	1	3369.42	1	0.001	273.25	301.462
550	301.015	1	1.46647e+06	1	242.457	1	797.96	1	3369.42	1	0.00316228	273.25	301.462
550	301.015	1	1.46647e+06	1	242.457	1	797.96	1	3369.42	1	0.01	273.252	301.464
550	301.015	1	1.46647e+06	1	242.457	1	797.96	1	3369.42	1	0.0316228	273.257	301.47
550	301.015	1	1.46647e+06	1	242.457	1	797.96	1	3369.42	1	0.1	273.275	301.489
550	301.015	1	1.46647e+06	1	242.457	1	797.96	1	3369.42	1	0.316228	273.329	301.548
550	301.015	1	1.46647e+06	1	242.457	1	797.96	1	3369.42	1	1	273.502	301.734
550	301.015	1	1.46647e+06	1	242.457	1	797.96	1	3369.42	1	3.16228	274.045	302.319
550	301.015	1	1.46647e+06	1	242.457	1	797.96	1	3369.42	1	10	275.725	304.128
550	301.015	1	1.46647e+06	1	242.457	1	797.96	1	3369.42	1	31.6228	280.719	309.468
550	301.015	1	1.46647e+06	1	242.457	1	797.96	1	3369.42	1	100	294.24	323.839
551	393.398	1	619580	1	193.426	1	1566.15	1	4169.67	1	0	273.249	301.462
551	393.398	1	619580	1	193.426	1	1566.15	1	4169.67	1	0.001	273.25	301.462
551	393.398	1	619580	1	193.426	1	1566.15	1	4169.67	1	0.00316228	273.25	301.462
551	393.398	1	619580	1	193.426	1	1566.15	1	4169.67	1	0.01	273.252	301.464
551	393.398	1	619580	1	193.426	1	1566.15	1	4169.67	1	0.0316228	273.257	301.47
551	393.398	1	619580	1	193.426	1	1566.15	1	4169.67	1	0.1	273.272	301.488
551	393.398	1	619580	1	193.426	1	1566.15	1	4169.67	1	0.316228	273.322	301.545
551	393.398	1	619580	1	193.426	1	1566.15	1	4169.67	1	1	273.479	301.725
551	393.398	1	619580	1	193.426	1	1566.15	1	4169.67	1	3.16228	273.97	302.289
551	393.398	1	619580	1	193.426	1	1566.15	1	4169.67	1	10	275.477	304.012
551	393.398	1	619580	1	193.426	1	1566.15	1	4169.67	1	31.6228	279.852	308.966
551	393.398	1	619580	1	193.426	1	1566.15	1	4169.67	1	100	290.927	321.347
552	541.709	1	1.75544e+06	1	391.616	1	1888.99	1	3913.38	1	0	273.249	301.462
552	541.709	1	1.75544e+06	1	391.616	1	1888.99	1	3913.38	1	0.001	273.25	301.462
552	541.709	1	1.75544e+06	1	391.616	1	1888.99	1	3913.38	1	0.00316228	273.25	301.462
552	541.709	1	1.75544e+06	1	391.616	1	1888.99	1	3913.38	1	0.01	273.251	301.463
552	541.709	1	1.75544e+06	1	391.616	1	1888.99	1	3913.38	1	0.0316228	273.254	301.466
552	541.709	1	1.75544e+06	1	391.616	1	1888.99	1	3913.38	1	0.1	273.263	301.477
552	541.709	1	1.75544e+06	1	391.616	1	1888.99	1	3913.38	1	0.316228	273.292	301.509
552	541.709	1	1.75544e+06	1	391.616	1	1888.99	1	3913.38	1	1	273.385	301.611
552	541.709	1	1.75544e+06	1	391.616	1	1888.99	1	3913.38	1	3.16228	273.678	301.932
552	541.709	1	1.75544e+06	1	391.616	1	1888.99	1	3913.38	1	10	274.591	302.932
552	541.709	1	1.75544e+06	1	391.616	1	1888.99	1	3913.38	1	31.6228	277.361	305.95
552	541.709	1	1.75544e+06	1	391.616	1	1888.99	1	3913.38	1	100	285.214	314.45
553	470.316	1	670300	1	200.652	1	1518.6	1	3705.84	1	0	273.249	301.462
553	470.316	1	670300	1	200.652	1	1518.6	1	3705.84	1	0.001	273.25	301.462
553	470.316	1	670300	1	200.652	1	1518.6	1	3705.84	1	0.00316228	273.25	301.462
553	470.316	1	670300	1	200.652	1	1518.6	1	3705.84	1	0.01	273.252	301.464
553	470.316	1	670300	1	200.652	1	1518.6	1	3705.84	1	0.0316228	273.256	301.47
553	470.316	1	670300	1	200.652	1	1518.6	1	3705.84	1	0.1	273.272	301.487
553	470.316	1	670300	1	200.652	1	1518.6	1	3705.84	1	0.316228	273.32	301.543
553	470.316	1	670300	1	200.652	1	1518.6	1	3705.84	1	1	273.471	301.718
553	470.316	1	670300	1	200.652	1	1518.6	1	3705.84	1	3.16228	273.944	302.267
553	470.316	1	670300	1	200.652	1	1518.6	1	3705.84	1	10	275.399	303.947
553	470.316	1	670300	1	200.652	1	1518.6	1	3705.84	1	31.6228	279.637	308.795
553	470.316	1	670300	1	200.652	1	1518.6	1	3705.84	1	100	290.447	321.021
554	480.278	1	835231	1	312.045	1	1918.86	1	2382.04	1	0	273.249	301.462
554	480.278	1	835231	1	312.045	1	1918.86	1	2382.04	1	0.001	273.25	301.462
554	480.278	1	835231	1	312.045	1	1918.86	1	2382.04	1	0.00316228	273.25	301.462
554	480.278	1	835231	1	312.045	1	1918.86	1	2382.04	1	0.01	273.251	301.463
554	480.278	1	835231	1	312.045	1	1918.86	1	2382.04	1	0.0316228	273.254	301.467
554	480.278	1	835231	1	312.045	1	1918.86	1	2382.04	1	0.1	273.265	301.479
554	480.278	1	835231	1	312.045	1	1918.86	1	2382.04	1	0.316228	273.299	301.517
554	480.278	1	835231	1	312.045	1	1918.86	1	2382.04	1	1	273.407	301.637
554	480.278	1	835231	1	312.045	1	1918.86	1	2382.04	1	3.16228	273.746	302.014
554	480.278	1	835231	1	312.045	1	1918.86	1	2382.04	1	10	274.797	303.182
554	480.278	1	835231	1	312.045	1	1918.86	1	2382.04	1	31.6228	277.948	306.657
554	480.278	1	835231	1	312.045	1	1918.86	1	2382.04	1	100	286.641	316.159
555	596.299	1	609534	1	279.74	1	1315.24	1	2878.76	1	0	273.249	301.462
555	596.299	1	609534	1	279.74	1	1315.24	1	2878.76	1	0.001	273.25	301.462
555	596.299	1	609534	1	279.74	1	1315.24	1	2878.76	1	0.00316228	273.25	301.462
555	596.299	1	609534	1	279.74	1	1315.24	1	2878.76	1	0.01	273.251	301.464
555	596.299	1	609534	1	279.74	1	1315.24	1	2878.76	1	0.0316228	273.255	301.468
555	596.299	1	609534	1	279.74	1	1315.24	1	2878.76	1	0.1	273.268	301.482
555	596.299	1	609534	1	279.74	1	1315.24	1	2878.76	1	0.316228	273.307	301.527
555	596.299	1	609534	1	279.74	1	1315.24	1	2878.76	1	1	273.432	301.669
555	596.299	1	609534	1	279.74	1	1315.24	1	2878.76	1	3.16228	273.823	302.114
555	596.299	1	609534	1	279.74	1	1315.24	1	2878.76	1	10	275.037	303.493
555	596.299	1	609534	1	279.74	1	1315.24	1	2878.76	1	31.6228	278.671	307.585
555	596.299	1	609534	1	279.74	1	1315.24	1	2878.76	1	100	288.501	318.568
556	466.683	1	1.86876e+06	1	393.903	1	1261.73	1	1536.7	1	0	273.249	301.462
556	466.683	1	1.86876e+06	1	393.903	1	1261.73	1	1536.7	1	0.001	273.25	301.462
556	466.683	1	1.86876e+06	1	393.903	1	1261.73	1	1536.7	1	0.00316228	273.25	301.462
556	466.683	1	1.86876e+06	1	393.903	1	1261.73	1	1536.7	1	0.01	273.251	301.463
556	466.683	1	1.86876e+06	1	393.903	1	1261.73	1	1536.7	1	0.0316228	273.254	301.467
556	466.683	1	1.86876e+06	1	393.903	1	1261.73	1	1536.7	1	0.1	273.265	301.479
556	466.683	1	1.86876e+06	1	393.903	1	1261.73	1	1536.7	1	0.316228	273.3	301.516
556	466.683	1	1.86876e+06	1	393.903	1	1261.73	1	1536.7	1	1	273.408	301.632
556	466.683	1	1.86876e+06	1	393.903	1	1261.73	1	1536.7	1	3.16228	273.751	302
556	466.683	1	1.86876e+06	1	393.903	1	1261.73	1	1536.7	1	10	274.819	303.146
556	466.683	1	1.86876e+06	1	393.903	1	1261.73	1	1536.7	1	31.6228	278.067	306.616
556	466.683	1	1.86876e+06	1	393.903	1	1261.73	1	1536.7	1	100	287.329	316.467
557	588.807	1	1.36399e+06	1	342.295	1	1275.31	1	3186.38	1	0	273.249	301.462
557	588.807	1	1.36399e+06	1	342.295	1	1275.31	1	3186.38	1	0.001	273.25	301.462
557	588.807	1	1.36399e+06	1	342.295	1	1275.31	1	3186.38	1	0.00316228	273.25	301.462
557	588.807	1	1.36399e+06	1	342.295	1	1275.31	1	3186.38	1	0.01	273.251	301.463
557	588.807	1	1.36399e+06	1	342.295	1	1275.31	1	3186.38	1	0.0316228	273.255	301.467
557	588.807	1	1.36399e+06	1	342.295	1	1275.31	1	3186.38	1	0.1	273.266	301.48
557	588.807	1	1.36399e+06	1	342.295	1	1275.31	1	3186.38	1	0.316228	273.302	301.52
557	588.807	1	1.36399e+06	1	342.295	1	1275.31	1	3186.38	1	1	273.414	301.645
557	588.807	1	1.36399e+06	1	342.295	1	1275.31	1	3186.38	1	3.16228	273.768	302.039
557	588.807	1	1.36399e+06	1	342.295	1	1275.31	1	3186.38	1	10	274.872	303.266
557	588.807	1	1.36399e+06	1	342.295	1	1275.31	1	3186.38	1	31.6228	278.211	306.954
557	588.807	1	1.36399e+06	1	342.295	1	1275.31	1	3186.38	1	100	287.616	317.265
558	373.042	1	1.09137e+06	1	314.598	1	1470.55	1	2509.64	1	0	273.249	301.462
558	373.042	1	1.09137e+06	1	314.598	1	1470.55	1	2509.64	1	0.001	273.25	301.462
558	373.042	1	1.09137e+06	1	314.598	1	1470.55	1	2509.64	1	0.00316228	273.25	301.462
558	373.042	1	1.09137e+06	1	314.598	1	1470.55	1	2509.64	1	0.01	273.251	301.463
558	373.042	1	1.09137e+06	1	314.598	1	1470.55	1	2509.64	1	0.0316228	273.255	301.468
558	373.042	1	1.09137e+06	1	314.598	1	1470.55	1	2509.64	1	0.1	273.267	301.48
558	373.042	1	1.09137e+06	1	314.598	1	1470.55	1	2509.64	1	0.316228	273.305	301.521
558	373.042	1	1.09137e+06	1	314.598	1	1470.55	1	2509.64	1	1	273.424	301.65
558	373.042	1	1.09137e+06	1	314.598	1	1470.55	1	2509.64	1	3.16228	273.801	302.056
558	373.042	1	1.09137e+06	1	314.598	1	1470.55	1	2509.64	1	10	274.969	303.314
558	373.042	1	1.09137e+06	1	314.598	1	1470.55	1	2509.64	1	31.6228	278.478	307.069
558	373.042	1	1.09137e+06	1	314.598	1	1470.55	1	2509.64	1	100	288.215	317.423
559	453.293	1	599592	1	244.915	1	1079.69	1	3204.29	1	0	273.249	301.462
559	453.293	1	599592	1	244.915	1	1079.69	1	3204.29	1	0.001	273.25	301.462
559	453.293	1	599592	1	244.915	1	1079.69	1	3204.29	1	0.00316228	273.25	301.462
559	453.293	1	599592	1	244.915	1	1079.69	1	3204.29	1	0.01	273.252	301.464
559	453.293	1	599592	1	244.915	1	1079.69	1	3204.29	1	0.0316228	273.256	301.469
559	453.293	1	599592	1	244.915	1	1079.69	1	3204.29	1	0.1	273.271	301.486
559	453.293	1	599592	1	244.915	1	1079.69	1	3204.29	1	0.316228	273.318	301.538
559	453.293	1	599592	1	244.915	1	1079.69	1	3204.29	1	1	273.465	301.704
559	453.293	1	599592	1	244.915	1	1079.69	1	3204.29	1	3.16228	273.927	302.223
559	453.293	1	599592	1	244.915	1	1079.69	1	3204.29	1	10	275.357	303.827
559	453.293	1	599592	1	244.915	1	1079.69	1	3204.29	1	31.6228	279.609	308.55
559	453.293	1	599592	1	244.915	1	1079.69	1	3204.29	1	100	291.031	321.134
560	345.684	1	925539	1	389.43	1	2602.94	1	2812.81	1	0	273.249	301.462
560	345.684	1	925539	1	389.43	1	2602.94	1	2812.81	1	0.001	273.25	301.462
560	345.684	1	925539	1	389.43	1	2602.94	1	2812.81	1	0.00316228	273.25	301.462
560	345.684	1	925539	1	389.43	1	2602.94	1	2812.81	1	0.01	273.251	301.463
560	345.684	1	925539	1	389.43	1	2602.94	1	2812.81	1	0.0316228	273.254	301.466
560	345.684	1	925539	1	389.43	1	2602.94	1	2812.81	1	0.1	273.263	301.476
560	345.684	1	925539	1	389.43	1	2602.94	1	2812.81	1	0.316228	273.293	301.507
560	345.684	1	925539	1	389.43	1	2602.94	1	2812.81	1	1	273.386	301.604
560	345.684	1	925539	1	389.43	1	2602.94	1	2812.81	1	3.16228	273.68	301.909
560	345.684	1	925539	1	389.43	1	2602.94	1	2812.81	1	10	274.595	302.858
560	345.684	1	925539	1	389.43	1	2602.94	1	2812.81	1	31.6228	277.346	305.706
560	345.684	1	925539	1	389.43	1	2602.94	1	2812.81	1	100	285.031	313.653
561	485.508	1	930495	1	479.49	1	1345.98	1	2273.8	1	0	273.249	301.462
561	485.508	1	930495	1	479.49	1	1345.98	1	2273.8	1	0.001	273.25	301.462
561	485.508	1	930495	1	479.49	1	1345.98	1	2273.8	1	0.00316228	273.25	301.462
561	485.508	1	930495	1	479.49	1	1345.98	1	2273.8	1	0.01	273.251	301.463
561	485.508	1	930495	1	479.49	1	1345.98	1	2273.8	1	0.0316228	273.254	301.466
561	485.508	1	930495	1	479.49	1	1345.98	1	2273.8	1	0.1	273.263	301.476
561	485.508	1	930495	1	479.49	1	1345.98	1	2273.8	1	0.316228	273.294	301.508
561	485.508	1	930495	1	479.49	1	1345.98	1	2273.8	1	1	273.39	301.61
561	485.508	1	930495	1	479.49	1	1345.98	1	2273.8	1	3.16228	273.692	301.929
561	485.508	1	930495	1	479.49	1	1345.98	1	2273.8	1	10	274.639	302.927
561	485.508	1	930495	1	479.49	1	1345.98	1	2273.8	1	31.6228	277.535	305.973
561	485.508	1	930495	1	479.49	1	1345.98	1	2273.8	1	100	285.91	314.754
562	639.436	1	1.56631e+06	1	259.754	1	670.217	1	1713.12	1	0	273.249	301.462
562	639.436	1	1.56631e+06	1	259.754	1	670.217	1	1713.12	1	0.001	273.25	301.462
562	639.436	1	1.56631e+06	1	259.754	1	670.217	1	1713.12	1	0.00316228	273.25	301.462
562	639.436	1	1.56631e+06	1	259.754	1	670.217	1	1713.12	1	0.01	273.252	301.464
562	639.436	1	1.56631e+06	1	259.754	1	670.217	1	1713.12	1	0.0316228	273.257	301.47
562	639.436	1	1.56631e+06	1	259.754	1	670.217	1	1713.12	1	0.1	273.274	301.489
562	639.436	1	1.56631e+06	1	259.754	1	670.217	1	1713.12	1	0.316228	273.327	301.549
562	639.436	1	1.56631e+06	1	259.754	1	670.217	1	1713.12	1	1	273.494	301.737
562	639.436	1	1.56631e+06	1	259.754	1	670.217	1	1713.12	1	3.16228	274.018	302.328
562	639.436	1	1.56631e+06	1	259.754	1	670.217	1	1713.12	1	10	275.648	304.16
562	639.436	1	1.56631e+06	1	259.754	1	670.217	1	1713.12	1	31.6228	280.526	309.606
562	639.436	1	1.56631e+06	1	259.754	1	670.217	1	1713.12	1	100	293.93	324.469
563	244.714	1	1.04008e+06	1	257.668	1	651.842	1	1874.7	1	0	273.249	301.462
563	244.714	1	1.04008e+06	1	257.668	1	651.842	1	1874.7	1	0.001	273.25	301.462
563	244.714	1	1.04008e+06	1	257.668	1	651.842	1	1874.7	1	0.00316228	273.25	301.462
563	244.714	1	1.04008e+06	1	257.668	1	651.842	1	1874.7	1	0.01	273.252	301.464
563	244.714	1	1.04008e+06	1	257.668	1	651.842	1	1874.7	1	0.0316228	273.258	301.471
563	244.714	1	1.04008e+06	1	257.668	1	651.842	1	1874.7	1	0.1	273.277	301.49
563	244.714	1	1.04008e+06	1	257.668	1	651.842	1	1874.7	1	0.316228	273.336	301.553
563	244.714	1	1.04008e+06	1	257.668	1	651.842	1	1874.7	1	1	273.524	301.749
563	244.714	1	1.04008e+06	1	257.668	1	651.842	1	1874.7	1	3.16228	274.114	302.367
563	244.714	1	1.04008e+06	1	257.668	1	651.842	1	1874.7	1	10	275.943	304.278
563	244.714	1	1.04008e+06	1	257.668	1	651.842	1	1874.7	1	31.6228	281.384	309.949
563	244.714	1	1.04008e+06	1	257.668	1	651.842	1	1874.7	1	100	296.274	325.433
564	489.301	1	1.56865e+06	1	545.48	1	780.762	1	2569.87	1	0	273.249	301.462
564	489.301	1	1.56865e+06	1	545.48	1	780.762	1	2569.87	1	0.001	273.25	301.462
564	489.301	1	1.56865e+06	1	545.48	1	780.762	1	2569.87	1	0.00316228	273.25	301.462
564	489.301	1	1.56865e+06	1	545.48	1	780.762	1	2569.87	1	0.01	273.251	301.463
564	489.301	1	1.56865e+06	1	545.48	1	780.762	1	2569.87	1	0.0316228	273.255	301.467
564	489.301	1	1.56865e+06	1	545.48	1	780.762	1	2569.87	1	0.1	273.267	301.48
564	489.301	1	1.56865e+06	1	545.48	1	780.762	1	2569.87	1	0.316228	273.304	301.518
564	489.301	1	1.56865e+06	1	545.48	1	780.762	1	2569.87	1	1	273.422	301.641
564	489.301	1	1.56865e+06	1	545.48	1	780.762	1	2569.87	1	3.16228	273.795	302.029
564	489.301	1	1.56865e+06	1	545.48	1	780.762	1	2569.87	1	10	274.96	303.241
564	489.301	1	1.56865e+06	1	545.48	1	780.762	1	2569.87	1	31.6228	278.527	306.946
564	489.301	1	1.56865e+06	1	545.48	1	780.762	1	2569.87	1	100	288.802	317.602
565	538.655	1	764214	1	346.693	1	969.386	1	3118.75	1	0	273.249	301.462
565	538.655	1	764214	1	346.693	1	969.386	1	3118.75	1	0.001	273.25	301.462
565	538.655	1	764214	1	346.693	1	969.386	1	3118.75	1	0.00316228	273.25	301.462
565	538.655	1	764214	1	346.693	1	969.386	1	3118.75	1	0.01	273.251	301.464
565	538.655	1	764214	1	346.693	1	969.386	1	3118.75	1	0.0316228	273.255	301.468
565	538.655	1	764214	1	346.693	1	969.386	1	3118.75	1	0.1	273.268	301.482
565	538.655	1	764214	1	346.693	1	969.386	1	3118.75	1	0.316228	273.308	301.525
565	538.655	1	764214	1	346.693	1	969.386	1	3118.75	1	1	273.433	301.663
565	538.655	1	764214	1	346.693	1	969.386	1	3118.75	1	3.16228	273.828	302.097
565	538.655	1	764214	1	346.693	1	969.386	1	3118.75	1	10	275.06	303.447
565	538.655	1	764214	1	346.693	1	969.386	1	3118.75	1	31.6228	278.796	307.518
565	538.655	1	764214	1	346.693	1	969.386	1	3118.75	1	100	289.345	318.94
566	346.318	1	1.44981e+06	1	290.202	1	1091.49	1	3180.95	1	0	273.249	301.462
566	346.318	1	1.44981e+06	1	290.202	1	1091.49	1	3180.95	1	0.001	273.25	301.462
566	346.318	1	1.44981e+06	1	290.202	1	1091.49	1	3180.95	1	0.00316228	273.25	301.462
566	346.318	1	1.44981e+06	1	290.202	1	1091.49	1	3180.95	1	0.01	273.251	301.464
566	346.318	1	1.44981e+06	1	290.202	1	1091.49	1	3180.95	1	0.0316228	273.256	301.468
566	346.318	1	1.44981e+06	1	290.202	1	1091.49	1	3180.95	1	0.1	273.27	301.483
566	346.318	1	1.44981e+06	1	290.202	1	1091.49	1	3180.95	1	0.316228	273.314	301.531
566	346.318	1	1.44981e+06	1	290.202	1	1091.49	1	3180.95	1	1	273.452	301.68
566	346.318	1	1.44981e+06	1	290.202	1	1091.49	1	3180.95	1	3.16228	273.888	302.149
566	346.318	1	1.44981e+06	1	290.202	1	1091.49	1	3180.95	1	10	275.241	303.602
566	346.318	1	1.44981e+06	1	290.202	1	1091.49	1	3180.95	1	31.6228	279.295	307.933
566	346.318	1	1.44981e+06	1	290.202	1	1091.49	1	3180.95	1	100	290.382	319.706
567	714.428	1	4.08062e+06	1	1085.68	1	540.168	1	2629.18	1	0	273.249	301.462
567	714.428	1	4.08062e+06	1	1085.68	1	540.168	1	2629.18	1	0.001	273.25	301.462
567	714.428	1	4.08062e+06	1	1085.68	1	540.168	1	2629.18	1	0.00316228	273.25	301.462
567	714.428	1	4.08062e+06	1	1085.68	1	540.168	1	2629.18	1	0.01	273.251	301.463
567	714.428	1	4.08062e+06	1	1085.68	1	540.168	1	2629.18	1	0.0316228	273.255	301.467
567	714.428	1	4.08062e+06	1	1085.68	1	540.168	1	2629.18	1	0.1	273.268	301.48
567	714.428	1	4.08062e+06	1	1085.68	1	540.168	1	2629.18	1	0.316228	273.307	301.52
567	714.428	1	4.08062e+06	1	1085.68	1	540.168	1	2629.18	1	1	273.431	301.647
567	714.428	1	4.08062e+06	1	1085.68	1	540.168	1	2629.18	1	3.16228	273.821	302.047
567	714.428	1	4.08062e+06	1	1085.68	1	540.168	1	2629.18	1	10	275.039	303.295
567	714.428	1	4.08062e+06	1	1085.68	1	540.168	1	2629.18	1	31.6228	278.744	307.09
567	714.428	1	4.08062e+06	1	1085.68	1	540.168	1	2629.18	1	100	289.567	318.173
568	357.189	1	451151	1	163.585	1	333.842	1	3562.07	1	0	273.249	301.462
568	357.189	1	451151	1	163.585	1	333.842	1	3562.07	1	0.001	273.25	301.462
568	357.189	1	451151	1	163.585	1	333.842	1	3562.07	1	0.00316228	273.251	301.463
568	357.189	1	451151	1	163.585	1	333.842	1	3562.07	1	0.01	273.254	301.466
568	357.189	1	451151	1	163.585	1	333.842	1	3562.07	1	0.0316228	273.263	301.477
568	357.189	1	451151	1	163.585	1	333.842	1	3562.07	1	0.1	273.293	301.51
568	357.189	1	451151	1	163.585	1	333.842	1	3562.07	1	0.316228	273.388	301.615
568	357.189	1	451151	1	163.585	1	333.842	1	3562.07	1	1	273.686	301.947
568	357.189	1	451151	1	163.585	1	333.842	1	3562.07	1	3.16228	274.619	302.983
568	357.189	1	451151	1	163.585	1	333.842	1	3562.07	1	10	277.487	306.159
568	357.189	1	451151	1	163.585	1	333.842	1	3562.07	1	31.6228	285.831	315.346
568	357.189	1	451151	1	163.585	1	333.842	1	3562.07	1	100	308.298	339.726
569	391.524	1	2.22222e+06	1	451.818	1	1377.97	1	2332.34	1	0	273.249	301.462
569	391.524	1	2.22222e+06	1	451.818	1	1377.97	1	2332.34	1	0.001	273.25	301.462
569	391.524	1	2.22222e+06	1	451.818	1	1377.97	1	2332.34	1	0.00316228	273.25	301.462
569	391.524	1	2.22222e+06	1	451.818	1	1377.97	1	2332.34	1	0.01	273.251	301.463
569	391.524	1	2.22222e+06	1	451.818	1	1377.97	1	2332.34	1	0.0316228	273.254	301.466
569	391.524	1	2.22222e+06	1	451.818	1	1377.97	1	2332.34	1	0.1	273.264	301.477
569	391.524	1	2.22222e+06	1	451.818	1	1377.97	1	2332.34	1	0.316228	273.296	301.51
569	391.524	1	2.22222e+06	1	451.818	1	1377.97	1	2332.34	1	1	273.398	301.615
569	391.524	1	2.22222e+06	1	451.818	1	1377.97	1	2332.34	1	3.16228	273.717	301.946
569	391.524	1	2.22222e+06	1	451.818	1	1377.97	1	2332.34	1	10	274.714	302.978
569	391.524	1	2.22222e+06	1	451.818	1	1377.97	1	2332.34	1	31.6228	277.752	306.119
569	391.524	1	2.22222e+06	1	451.818	1	1377.97	1	2332.34	1	100	286.476	315.13
570	679.567	1	908871	1	251.107	1	2621.79	1	4101.47	1	0	273.249	301.462
570	679.567	1	908871	1	251.107	1	2621.79	1	4101.47	1	0.001	273.25	301.462
570	679.567	1	908871	1	251.107	1	2621.79	1	4101.47	1	0.00316228	273.25	301.462
570	679.567	1	908871	1	251.107	1	2621.79	1	4101.47	1	0.01	273.251	301.464
570	679.567	1	908871	1	251.107	1	2621.79	1	4101.47	1	0.0316228	273.255	301.468
570	679.567	1	908871	1	251.107	1	2621.79	1	4101.47	1	0.1	273.266	301.481
570	679.567	1	908871	1	251.107	1	2621.79	1	4101.47	1	0.316228	273.301	301.523
570	679.567	1	908871	1	251.107	1	2621.79	1	4101.47	1	1	273.413	301.655
570	679.567	1	908871	1	251.107	1	2621.79	1	4101.47	1	3.16228	273.764	302.069
570	679.567	1	908871	1	251.107	1	2621.79	1	4101.47	1	10	274.846	303.343
570	679.567	1	908871	1	251.107	1	2621.79	1	4101.47	1	31.6228	278.026	307.049
570	679.567	1	908871	1	251.107	1	2621.79	1	4101.47	1	100	286.31	316.64
571	243.945	1	1.38452e+06	1	589.7	1	302.688	1	3028.52	1	0	273.249	301.462
571	243.945	1	1.38452e+06	1	589.7	1	302.688	1	3028.52	1	0.001	273.25	301.462
571	243.945	1	1.38452e+06	1	589.7	1	302.688	1	3028.52	1	0.00316228	273.251	301.463
571	243.945	1	1.38452e+06	1	589.7	1	302.688	1	3028.52	1	0.01	273.253	301.465
571	243.945	1	1.38452e+06	1	589.7	1	302.688	1	3028.52	1	0.0316228	273.26	301.472
571	243.945	1	1.38452e+06	1	589.7	1	302.688	1	3028.52	1	0.1	273.284	301.495
571	243.945	1	1.38452e+06	1	589.7	1	302.688	1	3028.52	1	0.316228	273.357	301.568
571	243.945	1	1.38452e+06	1	589.7	1	302.688	1	3028.52	1	1	273.59	301.799
571	243.945	1	1.38452e+06	1	589.7	1	302.688	1	3028.52	1	3.16228	274.321	302.523
571	243.945	1	1.38452e+06	1	589.7	1	302.688	1	3028.52	1	10	276.579	304.759
571	243.945	1	1.38452e+06	1	589.7	1	302.688	1	3028.52	1	31.6228	283.227	311.357
571	243.945	1	1.38452e+06	1	589.7	1	302.688	1	3028.52	1	100	302.142	330.205
572	624.213	1	2.03961e+06	1	287.384	1	787.774	1	2095.47	1	0	273.249	301.462
572	624.213	1	2.03961e+06	1	287.384	1	787.774	1	2095.47	1	0.001	273.25	301.462
572	624.213	1	2.03961e+06	1	287.384	1	787.774	1	2095.47	1	0.00316228	273.25	301.462
572	624.213	1	2.03961e+06	1	287.384	1	787.774	1	2095.47	1	0.01	273.252	301.464
572	624.213	1	2.03961e+06	1	287.384	1	787.774	1	2095.47	1	0.0316228	273.256	301.469
572	624.213	1	2.03961e+06	1	287.384	1	787.774	1	2095.47	1	0.1	273.271	301.486
572	624.213	1	2.03961e+06	1	287.384	1	787.774	1	2095.47	1	0.316228	273.318	301.539
572	624.213	1	2.03961e+06	1	287.384	1	787.774	1	2095.47	1	1	273.466	301.705
572	624.213	1	2.03961e+06	1	287.384	1	787.774	1	2095.47	1	3.16228	273.932	302.228
572	624.213	1	2.03961e+06	1	287.384	1	787.774	1	2095.47	1	10	275.382	303.85
572	624.213	1	2.03961e+06	1	287.384	1	787.774	1	2095.47	1	31.6228	279.743	308.7
572	624.213	1	2.03961e+06	1	287.384	1	787.774	1	2095.47	1	100	291.795	322.005
573	371.553	1	225029	1	150.283	1	864.22	1	3653.72	1	0	273.249	301.462
573	371.553	1	225029	1	150.283	1	864.22	1	3653.72	1	0.001	273.25	301.462
573	371.553	1	225029	1	150.283	1	864.22	1	3653.72	1	0.00316228	273.25	301.463
573	371.553	1	225029	1	150.283	1	864.22	1	3653.72	1	0.01	273.253	301.465
573	371.553	1	225029	1	150.283	1	864.22	1	3653.72	1	0.0316228	273.259	301.473
573	371.553	1	225029	1	150.283	1	864.22	1	3653.72	1	0.1	273.281	301.498
573	371.553	1	225029	1	150.283	1	864.22	1	3653.72	1	0.316228	273.349	301.577
573	371.553	1	225029	1	150.283	1	864.22	1	3653.72	1	1	273.563	301.825
573	371.553	1	225029	1	150.283	1	864.22	1	3653.72	1	3.16228	274.233	302.599
573	371.553	1	225029	1	150.283	1	864.22	1	3653.72	1	10	276.279	304.95
573	371.553	1	225029	1	150.283	1	864.22	1	3653.72	1	31.6228	282.156	311.653
573	371.553	1	225029	1	150.283	1	864.22	1	3653.72	1	100	296.823	328.056
574	537.149	1	1.64594e+06	1	143.388	1	1600.3	1	2541.63	1	0	273.249	301.462
574	537.149	1	1.64594e+06	1	143.388	1	1600.3	1	2541.63	1	0.001	273.25	301.462
574	537.149	1	1.64594e+06	1	143.388	1	1600.3	1	2541.63	1	0.00316228	273.25	301.463
574	537.149	1	1.64594e+06	1	143.388	1	1600.3	1	2541.63	1	0.01	273.252	301.465
574	537.149	1	1.64594e+06	1	143.388	1	1600.3	1	2541.63	1	0.0316228	273.258	301.472
574	537.149	1	1.64594e+06	1	143.388	1	1600.3	1	2541.63	1	0.1	273.277	301.495
574	537.149	1	1.64594e+06	1	143.388	1	1600.3	1	2541.63	1	0.316228	273.337	301.567
574	537.149	1	1.64594e+06	1	143.388	1	1600.3	1	2541.63	1	1	273.525	301.794
574	537.149	1	1.64594e+06	1	143.388	1	1600.3	1	2541.63	1	3.16228	274.111	302.5
574	537.149	1	1.64594e+06	1	143.388	1	1600.3	1	2541.63	1	10	275.885	304.628
574	537.149	1	1.64594e+06	1	143.388	1	1600.3	1	2541.63	1	31.6228	280.877	310.577
574	537.149	1	1.64594e+06	1	143.388	1	1600.3	1	2541.63	1	100	292.633	324.35
575	564.833	1	1.95078e+06	1	396.841	1	785.541	1	2746.6	1	0	273.249	301.462
575	564.833	1	1.95078e+06	1	396.841	1	785.541	1	2746.6	1	0.001	273.25	301.462
575	564.833	1	1.95078e+06	1	396.841	1	785.541	1	2746.6	1	0.00316228	273.25	301.462
575	564.833	1	1.95078e+06	1	396.841	1	785.541	1	2746.6	1	0.01	273.251	301.464
575	564.833	1	1.95078e+06	1	396.841	1	785.541	1	2746.6	1	0.0316228	273.255	301.468
575	564.833	1	1.95078e+06	1	396.841	1	785.541	1	2746.6	1	0.1	273.268	301.482
575	564.833	1	1.95078e+06	1	396.841	1	785.541	1	2746.6	1	0.316228	273.31	301.527
575	564.833	1	1.95078e+06	1	396.841	1	785.541	1	2746.6	1	1	273.439	301.667
575	564.833	1	1.95078e+06	1	396.841	1	785.541	1	2746.6	1	3.16228	273.848	302.11
575	564.833	1	1.95078e+06	1	396.841	1	785.541	1	2746.6	1	10	275.126	303.491
575	564.833	1	1.95078e+06	1	396.841	1	785.541	1	2746.6	1	31.6228	279.014	307.681
575	564.833	1	1.95078e+06	1	396.841	1	785.541	1	2746.6	1	100	290.073	319.542
576	720.8	1	371004	1	297.867	1	1373.54	1	1448.78	1	0	273.249	301.462
576	720.8	1	371004	1	297.867	1	1373.54	1	1448.78	1	0.001	273.25	301.462
576	720.8	1	371004	1	297.867	1	1373.54	1	1448.78	1	0.00316228	273.25	301.462
576	720.8	1	371004	1	297.867	1	1373.54	1	1448.78	1	0.01	273.251	301.464
576	720.8	1	371004	1	297.867	1	1373.54	1	1448.78	1	0.0316228	273.255	301.468
576	720.8	1	371004	1	297.867	1	1373.54	1	1448.78	1	0.1	273.267	301.481
576	720.8	1	371004	1	297.867	1	1373.54	1	1448.78	1	0.316228	273.303	301.524
576	720.8	1	371004	1	297.867	1	1373.54	1	1448.78	1	1	273.42	301.657
576	720.8	1	371004	1	297.867	1	1373.54	1	1448.78	1	3.16228	273.787	302.078
576	720.8	1	371004	1	297.867	1	1373.54	1	1448.78	1	10	274.926	303.382
576	720.8	1	371004	1	297.867	1	1373.54	1	1448.78	1	31.6228	278.345	307.268
576	720.8	1	371004	1	297.867	1	1373.54	1	1448.78	1	100	287.642	317.756
577	824.014	1	1.29617e+06	1	389.708	1	1043.83	1	2870.73	1	0	273.249	301.462
577	824.014	1	1.29617e+06	1	389.708	1	1043.83	1	2870.73	1	0.001	273.25	301.462
577	824.014	1	1.29617e+06	1	389.708	1	1043.83	1	2870.73	1	0.00316228	273.25	301.462
577	824.014	1	1.29617e+06	1	389.708	1	1043.83	1	2870.73	1	0.01	273.251	301.463
577	824.014	1	1.29617e+06	1	389.708	1	1043.83	1	2870.73	1	0.0316228	273.255	301.467
577	824.014	1	1.29617e+06	1	389.708	1	1043.83	1	2870.73	1	0.1	273.266	301.48
577	824.014	1	1.29617e+06	1	389.708	1	1043.83	1	2870.73	1	0.316228	273.301	301.519
577	824.014	1	1.29617e+06	1	389.708	1	1043.83	1	2870.73	1	1	273.411	301.643
577	824.014	1	1.29617e+06	1	389.708	1	1043.83	1	2870.73	1	3.16228	273.76	302.033
577	824.014	1	1.29617e+06	1	389.708	1	1043.83	1	2870.73	1	10	274.849	303.25
577	824.014	1	1.29617e+06	1	389.708	1	1043.83	1	2870.73	1	31.6228	278.166	306.939
577	824.014	1	1.29617e+06	1	389.708	1	1043.83	1	2870.73	1	100	287.633	317.406
578	490.087	1	1.21024e+06	1	1442.89	1	1738.12	1	5050.03	1	0	273.249	301.462
578	490.087	1	1.21024e+06	1	1442.89	1	1738.12	1	5050.03	1	0.001	273.25	301.462
578	490.087	1	1.21024e+06	1	1442.89	1	1738.12	1	5050.03	1	0.00316228	273.25	301.462
578	490.087	1	1.21024e+06	1	1442.89	1	1738.12	1	5050.03	1	0.01	273.25	301.462
578	490.087	1	1.21024e+06	1	1442.89	1	1738.12	1	5050.03	1	0.0316228	273.252	301.464
578	490.087	1	1.21024e+06	1	1442.89	1	1738.12	1	5050.03	1	0.1	273.258	301.469
578	490.087	1	1.21024e+06	1	1442.89	1	1738.12	1	5050.03	1	0.316228	273.277	301.487
578	490.087	1	1.21024e+06	1	1442.89	1	1738.12	1	5050.03	1	1	273.335	301.541
578	490.087	1	1.21024e+06	1	1442.89	1	1738.12	1	5050.03	1	3.16228	273.52	301.712
578	490.087	1	1.21024e+06	1	1442.89	1	1738.12	1	5050.03	1	10	274.1	302.249
578	490.087	1	1.21024e+06	1	1442.89	1	1738.12	1	5050.03	1	31.6228	275.894	303.92
578	490.087	1	1.21024e+06	1	1442.89	1	1738.12	1	5050.03	1	100	281.25	308.96
579	496.395	1	2.92862e+06	1	339.134	1	609.933	1	1982.16	1	0	273.249	301.462
579	496.395	1	2.92862e+06	1	339.134	1	609.933	1	1982.16	1	0.001	273.25	301.462
579	496.395	1	2.92862e+06	1	339.134	1	609.933	1	1982.16	1	0.00316228	273.25	301.462
579	496.395	1	2.92862e+06	1	339.134	1	609.933	1	1982.16	1	0.01	273.252	301.464
579	496.395	1	2.92862e+06	1	339.134	1	609.933	1	1982.16	1	0.0316228	273.257	301.47
579	496.395	1	2.92862e+06	1	339.134	1	609.933	1	1982.16	1	0.1	273.273	301.487
579	496.395	1	2.92862e+06	1	339.134	1	609.933	1	1982.16	1	0.316228	273.323	301.541
579	496.395	1	2.92862e+06	1	339.134	1	609.933	1	1982.16	1	1	273.482	301.714
579	496.395	1	2.92862e+06	1	339.134	1	609.933	1	1982.16	1	3.16228	273.983	302.256
579	496.395	1	2.92862e+06	1	339.134	1	609.933	1	1982.16	1	10	275.545	303.944
579	496.395	1	2.92862e+06	1	339.134	1	609.933	1	1982.16	1	31.6228	280.265	309.027
579	496.395	1	2.92862e+06	1	339.134	1	609.933	1	1982.16	1	100	293.647	323.358
580	673.01	1	1.25483e+06	1	492.984	1	755.615	1	3584.67	1	0	273.249	301.462
580	673.01	1	1.25483e+06	1	492.984	1	755.615	1	3584.67	1	0.001	273.25	301.462
580	673.01	1	1.25483e+06	1	492.984	1	755.615	1	3584.67	1	0.00316228	273.25	301.462
580	673.01	1	1.25483e+06	1	492.984	1	755.615	1	3584.67	1	0.01	273.251	301.463
580	673.01	1	1.25483e+06	1	492.984	1	755.615	1	3584.67	1	0.0316228	273.255	301.468
580	673.01	1	1.25483e+06	1	492.984	1	755.615	1	3584.67	1	0.1	273.267	301.48
580	673.01	1	1.25483e+06	1	492.984	1	755.615	1	3584.67	1	0.316228	273.305	301.521
580	673.01	1	1.25483e+06	1	492.984	1	755.615	1	3584.67	1	1	273.425	301.651
580	673.01	1	1.25483e+06	1	492.984	1	755.615	1	3584.67	1	3.16228	273.804	302.058
580	673.01	1	1.25483e+06	1	492.984	1	755.615	1	3584.67	1	10	274.989	303.33
580	673.01	1	1.25483e+06	1	492.984	1	755.615	1	3584.67	1	31.6228	278.614	307.212
580	673.01	1	1.25483e+06	1	492.984	1	755.615	1	3584.67	1	100	289.013	318.317
581	329.077	1	1.29472e+06	1	441.926	1	2360.04	1	5450.53	1	0	273.249	301.462
581	329.077	1	1.29472e+06	1	441.926	1	2360.04	1	5450.53	1	0.001	273.25	301.462
581	329.077	1	1.29472e+06	1	441.926	1	2360.04	1	5450.53	1	0.00316228	273.25	301.462
581	329.077	1	1.29472e+06	1	441.926	1	2360.04	1	5450.53	1	0.01	273.251	301.463
581	329.077	1	1.29472e+06	1	441.926	1	2360.04	1	5450.53	1	0.0316228	273.254	301.466
581	329.077	1	1.29472e+06	1	441.926	1	2360.04	1	5450.53	1	0.1	273.263	301.475
581	329.077	1	1.29472e+06	1	441.926	1	2360.04	1	5450.53	1	0.316228	273.291	301.504
581	329.077	1	1.29472e+06	1	441.926	1	2360.04	1	5450.53	1	1	273.381	301.595
581	329.077	1	1.29472e+06	1	441.926	1	2360.04	1	5450.53	1	3.16228	273.665	301.881
581	329.077	1	1.29472e+06	1	441.926	1	2360.04	1	5450.53	1	10	274.549	302.773
581	329.077	1	1.29472e+06	1	441.926	1	2360.04	1	5450.53	1	31.6228	277.22	305.471
581	329.077	1	1.29472e+06	1	441.926	1	2360.04	1	5450.53	1	100	284.769	313.115
582	442.901	1	1.0452e+06	1	423.744	1	2048.49	1	3312.08	1	0	273.249	301.462
582	442.901	1	1.0452e+06	1	423.744	1	2048.49	1	3312.08	1	0.001	273.25	301.462
582	442.901	1	1.0452e+06	1	423.744	1	2048.49	1	3312.08	1	0.00316228	273.25	301.462
582	442.901	1	1.0452e+06	1	423.744	1	2048.49	1	3312.08	1	0.01	273.251	301.463
582	442.901	1	1.0452e+06	1	423.744	1	2048.49	1	3312.08	1	0.0316228	273.254	301.466
582	442.901	1	1.0452e+06	1	423.744	1	2048.49	1	3312.08	1	0.1	273.263	301.476
582	442.901	1	1.0452e+06	1	423.744	1	2048.49	1	3312.08	1	0.316228	273.291	301.506
582	442.901	1	1.0452e+06	1	423.744	1	2048.49	1	3312.08	1	1	273.381	301.601
582	442.901	1	1.0452e+06	1	423.744	1	2048.49	1	3312.08	1	3.16228	273.664	301.902
582	442.901	1	1.0452e+06	1	423.744	1	2048.49	1	3312.08	1	10	274.548	302.839
582	442.901	1	1.0452e+06	1	423.744	1	2048.49	1	3312.08	1	31.6228	277.229	305.675
582	442.901	1	1.0452e+06	1	423.744	1	2048.49	1	3312.08	1	100	284.864	313.714
583	487.525	1	1.31866e+06	1	602.769	1	768.982	1	1943.1	1	0	273.249	301.462
583	487.525	1	1.31866e+06	1	602.769	1	768.982	1	1943.1	1	0.001	273.25	301.462
583	487.525	1	1.31866e+06	1	602.769	1	768.982	1	1943.1	1	0.00316228	273.25	301.462
583	487.525	1	1.31866e+06	1	602.769	1	768.982	1	1943.1	1	0.01	273.251	301.463
583	487.525	1	1.31866e+06	1	602.769	1	768.982	1	1943.1	1	0.0316228	273.255	301.467
583	487.525	1	1.31866e+06	1	602.769	1	768.982	1	1943.1	1	0.1	273.266	301.479
583	487.525	1	1.31866e+06	1	602.769	1	768.982	1	1943.1	1	0.316228	273.303	301.517
583	487.525	1	1.31866e+06	1	602.769	1	768.982	1	1943.1	1	1	273.419	301.636
583	487.525	1	1.31866e+06	1	602.769	1	768.982	1	1943.1	1	3.16228	273.784	302.012
583	487.525	1	1.31866e+06	1	602.769	1	768.982	1	1943.1	1	10	274.926	303.19
583	487.525	1	1.31866e+06	1	602.769	1	768.982	1	1943.1	1	31.6228	278.425	306.796
583	487.525	1	1.31866e+06	1	602.769	1	768.982	1	1943.1	1	100	288.522	317.189
584	565.093	1	1.17125e+06	1	416.456	1	677.485	1	1616	1	0	273.249	301.462
584	565.093	1	1.17125e+06	1	416.456	1	677.485	1	1616	1	0.001	273.25	301.462
584	565.093	1	1.17125e+06	1	416.456	1	677.485	1	1616	1	0.00316228	273.25	301.462
584	565.093	1	1.17125e+06	1	416.456	1	677.485	1	1616	1	0.01	273.251	301.464
584	565.093	1	1.17125e+06	1	416.456	1	677.485	1	1616	1	0.0316228	273.256	301.468
584	565.093	1	1.17125e+06	1	416.456	1	677.485	1	1616	1	0.1	273.27	301.483
584	565.093	1	1.17125e+06	1	416.456	1	677.485	1	1616	1	0.316228	273.313	301.53
584	565.093	1	1.17125e+06	1	416.456	1	677.485	1	1616	1	1	273.451	301.679
584	565.093	1	1.17125e+06	1	416.456	1	677.485	1	1616	1	3.16228	273.886	302.146
584	565.093	1	1.17125e+06	1	416.456	1	677.485	1	1616	1	10	275.243	303.605
584	565.093	1	1.17125e+06	1	416.456	1	677.485	1	1616	1	31.6228	279.375	308.031
584	565.093	1	1.17125e+06	1	416.456	1	677.485	1	1616	1	100	291.143	320.59
585	546.339	1	346958	1	269.956	1	943.719	1	2990.12	1	0	273.249	301.462
585	546.339	1	346958	1	269.956	1	943.719	1	2990.12	1	0.001	273.25	301.462
585	546.339	1	346958	1	269.956	1	943.719	1	2990.12	1	0.00316228	273.25	301.462
585	546.339	1	346958	1	269.956	1	943.719	1	2990.12	1	0.01	273.252	301.464
585	546.339	1	346958	1	269.956	1	943.719	1	2990.12	1	0.0316228	273.256	301.469
585	546.339	1	346958	1	269.956	1	943.719	1	2990.12	1	0.1	273.27	301.485
585	546.339	1	346958	1	269.956	1	943.719	1	2990.12	1	0.316228	273.316	301.536
585	546.339	1	346958	1	269.956	1	943.719	1	2990.12	1	1	273.459	301.698
585	546.339	1	346958	1	269.956	1	943.719	1	2990.12	1	3.16228	273.91	302.205
585	546.339	1	346958	1	269.956	1	943.719	1	2990.12	1	10	275.311	303.776
585	546.339	1	346958	1	269.956	1	943.719	1	2990.12	1	31.6228	279.505	308.447
585	546.339	1	346958	1	269.956	1	943.719	1	2990.12	1	100	290.97	321.112
586	433.994	1	1.27982e+06	1	476.852	1	931.026	1	2857.44	1	0	273.249	301.462
586	433.994	1	1.27982e+06	1	476.852	1	931.026	1	2857.44	1	0.001	273.25	301.462
586	433.994	1	1.27982e+06	1	476.852	1	931.026	1	2857.44	1	0.00316228	273.25	301.462
586	433.994	1	1.27982e+06	1	476.852	1	931.026	1	2857.44	1	0.01	273.251	301.463
586	433.994	1	1.27982e+06	1	476.852	1	931.026	1	2857.44	1	0.0316228	273.255	301.467
586	433.994	1	1.27982e+06	1	476.852	1	931.026	1	2857.44	1	0.1	273.266	301.479
586	433.994	1	1.27982e+06	1	476.852	1	931.026	1	2857.44	1	0.316228	273.303	301.517
586	433.994	1	1.27982e+06	1	476.852	1	931.026	1	2857.44	1	1	273.417	301.637
586	433.994	1	1.27982e+06	1	476.852	1	931.026	1	2857.44	1	3.16228	273.779	302.014
586	433.994	1	1.27982e+06	1	476.852	1	931.026	1	2857.44	1	10	274.911	303.192
586	433.994	1	1.27982e+06	1	476.852	1	931.026	1	2857.44	1	31.6228	278.369	306.788
586	433.994	1	1.27982e+06	1	476.852	1	931.026	1	2857.44	1	100	288.326	317.122
587	291.129	1	535831	1	549.256	1	675.902	1	6973.85	1	0	273.249	301.462
587	291.129	1	535831	1	549.256	1	675.902	1	6973.85	1	0.001	273.25	301.462
587	291.129	1	535831	1	549.256	1	675.902	1	6973.85	1	0.00316228	273.25	301.462
587	291.129	1	535831	1	549.256	1	675.902	1	6973.85	1	0.01	273.251	301.464
587	291.129	1	535831	1	549.256	1	675.902	1	6973.85	1	0.0316228	273.256	301.468
587	291.129	1	535831	1	549.256	1	675.902	1	6973.85	1	0.1	273.27	301.481
587	291.129	1	535831	1	549.256	1	675.902	1	6973.85	1	0.316228	273.313	301.524
587	291.129	1	535831	1	549.256	1	675.902	1	6973.85	1	1	273.451	301.66
587	291.129	1	535831	1	549.256	1	675.902	1	6973.85	1	3.16228	273.885	302.088
587	291.129	1	535831	1	549.256	1	675.902	1	6973.85	1	10	275.238	303.424
587	291.129	1	535831	1	549.256	1	675.902	1	6973.85	1	31.6228	279.346	307.491
587	291.129	1	535831	1	549.256	1	675.902	1	6973.85	1	100	291.038	319.128
588	661.419	1	1.22295e+06	1	427.681	1	2815.53	1	2646.73	1	0	273.249	301.462
588	661.419	1	1.22295e+06	1	427.681	1	2815.53	1	2646.73	1	0.001	273.25	301.462
588	661.419	1	1.22295e+06	1	427.681	1	2815.53	1	2646.73	1	0.00316228	273.25	301.462
588	661.419	1	1.22295e+06	1	427.681	1	2815.53	1	2646.73	1	0.01	273.251	301.463
588	661.419	1	1.22295e+06	1	427.681	1	2815.53	1	2646.73	1	0.0316228	273.253	301.466
588	661.419	1	1.22295e+06	1	427.681	1	2815.53	1	2646.73	1	0.1	273.261	301.474
588	661.419	1	1.22295e+06	1	427.681	1	2815.53	1	2646.73	1	0.316228	273.285	301.502
588	661.419	1	1.22295e+06	1	427.681	1	2815.53	1	2646.73	1	1	273.363	301.588
588	661.419	1	1.22295e+06	1	427.681	1	2815.53	1	2646.73	1	3.16228	273.606	301.86
588	661.419	1	1.22295e+06	1	427.681	1	2815.53	1	2646.73	1	10	274.366	302.706
588	661.419	1	1.22295e+06	1	427.681	1	2815.53	1	2646.73	1	31.6228	276.674	305.262
588	661.419	1	1.22295e+06	1	427.681	1	2815.53	1	2646.73	1	100	283.215	312.462
589	375.262	1	1.19209e+06	1	384.57	1	609.906	1	3489.64	1	0	273.249	301.462
589	375.262	1	1.19209e+06	1	384.57	1	609.906	1	3489.64	1	0.001	273.25	301.462
589	375.262	1	1.19209e+06	1	384.57	1	609.906	1	3489.64	1	0.00316228	273.25	301.462
589	375.262	1	1.19209e+06	1	384.57	1	609.906	1	3489.64	1	0.01	273.252	301.464
589	375.262	1	1.19209e+06	1	384.57	1	609.906	1	3489.64	1	0.0316228	273.257	301.469
589	375.262	1	1.19209e+06	1	384.57	1	609.906	1	3489.64	1	0.1	273.272	301.486
589	375.262	1	1.19209e+06	1	384.57	1	609.906	1	3489.64	1	0.316228	273.322	301.538
589	375.262	1	1.19209e+06	1	384.57	1	609.906	1	3489.64	1	1	273.478	301.702
589	375.262	1	1.19209e+06	1	384.57	1	609.906	1	3489.64	1	3.16228	273.971	302.218
589	375.262	1	1.19209e+06	1	384.57	1	609.906	1	3489.64	1	10	275.507	303.827
589	375.262	1	1.19209e+06	1	384.57	1	609.906	1	3489.64	1	31.6228	280.158	308.688
589	375.262	1	1.19209e+06	1	384.57	1	609.906	1	3489.64	1	100	293.412	322.505
590	243.12	1	502826	1	623.946	1	722.969	1	3738.41	1	0	273.249	301.462
590	243.12	1	502826	1	623.946	1	722.969	1	3738.41	1	0.001	273.25	301.462
590	243.12	1	502826	1	623.946	1	722.969	1	3738.41	1	0.00316228	273.25	301.462
590	243.12	1	502826	1	623.946	1	722.969	1	3738.41	1	0.01	273.251	301.463
590	243.12	1	502826	1	623.946	1	722.969	1	3738.41	1	0.0316228	273.256	301.467
590	243.12	1	502826	1	623.946	1	722.969	1	3738.41	1	0.1	273.269	301.48
590	243.12	1	502826	1	623.946	1	722.969	1	3738.41	1	0.316228	273.311	301.52
590	243.12	1	502826	1	623.946	1	722.969	1	3738.41	1	1	273.445	301.646
590	243.12	1	502826	1	623.946	1	722.969	1	3738.41	1	3.16228	273.864	302.044
590	243.12	1	502826	1	623.946	1	722.969	1	3738.41	1	10	275.172	303.287
590	243.12	1	502826	1	623.946	1	722.969	1	3738.41	1	31.6228	279.131	307.077
590	243.12	1	502826	1	623.946	1	722.969	1	3738.41	1	100	290.344	317.934
591	429.396	1	3.85935e+06	1	522.416	1	1208.63	1	2538	1	0	273.249	301.462
591	429.396	1	3.85935e+06	1	522.416	1	1208.63	1	2538	1	0.001	273.25	301.462
591	429.396	1	3.85935e+06	1	522.416	1	1208.63	1	2538	1	0.00316228	273.25	301.462
591	429.396	1	3.85935e+06	1	522.416	1	1208.63	1	2538	1	0.01	273.251	301.463
591	429.396	1	3.85935e+06	1	522.416	1	1208.63	1	2538	1	0.0316228	273.254	301.466
591	429.396	1	3.85935e+06	1	522.416	1	1208.63	1	2538	1	0.1	273.264	301.476
591	429.396	1	3.85935e+06	1	522.416	1	1208.63	1	2538	1	0.316228	273.295	301.509
591	429.396	1	3.85935e+06	1	522.416	1	1208.63	1	2538	1	1	273.394	301.61
591	429.396	1	3.85935e+06	1	522.416	1	1208.63	1	2538	1	3.16228	273.705	301.931
591	429.396	1	3.85935e+06	1	522.416	1	1208.63	1	2538	1	10	274.679	302.934
591	429.396	1	3.85935e+06	1	522.416	1	1208.63	1	2538	1	31.6228	277.662	306.003
591	429.396	1	3.85935e+06	1	522.416	1	1208.63	1	2538	1	100	286.311	314.895
592	293.402	1	739107	1	152.5	1	976.349	1	3789.68	1	0	273.249	301.462
592	293.402	1	739107	1	152.5	1	976.349	1	3789.68	1	0.001	273.25	301.462
592	293.402	1	739107	1	152.5	1	976.349	1	3789.68	1	0.00316228	273.25	301.463
592	293.402	1	739107	1	152.5	1	976.349	1	3789.68	1	0.01	273.253	301.465
592	293.402	1	739107	1	152.5	1	976.349	1	3789.68	1	0.0316228	273.259	301.473
592	293.402	1	739107	1	152.5	1	976.349	1	3789.68	1	0.1	273.28	301.497
592	293.402	1	739107	1	152.5	1	976.349	1	3789.68	1	0.316228	273.347	301.573
592	293.402	1	739107	1	152.5	1	976.349	1	3789.68	1	1	273.558	301.813
592	293.402	1	739107	1	152.5	1	976.349	1	3789.68	1	3.16228	274.218	302.562
592	293.402	1	739107	1	152.5	1	976.349	1	3789.68	1	10	276.229	304.836
592	293.402	1	739107	1	152.5	1	976.349	1	3789.68	1	31.6228	281.999	311.31
592	293.402	1	739107	1	152.5	1	976.349	1	3789.68	1	100	296.342	327.088
593	1310.2	1	556744	1	659.9	1	406.927	1	3101.19	1	0	273.249	301.462
593	1310.2	1	556744	1	659.9	1	406.927	1	3101.19	1	0.001	273.25	301.462
593	1310.2	1	556744	1	659.9	1	406.927	1	3101.19	1	0.00316228	273.25	301.462
593	1310.2	1	556744	1	659.9	1	406.927	1	3101.19	1	0.01	273.252	301.464
593	1310.2	1	556744	1	659.9	1	406.927	1	3101.19	1	0.0316228	273.257	301.47
593	1310.2	1	556744	1	659.9	1	406.927	1	3101.19	1	0.1	273.273	301.487
593	1310.2	1	556744	1	659.9	1	406.927	1	3101.19	1	0.316228	273.325	301.542
593	1310.2	1	556744	1	659.9	1	406.927	1	3101.19	1	1	273.487	301.716
593	1310.2	1	556744	1	659.9	1	406.927	1	3101.19	1	3.16228	273.997	302.262
593	1310.2	1	556744	1	659.9	1	406.927	1	3101.19	1	10	275.583	303.961
593	1310.2	1	556744	1	659.9	1	406.927	1	3101.19	1	31.6228	280.351	309.068
593	1310.2	1	556744	1	659.9	1	406.927	1	3101.19	1	100	294.261	323.922
594	501.906	1	4.37214e+06	1	425.575	1	559.354	1	3495.56	1	0	273.249	301.462
594	501.906	1	4.37214e+06	1	425.575	1	559.354	1	3495.56	1	0.001	273.25	301.462
594	501.906	1	4.37214e+06	1	425.575	1	559.354	1	3495.56	1	0.00316228	273.25	301.462
594	501.906	1	4.37214e+06	1	425.575	1	559.354	1	3495.56	1	0.01	273.252	301.464
594	501.906	1	4.37214e+06	1	425.575	1	559.354	1	3495.56	1	0.0316228	273.257	301.469
594	501.906	1	4.37214e+06	1	425.575	1	559.354	1	3495.56	1	0.1	273.272	301.486
594	501.906	1	4.37214e+06	1	425.575	1	559.354	1	3495.56	1	0.316228	273.321	301.537
594	501.906	1	4.37214e+06	1	425.575	1	559.354	1	3495.56	1	1	273.475	301.701
594	501.906	1	4.37214e+06	1	425.575	1	559.354	1	3495.56	1	3.16228	273.96	302.216
594	501.906	1	4.37214e+06	1	425.575	1	559.354	1	3495.56	1	10	275.474	303.823
594	501.906	1	4.37214e+06	1	425.575	1	559.354	1	3495.56	1	31.6228	280.066	308.684
594	501.906	1	4.37214e+06	1	425.575	1	559.354	1	3495.56	1	100	293.304	322.649
595	294.26	1	782921	1	251.167	1	718.413	1	1419.87	1	0	273.249	301.462
595	294.26	1	782921	1	251.167	1	718.413	1	1419.87	1	0.001	273.25	301.462
595	294.26	1	782921	1	251.167	1	718.413	1	1419.87	1	0.00316228	273.25	301.462
595	294.26	1	782921	1	251.167	1	718.413	1	1419.87	1	0.01	273.252	301.464
595	294.26	1	782921	1	251.167	1	718.413	1	1419.87	1	0.0316228	273.258	301.47
595	294.26	1	782921	1	251.167	1	718.413	1	1419.87	1	0.1	273.275	301.49
595	294.26	1	782921	1	251.167	1	718.413	1	1419.87	1	0.316228	273.332	301.55
595	294.26	1	782921	1	251.167	1	718.413	1	1419.87	1	1	273.51	301.74
595	294.26	1	782921	1	251.167	1	718.413	1	1419.87	1	3.16228	274.068	302.338
595	294.26	1	782921	1	251.167	1	718.413	1	1419.87	1	10	275.8	304.19
595	294.26	1	782921	1	251.167	1	718.413	1	1419.87	1	31.6228	280.96	309.674
595	294.26	1	782921	1	251.167	1	718.413	1	1419.87	1	100	295.016	324.544
596	567.444	1	316299	1	363.776	1	812.954	1	4931.35	1	0	273.249	301.462
596	567.444	1	316299	1	363.776	1	812.954	1	4931.35	1	0.001	273.25	301.462
596	567.444	1	316299	1	363.776	1	812.954	1	4931.35	1	0.00316228	273.25	301.462
596	567.444	1	316299	1	363.776	1	812.954	1	4931.35	1	0.01	273.251	301.464
596	567.444	1	316299	1	363.776	1	812.954	1	4931.35	1	0.0316228	273.256	301.468
596	567.444	1	316299	1	363.776	1	812.954	1	4931.35	1	0.1	273.269	301.483
596	567.444	1	316299	1	363.776	1	812.954	1	4931.35	1	0.316228	273.311	301.528
596	567.444	1	316299	1	363.776	1	812.954	1	4931.35	1	1	273.442	301.673
596	567.444	1	316299	1	363.776	1	812.954	1	4931.35	1	3.16228	273.858	302.127
596	567.444	1	316299	1	363.776	1	812.954	1	4931.35	1	10	275.155	303.541
596	567.444	1	316299	1	363.776	1	812.954	1	4931.35	1	31.6228	279.094	307.818
596	567.444	1	316299	1	363.776	1	812.954	1	4931.35	1	100	290.236	319.85
597	409.274	1	1.87951e+06	1	165.628	1	628.236	1	3268.73	1	0	273.249	301.462
597	409.274	1	1.87951e+06	1	165.628	1	628.236	1	3268.73	1	0.001	273.25	301.462
597	409.274	1	1.87951e+06	1	165.628	1	628.236	1	3268.73	1	0.00316228	273.25	301.463
597	409.274	1	1.87951e+06	1	165.628	1	628.236	1	3268.73	1	0.01	273.253	301.465
597	409.274	1	1.87951e+06	1	165.628	1	628.236	1	3268.73	1	0.0316228	273.26	301.473
597	409.274	1	1.87951e+06	1	165.628	1	628.236	1	3268.73	1	0.1	273.282	301.499
597	409.274	1	1.87951e+06	1	165.628	1	628.236	1	3268.73	1	0.316228	273.353	301.58
597	409.274	1	1.87951e+06	1	165.628	1	628.236	1	3268.73	1	1	273.575	301.834
597	409.274	1	1.87951e+06	1	165.628	1	628.236	1	3268.73	1	3.16228	274.272	302.629
597	409.274	1	1.87951e+06	1	165.628	1	628.236	1	3268.73	1	10	276.413	305.061
597	409.274	1	1.87951e+06	1	165.628	1	628.236	1	3268.73	1	31.6228	282.65	312.095
597	409.274	1	1.87951e+06	1	165.628	1	628.236	1	3268.73	1	100	298.825	330.04
598	563.062	1	567536	1	453.549	1	1067.32	1	1785.34	1	0	273.249	301.462
598	563.062	1	567536	1	453.549	1	1067.32	1	1785.34	1	0.001	273.25	301.462
598	563.062	1	567536	1	453.549	1	1067.32	1	1785.34	1	0.00316228	273.25	301.462
598	563.062	1	567536	1	453.549	1	1067.32	1	1785.34	1	0.01	273.251	301.463
598	563.062	1	567536	1	453.549	1	1067.32	1	1785.34	1	0.0316228	273.254	301.467
598	563.062	1	567536	1	453.549	1	1067.32	1	1785.34	1	0.1	273.265	301.478
598	563.062	1	567536	1	453.549	1	1067.32	1	1785.34	1	0.316228	273.299	301.515
598	563.062	1	567536	1	453.549	1	1067.32	1	1785.34	1	1	273.405	301.629
598	563.062	1	567536	1	453.549	1	1067.32	1	1785.34	1	3.16228	273.74	301.989
598	563.062	1	567536	1	453.549	1	1067.32	1	1785.34	1	10	274.789	303.115
598	563.062	1	567536	1	453.549	1	1067.32	1	1785.34	1	31.6228	277.998	306.548
598	563.062	1	567536	1	453.549	1	1067.32	1	1785.34	1	100	287.248	316.407
599	577.37	1	130655	1	181.384	1	4666.53	1	3546.07	1	0	273.249	301.462
599	577.37	1	130655	1	181.384	1	4666.53	1	3546.07	1	0.001	273.25	301.462
599	577.37	1	130655	1	181.384	1	4666.53	1	3546.07	1	0.00316228	273.25	301.462
599	577.37	1	130655	1	181.384	1	4666.53	1	3546.07	1	0.01	273.251	301.464
599	577.37	1	130655	1	181.384	1	4666.53	1	3546.07	1	0.0316228	273.256	301.469
599	577.37	1	130655	1	181.384	1	4666.53	1	3546.07	1	0.1	273.269	301.486
599	577.37	1	130655	1	181.384	1	4666.53	1	3546.07	1	0.316228	273.313	301.538
599	577.37	1	130655	1	181.384	1	4666.53	1	3546.07	1	1	273.449	301.703
599	577.37	1	130655	1	181.384	1	4666.53	1	3546.07	1	3.16228	273.873	302.218
599	577.37	1	130655	1	181.384	1	4666.53	1	3546.07	1	10	275.165	303.776
599	577.37	1	130655	1	181.384	1	4666.53	1	3546.07	1	31.6228	278.822	308.156
599	577.37	1	130655	1	181.384	1	4666.53	1	3546.07	1	100	287.564	318.515
600	470.151	1	405242	1	283.982	1	683.087	1	3315.62	1	0	273.249	301.462
600	470.151	1	405242	1	283.982	1	683.087	1	3315.62	1	0.001	273.25	301.462
600	470.151	1	405242	1	283.982	1	683.087	1	3315.62	1	0.00316228	273.25	301.462
600	470.151	1	405242	1	283.982	1	683.087	1	3315.62	1	0.01	273.252	301.464
600	470.151	1	405242	1	283.982	1	683.087	1	3315.62	1	0.0316228	273.257	301.47
600	470.151	1	405242	1	283.982	1	683.087	1	3315.62	1	0.1	273.273	301.488
600	470.151	1	405242	1	283.982	1	683.087	1	3315.62	1	0.316228	273.325	301.544
600	470.151	1	405242	1	283.982	1	683.087	1	3315.62	1	1	273.487	301.723
600	470.151	1	405242	1	283.982	1	683.087	1	3315.62	1	3.16228	273.998	302.284
600	470.151	1	405242	1	283.982	1	683.087	1	3315.62	1	10	275.587	304.026
600	470.151	1	405242	1	283.982	1	683.087	1	3315.62	1	31.6228	280.362	309.231
600	470.151	1	405242	1	283.982	1	683.087	1	3315.62	1	100	293.577	323.533
601	884.131	1	2.241e+06	1	226.245	1	455.336	1	2270.93	1	0	273.249	301.462
601	884.131	1	2.241e+06	1	226.245	1	455.336	1	2270.93	1	0.001	273.25	301.462
601	884.131	1	2.241e+06	1	226.245	1	455.336	1	2270.93	1	0.00316228	273.25	301.463
601	884.131	1	2.241e+06	1	226.245	1	455.336	1	2270.93	1	0.01	273.253	301.465
601	884.131	1	2.241e+06	1	226.245	1	455.336	1	2270.93	1	0.0316228	273.259	301.473
601	884.131	1	2.241e+06	1	226.245	1	455.336	1	2270.93	1	0.1	273.28	301.497
601	884.131	1	2.241e+06	1	226.245	1	455.336	1	2270.93	1	0.316228	273.347	301.573
601	884.131	1	2.241e+06	1	226.245	1	455.336	1	2270.93	1	1	273.558	301.813
601	884.131	1	2.241e+06	1	226.245	1	455.336	1	2270.93	1	3.16228	274.221	302.566
601	884.131	1	2.241e+06	1	226.245	1	455.336	1	2270.93	1	10	276.274	304.891
601	884.131	1	2.241e+06	1	226.245	1	455.336	1	2270.93	1	31.6228	282.357	311.742
601	884.131	1	2.241e+06	1	226.245	1	455.336	1	2270.93	1	100	299.081	330.451
602	810.665	1	1.52566e+06	1	423.378	1	1570.22	1	4040.8	1	0	273.249	301.462
602	810.665	1	1.52566e+06	1	423.378	1	1570.22	1	4040.8	1	0.001	273.25	301.462
602	810.665	1	1.52566e+06	1	423.378	1	1570.22	1	4040.8	1	0.00316228	273.25	301.462
602	810.665	1	1.52566e+06	1	423.378	1	1570.22	1	4040.8	1	0.01	273.251	301.463
602	810.665	1	1.52566e+06	1	423.378	1	1570.22	1	4040.8	1	0.0316228	273.254	301.466
602	810.665	1	1.52566e+06	1	423.378	1	1570.22	1	4040.8	1	0.1	273.263	301.476
602	810.665	1	1.52566e+06	1	423.378	1	1570.22	1	4040.8	1	0.316228	273.291	301.508
602	810.665	1	1.52566e+06	1	423.378	1	1570.22	1	4040.8	1	1	273.381	301.61
602	810.665	1	1.52566e+06	1	423.378	1	1570.22	1	4040.8	1	3.16228	273.665	301.928
602	810.665	1	1.52566e+06	1	423.378	1	1570.22	1	4040.8	1	10	274.553	302.923
602	810.665	1	1.52566e+06	1	423.378	1	1570.22	1	4040.8	1	31.6228	277.26	305.942
602	810.665	1	1.52566e+06	1	423.378	1	1570.22	1	4040.8	1	100	285.025	314.546
603	1093.86	1	501777	1	289.917	1	1631.94	1	2958.17	1	0	273.249	301.462
603	1093.86	1	501777	1	289.917	1	1631.94	1	2958.17	1	0.001	273.25	301.462
603	1093.86	1	501777	1	289.917	1	1631.94	1	2958.17	1	0.00316228	273.25	301.462
603	1093.86	1	501777	1	289.917	1	1631.94	1	2958.17	1	0.01	273.251	301.463
603	1093.86	1	501777	1	289.917	1	1631.94	1	2958.17	1	0.0316228	273.254	301.468
603	1093.86	1	501777	1	289.917	1	1631.94	1	2958.17	1	0.1	273.265	301.48
603	1093.86	1	501777	1	289.917	1	1631.94	1	2958.17	1	0.316228	273.3	301.521
603	1093.86	1	501777	1	289.917	1	1631.94	1	2958.17	1	1	273.409	301.65
603	1093.86	1	501777	1	289.917	1	1631.94	1	2958.17	1	3.16228	273.751	302.055
603	1093.86	1	501777	1	289.917	1	1631.94	1	2958.17	1	10	274.812	303.308
603	1093.86	1	501777	1	289.917	1	1631.94	1	2958.17	1	31.6228	277.983	307.023
603	1093.86	1	501777	1	289.917	1	1631.94	1	2958.17	1	100	286.52	316.953
604	420.276	1	747133	1	446.182	1	1087.21	1	3492.36	1	0	273.249	301.462
604	420.276	1	747133	1	446.182	1	1087.21	1	3492.36	1	0.001	273.25	301.462
604	420.276	1	747133	1	446.182	1	1087.21	1	3492.36	1	0.00316228	273.25	301.462
604	420.276	1	747133	1	446.182	1	1087.21	1	3492.36	1	0.01	273.251	301.463
604	420.276	1	747133	1	446.182	1	1087.21	1	3492.36	1	0.0316228	273.255	301.467
604	420.276	1	747133	1	446.182	1	1087.21	1	3492.36	1	0.1	273.266	301.478
604	420.276	1	747133	1	446.182	1	1087.21	1	3492.36	1	0.316228	273.301	301.515
604	420.276	1	747133	1	446.182	1	1087.21	1	3492.36	1	1	273.411	301.63
604	420.276	1	747133	1	446.182	1	1087.21	1	3492.36	1	3.16228	273.759	301.994
604	420.276	1	747133	1	446.182	1	1087.21	1	3492.36	1	10	274.846	303.13
604	420.276	1	747133	1	446.182	1	1087.21	1	3492.36	1	31.6228	278.161	306.589
604	420.276	1	747133	1	446.182	1	1087.21	1	3492.36	1	100	287.688	316.504
605	297.502	1	1.3794e+06	1	458.625	1	973.015	1	2641.33	1	0	273.249	301.462
605	297.502	1	1.3794e+06	1	458.625	1	973.015	1	2641.33	1	0.001	273.25	301.462
605	297.502	1	1.3794e+06	1	458.625	1	973.015	1	2641.33	1	0.00316228	273.25	301.462
605	297.502	1	1.3794e+06	1	458.625	1	973.015	1	2641.33	1	0.01	273.251	301.463
605	297.502	1	1.3794e+06	1	458.625	1	973.015	1	2641.33	1	0.0316228	273.255	301.467
605	297.502	1	1.3794e+06	1	458.625	1	973.015	1	2641.33	1	0.1	273.267	301.479
605	297.502	1	1.3794e+06	1	458.625	1	973.015	1	2641.33	1	0.316228	273.306	301.518
605	297.502	1	1.3794e+06	1	458.625	1	973.015	1	2641.33	1	1	273.428	301.64
605	297.502	1	1.3794e+06	1	458.625	1	973.015	1	2641.33	1	3.16228	273.811	302.023
605	297.502	1	1.3794e+06	1	458.625	1	973.015	1	2641.33	1	10	275.008	303.221
605	297.502	1	1.3794e+06	1	458.625	1	973.015	1	2641.33	1	31.6228	278.644	306.865
605	297.502	1	1.3794e+06	1	458.625	1	973.015	1	2641.33	1	100	289.009	317.303
606	495.898	1	252971	1	428.375	1	1532.16	1	4064.6	1	0	273.249	301.462
606	495.898	1	252971	1	428.375	1	1532.16	1	4064.6	1	0.001	273.25	301.462
606	495.898	1	252971	1	428.375	1	1532.16	1	4064.6	1	0.00316228	273.25	301.462
606	495.898	1	252971	1	428.375	1	1532.16	1	4064.6	1	0.01	273.251	301.463
606	495.898	1	252971	1	428.375	1	1532.16	1	4064.6	1	0.0316228	273.254	301.466
606	495.898	1	252971	1	428.375	1	1532.16	1	4064.6	1	0.1	273.263	301.477
606	495.898	1	252971	1	428.375	1	1532.16	1	4064.6	1	0.316228	273.294	301.509
606	495.898	1	252971	1	428.375	1	1532.16	1	4064.6	1	1	273.39	301.612
606	495.898	1	252971	1	428.375	1	1532.16	1	4064.6	1	3.16228	273.692	301.936
606	495.898	1	252971	1	428.375	1	1532.16	1	4064.6	1	10	274.635	302.946
606	495.898	1	252971	1	428.375	1	1532.16	1	4064.6	1	31.6228	277.51	306.014
606	495.898	1	252971	1	428.375	1	1532.16	1	4064.6	1	100	285.75	314.767
607	402.925	1	1.10036e+06	1	693.102	1	1221.66	1	2318.8	1	0	273.249	301.462
607	402.925	1	1.10036e+06	1	693.102	1	1221.66	1	2318.8	1	0.001	273.25	301.462
607	402.925	1	1.10036e+06	1	693.102	1	1221.66	1	2318.8	1	0.00316228	273.25	301.462
607	402.925	1	1.10036e+06	1	693.102	1	1221.66	1	2318.8	1	0.01	273.251	301.463
607	402.925	1	1.10036e+06	1	693.102	1	1221.66	1	2318.8	1	0.0316228	273.254	301.466
607	402.925	1	1.10036e+06	1	693.102	1	1221.66	1	2318.8	1	0.1	273.263	301.475
607	402.925	1	1.10036e+06	1	693.102	1	1221.66	1	2318.8	1	0.316228	273.291	301.503
607	402.925	1	1.10036e+06	1	693.102	1	1221.66	1	2318.8	1	1	273.381	301.591
607	402.925	1	1.10036e+06	1	693.102	1	1221.66	1	2318.8	1	3.16228	273.664	301.871
607	402.925	1	1.10036e+06	1	693.102	1	1221.66	1	2318.8	1	10	274.55	302.748
607	402.925	1	1.10036e+06	1	693.102	1	1221.66	1	2318.8	1	31.6228	277.273	305.449
607	402.925	1	1.10036e+06	1	693.102	1	1221.66	1	2318.8	1	100	285.233	313.363
608	507.277	1	2.03096e+06	1	474.698	1	384.837	1	3796.17	1	0	273.249	301.462
608	507.277	1	2.03096e+06	1	474.698	1	384.837	1	3796.17	1	0.001	273.25	301.462
608	507.277	1	2.03096e+06	1	474.698	1	384.837	1	3796.17	1	0.00316228	273.25	301.462
608	507.277	1	2.03096e+06	1	474.698	1	384.837	1	3796.17	1	0.01	273.252	301.464
608	507.277	1	2.03096e+06	1	474.698	1	384.837	1	3796.17	1	0.0316228	273.258	301.471
608	507.277	1	2.03096e+06	1	474.698	1	384.837	1	3796.17	1	0.1	273.277	301.491
608	507.277	1	2.03096e+06	1	474.698	1	384.837	1	3796.17	1	0.316228	273.338	301.554
608	507.277	1	2.03096e+06	1	474.698	1	384.837	1	3796.17	1	1	273.528	301.754
608	507.277	1	2.03096e+06	1	474.698	1	384.837	1	3796.17	1	3.16228	274.126	302.382
608	507.277	1	2.03096e+06	1	474.698	1	384.837	1	3796.17	1	10	275.984	304.335
608	507.277	1	2.03096e+06	1	474.698	1	384.837	1	3796.17	1	31.6228	281.557	310.181
608	507.277	1	2.03096e+06	1	474.698	1	384.837	1	3796.17	1	100	297.725	327.097
609	398.922	1	606946	1	425.104	1	997.867	1	2667.51	1	0	273.249	301.462
609	398.922	1	606946	1	425.104	1	997.867	1	2667.51	1	0.001	273.25	301.462
609	398.922	1	606946	1	425.104	1	997.867	1	2667.51	1	0.00316228	273.25	301.462
609	398.922	1	606946	1	425.104	1	997.867	1	2667.51	1	0.01	273.251	301.463
609	398.922	1	606946	1	425.104	1	997.867	1	2667.51	1	0.0316228	273.255	301.467
609	398.922	1	606946	1	425.104	1	997.867	1	2667.51	1	0.1	273.267	301.48
609	398.922	1	606946	1	425.104	1	997.867	1	2667.51	1	0.316228	273.304	301.519
609	398.922	1	606946	1	425.104	1	997.867	1	2667.51	1	1	273.422	301.642
609	398.922	1	606946	1	425.104	1	997.867	1	2667.51	1	3.16228	273.793	302.03
609	398.922	1	606946	1	425.104	1	997.867	1	2667.51	1	10	274.953	303.241
609	398.922	1	606946	1	425.104	1	997.867	1	2667.51	1	31.6228	278.484	306.923
609	398.922	1	606946	1	425.104	1	997.867	1	2667.51	1	100	288.587	317.436
610	360.784	1	672045	1	289.454	1	1715.91	1	2452.31	1	0	273.249	301.462
610	360.784	1	672045	1	289.454	1	1715.91	1	2452.31	1	0.001	273.25	301.462
610	360.784	1	672045	1	289.454	1	1715.91	1	2452.31	1	0.00316228	273.25	301.462
610	360.784	1	672045	1	289.454	1	1715.91	1	2452.31	1	0.01	273.251	301.463
610	360.784	1	672045	1	289.454	1	1715.91	1	2452.31	1	0.0316228	273.255	301.468
610	360.784	1	672045	1	289.454	1	1715.91	1	2452.31	1	0.1	273.267	301.481
610	360.784	1	672045	1	289.454	1	1715.91	1	2452.31	1	0.316228	273.305	301.523
610	360.784	1	672045	1	289.454	1	1715.91	1	2452.31	1	1	273.426	301.654
610	360.784	1	672045	1	289.454	1	1715.91	1	2452.31	1	3.16228	273.806	302.067
610	360.784	1	672045	1	289.454	1	1715.91	1	2452.31	1	10	274.984	303.345
610	360.784	1	672045	1	289.454	1	1715.91	1	2452.31	1	31.6228	278.496	307.129
610	360.784	1	672045	1	289.454	1	1715.91	1	2452.31	1	100	287.941	317.241
611	434.11	1	761162	1	516.852	1	1039.79	1	3269.27	1	0	273.249	301.462
611	434.11	1	761162	1	516.852	1	1039.79	1	3269.27	1	0.001	273.25	301.462
611	434.11	1	761162	1	516.852	1	1039.79	1	3269.27	1	0.00316228	273.25	301.462
611	434.11	1	761162	1	516.852	1	1039.79	1	3269.27	1	0.01	273.251	301.463
611	434.11	1	761162	1	516.852	1	1039.79	1	3269.27	1	0.0316228	273.254	301.467
611	434.11	1	761162	1	516.852	1	1039.79	1	3269.27	1	0.1	273.265	301.478
611	434.11	1	761162	1	516.852	1	1039.79	1	3269.27	1	0.316228	273.298	301.512
611	434.11	1	761162	1	516.852	1	1039.79	1	3269.27	1	1	273.404	301.621
611	434.11	1	761162	1	516.852	1	1039.79	1	3269.27	1	3.16228	273.737	301.965
611	434.11	1	761162	1	516.852	1	1039.79	1	3269.27	1	10	274.78	303.042
611	434.11	1	761162	1	516.852	1	1039.79	1	3269.27	1	31.6228	277.972	306.335
611	434.11	1	761162	1	516.852	1	1039.79	1	3269.27	1	100	287.211	315.856
612	397.613	1	1.52005e+06	1	212.777	1	4370.72	1	3868.89	1	0	273.249	301.462
612	397.613	1	1.52005e+06	1	212.777	1	4370.72	1	3868.89	1	0.001	273.25	301.462
612	397.613	1	1.52005e+06	1	212.777	1	4370.72	1	3868.89	1	0.00316228	273.25	301.462
612	397.613	1	1.52005e+06	1	212.777	1	4370.72	1	3868.89	1	0.01	273.251	301.464
612	397.613	1	1.52005e+06	1	212.777	1	4370.72	1	3868.89	1	0.0316228	273.255	301.468
612	397.613	1	1.52005e+06	1	212.777	1	4370.72	1	3868.89	1	0.1	273.268	301.483
612	397.613	1	1.52005e+06	1	212.777	1	4370.72	1	3868.89	1	0.316228	273.308	301.529
612	397.613	1	1.52005e+06	1	212.777	1	4370.72	1	3868.89	1	1	273.434	301.675
612	397.613	1	1.52005e+06	1	212.777	1	4370.72	1	3868.89	1	3.16228	273.829	302.13
612	397.613	1	1.52005e+06	1	212.777	1	4370.72	1	3868.89	1	10	275.038	303.52
612	397.613	1	1.52005e+06	1	212.777	1	4370.72	1	3868.89	1	31.6228	278.519	307.477
612	397.613	1	1.52005e+06	1	212.777	1	4370.72	1	3868.89	1	100	287.218	317.27
613	452.73	1	368643	1	608.231	1	781.21	1	4518.66	1	0	273.249	301.462
613	452.73	1	368643	1	608.231	1	781.21	1	4518.66	1	0.001	273.25	301.462
613	452.73	1	368643	1	608.231	1	781.21	1	4518.66	1	0.00316228	273.25	301.462
613	452.73	1	368643	1	608.231	1	781.21	1	4518.66	1	0.01	273.251	301.463
613	452.73	1	368643	1	608.231	1	781.21	1	4518.66	1	0.0316228	273.255	301.467
613	452.73	1	368643	1	608.231	1	781.21	1	4518.66	1	0.1	273.266	301.479
613	452.73	1	368643	1	608.231	1	781.21	1	4518.66	1	0.316228	273.303	301.516
613	452.73	1	368643	1	608.231	1	781.21	1	4518.66	1	1	273.418	301.634
613	452.73	1	368643	1	608.231	1	781.21	1	4518.66	1	3.16228	273.781	302.005
613	452.73	1	368643	1	608.231	1	781.21	1	4518.66	1	10	274.917	303.167
613	452.73	1	368643	1	608.231	1	781.21	1	4518.66	1	31.6228	278.396	306.725
613	452.73	1	368643	1	608.231	1	781.21	1	4518.66	1	100	288.432	316.981
614	272.939	1	985397	1	462.518	1	1459.55	1	2601.21	1	0	273.249	301.462
614	272.939	1	985397	1	462.518	1	1459.55	1	2601.21	1	0.001	273.25	301.462
614	272.939	1	985397	1	462.518	1	1459.55	1	2601.21	1	0.00316228	273.25	301.462
614	272.939	1	985397	1	462.518	1	1459.55	1	2601.21	1	0.01	273.251	301.463
614	272.939	1	985397	1	462.518	1	1459.55	1	2601.21	1	0.0316228	273.254	301.466
614	272.939	1	985397	1	462.518	1	1459.55	1	2601.21	1	0.1	273.265	301.477
614	272.939	1	985397	1	462.518	1	1459.55	1	2601.21	1	0.316228	273.299	301.51
614	272.939	1	985397	1	462.518	1	1459.55	1	2601.21	1	1	273.405	301.613
614	272.939	1	985397	1	462.518	1	1459.55	1	2601.21	1	3.16228	273.739	301.94
614	272.939	1	985397	1	462.518	1	1459.55	1	2601.21	1	10	274.78	302.959
614	272.939	1	985397	1	462.518	1	1459.55	1	2601.21	1	31.6228	277.928	306.054
614	272.939	1	985397	1	462.518	1	1459.55	1	2601.21	1	100	286.873	314.923
615	479.436	1	833815	1	770.987	1	1080.73	1	2882.11	1	0	273.249	301.462
615	479.436	1	833815	1	770.987	1	1080.73	1	2882.11	1	0.001	273.25	301.462
615	479.436	1	833815	1	770.987	1	1080.73	1	2882.11	1	0.00316228	273.25	301.462
615	479.436	1	833815	1	770.987	1	1080.73	1	2882.11	1	0.01	273.251	301.463
615	479.436	1	833815	1	770.987	1	1080.73	1	2882.11	1	0.0316228	273.254	301.466
615	479.436	1	833815	1	770.987	1	1080.73	1	2882.11	1	0.1	273.262	301.475
615	479.436	1	833815	1	770.987	1	1080.73	1	2882.11	1	0.316228	273.291	301.503
615	479.436	1	833815	1	770.987	1	1080.73	1	2882.11	1	1	273.38	301.592
615	479.436	1	833815	1	770.987	1	1080.73	1	2882.11	1	3.16228	273.661	301.875
615	479.436	1	833815	1	770.987	1	1080.73	1	2882.11	1	10	274.544	302.76
615	479.436	1	833815	1	770.987	1	1080.73	1	2882.11	1	31.6228	277.263	305.489
615	479.436	1	833815	1	770.987	1	1080.73	1	2882.11	1	100	285.243	313.506
616	517.139	1	1.49051e+06	1	189.938	1	1151.41	1	2851.41	1	0	273.249	301.462
616	517.139	1	1.49051e+06	1	189.938	1	1151.41	1	2851.41	1	0.001	273.25	301.462
616	517.139	1	1.49051e+06	1	189.938	1	1151.41	1	2851.41	1	0.00316228	273.25	301.462
616	517.139	1	1.49051e+06	1	189.938	1	1151.41	1	2851.41	1	0.01	273.252	301.464
616	517.139	1	1.49051e+06	1	189.938	1	1151.41	1	2851.41	1	0.0316228	273.257	301.471
616	517.139	1	1.49051e+06	1	189.938	1	1151.41	1	2851.41	1	0.1	273.274	301.49
616	517.139	1	1.49051e+06	1	189.938	1	1151.41	1	2851.41	1	0.316228	273.327	301.552
616	517.139	1	1.49051e+06	1	189.938	1	1151.41	1	2851.41	1	1	273.493	301.745
616	517.139	1	1.49051e+06	1	189.938	1	1151.41	1	2851.41	1	3.16228	274.014	302.352
616	517.139	1	1.49051e+06	1	189.938	1	1151.41	1	2851.41	1	10	275.614	304.209
616	517.139	1	1.49051e+06	1	189.938	1	1151.41	1	2851.41	1	31.6228	280.282	309.576
616	517.139	1	1.49051e+06	1	189.938	1	1151.41	1	2851.41	1	100	292.257	323.172
617	432.807	1	2.2635e+06	1	308.362	1	1068.98	1	2000.17	1	0	273.249	301.462
617	432.807	1	2.2635e+06	1	308.362	1	1068.98	1	2000.17	1	0.001	273.25	301.462
617	432.807	1	2.2635e+06	1	308.362	1	1068.98	1	2000.17	1	0.00316228	273.25	301.462
617	432.807	1	2.2635e+06	1	308.362	1	1068.98	1	2000.17	1	0.01	273.251	301.464
617	432.807	1	2.2635e+06	1	308.362	1	1068.98	1	2000.17	1	0.0316228	273.256	301.468
617	432.807	1	2.2635e+06	1	308.362	1	1068.98	1	2000.17	1	0.1	273.269	301.483
617	432.807	1	2.2635e+06	1	308.362	1	1068.98	1	2000.17	1	0.316228	273.31	301.528
617	432.807	1	2.2635e+06	1	308.362	1	1068.98	1	2000.17	1	1	273.442	301.672
617	432.807	1	2.2635e+06	1	308.362	1	1068.98	1	2000.17	1	3.16228	273.855	302.123
617	432.807	1	2.2635e+06	1	308.362	1	1068.98	1	2000.17	1	10	275.141	303.526
617	432.807	1	2.2635e+06	1	308.362	1	1068.98	1	2000.17	1	31.6228	279.015	307.725
617	432.807	1	2.2635e+06	1	308.362	1	1068.98	1	2000.17	1	100	289.819	319.349
618	317.814	1	797711	1	1072.04	1	3601.19	1	4365.6	1	0	273.249	301.462
618	317.814	1	797711	1	1072.04	1	3601.19	1	4365.6	1	0.001	273.25	301.462
618	317.814	1	797711	1	1072.04	1	3601.19	1	4365.6	1	0.00316228	273.25	301.462
618	317.814	1	797711	1	1072.04	1	3601.19	1	4365.6	1	0.01	273.25	301.462
618	317.814	1	797711	1	1072.04	1	3601.19	1	4365.6	1	0.0316228	273.252	301.464
618	317.814	1	797711	1	1072.04	1	3601.19	1	4365.6	1	0.1	273.258	301.468
618	317.814	1	797711	1	1072.04	1	3601.19	1	4365.6	1	0.316228	273.275	301.483
618	317.814	1	797711	1	1072.04	1	3601.19	1	4365.6	1	1	273.332	301.531
618	317.814	1	797711	1	1072.04	1	3601.19	1	4365.6	1	3.16228	273.509	301.68
618	317.814	1	797711	1	1072.04	1	3601.19	1	4365.6	1	10	274.062	302.147
618	317.814	1	797711	1	1072.04	1	3601.19	1	4365.6	1	31.6228	275.743	303.587
618	317.814	1	797711	1	1072.04	1	3601.19	1	4365.6	1	100	280.612	307.873
619	415.67	1	473336	1	1124.86	1	1025.05	1	3278.62	1	0	273.249	301.462
619	415.67	1	473336	1	1124.86	1	1025.05	1	3278.62	1	0.001	273.25	301.462
619	415.67	1	473336	1	1124.86	1	1025.05	1	3278.62	1	0.00316228	273.25	301.462
619	415.67	1	473336	1	1124.86	1	1025.05	1	3278.62	1	0.01	273.251	301.463
619	415.67	1	473336	1	1124.86	1	1025.05	1	3278.62	1	0.0316228	273.253	301.465
619	415.67	1	473336	1	1124.86	1	1025.05	1	3278.62	1	0.1	273.262	301.474
619	415.67	1	473336	1	1124.86	1	1025.05	1	3278.62	1	0.316228	273.289	301.499
619	415.67	1	473336	1	1124.86	1	1025.05	1	3278.62	1	1	273.375	301.581
619	415.67	1	473336	1	1124.86	1	1025.05	1	3278.62	1	3.16228	273.645	301.838
619	415.67	1	473336	1	1124.86	1	1025.05	1	3278.62	1	10	274.492	302.646
619	415.67	1	473336	1	1124.86	1	1025.05	1	3278.62	1	31.6228	277.096	305.14
619	415.67	1	473336	1	1124.86	1	1025.05	1	3278.62	1	100	284.736	312.51
620	376.119	1	748252	1	376.522	1	1069.94	1	2436.07	1	0	273.249	301.462
620	376.119	1	748252	1	376.522	1	1069.94	1	2436.07	1	0.001	273.25	301.462
620	376.119	1	748252	1	376.522	1	1069.94	1	2436.07	1	0.00316228	273.25	301.462
620	376.119	1	748252	1	376.522	1	1069.94	1	2436.07	1	0.01	273.251	301.463
620	376.119	1	748252	1	376.522	1	1069.94	1	2436.07	1	0.0316228	273.255	301.468
620	376.119	1	748252	1	376.522	1	1069.94	1	2436.07	1	0.1	273.267	301.48
620	376.119	1	748252	1	376.522	1	1069.94	1	2436.07	1	0.316228	273.306	301.521
620	376.119	1	748252	1	376.522	1	1069.94	1	2436.07	1	1	273.428	301.649
620	376.119	1	748252	1	376.522	1	1069.94	1	2436.07	1	3.16228	273.811	302.053
620	376.119	1	748252	1	376.522	1	1069.94	1	2436.07	1	10	275.007	303.311
620	376.119	1	748252	1	376.522	1	1069.94	1	2436.07	1	31.6228	278.632	307.115
620	376.119	1	748252	1	376.522	1	1069.94	1	2436.07	1	100	288.912	317.869
621	508.934	1	642442	1	291.282	1	1740.95	1	1940.3	1	0	273.249	301.462
621	508.934	1	642442	1	291.282	1	1740.95	1	1940.3	1	0.001	273.25	301.462
621	508.934	1	642442	1	291.282	1	1740.95	1	1940.3	1	0.00316228	273.25	301.462
621	508.934	1	642442	1	291.282	1	1740.95	1	1940.3	1	0.01	273.251	301.463
621	508.934	1	642442	1	291.282	1	1740.95	1	1940.3	1	0.0316228	273.255	301.468
621	508.934	1	642442	1	291.282	1	1740.95	1	1940.3	1	0.1	273.266	301.48
621	508.934	1	642442	1	291.282	1	1740.95	1	1940.3	1	0.316228	273.302	301.521
621	508.934	1	642442	1	291.282	1	1740.95	1	1940.3	1	1	273.417	301.65
621	508.934	1	642442	1	291.282	1	1740.95	1	1940.3	1	3.16228	273.776	302.055
621	508.934	1	642442	1	291.282	1	1740.95	1	1940.3	1	10	274.891	303.307
621	508.934	1	642442	1	291.282	1	1740.95	1	1940.3	1	31.6228	278.222	307.02
621	508.934	1	642442	1	291.282	1	1740.95	1	1940.3	1	100	287.2	316.947
622	514.972	1	3.13993e+06	1	473.228	1	618.916	1	2170.02	1	0	273.249	301.462
622	514.972	1	3.13993e+06	1	473.228	1	618.916	1	2170.02	1	0.001	273.25	301.462
622	514.972	1	3.13993e+06	1	473.228	1	618.916	1	2170.02	1	0.00316228	273.25	301.462
622	514.972	1	3.13993e+06	1	473.228	1	618.916	1	2170.02	1	0.01	273.251	301.464
622	514.972	1	3.13993e+06	1	473.228	1	618.916	1	2170.02	1	0.0316228	273.256	301.468
622	514.972	1	3.13993e+06	1	473.228	1	618.916	1	2170.02	1	0.1	273.27	301.483
622	514.972	1	3.13993e+06	1	473.228	1	618.916	1	2170.02	1	0.316228	273.314	301.53
622	514.972	1	3.13993e+06	1	473.228	1	618.916	1	2170.02	1	1	273.455	301.678
622	514.972	1	3.13993e+06	1	473.228	1	618.916	1	2170.02	1	3.16228	273.897	302.145
622	514.972	1	3.13993e+06	1	473.228	1	618.916	1	2170.02	1	10	275.277	303.602
622	514.972	1	3.13993e+06	1	473.228	1	618.916	1	2170.02	1	31.6228	279.481	308.031
622	514.972	1	3.13993e+06	1	473.228	1	618.916	1	2170.02	1	100	291.586	320.749
623	411.097	1	717113	1	591.035	1	901.685	1	3064.33	1	0	273.249	301.462
623	411.097	1	717113	1	591.035	1	901.685	1	3064.33	1	0.001	273.25	301.462
623	411.097	1	717113	1	591.035	1	901.685	1	3064.33	1	0.00316228	273.25	301.462
623	411.097	1	717113	1	591.035	1	901.685	1	3064.33	1	0.01	273.251	301.463
623	411.097	1	717113	1	591.035	1	901.685	1	3064.33	1	0.0316228	273.254	301.467
623	411.097	1	717113	1	591.035	1	901.685	1	3064.33	1	0.1	273.265	301.478
623	411.097	1	717113	1	591.035	1	901.685	1	3064.33	1	0.316228	273.3	301.513
623	411.097	1	717113	1	591.035	1	901.685	1	3064.33	1	1	273.409	301.623
623	411.097	1	717113	1	591.035	1	901.685	1	3064.33	1	3.16228	273.753	301.972
623	411.097	1	717113	1	591.035	1	901.685	1	3064.33	1	10	274.831	303.065
623	411.097	1	717113	1	591.035	1	901.685	1	3064.33	1	31.6228	278.131	306.413
623	411.097	1	717113	1	591.035	1	901.685	1	3064.33	1	100	287.686	316.11
624	426.014	1	929955	1	240.27	1	873.112	1	1670.68	1	0	273.249	301.462
624	426.014	1	929955	1	240.27	1	873.112	1	1670.68	1	0.001	273.25	301.462
624	426.014	1	929955	1	240.27	1	873.112	1	1670.68	1	0.00316228	273.25	301.462
624	426.014	1	929955	1	240.27	1	873.112	1	1670.68	1	0.01	273.252	301.464
624	426.014	1	929955	1	240.27	1	873.112	1	1670.68	1	0.0316228	273.257	301.47
624	426.014	1	929955	1	240.27	1	873.112	1	1670.68	1	0.1	273.273	301.488
624	426.014	1	929955	1	240.27	1	873.112	1	1670.68	1	0.316228	273.324	301.545
624	426.014	1	929955	1	240.27	1	873.112	1	1670.68	1	1	273.485	301.725
624	426.014	1	929955	1	240.27	1	873.112	1	1670.68	1	3.16228	273.992	302.29
624	426.014	1	929955	1	240.27	1	873.112	1	1670.68	1	10	275.561	304.034
624	426.014	1	929955	1	240.27	1	873.112	1	1670.68	1	31.6228	280.229	309.182
624	426.014	1	929955	1	240.27	1	873.112	1	1670.68	1	100	292.851	322.989
625	478.994	1	2.87105e+06	1	696.641	1	312.727	1	2787.1	1	0	273.249	301.462
625	478.994	1	2.87105e+06	1	696.641	1	312.727	1	2787.1	1	0.001	273.25	301.462
625	478.994	1	2.87105e+06	1	696.641	1	312.727	1	2787.1	1	0.00316228	273.25	301.463
625	478.994	1	2.87105e+06	1	696.641	1	312.727	1	2787.1	1	0.01	273.252	301.465
625	478.994	1	2.87105e+06	1	696.641	1	312.727	1	2787.1	1	0.0316228	273.259	301.471
625	478.994	1	2.87105e+06	1	696.641	1	312.727	1	2787.1	1	0.1	273.28	301.493
625	478.994	1	2.87105e+06	1	696.641	1	312.727	1	2787.1	1	0.316228	273.346	301.561
625	478.994	1	2.87105e+06	1	696.641	1	312.727	1	2787.1	1	1	273.553	301.774
625	478.994	1	2.87105e+06	1	696.641	1	312.727	1	2787.1	1	3.16228	274.206	302.445
625	478.994	1	2.87105e+06	1	696.641	1	312.727	1	2787.1	1	10	276.224	304.519
625	478.994	1	2.87105e+06	1	696.641	1	312.727	1	2787.1	1	31.6228	282.198	310.656
625	478.994	1	2.87105e+06	1	696.641	1	312.727	1	2787.1	1	100	299.354	328.239
626	544.244	1	805228	1	504.632	1	982.79	1	1646.37	1	0	273.249	301.462
626	544.244	1	805228	1	504.632	1	982.79	1	1646.37	1	0.001	273.25	301.462
626	544.244	1	805228	1	504.632	1	982.79	1	1646.37	1	0.00316228	273.25	301.462
626	544.244	1	805228	1	504.632	1	982.79	1	1646.37	1	0.01	273.251	301.463
626	544.244	1	805228	1	504.632	1	982.79	1	1646.37	1	0.0316228	273.254	301.467
626	544.244	1	805228	1	504.632	1	982.79	1	1646.37	1	0.1	273.265	301.478
626	544.244	1	805228	1	504.632	1	982.79	1	1646.37	1	0.316228	273.299	301.514
626	544.244	1	805228	1	504.632	1	982.79	1	1646.37	1	1	273.405	301.627
626	544.244	1	805228	1	504.632	1	982.79	1	1646.37	1	3.16228	273.741	301.982
626	544.244	1	805228	1	504.632	1	982.79	1	1646.37	1	10	274.791	303.094
626	544.244	1	805228	1	504.632	1	982.79	1	1646.37	1	31.6228	278.012	306.495
626	544.244	1	805228	1	504.632	1	982.79	1	1646.37	1	100	287.335	316.314
627	704.367	1	1.16754e+06	1	675.339	1	512.039	1	2235.58	1	0	273.249	301.462
627	704.367	1	1.16754e+06	1	675.339	1	512.039	1	2235.58	1	0.001	273.25	301.462
627	704.367	1	1.16754e+06	1	675.339	1	512.039	1	2235.58	1	0.00316228	273.25	301.462
627	704.367	1	1.16754e+06	1	675.339	1	512.039	1	2235.58	1	0.01	273.251	301.464
627	704.367	1	1.16754e+06	1	675.339	1	512.039	1	2235.58	1	0.0316228	273.256	301.468
627	704.367	1	1.16754e+06	1	675.339	1	512.039	1	2235.58	1	0.1	273.27	301.483
627	704.367	1	1.16754e+06	1	675.339	1	512.039	1	2235.58	1	0.316228	273.315	301.53
627	704.367	1	1.16754e+06	1	675.339	1	512.039	1	2235.58	1	1	273.455	301.678
627	704.367	1	1.16754e+06	1	675.339	1	512.039	1	2235.58	1	3.16228	273.898	302.142
627	704.367	1	1.16754e+06	1	675.339	1	512.039	1	2235.58	1	10	275.281	303.594
627	704.367	1	1.16754e+06	1	675.339	1	512.039	1	2235.58	1	31.6228	279.483	307.998
627	704.367	1	1.16754e+06	1	675.339	1	512.039	1	2235.58	1	100	291.751	320.827
628	330.86	1	901013	1	325.766	1	429.112	1	2582.72	1	0	273.249	301.462
628	330.86	1	901013	1	325.766	1	429.112	1	2582.72	1	0.001	273.25	301.462
628	330.86	1	901013	1	325.766	1	429.112	1	2582.72	1	0.00316228	273.25	301.463
628	330.86	1	901013	1	325.766	1	429.112	1	2582.72	1	0.01	273.252	301.465
628	330.86	1	901013	1	325.766	1	429.112	1	2582.72	1	0.0316228	273.259	301.472
628	330.86	1	901013	1	325.766	1	429.112	1	2582.72	1	0.1	273.279	301.493
628	330.86	1	901013	1	325.766	1	429.112	1	2582.72	1	0.316228	273.344	301.561
628	330.86	1	901013	1	325.766	1	429.112	1	2582.72	1	1	273.548	301.775
628	330.86	1	901013	1	325.766	1	429.112	1	2582.72	1	3.16228	274.189	302.449
628	330.86	1	901013	1	325.766	1	429.112	1	2582.72	1	10	276.181	304.54
628	330.86	1	901013	1	325.766	1	429.112	1	2582.72	1	31.6228	282.144	310.784
628	330.86	1	901013	1	325.766	1	429.112	1	2582.72	1	100	299.195	328.579
629	572.404	1	1.80351e+06	1	327.668	1	1688.84	1	2918.83	1	0	273.249	301.462
629	572.404	1	1.80351e+06	1	327.668	1	1688.84	1	2918.83	1	0.001	273.25	301.462
629	572.404	1	1.80351e+06	1	327.668	1	1688.84	1	2918.83	1	0.00316228	273.25	301.462
629	572.404	1	1.80351e+06	1	327.668	1	1688.84	1	2918.83	1	0.01	273.251	301.463
629	572.404	1	1.80351e+06	1	327.668	1	1688.84	1	2918.83	1	0.0316228	273.254	301.467
629	572.404	1	1.80351e+06	1	327.668	1	1688.84	1	2918.83	1	0.1	273.265	301.479
629	572.404	1	1.80351e+06	1	327.668	1	1688.84	1	2918.83	1	0.316228	273.298	301.517
629	572.404	1	1.80351e+06	1	327.668	1	1688.84	1	2918.83	1	1	273.404	301.635
629	572.404	1	1.80351e+06	1	327.668	1	1688.84	1	2918.83	1	3.16228	273.737	302.009
629	572.404	1	1.80351e+06	1	327.668	1	1688.84	1	2918.83	1	10	274.772	303.169
629	572.404	1	1.80351e+06	1	327.668	1	1688.84	1	2918.83	1	31.6228	277.888	306.636
629	572.404	1	1.80351e+06	1	327.668	1	1688.84	1	2918.83	1	100	286.57	316.215
630	667.247	1	1.43174e+06	1	275.019	1	421.384	1	3664.12	1	0	273.249	301.462
630	667.247	1	1.43174e+06	1	275.019	1	421.384	1	3664.12	1	0.001	273.25	301.462
630	667.247	1	1.43174e+06	1	275.019	1	421.384	1	3664.12	1	0.00316228	273.25	301.463
630	667.247	1	1.43174e+06	1	275.019	1	421.384	1	3664.12	1	0.01	273.252	301.465
630	667.247	1	1.43174e+06	1	275.019	1	421.384	1	3664.12	1	0.0316228	273.259	301.472
630	667.247	1	1.43174e+06	1	275.019	1	421.384	1	3664.12	1	0.1	273.28	301.495
630	667.247	1	1.43174e+06	1	275.019	1	421.384	1	3664.12	1	0.316228	273.345	301.568
630	667.247	1	1.43174e+06	1	275.019	1	421.384	1	3664.12	1	1	273.552	301.796
630	667.247	1	1.43174e+06	1	275.019	1	421.384	1	3664.12	1	3.16228	274.201	302.514
630	667.247	1	1.43174e+06	1	275.019	1	421.384	1	3664.12	1	10	276.216	304.739
630	667.247	1	1.43174e+06	1	275.019	1	421.384	1	3664.12	1	31.6228	282.228	311.347
630	667.247	1	1.43174e+06	1	275.019	1	421.384	1	3664.12	1	100	299.058	329.737
631	710.366	1	569927	1	508.031	1	342.547	1	4846.77	1	0	273.249	301.462
631	710.366	1	569927	1	508.031	1	342.547	1	4846.77	1	0.001	273.25	301.462
631	710.366	1	569927	1	508.031	1	342.547	1	4846.77	1	0.00316228	273.25	301.463
631	710.366	1	569927	1	508.031	1	342.547	1	4846.77	1	0.01	273.252	301.465
631	710.366	1	569927	1	508.031	1	342.547	1	4846.77	1	0.0316228	273.259	301.471
631	710.366	1	569927	1	508.031	1	342.547	1	4846.77	1	0.1	273.279	301.493
631	710.366	1	569927	1	508.031	1	342.547	1	4846.77	1	0.316228	273.342	301.56
631	710.366	1	569927	1	508.031	1	342.547	1	4846.77	1	1	273.541	301.771
631	710.366	1	569927	1	508.031	1	342.547	1	4846.77	1	3.16228	274.168	302.437
631	710.366	1	569927	1	508.031	1	342.547	1	4846.77	1	10	276.112	304.5
631	710.366	1	569927	1	508.031	1	342.547	1	4846.77	1	31.6228	281.905	310.642
631	710.366	1	569927	1	508.031	1	342.547	1	4846.77	1	100	298.641	328.341
632	584.54	1	1.5898e+06	1	414.871	1	702.531	1	5828.83	1	0	273.249	301.462
632	584.54	1	1.5898e+06	1	414.871	1	702.531	1	5828.83	1	0.001	273.25	301.462
632	584.54	1	1.5898e+06	1	414.871	1	702.531	1	5828.83	1	0.00316228	273.25	301.462
632	584.54	1	1.5898e+06	1	414.871	1	702.531	1	5828.83	1	0.01	273.251	301.464
632	584.54	1	1.5898e+06	1	414.871	1	702.531	1	5828.83	1	0.0316228	273.256	301.468
632	584.54	1	1.5898e+06	1	414.871	1	702.531	1	5828.83	1	0.1	273.269	301.483
632	584.54	1	1.5898e+06	1	414.871	1	702.531	1	5828.83	1	0.316228	273.312	301.529
632	584.54	1	1.5898e+06	1	414.871	1	702.531	1	5828.83	1	1	273.446	301.674
632	584.54	1	1.5898e+06	1	414.871	1	702.531	1	5828.83	1	3.16228	273.87	302.131
632	584.54	1	1.5898e+06	1	414.871	1	702.531	1	5828.83	1	10	275.195	303.559
632	584.54	1	1.5898e+06	1	414.871	1	702.531	1	5828.83	1	31.6228	279.228	307.89
632	584.54	1	1.5898e+06	1	414.871	1	702.531	1	5828.83	1	100	290.679	320.14
633	529.412	1	731672	1	419.589	1	693.29	1	1407.81	1	0	273.249	301.462
633	529.412	1	731672	1	419.589	1	693.29	1	1407.81	1	0.001	273.25	301.462
633	529.412	1	731672	1	419.589	1	693.29	1	1407.81	1	0.00316228	273.25	301.462
633	529.412	1	731672	1	419.589	1	693.29	1	1407.81	1	0.01	273.251	301.464
633	529.412	1	731672	1	419.589	1	693.29	1	1407.81	1	0.0316228	273.256	301.468
633	529.412	1	731672	1	419.589	1	693.29	1	1407.81	1	0.1	273.269	301.483
633	529.412	1	731672	1	419.589	1	693.29	1	1407.81	1	0.316228	273.313	301.529
633	529.412	1	731672	1	419.589	1	693.29	1	1407.81	1	1	273.45	301.676
633	529.412	1	731672	1	419.589	1	693.29	1	1407.81	1	3.16228	273.881	302.137
633	529.412	1	731672	1	419.589	1	693.29	1	1407.81	1	10	275.227	303.577
633	529.412	1	731672	1	419.589	1	693.29	1	1407.81	1	31.6228	279.326	307.948
633	529.412	1	731672	1	419.589	1	693.29	1	1407.81	1	100	290.982	320.336
634	603.848	1	1.87302e+06	1	298.415	1	1003.35	1	3356.79	1	0	273.249	301.462
634	603.848	1	1.87302e+06	1	298.415	1	1003.35	1	3356.79	1	0.001	273.25	301.462
634	603.848	1	1.87302e+06	1	298.415	1	1003.35	1	3356.79	1	0.00316228	273.25	301.462
634	603.848	1	1.87302e+06	1	298.415	1	1003.35	1	3356.79	1	0.01	273.251	301.464
634	603.848	1	1.87302e+06	1	298.415	1	1003.35	1	3356.79	1	0.0316228	273.256	301.468
634	603.848	1	1.87302e+06	1	298.415	1	1003.35	1	3356.79	1	0.1	273.269	301.483
634	603.848	1	1.87302e+06	1	298.415	1	1003.35	1	3356.79	1	0.316228	273.31	301.53
634	603.848	1	1.87302e+06	1	298.415	1	1003.35	1	3356.79	1	1	273.442	301.678
634	603.848	1	1.87302e+06	1	298.415	1	1003.35	1	3356.79	1	3.16228	273.857	302.144
634	603.848	1	1.87302e+06	1	298.415	1	1003.35	1	3356.79	1	10	275.147	303.591
634	603.848	1	1.87302e+06	1	298.415	1	1003.35	1	3356.79	1	31.6228	279.032	307.916
634	603.848	1	1.87302e+06	1	298.415	1	1003.35	1	3356.79	1	100	289.738	319.744
635	429.288	1	475513	1	367.972	1	390.988	1	3836.34	1	0	273.249	301.462
635	429.288	1	475513	1	367.972	1	390.988	1	3836.34	1	0.001	273.25	301.462
635	429.288	1	475513	1	367.972	1	390.988	1	3836.34	1	0.00316228	273.25	301.463
635	429.288	1	475513	1	367.972	1	390.988	1	3836.34	1	0.01	273.252	301.465
635	429.288	1	475513	1	367.972	1	390.988	1	3836.34	1	0.0316228	273.259	301.472
635	429.288	1	475513	1	367.972	1	390.988	1	3836.34	1	0.1	273.279	301.493
635	429.288	1	475513	1	367.972	1	390.988	1	3836.34	1	0.316228	273.344	301.561
635	429.288	1	475513	1	367.972	1	390.988	1	3836.34	1	1	273.547	301.776
635	429.288	1	475513	1	367.972	1	390.988	1	3836.34	1	3.16228	274.185	302.452
635	429.288	1	475513	1	367.972	1	390.988	1	3836.34	1	10	276.169	304.551
635	429.288	1	475513	1	367.972	1	390.988	1	3836.34	1	31.6228	282.108	310.819
635	429.288	1	475513	1	367.972	1	390.988	1	3836.34	1	100	299.218	328.807
636	497.802	1	654738	1	266.63	1	1173.47	1	2515.75	1	0	273.249	301.462
636	497.802	1	654738	1	266.63	1	1173.47	1	2515.75	1	0.001	273.25	301.462
636	497.802	1	654738	1	266.63	1	1173.47	1	2515.75	1	0.00316228	273.25	301.462
636	497.802	1	654738	1	266.63	1	1173.47	1	2515.75	1	0.01	273.251	301.464
636	497.802	1	654738	1	266.63	1	1173.47	1	2515.75	1	0.0316228	273.256	301.469
636	497.802	1	654738	1	266.63	1	1173.47	1	2515.75	1	0.1	273.269	301.484
636	497.802	1	654738	1	266.63	1	1173.47	1	2515.75	1	0.316228	273.312	301.532
636	497.802	1	654738	1	266.63	1	1173.47	1	2515.75	1	1	273.447	301.684
636	497.802	1	654738	1	266.63	1	1173.47	1	2515.75	1	3.16228	273.872	302.162
636	497.802	1	654738	1	266.63	1	1173.47	1	2515.75	1	10	275.19	303.641
636	497.802	1	654738	1	266.63	1	1173.47	1	2515.75	1	31.6228	279.126	308.021
636	497.802	1	654738	1	266.63	1	1173.47	1	2515.75	1	100	289.774	319.775
637	511.007	1	290261	1	251.99	1	356.773	1	2572.51	1	0	273.249	301.462
637	511.007	1	290261	1	251.99	1	356.773	1	2572.51	1	0.001	273.25	301.462
637	511.007	1	290261	1	251.99	1	356.773	1	2572.51	1	0.00316228	273.251	301.463
637	511.007	1	290261	1	251.99	1	356.773	1	2572.51	1	0.01	273.253	301.465
637	511.007	1	290261	1	251.99	1	356.773	1	2572.51	1	0.0316228	273.26	301.474
637	511.007	1	290261	1	251.99	1	356.773	1	2572.51	1	0.1	273.284	301.5
637	511.007	1	290261	1	251.99	1	356.773	1	2572.51	1	0.316228	273.36	301.583
637	511.007	1	290261	1	251.99	1	356.773	1	2572.51	1	1	273.598	301.844
637	511.007	1	290261	1	251.99	1	356.773	1	2572.51	1	3.16228	274.348	302.664
637	511.007	1	290261	1	251.99	1	356.773	1	2572.51	1	10	276.667	305.2
637	511.007	1	290261	1	251.99	1	356.773	1	2572.51	1	31.6228	283.534	312.673
637	511.007	1	290261	1	251.99	1	356.773	1	2572.51	1	100	302.798	333.501
638	385.099	1	610695	1	437.251	1	4615.82	1	1778.3	1	0	273.249	301.462
638	385.099	1	610695	1	437.251	1	4615.82	1	1778.3	1	0.001	273.25	301.462
638	385.099	1	610695	1	437.251	1	4615.82	1	1778.3	1	0.00316228	273.25	301.462
638	385.099	1	610695	1	437.251	1	4615.82	1	1778.3	1	0.01	273.251	301.463
638	385.099	1	610695	1	437.251	1	4615.82	1	1778.3	1	0.0316228	273.253	301.465
638	385.099	1	610695	1	437.251	1	4615.82	1	1778.3	1	0.1	273.261	301.473
638	385.099	1	610695	1	437.251	1	4615.82	1	1778.3	1	0.316228	273.285	301.499
638	385.099	1	610695	1	437.251	1	4615.82	1	1778.3	1	1	273.362	301.579
638	385.099	1	610695	1	437.251	1	4615.82	1	1778.3	1	3.16228	273.605	301.831
638	385.099	1	610695	1	437.251	1	4615.82	1	1778.3	1	10	274.361	302.614
638	385.099	1	610695	1	437.251	1	4615.82	1	1778.3	1	31.6228	276.637	304.968
638	385.099	1	610695	1	437.251	1	4615.82	1	1778.3	1	100	282.99	311.534
639	391.749	1	634982	1	307.827	1	1207.3	1	3060.49	1	0	273.249	301.462
639	391.749	1	634982	1	307.827	1	1207.3	1	3060.49	1	0.001	273.25	301.462
639	391.749	1	634982	1	307.827	1	1207.3	1	3060.49	1	0.00316228	273.25	301.462
639	391.749	1	634982	1	307.827	1	1207.3	1	3060.49	1	0.01	273.251	301.464
639	391.749	1	634982	1	307.827	1	1207.3	1	3060.49	1	0.0316228	273.255	301.468
639	391.749	1	634982	1	307.827	1	1207.3	1	3060.49	1	0.1	273.268	301.482
639	391.749	1	634982	1	307.827	1	1207.3	1	3060.49	1	0.316228	273.309	301.526
639	391.749	1	634982	1	307.827	1	1207.3	1	3060.49	1	1	273.436	301.664
639	391.749	1	634982	1	307.827	1	1207.3	1	3060.49	1	3.16228	273.837	302.099
639	391.749	1	634982	1	307.827	1	1207.3	1	3060.49	1	10	275.085	303.449
639	391.749	1	634982	1	307.827	1	1207.3	1	3060.49	1	31.6228	278.835	307.484
639	391.749	1	634982	1	307.827	1	1207.3	1	3060.49	1	100	289.267	318.627
640	456.03	1	928436	1	662.224	1	1005.35	1	4615.68	1	0	273.249	301.462
640	456.03	1	928436	1	662.224	1	1005.35	1	4615.68	1	0.001	273.25	301.462
640	456.03	1	928436	1	662.224	1	1005.35	1	4615.68	1	0.00316228	273.25	301.462
640	456.03	1	928436	1	662.224	1	1005.35	1	4615.68	1	0.01	273.251	301.463
640	456.03	1	928436	1	662.224	1	1005.35	1	4615.68	1	0.0316228	273.254	301.466
640	456.03	1	928436	1	662.224	1	1005.35	1	4615.68	1	0.1	273.264	301.476
640	456.03	1	928436	1	662.224	1	1005.35	1	4615.68	1	0.316228	273.295	301.507
640	456.03	1	928436	1	662.224	1	1005.35	1	4615.68	1	1	273.393	301.606
640	456.03	1	928436	1	662.224	1	1005.35	1	4615.68	1	3.16228	273.701	301.919
640	456.03	1	928436	1	662.224	1	1005.35	1	4615.68	1	10	274.667	302.897
640	456.03	1	928436	1	662.224	1	1005.35	1	4615.68	1	31.6228	277.637	305.906
640	456.03	1	928436	1	662.224	1	1005.35	1	4615.68	1	100	286.296	314.677
641	407.895	1	150559	1	492.479	1	977.802	1	3125.03	1	0	273.249	301.462
641	407.895	1	150559	1	492.479	1	977.802	1	3125.03	1	0.001	273.25	301.462
641	407.895	1	150559	1	492.479	1	977.802	1	3125.03	1	0.00316228	273.25	301.462
641	407.895	1	150559	1	492.479	1	977.802	1	3125.03	1	0.01	273.251	301.463
641	407.895	1	150559	1	492.479	1	977.802	1	3125.03	1	0.0316228	273.255	301.467
641	407.895	1	150559	1	492.479	1	977.802	1	3125.03	1	0.1	273.266	301.478
641	407.895	1	150559	1	492.479	1	977.802	1	3125.03	1	0.316228	273.301	301.515
641	407.895	1	150559	1	492.479	1	977.802	1	3125.03	1	1	273.413	301.63
641	407.895	1	150559	1	492.479	1	977.802	1	3125.03	1	3.16228	273.764	301.993
641	407.895	1	150559	1	492.479	1	977.802	1	3125.03	1	10	274.864	303.127
641	407.895	1	150559	1	492.479	1	977.802	1	3125.03	1	31.6228	278.226	306.59
641	407.895	1	150559	1	492.479	1	977.802	1	3125.03	1	100	287.914	316.565
642	468.742	1	953535	1	501.138	1	270.926	1	2971.58	1	0	273.249	301.462
642	468.742	1	953535	1	501.138	1	270.926	1	2971.58	1	0.001	273.25	301.462
642	468.742	1	953535	1	501.138	1	270.926	1	2971.58	1	0.00316228	273.251	301.463
642	468.742	1	953535	1	501.138	1	270.926	1	2971.58	1	0.01	273.253	301.465
642	468.742	1	953535	1	501.138	1	270.926	1	2971.58	1	0.0316228	273.261	301.473
642	468.742	1	953535	1	501.138	1	270.926	1	2971.58	1	0.1	273.285	301.499
642	468.742	1	953535	1	501.138	1	270.926	1	2971.58	1	0.316228	273.363	301.58
642	468.742	1	953535	1	501.138	1	270.926	1	2971.58	1	1	273.607	301.835
642	468.742	1	953535	1	501.138	1	270.926	1	2971.58	1	3.16228	274.374	302.634
642	468.742	1	953535	1	501.138	1	270.926	1	2971.58	1	10	276.741	305.101
642	468.742	1	953535	1	501.138	1	270.926	1	2971.58	1	31.6228	283.688	312.334
642	468.742	1	953535	1	501.138	1	270.926	1	2971.58	1	100	303.623	333.037
643	634.29	1	842128	1	609.503	1	1600.51	1	3844.18	1	0	273.249	301.462
643	634.29	1	842128	1	609.503	1	1600.51	1	3844.18	1	0.001	273.25	301.462
643	634.29	1	842128	1	609.503	1	1600.51	1	3844.18	1	0.00316228	273.25	301.462
643	634.29	1	842128	1	609.503	1	1600.51	1	3844.18	1	0.01	273.251	301.463
643	634.29	1	842128	1	609.503	1	1600.51	1	3844.18	1	0.0316228	273.253	301.465
643	634.29	1	842128	1	609.503	1	1600.51	1	3844.18	1	0.1	273.261	301.474
643	634.29	1	842128	1	609.503	1	1600.51	1	3844.18	1	0.316228	273.285	301.499
643	634.29	1	842128	1	609.503	1	1600.51	1	3844.18	1	1	273.362	301.581
643	634.29	1	842128	1	609.503	1	1600.51	1	3844.18	1	3.16228	273.606	301.839
643	634.29	1	842128	1	609.503	1	1600.51	1	3844.18	1	10	274.369	302.646
643	634.29	1	842128	1	609.503	1	1600.51	1	3844.18	1	31.6228	276.722	305.128
643	634.29	1	842128	1	609.503	1	1600.51	1	3844.18	1	100	283.624	312.381
644	1731.36	1	1.23344e+06	1	355.777	1	712.087	1	3134.96	1	0	273.249	301.462
644	1731.36	1	1.23344e+06	1	355.777	1	712.087	1	3134.96	1	0.001	273.25	301.462
644	1731.36	1	1.23344e+06	1	355.777	1	712.087	1	3134.96	1	0.00316228	273.25	301.462
644	1731.36	1	1.23344e+06	1	355.777	1	712.087	1	3134.96	1	0.01	273.251	301.464
644	1731.36	1	1.23344e+06	1	355.777	1	712.087	1	3134.96	1	0.0316228	273.256	301.469
644	1731.36	1	1.23344e+06	1	355.777	1	712.087	1	3134.96	1	0.1	273.269	301.484
644	1731.36	1	1.23344e+06	1	355.777	1	712.087	1	3134.96	1	0.316228	273.311	301.532
644	1731.36	1	1.23344e+06	1	355.777	1	712.087	1	3134.96	1	1	273.445	301.685
644	1731.36	1	1.23344e+06	1	355.777	1	712.087	1	3134.96	1	3.16228	273.866	302.166
644	1731.36	1	1.23344e+06	1	355.777	1	712.087	1	3134.96	1	10	275.18	303.665
644	1731.36	1	1.23344e+06	1	355.777	1	712.087	1	3134.96	1	31.6228	279.162	308.19
644	1731.36	1	1.23344e+06	1	355.777	1	712.087	1	3134.96	1	100	290.353	320.861
645	614.904	1	3.31008e+06	1	764.066	1	1773.86	1	2543.48	1	0	273.249	301.462
645	614.904	1	3.31008e+06	1	764.066	1	1773.86	1	2543.48	1	0.001	273.25	301.462
645	614.904	1	3.31008e+06	1	764.066	1	1773.86	1	2543.48	1	0.00316228	273.25	301.462
645	614.904	1	3.31008e+06	1	764.066	1	1773.86	1	2543.48	1	0.01	273.25	301.463
645	614.904	1	3.31008e+06	1	764.066	1	1773.86	1	2543.48	1	0.0316228	273.253	301.465
645	614.904	1	3.31008e+06	1	764.066	1	1773.86	1	2543.48	1	0.1	273.259	301.472
645	614.904	1	3.31008e+06	1	764.066	1	1773.86	1	2543.48	1	0.316228	273.281	301.494
645	614.904	1	3.31008e+06	1	764.066	1	1773.86	1	2543.48	1	1	273.349	301.563
645	614.904	1	3.31008e+06	1	764.066	1	1773.86	1	2543.48	1	3.16228	273.563	301.783
645	614.904	1	3.31008e+06	1	764.066	1	1773.86	1	2543.48	1	10	274.234	302.473
645	614.904	1	3.31008e+06	1	764.066	1	1773.86	1	2543.48	1	31.6228	276.312	304.607
645	614.904	1	3.31008e+06	1	764.066	1	1773.86	1	2543.48	1	100	282.46	310.912
646	489.828	1	2.50738e+06	1	397.559	1	1428.7	1	5607.42	1	0	273.249	301.462
646	489.828	1	2.50738e+06	1	397.559	1	1428.7	1	5607.42	1	0.001	273.25	301.462
646	489.828	1	2.50738e+06	1	397.559	1	1428.7	1	5607.42	1	0.00316228	273.25	301.462
646	489.828	1	2.50738e+06	1	397.559	1	1428.7	1	5607.42	1	0.01	273.251	301.463
646	489.828	1	2.50738e+06	1	397.559	1	1428.7	1	5607.42	1	0.0316228	273.254	301.467
646	489.828	1	2.50738e+06	1	397.559	1	1428.7	1	5607.42	1	0.1	273.264	301.478
646	489.828	1	2.50738e+06	1	397.559	1	1428.7	1	5607.42	1	0.316228	273.297	301.513
646	489.828	1	2.50738e+06	1	397.559	1	1428.7	1	5607.42	1	1	273.399	301.623
646	489.828	1	2.50738e+06	1	397.559	1	1428.7	1	5607.42	1	3.16228	273.721	301.971
646	489.828	1	2.50738e+06	1	397.559	1	1428.7	1	5607.42	1	10	274.726	303.054
646	489.828	1	2.50738e+06	1	397.559	1	1428.7	1	5607.42	1	31.6228	277.783	306.335
646	489.828	1	2.50738e+06	1	397.559	1	1428.7	1	5607.42	1	100	286.498	315.637
647	742.36	1	4.74772e+06	1	474.823	1	1234.73	1	4622.53	1	0	273.249	301.462
647	742.36	1	4.74772e+06	1	474.823	1	1234.73	1	4622.53	1	0.001	273.25	301.462
647	742.36	1	4.74772e+06	1	474.823	1	1234.73	1	4622.53	1	0.00316228	273.25	301.462
647	742.36	1	4.74772e+06	1	474.823	1	1234.73	1	4622.53	1	0.01	273.251	301.463
647	742.36	1	4.74772e+06	1	474.823	1	1234.73	1	4622.53	1	0.0316228	273.254	301.466
647	742.36	1	4.74772e+06	1	474.823	1	1234.73	1	4622.53	1	0.1	273.263	301.477
647	742.36	1	4.74772e+06	1	474.823	1	1234.73	1	4622.53	1	0.316228	273.293	301.51
647	742.36	1	4.74772e+06	1	474.823	1	1234.73	1	4622.53	1	1	273.388	301.613
647	742.36	1	4.74772e+06	1	474.823	1	1234.73	1	4622.53	1	3.16228	273.686	301.94
647	742.36	1	4.74772e+06	1	474.823	1	1234.73	1	4622.53	1	10	274.618	302.961
647	742.36	1	4.74772e+06	1	474.823	1	1234.73	1	4622.53	1	31.6228	277.478	306.081
647	742.36	1	4.74772e+06	1	474.823	1	1234.73	1	4622.53	1	100	285.757	315.068
648	744.276	1	219782	1	393.237	1	2008.11	1	2716.88	1	0	273.249	301.462
648	744.276	1	219782	1	393.237	1	2008.11	1	2716.88	1	0.001	273.25	301.462
648	744.276	1	219782	1	393.237	1	2008.11	1	2716.88	1	0.00316228	273.25	301.462
648	744.276	1	219782	1	393.237	1	2008.11	1	2716.88	1	0.01	273.251	301.463
648	744.276	1	219782	1	393.237	1	2008.11	1	2716.88	1	0.0316228	273.253	301.466
648	744.276	1	219782	1	393.237	1	2008.11	1	2716.88	1	0.1	273.262	301.476
648	744.276	1	219782	1	393.237	1	2008.11	1	2716.88	1	0.316228	273.29	301.507
648	744.276	1	219782	1	393.237	1	2008.11	1	2716.88	1	1	273.377	301.606
648	744.276	1	219782	1	393.237	1	2008.11	1	2716.88	1	3.16228	273.653	301.918
648	744.276	1	219782	1	393.237	1	2008.11	1	2716.88	1	10	274.512	302.888
648	744.276	1	219782	1	393.237	1	2008.11	1	2716.88	1	31.6228	277.119	305.813
648	744.276	1	219782	1	393.237	1	2008.11	1	2716.88	1	100	284.503	314.042
649	555.919	1	1.27183e+06	1	497.434	1	1643.18	1	1225.89	1	0	273.249	301.462
649	555.919	1	1.27183e+06	1	497.434	1	1643.18	1	1225.89	1	0.001	273.25	301.462
649	555.919	1	1.27183e+06	1	497.434	1	1643.18	1	1225.89	1	0.00316228	273.25	301.462
649	555.919	1	1.27183e+06	1	497.434	1	1643.18	1	1225.89	1	0.01	273.251	301.463
649	555.919	1	1.27183e+06	1	497.434	1	1643.18	1	1225.89	1	0.0316228	273.253	301.466
649	555.919	1	1.27183e+06	1	497.434	1	1643.18	1	1225.89	1	0.1	273.262	301.475
649	555.919	1	1.27183e+06	1	497.434	1	1643.18	1	1225.89	1	0.316228	273.289	301.504
649	555.919	1	1.27183e+06	1	497.434	1	1643.18	1	1225.89	1	1	273.375	301.596
649	555.919	1	1.27183e+06	1	497.434	1	1643.18	1	1225.89	1	3.16228	273.647	301.886
649	555.919	1	1.27183e+06	1	497.434	1	1643.18	1	1225.89	1	10	274.496	302.793
649	555.919	1	1.27183e+06	1	497.434	1	1643.18	1	1225.89	1	31.6228	277.098	305.561
649	555.919	1	1.27183e+06	1	497.434	1	1643.18	1	1225.89	1	100	284.637	313.555
650	587.122	1	497381	1	404.452	1	762.86	1	2099.59	1	0	273.249	301.462
650	587.122	1	497381	1	404.452	1	762.86	1	2099.59	1	0.001	273.25	301.462
650	587.122	1	497381	1	404.452	1	762.86	1	2099.59	1	0.00316228	273.25	301.462
650	587.122	1	497381	1	404.452	1	762.86	1	2099.59	1	0.01	273.251	301.464
650	587.122	1	497381	1	404.452	1	762.86	1	2099.59	1	0.0316228	273.255	301.468
650	587.122	1	497381	1	404.452	1	762.86	1	2099.59	1	0.1	273.269	301.482
650	587.122	1	497381	1	404.452	1	762.86	1	2099.59	1	0.316228	273.31	301.527
650	587.122	1	497381	1	404.452	1	762.86	1	2099.59	1	1	273.44	301.668
650	587.122	1	497381	1	404.452	1	762.86	1	2099.59	1	3.16228	273.851	302.113
650	587.122	1	497381	1	404.452	1	762.86	1	2099.59	1	10	275.133	303.501
650	587.122	1	497381	1	404.452	1	762.86	1	2099.59	1	31.6228	279.04	307.713
650	587.122	1	497381	1	404.452	1	762.86	1	2099.59	1	100	290.152	319.644
651	518.565	1	567680	1	405.375	1	656.696	1	2195.31	1	0	273.249	301.462
651	518.565	1	567680	1	405.375	1	656.696	1	2195.31	1	0.001	273.25	301.462
651	518.565	1	567680	1	405.375	1	656.696	1	2195.31	1	0.00316228	273.25	301.462
651	518.565	1	567680	1	405.375	1	656.696	1	2195.31	1	0.01	273.252	301.464
651	518.565	1	567680	1	405.375	1	656.696	1	2195.31	1	0.0316228	273.256	301.469
651	518.565	1	567680	1	405.375	1	656.696	1	2195.31	1	0.1	273.27	301.484
651	518.565	1	567680	1	405.375	1	656.696	1	2195.31	1	0.316228	273.315	301.532
651	518.565	1	567680	1	405.375	1	656.696	1	2195.31	1	1	273.458	301.685
651	518.565	1	567680	1	405.375	1	656.696	1	2195.31	1	3.16228	273.907	302.166
651	518.565	1	567680	1	405.375	1	656.696	1	2195.31	1	10	275.31	303.667
651	518.565	1	567680	1	405.375	1	656.696	1	2195.31	1	31.6228	279.573	308.215
651	518.565	1	567680	1	405.375	1	656.696	1	2195.31	1	100	291.724	321.127
652	293.538	1	1.64413e+06	1	379.73	1	819.592	1	3167.33	1	0	273.249	301.462
652	293.538	1	1.64413e+06	1	379.73	1	819.592	1	3167.33	1	0.001	273.25	301.462
652	293.538	1	1.64413e+06	1	379.73	1	819.592	1	3167.33	1	0.00316228	273.25	301.462
652	293.538	1	1.64413e+06	1	379.73	1	819.592	1	3167.33	1	0.01	273.251	301.464
652	293.538	1	1.64413e+06	1	379.73	1	819.592	1	3167.33	1	0.0316228	273.256	301.468
652	293.538	1	1.64413e+06	1	379.73	1	819.592	1	3167.33	1	0.1	273.27	301.483
652	293.538	1	1.64413e+06	1	379.73	1	819.592	1	3167.33	1	0.316228	273.315	301.528
652	293.538	1	1.64413e+06	1	379.73	1	819.592	1	3167.33	1	1	273.456	301.673
652	293.538	1	1.64413e+06	1	379.73	1	819.592	1	3167.33	1	3.16228	273.9	302.127
652	293.538	1	1.64413e+06	1	379.73	1	819.592	1	3167.33	1	10	275.285	303.543
652	293.538	1	1.64413e+06	1	379.73	1	819.592	1	3167.33	1	31.6228	279.472	307.822
652	293.538	1	1.64413e+06	1	379.73	1	819.592	1	3167.33	1	100	291.265	319.892
653	699.427	1	503343	1	323.678	1	2824.71	1	2989.94	1	0	273.249	301.462
653	699.427	1	503343	1	323.678	1	2824.71	1	2989.94	1	0.001	273.25	301.462
653	699.427	1	503343	1	323.678	1	2824.71	1	2989.94	1	0.00316228	273.25	301.462
653	699.427	1	503343	1	323.678	1	2824.71	1	2989.94	1	0.01	273.251	301.463
653	699.427	1	503343	1	323.678	1	2824.71	1	2989.94	1	0.0316228	273.254	301.467
653	699.427	1	503343	1	323.678	1	2824.71	1	2989.94	1	0.1	273.263	301.477
653	699.427	1	503343	1	323.678	1	2824.71	1	2989.94	1	0.316228	273.292	301.511
653	699.427	1	503343	1	323.678	1	2824.71	1	2989.94	1	1	273.384	301.617
653	699.427	1	503343	1	323.678	1	2824.71	1	2989.94	1	3.16228	273.673	301.952
653	699.427	1	503343	1	323.678	1	2824.71	1	2989.94	1	10	274.571	302.987
653	699.427	1	503343	1	323.678	1	2824.71	1	2989.94	1	31.6228	277.254	306.059
653	699.427	1	503343	1	323.678	1	2824.71	1	2989.94	1	100	284.598	314.397
654	582.739	1	1.11783e+06	1	410.926	1	389.44	1	3016.77	1	0	273.249	301.462
654	582.739	1	1.11783e+06	1	410.926	1	389.44	1	3016.77	1	0.001	273.25	301.462
654	582.739	1	1.11783e+06	1	410.926	1	389.44	1	3016.77	1	0.00316228	273.25	301.463
654	582.739	1	1.11783e+06	1	410.926	1	389.44	1	3016.77	1	0.01	273.252	301.465
654	582.739	1	1.11783e+06	1	410.926	1	389.44	1	3016.77	1	0.0316228	273.258	301.471
654	582.739	1	1.11783e+06	1	410.926	1	389.44	1	3016.77	1	0.1	273.278	301.492
654	582.739	1	1.11783e+06	1	410.926	1	389.44	1	3016.77	1	0.316228	273.339	301.557
654	582.739	1	1.11783e+06	1	410.926	1	389.44	1	3016.77	1	1	273.533	301.764
654	582.739	1	1.11783e+06	1	410.926	1	389.44	1	3016.77	1	3.16228	274.141	302.414
654	582.739	1	1.11783e+06	1	410.926	1	389.44	1	3016.77	1	10	276.033	304.432
654	582.739	1	1.11783e+06	1	410.926	1	389.44	1	3016.77	1	31.6228	281.702	310.471
654	582.739	1	1.11783e+06	1	410.926	1	389.44	1	3016.77	1	100	298.109	327.884
655	432.164	1	308419	1	319.263	1	1542.85	1	3263.59	1	0	273.249	301.462
655	432.164	1	308419	1	319.263	1	1542.85	1	3263.59	1	0.001	273.25	301.462
655	432.164	1	308419	1	319.263	1	1542.85	1	3263.59	1	0.00316228	273.25	301.462
655	432.164	1	308419	1	319.263	1	1542.85	1	3263.59	1	0.01	273.251	301.463
655	432.164	1	308419	1	319.263	1	1542.85	1	3263.59	1	0.0316228	273.255	301.467
655	432.164	1	308419	1	319.263	1	1542.85	1	3263.59	1	0.1	273.266	301.48
655	432.164	1	308419	1	319.263	1	1542.85	1	3263.59	1	0.316228	273.302	301.52
655	432.164	1	308419	1	319.263	1	1542.85	1	3263.59	1	1	273.416	301.645
655	432.164	1	308419	1	319.263	1	1542.85	1	3263.59	1	3.16228	273.776	302.038
655	432.164	1	308419	1	319.263	1	1542.85	1	3263.59	1	10	274.892	303.257
655	432.164	1	308419	1	319.263	1	1542.85	1	3263.59	1	31.6228	278.249	306.901
655	432.164	1	308419	1	319.263	1	1542.85	1	3263.59	1	100	287.584	316.955
656	339.003	1	793229	1	255.889	1	617.901	1	4161.13	1	0	273.249	301.462
656	339.003	1	793229	1	255.889	1	617.901	1	4161.13	1	0.001	273.25	301.462
656	339.003	1	793229	1	255.889	1	617.901	1	4161.13	1	0.00316228	273.25	301.462
656	339.003	1	793229	1	255.889	1	617.901	1	4161.13	1	0.01	273.252	301.464
656	339.003	1	793229	1	255.889	1	617.901	1	4161.13	1	0.0316228	273.258	301.471
656	339.003	1	793229	1	255.889	1	617.901	1	4161.13	1	0.1	273.276	301.491
656	339.003	1	793229	1	255.889	1	617.901	1	4161.13	1	0.316228	273.335	301.554
656	339.003	1	793229	1	255.889	1	617.901	1	4161.13	1	1	273.519	301.753
656	339.003	1	793229	1	255.889	1	617.901	1	4161.13	1	3.16228	274.098	302.378
656	339.003	1	793229	1	255.889	1	617.901	1	4161.13	1	10	275.894	304.314
656	339.003	1	793229	1	255.889	1	617.901	1	4161.13	1	31.6228	281.257	310.061
656	339.003	1	793229	1	255.889	1	617.901	1	4161.13	1	100	296.019	325.784
657	395.805	1	2.66327e+06	1	484.81	1	1891.28	1	3681.39	1	0	273.249	301.462
657	395.805	1	2.66327e+06	1	484.81	1	1891.28	1	3681.39	1	0.001	273.25	301.462
657	395.805	1	2.66327e+06	1	484.81	1	1891.28	1	3681.39	1	0.00316228	273.25	301.462
657	395.805	1	2.66327e+06	1	484.81	1	1891.28	1	3681.39	1	0.01	273.251	301.463
657	395.805	1	2.66327e+06	1	484.81	1	1891.28	1	3681.39	1	0.0316228	273.253	301.466
657	395.805	1	2.66327e+06	1	484.81	1	1891.28	1	3681.39	1	0.1	273.262	301.475
657	395.805	1	2.66327e+06	1	484.81	1	1891.28	1	3681.39	1	0.316228	273.29	301.503
657	395.805	1	2.66327e+06	1	484.81	1	1891.28	1	3681.39	1	1	273.378	301.593
657	395.805	1	2.66327e+06	1	484.81	1	1891.28	1	3681.39	1	3.16228	273.655	301.877
657	395.805	1	2.66327e+06	1	484.81	1	1891.28	1	3681.39	1	10	274.519	302.764
657	395.805	1	2.66327e+06	1	484.81	1	1891.28	1	3681.39	1	31.6228	277.153	305.464
657	395.805	1	2.66327e+06	1	484.81	1	1891.28	1	3681.39	1	100	284.721	313.223
658	363.409	1	925256	1	414.352	1	1074.95	1	4549.28	1	0	273.249	301.462
658	363.409	1	925256	1	414.352	1	1074.95	1	4549.28	1	0.001	273.25	301.462
658	363.409	1	925256	1	414.352	1	1074.95	1	4549.28	1	0.00316228	273.25	301.462
658	363.409	1	925256	1	414.352	1	1074.95	1	4549.28	1	0.01	273.251	301.463
658	363.409	1	925256	1	414.352	1	1074.95	1	4549.28	1	0.0316228	273.255	301.467
658	363.409	1	925256	1	414.352	1	1074.95	1	4549.28	1	0.1	273.267	301.479
658	363.409	1	925256	1	414.352	1	1074.95	1	4549.28	1	0.316228	273.304	301.518
658	363.409	1	925256	1	414.352	1	1074.95	1	4549.28	1	1	273.421	301.639
658	363.409	1	925256	1	414.352	1	1074.95	1	4549.28	1	3.16228	273.789	302.022
658	363.409	1	925256	1	414.352	1	1074.95	1	4549.28	1	10	274.94	303.215
658	363.409	1	925256	1	414.352	1	1074.95	1	4549.28	1	31.6228	278.438	306.835
658	363.409	1	925256	1	414.352	1	1074.95	1	4549.28	1	100	288.416	317.151
659	623.52	1	3.08625e+06	1	436.857	1	2354.43	1	3069.03	1	0	273.249	301.462
659	623.52	1	3.08625e+06	1	436.857	1	2354.43	1	3069.03	1	0.001	273.25	301.462
659	623.52	1	3.08625e+06	1	436.857	1	2354.43	1	3069.03	1	0.00316228	273.25	301.462
659	623.52	1	3.08625e+06	1	436.857	1	2354.43	1	3069.03	1	0.01	273.251	301.463
659	623.52	1	3.08625e+06	1	436.857	1	2354.43	1	3069.03	1	0.0316228	273.253	301.466
659	623.52	1	3.08625e+06	1	436.857	1	2354.43	1	3069.03	1	0.1	273.261	301.475
659	623.52	1	3.08625e+06	1	436.857	1	2354.43	1	3069.03	1	0.316228	273.287	301.503
659	623.52	1	3.08625e+06	1	436.857	1	2354.43	1	3069.03	1	1	273.367	301.592
659	623.52	1	3.08625e+06	1	436.857	1	2354.43	1	3069.03	1	3.16228	273.621	301.871
659	623.52	1	3.08625e+06	1	436.857	1	2354.43	1	3069.03	1	10	274.413	302.744
659	623.52	1	3.08625e+06	1	436.857	1	2354.43	1	3069.03	1	31.6228	276.825	305.385
659	623.52	1	3.08625e+06	1	436.857	1	2354.43	1	3069.03	1	100	283.702	312.875
660	621.945	1	1.49422e+06	1	267.852	1	2331.74	1	2803.48	1	0	273.249	301.462
660	621.945	1	1.49422e+06	1	267.852	1	2331.74	1	2803.48	1	0.001	273.25	301.462
660	621.945	1	1.49422e+06	1	267.852	1	2331.74	1	2803.48	1	0.00316228	273.25	301.462
660	621.945	1	1.49422e+06	1	267.852	1	2331.74	1	2803.48	1	0.01	273.251	301.463
660	621.945	1	1.49422e+06	1	267.852	1	2331.74	1	2803.48	1	0.0316228	273.255	301.468
660	621.945	1	1.49422e+06	1	267.852	1	2331.74	1	2803.48	1	0.1	273.266	301.48
660	621.945	1	1.49422e+06	1	267.852	1	2331.74	1	2803.48	1	0.316228	273.301	301.521
660	621.945	1	1.49422e+06	1	267.852	1	2331.74	1	2803.48	1	1	273.411	301.649
660	621.945	1	1.49422e+06	1	267.852	1	2331.74	1	2803.48	1	3.16228	273.757	302.052
660	621.945	1	1.49422e+06	1	267.852	1	2331.74	1	2803.48	1	10	274.828	303.294
660	621.945	1	1.49422e+06	1	267.852	1	2331.74	1	2803.48	1	31.6228	277.997	306.934
660	621.945	1	1.49422e+06	1	267.852	1	2331.74	1	2803.48	1	100	286.374	316.483
661	521.069	1	420795	1	556.84	1	1140.65	1	2073.59	1	0	273.249	301.462
661	521.069	1	420795	1	556.84	1	1140.65	1	2073.59	1	0.001	273.25	301.462
661	521.069	1	420795	1	556.84	1	1140.65	1	2073.59	1	0.00316228	273.25	301.462
661	521.069	1	420795	1	556.84	1	1140.65	1	2073.59	1	0.01	273.251	301.463
661	521.069	1	420795	1	556.84	1	1140.65	1	2073.59	1	0.0316228	273.254	301.466
661	521.069	1	420795	1	556.84	1	1140.65	1	2073.59	1	0.1	273.263	301.476
661	521.069	1	420795	1	556.84	1	1140.65	1	2073.59	1	0.316228	273.294	301.508
661	521.069	1	420795	1	556.84	1	1140.65	1	2073.59	1	1	273.39	301.608
661	521.069	1	420795	1	556.84	1	1140.65	1	2073.59	1	3.16228	273.692	301.924
661	521.069	1	420795	1	556.84	1	1140.65	1	2073.59	1	10	274.639	302.913
661	521.069	1	420795	1	556.84	1	1140.65	1	2073.59	1	31.6228	277.548	305.948
661	521.069	1	420795	1	556.84	1	1140.65	1	2073.59	1	100	286.022	314.768
662	431.063	1	1.31041e+06	1	385.295	1	1179.93	1	2557.84	1	0	273.249	301.462
662	431.063	1	1.31041e+06	1	385.295	1	1179.93	1	2557.84	1	0.001	273.25	301.462
662	431.063	1	1.31041e+06	1	385.295	1	1179.93	1	2557.84	1	0.00316228	273.25	301.462
662	431.063	1	1.31041e+06	1	385.295	1	1179.93	1	2557.84	1	0.01	273.251	301.463
662	431.063	1	1.31041e+06	1	385.295	1	1179.93	1	2557.84	1	0.0316228	273.255	301.467
662	431.063	1	1.31041e+06	1	385.295	1	1179.93	1	2557.84	1	0.1	273.266	301.479
662	431.063	1	1.31041e+06	1	385.295	1	1179.93	1	2557.84	1	0.316228	273.302	301.518
662	431.063	1	1.31041e+06	1	385.295	1	1179.93	1	2557.84	1	1	273.416	301.639
662	431.063	1	1.31041e+06	1	385.295	1	1179.93	1	2557.84	1	3.16228	273.773	302.021
662	431.063	1	1.31041e+06	1	385.295	1	1179.93	1	2557.84	1	10	274.89	303.211
662	431.063	1	1.31041e+06	1	385.295	1	1179.93	1	2557.84	1	31.6228	278.282	306.812
662	431.063	1	1.31041e+06	1	385.295	1	1179.93	1	2557.84	1	100	287.933	317.013
663	391.396	1	1.35359e+06	1	284.114	1	653.001	1	3722.98	1	0	273.249	301.462
663	391.396	1	1.35359e+06	1	284.114	1	653.001	1	3722.98	1	0.001	273.25	301.462
663	391.396	1	1.35359e+06	1	284.114	1	653.001	1	3722.98	1	0.00316228	273.25	301.462
663	391.396	1	1.35359e+06	1	284.114	1	653.001	1	3722.98	1	0.01	273.252	301.464
663	391.396	1	1.35359e+06	1	284.114	1	653.001	1	3722.98	1	0.0316228	273.257	301.47
663	391.396	1	1.35359e+06	1	284.114	1	653.001	1	3722.98	1	0.1	273.274	301.488
663	391.396	1	1.35359e+06	1	284.114	1	653.001	1	3722.98	1	0.316228	273.328	301.546
663	391.396	1	1.35359e+06	1	284.114	1	653.001	1	3722.98	1	1	273.497	301.729
663	391.396	1	1.35359e+06	1	284.114	1	653.001	1	3722.98	1	3.16228	274.028	302.305
663	391.396	1	1.35359e+06	1	284.114	1	653.001	1	3722.98	1	10	275.681	304.091
663	391.396	1	1.35359e+06	1	284.114	1	653.001	1	3722.98	1	31.6228	280.642	309.425
663	391.396	1	1.35359e+06	1	284.114	1	653.001	1	3722.98	1	100	294.398	324.119
664	663.517	1	616899	1	681.838	1	1486.04	1	3677.69	1	0	273.249	301.462
664	663.517	1	616899	1	681.838	1	1486.04	1	3677.69	1	0.001	273.25	301.462
664	663.517	1	616899	1	681.838	1	1486.04	1	3677.69	1	0.00316228	273.25	301.462
664	663.517	1	616899	1	681.838	1	1486.04	1	3677.69	1	0.01	273.251	301.463
664	663.517	1	616899	1	681.838	1	1486.04	1	3677.69	1	0.0316228	273.253	301.465
664	663.517	1	616899	1	681.838	1	1486.04	1	3677.69	1	0.1	273.26	301.473
664	663.517	1	616899	1	681.838	1	1486.04	1	3677.69	1	0.316228	273.284	301.498
664	663.517	1	616899	1	681.838	1	1486.04	1	3677.69	1	1	273.36	301.578
664	663.517	1	616899	1	681.838	1	1486.04	1	3677.69	1	3.16228	273.598	301.828
664	663.517	1	616899	1	681.838	1	1486.04	1	3677.69	1	10	274.347	302.613
664	663.517	1	616899	1	681.838	1	1486.04	1	3677.69	1	31.6228	276.658	305.034
664	663.517	1	616899	1	681.838	1	1486.04	1	3677.69	1	100	283.468	312.141
665	412.69	1	917926	1	759.018	1	1255.35	1	3071.6	1	0	273.249	301.462
665	412.69	1	917926	1	759.018	1	1255.35	1	3071.6	1	0.001	273.25	301.462
665	412.69	1	917926	1	759.018	1	1255.35	1	3071.6	1	0.00316228	273.25	301.462
665	412.69	1	917926	1	759.018	1	1255.35	1	3071.6	1	0.01	273.251	301.463
665	412.69	1	917926	1	759.018	1	1255.35	1	3071.6	1	0.0316228	273.253	301.465
665	412.69	1	917926	1	759.018	1	1255.35	1	3071.6	1	0.1	273.262	301.474
665	412.69	1	917926	1	759.018	1	1255.35	1	3071.6	1	0.316228	273.289	301.5
665	412.69	1	917926	1	759.018	1	1255.35	1	3071.6	1	1	273.375	301.584
665	412.69	1	917926	1	759.018	1	1255.35	1	3071.6	1	3.16228	273.644	301.849
665	412.69	1	917926	1	759.018	1	1255.35	1	3071.6	1	10	274.489	302.679
665	412.69	1	917926	1	759.018	1	1255.35	1	3071.6	1	31.6228	277.089	305.238
665	412.69	1	917926	1	759.018	1	1255.35	1	3071.6	1	100	284.713	312.771
666	391.175	1	1.82767e+06	1	331.91	1	1136.83	1	3074.24	1	0	273.249	301.462
666	391.175	1	1.82767e+06	1	331.91	1	1136.83	1	3074.24	1	0.001	273.25	301.462
666	391.175	1	1.82767e+06	1	331.91	1	1136.83	1	3074.24	1	0.00316228	273.25	301.462
666	391.175	1	1.82767e+06	1	331.91	1	1136.83	1	3074.24	1	0.01	273.251	301.464
666	391.175	1	1.82767e+06	1	331.91	1	1136.83	1	3074.24	1	0.0316228	273.255	301.468
666	391.175	1	1.82767e+06	1	331.91	1	1136.83	1	3074.24	1	0.1	273.268	301.481
666	391.175	1	1.82767e+06	1	331.91	1	1136.83	1	3074.24	1	0.316228	273.308	301.524
666	391.175	1	1.82767e+06	1	331.91	1	1136.83	1	3074.24	1	1	273.433	301.659
666	391.175	1	1.82767e+06	1	331.91	1	1136.83	1	3074.24	1	3.16228	273.828	302.083
666	391.175	1	1.82767e+06	1	331.91	1	1136.83	1	3074.24	1	10	275.057	303.4
666	391.175	1	1.82767e+06	1	331.91	1	1136.83	1	3074.24	1	31.6228	278.767	307.359
666	391.175	1	1.82767e+06	1	331.91	1	1136.83	1	3074.24	1	100	289.175	318.401
667	340.88	1	227701	1	318.77	1	1603.12	1	3883.66	1	0	273.249	301.462
667	340.88	1	227701	1	318.77	1	1603.12	1	3883.66	1	0.001	273.25	301.462
667	340.88	1	227701	1	318.77	1	1603.12	1	3883.66	1	0.00316228	273.25	301.462
667	340.88	1	227701	1	318.77	1	1603.12	1	3883.66	1	0.01	273.251	301.463
667	340.88	1	227701	1	318.77	1	1603.12	1	3883.66	1	0.0316228	273.255	301.467
667	340.88	1	227701	1	318.77	1	1603.12	1	3883.66	1	0.1	273.267	301.48
667	340.88	1	227701	1	318.77	1	1603.12	1	3883.66	1	0.316228	273.304	301.52
667	340.88	1	227701	1	318.77	1	1603.12	1	3883.66	1	1	273.421	301.645
667	340.88	1	227701	1	318.77	1	1603.12	1	3883.66	1	3.16228	273.79	302.038
667	340.88	1	227701	1	318.77	1	1603.12	1	3883.66	1	10	274.937	303.257
667	340.88	1	227701	1	318.77	1	1603.12	1	3883.66	1	31.6228	278.373	306.895
667	340.88	1	227701	1	318.77	1	1603.12	1	3883.66	1	100	287.888	316.916
668	420.991	1	2.43555e+06	1	535.634	1	1513.21	1	1654.1	1	0	273.249	301.462
668	420.991	1	2.43555e+06	1	535.634	1	1513.21	1	1654.1	1	0.001	273.25	301.462
668	420.991	1	2.43555e+06	1	535.634	1	1513.21	1	1654.1	1	0.00316228	273.25	301.462
668	420.991	1	2.43555e+06	1	535.634	1	1513.21	1	1654.1	1	0.01	273.251	301.463
668	420.991	1	2.43555e+06	1	535.634	1	1513.21	1	1654.1	1	0.0316228	273.254	301.466
668	420.991	1	2.43555e+06	1	535.634	1	1513.21	1	1654.1	1	0.1	273.263	301.475
668	420.991	1	2.43555e+06	1	535.634	1	1513.21	1	1654.1	1	0.316228	273.291	301.504
668	420.991	1	2.43555e+06	1	535.634	1	1513.21	1	1654.1	1	1	273.381	301.596
668	420.991	1	2.43555e+06	1	535.634	1	1513.21	1	1654.1	1	3.16228	273.664	301.886
668	420.991	1	2.43555e+06	1	535.634	1	1513.21	1	1654.1	1	10	274.55	302.792
668	420.991	1	2.43555e+06	1	535.634	1	1513.21	1	1654.1	1	31.6228	277.261	305.566
668	420.991	1	2.43555e+06	1	535.634	1	1513.21	1	1654.1	1	100	285.129	313.615
669	447.21	1	1.16e+06	1	288.074	1	604.422	1	3512.94	1	0	273.249	301.462
669	447.21	1	1.16e+06	1	288.074	1	604.422	1	3512.94	1	0.001	273.25	301.462
669	447.21	1	1.16e+06	1	288.074	1	604.422	1	3512.94	1	0.00316228	273.25	301.462
669	447.21	1	1.16e+06	1	288.074	1	604.422	1	3512.94	1	0.01	273.252	301.464
669	447.21	1	1.16e+06	1	288.074	1	604.422	1	3512.94	1	0.0316228	273.257	301.47
669	447.21	1	1.16e+06	1	288.074	1	604.422	1	3512.94	1	0.1	273.275	301.489
669	447.21	1	1.16e+06	1	288.074	1	604.422	1	3512.94	1	0.316228	273.329	301.549
669	447.21	1	1.16e+06	1	288.074	1	604.422	1	3512.94	1	1	273.501	301.736
669	447.21	1	1.16e+06	1	288.074	1	604.422	1	3512.94	1	3.16228	274.042	302.326
669	447.21	1	1.16e+06	1	288.074	1	604.422	1	3512.94	1	10	275.724	304.157
669	447.21	1	1.16e+06	1	288.074	1	604.422	1	3512.94	1	31.6228	280.78	309.629
669	447.21	1	1.16e+06	1	288.074	1	604.422	1	3512.94	1	100	294.868	324.779
670	359.726	1	980819	1	258.464	1	640.977	1	5985.23	1	0	273.249	301.462
670	359.726	1	980819	1	258.464	1	640.977	1	5985.23	1	0.001	273.25	301.462
670	359.726	1	980819	1	258.464	1	640.977	1	5985.23	1	0.00316228	273.25	301.462
670	359.726	1	980819	1	258.464	1	640.977	1	5985.23	1	0.01	273.252	301.464
670	359.726	1	980819	1	258.464	1	640.977	1	5985.23	1	0.0316228	273.258	301.471
670	359.726	1	980819	1	258.464	1	640.977	1	5985.23	1	0.1	273.276	301.49
670	359.726	1	980819	1	258.464	1	640.977	1	5985.23	1	0.316228	273.332	301.552
670	359.726	1	980819	1	258.464	1	640.977	1	5985.23	1	1	273.511	301.746
670	359.726	1	980819	1	258.464	1	640.977	1	5985.23	1	3.16228	274.074	302.357
670	359.726	1	980819	1	258.464	1	640.977	1	5985.23	1	10	275.822	304.249
670	359.726	1	980819	1	258.464	1	640.977	1	5985.23	1	31.6228	281.044	309.868
670	359.726	1	980819	1	258.464	1	640.977	1	5985.23	1	100	295.409	325.225
671	877.844	1	776076	1	288.586	1	523.834	1	4093.26	1	0	273.249	301.462
671	877.844	1	776076	1	288.586	1	523.834	1	4093.26	1	0.001	273.25	301.462
671	877.844	1	776076	1	288.586	1	523.834	1	4093.26	1	0.00316228	273.25	301.462
671	877.844	1	776076	1	288.586	1	523.834	1	4093.26	1	0.01	273.252	301.464
671	877.844	1	776076	1	288.586	1	523.834	1	4093.26	1	0.0316228	273.258	301.471
671	877.844	1	776076	1	288.586	1	523.834	1	4093.26	1	0.1	273.275	301.491
671	877.844	1	776076	1	288.586	1	523.834	1	4093.26	1	0.316228	273.331	301.554
671	877.844	1	776076	1	288.586	1	523.834	1	4093.26	1	1	273.508	301.752
671	877.844	1	776076	1	288.586	1	523.834	1	4093.26	1	3.16228	274.064	302.376
671	877.844	1	776076	1	288.586	1	523.834	1	4093.26	1	10	275.793	304.313
671	877.844	1	776076	1	288.586	1	523.834	1	4093.26	1	31.6228	280.981	310.096
671	877.844	1	776076	1	288.586	1	523.834	1	4093.26	1	100	295.509	326.187
672	471.474	1	1.58809e+06	1	324.363	1	670.452	1	3878.26	1	0	273.249	301.462
672	471.474	1	1.58809e+06	1	324.363	1	670.452	1	3878.26	1	0.001	273.25	301.462
672	471.474	1	1.58809e+06	1	324.363	1	670.452	1	3878.26	1	0.00316228	273.25	301.462
672	471.474	1	1.58809e+06	1	324.363	1	670.452	1	3878.26	1	0.01	273.252	301.464
672	471.474	1	1.58809e+06	1	324.363	1	670.452	1	3878.26	1	0.0316228	273.257	301.469
672	471.474	1	1.58809e+06	1	324.363	1	670.452	1	3878.26	1	0.1	273.272	301.486
672	471.474	1	1.58809e+06	1	324.363	1	670.452	1	3878.26	1	0.316228	273.321	301.539
672	471.474	1	1.58809e+06	1	324.363	1	670.452	1	3878.26	1	1	273.476	301.708
672	471.474	1	1.58809e+06	1	324.363	1	670.452	1	3878.26	1	3.16228	273.963	302.236
672	471.474	1	1.58809e+06	1	324.363	1	670.452	1	3878.26	1	10	275.482	303.882
672	471.474	1	1.58809e+06	1	324.363	1	670.452	1	3878.26	1	31.6228	280.07	308.828
672	471.474	1	1.58809e+06	1	324.363	1	670.452	1	3878.26	1	100	292.938	322.62
673	758.73	1	1.15923e+06	1	499.094	1	1146.54	1	1223.68	1	0	273.249	301.462
673	758.73	1	1.15923e+06	1	499.094	1	1146.54	1	1223.68	1	0.001	273.25	301.462
673	758.73	1	1.15923e+06	1	499.094	1	1146.54	1	1223.68	1	0.00316228	273.25	301.462
673	758.73	1	1.15923e+06	1	499.094	1	1146.54	1	1223.68	1	0.01	273.251	301.463
673	758.73	1	1.15923e+06	1	499.094	1	1146.54	1	1223.68	1	0.0316228	273.254	301.466
673	758.73	1	1.15923e+06	1	499.094	1	1146.54	1	1223.68	1	0.1	273.263	301.477
673	758.73	1	1.15923e+06	1	499.094	1	1146.54	1	1223.68	1	0.316228	273.294	301.51
673	758.73	1	1.15923e+06	1	499.094	1	1146.54	1	1223.68	1	1	273.39	301.615
673	758.73	1	1.15923e+06	1	499.094	1	1146.54	1	1223.68	1	3.16228	273.692	301.945
673	758.73	1	1.15923e+06	1	499.094	1	1146.54	1	1223.68	1	10	274.64	302.979
673	758.73	1	1.15923e+06	1	499.094	1	1146.54	1	1223.68	1	31.6228	277.549	306.141
673	758.73	1	1.15923e+06	1	499.094	1	1146.54	1	1223.68	1	100	285.994	315.282
674	306.647	1	1.55192e+06	1	559.35	1	1482.12	1	4716.06	1	0	273.249	301.462
674	306.647	1	1.55192e+06	1	559.35	1	1482.12	1	4716.06	1	0.001	273.25	301.462
674	306.647	1	1.55192e+06	1	559.35	1	1482.12	1	4716.06	1	0.00316228	273.25	301.462
674	306.647	1	1.55192e+06	1	559.35	1	1482.12	1	4716.06	1	0.01	273.251	301.463
674	306.647	1	1.55192e+06	1	559.35	1	1482.12	1	4716.06	1	0.0316228	273.254	301.466
674	306.647	1	1.55192e+06	1	559.35	1	1482.12	1	4716.06	1	0.1	273.263	301.475
674	306.647	1	1.55192e+06	1	559.35	1	1482.12	1	4716.06	1	0.316228	273.293	301.504
674	306.647	1	1.55192e+06	1	559.35	1	1482.12	1	4716.06	1	1	273.388	301.596
674	306.647	1	1.55192e+06	1	559.35	1	1482.12	1	4716.06	1	3.16228	273.687	301.886
674	306.647	1	1.55192e+06	1	559.35	1	1482.12	1	4716.06	1	10	274.62	302.792
674	306.647	1	1.55192e+06	1	559.35	1	1482.12	1	4716.06	1	31.6228	277.462	305.562
674	306.647	1	1.55192e+06	1	559.35	1	1482.12	1	4716.06	1	100	285.638	313.599
675	712.566	1	643720	1	439.574	1	935.645	1	2902.63	1	0	273.249	301.462
675	712.566	1	643720	1	439.574	1	935.645	1	2902.63	1	0.001	273.25	301.462
675	712.566	1	643720	1	439.574	1	935.645	1	2902.63	1	0.00316228	273.25	301.462
675	712.566	1	643720	1	439.574	1	935.645	1	2902.63	1	0.01	273.251	301.463
675	712.566	1	643720	1	439.574	1	935.645	1	2902.63	1	0.0316228	273.255	301.467
675	712.566	1	643720	1	439.574	1	935.645	1	2902.63	1	0.1	273.266	301.479
675	712.566	1	643720	1	439.574	1	935.645	1	2902.63	1	0.316228	273.301	301.518
675	712.566	1	643720	1	439.574	1	935.645	1	2902.63	1	1	273.413	301.64
675	712.566	1	643720	1	439.574	1	935.645	1	2902.63	1	3.16228	273.765	302.025
675	712.566	1	643720	1	439.574	1	935.645	1	2902.63	1	10	274.865	303.228
675	712.566	1	643720	1	439.574	1	935.645	1	2902.63	1	31.6228	278.231	306.893
675	712.566	1	643720	1	439.574	1	935.645	1	2902.63	1	100	287.897	317.373
676	780.033	1	962596	1	720.266	1	1014.42	1	2269.94	1	0	273.249	301.462
676	780.033	1	962596	1	720.266	1	1014.42	1	2269.94	1	0.001	273.25	301.462
676	780.033	1	962596	1	720.266	1	1014.42	1	2269.94	1	0.00316228	273.25	301.462
676	780.033	1	962596	1	720.266	1	1014.42	1	2269.94	1	0.01	273.251	301.463
676	780.033	1	962596	1	720.266	1	1014.42	1	2269.94	1	0.0316228	273.254	301.466
676	780.033	1	962596	1	720.266	1	1014.42	1	2269.94	1	0.1	273.262	301.475
676	780.033	1	962596	1	720.266	1	1014.42	1	2269.94	1	0.316228	273.29	301.505
676	780.033	1	962596	1	720.266	1	1014.42	1	2269.94	1	1	273.379	301.598
676	780.033	1	962596	1	720.266	1	1014.42	1	2269.94	1	3.16228	273.658	301.893
676	780.033	1	962596	1	720.266	1	1014.42	1	2269.94	1	10	274.534	302.819
676	780.033	1	962596	1	720.266	1	1014.42	1	2269.94	1	31.6228	277.239	305.672
676	780.033	1	962596	1	720.266	1	1014.42	1	2269.94	1	100	285.179	314.019
677	459.167	1	960047	1	357.299	1	2776.2	1	2516.54	1	0	273.249	301.462
677	459.167	1	960047	1	357.299	1	2776.2	1	2516.54	1	0.001	273.25	301.462
677	459.167	1	960047	1	357.299	1	2776.2	1	2516.54	1	0.00316228	273.25	301.462
677	459.167	1	960047	1	357.299	1	2776.2	1	2516.54	1	0.01	273.251	301.463
677	459.167	1	960047	1	357.299	1	2776.2	1	2516.54	1	0.0316228	273.254	301.466
677	459.167	1	960047	1	357.299	1	2776.2	1	2516.54	1	0.1	273.263	301.476
677	459.167	1	960047	1	357.299	1	2776.2	1	2516.54	1	0.316228	273.292	301.508
677	459.167	1	960047	1	357.299	1	2776.2	1	2516.54	1	1	273.384	301.609
677	459.167	1	960047	1	357.299	1	2776.2	1	2516.54	1	3.16228	273.673	301.925
677	459.167	1	960047	1	357.299	1	2776.2	1	2516.54	1	10	274.571	302.906
677	459.167	1	960047	1	357.299	1	2776.2	1	2516.54	1	31.6228	277.27	305.837
677	459.167	1	960047	1	357.299	1	2776.2	1	2516.54	1	100	284.763	313.919
678	542.252	1	1.00219e+06	1	1170.48	1	1264.48	1	1176.1	1	0	273.249	301.462
678	542.252	1	1.00219e+06	1	1170.48	1	1264.48	1	1176.1	1	0.001	273.25	301.462
678	542.252	1	1.00219e+06	1	1170.48	1	1264.48	1	1176.1	1	0.00316228	273.25	301.462
678	542.252	1	1.00219e+06	1	1170.48	1	1264.48	1	1176.1	1	0.01	273.25	301.463
678	542.252	1	1.00219e+06	1	1170.48	1	1264.48	1	1176.1	1	0.0316228	273.253	301.465
678	542.252	1	1.00219e+06	1	1170.48	1	1264.48	1	1176.1	1	0.1	273.26	301.472
678	542.252	1	1.00219e+06	1	1170.48	1	1264.48	1	1176.1	1	0.316228	273.283	301.494
678	542.252	1	1.00219e+06	1	1170.48	1	1264.48	1	1176.1	1	1	273.355	301.564
678	542.252	1	1.00219e+06	1	1170.48	1	1264.48	1	1176.1	1	3.16228	273.582	301.786
678	542.252	1	1.00219e+06	1	1170.48	1	1264.48	1	1176.1	1	10	274.297	302.483
678	542.252	1	1.00219e+06	1	1170.48	1	1264.48	1	1176.1	1	31.6228	276.506	304.646
678	542.252	1	1.00219e+06	1	1170.48	1	1264.48	1	1176.1	1	100	283.073	311.106
679	381.564	1	1.53548e+06	1	491.002	1	1427.06	1	4765.87	1	0	273.249	301.462
679	381.564	1	1.53548e+06	1	491.002	1	1427.06	1	4765.87	1	0.001	273.25	301.462
679	381.564	1	1.53548e+06	1	491.002	1	1427.06	1	4765.87	1	0.00316228	273.25	301.462
679	381.564	1	1.53548e+06	1	491.002	1	1427.06	1	4765.87	1	0.01	273.251	301.463
679	381.564	1	1.53548e+06	1	491.002	1	1427.06	1	4765.87	1	0.0316228	273.254	301.466
679	381.564	1	1.53548e+06	1	491.002	1	1427.06	1	4765.87	1	0.1	273.264	301.476
679	381.564	1	1.53548e+06	1	491.002	1	1427.06	1	4765.87	1	0.316228	273.294	301.507
679	381.564	1	1.53548e+06	1	491.002	1	1427.06	1	4765.87	1	1	273.391	301.606
679	381.564	1	1.53548e+06	1	491.002	1	1427.06	1	4765.87	1	3.16228	273.696	301.917
679	381.564	1	1.53548e+06	1	491.002	1	1427.06	1	4765.87	1	10	274.648	302.889
679	381.564	1	1.53548e+06	1	491.002	1	1427.06	1	4765.87	1	31.6228	277.553	305.854
679	381.564	1	1.53548e+06	1	491.002	1	1427.06	1	4765.87	1	100	285.93	314.406
680	395.575	1	390770	1	235.059	1	550.648	1	4268.64	1	0	273.249	301.462
680	395.575	1	390770	1	235.059	1	550.648	1	4268.64	1	0.001	273.25	301.462
680	395.575	1	390770	1	235.059	1	550.648	1	4268.64	1	0.00316228	273.25	301.463
680	395.575	1	390770	1	235.059	1	550.648	1	4268.64	1	0.01	273.252	301.465
680	395.575	1	390770	1	235.059	1	550.648	1	4268.64	1	0.0316228	273.259	301.472
680	395.575	1	390770	1	235.059	1	550.648	1	4268.64	1	0.1	273.278	301.494
680	395.575	1	390770	1	235.059	1	550.648	1	4268.64	1	0.316228	273.341	301.563
680	395.575	1	390770	1	235.059	1	550.648	1	4268.64	1	1	273.539	301.78
680	395.575	1	390770	1	235.059	1	550.648	1	4268.64	1	3.16228	274.162	302.465
680	395.575	1	390770	1	235.059	1	550.648	1	4268.64	1	10	276.092	304.58
680	395.575	1	390770	1	235.059	1	550.648	1	4268.64	1	31.6228	281.832	310.828
680	395.575	1	390770	1	235.059	1	550.648	1	4268.64	1	100	297.601	327.863
681	842.863	1	1.43805e+06	1	440.903	1	1334.61	1	3425.64	1	0	273.249	301.462
681	842.863	1	1.43805e+06	1	440.903	1	1334.61	1	3425.64	1	0.001	273.25	301.462
681	842.863	1	1.43805e+06	1	440.903	1	1334.61	1	3425.64	1	0.00316228	273.25	301.462
681	842.863	1	1.43805e+06	1	440.903	1	1334.61	1	3425.64	1	0.01	273.251	301.463
681	842.863	1	1.43805e+06	1	440.903	1	1334.61	1	3425.64	1	0.0316228	273.254	301.466
681	842.863	1	1.43805e+06	1	440.903	1	1334.61	1	3425.64	1	0.1	273.263	301.477
681	842.863	1	1.43805e+06	1	440.903	1	1334.61	1	3425.64	1	0.316228	273.293	301.51
681	842.863	1	1.43805e+06	1	440.903	1	1334.61	1	3425.64	1	1	273.386	301.615
681	842.863	1	1.43805e+06	1	440.903	1	1334.61	1	3425.64	1	3.16228	273.681	301.944
681	842.863	1	1.43805e+06	1	440.903	1	1334.61	1	3425.64	1	10	274.605	302.973
681	842.863	1	1.43805e+06	1	440.903	1	1334.61	1	3425.64	1	31.6228	277.428	306.106
681	842.863	1	1.43805e+06	1	440.903	1	1334.61	1	3425.64	1	100	285.565	315.082
682	492.399	1	994968	1	607.004	1	1852.08	1	2467.3	1	0	273.249	301.462
682	492.399	1	994968	1	607.004	1	1852.08	1	2467.3	1	0.001	273.25	301.462
682	492.399	1	994968	1	607.004	1	1852.08	1	2467.3	1	0.00316228	273.25	301.462
682	492.399	1	994968	1	607.004	1	1852.08	1	2467.3	1	0.01	273.251	301.463
682	492.399	1	994968	1	607.004	1	1852.08	1	2467.3	1	0.0316228	273.253	301.465
682	492.399	1	994968	1	607.004	1	1852.08	1	2467.3	1	0.1	273.261	301.473
682	492.399	1	994968	1	607.004	1	1852.08	1	2467.3	1	0.316228	273.285	301.498
682	492.399	1	994968	1	607.004	1	1852.08	1	2467.3	1	1	273.361	301.576
682	492.399	1	994968	1	607.004	1	1852.08	1	2467.3	1	3.16228	273.602	301.824
682	492.399	1	994968	1	607.004	1	1852.08	1	2467.3	1	10	274.357	302.599
682	492.399	1	994968	1	607.004	1	1852.08	1	2467.3	1	31.6228	276.677	304.98
682	492.399	1	994968	1	607.004	1	1852.08	1	2467.3	1	100	283.46	311.931
683	479.061	1	1.47449e+06	1	543.245	1	1147.02	1	2020.47	1	0	273.249	301.462
683	479.061	1	1.47449e+06	1	543.245	1	1147.02	1	2020.47	1	0.001	273.25	301.462
683	479.061	1	1.47449e+06	1	543.245	1	1147.02	1	2020.47	1	0.00316228	273.25	301.462
683	479.061	1	1.47449e+06	1	543.245	1	1147.02	1	2020.47	1	0.01	273.251	301.463
683	479.061	1	1.47449e+06	1	543.245	1	1147.02	1	2020.47	1	0.0316228	273.254	301.466
683	479.061	1	1.47449e+06	1	543.245	1	1147.02	1	2020.47	1	0.1	273.264	301.476
683	479.061	1	1.47449e+06	1	543.245	1	1147.02	1	2020.47	1	0.316228	273.295	301.509
683	479.061	1	1.47449e+06	1	543.245	1	1147.02	1	2020.47	1	1	273.393	301.61
683	479.061	1	1.47449e+06	1	543.245	1	1147.02	1	2020.47	1	3.16228	273.701	301.931
683	479.061	1	1.47449e+06	1	543.245	1	1147.02	1	2020.47	1	10	274.667	302.934
683	479.061	1	1.47449e+06	1	543.245	1	1147.02	1	2020.47	1	31.6228	277.631	306.007
683	479.061	1	1.47449e+06	1	543.245	1	1147.02	1	2020.47	1	100	286.251	314.932
684	611.178	1	1.67886e+06	1	287.876	1	882.555	1	3678.14	1	0	273.249	301.462
684	611.178	1	1.67886e+06	1	287.876	1	882.555	1	3678.14	1	0.001	273.25	301.462
684	611.178	1	1.67886e+06	1	287.876	1	882.555	1	3678.14	1	0.00316228	273.25	301.462
684	611.178	1	1.67886e+06	1	287.876	1	882.555	1	3678.14	1	0.01	273.251	301.464
684	611.178	1	1.67886e+06	1	287.876	1	882.555	1	3678.14	1	0.0316228	273.256	301.469
684	611.178	1	1.67886e+06	1	287.876	1	882.555	1	3678.14	1	0.1	273.27	301.485
684	611.178	1	1.67886e+06	1	287.876	1	882.555	1	3678.14	1	0.316228	273.315	301.535
684	611.178	1	1.67886e+06	1	287.876	1	882.555	1	3678.14	1	1	273.456	301.694
684	611.178	1	1.67886e+06	1	287.876	1	882.555	1	3678.14	1	3.16228	273.9	302.193
684	611.178	1	1.67886e+06	1	287.876	1	882.555	1	3678.14	1	10	275.28	303.741
684	611.178	1	1.67886e+06	1	287.876	1	882.555	1	3678.14	1	31.6228	279.432	308.365
684	611.178	1	1.67886e+06	1	287.876	1	882.555	1	3678.14	1	100	290.876	321.014
685	354.317	1	953542	1	403.932	1	663.316	1	4925.76	1	0	273.249	301.462
685	354.317	1	953542	1	403.932	1	663.316	1	4925.76	1	0.001	273.25	301.462
685	354.317	1	953542	1	403.932	1	663.316	1	4925.76	1	0.00316228	273.25	301.462
685	354.317	1	953542	1	403.932	1	663.316	1	4925.76	1	0.01	273.252	301.464
685	354.317	1	953542	1	403.932	1	663.316	1	4925.76	1	0.0316228	273.256	301.469
685	354.317	1	953542	1	403.932	1	663.316	1	4925.76	1	0.1	273.271	301.484
685	354.317	1	953542	1	403.932	1	663.316	1	4925.76	1	0.316228	273.318	301.533
685	354.317	1	953542	1	403.932	1	663.316	1	4925.76	1	1	273.466	301.687
685	354.317	1	953542	1	403.932	1	663.316	1	4925.76	1	3.16228	273.933	302.171
685	354.317	1	953542	1	403.932	1	663.316	1	4925.76	1	10	275.389	303.682
685	354.317	1	953542	1	403.932	1	663.316	1	4925.76	1	31.6228	279.804	308.256
685	354.317	1	953542	1	403.932	1	663.316	1	4925.76	1	100	292.332	321.216
686	673.511	1	3.73167e+06	1	213.552	1	375.908	1	3539.36	1	0	273.249	301.462
686	673.511	1	3.73167e+06	1	213.552	1	375.908	1	3539.36	1	0.001	273.25	301.462
686	673.511	1	3.73167e+06	1	213.552	1	375.908	1	3539.36	1	0.00316228	273.251	301.463
686	673.511	1	3.73167e+06	1	213.552	1	375.908	1	3539.36	1	0.01	273.253	301.466
686	673.511	1	3.73167e+06	1	213.552	1	375.908	1	3539.36	1	0.0316228	273.261	301.474
686	673.511	1	3.73167e+06	1	213.552	1	375.908	1	3539.36	1	0.1	273.285	301.502
686	673.511	1	3.73167e+06	1	213.552	1	375.908	1	3539.36	1	0.316228	273.362	301.588
686	673.511	1	3.73167e+06	1	213.552	1	375.908	1	3539.36	1	1	273.604	301.86
686	673.511	1	3.73167e+06	1	213.552	1	375.908	1	3539.36	1	3.16228	274.365	302.714
686	673.511	1	3.73167e+06	1	213.552	1	375.908	1	3539.36	1	10	276.717	305.346
686	673.511	1	3.73167e+06	1	213.552	1	375.908	1	3539.36	1	31.6228	283.649	313.061
686	673.511	1	3.73167e+06	1	213.552	1	375.908	1	3539.36	1	100	302.772	334.183
687	410.976	1	728260	1	806.604	1	725.113	1	4233.08	1	0	273.249	301.462
687	410.976	1	728260	1	806.604	1	725.113	1	4233.08	1	0.001	273.25	301.462
687	410.976	1	728260	1	806.604	1	725.113	1	4233.08	1	0.00316228	273.25	301.462
687	410.976	1	728260	1	806.604	1	725.113	1	4233.08	1	0.01	273.251	301.463
687	410.976	1	728260	1	806.604	1	725.113	1	4233.08	1	0.0316228	273.255	301.467
687	410.976	1	728260	1	806.604	1	725.113	1	4233.08	1	0.1	273.266	301.478
687	410.976	1	728260	1	806.604	1	725.113	1	4233.08	1	0.316228	273.302	301.514
687	410.976	1	728260	1	806.604	1	725.113	1	4233.08	1	1	273.416	301.626
687	410.976	1	728260	1	806.604	1	725.113	1	4233.08	1	3.16228	273.774	301.981
687	410.976	1	728260	1	806.604	1	725.113	1	4233.08	1	10	274.894	303.092
687	410.976	1	728260	1	806.604	1	725.113	1	4233.08	1	31.6228	278.321	306.497
687	410.976	1	728260	1	806.604	1	725.113	1	4233.08	1	100	288.19	316.318
688	357.481	1	2.40514e+06	1	312.184	1	1901.25	1	1842.29	1	0	273.249	301.462
688	357.481	1	2.40514e+06	1	312.184	1	1901.25	1	1842.29	1	0.001	273.25	301.462
688	357.481	1	2.40514e+06	1	312.184	1	1901.25	1	1842.29	1	0.00316228	273.25	301.462
688	357.481	1	2.40514e+06	1	312.184	1	1901.25	1	1842.29	1	0.01	273.251	301.463
688	357.481	1	2.40514e+06	1	312.184	1	1901.25	1	1842.29	1	0.0316228	273.255	301.467
688	357.481	1	2.40514e+06	1	312.184	1	1901.25	1	1842.29	1	0.1	273.266	301.479
688	357.481	1	2.40514e+06	1	312.184	1	1901.25	1	1842.29	1	0.316228	273.302	301.518
688	357.481	1	2.40514e+06	1	312.184	1	1901.25	1	1842.29	1	1	273.415	301.64
688	357.481	1	2.40514e+06	1	312.184	1	1901.25	1	1842.29	1	3.16228	273.771	302.023
688	357.481	1	2.40514e+06	1	312.184	1	1901.25	1	1842.29	1	10	274.876	303.21
688	357.481	1	2.40514e+06	1	312.184	1	1901.25	1	1842.29	1	31.6228	278.178	306.738
688	357.481	1	2.40514e+06	1	312.184	1	1901.25	1	1842.29	1	100	287.265	316.386
689	449.966	1	340612	1	279.493	1	5104.01	1	2776.37	1	0	273.249	301.462
689	449.966	1	340612	1	279.493	1	5104.01	1	2776.37	1	0.001	273.25	301.462
689	449.966	1	340612	1	279.493	1	5104.01	1	2776.37	1	0.00316228	273.25	301.462
689	449.966	1	340612	1	279.493	1	5104.01	1	2776.37	1	0.01	273.251	301.463
689	449.966	1	340612	1	279.493	1	5104.01	1	2776.37	1	0.0316228	273.254	301.467
689	449.966	1	340612	1	279.493	1	5104.01	1	2776.37	1	0.1	273.264	301.478
689	449.966	1	340612	1	279.493	1	5104.01	1	2776.37	1	0.316228	273.296	301.514
689	449.966	1	340612	1	279.493	1	5104.01	1	2776.37	1	1	273.395	301.627
689	449.966	1	340612	1	279.493	1	5104.01	1	2776.37	1	3.16228	273.707	301.981
689	449.966	1	340612	1	279.493	1	5104.01	1	2776.37	1	10	274.672	303.071
689	449.966	1	340612	1	279.493	1	5104.01	1	2776.37	1	31.6228	277.504	306.246
689	449.966	1	340612	1	279.493	1	5104.01	1	2776.37	1	100	284.908	314.475
690	473.545	1	1.12628e+06	1	392.157	1	1797.36	1	2567.51	1	0	273.249	301.462
690	473.545	1	1.12628e+06	1	392.157	1	1797.36	1	2567.51	1	0.001	273.25	301.462
690	473.545	1	1.12628e+06	1	392.157	1	1797.36	1	2567.51	1	0.00316228	273.25	301.462
690	473.545	1	1.12628e+06	1	392.157	1	1797.36	1	2567.51	1	0.01	273.251	301.463
690	473.545	1	1.12628e+06	1	392.157	1	1797.36	1	2567.51	1	0.0316228	273.254	301.466
690	473.545	1	1.12628e+06	1	392.157	1	1797.36	1	2567.51	1	0.1	273.264	301.477
690	473.545	1	1.12628e+06	1	392.157	1	1797.36	1	2567.51	1	0.316228	273.294	301.51
690	473.545	1	1.12628e+06	1	392.157	1	1797.36	1	2567.51	1	1	273.39	301.614
690	473.545	1	1.12628e+06	1	392.157	1	1797.36	1	2567.51	1	3.16228	273.694	301.942
690	473.545	1	1.12628e+06	1	392.157	1	1797.36	1	2567.51	1	10	274.639	302.962
690	473.545	1	1.12628e+06	1	392.157	1	1797.36	1	2567.51	1	31.6228	277.507	306.042
690	473.545	1	1.12628e+06	1	392.157	1	1797.36	1	2567.51	1	100	285.641	314.728
691	436.399	1	739928	1	702.571	1	1991.67	1	2782.54	1	0	273.249	301.462
691	436.399	1	739928	1	702.571	1	1991.67	1	2782.54	1	0.001	273.25	301.462
691	436.399	1	739928	1	702.571	1	1991.67	1	2782.54	1	0.00316228	273.25	301.462
691	436.399	1	739928	1	702.571	1	1991.67	1	2782.54	1	0.01	273.25	301.463
691	436.399	1	739928	1	702.571	1	1991.67	1	2782.54	1	0.0316228	273.253	301.465
691	436.399	1	739928	1	702.571	1	1991.67	1	2782.54	1	0.1	273.26	301.472
691	436.399	1	739928	1	702.571	1	1991.67	1	2782.54	1	0.316228	273.283	301.494
691	436.399	1	739928	1	702.571	1	1991.67	1	2782.54	1	1	273.354	301.565
691	436.399	1	739928	1	702.571	1	1991.67	1	2782.54	1	3.16228	273.581	301.789
691	436.399	1	739928	1	702.571	1	1991.67	1	2782.54	1	10	274.289	302.489
691	436.399	1	739928	1	702.571	1	1991.67	1	2782.54	1	31.6228	276.467	304.648
691	436.399	1	739928	1	702.571	1	1991.67	1	2782.54	1	100	282.851	310.984
692	326.612	1	975152	1	400.219	1	887.944	1	2299.96	1	0	273.249	301.462
692	326.612	1	975152	1	400.219	1	887.944	1	2299.96	1	0.001	273.25	301.462
692	326.612	1	975152	1	400.219	1	887.944	1	2299.96	1	0.00316228	273.25	301.462
692	326.612	1	975152	1	400.219	1	887.944	1	2299.96	1	0.01	273.251	301.464
692	326.612	1	975152	1	400.219	1	887.944	1	2299.96	1	0.0316228	273.256	301.468
692	326.612	1	975152	1	400.219	1	887.944	1	2299.96	1	0.1	273.269	301.481
692	326.612	1	975152	1	400.219	1	887.944	1	2299.96	1	0.316228	273.31	301.524
692	326.612	1	975152	1	400.219	1	887.944	1	2299.96	1	1	273.441	301.659
692	326.612	1	975152	1	400.219	1	887.944	1	2299.96	1	3.16228	273.855	302.084
692	326.612	1	975152	1	400.219	1	887.944	1	2299.96	1	10	275.144	303.411
692	326.612	1	975152	1	400.219	1	887.944	1	2299.96	1	31.6228	279.054	307.43
692	326.612	1	975152	1	400.219	1	887.944	1	2299.96	1	100	290.143	318.833
693	318.455	1	626330	1	381.823	1	1357.46	1	2218.76	1	0	273.249	301.462
693	318.455	1	626330	1	381.823	1	1357.46	1	2218.76	1	0.001	273.25	301.462
693	318.455	1	626330	1	381.823	1	1357.46	1	2218.76	1	0.00316228	273.25	301.462
693	318.455	1	626330	1	381.823	1	1357.46	1	2218.76	1	0.01	273.251	301.463
693	318.455	1	626330	1	381.823	1	1357.46	1	2218.76	1	0.0316228	273.255	301.467
693	318.455	1	626330	1	381.823	1	1357.46	1	2218.76	1	0.1	273.266	301.479
693	318.455	1	626330	1	381.823	1	1357.46	1	2218.76	1	0.316228	273.302	301.516
693	318.455	1	626330	1	381.823	1	1357.46	1	2218.76	1	1	273.417	301.634
693	318.455	1	626330	1	381.823	1	1357.46	1	2218.76	1	3.16228	273.777	302.005
693	318.455	1	626330	1	381.823	1	1357.46	1	2218.76	1	10	274.898	303.159
693	318.455	1	626330	1	381.823	1	1357.46	1	2218.76	1	31.6228	278.286	306.643
693	318.455	1	626330	1	381.823	1	1357.46	1	2218.76	1	100	287.848	316.48
694	389.301	1	800984	1	240.354	1	769.946	1	3185.29	1	0	273.249	301.462
694	389.301	1	800984	1	240.354	1	769.946	1	3185.29	1	0.001	273.25	301.462
694	389.301	1	800984	1	240.354	1	769.946	1	3185.29	1	0.00316228	273.25	301.462
694	389.301	1	800984	1	240.354	1	769.946	1	3185.29	1	0.01	273.252	301.464
694	389.301	1	800984	1	240.354	1	769.946	1	3185.29	1	0.0316228	273.257	301.47
694	389.301	1	800984	1	240.354	1	769.946	1	3185.29	1	0.1	273.274	301.489
694	389.301	1	800984	1	240.354	1	769.946	1	3185.29	1	0.316228	273.328	301.549
694	389.301	1	800984	1	240.354	1	769.946	1	3185.29	1	1	273.499	301.737
694	389.301	1	800984	1	240.354	1	769.946	1	3185.29	1	3.16228	274.034	302.328
694	389.301	1	800984	1	240.354	1	769.946	1	3185.29	1	10	275.692	304.154
694	389.301	1	800984	1	240.354	1	769.946	1	3185.29	1	31.6228	280.629	309.547
694	389.301	1	800984	1	240.354	1	769.946	1	3185.29	1	100	294.021	324.064
695	440.734	1	1.79646e+06	1	472.046	1	1137.4	1	1809.78	1	0	273.249	301.462
695	440.734	1	1.79646e+06	1	472.046	1	1137.4	1	1809.78	1	0.001	273.25	301.462
695	440.734	1	1.79646e+06	1	472.046	1	1137.4	1	1809.78	1	0.00316228	273.25	301.462
695	440.734	1	1.79646e+06	1	472.046	1	1137.4	1	1809.78	1	0.01	273.251	301.463
695	440.734	1	1.79646e+06	1	472.046	1	1137.4	1	1809.78	1	0.0316228	273.254	301.467
695	440.734	1	1.79646e+06	1	472.046	1	1137.4	1	1809.78	1	0.1	273.265	301.478
695	440.734	1	1.79646e+06	1	472.046	1	1137.4	1	1809.78	1	0.316228	273.298	301.513
695	440.734	1	1.79646e+06	1	472.046	1	1137.4	1	1809.78	1	1	273.403	301.623
695	440.734	1	1.79646e+06	1	472.046	1	1137.4	1	1809.78	1	3.16228	273.735	301.969
695	440.734	1	1.79646e+06	1	472.046	1	1137.4	1	1809.78	1	10	274.773	303.053
695	440.734	1	1.79646e+06	1	472.046	1	1137.4	1	1809.78	1	31.6228	277.945	306.36
695	440.734	1	1.79646e+06	1	472.046	1	1137.4	1	1809.78	1	100	287.096	315.884
696	495.387	1	1.04333e+06	1	393.058	1	1169.27	1	3544.07	1	0	273.249	301.462
696	495.387	1	1.04333e+06	1	393.058	1	1169.27	1	3544.07	1	0.001	273.25	301.462
696	495.387	1	1.04333e+06	1	393.058	1	1169.27	1	3544.07	1	0.00316228	273.25	301.462
696	495.387	1	1.04333e+06	1	393.058	1	1169.27	1	3544.07	1	0.01	273.251	301.463
696	495.387	1	1.04333e+06	1	393.058	1	1169.27	1	3544.07	1	0.0316228	273.255	301.467
696	495.387	1	1.04333e+06	1	393.058	1	1169.27	1	3544.07	1	0.1	273.266	301.479
696	495.387	1	1.04333e+06	1	393.058	1	1169.27	1	3544.07	1	0.316228	273.301	301.517
696	495.387	1	1.04333e+06	1	393.058	1	1169.27	1	3544.07	1	1	273.411	301.636
696	495.387	1	1.04333e+06	1	393.058	1	1169.27	1	3544.07	1	3.16228	273.76	302.013
696	495.387	1	1.04333e+06	1	393.058	1	1169.27	1	3544.07	1	10	274.849	303.186
696	495.387	1	1.04333e+06	1	393.058	1	1169.27	1	3544.07	1	31.6228	278.161	306.741
696	495.387	1	1.04333e+06	1	393.058	1	1169.27	1	3544.07	1	100	287.612	316.831
697	491.088	1	1.20842e+06	1	360.836	1	1004.37	1	4387.42	1	0	273.249	301.462
697	491.088	1	1.20842e+06	1	360.836	1	1004.37	1	4387.42	1	0.001	273.25	301.462
697	491.088	1	1.20842e+06	1	360.836	1	1004.37	1	4387.42	1	0.00316228	273.25	301.462
697	491.088	1	1.20842e+06	1	360.836	1	1004.37	1	4387.42	1	0.01	273.251	301.464
697	491.088	1	1.20842e+06	1	360.836	1	1004.37	1	4387.42	1	0.0316228	273.255	301.468
697	491.088	1	1.20842e+06	1	360.836	1	1004.37	1	4387.42	1	0.1	273.267	301.481
697	491.088	1	1.20842e+06	1	360.836	1	1004.37	1	4387.42	1	0.316228	273.306	301.523
697	491.088	1	1.20842e+06	1	360.836	1	1004.37	1	4387.42	1	1	273.429	301.656
697	491.088	1	1.20842e+06	1	360.836	1	1004.37	1	4387.42	1	3.16228	273.815	302.075
697	491.088	1	1.20842e+06	1	360.836	1	1004.37	1	4387.42	1	10	275.019	303.38
697	491.088	1	1.20842e+06	1	360.836	1	1004.37	1	4387.42	1	31.6228	278.673	307.322
697	491.088	1	1.20842e+06	1	360.836	1	1004.37	1	4387.42	1	100	289.027	318.425
698	508.755	1	785922	1	422.05	1	1000.71	1	4414.03	1	0	273.249	301.462
698	508.755	1	785922	1	422.05	1	1000.71	1	4414.03	1	0.001	273.25	301.462
698	508.755	1	785922	1	422.05	1	1000.71	1	4414.03	1	0.00316228	273.25	301.462
698	508.755	1	785922	1	422.05	1	1000.71	1	4414.03	1	0.01	273.251	301.463
698	508.755	1	785922	1	422.05	1	1000.71	1	4414.03	1	0.0316228	273.255	301.467
698	508.755	1	785922	1	422.05	1	1000.71	1	4414.03	1	0.1	273.266	301.479
698	508.755	1	785922	1	422.05	1	1000.71	1	4414.03	1	0.316228	273.302	301.518
698	508.755	1	785922	1	422.05	1	1000.71	1	4414.03	1	1	273.416	301.64
698	508.755	1	785922	1	422.05	1	1000.71	1	4414.03	1	3.16228	273.775	302.025
698	508.755	1	785922	1	422.05	1	1000.71	1	4414.03	1	10	274.898	303.227
698	508.755	1	785922	1	422.05	1	1000.71	1	4414.03	1	31.6228	278.323	306.881
698	508.755	1	785922	1	422.05	1	1000.71	1	4414.03	1	100	288.142	317.309
699	399.658	1	1.13668e+06	1	182.973	1	2047.65	1	3782.31	1	0	273.249	301.462
699	399.658	1	1.13668e+06	1	182.973	1	2047.65	1	3782.31	1	0.001	273.25	301.462
699	399.658	1	1.13668e+06	1	182.973	1	2047.65	1	3782.31	1	0.00316228	273.25	301.462
699	399.658	1	1.13668e+06	1	182.973	1	2047.65	1	3782.31	1	0.01	273.252	301.464
699	399.658	1	1.13668e+06	1	182.973	1	2047.65	1	3782.31	1	0.0316228	273.257	301.47
699	399.658	1	1.13668e+06	1	182.973	1	2047.65	1	3782.31	1	0.1	273.272	301.488
699	399.658	1	1.13668e+06	1	182.973	1	2047.65	1	3782.31	1	0.316228	273.321	301.545
699	399.658	1	1.13668e+06	1	182.973	1	2047.65	1	3782.31	1	1	273.476	301.725
699	399.658	1	1.13668e+06	1	182.973	1	2047.65	1	3782.31	1	3.16228	273.961	302.288
699	399.658	1	1.13668e+06	1	182.973	1	2047.65	1	3782.31	1	10	275.442	304.001
699	399.658	1	1.13668e+06	1	182.973	1	2047.65	1	3782.31	1	31.6228	279.699	308.881
699	399.658	1	1.13668e+06	1	182.973	1	2047.65	1	3782.31	1	100	290.248	320.798
700	459.65	1	1.43229e+07	1	563.27	1	1760.04	1	2776.46	1	0	273.249	301.462
700	459.65	1	1.43229e+07	1	563.27	1	1760.04	1	2776.46	1	0.001	273.25	301.462
700	459.65	1	1.43229e+07	1	563.27	1	1760.04	1	2776.46	1	0.00316228	273.25	301.462
700	459.65	1	1.43229e+07	1	563.27	1	1760.04	1	2776.46	1	0.01	273.251	301.463
700	459.65	1	1.43229e+07	1	563.27	1	1760.04	1	2776.46	1	0.0316228	273.253	301.465
700	459.65	1	1.43229e+07	1	563.27	1	1760.04	1	2776.46	1	0.1	273.261	301.474
700	459.65	1	1.43229e+07	1	563.27	1	1760.04	1	2776.46	1	0.316228	273.287	301.5
700	459.65	1	1.43229e+07	1	563.27	1	1760.04	1	2776.46	1	1	273.369	301.584
700	459.65	1	1.43229e+07	1	563.27	1	1760.04	1	2776.46	1	3.16228	273.626	301.848
700	459.65	1	1.43229e+07	1	563.27	1	1760.04	1	2776.46	1	10	274.431	302.675
700	459.65	1	1.43229e+07	1	563.27	1	1760.04	1	2776.46	1	31.6228	276.898	305.208
700	459.65	1	1.43229e+07	1	563.27	1	1760.04	1	2776.46	1	100	284.08	312.574
701	515.057	1	749800	1	336.996	1	884.49	1	3255.91	1	0	273.249	301.462
701	515.057	1	749800	1	336.996	1	884.49	1	3255.91	1	0.001	273.25	301.462
701	515.057	1	749800	1	336.996	1	884.49	1	3255.91	1	0.00316228	273.25	301.462
701	515.057	1	749800	1	336.996	1	884.49	1	3255.91	1	0.01	273.251	301.464
701	515.057	1	749800	1	336.996	1	884.49	1	3255.91	1	0.0316228	273.256	301.468
701	515.057	1	749800	1	336.996	1	884.49	1	3255.91	1	0.1	273.269	301.483
701	515.057	1	749800	1	336.996	1	884.49	1	3255.91	1	0.316228	273.311	301.529
701	515.057	1	749800	1	336.996	1	884.49	1	3255.91	1	1	273.444	301.674
701	515.057	1	749800	1	336.996	1	884.49	1	3255.91	1	3.16228	273.862	302.132
701	515.057	1	749800	1	336.996	1	884.49	1	3255.91	1	10	275.166	303.557
701	515.057	1	749800	1	336.996	1	884.49	1	3255.91	1	31.6228	279.114	307.848
701	515.057	1	749800	1	336.996	1	884.49	1	3255.91	1	100	290.229	319.852
702	322.807	1	4.68355e+06	1	398.01	1	1190.45	1	2647.33	1	0	273.249	301.462
702	322.807	1	4.68355e+06	1	398.01	1	1190.45	1	2647.33	1	0.001	273.25	301.462
702	322.807	1	4.68355e+06	1	398.01	1	1190.45	1	2647.33	1	0.00316228	273.25	301.462
702	322.807	1	4.68355e+06	1	398.01	1	1190.45	1	2647.33	1	0.01	273.251	301.463
702	322.807	1	4.68355e+06	1	398.01	1	1190.45	1	2647.33	1	0.0316228	273.255	301.467
702	322.807	1	4.68355e+06	1	398.01	1	1190.45	1	2647.33	1	0.1	273.267	301.479
702	322.807	1	4.68355e+06	1	398.01	1	1190.45	1	2647.33	1	0.316228	273.304	301.517
702	322.807	1	4.68355e+06	1	398.01	1	1190.45	1	2647.33	1	1	273.421	301.638
702	322.807	1	4.68355e+06	1	398.01	1	1190.45	1	2647.33	1	3.16228	273.79	302.016
702	322.807	1	4.68355e+06	1	398.01	1	1190.45	1	2647.33	1	10	274.94	303.197
702	322.807	1	4.68355e+06	1	398.01	1	1190.45	1	2647.33	1	31.6228	278.423	306.77
702	322.807	1	4.68355e+06	1	398.01	1	1190.45	1	2647.33	1	100	288.304	316.91
703	248.25	1	1.37544e+06	1	854.469	1	587.981	1	12305.9	1	0	273.249	301.462
703	248.25	1	1.37544e+06	1	854.469	1	587.981	1	12305.9	1	0.001	273.25	301.462
703	248.25	1	1.37544e+06	1	854.469	1	587.981	1	12305.9	1	0.00316228	273.25	301.462
703	248.25	1	1.37544e+06	1	854.469	1	587.981	1	12305.9	1	0.01	273.251	301.463
703	248.25	1	1.37544e+06	1	854.469	1	587.981	1	12305.9	1	0.0316228	273.256	301.468
703	248.25	1	1.37544e+06	1	854.469	1	587.981	1	12305.9	1	0.1	273.27	301.481
703	248.25	1	1.37544e+06	1	854.469	1	587.981	1	12305.9	1	0.316228	273.314	301.522
703	248.25	1	1.37544e+06	1	854.469	1	587.981	1	12305.9	1	1	273.454	301.653
703	248.25	1	1.37544e+06	1	854.469	1	587.981	1	12305.9	1	3.16228	273.894	302.066
703	248.25	1	1.37544e+06	1	854.469	1	587.981	1	12305.9	1	10	275.265	303.353
703	248.25	1	1.37544e+06	1	854.469	1	587.981	1	12305.9	1	31.6228	279.402	307.265
703	248.25	1	1.37544e+06	1	854.469	1	587.981	1	12305.9	1	100	291.246	318.605
704	387.906	1	596914	1	286.093	1	2248.28	1	1839.21	1	0	273.249	301.462
704	387.906	1	596914	1	286.093	1	2248.28	1	1839.21	1	0.001	273.25	301.462
704	387.906	1	596914	1	286.093	1	2248.28	1	1839.21	1	0.00316228	273.25	301.462
704	387.906	1	596914	1	286.093	1	2248.28	1	1839.21	1	0.01	273.251	301.463
704	387.906	1	596914	1	286.093	1	2248.28	1	1839.21	1	0.0316228	273.255	301.467
704	387.906	1	596914	1	286.093	1	2248.28	1	1839.21	1	0.1	273.266	301.48
704	387.906	1	596914	1	286.093	1	2248.28	1	1839.21	1	0.316228	273.302	301.52
704	387.906	1	596914	1	286.093	1	2248.28	1	1839.21	1	1	273.415	301.645
704	387.906	1	596914	1	286.093	1	2248.28	1	1839.21	1	3.16228	273.772	302.037
704	387.906	1	596914	1	286.093	1	2248.28	1	1839.21	1	10	274.875	303.249
704	387.906	1	596914	1	286.093	1	2248.28	1	1839.21	1	31.6228	278.15	306.822
704	387.906	1	596914	1	286.093	1	2248.28	1	1839.21	1	100	286.905	316.3
705	331.96	1	1.35772e+06	1	415.575	1	1723.78	1	5130.82	1	0	273.249	301.462
705	331.96	1	1.35772e+06	1	415.575	1	1723.78	1	5130.82	1	0.001	273.25	301.462
705	331.96	1	1.35772e+06	1	415.575	1	1723.78	1	5130.82	1	0.00316228	273.25	301.462
705	331.96	1	1.35772e+06	1	415.575	1	1723.78	1	5130.82	1	0.01	273.251	301.463
705	331.96	1	1.35772e+06	1	415.575	1	1723.78	1	5130.82	1	0.0316228	273.254	301.466
705	331.96	1	1.35772e+06	1	415.575	1	1723.78	1	5130.82	1	0.1	273.264	301.477
705	331.96	1	1.35772e+06	1	415.575	1	1723.78	1	5130.82	1	0.316228	273.296	301.509
705	331.96	1	1.35772e+06	1	415.575	1	1723.78	1	5130.82	1	1	273.397	301.613
705	331.96	1	1.35772e+06	1	415.575	1	1723.78	1	5130.82	1	3.16228	273.715	301.937
705	331.96	1	1.35772e+06	1	415.575	1	1723.78	1	5130.82	1	10	274.705	302.949
705	331.96	1	1.35772e+06	1	415.575	1	1723.78	1	5130.82	1	31.6228	277.7	306.009
705	331.96	1	1.35772e+06	1	415.575	1	1723.78	1	5130.82	1	100	286.185	314.686
706	1167.77	1	843525	1	368.306	1	1469.09	1	4515.74	1	0	273.249	301.462
706	1167.77	1	843525	1	368.306	1	1469.09	1	4515.74	1	0.001	273.25	301.462
706	1167.77	1	843525	1	368.306	1	1469.09	1	4515.74	1	0.00316228	273.25	301.462
706	1167.77	1	843525	1	368.306	1	1469.09	1	4515.74	1	0.01	273.251	301.463
706	1167.77	1	843525	1	368.306	1	1469.09	1	4515.74	1	0.0316228	273.254	301.467
706	1167.77	1	843525	1	368.306	1	1469.09	1	4515.74	1	0.1	273.264	301.478
706	1167.77	1	843525	1	368.306	1	1469.09	1	4515.74	1	0.316228	273.294	301.514
706	1167.77	1	843525	1	368.306	1	1469.09	1	4515.74	1	1	273.391	301.626
706	1167.77	1	843525	1	368.306	1	1469.09	1	4515.74	1	3.16228	273.696	301.979
706	1167.77	1	843525	1	368.306	1	1469.09	1	4515.74	1	10	274.646	303.079
706	1167.77	1	843525	1	368.306	1	1469.09	1	4515.74	1	31.6228	277.53	306.398
706	1167.77	1	843525	1	368.306	1	1469.09	1	4515.74	1	100	285.698	315.728
707	623.989	1	1.24377e+06	1	385.047	1	1097.21	1	3918.74	1	0	273.249	301.462
707	623.989	1	1.24377e+06	1	385.047	1	1097.21	1	3918.74	1	0.001	273.25	301.462
707	623.989	1	1.24377e+06	1	385.047	1	1097.21	1	3918.74	1	0.00316228	273.25	301.462
707	623.989	1	1.24377e+06	1	385.047	1	1097.21	1	3918.74	1	0.01	273.251	301.463
707	623.989	1	1.24377e+06	1	385.047	1	1097.21	1	3918.74	1	0.0316228	273.255	301.467
707	623.989	1	1.24377e+06	1	385.047	1	1097.21	1	3918.74	1	0.1	273.266	301.48
707	623.989	1	1.24377e+06	1	385.047	1	1097.21	1	3918.74	1	0.316228	273.301	301.519
707	623.989	1	1.24377e+06	1	385.047	1	1097.21	1	3918.74	1	1	273.413	301.642
707	623.989	1	1.24377e+06	1	385.047	1	1097.21	1	3918.74	1	3.16228	273.764	302.029
707	623.989	1	1.24377e+06	1	385.047	1	1097.21	1	3918.74	1	10	274.862	303.236
707	623.989	1	1.24377e+06	1	385.047	1	1097.21	1	3918.74	1	31.6228	278.204	306.894
707	623.989	1	1.24377e+06	1	385.047	1	1097.21	1	3918.74	1	100	287.729	317.257
708	402.591	1	660185	1	577.186	1	1553.5	1	2505.71	1	0	273.249	301.462
708	402.591	1	660185	1	577.186	1	1553.5	1	2505.71	1	0.001	273.25	301.462
708	402.591	1	660185	1	577.186	1	1553.5	1	2505.71	1	0.00316228	273.25	301.462
708	402.591	1	660185	1	577.186	1	1553.5	1	2505.71	1	0.01	273.251	301.463
708	402.591	1	660185	1	577.186	1	1553.5	1	2505.71	1	0.0316228	273.253	301.466
708	402.591	1	660185	1	577.186	1	1553.5	1	2505.71	1	0.1	273.262	301.474
708	402.591	1	660185	1	577.186	1	1553.5	1	2505.71	1	0.316228	273.29	301.502
708	402.591	1	660185	1	577.186	1	1553.5	1	2505.71	1	1	273.376	301.589
708	402.591	1	660185	1	577.186	1	1553.5	1	2505.71	1	3.16228	273.65	301.864
708	402.591	1	660185	1	577.186	1	1553.5	1	2505.71	1	10	274.505	302.726
708	402.591	1	660185	1	577.186	1	1553.5	1	2505.71	1	31.6228	277.125	305.366
708	402.591	1	660185	1	577.186	1	1553.5	1	2505.71	1	100	284.746	313.058
709	405.906	1	586363	1	375.546	1	265.343	1	3119.26	1	0	273.249	301.462
709	405.906	1	586363	1	375.546	1	265.343	1	3119.26	1	0.001	273.25	301.462
709	405.906	1	586363	1	375.546	1	265.343	1	3119.26	1	0.00316228	273.251	301.463
709	405.906	1	586363	1	375.546	1	265.343	1	3119.26	1	0.01	273.253	301.466
709	405.906	1	586363	1	375.546	1	265.343	1	3119.26	1	0.0316228	273.262	301.474
709	405.906	1	586363	1	375.546	1	265.343	1	3119.26	1	0.1	273.288	301.502
709	405.906	1	586363	1	375.546	1	265.343	1	3119.26	1	0.316228	273.372	301.59
709	405.906	1	586363	1	375.546	1	265.343	1	3119.26	1	1	273.637	301.868
709	405.906	1	586363	1	375.546	1	265.343	1	3119.26	1	3.16228	274.466	302.74
709	405.906	1	586363	1	375.546	1	265.343	1	3119.26	1	10	277.026	305.427
709	405.906	1	586363	1	375.546	1	265.343	1	3119.26	1	31.6228	284.529	313.295
709	405.906	1	586363	1	375.546	1	265.343	1	3119.26	1	100	306.003	335.733
710	303.381	1	1.20023e+06	1	594.579	1	1240.82	1	2961.4	1	0	273.249	301.462
710	303.381	1	1.20023e+06	1	594.579	1	1240.82	1	2961.4	1	0.001	273.25	301.462
710	303.381	1	1.20023e+06	1	594.579	1	1240.82	1	2961.4	1	0.00316228	273.25	301.462
710	303.381	1	1.20023e+06	1	594.579	1	1240.82	1	2961.4	1	0.01	273.251	301.463
710	303.381	1	1.20023e+06	1	594.579	1	1240.82	1	2961.4	1	0.0316228	273.254	301.466
710	303.381	1	1.20023e+06	1	594.579	1	1240.82	1	2961.4	1	0.1	273.264	301.476
710	303.381	1	1.20023e+06	1	594.579	1	1240.82	1	2961.4	1	0.316228	273.296	301.506
710	303.381	1	1.20023e+06	1	594.579	1	1240.82	1	2961.4	1	1	273.395	301.602
710	303.381	1	1.20023e+06	1	594.579	1	1240.82	1	2961.4	1	3.16228	273.71	301.905
710	303.381	1	1.20023e+06	1	594.579	1	1240.82	1	2961.4	1	10	274.692	302.855
710	303.381	1	1.20023e+06	1	594.579	1	1240.82	1	2961.4	1	31.6228	277.686	305.762
710	303.381	1	1.20023e+06	1	594.579	1	1240.82	1	2961.4	1	100	286.318	314.219
711	834.631	1	891356	1	324.351	1	954.381	1	3813.35	1	0	273.249	301.462
711	834.631	1	891356	1	324.351	1	954.381	1	3813.35	1	0.001	273.25	301.462
711	834.631	1	891356	1	324.351	1	954.381	1	3813.35	1	0.00316228	273.25	301.462
711	834.631	1	891356	1	324.351	1	954.381	1	3813.35	1	0.01	273.251	301.464
711	834.631	1	891356	1	324.351	1	954.381	1	3813.35	1	0.0316228	273.255	301.468
711	834.631	1	891356	1	324.351	1	954.381	1	3813.35	1	0.1	273.268	301.482
711	834.631	1	891356	1	324.351	1	954.381	1	3813.35	1	0.316228	273.308	301.528
711	834.631	1	891356	1	324.351	1	954.381	1	3813.35	1	1	273.433	301.67
711	834.631	1	891356	1	324.351	1	954.381	1	3813.35	1	3.16228	273.828	302.119
711	834.631	1	891356	1	324.351	1	954.381	1	3813.35	1	10	275.06	303.514
711	834.631	1	891356	1	324.351	1	954.381	1	3813.35	1	31.6228	278.785	307.707
711	834.631	1	891356	1	324.351	1	954.381	1	3813.35	1	100	289.233	319.385
712	397.133	1	860295	1	335.63	1	502.234	1	3178.77	1	0	273.249	301.462
712	397.133	1	860295	1	335.63	1	502.234	1	3178.77	1	0.001	273.25	301.462
712	397.133	1	860295	1	335.63	1	502.234	1	3178.77	1	0.00316228	273.25	301.462
712	397.133	1	860295	1	335.63	1	502.234	1	3178.77	1	0.01	273.252	301.464
712	397.133	1	860295	1	335.63	1	502.234	1	3178.77	1	0.0316228	273.258	301.47
712	397.133	1	860295	1	335.63	1	502.234	1	3178.77	1	0.1	273.276	301.49
712	397.133	1	860295	1	335.63	1	502.234	1	3178.77	1	0.316228	273.333	301.551
712	397.133	1	860295	1	335.63	1	502.234	1	3178.77	1	1	273.514	301.744
712	397.133	1	860295	1	335.63	1	502.234	1	3178.77	1	3.16228	274.084	302.35
712	397.133	1	860295	1	335.63	1	502.234	1	3178.77	1	10	275.858	304.234
712	397.133	1	860295	1	335.63	1	502.234	1	3178.77	1	31.6228	281.195	309.887
712	397.133	1	860295	1	335.63	1	502.234	1	3178.77	1	100	296.451	325.97
713	324.989	1	2.51495e+06	1	488.211	1	2401.41	1	2084.1	1	0	273.249	301.462
713	324.989	1	2.51495e+06	1	488.211	1	2401.41	1	2084.1	1	0.001	273.25	301.462
713	324.989	1	2.51495e+06	1	488.211	1	2401.41	1	2084.1	1	0.00316228	273.25	301.462
713	324.989	1	2.51495e+06	1	488.211	1	2401.41	1	2084.1	1	0.01	273.251	301.463
713	324.989	1	2.51495e+06	1	488.211	1	2401.41	1	2084.1	1	0.0316228	273.253	301.466
713	324.989	1	2.51495e+06	1	488.211	1	2401.41	1	2084.1	1	0.1	273.262	301.474
713	324.989	1	2.51495e+06	1	488.211	1	2401.41	1	2084.1	1	0.316228	273.289	301.501
713	324.989	1	2.51495e+06	1	488.211	1	2401.41	1	2084.1	1	1	273.375	301.586
713	324.989	1	2.51495e+06	1	488.211	1	2401.41	1	2084.1	1	3.16228	273.646	301.855
713	324.989	1	2.51495e+06	1	488.211	1	2401.41	1	2084.1	1	10	274.49	302.692
713	324.989	1	2.51495e+06	1	488.211	1	2401.41	1	2084.1	1	31.6228	277.045	305.232
713	324.989	1	2.51495e+06	1	488.211	1	2401.41	1	2084.1	1	100	284.312	312.496
714	608.18	1	1.04647e+06	1	374.451	1	1876.39	1	2464.63	1	0	273.249	301.462
714	608.18	1	1.04647e+06	1	374.451	1	1876.39	1	2464.63	1	0.001	273.25	301.462
714	608.18	1	1.04647e+06	1	374.451	1	1876.39	1	2464.63	1	0.00316228	273.25	301.462
714	608.18	1	1.04647e+06	1	374.451	1	1876.39	1	2464.63	1	0.01	273.251	301.463
714	608.18	1	1.04647e+06	1	374.451	1	1876.39	1	2464.63	1	0.0316228	273.254	301.466
714	608.18	1	1.04647e+06	1	374.451	1	1876.39	1	2464.63	1	0.1	273.263	301.477
714	608.18	1	1.04647e+06	1	374.451	1	1876.39	1	2464.63	1	0.316228	273.293	301.51
714	608.18	1	1.04647e+06	1	374.451	1	1876.39	1	2464.63	1	1	273.387	301.615
714	608.18	1	1.04647e+06	1	374.451	1	1876.39	1	2464.63	1	3.16228	273.684	301.946
714	608.18	1	1.04647e+06	1	374.451	1	1876.39	1	2464.63	1	10	274.609	302.976
714	608.18	1	1.04647e+06	1	374.451	1	1876.39	1	2464.63	1	31.6228	277.409	306.075
714	608.18	1	1.04647e+06	1	374.451	1	1876.39	1	2464.63	1	100	285.314	314.76
715	345.399	1	2.47651e+06	1	612.875	1	778.262	1	3553.63	1	0	273.249	301.462
715	345.399	1	2.47651e+06	1	612.875	1	778.262	1	3553.63	1	0.001	273.25	301.462
715	345.399	1	2.47651e+06	1	612.875	1	778.262	1	3553.63	1	0.00316228	273.25	301.462
715	345.399	1	2.47651e+06	1	612.875	1	778.262	1	3553.63	1	0.01	273.251	301.463
715	345.399	1	2.47651e+06	1	612.875	1	778.262	1	3553.63	1	0.0316228	273.255	301.467
715	345.399	1	2.47651e+06	1	612.875	1	778.262	1	3553.63	1	0.1	273.267	301.479
715	345.399	1	2.47651e+06	1	612.875	1	778.262	1	3553.63	1	0.316228	273.305	301.517
715	345.399	1	2.47651e+06	1	612.875	1	778.262	1	3553.63	1	1	273.425	301.636
715	345.399	1	2.47651e+06	1	612.875	1	778.262	1	3553.63	1	3.16228	273.804	302.012
715	345.399	1	2.47651e+06	1	612.875	1	778.262	1	3553.63	1	10	274.989	303.189
715	345.399	1	2.47651e+06	1	612.875	1	778.262	1	3553.63	1	31.6228	278.605	306.79
715	345.399	1	2.47651e+06	1	612.875	1	778.262	1	3553.63	1	100	288.987	317.158
716	470.11	1	699791	1	462.33	1	1313.66	1	2818.87	1	0	273.249	301.462
716	470.11	1	699791	1	462.33	1	1313.66	1	2818.87	1	0.001	273.25	301.462
716	470.11	1	699791	1	462.33	1	1313.66	1	2818.87	1	0.00316228	273.25	301.462
716	470.11	1	699791	1	462.33	1	1313.66	1	2818.87	1	0.01	273.251	301.463
716	470.11	1	699791	1	462.33	1	1313.66	1	2818.87	1	0.0316228	273.254	301.466
716	470.11	1	699791	1	462.33	1	1313.66	1	2818.87	1	0.1	273.264	301.477
716	470.11	1	699791	1	462.33	1	1313.66	1	2818.87	1	0.316228	273.295	301.51
716	470.11	1	699791	1	462.33	1	1313.66	1	2818.87	1	1	273.394	301.614
716	470.11	1	699791	1	462.33	1	1313.66	1	2818.87	1	3.16228	273.706	301.943
716	470.11	1	699791	1	462.33	1	1313.66	1	2818.87	1	10	274.681	302.971
716	470.11	1	699791	1	462.33	1	1313.66	1	2818.87	1	31.6228	277.659	306.105
716	470.11	1	699791	1	462.33	1	1313.66	1	2818.87	1	100	286.25	315.114
717	461.428	1	1.21371e+06	1	431.296	1	1143.48	1	1870.76	1	0	273.249	301.462
717	461.428	1	1.21371e+06	1	431.296	1	1143.48	1	1870.76	1	0.001	273.25	301.462
717	461.428	1	1.21371e+06	1	431.296	1	1143.48	1	1870.76	1	0.00316228	273.25	301.462
717	461.428	1	1.21371e+06	1	431.296	1	1143.48	1	1870.76	1	0.01	273.251	301.463
717	461.428	1	1.21371e+06	1	431.296	1	1143.48	1	1870.76	1	0.0316228	273.254	301.467
717	461.428	1	1.21371e+06	1	431.296	1	1143.48	1	1870.76	1	0.1	273.265	301.478
717	461.428	1	1.21371e+06	1	431.296	1	1143.48	1	1870.76	1	0.316228	273.3	301.515
717	461.428	1	1.21371e+06	1	431.296	1	1143.48	1	1870.76	1	1	273.408	301.63
717	461.428	1	1.21371e+06	1	431.296	1	1143.48	1	1870.76	1	3.16228	273.749	301.992
717	461.428	1	1.21371e+06	1	431.296	1	1143.48	1	1870.76	1	10	274.817	303.123
717	461.428	1	1.21371e+06	1	431.296	1	1143.48	1	1870.76	1	31.6228	278.072	306.564
717	461.428	1	1.21371e+06	1	431.296	1	1143.48	1	1870.76	1	100	287.42	316.408
718	638.279	1	2.26492e+06	1	590.96	1	992.726	1	4719.08	1	0	273.249	301.462
718	638.279	1	2.26492e+06	1	590.96	1	992.726	1	4719.08	1	0.001	273.25	301.462
718	638.279	1	2.26492e+06	1	590.96	1	992.726	1	4719.08	1	0.00316228	273.25	301.462
718	638.279	1	2.26492e+06	1	590.96	1	992.726	1	4719.08	1	0.01	273.251	301.463
718	638.279	1	2.26492e+06	1	590.96	1	992.726	1	4719.08	1	0.0316228	273.254	301.466
718	638.279	1	2.26492e+06	1	590.96	1	992.726	1	4719.08	1	0.1	273.264	301.477
718	638.279	1	2.26492e+06	1	590.96	1	992.726	1	4719.08	1	0.316228	273.295	301.509
718	638.279	1	2.26492e+06	1	590.96	1	992.726	1	4719.08	1	1	273.392	301.613
718	638.279	1	2.26492e+06	1	590.96	1	992.726	1	4719.08	1	3.16228	273.7	301.939
718	638.279	1	2.26492e+06	1	590.96	1	992.726	1	4719.08	1	10	274.666	302.959
718	638.279	1	2.26492e+06	1	590.96	1	992.726	1	4719.08	1	31.6228	277.636	306.093
718	638.279	1	2.26492e+06	1	590.96	1	992.726	1	4719.08	1	100	286.293	315.199
719	650.563	1	645850	1	186.278	1	2248.7	1	1490.46	1	0	273.249	301.462
719	650.563	1	645850	1	186.278	1	2248.7	1	1490.46	1	0.001	273.25	301.462
719	650.563	1	645850	1	186.278	1	2248.7	1	1490.46	1	0.00316228	273.25	301.462
719	650.563	1	645850	1	186.278	1	2248.7	1	1490.46	1	0.01	273.252	301.464
719	650.563	1	645850	1	186.278	1	2248.7	1	1490.46	1	0.0316228	273.256	301.47
719	650.563	1	645850	1	186.278	1	2248.7	1	1490.46	1	0.1	273.271	301.487
719	650.563	1	645850	1	186.278	1	2248.7	1	1490.46	1	0.316228	273.316	301.542
719	650.563	1	645850	1	186.278	1	2248.7	1	1490.46	1	1	273.46	301.716
719	650.563	1	645850	1	186.278	1	2248.7	1	1490.46	1	3.16228	273.911	302.258
719	650.563	1	645850	1	186.278	1	2248.7	1	1490.46	1	10	275.288	303.909
719	650.563	1	645850	1	186.278	1	2248.7	1	1490.46	1	31.6228	279.241	308.609
719	650.563	1	645850	1	186.278	1	2248.7	1	1490.46	1	100	288.988	320.084
720	514.356	1	2.09886e+06	1	577.183	1	458.141	1	3277.91	1	0	273.249	301.462
720	514.356	1	2.09886e+06	1	577.183	1	458.141	1	3277.91	1	0.001	273.25	301.462
720	514.356	1	2.09886e+06	1	577.183	1	458.141	1	3277.91	1	0.00316228	273.25	301.462
720	514.356	1	2.09886e+06	1	577.183	1	458.141	1	3277.91	1	0.01	273.252	301.464
720	514.356	1	2.09886e+06	1	577.183	1	458.141	1	3277.91	1	0.0316228	273.257	301.469
720	514.356	1	2.09886e+06	1	577.183	1	458.141	1	3277.91	1	0.1	273.273	301.486
720	514.356	1	2.09886e+06	1	577.183	1	458.141	1	3277.91	1	0.316228	273.324	301.539
720	514.356	1	2.09886e+06	1	577.183	1	458.141	1	3277.91	1	1	273.485	301.707
720	514.356	1	2.09886e+06	1	577.183	1	458.141	1	3277.91	1	3.16228	273.993	302.235
720	514.356	1	2.09886e+06	1	577.183	1	458.141	1	3277.91	1	10	275.574	303.879
720	514.356	1	2.09886e+06	1	577.183	1	458.141	1	3277.91	1	31.6228	280.353	308.843
720	514.356	1	2.09886e+06	1	577.183	1	458.141	1	3277.91	1	100	294.291	323.293
721	426.075	1	746851	1	551.585	1	1132.82	1	3197.79	1	0	273.249	301.462
721	426.075	1	746851	1	551.585	1	1132.82	1	3197.79	1	0.001	273.25	301.462
721	426.075	1	746851	1	551.585	1	1132.82	1	3197.79	1	0.00316228	273.25	301.462
721	426.075	1	746851	1	551.585	1	1132.82	1	3197.79	1	0.01	273.251	301.463
721	426.075	1	746851	1	551.585	1	1132.82	1	3197.79	1	0.0316228	273.254	301.466
721	426.075	1	746851	1	551.585	1	1132.82	1	3197.79	1	0.1	273.264	301.476
721	426.075	1	746851	1	551.585	1	1132.82	1	3197.79	1	0.316228	273.295	301.509
721	426.075	1	746851	1	551.585	1	1132.82	1	3197.79	1	1	273.395	301.61
721	426.075	1	746851	1	551.585	1	1132.82	1	3197.79	1	3.16228	273.709	301.931
721	426.075	1	746851	1	551.585	1	1132.82	1	3197.79	1	10	274.691	302.935
721	426.075	1	746851	1	551.585	1	1132.82	1	3197.79	1	31.6228	277.7	306.013
721	426.075	1	746851	1	551.585	1	1132.82	1	3197.79	1	100	286.439	314.948
722	289.584	1	582256	1	612.159	1	2110.64	1	1047.18	1	0	273.249	301.462
722	289.584	1	582256	1	612.159	1	2110.64	1	1047.18	1	0.001	273.25	301.462
722	289.584	1	582256	1	612.159	1	2110.64	1	1047.18	1	0.00316228	273.25	301.462
722	289.584	1	582256	1	612.159	1	2110.64	1	1047.18	1	0.01	273.251	301.463
722	289.584	1	582256	1	612.159	1	2110.64	1	1047.18	1	0.0316228	273.253	301.465
722	289.584	1	582256	1	612.159	1	2110.64	1	1047.18	1	0.1	273.262	301.473
722	289.584	1	582256	1	612.159	1	2110.64	1	1047.18	1	0.316228	273.288	301.498
722	289.584	1	582256	1	612.159	1	2110.64	1	1047.18	1	1	273.372	301.576
722	289.584	1	582256	1	612.159	1	2110.64	1	1047.18	1	3.16228	273.635	301.823
722	289.584	1	582256	1	612.159	1	2110.64	1	1047.18	1	10	274.455	302.594
722	289.584	1	582256	1	612.159	1	2110.64	1	1047.18	1	31.6228	276.944	304.952
722	289.584	1	582256	1	612.159	1	2110.64	1	1047.18	1	100	284.078	311.804
723	568.991	1	722108	1	227.867	1	803.865	1	3915.93	1	0	273.249	301.462
723	568.991	1	722108	1	227.867	1	803.865	1	3915.93	1	0.001	273.25	301.462
723	568.991	1	722108	1	227.867	1	803.865	1	3915.93	1	0.00316228	273.25	301.462
723	568.991	1	722108	1	227.867	1	803.865	1	3915.93	1	0.01	273.252	301.464
723	568.991	1	722108	1	227.867	1	803.865	1	3915.93	1	0.0316228	273.257	301.47
723	568.991	1	722108	1	227.867	1	803.865	1	3915.93	1	0.1	273.274	301.489
723	568.991	1	722108	1	227.867	1	803.865	1	3915.93	1	0.316228	273.326	301.549
723	568.991	1	722108	1	227.867	1	803.865	1	3915.93	1	1	273.493	301.739
723	568.991	1	722108	1	227.867	1	803.865	1	3915.93	1	3.16228	274.015	302.334
723	568.991	1	722108	1	227.867	1	803.865	1	3915.93	1	10	275.631	304.17
723	568.991	1	722108	1	227.867	1	803.865	1	3915.93	1	31.6228	280.428	309.571
723	568.991	1	722108	1	227.867	1	803.865	1	3915.93	1	100	293.333	323.983
724	300.608	1	2.19555e+06	1	360.35	1	531.289	1	2425.75	1	0	273.249	301.462
724	300.608	1	2.19555e+06	1	360.35	1	531.289	1	2425.75	1	0.001	273.25	301.462
724	300.608	1	2.19555e+06	1	360.35	1	531.289	1	2425.75	1	0.00316228	273.25	301.462
724	300.608	1	2.19555e+06	1	360.35	1	531.289	1	2425.75	1	0.01	273.252	301.464
724	300.608	1	2.19555e+06	1	360.35	1	531.289	1	2425.75	1	0.0316228	273.258	301.47
724	300.608	1	2.19555e+06	1	360.35	1	531.289	1	2425.75	1	0.1	273.275	301.488
724	300.608	1	2.19555e+06	1	360.35	1	531.289	1	2425.75	1	0.316228	273.332	301.546
724	300.608	1	2.19555e+06	1	360.35	1	531.289	1	2425.75	1	1	273.509	301.73
724	300.608	1	2.19555e+06	1	360.35	1	531.289	1	2425.75	1	3.16228	274.067	302.306
724	300.608	1	2.19555e+06	1	360.35	1	531.289	1	2425.75	1	10	275.803	304.1
724	300.608	1	2.19555e+06	1	360.35	1	531.289	1	2425.75	1	31.6228	281.031	309.494
724	300.608	1	2.19555e+06	1	360.35	1	531.289	1	2425.75	1	100	295.939	324.868
725	423.091	1	645028	1	372.808	1	2212.42	1	3662.99	1	0	273.249	301.462
725	423.091	1	645028	1	372.808	1	2212.42	1	3662.99	1	0.001	273.25	301.462
725	423.091	1	645028	1	372.808	1	2212.42	1	3662.99	1	0.00316228	273.25	301.462
725	423.091	1	645028	1	372.808	1	2212.42	1	3662.99	1	0.01	273.251	301.463
725	423.091	1	645028	1	372.808	1	2212.42	1	3662.99	1	0.0316228	273.254	301.466
725	423.091	1	645028	1	372.808	1	2212.42	1	3662.99	1	0.1	273.263	301.477
725	423.091	1	645028	1	372.808	1	2212.42	1	3662.99	1	0.316228	273.294	301.509
725	423.091	1	645028	1	372.808	1	2212.42	1	3662.99	1	1	273.389	301.612
725	423.091	1	645028	1	372.808	1	2212.42	1	3662.99	1	3.16228	273.689	301.934
725	423.091	1	645028	1	372.808	1	2212.42	1	3662.99	1	10	274.623	302.936
725	423.091	1	645028	1	372.808	1	2212.42	1	3662.99	1	31.6228	277.441	305.946
725	423.091	1	645028	1	372.808	1	2212.42	1	3662.99	1	100	285.343	314.341
726	546.928	1	296961	1	670.187	1	2523.06	1	2439.08	1	0	273.249	301.462
726	546.928	1	296961	1	670.187	1	2523.06	1	2439.08	1	0.001	273.25	301.462
726	546.928	1	296961	1	670.187	1	2523.06	1	2439.08	1	0.00316228	273.25	301.462
726	546.928	1	296961	1	670.187	1	2523.06	1	2439.08	1	0.01	273.25	301.463
726	546.928	1	296961	1	670.187	1	2523.06	1	2439.08	1	0.0316228	273.252	301.465
726	546.928	1	296961	1	670.187	1	2523.06	1	2439.08	1	0.1	273.259	301.471
726	546.928	1	296961	1	670.187	1	2523.06	1	2439.08	1	0.316228	273.279	301.492
726	546.928	1	296961	1	670.187	1	2523.06	1	2439.08	1	1	273.344	301.558
726	546.928	1	296961	1	670.187	1	2523.06	1	2439.08	1	3.16228	273.547	301.767
726	546.928	1	296961	1	670.187	1	2523.06	1	2439.08	1	10	274.183	302.42
726	546.928	1	296961	1	670.187	1	2523.06	1	2439.08	1	31.6228	276.14	304.429
726	546.928	1	296961	1	670.187	1	2523.06	1	2439.08	1	100	281.878	310.303
727	402.728	1	1.397e+06	1	405.075	1	1397.36	1	2401.92	1	0	273.249	301.462
727	402.728	1	1.397e+06	1	405.075	1	1397.36	1	2401.92	1	0.001	273.25	301.462
727	402.728	1	1.397e+06	1	405.075	1	1397.36	1	2401.92	1	0.00316228	273.25	301.462
727	402.728	1	1.397e+06	1	405.075	1	1397.36	1	2401.92	1	0.01	273.251	301.463
727	402.728	1	1.397e+06	1	405.075	1	1397.36	1	2401.92	1	0.0316228	273.254	301.467
727	402.728	1	1.397e+06	1	405.075	1	1397.36	1	2401.92	1	0.1	273.265	301.478
727	402.728	1	1.397e+06	1	405.075	1	1397.36	1	2401.92	1	0.316228	273.298	301.513
727	402.728	1	1.397e+06	1	405.075	1	1397.36	1	2401.92	1	1	273.404	301.624
727	402.728	1	1.397e+06	1	405.075	1	1397.36	1	2401.92	1	3.16228	273.736	301.974
727	402.728	1	1.397e+06	1	405.075	1	1397.36	1	2401.92	1	10	274.773	303.066
727	402.728	1	1.397e+06	1	405.075	1	1397.36	1	2401.92	1	31.6228	277.922	306.372
727	402.728	1	1.397e+06	1	405.075	1	1397.36	1	2401.92	1	100	286.898	315.765
728	522.087	1	716124	1	223.672	1	1184.14	1	1883.46	1	0	273.249	301.462
728	522.087	1	716124	1	223.672	1	1184.14	1	1883.46	1	0.001	273.25	301.462
728	522.087	1	716124	1	223.672	1	1184.14	1	1883.46	1	0.00316228	273.25	301.462
728	522.087	1	716124	1	223.672	1	1184.14	1	1883.46	1	0.01	273.252	301.464
728	522.087	1	716124	1	223.672	1	1184.14	1	1883.46	1	0.0316228	273.256	301.47
728	522.087	1	716124	1	223.672	1	1184.14	1	1883.46	1	0.1	273.271	301.487
728	522.087	1	716124	1	223.672	1	1184.14	1	1883.46	1	0.316228	273.318	301.541
728	522.087	1	716124	1	223.672	1	1184.14	1	1883.46	1	1	273.467	301.712
728	522.087	1	716124	1	223.672	1	1184.14	1	1883.46	1	3.16228	273.935	302.249
728	522.087	1	716124	1	223.672	1	1184.14	1	1883.46	1	10	275.378	303.902
728	522.087	1	716124	1	223.672	1	1184.14	1	1883.46	1	31.6228	279.634	308.726
728	522.087	1	716124	1	223.672	1	1184.14	1	1883.46	1	100	290.868	321.351
729	674.694	1	931310	1	240.722	1	2508.58	1	3729.12	1	0	273.249	301.462
729	674.694	1	931310	1	240.722	1	2508.58	1	3729.12	1	0.001	273.25	301.462
729	674.694	1	931310	1	240.722	1	2508.58	1	3729.12	1	0.00316228	273.25	301.462
729	674.694	1	931310	1	240.722	1	2508.58	1	3729.12	1	0.01	273.251	301.464
729	674.694	1	931310	1	240.722	1	2508.58	1	3729.12	1	0.0316228	273.255	301.468
729	674.694	1	931310	1	240.722	1	2508.58	1	3729.12	1	0.1	273.266	301.482
729	674.694	1	931310	1	240.722	1	2508.58	1	3729.12	1	0.316228	273.303	301.525
729	674.694	1	931310	1	240.722	1	2508.58	1	3729.12	1	1	273.42	301.663
729	674.694	1	931310	1	240.722	1	2508.58	1	3729.12	1	3.16228	273.784	302.095
729	674.694	1	931310	1	240.722	1	2508.58	1	3729.12	1	10	274.908	303.421
729	674.694	1	931310	1	240.722	1	2508.58	1	3729.12	1	31.6228	278.201	307.266
729	674.694	1	931310	1	240.722	1	2508.58	1	3729.12	1	100	286.73	317.16
730	432.801	1	965328	1	689.013	1	1224.85	1	2525.25	1	0	273.249	301.462
730	432.801	1	965328	1	689.013	1	1224.85	1	2525.25	1	0.001	273.25	301.462
730	432.801	1	965328	1	689.013	1	1224.85	1	2525.25	1	0.00316228	273.25	301.462
730	432.801	1	965328	1	689.013	1	1224.85	1	2525.25	1	0.01	273.251	301.463
730	432.801	1	965328	1	689.013	1	1224.85	1	2525.25	1	0.0316228	273.254	301.466
730	432.801	1	965328	1	689.013	1	1224.85	1	2525.25	1	0.1	273.262	301.475
730	432.801	1	965328	1	689.013	1	1224.85	1	2525.25	1	0.316228	273.29	301.502
730	432.801	1	965328	1	689.013	1	1224.85	1	2525.25	1	1	273.379	301.591
730	432.801	1	965328	1	689.013	1	1224.85	1	2525.25	1	3.16228	273.658	301.87
730	432.801	1	965328	1	689.013	1	1224.85	1	2525.25	1	10	274.533	302.744
730	432.801	1	965328	1	689.013	1	1224.85	1	2525.25	1	31.6228	277.224	305.437
730	432.801	1	965328	1	689.013	1	1224.85	1	2525.25	1	100	285.101	313.329
731	472.282	1	938108	1	404.418	1	2010.87	1	3383.96	1	0	273.249	301.462
731	472.282	1	938108	1	404.418	1	2010.87	1	3383.96	1	0.001	273.25	301.462
731	472.282	1	938108	1	404.418	1	2010.87	1	3383.96	1	0.00316228	273.25	301.462
731	472.282	1	938108	1	404.418	1	2010.87	1	3383.96	1	0.01	273.251	301.463
731	472.282	1	938108	1	404.418	1	2010.87	1	3383.96	1	0.0316228	273.254	301.466
731	472.282	1	938108	1	404.418	1	2010.87	1	3383.96	1	0.1	273.263	301.476
731	472.282	1	938108	1	404.418	1	2010.87	1	3383.96	1	0.316228	273.292	301.507
731	472.282	1	938108	1	404.418	1	2010.87	1	3383.96	1	1	273.384	301.606
731	472.282	1	938108	1	404.418	1	2010.87	1	3383.96	1	3.16228	273.672	301.917
731	472.282	1	938108	1	404.418	1	2010.87	1	3383.96	1	10	274.572	302.885
731	472.282	1	938108	1	404.418	1	2010.87	1	3383.96	1	31.6228	277.302	305.808
731	472.282	1	938108	1	404.418	1	2010.87	1	3383.96	1	100	285.049	314.06
732	262.395	1	470334	1	279.251	1	1770.54	1	2186.59	1	0	273.249	301.462
732	262.395	1	470334	1	279.251	1	1770.54	1	2186.59	1	0.001	273.25	301.462
732	262.395	1	470334	1	279.251	1	1770.54	1	2186.59	1	0.00316228	273.25	301.462
732	262.395	1	470334	1	279.251	1	1770.54	1	2186.59	1	0.01	273.251	301.464
732	262.395	1	470334	1	279.251	1	1770.54	1	2186.59	1	0.0316228	273.255	301.468
732	262.395	1	470334	1	279.251	1	1770.54	1	2186.59	1	0.1	273.268	301.482
732	262.395	1	470334	1	279.251	1	1770.54	1	2186.59	1	0.316228	273.31	301.525
732	262.395	1	470334	1	279.251	1	1770.54	1	2186.59	1	1	273.44	301.661
732	262.395	1	470334	1	279.251	1	1770.54	1	2186.59	1	3.16228	273.848	302.088
732	262.395	1	470334	1	279.251	1	1770.54	1	2186.59	1	10	275.111	303.409
732	262.395	1	470334	1	279.251	1	1770.54	1	2186.59	1	31.6228	278.849	307.303
732	262.395	1	470334	1	279.251	1	1770.54	1	2186.59	1	100	288.804	317.653
733	437.415	1	681241	1	308.888	1	2930.21	1	3125.51	1	0	273.249	301.462
733	437.415	1	681241	1	308.888	1	2930.21	1	3125.51	1	0.001	273.25	301.462
733	437.415	1	681241	1	308.888	1	2930.21	1	3125.51	1	0.00316228	273.25	301.462
733	437.415	1	681241	1	308.888	1	2930.21	1	3125.51	1	0.01	273.251	301.463
733	437.415	1	681241	1	308.888	1	2930.21	1	3125.51	1	0.0316228	273.254	301.467
733	437.415	1	681241	1	308.888	1	2930.21	1	3125.51	1	0.1	273.264	301.478
733	437.415	1	681241	1	308.888	1	2930.21	1	3125.51	1	0.316228	273.296	301.513
733	437.415	1	681241	1	308.888	1	2930.21	1	3125.51	1	1	273.397	301.625
733	437.415	1	681241	1	308.888	1	2930.21	1	3125.51	1	3.16228	273.712	301.975
733	437.415	1	681241	1	308.888	1	2930.21	1	3125.51	1	10	274.691	303.059
733	437.415	1	681241	1	308.888	1	2930.21	1	3125.51	1	31.6228	277.606	306.261
733	437.415	1	681241	1	308.888	1	2930.21	1	3125.51	1	100	285.527	314.887
734	631.53	1	507800	1	243.396	1	1414.81	1	3326.76	1	0	273.249	301.462
734	631.53	1	507800	1	243.396	1	1414.81	1	3326.76	1	0.001	273.25	301.462
734	631.53	1	507800	1	243.396	1	1414.81	1	3326.76	1	0.00316228	273.25	301.462
734	631.53	1	507800	1	243.396	1	1414.81	1	3326.76	1	0.01	273.251	301.464
734	631.53	1	507800	1	243.396	1	1414.81	1	3326.76	1	0.0316228	273.256	301.469
734	631.53	1	507800	1	243.396	1	1414.81	1	3326.76	1	0.1	273.269	301.484
734	631.53	1	507800	1	243.396	1	1414.81	1	3326.76	1	0.316228	273.311	301.533
734	631.53	1	507800	1	243.396	1	1414.81	1	3326.76	1	1	273.442	301.686
734	631.53	1	507800	1	243.396	1	1414.81	1	3326.76	1	3.16228	273.856	302.166
734	631.53	1	507800	1	243.396	1	1414.81	1	3326.76	1	10	275.137	303.647
734	631.53	1	507800	1	243.396	1	1414.81	1	3326.76	1	31.6228	278.925	307.988
734	631.53	1	507800	1	243.396	1	1414.81	1	3326.76	1	100	288.941	319.377
735	561.376	1	319965	1	428.576	1	1716.08	1	2894.15	1	0	273.249	301.462
735	561.376	1	319965	1	428.576	1	1716.08	1	2894.15	1	0.001	273.25	301.462
735	561.376	1	319965	1	428.576	1	1716.08	1	2894.15	1	0.00316228	273.25	301.462
735	561.376	1	319965	1	428.576	1	1716.08	1	2894.15	1	0.01	273.251	301.463
735	561.376	1	319965	1	428.576	1	1716.08	1	2894.15	1	0.0316228	273.254	301.466
735	561.376	1	319965	1	428.576	1	1716.08	1	2894.15	1	0.1	273.263	301.476
735	561.376	1	319965	1	428.576	1	1716.08	1	2894.15	1	0.316228	273.291	301.507
735	561.376	1	319965	1	428.576	1	1716.08	1	2894.15	1	1	273.382	301.606
735	561.376	1	319965	1	428.576	1	1716.08	1	2894.15	1	3.16228	273.668	301.917
735	561.376	1	319965	1	428.576	1	1716.08	1	2894.15	1	10	274.561	302.887
735	561.376	1	319965	1	428.576	1	1716.08	1	2894.15	1	31.6228	277.281	305.83
735	561.376	1	319965	1	428.576	1	1716.08	1	2894.15	1	100	285.072	314.213
736	559.678	1	634073	1	667.918	1	1225.53	1	3329.33	1	0	273.249	301.462
736	559.678	1	634073	1	667.918	1	1225.53	1	3329.33	1	0.001	273.25	301.462
736	559.678	1	634073	1	667.918	1	1225.53	1	3329.33	1	0.00316228	273.25	301.462
736	559.678	1	634073	1	667.918	1	1225.53	1	3329.33	1	0.01	273.251	301.463
736	559.678	1	634073	1	667.918	1	1225.53	1	3329.33	1	0.0316228	273.253	301.466
736	559.678	1	634073	1	667.918	1	1225.53	1	3329.33	1	0.1	273.262	301.475
736	559.678	1	634073	1	667.918	1	1225.53	1	3329.33	1	0.316228	273.289	301.502
736	559.678	1	634073	1	667.918	1	1225.53	1	3329.33	1	1	273.375	301.591
736	559.678	1	634073	1	667.918	1	1225.53	1	3329.33	1	3.16228	273.644	301.87
736	559.678	1	634073	1	667.918	1	1225.53	1	3329.33	1	10	274.491	302.744
736	559.678	1	634073	1	667.918	1	1225.53	1	3329.33	1	31.6228	277.1	305.437
736	559.678	1	634073	1	667.918	1	1225.53	1	3329.33	1	100	284.761	313.326
737	591.714	1	1.42042e+06	1	227.829	1	1225.42	1	1025.62	1	0	273.249	301.462
737	591.714	1	1.42042e+06	1	227.829	1	1225.42	1	1025.62	1	0.001	273.25	301.462
737	591.714	1	1.42042e+06	1	227.829	1	1225.42	1	1025.62	1	0.00316228	273.25	301.462
737	591.714	1	1.42042e+06	1	227.829	1	1225.42	1	1025.62	1	0.01	273.252	301.464
737	591.714	1	1.42042e+06	1	227.829	1	1225.42	1	1025.62	1	0.0316228	273.256	301.469
737	591.714	1	1.42042e+06	1	227.829	1	1225.42	1	1025.62	1	0.1	273.271	301.486
737	591.714	1	1.42042e+06	1	227.829	1	1225.42	1	1025.62	1	0.316228	273.316	301.539
737	591.714	1	1.42042e+06	1	227.829	1	1225.42	1	1025.62	1	1	273.461	301.707
737	591.714	1	1.42042e+06	1	227.829	1	1225.42	1	1025.62	1	3.16228	273.915	302.232
737	591.714	1	1.42042e+06	1	227.829	1	1225.42	1	1025.62	1	10	275.318	303.85
737	591.714	1	1.42042e+06	1	227.829	1	1225.42	1	1025.62	1	31.6228	279.456	308.579
737	591.714	1	1.42042e+06	1	227.829	1	1225.42	1	1025.62	1	100	290.379	320.963
738	331.304	1	604425	1	417.234	1	635.074	1	1662.4	1	0	273.249	301.462
738	331.304	1	604425	1	417.234	1	635.074	1	1662.4	1	0.001	273.25	301.462
738	331.304	1	604425	1	417.234	1	635.074	1	1662.4	1	0.00316228	273.25	301.462
738	331.304	1	604425	1	417.234	1	635.074	1	1662.4	1	0.01	273.252	301.464
738	331.304	1	604425	1	417.234	1	635.074	1	1662.4	1	0.0316228	273.256	301.469
738	331.304	1	604425	1	417.234	1	635.074	1	1662.4	1	0.1	273.272	301.484
738	331.304	1	604425	1	417.234	1	635.074	1	1662.4	1	0.316228	273.32	301.534
738	331.304	1	604425	1	417.234	1	635.074	1	1662.4	1	1	273.472	301.69
738	331.304	1	604425	1	417.234	1	635.074	1	1662.4	1	3.16228	273.95	302.182
738	331.304	1	604425	1	417.234	1	635.074	1	1662.4	1	10	275.441	303.715
738	331.304	1	604425	1	417.234	1	635.074	1	1662.4	1	31.6228	279.959	308.358
738	331.304	1	604425	1	417.234	1	635.074	1	1662.4	1	100	292.826	321.585
739	420.866	1	609925	1	321.27	1	752.128	1	3893.72	1	0	273.249	301.462
739	420.866	1	609925	1	321.27	1	752.128	1	3893.72	1	0.001	273.25	301.462
739	420.866	1	609925	1	321.27	1	752.128	1	3893.72	1	0.00316228	273.25	301.462
739	420.866	1	609925	1	321.27	1	752.128	1	3893.72	1	0.01	273.252	301.464
739	420.866	1	609925	1	321.27	1	752.128	1	3893.72	1	0.0316228	273.256	301.469
739	420.866	1	609925	1	321.27	1	752.128	1	3893.72	1	0.1	273.271	301.485
739	420.866	1	609925	1	321.27	1	752.128	1	3893.72	1	0.316228	273.318	301.536
739	420.866	1	609925	1	321.27	1	752.128	1	3893.72	1	1	273.467	301.697
739	420.866	1	609925	1	321.27	1	752.128	1	3893.72	1	3.16228	273.936	302.203
739	420.866	1	609925	1	321.27	1	752.128	1	3893.72	1	10	275.397	303.776
739	420.866	1	609925	1	321.27	1	752.128	1	3893.72	1	31.6228	279.809	308.506
739	420.866	1	609925	1	321.27	1	752.128	1	3893.72	1	100	292.141	321.649
740	467.359	1	625929	1	398.798	1	432.038	1	2452.58	1	0	273.249	301.462
740	467.359	1	625929	1	398.798	1	432.038	1	2452.58	1	0.001	273.25	301.462
740	467.359	1	625929	1	398.798	1	432.038	1	2452.58	1	0.00316228	273.25	301.462
740	467.359	1	625929	1	398.798	1	432.038	1	2452.58	1	0.01	273.252	301.464
740	467.359	1	625929	1	398.798	1	432.038	1	2452.58	1	0.0316228	273.258	301.471
740	467.359	1	625929	1	398.798	1	432.038	1	2452.58	1	0.1	273.277	301.49
740	467.359	1	625929	1	398.798	1	432.038	1	2452.58	1	0.316228	273.335	301.552
740	467.359	1	625929	1	398.798	1	432.038	1	2452.58	1	1	273.52	301.749
740	467.359	1	625929	1	398.798	1	432.038	1	2452.58	1	3.16228	274.103	302.366
740	467.359	1	625929	1	398.798	1	432.038	1	2452.58	1	10	275.917	304.286
740	467.359	1	625929	1	398.798	1	432.038	1	2452.58	1	31.6228	281.372	310.048
740	467.359	1	625929	1	398.798	1	432.038	1	2452.58	1	100	297.155	326.659
741	379.516	1	783648	1	317.825	1	897.914	1	3463.22	1	0	273.249	301.462
741	379.516	1	783648	1	317.825	1	897.914	1	3463.22	1	0.001	273.25	301.462
741	379.516	1	783648	1	317.825	1	897.914	1	3463.22	1	0.00316228	273.25	301.462
741	379.516	1	783648	1	317.825	1	897.914	1	3463.22	1	0.01	273.251	301.464
741	379.516	1	783648	1	317.825	1	897.914	1	3463.22	1	0.0316228	273.256	301.469
741	379.516	1	783648	1	317.825	1	897.914	1	3463.22	1	0.1	273.27	301.484
741	379.516	1	783648	1	317.825	1	897.914	1	3463.22	1	0.316228	273.315	301.531
741	379.516	1	783648	1	317.825	1	897.914	1	3463.22	1	1	273.455	301.682
741	379.516	1	783648	1	317.825	1	897.914	1	3463.22	1	3.16228	273.898	302.157
741	379.516	1	783648	1	317.825	1	897.914	1	3463.22	1	10	275.275	303.632
741	379.516	1	783648	1	317.825	1	897.914	1	3463.22	1	31.6228	279.429	308.061
741	379.516	1	783648	1	317.825	1	897.914	1	3463.22	1	100	291.043	320.371
742	316.952	1	901984	1	359.901	1	1127.32	1	3143.58	1	0	273.249	301.462
742	316.952	1	901984	1	359.901	1	1127.32	1	3143.58	1	0.001	273.25	301.462
742	316.952	1	901984	1	359.901	1	1127.32	1	3143.58	1	0.00316228	273.25	301.462
742	316.952	1	901984	1	359.901	1	1127.32	1	3143.58	1	0.01	273.251	301.463
742	316.952	1	901984	1	359.901	1	1127.32	1	3143.58	1	0.0316228	273.255	301.468
742	316.952	1	901984	1	359.901	1	1127.32	1	3143.58	1	0.1	273.268	301.481
742	316.952	1	901984	1	359.901	1	1127.32	1	3143.58	1	0.316228	273.307	301.522
742	316.952	1	901984	1	359.901	1	1127.32	1	3143.58	1	1	273.433	301.652
742	316.952	1	901984	1	359.901	1	1127.32	1	3143.58	1	3.16228	273.827	302.061
742	316.952	1	901984	1	359.901	1	1127.32	1	3143.58	1	10	275.056	303.335
742	316.952	1	901984	1	359.901	1	1127.32	1	3143.58	1	31.6228	278.764	307.173
742	316.952	1	901984	1	359.901	1	1127.32	1	3143.58	1	100	289.202	317.965
743	514.311	1	887804	1	461.312	1	1030.84	1	3768.68	1	0	273.249	301.462
743	514.311	1	887804	1	461.312	1	1030.84	1	3768.68	1	0.001	273.25	301.462
743	514.311	1	887804	1	461.312	1	1030.84	1	3768.68	1	0.00316228	273.25	301.462
743	514.311	1	887804	1	461.312	1	1030.84	1	3768.68	1	0.01	273.251	301.463
743	514.311	1	887804	1	461.312	1	1030.84	1	3768.68	1	0.0316228	273.254	301.467
743	514.311	1	887804	1	461.312	1	1030.84	1	3768.68	1	0.1	273.265	301.478
743	514.311	1	887804	1	461.312	1	1030.84	1	3768.68	1	0.316228	273.3	301.515
743	514.311	1	887804	1	461.312	1	1030.84	1	3768.68	1	1	273.408	301.63
743	514.311	1	887804	1	461.312	1	1030.84	1	3768.68	1	3.16228	273.749	301.993
743	514.311	1	887804	1	461.312	1	1030.84	1	3768.68	1	10	274.817	303.127
743	514.311	1	887804	1	461.312	1	1030.84	1	3768.68	1	31.6228	278.081	306.586
743	514.311	1	887804	1	461.312	1	1030.84	1	3768.68	1	100	287.494	316.522
744	602.103	1	697809	1	311.795	1	626.434	1	3098.33	1	0	273.249	301.462
744	602.103	1	697809	1	311.795	1	626.434	1	3098.33	1	0.001	273.25	301.462
744	602.103	1	697809	1	311.795	1	626.434	1	3098.33	1	0.00316228	273.25	301.462
744	602.103	1	697809	1	311.795	1	626.434	1	3098.33	1	0.01	273.252	301.464
744	602.103	1	697809	1	311.795	1	626.434	1	3098.33	1	0.0316228	273.257	301.47
744	602.103	1	697809	1	311.795	1	626.434	1	3098.33	1	0.1	273.273	301.487
744	602.103	1	697809	1	311.795	1	626.434	1	3098.33	1	0.316228	273.323	301.543
744	602.103	1	697809	1	311.795	1	626.434	1	3098.33	1	1	273.483	301.719
744	602.103	1	697809	1	311.795	1	626.434	1	3098.33	1	3.16228	273.985	302.273
744	602.103	1	697809	1	311.795	1	626.434	1	3098.33	1	10	275.547	303.995
744	602.103	1	697809	1	311.795	1	626.434	1	3098.33	1	31.6228	280.261	309.163
744	602.103	1	697809	1	311.795	1	626.434	1	3098.33	1	100	293.512	323.595
745	397.659	1	634806	1	296.638	1	289.714	1	3440.34	1	0	273.249	301.462
745	397.659	1	634806	1	296.638	1	289.714	1	3440.34	1	0.001	273.25	301.462
745	397.659	1	634806	1	296.638	1	289.714	1	3440.34	1	0.00316228	273.251	301.463
745	397.659	1	634806	1	296.638	1	289.714	1	3440.34	1	0.01	273.253	301.466
745	397.659	1	634806	1	296.638	1	289.714	1	3440.34	1	0.0316228	273.262	301.475
745	397.659	1	634806	1	296.638	1	289.714	1	3440.34	1	0.1	273.288	301.503
745	397.659	1	634806	1	296.638	1	289.714	1	3440.34	1	0.316228	273.371	301.592
745	397.659	1	634806	1	296.638	1	289.714	1	3440.34	1	1	273.635	301.872
745	397.659	1	634806	1	296.638	1	289.714	1	3440.34	1	3.16228	274.461	302.752
745	397.659	1	634806	1	296.638	1	289.714	1	3440.34	1	10	277.014	305.469
745	397.659	1	634806	1	296.638	1	289.714	1	3440.34	1	31.6228	284.528	313.445
745	397.659	1	634806	1	296.638	1	289.714	1	3440.34	1	100	305.827	335.942
746	454.187	1	1.06524e+06	1	912.497	1	1002.76	1	6894.73	1	0	273.249	301.462
746	454.187	1	1.06524e+06	1	912.497	1	1002.76	1	6894.73	1	0.001	273.25	301.462
746	454.187	1	1.06524e+06	1	912.497	1	1002.76	1	6894.73	1	0.00316228	273.25	301.462
746	454.187	1	1.06524e+06	1	912.497	1	1002.76	1	6894.73	1	0.01	273.251	301.463
746	454.187	1	1.06524e+06	1	912.497	1	1002.76	1	6894.73	1	0.0316228	273.254	301.466
746	454.187	1	1.06524e+06	1	912.497	1	1002.76	1	6894.73	1	0.1	273.263	301.474
746	454.187	1	1.06524e+06	1	912.497	1	1002.76	1	6894.73	1	0.316228	273.291	301.502
746	454.187	1	1.06524e+06	1	912.497	1	1002.76	1	6894.73	1	1	273.38	301.59
746	454.187	1	1.06524e+06	1	912.497	1	1002.76	1	6894.73	1	3.16228	273.662	301.867
746	454.187	1	1.06524e+06	1	912.497	1	1002.76	1	6894.73	1	10	274.547	302.736
746	454.187	1	1.06524e+06	1	912.497	1	1002.76	1	6894.73	1	31.6228	277.269	305.417
746	454.187	1	1.06524e+06	1	912.497	1	1002.76	1	6894.73	1	100	285.252	313.304
747	436.853	1	353888	1	340.33	1	1210.49	1	4739.05	1	0	273.249	301.462
747	436.853	1	353888	1	340.33	1	1210.49	1	4739.05	1	0.001	273.25	301.462
747	436.853	1	353888	1	340.33	1	1210.49	1	4739.05	1	0.00316228	273.25	301.462
747	436.853	1	353888	1	340.33	1	1210.49	1	4739.05	1	0.01	273.251	301.463
747	436.853	1	353888	1	340.33	1	1210.49	1	4739.05	1	0.0316228	273.255	301.468
747	436.853	1	353888	1	340.33	1	1210.49	1	4739.05	1	0.1	273.267	301.48
747	436.853	1	353888	1	340.33	1	1210.49	1	4739.05	1	0.316228	273.305	301.521
747	436.853	1	353888	1	340.33	1	1210.49	1	4739.05	1	1	273.424	301.65
747	436.853	1	353888	1	340.33	1	1210.49	1	4739.05	1	3.16228	273.798	302.056
747	436.853	1	353888	1	340.33	1	1210.49	1	4739.05	1	10	274.966	303.319
747	436.853	1	353888	1	340.33	1	1210.49	1	4739.05	1	31.6228	278.493	307.116
747	436.853	1	353888	1	340.33	1	1210.49	1	4739.05	1	100	288.419	317.73
748	527.616	1	597632	1	306.214	1	1411.55	1	3904.49	1	0	273.249	301.462
748	527.616	1	597632	1	306.214	1	1411.55	1	3904.49	1	0.001	273.25	301.462
748	527.616	1	597632	1	306.214	1	1411.55	1	3904.49	1	0.00316228	273.25	301.462
748	527.616	1	597632	1	306.214	1	1411.55	1	3904.49	1	0.01	273.251	301.463
748	527.616	1	597632	1	306.214	1	1411.55	1	3904.49	1	0.0316228	273.255	301.468
748	527.616	1	597632	1	306.214	1	1411.55	1	3904.49	1	0.1	273.267	301.481
748	527.616	1	597632	1	306.214	1	1411.55	1	3904.49	1	0.316228	273.304	301.522
748	527.616	1	597632	1	306.214	1	1411.55	1	3904.49	1	1	273.421	301.653
748	527.616	1	597632	1	306.214	1	1411.55	1	3904.49	1	3.16228	273.788	302.065
748	527.616	1	597632	1	306.214	1	1411.55	1	3904.49	1	10	274.932	303.342
748	527.616	1	597632	1	306.214	1	1411.55	1	3904.49	1	31.6228	278.37	307.151
748	527.616	1	597632	1	306.214	1	1411.55	1	3904.49	1	100	287.909	317.627
749	360.69	1	3.32511e+06	1	511.564	1	537.427	1	3444.19	1	0	273.249	301.462
749	360.69	1	3.32511e+06	1	511.564	1	537.427	1	3444.19	1	0.001	273.25	301.462
749	360.69	1	3.32511e+06	1	511.564	1	537.427	1	3444.19	1	0.00316228	273.25	301.462
749	360.69	1	3.32511e+06	1	511.564	1	537.427	1	3444.19	1	0.01	273.252	301.464
749	360.69	1	3.32511e+06	1	511.564	1	537.427	1	3444.19	1	0.0316228	273.257	301.469
749	360.69	1	3.32511e+06	1	511.564	1	537.427	1	3444.19	1	0.1	273.272	301.485
749	360.69	1	3.32511e+06	1	511.564	1	537.427	1	3444.19	1	0.316228	273.321	301.535
749	360.69	1	3.32511e+06	1	511.564	1	537.427	1	3444.19	1	1	273.477	301.693
749	360.69	1	3.32511e+06	1	511.564	1	537.427	1	3444.19	1	3.16228	273.966	302.192
749	360.69	1	3.32511e+06	1	511.564	1	537.427	1	3444.19	1	10	275.491	303.748
749	360.69	1	3.32511e+06	1	511.564	1	537.427	1	3444.19	1	31.6228	280.113	308.464
749	360.69	1	3.32511e+06	1	511.564	1	537.427	1	3444.19	1	100	293.487	322.112
750	531.752	1	676164	1	292.697	1	1825.89	1	3143.61	1	0	273.249	301.462
750	531.752	1	676164	1	292.697	1	1825.89	1	3143.61	1	0.001	273.25	301.462
750	531.752	1	676164	1	292.697	1	1825.89	1	3143.61	1	0.00316228	273.25	301.462
750	531.752	1	676164	1	292.697	1	1825.89	1	3143.61	1	0.01	273.251	301.463
750	531.752	1	676164	1	292.697	1	1825.89	1	3143.61	1	0.0316228	273.255	301.467
750	531.752	1	676164	1	292.697	1	1825.89	1	3143.61	1	0.1	273.266	301.48
750	531.752	1	676164	1	292.697	1	1825.89	1	3143.61	1	0.316228	273.301	301.52
750	531.752	1	676164	1	292.697	1	1825.89	1	3143.61	1	1	273.413	301.647
750	531.752	1	676164	1	292.697	1	1825.89	1	3143.61	1	3.16228	273.764	302.044
750	531.752	1	676164	1	292.697	1	1825.89	1	3143.61	1	10	274.855	303.275
750	531.752	1	676164	1	292.697	1	1825.89	1	3143.61	1	31.6228	278.112	306.92
750	531.752	1	676164	1	292.697	1	1825.89	1	3143.61	1	100	286.885	316.659
751	589.754	1	1.90663e+06	1	576.5	1	1436.86	1	2040.12	1	0	273.249	301.462
751	589.754	1	1.90663e+06	1	576.5	1	1436.86	1	2040.12	1	0.001	273.25	301.462
751	589.754	1	1.90663e+06	1	576.5	1	1436.86	1	2040.12	1	0.00316228	273.25	301.462
751	589.754	1	1.90663e+06	1	576.5	1	1436.86	1	2040.12	1	0.01	273.251	301.463
751	589.754	1	1.90663e+06	1	576.5	1	1436.86	1	2040.12	1	0.0316228	273.253	301.466
751	589.754	1	1.90663e+06	1	576.5	1	1436.86	1	2040.12	1	0.1	273.262	301.475
751	589.754	1	1.90663e+06	1	576.5	1	1436.86	1	2040.12	1	0.316228	273.288	301.503
751	589.754	1	1.90663e+06	1	576.5	1	1436.86	1	2040.12	1	1	273.372	301.591
751	589.754	1	1.90663e+06	1	576.5	1	1436.86	1	2040.12	1	3.16228	273.637	301.87
751	589.754	1	1.90663e+06	1	576.5	1	1436.86	1	2040.12	1	10	274.466	302.745
751	589.754	1	1.90663e+06	1	576.5	1	1436.86	1	2040.12	1	31.6228	277.017	305.431
751	589.754	1	1.90663e+06	1	576.5	1	1436.86	1	2040.12	1	100	284.479	313.263
752	482.395	1	503092	1	1168.21	1	1293.25	1	3655.53	1	0	273.249	301.462
752	482.395	1	503092	1	1168.21	1	1293.25	1	3655.53	1	0.001	273.25	301.462
752	482.395	1	503092	1	1168.21	1	1293.25	1	3655.53	1	0.00316228	273.25	301.462
752	482.395	1	503092	1	1168.21	1	1293.25	1	3655.53	1	0.01	273.25	301.463
752	482.395	1	503092	1	1168.21	1	1293.25	1	3655.53	1	0.0316228	273.253	301.465
752	482.395	1	503092	1	1168.21	1	1293.25	1	3655.53	1	0.1	273.26	301.472
752	482.395	1	503092	1	1168.21	1	1293.25	1	3655.53	1	0.316228	273.283	301.494
752	482.395	1	503092	1	1168.21	1	1293.25	1	3655.53	1	1	273.355	301.563
752	482.395	1	503092	1	1168.21	1	1293.25	1	3655.53	1	3.16228	273.583	301.781
752	482.395	1	503092	1	1168.21	1	1293.25	1	3655.53	1	10	274.298	302.467
752	482.395	1	503092	1	1168.21	1	1293.25	1	3655.53	1	31.6228	276.508	304.594
752	482.395	1	503092	1	1168.21	1	1293.25	1	3655.53	1	100	283.061	310.941
753	365.998	1	659462	1	280.904	1	1270.65	1	3638.93	1	0	273.249	301.462
753	365.998	1	659462	1	280.904	1	1270.65	1	3638.93	1	0.001	273.25	301.462
753	365.998	1	659462	1	280.904	1	1270.65	1	3638.93	1	0.00316228	273.25	301.462
753	365.998	1	659462	1	280.904	1	1270.65	1	3638.93	1	0.01	273.251	301.464
753	365.998	1	659462	1	280.904	1	1270.65	1	3638.93	1	0.0316228	273.256	301.468
753	365.998	1	659462	1	280.904	1	1270.65	1	3638.93	1	0.1	273.269	301.483
753	365.998	1	659462	1	280.904	1	1270.65	1	3638.93	1	0.316228	273.311	301.529
753	365.998	1	659462	1	280.904	1	1270.65	1	3638.93	1	1	273.444	301.674
753	365.998	1	659462	1	280.904	1	1270.65	1	3638.93	1	3.16228	273.862	302.129
753	365.998	1	659462	1	280.904	1	1270.65	1	3638.93	1	10	275.16	303.539
753	365.998	1	659462	1	280.904	1	1270.65	1	3638.93	1	31.6228	279.038	307.724
753	365.998	1	659462	1	280.904	1	1270.65	1	3638.93	1	100	289.542	318.984
754	487.148	1	391775	1	471.267	1	1121.67	1	1395.1	1	0	273.249	301.462
754	487.148	1	391775	1	471.267	1	1121.67	1	1395.1	1	0.001	273.25	301.462
754	487.148	1	391775	1	471.267	1	1121.67	1	1395.1	1	0.00316228	273.25	301.462
754	487.148	1	391775	1	471.267	1	1121.67	1	1395.1	1	0.01	273.251	301.463
754	487.148	1	391775	1	471.267	1	1121.67	1	1395.1	1	0.0316228	273.254	301.467
754	487.148	1	391775	1	471.267	1	1121.67	1	1395.1	1	0.1	273.265	301.478
754	487.148	1	391775	1	471.267	1	1121.67	1	1395.1	1	0.316228	273.298	301.513
754	487.148	1	391775	1	471.267	1	1121.67	1	1395.1	1	1	273.402	301.623
754	487.148	1	391775	1	471.267	1	1121.67	1	1395.1	1	3.16228	273.732	301.971
754	487.148	1	391775	1	471.267	1	1121.67	1	1395.1	1	10	274.762	303.059
754	487.148	1	391775	1	471.267	1	1121.67	1	1395.1	1	31.6228	277.914	306.379
754	487.148	1	391775	1	471.267	1	1121.67	1	1395.1	1	100	287.016	315.94
755	554.884	1	2.40959e+06	1	183.271	1	1320.94	1	3408.74	1	0	273.249	301.462
755	554.884	1	2.40959e+06	1	183.271	1	1320.94	1	3408.74	1	0.001	273.25	301.462
755	554.884	1	2.40959e+06	1	183.271	1	1320.94	1	3408.74	1	0.00316228	273.25	301.462
755	554.884	1	2.40959e+06	1	183.271	1	1320.94	1	3408.74	1	0.01	273.252	301.464
755	554.884	1	2.40959e+06	1	183.271	1	1320.94	1	3408.74	1	0.0316228	273.257	301.471
755	554.884	1	2.40959e+06	1	183.271	1	1320.94	1	3408.74	1	0.1	273.273	301.49
755	554.884	1	2.40959e+06	1	183.271	1	1320.94	1	3408.74	1	0.316228	273.325	301.551
755	554.884	1	2.40959e+06	1	183.271	1	1320.94	1	3408.74	1	1	273.489	301.744
755	554.884	1	2.40959e+06	1	183.271	1	1320.94	1	3408.74	1	3.16228	274	302.347
755	554.884	1	2.40959e+06	1	183.271	1	1320.94	1	3408.74	1	10	275.569	304.187
755	554.884	1	2.40959e+06	1	183.271	1	1320.94	1	3408.74	1	31.6228	280.117	309.477
755	554.884	1	2.40959e+06	1	183.271	1	1320.94	1	3408.74	1	100	291.59	322.65
756	515.003	1	4.8263e+06	1	516.417	1	3099.94	1	4597.86	1	0	273.249	301.462
756	515.003	1	4.8263e+06	1	516.417	1	3099.94	1	4597.86	1	0.001	273.25	301.462
756	515.003	1	4.8263e+06	1	516.417	1	3099.94	1	4597.86	1	0.00316228	273.25	301.462
756	515.003	1	4.8263e+06	1	516.417	1	3099.94	1	4597.86	1	0.01	273.25	301.463
756	515.003	1	4.8263e+06	1	516.417	1	3099.94	1	4597.86	1	0.0316228	273.253	301.465
756	515.003	1	4.8263e+06	1	516.417	1	3099.94	1	4597.86	1	0.1	273.26	301.472
756	515.003	1	4.8263e+06	1	516.417	1	3099.94	1	4597.86	1	0.316228	273.282	301.496
756	515.003	1	4.8263e+06	1	516.417	1	3099.94	1	4597.86	1	1	273.353	301.57
756	515.003	1	4.8263e+06	1	516.417	1	3099.94	1	4597.86	1	3.16228	273.574	301.805
756	515.003	1	4.8263e+06	1	516.417	1	3099.94	1	4597.86	1	10	274.268	302.537
756	515.003	1	4.8263e+06	1	516.417	1	3099.94	1	4597.86	1	31.6228	276.385	304.765
756	515.003	1	4.8263e+06	1	516.417	1	3099.94	1	4597.86	1	100	282.467	311.144
757	539.807	1	976585	1	404.598	1	1018.18	1	1753.53	1	0	273.249	301.462
757	539.807	1	976585	1	404.598	1	1018.18	1	1753.53	1	0.001	273.25	301.462
757	539.807	1	976585	1	404.598	1	1018.18	1	1753.53	1	0.00316228	273.25	301.462
757	539.807	1	976585	1	404.598	1	1018.18	1	1753.53	1	0.01	273.251	301.463
757	539.807	1	976585	1	404.598	1	1018.18	1	1753.53	1	0.0316228	273.255	301.467
757	539.807	1	976585	1	404.598	1	1018.18	1	1753.53	1	0.1	273.266	301.48
757	539.807	1	976585	1	404.598	1	1018.18	1	1753.53	1	0.316228	273.303	301.519
757	539.807	1	976585	1	404.598	1	1018.18	1	1753.53	1	1	273.417	301.643
757	539.807	1	976585	1	404.598	1	1018.18	1	1753.53	1	3.16228	273.779	302.035
757	539.807	1	976585	1	404.598	1	1018.18	1	1753.53	1	10	274.909	303.255
757	539.807	1	976585	1	404.598	1	1018.18	1	1753.53	1	31.6228	278.352	306.962
757	539.807	1	976585	1	404.598	1	1018.18	1	1753.53	1	100	288.2	317.514
758	306.573	1	1.02926e+06	1	387.473	1	2040	1	3059.41	1	0	273.249	301.462
758	306.573	1	1.02926e+06	1	387.473	1	2040	1	3059.41	1	0.001	273.25	301.462
758	306.573	1	1.02926e+06	1	387.473	1	2040	1	3059.41	1	0.00316228	273.25	301.462
758	306.573	1	1.02926e+06	1	387.473	1	2040	1	3059.41	1	0.01	273.251	301.463
758	306.573	1	1.02926e+06	1	387.473	1	2040	1	3059.41	1	0.0316228	273.254	301.466
758	306.573	1	1.02926e+06	1	387.473	1	2040	1	3059.41	1	0.1	273.264	301.477
758	306.573	1	1.02926e+06	1	387.473	1	2040	1	3059.41	1	0.316228	273.297	301.51
758	306.573	1	1.02926e+06	1	387.473	1	2040	1	3059.41	1	1	273.398	301.613
758	306.573	1	1.02926e+06	1	387.473	1	2040	1	3059.41	1	3.16228	273.719	301.94
758	306.573	1	1.02926e+06	1	387.473	1	2040	1	3059.41	1	10	274.715	302.956
758	306.573	1	1.02926e+06	1	387.473	1	2040	1	3059.41	1	31.6228	277.711	306.009
758	306.573	1	1.02926e+06	1	387.473	1	2040	1	3059.41	1	100	286.095	314.57
759	238.815	1	1.59308e+06	1	356.11	1	497.395	1	2527.79	1	0	273.249	301.462
759	238.815	1	1.59308e+06	1	356.11	1	497.395	1	2527.79	1	0.001	273.25	301.462
759	238.815	1	1.59308e+06	1	356.11	1	497.395	1	2527.79	1	0.00316228	273.25	301.462
759	238.815	1	1.59308e+06	1	356.11	1	497.395	1	2527.79	1	0.01	273.252	301.464
759	238.815	1	1.59308e+06	1	356.11	1	497.395	1	2527.79	1	0.0316228	273.258	301.471
759	238.815	1	1.59308e+06	1	356.11	1	497.395	1	2527.79	1	0.1	273.277	301.49
759	238.815	1	1.59308e+06	1	356.11	1	497.395	1	2527.79	1	0.316228	273.338	301.551
759	238.815	1	1.59308e+06	1	356.11	1	497.395	1	2527.79	1	1	273.528	301.744
759	238.815	1	1.59308e+06	1	356.11	1	497.395	1	2527.79	1	3.16228	274.128	302.35
759	238.815	1	1.59308e+06	1	356.11	1	497.395	1	2527.79	1	10	275.992	304.234
759	238.815	1	1.59308e+06	1	356.11	1	497.395	1	2527.79	1	31.6228	281.573	309.886
759	238.815	1	1.59308e+06	1	356.11	1	497.395	1	2527.79	1	100	297.454	326.018
760	389.838	1	413151	1	189.075	1	1013.6	1	7645.04	1	0	273.249	301.462
760	389.838	1	413151	1	189.075	1	1013.6	1	7645.04	1	0.001	273.25	301.462
760	389.838	1	413151	1	189.075	1	1013.6	1	7645.04	1	0.00316228	273.25	301.463
760	389.838	1	413151	1	189.075	1	1013.6	1	7645.04	1	0.01	273.252	301.465
760	389.838	1	413151	1	189.075	1	1013.6	1	7645.04	1	0.0316228	273.258	301.471
760	389.838	1	413151	1	189.075	1	1013.6	1	7645.04	1	0.1	273.275	301.491
760	389.838	1	413151	1	189.075	1	1013.6	1	7645.04	1	0.316228	273.332	301.555
760	389.838	1	413151	1	189.075	1	1013.6	1	7645.04	1	1	273.509	301.757
760	389.838	1	413151	1	189.075	1	1013.6	1	7645.04	1	3.16228	274.063	302.389
760	389.838	1	413151	1	189.075	1	1013.6	1	7645.04	1	10	275.77	304.324
760	389.838	1	413151	1	189.075	1	1013.6	1	7645.04	1	31.6228	280.754	309.927
760	389.838	1	413151	1	189.075	1	1013.6	1	7645.04	1	100	293.641	324.216
761	790.133	1	1.4301e+06	1	253.397	1	786.202	1	3032.43	1	0	273.249	301.462
761	790.133	1	1.4301e+06	1	253.397	1	786.202	1	3032.43	1	0.001	273.25	301.462
761	790.133	1	1.4301e+06	1	253.397	1	786.202	1	3032.43	1	0.00316228	273.25	301.462
761	790.133	1	1.4301e+06	1	253.397	1	786.202	1	3032.43	1	0.01	273.252	301.464
761	790.133	1	1.4301e+06	1	253.397	1	786.202	1	3032.43	1	0.0316228	273.257	301.47
761	790.133	1	1.4301e+06	1	253.397	1	786.202	1	3032.43	1	0.1	273.272	301.488
761	790.133	1	1.4301e+06	1	253.397	1	786.202	1	3032.43	1	0.316228	273.321	301.544
761	790.133	1	1.4301e+06	1	253.397	1	786.202	1	3032.43	1	1	273.477	301.722
761	790.133	1	1.4301e+06	1	253.397	1	786.202	1	3032.43	1	3.16228	273.964	302.282
761	790.133	1	1.4301e+06	1	253.397	1	786.202	1	3032.43	1	10	275.478	304.014
761	790.133	1	1.4301e+06	1	253.397	1	786.202	1	3032.43	1	31.6228	280.001	309.15
761	790.133	1	1.4301e+06	1	253.397	1	786.202	1	3032.43	1	100	292.326	323.048
762	391.293	1	1.79173e+06	1	367.815	1	1719.69	1	3732.22	1	0	273.249	301.462
762	391.293	1	1.79173e+06	1	367.815	1	1719.69	1	3732.22	1	0.001	273.25	301.462
762	391.293	1	1.79173e+06	1	367.815	1	1719.69	1	3732.22	1	0.00316228	273.25	301.462
762	391.293	1	1.79173e+06	1	367.815	1	1719.69	1	3732.22	1	0.01	273.251	301.463
762	391.293	1	1.79173e+06	1	367.815	1	1719.69	1	3732.22	1	0.0316228	273.254	301.467
762	391.293	1	1.79173e+06	1	367.815	1	1719.69	1	3732.22	1	0.1	273.265	301.478
762	391.293	1	1.79173e+06	1	367.815	1	1719.69	1	3732.22	1	0.316228	273.298	301.513
762	391.293	1	1.79173e+06	1	367.815	1	1719.69	1	3732.22	1	1	273.402	301.624
762	391.293	1	1.79173e+06	1	367.815	1	1719.69	1	3732.22	1	3.16228	273.73	301.972
762	391.293	1	1.79173e+06	1	367.815	1	1719.69	1	3732.22	1	10	274.75	303.057
762	391.293	1	1.79173e+06	1	367.815	1	1719.69	1	3732.22	1	31.6228	277.833	306.32
762	391.293	1	1.79173e+06	1	367.815	1	1719.69	1	3732.22	1	100	286.509	315.461
763	599.181	1	729990	1	404.954	1	687.255	1	2399.57	1	0	273.249	301.462
763	599.181	1	729990	1	404.954	1	687.255	1	2399.57	1	0.001	273.25	301.462
763	599.181	1	729990	1	404.954	1	687.255	1	2399.57	1	0.00316228	273.25	301.462
763	599.181	1	729990	1	404.954	1	687.255	1	2399.57	1	0.01	273.251	301.464
763	599.181	1	729990	1	404.954	1	687.255	1	2399.57	1	0.0316228	273.256	301.468
763	599.181	1	729990	1	404.954	1	687.255	1	2399.57	1	0.1	273.27	301.483
763	599.181	1	729990	1	404.954	1	687.255	1	2399.57	1	0.316228	273.313	301.53
763	599.181	1	729990	1	404.954	1	687.255	1	2399.57	1	1	273.45	301.679
763	599.181	1	729990	1	404.954	1	687.255	1	2399.57	1	3.16228	273.883	302.147
763	599.181	1	729990	1	404.954	1	687.255	1	2399.57	1	10	275.234	303.608
763	599.181	1	729990	1	404.954	1	687.255	1	2399.57	1	31.6228	279.345	308.037
763	599.181	1	729990	1	404.954	1	687.255	1	2399.57	1	100	291.021	320.567
764	543.622	1	3.24142e+06	1	660.571	1	681.833	1	3927.91	1	0	273.249	301.462
764	543.622	1	3.24142e+06	1	660.571	1	681.833	1	3927.91	1	0.001	273.25	301.462
764	543.622	1	3.24142e+06	1	660.571	1	681.833	1	3927.91	1	0.00316228	273.25	301.462
764	543.622	1	3.24142e+06	1	660.571	1	681.833	1	3927.91	1	0.01	273.251	301.463
764	543.622	1	3.24142e+06	1	660.571	1	681.833	1	3927.91	1	0.0316228	273.255	301.467
764	543.622	1	3.24142e+06	1	660.571	1	681.833	1	3927.91	1	0.1	273.267	301.48
764	543.622	1	3.24142e+06	1	660.571	1	681.833	1	3927.91	1	0.316228	273.305	301.519
764	543.622	1	3.24142e+06	1	660.571	1	681.833	1	3927.91	1	1	273.424	301.642
764	543.622	1	3.24142e+06	1	660.571	1	681.833	1	3927.91	1	3.16228	273.801	302.031
764	543.622	1	3.24142e+06	1	660.571	1	681.833	1	3927.91	1	10	274.979	303.249
764	543.622	1	3.24142e+06	1	660.571	1	681.833	1	3927.91	1	31.6228	278.586	306.974
764	543.622	1	3.24142e+06	1	660.571	1	681.833	1	3927.91	1	100	288.976	317.683
765	457.965	1	3.58102e+06	1	190.934	1	751.124	1	4532	1	0	273.249	301.462
765	457.965	1	3.58102e+06	1	190.934	1	751.124	1	4532	1	0.001	273.25	301.462
765	457.965	1	3.58102e+06	1	190.934	1	751.124	1	4532	1	0.00316228	273.25	301.463
765	457.965	1	3.58102e+06	1	190.934	1	751.124	1	4532	1	0.01	273.252	301.465
765	457.965	1	3.58102e+06	1	190.934	1	751.124	1	4532	1	0.0316228	273.258	301.472
765	457.965	1	3.58102e+06	1	190.934	1	751.124	1	4532	1	0.1	273.277	301.494
765	457.965	1	3.58102e+06	1	190.934	1	751.124	1	4532	1	0.316228	273.338	301.563
765	457.965	1	3.58102e+06	1	190.934	1	751.124	1	4532	1	1	273.529	301.781
765	457.965	1	3.58102e+06	1	190.934	1	751.124	1	4532	1	3.16228	274.128	302.464
765	457.965	1	3.58102e+06	1	190.934	1	751.124	1	4532	1	10	275.975	304.562
765	457.965	1	3.58102e+06	1	190.934	1	751.124	1	4532	1	31.6228	281.399	310.675
765	457.965	1	3.58102e+06	1	190.934	1	751.124	1	4532	1	100	295.641	326.525
766	439.903	1	1.10898e+06	1	345.363	1	1457.23	1	2823.98	1	0	273.249	301.462
766	439.903	1	1.10898e+06	1	345.363	1	1457.23	1	2823.98	1	0.001	273.25	301.462
766	439.903	1	1.10898e+06	1	345.363	1	1457.23	1	2823.98	1	0.00316228	273.25	301.462
766	439.903	1	1.10898e+06	1	345.363	1	1457.23	1	2823.98	1	0.01	273.251	301.463
766	439.903	1	1.10898e+06	1	345.363	1	1457.23	1	2823.98	1	0.0316228	273.255	301.467
766	439.903	1	1.10898e+06	1	345.363	1	1457.23	1	2823.98	1	0.1	273.266	301.479
766	439.903	1	1.10898e+06	1	345.363	1	1457.23	1	2823.98	1	0.316228	273.301	301.517
766	439.903	1	1.10898e+06	1	345.363	1	1457.23	1	2823.98	1	1	273.412	301.638
766	439.903	1	1.10898e+06	1	345.363	1	1457.23	1	2823.98	1	3.16228	273.762	302.018
766	439.903	1	1.10898e+06	1	345.363	1	1457.23	1	2823.98	1	10	274.851	303.198
766	439.903	1	1.10898e+06	1	345.363	1	1457.23	1	2823.98	1	31.6228	278.141	306.744
766	439.903	1	1.10898e+06	1	345.363	1	1457.23	1	2823.98	1	100	287.384	316.642
767	507.812	1	491741	1	361.467	1	442.072	1	3160.69	1	0	273.249	301.462
767	507.812	1	491741	1	361.467	1	442.072	1	3160.69	1	0.001	273.25	301.462
767	507.812	1	491741	1	361.467	1	442.072	1	3160.69	1	0.00316228	273.25	301.462
767	507.812	1	491741	1	361.467	1	442.072	1	3160.69	1	0.01	273.252	301.464
767	507.812	1	491741	1	361.467	1	442.072	1	3160.69	1	0.0316228	273.258	301.471
767	507.812	1	491741	1	361.467	1	442.072	1	3160.69	1	0.1	273.277	301.491
767	507.812	1	491741	1	361.467	1	442.072	1	3160.69	1	0.316228	273.336	301.554
767	507.812	1	491741	1	361.467	1	442.072	1	3160.69	1	1	273.522	301.754
767	507.812	1	491741	1	361.467	1	442.072	1	3160.69	1	3.16228	274.109	302.383
767	507.812	1	491741	1	361.467	1	442.072	1	3160.69	1	10	275.935	304.339
767	507.812	1	491741	1	361.467	1	442.072	1	3160.69	1	31.6228	281.424	310.202
767	507.812	1	491741	1	361.467	1	442.072	1	3160.69	1	100	297.242	327.015
768	372.66	1	1.10714e+06	1	250.747	1	2303.11	1	2042.74	1	0	273.249	301.462
768	372.66	1	1.10714e+06	1	250.747	1	2303.11	1	2042.74	1	0.001	273.25	301.462
768	372.66	1	1.10714e+06	1	250.747	1	2303.11	1	2042.74	1	0.00316228	273.25	301.462
768	372.66	1	1.10714e+06	1	250.747	1	2303.11	1	2042.74	1	0.01	273.251	301.464
768	372.66	1	1.10714e+06	1	250.747	1	2303.11	1	2042.74	1	0.0316228	273.255	301.468
768	372.66	1	1.10714e+06	1	250.747	1	2303.11	1	2042.74	1	0.1	273.268	301.482
768	372.66	1	1.10714e+06	1	250.747	1	2303.11	1	2042.74	1	0.316228	273.307	301.526
768	372.66	1	1.10714e+06	1	250.747	1	2303.11	1	2042.74	1	1	273.43	301.664
768	372.66	1	1.10714e+06	1	250.747	1	2303.11	1	2042.74	1	3.16228	273.818	302.096
768	372.66	1	1.10714e+06	1	250.747	1	2303.11	1	2042.74	1	10	275.016	303.427
768	372.66	1	1.10714e+06	1	250.747	1	2303.11	1	2042.74	1	31.6228	278.536	307.307
768	372.66	1	1.10714e+06	1	250.747	1	2303.11	1	2042.74	1	100	287.767	317.397
769	567.487	1	1.08548e+06	1	270.549	1	2232.9	1	4573.99	1	0	273.249	301.462
769	567.487	1	1.08548e+06	1	270.549	1	2232.9	1	4573.99	1	0.001	273.25	301.462
769	567.487	1	1.08548e+06	1	270.549	1	2232.9	1	4573.99	1	0.00316228	273.25	301.462
769	567.487	1	1.08548e+06	1	270.549	1	2232.9	1	4573.99	1	0.01	273.251	301.463
769	567.487	1	1.08548e+06	1	270.549	1	2232.9	1	4573.99	1	0.0316228	273.255	301.468
769	567.487	1	1.08548e+06	1	270.549	1	2232.9	1	4573.99	1	0.1	273.266	301.48
769	567.487	1	1.08548e+06	1	270.549	1	2232.9	1	4573.99	1	0.316228	273.301	301.521
769	567.487	1	1.08548e+06	1	270.549	1	2232.9	1	4573.99	1	1	273.413	301.65
769	567.487	1	1.08548e+06	1	270.549	1	2232.9	1	4573.99	1	3.16228	273.763	302.053
769	567.487	1	1.08548e+06	1	270.549	1	2232.9	1	4573.99	1	10	274.846	303.297
769	567.487	1	1.08548e+06	1	270.549	1	2232.9	1	4573.99	1	31.6228	278.055	306.949
769	567.487	1	1.08548e+06	1	270.549	1	2232.9	1	4573.99	1	100	286.565	316.555
770	366.317	1	955128	1	579.492	1	2496.57	1	2914.49	1	0	273.249	301.462
770	366.317	1	955128	1	579.492	1	2496.57	1	2914.49	1	0.001	273.25	301.462
770	366.317	1	955128	1	579.492	1	2496.57	1	2914.49	1	0.00316228	273.25	301.462
770	366.317	1	955128	1	579.492	1	2496.57	1	2914.49	1	0.01	273.251	301.463
770	366.317	1	955128	1	579.492	1	2496.57	1	2914.49	1	0.0316228	273.253	301.465
770	366.317	1	955128	1	579.492	1	2496.57	1	2914.49	1	0.1	273.261	301.472
770	366.317	1	955128	1	579.492	1	2496.57	1	2914.49	1	0.316228	273.285	301.496
770	366.317	1	955128	1	579.492	1	2496.57	1	2914.49	1	1	273.36	301.571
770	366.317	1	955128	1	579.492	1	2496.57	1	2914.49	1	3.16228	273.6	301.806
770	366.317	1	955128	1	579.492	1	2496.57	1	2914.49	1	10	274.347	302.541
770	366.317	1	955128	1	579.492	1	2496.57	1	2914.49	1	31.6228	276.624	304.789
770	366.317	1	955128	1	579.492	1	2496.57	1	2914.49	1	100	283.187	311.297
771	405.765	1	996514	1	224.778	1	717.768	1	3887.65	1	0	273.249	301.462
771	405.765	1	996514	1	224.778	1	717.768	1	3887.65	1	0.001	273.25	301.462
771	405.765	1	996514	1	224.778	1	717.768	1	3887.65	1	0.00316228	273.25	301.462
771	405.765	1	996514	1	224.778	1	717.768	1	3887.65	1	0.01	273.252	301.465
771	405.765	1	996514	1	224.778	1	717.768	1	3887.65	1	0.0316228	273.258	301.471
771	405.765	1	996514	1	224.778	1	717.768	1	3887.65	1	0.1	273.276	301.491
771	405.765	1	996514	1	224.778	1	717.768	1	3887.65	1	0.316228	273.333	301.555
771	405.765	1	996514	1	224.778	1	717.768	1	3887.65	1	1	273.513	301.755
771	405.765	1	996514	1	224.778	1	717.768	1	3887.65	1	3.16228	274.079	302.385
771	405.765	1	996514	1	224.778	1	717.768	1	3887.65	1	10	275.831	304.329
771	405.765	1	996514	1	224.778	1	717.768	1	3887.65	1	31.6228	281.028	310.046
771	405.765	1	996514	1	224.778	1	717.768	1	3887.65	1	100	295.036	325.329
772	520.101	1	1.04419e+06	1	121.68	1	484.301	1	2732.42	1	0	273.249	301.462
772	520.101	1	1.04419e+06	1	121.68	1	484.301	1	2732.42	1	0.001	273.25	301.462
772	520.101	1	1.04419e+06	1	121.68	1	484.301	1	2732.42	1	0.00316228	273.251	301.463
772	520.101	1	1.04419e+06	1	121.68	1	484.301	1	2732.42	1	0.01	273.254	301.467
772	520.101	1	1.04419e+06	1	121.68	1	484.301	1	2732.42	1	0.0316228	273.263	301.477
772	520.101	1	1.04419e+06	1	121.68	1	484.301	1	2732.42	1	0.1	273.292	301.511
772	520.101	1	1.04419e+06	1	121.68	1	484.301	1	2732.42	1	0.316228	273.383	301.618
772	520.101	1	1.04419e+06	1	121.68	1	484.301	1	2732.42	1	1	273.67	301.955
772	520.101	1	1.04419e+06	1	121.68	1	484.301	1	2732.42	1	3.16228	274.565	303.005
772	520.101	1	1.04419e+06	1	121.68	1	484.301	1	2732.42	1	10	277.286	306.176
772	520.101	1	1.04419e+06	1	121.68	1	484.301	1	2732.42	1	31.6228	285.016	315.13
772	520.101	1	1.04419e+06	1	121.68	1	484.301	1	2732.42	1	100	304.29	336.993
773	410.771	1	942710	1	272.83	1	916.713	1	4388.27	1	0	273.249	301.462
773	410.771	1	942710	1	272.83	1	916.713	1	4388.27	1	0.001	273.25	301.462
773	410.771	1	942710	1	272.83	1	916.713	1	4388.27	1	0.00316228	273.25	301.462
773	410.771	1	942710	1	272.83	1	916.713	1	4388.27	1	0.01	273.252	301.464
773	410.771	1	942710	1	272.83	1	916.713	1	4388.27	1	0.0316228	273.256	301.469
773	410.771	1	942710	1	272.83	1	916.713	1	4388.27	1	0.1	273.271	301.486
773	410.771	1	942710	1	272.83	1	916.713	1	4388.27	1	0.316228	273.318	301.537
773	410.771	1	942710	1	272.83	1	916.713	1	4388.27	1	1	273.467	301.701
773	410.771	1	942710	1	272.83	1	916.713	1	4388.27	1	3.16228	273.934	302.214
773	410.771	1	942710	1	272.83	1	916.713	1	4388.27	1	10	275.385	303.804
773	410.771	1	942710	1	272.83	1	916.713	1	4388.27	1	31.6228	279.73	308.533
773	410.771	1	942710	1	272.83	1	916.713	1	4388.27	1	100	291.621	321.383
774	375.782	1	734922	1	684.697	1	2206.4	1	3704.95	1	0	273.249	301.462
774	375.782	1	734922	1	684.697	1	2206.4	1	3704.95	1	0.001	273.25	301.462
774	375.782	1	734922	1	684.697	1	2206.4	1	3704.95	1	0.00316228	273.25	301.462
774	375.782	1	734922	1	684.697	1	2206.4	1	3704.95	1	0.01	273.25	301.463
774	375.782	1	734922	1	684.697	1	2206.4	1	3704.95	1	0.0316228	273.253	301.465
774	375.782	1	734922	1	684.697	1	2206.4	1	3704.95	1	0.1	273.26	301.472
774	375.782	1	734922	1	684.697	1	2206.4	1	3704.95	1	0.316228	273.283	301.494
774	375.782	1	734922	1	684.697	1	2206.4	1	3704.95	1	1	273.356	301.564
774	375.782	1	734922	1	684.697	1	2206.4	1	3704.95	1	3.16228	273.584	301.784
774	375.782	1	734922	1	684.697	1	2206.4	1	3704.95	1	10	274.3	302.476
774	375.782	1	734922	1	684.697	1	2206.4	1	3704.95	1	31.6228	276.491	304.6
774	375.782	1	734922	1	684.697	1	2206.4	1	3704.95	1	100	282.867	310.816
775	261.686	1	802204	1	577.65	1	3433.76	1	3438.31	1	0	273.249	301.462
775	261.686	1	802204	1	577.65	1	3433.76	1	3438.31	1	0.001	273.25	301.462
775	261.686	1	802204	1	577.65	1	3433.76	1	3438.31	1	0.00316228	273.25	301.462
775	261.686	1	802204	1	577.65	1	3433.76	1	3438.31	1	0.01	273.251	301.463
775	261.686	1	802204	1	577.65	1	3433.76	1	3438.31	1	0.0316228	273.253	301.465
775	261.686	1	802204	1	577.65	1	3433.76	1	3438.31	1	0.1	273.261	301.472
775	261.686	1	802204	1	577.65	1	3433.76	1	3438.31	1	0.316228	273.286	301.495
775	261.686	1	802204	1	577.65	1	3433.76	1	3438.31	1	1	273.364	301.566
775	261.686	1	802204	1	577.65	1	3433.76	1	3438.31	1	3.16228	273.61	301.79
775	261.686	1	802204	1	577.65	1	3433.76	1	3438.31	1	10	274.375	302.49
775	261.686	1	802204	1	577.65	1	3433.76	1	3438.31	1	31.6228	276.674	304.615
775	261.686	1	802204	1	577.65	1	3433.76	1	3438.31	1	100	283.15	310.709
776	388.391	1	940237	1	666.055	1	2066.52	1	3604.09	1	0	273.249	301.462
776	388.391	1	940237	1	666.055	1	2066.52	1	3604.09	1	0.001	273.25	301.462
776	388.391	1	940237	1	666.055	1	2066.52	1	3604.09	1	0.00316228	273.25	301.462
776	388.391	1	940237	1	666.055	1	2066.52	1	3604.09	1	0.01	273.251	301.463
776	388.391	1	940237	1	666.055	1	2066.52	1	3604.09	1	0.0316228	273.253	301.465
776	388.391	1	940237	1	666.055	1	2066.52	1	3604.09	1	0.1	273.26	301.472
776	388.391	1	940237	1	666.055	1	2066.52	1	3604.09	1	0.316228	273.284	301.495
776	388.391	1	940237	1	666.055	1	2066.52	1	3604.09	1	1	273.358	301.568
776	388.391	1	940237	1	666.055	1	2066.52	1	3604.09	1	3.16228	273.593	301.796
776	388.391	1	940237	1	666.055	1	2066.52	1	3604.09	1	10	274.326	302.513
776	388.391	1	940237	1	666.055	1	2066.52	1	3604.09	1	31.6228	276.574	304.716
776	388.391	1	940237	1	666.055	1	2066.52	1	3604.09	1	100	283.124	311.16
777	328.62	1	1.26614e+06	1	342.837	1	1318.14	1	3380.96	1	0	273.249	301.462
777	328.62	1	1.26614e+06	1	342.837	1	1318.14	1	3380.96	1	0.001	273.25	301.462
777	328.62	1	1.26614e+06	1	342.837	1	1318.14	1	3380.96	1	0.00316228	273.25	301.462
777	328.62	1	1.26614e+06	1	342.837	1	1318.14	1	3380.96	1	0.01	273.251	301.463
777	328.62	1	1.26614e+06	1	342.837	1	1318.14	1	3380.96	1	0.0316228	273.255	301.467
777	328.62	1	1.26614e+06	1	342.837	1	1318.14	1	3380.96	1	0.1	273.267	301.48
777	328.62	1	1.26614e+06	1	342.837	1	1318.14	1	3380.96	1	0.316228	273.305	301.52
777	328.62	1	1.26614e+06	1	342.837	1	1318.14	1	3380.96	1	1	273.426	301.647
777	328.62	1	1.26614e+06	1	342.837	1	1318.14	1	3380.96	1	3.16228	273.806	302.046
777	328.62	1	1.26614e+06	1	342.837	1	1318.14	1	3380.96	1	10	274.989	303.285
777	328.62	1	1.26614e+06	1	342.837	1	1318.14	1	3380.96	1	31.6228	278.55	307.005
777	328.62	1	1.26614e+06	1	342.837	1	1318.14	1	3380.96	1	100	288.519	317.392
778	637.181	1	939516	1	341.189	1	639.515	1	3075.33	1	0	273.249	301.462
778	637.181	1	939516	1	341.189	1	639.515	1	3075.33	1	0.001	273.25	301.462
778	637.181	1	939516	1	341.189	1	639.515	1	3075.33	1	0.00316228	273.25	301.462
778	637.181	1	939516	1	341.189	1	639.515	1	3075.33	1	0.01	273.252	301.464
778	637.181	1	939516	1	341.189	1	639.515	1	3075.33	1	0.0316228	273.256	301.469
778	637.181	1	939516	1	341.189	1	639.515	1	3075.33	1	0.1	273.272	301.486
778	637.181	1	939516	1	341.189	1	639.515	1	3075.33	1	0.316228	273.32	301.539
778	637.181	1	939516	1	341.189	1	639.515	1	3075.33	1	1	273.471	301.705
778	637.181	1	939516	1	341.189	1	639.515	1	3075.33	1	3.16228	273.948	302.23
778	637.181	1	939516	1	341.189	1	639.515	1	3075.33	1	10	275.435	303.863
778	637.181	1	939516	1	341.189	1	639.515	1	3075.33	1	31.6228	279.935	308.782
778	637.181	1	939516	1	341.189	1	639.515	1	3075.33	1	100	292.65	322.605
779	163.583	1	2.23306e+06	1	428.828	1	1475.56	1	1734.41	1	0	273.249	301.462
779	163.583	1	2.23306e+06	1	428.828	1	1475.56	1	1734.41	1	0.001	273.25	301.462
779	163.583	1	2.23306e+06	1	428.828	1	1475.56	1	1734.41	1	0.00316228	273.25	301.462
779	163.583	1	2.23306e+06	1	428.828	1	1475.56	1	1734.41	1	0.01	273.251	301.463
779	163.583	1	2.23306e+06	1	428.828	1	1475.56	1	1734.41	1	0.0316228	273.255	301.467
779	163.583	1	2.23306e+06	1	428.828	1	1475.56	1	1734.41	1	0.1	273.268	301.478
779	163.583	1	2.23306e+06	1	428.828	1	1475.56	1	1734.41	1	0.316228	273.308	301.514
779	163.583	1	2.23306e+06	1	428.828	1	1475.56	1	1734.41	1	1	273.435	301.627
779	163.583	1	2.23306e+06	1	428.828	1	1475.56	1	1734.41	1	3.16228	273.834	301.984
779	163.583	1	2.23306e+06	1	428.828	1	1475.56	1	1734.41	1	10	275.064	303.092
779	163.583	1	2.23306e+06	1	428.828	1	1475.56	1	1734.41	1	31.6228	278.726	306.437
779	163.583	1	2.23306e+06	1	428.828	1	1475.56	1	1734.41	1	100	288.649	315.855
780	335.225	1	774355	1	193.446	1	1632.94	1	2909.52	1	0	273.249	301.462
780	335.225	1	774355	1	193.446	1	1632.94	1	2909.52	1	0.001	273.25	301.462
780	335.225	1	774355	1	193.446	1	1632.94	1	2909.52	1	0.00316228	273.25	301.462
780	335.225	1	774355	1	193.446	1	1632.94	1	2909.52	1	0.01	273.252	301.464
780	335.225	1	774355	1	193.446	1	1632.94	1	2909.52	1	0.0316228	273.257	301.47
780	335.225	1	774355	1	193.446	1	1632.94	1	2909.52	1	0.1	273.273	301.488
780	335.225	1	774355	1	193.446	1	1632.94	1	2909.52	1	0.316228	273.323	301.545
780	335.225	1	774355	1	193.446	1	1632.94	1	2909.52	1	1	273.482	301.725
780	335.225	1	774355	1	193.446	1	1632.94	1	2909.52	1	3.16228	273.979	302.288
780	335.225	1	774355	1	193.446	1	1632.94	1	2909.52	1	10	275.504	304.006
780	335.225	1	774355	1	193.446	1	1632.94	1	2909.52	1	31.6228	279.925	308.945
780	335.225	1	774355	1	193.446	1	1632.94	1	2909.52	1	100	291.108	321.276
781	512.839	1	1.32301e+06	1	740.37	1	2316.19	1	3763.94	1	0	273.249	301.462
781	512.839	1	1.32301e+06	1	740.37	1	2316.19	1	3763.94	1	0.001	273.25	301.462
781	512.839	1	1.32301e+06	1	740.37	1	2316.19	1	3763.94	1	0.00316228	273.25	301.462
781	512.839	1	1.32301e+06	1	740.37	1	2316.19	1	3763.94	1	0.01	273.25	301.463
781	512.839	1	1.32301e+06	1	740.37	1	2316.19	1	3763.94	1	0.0316228	273.252	301.465
781	512.839	1	1.32301e+06	1	740.37	1	2316.19	1	3763.94	1	0.1	273.259	301.471
781	512.839	1	1.32301e+06	1	740.37	1	2316.19	1	3763.94	1	0.316228	273.279	301.491
781	512.839	1	1.32301e+06	1	740.37	1	2316.19	1	3763.94	1	1	273.343	301.556
781	512.839	1	1.32301e+06	1	740.37	1	2316.19	1	3763.94	1	3.16228	273.545	301.759
781	512.839	1	1.32301e+06	1	740.37	1	2316.19	1	3763.94	1	10	274.18	302.395
781	512.839	1	1.32301e+06	1	740.37	1	2316.19	1	3763.94	1	31.6228	276.134	304.359
781	512.839	1	1.32301e+06	1	740.37	1	2316.19	1	3763.94	1	100	281.89	310.139
782	484.299	1	967613	1	204.559	1	925.174	1	2961.9	1	0	273.249	301.462
782	484.299	1	967613	1	204.559	1	925.174	1	2961.9	1	0.001	273.25	301.462
782	484.299	1	967613	1	204.559	1	925.174	1	2961.9	1	0.00316228	273.25	301.462
782	484.299	1	967613	1	204.559	1	925.174	1	2961.9	1	0.01	273.252	301.464
782	484.299	1	967613	1	204.559	1	925.174	1	2961.9	1	0.0316228	273.257	301.471
782	484.299	1	967613	1	204.559	1	925.174	1	2961.9	1	0.1	273.274	301.49
782	484.299	1	967613	1	204.559	1	925.174	1	2961.9	1	0.316228	273.328	301.552
782	484.299	1	967613	1	204.559	1	925.174	1	2961.9	1	1	273.499	301.747
782	484.299	1	967613	1	204.559	1	925.174	1	2961.9	1	3.16228	274.033	302.359
782	484.299	1	967613	1	204.559	1	925.174	1	2961.9	1	10	275.682	304.24
782	484.299	1	967613	1	204.559	1	925.174	1	2961.9	1	31.6228	280.534	309.723
782	484.299	1	967613	1	204.559	1	925.174	1	2961.9	1	100	293.311	324.005
783	792.612	1	1.80016e+06	1	418.16	1	1494.63	1	3140.8	1	0	273.249	301.462
783	792.612	1	1.80016e+06	1	418.16	1	1494.63	1	3140.8	1	0.001	273.25	301.462
783	792.612	1	1.80016e+06	1	418.16	1	1494.63	1	3140.8	1	0.00316228	273.25	301.462
783	792.612	1	1.80016e+06	1	418.16	1	1494.63	1	3140.8	1	0.01	273.251	301.463
783	792.612	1	1.80016e+06	1	418.16	1	1494.63	1	3140.8	1	0.0316228	273.254	301.466
783	792.612	1	1.80016e+06	1	418.16	1	1494.63	1	3140.8	1	0.1	273.263	301.477
783	792.612	1	1.80016e+06	1	418.16	1	1494.63	1	3140.8	1	0.316228	273.292	301.51
783	792.612	1	1.80016e+06	1	418.16	1	1494.63	1	3140.8	1	1	273.385	301.614
783	792.612	1	1.80016e+06	1	418.16	1	1494.63	1	3140.8	1	3.16228	273.677	301.941
783	792.612	1	1.80016e+06	1	418.16	1	1494.63	1	3140.8	1	10	274.589	302.961
783	792.612	1	1.80016e+06	1	418.16	1	1494.63	1	3140.8	1	31.6228	277.372	306.059
783	792.612	1	1.80016e+06	1	418.16	1	1494.63	1	3140.8	1	100	285.347	314.882
784	469.158	1	2.71289e+06	1	408.806	1	714.202	1	3779.69	1	0	273.249	301.462
784	469.158	1	2.71289e+06	1	408.806	1	714.202	1	3779.69	1	0.001	273.25	301.462
784	469.158	1	2.71289e+06	1	408.806	1	714.202	1	3779.69	1	0.00316228	273.25	301.462
784	469.158	1	2.71289e+06	1	408.806	1	714.202	1	3779.69	1	0.01	273.251	301.464
784	469.158	1	2.71289e+06	1	408.806	1	714.202	1	3779.69	1	0.0316228	273.256	301.468
784	469.158	1	2.71289e+06	1	408.806	1	714.202	1	3779.69	1	0.1	273.27	301.483
784	469.158	1	2.71289e+06	1	408.806	1	714.202	1	3779.69	1	0.316228	273.313	301.529
784	469.158	1	2.71289e+06	1	408.806	1	714.202	1	3779.69	1	1	273.45	301.675
784	469.158	1	2.71289e+06	1	408.806	1	714.202	1	3779.69	1	3.16228	273.883	302.135
784	469.158	1	2.71289e+06	1	408.806	1	714.202	1	3779.69	1	10	275.233	303.569
784	469.158	1	2.71289e+06	1	408.806	1	714.202	1	3779.69	1	31.6228	279.341	307.92
784	469.158	1	2.71289e+06	1	408.806	1	714.202	1	3779.69	1	100	291	320.225
785	528.025	1	920466	1	499.552	1	2245.97	1	2302.03	1	0	273.249	301.462
785	528.025	1	920466	1	499.552	1	2245.97	1	2302.03	1	0.001	273.25	301.462
785	528.025	1	920466	1	499.552	1	2245.97	1	2302.03	1	0.00316228	273.25	301.462
785	528.025	1	920466	1	499.552	1	2245.97	1	2302.03	1	0.01	273.251	301.463
785	528.025	1	920466	1	499.552	1	2245.97	1	2302.03	1	0.0316228	273.253	301.465
785	528.025	1	920466	1	499.552	1	2245.97	1	2302.03	1	0.1	273.261	301.474
785	528.025	1	920466	1	499.552	1	2245.97	1	2302.03	1	0.316228	273.285	301.5
785	528.025	1	920466	1	499.552	1	2245.97	1	2302.03	1	1	273.363	301.583
785	528.025	1	920466	1	499.552	1	2245.97	1	2302.03	1	3.16228	273.609	301.844
785	528.025	1	920466	1	499.552	1	2245.97	1	2302.03	1	10	274.376	302.659
785	528.025	1	920466	1	499.552	1	2245.97	1	2302.03	1	31.6228	276.722	305.144
785	528.025	1	920466	1	499.552	1	2245.97	1	2302.03	1	100	283.489	312.285
786	481.885	1	585020	1	307.586	1	1004.11	1	4359.42	1	0	273.249	301.462
786	481.885	1	585020	1	307.586	1	1004.11	1	4359.42	1	0.001	273.25	301.462
786	481.885	1	585020	1	307.586	1	1004.11	1	4359.42	1	0.00316228	273.25	301.462
786	481.885	1	585020	1	307.586	1	1004.11	1	4359.42	1	0.01	273.251	301.464
786	481.885	1	585020	1	307.586	1	1004.11	1	4359.42	1	0.0316228	273.256	301.468
786	481.885	1	585020	1	307.586	1	1004.11	1	4359.42	1	0.1	273.269	301.483
786	481.885	1	585020	1	307.586	1	1004.11	1	4359.42	1	0.316228	273.311	301.529
786	481.885	1	585020	1	307.586	1	1004.11	1	4359.42	1	1	273.443	301.676
786	481.885	1	585020	1	307.586	1	1004.11	1	4359.42	1	3.16228	273.861	302.135
786	481.885	1	585020	1	307.586	1	1004.11	1	4359.42	1	10	275.16	303.563
786	481.885	1	585020	1	307.586	1	1004.11	1	4359.42	1	31.6228	279.074	307.84
786	481.885	1	585020	1	307.586	1	1004.11	1	4359.42	1	100	289.998	319.679
787	465.718	1	1.32379e+06	1	257.622	1	6896.31	1	2289.33	1	0	273.249	301.462
787	465.718	1	1.32379e+06	1	257.622	1	6896.31	1	2289.33	1	0.001	273.25	301.462
787	465.718	1	1.32379e+06	1	257.622	1	6896.31	1	2289.33	1	0.00316228	273.25	301.462
787	465.718	1	1.32379e+06	1	257.622	1	6896.31	1	2289.33	1	0.01	273.251	301.463
787	465.718	1	1.32379e+06	1	257.622	1	6896.31	1	2289.33	1	0.0316228	273.254	301.467
787	465.718	1	1.32379e+06	1	257.622	1	6896.31	1	2289.33	1	0.1	273.265	301.479
787	465.718	1	1.32379e+06	1	257.622	1	6896.31	1	2289.33	1	0.316228	273.297	301.517
787	465.718	1	1.32379e+06	1	257.622	1	6896.31	1	2289.33	1	1	273.4	301.635
787	465.718	1	1.32379e+06	1	257.622	1	6896.31	1	2289.33	1	3.16228	273.722	302.006
787	465.718	1	1.32379e+06	1	257.622	1	6896.31	1	2289.33	1	10	274.713	303.144
787	465.718	1	1.32379e+06	1	257.622	1	6896.31	1	2289.33	1	31.6228	277.6	306.428
787	465.718	1	1.32379e+06	1	257.622	1	6896.31	1	2289.33	1	100	285.002	314.782
788	443.019	1	1.39876e+06	1	302.163	1	424.05	1	3419.07	1	0	273.249	301.462
788	443.019	1	1.39876e+06	1	302.163	1	424.05	1	3419.07	1	0.001	273.25	301.462
788	443.019	1	1.39876e+06	1	302.163	1	424.05	1	3419.07	1	0.00316228	273.25	301.463
788	443.019	1	1.39876e+06	1	302.163	1	424.05	1	3419.07	1	0.01	273.252	301.465
788	443.019	1	1.39876e+06	1	302.163	1	424.05	1	3419.07	1	0.0316228	273.259	301.472
788	443.019	1	1.39876e+06	1	302.163	1	424.05	1	3419.07	1	0.1	273.279	301.494
788	443.019	1	1.39876e+06	1	302.163	1	424.05	1	3419.07	1	0.316228	273.344	301.564
788	443.019	1	1.39876e+06	1	302.163	1	424.05	1	3419.07	1	1	273.549	301.784
788	443.019	1	1.39876e+06	1	302.163	1	424.05	1	3419.07	1	3.16228	274.192	302.477
788	443.019	1	1.39876e+06	1	302.163	1	424.05	1	3419.07	1	10	276.191	304.628
788	443.019	1	1.39876e+06	1	302.163	1	424.05	1	3419.07	1	31.6228	282.169	311.035
788	443.019	1	1.39876e+06	1	302.163	1	424.05	1	3419.07	1	100	299.231	329.204
789	611.745	1	316526	1	867.2	1	594.118	1	2471.37	1	0	273.249	301.462
789	611.745	1	316526	1	867.2	1	594.118	1	2471.37	1	0.001	273.25	301.462
789	611.745	1	316526	1	867.2	1	594.118	1	2471.37	1	0.00316228	273.25	301.462
789	611.745	1	316526	1	867.2	1	594.118	1	2471.37	1	0.01	273.251	301.463
789	611.745	1	316526	1	867.2	1	594.118	1	2471.37	1	0.0316228	273.255	301.467
789	611.745	1	316526	1	867.2	1	594.118	1	2471.37	1	0.1	273.267	301.48
789	611.745	1	316526	1	867.2	1	594.118	1	2471.37	1	0.316228	273.306	301.519
789	611.745	1	316526	1	867.2	1	594.118	1	2471.37	1	1	273.427	301.644
789	611.745	1	316526	1	867.2	1	594.118	1	2471.37	1	3.16228	273.811	302.037
789	611.745	1	316526	1	867.2	1	594.118	1	2471.37	1	10	275.009	303.265
789	611.745	1	316526	1	867.2	1	594.118	1	2471.37	1	31.6228	278.667	307.015
789	611.745	1	316526	1	867.2	1	594.118	1	2471.37	1	100	289.317	317.925
790	426.171	1	442811	1	471.953	1	867.503	1	2380.43	1	0	273.249	301.462
790	426.171	1	442811	1	471.953	1	867.503	1	2380.43	1	0.001	273.25	301.462
790	426.171	1	442811	1	471.953	1	867.503	1	2380.43	1	0.00316228	273.25	301.462
790	426.171	1	442811	1	471.953	1	867.503	1	2380.43	1	0.01	273.251	301.463
790	426.171	1	442811	1	471.953	1	867.503	1	2380.43	1	0.0316228	273.255	301.467
790	426.171	1	442811	1	471.953	1	867.503	1	2380.43	1	0.1	273.267	301.48
790	426.171	1	442811	1	471.953	1	867.503	1	2380.43	1	0.316228	273.305	301.519
790	426.171	1	442811	1	471.953	1	867.503	1	2380.43	1	1	273.424	301.644
790	426.171	1	442811	1	471.953	1	867.503	1	2380.43	1	3.16228	273.801	302.036
790	426.171	1	442811	1	471.953	1	867.503	1	2380.43	1	10	274.98	303.262
790	426.171	1	442811	1	471.953	1	867.503	1	2380.43	1	31.6228	278.578	307.001
790	426.171	1	442811	1	471.953	1	867.503	1	2380.43	1	100	288.913	317.723
791	704.352	1	293018	1	183.476	1	1984.52	1	3676.52	1	0	273.249	301.462
791	704.352	1	293018	1	183.476	1	1984.52	1	3676.52	1	0.001	273.25	301.462
791	704.352	1	293018	1	183.476	1	1984.52	1	3676.52	1	0.00316228	273.25	301.462
791	704.352	1	293018	1	183.476	1	1984.52	1	3676.52	1	0.01	273.252	301.464
791	704.352	1	293018	1	183.476	1	1984.52	1	3676.52	1	0.0316228	273.256	301.47
791	704.352	1	293018	1	183.476	1	1984.52	1	3676.52	1	0.1	273.271	301.488
791	704.352	1	293018	1	183.476	1	1984.52	1	3676.52	1	0.316228	273.318	301.544
791	704.352	1	293018	1	183.476	1	1984.52	1	3676.52	1	1	273.465	301.722
791	704.352	1	293018	1	183.476	1	1984.52	1	3676.52	1	3.16228	273.926	302.279
791	704.352	1	293018	1	183.476	1	1984.52	1	3676.52	1	10	275.336	303.973
791	704.352	1	293018	1	183.476	1	1984.52	1	3676.52	1	31.6228	279.384	308.803
791	704.352	1	293018	1	183.476	1	1984.52	1	3676.52	1	100	289.367	320.592
792	465.306	1	806473	1	625.192	1	2243.36	1	2844.93	1	0	273.249	301.462
792	465.306	1	806473	1	625.192	1	2243.36	1	2844.93	1	0.001	273.25	301.462
792	465.306	1	806473	1	625.192	1	2243.36	1	2844.93	1	0.00316228	273.25	301.462
792	465.306	1	806473	1	625.192	1	2243.36	1	2844.93	1	0.01	273.25	301.463
792	465.306	1	806473	1	625.192	1	2243.36	1	2844.93	1	0.0316228	273.253	301.465
792	465.306	1	806473	1	625.192	1	2243.36	1	2844.93	1	0.1	273.26	301.472
792	465.306	1	806473	1	625.192	1	2243.36	1	2844.93	1	0.316228	273.282	301.495
792	465.306	1	806473	1	625.192	1	2243.36	1	2844.93	1	1	273.354	301.567
792	465.306	1	806473	1	625.192	1	2243.36	1	2844.93	1	3.16228	273.579	301.796
792	465.306	1	806473	1	625.192	1	2243.36	1	2844.93	1	10	274.284	302.51
792	465.306	1	806473	1	625.192	1	2243.36	1	2844.93	1	31.6228	276.449	304.704
792	465.306	1	806473	1	625.192	1	2243.36	1	2844.93	1	100	282.765	311.102
793	480.402	1	835137	1	447.992	1	1173.36	1	3085.17	1	0	273.249	301.462
793	480.402	1	835137	1	447.992	1	1173.36	1	3085.17	1	0.001	273.25	301.462
793	480.402	1	835137	1	447.992	1	1173.36	1	3085.17	1	0.00316228	273.25	301.462
793	480.402	1	835137	1	447.992	1	1173.36	1	3085.17	1	0.01	273.251	301.463
793	480.402	1	835137	1	447.992	1	1173.36	1	3085.17	1	0.0316228	273.254	301.467
793	480.402	1	835137	1	447.992	1	1173.36	1	3085.17	1	0.1	273.265	301.478
793	480.402	1	835137	1	447.992	1	1173.36	1	3085.17	1	0.316228	273.298	301.513
793	480.402	1	835137	1	447.992	1	1173.36	1	3085.17	1	1	273.403	301.624
793	480.402	1	835137	1	447.992	1	1173.36	1	3085.17	1	3.16228	273.732	301.974
793	480.402	1	835137	1	447.992	1	1173.36	1	3085.17	1	10	274.763	303.066
793	480.402	1	835137	1	447.992	1	1173.36	1	3085.17	1	31.6228	277.912	306.394
793	480.402	1	835137	1	447.992	1	1173.36	1	3085.17	1	100	286.979	315.943
794	334.798	1	649458	1	410.188	1	1071.11	1	4138.39	1	0	273.249	301.462
794	334.798	1	649458	1	410.188	1	1071.11	1	4138.39	1	0.001	273.25	301.462
794	334.798	1	649458	1	410.188	1	1071.11	1	4138.39	1	0.00316228	273.25	301.462
794	334.798	1	649458	1	410.188	1	1071.11	1	4138.39	1	0.01	273.251	301.463
794	334.798	1	649458	1	410.188	1	1071.11	1	4138.39	1	0.0316228	273.255	301.467
794	334.798	1	649458	1	410.188	1	1071.11	1	4138.39	1	0.1	273.267	301.48
794	334.798	1	649458	1	410.188	1	1071.11	1	4138.39	1	0.316228	273.305	301.518
794	334.798	1	649458	1	410.188	1	1071.11	1	4138.39	1	1	273.424	301.641
794	334.798	1	649458	1	410.188	1	1071.11	1	4138.39	1	3.16228	273.8	302.028
794	334.798	1	649458	1	410.188	1	1071.11	1	4138.39	1	10	274.974	303.234
794	334.798	1	649458	1	410.188	1	1071.11	1	4138.39	1	31.6228	278.534	306.89
794	334.798	1	649458	1	410.188	1	1071.11	1	4138.39	1	100	288.666	317.297
795	293.317	1	838565	1	447.37	1	2876.93	1	4114.79	1	0	273.249	301.462
795	293.317	1	838565	1	447.37	1	2876.93	1	4114.79	1	0.001	273.25	301.462
795	293.317	1	838565	1	447.37	1	2876.93	1	4114.79	1	0.00316228	273.25	301.462
795	293.317	1	838565	1	447.37	1	2876.93	1	4114.79	1	0.01	273.251	301.463
795	293.317	1	838565	1	447.37	1	2876.93	1	4114.79	1	0.0316228	273.254	301.466
795	293.317	1	838565	1	447.37	1	2876.93	1	4114.79	1	0.1	273.262	301.474
795	293.317	1	838565	1	447.37	1	2876.93	1	4114.79	1	0.316228	273.29	301.502
795	293.317	1	838565	1	447.37	1	2876.93	1	4114.79	1	1	273.379	301.589
795	293.317	1	838565	1	447.37	1	2876.93	1	4114.79	1	3.16228	273.657	301.863
795	293.317	1	838565	1	447.37	1	2876.93	1	4114.79	1	10	274.522	302.715
795	293.317	1	838565	1	447.37	1	2876.93	1	4114.79	1	31.6228	277.123	305.287
795	293.317	1	838565	1	447.37	1	2876.93	1	4114.79	1	100	284.413	312.541
796	424.088	1	1.33629e+06	1	431.684	1	854.891	1	3889.38	1	0	273.249	301.462
796	424.088	1	1.33629e+06	1	431.684	1	854.891	1	3889.38	1	0.001	273.25	301.462
796	424.088	1	1.33629e+06	1	431.684	1	854.891	1	3889.38	1	0.00316228	273.25	301.462
796	424.088	1	1.33629e+06	1	431.684	1	854.891	1	3889.38	1	0.01	273.251	301.463
796	424.088	1	1.33629e+06	1	431.684	1	854.891	1	3889.38	1	0.0316228	273.255	301.468
796	424.088	1	1.33629e+06	1	431.684	1	854.891	1	3889.38	1	0.1	273.268	301.481
796	424.088	1	1.33629e+06	1	431.684	1	854.891	1	3889.38	1	0.316228	273.307	301.522
796	424.088	1	1.33629e+06	1	431.684	1	854.891	1	3889.38	1	1	273.432	301.653
796	424.088	1	1.33629e+06	1	431.684	1	854.891	1	3889.38	1	3.16228	273.824	302.064
796	424.088	1	1.33629e+06	1	431.684	1	854.891	1	3889.38	1	10	275.049	303.35
796	424.088	1	1.33629e+06	1	431.684	1	854.891	1	3889.38	1	31.6228	278.784	307.259
796	424.088	1	1.33629e+06	1	431.684	1	854.891	1	3889.38	1	100	289.461	318.406
797	378.63	1	212662	1	1031.96	1	721.569	1	4103.1	1	0	273.249	301.462
797	378.63	1	212662	1	1031.96	1	721.569	1	4103.1	1	0.001	273.25	301.462
797	378.63	1	212662	1	1031.96	1	721.569	1	4103.1	1	0.00316228	273.25	301.462
797	378.63	1	212662	1	1031.96	1	721.569	1	4103.1	1	0.01	273.251	301.463
797	378.63	1	212662	1	1031.96	1	721.569	1	4103.1	1	0.0316228	273.255	301.466
797	378.63	1	212662	1	1031.96	1	721.569	1	4103.1	1	0.1	273.265	301.477
797	378.63	1	212662	1	1031.96	1	721.569	1	4103.1	1	0.316228	273.3	301.511
797	378.63	1	212662	1	1031.96	1	721.569	1	4103.1	1	1	273.41	301.616
797	378.63	1	212662	1	1031.96	1	721.569	1	4103.1	1	3.16228	273.756	301.95
797	378.63	1	212662	1	1031.96	1	721.569	1	4103.1	1	10	274.837	302.994
797	378.63	1	212662	1	1031.96	1	721.569	1	4103.1	1	31.6228	278.141	306.195
797	378.63	1	212662	1	1031.96	1	721.569	1	4103.1	1	100	287.64	315.444
798	498.382	1	1.85983e+06	1	377.105	1	736.547	1	1970.42	1	0	273.249	301.462
798	498.382	1	1.85983e+06	1	377.105	1	736.547	1	1970.42	1	0.001	273.25	301.462
798	498.382	1	1.85983e+06	1	377.105	1	736.547	1	1970.42	1	0.00316228	273.25	301.462
798	498.382	1	1.85983e+06	1	377.105	1	736.547	1	1970.42	1	0.01	273.251	301.464
798	498.382	1	1.85983e+06	1	377.105	1	736.547	1	1970.42	1	0.0316228	273.256	301.468
798	498.382	1	1.85983e+06	1	377.105	1	736.547	1	1970.42	1	0.1	273.27	301.483
798	498.382	1	1.85983e+06	1	377.105	1	736.547	1	1970.42	1	0.316228	273.314	301.531
798	498.382	1	1.85983e+06	1	377.105	1	736.547	1	1970.42	1	1	273.452	301.68
798	498.382	1	1.85983e+06	1	377.105	1	736.547	1	1970.42	1	3.16228	273.889	302.15
798	498.382	1	1.85983e+06	1	377.105	1	736.547	1	1970.42	1	10	275.252	303.616
798	498.382	1	1.85983e+06	1	377.105	1	736.547	1	1970.42	1	31.6228	279.393	308.052
798	498.382	1	1.85983e+06	1	377.105	1	736.547	1	1970.42	1	100	291.109	320.549
799	533.942	1	468333	1	553.234	1	802.697	1	3233.97	1	0	273.249	301.462
799	533.942	1	468333	1	553.234	1	802.697	1	3233.97	1	0.001	273.25	301.462
799	533.942	1	468333	1	553.234	1	802.697	1	3233.97	1	0.00316228	273.25	301.462
799	533.942	1	468333	1	553.234	1	802.697	1	3233.97	1	0.01	273.251	301.463
799	533.942	1	468333	1	553.234	1	802.697	1	3233.97	1	0.0316228	273.255	301.467
799	533.942	1	468333	1	553.234	1	802.697	1	3233.97	1	0.1	273.266	301.479
799	533.942	1	468333	1	553.234	1	802.697	1	3233.97	1	0.316228	273.302	301.517
799	533.942	1	468333	1	553.234	1	802.697	1	3233.97	1	1	273.417	301.637
799	533.942	1	468333	1	553.234	1	802.697	1	3233.97	1	3.16228	273.778	302.015
799	533.942	1	468333	1	553.234	1	802.697	1	3233.97	1	10	274.907	303.196
799	533.942	1	468333	1	553.234	1	802.697	1	3233.97	1	31.6228	278.367	306.813
799	533.942	1	468333	1	553.234	1	802.697	1	3233.97	1	100	288.355	317.226
800	492.902	1	794576	1	259.373	1	3691.29	1	3340.24	1	0	273.249	301.462
800	492.902	1	794576	1	259.373	1	3691.29	1	3340.24	1	0.001	273.25	301.462
800	492.902	1	794576	1	259.373	1	3691.29	1	3340.24	1	0.00316228	273.25	301.462
800	492.902	1	794576	1	259.373	1	3691.29	1	3340.24	1	0.01	273.251	301.463
800	492.902	1	794576	1	259.373	1	3691.29	1	3340.24	1	0.0316228	273.254	301.467
800	492.902	1	794576	1	259.373	1	3691.29	1	3340.24	1	0.1	273.265	301.48
800	492.902	1	794576	1	259.373	1	3691.29	1	3340.24	1	0.316228	273.299	301.519
800	492.902	1	794576	1	259.373	1	3691.29	1	3340.24	1	1	273.407	301.643
800	492.902	1	794576	1	259.373	1	3691.29	1	3340.24	1	3.16228	273.745	302.032
800	492.902	1	794576	1	259.373	1	3691.29	1	3340.24	1	10	274.786	303.227
800	492.902	1	794576	1	259.373	1	3691.29	1	3340.24	1	31.6228	277.84	306.699
800	492.902	1	794576	1	259.373	1	3691.29	1	3340.24	1	100	285.787	315.658
801	323.061	1	647867	1	427.627	1	709.533	1	2501.78	1	0	273.249	301.462
801	323.061	1	647867	1	427.627	1	709.533	1	2501.78	1	0.001	273.25	301.462
801	323.061	1	647867	1	427.627	1	709.533	1	2501.78	1	0.00316228	273.25	301.462
801	323.061	1	647867	1	427.627	1	709.533	1	2501.78	1	0.01	273.252	301.464
801	323.061	1	647867	1	427.627	1	709.533	1	2501.78	1	0.0316228	273.256	301.468
801	323.061	1	647867	1	427.627	1	709.533	1	2501.78	1	0.1	273.27	301.483
801	323.061	1	647867	1	427.627	1	709.533	1	2501.78	1	0.316228	273.315	301.529
801	323.061	1	647867	1	427.627	1	709.533	1	2501.78	1	1	273.458	301.675
801	323.061	1	647867	1	427.627	1	709.533	1	2501.78	1	3.16228	273.907	302.134
801	323.061	1	647867	1	427.627	1	709.533	1	2501.78	1	10	275.308	303.565
801	323.061	1	647867	1	427.627	1	709.533	1	2501.78	1	31.6228	279.558	307.909
801	323.061	1	647867	1	427.627	1	709.533	1	2501.78	1	100	291.583	320.212
802	360.179	1	1.28235e+06	1	375.511	1	853.949	1	2167.18	1	0	273.249	301.462
802	360.179	1	1.28235e+06	1	375.511	1	853.949	1	2167.18	1	0.001	273.25	301.462
802	360.179	1	1.28235e+06	1	375.511	1	853.949	1	2167.18	1	0.00316228	273.25	301.462
802	360.179	1	1.28235e+06	1	375.511	1	853.949	1	2167.18	1	0.01	273.251	301.464
802	360.179	1	1.28235e+06	1	375.511	1	853.949	1	2167.18	1	0.0316228	273.256	301.468
802	360.179	1	1.28235e+06	1	375.511	1	853.949	1	2167.18	1	0.1	273.269	301.482
802	360.179	1	1.28235e+06	1	375.511	1	853.949	1	2167.18	1	0.316228	273.312	301.527
802	360.179	1	1.28235e+06	1	375.511	1	853.949	1	2167.18	1	1	273.447	301.668
802	360.179	1	1.28235e+06	1	375.511	1	853.949	1	2167.18	1	3.16228	273.871	302.113
802	360.179	1	1.28235e+06	1	375.511	1	853.949	1	2167.18	1	10	275.196	303.5
802	360.179	1	1.28235e+06	1	375.511	1	853.949	1	2167.18	1	31.6228	279.212	307.694
802	360.179	1	1.28235e+06	1	375.511	1	853.949	1	2167.18	1	100	290.574	319.535
803	401.555	1	1.33383e+06	1	210.461	1	859.441	1	3008.83	1	0	273.249	301.462
803	401.555	1	1.33383e+06	1	210.461	1	859.441	1	3008.83	1	0.001	273.25	301.462
803	401.555	1	1.33383e+06	1	210.461	1	859.441	1	3008.83	1	0.00316228	273.25	301.462
803	401.555	1	1.33383e+06	1	210.461	1	859.441	1	3008.83	1	0.01	273.252	301.464
803	401.555	1	1.33383e+06	1	210.461	1	859.441	1	3008.83	1	0.0316228	273.258	301.471
803	401.555	1	1.33383e+06	1	210.461	1	859.441	1	3008.83	1	0.1	273.275	301.49
803	401.555	1	1.33383e+06	1	210.461	1	859.441	1	3008.83	1	0.316228	273.331	301.553
803	401.555	1	1.33383e+06	1	210.461	1	859.441	1	3008.83	1	1	273.505	301.75
803	401.555	1	1.33383e+06	1	210.461	1	859.441	1	3008.83	1	3.16228	274.054	302.367
803	401.555	1	1.33383e+06	1	210.461	1	859.441	1	3008.83	1	10	275.749	304.266
803	401.555	1	1.33383e+06	1	210.461	1	859.441	1	3008.83	1	31.6228	280.75	309.82
803	401.555	1	1.33383e+06	1	210.461	1	859.441	1	3008.83	1	100	294.028	324.415
804	518.631	1	1.10883e+06	1	324.75	1	700.321	1	1456.82	1	0	273.249	301.462
804	518.631	1	1.10883e+06	1	324.75	1	700.321	1	1456.82	1	0.001	273.25	301.462
804	518.631	1	1.10883e+06	1	324.75	1	700.321	1	1456.82	1	0.00316228	273.25	301.462
804	518.631	1	1.10883e+06	1	324.75	1	700.321	1	1456.82	1	0.01	273.252	301.464
804	518.631	1	1.10883e+06	1	324.75	1	700.321	1	1456.82	1	0.0316228	273.256	301.469
804	518.631	1	1.10883e+06	1	324.75	1	700.321	1	1456.82	1	0.1	273.271	301.486
804	518.631	1	1.10883e+06	1	324.75	1	700.321	1	1456.82	1	0.316228	273.319	301.538
804	518.631	1	1.10883e+06	1	324.75	1	700.321	1	1456.82	1	1	273.47	301.703
804	518.631	1	1.10883e+06	1	324.75	1	700.321	1	1456.82	1	3.16228	273.944	302.221
804	518.631	1	1.10883e+06	1	324.75	1	700.321	1	1456.82	1	10	275.421	303.833
804	518.631	1	1.10883e+06	1	324.75	1	700.321	1	1456.82	1	31.6228	279.885	308.683
804	518.631	1	1.10883e+06	1	324.75	1	700.321	1	1456.82	1	100	292.37	322.164
805	476.819	1	1.22478e+06	1	656.779	1	660.39	1	2044.9	1	0	273.249	301.462
805	476.819	1	1.22478e+06	1	656.779	1	660.39	1	2044.9	1	0.001	273.25	301.462
805	476.819	1	1.22478e+06	1	656.779	1	660.39	1	2044.9	1	0.00316228	273.25	301.462
805	476.819	1	1.22478e+06	1	656.779	1	660.39	1	2044.9	1	0.01	273.251	301.463
805	476.819	1	1.22478e+06	1	656.779	1	660.39	1	2044.9	1	0.0316228	273.255	301.467
805	476.819	1	1.22478e+06	1	656.779	1	660.39	1	2044.9	1	0.1	273.268	301.48
805	476.819	1	1.22478e+06	1	656.779	1	660.39	1	2044.9	1	0.316228	273.307	301.52
805	476.819	1	1.22478e+06	1	656.779	1	660.39	1	2044.9	1	1	273.431	301.647
805	476.819	1	1.22478e+06	1	656.779	1	660.39	1	2044.9	1	3.16228	273.822	302.048
805	476.819	1	1.22478e+06	1	656.779	1	660.39	1	2044.9	1	10	275.046	303.3
805	476.819	1	1.22478e+06	1	656.779	1	660.39	1	2044.9	1	31.6228	278.786	307.128
805	476.819	1	1.22478e+06	1	656.779	1	660.39	1	2044.9	1	100	289.58	318.161
806	585.14	1	529502	1	349.736	1	815.578	1	3449.95	1	0	273.249	301.462
806	585.14	1	529502	1	349.736	1	815.578	1	3449.95	1	0.001	273.25	301.462
806	585.14	1	529502	1	349.736	1	815.578	1	3449.95	1	0.00316228	273.25	301.462
806	585.14	1	529502	1	349.736	1	815.578	1	3449.95	1	0.01	273.251	301.464
806	585.14	1	529502	1	349.736	1	815.578	1	3449.95	1	0.0316228	273.256	301.468
806	585.14	1	529502	1	349.736	1	815.578	1	3449.95	1	0.1	273.269	301.483
806	585.14	1	529502	1	349.736	1	815.578	1	3449.95	1	0.316228	273.311	301.53
806	585.14	1	529502	1	349.736	1	815.578	1	3449.95	1	1	273.445	301.677
806	585.14	1	529502	1	349.736	1	815.578	1	3449.95	1	3.16228	273.866	302.14
806	585.14	1	529502	1	349.736	1	815.578	1	3449.95	1	10	275.18	303.581
806	585.14	1	529502	1	349.736	1	815.578	1	3449.95	1	31.6228	279.166	307.932
806	585.14	1	529502	1	349.736	1	815.578	1	3449.95	1	100	290.41	320.133
807	555.776	1	1.66e+06	1	197.172	1	1523.4	1	2242.17	1	0	273.249	301.462
807	555.776	1	1.66e+06	1	197.172	1	1523.4	1	2242.17	1	0.001	273.25	301.462
807	555.776	1	1.66e+06	1	197.172	1	1523.4	1	2242.17	1	0.00316228	273.25	301.462
807	555.776	1	1.66e+06	1	197.172	1	1523.4	1	2242.17	1	0.01	273.252	301.464
807	555.776	1	1.66e+06	1	197.172	1	1523.4	1	2242.17	1	0.0316228	273.256	301.47
807	555.776	1	1.66e+06	1	197.172	1	1523.4	1	2242.17	1	0.1	273.272	301.488
807	555.776	1	1.66e+06	1	197.172	1	1523.4	1	2242.17	1	0.316228	273.319	301.544
807	555.776	1	1.66e+06	1	197.172	1	1523.4	1	2242.17	1	1	273.47	301.721
807	555.776	1	1.66e+06	1	197.172	1	1523.4	1	2242.17	1	3.16228	273.942	302.275
807	555.776	1	1.66e+06	1	197.172	1	1523.4	1	2242.17	1	10	275.391	303.971
807	555.776	1	1.66e+06	1	197.172	1	1523.4	1	2242.17	1	31.6228	279.604	308.858
807	555.776	1	1.66e+06	1	197.172	1	1523.4	1	2242.17	1	100	290.303	321.133
808	753.759	1	4.01287e+06	1	658.776	1	1136.91	1	7250.25	1	0	273.249	301.462
808	753.759	1	4.01287e+06	1	658.776	1	1136.91	1	7250.25	1	0.001	273.25	301.462
808	753.759	1	4.01287e+06	1	658.776	1	1136.91	1	7250.25	1	0.00316228	273.25	301.462
808	753.759	1	4.01287e+06	1	658.776	1	1136.91	1	7250.25	1	0.01	273.251	301.463
808	753.759	1	4.01287e+06	1	658.776	1	1136.91	1	7250.25	1	0.0316228	273.253	301.466
808	753.759	1	4.01287e+06	1	658.776	1	1136.91	1	7250.25	1	0.1	273.262	301.475
808	753.759	1	4.01287e+06	1	658.776	1	1136.91	1	7250.25	1	0.316228	273.289	301.504
808	753.759	1	4.01287e+06	1	658.776	1	1136.91	1	7250.25	1	1	273.375	301.595
808	753.759	1	4.01287e+06	1	658.776	1	1136.91	1	7250.25	1	3.16228	273.646	301.883
808	753.759	1	4.01287e+06	1	658.776	1	1136.91	1	7250.25	1	10	274.495	302.785
808	753.759	1	4.01287e+06	1	658.776	1	1136.91	1	7250.25	1	31.6228	277.116	305.564
808	753.759	1	4.01287e+06	1	658.776	1	1136.91	1	7250.25	1	100	284.81	313.689
809	440.59	1	1.01911e+06	1	247.435	1	1583.99	1	6050.4	1	0	273.249	301.462
809	440.59	1	1.01911e+06	1	247.435	1	1583.99	1	6050.4	1	0.001	273.25	301.462
809	440.59	1	1.01911e+06	1	247.435	1	1583.99	1	6050.4	1	0.00316228	273.25	301.462
809	440.59	1	1.01911e+06	1	247.435	1	1583.99	1	6050.4	1	0.01	273.251	301.464
809	440.59	1	1.01911e+06	1	247.435	1	1583.99	1	6050.4	1	0.0316228	273.256	301.468
809	440.59	1	1.01911e+06	1	247.435	1	1583.99	1	6050.4	1	0.1	273.269	301.483
809	440.59	1	1.01911e+06	1	247.435	1	1583.99	1	6050.4	1	0.316228	273.31	301.531
809	440.59	1	1.01911e+06	1	247.435	1	1583.99	1	6050.4	1	1	273.442	301.679
809	440.59	1	1.01911e+06	1	247.435	1	1583.99	1	6050.4	1	3.16228	273.855	302.145
809	440.59	1	1.01911e+06	1	247.435	1	1583.99	1	6050.4	1	10	275.131	303.583
809	440.59	1	1.01911e+06	1	247.435	1	1583.99	1	6050.4	1	31.6228	278.906	307.793
809	440.59	1	1.01911e+06	1	247.435	1	1583.99	1	6050.4	1	100	288.873	318.82
810	329.998	1	608524	1	670.631	1	1219.41	1	2529.29	1	0	273.249	301.462
810	329.998	1	608524	1	670.631	1	1219.41	1	2529.29	1	0.001	273.25	301.462
810	329.998	1	608524	1	670.631	1	1219.41	1	2529.29	1	0.00316228	273.25	301.462
810	329.998	1	608524	1	670.631	1	1219.41	1	2529.29	1	0.01	273.251	301.463
810	329.998	1	608524	1	670.631	1	1219.41	1	2529.29	1	0.0316228	273.254	301.466
810	329.998	1	608524	1	670.631	1	1219.41	1	2529.29	1	0.1	273.263	301.475
810	329.998	1	608524	1	670.631	1	1219.41	1	2529.29	1	0.316228	273.293	301.504
810	329.998	1	608524	1	670.631	1	1219.41	1	2529.29	1	1	273.388	301.595
810	329.998	1	608524	1	670.631	1	1219.41	1	2529.29	1	3.16228	273.686	301.883
810	329.998	1	608524	1	670.631	1	1219.41	1	2529.29	1	10	274.62	302.784
810	329.998	1	608524	1	670.631	1	1219.41	1	2529.29	1	31.6228	277.475	305.553
810	329.998	1	608524	1	670.631	1	1219.41	1	2529.29	1	100	285.76	313.646
811	595.714	1	182065	1	406.146	1	3155.65	1	2909.85	1	0	273.249	301.462
811	595.714	1	182065	1	406.146	1	3155.65	1	2909.85	1	0.001	273.25	301.462
811	595.714	1	182065	1	406.146	1	3155.65	1	2909.85	1	0.00316228	273.25	301.462
811	595.714	1	182065	1	406.146	1	3155.65	1	2909.85	1	0.01	273.251	301.463
811	595.714	1	182065	1	406.146	1	3155.65	1	2909.85	1	0.0316228	273.253	301.466
811	595.714	1	182065	1	406.146	1	3155.65	1	2909.85	1	0.1	273.261	301.474
811	595.714	1	182065	1	406.146	1	3155.65	1	2909.85	1	0.316228	273.286	301.502
811	595.714	1	182065	1	406.146	1	3155.65	1	2909.85	1	1	273.365	301.59
811	595.714	1	182065	1	406.146	1	3155.65	1	2909.85	1	3.16228	273.613	301.866
811	595.714	1	182065	1	406.146	1	3155.65	1	2909.85	1	10	274.387	302.725
811	595.714	1	182065	1	406.146	1	3155.65	1	2909.85	1	31.6228	276.727	305.308
811	595.714	1	182065	1	406.146	1	3155.65	1	2909.85	1	100	283.303	312.518
812	304.068	1	398547	1	762.021	1	1083.72	1	3108.55	1	0	273.249	301.462
812	304.068	1	398547	1	762.021	1	1083.72	1	3108.55	1	0.001	273.25	301.462
812	304.068	1	398547	1	762.021	1	1083.72	1	3108.55	1	0.00316228	273.25	301.462
812	304.068	1	398547	1	762.021	1	1083.72	1	3108.55	1	0.01	273.251	301.463
812	304.068	1	398547	1	762.021	1	1083.72	1	3108.55	1	0.0316228	273.254	301.466
812	304.068	1	398547	1	762.021	1	1083.72	1	3108.55	1	0.1	273.264	301.475
812	304.068	1	398547	1	762.021	1	1083.72	1	3108.55	1	0.316228	273.295	301.504
812	304.068	1	398547	1	762.021	1	1083.72	1	3108.55	1	1	273.393	301.596
812	304.068	1	398547	1	762.021	1	1083.72	1	3108.55	1	3.16228	273.702	301.887
812	304.068	1	398547	1	762.021	1	1083.72	1	3108.55	1	10	274.667	302.798
812	304.068	1	398547	1	762.021	1	1083.72	1	3108.55	1	31.6228	277.616	305.6
812	304.068	1	398547	1	762.021	1	1083.72	1	3108.55	1	100	286.152	313.798
813	386.516	1	423000	1	461.821	1	371.203	1	2814.45	1	0	273.249	301.462
813	386.516	1	423000	1	461.821	1	371.203	1	2814.45	1	0.001	273.25	301.462
813	386.516	1	423000	1	461.821	1	371.203	1	2814.45	1	0.00316228	273.25	301.463
813	386.516	1	423000	1	461.821	1	371.203	1	2814.45	1	0.01	273.252	301.465
813	386.516	1	423000	1	461.821	1	371.203	1	2814.45	1	0.0316228	273.259	301.471
813	386.516	1	423000	1	461.821	1	371.203	1	2814.45	1	0.1	273.279	301.492
813	386.516	1	423000	1	461.821	1	371.203	1	2814.45	1	0.316228	273.342	301.558
813	386.516	1	423000	1	461.821	1	371.203	1	2814.45	1	1	273.543	301.766
813	386.516	1	423000	1	461.821	1	371.203	1	2814.45	1	3.16228	274.174	302.419
813	386.516	1	423000	1	461.821	1	371.203	1	2814.45	1	10	276.133	304.448
813	386.516	1	423000	1	461.821	1	371.203	1	2814.45	1	31.6228	281.991	310.509
813	386.516	1	423000	1	461.821	1	371.203	1	2814.45	1	100	298.94	328.018
814	658.555	1	990877	1	681.519	1	873.232	1	2041.92	1	0	273.249	301.462
814	658.555	1	990877	1	681.519	1	873.232	1	2041.92	1	0.001	273.25	301.462
814	658.555	1	990877	1	681.519	1	873.232	1	2041.92	1	0.00316228	273.25	301.462
814	658.555	1	990877	1	681.519	1	873.232	1	2041.92	1	0.01	273.251	301.463
814	658.555	1	990877	1	681.519	1	873.232	1	2041.92	1	0.0316228	273.254	301.466
814	658.555	1	990877	1	681.519	1	873.232	1	2041.92	1	0.1	273.264	301.477
814	658.555	1	990877	1	681.519	1	873.232	1	2041.92	1	0.316228	273.296	301.51
814	658.555	1	990877	1	681.519	1	873.232	1	2041.92	1	1	273.396	301.615
814	658.555	1	990877	1	681.519	1	873.232	1	2041.92	1	3.16228	273.711	301.945
814	658.555	1	990877	1	681.519	1	873.232	1	2041.92	1	10	274.7	302.98
814	658.555	1	990877	1	681.519	1	873.232	1	2041.92	1	31.6228	277.743	306.162
814	658.555	1	990877	1	681.519	1	873.232	1	2041.92	1	100	286.607	315.404
815	289.746	1	2.0925e+06	1	516.5	1	1503.3	1	1624.5	1	0	273.249	301.462
815	289.746	1	2.0925e+06	1	516.5	1	1503.3	1	1624.5	1	0.001	273.25	301.462
815	289.746	1	2.0925e+06	1	516.5	1	1503.3	1	1624.5	1	0.00316228	273.25	301.462
815	289.746	1	2.0925e+06	1	516.5	1	1503.3	1	1624.5	1	0.01	273.251	301.463
815	289.746	1	2.0925e+06	1	516.5	1	1503.3	1	1624.5	1	0.0316228	273.254	301.466
815	289.746	1	2.0925e+06	1	516.5	1	1503.3	1	1624.5	1	0.1	273.264	301.476
815	289.746	1	2.0925e+06	1	516.5	1	1503.3	1	1624.5	1	0.316228	273.295	301.506
815	289.746	1	2.0925e+06	1	516.5	1	1503.3	1	1624.5	1	1	273.395	301.602
815	289.746	1	2.0925e+06	1	516.5	1	1503.3	1	1624.5	1	3.16228	273.707	301.906
815	289.746	1	2.0925e+06	1	516.5	1	1503.3	1	1624.5	1	10	274.682	302.854
815	289.746	1	2.0925e+06	1	516.5	1	1503.3	1	1624.5	1	31.6228	277.64	305.746
815	289.746	1	2.0925e+06	1	516.5	1	1503.3	1	1624.5	1	100	286.107	314.099
816	524.201	1	1.92485e+06	1	513.478	1	519.66	1	4210.61	1	0	273.249	301.462
816	524.201	1	1.92485e+06	1	513.478	1	519.66	1	4210.61	1	0.001	273.25	301.462
816	524.201	1	1.92485e+06	1	513.478	1	519.66	1	4210.61	1	0.00316228	273.25	301.462
816	524.201	1	1.92485e+06	1	513.478	1	519.66	1	4210.61	1	0.01	273.252	301.464
816	524.201	1	1.92485e+06	1	513.478	1	519.66	1	4210.61	1	0.0316228	273.256	301.469
816	524.201	1	1.92485e+06	1	513.478	1	519.66	1	4210.61	1	0.1	273.272	301.485
816	524.201	1	1.92485e+06	1	513.478	1	519.66	1	4210.61	1	0.316228	273.32	301.536
816	524.201	1	1.92485e+06	1	513.478	1	519.66	1	4210.61	1	1	273.472	301.695
816	524.201	1	1.92485e+06	1	513.478	1	519.66	1	4210.61	1	3.16228	273.951	302.198
816	524.201	1	1.92485e+06	1	513.478	1	519.66	1	4210.61	1	10	275.446	303.766
816	524.201	1	1.92485e+06	1	513.478	1	519.66	1	4210.61	1	31.6228	279.981	308.518
816	524.201	1	1.92485e+06	1	513.478	1	519.66	1	4210.61	1	100	293.163	322.292
817	413.999	1	3.83489e+06	1	347.886	1	1712.05	1	6441.25	1	0	273.249	301.462
817	413.999	1	3.83489e+06	1	347.886	1	1712.05	1	6441.25	1	0.001	273.25	301.462
817	413.999	1	3.83489e+06	1	347.886	1	1712.05	1	6441.25	1	0.00316228	273.25	301.462
817	413.999	1	3.83489e+06	1	347.886	1	1712.05	1	6441.25	1	0.01	273.251	301.463
817	413.999	1	3.83489e+06	1	347.886	1	1712.05	1	6441.25	1	0.0316228	273.254	301.467
817	413.999	1	3.83489e+06	1	347.886	1	1712.05	1	6441.25	1	0.1	273.265	301.478
817	413.999	1	3.83489e+06	1	347.886	1	1712.05	1	6441.25	1	0.316228	273.299	301.515
817	413.999	1	3.83489e+06	1	347.886	1	1712.05	1	6441.25	1	1	273.405	301.63
817	413.999	1	3.83489e+06	1	347.886	1	1712.05	1	6441.25	1	3.16228	273.74	301.991
817	413.999	1	3.83489e+06	1	347.886	1	1712.05	1	6441.25	1	10	274.781	303.113
817	413.999	1	3.83489e+06	1	347.886	1	1712.05	1	6441.25	1	31.6228	277.921	306.477
817	413.999	1	3.83489e+06	1	347.886	1	1712.05	1	6441.25	1	100	286.714	315.842
818	609.38	1	1.16752e+06	1	262.108	1	990.786	1	3847.05	1	0	273.249	301.462
818	609.38	1	1.16752e+06	1	262.108	1	990.786	1	3847.05	1	0.001	273.25	301.462
818	609.38	1	1.16752e+06	1	262.108	1	990.786	1	3847.05	1	0.00316228	273.25	301.462
818	609.38	1	1.16752e+06	1	262.108	1	990.786	1	3847.05	1	0.01	273.252	301.464
818	609.38	1	1.16752e+06	1	262.108	1	990.786	1	3847.05	1	0.0316228	273.256	301.469
818	609.38	1	1.16752e+06	1	262.108	1	990.786	1	3847.05	1	0.1	273.27	301.485
818	609.38	1	1.16752e+06	1	262.108	1	990.786	1	3847.05	1	0.316228	273.315	301.536
818	609.38	1	1.16752e+06	1	262.108	1	990.786	1	3847.05	1	1	273.457	301.698
818	609.38	1	1.16752e+06	1	262.108	1	990.786	1	3847.05	1	3.16228	273.902	302.205
818	609.38	1	1.16752e+06	1	262.108	1	990.786	1	3847.05	1	10	275.285	303.773
818	609.38	1	1.16752e+06	1	262.108	1	990.786	1	3847.05	1	31.6228	279.419	308.425
818	609.38	1	1.16752e+06	1	262.108	1	990.786	1	3847.05	1	100	290.652	320.967
819	392.174	1	448302	1	868.682	1	2678.42	1	2998.05	1	0	273.249	301.462
819	392.174	1	448302	1	868.682	1	2678.42	1	2998.05	1	0.001	273.25	301.462
819	392.174	1	448302	1	868.682	1	2678.42	1	2998.05	1	0.00316228	273.25	301.462
819	392.174	1	448302	1	868.682	1	2678.42	1	2998.05	1	0.01	273.25	301.462
819	392.174	1	448302	1	868.682	1	2678.42	1	2998.05	1	0.0316228	273.252	301.464
819	392.174	1	448302	1	868.682	1	2678.42	1	2998.05	1	0.1	273.258	301.47
819	392.174	1	448302	1	868.682	1	2678.42	1	2998.05	1	0.316228	273.278	301.488
819	392.174	1	448302	1	868.682	1	2678.42	1	2998.05	1	1	273.339	301.545
819	392.174	1	448302	1	868.682	1	2678.42	1	2998.05	1	3.16228	273.533	301.725
819	392.174	1	448302	1	868.682	1	2678.42	1	2998.05	1	10	274.138	302.29
819	392.174	1	448302	1	868.682	1	2678.42	1	2998.05	1	31.6228	275.997	304.034
819	392.174	1	448302	1	868.682	1	2678.42	1	2998.05	1	100	281.45	309.205
820	663.249	1	1.8979e+06	1	380.537	1	593.669	1	3142.77	1	0	273.249	301.462
820	663.249	1	1.8979e+06	1	380.537	1	593.669	1	3142.77	1	0.001	273.25	301.462
820	663.249	1	1.8979e+06	1	380.537	1	593.669	1	3142.77	1	0.00316228	273.25	301.462
820	663.249	1	1.8979e+06	1	380.537	1	593.669	1	3142.77	1	0.01	273.252	301.464
820	663.249	1	1.8979e+06	1	380.537	1	593.669	1	3142.77	1	0.0316228	273.256	301.469
820	663.249	1	1.8979e+06	1	380.537	1	593.669	1	3142.77	1	0.1	273.272	301.486
820	663.249	1	1.8979e+06	1	380.537	1	593.669	1	3142.77	1	0.316228	273.319	301.538
820	663.249	1	1.8979e+06	1	380.537	1	593.669	1	3142.77	1	1	273.47	301.703
820	663.249	1	1.8979e+06	1	380.537	1	593.669	1	3142.77	1	3.16228	273.946	302.221
820	663.249	1	1.8979e+06	1	380.537	1	593.669	1	3142.77	1	10	275.43	303.837
820	663.249	1	1.8979e+06	1	380.537	1	593.669	1	3142.77	1	31.6228	279.928	308.719
820	663.249	1	1.8979e+06	1	380.537	1	593.669	1	3142.77	1	100	292.789	322.613
821	617.67	1	946733	1	1043.33	1	1265.08	1	4019.67	1	0	273.249	301.462
821	617.67	1	946733	1	1043.33	1	1265.08	1	4019.67	1	0.001	273.25	301.462
821	617.67	1	946733	1	1043.33	1	1265.08	1	4019.67	1	0.00316228	273.25	301.462
821	617.67	1	946733	1	1043.33	1	1265.08	1	4019.67	1	0.01	273.25	301.463
821	617.67	1	946733	1	1043.33	1	1265.08	1	4019.67	1	0.0316228	273.253	301.465
821	617.67	1	946733	1	1043.33	1	1265.08	1	4019.67	1	0.1	273.26	301.472
821	617.67	1	946733	1	1043.33	1	1265.08	1	4019.67	1	0.316228	273.283	301.495
821	617.67	1	946733	1	1043.33	1	1265.08	1	4019.67	1	1	273.355	301.567
821	617.67	1	946733	1	1043.33	1	1265.08	1	4019.67	1	3.16228	273.582	301.794
821	617.67	1	946733	1	1043.33	1	1265.08	1	4019.67	1	10	274.295	302.507
821	617.67	1	946733	1	1043.33	1	1265.08	1	4019.67	1	31.6228	276.504	304.719
821	617.67	1	946733	1	1043.33	1	1265.08	1	4019.67	1	100	283.069	311.304
822	316.396	1	2.06084e+06	1	383.927	1	877.801	1	4432.77	1	0	273.249	301.462
822	316.396	1	2.06084e+06	1	383.927	1	877.801	1	4432.77	1	0.001	273.25	301.462
822	316.396	1	2.06084e+06	1	383.927	1	877.801	1	4432.77	1	0.00316228	273.25	301.462
822	316.396	1	2.06084e+06	1	383.927	1	877.801	1	4432.77	1	0.01	273.251	301.464
822	316.396	1	2.06084e+06	1	383.927	1	877.801	1	4432.77	1	0.0316228	273.256	301.468
822	316.396	1	2.06084e+06	1	383.927	1	877.801	1	4432.77	1	0.1	273.269	301.482
822	316.396	1	2.06084e+06	1	383.927	1	877.801	1	4432.77	1	0.316228	273.312	301.526
822	316.396	1	2.06084e+06	1	383.927	1	877.801	1	4432.77	1	1	273.446	301.664
822	316.396	1	2.06084e+06	1	383.927	1	877.801	1	4432.77	1	3.16228	273.87	302.101
822	316.396	1	2.06084e+06	1	383.927	1	877.801	1	4432.77	1	10	275.191	303.461
822	316.396	1	2.06084e+06	1	383.927	1	877.801	1	4432.77	1	31.6228	279.192	307.576
822	316.396	1	2.06084e+06	1	383.927	1	877.801	1	4432.77	1	100	290.499	319.205
823	384.035	1	1.6641e+06	1	416.225	1	726.562	1	5423.61	1	0	273.249	301.462
823	384.035	1	1.6641e+06	1	416.225	1	726.562	1	5423.61	1	0.001	273.25	301.462
823	384.035	1	1.6641e+06	1	416.225	1	726.562	1	5423.61	1	0.00316228	273.25	301.462
823	384.035	1	1.6641e+06	1	416.225	1	726.562	1	5423.61	1	0.01	273.251	301.464
823	384.035	1	1.6641e+06	1	416.225	1	726.562	1	5423.61	1	0.0316228	273.256	301.468
823	384.035	1	1.6641e+06	1	416.225	1	726.562	1	5423.61	1	0.1	273.27	301.483
823	384.035	1	1.6641e+06	1	416.225	1	726.562	1	5423.61	1	0.316228	273.314	301.528
823	384.035	1	1.6641e+06	1	416.225	1	726.562	1	5423.61	1	1	273.452	301.673
823	384.035	1	1.6641e+06	1	416.225	1	726.562	1	5423.61	1	3.16228	273.888	302.128
823	384.035	1	1.6641e+06	1	416.225	1	726.562	1	5423.61	1	10	275.25	303.547
823	384.035	1	1.6641e+06	1	416.225	1	726.562	1	5423.61	1	31.6228	279.388	307.853
823	384.035	1	1.6641e+06	1	416.225	1	726.562	1	5423.61	1	100	291.128	320.044
824	759.824	1	298858	1	335.5	1	2677.3	1	3442.64	1	0	273.249	301.462
824	759.824	1	298858	1	335.5	1	2677.3	1	3442.64	1	0.001	273.25	301.462
824	759.824	1	298858	1	335.5	1	2677.3	1	3442.64	1	0.00316228	273.25	301.462
824	759.824	1	298858	1	335.5	1	2677.3	1	3442.64	1	0.01	273.251	301.463
824	759.824	1	298858	1	335.5	1	2677.3	1	3442.64	1	0.0316228	273.254	301.466
824	759.824	1	298858	1	335.5	1	2677.3	1	3442.64	1	0.1	273.263	301.477
824	759.824	1	298858	1	335.5	1	2677.3	1	3442.64	1	0.316228	273.291	301.51
824	759.824	1	298858	1	335.5	1	2677.3	1	3442.64	1	1	273.381	301.614
824	759.824	1	298858	1	335.5	1	2677.3	1	3442.64	1	3.16228	273.663	301.941
824	759.824	1	298858	1	335.5	1	2677.3	1	3442.64	1	10	274.541	302.956
824	759.824	1	298858	1	335.5	1	2677.3	1	3442.64	1	31.6228	277.173	305.976
824	759.824	1	298858	1	335.5	1	2677.3	1	3442.64	1	100	284.425	314.231
825	465.574	1	766101	1	725.052	1	1473.07	1	2865.16	1	0	273.249	301.462
825	465.574	1	766101	1	725.052	1	1473.07	1	2865.16	1	0.001	273.25	301.462
825	465.574	1	766101	1	725.052	1	1473.07	1	2865.16	1	0.00316228	273.25	301.462
825	465.574	1	766101	1	725.052	1	1473.07	1	2865.16	1	0.01	273.251	301.463
825	465.574	1	766101	1	725.052	1	1473.07	1	2865.16	1	0.0316228	273.253	301.465
825	465.574	1	766101	1	725.052	1	1473.07	1	2865.16	1	0.1	273.261	301.473
825	465.574	1	766101	1	725.052	1	1473.07	1	2865.16	1	0.316228	273.286	301.498
825	465.574	1	766101	1	725.052	1	1473.07	1	2865.16	1	1	273.365	301.577
825	465.574	1	766101	1	725.052	1	1473.07	1	2865.16	1	3.16228	273.613	301.825
825	465.574	1	766101	1	725.052	1	1473.07	1	2865.16	1	10	274.393	302.604
825	465.574	1	766101	1	725.052	1	1473.07	1	2865.16	1	31.6228	276.794	305.008
825	465.574	1	766101	1	725.052	1	1473.07	1	2865.16	1	100	283.855	312.082
826	234.08	1	1.35741e+06	1	372.527	1	1153.9	1	6983.95	1	0	273.249	301.462
826	234.08	1	1.35741e+06	1	372.527	1	1153.9	1	6983.95	1	0.001	273.25	301.462
826	234.08	1	1.35741e+06	1	372.527	1	1153.9	1	6983.95	1	0.00316228	273.25	301.462
826	234.08	1	1.35741e+06	1	372.527	1	1153.9	1	6983.95	1	0.01	273.251	301.463
826	234.08	1	1.35741e+06	1	372.527	1	1153.9	1	6983.95	1	0.0316228	273.255	301.468
826	234.08	1	1.35741e+06	1	372.527	1	1153.9	1	6983.95	1	0.1	273.269	301.48
826	234.08	1	1.35741e+06	1	372.527	1	1153.9	1	6983.95	1	0.316228	273.31	301.521
826	234.08	1	1.35741e+06	1	372.527	1	1153.9	1	6983.95	1	1	273.44	301.65
826	234.08	1	1.35741e+06	1	372.527	1	1153.9	1	6983.95	1	3.16228	273.849	302.054
826	234.08	1	1.35741e+06	1	372.527	1	1153.9	1	6983.95	1	10	275.122	303.313
826	234.08	1	1.35741e+06	1	372.527	1	1153.9	1	6983.95	1	31.6228	278.941	307.104
826	234.08	1	1.35741e+06	1	372.527	1	1153.9	1	6983.95	1	100	289.618	317.78
827	700.751	1	803907	1	503.79	1	768.193	1	2412.1	1	0	273.249	301.462
827	700.751	1	803907	1	503.79	1	768.193	1	2412.1	1	0.001	273.25	301.462
827	700.751	1	803907	1	503.79	1	768.193	1	2412.1	1	0.00316228	273.25	301.462
827	700.751	1	803907	1	503.79	1	768.193	1	2412.1	1	0.01	273.251	301.463
827	700.751	1	803907	1	503.79	1	768.193	1	2412.1	1	0.0316228	273.255	301.467
827	700.751	1	803907	1	503.79	1	768.193	1	2412.1	1	0.1	273.267	301.48
827	700.751	1	803907	1	503.79	1	768.193	1	2412.1	1	0.316228	273.304	301.52
827	700.751	1	803907	1	503.79	1	768.193	1	2412.1	1	1	273.422	301.647
827	700.751	1	803907	1	503.79	1	768.193	1	2412.1	1	3.16228	273.793	302.047
827	700.751	1	803907	1	503.79	1	768.193	1	2412.1	1	10	274.956	303.297
827	700.751	1	803907	1	503.79	1	768.193	1	2412.1	1	31.6228	278.515	307.114
827	700.751	1	803907	1	503.79	1	768.193	1	2412.1	1	100	288.742	318.049
828	687.539	1	1.45054e+06	1	872.669	1	1549.32	1	2330.25	1	0	273.249	301.462
828	687.539	1	1.45054e+06	1	872.669	1	1549.32	1	2330.25	1	0.001	273.25	301.462
828	687.539	1	1.45054e+06	1	872.669	1	1549.32	1	2330.25	1	0.00316228	273.25	301.462
828	687.539	1	1.45054e+06	1	872.669	1	1549.32	1	2330.25	1	0.01	273.25	301.463
828	687.539	1	1.45054e+06	1	872.669	1	1549.32	1	2330.25	1	0.0316228	273.253	301.465
828	687.539	1	1.45054e+06	1	872.669	1	1549.32	1	2330.25	1	0.1	273.259	301.472
828	687.539	1	1.45054e+06	1	872.669	1	1549.32	1	2330.25	1	0.316228	273.281	301.494
828	687.539	1	1.45054e+06	1	872.669	1	1549.32	1	2330.25	1	1	273.348	301.563
828	687.539	1	1.45054e+06	1	872.669	1	1549.32	1	2330.25	1	3.16228	273.561	301.781
828	687.539	1	1.45054e+06	1	872.669	1	1549.32	1	2330.25	1	10	274.229	302.468
828	687.539	1	1.45054e+06	1	872.669	1	1549.32	1	2330.25	1	31.6228	276.302	304.595
828	687.539	1	1.45054e+06	1	872.669	1	1549.32	1	2330.25	1	100	282.464	310.919
829	503.887	1	2.0655e+06	1	524.689	1	777.5	1	2405.94	1	0	273.249	301.462
829	503.887	1	2.0655e+06	1	524.689	1	777.5	1	2405.94	1	0.001	273.25	301.462
829	503.887	1	2.0655e+06	1	524.689	1	777.5	1	2405.94	1	0.00316228	273.25	301.462
829	503.887	1	2.0655e+06	1	524.689	1	777.5	1	2405.94	1	0.01	273.251	301.463
829	503.887	1	2.0655e+06	1	524.689	1	777.5	1	2405.94	1	0.0316228	273.255	301.467
829	503.887	1	2.0655e+06	1	524.689	1	777.5	1	2405.94	1	0.1	273.267	301.48
829	503.887	1	2.0655e+06	1	524.689	1	777.5	1	2405.94	1	0.316228	273.305	301.519
829	503.887	1	2.0655e+06	1	524.689	1	777.5	1	2405.94	1	1	273.424	301.645
829	503.887	1	2.0655e+06	1	524.689	1	777.5	1	2405.94	1	3.16228	273.801	302.039
829	503.887	1	2.0655e+06	1	524.689	1	777.5	1	2405.94	1	10	274.98	303.272
829	503.887	1	2.0655e+06	1	524.689	1	777.5	1	2405.94	1	31.6228	278.586	307.039
829	503.887	1	2.0655e+06	1	524.689	1	777.5	1	2405.94	1	100	288.964	317.858
830	336.469	1	639864	1	359.917	1	1552.53	1	4740.09	1	0	273.249	301.462
830	336.469	1	639864	1	359.917	1	1552.53	1	4740.09	1	0.001	273.25	301.462
830	336.469	1	639864	1	359.917	1	1552.53	1	4740.09	1	0.00316228	273.25	301.462
830	336.469	1	639864	1	359.917	1	1552.53	1	4740.09	1	0.01	273.251	301.463
830	336.469	1	639864	1	359.917	1	1552.53	1	4740.09	1	0.0316228	273.255	301.467
830	336.469	1	639864	1	359.917	1	1552.53	1	4740.09	1	0.1	273.266	301.479
830	336.469	1	639864	1	359.917	1	1552.53	1	4740.09	1	0.316228	273.301	301.516
830	336.469	1	639864	1	359.917	1	1552.53	1	4740.09	1	1	273.413	301.632
830	336.469	1	639864	1	359.917	1	1552.53	1	4740.09	1	3.16228	273.763	301.999
830	336.469	1	639864	1	359.917	1	1552.53	1	4740.09	1	10	274.855	303.139
830	336.469	1	639864	1	359.917	1	1552.53	1	4740.09	1	31.6228	278.145	306.567
830	336.469	1	639864	1	359.917	1	1552.53	1	4740.09	1	100	287.374	316.16
831	390.635	1	1.47014e+06	1	502.996	1	485.899	1	6103.24	1	0	273.249	301.462
831	390.635	1	1.47014e+06	1	502.996	1	485.899	1	6103.24	1	0.001	273.25	301.462
831	390.635	1	1.47014e+06	1	502.996	1	485.899	1	6103.24	1	0.00316228	273.25	301.462
831	390.635	1	1.47014e+06	1	502.996	1	485.899	1	6103.24	1	0.01	273.252	301.464
831	390.635	1	1.47014e+06	1	502.996	1	485.899	1	6103.24	1	0.0316228	273.257	301.469
831	390.635	1	1.47014e+06	1	502.996	1	485.899	1	6103.24	1	0.1	273.274	301.486
831	390.635	1	1.47014e+06	1	502.996	1	485.899	1	6103.24	1	0.316228	273.326	301.54
831	390.635	1	1.47014e+06	1	502.996	1	485.899	1	6103.24	1	1	273.49	301.709
831	390.635	1	1.47014e+06	1	502.996	1	485.899	1	6103.24	1	3.16228	274.007	302.242
831	390.635	1	1.47014e+06	1	502.996	1	485.899	1	6103.24	1	10	275.62	303.901
831	390.635	1	1.47014e+06	1	502.996	1	485.899	1	6103.24	1	31.6228	280.495	308.914
831	390.635	1	1.47014e+06	1	502.996	1	485.899	1	6103.24	1	100	294.643	323.451
832	443.442	1	959190	1	291.082	1	1398	1	2845.58	1	0	273.249	301.462
832	443.442	1	959190	1	291.082	1	1398	1	2845.58	1	0.001	273.25	301.462
832	443.442	1	959190	1	291.082	1	1398	1	2845.58	1	0.00316228	273.25	301.462
832	443.442	1	959190	1	291.082	1	1398	1	2845.58	1	0.01	273.251	301.464
832	443.442	1	959190	1	291.082	1	1398	1	2845.58	1	0.0316228	273.255	301.468
832	443.442	1	959190	1	291.082	1	1398	1	2845.58	1	0.1	273.268	301.482
832	443.442	1	959190	1	291.082	1	1398	1	2845.58	1	0.316228	273.307	301.525
832	443.442	1	959190	1	291.082	1	1398	1	2845.58	1	1	273.43	301.662
832	443.442	1	959190	1	291.082	1	1398	1	2845.58	1	3.16228	273.818	302.092
832	443.442	1	959190	1	291.082	1	1398	1	2845.58	1	10	275.024	303.424
832	443.442	1	959190	1	291.082	1	1398	1	2845.58	1	31.6228	278.635	307.384
832	443.442	1	959190	1	291.082	1	1398	1	2845.58	1	100	288.421	318.036
833	439.745	1	2.74882e+06	1	610.048	1	1625.98	1	3310.76	1	0	273.249	301.462
833	439.745	1	2.74882e+06	1	610.048	1	1625.98	1	3310.76	1	0.001	273.25	301.462
833	439.745	1	2.74882e+06	1	610.048	1	1625.98	1	3310.76	1	0.00316228	273.25	301.462
833	439.745	1	2.74882e+06	1	610.048	1	1625.98	1	3310.76	1	0.01	273.251	301.463
833	439.745	1	2.74882e+06	1	610.048	1	1625.98	1	3310.76	1	0.0316228	273.253	301.465
833	439.745	1	2.74882e+06	1	610.048	1	1625.98	1	3310.76	1	0.1	273.261	301.474
833	439.745	1	2.74882e+06	1	610.048	1	1625.98	1	3310.76	1	0.316228	273.287	301.5
833	439.745	1	2.74882e+06	1	610.048	1	1625.98	1	3310.76	1	1	273.369	301.583
833	439.745	1	2.74882e+06	1	610.048	1	1625.98	1	3310.76	1	3.16228	273.627	301.843
833	439.745	1	2.74882e+06	1	610.048	1	1625.98	1	3310.76	1	10	274.434	302.66
833	439.745	1	2.74882e+06	1	610.048	1	1625.98	1	3310.76	1	31.6228	276.914	305.169
833	439.745	1	2.74882e+06	1	610.048	1	1625.98	1	3310.76	1	100	284.154	312.497
834	510.895	1	492278	1	438.497	1	1483.74	1	3771.23	1	0	273.249	301.462
834	510.895	1	492278	1	438.497	1	1483.74	1	3771.23	1	0.001	273.25	301.462
834	510.895	1	492278	1	438.497	1	1483.74	1	3771.23	1	0.00316228	273.25	301.462
834	510.895	1	492278	1	438.497	1	1483.74	1	3771.23	1	0.01	273.251	301.463
834	510.895	1	492278	1	438.497	1	1483.74	1	3771.23	1	0.0316228	273.254	301.466
834	510.895	1	492278	1	438.497	1	1483.74	1	3771.23	1	0.1	273.263	301.477
834	510.895	1	492278	1	438.497	1	1483.74	1	3771.23	1	0.316228	273.294	301.509
834	510.895	1	492278	1	438.497	1	1483.74	1	3771.23	1	1	273.389	301.612
834	510.895	1	492278	1	438.497	1	1483.74	1	3771.23	1	3.16228	273.69	301.934
834	510.895	1	492278	1	438.497	1	1483.74	1	3771.23	1	10	274.631	302.942
834	510.895	1	492278	1	438.497	1	1483.74	1	3771.23	1	31.6228	277.501	306.006
834	510.895	1	492278	1	438.497	1	1483.74	1	3771.23	1	100	285.748	314.769
835	536.181	1	1.62819e+06	1	1110.88	1	1034.26	1	5638.91	1	0	273.249	301.462
835	536.181	1	1.62819e+06	1	1110.88	1	1034.26	1	5638.91	1	0.001	273.25	301.462
835	536.181	1	1.62819e+06	1	1110.88	1	1034.26	1	5638.91	1	0.00316228	273.25	301.462
835	536.181	1	1.62819e+06	1	1110.88	1	1034.26	1	5638.91	1	0.01	273.251	301.463
835	536.181	1	1.62819e+06	1	1110.88	1	1034.26	1	5638.91	1	0.0316228	273.253	301.465
835	536.181	1	1.62819e+06	1	1110.88	1	1034.26	1	5638.91	1	0.1	273.261	301.473
835	536.181	1	1.62819e+06	1	1110.88	1	1034.26	1	5638.91	1	0.316228	273.287	301.499
835	536.181	1	1.62819e+06	1	1110.88	1	1034.26	1	5638.91	1	1	273.369	301.579
835	536.181	1	1.62819e+06	1	1110.88	1	1034.26	1	5638.91	1	3.16228	273.626	301.832
835	536.181	1	1.62819e+06	1	1110.88	1	1034.26	1	5638.91	1	10	274.432	302.626
835	536.181	1	1.62819e+06	1	1110.88	1	1034.26	1	5638.91	1	31.6228	276.922	305.082
835	536.181	1	1.62819e+06	1	1110.88	1	1034.26	1	5638.91	1	100	284.264	312.344
836	520.986	1	38902.2	1	392.08	1	1043.1	1	6114.55	1	0	273.249	301.462
836	520.986	1	38902.2	1	392.08	1	1043.1	1	6114.55	1	0.001	273.25	301.462
836	520.986	1	38902.2	1	392.08	1	1043.1	1	6114.55	1	0.00316228	273.25	301.462
836	520.986	1	38902.2	1	392.08	1	1043.1	1	6114.55	1	0.01	273.251	301.463
836	520.986	1	38902.2	1	392.08	1	1043.1	1	6114.55	1	0.0316228	273.255	301.467
836	520.986	1	38902.2	1	392.08	1	1043.1	1	6114.55	1	0.1	273.266	301.48
836	520.986	1	38902.2	1	392.08	1	1043.1	1	6114.55	1	0.316228	273.302	301.519
836	520.986	1	38902.2	1	392.08	1	1043.1	1	6114.55	1	1	273.416	301.643
836	520.986	1	38902.2	1	392.08	1	1043.1	1	6114.55	1	3.16228	273.776	302.032
836	520.986	1	38902.2	1	392.08	1	1043.1	1	6114.55	1	10	274.898	303.246
836	520.986	1	38902.2	1	392.08	1	1043.1	1	6114.55	1	31.6228	278.314	306.926
836	520.986	1	38902.2	1	392.08	1	1043.1	1	6114.55	1	100	288.049	317.357
837	212.253	1	1.99673e+06	1	631.374	1	503.93	1	3828.22	1	0	273.249	301.462
837	212.253	1	1.99673e+06	1	631.374	1	503.93	1	3828.22	1	0.001	273.25	301.462
837	212.253	1	1.99673e+06	1	631.374	1	503.93	1	3828.22	1	0.00316228	273.25	301.462
837	212.253	1	1.99673e+06	1	631.374	1	503.93	1	3828.22	1	0.01	273.252	301.464
837	212.253	1	1.99673e+06	1	631.374	1	503.93	1	3828.22	1	0.0316228	273.257	301.469
837	212.253	1	1.99673e+06	1	631.374	1	503.93	1	3828.22	1	0.1	273.274	301.485
837	212.253	1	1.99673e+06	1	631.374	1	503.93	1	3828.22	1	0.316228	273.327	301.535
837	212.253	1	1.99673e+06	1	631.374	1	503.93	1	3828.22	1	1	273.495	301.694
837	212.253	1	1.99673e+06	1	631.374	1	503.93	1	3828.22	1	3.16228	274.023	302.194
837	212.253	1	1.99673e+06	1	631.374	1	503.93	1	3828.22	1	10	275.664	303.753
837	212.253	1	1.99673e+06	1	631.374	1	503.93	1	3828.22	1	31.6228	280.583	308.46
837	212.253	1	1.99673e+06	1	631.374	1	503.93	1	3828.22	1	100	294.655	322.108
838	380.746	1	2.4512e+06	1	150.663	1	901.535	1	4651.25	1	0	273.249	301.462
838	380.746	1	2.4512e+06	1	150.663	1	901.535	1	4651.25	1	0.001	273.25	301.462
838	380.746	1	2.4512e+06	1	150.663	1	901.535	1	4651.25	1	0.00316228	273.25	301.463
838	380.746	1	2.4512e+06	1	150.663	1	901.535	1	4651.25	1	0.01	273.253	301.465
838	380.746	1	2.4512e+06	1	150.663	1	901.535	1	4651.25	1	0.0316228	273.259	301.473
838	380.746	1	2.4512e+06	1	150.663	1	901.535	1	4651.25	1	0.1	273.28	301.498
838	380.746	1	2.4512e+06	1	150.663	1	901.535	1	4651.25	1	0.316228	273.348	301.575
838	380.746	1	2.4512e+06	1	150.663	1	901.535	1	4651.25	1	1	273.559	301.82
838	380.746	1	2.4512e+06	1	150.663	1	901.535	1	4651.25	1	3.16228	274.219	302.585
838	380.746	1	2.4512e+06	1	150.663	1	901.535	1	4651.25	1	10	276.234	304.907
838	380.746	1	2.4512e+06	1	150.663	1	901.535	1	4651.25	1	31.6228	282.02	311.522
838	380.746	1	2.4512e+06	1	150.663	1	901.535	1	4651.25	1	100	296.428	327.675
839	441.064	1	1.69125e+06	1	346.482	1	1689.2	1	4079.57	1	0	273.249	301.462
839	441.064	1	1.69125e+06	1	346.482	1	1689.2	1	4079.57	1	0.001	273.25	301.462
839	441.064	1	1.69125e+06	1	346.482	1	1689.2	1	4079.57	1	0.00316228	273.25	301.462
839	441.064	1	1.69125e+06	1	346.482	1	1689.2	1	4079.57	1	0.01	273.251	301.463
839	441.064	1	1.69125e+06	1	346.482	1	1689.2	1	4079.57	1	0.0316228	273.254	301.467
839	441.064	1	1.69125e+06	1	346.482	1	1689.2	1	4079.57	1	0.1	273.265	301.478
839	441.064	1	1.69125e+06	1	346.482	1	1689.2	1	4079.57	1	0.316228	273.299	301.515
839	441.064	1	1.69125e+06	1	346.482	1	1689.2	1	4079.57	1	1	273.405	301.63
839	441.064	1	1.69125e+06	1	346.482	1	1689.2	1	4079.57	1	3.16228	273.738	301.993
839	441.064	1	1.69125e+06	1	346.482	1	1689.2	1	4079.57	1	10	274.776	303.12
839	441.064	1	1.69125e+06	1	346.482	1	1689.2	1	4079.57	1	31.6228	277.908	306.5
839	441.064	1	1.69125e+06	1	346.482	1	1689.2	1	4079.57	1	100	286.683	315.907
840	532.602	1	1.93119e+06	1	508.5	1	1594.06	1	2600.3	1	0	273.249	301.462
840	532.602	1	1.93119e+06	1	508.5	1	1594.06	1	2600.3	1	0.001	273.25	301.462
840	532.602	1	1.93119e+06	1	508.5	1	1594.06	1	2600.3	1	0.00316228	273.25	301.462
840	532.602	1	1.93119e+06	1	508.5	1	1594.06	1	2600.3	1	0.01	273.251	301.463
840	532.602	1	1.93119e+06	1	508.5	1	1594.06	1	2600.3	1	0.0316228	273.253	301.466
840	532.602	1	1.93119e+06	1	508.5	1	1594.06	1	2600.3	1	0.1	273.262	301.475
840	532.602	1	1.93119e+06	1	508.5	1	1594.06	1	2600.3	1	0.316228	273.289	301.504
840	532.602	1	1.93119e+06	1	508.5	1	1594.06	1	2600.3	1	1	273.376	301.595
840	532.602	1	1.93119e+06	1	508.5	1	1594.06	1	2600.3	1	3.16228	273.648	301.884
840	532.602	1	1.93119e+06	1	508.5	1	1594.06	1	2600.3	1	10	274.5	302.786
840	532.602	1	1.93119e+06	1	508.5	1	1594.06	1	2600.3	1	31.6228	277.11	305.542
840	532.602	1	1.93119e+06	1	508.5	1	1594.06	1	2600.3	1	100	284.686	313.516
841	282.506	1	750970	1	163.589	1	2100.81	1	3970.07	1	0	273.249	301.462
841	282.506	1	750970	1	163.589	1	2100.81	1	3970.07	1	0.001	273.25	301.462
841	282.506	1	750970	1	163.589	1	2100.81	1	3970.07	1	0.00316228	273.25	301.462
841	282.506	1	750970	1	163.589	1	2100.81	1	3970.07	1	0.01	273.252	301.464
841	282.506	1	750970	1	163.589	1	2100.81	1	3970.07	1	0.0316228	273.258	301.471
841	282.506	1	750970	1	163.589	1	2100.81	1	3970.07	1	0.1	273.275	301.491
841	282.506	1	750970	1	163.589	1	2100.81	1	3970.07	1	0.316228	273.331	301.554
841	282.506	1	750970	1	163.589	1	2100.81	1	3970.07	1	1	273.505	301.753
841	282.506	1	750970	1	163.589	1	2100.81	1	3970.07	1	3.16228	274.051	302.374
841	282.506	1	750970	1	163.589	1	2100.81	1	3970.07	1	10	275.713	304.254
841	282.506	1	750970	1	163.589	1	2100.81	1	3970.07	1	31.6228	280.43	309.554
841	282.506	1	750970	1	163.589	1	2100.81	1	3970.07	1	100	291.832	322.126
842	414.627	1	356166	1	439.346	1	2130.88	1	2027.03	1	0	273.249	301.462
842	414.627	1	356166	1	439.346	1	2130.88	1	2027.03	1	0.001	273.25	301.462
842	414.627	1	356166	1	439.346	1	2130.88	1	2027.03	1	0.00316228	273.25	301.462
842	414.627	1	356166	1	439.346	1	2130.88	1	2027.03	1	0.01	273.251	301.463
842	414.627	1	356166	1	439.346	1	2130.88	1	2027.03	1	0.0316228	273.254	301.466
842	414.627	1	356166	1	439.346	1	2130.88	1	2027.03	1	0.1	273.262	301.475
842	414.627	1	356166	1	439.346	1	2130.88	1	2027.03	1	0.316228	273.29	301.505
842	414.627	1	356166	1	439.346	1	2130.88	1	2027.03	1	1	273.379	301.597
842	414.627	1	356166	1	439.346	1	2130.88	1	2027.03	1	3.16228	273.657	301.889
842	414.627	1	356166	1	439.346	1	2130.88	1	2027.03	1	10	274.526	302.799
842	414.627	1	356166	1	439.346	1	2130.88	1	2027.03	1	31.6228	277.165	305.555
842	414.627	1	356166	1	439.346	1	2130.88	1	2027.03	1	100	284.683	313.39
843	445.572	1	2.96386e+06	1	129.003	1	1351.36	1	3506.83	1	0	273.249	301.462
843	445.572	1	2.96386e+06	1	129.003	1	1351.36	1	3506.83	1	0.001	273.25	301.462
843	445.572	1	2.96386e+06	1	129.003	1	1351.36	1	3506.83	1	0.00316228	273.25	301.463
843	445.572	1	2.96386e+06	1	129.003	1	1351.36	1	3506.83	1	0.01	273.253	301.465
843	445.572	1	2.96386e+06	1	129.003	1	1351.36	1	3506.83	1	0.0316228	273.259	301.473
843	445.572	1	2.96386e+06	1	129.003	1	1351.36	1	3506.83	1	0.1	273.281	301.499
843	445.572	1	2.96386e+06	1	129.003	1	1351.36	1	3506.83	1	0.316228	273.348	301.58
843	445.572	1	2.96386e+06	1	129.003	1	1351.36	1	3506.83	1	1	273.56	301.835
843	445.572	1	2.96386e+06	1	129.003	1	1351.36	1	3506.83	1	3.16228	274.221	302.626
843	445.572	1	2.96386e+06	1	129.003	1	1351.36	1	3506.83	1	10	276.214	304.999
843	445.572	1	2.96386e+06	1	129.003	1	1351.36	1	3506.83	1	31.6228	281.776	311.578
843	445.572	1	2.96386e+06	1	129.003	1	1351.36	1	3506.83	1	100	294.705	326.552
844	459.106	1	1.62301e+06	1	801.948	1	2819.03	1	5402.38	1	0	273.249	301.462
844	459.106	1	1.62301e+06	1	801.948	1	2819.03	1	5402.38	1	0.001	273.25	301.462
844	459.106	1	1.62301e+06	1	801.948	1	2819.03	1	5402.38	1	0.00316228	273.25	301.462
844	459.106	1	1.62301e+06	1	801.948	1	2819.03	1	5402.38	1	0.01	273.25	301.462
844	459.106	1	1.62301e+06	1	801.948	1	2819.03	1	5402.38	1	0.0316228	273.252	301.464
844	459.106	1	1.62301e+06	1	801.948	1	2819.03	1	5402.38	1	0.1	273.258	301.47
844	459.106	1	1.62301e+06	1	801.948	1	2819.03	1	5402.38	1	0.316228	273.277	301.488
844	459.106	1	1.62301e+06	1	801.948	1	2819.03	1	5402.38	1	1	273.337	301.546
844	459.106	1	1.62301e+06	1	801.948	1	2819.03	1	5402.38	1	3.16228	273.525	301.728
844	459.106	1	1.62301e+06	1	801.948	1	2819.03	1	5402.38	1	10	274.114	302.3
844	459.106	1	1.62301e+06	1	801.948	1	2819.03	1	5402.38	1	31.6228	275.927	304.066
844	459.106	1	1.62301e+06	1	801.948	1	2819.03	1	5402.38	1	100	281.258	309.276
845	444.024	1	2.22634e+06	1	424.345	1	547.813	1	3714.1	1	0	273.249	301.462
845	444.024	1	2.22634e+06	1	424.345	1	547.813	1	3714.1	1	0.001	273.25	301.462
845	444.024	1	2.22634e+06	1	424.345	1	547.813	1	3714.1	1	0.00316228	273.25	301.462
845	444.024	1	2.22634e+06	1	424.345	1	547.813	1	3714.1	1	0.01	273.252	301.464
845	444.024	1	2.22634e+06	1	424.345	1	547.813	1	3714.1	1	0.0316228	273.257	301.469
845	444.024	1	2.22634e+06	1	424.345	1	547.813	1	3714.1	1	0.1	273.273	301.486
845	444.024	1	2.22634e+06	1	424.345	1	547.813	1	3714.1	1	0.316228	273.323	301.539
845	444.024	1	2.22634e+06	1	424.345	1	547.813	1	3714.1	1	1	273.481	301.705
845	444.024	1	2.22634e+06	1	424.345	1	547.813	1	3714.1	1	3.16228	273.978	302.229
845	444.024	1	2.22634e+06	1	424.345	1	547.813	1	3714.1	1	10	275.53	303.861
845	444.024	1	2.22634e+06	1	424.345	1	547.813	1	3714.1	1	31.6228	280.231	308.798
845	444.024	1	2.22634e+06	1	424.345	1	547.813	1	3714.1	1	100	293.786	322.989
846	469.633	1	3.07674e+06	1	470.332	1	1047.04	1	3699.46	1	0	273.249	301.462
846	469.633	1	3.07674e+06	1	470.332	1	1047.04	1	3699.46	1	0.001	273.25	301.462
846	469.633	1	3.07674e+06	1	470.332	1	1047.04	1	3699.46	1	0.00316228	273.25	301.462
846	469.633	1	3.07674e+06	1	470.332	1	1047.04	1	3699.46	1	0.01	273.251	301.463
846	469.633	1	3.07674e+06	1	470.332	1	1047.04	1	3699.46	1	0.0316228	273.254	301.467
846	469.633	1	3.07674e+06	1	470.332	1	1047.04	1	3699.46	1	0.1	273.265	301.478
846	469.633	1	3.07674e+06	1	470.332	1	1047.04	1	3699.46	1	0.316228	273.299	301.514
846	469.633	1	3.07674e+06	1	470.332	1	1047.04	1	3699.46	1	1	273.407	301.628
846	469.633	1	3.07674e+06	1	470.332	1	1047.04	1	3699.46	1	3.16228	273.748	301.986
846	469.633	1	3.07674e+06	1	470.332	1	1047.04	1	3699.46	1	10	274.813	303.106
846	469.633	1	3.07674e+06	1	470.332	1	1047.04	1	3699.46	1	31.6228	278.07	306.522
846	469.633	1	3.07674e+06	1	470.332	1	1047.04	1	3699.46	1	100	287.465	316.349
847	774.839	1	1.98489e+06	1	574.059	1	811.822	1	1618.32	1	0	273.249	301.462
847	774.839	1	1.98489e+06	1	574.059	1	811.822	1	1618.32	1	0.001	273.25	301.462
847	774.839	1	1.98489e+06	1	574.059	1	811.822	1	1618.32	1	0.00316228	273.25	301.462
847	774.839	1	1.98489e+06	1	574.059	1	811.822	1	1618.32	1	0.01	273.251	301.463
847	774.839	1	1.98489e+06	1	574.059	1	811.822	1	1618.32	1	0.0316228	273.254	301.467
847	774.839	1	1.98489e+06	1	574.059	1	811.822	1	1618.32	1	0.1	273.265	301.479
847	774.839	1	1.98489e+06	1	574.059	1	811.822	1	1618.32	1	0.316228	273.3	301.515
847	774.839	1	1.98489e+06	1	574.059	1	811.822	1	1618.32	1	1	273.408	301.632
847	774.839	1	1.98489e+06	1	574.059	1	811.822	1	1618.32	1	3.16228	273.751	301.999
847	774.839	1	1.98489e+06	1	574.059	1	811.822	1	1618.32	1	10	274.823	303.149
847	774.839	1	1.98489e+06	1	574.059	1	811.822	1	1618.32	1	31.6228	278.115	306.671
847	774.839	1	1.98489e+06	1	574.059	1	811.822	1	1618.32	1	100	287.646	316.837
848	315.597	1	512475	1	265.766	1	1856.92	1	3334.04	1	0	273.249	301.462
848	315.597	1	512475	1	265.766	1	1856.92	1	3334.04	1	0.001	273.25	301.462
848	315.597	1	512475	1	265.766	1	1856.92	1	3334.04	1	0.00316228	273.25	301.462
848	315.597	1	512475	1	265.766	1	1856.92	1	3334.04	1	0.01	273.251	301.464
848	315.597	1	512475	1	265.766	1	1856.92	1	3334.04	1	0.0316228	273.255	301.468
848	315.597	1	512475	1	265.766	1	1856.92	1	3334.04	1	0.1	273.268	301.482
848	315.597	1	512475	1	265.766	1	1856.92	1	3334.04	1	0.316228	273.309	301.526
848	315.597	1	512475	1	265.766	1	1856.92	1	3334.04	1	1	273.436	301.664
848	315.597	1	512475	1	265.766	1	1856.92	1	3334.04	1	3.16228	273.837	302.097
848	315.597	1	512475	1	265.766	1	1856.92	1	3334.04	1	10	275.076	303.435
848	315.597	1	512475	1	265.766	1	1856.92	1	3334.04	1	31.6228	278.742	307.365
848	315.597	1	512475	1	265.766	1	1856.92	1	3334.04	1	100	288.464	317.728
849	677.431	1	1.32714e+06	1	339.384	1	3282.38	1	3466.28	1	0	273.249	301.462
849	677.431	1	1.32714e+06	1	339.384	1	3282.38	1	3466.28	1	0.001	273.25	301.462
849	677.431	1	1.32714e+06	1	339.384	1	3282.38	1	3466.28	1	0.00316228	273.25	301.462
849	677.431	1	1.32714e+06	1	339.384	1	3282.38	1	3466.28	1	0.01	273.251	301.463
849	677.431	1	1.32714e+06	1	339.384	1	3282.38	1	3466.28	1	0.0316228	273.253	301.466
849	677.431	1	1.32714e+06	1	339.384	1	3282.38	1	3466.28	1	0.1	273.262	301.476
849	677.431	1	1.32714e+06	1	339.384	1	3282.38	1	3466.28	1	0.316228	273.29	301.508
849	677.431	1	1.32714e+06	1	339.384	1	3282.38	1	3466.28	1	1	273.377	301.608
849	677.431	1	1.32714e+06	1	339.384	1	3282.38	1	3466.28	1	3.16228	273.65	301.922
849	677.431	1	1.32714e+06	1	339.384	1	3282.38	1	3466.28	1	10	274.498	302.896
849	677.431	1	1.32714e+06	1	339.384	1	3282.38	1	3466.28	1	31.6228	277.038	305.79
849	677.431	1	1.32714e+06	1	339.384	1	3282.38	1	3466.28	1	100	284.006	313.666
850	447.196	1	2.53792e+06	1	276.463	1	5197.17	1	1440.61	1	0	273.249	301.462
850	447.196	1	2.53792e+06	1	276.463	1	5197.17	1	1440.61	1	0.001	273.25	301.462
850	447.196	1	2.53792e+06	1	276.463	1	5197.17	1	1440.61	1	0.00316228	273.25	301.462
850	447.196	1	2.53792e+06	1	276.463	1	5197.17	1	1440.61	1	0.01	273.251	301.463
850	447.196	1	2.53792e+06	1	276.463	1	5197.17	1	1440.61	1	0.0316228	273.254	301.467
850	447.196	1	2.53792e+06	1	276.463	1	5197.17	1	1440.61	1	0.1	273.264	301.478
850	447.196	1	2.53792e+06	1	276.463	1	5197.17	1	1440.61	1	0.316228	273.296	301.515
850	447.196	1	2.53792e+06	1	276.463	1	5197.17	1	1440.61	1	1	273.397	301.629
850	447.196	1	2.53792e+06	1	276.463	1	5197.17	1	1440.61	1	3.16228	273.713	301.987
850	447.196	1	2.53792e+06	1	276.463	1	5197.17	1	1440.61	1	10	274.688	303.09
850	447.196	1	2.53792e+06	1	276.463	1	5197.17	1	1440.61	1	31.6228	277.549	306.3
850	447.196	1	2.53792e+06	1	276.463	1	5197.17	1	1440.61	1	100	285.016	314.606
851	428.304	1	1.36854e+06	1	392.349	1	778.395	1	2014.05	1	0	273.249	301.462
851	428.304	1	1.36854e+06	1	392.349	1	778.395	1	2014.05	1	0.001	273.25	301.462
851	428.304	1	1.36854e+06	1	392.349	1	778.395	1	2014.05	1	0.00316228	273.25	301.462
851	428.304	1	1.36854e+06	1	392.349	1	778.395	1	2014.05	1	0.01	273.251	301.464
851	428.304	1	1.36854e+06	1	392.349	1	778.395	1	2014.05	1	0.0316228	273.256	301.468
851	428.304	1	1.36854e+06	1	392.349	1	778.395	1	2014.05	1	0.1	273.269	301.483
851	428.304	1	1.36854e+06	1	392.349	1	778.395	1	2014.05	1	0.316228	273.312	301.528
851	428.304	1	1.36854e+06	1	392.349	1	778.395	1	2014.05	1	1	273.447	301.671
851	428.304	1	1.36854e+06	1	392.349	1	778.395	1	2014.05	1	3.16228	273.873	302.123
851	428.304	1	1.36854e+06	1	392.349	1	778.395	1	2014.05	1	10	275.202	303.531
851	428.304	1	1.36854e+06	1	392.349	1	778.395	1	2014.05	1	31.6228	279.242	307.797
851	428.304	1	1.36854e+06	1	392.349	1	778.395	1	2014.05	1	100	290.708	319.866
852	353.428	1	305297	1	338.941	1	508.078	1	3216.27	1	0	273.249	301.462
852	353.428	1	305297	1	338.941	1	508.078	1	3216.27	1	0.001	273.25	301.462
852	353.428	1	305297	1	338.941	1	508.078	1	3216.27	1	0.00316228	273.25	301.462
852	353.428	1	305297	1	338.941	1	508.078	1	3216.27	1	0.01	273.252	301.464
852	353.428	1	305297	1	338.941	1	508.078	1	3216.27	1	0.0316228	273.258	301.47
852	353.428	1	305297	1	338.941	1	508.078	1	3216.27	1	0.1	273.276	301.49
852	353.428	1	305297	1	338.941	1	508.078	1	3216.27	1	0.316228	273.334	301.55
852	353.428	1	305297	1	338.941	1	508.078	1	3216.27	1	1	273.515	301.741
852	353.428	1	305297	1	338.941	1	508.078	1	3216.27	1	3.16228	274.086	302.343
852	353.428	1	305297	1	338.941	1	508.078	1	3216.27	1	10	275.863	304.213
852	353.428	1	305297	1	338.941	1	508.078	1	3216.27	1	31.6228	281.209	309.826
852	353.428	1	305297	1	338.941	1	508.078	1	3216.27	1	100	296.472	325.793
853	389.877	1	1.48303e+06	1	131.905	1	1229.25	1	4142.98	1	0	273.249	301.462
853	389.877	1	1.48303e+06	1	131.905	1	1229.25	1	4142.98	1	0.001	273.25	301.462
853	389.877	1	1.48303e+06	1	131.905	1	1229.25	1	4142.98	1	0.00316228	273.25	301.463
853	389.877	1	1.48303e+06	1	131.905	1	1229.25	1	4142.98	1	0.01	273.253	301.465
853	389.877	1	1.48303e+06	1	131.905	1	1229.25	1	4142.98	1	0.0316228	273.259	301.473
853	389.877	1	1.48303e+06	1	131.905	1	1229.25	1	4142.98	1	0.1	273.281	301.499
853	389.877	1	1.48303e+06	1	131.905	1	1229.25	1	4142.98	1	0.316228	273.349	301.58
853	389.877	1	1.48303e+06	1	131.905	1	1229.25	1	4142.98	1	1	273.564	301.835
853	389.877	1	1.48303e+06	1	131.905	1	1229.25	1	4142.98	1	3.16228	274.233	302.626
853	389.877	1	1.48303e+06	1	131.905	1	1229.25	1	4142.98	1	10	276.257	305.006
853	389.877	1	1.48303e+06	1	131.905	1	1229.25	1	4142.98	1	31.6228	281.937	311.639
853	389.877	1	1.48303e+06	1	131.905	1	1229.25	1	4142.98	1	100	295.346	326.949
854	391.974	1	654203	1	442.144	1	1101.12	1	2261.09	1	0	273.249	301.462
854	391.974	1	654203	1	442.144	1	1101.12	1	2261.09	1	0.001	273.25	301.462
854	391.974	1	654203	1	442.144	1	1101.12	1	2261.09	1	0.00316228	273.25	301.462
854	391.974	1	654203	1	442.144	1	1101.12	1	2261.09	1	0.01	273.251	301.463
854	391.974	1	654203	1	442.144	1	1101.12	1	2261.09	1	0.0316228	273.255	301.467
854	391.974	1	654203	1	442.144	1	1101.12	1	2261.09	1	0.1	273.266	301.479
854	391.974	1	654203	1	442.144	1	1101.12	1	2261.09	1	0.316228	273.301	301.515
854	391.974	1	654203	1	442.144	1	1101.12	1	2261.09	1	1	273.413	301.631
854	391.974	1	654203	1	442.144	1	1101.12	1	2261.09	1	3.16228	273.764	301.996
854	391.974	1	654203	1	442.144	1	1101.12	1	2261.09	1	10	274.862	303.137
854	391.974	1	654203	1	442.144	1	1101.12	1	2261.09	1	31.6228	278.209	306.607
854	391.974	1	654203	1	442.144	1	1101.12	1	2261.09	1	100	287.812	316.55
855	566.444	1	667010	1	732.78	1	924.68	1	2435.97	1	0	273.249	301.462
855	566.444	1	667010	1	732.78	1	924.68	1	2435.97	1	0.001	273.25	301.462
855	566.444	1	667010	1	732.78	1	924.68	1	2435.97	1	0.00316228	273.25	301.462
855	566.444	1	667010	1	732.78	1	924.68	1	2435.97	1	0.01	273.251	301.463
855	566.444	1	667010	1	732.78	1	924.68	1	2435.97	1	0.0316228	273.254	301.466
855	566.444	1	667010	1	732.78	1	924.68	1	2435.97	1	0.1	273.264	301.476
855	566.444	1	667010	1	732.78	1	924.68	1	2435.97	1	0.316228	273.294	301.507
855	566.444	1	667010	1	732.78	1	924.68	1	2435.97	1	1	273.39	301.606
855	566.444	1	667010	1	732.78	1	924.68	1	2435.97	1	3.16228	273.694	301.918
855	566.444	1	667010	1	732.78	1	924.68	1	2435.97	1	10	274.647	302.897
855	566.444	1	667010	1	732.78	1	924.68	1	2435.97	1	31.6228	277.581	305.909
855	566.444	1	667010	1	732.78	1	924.68	1	2435.97	1	100	286.152	314.697
856	816.084	1	1.15297e+06	1	468.931	1	2408.82	1	3700.61	1	0	273.249	301.462
856	816.084	1	1.15297e+06	1	468.931	1	2408.82	1	3700.61	1	0.001	273.25	301.462
856	816.084	1	1.15297e+06	1	468.931	1	2408.82	1	3700.61	1	0.00316228	273.25	301.462
856	816.084	1	1.15297e+06	1	468.931	1	2408.82	1	3700.61	1	0.01	273.251	301.463
856	816.084	1	1.15297e+06	1	468.931	1	2408.82	1	3700.61	1	0.0316228	273.253	301.465
856	816.084	1	1.15297e+06	1	468.931	1	2408.82	1	3700.61	1	0.1	273.26	301.474
856	816.084	1	1.15297e+06	1	468.931	1	2408.82	1	3700.61	1	0.316228	273.284	301.5
856	816.084	1	1.15297e+06	1	468.931	1	2408.82	1	3700.61	1	1	273.358	301.583
856	816.084	1	1.15297e+06	1	468.931	1	2408.82	1	3700.61	1	3.16228	273.591	301.845
856	816.084	1	1.15297e+06	1	468.931	1	2408.82	1	3700.61	1	10	274.321	302.663
856	816.084	1	1.15297e+06	1	468.931	1	2408.82	1	3700.61	1	31.6228	276.548	305.148
856	816.084	1	1.15297e+06	1	468.931	1	2408.82	1	3700.61	1	100	282.948	312.242
857	261.377	1	101432	1	286.259	1	865.338	1	5273.32	1	0	273.249	301.462
857	261.377	1	101432	1	286.259	1	865.338	1	5273.32	1	0.001	273.25	301.462
857	261.377	1	101432	1	286.259	1	865.338	1	5273.32	1	0.00316228	273.25	301.462
857	261.377	1	101432	1	286.259	1	865.338	1	5273.32	1	0.01	273.252	301.464
857	261.377	1	101432	1	286.259	1	865.338	1	5273.32	1	0.0316228	273.257	301.469
857	261.377	1	101432	1	286.259	1	865.338	1	5273.32	1	0.1	273.273	301.486
857	261.377	1	101432	1	286.259	1	865.338	1	5273.32	1	0.316228	273.323	301.538
857	261.377	1	101432	1	286.259	1	865.338	1	5273.32	1	1	273.481	301.702
857	261.377	1	101432	1	286.259	1	865.338	1	5273.32	1	3.16228	273.977	302.22
857	261.377	1	101432	1	286.259	1	865.338	1	5273.32	1	10	275.518	303.824
857	261.377	1	101432	1	286.259	1	865.338	1	5273.32	1	31.6228	280.121	308.603
857	261.377	1	101432	1	286.259	1	865.338	1	5273.32	1	100	292.729	321.665
858	374.947	1	2.66332e+06	1	278.643	1	672.755	1	3151.45	1	0	273.249	301.462
858	374.947	1	2.66332e+06	1	278.643	1	672.755	1	3151.45	1	0.001	273.25	301.462
858	374.947	1	2.66332e+06	1	278.643	1	672.755	1	3151.45	1	0.00316228	273.25	301.462
858	374.947	1	2.66332e+06	1	278.643	1	672.755	1	3151.45	1	0.01	273.252	301.464
858	374.947	1	2.66332e+06	1	278.643	1	672.755	1	3151.45	1	0.0316228	273.257	301.47
858	374.947	1	2.66332e+06	1	278.643	1	672.755	1	3151.45	1	0.1	273.274	301.488
858	374.947	1	2.66332e+06	1	278.643	1	672.755	1	3151.45	1	0.316228	273.328	301.546
858	374.947	1	2.66332e+06	1	278.643	1	672.755	1	3151.45	1	1	273.497	301.729
858	374.947	1	2.66332e+06	1	278.643	1	672.755	1	3151.45	1	3.16228	274.028	302.304
858	374.947	1	2.66332e+06	1	278.643	1	672.755	1	3151.45	1	10	275.68	304.087
858	374.947	1	2.66332e+06	1	278.643	1	672.755	1	3151.45	1	31.6228	280.634	309.406
858	374.947	1	2.66332e+06	1	278.643	1	672.755	1	3151.45	1	100	294.324	324.015
859	386.513	1	951211	1	482.058	1	1078.71	1	3165.04	1	0	273.249	301.462
859	386.513	1	951211	1	482.058	1	1078.71	1	3165.04	1	0.001	273.25	301.462
859	386.513	1	951211	1	482.058	1	1078.71	1	3165.04	1	0.00316228	273.25	301.462
859	386.513	1	951211	1	482.058	1	1078.71	1	3165.04	1	0.01	273.251	301.463
859	386.513	1	951211	1	482.058	1	1078.71	1	3165.04	1	0.0316228	273.254	301.467
859	386.513	1	951211	1	482.058	1	1078.71	1	3165.04	1	0.1	273.265	301.478
859	386.513	1	951211	1	482.058	1	1078.71	1	3165.04	1	0.316228	273.3	301.513
859	386.513	1	951211	1	482.058	1	1078.71	1	3165.04	1	1	273.409	301.625
859	386.513	1	951211	1	482.058	1	1078.71	1	3165.04	1	3.16228	273.752	301.977
859	386.513	1	951211	1	482.058	1	1078.71	1	3165.04	1	10	274.824	303.078
859	386.513	1	951211	1	482.058	1	1078.71	1	3165.04	1	31.6228	278.098	306.438
859	386.513	1	951211	1	482.058	1	1078.71	1	3165.04	1	100	287.531	316.115
860	581.853	1	717442	1	718.72	1	311.861	1	2257.99	1	0	273.249	301.462
860	581.853	1	717442	1	718.72	1	311.861	1	2257.99	1	0.001	273.25	301.462
860	581.853	1	717442	1	718.72	1	311.861	1	2257.99	1	0.00316228	273.25	301.463
860	581.853	1	717442	1	718.72	1	311.861	1	2257.99	1	0.01	273.252	301.465
860	581.853	1	717442	1	718.72	1	311.861	1	2257.99	1	0.0316228	273.259	301.471
860	581.853	1	717442	1	718.72	1	311.861	1	2257.99	1	0.1	273.279	301.493
860	581.853	1	717442	1	718.72	1	311.861	1	2257.99	1	0.316228	273.344	301.56
860	581.853	1	717442	1	718.72	1	311.861	1	2257.99	1	1	273.549	301.772
860	581.853	1	717442	1	718.72	1	311.861	1	2257.99	1	3.16228	274.192	302.438
860	581.853	1	717442	1	718.72	1	311.861	1	2257.99	1	10	276.18	304.498
860	581.853	1	717442	1	718.72	1	311.861	1	2257.99	1	31.6228	282.063	310.59
860	581.853	1	717442	1	718.72	1	311.861	1	2257.99	1	100	298.961	328.045
861	569.718	1	353468	1	510.633	1	883.968	1	8594.94	1	0	273.249	301.462
861	569.718	1	353468	1	510.633	1	883.968	1	8594.94	1	0.001	273.25	301.462
861	569.718	1	353468	1	510.633	1	883.968	1	8594.94	1	0.00316228	273.25	301.462
861	569.718	1	353468	1	510.633	1	883.968	1	8594.94	1	0.01	273.251	301.463
861	569.718	1	353468	1	510.633	1	883.968	1	8594.94	1	0.0316228	273.255	301.467
861	569.718	1	353468	1	510.633	1	883.968	1	8594.94	1	0.1	273.266	301.479
861	569.718	1	353468	1	510.633	1	883.968	1	8594.94	1	0.316228	273.301	301.516
861	569.718	1	353468	1	510.633	1	883.968	1	8594.94	1	1	273.411	301.633
861	569.718	1	353468	1	510.633	1	883.968	1	8594.94	1	3.16228	273.76	302.003
861	569.718	1	353468	1	510.633	1	883.968	1	8594.94	1	10	274.851	303.16
861	569.718	1	353468	1	510.633	1	883.968	1	8594.94	1	31.6228	278.196	306.697
861	569.718	1	353468	1	510.633	1	883.968	1	8594.94	1	100	287.857	316.881
862	314.355	1	901810	1	323.574	1	1234.42	1	2422.69	1	0	273.249	301.462
862	314.355	1	901810	1	323.574	1	1234.42	1	2422.69	1	0.001	273.25	301.462
862	314.355	1	901810	1	323.574	1	1234.42	1	2422.69	1	0.00316228	273.25	301.462
862	314.355	1	901810	1	323.574	1	1234.42	1	2422.69	1	0.01	273.251	301.464
862	314.355	1	901810	1	323.574	1	1234.42	1	2422.69	1	0.0316228	273.255	301.468
862	314.355	1	901810	1	323.574	1	1234.42	1	2422.69	1	0.1	273.268	301.481
862	314.355	1	901810	1	323.574	1	1234.42	1	2422.69	1	0.316228	273.309	301.524
862	314.355	1	901810	1	323.574	1	1234.42	1	2422.69	1	1	273.437	301.659
862	314.355	1	901810	1	323.574	1	1234.42	1	2422.69	1	3.16228	273.84	302.082
862	314.355	1	901810	1	323.574	1	1234.42	1	2422.69	1	10	275.092	303.396
862	314.355	1	901810	1	323.574	1	1234.42	1	2422.69	1	31.6228	278.854	307.332
862	314.355	1	901810	1	323.574	1	1234.42	1	2422.69	1	100	289.326	318.256
863	418.769	1	1.16685e+06	1	331.041	1	966.199	1	2305.27	1	0	273.249	301.462
863	418.769	1	1.16685e+06	1	331.041	1	966.199	1	2305.27	1	0.001	273.25	301.462
863	418.769	1	1.16685e+06	1	331.041	1	966.199	1	2305.27	1	0.00316228	273.25	301.462
863	418.769	1	1.16685e+06	1	331.041	1	966.199	1	2305.27	1	0.01	273.251	301.464
863	418.769	1	1.16685e+06	1	331.041	1	966.199	1	2305.27	1	0.0316228	273.256	301.468
863	418.769	1	1.16685e+06	1	331.041	1	966.199	1	2305.27	1	0.1	273.269	301.483
863	418.769	1	1.16685e+06	1	331.041	1	966.199	1	2305.27	1	0.316228	273.311	301.528
863	418.769	1	1.16685e+06	1	331.041	1	966.199	1	2305.27	1	1	273.443	301.671
863	418.769	1	1.16685e+06	1	331.041	1	966.199	1	2305.27	1	3.16228	273.86	302.121
863	418.769	1	1.16685e+06	1	331.041	1	966.199	1	2305.27	1	10	275.158	303.52
863	418.769	1	1.16685e+06	1	331.041	1	966.199	1	2305.27	1	31.6228	279.082	307.727
863	418.769	1	1.16685e+06	1	331.041	1	966.199	1	2305.27	1	100	290.107	319.479
864	800.259	1	1.88477e+06	1	436.502	1	3147.17	1	3866.6	1	0	273.249	301.462
864	800.259	1	1.88477e+06	1	436.502	1	3147.17	1	3866.6	1	0.001	273.25	301.462
864	800.259	1	1.88477e+06	1	436.502	1	3147.17	1	3866.6	1	0.00316228	273.25	301.462
864	800.259	1	1.88477e+06	1	436.502	1	3147.17	1	3866.6	1	0.01	273.25	301.463
864	800.259	1	1.88477e+06	1	436.502	1	3147.17	1	3866.6	1	0.0316228	273.253	301.465
864	800.259	1	1.88477e+06	1	436.502	1	3147.17	1	3866.6	1	0.1	273.26	301.474
864	800.259	1	1.88477e+06	1	436.502	1	3147.17	1	3866.6	1	0.316228	273.283	301.5
864	800.259	1	1.88477e+06	1	436.502	1	3147.17	1	3866.6	1	1	273.355	301.582
864	800.259	1	1.88477e+06	1	436.502	1	3147.17	1	3866.6	1	3.16228	273.584	301.841
864	800.259	1	1.88477e+06	1	436.502	1	3147.17	1	3866.6	1	10	274.296	302.649
864	800.259	1	1.88477e+06	1	436.502	1	3147.17	1	3866.6	1	31.6228	276.46	305.088
864	800.259	1	1.88477e+06	1	436.502	1	3147.17	1	3866.6	1	100	282.594	311.956
865	522.036	1	2.18443e+06	1	507.577	1	904.573	1	1712.05	1	0	273.249	301.462
865	522.036	1	2.18443e+06	1	507.577	1	904.573	1	1712.05	1	0.001	273.25	301.462
865	522.036	1	2.18443e+06	1	507.577	1	904.573	1	1712.05	1	0.00316228	273.25	301.462
865	522.036	1	2.18443e+06	1	507.577	1	904.573	1	1712.05	1	0.01	273.251	301.463
865	522.036	1	2.18443e+06	1	507.577	1	904.573	1	1712.05	1	0.0316228	273.255	301.467
865	522.036	1	2.18443e+06	1	507.577	1	904.573	1	1712.05	1	0.1	273.266	301.479
865	522.036	1	2.18443e+06	1	507.577	1	904.573	1	1712.05	1	0.316228	273.301	301.516
865	522.036	1	2.18443e+06	1	507.577	1	904.573	1	1712.05	1	1	273.412	301.633
865	522.036	1	2.18443e+06	1	507.577	1	904.573	1	1712.05	1	3.16228	273.763	302.003
865	522.036	1	2.18443e+06	1	507.577	1	904.573	1	1712.05	1	10	274.861	303.159
865	522.036	1	2.18443e+06	1	507.577	1	904.573	1	1712.05	1	31.6228	278.225	306.696
865	522.036	1	2.18443e+06	1	507.577	1	904.573	1	1712.05	1	100	287.946	316.89
866	524.78	1	825750	1	341.075	1	2209.65	1	3808.57	1	0	273.249	301.462
866	524.78	1	825750	1	341.075	1	2209.65	1	3808.57	1	0.001	273.25	301.462
866	524.78	1	825750	1	341.075	1	2209.65	1	3808.57	1	0.00316228	273.25	301.462
866	524.78	1	825750	1	341.075	1	2209.65	1	3808.57	1	0.01	273.251	301.463
866	524.78	1	825750	1	341.075	1	2209.65	1	3808.57	1	0.0316228	273.254	301.467
866	524.78	1	825750	1	341.075	1	2209.65	1	3808.57	1	0.1	273.264	301.477
866	524.78	1	825750	1	341.075	1	2209.65	1	3808.57	1	0.316228	273.294	301.512
866	524.78	1	825750	1	341.075	1	2209.65	1	3808.57	1	1	273.392	301.62
866	524.78	1	825750	1	341.075	1	2209.65	1	3808.57	1	3.16228	273.697	301.961
866	524.78	1	825750	1	341.075	1	2209.65	1	3808.57	1	10	274.648	303.018
866	524.78	1	825750	1	341.075	1	2209.65	1	3808.57	1	31.6228	277.507	306.176
866	524.78	1	825750	1	341.075	1	2209.65	1	3808.57	1	100	285.456	314.883
867	391.316	1	1.14535e+06	1	329.857	1	2310.51	1	5921.59	1	0	273.249	301.462
867	391.316	1	1.14535e+06	1	329.857	1	2310.51	1	5921.59	1	0.001	273.25	301.462
867	391.316	1	1.14535e+06	1	329.857	1	2310.51	1	5921.59	1	0.00316228	273.25	301.462
867	391.316	1	1.14535e+06	1	329.857	1	2310.51	1	5921.59	1	0.01	273.251	301.463
867	391.316	1	1.14535e+06	1	329.857	1	2310.51	1	5921.59	1	0.0316228	273.254	301.467
867	391.316	1	1.14535e+06	1	329.857	1	2310.51	1	5921.59	1	0.1	273.264	301.478
867	391.316	1	1.14535e+06	1	329.857	1	2310.51	1	5921.59	1	0.316228	273.297	301.513
867	391.316	1	1.14535e+06	1	329.857	1	2310.51	1	5921.59	1	1	273.4	301.624
867	391.316	1	1.14535e+06	1	329.857	1	2310.51	1	5921.59	1	3.16228	273.723	301.974
867	391.316	1	1.14535e+06	1	329.857	1	2310.51	1	5921.59	1	10	274.727	303.059
867	391.316	1	1.14535e+06	1	329.857	1	2310.51	1	5921.59	1	31.6228	277.733	306.287
867	391.316	1	1.14535e+06	1	329.857	1	2310.51	1	5921.59	1	100	286.028	315.133
868	683.087	1	787076	1	212.281	1	1349.15	1	2956.83	1	0	273.249	301.462
868	683.087	1	787076	1	212.281	1	1349.15	1	2956.83	1	0.001	273.25	301.462
868	683.087	1	787076	1	212.281	1	1349.15	1	2956.83	1	0.00316228	273.25	301.462
868	683.087	1	787076	1	212.281	1	1349.15	1	2956.83	1	0.01	273.252	301.464
868	683.087	1	787076	1	212.281	1	1349.15	1	2956.83	1	0.0316228	273.256	301.47
868	683.087	1	787076	1	212.281	1	1349.15	1	2956.83	1	0.1	273.271	301.487
868	683.087	1	787076	1	212.281	1	1349.15	1	2956.83	1	0.316228	273.317	301.541
868	683.087	1	787076	1	212.281	1	1349.15	1	2956.83	1	1	273.462	301.712
868	683.087	1	787076	1	212.281	1	1349.15	1	2956.83	1	3.16228	273.917	302.248
868	683.087	1	787076	1	212.281	1	1349.15	1	2956.83	1	10	275.318	303.893
868	683.087	1	787076	1	212.281	1	1349.15	1	2956.83	1	31.6228	279.424	308.667
868	683.087	1	787076	1	212.281	1	1349.15	1	2956.83	1	100	290.055	320.929
869	437.731	1	1.37487e+06	1	382.379	1	800.786	1	1819.46	1	0	273.249	301.462
869	437.731	1	1.37487e+06	1	382.379	1	800.786	1	1819.46	1	0.001	273.25	301.462
869	437.731	1	1.37487e+06	1	382.379	1	800.786	1	1819.46	1	0.00316228	273.25	301.462
869	437.731	1	1.37487e+06	1	382.379	1	800.786	1	1819.46	1	0.01	273.251	301.464
869	437.731	1	1.37487e+06	1	382.379	1	800.786	1	1819.46	1	0.0316228	273.256	301.468
869	437.731	1	1.37487e+06	1	382.379	1	800.786	1	1819.46	1	0.1	273.269	301.483
869	437.731	1	1.37487e+06	1	382.379	1	800.786	1	1819.46	1	0.316228	273.312	301.528
869	437.731	1	1.37487e+06	1	382.379	1	800.786	1	1819.46	1	1	273.446	301.671
869	437.731	1	1.37487e+06	1	382.379	1	800.786	1	1819.46	1	3.16228	273.869	302.122
869	437.731	1	1.37487e+06	1	382.379	1	800.786	1	1819.46	1	10	275.191	303.528
869	437.731	1	1.37487e+06	1	382.379	1	800.786	1	1819.46	1	31.6228	279.205	307.786
869	437.731	1	1.37487e+06	1	382.379	1	800.786	1	1819.46	1	100	290.59	319.815
870	472.732	1	350449	1	255.254	1	598.08	1	1794.59	1	0	273.249	301.462
870	472.732	1	350449	1	255.254	1	598.08	1	1794.59	1	0.001	273.25	301.462
870	472.732	1	350449	1	255.254	1	598.08	1	1794.59	1	0.00316228	273.25	301.462
870	472.732	1	350449	1	255.254	1	598.08	1	1794.59	1	0.01	273.252	301.465
870	472.732	1	350449	1	255.254	1	598.08	1	1794.59	1	0.0316228	273.258	301.471
870	472.732	1	350449	1	255.254	1	598.08	1	1794.59	1	0.1	273.276	301.491
870	472.732	1	350449	1	255.254	1	598.08	1	1794.59	1	0.316228	273.333	301.555
870	472.732	1	350449	1	255.254	1	598.08	1	1794.59	1	1	273.515	301.755
870	472.732	1	350449	1	255.254	1	598.08	1	1794.59	1	3.16228	274.085	302.385
870	472.732	1	350449	1	255.254	1	598.08	1	1794.59	1	10	275.854	304.337
870	472.732	1	350449	1	255.254	1	598.08	1	1794.59	1	31.6228	281.143	310.135
870	472.732	1	350449	1	255.254	1	598.08	1	1794.59	1	100	295.751	326.03
871	381.004	1	1.00977e+06	1	418.137	1	1168.66	1	2408.69	1	0	273.249	301.462
871	381.004	1	1.00977e+06	1	418.137	1	1168.66	1	2408.69	1	0.001	273.25	301.462
871	381.004	1	1.00977e+06	1	418.137	1	1168.66	1	2408.69	1	0.00316228	273.25	301.462
871	381.004	1	1.00977e+06	1	418.137	1	1168.66	1	2408.69	1	0.01	273.251	301.463
871	381.004	1	1.00977e+06	1	418.137	1	1168.66	1	2408.69	1	0.0316228	273.255	301.467
871	381.004	1	1.00977e+06	1	418.137	1	1168.66	1	2408.69	1	0.1	273.266	301.479
871	381.004	1	1.00977e+06	1	418.137	1	1168.66	1	2408.69	1	0.316228	273.301	301.516
871	381.004	1	1.00977e+06	1	418.137	1	1168.66	1	2408.69	1	1	273.413	301.632
871	381.004	1	1.00977e+06	1	418.137	1	1168.66	1	2408.69	1	3.16228	273.766	302
871	381.004	1	1.00977e+06	1	418.137	1	1168.66	1	2408.69	1	10	274.869	303.148
871	381.004	1	1.00977e+06	1	418.137	1	1168.66	1	2408.69	1	31.6228	278.221	306.633
871	381.004	1	1.00977e+06	1	418.137	1	1168.66	1	2408.69	1	100	287.799	316.575
872	356.351	1	1.06416e+06	1	389.602	1	2028.52	1	4559.41	1	0	273.249	301.462
872	356.351	1	1.06416e+06	1	389.602	1	2028.52	1	4559.41	1	0.001	273.25	301.462
872	356.351	1	1.06416e+06	1	389.602	1	2028.52	1	4559.41	1	0.00316228	273.25	301.462
872	356.351	1	1.06416e+06	1	389.602	1	2028.52	1	4559.41	1	0.01	273.251	301.463
872	356.351	1	1.06416e+06	1	389.602	1	2028.52	1	4559.41	1	0.0316228	273.254	301.466
872	356.351	1	1.06416e+06	1	389.602	1	2028.52	1	4559.41	1	0.1	273.264	301.477
872	356.351	1	1.06416e+06	1	389.602	1	2028.52	1	4559.41	1	0.316228	273.295	301.509
872	356.351	1	1.06416e+06	1	389.602	1	2028.52	1	4559.41	1	1	273.393	301.612
872	356.351	1	1.06416e+06	1	389.602	1	2028.52	1	4559.41	1	3.16228	273.702	301.934
872	356.351	1	1.06416e+06	1	389.602	1	2028.52	1	4559.41	1	10	274.665	302.937
872	356.351	1	1.06416e+06	1	389.602	1	2028.52	1	4559.41	1	31.6228	277.571	305.957
872	356.351	1	1.06416e+06	1	389.602	1	2028.52	1	4559.41	1	100	285.745	314.437
873	562.503	1	787407	1	368.925	1	1846.54	1	3447	1	0	273.249	301.462
873	562.503	1	787407	1	368.925	1	1846.54	1	3447	1	0.001	273.25	301.462
873	562.503	1	787407	1	368.925	1	1846.54	1	3447	1	0.00316228	273.25	301.462
873	562.503	1	787407	1	368.925	1	1846.54	1	3447	1	0.01	273.251	301.463
873	562.503	1	787407	1	368.925	1	1846.54	1	3447	1	0.0316228	273.254	301.467
873	562.503	1	787407	1	368.925	1	1846.54	1	3447	1	0.1	273.264	301.477
873	562.503	1	787407	1	368.925	1	1846.54	1	3447	1	0.316228	273.294	301.511
873	562.503	1	787407	1	368.925	1	1846.54	1	3447	1	1	273.39	301.618
873	562.503	1	787407	1	368.925	1	1846.54	1	3447	1	3.16228	273.694	301.954
873	562.503	1	787407	1	368.925	1	1846.54	1	3447	1	10	274.638	302.999
873	562.503	1	787407	1	368.925	1	1846.54	1	3447	1	31.6228	277.498	306.145
873	562.503	1	787407	1	368.925	1	1846.54	1	3447	1	100	285.559	314.947
874	539.841	1	981825	1	416.614	1	702.962	1	2413.57	1	0	273.249	301.462
874	539.841	1	981825	1	416.614	1	702.962	1	2413.57	1	0.001	273.25	301.462
874	539.841	1	981825	1	416.614	1	702.962	1	2413.57	1	0.00316228	273.25	301.462
874	539.841	1	981825	1	416.614	1	702.962	1	2413.57	1	0.01	273.251	301.464
874	539.841	1	981825	1	416.614	1	702.962	1	2413.57	1	0.0316228	273.256	301.468
874	539.841	1	981825	1	416.614	1	702.962	1	2413.57	1	0.1	273.269	301.483
874	539.841	1	981825	1	416.614	1	702.962	1	2413.57	1	0.316228	273.312	301.529
874	539.841	1	981825	1	416.614	1	702.962	1	2413.57	1	1	273.448	301.674
874	539.841	1	981825	1	416.614	1	702.962	1	2413.57	1	3.16228	273.875	302.133
874	539.841	1	981825	1	416.614	1	702.962	1	2413.57	1	10	275.209	303.562
874	539.841	1	981825	1	416.614	1	702.962	1	2413.57	1	31.6228	279.272	307.903
874	539.841	1	981825	1	416.614	1	702.962	1	2413.57	1	100	290.813	320.186
875	293.619	1	1.05911e+06	1	482.813	1	1490.83	1	1948.97	1	0	273.249	301.462
875	293.619	1	1.05911e+06	1	482.813	1	1490.83	1	1948.97	1	0.001	273.25	301.462
875	293.619	1	1.05911e+06	1	482.813	1	1490.83	1	1948.97	1	0.00316228	273.25	301.462
875	293.619	1	1.05911e+06	1	482.813	1	1490.83	1	1948.97	1	0.01	273.251	301.463
875	293.619	1	1.05911e+06	1	482.813	1	1490.83	1	1948.97	1	0.0316228	273.254	301.466
875	293.619	1	1.05911e+06	1	482.813	1	1490.83	1	1948.97	1	0.1	273.264	301.476
875	293.619	1	1.05911e+06	1	482.813	1	1490.83	1	1948.97	1	0.316228	273.297	301.508
875	293.619	1	1.05911e+06	1	482.813	1	1490.83	1	1948.97	1	1	273.398	301.608
875	293.619	1	1.05911e+06	1	482.813	1	1490.83	1	1948.97	1	3.16228	273.719	301.923
875	293.619	1	1.05911e+06	1	482.813	1	1490.83	1	1948.97	1	10	274.719	302.907
875	293.619	1	1.05911e+06	1	482.813	1	1490.83	1	1948.97	1	31.6228	277.751	305.903
875	293.619	1	1.05911e+06	1	482.813	1	1490.83	1	1948.97	1	100	286.405	314.515
876	628.809	1	429941	1	269.762	1	4442.17	1	2504.32	1	0	273.249	301.462
876	628.809	1	429941	1	269.762	1	4442.17	1	2504.32	1	0.001	273.25	301.462
876	628.809	1	429941	1	269.762	1	4442.17	1	2504.32	1	0.00316228	273.25	301.462
876	628.809	1	429941	1	269.762	1	4442.17	1	2504.32	1	0.01	273.251	301.463
876	628.809	1	429941	1	269.762	1	4442.17	1	2504.32	1	0.0316228	273.254	301.467
876	628.809	1	429941	1	269.762	1	4442.17	1	2504.32	1	0.1	273.264	301.479
876	628.809	1	429941	1	269.762	1	4442.17	1	2504.32	1	0.316228	273.295	301.516
876	628.809	1	429941	1	269.762	1	4442.17	1	2504.32	1	1	273.395	301.632
876	628.809	1	429941	1	269.762	1	4442.17	1	2504.32	1	3.16228	273.706	301.998
876	628.809	1	429941	1	269.762	1	4442.17	1	2504.32	1	10	274.665	303.124
876	628.809	1	429941	1	269.762	1	4442.17	1	2504.32	1	31.6228	277.483	306.397
876	628.809	1	429941	1	269.762	1	4442.17	1	2504.32	1	100	284.815	314.854
877	195.178	1	374859	1	315.313	1	986.069	1	3646.98	1	0	273.249	301.462
877	195.178	1	374859	1	315.313	1	986.069	1	3646.98	1	0.001	273.25	301.462
877	195.178	1	374859	1	315.313	1	986.069	1	3646.98	1	0.00316228	273.25	301.462
877	195.178	1	374859	1	315.313	1	986.069	1	3646.98	1	0.01	273.252	301.464
877	195.178	1	374859	1	315.313	1	986.069	1	3646.98	1	0.0316228	273.257	301.469
877	195.178	1	374859	1	315.313	1	986.069	1	3646.98	1	0.1	273.272	301.484
877	195.178	1	374859	1	315.313	1	986.069	1	3646.98	1	0.316228	273.321	301.532
877	195.178	1	374859	1	315.313	1	986.069	1	3646.98	1	1	273.475	301.683
877	195.178	1	374859	1	315.313	1	986.069	1	3646.98	1	3.16228	273.958	302.16
877	195.178	1	374859	1	315.313	1	986.069	1	3646.98	1	10	275.455	303.637
877	195.178	1	374859	1	315.313	1	986.069	1	3646.98	1	31.6228	279.916	308.054
877	195.178	1	374859	1	315.313	1	986.069	1	3646.98	1	100	292.115	320.265
878	525.944	1	1.50839e+06	1	303.669	1	1220.41	1	2177.17	1	0	273.249	301.462
878	525.944	1	1.50839e+06	1	303.669	1	1220.41	1	2177.17	1	0.001	273.25	301.462
878	525.944	1	1.50839e+06	1	303.669	1	1220.41	1	2177.17	1	0.00316228	273.25	301.462
878	525.944	1	1.50839e+06	1	303.669	1	1220.41	1	2177.17	1	0.01	273.251	301.464
878	525.944	1	1.50839e+06	1	303.669	1	1220.41	1	2177.17	1	0.0316228	273.255	301.468
878	525.944	1	1.50839e+06	1	303.669	1	1220.41	1	2177.17	1	0.1	273.268	301.482
878	525.944	1	1.50839e+06	1	303.669	1	1220.41	1	2177.17	1	0.316228	273.307	301.525
878	525.944	1	1.50839e+06	1	303.669	1	1220.41	1	2177.17	1	1	273.43	301.663
878	525.944	1	1.50839e+06	1	303.669	1	1220.41	1	2177.17	1	3.16228	273.819	302.097
878	525.944	1	1.50839e+06	1	303.669	1	1220.41	1	2177.17	1	10	275.027	303.442
878	525.944	1	1.50839e+06	1	303.669	1	1220.41	1	2177.17	1	31.6228	278.661	307.461
878	525.944	1	1.50839e+06	1	303.669	1	1220.41	1	2177.17	1	100	288.767	318.538
879	617.635	1	472647	1	421.931	1	401.429	1	3304.39	1	0	273.249	301.462
879	617.635	1	472647	1	421.931	1	401.429	1	3304.39	1	0.001	273.25	301.462
879	617.635	1	472647	1	421.931	1	401.429	1	3304.39	1	0.00316228	273.25	301.462
879	617.635	1	472647	1	421.931	1	401.429	1	3304.39	1	0.01	273.252	301.465
879	617.635	1	472647	1	421.931	1	401.429	1	3304.39	1	0.0316228	273.258	301.471
879	617.635	1	472647	1	421.931	1	401.429	1	3304.39	1	0.1	273.277	301.491
879	617.635	1	472647	1	421.931	1	401.429	1	3304.39	1	0.316228	273.336	301.555
879	617.635	1	472647	1	421.931	1	401.429	1	3304.39	1	1	273.524	301.755
879	617.635	1	472647	1	421.931	1	401.429	1	3304.39	1	3.16228	274.114	302.386
879	617.635	1	472647	1	421.931	1	401.429	1	3304.39	1	10	275.948	304.346
879	617.635	1	472647	1	421.931	1	401.429	1	3304.39	1	31.6228	281.454	310.221
879	617.635	1	472647	1	421.931	1	401.429	1	3304.39	1	100	297.406	327.179
880	358.923	1	1.4597e+06	1	408.898	1	954.022	1	2034.68	1	0	273.249	301.462
880	358.923	1	1.4597e+06	1	408.898	1	954.022	1	2034.68	1	0.001	273.25	301.462
880	358.923	1	1.4597e+06	1	408.898	1	954.022	1	2034.68	1	0.00316228	273.25	301.462
880	358.923	1	1.4597e+06	1	408.898	1	954.022	1	2034.68	1	0.01	273.251	301.463
880	358.923	1	1.4597e+06	1	408.898	1	954.022	1	2034.68	1	0.0316228	273.255	301.468
880	358.923	1	1.4597e+06	1	408.898	1	954.022	1	2034.68	1	0.1	273.268	301.48
880	358.923	1	1.4597e+06	1	408.898	1	954.022	1	2034.68	1	0.316228	273.307	301.521
880	358.923	1	1.4597e+06	1	408.898	1	954.022	1	2034.68	1	1	273.431	301.65
880	358.923	1	1.4597e+06	1	408.898	1	954.022	1	2034.68	1	3.16228	273.823	302.056
880	358.923	1	1.4597e+06	1	408.898	1	954.022	1	2034.68	1	10	275.044	303.323
880	358.923	1	1.4597e+06	1	408.898	1	954.022	1	2034.68	1	31.6228	278.756	307.168
880	358.923	1	1.4597e+06	1	408.898	1	954.022	1	2034.68	1	100	289.329	318.108
881	460.531	1	729814	1	445.595	1	1849.27	1	4782.4	1	0	273.249	301.462
881	460.531	1	729814	1	445.595	1	1849.27	1	4782.4	1	0.001	273.25	301.462
881	460.531	1	729814	1	445.595	1	1849.27	1	4782.4	1	0.00316228	273.25	301.462
881	460.531	1	729814	1	445.595	1	1849.27	1	4782.4	1	0.01	273.251	301.463
881	460.531	1	729814	1	445.595	1	1849.27	1	4782.4	1	0.0316228	273.254	301.466
881	460.531	1	729814	1	445.595	1	1849.27	1	4782.4	1	0.1	273.263	301.475
881	460.531	1	729814	1	445.595	1	1849.27	1	4782.4	1	0.316228	273.291	301.505
881	460.531	1	729814	1	445.595	1	1849.27	1	4782.4	1	1	273.38	301.6
881	460.531	1	729814	1	445.595	1	1849.27	1	4782.4	1	3.16228	273.662	301.899
881	460.531	1	729814	1	445.595	1	1849.27	1	4782.4	1	10	274.543	302.831
881	460.531	1	729814	1	445.595	1	1849.27	1	4782.4	1	31.6228	277.224	305.661
881	460.531	1	729814	1	445.595	1	1849.27	1	4782.4	1	100	284.908	313.739
882	638.216	1	386107	1	171.344	1	2793.72	1	2057.9	1	0	273.249	301.462
882	638.216	1	386107	1	171.344	1	2793.72	1	2057.9	1	0.001	273.25	301.462
882	638.216	1	386107	1	171.344	1	2793.72	1	2057.9	1	0.00316228	273.25	301.462
882	638.216	1	386107	1	171.344	1	2793.72	1	2057.9	1	0.01	273.252	301.464
882	638.216	1	386107	1	171.344	1	2793.72	1	2057.9	1	0.0316228	273.256	301.47
882	638.216	1	386107	1	171.344	1	2793.72	1	2057.9	1	0.1	273.271	301.488
882	638.216	1	386107	1	171.344	1	2793.72	1	2057.9	1	0.316228	273.319	301.546
882	638.216	1	386107	1	171.344	1	2793.72	1	2057.9	1	1	273.468	301.727
882	638.216	1	386107	1	171.344	1	2793.72	1	2057.9	1	3.16228	273.933	302.293
882	638.216	1	386107	1	171.344	1	2793.72	1	2057.9	1	10	275.349	304.006
882	638.216	1	386107	1	171.344	1	2793.72	1	2057.9	1	31.6228	279.364	308.832
882	638.216	1	386107	1	171.344	1	2793.72	1	2057.9	1	100	288.981	320.257
883	336.466	1	1.01532e+06	1	267.054	1	579.109	1	2702.04	1	0	273.249	301.462
883	336.466	1	1.01532e+06	1	267.054	1	579.109	1	2702.04	1	0.001	273.25	301.462
883	336.466	1	1.01532e+06	1	267.054	1	579.109	1	2702.04	1	0.00316228	273.25	301.462
883	336.466	1	1.01532e+06	1	267.054	1	579.109	1	2702.04	1	0.01	273.252	301.465
883	336.466	1	1.01532e+06	1	267.054	1	579.109	1	2702.04	1	0.0316228	273.258	301.471
883	336.466	1	1.01532e+06	1	267.054	1	579.109	1	2702.04	1	0.1	273.277	301.491
883	336.466	1	1.01532e+06	1	267.054	1	579.109	1	2702.04	1	0.316228	273.336	301.555
883	336.466	1	1.01532e+06	1	267.054	1	579.109	1	2702.04	1	1	273.522	301.755
883	336.466	1	1.01532e+06	1	267.054	1	579.109	1	2702.04	1	3.16228	274.109	302.385
883	336.466	1	1.01532e+06	1	267.054	1	579.109	1	2702.04	1	10	275.931	304.338
883	336.466	1	1.01532e+06	1	267.054	1	579.109	1	2702.04	1	31.6228	281.379	310.15
883	336.466	1	1.01532e+06	1	267.054	1	579.109	1	2702.04	1	100	296.481	326.167
884	575.699	1	1.20958e+06	1	444.394	1	993.853	1	1985.01	1	0	273.249	301.462
884	575.699	1	1.20958e+06	1	444.394	1	993.853	1	1985.01	1	0.001	273.25	301.462
884	575.699	1	1.20958e+06	1	444.394	1	993.853	1	1985.01	1	0.00316228	273.25	301.462
884	575.699	1	1.20958e+06	1	444.394	1	993.853	1	1985.01	1	0.01	273.251	301.463
884	575.699	1	1.20958e+06	1	444.394	1	993.853	1	1985.01	1	0.0316228	273.255	301.467
884	575.699	1	1.20958e+06	1	444.394	1	993.853	1	1985.01	1	0.1	273.266	301.479
884	575.699	1	1.20958e+06	1	444.394	1	993.853	1	1985.01	1	0.316228	273.301	301.517
884	575.699	1	1.20958e+06	1	444.394	1	993.853	1	1985.01	1	1	273.411	301.636
884	575.699	1	1.20958e+06	1	444.394	1	993.853	1	1985.01	1	3.16228	273.76	302.011
884	575.699	1	1.20958e+06	1	444.394	1	993.853	1	1985.01	1	10	274.849	303.184
884	575.699	1	1.20958e+06	1	444.394	1	993.853	1	1985.01	1	31.6228	278.181	306.759
884	575.699	1	1.20958e+06	1	444.394	1	993.853	1	1985.01	1	100	287.768	317.001
885	518.828	1	2.00069e+06	1	213.696	1	950.836	1	6131.91	1	0	273.249	301.462
885	518.828	1	2.00069e+06	1	213.696	1	950.836	1	6131.91	1	0.001	273.25	301.462
885	518.828	1	2.00069e+06	1	213.696	1	950.836	1	6131.91	1	0.00316228	273.25	301.462
885	518.828	1	2.00069e+06	1	213.696	1	950.836	1	6131.91	1	0.01	273.252	301.464
885	518.828	1	2.00069e+06	1	213.696	1	950.836	1	6131.91	1	0.0316228	273.257	301.47
885	518.828	1	2.00069e+06	1	213.696	1	950.836	1	6131.91	1	0.1	273.273	301.489
885	518.828	1	2.00069e+06	1	213.696	1	950.836	1	6131.91	1	0.316228	273.325	301.549
885	518.828	1	2.00069e+06	1	213.696	1	950.836	1	6131.91	1	1	273.489	301.736
885	518.828	1	2.00069e+06	1	213.696	1	950.836	1	6131.91	1	3.16228	274.002	302.324
885	518.828	1	2.00069e+06	1	213.696	1	950.836	1	6131.91	1	10	275.586	304.134
885	518.828	1	2.00069e+06	1	213.696	1	950.836	1	6131.91	1	31.6228	280.26	309.421
885	518.828	1	2.00069e+06	1	213.696	1	950.836	1	6131.91	1	100	292.637	323.284
886	733.186	1	639144	1	429.212	1	464.34	1	1411.89	1	0	273.249	301.462
886	733.186	1	639144	1	429.212	1	464.34	1	1411.89	1	0.001	273.25	301.462
886	733.186	1	639144	1	429.212	1	464.34	1	1411.89	1	0.00316228	273.25	301.462
886	733.186	1	639144	1	429.212	1	464.34	1	1411.89	1	0.01	273.252	301.464
886	733.186	1	639144	1	429.212	1	464.34	1	1411.89	1	0.0316228	273.257	301.47
886	733.186	1	639144	1	429.212	1	464.34	1	1411.89	1	0.1	273.274	301.488
886	733.186	1	639144	1	429.212	1	464.34	1	1411.89	1	0.316228	273.327	301.546
886	733.186	1	639144	1	429.212	1	464.34	1	1411.89	1	1	273.495	301.727
886	733.186	1	639144	1	429.212	1	464.34	1	1411.89	1	3.16228	274.025	302.299
886	733.186	1	639144	1	429.212	1	464.34	1	1411.89	1	10	275.673	304.078
886	733.186	1	639144	1	429.212	1	464.34	1	1411.89	1	31.6228	280.653	309.44
886	733.186	1	639144	1	429.212	1	464.34	1	1411.89	1	100	295.099	324.942
887	567.196	1	1.16612e+06	1	800.431	1	1158.88	1	3109.87	1	0	273.249	301.462
887	567.196	1	1.16612e+06	1	800.431	1	1158.88	1	3109.87	1	0.001	273.25	301.462
887	567.196	1	1.16612e+06	1	800.431	1	1158.88	1	3109.87	1	0.00316228	273.25	301.462
887	567.196	1	1.16612e+06	1	800.431	1	1158.88	1	3109.87	1	0.01	273.251	301.463
887	567.196	1	1.16612e+06	1	800.431	1	1158.88	1	3109.87	1	0.0316228	273.253	301.465
887	567.196	1	1.16612e+06	1	800.431	1	1158.88	1	3109.87	1	0.1	273.262	301.474
887	567.196	1	1.16612e+06	1	800.431	1	1158.88	1	3109.87	1	0.316228	273.288	301.501
887	567.196	1	1.16612e+06	1	800.431	1	1158.88	1	3109.87	1	1	273.37	301.585
887	567.196	1	1.16612e+06	1	800.431	1	1158.88	1	3109.87	1	3.16228	273.632	301.85
887	567.196	1	1.16612e+06	1	800.431	1	1158.88	1	3109.87	1	10	274.451	302.683
887	567.196	1	1.16612e+06	1	800.431	1	1158.88	1	3109.87	1	31.6228	276.981	305.256
887	567.196	1	1.16612e+06	1	800.431	1	1158.88	1	3109.87	1	100	284.44	312.839
888	398.733	1	1.27654e+06	1	303.498	1	1968.23	1	3527.71	1	0	273.249	301.462
888	398.733	1	1.27654e+06	1	303.498	1	1968.23	1	3527.71	1	0.001	273.25	301.462
888	398.733	1	1.27654e+06	1	303.498	1	1968.23	1	3527.71	1	0.00316228	273.25	301.462
888	398.733	1	1.27654e+06	1	303.498	1	1968.23	1	3527.71	1	0.01	273.251	301.463
888	398.733	1	1.27654e+06	1	303.498	1	1968.23	1	3527.71	1	0.0316228	273.255	301.467
888	398.733	1	1.27654e+06	1	303.498	1	1968.23	1	3527.71	1	0.1	273.266	301.48
888	398.733	1	1.27654e+06	1	303.498	1	1968.23	1	3527.71	1	0.316228	273.301	301.518
888	398.733	1	1.27654e+06	1	303.498	1	1968.23	1	3527.71	1	1	273.413	301.641
888	398.733	1	1.27654e+06	1	303.498	1	1968.23	1	3527.71	1	3.16228	273.765	302.026
888	398.733	1	1.27654e+06	1	303.498	1	1968.23	1	3527.71	1	10	274.855	303.217
888	398.733	1	1.27654e+06	1	303.498	1	1968.23	1	3527.71	1	31.6228	278.112	306.751
888	398.733	1	1.27654e+06	1	303.498	1	1968.23	1	3527.71	1	100	287.048	316.367
889	390.074	1	726705	1	516.581	1	1370.52	1	2639.24	1	0	273.249	301.462
889	390.074	1	726705	1	516.581	1	1370.52	1	2639.24	1	0.001	273.25	301.462
889	390.074	1	726705	1	516.581	1	1370.52	1	2639.24	1	0.00316228	273.25	301.462
889	390.074	1	726705	1	516.581	1	1370.52	1	2639.24	1	0.01	273.251	301.463
889	390.074	1	726705	1	516.581	1	1370.52	1	2639.24	1	0.0316228	273.254	301.466
889	390.074	1	726705	1	516.581	1	1370.52	1	2639.24	1	0.1	273.263	301.476
889	390.074	1	726705	1	516.581	1	1370.52	1	2639.24	1	0.316228	273.294	301.507
889	390.074	1	726705	1	516.581	1	1370.52	1	2639.24	1	1	273.39	301.604
889	390.074	1	726705	1	516.581	1	1370.52	1	2639.24	1	3.16228	273.692	301.912
889	390.074	1	726705	1	516.581	1	1370.52	1	2639.24	1	10	274.636	302.873
889	390.074	1	726705	1	516.581	1	1370.52	1	2639.24	1	31.6228	277.523	305.811
889	390.074	1	726705	1	516.581	1	1370.52	1	2639.24	1	100	285.873	314.319
890	500.642	1	1.59903e+06	1	408.135	1	839.309	1	1846.95	1	0	273.249	301.462
890	500.642	1	1.59903e+06	1	408.135	1	839.309	1	1846.95	1	0.001	273.25	301.462
890	500.642	1	1.59903e+06	1	408.135	1	839.309	1	1846.95	1	0.00316228	273.25	301.462
890	500.642	1	1.59903e+06	1	408.135	1	839.309	1	1846.95	1	0.01	273.251	301.464
890	500.642	1	1.59903e+06	1	408.135	1	839.309	1	1846.95	1	0.0316228	273.255	301.468
890	500.642	1	1.59903e+06	1	408.135	1	839.309	1	1846.95	1	0.1	273.268	301.481
890	500.642	1	1.59903e+06	1	408.135	1	839.309	1	1846.95	1	0.316228	273.308	301.524
890	500.642	1	1.59903e+06	1	408.135	1	839.309	1	1846.95	1	1	273.434	301.659
890	500.642	1	1.59903e+06	1	408.135	1	839.309	1	1846.95	1	3.16228	273.831	302.085
890	500.642	1	1.59903e+06	1	408.135	1	839.309	1	1846.95	1	10	275.071	303.412
890	500.642	1	1.59903e+06	1	408.135	1	839.309	1	1846.95	1	31.6228	278.851	307.443
890	500.642	1	1.59903e+06	1	408.135	1	839.309	1	1846.95	1	100	289.633	318.898
891	240.082	1	1.40272e+06	1	451.209	1	1998.68	1	2272.26	1	0	273.249	301.462
891	240.082	1	1.40272e+06	1	451.209	1	1998.68	1	2272.26	1	0.001	273.25	301.462
891	240.082	1	1.40272e+06	1	451.209	1	1998.68	1	2272.26	1	0.00316228	273.25	301.462
891	240.082	1	1.40272e+06	1	451.209	1	1998.68	1	2272.26	1	0.01	273.251	301.463
891	240.082	1	1.40272e+06	1	451.209	1	1998.68	1	2272.26	1	0.0316228	273.254	301.466
891	240.082	1	1.40272e+06	1	451.209	1	1998.68	1	2272.26	1	0.1	273.264	301.476
891	240.082	1	1.40272e+06	1	451.209	1	1998.68	1	2272.26	1	0.316228	273.296	301.506
891	240.082	1	1.40272e+06	1	451.209	1	1998.68	1	2272.26	1	1	273.398	301.603
891	240.082	1	1.40272e+06	1	451.209	1	1998.68	1	2272.26	1	3.16228	273.717	301.906
891	240.082	1	1.40272e+06	1	451.209	1	1998.68	1	2272.26	1	10	274.709	302.853
891	240.082	1	1.40272e+06	1	451.209	1	1998.68	1	2272.26	1	31.6228	277.683	305.711
891	240.082	1	1.40272e+06	1	451.209	1	1998.68	1	2272.26	1	100	286.025	313.842
892	534.224	1	1.34479e+06	1	204.116	1	1001.52	1	1732.67	1	0	273.249	301.462
892	534.224	1	1.34479e+06	1	204.116	1	1001.52	1	1732.67	1	0.001	273.25	301.462
892	534.224	1	1.34479e+06	1	204.116	1	1001.52	1	1732.67	1	0.00316228	273.25	301.462
892	534.224	1	1.34479e+06	1	204.116	1	1001.52	1	1732.67	1	0.01	273.252	301.464
892	534.224	1	1.34479e+06	1	204.116	1	1001.52	1	1732.67	1	0.0316228	273.257	301.47
892	534.224	1	1.34479e+06	1	204.116	1	1001.52	1	1732.67	1	0.1	273.274	301.49
892	534.224	1	1.34479e+06	1	204.116	1	1001.52	1	1732.67	1	0.316228	273.326	301.55
892	534.224	1	1.34479e+06	1	204.116	1	1001.52	1	1732.67	1	1	273.491	301.741
892	534.224	1	1.34479e+06	1	204.116	1	1001.52	1	1732.67	1	3.16228	274.01	302.34
892	534.224	1	1.34479e+06	1	204.116	1	1001.52	1	1732.67	1	10	275.608	304.178
892	534.224	1	1.34479e+06	1	204.116	1	1001.52	1	1732.67	1	31.6228	280.303	309.531
892	534.224	1	1.34479e+06	1	204.116	1	1001.52	1	1732.67	1	100	292.613	323.417
893	463.495	1	2.20751e+06	1	273.071	1	2188.73	1	4332.33	1	0	273.249	301.462
893	463.495	1	2.20751e+06	1	273.071	1	2188.73	1	4332.33	1	0.001	273.25	301.462
893	463.495	1	2.20751e+06	1	273.071	1	2188.73	1	4332.33	1	0.00316228	273.25	301.462
893	463.495	1	2.20751e+06	1	273.071	1	2188.73	1	4332.33	1	0.01	273.251	301.463
893	463.495	1	2.20751e+06	1	273.071	1	2188.73	1	4332.33	1	0.0316228	273.255	301.468
893	463.495	1	2.20751e+06	1	273.071	1	2188.73	1	4332.33	1	0.1	273.266	301.48
893	463.495	1	2.20751e+06	1	273.071	1	2188.73	1	4332.33	1	0.316228	273.302	301.521
893	463.495	1	2.20751e+06	1	273.071	1	2188.73	1	4332.33	1	1	273.416	301.65
893	463.495	1	2.20751e+06	1	273.071	1	2188.73	1	4332.33	1	3.16228	273.775	302.055
893	463.495	1	2.20751e+06	1	273.071	1	2188.73	1	4332.33	1	10	274.884	303.304
893	463.495	1	2.20751e+06	1	273.071	1	2188.73	1	4332.33	1	31.6228	278.173	306.974
893	463.495	1	2.20751e+06	1	273.071	1	2188.73	1	4332.33	1	100	286.912	316.646
894	394.357	1	989835	1	500.454	1	1860.93	1	2722.78	1	0	273.249	301.462
894	394.357	1	989835	1	500.454	1	1860.93	1	2722.78	1	0.001	273.25	301.462
894	394.357	1	989835	1	500.454	1	1860.93	1	2722.78	1	0.00316228	273.25	301.462
894	394.357	1	989835	1	500.454	1	1860.93	1	2722.78	1	0.01	273.251	301.463
894	394.357	1	989835	1	500.454	1	1860.93	1	2722.78	1	0.0316228	273.253	301.466
894	394.357	1	989835	1	500.454	1	1860.93	1	2722.78	1	0.1	273.262	301.475
894	394.357	1	989835	1	500.454	1	1860.93	1	2722.78	1	0.316228	273.29	301.503
894	394.357	1	989835	1	500.454	1	1860.93	1	2722.78	1	1	273.377	301.592
894	394.357	1	989835	1	500.454	1	1860.93	1	2722.78	1	3.16228	273.651	301.872
894	394.357	1	989835	1	500.454	1	1860.93	1	2722.78	1	10	274.509	302.748
894	394.357	1	989835	1	500.454	1	1860.93	1	2722.78	1	31.6228	277.123	305.417
894	394.357	1	989835	1	500.454	1	1860.93	1	2722.78	1	100	284.653	313.108
895	501.672	1	431156	1	142.312	1	2123.8	1	2461.55	1	0	273.249	301.462
895	501.672	1	431156	1	142.312	1	2123.8	1	2461.55	1	0.001	273.25	301.462
895	501.672	1	431156	1	142.312	1	2123.8	1	2461.55	1	0.00316228	273.25	301.463
895	501.672	1	431156	1	142.312	1	2123.8	1	2461.55	1	0.01	273.252	301.465
895	501.672	1	431156	1	142.312	1	2123.8	1	2461.55	1	0.0316228	273.258	301.472
895	501.672	1	431156	1	142.312	1	2123.8	1	2461.55	1	0.1	273.276	301.494
895	501.672	1	431156	1	142.312	1	2123.8	1	2461.55	1	0.316228	273.334	301.564
895	501.672	1	431156	1	142.312	1	2123.8	1	2461.55	1	1	273.516	301.784
895	501.672	1	431156	1	142.312	1	2123.8	1	2461.55	1	3.16228	274.083	302.47
895	501.672	1	431156	1	142.312	1	2123.8	1	2461.55	1	10	275.795	304.529
895	501.672	1	431156	1	142.312	1	2123.8	1	2461.55	1	31.6228	280.58	310.247
895	501.672	1	431156	1	142.312	1	2123.8	1	2461.55	1	100	291.68	323.283
896	523.582	1	1.58656e+06	1	436.048	1	5915.53	1	2683.84	1	0	273.249	301.462
896	523.582	1	1.58656e+06	1	436.048	1	5915.53	1	2683.84	1	0.001	273.25	301.462
896	523.582	1	1.58656e+06	1	436.048	1	5915.53	1	2683.84	1	0.00316228	273.25	301.462
896	523.582	1	1.58656e+06	1	436.048	1	5915.53	1	2683.84	1	0.01	273.25	301.463
896	523.582	1	1.58656e+06	1	436.048	1	5915.53	1	2683.84	1	0.0316228	273.253	301.465
896	523.582	1	1.58656e+06	1	436.048	1	5915.53	1	2683.84	1	0.1	273.26	301.473
896	523.582	1	1.58656e+06	1	436.048	1	5915.53	1	2683.84	1	0.316228	273.282	301.497
896	523.582	1	1.58656e+06	1	436.048	1	5915.53	1	2683.84	1	1	273.352	301.573
896	523.582	1	1.58656e+06	1	436.048	1	5915.53	1	2683.84	1	3.16228	273.571	301.812
896	523.582	1	1.58656e+06	1	436.048	1	5915.53	1	2683.84	1	10	274.255	302.556
896	523.582	1	1.58656e+06	1	436.048	1	5915.53	1	2683.84	1	31.6228	276.318	304.789
896	523.582	1	1.58656e+06	1	436.048	1	5915.53	1	2683.84	1	100	282.073	310.985
897	501.856	1	720736	1	171.251	1	1709.83	1	2551.18	1	0	273.249	301.462
897	501.856	1	720736	1	171.251	1	1709.83	1	2551.18	1	0.001	273.25	301.462
897	501.856	1	720736	1	171.251	1	1709.83	1	2551.18	1	0.00316228	273.25	301.462
897	501.856	1	720736	1	171.251	1	1709.83	1	2551.18	1	0.01	273.252	301.464
897	501.856	1	720736	1	171.251	1	1709.83	1	2551.18	1	0.0316228	273.257	301.471
897	501.856	1	720736	1	171.251	1	1709.83	1	2551.18	1	0.1	273.274	301.49
897	501.856	1	720736	1	171.251	1	1709.83	1	2551.18	1	0.316228	273.326	301.552
897	501.856	1	720736	1	171.251	1	1709.83	1	2551.18	1	1	273.489	301.746
897	501.856	1	720736	1	171.251	1	1709.83	1	2551.18	1	3.16228	274.001	302.353
897	501.856	1	720736	1	171.251	1	1709.83	1	2551.18	1	10	275.565	304.197
897	501.856	1	720736	1	171.251	1	1709.83	1	2551.18	1	31.6228	280.044	309.44
897	501.856	1	720736	1	171.251	1	1709.83	1	2551.18	1	100	291.032	322.109
898	391.216	1	693733	1	318.718	1	5190.54	1	3447.9	1	0	273.249	301.462
898	391.216	1	693733	1	318.718	1	5190.54	1	3447.9	1	0.001	273.25	301.462
898	391.216	1	693733	1	318.718	1	5190.54	1	3447.9	1	0.00316228	273.25	301.462
898	391.216	1	693733	1	318.718	1	5190.54	1	3447.9	1	0.01	273.251	301.463
898	391.216	1	693733	1	318.718	1	5190.54	1	3447.9	1	0.0316228	273.254	301.466
898	391.216	1	693733	1	318.718	1	5190.54	1	3447.9	1	0.1	273.263	301.476
898	391.216	1	693733	1	318.718	1	5190.54	1	3447.9	1	0.316228	273.292	301.509
898	391.216	1	693733	1	318.718	1	5190.54	1	3447.9	1	1	273.385	301.61
898	391.216	1	693733	1	318.718	1	5190.54	1	3447.9	1	3.16228	273.677	301.929
898	391.216	1	693733	1	318.718	1	5190.54	1	3447.9	1	10	274.579	302.913
898	391.216	1	693733	1	318.718	1	5190.54	1	3447.9	1	31.6228	277.25	305.809
898	391.216	1	693733	1	318.718	1	5190.54	1	3447.9	1	100	284.421	313.523
899	366.743	1	841466	1	227.262	1	656.655	1	2930.66	1	0	273.249	301.462
899	366.743	1	841466	1	227.262	1	656.655	1	2930.66	1	0.001	273.25	301.462
899	366.743	1	841466	1	227.262	1	656.655	1	2930.66	1	0.00316228	273.25	301.463
899	366.743	1	841466	1	227.262	1	656.655	1	2930.66	1	0.01	273.252	301.465
899	366.743	1	841466	1	227.262	1	656.655	1	2930.66	1	0.0316228	273.258	301.471
899	366.743	1	841466	1	227.262	1	656.655	1	2930.66	1	0.1	273.277	301.492
899	366.743	1	841466	1	227.262	1	656.655	1	2930.66	1	0.316228	273.336	301.558
899	366.743	1	841466	1	227.262	1	656.655	1	2930.66	1	1	273.524	301.764
899	366.743	1	841466	1	227.262	1	656.655	1	2930.66	1	3.16228	274.114	302.414
899	366.743	1	841466	1	227.262	1	656.655	1	2930.66	1	10	275.941	304.419
899	366.743	1	841466	1	227.262	1	656.655	1	2930.66	1	31.6228	281.364	310.327
899	366.743	1	841466	1	227.262	1	656.655	1	2930.66	1	100	296.071	326.223
900	358.375	1	2.51969e+06	1	232.097	1	1108.33	1	2484.48	1	0	273.249	301.462
900	358.375	1	2.51969e+06	1	232.097	1	1108.33	1	2484.48	1	0.001	273.25	301.462
900	358.375	1	2.51969e+06	1	232.097	1	1108.33	1	2484.48	1	0.00316228	273.25	301.462
900	358.375	1	2.51969e+06	1	232.097	1	1108.33	1	2484.48	1	0.01	273.252	301.464
900	358.375	1	2.51969e+06	1	232.097	1	1108.33	1	2484.48	1	0.0316228	273.257	301.47
900	358.375	1	2.51969e+06	1	232.097	1	1108.33	1	2484.48	1	0.1	273.272	301.487
900	358.375	1	2.51969e+06	1	232.097	1	1108.33	1	2484.48	1	0.316228	273.321	301.541
900	358.375	1	2.51969e+06	1	232.097	1	1108.33	1	2484.48	1	1	273.476	301.713
900	358.375	1	2.51969e+06	1	232.097	1	1108.33	1	2484.48	1	3.16228	273.962	302.251
900	358.375	1	2.51969e+06	1	232.097	1	1108.33	1	2484.48	1	10	275.464	303.912
900	358.375	1	2.51969e+06	1	232.097	1	1108.33	1	2484.48	1	31.6228	279.907	308.777
900	358.375	1	2.51969e+06	1	232.097	1	1108.33	1	2484.48	1	100	291.739	321.631
901	398.615	1	610995	1	477.552	1	1658.87	1	2871.82	1	0	273.249	301.462
901	398.615	1	610995	1	477.552	1	1658.87	1	2871.82	1	0.001	273.25	301.462
901	398.615	1	610995	1	477.552	1	1658.87	1	2871.82	1	0.00316228	273.25	301.462
901	398.615	1	610995	1	477.552	1	1658.87	1	2871.82	1	0.01	273.251	301.463
901	398.615	1	610995	1	477.552	1	1658.87	1	2871.82	1	0.0316228	273.254	301.466
901	398.615	1	610995	1	477.552	1	1658.87	1	2871.82	1	0.1	273.263	301.475
901	398.615	1	610995	1	477.552	1	1658.87	1	2871.82	1	0.316228	273.292	301.506
901	398.615	1	610995	1	477.552	1	1658.87	1	2871.82	1	1	273.384	301.6
901	398.615	1	610995	1	477.552	1	1658.87	1	2871.82	1	3.16228	273.675	301.899
901	398.615	1	610995	1	477.552	1	1658.87	1	2871.82	1	10	274.582	302.834
901	398.615	1	610995	1	477.552	1	1658.87	1	2871.82	1	31.6228	277.347	305.679
901	398.615	1	610995	1	477.552	1	1658.87	1	2871.82	1	100	285.303	313.86
902	581.378	1	924335	1	623.382	1	468.923	1	2829.9	1	0	273.249	301.462
902	581.378	1	924335	1	623.382	1	468.923	1	2829.9	1	0.001	273.25	301.462
902	581.378	1	924335	1	623.382	1	468.923	1	2829.9	1	0.00316228	273.25	301.462
902	581.378	1	924335	1	623.382	1	468.923	1	2829.9	1	0.01	273.252	301.464
902	581.378	1	924335	1	623.382	1	468.923	1	2829.9	1	0.0316228	273.257	301.469
902	581.378	1	924335	1	623.382	1	468.923	1	2829.9	1	0.1	273.272	301.485
902	581.378	1	924335	1	623.382	1	468.923	1	2829.9	1	0.316228	273.321	301.536
902	581.378	1	924335	1	623.382	1	468.923	1	2829.9	1	1	273.475	301.697
902	581.378	1	924335	1	623.382	1	468.923	1	2829.9	1	3.16228	273.961	302.204
902	581.378	1	924335	1	623.382	1	468.923	1	2829.9	1	10	275.477	303.784
902	581.378	1	924335	1	623.382	1	468.923	1	2829.9	1	31.6228	280.064	308.563
902	581.378	1	924335	1	623.382	1	468.923	1	2829.9	1	100	293.455	322.481
903	530.733	1	549983	1	123.261	1	1396.91	1	4843.28	1	0	273.249	301.462
903	530.733	1	549983	1	123.261	1	1396.91	1	4843.28	1	0.001	273.25	301.462
903	530.733	1	549983	1	123.261	1	1396.91	1	4843.28	1	0.00316228	273.25	301.463
903	530.733	1	549983	1	123.261	1	1396.91	1	4843.28	1	0.01	273.253	301.465
903	530.733	1	549983	1	123.261	1	1396.91	1	4843.28	1	0.0316228	273.259	301.474
903	530.733	1	549983	1	123.261	1	1396.91	1	4843.28	1	0.1	273.281	301.5
903	530.733	1	549983	1	123.261	1	1396.91	1	4843.28	1	0.316228	273.35	301.584
903	530.733	1	549983	1	123.261	1	1396.91	1	4843.28	1	1	273.565	301.846
903	530.733	1	549983	1	123.261	1	1396.91	1	4843.28	1	3.16228	274.235	302.659
903	530.733	1	549983	1	123.261	1	1396.91	1	4843.28	1	10	276.25	305.092
903	530.733	1	549983	1	123.261	1	1396.91	1	4843.28	1	31.6228	281.828	311.787
903	530.733	1	549983	1	123.261	1	1396.91	1	4843.28	1	100	294.569	326.788
904	246.734	1	892610	1	510.548	1	954.154	1	2374.29	1	0	273.249	301.462
904	246.734	1	892610	1	510.548	1	954.154	1	2374.29	1	0.001	273.25	301.462
904	246.734	1	892610	1	510.548	1	954.154	1	2374.29	1	0.00316228	273.25	301.462
904	246.734	1	892610	1	510.548	1	954.154	1	2374.29	1	0.01	273.251	301.463
904	246.734	1	892610	1	510.548	1	954.154	1	2374.29	1	0.0316228	273.255	301.467
904	246.734	1	892610	1	510.548	1	954.154	1	2374.29	1	0.1	273.267	301.479
904	246.734	1	892610	1	510.548	1	954.154	1	2374.29	1	0.316228	273.307	301.516
904	246.734	1	892610	1	510.548	1	954.154	1	2374.29	1	1	273.43	301.635
904	246.734	1	892610	1	510.548	1	954.154	1	2374.29	1	3.16228	273.818	302.007
904	246.734	1	892610	1	510.548	1	954.154	1	2374.29	1	10	275.028	303.171
904	246.734	1	892610	1	510.548	1	954.154	1	2374.29	1	31.6228	278.69	306.718
904	246.734	1	892610	1	510.548	1	954.154	1	2374.29	1	100	289.107	316.924
905	245.414	1	1.02466e+06	1	505.404	1	497.657	1	2834.79	1	0	273.249	301.462
905	245.414	1	1.02466e+06	1	505.404	1	497.657	1	2834.79	1	0.001	273.25	301.462
905	245.414	1	1.02466e+06	1	505.404	1	497.657	1	2834.79	1	0.00316228	273.25	301.462
905	245.414	1	1.02466e+06	1	505.404	1	497.657	1	2834.79	1	0.01	273.252	301.464
905	245.414	1	1.02466e+06	1	505.404	1	497.657	1	2834.79	1	0.0316228	273.257	301.469
905	245.414	1	1.02466e+06	1	505.404	1	497.657	1	2834.79	1	0.1	273.275	301.486
905	245.414	1	1.02466e+06	1	505.404	1	497.657	1	2834.79	1	0.316228	273.329	301.54
905	245.414	1	1.02466e+06	1	505.404	1	497.657	1	2834.79	1	1	273.502	301.71
905	245.414	1	1.02466e+06	1	505.404	1	497.657	1	2834.79	1	3.16228	274.046	302.244
905	245.414	1	1.02466e+06	1	505.404	1	497.657	1	2834.79	1	10	275.737	303.909
905	245.414	1	1.02466e+06	1	505.404	1	497.657	1	2834.79	1	31.6228	280.821	308.932
905	245.414	1	1.02466e+06	1	505.404	1	497.657	1	2834.79	1	100	295.438	323.477
906	619.358	1	1.32911e+06	1	519.618	1	860.167	1	4308.6	1	0	273.249	301.462
906	619.358	1	1.32911e+06	1	519.618	1	860.167	1	4308.6	1	0.001	273.25	301.462
906	619.358	1	1.32911e+06	1	519.618	1	860.167	1	4308.6	1	0.00316228	273.25	301.462
906	619.358	1	1.32911e+06	1	519.618	1	860.167	1	4308.6	1	0.01	273.251	301.463
906	619.358	1	1.32911e+06	1	519.618	1	860.167	1	4308.6	1	0.0316228	273.255	301.467
906	619.358	1	1.32911e+06	1	519.618	1	860.167	1	4308.6	1	0.1	273.266	301.479
906	619.358	1	1.32911e+06	1	519.618	1	860.167	1	4308.6	1	0.316228	273.301	301.516
906	619.358	1	1.32911e+06	1	519.618	1	860.167	1	4308.6	1	1	273.411	301.634
906	619.358	1	1.32911e+06	1	519.618	1	860.167	1	4308.6	1	3.16228	273.76	302.006
906	619.358	1	1.32911e+06	1	519.618	1	860.167	1	4308.6	1	10	274.853	303.17
906	619.358	1	1.32911e+06	1	519.618	1	860.167	1	4308.6	1	31.6228	278.203	306.73
906	619.358	1	1.32911e+06	1	519.618	1	860.167	1	4308.6	1	100	287.881	316.98
907	321.351	1	478701	1	646.187	1	1184.82	1	3381.3	1	0	273.249	301.462
907	321.351	1	478701	1	646.187	1	1184.82	1	3381.3	1	0.001	273.25	301.462
907	321.351	1	478701	1	646.187	1	1184.82	1	3381.3	1	0.00316228	273.25	301.462
907	321.351	1	478701	1	646.187	1	1184.82	1	3381.3	1	0.01	273.251	301.463
907	321.351	1	478701	1	646.187	1	1184.82	1	3381.3	1	0.0316228	273.254	301.466
907	321.351	1	478701	1	646.187	1	1184.82	1	3381.3	1	0.1	273.264	301.475
907	321.351	1	478701	1	646.187	1	1184.82	1	3381.3	1	0.316228	273.295	301.505
907	321.351	1	478701	1	646.187	1	1184.82	1	3381.3	1	1	273.392	301.599
907	321.351	1	478701	1	646.187	1	1184.82	1	3381.3	1	3.16228	273.699	301.896
907	321.351	1	478701	1	646.187	1	1184.82	1	3381.3	1	10	274.661	302.824
907	321.351	1	478701	1	646.187	1	1184.82	1	3381.3	1	31.6228	277.597	305.676
907	321.351	1	478701	1	646.187	1	1184.82	1	3381.3	1	100	286.101	313.994
908	543.194	1	3.089e+06	1	392.647	1	1164.29	1	2292.42	1	0	273.249	301.462
908	543.194	1	3.089e+06	1	392.647	1	1164.29	1	2292.42	1	0.001	273.25	301.462
908	543.194	1	3.089e+06	1	392.647	1	1164.29	1	2292.42	1	0.00316228	273.25	301.462
908	543.194	1	3.089e+06	1	392.647	1	1164.29	1	2292.42	1	0.01	273.251	301.463
908	543.194	1	3.089e+06	1	392.647	1	1164.29	1	2292.42	1	0.0316228	273.255	301.467
908	543.194	1	3.089e+06	1	392.647	1	1164.29	1	2292.42	1	0.1	273.266	301.479
908	543.194	1	3.089e+06	1	392.647	1	1164.29	1	2292.42	1	0.316228	273.3	301.517
908	543.194	1	3.089e+06	1	392.647	1	1164.29	1	2292.42	1	1	273.41	301.637
908	543.194	1	3.089e+06	1	392.647	1	1164.29	1	2292.42	1	3.16228	273.756	302.013
908	543.194	1	3.089e+06	1	392.647	1	1164.29	1	2292.42	1	10	274.836	303.187
908	543.194	1	3.089e+06	1	392.647	1	1164.29	1	2292.42	1	31.6228	278.125	306.746
908	543.194	1	3.089e+06	1	392.647	1	1164.29	1	2292.42	1	100	287.513	316.848
909	400.336	1	414613	1	191.843	1	1024.63	1	2118.06	1	0	273.249	301.462
909	400.336	1	414613	1	191.843	1	1024.63	1	2118.06	1	0.001	273.25	301.462
909	400.336	1	414613	1	191.843	1	1024.63	1	2118.06	1	0.00316228	273.25	301.462
909	400.336	1	414613	1	191.843	1	1024.63	1	2118.06	1	0.01	273.252	301.464
909	400.336	1	414613	1	191.843	1	1024.63	1	2118.06	1	0.0316228	273.258	301.471
909	400.336	1	414613	1	191.843	1	1024.63	1	2118.06	1	0.1	273.275	301.491
909	400.336	1	414613	1	191.843	1	1024.63	1	2118.06	1	0.316228	273.331	301.554
909	400.336	1	414613	1	191.843	1	1024.63	1	2118.06	1	1	273.505	301.754
909	400.336	1	414613	1	191.843	1	1024.63	1	2118.06	1	3.16228	274.053	302.378
909	400.336	1	414613	1	191.843	1	1024.63	1	2118.06	1	10	275.739	304.291
909	400.336	1	414613	1	191.843	1	1024.63	1	2118.06	1	31.6228	280.668	309.837
909	400.336	1	414613	1	191.843	1	1024.63	1	2118.06	1	100	293.443	324.025
910	606.157	1	982082	1	235.365	1	1038.59	1	2540.39	1	0	273.249	301.462
910	606.157	1	982082	1	235.365	1	1038.59	1	2540.39	1	0.001	273.25	301.462
910	606.157	1	982082	1	235.365	1	1038.59	1	2540.39	1	0.00316228	273.25	301.462
910	606.157	1	982082	1	235.365	1	1038.59	1	2540.39	1	0.01	273.252	301.464
910	606.157	1	982082	1	235.365	1	1038.59	1	2540.39	1	0.0316228	273.256	301.469
910	606.157	1	982082	1	235.365	1	1038.59	1	2540.39	1	0.1	273.271	301.487
910	606.157	1	982082	1	235.365	1	1038.59	1	2540.39	1	0.316228	273.318	301.541
910	606.157	1	982082	1	235.365	1	1038.59	1	2540.39	1	1	273.467	301.712
910	606.157	1	982082	1	235.365	1	1038.59	1	2540.39	1	3.16228	273.933	302.248
910	606.157	1	982082	1	235.365	1	1038.59	1	2540.39	1	10	275.375	303.901
910	606.157	1	982082	1	235.365	1	1038.59	1	2540.39	1	31.6228	279.652	308.76
910	606.157	1	982082	1	235.365	1	1038.59	1	2540.39	1	100	291.095	321.654
911	484.486	1	1.43739e+06	1	516.035	1	695.523	1	3590.03	1	0	273.249	301.462
911	484.486	1	1.43739e+06	1	516.035	1	695.523	1	3590.03	1	0.001	273.25	301.462
911	484.486	1	1.43739e+06	1	516.035	1	695.523	1	3590.03	1	0.00316228	273.25	301.462
911	484.486	1	1.43739e+06	1	516.035	1	695.523	1	3590.03	1	0.01	273.251	301.464
911	484.486	1	1.43739e+06	1	516.035	1	695.523	1	3590.03	1	0.0316228	273.255	301.468
911	484.486	1	1.43739e+06	1	516.035	1	695.523	1	3590.03	1	0.1	273.268	301.481
911	484.486	1	1.43739e+06	1	516.035	1	695.523	1	3590.03	1	0.316228	273.309	301.524
911	484.486	1	1.43739e+06	1	516.035	1	695.523	1	3590.03	1	1	273.437	301.658
911	484.486	1	1.43739e+06	1	516.035	1	695.523	1	3590.03	1	3.16228	273.841	302.08
911	484.486	1	1.43739e+06	1	516.035	1	695.523	1	3590.03	1	10	275.106	303.399
911	484.486	1	1.43739e+06	1	516.035	1	695.523	1	3590.03	1	31.6228	278.966	307.424
911	484.486	1	1.43739e+06	1	516.035	1	695.523	1	3590.03	1	100	290.018	318.921
912	519.708	1	2.68439e+06	1	446.72	1	2151.82	1	2962.81	1	0	273.249	301.462
912	519.708	1	2.68439e+06	1	446.72	1	2151.82	1	2962.81	1	0.001	273.25	301.462
912	519.708	1	2.68439e+06	1	446.72	1	2151.82	1	2962.81	1	0.00316228	273.25	301.462
912	519.708	1	2.68439e+06	1	446.72	1	2151.82	1	2962.81	1	0.01	273.251	301.463
912	519.708	1	2.68439e+06	1	446.72	1	2151.82	1	2962.81	1	0.0316228	273.253	301.466
912	519.708	1	2.68439e+06	1	446.72	1	2151.82	1	2962.81	1	0.1	273.262	301.475
912	519.708	1	2.68439e+06	1	446.72	1	2151.82	1	2962.81	1	0.316228	273.288	301.503
912	519.708	1	2.68439e+06	1	446.72	1	2151.82	1	2962.81	1	1	273.372	301.594
912	519.708	1	2.68439e+06	1	446.72	1	2151.82	1	2962.81	1	3.16228	273.636	301.878
912	519.708	1	2.68439e+06	1	446.72	1	2151.82	1	2962.81	1	10	274.462	302.765
912	519.708	1	2.68439e+06	1	446.72	1	2151.82	1	2962.81	1	31.6228	276.975	305.456
912	519.708	1	2.68439e+06	1	446.72	1	2151.82	1	2962.81	1	100	284.167	313.12
913	587.72	1	851594	1	321.362	1	2055.92	1	2890.67	1	0	273.249	301.462
913	587.72	1	851594	1	321.362	1	2055.92	1	2890.67	1	0.001	273.25	301.462
913	587.72	1	851594	1	321.362	1	2055.92	1	2890.67	1	0.00316228	273.25	301.462
913	587.72	1	851594	1	321.362	1	2055.92	1	2890.67	1	0.01	273.251	301.463
913	587.72	1	851594	1	321.362	1	2055.92	1	2890.67	1	0.0316228	273.254	301.467
913	587.72	1	851594	1	321.362	1	2055.92	1	2890.67	1	0.1	273.264	301.478
913	587.72	1	851594	1	321.362	1	2055.92	1	2890.67	1	0.316228	273.296	301.515
913	587.72	1	851594	1	321.362	1	2055.92	1	2890.67	1	1	273.398	301.629
913	587.72	1	851594	1	321.362	1	2055.92	1	2890.67	1	3.16228	273.716	301.99
913	587.72	1	851594	1	321.362	1	2055.92	1	2890.67	1	10	274.705	303.107
913	587.72	1	851594	1	321.362	1	2055.92	1	2890.67	1	31.6228	277.672	306.436
913	587.72	1	851594	1	321.362	1	2055.92	1	2890.67	1	100	285.874	315.554
914	471.251	1	531436	1	434.523	1	614.295	1	3780.97	1	0	273.249	301.462
914	471.251	1	531436	1	434.523	1	614.295	1	3780.97	1	0.001	273.25	301.462
914	471.251	1	531436	1	434.523	1	614.295	1	3780.97	1	0.00316228	273.25	301.462
914	471.251	1	531436	1	434.523	1	614.295	1	3780.97	1	0.01	273.252	301.464
914	471.251	1	531436	1	434.523	1	614.295	1	3780.97	1	0.0316228	273.256	301.469
914	471.251	1	531436	1	434.523	1	614.295	1	3780.97	1	0.1	273.271	301.484
914	471.251	1	531436	1	434.523	1	614.295	1	3780.97	1	0.316228	273.317	301.533
914	471.251	1	531436	1	434.523	1	614.295	1	3780.97	1	1	273.463	301.687
914	471.251	1	531436	1	434.523	1	614.295	1	3780.97	1	3.16228	273.922	302.172
914	471.251	1	531436	1	434.523	1	614.295	1	3780.97	1	10	275.356	303.685
914	471.251	1	531436	1	434.523	1	614.295	1	3780.97	1	31.6228	279.712	308.275
914	471.251	1	531436	1	434.523	1	614.295	1	3780.97	1	100	292.215	321.404
915	412.157	1	961649	1	754.01	1	1106	1	3258.26	1	0	273.249	301.462
915	412.157	1	961649	1	754.01	1	1106	1	3258.26	1	0.001	273.25	301.462
915	412.157	1	961649	1	754.01	1	1106	1	3258.26	1	0.00316228	273.25	301.462
915	412.157	1	961649	1	754.01	1	1106	1	3258.26	1	0.01	273.251	301.463
915	412.157	1	961649	1	754.01	1	1106	1	3258.26	1	0.0316228	273.254	301.466
915	412.157	1	961649	1	754.01	1	1106	1	3258.26	1	0.1	273.263	301.475
915	412.157	1	961649	1	754.01	1	1106	1	3258.26	1	0.316228	273.292	301.503
915	412.157	1	961649	1	754.01	1	1106	1	3258.26	1	1	273.383	301.593
915	412.157	1	961649	1	754.01	1	1106	1	3258.26	1	3.16228	273.67	301.876
915	412.157	1	961649	1	754.01	1	1106	1	3258.26	1	10	274.571	302.765
915	412.157	1	961649	1	754.01	1	1106	1	3258.26	1	31.6228	277.341	305.502
915	412.157	1	961649	1	754.01	1	1106	1	3258.26	1	100	285.446	313.535
916	457.547	1	340378	1	219.534	1	796.072	1	4772.02	1	0	273.249	301.462
916	457.547	1	340378	1	219.534	1	796.072	1	4772.02	1	0.001	273.25	301.462
916	457.547	1	340378	1	219.534	1	796.072	1	4772.02	1	0.00316228	273.25	301.462
916	457.547	1	340378	1	219.534	1	796.072	1	4772.02	1	0.01	273.252	301.464
916	457.547	1	340378	1	219.534	1	796.072	1	4772.02	1	0.0316228	273.257	301.471
916	457.547	1	340378	1	219.534	1	796.072	1	4772.02	1	0.1	273.275	301.49
916	457.547	1	340378	1	219.534	1	796.072	1	4772.02	1	0.316228	273.33	301.552
916	457.547	1	340378	1	219.534	1	796.072	1	4772.02	1	1	273.503	301.748
916	457.547	1	340378	1	219.534	1	796.072	1	4772.02	1	3.16228	274.047	302.361
916	457.547	1	340378	1	219.534	1	796.072	1	4772.02	1	10	275.729	304.252
916	457.547	1	340378	1	219.534	1	796.072	1	4772.02	1	31.6228	280.709	309.8
916	457.547	1	340378	1	219.534	1	796.072	1	4772.02	1	100	294.047	324.526
917	382.002	1	945647	1	306.47	1	2352.49	1	2085.7	1	0	273.249	301.462
917	382.002	1	945647	1	306.47	1	2352.49	1	2085.7	1	0.001	273.25	301.462
917	382.002	1	945647	1	306.47	1	2352.49	1	2085.7	1	0.00316228	273.25	301.462
917	382.002	1	945647	1	306.47	1	2352.49	1	2085.7	1	0.01	273.251	301.463
917	382.002	1	945647	1	306.47	1	2352.49	1	2085.7	1	0.0316228	273.254	301.467
917	382.002	1	945647	1	306.47	1	2352.49	1	2085.7	1	0.1	273.265	301.479
917	382.002	1	945647	1	306.47	1	2352.49	1	2085.7	1	0.316228	273.299	301.516
917	382.002	1	945647	1	306.47	1	2352.49	1	2085.7	1	1	273.407	301.634
917	382.002	1	945647	1	306.47	1	2352.49	1	2085.7	1	3.16228	273.746	302.003
917	382.002	1	945647	1	306.47	1	2352.49	1	2085.7	1	10	274.798	303.147
917	382.002	1	945647	1	306.47	1	2352.49	1	2085.7	1	31.6228	277.931	306.533
917	382.002	1	945647	1	306.47	1	2352.49	1	2085.7	1	100	286.485	315.706
918	341.289	1	1.45525e+06	1	633.85	1	151.299	1	3110.04	1	0	273.249	301.462
918	341.289	1	1.45525e+06	1	633.85	1	151.299	1	3110.04	1	0.001	273.25	301.462
918	341.289	1	1.45525e+06	1	633.85	1	151.299	1	3110.04	1	0.00316228	273.251	301.463
918	341.289	1	1.45525e+06	1	633.85	1	151.299	1	3110.04	1	0.01	273.255	301.467
918	341.289	1	1.45525e+06	1	633.85	1	151.299	1	3110.04	1	0.0316228	273.268	301.48
918	341.289	1	1.45525e+06	1	633.85	1	151.299	1	3110.04	1	0.1	273.307	301.52
918	341.289	1	1.45525e+06	1	633.85	1	151.299	1	3110.04	1	0.316228	273.43	301.647
918	341.289	1	1.45525e+06	1	633.85	1	151.299	1	3110.04	1	1	273.819	302.045
918	341.289	1	1.45525e+06	1	633.85	1	151.299	1	3110.04	1	3.16228	275.03	303.286
918	341.289	1	1.45525e+06	1	633.85	1	151.299	1	3110.04	1	10	278.682	307.024
918	341.289	1	1.45525e+06	1	633.85	1	151.299	1	3110.04	1	31.6228	289.315	317.897
918	341.289	1	1.45525e+06	1	633.85	1	151.299	1	3110.04	1	100	317.48	346.595
919	431.58	1	369110	1	240.899	1	1093.1	1	3803.79	1	0	273.249	301.462
919	431.58	1	369110	1	240.899	1	1093.1	1	3803.79	1	0.001	273.25	301.462
919	431.58	1	369110	1	240.899	1	1093.1	1	3803.79	1	0.00316228	273.25	301.462
919	431.58	1	369110	1	240.899	1	1093.1	1	3803.79	1	0.01	273.252	301.464
919	431.58	1	369110	1	240.899	1	1093.1	1	3803.79	1	0.0316228	273.256	301.469
919	431.58	1	369110	1	240.899	1	1093.1	1	3803.79	1	0.1	273.271	301.486
919	431.58	1	369110	1	240.899	1	1093.1	1	3803.79	1	0.316228	273.318	301.539
919	431.58	1	369110	1	240.899	1	1093.1	1	3803.79	1	1	273.467	301.706
919	431.58	1	369110	1	240.899	1	1093.1	1	3803.79	1	3.16228	273.933	302.229
919	431.58	1	369110	1	240.899	1	1093.1	1	3803.79	1	10	275.378	303.845
919	431.58	1	369110	1	240.899	1	1093.1	1	3803.79	1	31.6228	279.665	308.597
919	431.58	1	369110	1	240.899	1	1093.1	1	3803.79	1	100	291.144	321.217
920	322.584	1	2.23066e+06	1	342.058	1	1522.47	1	4368.82	1	0	273.249	301.462
920	322.584	1	2.23066e+06	1	342.058	1	1522.47	1	4368.82	1	0.001	273.25	301.462
920	322.584	1	2.23066e+06	1	342.058	1	1522.47	1	4368.82	1	0.00316228	273.25	301.462
920	322.584	1	2.23066e+06	1	342.058	1	1522.47	1	4368.82	1	0.01	273.251	301.463
920	322.584	1	2.23066e+06	1	342.058	1	1522.47	1	4368.82	1	0.0316228	273.255	301.467
920	322.584	1	2.23066e+06	1	342.058	1	1522.47	1	4368.82	1	0.1	273.266	301.479
920	322.584	1	2.23066e+06	1	342.058	1	1522.47	1	4368.82	1	0.316228	273.303	301.518
920	322.584	1	2.23066e+06	1	342.058	1	1522.47	1	4368.82	1	1	273.419	301.639
920	322.584	1	2.23066e+06	1	342.058	1	1522.47	1	4368.82	1	3.16228	273.784	302.022
920	322.584	1	2.23066e+06	1	342.058	1	1522.47	1	4368.82	1	10	274.92	303.209
920	322.584	1	2.23066e+06	1	342.058	1	1522.47	1	4368.82	1	31.6228	278.333	306.768
920	322.584	1	2.23066e+06	1	342.058	1	1522.47	1	4368.82	1	100	287.854	316.673
921	466.142	1	1.35325e+06	1	491.229	1	1021.5	1	4999.66	1	0	273.249	301.462
921	466.142	1	1.35325e+06	1	491.229	1	1021.5	1	4999.66	1	0.001	273.25	301.462
921	466.142	1	1.35325e+06	1	491.229	1	1021.5	1	4999.66	1	0.00316228	273.25	301.462
921	466.142	1	1.35325e+06	1	491.229	1	1021.5	1	4999.66	1	0.01	273.251	301.463
921	466.142	1	1.35325e+06	1	491.229	1	1021.5	1	4999.66	1	0.0316228	273.254	301.467
921	466.142	1	1.35325e+06	1	491.229	1	1021.5	1	4999.66	1	0.1	273.265	301.478
921	466.142	1	1.35325e+06	1	491.229	1	1021.5	1	4999.66	1	0.316228	273.299	301.514
921	466.142	1	1.35325e+06	1	491.229	1	1021.5	1	4999.66	1	1	273.407	301.626
921	466.142	1	1.35325e+06	1	491.229	1	1021.5	1	4999.66	1	3.16228	273.745	301.98
921	466.142	1	1.35325e+06	1	491.229	1	1021.5	1	4999.66	1	10	274.805	303.088
921	466.142	1	1.35325e+06	1	491.229	1	1021.5	1	4999.66	1	31.6228	278.047	306.472
921	466.142	1	1.35325e+06	1	491.229	1	1021.5	1	4999.66	1	100	287.416	316.228
922	579.927	1	1.39808e+06	1	607.819	1	1713.33	1	2441.23	1	0	273.249	301.462
922	579.927	1	1.39808e+06	1	607.819	1	1713.33	1	2441.23	1	0.001	273.25	301.462
922	579.927	1	1.39808e+06	1	607.819	1	1713.33	1	2441.23	1	0.00316228	273.25	301.462
922	579.927	1	1.39808e+06	1	607.819	1	1713.33	1	2441.23	1	0.01	273.251	301.463
922	579.927	1	1.39808e+06	1	607.819	1	1713.33	1	2441.23	1	0.0316228	273.253	301.465
922	579.927	1	1.39808e+06	1	607.819	1	1713.33	1	2441.23	1	0.1	273.261	301.473
922	579.927	1	1.39808e+06	1	607.819	1	1713.33	1	2441.23	1	0.316228	273.285	301.499
922	579.927	1	1.39808e+06	1	607.819	1	1713.33	1	2441.23	1	1	273.361	301.579
922	579.927	1	1.39808e+06	1	607.819	1	1713.33	1	2441.23	1	3.16228	273.602	301.831
922	579.927	1	1.39808e+06	1	607.819	1	1713.33	1	2441.23	1	10	274.358	302.623
922	579.927	1	1.39808e+06	1	607.819	1	1713.33	1	2441.23	1	31.6228	276.684	305.056
922	579.927	1	1.39808e+06	1	607.819	1	1713.33	1	2441.23	1	100	283.503	312.166
923	660.844	1	222815	1	437.241	1	1088.42	1	2475.77	1	0	273.249	301.462
923	660.844	1	222815	1	437.241	1	1088.42	1	2475.77	1	0.001	273.25	301.462
923	660.844	1	222815	1	437.241	1	1088.42	1	2475.77	1	0.00316228	273.25	301.462
923	660.844	1	222815	1	437.241	1	1088.42	1	2475.77	1	0.01	273.251	301.463
923	660.844	1	222815	1	437.241	1	1088.42	1	2475.77	1	0.0316228	273.254	301.467
923	660.844	1	222815	1	437.241	1	1088.42	1	2475.77	1	0.1	273.265	301.478
923	660.844	1	222815	1	437.241	1	1088.42	1	2475.77	1	0.316228	273.298	301.515
923	660.844	1	222815	1	437.241	1	1088.42	1	2475.77	1	1	273.403	301.629
923	660.844	1	222815	1	437.241	1	1088.42	1	2475.77	1	3.16228	273.734	301.991
923	660.844	1	222815	1	437.241	1	1088.42	1	2475.77	1	10	274.768	303.12
923	660.844	1	222815	1	437.241	1	1088.42	1	2475.77	1	31.6228	277.932	306.56
923	660.844	1	222815	1	437.241	1	1088.42	1	2475.77	1	100	287.031	316.406
924	425.624	1	1.67779e+06	1	439.381	1	2159.43	1	1871.1	1	0	273.249	301.462
924	425.624	1	1.67779e+06	1	439.381	1	2159.43	1	1871.1	1	0.001	273.25	301.462
924	425.624	1	1.67779e+06	1	439.381	1	2159.43	1	1871.1	1	0.00316228	273.25	301.462
924	425.624	1	1.67779e+06	1	439.381	1	2159.43	1	1871.1	1	0.01	273.251	301.463
924	425.624	1	1.67779e+06	1	439.381	1	2159.43	1	1871.1	1	0.0316228	273.253	301.466
924	425.624	1	1.67779e+06	1	439.381	1	2159.43	1	1871.1	1	0.1	273.262	301.475
924	425.624	1	1.67779e+06	1	439.381	1	2159.43	1	1871.1	1	0.316228	273.29	301.504
924	425.624	1	1.67779e+06	1	439.381	1	2159.43	1	1871.1	1	1	273.378	301.597
924	425.624	1	1.67779e+06	1	439.381	1	2159.43	1	1871.1	1	3.16228	273.654	301.888
924	425.624	1	1.67779e+06	1	439.381	1	2159.43	1	1871.1	1	10	274.518	302.794
924	425.624	1	1.67779e+06	1	439.381	1	2159.43	1	1871.1	1	31.6228	277.138	305.541
924	425.624	1	1.67779e+06	1	439.381	1	2159.43	1	1871.1	1	100	284.608	313.349
925	370.542	1	441927	1	439.358	1	1381.78	1	3294.68	1	0	273.249	301.462
925	370.542	1	441927	1	439.358	1	1381.78	1	3294.68	1	0.001	273.25	301.462
925	370.542	1	441927	1	439.358	1	1381.78	1	3294.68	1	0.00316228	273.25	301.462
925	370.542	1	441927	1	439.358	1	1381.78	1	3294.68	1	0.01	273.251	301.463
925	370.542	1	441927	1	439.358	1	1381.78	1	3294.68	1	0.0316228	273.254	301.467
925	370.542	1	441927	1	439.358	1	1381.78	1	3294.68	1	0.1	273.265	301.477
925	370.542	1	441927	1	439.358	1	1381.78	1	3294.68	1	0.316228	273.297	301.511
925	370.542	1	441927	1	439.358	1	1381.78	1	3294.68	1	1	273.401	301.618
925	370.542	1	441927	1	439.358	1	1381.78	1	3294.68	1	3.16228	273.726	301.953
925	370.542	1	441927	1	439.358	1	1381.78	1	3294.68	1	10	274.742	303.002
925	370.542	1	441927	1	439.358	1	1381.78	1	3294.68	1	31.6228	277.834	306.187
925	370.542	1	441927	1	439.358	1	1381.78	1	3294.68	1	100	286.682	315.298
926	668.342	1	5.65529e+06	1	462.973	1	400.305	1	2275.06	1	0	273.249	301.462
926	668.342	1	5.65529e+06	1	462.973	1	400.305	1	2275.06	1	0.001	273.25	301.462
926	668.342	1	5.65529e+06	1	462.973	1	400.305	1	2275.06	1	0.00316228	273.25	301.462
926	668.342	1	5.65529e+06	1	462.973	1	400.305	1	2275.06	1	0.01	273.252	301.464
926	668.342	1	5.65529e+06	1	462.973	1	400.305	1	2275.06	1	0.0316228	273.258	301.471
926	668.342	1	5.65529e+06	1	462.973	1	400.305	1	2275.06	1	0.1	273.276	301.49
926	668.342	1	5.65529e+06	1	462.973	1	400.305	1	2275.06	1	0.316228	273.334	301.552
926	668.342	1	5.65529e+06	1	462.973	1	400.305	1	2275.06	1	1	273.517	301.747
926	668.342	1	5.65529e+06	1	462.973	1	400.305	1	2275.06	1	3.16228	274.092	302.361
926	668.342	1	5.65529e+06	1	462.973	1	400.305	1	2275.06	1	10	275.882	304.27
926	668.342	1	5.65529e+06	1	462.973	1	400.305	1	2275.06	1	31.6228	281.258	309.995
926	668.342	1	5.65529e+06	1	462.973	1	400.305	1	2275.06	1	100	296.869	326.573
927	467.458	1	1.06276e+06	1	299.688	1	663.665	1	2861.39	1	0	273.249	301.462
927	467.458	1	1.06276e+06	1	299.688	1	663.665	1	2861.39	1	0.001	273.25	301.462
927	467.458	1	1.06276e+06	1	299.688	1	663.665	1	2861.39	1	0.00316228	273.25	301.462
927	467.458	1	1.06276e+06	1	299.688	1	663.665	1	2861.39	1	0.01	273.252	301.464
927	467.458	1	1.06276e+06	1	299.688	1	663.665	1	2861.39	1	0.0316228	273.257	301.47
927	467.458	1	1.06276e+06	1	299.688	1	663.665	1	2861.39	1	0.1	273.273	301.487
927	467.458	1	1.06276e+06	1	299.688	1	663.665	1	2861.39	1	0.316228	273.324	301.543
927	467.458	1	1.06276e+06	1	299.688	1	663.665	1	2861.39	1	1	273.485	301.719
927	467.458	1	1.06276e+06	1	299.688	1	663.665	1	2861.39	1	3.16228	273.992	302.272
927	467.458	1	1.06276e+06	1	299.688	1	663.665	1	2861.39	1	10	275.569	303.992
927	467.458	1	1.06276e+06	1	299.688	1	663.665	1	2861.39	1	31.6228	280.319	309.142
927	467.458	1	1.06276e+06	1	299.688	1	663.665	1	2861.39	1	100	293.542	323.384
928	478.29	1	461357	1	324.805	1	767.45	1	3533.93	1	0	273.249	301.462
928	478.29	1	461357	1	324.805	1	767.45	1	3533.93	1	0.001	273.25	301.462
928	478.29	1	461357	1	324.805	1	767.45	1	3533.93	1	0.00316228	273.25	301.462
928	478.29	1	461357	1	324.805	1	767.45	1	3533.93	1	0.01	273.252	301.464
928	478.29	1	461357	1	324.805	1	767.45	1	3533.93	1	0.0316228	273.256	301.469
928	478.29	1	461357	1	324.805	1	767.45	1	3533.93	1	0.1	273.271	301.485
928	478.29	1	461357	1	324.805	1	767.45	1	3533.93	1	0.316228	273.317	301.535
928	478.29	1	461357	1	324.805	1	767.45	1	3533.93	1	1	273.461	301.693
928	478.29	1	461357	1	324.805	1	767.45	1	3533.93	1	3.16228	273.918	302.189
928	478.29	1	461357	1	324.805	1	767.45	1	3533.93	1	10	275.339	303.735
928	478.29	1	461357	1	324.805	1	767.45	1	3533.93	1	31.6228	279.635	308.382
928	478.29	1	461357	1	324.805	1	767.45	1	3533.93	1	100	291.669	321.317
929	341.046	1	576272	1	513.05	1	1495.12	1	6277.02	1	0	273.249	301.462
929	341.046	1	576272	1	513.05	1	1495.12	1	6277.02	1	0.001	273.25	301.462
929	341.046	1	576272	1	513.05	1	1495.12	1	6277.02	1	0.00316228	273.25	301.462
929	341.046	1	576272	1	513.05	1	1495.12	1	6277.02	1	0.01	273.251	301.463
929	341.046	1	576272	1	513.05	1	1495.12	1	6277.02	1	0.0316228	273.254	301.466
929	341.046	1	576272	1	513.05	1	1495.12	1	6277.02	1	0.1	273.263	301.476
929	341.046	1	576272	1	513.05	1	1495.12	1	6277.02	1	0.316228	273.294	301.506
929	341.046	1	576272	1	513.05	1	1495.12	1	6277.02	1	1	273.389	301.601
929	341.046	1	576272	1	513.05	1	1495.12	1	6277.02	1	3.16228	273.69	301.901
929	341.046	1	576272	1	513.05	1	1495.12	1	6277.02	1	10	274.629	302.838
929	341.046	1	576272	1	513.05	1	1495.12	1	6277.02	1	31.6228	277.49	305.7
929	341.046	1	576272	1	513.05	1	1495.12	1	6277.02	1	100	285.727	313.967
930	529.278	1	615743	1	281.257	1	1940.32	1	4359.2	1	0	273.249	301.462
930	529.278	1	615743	1	281.257	1	1940.32	1	4359.2	1	0.001	273.25	301.462
930	529.278	1	615743	1	281.257	1	1940.32	1	4359.2	1	0.00316228	273.25	301.462
930	529.278	1	615743	1	281.257	1	1940.32	1	4359.2	1	0.01	273.251	301.463
930	529.278	1	615743	1	281.257	1	1940.32	1	4359.2	1	0.0316228	273.255	301.468
930	529.278	1	615743	1	281.257	1	1940.32	1	4359.2	1	0.1	273.266	301.48
930	529.278	1	615743	1	281.257	1	1940.32	1	4359.2	1	0.316228	273.302	301.521
930	529.278	1	615743	1	281.257	1	1940.32	1	4359.2	1	1	273.415	301.65
930	529.278	1	615743	1	281.257	1	1940.32	1	4359.2	1	3.16228	273.77	302.053
930	529.278	1	615743	1	281.257	1	1940.32	1	4359.2	1	10	274.869	303.3
930	529.278	1	615743	1	281.257	1	1940.32	1	4359.2	1	31.6228	278.143	306.981
930	529.278	1	615743	1	281.257	1	1940.32	1	4359.2	1	100	286.904	316.749
931	643.478	1	642587	1	565.392	1	791.652	1	1700.21	1	0	273.249	301.462
931	643.478	1	642587	1	565.392	1	791.652	1	1700.21	1	0.001	273.25	301.462
931	643.478	1	642587	1	565.392	1	791.652	1	1700.21	1	0.00316228	273.25	301.462
931	643.478	1	642587	1	565.392	1	791.652	1	1700.21	1	0.01	273.251	301.463
931	643.478	1	642587	1	565.392	1	791.652	1	1700.21	1	0.0316228	273.255	301.467
931	643.478	1	642587	1	565.392	1	791.652	1	1700.21	1	0.1	273.266	301.479
931	643.478	1	642587	1	565.392	1	791.652	1	1700.21	1	0.316228	273.302	301.517
931	643.478	1	642587	1	565.392	1	791.652	1	1700.21	1	1	273.414	301.636
931	643.478	1	642587	1	565.392	1	791.652	1	1700.21	1	3.16228	273.769	302.012
931	643.478	1	642587	1	565.392	1	791.652	1	1700.21	1	10	274.88	303.19
931	643.478	1	642587	1	565.392	1	791.652	1	1700.21	1	31.6228	278.288	306.796
931	643.478	1	642587	1	565.392	1	791.652	1	1700.21	1	100	288.131	317.183
932	531.77	1	1.3587e+06	1	387.286	1	1079.13	1	7996.88	1	0	273.249	301.462
932	531.77	1	1.3587e+06	1	387.286	1	1079.13	1	7996.88	1	0.001	273.25	301.462
932	531.77	1	1.3587e+06	1	387.286	1	1079.13	1	7996.88	1	0.00316228	273.25	301.462
932	531.77	1	1.3587e+06	1	387.286	1	1079.13	1	7996.88	1	0.01	273.251	301.463
932	531.77	1	1.3587e+06	1	387.286	1	1079.13	1	7996.88	1	0.0316228	273.255	301.467
932	531.77	1	1.3587e+06	1	387.286	1	1079.13	1	7996.88	1	0.1	273.266	301.48
932	531.77	1	1.3587e+06	1	387.286	1	1079.13	1	7996.88	1	0.316228	273.302	301.519
932	531.77	1	1.3587e+06	1	387.286	1	1079.13	1	7996.88	1	1	273.416	301.643
932	531.77	1	1.3587e+06	1	387.286	1	1079.13	1	7996.88	1	3.16228	273.775	302.033
932	531.77	1	1.3587e+06	1	387.286	1	1079.13	1	7996.88	1	10	274.896	303.249
932	531.77	1	1.3587e+06	1	387.286	1	1079.13	1	7996.88	1	31.6228	278.307	306.932
932	531.77	1	1.3587e+06	1	387.286	1	1079.13	1	7996.88	1	100	288.031	317.374
933	259.892	1	760667	1	408.053	1	1234.61	1	2080.52	1	0	273.249	301.462
933	259.892	1	760667	1	408.053	1	1234.61	1	2080.52	1	0.001	273.25	301.462
933	259.892	1	760667	1	408.053	1	1234.61	1	2080.52	1	0.00316228	273.25	301.462
933	259.892	1	760667	1	408.053	1	1234.61	1	2080.52	1	0.01	273.251	301.463
933	259.892	1	760667	1	408.053	1	1234.61	1	2080.52	1	0.0316228	273.255	301.467
933	259.892	1	760667	1	408.053	1	1234.61	1	2080.52	1	0.1	273.267	301.479
933	259.892	1	760667	1	408.053	1	1234.61	1	2080.52	1	0.316228	273.305	301.517
933	259.892	1	760667	1	408.053	1	1234.61	1	2080.52	1	1	273.425	301.635
933	259.892	1	760667	1	408.053	1	1234.61	1	2080.52	1	3.16228	273.802	302.009
933	259.892	1	760667	1	408.053	1	1234.61	1	2080.52	1	10	274.975	303.173
933	259.892	1	760667	1	408.053	1	1234.61	1	2080.52	1	31.6228	278.514	306.694
933	259.892	1	760667	1	408.053	1	1234.61	1	2080.52	1	100	288.5	316.699
934	470.418	1	803128	1	477.723	1	1292.16	1	2686.07	1	0	273.249	301.462
934	470.418	1	803128	1	477.723	1	1292.16	1	2686.07	1	0.001	273.25	301.462
934	470.418	1	803128	1	477.723	1	1292.16	1	2686.07	1	0.00316228	273.25	301.462
934	470.418	1	803128	1	477.723	1	1292.16	1	2686.07	1	0.01	273.251	301.463
934	470.418	1	803128	1	477.723	1	1292.16	1	2686.07	1	0.0316228	273.254	301.466
934	470.418	1	803128	1	477.723	1	1292.16	1	2686.07	1	0.1	273.264	301.477
934	470.418	1	803128	1	477.723	1	1292.16	1	2686.07	1	0.316228	273.295	301.509
934	470.418	1	803128	1	477.723	1	1292.16	1	2686.07	1	1	273.393	301.613
934	470.418	1	803128	1	477.723	1	1292.16	1	2686.07	1	3.16228	273.702	301.938
934	470.418	1	803128	1	477.723	1	1292.16	1	2686.07	1	10	274.67	302.955
934	470.418	1	803128	1	477.723	1	1292.16	1	2686.07	1	31.6228	277.629	306.057
934	470.418	1	803128	1	477.723	1	1292.16	1	2686.07	1	100	286.184	315.001
935	467.586	1	1.31975e+06	1	473.289	1	731.362	1	2780.01	1	0	273.249	301.462
935	467.586	1	1.31975e+06	1	473.289	1	731.362	1	2780.01	1	0.001	273.25	301.462
935	467.586	1	1.31975e+06	1	473.289	1	731.362	1	2780.01	1	0.00316228	273.25	301.462
935	467.586	1	1.31975e+06	1	473.289	1	731.362	1	2780.01	1	0.01	273.251	301.464
935	467.586	1	1.31975e+06	1	473.289	1	731.362	1	2780.01	1	0.0316228	273.255	301.468
935	467.586	1	1.31975e+06	1	473.289	1	731.362	1	2780.01	1	0.1	273.268	301.481
935	467.586	1	1.31975e+06	1	473.289	1	731.362	1	2780.01	1	0.316228	273.309	301.524
935	467.586	1	1.31975e+06	1	473.289	1	731.362	1	2780.01	1	1	273.438	301.66
935	467.586	1	1.31975e+06	1	473.289	1	731.362	1	2780.01	1	3.16228	273.844	302.086
935	467.586	1	1.31975e+06	1	473.289	1	731.362	1	2780.01	1	10	275.114	303.417
935	467.586	1	1.31975e+06	1	473.289	1	731.362	1	2780.01	1	31.6228	278.989	307.474
935	467.586	1	1.31975e+06	1	473.289	1	731.362	1	2780.01	1	100	290.067	319.044
936	390.504	1	277138	1	238.539	1	2010.93	1	4107.29	1	0	273.249	301.462
936	390.504	1	277138	1	238.539	1	2010.93	1	4107.29	1	0.001	273.25	301.462
936	390.504	1	277138	1	238.539	1	2010.93	1	4107.29	1	0.00316228	273.25	301.462
936	390.504	1	277138	1	238.539	1	2010.93	1	4107.29	1	0.01	273.251	301.464
936	390.504	1	277138	1	238.539	1	2010.93	1	4107.29	1	0.0316228	273.255	301.468
936	390.504	1	277138	1	238.539	1	2010.93	1	4107.29	1	0.1	273.268	301.483
936	390.504	1	277138	1	238.539	1	2010.93	1	4107.29	1	0.316228	273.31	301.529
936	390.504	1	277138	1	238.539	1	2010.93	1	4107.29	1	1	273.439	301.676
936	390.504	1	277138	1	238.539	1	2010.93	1	4107.29	1	3.16228	273.846	302.134
936	390.504	1	277138	1	238.539	1	2010.93	1	4107.29	1	10	275.102	303.542
936	390.504	1	277138	1	238.539	1	2010.93	1	4107.29	1	31.6228	278.789	307.639
936	390.504	1	277138	1	238.539	1	2010.93	1	4107.29	1	100	288.413	318.24
937	726.373	1	1.67856e+06	1	262.258	1	751.957	1	6858.56	1	0	273.249	301.462
937	726.373	1	1.67856e+06	1	262.258	1	751.957	1	6858.56	1	0.001	273.25	301.462
937	726.373	1	1.67856e+06	1	262.258	1	751.957	1	6858.56	1	0.00316228	273.25	301.462
937	726.373	1	1.67856e+06	1	262.258	1	751.957	1	6858.56	1	0.01	273.252	301.464
937	726.373	1	1.67856e+06	1	262.258	1	751.957	1	6858.56	1	0.0316228	273.257	301.47
937	726.373	1	1.67856e+06	1	262.258	1	751.957	1	6858.56	1	0.1	273.272	301.488
937	726.373	1	1.67856e+06	1	262.258	1	751.957	1	6858.56	1	0.316228	273.322	301.544
937	726.373	1	1.67856e+06	1	262.258	1	751.957	1	6858.56	1	1	273.478	301.722
937	726.373	1	1.67856e+06	1	262.258	1	751.957	1	6858.56	1	3.16228	273.968	302.28
937	726.373	1	1.67856e+06	1	262.258	1	751.957	1	6858.56	1	10	275.492	304.009
937	726.373	1	1.67856e+06	1	262.258	1	751.957	1	6858.56	1	31.6228	280.055	309.15
937	726.373	1	1.67856e+06	1	262.258	1	751.957	1	6858.56	1	100	292.544	323.122
938	732.526	1	620438	1	449.628	1	1959.76	1	2557.48	1	0	273.249	301.462
938	732.526	1	620438	1	449.628	1	1959.76	1	2557.48	1	0.001	273.25	301.462
938	732.526	1	620438	1	449.628	1	1959.76	1	2557.48	1	0.00316228	273.25	301.462
938	732.526	1	620438	1	449.628	1	1959.76	1	2557.48	1	0.01	273.251	301.463
938	732.526	1	620438	1	449.628	1	1959.76	1	2557.48	1	0.0316228	273.253	301.466
938	732.526	1	620438	1	449.628	1	1959.76	1	2557.48	1	0.1	273.261	301.475
938	732.526	1	620438	1	449.628	1	1959.76	1	2557.48	1	0.316228	273.287	301.504
938	732.526	1	620438	1	449.628	1	1959.76	1	2557.48	1	1	273.369	301.595
938	732.526	1	620438	1	449.628	1	1959.76	1	2557.48	1	3.16228	273.627	301.882
938	732.526	1	620438	1	449.628	1	1959.76	1	2557.48	1	10	274.434	302.778
938	732.526	1	620438	1	449.628	1	1959.76	1	2557.48	1	31.6228	276.896	305.5
938	732.526	1	620438	1	449.628	1	1959.76	1	2557.48	1	100	283.965	313.27
939	548.219	1	768825	1	513.094	1	707.765	1	3391.39	1	0	273.249	301.462
939	548.219	1	768825	1	513.094	1	707.765	1	3391.39	1	0.001	273.25	301.462
939	548.219	1	768825	1	513.094	1	707.765	1	3391.39	1	0.00316228	273.25	301.462
939	548.219	1	768825	1	513.094	1	707.765	1	3391.39	1	0.01	273.251	301.464
939	548.219	1	768825	1	513.094	1	707.765	1	3391.39	1	0.0316228	273.255	301.468
939	548.219	1	768825	1	513.094	1	707.765	1	3391.39	1	0.1	273.268	301.481
939	548.219	1	768825	1	513.094	1	707.765	1	3391.39	1	0.316228	273.308	301.523
939	548.219	1	768825	1	513.094	1	707.765	1	3391.39	1	1	273.433	301.655
939	548.219	1	768825	1	513.094	1	707.765	1	3391.39	1	3.16228	273.829	302.073
939	548.219	1	768825	1	513.094	1	707.765	1	3391.39	1	10	275.066	303.377
939	548.219	1	768825	1	513.094	1	707.765	1	3391.39	1	31.6228	278.847	307.358
939	548.219	1	768825	1	513.094	1	707.765	1	3391.39	1	100	289.677	318.728
940	328.31	1	669057	1	303.607	1	403.049	1	2893.4	1	0	273.249	301.462
940	328.31	1	669057	1	303.607	1	403.049	1	2893.4	1	0.001	273.25	301.462
940	328.31	1	669057	1	303.607	1	403.049	1	2893.4	1	0.00316228	273.25	301.463
940	328.31	1	669057	1	303.607	1	403.049	1	2893.4	1	0.01	273.253	301.465
940	328.31	1	669057	1	303.607	1	403.049	1	2893.4	1	0.0316228	273.259	301.472
940	328.31	1	669057	1	303.607	1	403.049	1	2893.4	1	0.1	273.281	301.495
940	328.31	1	669057	1	303.607	1	403.049	1	2893.4	1	0.316228	273.35	301.567
940	328.31	1	669057	1	303.607	1	403.049	1	2893.4	1	1	273.566	301.796
940	328.31	1	669057	1	303.607	1	403.049	1	2893.4	1	3.16228	274.246	302.513
940	328.31	1	669057	1	303.607	1	403.049	1	2893.4	1	10	276.356	304.738
940	328.31	1	669057	1	303.607	1	403.049	1	2893.4	1	31.6228	282.65	311.356
940	328.31	1	669057	1	303.607	1	403.049	1	2893.4	1	100	300.587	330.133
941	314.712	1	539105	1	387.857	1	891.778	1	1439.05	1	0	273.249	301.462
941	314.712	1	539105	1	387.857	1	891.778	1	1439.05	1	0.001	273.25	301.462
941	314.712	1	539105	1	387.857	1	891.778	1	1439.05	1	0.00316228	273.25	301.462
941	314.712	1	539105	1	387.857	1	891.778	1	1439.05	1	0.01	273.251	301.464
941	314.712	1	539105	1	387.857	1	891.778	1	1439.05	1	0.0316228	273.256	301.468
941	314.712	1	539105	1	387.857	1	891.778	1	1439.05	1	0.1	273.269	301.482
941	314.712	1	539105	1	387.857	1	891.778	1	1439.05	1	0.316228	273.311	301.525
941	314.712	1	539105	1	387.857	1	891.778	1	1439.05	1	1	273.445	301.663
941	314.712	1	539105	1	387.857	1	891.778	1	1439.05	1	3.16228	273.866	302.095
941	314.712	1	539105	1	387.857	1	891.778	1	1439.05	1	10	275.178	303.445
941	314.712	1	539105	1	387.857	1	891.778	1	1439.05	1	31.6228	279.153	307.529
941	314.712	1	539105	1	387.857	1	891.778	1	1439.05	1	100	290.395	319.089
942	388.769	1	851491	1	368.685	1	1505.71	1	3146.82	1	0	273.249	301.462
942	388.769	1	851491	1	368.685	1	1505.71	1	3146.82	1	0.001	273.25	301.462
942	388.769	1	851491	1	368.685	1	1505.71	1	3146.82	1	0.00316228	273.25	301.462
942	388.769	1	851491	1	368.685	1	1505.71	1	3146.82	1	0.01	273.251	301.463
942	388.769	1	851491	1	368.685	1	1505.71	1	3146.82	1	0.0316228	273.254	301.467
942	388.769	1	851491	1	368.685	1	1505.71	1	3146.82	1	0.1	273.265	301.478
942	388.769	1	851491	1	368.685	1	1505.71	1	3146.82	1	0.316228	273.3	301.515
942	388.769	1	851491	1	368.685	1	1505.71	1	3146.82	1	1	273.408	301.63
942	388.769	1	851491	1	368.685	1	1505.71	1	3146.82	1	3.16228	273.749	301.992
942	388.769	1	851491	1	368.685	1	1505.71	1	3146.82	1	10	274.812	303.12
942	388.769	1	851491	1	368.685	1	1505.71	1	3146.82	1	31.6228	278.026	306.516
942	388.769	1	851491	1	368.685	1	1505.71	1	3146.82	1	100	287.096	316.06
943	524.389	1	4.52043e+06	1	199.6	1	800.05	1	2643.73	1	0	273.249	301.462
943	524.389	1	4.52043e+06	1	199.6	1	800.05	1	2643.73	1	0.001	273.25	301.462
943	524.389	1	4.52043e+06	1	199.6	1	800.05	1	2643.73	1	0.00316228	273.25	301.463
943	524.389	1	4.52043e+06	1	199.6	1	800.05	1	2643.73	1	0.01	273.252	301.465
943	524.389	1	4.52043e+06	1	199.6	1	800.05	1	2643.73	1	0.0316228	273.258	301.471
943	524.389	1	4.52043e+06	1	199.6	1	800.05	1	2643.73	1	0.1	273.276	301.492
943	524.389	1	4.52043e+06	1	199.6	1	800.05	1	2643.73	1	0.316228	273.333	301.558
943	524.389	1	4.52043e+06	1	199.6	1	800.05	1	2643.73	1	1	273.513	301.765
943	524.389	1	4.52043e+06	1	199.6	1	800.05	1	2643.73	1	3.16228	274.079	302.414
943	524.389	1	4.52043e+06	1	199.6	1	800.05	1	2643.73	1	10	275.826	304.411
943	524.389	1	4.52043e+06	1	199.6	1	800.05	1	2643.73	1	31.6228	280.966	310.238
943	524.389	1	4.52043e+06	1	199.6	1	800.05	1	2643.73	1	100	294.528	325.442
944	608.551	1	1.21628e+06	1	539.637	1	472.646	1	2425.79	1	0	273.249	301.462
944	608.551	1	1.21628e+06	1	539.637	1	472.646	1	2425.79	1	0.001	273.25	301.462
944	608.551	1	1.21628e+06	1	539.637	1	472.646	1	2425.79	1	0.00316228	273.25	301.462
944	608.551	1	1.21628e+06	1	539.637	1	472.646	1	2425.79	1	0.01	273.252	301.464
944	608.551	1	1.21628e+06	1	539.637	1	472.646	1	2425.79	1	0.0316228	273.257	301.469
944	608.551	1	1.21628e+06	1	539.637	1	472.646	1	2425.79	1	0.1	273.273	301.486
944	608.551	1	1.21628e+06	1	539.637	1	472.646	1	2425.79	1	0.316228	273.323	301.539
944	608.551	1	1.21628e+06	1	539.637	1	472.646	1	2425.79	1	1	273.481	301.706
944	608.551	1	1.21628e+06	1	539.637	1	472.646	1	2425.79	1	3.16228	273.979	302.231
944	608.551	1	1.21628e+06	1	539.637	1	472.646	1	2425.79	1	10	275.531	303.868
944	608.551	1	1.21628e+06	1	539.637	1	472.646	1	2425.79	1	31.6228	280.231	308.816
944	608.551	1	1.21628e+06	1	539.637	1	472.646	1	2425.79	1	100	293.931	323.206
945	252.741	1	805738	1	341.052	1	769.09	1	4260.75	1	0	273.249	301.462
945	252.741	1	805738	1	341.052	1	769.09	1	4260.75	1	0.001	273.25	301.462
945	252.741	1	805738	1	341.052	1	769.09	1	4260.75	1	0.00316228	273.25	301.462
945	252.741	1	805738	1	341.052	1	769.09	1	4260.75	1	0.01	273.252	301.464
945	252.741	1	805738	1	341.052	1	769.09	1	4260.75	1	0.0316228	273.257	301.469
945	252.741	1	805738	1	341.052	1	769.09	1	4260.75	1	0.1	273.272	301.485
945	252.741	1	805738	1	341.052	1	769.09	1	4260.75	1	0.316228	273.321	301.535
945	252.741	1	805738	1	341.052	1	769.09	1	4260.75	1	1	273.477	301.692
945	252.741	1	805738	1	341.052	1	769.09	1	4260.75	1	3.16228	273.965	302.189
945	252.741	1	805738	1	341.052	1	769.09	1	4260.75	1	10	275.483	303.732
945	252.741	1	805738	1	341.052	1	769.09	1	4260.75	1	31.6228	280.048	308.375
945	252.741	1	805738	1	341.052	1	769.09	1	4260.75	1	100	292.765	321.336
946	287.804	1	881915	1	371.123	1	2585.03	1	1406.51	1	0	273.249	301.462
946	287.804	1	881915	1	371.123	1	2585.03	1	1406.51	1	0.001	273.25	301.462
946	287.804	1	881915	1	371.123	1	2585.03	1	1406.51	1	0.00316228	273.25	301.462
946	287.804	1	881915	1	371.123	1	2585.03	1	1406.51	1	0.01	273.251	301.463
946	287.804	1	881915	1	371.123	1	2585.03	1	1406.51	1	0.0316228	273.254	301.466
946	287.804	1	881915	1	371.123	1	2585.03	1	1406.51	1	0.1	273.264	301.477
946	287.804	1	881915	1	371.123	1	2585.03	1	1406.51	1	0.316228	273.296	301.509
946	287.804	1	881915	1	371.123	1	2585.03	1	1406.51	1	1	273.397	301.611
946	287.804	1	881915	1	371.123	1	2585.03	1	1406.51	1	3.16228	273.714	301.933
946	287.804	1	881915	1	371.123	1	2585.03	1	1406.51	1	10	274.697	302.931
946	287.804	1	881915	1	371.123	1	2585.03	1	1406.51	1	31.6228	277.636	305.917
946	287.804	1	881915	1	371.123	1	2585.03	1	1406.51	1	100	285.76	314.191
947	483.338	1	1.08808e+06	1	248.572	1	809.301	1	3170.5	1	0	273.249	301.462
947	483.338	1	1.08808e+06	1	248.572	1	809.301	1	3170.5	1	0.001	273.25	301.462
947	483.338	1	1.08808e+06	1	248.572	1	809.301	1	3170.5	1	0.00316228	273.25	301.462
947	483.338	1	1.08808e+06	1	248.572	1	809.301	1	3170.5	1	0.01	273.252	301.464
947	483.338	1	1.08808e+06	1	248.572	1	809.301	1	3170.5	1	0.0316228	273.257	301.47
947	483.338	1	1.08808e+06	1	248.572	1	809.301	1	3170.5	1	0.1	273.273	301.488
947	483.338	1	1.08808e+06	1	248.572	1	809.301	1	3170.5	1	0.316228	273.324	301.545
947	483.338	1	1.08808e+06	1	248.572	1	809.301	1	3170.5	1	1	273.485	301.725
947	483.338	1	1.08808e+06	1	248.572	1	809.301	1	3170.5	1	3.16228	273.99	302.29
947	483.338	1	1.08808e+06	1	248.572	1	809.301	1	3170.5	1	10	275.556	304.039
947	483.338	1	1.08808e+06	1	248.572	1	809.301	1	3170.5	1	31.6228	280.23	309.215
947	483.338	1	1.08808e+06	1	248.572	1	809.301	1	3170.5	1	100	292.944	323.185
948	462.663	1	1.85372e+06	1	381.529	1	1215.03	1	4488.06	1	0	273.249	301.462
948	462.663	1	1.85372e+06	1	381.529	1	1215.03	1	4488.06	1	0.001	273.25	301.462
948	462.663	1	1.85372e+06	1	381.529	1	1215.03	1	4488.06	1	0.00316228	273.25	301.462
948	462.663	1	1.85372e+06	1	381.529	1	1215.03	1	4488.06	1	0.01	273.251	301.463
948	462.663	1	1.85372e+06	1	381.529	1	1215.03	1	4488.06	1	0.0316228	273.255	301.467
948	462.663	1	1.85372e+06	1	381.529	1	1215.03	1	4488.06	1	0.1	273.266	301.479
948	462.663	1	1.85372e+06	1	381.529	1	1215.03	1	4488.06	1	0.316228	273.301	301.517
948	462.663	1	1.85372e+06	1	381.529	1	1215.03	1	4488.06	1	1	273.413	301.637
948	462.663	1	1.85372e+06	1	381.529	1	1215.03	1	4488.06	1	3.16228	273.764	302.015
948	462.663	1	1.85372e+06	1	381.529	1	1215.03	1	4488.06	1	10	274.861	303.194
948	462.663	1	1.85372e+06	1	381.529	1	1215.03	1	4488.06	1	31.6228	278.192	306.759
948	462.663	1	1.85372e+06	1	381.529	1	1215.03	1	4488.06	1	100	287.669	316.845
949	511.231	1	449296	1	201.656	1	1330.2	1	1577.08	1	0	273.249	301.462
949	511.231	1	449296	1	201.656	1	1330.2	1	1577.08	1	0.001	273.25	301.462
949	511.231	1	449296	1	201.656	1	1330.2	1	1577.08	1	0.00316228	273.25	301.462
949	511.231	1	449296	1	201.656	1	1330.2	1	1577.08	1	0.01	273.252	301.464
949	511.231	1	449296	1	201.656	1	1330.2	1	1577.08	1	0.0316228	273.257	301.47
949	511.231	1	449296	1	201.656	1	1330.2	1	1577.08	1	0.1	273.272	301.488
949	511.231	1	449296	1	201.656	1	1330.2	1	1577.08	1	0.316228	273.321	301.545
949	511.231	1	449296	1	201.656	1	1330.2	1	1577.08	1	1	273.476	301.725
949	511.231	1	449296	1	201.656	1	1330.2	1	1577.08	1	3.16228	273.96	302.287
949	511.231	1	449296	1	201.656	1	1330.2	1	1577.08	1	10	275.449	304.011
949	511.231	1	449296	1	201.656	1	1330.2	1	1577.08	1	31.6228	279.799	309
949	511.231	1	449296	1	201.656	1	1330.2	1	1577.08	1	100	290.994	321.7
950	103.816	1	3.28872e+06	1	451.084	1	2131.75	1	2952	1	0	273.249	301.462
950	103.816	1	3.28872e+06	1	451.084	1	2131.75	1	2952	1	0.001	273.25	301.462
950	103.816	1	3.28872e+06	1	451.084	1	2131.75	1	2952	1	0.00316228	273.25	301.462
950	103.816	1	3.28872e+06	1	451.084	1	2131.75	1	2952	1	0.01	273.251	301.463
950	103.816	1	3.28872e+06	1	451.084	1	2131.75	1	2952	1	0.0316228	273.256	301.467
950	103.816	1	3.28872e+06	1	451.084	1	2131.75	1	2952	1	0.1	273.27	301.477
950	103.816	1	3.28872e+06	1	451.084	1	2131.75	1	2952	1	0.316228	273.314	301.511
950	103.816	1	3.28872e+06	1	451.084	1	2131.75	1	2952	1	1	273.453	301.617
950	103.816	1	3.28872e+06	1	451.084	1	2131.75	1	2952	1	3.16228	273.885	301.951
950	103.816	1	3.28872e+06	1	451.084	1	2131.75	1	2952	1	10	275.195	302.978
950	103.816	1	3.28872e+06	1	451.084	1	2131.75	1	2952	1	31.6228	278.962	306.046
950	103.816	1	3.28872e+06	1	451.084	1	2131.75	1	2952	1	100	288.216	314.431
951	368.595	1	1.31611e+06	1	298.937	1	1813.81	1	2989.47	1	0	273.249	301.462
951	368.595	1	1.31611e+06	1	298.937	1	1813.81	1	2989.47	1	0.001	273.25	301.462
951	368.595	1	1.31611e+06	1	298.937	1	1813.81	1	2989.47	1	0.00316228	273.25	301.462
951	368.595	1	1.31611e+06	1	298.937	1	1813.81	1	2989.47	1	0.01	273.251	301.463
951	368.595	1	1.31611e+06	1	298.937	1	1813.81	1	2989.47	1	0.0316228	273.255	301.467
951	368.595	1	1.31611e+06	1	298.937	1	1813.81	1	2989.47	1	0.1	273.267	301.48
951	368.595	1	1.31611e+06	1	298.937	1	1813.81	1	2989.47	1	0.316228	273.303	301.52
951	368.595	1	1.31611e+06	1	298.937	1	1813.81	1	2989.47	1	1	273.42	301.647
951	368.595	1	1.31611e+06	1	298.937	1	1813.81	1	2989.47	1	3.16228	273.786	302.045
951	368.595	1	1.31611e+06	1	298.937	1	1813.81	1	2989.47	1	10	274.923	303.277
951	368.595	1	1.31611e+06	1	298.937	1	1813.81	1	2989.47	1	31.6228	278.317	306.93
951	368.595	1	1.31611e+06	1	298.937	1	1813.81	1	2989.47	1	100	287.469	316.719
952	594.156	1	1.17379e+06	1	933.905	1	6432.8	1	3589.62	1	0	273.249	301.462
952	594.156	1	1.17379e+06	1	933.905	1	6432.8	1	3589.62	1	0.001	273.249	301.462
952	594.156	1	1.17379e+06	1	933.905	1	6432.8	1	3589.62	1	0.00316228	273.25	301.462
952	594.156	1	1.17379e+06	1	933.905	1	6432.8	1	3589.62	1	0.01	273.25	301.462
952	594.156	1	1.17379e+06	1	933.905	1	6432.8	1	3589.62	1	0.0316228	273.251	301.463
952	594.156	1	1.17379e+06	1	933.905	1	6432.8	1	3589.62	1	0.1	273.256	301.468
952	594.156	1	1.17379e+06	1	933.905	1	6432.8	1	3589.62	1	0.316228	273.269	301.481
952	594.156	1	1.17379e+06	1	933.905	1	6432.8	1	3589.62	1	1	273.311	301.522
952	594.156	1	1.17379e+06	1	933.905	1	6432.8	1	3589.62	1	3.16228	273.445	301.653
952	594.156	1	1.17379e+06	1	933.905	1	6432.8	1	3589.62	1	10	273.864	302.063
952	594.156	1	1.17379e+06	1	933.905	1	6432.8	1	3589.62	1	31.6228	275.155	303.33
952	594.156	1	1.17379e+06	1	933.905	1	6432.8	1	3589.62	1	100	278.953	307.066
953	475.554	1	1.03876e+06	1	317.842	1	376.933	1	6366.43	1	0	273.249	301.462
953	475.554	1	1.03876e+06	1	317.842	1	376.933	1	6366.43	1	0.001	273.25	301.462
953	475.554	1	1.03876e+06	1	317.842	1	376.933	1	6366.43	1	0.00316228	273.25	301.463
953	475.554	1	1.03876e+06	1	317.842	1	376.933	1	6366.43	1	0.01	273.253	301.465
953	475.554	1	1.03876e+06	1	317.842	1	376.933	1	6366.43	1	0.0316228	273.259	301.472
953	475.554	1	1.03876e+06	1	317.842	1	376.933	1	6366.43	1	0.1	273.281	301.495
953	475.554	1	1.03876e+06	1	317.842	1	376.933	1	6366.43	1	0.316228	273.349	301.569
953	475.554	1	1.03876e+06	1	317.842	1	376.933	1	6366.43	1	1	273.564	301.8
953	475.554	1	1.03876e+06	1	317.842	1	376.933	1	6366.43	1	3.16228	274.24	302.526
953	475.554	1	1.03876e+06	1	317.842	1	376.933	1	6366.43	1	10	276.338	304.778
953	475.554	1	1.03876e+06	1	317.842	1	376.933	1	6366.43	1	31.6228	282.594	311.475
953	475.554	1	1.03876e+06	1	317.842	1	376.933	1	6366.43	1	100	300.5	330.53
954	453.472	1	1.87013e+06	1	588.936	1	1077.61	1	6203.81	1	0	273.249	301.462
954	453.472	1	1.87013e+06	1	588.936	1	1077.61	1	6203.81	1	0.001	273.25	301.462
954	453.472	1	1.87013e+06	1	588.936	1	1077.61	1	6203.81	1	0.00316228	273.25	301.462
954	453.472	1	1.87013e+06	1	588.936	1	1077.61	1	6203.81	1	0.01	273.251	301.463
954	453.472	1	1.87013e+06	1	588.936	1	1077.61	1	6203.81	1	0.0316228	273.254	301.466
954	453.472	1	1.87013e+06	1	588.936	1	1077.61	1	6203.81	1	0.1	273.264	301.476
954	453.472	1	1.87013e+06	1	588.936	1	1077.61	1	6203.81	1	0.316228	273.295	301.508
954	453.472	1	1.87013e+06	1	588.936	1	1077.61	1	6203.81	1	1	273.393	301.609
954	453.472	1	1.87013e+06	1	588.936	1	1077.61	1	6203.81	1	3.16228	273.703	301.926
954	453.472	1	1.87013e+06	1	588.936	1	1077.61	1	6203.81	1	10	274.674	302.919
954	453.472	1	1.87013e+06	1	588.936	1	1077.61	1	6203.81	1	31.6228	277.654	305.968
954	453.472	1	1.87013e+06	1	588.936	1	1077.61	1	6203.81	1	100	286.331	314.836
955	720.425	1	978537	1	172.601	1	1627.36	1	2789.61	1	0	273.249	301.462
955	720.425	1	978537	1	172.601	1	1627.36	1	2789.61	1	0.001	273.25	301.462
955	720.425	1	978537	1	172.601	1	1627.36	1	2789.61	1	0.00316228	273.25	301.462
955	720.425	1	978537	1	172.601	1	1627.36	1	2789.61	1	0.01	273.252	301.464
955	720.425	1	978537	1	172.601	1	1627.36	1	2789.61	1	0.0316228	273.257	301.471
955	720.425	1	978537	1	172.601	1	1627.36	1	2789.61	1	0.1	273.273	301.49
955	720.425	1	978537	1	172.601	1	1627.36	1	2789.61	1	0.316228	273.324	301.551
955	720.425	1	978537	1	172.601	1	1627.36	1	2789.61	1	1	273.484	301.745
955	720.425	1	978537	1	172.601	1	1627.36	1	2789.61	1	3.16228	273.984	302.349
955	720.425	1	978537	1	172.601	1	1627.36	1	2789.61	1	10	275.511	304.185
955	720.425	1	978537	1	172.601	1	1627.36	1	2789.61	1	31.6228	279.89	309.414
955	720.425	1	978537	1	172.601	1	1627.36	1	2789.61	1	100	290.622	322.083
956	543.467	1	1.87749e+06	1	609.034	1	2235.17	1	6142.72	1	0	273.249	301.462
956	543.467	1	1.87749e+06	1	609.034	1	2235.17	1	6142.72	1	0.001	273.25	301.462
956	543.467	1	1.87749e+06	1	609.034	1	2235.17	1	6142.72	1	0.00316228	273.25	301.462
956	543.467	1	1.87749e+06	1	609.034	1	2235.17	1	6142.72	1	0.01	273.25	301.463
956	543.467	1	1.87749e+06	1	609.034	1	2235.17	1	6142.72	1	0.0316228	273.253	301.465
956	543.467	1	1.87749e+06	1	609.034	1	2235.17	1	6142.72	1	0.1	273.26	301.472
956	543.467	1	1.87749e+06	1	609.034	1	2235.17	1	6142.72	1	0.316228	273.282	301.495
956	543.467	1	1.87749e+06	1	609.034	1	2235.17	1	6142.72	1	1	273.352	301.568
956	543.467	1	1.87749e+06	1	609.034	1	2235.17	1	6142.72	1	3.16228	273.573	301.797
956	543.467	1	1.87749e+06	1	609.034	1	2235.17	1	6142.72	1	10	274.264	302.516
956	543.467	1	1.87749e+06	1	609.034	1	2235.17	1	6142.72	1	31.6228	276.39	304.721
956	543.467	1	1.87749e+06	1	609.034	1	2235.17	1	6142.72	1	100	282.601	311.145
957	352.57	1	1.94665e+06	1	113.19	1	328.174	1	3737.08	1	0	273.249	301.462
957	352.57	1	1.94665e+06	1	113.19	1	328.174	1	3737.08	1	0.001	273.25	301.462
957	352.57	1	1.94665e+06	1	113.19	1	328.174	1	3737.08	1	0.00316228	273.251	301.463
957	352.57	1	1.94665e+06	1	113.19	1	328.174	1	3737.08	1	0.01	273.255	301.468
957	352.57	1	1.94665e+06	1	113.19	1	328.174	1	3737.08	1	0.0316228	273.266	301.481
957	352.57	1	1.94665e+06	1	113.19	1	328.174	1	3737.08	1	0.1	273.302	301.522
957	352.57	1	1.94665e+06	1	113.19	1	328.174	1	3737.08	1	0.316228	273.415	301.651
957	352.57	1	1.94665e+06	1	113.19	1	328.174	1	3737.08	1	1	273.771	302.058
957	352.57	1	1.94665e+06	1	113.19	1	328.174	1	3737.08	1	3.16228	274.882	303.327
957	352.57	1	1.94665e+06	1	113.19	1	328.174	1	3737.08	1	10	278.254	307.159
957	352.57	1	1.94665e+06	1	113.19	1	328.174	1	3737.08	1	31.6228	287.805	317.94
957	352.57	1	1.94665e+06	1	113.19	1	328.174	1	3737.08	1	100	312.176	344.832
958	537.16	1	1.03015e+06	1	314.827	1	849.669	1	2888.27	1	0	273.249	301.462
958	537.16	1	1.03015e+06	1	314.827	1	849.669	1	2888.27	1	0.001	273.25	301.462
958	537.16	1	1.03015e+06	1	314.827	1	849.669	1	2888.27	1	0.00316228	273.25	301.462
958	537.16	1	1.03015e+06	1	314.827	1	849.669	1	2888.27	1	0.01	273.251	301.464
958	537.16	1	1.03015e+06	1	314.827	1	849.669	1	2888.27	1	0.0316228	273.256	301.469
958	537.16	1	1.03015e+06	1	314.827	1	849.669	1	2888.27	1	0.1	273.27	301.484
958	537.16	1	1.03015e+06	1	314.827	1	849.669	1	2888.27	1	0.316228	273.314	301.533
958	537.16	1	1.03015e+06	1	314.827	1	849.669	1	2888.27	1	1	273.453	301.686
958	537.16	1	1.03015e+06	1	314.827	1	849.669	1	2888.27	1	3.16228	273.89	302.169
958	537.16	1	1.03015e+06	1	314.827	1	849.669	1	2888.27	1	10	275.252	303.67
958	537.16	1	1.03015e+06	1	314.827	1	849.669	1	2888.27	1	31.6228	279.366	308.177
958	537.16	1	1.03015e+06	1	314.827	1	849.669	1	2888.27	1	100	290.874	320.694
959	368.326	1	715799	1	407.061	1	2324.37	1	4759.54	1	0	273.249	301.462
959	368.326	1	715799	1	407.061	1	2324.37	1	4759.54	1	0.001	273.25	301.462
959	368.326	1	715799	1	407.061	1	2324.37	1	4759.54	1	0.00316228	273.25	301.462
959	368.326	1	715799	1	407.061	1	2324.37	1	4759.54	1	0.01	273.251	301.463
959	368.326	1	715799	1	407.061	1	2324.37	1	4759.54	1	0.0316228	273.254	301.466
959	368.326	1	715799	1	407.061	1	2324.37	1	4759.54	1	0.1	273.263	301.476
959	368.326	1	715799	1	407.061	1	2324.37	1	4759.54	1	0.316228	273.292	301.506
959	368.326	1	715799	1	407.061	1	2324.37	1	4759.54	1	1	273.384	301.602
959	368.326	1	715799	1	407.061	1	2324.37	1	4759.54	1	3.16228	273.674	301.904
959	368.326	1	715799	1	407.061	1	2324.37	1	4759.54	1	10	274.577	302.843
959	368.326	1	715799	1	407.061	1	2324.37	1	4759.54	1	31.6228	277.304	305.674
959	368.326	1	715799	1	407.061	1	2324.37	1	4759.54	1	100	284.989	313.636
960	435.688	1	1.75984e+06	1	314.408	1	882.032	1	4945.17	1	0	273.249	301.462
960	435.688	1	1.75984e+06	1	314.408	1	882.032	1	4945.17	1	0.001	273.25	301.462
960	435.688	1	1.75984e+06	1	314.408	1	882.032	1	4945.17	1	0.00316228	273.25	301.462
960	435.688	1	1.75984e+06	1	314.408	1	882.032	1	4945.17	1	0.01	273.251	301.464
960	435.688	1	1.75984e+06	1	314.408	1	882.032	1	4945.17	1	0.0316228	273.256	301.469
960	435.688	1	1.75984e+06	1	314.408	1	882.032	1	4945.17	1	0.1	273.27	301.484
960	435.688	1	1.75984e+06	1	314.408	1	882.032	1	4945.17	1	0.316228	273.314	301.532
960	435.688	1	1.75984e+06	1	314.408	1	882.032	1	4945.17	1	1	273.454	301.684
960	435.688	1	1.75984e+06	1	314.408	1	882.032	1	4945.17	1	3.16228	273.894	302.163
960	435.688	1	1.75984e+06	1	314.408	1	882.032	1	4945.17	1	10	275.264	303.65
960	435.688	1	1.75984e+06	1	314.408	1	882.032	1	4945.17	1	31.6228	279.399	308.112
960	435.688	1	1.75984e+06	1	314.408	1	882.032	1	4945.17	1	100	290.959	320.502
961	459.858	1	557552	1	717.619	1	698.292	1	3321.76	1	0	273.249	301.462
961	459.858	1	557552	1	717.619	1	698.292	1	3321.76	1	0.001	273.25	301.462
961	459.858	1	557552	1	717.619	1	698.292	1	3321.76	1	0.00316228	273.25	301.462
961	459.858	1	557552	1	717.619	1	698.292	1	3321.76	1	0.01	273.251	301.463
961	459.858	1	557552	1	717.619	1	698.292	1	3321.76	1	0.0316228	273.255	301.467
961	459.858	1	557552	1	717.619	1	698.292	1	3321.76	1	0.1	273.267	301.479
961	459.858	1	557552	1	717.619	1	698.292	1	3321.76	1	0.316228	273.304	301.517
961	459.858	1	557552	1	717.619	1	698.292	1	3321.76	1	1	273.422	301.636
961	459.858	1	557552	1	717.619	1	698.292	1	3321.76	1	3.16228	273.792	302.011
961	459.858	1	557552	1	717.619	1	698.292	1	3321.76	1	10	274.952	303.186
961	459.858	1	557552	1	717.619	1	698.292	1	3321.76	1	31.6228	278.502	306.782
961	459.858	1	557552	1	717.619	1	698.292	1	3321.76	1	100	288.708	317.113
962	301.778	1	1.66529e+06	1	348.837	1	1896.79	1	5654.28	1	0	273.249	301.462
962	301.778	1	1.66529e+06	1	348.837	1	1896.79	1	5654.28	1	0.001	273.25	301.462
962	301.778	1	1.66529e+06	1	348.837	1	1896.79	1	5654.28	1	0.00316228	273.25	301.462
962	301.778	1	1.66529e+06	1	348.837	1	1896.79	1	5654.28	1	0.01	273.251	301.463
962	301.778	1	1.66529e+06	1	348.837	1	1896.79	1	5654.28	1	0.0316228	273.255	301.467
962	301.778	1	1.66529e+06	1	348.837	1	1896.79	1	5654.28	1	0.1	273.266	301.478
962	301.778	1	1.66529e+06	1	348.837	1	1896.79	1	5654.28	1	0.316228	273.3	301.514
962	301.778	1	1.66529e+06	1	348.837	1	1896.79	1	5654.28	1	1	273.41	301.628
962	301.778	1	1.66529e+06	1	348.837	1	1896.79	1	5654.28	1	3.16228	273.755	301.984
962	301.778	1	1.66529e+06	1	348.837	1	1896.79	1	5654.28	1	10	274.828	303.092
962	301.778	1	1.66529e+06	1	348.837	1	1896.79	1	5654.28	1	31.6228	278.042	306.407
962	301.778	1	1.66529e+06	1	348.837	1	1896.79	1	5654.28	1	100	286.959	315.598
963	1044.83	1	2.78859e+06	1	479.615	1	1763.99	1	2933.12	1	0	273.249	301.462
963	1044.83	1	2.78859e+06	1	479.615	1	1763.99	1	2933.12	1	0.001	273.25	301.462
963	1044.83	1	2.78859e+06	1	479.615	1	1763.99	1	2933.12	1	0.00316228	273.25	301.462
963	1044.83	1	2.78859e+06	1	479.615	1	1763.99	1	2933.12	1	0.01	273.251	301.463
963	1044.83	1	2.78859e+06	1	479.615	1	1763.99	1	2933.12	1	0.0316228	273.253	301.466
963	1044.83	1	2.78859e+06	1	479.615	1	1763.99	1	2933.12	1	0.1	273.261	301.475
963	1044.83	1	2.78859e+06	1	479.615	1	1763.99	1	2933.12	1	0.316228	273.286	301.503
963	1044.83	1	2.78859e+06	1	479.615	1	1763.99	1	2933.12	1	1	273.365	301.593
963	1044.83	1	2.78859e+06	1	479.615	1	1763.99	1	2933.12	1	3.16228	273.614	301.874
963	1044.83	1	2.78859e+06	1	479.615	1	1763.99	1	2933.12	1	10	274.393	302.756
963	1044.83	1	2.78859e+06	1	479.615	1	1763.99	1	2933.12	1	31.6228	276.78	305.443
963	1044.83	1	2.78859e+06	1	479.615	1	1763.99	1	2933.12	1	100	283.697	313.178
964	362.453	1	894652	1	327.718	1	471.809	1	4189.21	1	0	273.249	301.462
964	362.453	1	894652	1	327.718	1	471.809	1	4189.21	1	0.001	273.25	301.462
964	362.453	1	894652	1	327.718	1	471.809	1	4189.21	1	0.00316228	273.25	301.463
964	362.453	1	894652	1	327.718	1	471.809	1	4189.21	1	0.01	273.252	301.465
964	362.453	1	894652	1	327.718	1	471.809	1	4189.21	1	0.0316228	273.258	301.471
964	362.453	1	894652	1	327.718	1	471.809	1	4189.21	1	0.1	273.277	301.491
964	362.453	1	894652	1	327.718	1	471.809	1	4189.21	1	0.316228	273.338	301.555
964	362.453	1	894652	1	327.718	1	471.809	1	4189.21	1	1	273.529	301.757
964	362.453	1	894652	1	327.718	1	471.809	1	4189.21	1	3.16228	274.129	302.392
964	362.453	1	894652	1	327.718	1	471.809	1	4189.21	1	10	275.995	304.364
964	362.453	1	894652	1	327.718	1	471.809	1	4189.21	1	31.6228	281.597	310.268
964	362.453	1	894652	1	327.718	1	471.809	1	4189.21	1	100	297.607	327.066
965	642.001	1	1.38646e+06	1	585.082	1	692.024	1	6857.68	1	0	273.249	301.462
965	642.001	1	1.38646e+06	1	585.082	1	692.024	1	6857.68	1	0.001	273.25	301.462
965	642.001	1	1.38646e+06	1	585.082	1	692.024	1	6857.68	1	0.00316228	273.25	301.462
965	642.001	1	1.38646e+06	1	585.082	1	692.024	1	6857.68	1	0.01	273.251	301.463
965	642.001	1	1.38646e+06	1	585.082	1	692.024	1	6857.68	1	0.0316228	273.255	301.467
965	642.001	1	1.38646e+06	1	585.082	1	692.024	1	6857.68	1	0.1	273.267	301.48
965	642.001	1	1.38646e+06	1	585.082	1	692.024	1	6857.68	1	0.316228	273.305	301.52
965	642.001	1	1.38646e+06	1	585.082	1	692.024	1	6857.68	1	1	273.425	301.647
965	642.001	1	1.38646e+06	1	585.082	1	692.024	1	6857.68	1	3.16228	273.804	302.047
965	642.001	1	1.38646e+06	1	585.082	1	692.024	1	6857.68	1	10	274.99	303.298
965	642.001	1	1.38646e+06	1	585.082	1	692.024	1	6857.68	1	31.6228	278.619	307.122
965	642.001	1	1.38646e+06	1	585.082	1	692.024	1	6857.68	1	100	289.046	318.079
966	392.536	1	1.06538e+06	1	408.752	1	851.005	1	3172.35	1	0	273.249	301.462
966	392.536	1	1.06538e+06	1	408.752	1	851.005	1	3172.35	1	0.001	273.25	301.462
966	392.536	1	1.06538e+06	1	408.752	1	851.005	1	3172.35	1	0.00316228	273.25	301.462
966	392.536	1	1.06538e+06	1	408.752	1	851.005	1	3172.35	1	0.01	273.251	301.464
966	392.536	1	1.06538e+06	1	408.752	1	851.005	1	3172.35	1	0.0316228	273.255	301.468
966	392.536	1	1.06538e+06	1	408.752	1	851.005	1	3172.35	1	0.1	273.268	301.481
966	392.536	1	1.06538e+06	1	408.752	1	851.005	1	3172.35	1	0.316228	273.309	301.524
966	392.536	1	1.06538e+06	1	408.752	1	851.005	1	3172.35	1	1	273.438	301.659
966	392.536	1	1.06538e+06	1	408.752	1	851.005	1	3172.35	1	3.16228	273.844	302.084
966	392.536	1	1.06538e+06	1	408.752	1	851.005	1	3172.35	1	10	275.111	303.411
966	392.536	1	1.06538e+06	1	408.752	1	851.005	1	3172.35	1	31.6228	278.965	307.436
966	392.536	1	1.06538e+06	1	408.752	1	851.005	1	3172.35	1	100	289.939	318.872
967	396.614	1	3.27943e+06	1	420.844	1	2665.91	1	2931.89	1	0	273.249	301.462
967	396.614	1	3.27943e+06	1	420.844	1	2665.91	1	2931.89	1	0.001	273.25	301.462
967	396.614	1	3.27943e+06	1	420.844	1	2665.91	1	2931.89	1	0.00316228	273.25	301.462
967	396.614	1	3.27943e+06	1	420.844	1	2665.91	1	2931.89	1	0.01	273.251	301.463
967	396.614	1	3.27943e+06	1	420.844	1	2665.91	1	2931.89	1	0.0316228	273.253	301.466
967	396.614	1	3.27943e+06	1	420.844	1	2665.91	1	2931.89	1	0.1	273.262	301.475
967	396.614	1	3.27943e+06	1	420.844	1	2665.91	1	2931.89	1	0.316228	273.289	301.504
967	396.614	1	3.27943e+06	1	420.844	1	2665.91	1	2931.89	1	1	273.376	301.594
967	396.614	1	3.27943e+06	1	420.844	1	2665.91	1	2931.89	1	3.16228	273.648	301.879
967	396.614	1	3.27943e+06	1	420.844	1	2665.91	1	2931.89	1	10	274.496	302.767
967	396.614	1	3.27943e+06	1	420.844	1	2665.91	1	2931.89	1	31.6228	277.058	305.442
967	396.614	1	3.27943e+06	1	420.844	1	2665.91	1	2931.89	1	100	284.291	312.975
968	445.762	1	709073	1	319.1	1	1521.89	1	3071.04	1	0	273.249	301.462
968	445.762	1	709073	1	319.1	1	1521.89	1	3071.04	1	0.001	273.25	301.462
968	445.762	1	709073	1	319.1	1	1521.89	1	3071.04	1	0.00316228	273.25	301.462
968	445.762	1	709073	1	319.1	1	1521.89	1	3071.04	1	0.01	273.251	301.463
968	445.762	1	709073	1	319.1	1	1521.89	1	3071.04	1	0.0316228	273.255	301.467
968	445.762	1	709073	1	319.1	1	1521.89	1	3071.04	1	0.1	273.266	301.48
968	445.762	1	709073	1	319.1	1	1521.89	1	3071.04	1	0.316228	273.302	301.52
968	445.762	1	709073	1	319.1	1	1521.89	1	3071.04	1	1	273.417	301.645
968	445.762	1	709073	1	319.1	1	1521.89	1	3071.04	1	3.16228	273.776	302.04
968	445.762	1	709073	1	319.1	1	1521.89	1	3071.04	1	10	274.894	303.264
968	445.762	1	709073	1	319.1	1	1521.89	1	3071.04	1	31.6228	278.254	306.923
968	445.762	1	709073	1	319.1	1	1521.89	1	3071.04	1	100	287.606	317.023
969	435.754	1	320893	1	609.749	1	632.454	1	3045.76	1	0	273.249	301.462
969	435.754	1	320893	1	609.749	1	632.454	1	3045.76	1	0.001	273.25	301.462
969	435.754	1	320893	1	609.749	1	632.454	1	3045.76	1	0.00316228	273.25	301.462
969	435.754	1	320893	1	609.749	1	632.454	1	3045.76	1	0.01	273.251	301.464
969	435.754	1	320893	1	609.749	1	632.454	1	3045.76	1	0.0316228	273.255	301.468
969	435.754	1	320893	1	609.749	1	632.454	1	3045.76	1	0.1	273.269	301.481
969	435.754	1	320893	1	609.749	1	632.454	1	3045.76	1	0.316228	273.31	301.524
969	435.754	1	320893	1	609.749	1	632.454	1	3045.76	1	1	273.441	301.658
969	435.754	1	320893	1	609.749	1	632.454	1	3045.76	1	3.16228	273.854	302.079
969	435.754	1	320893	1	609.749	1	632.454	1	3045.76	1	10	275.146	303.398
969	435.754	1	320893	1	609.749	1	632.454	1	3045.76	1	31.6228	279.084	307.422
969	435.754	1	320893	1	609.749	1	632.454	1	3045.76	1	100	290.456	319.03
970	301.353	1	1.05598e+06	1	437.565	1	867.029	1	1918.46	1	0	273.249	301.462
970	301.353	1	1.05598e+06	1	437.565	1	867.029	1	1918.46	1	0.001	273.25	301.462
970	301.353	1	1.05598e+06	1	437.565	1	867.029	1	1918.46	1	0.00316228	273.25	301.462
970	301.353	1	1.05598e+06	1	437.565	1	867.029	1	1918.46	1	0.01	273.251	301.463
970	301.353	1	1.05598e+06	1	437.565	1	867.029	1	1918.46	1	0.0316228	273.255	301.468
970	301.353	1	1.05598e+06	1	437.565	1	867.029	1	1918.46	1	0.1	273.268	301.481
970	301.353	1	1.05598e+06	1	437.565	1	867.029	1	1918.46	1	0.316228	273.31	301.522
970	301.353	1	1.05598e+06	1	437.565	1	867.029	1	1918.46	1	1	273.44	301.654
970	301.353	1	1.05598e+06	1	437.565	1	867.029	1	1918.46	1	3.16228	273.85	302.067
970	301.353	1	1.05598e+06	1	437.565	1	867.029	1	1918.46	1	10	275.129	303.359
970	301.353	1	1.05598e+06	1	437.565	1	867.029	1	1918.46	1	31.6228	279.011	307.282
970	301.353	1	1.05598e+06	1	437.565	1	867.029	1	1918.46	1	100	290.044	318.469
971	400.631	1	774412	1	351.507	1	1284.32	1	2352.87	1	0	273.249	301.462
971	400.631	1	774412	1	351.507	1	1284.32	1	2352.87	1	0.001	273.25	301.462
971	400.631	1	774412	1	351.507	1	1284.32	1	2352.87	1	0.00316228	273.25	301.462
971	400.631	1	774412	1	351.507	1	1284.32	1	2352.87	1	0.01	273.251	301.463
971	400.631	1	774412	1	351.507	1	1284.32	1	2352.87	1	0.0316228	273.255	301.467
971	400.631	1	774412	1	351.507	1	1284.32	1	2352.87	1	0.1	273.266	301.48
971	400.631	1	774412	1	351.507	1	1284.32	1	2352.87	1	0.316228	273.303	301.519
971	400.631	1	774412	1	351.507	1	1284.32	1	2352.87	1	1	273.42	301.644
971	400.631	1	774412	1	351.507	1	1284.32	1	2352.87	1	3.16228	273.786	302.037
971	400.631	1	774412	1	351.507	1	1284.32	1	2352.87	1	10	274.929	303.258
971	400.631	1	774412	1	351.507	1	1284.32	1	2352.87	1	31.6228	278.382	306.934
971	400.631	1	774412	1	351.507	1	1284.32	1	2352.87	1	100	288.112	317.24
972	467.206	1	1.3483e+06	1	656.054	1	836.133	1	3276.55	1	0	273.249	301.462
972	467.206	1	1.3483e+06	1	656.054	1	836.133	1	3276.55	1	0.001	273.25	301.462
972	467.206	1	1.3483e+06	1	656.054	1	836.133	1	3276.55	1	0.00316228	273.25	301.462
972	467.206	1	1.3483e+06	1	656.054	1	836.133	1	3276.55	1	0.01	273.251	301.463
972	467.206	1	1.3483e+06	1	656.054	1	836.133	1	3276.55	1	0.0316228	273.254	301.467
972	467.206	1	1.3483e+06	1	656.054	1	836.133	1	3276.55	1	0.1	273.265	301.478
972	467.206	1	1.3483e+06	1	656.054	1	836.133	1	3276.55	1	0.316228	273.299	301.513
972	467.206	1	1.3483e+06	1	656.054	1	836.133	1	3276.55	1	1	273.408	301.623
972	467.206	1	1.3483e+06	1	656.054	1	836.133	1	3276.55	1	3.16228	273.748	301.97
972	467.206	1	1.3483e+06	1	656.054	1	836.133	1	3276.55	1	10	274.816	303.057
972	467.206	1	1.3483e+06	1	656.054	1	836.133	1	3276.55	1	31.6228	278.09	306.393
972	467.206	1	1.3483e+06	1	656.054	1	836.133	1	3276.55	1	100	287.581	316.056
973	513.599	1	297948	1	435.588	1	515.138	1	3266.24	1	0	273.249	301.462
973	513.599	1	297948	1	435.588	1	515.138	1	3266.24	1	0.001	273.25	301.462
973	513.599	1	297948	1	435.588	1	515.138	1	3266.24	1	0.00316228	273.25	301.462
973	513.599	1	297948	1	435.588	1	515.138	1	3266.24	1	0.01	273.252	301.464
973	513.599	1	297948	1	435.588	1	515.138	1	3266.24	1	0.0316228	273.257	301.469
973	513.599	1	297948	1	435.588	1	515.138	1	3266.24	1	0.1	273.273	301.486
973	513.599	1	297948	1	435.588	1	515.138	1	3266.24	1	0.316228	273.324	301.54
973	513.599	1	297948	1	435.588	1	515.138	1	3266.24	1	1	273.484	301.71
973	513.599	1	297948	1	435.588	1	515.138	1	3266.24	1	3.16228	273.989	302.246
973	513.599	1	297948	1	435.588	1	515.138	1	3266.24	1	10	275.563	303.914
973	513.599	1	297948	1	435.588	1	515.138	1	3266.24	1	31.6228	280.33	308.957
973	513.599	1	297948	1	435.588	1	515.138	1	3266.24	1	100	294.127	323.5
974	331.159	1	814698	1	182.044	1	1425.39	1	4669.5	1	0	273.249	301.462
974	331.159	1	814698	1	182.044	1	1425.39	1	4669.5	1	0.001	273.25	301.462
974	331.159	1	814698	1	182.044	1	1425.39	1	4669.5	1	0.00316228	273.25	301.462
974	331.159	1	814698	1	182.044	1	1425.39	1	4669.5	1	0.01	273.252	301.464
974	331.159	1	814698	1	182.044	1	1425.39	1	4669.5	1	0.0316228	273.257	301.471
974	331.159	1	814698	1	182.044	1	1425.39	1	4669.5	1	0.1	273.274	301.49
974	331.159	1	814698	1	182.044	1	1425.39	1	4669.5	1	0.316228	273.328	301.551
974	331.159	1	814698	1	182.044	1	1425.39	1	4669.5	1	1	273.498	301.745
974	331.159	1	814698	1	182.044	1	1425.39	1	4669.5	1	3.16228	274.031	302.349
974	331.159	1	814698	1	182.044	1	1425.39	1	4669.5	1	10	275.661	304.192
974	331.159	1	814698	1	182.044	1	1425.39	1	4669.5	1	31.6228	280.377	309.478
974	331.159	1	814698	1	182.044	1	1425.39	1	4669.5	1	100	292.234	322.571
975	423.566	1	954706	1	233.1	1	956.859	1	2945.08	1	0	273.249	301.462
975	423.566	1	954706	1	233.1	1	956.859	1	2945.08	1	0.001	273.25	301.462
975	423.566	1	954706	1	233.1	1	956.859	1	2945.08	1	0.00316228	273.25	301.462
975	423.566	1	954706	1	233.1	1	956.859	1	2945.08	1	0.01	273.252	301.464
975	423.566	1	954706	1	233.1	1	956.859	1	2945.08	1	0.0316228	273.257	301.47
975	423.566	1	954706	1	233.1	1	956.859	1	2945.08	1	0.1	273.273	301.488
975	423.566	1	954706	1	233.1	1	956.859	1	2945.08	1	0.316228	273.323	301.544
975	423.566	1	954706	1	233.1	1	956.859	1	2945.08	1	1	273.481	301.722
975	423.566	1	954706	1	233.1	1	956.859	1	2945.08	1	3.16228	273.979	302.28
975	423.566	1	954706	1	233.1	1	956.859	1	2945.08	1	10	275.52	304.001
975	423.566	1	954706	1	233.1	1	956.859	1	2945.08	1	31.6228	280.09	309.06
975	423.566	1	954706	1	233.1	1	956.859	1	2945.08	1	100	292.35	322.517
976	350.313	1	1.02592e+06	1	713.609	1	1360.38	1	3899.33	1	0	273.249	301.462
976	350.313	1	1.02592e+06	1	713.609	1	1360.38	1	3899.33	1	0.001	273.25	301.462
976	350.313	1	1.02592e+06	1	713.609	1	1360.38	1	3899.33	1	0.00316228	273.25	301.462
976	350.313	1	1.02592e+06	1	713.609	1	1360.38	1	3899.33	1	0.01	273.251	301.463
976	350.313	1	1.02592e+06	1	713.609	1	1360.38	1	3899.33	1	0.0316228	273.253	301.465
976	350.313	1	1.02592e+06	1	713.609	1	1360.38	1	3899.33	1	0.1	273.262	301.474
976	350.313	1	1.02592e+06	1	713.609	1	1360.38	1	3899.33	1	0.316228	273.29	301.5
976	350.313	1	1.02592e+06	1	713.609	1	1360.38	1	3899.33	1	1	273.377	301.584
976	350.313	1	1.02592e+06	1	713.609	1	1360.38	1	3899.33	1	3.16228	273.652	301.848
976	350.313	1	1.02592e+06	1	713.609	1	1360.38	1	3899.33	1	10	274.511	302.676
976	350.313	1	1.02592e+06	1	713.609	1	1360.38	1	3899.33	1	31.6228	277.146	305.225
976	350.313	1	1.02592e+06	1	713.609	1	1360.38	1	3899.33	1	100	284.823	312.7
977	486.541	1	597835	1	172.827	1	1131.05	1	2492.99	1	0	273.249	301.462
977	486.541	1	597835	1	172.827	1	1131.05	1	2492.99	1	0.001	273.25	301.462
977	486.541	1	597835	1	172.827	1	1131.05	1	2492.99	1	0.00316228	273.25	301.463
977	486.541	1	597835	1	172.827	1	1131.05	1	2492.99	1	0.01	273.252	301.465
977	486.541	1	597835	1	172.827	1	1131.05	1	2492.99	1	0.0316228	273.258	301.471
977	486.541	1	597835	1	172.827	1	1131.05	1	2492.99	1	0.1	273.276	301.492
977	486.541	1	597835	1	172.827	1	1131.05	1	2492.99	1	0.316228	273.332	301.559
977	486.541	1	597835	1	172.827	1	1131.05	1	2492.99	1	1	273.511	301.768
977	486.541	1	597835	1	172.827	1	1131.05	1	2492.99	1	3.16228	274.069	302.421
977	486.541	1	597835	1	172.827	1	1131.05	1	2492.99	1	10	275.781	304.413
977	486.541	1	597835	1	172.827	1	1131.05	1	2492.99	1	31.6228	280.732	310.132
977	486.541	1	597835	1	172.827	1	1131.05	1	2492.99	1	100	293.214	324.325
978	583.686	1	249570	1	990.943	1	1391.79	1	1747.31	1	0	273.249	301.462
978	583.686	1	249570	1	990.943	1	1391.79	1	1747.31	1	0.001	273.25	301.462
978	583.686	1	249570	1	990.943	1	1391.79	1	1747.31	1	0.00316228	273.25	301.462
978	583.686	1	249570	1	990.943	1	1391.79	1	1747.31	1	0.01	273.25	301.463
978	583.686	1	249570	1	990.943	1	1391.79	1	1747.31	1	0.0316228	273.253	301.465
978	583.686	1	249570	1	990.943	1	1391.79	1	1747.31	1	0.1	273.26	301.472
978	583.686	1	249570	1	990.943	1	1391.79	1	1747.31	1	0.316228	273.282	301.494
978	583.686	1	249570	1	990.943	1	1391.79	1	1747.31	1	1	273.352	301.564
978	583.686	1	249570	1	990.943	1	1391.79	1	1747.31	1	3.16228	273.574	301.785
978	583.686	1	249570	1	990.943	1	1391.79	1	1747.31	1	10	274.269	302.478
978	583.686	1	249570	1	990.943	1	1391.79	1	1747.31	1	31.6228	276.424	304.629
978	583.686	1	249570	1	990.943	1	1391.79	1	1747.31	1	100	282.832	311.043
979	493.93	1	1.20775e+06	1	371.707	1	1058.81	1	2001.4	1	0	273.249	301.462
979	493.93	1	1.20775e+06	1	371.707	1	1058.81	1	2001.4	1	0.001	273.25	301.462
979	493.93	1	1.20775e+06	1	371.707	1	1058.81	1	2001.4	1	0.00316228	273.25	301.462
979	493.93	1	1.20775e+06	1	371.707	1	1058.81	1	2001.4	1	0.01	273.251	301.463
979	493.93	1	1.20775e+06	1	371.707	1	1058.81	1	2001.4	1	0.0316228	273.255	301.468
979	493.93	1	1.20775e+06	1	371.707	1	1058.81	1	2001.4	1	0.1	273.267	301.48
979	493.93	1	1.20775e+06	1	371.707	1	1058.81	1	2001.4	1	0.316228	273.304	301.521
979	493.93	1	1.20775e+06	1	371.707	1	1058.81	1	2001.4	1	1	273.423	301.65
979	493.93	1	1.20775e+06	1	371.707	1	1058.81	1	2001.4	1	3.16228	273.796	302.054
979	493.93	1	1.20775e+06	1	371.707	1	1058.81	1	2001.4	1	10	274.961	303.314
979	493.93	1	1.20775e+06	1	371.707	1	1058.81	1	2001.4	1	31.6228	278.498	307.126
979	493.93	1	1.20775e+06	1	371.707	1	1058.81	1	2001.4	1	100	288.548	317.895
980	375.65	1	1.50432e+06	1	154.617	1	991.348	1	2847.23	1	0	273.249	301.462
980	375.65	1	1.50432e+06	1	154.617	1	991.348	1	2847.23	1	0.001	273.25	301.462
980	375.65	1	1.50432e+06	1	154.617	1	991.348	1	2847.23	1	0.00316228	273.25	301.463
980	375.65	1	1.50432e+06	1	154.617	1	991.348	1	2847.23	1	0.01	273.252	301.465
980	375.65	1	1.50432e+06	1	154.617	1	991.348	1	2847.23	1	0.0316228	273.259	301.473
980	375.65	1	1.50432e+06	1	154.617	1	991.348	1	2847.23	1	0.1	273.279	301.496
980	375.65	1	1.50432e+06	1	154.617	1	991.348	1	2847.23	1	0.316228	273.344	301.571
980	375.65	1	1.50432e+06	1	154.617	1	991.348	1	2847.23	1	1	273.547	301.806
980	375.65	1	1.50432e+06	1	154.617	1	991.348	1	2847.23	1	3.16228	274.182	302.541
980	375.65	1	1.50432e+06	1	154.617	1	991.348	1	2847.23	1	10	276.119	304.772
980	375.65	1	1.50432e+06	1	154.617	1	991.348	1	2847.23	1	31.6228	281.686	311.131
980	375.65	1	1.50432e+06	1	154.617	1	991.348	1	2847.23	1	100	295.541	326.658
981	493.492	1	1.24791e+06	1	489.826	1	1102.09	1	3385.52	1	0	273.249	301.462
981	493.492	1	1.24791e+06	1	489.826	1	1102.09	1	3385.52	1	0.001	273.25	301.462
981	493.492	1	1.24791e+06	1	489.826	1	1102.09	1	3385.52	1	0.00316228	273.25	301.462
981	493.492	1	1.24791e+06	1	489.826	1	1102.09	1	3385.52	1	0.01	273.251	301.463
981	493.492	1	1.24791e+06	1	489.826	1	1102.09	1	3385.52	1	0.0316228	273.254	301.467
981	493.492	1	1.24791e+06	1	489.826	1	1102.09	1	3385.52	1	0.1	273.265	301.477
981	493.492	1	1.24791e+06	1	489.826	1	1102.09	1	3385.52	1	0.316228	273.297	301.512
981	493.492	1	1.24791e+06	1	489.826	1	1102.09	1	3385.52	1	1	273.4	301.62
981	493.492	1	1.24791e+06	1	489.826	1	1102.09	1	3385.52	1	3.16228	273.725	301.963
981	493.492	1	1.24791e+06	1	489.826	1	1102.09	1	3385.52	1	10	274.743	303.033
981	493.492	1	1.24791e+06	1	489.826	1	1102.09	1	3385.52	1	31.6228	277.858	306.304
981	493.492	1	1.24791e+06	1	489.826	1	1102.09	1	3385.52	1	100	286.872	315.743
982	1003.38	1	764301	1	589.325	1	568.803	1	3457.48	1	0	273.249	301.462
982	1003.38	1	764301	1	589.325	1	568.803	1	3457.48	1	0.001	273.25	301.462
982	1003.38	1	764301	1	589.325	1	568.803	1	3457.48	1	0.00316228	273.25	301.462
982	1003.38	1	764301	1	589.325	1	568.803	1	3457.48	1	0.01	273.251	301.464
982	1003.38	1	764301	1	589.325	1	568.803	1	3457.48	1	0.0316228	273.256	301.468
982	1003.38	1	764301	1	589.325	1	568.803	1	3457.48	1	0.1	273.269	301.482
982	1003.38	1	764301	1	589.325	1	568.803	1	3457.48	1	0.316228	273.311	301.527
982	1003.38	1	764301	1	589.325	1	568.803	1	3457.48	1	1	273.442	301.669
982	1003.38	1	764301	1	589.325	1	568.803	1	3457.48	1	3.16228	273.858	302.117
982	1003.38	1	764301	1	589.325	1	568.803	1	3457.48	1	10	275.157	303.515
982	1003.38	1	764301	1	589.325	1	568.803	1	3457.48	1	31.6228	279.116	307.77
982	1003.38	1	764301	1	589.325	1	568.803	1	3457.48	1	100	290.634	320.11
983	843.895	1	1.20048e+06	1	355.673	1	2089.68	1	2832.07	1	0	273.249	301.462
983	843.895	1	1.20048e+06	1	355.673	1	2089.68	1	2832.07	1	0.001	273.25	301.462
983	843.895	1	1.20048e+06	1	355.673	1	2089.68	1	2832.07	1	0.00316228	273.25	301.462
983	843.895	1	1.20048e+06	1	355.673	1	2089.68	1	2832.07	1	0.01	273.251	301.463
983	843.895	1	1.20048e+06	1	355.673	1	2089.68	1	2832.07	1	0.0316228	273.254	301.466
983	843.895	1	1.20048e+06	1	355.673	1	2089.68	1	2832.07	1	0.1	273.263	301.477
983	843.895	1	1.20048e+06	1	355.673	1	2089.68	1	2832.07	1	0.316228	273.292	301.51
983	843.895	1	1.20048e+06	1	355.673	1	2089.68	1	2832.07	1	1	273.383	301.615
983	843.895	1	1.20048e+06	1	355.673	1	2089.68	1	2832.07	1	3.16228	273.669	301.946
983	843.895	1	1.20048e+06	1	355.673	1	2089.68	1	2832.07	1	10	274.56	302.972
983	843.895	1	1.20048e+06	1	355.673	1	2089.68	1	2832.07	1	31.6228	277.25	306.049
983	843.895	1	1.20048e+06	1	355.673	1	2089.68	1	2832.07	1	100	284.778	314.593
984	529.068	1	201365	1	499.54	1	1910.13	1	2020.18	1	0	273.249	301.462
984	529.068	1	201365	1	499.54	1	1910.13	1	2020.18	1	0.001	273.25	301.462
984	529.068	1	201365	1	499.54	1	1910.13	1	2020.18	1	0.00316228	273.25	301.462
984	529.068	1	201365	1	499.54	1	1910.13	1	2020.18	1	0.01	273.251	301.463
984	529.068	1	201365	1	499.54	1	1910.13	1	2020.18	1	0.0316228	273.253	301.466
984	529.068	1	201365	1	499.54	1	1910.13	1	2020.18	1	0.1	273.261	301.474
984	529.068	1	201365	1	499.54	1	1910.13	1	2020.18	1	0.316228	273.287	301.502
984	529.068	1	201365	1	499.54	1	1910.13	1	2020.18	1	1	273.369	301.589
984	529.068	1	201365	1	499.54	1	1910.13	1	2020.18	1	3.16228	273.627	301.862
984	529.068	1	201365	1	499.54	1	1910.13	1	2020.18	1	10	274.433	302.718
984	529.068	1	201365	1	499.54	1	1910.13	1	2020.18	1	31.6228	276.898	305.329
984	529.068	1	201365	1	499.54	1	1910.13	1	2020.18	1	100	284.029	312.852
985	750.008	1	786355	1	232.282	1	917.656	1	2611.54	1	0	273.249	301.462
985	750.008	1	786355	1	232.282	1	917.656	1	2611.54	1	0.001	273.25	301.462
985	750.008	1	786355	1	232.282	1	917.656	1	2611.54	1	0.00316228	273.25	301.462
985	750.008	1	786355	1	232.282	1	917.656	1	2611.54	1	0.01	273.252	301.464
985	750.008	1	786355	1	232.282	1	917.656	1	2611.54	1	0.0316228	273.257	301.47
985	750.008	1	786355	1	232.282	1	917.656	1	2611.54	1	0.1	273.272	301.488
985	750.008	1	786355	1	232.282	1	917.656	1	2611.54	1	0.316228	273.321	301.544
985	750.008	1	786355	1	232.282	1	917.656	1	2611.54	1	1	273.474	301.723
985	750.008	1	786355	1	232.282	1	917.656	1	2611.54	1	3.16228	273.957	302.282
985	750.008	1	786355	1	232.282	1	917.656	1	2611.54	1	10	275.451	304.01
985	750.008	1	786355	1	232.282	1	917.656	1	2611.54	1	31.6228	279.884	309.089
985	750.008	1	786355	1	232.282	1	917.656	1	2611.54	1	100	291.773	322.612
986	574.439	1	394963	1	528.83	1	617.251	1	3632.13	1	0	273.249	301.462
986	574.439	1	394963	1	528.83	1	617.251	1	3632.13	1	0.001	273.25	301.462
986	574.439	1	394963	1	528.83	1	617.251	1	3632.13	1	0.00316228	273.25	301.462
986	574.439	1	394963	1	528.83	1	617.251	1	3632.13	1	0.01	273.251	301.464
986	574.439	1	394963	1	528.83	1	617.251	1	3632.13	1	0.0316228	273.256	301.468
986	574.439	1	394963	1	528.83	1	617.251	1	3632.13	1	0.1	273.269	301.482
986	574.439	1	394963	1	528.83	1	617.251	1	3632.13	1	0.316228	273.312	301.527
986	574.439	1	394963	1	528.83	1	617.251	1	3632.13	1	1	273.446	301.669
986	574.439	1	394963	1	528.83	1	617.251	1	3632.13	1	3.16228	273.869	302.115
986	574.439	1	394963	1	528.83	1	617.251	1	3632.13	1	10	275.19	303.508
986	574.439	1	394963	1	528.83	1	617.251	1	3632.13	1	31.6228	279.221	307.752
986	574.439	1	394963	1	528.83	1	617.251	1	3632.13	1	100	290.864	319.976
987	343.321	1	1.2367e+06	1	425.318	1	1886.85	1	5671.96	1	0	273.249	301.462
987	343.321	1	1.2367e+06	1	425.318	1	1886.85	1	5671.96	1	0.001	273.25	301.462
987	343.321	1	1.2367e+06	1	425.318	1	1886.85	1	5671.96	1	0.00316228	273.25	301.462
987	343.321	1	1.2367e+06	1	425.318	1	1886.85	1	5671.96	1	0.01	273.251	301.463
987	343.321	1	1.2367e+06	1	425.318	1	1886.85	1	5671.96	1	0.0316228	273.254	301.466
987	343.321	1	1.2367e+06	1	425.318	1	1886.85	1	5671.96	1	0.1	273.264	301.476
987	343.321	1	1.2367e+06	1	425.318	1	1886.85	1	5671.96	1	0.316228	273.294	301.507
987	343.321	1	1.2367e+06	1	425.318	1	1886.85	1	5671.96	1	1	273.391	301.606
987	343.321	1	1.2367e+06	1	425.318	1	1886.85	1	5671.96	1	3.16228	273.694	301.917
987	343.321	1	1.2367e+06	1	425.318	1	1886.85	1	5671.96	1	10	274.641	302.886
987	343.321	1	1.2367e+06	1	425.318	1	1886.85	1	5671.96	1	31.6228	277.507	305.817
987	343.321	1	1.2367e+06	1	425.318	1	1886.85	1	5671.96	1	100	285.634	314.134
988	462.485	1	1.49024e+06	1	360.002	1	3631.52	1	2067.06	1	0	273.249	301.462
988	462.485	1	1.49024e+06	1	360.002	1	3631.52	1	2067.06	1	0.001	273.25	301.462
988	462.485	1	1.49024e+06	1	360.002	1	3631.52	1	2067.06	1	0.00316228	273.25	301.462
988	462.485	1	1.49024e+06	1	360.002	1	3631.52	1	2067.06	1	0.01	273.251	301.463
988	462.485	1	1.49024e+06	1	360.002	1	3631.52	1	2067.06	1	0.0316228	273.253	301.466
988	462.485	1	1.49024e+06	1	360.002	1	3631.52	1	2067.06	1	0.1	273.262	301.476
988	462.485	1	1.49024e+06	1	360.002	1	3631.52	1	2067.06	1	0.316228	273.29	301.506
988	462.485	1	1.49024e+06	1	360.002	1	3631.52	1	2067.06	1	1	273.377	301.601
988	462.485	1	1.49024e+06	1	360.002	1	3631.52	1	2067.06	1	3.16228	273.651	301.902
988	462.485	1	1.49024e+06	1	360.002	1	3631.52	1	2067.06	1	10	274.501	302.833
988	462.485	1	1.49024e+06	1	360.002	1	3631.52	1	2067.06	1	31.6228	277.051	305.609
988	462.485	1	1.49024e+06	1	360.002	1	3631.52	1	2067.06	1	100	284.083	313.212
989	402.137	1	445159	1	369.854	1	680.464	1	2333.2	1	0	273.249	301.462
989	402.137	1	445159	1	369.854	1	680.464	1	2333.2	1	0.001	273.25	301.462
989	402.137	1	445159	1	369.854	1	680.464	1	2333.2	1	0.00316228	273.25	301.462
989	402.137	1	445159	1	369.854	1	680.464	1	2333.2	1	0.01	273.252	301.464
989	402.137	1	445159	1	369.854	1	680.464	1	2333.2	1	0.0316228	273.256	301.469
989	402.137	1	445159	1	369.854	1	680.464	1	2333.2	1	0.1	273.271	301.485
989	402.137	1	445159	1	369.854	1	680.464	1	2333.2	1	0.316228	273.318	301.535
989	402.137	1	445159	1	369.854	1	680.464	1	2333.2	1	1	273.467	301.692
989	402.137	1	445159	1	369.854	1	680.464	1	2333.2	1	3.16228	273.935	302.188
989	402.137	1	445159	1	369.854	1	680.464	1	2333.2	1	10	275.396	303.733
989	402.137	1	445159	1	369.854	1	680.464	1	2333.2	1	31.6228	279.822	308.403
989	402.137	1	445159	1	369.854	1	680.464	1	2333.2	1	100	292.322	321.544
990	388.055	1	707334	1	161.215	1	932.684	1	4549.15	1	0	273.249	301.462
990	388.055	1	707334	1	161.215	1	932.684	1	4549.15	1	0.001	273.25	301.462
990	388.055	1	707334	1	161.215	1	932.684	1	4549.15	1	0.00316228	273.25	301.463
990	388.055	1	707334	1	161.215	1	932.684	1	4549.15	1	0.01	273.252	301.465
990	388.055	1	707334	1	161.215	1	932.684	1	4549.15	1	0.0316228	273.259	301.472
990	388.055	1	707334	1	161.215	1	932.684	1	4549.15	1	0.1	273.279	301.496
990	388.055	1	707334	1	161.215	1	932.684	1	4549.15	1	0.316228	273.342	301.569
990	388.055	1	707334	1	161.215	1	932.684	1	4549.15	1	1	273.542	301.8
990	388.055	1	707334	1	161.215	1	932.684	1	4549.15	1	3.16228	274.169	302.522
990	388.055	1	707334	1	161.215	1	932.684	1	4549.15	1	10	276.085	304.722
990	388.055	1	707334	1	161.215	1	932.684	1	4549.15	1	31.6228	281.617	311.022
990	388.055	1	707334	1	161.215	1	932.684	1	4549.15	1	100	295.553	326.608
991	573.96	1	223612	1	491.693	1	2754.72	1	3392.95	1	0	273.249	301.462
991	573.96	1	223612	1	491.693	1	2754.72	1	3392.95	1	0.001	273.25	301.462
991	573.96	1	223612	1	491.693	1	2754.72	1	3392.95	1	0.00316228	273.25	301.462
991	573.96	1	223612	1	491.693	1	2754.72	1	3392.95	1	0.01	273.25	301.463
991	573.96	1	223612	1	491.693	1	2754.72	1	3392.95	1	0.0316228	273.253	301.465
991	573.96	1	223612	1	491.693	1	2754.72	1	3392.95	1	0.1	273.26	301.473
991	573.96	1	223612	1	491.693	1	2754.72	1	3392.95	1	0.316228	273.283	301.498
991	573.96	1	223612	1	491.693	1	2754.72	1	3392.95	1	1	273.356	301.577
991	573.96	1	223612	1	491.693	1	2754.72	1	3392.95	1	3.16228	273.586	301.825
991	573.96	1	223612	1	491.693	1	2754.72	1	3392.95	1	10	274.304	302.598
991	573.96	1	223612	1	491.693	1	2754.72	1	3392.95	1	31.6228	276.497	304.951
991	573.96	1	223612	1	491.693	1	2754.72	1	3392.95	1	100	282.791	311.674
992	685.857	1	1.18512e+06	1	490.892	1	1291.01	1	1793.27	1	0	273.249	301.462
992	685.857	1	1.18512e+06	1	490.892	1	1291.01	1	1793.27	1	0.001	273.25	301.462
992	685.857	1	1.18512e+06	1	490.892	1	1291.01	1	1793.27	1	0.00316228	273.25	301.462
992	685.857	1	1.18512e+06	1	490.892	1	1291.01	1	1793.27	1	0.01	273.251	301.463
992	685.857	1	1.18512e+06	1	490.892	1	1291.01	1	1793.27	1	0.0316228	273.254	301.466
992	685.857	1	1.18512e+06	1	490.892	1	1291.01	1	1793.27	1	0.1	273.263	301.476
992	685.857	1	1.18512e+06	1	490.892	1	1291.01	1	1793.27	1	0.316228	273.292	301.508
992	685.857	1	1.18512e+06	1	490.892	1	1291.01	1	1793.27	1	1	273.385	301.609
992	685.857	1	1.18512e+06	1	490.892	1	1291.01	1	1793.27	1	3.16228	273.676	301.925
992	685.857	1	1.18512e+06	1	490.892	1	1291.01	1	1793.27	1	10	274.588	302.916
992	685.857	1	1.18512e+06	1	490.892	1	1291.01	1	1793.27	1	31.6228	277.387	305.946
992	685.857	1	1.18512e+06	1	490.892	1	1291.01	1	1793.27	1	100	285.504	314.695
993	660.749	1	3.57057e+06	1	405.646	1	434.176	1	2670.36	1	0	273.249	301.462
993	660.749	1	3.57057e+06	1	405.646	1	434.176	1	2670.36	1	0.001	273.25	301.462
993	660.749	1	3.57057e+06	1	405.646	1	434.176	1	2670.36	1	0.00316228	273.25	301.462
993	660.749	1	3.57057e+06	1	405.646	1	434.176	1	2670.36	1	0.01	273.252	301.464
993	660.749	1	3.57057e+06	1	405.646	1	434.176	1	2670.36	1	0.0316228	273.258	301.471
993	660.749	1	3.57057e+06	1	405.646	1	434.176	1	2670.36	1	0.1	273.276	301.49
993	660.749	1	3.57057e+06	1	405.646	1	434.176	1	2670.36	1	0.316228	273.332	301.551
993	660.749	1	3.57057e+06	1	405.646	1	434.176	1	2670.36	1	1	273.512	301.744
993	660.749	1	3.57057e+06	1	405.646	1	434.176	1	2670.36	1	3.16228	274.076	302.352
993	660.749	1	3.57057e+06	1	405.646	1	434.176	1	2670.36	1	10	275.832	304.242
993	660.749	1	3.57057e+06	1	405.646	1	434.176	1	2670.36	1	31.6228	281.119	309.919
993	660.749	1	3.57057e+06	1	405.646	1	434.176	1	2670.36	1	100	296.424	326.294
994	459.88	1	655244	1	169.734	1	752.332	1	1796.59	1	0	273.249	301.462
994	459.88	1	655244	1	169.734	1	752.332	1	1796.59	1	0.001	273.25	301.462
994	459.88	1	655244	1	169.734	1	752.332	1	1796.59	1	0.00316228	273.25	301.463
994	459.88	1	655244	1	169.734	1	752.332	1	1796.59	1	0.01	273.252	301.465
994	459.88	1	655244	1	169.734	1	752.332	1	1796.59	1	0.0316228	273.259	301.473
994	459.88	1	655244	1	169.734	1	752.332	1	1796.59	1	0.1	273.279	301.496
994	459.88	1	655244	1	169.734	1	752.332	1	1796.59	1	0.316228	273.344	301.571
994	459.88	1	655244	1	169.734	1	752.332	1	1796.59	1	1	273.549	301.807
994	459.88	1	655244	1	169.734	1	752.332	1	1796.59	1	3.16228	274.189	302.545
994	459.88	1	655244	1	169.734	1	752.332	1	1796.59	1	10	276.154	304.802
994	459.88	1	655244	1	169.734	1	752.332	1	1796.59	1	31.6228	281.878	311.323
994	459.88	1	655244	1	169.734	1	752.332	1	1796.59	1	100	296.603	327.837
995	808.04	1	1.68971e+06	1	427.435	1	2023.78	1	3142.71	1	0	273.249	301.462
995	808.04	1	1.68971e+06	1	427.435	1	2023.78	1	3142.71	1	0.001	273.25	301.462
995	808.04	1	1.68971e+06	1	427.435	1	2023.78	1	3142.71	1	0.00316228	273.25	301.462
995	808.04	1	1.68971e+06	1	427.435	1	2023.78	1	3142.71	1	0.01	273.251	301.463
995	808.04	1	1.68971e+06	1	427.435	1	2023.78	1	3142.71	1	0.0316228	273.253	301.466
995	808.04	1	1.68971e+06	1	427.435	1	2023.78	1	3142.71	1	0.1	273.262	301.475
995	808.04	1	1.68971e+06	1	427.435	1	2023.78	1	3142.71	1	0.316228	273.288	301.505
995	808.04	1	1.68971e+06	1	427.435	1	2023.78	1	3142.71	1	1	273.37	301.598
995	808.04	1	1.68971e+06	1	427.435	1	2023.78	1	3142.71	1	3.16228	273.63	301.891
995	808.04	1	1.68971e+06	1	427.435	1	2023.78	1	3142.71	1	10	274.441	302.805
995	808.04	1	1.68971e+06	1	427.435	1	2023.78	1	3142.71	1	31.6228	276.913	305.576
995	808.04	1	1.68971e+06	1	427.435	1	2023.78	1	3142.71	1	100	283.98	313.441
996	288.461	1	2.04031e+06	1	925.948	1	850.794	1	3487.9	1	0	273.249	301.462
996	288.461	1	2.04031e+06	1	925.948	1	850.794	1	3487.9	1	0.001	273.25	301.462
996	288.461	1	2.04031e+06	1	925.948	1	850.794	1	3487.9	1	0.00316228	273.25	301.462
996	288.461	1	2.04031e+06	1	925.948	1	850.794	1	3487.9	1	0.01	273.251	301.463
996	288.461	1	2.04031e+06	1	925.948	1	850.794	1	3487.9	1	0.0316228	273.254	301.466
996	288.461	1	2.04031e+06	1	925.948	1	850.794	1	3487.9	1	0.1	273.265	301.476
996	288.461	1	2.04031e+06	1	925.948	1	850.794	1	3487.9	1	0.316228	273.299	301.508
996	288.461	1	2.04031e+06	1	925.948	1	850.794	1	3487.9	1	1	273.407	301.607
996	288.461	1	2.04031e+06	1	925.948	1	850.794	1	3487.9	1	3.16228	273.745	301.922
996	288.461	1	2.04031e+06	1	925.948	1	850.794	1	3487.9	1	10	274.803	302.906
996	288.461	1	2.04031e+06	1	925.948	1	850.794	1	3487.9	1	31.6228	278.024	305.928
996	288.461	1	2.04031e+06	1	925.948	1	850.794	1	3487.9	1	100	287.285	314.726
997	471.368	1	2.13903e+06	1	506.052	1	1991.17	1	2592.64	1	0	273.249	301.462
997	471.368	1	2.13903e+06	1	506.052	1	1991.17	1	2592.64	1	0.001	273.25	301.462
997	471.368	1	2.13903e+06	1	506.052	1	1991.17	1	2592.64	1	0.00316228	273.25	301.462
997	471.368	1	2.13903e+06	1	506.052	1	1991.17	1	2592.64	1	0.01	273.251	301.463
997	471.368	1	2.13903e+06	1	506.052	1	1991.17	1	2592.64	1	0.0316228	273.253	301.466
997	471.368	1	2.13903e+06	1	506.052	1	1991.17	1	2592.64	1	0.1	273.261	301.474
997	471.368	1	2.13903e+06	1	506.052	1	1991.17	1	2592.64	1	0.316228	273.287	301.501
997	471.368	1	2.13903e+06	1	506.052	1	1991.17	1	2592.64	1	1	273.369	301.587
997	471.368	1	2.13903e+06	1	506.052	1	1991.17	1	2592.64	1	3.16228	273.627	301.857
997	471.368	1	2.13903e+06	1	506.052	1	1991.17	1	2592.64	1	10	274.434	302.7
997	471.368	1	2.13903e+06	1	506.052	1	1991.17	1	2592.64	1	31.6228	276.901	305.273
997	471.368	1	2.13903e+06	1	506.052	1	1991.17	1	2592.64	1	100	284.03	312.689
998	574.964	1	267339	1	237.362	1	1185.1	1	6817.21	1	0	273.249	301.462
998	574.964	1	267339	1	237.362	1	1185.1	1	6817.21	1	0.001	273.25	301.462
998	574.964	1	267339	1	237.362	1	1185.1	1	6817.21	1	0.00316228	273.25	301.462
998	574.964	1	267339	1	237.362	1	1185.1	1	6817.21	1	0.01	273.252	301.464
998	574.964	1	267339	1	237.362	1	1185.1	1	6817.21	1	0.0316228	273.256	301.469
998	574.964	1	267339	1	237.362	1	1185.1	1	6817.21	1	0.1	273.27	301.486
998	574.964	1	267339	1	237.362	1	1185.1	1	6817.21	1	0.316228	273.315	301.537
998	574.964	1	267339	1	237.362	1	1185.1	1	6817.21	1	1	273.457	301.701
998	574.964	1	267339	1	237.362	1	1185.1	1	6817.21	1	3.16228	273.902	302.213
998	574.964	1	267339	1	237.362	1	1185.1	1	6817.21	1	10	275.28	303.793
998	574.964	1	267339	1	237.362	1	1185.1	1	6817.21	1	31.6228	279.362	308.427
998	574.964	1	267339	1	237.362	1	1185.1	1	6817.21	1	100	290.22	320.655
999	436.666	1	3.14709e+06	1	386.574	1	2653.97	1	2538.01	1	0	273.249	301.462
999	436.666	1	3.14709e+06	1	386.574	1	2653.97	1	2538.01	1	0.001	273.25	301.462
999	436.666	1	3.14709e+06	1	386.574	1	2653.97	1	2538.01	1	0.00316228	273.25	301.462
999	436.666	1	3.14709e+06	1	386.574	1	2653.97	1	2538.01	1	0.01	273.251	301.463
999	436.666	1	3.14709e+06	1	386.574	1	2653.97	1	2538.01	1	0.0316228	273.254	301.466
999	436.666	1	3.14709e+06	1	386.574	1	2653.97	1	2538.01	1	0.1	273.262	301.476
999	436.666	1	3.14709e+06	1	386.574	1	2653.97	1	2538.01	1	0.316228	273.291	301.506
999	436.666	1	3.14709e+06	1	386.574	1	2653.97	1	2538.01	1	1	273.38	301.602
999	436.666	1	3.14709e+06	1	386.574	1	2653.97	1	2538.01	1	3.16228	273.661	301.904
999	436.666	1	3.14709e+06	1	386.574	1	2653.97	1	2538.01	1	10	274.535	302.842
999	436.666	1	3.14709e+06	1	386.574	1	2653.97	1	2538.01	1	31.6228	277.171	305.66
999	436.666	1	3.14709e+06	1	386.574	1	2653.97	1	2538.01	1	100	284.56	313.518
