RandomRun	NaV1.5_IC50(uM)	NaV1.5_Hill	CaV1.2_IC50(uM)	CaV1.2_Hill	hERG_IC50(uM)	hERG_Hill	IKs_IC50(uM)	IKs_Hill	Itof_IC50(uM)	Itof_Hill	Concentration(uM)	APD50(ms)	APD90(ms)
0	154.68	1	1e+06	1	1e+06	1	1e+06	1	1462.1	1	0	273.247	301.461
0	154.68	1	1e+06	1	1e+06	1	1e+06	1	1462.1	1	0.001	273.251	301.461
0	154.68	1	1e+06	1	1e+06	1	1e+06	1	1462.1	1	0.00316228	273.248	301.461
0	154.68	1	1e+06	1	1e+06	1	1e+06	1	1462.1	1	0.01	273.247	301.46
0	154.68	1	1e+06	1	1e+06	1	1e+06	1	1462.1	1	0.0316228	273.246	301.46
0	154.68	1	1e+06	1	1e+06	1	1e+06	1	1462.1	1	0.1	273.258	301.463
0	154.68	1	1e+06	1	1e+06	1	1e+06	1	1462.1	1	0.316228	273.267	301.466
0	154.68	1	1e+06	1	1e+06	1	1e+06	1	1462.1	1	1	273.314	301.481
0	154.68	1	1e+06	1	1e+06	1	1e+06	1	1462.1	1	3.16228	273.464	301.526
0	154.68	1	1e+06	1	1e+06	1	1e+06	1	1462.1	1	10	273.916	301.663
0	154.68	1	1e+06	1	1e+06	1	1e+06	1	1462.1	1	31.6228	275.102	302.048
0	154.68	1	1e+06	1	1e+06	1	1e+06	1	1462.1	1	100	277.806	302.989
1	175.995	1	276851	1	1.15525e+06	1	1.08798e+06	1	1412.94	1	0	273.249	301.462
1	175.995	1	276851	1	1.15525e+06	1	1.08798e+06	1	1412.94	1	0.001	273.249	301.462
1	175.995	1	276851	1	1.15525e+06	1	1.08798e+06	1	1412.94	1	0.00316228	273.25	301.462
1	175.995	1	276851	1	1.15525e+06	1	1.08798e+06	1	1412.94	1	0.01	273.25	301.462
1	175.995	1	276851	1	1.15525e+06	1	1.08798e+06	1	1412.94	1	0.0316228	273.251	301.462
1	175.995	1	276851	1	1.15525e+06	1	1.08798e+06	1	1412.94	1	0.1	273.256	301.463
1	175.995	1	276851	1	1.15525e+06	1	1.08798e+06	1	1412.94	1	0.316228	273.269	301.468
1	175.995	1	276851	1	1.15525e+06	1	1.08798e+06	1	1412.94	1	1	273.31	301.48
1	175.995	1	276851	1	1.15525e+06	1	1.08798e+06	1	1412.94	1	3.16228	273.439	301.52
1	175.995	1	276851	1	1.15525e+06	1	1.08798e+06	1	1412.94	1	10	273.828	301.641
1	175.995	1	276851	1	1.15525e+06	1	1.08798e+06	1	1412.94	1	31.6228	274.912	301.985
1	175.995	1	276851	1	1.15525e+06	1	1.08798e+06	1	1412.94	1	100	277.424	302.845
2	114.945	1	1.66596e+06	1	1.4092e+06	1	999128	1	1558.17	1	0	273.249	301.462
2	114.945	1	1.66596e+06	1	1.4092e+06	1	999128	1	1558.17	1	0.001	273.25	301.462
2	114.945	1	1.66596e+06	1	1.4092e+06	1	999128	1	1558.17	1	0.00316228	273.25	301.462
2	114.945	1	1.66596e+06	1	1.4092e+06	1	999128	1	1558.17	1	0.01	273.25	301.462
2	114.945	1	1.66596e+06	1	1.4092e+06	1	999128	1	1558.17	1	0.0316228	273.252	301.462
2	114.945	1	1.66596e+06	1	1.4092e+06	1	999128	1	1558.17	1	0.1	273.259	301.464
2	114.945	1	1.66596e+06	1	1.4092e+06	1	999128	1	1558.17	1	0.316228	273.279	301.471
2	114.945	1	1.66596e+06	1	1.4092e+06	1	999128	1	1558.17	1	1	273.342	301.49
2	114.945	1	1.66596e+06	1	1.4092e+06	1	999128	1	1558.17	1	3.16228	273.536	301.549
2	114.945	1	1.66596e+06	1	1.4092e+06	1	999128	1	1558.17	1	10	274.108	301.725
2	114.945	1	1.66596e+06	1	1.4092e+06	1	999128	1	1558.17	1	31.6228	275.638	302.212
2	114.945	1	1.66596e+06	1	1.4092e+06	1	999128	1	1558.17	1	100	278.599	303.284
3	119.517	1	977411	1	1.43324e+06	1	600398	1	1800.74	1	0	273.249	301.462
3	119.517	1	977411	1	1.43324e+06	1	600398	1	1800.74	1	0.001	273.25	301.462
3	119.517	1	977411	1	1.43324e+06	1	600398	1	1800.74	1	0.00316228	273.25	301.462
3	119.517	1	977411	1	1.43324e+06	1	600398	1	1800.74	1	0.01	273.25	301.462
3	119.517	1	977411	1	1.43324e+06	1	600398	1	1800.74	1	0.0316228	273.252	301.462
3	119.517	1	977411	1	1.43324e+06	1	600398	1	1800.74	1	0.1	273.258	301.464
3	119.517	1	977411	1	1.43324e+06	1	600398	1	1800.74	1	0.316228	273.278	301.47
3	119.517	1	977411	1	1.43324e+06	1	600398	1	1800.74	1	1	273.338	301.489
3	119.517	1	977411	1	1.43324e+06	1	600398	1	1800.74	1	3.16228	273.525	301.546
3	119.517	1	977411	1	1.43324e+06	1	600398	1	1800.74	1	10	274.077	301.715
3	119.517	1	977411	1	1.43324e+06	1	600398	1	1800.74	1	31.6228	275.561	302.185
3	119.517	1	977411	1	1.43324e+06	1	600398	1	1800.74	1	100	278.484	303.232
4	111.991	1	1.21985e+06	1	851895	1	672599	1	1349.46	1	0	273.249	301.462
4	111.991	1	1.21985e+06	1	851895	1	672599	1	1349.46	1	0.001	273.25	301.462
4	111.991	1	1.21985e+06	1	851895	1	672599	1	1349.46	1	0.00316228	273.25	301.462
4	111.991	1	1.21985e+06	1	851895	1	672599	1	1349.46	1	0.01	273.25	301.462
4	111.991	1	1.21985e+06	1	851895	1	672599	1	1349.46	1	0.0316228	273.252	301.462
4	111.991	1	1.21985e+06	1	851895	1	672599	1	1349.46	1	0.1	273.259	301.465
4	111.991	1	1.21985e+06	1	851895	1	672599	1	1349.46	1	0.316228	273.28	301.471
4	111.991	1	1.21985e+06	1	851895	1	672599	1	1349.46	1	1	273.344	301.491
4	111.991	1	1.21985e+06	1	851895	1	672599	1	1349.46	1	3.16228	273.544	301.552
4	111.991	1	1.21985e+06	1	851895	1	672599	1	1349.46	1	10	274.13	301.733
4	111.991	1	1.21985e+06	1	851895	1	672599	1	1349.46	1	31.6228	275.694	302.234
4	111.991	1	1.21985e+06	1	851895	1	672599	1	1349.46	1	100	278.684	303.332
5	133.648	1	2.59757e+06	1	1.27346e+06	1	428963	1	2144.58	1	0	273.249	301.462
5	133.648	1	2.59757e+06	1	1.27346e+06	1	428963	1	2144.58	1	0.001	273.25	301.462
5	133.648	1	2.59757e+06	1	1.27346e+06	1	428963	1	2144.58	1	0.00316228	273.25	301.462
5	133.648	1	2.59757e+06	1	1.27346e+06	1	428963	1	2144.58	1	0.01	273.25	301.462
5	133.648	1	2.59757e+06	1	1.27346e+06	1	428963	1	2144.58	1	0.0316228	273.252	301.462
5	133.648	1	2.59757e+06	1	1.27346e+06	1	428963	1	2144.58	1	0.1	273.257	301.464
5	133.648	1	2.59757e+06	1	1.27346e+06	1	428963	1	2144.58	1	0.316228	273.275	301.469
5	133.648	1	2.59757e+06	1	1.27346e+06	1	428963	1	2144.58	1	1	273.329	301.486
5	133.648	1	2.59757e+06	1	1.27346e+06	1	428963	1	2144.58	1	3.16228	273.497	301.537
5	133.648	1	2.59757e+06	1	1.27346e+06	1	428963	1	2144.58	1	10	273.996	301.69
5	133.648	1	2.59757e+06	1	1.27346e+06	1	428963	1	2144.58	1	31.6228	275.356	302.12
5	133.648	1	2.59757e+06	1	1.27346e+06	1	428963	1	2144.58	1	100	278.175	303.111
6	180.845	1	940733	1	659902	1	1.02994e+06	1	1865.23	1	0	273.249	301.462
6	180.845	1	940733	1	659902	1	1.02994e+06	1	1865.23	1	0.001	273.249	301.462
6	180.845	1	940733	1	659902	1	1.02994e+06	1	1865.23	1	0.00316228	273.25	301.462
6	180.845	1	940733	1	659902	1	1.02994e+06	1	1865.23	1	0.01	273.25	301.462
6	180.845	1	940733	1	659902	1	1.02994e+06	1	1865.23	1	0.0316228	273.251	301.462
6	180.845	1	940733	1	659902	1	1.02994e+06	1	1865.23	1	0.1	273.255	301.463
6	180.845	1	940733	1	659902	1	1.02994e+06	1	1865.23	1	0.316228	273.268	301.467
6	180.845	1	940733	1	659902	1	1.02994e+06	1	1865.23	1	1	273.309	301.48
6	180.845	1	940733	1	659902	1	1.02994e+06	1	1865.23	1	3.16228	273.434	301.519
6	180.845	1	940733	1	659902	1	1.02994e+06	1	1865.23	1	10	273.813	301.636
6	180.845	1	940733	1	659902	1	1.02994e+06	1	1865.23	1	31.6228	274.871	301.97
6	180.845	1	940733	1	659902	1	1.02994e+06	1	1865.23	1	100	277.347	302.812
7	164.39	1	839866	1	884835	1	1.29689e+06	1	1448.45	1	0	273.249	301.462
7	164.39	1	839866	1	884835	1	1.29689e+06	1	1448.45	1	0.001	273.249	301.462
7	164.39	1	839866	1	884835	1	1.29689e+06	1	1448.45	1	0.00316228	273.25	301.462
7	164.39	1	839866	1	884835	1	1.29689e+06	1	1448.45	1	0.01	273.25	301.462
7	164.39	1	839866	1	884835	1	1.29689e+06	1	1448.45	1	0.0316228	273.251	301.462
7	164.39	1	839866	1	884835	1	1.29689e+06	1	1448.45	1	0.1	273.256	301.464
7	164.39	1	839866	1	884835	1	1.29689e+06	1	1448.45	1	0.316228	273.27	301.468
7	164.39	1	839866	1	884835	1	1.29689e+06	1	1448.45	1	1	273.315	301.482
7	164.39	1	839866	1	884835	1	1.29689e+06	1	1448.45	1	3.16228	273.453	301.525
7	164.39	1	839866	1	884835	1	1.29689e+06	1	1448.45	1	10	273.867	301.654
7	164.39	1	839866	1	884835	1	1.29689e+06	1	1448.45	1	31.6228	275.019	302.021
7	164.39	1	839866	1	884835	1	1.29689e+06	1	1448.45	1	100	277.625	302.922
8	138.848	1	818518	1	1.32371e+06	1	1.84806e+06	1	1567.36	1	0	273.249	301.462
8	138.848	1	818518	1	1.32371e+06	1	1.84806e+06	1	1567.36	1	0.001	273.25	301.462
8	138.848	1	818518	1	1.32371e+06	1	1.84806e+06	1	1567.36	1	0.00316228	273.25	301.462
8	138.848	1	818518	1	1.32371e+06	1	1.84806e+06	1	1567.36	1	0.01	273.25	301.462
8	138.848	1	818518	1	1.32371e+06	1	1.84806e+06	1	1567.36	1	0.0316228	273.252	301.462
8	138.848	1	818518	1	1.32371e+06	1	1.84806e+06	1	1567.36	1	0.1	273.257	301.464
8	138.848	1	818518	1	1.32371e+06	1	1.84806e+06	1	1567.36	1	0.316228	273.274	301.469
8	138.848	1	818518	1	1.32371e+06	1	1.84806e+06	1	1567.36	1	1	273.326	301.485
8	138.848	1	818518	1	1.32371e+06	1	1.84806e+06	1	1567.36	1	3.16228	273.488	301.535
8	138.848	1	818518	1	1.32371e+06	1	1.84806e+06	1	1567.36	1	10	273.971	301.684
8	138.848	1	818518	1	1.32371e+06	1	1.84806e+06	1	1567.36	1	31.6228	275.291	302.103
8	138.848	1	818518	1	1.32371e+06	1	1.84806e+06	1	1567.36	1	100	278.069	303.08
9	140.963	1	569670	1	1.05599e+06	1	1.32844e+06	1	801.002	1	0	273.249	301.462
9	140.963	1	569670	1	1.05599e+06	1	1.32844e+06	1	801.002	1	0.001	273.25	301.462
9	140.963	1	569670	1	1.05599e+06	1	1.32844e+06	1	801.002	1	0.00316228	273.25	301.462
9	140.963	1	569670	1	1.05599e+06	1	1.32844e+06	1	801.002	1	0.01	273.25	301.462
9	140.963	1	569670	1	1.05599e+06	1	1.32844e+06	1	801.002	1	0.0316228	273.252	301.462
9	140.963	1	569670	1	1.05599e+06	1	1.32844e+06	1	801.002	1	0.1	273.257	301.464
9	140.963	1	569670	1	1.05599e+06	1	1.32844e+06	1	801.002	1	0.316228	273.274	301.469
9	140.963	1	569670	1	1.05599e+06	1	1.32844e+06	1	801.002	1	1	273.326	301.486
9	140.963	1	569670	1	1.05599e+06	1	1.32844e+06	1	801.002	1	3.16228	273.488	301.537
9	140.963	1	569670	1	1.05599e+06	1	1.32844e+06	1	801.002	1	10	273.969	301.691
9	140.963	1	569670	1	1.05599e+06	1	1.32844e+06	1	801.002	1	31.6228	275.291	302.126
9	140.963	1	569670	1	1.05599e+06	1	1.32844e+06	1	801.002	1	100	278.088	303.158
10	228.834	1	1.035e+06	1	761707	1	2.95224e+06	1	1583.12	1	0	273.249	301.462
10	228.834	1	1.035e+06	1	761707	1	2.95224e+06	1	1583.12	1	0.001	273.249	301.462
10	228.834	1	1.035e+06	1	761707	1	2.95224e+06	1	1583.12	1	0.00316228	273.25	301.462
10	228.834	1	1.035e+06	1	761707	1	2.95224e+06	1	1583.12	1	0.01	273.25	301.462
10	228.834	1	1.035e+06	1	761707	1	2.95224e+06	1	1583.12	1	0.0316228	273.251	301.462
10	228.834	1	1.035e+06	1	761707	1	2.95224e+06	1	1583.12	1	0.1	273.254	301.463
10	228.834	1	1.035e+06	1	761707	1	2.95224e+06	1	1583.12	1	0.316228	273.264	301.466
10	228.834	1	1.035e+06	1	761707	1	2.95224e+06	1	1583.12	1	1	273.296	301.476
10	228.834	1	1.035e+06	1	761707	1	2.95224e+06	1	1583.12	1	3.16228	273.397	301.508
10	228.834	1	1.035e+06	1	761707	1	2.95224e+06	1	1583.12	1	10	273.702	301.604
10	228.834	1	1.035e+06	1	761707	1	2.95224e+06	1	1583.12	1	31.6228	274.564	301.878
10	228.834	1	1.035e+06	1	761707	1	2.95224e+06	1	1583.12	1	100	276.732	302.617
11	124.119	1	468589	1	783022	1	917509	1	1969.21	1	0	273.249	301.462
11	124.119	1	468589	1	783022	1	917509	1	1969.21	1	0.001	273.25	301.462
11	124.119	1	468589	1	783022	1	917509	1	1969.21	1	0.00316228	273.25	301.462
11	124.119	1	468589	1	783022	1	917509	1	1969.21	1	0.01	273.25	301.462
11	124.119	1	468589	1	783022	1	917509	1	1969.21	1	0.0316228	273.252	301.462
11	124.119	1	468589	1	783022	1	917509	1	1969.21	1	0.1	273.258	301.464
11	124.119	1	468589	1	783022	1	917509	1	1969.21	1	0.316228	273.277	301.47
11	124.119	1	468589	1	783022	1	917509	1	1969.21	1	1	273.335	301.488
11	124.119	1	468589	1	783022	1	917509	1	1969.21	1	3.16228	273.515	301.542
11	124.119	1	468589	1	783022	1	917509	1	1969.21	1	10	274.047	301.705
11	124.119	1	468589	1	783022	1	917509	1	1969.21	1	31.6228	275.485	302.158
11	124.119	1	468589	1	783022	1	917509	1	1969.21	1	100	278.365	303.175
12	81.781	1	273617	1	877505	1	827352	1	1171.31	1	0	273.249	301.462
12	81.781	1	273617	1	877505	1	827352	1	1171.31	1	0.001	273.25	301.462
12	81.781	1	273617	1	877505	1	827352	1	1171.31	1	0.00316228	273.25	301.462
12	81.781	1	273617	1	877505	1	827352	1	1171.31	1	0.01	273.251	301.462
12	81.781	1	273617	1	877505	1	827352	1	1171.31	1	0.0316228	273.254	301.463
12	81.781	1	273617	1	877505	1	827352	1	1171.31	1	0.1	273.262	301.466
12	81.781	1	273617	1	877505	1	827352	1	1171.31	1	0.316228	273.291	301.474
12	81.781	1	273617	1	877505	1	827352	1	1171.31	1	1	273.379	301.501
12	81.781	1	273617	1	877505	1	827352	1	1171.31	1	3.16228	273.648	301.583
12	81.781	1	273617	1	877505	1	827352	1	1171.31	1	10	274.415	301.818
12	81.781	1	273617	1	877505	1	827352	1	1171.31	1	31.6228	276.379	302.453
12	81.781	1	273617	1	877505	1	827352	1	1171.31	1	100	279.313	303.641
13	113.926	1	958460	1	874612	1	1.80592e+06	1	1350.83	1	0	273.249	301.462
13	113.926	1	958460	1	874612	1	1.80592e+06	1	1350.83	1	0.001	273.25	301.462
13	113.926	1	958460	1	874612	1	1.80592e+06	1	1350.83	1	0.00316228	273.25	301.462
13	113.926	1	958460	1	874612	1	1.80592e+06	1	1350.83	1	0.01	273.25	301.462
13	113.926	1	958460	1	874612	1	1.80592e+06	1	1350.83	1	0.0316228	273.252	301.462
13	113.926	1	958460	1	874612	1	1.80592e+06	1	1350.83	1	0.1	273.259	301.464
13	113.926	1	958460	1	874612	1	1.80592e+06	1	1350.83	1	0.316228	273.279	301.471
13	113.926	1	958460	1	874612	1	1.80592e+06	1	1350.83	1	1	273.343	301.49
13	113.926	1	958460	1	874612	1	1.80592e+06	1	1350.83	1	3.16228	273.539	301.551
13	113.926	1	958460	1	874612	1	1.80592e+06	1	1350.83	1	10	274.116	301.728
13	113.926	1	958460	1	874612	1	1.80592e+06	1	1350.83	1	31.6228	275.658	302.221
13	113.926	1	958460	1	874612	1	1.80592e+06	1	1350.83	1	100	278.628	303.305
14	164.931	1	3.04321e+06	1	482664	1	1.98679e+06	1	1543.89	1	0	273.249	301.462
14	164.931	1	3.04321e+06	1	482664	1	1.98679e+06	1	1543.89	1	0.001	273.249	301.462
14	164.931	1	3.04321e+06	1	482664	1	1.98679e+06	1	1543.89	1	0.00316228	273.25	301.462
14	164.931	1	3.04321e+06	1	482664	1	1.98679e+06	1	1543.89	1	0.01	273.25	301.462
14	164.931	1	3.04321e+06	1	482664	1	1.98679e+06	1	1543.89	1	0.0316228	273.251	301.462
14	164.931	1	3.04321e+06	1	482664	1	1.98679e+06	1	1543.89	1	0.1	273.256	301.464
14	164.931	1	3.04321e+06	1	482664	1	1.98679e+06	1	1543.89	1	0.316228	273.27	301.468
14	164.931	1	3.04321e+06	1	482664	1	1.98679e+06	1	1543.89	1	1	273.314	301.482
14	164.931	1	3.04321e+06	1	482664	1	1.98679e+06	1	1543.89	1	3.16228	273.452	301.525
14	164.931	1	3.04321e+06	1	482664	1	1.98679e+06	1	1543.89	1	10	273.866	301.653
14	164.931	1	3.04321e+06	1	482664	1	1.98679e+06	1	1543.89	1	31.6228	275.014	302.02
14	164.931	1	3.04321e+06	1	482664	1	1.98679e+06	1	1543.89	1	100	277.618	302.919
15	119.12	1	1.08493e+06	1	1.22291e+06	1	1.22093e+06	1	1375.84	1	0	273.249	301.462
15	119.12	1	1.08493e+06	1	1.22291e+06	1	1.22093e+06	1	1375.84	1	0.001	273.25	301.462
15	119.12	1	1.08493e+06	1	1.22291e+06	1	1.22093e+06	1	1375.84	1	0.00316228	273.25	301.462
15	119.12	1	1.08493e+06	1	1.22291e+06	1	1.22093e+06	1	1375.84	1	0.01	273.25	301.462
15	119.12	1	1.08493e+06	1	1.22291e+06	1	1.22093e+06	1	1375.84	1	0.0316228	273.252	301.462
15	119.12	1	1.08493e+06	1	1.22291e+06	1	1.22093e+06	1	1375.84	1	0.1	273.258	301.464
15	119.12	1	1.08493e+06	1	1.22291e+06	1	1.22093e+06	1	1375.84	1	0.316228	273.278	301.47
15	119.12	1	1.08493e+06	1	1.22291e+06	1	1.22093e+06	1	1375.84	1	1	273.339	301.489
15	119.12	1	1.08493e+06	1	1.22291e+06	1	1.22093e+06	1	1375.84	1	3.16228	273.527	301.547
15	119.12	1	1.08493e+06	1	1.22291e+06	1	1.22093e+06	1	1375.84	1	10	274.081	301.718
15	119.12	1	1.08493e+06	1	1.22291e+06	1	1.22093e+06	1	1375.84	1	31.6228	275.573	302.195
15	119.12	1	1.08493e+06	1	1.22291e+06	1	1.22093e+06	1	1375.84	1	100	278.504	303.258
16	149.871	1	785911	1	1.2826e+06	1	513486	1	1170.27	1	0	273.249	301.462
16	149.871	1	785911	1	1.2826e+06	1	513486	1	1170.27	1	0.001	273.249	301.462
16	149.871	1	785911	1	1.2826e+06	1	513486	1	1170.27	1	0.00316228	273.25	301.462
16	149.871	1	785911	1	1.2826e+06	1	513486	1	1170.27	1	0.01	273.25	301.462
16	149.871	1	785911	1	1.2826e+06	1	513486	1	1170.27	1	0.0316228	273.252	301.462
16	149.871	1	785911	1	1.2826e+06	1	513486	1	1170.27	1	0.1	273.257	301.464
16	149.871	1	785911	1	1.2826e+06	1	513486	1	1170.27	1	0.316228	273.272	301.469
16	149.871	1	785911	1	1.2826e+06	1	513486	1	1170.27	1	1	273.321	301.484
16	149.871	1	785911	1	1.2826e+06	1	513486	1	1170.27	1	3.16228	273.473	301.531
16	149.871	1	785911	1	1.2826e+06	1	513486	1	1170.27	1	10	273.926	301.674
16	149.871	1	785911	1	1.2826e+06	1	513486	1	1170.27	1	31.6228	275.176	302.078
16	149.871	1	785911	1	1.2826e+06	1	513486	1	1170.27	1	100	277.896	303.048
17	205.184	1	811822	1	1.19167e+06	1	2.52506e+06	1	1768.83	1	0	273.249	301.462
17	205.184	1	811822	1	1.19167e+06	1	2.52506e+06	1	1768.83	1	0.001	273.249	301.462
17	205.184	1	811822	1	1.19167e+06	1	2.52506e+06	1	1768.83	1	0.00316228	273.25	301.462
17	205.184	1	811822	1	1.19167e+06	1	2.52506e+06	1	1768.83	1	0.01	273.25	301.462
17	205.184	1	811822	1	1.19167e+06	1	2.52506e+06	1	1768.83	1	0.0316228	273.251	301.462
17	205.184	1	811822	1	1.19167e+06	1	2.52506e+06	1	1768.83	1	0.1	273.255	301.463
17	205.184	1	811822	1	1.19167e+06	1	2.52506e+06	1	1768.83	1	0.316228	273.266	301.467
17	205.184	1	811822	1	1.19167e+06	1	2.52506e+06	1	1768.83	1	1	273.302	301.478
17	205.184	1	811822	1	1.19167e+06	1	2.52506e+06	1	1768.83	1	3.16228	273.413	301.512
17	205.184	1	811822	1	1.19167e+06	1	2.52506e+06	1	1768.83	1	10	273.75	301.617
17	205.184	1	811822	1	1.19167e+06	1	2.52506e+06	1	1768.83	1	31.6228	274.696	301.915
17	205.184	1	811822	1	1.19167e+06	1	2.52506e+06	1	1768.83	1	100	277.003	302.696
18	154.266	1	427996	1	1.49981e+06	1	995536	1	1124.7	1	0	273.249	301.462
18	154.266	1	427996	1	1.49981e+06	1	995536	1	1124.7	1	0.001	273.249	301.462
18	154.266	1	427996	1	1.49981e+06	1	995536	1	1124.7	1	0.00316228	273.25	301.462
18	154.266	1	427996	1	1.49981e+06	1	995536	1	1124.7	1	0.01	273.25	301.462
18	154.266	1	427996	1	1.49981e+06	1	995536	1	1124.7	1	0.0316228	273.252	301.462
18	154.266	1	427996	1	1.49981e+06	1	995536	1	1124.7	1	0.1	273.256	301.464
18	154.266	1	427996	1	1.49981e+06	1	995536	1	1124.7	1	0.316228	273.272	301.468
18	154.266	1	427996	1	1.49981e+06	1	995536	1	1124.7	1	1	273.319	301.483
18	154.266	1	427996	1	1.49981e+06	1	995536	1	1124.7	1	3.16228	273.466	301.529
18	154.266	1	427996	1	1.49981e+06	1	995536	1	1124.7	1	10	273.907	301.668
18	154.266	1	427996	1	1.49981e+06	1	995536	1	1124.7	1	31.6228	275.125	302.06
18	154.266	1	427996	1	1.49981e+06	1	995536	1	1124.7	1	100	277.808	303.009
19	117.422	1	2.70814e+06	1	720752	1	1.17212e+06	1	1114.25	1	0	273.249	301.462
19	117.422	1	2.70814e+06	1	720752	1	1.17212e+06	1	1114.25	1	0.001	273.25	301.462
19	117.422	1	2.70814e+06	1	720752	1	1.17212e+06	1	1114.25	1	0.00316228	273.25	301.462
19	117.422	1	2.70814e+06	1	720752	1	1.17212e+06	1	1114.25	1	0.01	273.25	301.462
19	117.422	1	2.70814e+06	1	720752	1	1.17212e+06	1	1114.25	1	0.0316228	273.252	301.462
19	117.422	1	2.70814e+06	1	720752	1	1.17212e+06	1	1114.25	1	0.1	273.259	301.464
19	117.422	1	2.70814e+06	1	720752	1	1.17212e+06	1	1114.25	1	0.316228	273.278	301.471
19	117.422	1	2.70814e+06	1	720752	1	1.17212e+06	1	1114.25	1	1	273.34	301.49
19	117.422	1	2.70814e+06	1	720752	1	1.17212e+06	1	1114.25	1	3.16228	273.532	301.549
19	117.422	1	2.70814e+06	1	720752	1	1.17212e+06	1	1114.25	1	10	274.095	301.725
19	117.422	1	2.70814e+06	1	720752	1	1.17212e+06	1	1114.25	1	31.6228	275.609	302.214
19	117.422	1	2.70814e+06	1	720752	1	1.17212e+06	1	1114.25	1	100	278.565	303.306
20	140.29	1	1.53847e+06	1	1.20716e+06	1	3.79362e+06	1	1603.37	1	0	273.249	301.462
20	140.29	1	1.53847e+06	1	1.20716e+06	1	3.79362e+06	1	1603.37	1	0.001	273.249	301.462
20	140.29	1	1.53847e+06	1	1.20716e+06	1	3.79362e+06	1	1603.37	1	0.00316228	273.25	301.462
20	140.29	1	1.53847e+06	1	1.20716e+06	1	3.79362e+06	1	1603.37	1	0.01	273.25	301.462
20	140.29	1	1.53847e+06	1	1.20716e+06	1	3.79362e+06	1	1603.37	1	0.0316228	273.252	301.462
20	140.29	1	1.53847e+06	1	1.20716e+06	1	3.79362e+06	1	1603.37	1	0.1	273.257	301.464
20	140.29	1	1.53847e+06	1	1.20716e+06	1	3.79362e+06	1	1603.37	1	0.316228	273.274	301.469
20	140.29	1	1.53847e+06	1	1.20716e+06	1	3.79362e+06	1	1603.37	1	1	273.325	301.485
20	140.29	1	1.53847e+06	1	1.20716e+06	1	3.79362e+06	1	1603.37	1	3.16228	273.486	301.534
20	140.29	1	1.53847e+06	1	1.20716e+06	1	3.79362e+06	1	1603.37	1	10	273.964	301.682
20	140.29	1	1.53847e+06	1	1.20716e+06	1	3.79362e+06	1	1603.37	1	31.6228	275.274	302.097
20	140.29	1	1.53847e+06	1	1.20716e+06	1	3.79362e+06	1	1603.37	1	100	278.041	303.069
21	251.494	1	359496	1	969804	1	1.93346e+06	1	1239.78	1	0	273.249	301.462
21	251.494	1	359496	1	969804	1	1.93346e+06	1	1239.78	1	0.001	273.249	301.462
21	251.494	1	359496	1	969804	1	1.93346e+06	1	1239.78	1	0.00316228	273.25	301.462
21	251.494	1	359496	1	969804	1	1.93346e+06	1	1239.78	1	0.01	273.25	301.462
21	251.494	1	359496	1	969804	1	1.93346e+06	1	1239.78	1	0.0316228	273.251	301.462
21	251.494	1	359496	1	969804	1	1.93346e+06	1	1239.78	1	0.1	273.254	301.463
21	251.494	1	359496	1	969804	1	1.93346e+06	1	1239.78	1	0.316228	273.263	301.466
21	251.494	1	359496	1	969804	1	1.93346e+06	1	1239.78	1	1	273.292	301.475
21	251.494	1	359496	1	969804	1	1.93346e+06	1	1239.78	1	3.16228	273.384	301.505
21	251.494	1	359496	1	969804	1	1.93346e+06	1	1239.78	1	10	273.665	301.594
21	251.494	1	359496	1	969804	1	1.93346e+06	1	1239.78	1	31.6228	274.465	301.853
21	251.494	1	359496	1	969804	1	1.93346e+06	1	1239.78	1	100	276.506	302.556
22	238.272	1	1.61445e+06	1	1.28625e+06	1	1.37474e+06	1	1533.56	1	0	273.249	301.462
22	238.272	1	1.61445e+06	1	1.28625e+06	1	1.37474e+06	1	1533.56	1	0.001	273.249	301.462
22	238.272	1	1.61445e+06	1	1.28625e+06	1	1.37474e+06	1	1533.56	1	0.00316228	273.25	301.462
22	238.272	1	1.61445e+06	1	1.28625e+06	1	1.37474e+06	1	1533.56	1	0.01	273.25	301.462
22	238.272	1	1.61445e+06	1	1.28625e+06	1	1.37474e+06	1	1533.56	1	0.0316228	273.251	301.462
22	238.272	1	1.61445e+06	1	1.28625e+06	1	1.37474e+06	1	1533.56	1	0.1	273.254	301.463
22	238.272	1	1.61445e+06	1	1.28625e+06	1	1.37474e+06	1	1533.56	1	0.316228	273.264	301.466
22	238.272	1	1.61445e+06	1	1.28625e+06	1	1.37474e+06	1	1533.56	1	1	273.295	301.476
22	238.272	1	1.61445e+06	1	1.28625e+06	1	1.37474e+06	1	1533.56	1	3.16228	273.391	301.506
22	238.272	1	1.61445e+06	1	1.28625e+06	1	1.37474e+06	1	1533.56	1	10	273.686	301.6
22	238.272	1	1.61445e+06	1	1.28625e+06	1	1.37474e+06	1	1533.56	1	31.6228	274.522	301.867
22	238.272	1	1.61445e+06	1	1.28625e+06	1	1.37474e+06	1	1533.56	1	100	276.636	302.59
23	197.139	1	1.52808e+06	1	1.58159e+06	1	923176	1	1449.48	1	0	273.249	301.462
23	197.139	1	1.52808e+06	1	1.58159e+06	1	923176	1	1449.48	1	0.001	273.249	301.462
23	197.139	1	1.52808e+06	1	1.58159e+06	1	923176	1	1449.48	1	0.00316228	273.25	301.462
23	197.139	1	1.52808e+06	1	1.58159e+06	1	923176	1	1449.48	1	0.01	273.25	301.462
23	197.139	1	1.52808e+06	1	1.58159e+06	1	923176	1	1449.48	1	0.0316228	273.251	301.462
23	197.139	1	1.52808e+06	1	1.58159e+06	1	923176	1	1449.48	1	0.1	273.255	301.463
23	197.139	1	1.52808e+06	1	1.58159e+06	1	923176	1	1449.48	1	0.316228	273.267	301.467
23	197.139	1	1.52808e+06	1	1.58159e+06	1	923176	1	1449.48	1	1	273.304	301.479
23	197.139	1	1.52808e+06	1	1.58159e+06	1	923176	1	1449.48	1	3.16228	273.42	301.515
23	197.139	1	1.52808e+06	1	1.58159e+06	1	923176	1	1449.48	1	10	273.772	301.626
23	197.139	1	1.52808e+06	1	1.58159e+06	1	923176	1	1449.48	1	31.6228	274.758	301.941
23	197.139	1	1.52808e+06	1	1.58159e+06	1	923176	1	1449.48	1	100	277.133	302.76
24	231.969	1	651622	1	763043	1	897613	1	1438.34	1	0	273.249	301.462
24	231.969	1	651622	1	763043	1	897613	1	1438.34	1	0.001	273.249	301.462
24	231.969	1	651622	1	763043	1	897613	1	1438.34	1	0.00316228	273.25	301.462
24	231.969	1	651622	1	763043	1	897613	1	1438.34	1	0.01	273.25	301.462
24	231.969	1	651622	1	763043	1	897613	1	1438.34	1	0.0316228	273.251	301.462
24	231.969	1	651622	1	763043	1	897613	1	1438.34	1	0.1	273.254	301.463
24	231.969	1	651622	1	763043	1	897613	1	1438.34	1	0.316228	273.264	301.466
24	231.969	1	651622	1	763043	1	897613	1	1438.34	1	1	273.296	301.476
24	231.969	1	651622	1	763043	1	897613	1	1438.34	1	3.16228	273.395	301.508
24	231.969	1	651622	1	763043	1	897613	1	1438.34	1	10	273.698	301.604
24	231.969	1	651622	1	763043	1	897613	1	1438.34	1	31.6228	274.553	301.878
24	231.969	1	651622	1	763043	1	897613	1	1438.34	1	100	276.707	302.618
25	141.67	1	825708	1	919935	1	829173	1	1323.07	1	0	273.249	301.462
25	141.67	1	825708	1	919935	1	829173	1	1323.07	1	0.001	273.249	301.462
25	141.67	1	825708	1	919935	1	829173	1	1323.07	1	0.00316228	273.25	301.462
25	141.67	1	825708	1	919935	1	829173	1	1323.07	1	0.01	273.25	301.462
25	141.67	1	825708	1	919935	1	829173	1	1323.07	1	0.0316228	273.252	301.462
25	141.67	1	825708	1	919935	1	829173	1	1323.07	1	0.1	273.257	301.464
25	141.67	1	825708	1	919935	1	829173	1	1323.07	1	0.316228	273.273	301.469
25	141.67	1	825708	1	919935	1	829173	1	1323.07	1	1	273.325	301.485
25	141.67	1	825708	1	919935	1	829173	1	1323.07	1	3.16228	273.485	301.534
25	141.67	1	825708	1	919935	1	829173	1	1323.07	1	10	273.96	301.682
25	141.67	1	825708	1	919935	1	829173	1	1323.07	1	31.6228	275.264	302.1
25	141.67	1	825708	1	919935	1	829173	1	1323.07	1	100	278.033	303.085
26	238.509	1	1.02028e+06	1	786094	1	1.25664e+06	1	4473.17	1	0	273.249	301.462
26	238.509	1	1.02028e+06	1	786094	1	1.25664e+06	1	4473.17	1	0.001	273.249	301.462
26	238.509	1	1.02028e+06	1	786094	1	1.25664e+06	1	4473.17	1	0.00316228	273.25	301.462
26	238.509	1	1.02028e+06	1	786094	1	1.25664e+06	1	4473.17	1	0.01	273.25	301.462
26	238.509	1	1.02028e+06	1	786094	1	1.25664e+06	1	4473.17	1	0.0316228	273.251	301.462
26	238.509	1	1.02028e+06	1	786094	1	1.25664e+06	1	4473.17	1	0.1	273.254	301.463
26	238.509	1	1.02028e+06	1	786094	1	1.25664e+06	1	4473.17	1	0.316228	273.264	301.466
26	238.509	1	1.02028e+06	1	786094	1	1.25664e+06	1	4473.17	1	1	273.294	301.475
26	238.509	1	1.02028e+06	1	786094	1	1.25664e+06	1	4473.17	1	3.16228	273.389	301.504
26	238.509	1	1.02028e+06	1	786094	1	1.25664e+06	1	4473.17	1	10	273.68	301.592
26	238.509	1	1.02028e+06	1	786094	1	1.25664e+06	1	4473.17	1	31.6228	274.501	301.844
26	238.509	1	1.02028e+06	1	786094	1	1.25664e+06	1	4473.17	1	100	276.578	302.518
27	221.226	1	856855	1	1.54725e+06	1	247738	1	1297.11	1	0	273.249	301.462
27	221.226	1	856855	1	1.54725e+06	1	247738	1	1297.11	1	0.001	273.249	301.462
27	221.226	1	856855	1	1.54725e+06	1	247738	1	1297.11	1	0.00316228	273.25	301.462
27	221.226	1	856855	1	1.54725e+06	1	247738	1	1297.11	1	0.01	273.25	301.462
27	221.226	1	856855	1	1.54725e+06	1	247738	1	1297.11	1	0.0316228	273.251	301.462
27	221.226	1	856855	1	1.54725e+06	1	247738	1	1297.11	1	0.1	273.254	301.463
27	221.226	1	856855	1	1.54725e+06	1	247738	1	1297.11	1	0.316228	273.265	301.467
27	221.226	1	856855	1	1.54725e+06	1	247738	1	1297.11	1	1	273.298	301.477
27	221.226	1	856855	1	1.54725e+06	1	247738	1	1297.11	1	3.16228	273.403	301.511
27	221.226	1	856855	1	1.54725e+06	1	247738	1	1297.11	1	10	273.721	301.613
27	221.226	1	856855	1	1.54725e+06	1	247738	1	1297.11	1	31.6228	274.617	301.905
27	221.226	1	856855	1	1.54725e+06	1	247738	1	1297.11	1	100	276.859	302.693
28	200.754	1	168546	1	845071	1	1.16939e+06	1	1935.79	1	0	273.249	301.462
28	200.754	1	168546	1	845071	1	1.16939e+06	1	1935.79	1	0.001	273.249	301.462
28	200.754	1	168546	1	845071	1	1.16939e+06	1	1935.79	1	0.00316228	273.25	301.462
28	200.754	1	168546	1	845071	1	1.16939e+06	1	1935.79	1	0.01	273.25	301.462
28	200.754	1	168546	1	845071	1	1.16939e+06	1	1935.79	1	0.0316228	273.251	301.462
28	200.754	1	168546	1	845071	1	1.16939e+06	1	1935.79	1	0.1	273.255	301.463
28	200.754	1	168546	1	845071	1	1.16939e+06	1	1935.79	1	0.316228	273.266	301.467
28	200.754	1	168546	1	845071	1	1.16939e+06	1	1935.79	1	1	273.302	301.478
28	200.754	1	168546	1	845071	1	1.16939e+06	1	1935.79	1	3.16228	273.415	301.512
28	200.754	1	168546	1	845071	1	1.16939e+06	1	1935.79	1	10	273.757	301.617
28	200.754	1	168546	1	845071	1	1.16939e+06	1	1935.79	1	31.6228	274.714	301.913
28	200.754	1	168546	1	845071	1	1.16939e+06	1	1935.79	1	100	277.028	302.681
29	143.732	1	704465	1	637563	1	1.57766e+06	1	780.059	1	0	273.249	301.462
29	143.732	1	704465	1	637563	1	1.57766e+06	1	780.059	1	0.001	273.249	301.462
29	143.732	1	704465	1	637563	1	1.57766e+06	1	780.059	1	0.00316228	273.25	301.462
29	143.732	1	704465	1	637563	1	1.57766e+06	1	780.059	1	0.01	273.25	301.462
29	143.732	1	704465	1	637563	1	1.57766e+06	1	780.059	1	0.0316228	273.252	301.462
29	143.732	1	704465	1	637563	1	1.57766e+06	1	780.059	1	0.1	273.257	301.464
29	143.732	1	704465	1	637563	1	1.57766e+06	1	780.059	1	0.316228	273.273	301.469
29	143.732	1	704465	1	637563	1	1.57766e+06	1	780.059	1	1	273.325	301.485
29	143.732	1	704465	1	637563	1	1.57766e+06	1	780.059	1	3.16228	273.484	301.536
29	143.732	1	704465	1	637563	1	1.57766e+06	1	780.059	1	10	273.957	301.688
29	143.732	1	704465	1	637563	1	1.57766e+06	1	780.059	1	31.6228	275.26	302.119
29	143.732	1	704465	1	637563	1	1.57766e+06	1	780.059	1	100	278.042	303.147
30	165.737	1	875939	1	1.35878e+06	1	504555	1	1041.77	1	0	273.249	301.462
30	165.737	1	875939	1	1.35878e+06	1	504555	1	1041.77	1	0.001	273.249	301.462
30	165.737	1	875939	1	1.35878e+06	1	504555	1	1041.77	1	0.00316228	273.25	301.462
30	165.737	1	875939	1	1.35878e+06	1	504555	1	1041.77	1	0.01	273.25	301.462
30	165.737	1	875939	1	1.35878e+06	1	504555	1	1041.77	1	0.0316228	273.251	301.462
30	165.737	1	875939	1	1.35878e+06	1	504555	1	1041.77	1	0.1	273.256	301.464
30	165.737	1	875939	1	1.35878e+06	1	504555	1	1041.77	1	0.316228	273.27	301.468
30	165.737	1	875939	1	1.35878e+06	1	504555	1	1041.77	1	1	273.315	301.482
30	165.737	1	875939	1	1.35878e+06	1	504555	1	1041.77	1	3.16228	273.453	301.526
30	165.737	1	875939	1	1.35878e+06	1	504555	1	1041.77	1	10	273.867	301.658
30	165.737	1	875939	1	1.35878e+06	1	504555	1	1041.77	1	31.6228	275.021	302.034
30	165.737	1	875939	1	1.35878e+06	1	504555	1	1041.77	1	100	277.642	302.965
31	178.241	1	523084	1	1.57524e+06	1	1.54e+06	1	1917.51	1	0	273.249	301.462
31	178.241	1	523084	1	1.57524e+06	1	1.54e+06	1	1917.51	1	0.001	273.249	301.462
31	178.241	1	523084	1	1.57524e+06	1	1.54e+06	1	1917.51	1	0.00316228	273.25	301.462
31	178.241	1	523084	1	1.57524e+06	1	1.54e+06	1	1917.51	1	0.01	273.25	301.462
31	178.241	1	523084	1	1.57524e+06	1	1.54e+06	1	1917.51	1	0.0316228	273.251	301.462
31	178.241	1	523084	1	1.57524e+06	1	1.54e+06	1	1917.51	1	0.1	273.255	301.463
31	178.241	1	523084	1	1.57524e+06	1	1.54e+06	1	1917.51	1	0.316228	273.268	301.467
31	178.241	1	523084	1	1.57524e+06	1	1.54e+06	1	1917.51	1	1	273.309	301.48
31	178.241	1	523084	1	1.57524e+06	1	1.54e+06	1	1917.51	1	3.16228	273.436	301.519
31	178.241	1	523084	1	1.57524e+06	1	1.54e+06	1	1917.51	1	10	273.819	301.637
31	178.241	1	523084	1	1.57524e+06	1	1.54e+06	1	1917.51	1	31.6228	274.888	301.972
31	178.241	1	523084	1	1.57524e+06	1	1.54e+06	1	1917.51	1	100	277.375	302.811
32	166.457	1	400322	1	646619	1	820603	1	1162.63	1	0	273.249	301.462
32	166.457	1	400322	1	646619	1	820603	1	1162.63	1	0.001	273.249	301.462
32	166.457	1	400322	1	646619	1	820603	1	1162.63	1	0.00316228	273.25	301.462
32	166.457	1	400322	1	646619	1	820603	1	1162.63	1	0.01	273.25	301.462
32	166.457	1	400322	1	646619	1	820603	1	1162.63	1	0.0316228	273.251	301.462
32	166.457	1	400322	1	646619	1	820603	1	1162.63	1	0.1	273.256	301.464
32	166.457	1	400322	1	646619	1	820603	1	1162.63	1	0.316228	273.27	301.468
32	166.457	1	400322	1	646619	1	820603	1	1162.63	1	1	273.314	301.482
32	166.457	1	400322	1	646619	1	820603	1	1162.63	1	3.16228	273.451	301.525
32	166.457	1	400322	1	646619	1	820603	1	1162.63	1	10	273.862	301.654
32	166.457	1	400322	1	646619	1	820603	1	1162.63	1	31.6228	275.006	302.023
32	166.457	1	400322	1	646619	1	820603	1	1162.63	1	100	277.608	302.933
33	162.571	1	1.48989e+06	1	845323	1	394438	1	1405.92	1	0	273.249	301.462
33	162.571	1	1.48989e+06	1	845323	1	394438	1	1405.92	1	0.001	273.249	301.462
33	162.571	1	1.48989e+06	1	845323	1	394438	1	1405.92	1	0.00316228	273.25	301.462
33	162.571	1	1.48989e+06	1	845323	1	394438	1	1405.92	1	0.01	273.25	301.462
33	162.571	1	1.48989e+06	1	845323	1	394438	1	1405.92	1	0.0316228	273.252	301.462
33	162.571	1	1.48989e+06	1	845323	1	394438	1	1405.92	1	0.1	273.256	301.464
33	162.571	1	1.48989e+06	1	845323	1	394438	1	1405.92	1	0.316228	273.27	301.468
33	162.571	1	1.48989e+06	1	845323	1	394438	1	1405.92	1	1	273.315	301.482
33	162.571	1	1.48989e+06	1	845323	1	394438	1	1405.92	1	3.16228	273.456	301.526
33	162.571	1	1.48989e+06	1	845323	1	394438	1	1405.92	1	10	273.876	301.658
33	162.571	1	1.48989e+06	1	845323	1	394438	1	1405.92	1	31.6228	275.043	302.033
33	162.571	1	1.48989e+06	1	845323	1	394438	1	1405.92	1	100	277.674	302.954
34	177.744	1	5.02917e+06	1	478742	1	1.42904e+06	1	2389.76	1	0	273.249	301.462
34	177.744	1	5.02917e+06	1	478742	1	1.42904e+06	1	2389.76	1	0.001	273.249	301.462
34	177.744	1	5.02917e+06	1	478742	1	1.42904e+06	1	2389.76	1	0.00316228	273.25	301.462
34	177.744	1	5.02917e+06	1	478742	1	1.42904e+06	1	2389.76	1	0.01	273.25	301.462
34	177.744	1	5.02917e+06	1	478742	1	1.42904e+06	1	2389.76	1	0.0316228	273.251	301.462
34	177.744	1	5.02917e+06	1	478742	1	1.42904e+06	1	2389.76	1	0.1	273.255	301.463
34	177.744	1	5.02917e+06	1	478742	1	1.42904e+06	1	2389.76	1	0.316228	273.268	301.467
34	177.744	1	5.02917e+06	1	478742	1	1.42904e+06	1	2389.76	1	1	273.309	301.48
34	177.744	1	5.02917e+06	1	478742	1	1.42904e+06	1	2389.76	1	3.16228	273.437	301.519
34	177.744	1	5.02917e+06	1	478742	1	1.42904e+06	1	2389.76	1	10	273.821	301.638
34	177.744	1	5.02917e+06	1	478742	1	1.42904e+06	1	2389.76	1	31.6228	274.893	301.973
34	177.744	1	5.02917e+06	1	478742	1	1.42904e+06	1	2389.76	1	100	277.386	302.814
35	177.199	1	1.63888e+06	1	597464	1	550665	1	1048.32	1	0	273.249	301.462
35	177.199	1	1.63888e+06	1	597464	1	550665	1	1048.32	1	0.001	273.249	301.462
35	177.199	1	1.63888e+06	1	597464	1	550665	1	1048.32	1	0.00316228	273.25	301.462
35	177.199	1	1.63888e+06	1	597464	1	550665	1	1048.32	1	0.01	273.25	301.462
35	177.199	1	1.63888e+06	1	597464	1	550665	1	1048.32	1	0.0316228	273.251	301.462
35	177.199	1	1.63888e+06	1	597464	1	550665	1	1048.32	1	0.1	273.256	301.464
35	177.199	1	1.63888e+06	1	597464	1	550665	1	1048.32	1	0.316228	273.269	301.468
35	177.199	1	1.63888e+06	1	597464	1	550665	1	1048.32	1	1	273.31	301.481
35	177.199	1	1.63888e+06	1	597464	1	550665	1	1048.32	1	3.16228	273.44	301.522
35	177.199	1	1.63888e+06	1	597464	1	550665	1	1048.32	1	10	273.831	301.647
35	177.199	1	1.63888e+06	1	597464	1	550665	1	1048.32	1	31.6228	274.922	302.005
35	177.199	1	1.63888e+06	1	597464	1	550665	1	1048.32	1	100	277.462	302.908
36	125.409	1	1.86797e+06	1	970321	1	536741	1	1310.45	1	0	273.249	301.462
36	125.409	1	1.86797e+06	1	970321	1	536741	1	1310.45	1	0.001	273.25	301.462
36	125.409	1	1.86797e+06	1	970321	1	536741	1	1310.45	1	0.00316228	273.25	301.462
36	125.409	1	1.86797e+06	1	970321	1	536741	1	1310.45	1	0.01	273.25	301.462
36	125.409	1	1.86797e+06	1	970321	1	536741	1	1310.45	1	0.0316228	273.252	301.462
36	125.409	1	1.86797e+06	1	970321	1	536741	1	1310.45	1	0.1	273.258	301.464
36	125.409	1	1.86797e+06	1	970321	1	536741	1	1310.45	1	0.316228	273.276	301.47
36	125.409	1	1.86797e+06	1	970321	1	536741	1	1310.45	1	1	273.335	301.488
36	125.409	1	1.86797e+06	1	970321	1	536741	1	1310.45	1	3.16228	273.514	301.544
36	125.409	1	1.86797e+06	1	970321	1	536741	1	1310.45	1	10	274.045	301.708
36	125.409	1	1.86797e+06	1	970321	1	536741	1	1310.45	1	31.6228	275.482	302.17
36	125.409	1	1.86797e+06	1	970321	1	536741	1	1310.45	1	100	278.376	303.221
37	243.177	1	672641	1	1.6963e+06	1	858895	1	2171.3	1	0	273.249	301.462
37	243.177	1	672641	1	1.6963e+06	1	858895	1	2171.3	1	0.001	273.249	301.462
37	243.177	1	672641	1	1.6963e+06	1	858895	1	2171.3	1	0.00316228	273.25	301.462
37	243.177	1	672641	1	1.6963e+06	1	858895	1	2171.3	1	0.01	273.25	301.462
37	243.177	1	672641	1	1.6963e+06	1	858895	1	2171.3	1	0.0316228	273.251	301.462
37	243.177	1	672641	1	1.6963e+06	1	858895	1	2171.3	1	0.1	273.254	301.463
37	243.177	1	672641	1	1.6963e+06	1	858895	1	2171.3	1	0.316228	273.263	301.466
37	243.177	1	672641	1	1.6963e+06	1	858895	1	2171.3	1	1	273.294	301.475
37	243.177	1	672641	1	1.6963e+06	1	858895	1	2171.3	1	3.16228	273.388	301.504
37	243.177	1	672641	1	1.6963e+06	1	858895	1	2171.3	1	10	273.675	301.594
37	243.177	1	672641	1	1.6963e+06	1	858895	1	2171.3	1	31.6228	274.49	301.849
37	243.177	1	672641	1	1.6963e+06	1	858895	1	2171.3	1	100	276.558	302.539
38	115.027	1	752312	1	863483	1	585608	1	3136.33	1	0	273.249	301.462
38	115.027	1	752312	1	863483	1	585608	1	3136.33	1	0.001	273.25	301.462
38	115.027	1	752312	1	863483	1	585608	1	3136.33	1	0.00316228	273.25	301.462
38	115.027	1	752312	1	863483	1	585608	1	3136.33	1	0.01	273.25	301.462
38	115.027	1	752312	1	863483	1	585608	1	3136.33	1	0.0316228	273.252	301.462
38	115.027	1	752312	1	863483	1	585608	1	3136.33	1	0.1	273.259	301.464
38	115.027	1	752312	1	863483	1	585608	1	3136.33	1	0.316228	273.279	301.47
38	115.027	1	752312	1	863483	1	585608	1	3136.33	1	1	273.341	301.489
38	115.027	1	752312	1	863483	1	585608	1	3136.33	1	3.16228	273.535	301.548
38	115.027	1	752312	1	863483	1	585608	1	3136.33	1	10	274.103	301.72
38	115.027	1	752312	1	863483	1	585608	1	3136.33	1	31.6228	275.624	302.195
38	115.027	1	752312	1	863483	1	585608	1	3136.33	1	100	278.568	303.232
39	154.602	1	1.71875e+06	1	971596	1	584560	1	586.745	1	0	273.249	301.462
39	154.602	1	1.71875e+06	1	971596	1	584560	1	586.745	1	0.001	273.249	301.462
39	154.602	1	1.71875e+06	1	971596	1	584560	1	586.745	1	0.00316228	273.25	301.462
39	154.602	1	1.71875e+06	1	971596	1	584560	1	586.745	1	0.01	273.25	301.462
39	154.602	1	1.71875e+06	1	971596	1	584560	1	586.745	1	0.0316228	273.252	301.462
39	154.602	1	1.71875e+06	1	971596	1	584560	1	586.745	1	0.1	273.257	301.464
39	154.602	1	1.71875e+06	1	971596	1	584560	1	586.745	1	0.316228	273.272	301.469
39	154.602	1	1.71875e+06	1	971596	1	584560	1	586.745	1	1	273.32	301.485
39	154.602	1	1.71875e+06	1	971596	1	584560	1	586.745	1	3.16228	273.47	301.534
39	154.602	1	1.71875e+06	1	971596	1	584560	1	586.745	1	10	273.919	301.683
39	154.602	1	1.71875e+06	1	971596	1	584560	1	586.745	1	31.6228	275.162	302.107
39	154.602	1	1.71875e+06	1	971596	1	584560	1	586.745	1	100	277.887	303.132
40	230.33	1	1.13206e+06	1	999368	1	831752	1	1423.01	1	0	273.249	301.462
40	230.33	1	1.13206e+06	1	999368	1	831752	1	1423.01	1	0.001	273.249	301.462
40	230.33	1	1.13206e+06	1	999368	1	831752	1	1423.01	1	0.00316228	273.25	301.462
40	230.33	1	1.13206e+06	1	999368	1	831752	1	1423.01	1	0.01	273.25	301.462
40	230.33	1	1.13206e+06	1	999368	1	831752	1	1423.01	1	0.0316228	273.251	301.462
40	230.33	1	1.13206e+06	1	999368	1	831752	1	1423.01	1	0.1	273.254	301.463
40	230.33	1	1.13206e+06	1	999368	1	831752	1	1423.01	1	0.316228	273.264	301.466
40	230.33	1	1.13206e+06	1	999368	1	831752	1	1423.01	1	1	273.296	301.476
40	230.33	1	1.13206e+06	1	999368	1	831752	1	1423.01	1	3.16228	273.396	301.508
40	230.33	1	1.13206e+06	1	999368	1	831752	1	1423.01	1	10	273.701	301.605
40	230.33	1	1.13206e+06	1	999368	1	831752	1	1423.01	1	31.6228	274.562	301.882
40	230.33	1	1.13206e+06	1	999368	1	831752	1	1423.01	1	100	276.73	302.629
41	87.1664	1	322312	1	474518	1	1.53254e+06	1	1164.31	1	0	273.249	301.462
41	87.1664	1	322312	1	474518	1	1.53254e+06	1	1164.31	1	0.001	273.25	301.462
41	87.1664	1	322312	1	474518	1	1.53254e+06	1	1164.31	1	0.00316228	273.25	301.462
41	87.1664	1	322312	1	474518	1	1.53254e+06	1	1164.31	1	0.01	273.251	301.462
41	87.1664	1	322312	1	474518	1	1.53254e+06	1	1164.31	1	0.0316228	273.253	301.463
41	87.1664	1	322312	1	474518	1	1.53254e+06	1	1164.31	1	0.1	273.262	301.465
41	87.1664	1	322312	1	474518	1	1.53254e+06	1	1164.31	1	0.316228	273.288	301.473
41	87.1664	1	322312	1	474518	1	1.53254e+06	1	1164.31	1	1	273.371	301.499
41	87.1664	1	322312	1	474518	1	1.53254e+06	1	1164.31	1	3.16228	273.624	301.576
41	87.1664	1	322312	1	474518	1	1.53254e+06	1	1164.31	1	10	274.352	301.799
41	87.1664	1	322312	1	474518	1	1.53254e+06	1	1164.31	1	31.6228	276.228	302.404
41	87.1664	1	322312	1	474518	1	1.53254e+06	1	1164.31	1	100	279.213	303.584
42	216.189	1	549514	1	1.24711e+06	1	1.439e+06	1	2025.87	1	0	273.249	301.462
42	216.189	1	549514	1	1.24711e+06	1	1.439e+06	1	2025.87	1	0.001	273.249	301.462
42	216.189	1	549514	1	1.24711e+06	1	1.439e+06	1	2025.87	1	0.00316228	273.25	301.462
42	216.189	1	549514	1	1.24711e+06	1	1.439e+06	1	2025.87	1	0.01	273.25	301.462
42	216.189	1	549514	1	1.24711e+06	1	1.439e+06	1	2025.87	1	0.0316228	273.251	301.462
42	216.189	1	549514	1	1.24711e+06	1	1.439e+06	1	2025.87	1	0.1	273.254	301.463
42	216.189	1	549514	1	1.24711e+06	1	1.439e+06	1	2025.87	1	0.316228	273.265	301.466
42	216.189	1	549514	1	1.24711e+06	1	1.439e+06	1	2025.87	1	1	273.299	301.477
42	216.189	1	549514	1	1.24711e+06	1	1.439e+06	1	2025.87	1	3.16228	273.404	301.509
42	216.189	1	549514	1	1.24711e+06	1	1.439e+06	1	2025.87	1	10	273.725	301.609
42	216.189	1	549514	1	1.24711e+06	1	1.439e+06	1	2025.87	1	31.6228	274.625	301.89
42	216.189	1	549514	1	1.24711e+06	1	1.439e+06	1	2025.87	1	100	276.856	302.638
43	142.845	1	1.67542e+06	1	1.25539e+06	1	536209	1	1820.2	1	0	273.249	301.462
43	142.845	1	1.67542e+06	1	1.25539e+06	1	536209	1	1820.2	1	0.001	273.249	301.462
43	142.845	1	1.67542e+06	1	1.25539e+06	1	536209	1	1820.2	1	0.00316228	273.25	301.462
43	142.845	1	1.67542e+06	1	1.25539e+06	1	536209	1	1820.2	1	0.01	273.25	301.462
43	142.845	1	1.67542e+06	1	1.25539e+06	1	536209	1	1820.2	1	0.0316228	273.252	301.462
43	142.845	1	1.67542e+06	1	1.25539e+06	1	536209	1	1820.2	1	0.1	273.257	301.464
43	142.845	1	1.67542e+06	1	1.25539e+06	1	536209	1	1820.2	1	0.316228	273.273	301.469
43	142.845	1	1.67542e+06	1	1.25539e+06	1	536209	1	1820.2	1	1	273.324	301.485
43	142.845	1	1.67542e+06	1	1.25539e+06	1	536209	1	1820.2	1	3.16228	273.482	301.533
43	142.845	1	1.67542e+06	1	1.25539e+06	1	536209	1	1820.2	1	10	273.952	301.678
43	142.845	1	1.67542e+06	1	1.25539e+06	1	536209	1	1820.2	1	31.6228	275.244	302.087
43	142.845	1	1.67542e+06	1	1.25539e+06	1	536209	1	1820.2	1	100	277.997	303.051
44	310.677	1	1.11105e+06	1	1.24334e+06	1	625547	1	1031.59	1	0	273.249	301.462
44	310.677	1	1.11105e+06	1	1.24334e+06	1	625547	1	1031.59	1	0.001	273.249	301.462
44	310.677	1	1.11105e+06	1	1.24334e+06	1	625547	1	1031.59	1	0.00316228	273.25	301.462
44	310.677	1	1.11105e+06	1	1.24334e+06	1	625547	1	1031.59	1	0.01	273.25	301.462
44	310.677	1	1.11105e+06	1	1.24334e+06	1	625547	1	1031.59	1	0.0316228	273.251	301.462
44	310.677	1	1.11105e+06	1	1.24334e+06	1	625547	1	1031.59	1	0.1	273.253	301.463
44	310.677	1	1.11105e+06	1	1.24334e+06	1	625547	1	1031.59	1	0.316228	273.261	301.465
44	310.677	1	1.11105e+06	1	1.24334e+06	1	625547	1	1031.59	1	1	273.285	301.473
44	310.677	1	1.11105e+06	1	1.24334e+06	1	625547	1	1031.59	1	3.16228	273.361	301.499
44	310.677	1	1.11105e+06	1	1.24334e+06	1	625547	1	1031.59	1	10	273.595	301.577
44	310.677	1	1.11105e+06	1	1.24334e+06	1	625547	1	1031.59	1	31.6228	274.274	301.807
44	310.677	1	1.11105e+06	1	1.24334e+06	1	625547	1	1031.59	1	100	276.059	302.441
45	179.415	1	961811	1	1.25076e+06	1	546609	1	709.257	1	0	273.249	301.462
45	179.415	1	961811	1	1.25076e+06	1	546609	1	709.257	1	0.001	273.249	301.462
45	179.415	1	961811	1	1.25076e+06	1	546609	1	709.257	1	0.00316228	273.25	301.462
45	179.415	1	961811	1	1.25076e+06	1	546609	1	709.257	1	0.01	273.25	301.462
45	179.415	1	961811	1	1.25076e+06	1	546609	1	709.257	1	0.0316228	273.251	301.462
45	179.415	1	961811	1	1.25076e+06	1	546609	1	709.257	1	0.1	273.256	301.464
45	179.415	1	961811	1	1.25076e+06	1	546609	1	709.257	1	0.316228	273.269	301.468
45	179.415	1	961811	1	1.25076e+06	1	546609	1	709.257	1	1	273.31	301.481
45	179.415	1	961811	1	1.25076e+06	1	546609	1	709.257	1	3.16228	273.44	301.524
45	179.415	1	961811	1	1.25076e+06	1	546609	1	709.257	1	10	273.83	301.652
45	179.415	1	961811	1	1.25076e+06	1	546609	1	709.257	1	31.6228	274.921	302.02
45	179.415	1	961811	1	1.25076e+06	1	546609	1	709.257	1	100	277.471	302.957
46	213.798	1	715665	1	1.20542e+06	1	1.10092e+06	1	1332.87	1	0	273.249	301.462
46	213.798	1	715665	1	1.20542e+06	1	1.10092e+06	1	1332.87	1	0.001	273.249	301.462
46	213.798	1	715665	1	1.20542e+06	1	1.10092e+06	1	1332.87	1	0.00316228	273.25	301.462
46	213.798	1	715665	1	1.20542e+06	1	1.10092e+06	1	1332.87	1	0.01	273.25	301.462
46	213.798	1	715665	1	1.20542e+06	1	1.10092e+06	1	1332.87	1	0.0316228	273.251	301.462
46	213.798	1	715665	1	1.20542e+06	1	1.10092e+06	1	1332.87	1	0.1	273.254	301.463
46	213.798	1	715665	1	1.20542e+06	1	1.10092e+06	1	1332.87	1	0.316228	273.265	301.467
46	213.798	1	715665	1	1.20542e+06	1	1.10092e+06	1	1332.87	1	1	273.3	301.477
46	213.798	1	715665	1	1.20542e+06	1	1.10092e+06	1	1332.87	1	3.16228	273.407	301.511
46	213.798	1	715665	1	1.20542e+06	1	1.10092e+06	1	1332.87	1	10	273.734	301.615
46	213.798	1	715665	1	1.20542e+06	1	1.10092e+06	1	1332.87	1	31.6228	274.651	301.909
46	213.798	1	715665	1	1.20542e+06	1	1.10092e+06	1	1332.87	1	100	276.92	302.694
47	90.1772	1	788398	1	1.02901e+06	1	1.42869e+06	1	1860.4	1	0	273.249	301.462
47	90.1772	1	788398	1	1.02901e+06	1	1.42869e+06	1	1860.4	1	0.001	273.25	301.462
47	90.1772	1	788398	1	1.02901e+06	1	1.42869e+06	1	1860.4	1	0.00316228	273.25	301.462
47	90.1772	1	788398	1	1.02901e+06	1	1.42869e+06	1	1860.4	1	0.01	273.251	301.462
47	90.1772	1	788398	1	1.02901e+06	1	1.42869e+06	1	1860.4	1	0.0316228	273.253	301.463
47	90.1772	1	788398	1	1.02901e+06	1	1.42869e+06	1	1860.4	1	0.1	273.261	301.465
47	90.1772	1	788398	1	1.02901e+06	1	1.42869e+06	1	1860.4	1	0.316228	273.287	301.473
47	90.1772	1	788398	1	1.02901e+06	1	1.42869e+06	1	1860.4	1	1	273.366	301.497
47	90.1772	1	788398	1	1.02901e+06	1	1.42869e+06	1	1860.4	1	3.16228	273.611	301.571
47	90.1772	1	788398	1	1.02901e+06	1	1.42869e+06	1	1860.4	1	10	274.315	301.785
47	90.1772	1	788398	1	1.02901e+06	1	1.42869e+06	1	1860.4	1	31.6228	276.138	302.363
47	90.1772	1	788398	1	1.02901e+06	1	1.42869e+06	1	1860.4	1	100	279.137	303.507
48	170.598	1	906789	1	1.41076e+06	1	1.35523e+06	1	2486.93	1	0	273.249	301.462
48	170.598	1	906789	1	1.41076e+06	1	1.35523e+06	1	2486.93	1	0.001	273.249	301.462
48	170.598	1	906789	1	1.41076e+06	1	1.35523e+06	1	2486.93	1	0.00316228	273.25	301.462
48	170.598	1	906789	1	1.41076e+06	1	1.35523e+06	1	2486.93	1	0.01	273.25	301.462
48	170.598	1	906789	1	1.41076e+06	1	1.35523e+06	1	2486.93	1	0.0316228	273.251	301.462
48	170.598	1	906789	1	1.41076e+06	1	1.35523e+06	1	2486.93	1	0.1	273.256	301.463
48	170.598	1	906789	1	1.41076e+06	1	1.35523e+06	1	2486.93	1	0.316228	273.269	301.468
48	170.598	1	906789	1	1.41076e+06	1	1.35523e+06	1	2486.93	1	1	273.312	301.481
48	170.598	1	906789	1	1.41076e+06	1	1.35523e+06	1	2486.93	1	3.16228	273.444	301.521
48	170.598	1	906789	1	1.41076e+06	1	1.35523e+06	1	2486.93	1	10	273.842	301.643
48	170.598	1	906789	1	1.41076e+06	1	1.35523e+06	1	2486.93	1	31.6228	274.95	301.988
48	170.598	1	906789	1	1.41076e+06	1	1.35523e+06	1	2486.93	1	100	277.488	302.838
49	167.379	1	1.7883e+06	1	501521	1	989308	1	1015.73	1	0	273.249	301.462
49	167.379	1	1.7883e+06	1	501521	1	989308	1	1015.73	1	0.001	273.249	301.462
49	167.379	1	1.7883e+06	1	501521	1	989308	1	1015.73	1	0.00316228	273.25	301.462
49	167.379	1	1.7883e+06	1	501521	1	989308	1	1015.73	1	0.01	273.25	301.462
49	167.379	1	1.7883e+06	1	501521	1	989308	1	1015.73	1	0.0316228	273.251	301.462
49	167.379	1	1.7883e+06	1	501521	1	989308	1	1015.73	1	0.1	273.256	301.464
49	167.379	1	1.7883e+06	1	501521	1	989308	1	1015.73	1	0.316228	273.27	301.468
49	167.379	1	1.7883e+06	1	501521	1	989308	1	1015.73	1	1	273.314	301.482
49	167.379	1	1.7883e+06	1	501521	1	989308	1	1015.73	1	3.16228	273.451	301.526
49	167.379	1	1.7883e+06	1	501521	1	989308	1	1015.73	1	10	273.862	301.657
49	167.379	1	1.7883e+06	1	501521	1	989308	1	1015.73	1	31.6228	275.007	302.031
49	167.379	1	1.7883e+06	1	501521	1	989308	1	1015.73	1	100	277.619	302.96
50	143.033	1	2.08114e+06	1	589475	1	1.51469e+06	1	1303.33	1	0	273.249	301.462
50	143.033	1	2.08114e+06	1	589475	1	1.51469e+06	1	1303.33	1	0.001	273.249	301.462
50	143.033	1	2.08114e+06	1	589475	1	1.51469e+06	1	1303.33	1	0.00316228	273.25	301.462
50	143.033	1	2.08114e+06	1	589475	1	1.51469e+06	1	1303.33	1	0.01	273.25	301.462
50	143.033	1	2.08114e+06	1	589475	1	1.51469e+06	1	1303.33	1	0.0316228	273.252	301.462
50	143.033	1	2.08114e+06	1	589475	1	1.51469e+06	1	1303.33	1	0.1	273.257	301.464
50	143.033	1	2.08114e+06	1	589475	1	1.51469e+06	1	1303.33	1	0.316228	273.273	301.469
50	143.033	1	2.08114e+06	1	589475	1	1.51469e+06	1	1303.33	1	1	273.324	301.485
50	143.033	1	2.08114e+06	1	589475	1	1.51469e+06	1	1303.33	1	3.16228	273.482	301.534
50	143.033	1	2.08114e+06	1	589475	1	1.51469e+06	1	1303.33	1	10	273.954	301.681
50	143.033	1	2.08114e+06	1	589475	1	1.51469e+06	1	1303.33	1	31.6228	275.249	302.097
50	143.033	1	2.08114e+06	1	589475	1	1.51469e+06	1	1303.33	1	100	278.011	303.08
51	133.635	1	1.18622e+06	1	717687	1	435553	1	1824.02	1	0	273.249	301.462
51	133.635	1	1.18622e+06	1	717687	1	435553	1	1824.02	1	0.001	273.25	301.462
51	133.635	1	1.18622e+06	1	717687	1	435553	1	1824.02	1	0.00316228	273.25	301.462
51	133.635	1	1.18622e+06	1	717687	1	435553	1	1824.02	1	0.01	273.25	301.462
51	133.635	1	1.18622e+06	1	717687	1	435553	1	1824.02	1	0.0316228	273.252	301.462
51	133.635	1	1.18622e+06	1	717687	1	435553	1	1824.02	1	0.1	273.257	301.464
51	133.635	1	1.18622e+06	1	717687	1	435553	1	1824.02	1	0.316228	273.275	301.469
51	133.635	1	1.18622e+06	1	717687	1	435553	1	1824.02	1	1	273.329	301.486
51	133.635	1	1.18622e+06	1	717687	1	435553	1	1824.02	1	3.16228	273.498	301.538
51	133.635	1	1.18622e+06	1	717687	1	435553	1	1824.02	1	10	273.997	301.692
51	133.635	1	1.18622e+06	1	717687	1	435553	1	1824.02	1	31.6228	275.36	302.124
51	133.635	1	1.18622e+06	1	717687	1	435553	1	1824.02	1	100	278.183	303.123
52	156.913	1	709289	1	650997	1	1.41841e+06	1	962.252	1	0	273.249	301.462
52	156.913	1	709289	1	650997	1	1.41841e+06	1	962.252	1	0.001	273.249	301.462
52	156.913	1	709289	1	650997	1	1.41841e+06	1	962.252	1	0.00316228	273.25	301.462
52	156.913	1	709289	1	650997	1	1.41841e+06	1	962.252	1	0.01	273.25	301.462
52	156.913	1	709289	1	650997	1	1.41841e+06	1	962.252	1	0.0316228	273.252	301.462
52	156.913	1	709289	1	650997	1	1.41841e+06	1	962.252	1	0.1	273.256	301.464
52	156.913	1	709289	1	650997	1	1.41841e+06	1	962.252	1	0.316228	273.271	301.468
52	156.913	1	709289	1	650997	1	1.41841e+06	1	962.252	1	1	273.318	301.483
52	156.913	1	709289	1	650997	1	1.41841e+06	1	962.252	1	3.16228	273.464	301.529
52	156.913	1	709289	1	650997	1	1.41841e+06	1	962.252	1	10	273.899	301.668
52	156.913	1	709289	1	650997	1	1.41841e+06	1	962.252	1	31.6228	275.107	302.062
52	156.913	1	709289	1	650997	1	1.41841e+06	1	962.252	1	100	277.786	303.023
53	140.486	1	629178	1	1.26558e+06	1	785648	1	1085.15	1	0	273.249	301.462
53	140.486	1	629178	1	1.26558e+06	1	785648	1	1085.15	1	0.001	273.25	301.462
53	140.486	1	629178	1	1.26558e+06	1	785648	1	1085.15	1	0.00316228	273.25	301.462
53	140.486	1	629178	1	1.26558e+06	1	785648	1	1085.15	1	0.01	273.25	301.462
53	140.486	1	629178	1	1.26558e+06	1	785648	1	1085.15	1	0.0316228	273.252	301.462
53	140.486	1	629178	1	1.26558e+06	1	785648	1	1085.15	1	0.1	273.257	301.464
53	140.486	1	629178	1	1.26558e+06	1	785648	1	1085.15	1	0.316228	273.274	301.469
53	140.486	1	629178	1	1.26558e+06	1	785648	1	1085.15	1	1	273.326	301.485
53	140.486	1	629178	1	1.26558e+06	1	785648	1	1085.15	1	3.16228	273.487	301.536
53	140.486	1	629178	1	1.26558e+06	1	785648	1	1085.15	1	10	273.967	301.687
53	140.486	1	629178	1	1.26558e+06	1	785648	1	1085.15	1	31.6228	275.284	302.113
53	140.486	1	629178	1	1.26558e+06	1	785648	1	1085.15	1	100	278.07	303.117
54	82.9126	1	724176	1	1.03733e+06	1	1.05734e+06	1	1196.33	1	0	273.249	301.462
54	82.9126	1	724176	1	1.03733e+06	1	1.05734e+06	1	1196.33	1	0.001	273.25	301.462
54	82.9126	1	724176	1	1.03733e+06	1	1.05734e+06	1	1196.33	1	0.00316228	273.25	301.462
54	82.9126	1	724176	1	1.03733e+06	1	1.05734e+06	1	1196.33	1	0.01	273.251	301.462
54	82.9126	1	724176	1	1.03733e+06	1	1.05734e+06	1	1196.33	1	0.0316228	273.254	301.463
54	82.9126	1	724176	1	1.03733e+06	1	1.05734e+06	1	1196.33	1	0.1	273.262	301.466
54	82.9126	1	724176	1	1.03733e+06	1	1.05734e+06	1	1196.33	1	0.316228	273.29	301.474
54	82.9126	1	724176	1	1.03733e+06	1	1.05734e+06	1	1196.33	1	1	273.377	301.501
54	82.9126	1	724176	1	1.03733e+06	1	1.05734e+06	1	1196.33	1	3.16228	273.643	301.582
54	82.9126	1	724176	1	1.03733e+06	1	1.05734e+06	1	1196.33	1	10	274.402	301.815
54	82.9126	1	724176	1	1.03733e+06	1	1.05734e+06	1	1196.33	1	31.6228	276.349	302.445
54	82.9126	1	724176	1	1.03733e+06	1	1.05734e+06	1	1196.33	1	100	279.301	303.638
55	91.3636	1	1.36517e+06	1	1.33075e+06	1	807239	1	1687.16	1	0	273.249	301.462
55	91.3636	1	1.36517e+06	1	1.33075e+06	1	807239	1	1687.16	1	0.001	273.25	301.462
55	91.3636	1	1.36517e+06	1	1.33075e+06	1	807239	1	1687.16	1	0.00316228	273.25	301.462
55	91.3636	1	1.36517e+06	1	1.33075e+06	1	807239	1	1687.16	1	0.01	273.251	301.462
55	91.3636	1	1.36517e+06	1	1.33075e+06	1	807239	1	1687.16	1	0.0316228	273.253	301.463
55	91.3636	1	1.36517e+06	1	1.33075e+06	1	807239	1	1687.16	1	0.1	273.261	301.465
55	91.3636	1	1.36517e+06	1	1.33075e+06	1	807239	1	1687.16	1	0.316228	273.286	301.473
55	91.3636	1	1.36517e+06	1	1.33075e+06	1	807239	1	1687.16	1	1	273.365	301.497
55	91.3636	1	1.36517e+06	1	1.33075e+06	1	807239	1	1687.16	1	3.16228	273.607	301.57
55	91.3636	1	1.36517e+06	1	1.33075e+06	1	807239	1	1687.16	1	10	274.304	301.783
55	91.3636	1	1.36517e+06	1	1.33075e+06	1	807239	1	1687.16	1	31.6228	276.112	302.359
55	91.3636	1	1.36517e+06	1	1.33075e+06	1	807239	1	1687.16	1	100	279.128	303.51
56	343.84	1	2.11219e+06	1	1.1384e+06	1	858091	1	2189.1	1	0	273.249	301.462
56	343.84	1	2.11219e+06	1	1.1384e+06	1	858091	1	2189.1	1	0.001	273.249	301.462
56	343.84	1	2.11219e+06	1	1.1384e+06	1	858091	1	2189.1	1	0.00316228	273.25	301.462
56	343.84	1	2.11219e+06	1	1.1384e+06	1	858091	1	2189.1	1	0.01	273.25	301.462
56	343.84	1	2.11219e+06	1	1.1384e+06	1	858091	1	2189.1	1	0.0316228	273.25	301.462
56	343.84	1	2.11219e+06	1	1.1384e+06	1	858091	1	2189.1	1	0.1	273.253	301.463
56	343.84	1	2.11219e+06	1	1.1384e+06	1	858091	1	2189.1	1	0.316228	273.259	301.465
56	343.84	1	2.11219e+06	1	1.1384e+06	1	858091	1	2189.1	1	1	273.281	301.472
56	343.84	1	2.11219e+06	1	1.1384e+06	1	858091	1	2189.1	1	3.16228	273.348	301.493
56	343.84	1	2.11219e+06	1	1.1384e+06	1	858091	1	2189.1	1	10	273.556	301.559
56	343.84	1	2.11219e+06	1	1.1384e+06	1	858091	1	2189.1	1	31.6228	274.165	301.754
56	343.84	1	2.11219e+06	1	1.1384e+06	1	858091	1	2189.1	1	100	275.788	302.296
57	102.13	1	1.26749e+06	1	1.39421e+06	1	925649	1	485.539	1	0	273.249	301.462
57	102.13	1	1.26749e+06	1	1.39421e+06	1	925649	1	485.539	1	0.001	273.25	301.462
57	102.13	1	1.26749e+06	1	1.39421e+06	1	925649	1	485.539	1	0.00316228	273.25	301.462
57	102.13	1	1.26749e+06	1	1.39421e+06	1	925649	1	485.539	1	0.01	273.25	301.462
57	102.13	1	1.26749e+06	1	1.39421e+06	1	925649	1	485.539	1	0.0316228	273.253	301.463
57	102.13	1	1.26749e+06	1	1.39421e+06	1	925649	1	485.539	1	0.1	273.26	301.465
57	102.13	1	1.26749e+06	1	1.39421e+06	1	925649	1	485.539	1	0.316228	273.283	301.472
57	102.13	1	1.26749e+06	1	1.39421e+06	1	925649	1	485.539	1	1	273.355	301.496
57	102.13	1	1.26749e+06	1	1.39421e+06	1	925649	1	485.539	1	3.16228	273.577	301.567
57	102.13	1	1.26749e+06	1	1.39421e+06	1	925649	1	485.539	1	10	274.224	301.778
57	102.13	1	1.26749e+06	1	1.39421e+06	1	925649	1	485.539	1	31.6228	275.933	302.359
57	102.13	1	1.26749e+06	1	1.39421e+06	1	925649	1	485.539	1	100	278.994	303.585
58	135.803	1	912567	1	521228	1	488577	1	1276.45	1	0	273.249	301.462
58	135.803	1	912567	1	521228	1	488577	1	1276.45	1	0.001	273.25	301.462
58	135.803	1	912567	1	521228	1	488577	1	1276.45	1	0.00316228	273.25	301.462
58	135.803	1	912567	1	521228	1	488577	1	1276.45	1	0.01	273.25	301.462
58	135.803	1	912567	1	521228	1	488577	1	1276.45	1	0.0316228	273.252	301.462
58	135.803	1	912567	1	521228	1	488577	1	1276.45	1	0.1	273.257	301.464
58	135.803	1	912567	1	521228	1	488577	1	1276.45	1	0.316228	273.274	301.469
58	135.803	1	912567	1	521228	1	488577	1	1276.45	1	1	273.328	301.486
58	135.803	1	912567	1	521228	1	488577	1	1276.45	1	3.16228	273.495	301.538
58	135.803	1	912567	1	521228	1	488577	1	1276.45	1	10	273.989	301.692
58	135.803	1	912567	1	521228	1	488577	1	1276.45	1	31.6228	275.341	302.128
58	135.803	1	912567	1	521228	1	488577	1	1276.45	1	100	278.161	303.144
59	210.152	1	1.64926e+06	1	1.06976e+06	1	1.37983e+06	1	1090.24	1	0	273.249	301.462
59	210.152	1	1.64926e+06	1	1.06976e+06	1	1.37983e+06	1	1090.24	1	0.001	273.249	301.462
59	210.152	1	1.64926e+06	1	1.06976e+06	1	1.37983e+06	1	1090.24	1	0.00316228	273.25	301.462
59	210.152	1	1.64926e+06	1	1.06976e+06	1	1.37983e+06	1	1090.24	1	0.01	273.25	301.462
59	210.152	1	1.64926e+06	1	1.06976e+06	1	1.37983e+06	1	1090.24	1	0.0316228	273.251	301.462
59	210.152	1	1.64926e+06	1	1.06976e+06	1	1.37983e+06	1	1090.24	1	0.1	273.255	301.463
59	210.152	1	1.64926e+06	1	1.06976e+06	1	1.37983e+06	1	1090.24	1	0.316228	273.266	301.467
59	210.152	1	1.64926e+06	1	1.06976e+06	1	1.37983e+06	1	1090.24	1	1	273.301	301.478
59	210.152	1	1.64926e+06	1	1.06976e+06	1	1.37983e+06	1	1090.24	1	3.16228	273.411	301.513
59	210.152	1	1.64926e+06	1	1.06976e+06	1	1.37983e+06	1	1090.24	1	10	273.745	301.621
59	210.152	1	1.64926e+06	1	1.06976e+06	1	1.37983e+06	1	1090.24	1	31.6228	274.682	301.926
59	210.152	1	1.64926e+06	1	1.06976e+06	1	1.37983e+06	1	1090.24	1	100	276.989	302.739
60	202.177	1	1.28537e+06	1	1.3475e+06	1	603389	1	1337.45	1	0	273.249	301.462
60	202.177	1	1.28537e+06	1	1.3475e+06	1	603389	1	1337.45	1	0.001	273.249	301.462
60	202.177	1	1.28537e+06	1	1.3475e+06	1	603389	1	1337.45	1	0.00316228	273.25	301.462
60	202.177	1	1.28537e+06	1	1.3475e+06	1	603389	1	1337.45	1	0.01	273.25	301.462
60	202.177	1	1.28537e+06	1	1.3475e+06	1	603389	1	1337.45	1	0.0316228	273.251	301.462
60	202.177	1	1.28537e+06	1	1.3475e+06	1	603389	1	1337.45	1	0.1	273.255	301.463
60	202.177	1	1.28537e+06	1	1.3475e+06	1	603389	1	1337.45	1	0.316228	273.266	301.467
60	202.177	1	1.28537e+06	1	1.3475e+06	1	603389	1	1337.45	1	1	273.303	301.478
60	202.177	1	1.28537e+06	1	1.3475e+06	1	603389	1	1337.45	1	3.16228	273.416	301.514
60	202.177	1	1.28537e+06	1	1.3475e+06	1	603389	1	1337.45	1	10	273.761	301.624
60	202.177	1	1.28537e+06	1	1.3475e+06	1	603389	1	1337.45	1	31.6228	274.727	301.935
60	202.177	1	1.28537e+06	1	1.3475e+06	1	603389	1	1337.45	1	100	277.076	302.751
61	234.13	1	656484	1	710234	1	293133	1	1808.5	1	0	273.249	301.462
61	234.13	1	656484	1	710234	1	293133	1	1808.5	1	0.001	273.249	301.462
61	234.13	1	656484	1	710234	1	293133	1	1808.5	1	0.00316228	273.25	301.462
61	234.13	1	656484	1	710234	1	293133	1	1808.5	1	0.01	273.25	301.462
61	234.13	1	656484	1	710234	1	293133	1	1808.5	1	0.0316228	273.251	301.462
61	234.13	1	656484	1	710234	1	293133	1	1808.5	1	0.1	273.254	301.463
61	234.13	1	656484	1	710234	1	293133	1	1808.5	1	0.316228	273.264	301.466
61	234.13	1	656484	1	710234	1	293133	1	1808.5	1	1	273.296	301.476
61	234.13	1	656484	1	710234	1	293133	1	1808.5	1	3.16228	273.394	301.507
61	234.13	1	656484	1	710234	1	293133	1	1808.5	1	10	273.694	301.602
61	234.13	1	656484	1	710234	1	293133	1	1808.5	1	31.6228	274.542	301.873
61	234.13	1	656484	1	710234	1	293133	1	1808.5	1	100	276.684	302.606
62	162.756	1	1.06256e+06	1	950101	1	1.54816e+06	1	1314.41	1	0	273.249	301.462
62	162.756	1	1.06256e+06	1	950101	1	1.54816e+06	1	1314.41	1	0.001	273.249	301.462
62	162.756	1	1.06256e+06	1	950101	1	1.54816e+06	1	1314.41	1	0.00316228	273.25	301.462
62	162.756	1	1.06256e+06	1	950101	1	1.54816e+06	1	1314.41	1	0.01	273.25	301.462
62	162.756	1	1.06256e+06	1	950101	1	1.54816e+06	1	1314.41	1	0.0316228	273.252	301.462
62	162.756	1	1.06256e+06	1	950101	1	1.54816e+06	1	1314.41	1	0.1	273.256	301.464
62	162.756	1	1.06256e+06	1	950101	1	1.54816e+06	1	1314.41	1	0.316228	273.27	301.468
62	162.756	1	1.06256e+06	1	950101	1	1.54816e+06	1	1314.41	1	1	273.315	301.482
62	162.756	1	1.06256e+06	1	950101	1	1.54816e+06	1	1314.41	1	3.16228	273.455	301.526
62	162.756	1	1.06256e+06	1	950101	1	1.54816e+06	1	1314.41	1	10	273.874	301.657
62	162.756	1	1.06256e+06	1	950101	1	1.54816e+06	1	1314.41	1	31.6228	275.038	302.03
62	162.756	1	1.06256e+06	1	950101	1	1.54816e+06	1	1314.41	1	100	277.66	302.944
63	120.053	1	1.52941e+06	1	1.50526e+06	1	1.07019e+06	1	1162.36	1	0	273.249	301.462
63	120.053	1	1.52941e+06	1	1.50526e+06	1	1.07019e+06	1	1162.36	1	0.001	273.25	301.462
63	120.053	1	1.52941e+06	1	1.50526e+06	1	1.07019e+06	1	1162.36	1	0.00316228	273.25	301.462
63	120.053	1	1.52941e+06	1	1.50526e+06	1	1.07019e+06	1	1162.36	1	0.01	273.25	301.462
63	120.053	1	1.52941e+06	1	1.50526e+06	1	1.07019e+06	1	1162.36	1	0.0316228	273.252	301.462
63	120.053	1	1.52941e+06	1	1.50526e+06	1	1.07019e+06	1	1162.36	1	0.1	273.258	301.464
63	120.053	1	1.52941e+06	1	1.50526e+06	1	1.07019e+06	1	1162.36	1	0.316228	273.278	301.47
63	120.053	1	1.52941e+06	1	1.50526e+06	1	1.07019e+06	1	1162.36	1	1	273.338	301.489
63	120.053	1	1.52941e+06	1	1.50526e+06	1	1.07019e+06	1	1162.36	1	3.16228	273.526	301.547
63	120.053	1	1.52941e+06	1	1.50526e+06	1	1.07019e+06	1	1162.36	1	10	274.077	301.719
63	120.053	1	1.52941e+06	1	1.50526e+06	1	1.07019e+06	1	1162.36	1	31.6228	275.565	302.198
63	120.053	1	1.52941e+06	1	1.50526e+06	1	1.07019e+06	1	1162.36	1	100	278.497	303.273
64	129.987	1	1.12136e+06	1	1.97346e+06	1	504430	1	1117.84	1	0	273.249	301.462
64	129.987	1	1.12136e+06	1	1.97346e+06	1	504430	1	1117.84	1	0.001	273.25	301.462
64	129.987	1	1.12136e+06	1	1.97346e+06	1	504430	1	1117.84	1	0.00316228	273.25	301.462
64	129.987	1	1.12136e+06	1	1.97346e+06	1	504430	1	1117.84	1	0.01	273.25	301.462
64	129.987	1	1.12136e+06	1	1.97346e+06	1	504430	1	1117.84	1	0.0316228	273.252	301.462
64	129.987	1	1.12136e+06	1	1.97346e+06	1	504430	1	1117.84	1	0.1	273.258	301.464
64	129.987	1	1.12136e+06	1	1.97346e+06	1	504430	1	1117.84	1	0.316228	273.276	301.47
64	129.987	1	1.12136e+06	1	1.97346e+06	1	504430	1	1117.84	1	1	273.332	301.487
64	129.987	1	1.12136e+06	1	1.97346e+06	1	504430	1	1117.84	1	3.16228	273.506	301.541
64	129.987	1	1.12136e+06	1	1.97346e+06	1	504430	1	1117.84	1	10	274.021	301.703
64	129.987	1	1.12136e+06	1	1.97346e+06	1	504430	1	1117.84	1	31.6228	275.422	302.156
64	129.987	1	1.12136e+06	1	1.97346e+06	1	504430	1	1117.84	1	100	278.287	303.201
65	104.258	1	1.43929e+06	1	892595	1	1.29084e+06	1	1378.63	1	0	273.249	301.462
65	104.258	1	1.43929e+06	1	892595	1	1.29084e+06	1	1378.63	1	0.001	273.25	301.462
65	104.258	1	1.43929e+06	1	892595	1	1.29084e+06	1	1378.63	1	0.00316228	273.25	301.462
65	104.258	1	1.43929e+06	1	892595	1	1.29084e+06	1	1378.63	1	0.01	273.25	301.462
65	104.258	1	1.43929e+06	1	892595	1	1.29084e+06	1	1378.63	1	0.0316228	273.253	301.463
65	104.258	1	1.43929e+06	1	892595	1	1.29084e+06	1	1378.63	1	0.1	273.26	301.465
65	104.258	1	1.43929e+06	1	892595	1	1.29084e+06	1	1378.63	1	0.316228	273.282	301.471
65	104.258	1	1.43929e+06	1	892595	1	1.29084e+06	1	1378.63	1	1	273.351	301.493
65	104.258	1	1.43929e+06	1	892595	1	1.29084e+06	1	1378.63	1	3.16228	273.565	301.558
65	104.258	1	1.43929e+06	1	892595	1	1.29084e+06	1	1378.63	1	10	274.188	301.75
65	104.258	1	1.43929e+06	1	892595	1	1.29084e+06	1	1378.63	1	31.6228	275.835	302.276
65	104.258	1	1.43929e+06	1	892595	1	1.29084e+06	1	1378.63	1	100	278.877	303.399
66	252.226	1	2.20069e+06	1	1.41e+06	1	1.22962e+06	1	1722	1	0	273.249	301.462
66	252.226	1	2.20069e+06	1	1.41e+06	1	1.22962e+06	1	1722	1	0.001	273.249	301.462
66	252.226	1	2.20069e+06	1	1.41e+06	1	1.22962e+06	1	1722	1	0.00316228	273.25	301.462
66	252.226	1	2.20069e+06	1	1.41e+06	1	1.22962e+06	1	1722	1	0.01	273.25	301.462
66	252.226	1	2.20069e+06	1	1.41e+06	1	1.22962e+06	1	1722	1	0.0316228	273.251	301.462
66	252.226	1	2.20069e+06	1	1.41e+06	1	1.22962e+06	1	1722	1	0.1	273.254	301.463
66	252.226	1	2.20069e+06	1	1.41e+06	1	1.22962e+06	1	1722	1	0.316228	273.263	301.466
66	252.226	1	2.20069e+06	1	1.41e+06	1	1.22962e+06	1	1722	1	1	273.292	301.475
66	252.226	1	2.20069e+06	1	1.41e+06	1	1.22962e+06	1	1722	1	3.16228	273.384	301.504
66	252.226	1	2.20069e+06	1	1.41e+06	1	1.22962e+06	1	1722	1	10	273.663	301.592
66	252.226	1	2.20069e+06	1	1.41e+06	1	1.22962e+06	1	1722	1	31.6228	274.458	301.845
66	252.226	1	2.20069e+06	1	1.41e+06	1	1.22962e+06	1	1722	1	100	276.488	302.534
67	155.447	1	1.01353e+06	1	1.02681e+06	1	727833	1	1852.16	1	0	273.249	301.462
67	155.447	1	1.01353e+06	1	1.02681e+06	1	727833	1	1852.16	1	0.001	273.249	301.462
67	155.447	1	1.01353e+06	1	1.02681e+06	1	727833	1	1852.16	1	0.00316228	273.25	301.462
67	155.447	1	1.01353e+06	1	1.02681e+06	1	727833	1	1852.16	1	0.01	273.25	301.462
67	155.447	1	1.01353e+06	1	1.02681e+06	1	727833	1	1852.16	1	0.0316228	273.252	301.462
67	155.447	1	1.01353e+06	1	1.02681e+06	1	727833	1	1852.16	1	0.1	273.256	301.464
67	155.447	1	1.01353e+06	1	1.02681e+06	1	727833	1	1852.16	1	0.316228	273.271	301.468
67	155.447	1	1.01353e+06	1	1.02681e+06	1	727833	1	1852.16	1	1	273.318	301.483
67	155.447	1	1.01353e+06	1	1.02681e+06	1	727833	1	1852.16	1	3.16228	273.463	301.527
67	155.447	1	1.01353e+06	1	1.02681e+06	1	727833	1	1852.16	1	10	273.899	301.662
67	155.447	1	1.01353e+06	1	1.02681e+06	1	727833	1	1852.16	1	31.6228	275.102	302.042
67	155.447	1	1.01353e+06	1	1.02681e+06	1	727833	1	1852.16	1	100	277.762	302.958
68	235.83	1	1.84992e+06	1	904327	1	976971	1	1644.95	1	0	273.249	301.462
68	235.83	1	1.84992e+06	1	904327	1	976971	1	1644.95	1	0.001	273.249	301.462
68	235.83	1	1.84992e+06	1	904327	1	976971	1	1644.95	1	0.00316228	273.25	301.462
68	235.83	1	1.84992e+06	1	904327	1	976971	1	1644.95	1	0.01	273.25	301.462
68	235.83	1	1.84992e+06	1	904327	1	976971	1	1644.95	1	0.0316228	273.251	301.462
68	235.83	1	1.84992e+06	1	904327	1	976971	1	1644.95	1	0.1	273.254	301.463
68	235.83	1	1.84992e+06	1	904327	1	976971	1	1644.95	1	0.316228	273.264	301.466
68	235.83	1	1.84992e+06	1	904327	1	976971	1	1644.95	1	1	273.295	301.476
68	235.83	1	1.84992e+06	1	904327	1	976971	1	1644.95	1	3.16228	273.393	301.507
68	235.83	1	1.84992e+06	1	904327	1	976971	1	1644.95	1	10	273.69	301.601
68	235.83	1	1.84992e+06	1	904327	1	976971	1	1644.95	1	31.6228	274.532	301.869
68	235.83	1	1.84992e+06	1	904327	1	976971	1	1644.95	1	100	276.66	302.596
69	134.381	1	1.69704e+06	1	866239	1	868666	1	2186.23	1	0	273.249	301.462
69	134.381	1	1.69704e+06	1	866239	1	868666	1	2186.23	1	0.001	273.25	301.462
69	134.381	1	1.69704e+06	1	866239	1	868666	1	2186.23	1	0.00316228	273.25	301.462
69	134.381	1	1.69704e+06	1	866239	1	868666	1	2186.23	1	0.01	273.25	301.462
69	134.381	1	1.69704e+06	1	866239	1	868666	1	2186.23	1	0.0316228	273.252	301.462
69	134.381	1	1.69704e+06	1	866239	1	868666	1	2186.23	1	0.1	273.257	301.464
69	134.381	1	1.69704e+06	1	866239	1	868666	1	2186.23	1	0.316228	273.275	301.469
69	134.381	1	1.69704e+06	1	866239	1	868666	1	2186.23	1	1	273.328	301.486
69	134.381	1	1.69704e+06	1	866239	1	868666	1	2186.23	1	3.16228	273.496	301.537
69	134.381	1	1.69704e+06	1	866239	1	868666	1	2186.23	1	10	273.991	301.688
69	134.381	1	1.69704e+06	1	866239	1	868666	1	2186.23	1	31.6228	275.344	302.114
69	134.381	1	1.69704e+06	1	866239	1	868666	1	2186.23	1	100	278.15	303.094
70	125.885	1	2.37557e+06	1	851887	1	1.25506e+06	1	1919.57	1	0	273.249	301.462
70	125.885	1	2.37557e+06	1	851887	1	1.25506e+06	1	1919.57	1	0.001	273.25	301.462
70	125.885	1	2.37557e+06	1	851887	1	1.25506e+06	1	1919.57	1	0.00316228	273.25	301.462
70	125.885	1	2.37557e+06	1	851887	1	1.25506e+06	1	1919.57	1	0.01	273.25	301.462
70	125.885	1	2.37557e+06	1	851887	1	1.25506e+06	1	1919.57	1	0.0316228	273.252	301.462
70	125.885	1	2.37557e+06	1	851887	1	1.25506e+06	1	1919.57	1	0.1	273.258	301.464
70	125.885	1	2.37557e+06	1	851887	1	1.25506e+06	1	1919.57	1	0.316228	273.276	301.47
70	125.885	1	2.37557e+06	1	851887	1	1.25506e+06	1	1919.57	1	1	273.334	301.487
70	125.885	1	2.37557e+06	1	851887	1	1.25506e+06	1	1919.57	1	3.16228	273.512	301.542
70	125.885	1	2.37557e+06	1	851887	1	1.25506e+06	1	1919.57	1	10	274.038	301.703
70	125.885	1	2.37557e+06	1	851887	1	1.25506e+06	1	1919.57	1	31.6228	275.463	302.153
70	125.885	1	2.37557e+06	1	851887	1	1.25506e+06	1	1919.57	1	100	278.335	303.171
71	243.429	1	1.56059e+06	1	1.09764e+06	1	1.23397e+06	1	1528.64	1	0	273.249	301.462
71	243.429	1	1.56059e+06	1	1.09764e+06	1	1.23397e+06	1	1528.64	1	0.001	273.249	301.462
71	243.429	1	1.56059e+06	1	1.09764e+06	1	1.23397e+06	1	1528.64	1	0.00316228	273.25	301.462
71	243.429	1	1.56059e+06	1	1.09764e+06	1	1.23397e+06	1	1528.64	1	0.01	273.25	301.462
71	243.429	1	1.56059e+06	1	1.09764e+06	1	1.23397e+06	1	1528.64	1	0.0316228	273.251	301.462
71	243.429	1	1.56059e+06	1	1.09764e+06	1	1.23397e+06	1	1528.64	1	0.1	273.254	301.463
71	243.429	1	1.56059e+06	1	1.09764e+06	1	1.23397e+06	1	1528.64	1	0.316228	273.263	301.466
71	243.429	1	1.56059e+06	1	1.09764e+06	1	1.23397e+06	1	1528.64	1	1	273.294	301.476
71	243.429	1	1.56059e+06	1	1.09764e+06	1	1.23397e+06	1	1528.64	1	3.16228	273.389	301.506
71	243.429	1	1.56059e+06	1	1.09764e+06	1	1.23397e+06	1	1528.64	1	10	273.678	301.597
71	243.429	1	1.56059e+06	1	1.09764e+06	1	1.23397e+06	1	1528.64	1	31.6228	274.499	301.86
71	243.429	1	1.56059e+06	1	1.09764e+06	1	1.23397e+06	1	1528.64	1	100	276.584	302.574
72	165.272	1	1.69441e+06	1	925116	1	620631	1	1512.7	1	0	273.249	301.462
72	165.272	1	1.69441e+06	1	925116	1	620631	1	1512.7	1	0.001	273.249	301.462
72	165.272	1	1.69441e+06	1	925116	1	620631	1	1512.7	1	0.00316228	273.25	301.462
72	165.272	1	1.69441e+06	1	925116	1	620631	1	1512.7	1	0.01	273.25	301.462
72	165.272	1	1.69441e+06	1	925116	1	620631	1	1512.7	1	0.0316228	273.251	301.462
72	165.272	1	1.69441e+06	1	925116	1	620631	1	1512.7	1	0.1	273.256	301.464
72	165.272	1	1.69441e+06	1	925116	1	620631	1	1512.7	1	0.316228	273.27	301.468
72	165.272	1	1.69441e+06	1	925116	1	620631	1	1512.7	1	1	273.314	301.482
72	165.272	1	1.69441e+06	1	925116	1	620631	1	1512.7	1	3.16228	273.452	301.525
72	165.272	1	1.69441e+06	1	925116	1	620631	1	1512.7	1	10	273.865	301.654
72	165.272	1	1.69441e+06	1	925116	1	620631	1	1512.7	1	31.6228	275.013	302.02
72	165.272	1	1.69441e+06	1	925116	1	620631	1	1512.7	1	100	277.618	302.922
73	193.093	1	394465	1	760083	1	1.30586e+06	1	2010.35	1	0	273.249	301.462
73	193.093	1	394465	1	760083	1	1.30586e+06	1	2010.35	1	0.001	273.249	301.462
73	193.093	1	394465	1	760083	1	1.30586e+06	1	2010.35	1	0.00316228	273.25	301.462
73	193.093	1	394465	1	760083	1	1.30586e+06	1	2010.35	1	0.01	273.25	301.462
73	193.093	1	394465	1	760083	1	1.30586e+06	1	2010.35	1	0.0316228	273.251	301.462
73	193.093	1	394465	1	760083	1	1.30586e+06	1	2010.35	1	0.1	273.255	301.463
73	193.093	1	394465	1	760083	1	1.30586e+06	1	2010.35	1	0.316228	273.267	301.467
73	193.093	1	394465	1	760083	1	1.30586e+06	1	2010.35	1	1	273.305	301.479
73	193.093	1	394465	1	760083	1	1.30586e+06	1	2010.35	1	3.16228	273.422	301.515
73	193.093	1	394465	1	760083	1	1.30586e+06	1	2010.35	1	10	273.778	301.624
73	193.093	1	394465	1	760083	1	1.30586e+06	1	2010.35	1	31.6228	274.773	301.935
73	193.093	1	394465	1	760083	1	1.30586e+06	1	2010.35	1	100	277.152	302.735
74	108.27	1	524754	1	636371	1	1.95742e+06	1	1571.58	1	0	273.249	301.462
74	108.27	1	524754	1	636371	1	1.95742e+06	1	1571.58	1	0.001	273.25	301.462
74	108.27	1	524754	1	636371	1	1.95742e+06	1	1571.58	1	0.00316228	273.25	301.462
74	108.27	1	524754	1	636371	1	1.95742e+06	1	1571.58	1	0.01	273.25	301.462
74	108.27	1	524754	1	636371	1	1.95742e+06	1	1571.58	1	0.0316228	273.253	301.463
74	108.27	1	524754	1	636371	1	1.95742e+06	1	1571.58	1	0.1	273.259	301.465
74	108.27	1	524754	1	636371	1	1.95742e+06	1	1571.58	1	0.316228	273.281	301.471
74	108.27	1	524754	1	636371	1	1.95742e+06	1	1571.58	1	1	273.347	301.491
74	108.27	1	524754	1	636371	1	1.95742e+06	1	1571.58	1	3.16228	273.553	301.554
74	108.27	1	524754	1	636371	1	1.95742e+06	1	1571.58	1	10	274.154	301.738
74	108.27	1	524754	1	636371	1	1.95742e+06	1	1571.58	1	31.6228	275.752	302.245
74	108.27	1	524754	1	636371	1	1.95742e+06	1	1571.58	1	100	278.756	303.337
75	209.753	1	597818	1	1.19541e+06	1	1.5184e+06	1	1049.62	1	0	273.249	301.462
75	209.753	1	597818	1	1.19541e+06	1	1.5184e+06	1	1049.62	1	0.001	273.249	301.462
75	209.753	1	597818	1	1.19541e+06	1	1.5184e+06	1	1049.62	1	0.00316228	273.25	301.462
75	209.753	1	597818	1	1.19541e+06	1	1.5184e+06	1	1049.62	1	0.01	273.25	301.462
75	209.753	1	597818	1	1.19541e+06	1	1.5184e+06	1	1049.62	1	0.0316228	273.251	301.462
75	209.753	1	597818	1	1.19541e+06	1	1.5184e+06	1	1049.62	1	0.1	273.255	301.463
75	209.753	1	597818	1	1.19541e+06	1	1.5184e+06	1	1049.62	1	0.316228	273.266	301.467
75	209.753	1	597818	1	1.19541e+06	1	1.5184e+06	1	1049.62	1	1	273.301	301.478
75	209.753	1	597818	1	1.19541e+06	1	1.5184e+06	1	1049.62	1	3.16228	273.411	301.513
75	209.753	1	597818	1	1.19541e+06	1	1.5184e+06	1	1049.62	1	10	273.745	301.621
75	209.753	1	597818	1	1.19541e+06	1	1.5184e+06	1	1049.62	1	31.6228	274.683	301.926
75	209.753	1	597818	1	1.19541e+06	1	1.5184e+06	1	1049.62	1	100	276.99	302.738
76	158.628	1	3.87393e+06	1	302827	1	449044	1	2345.79	1	0	273.249	301.462
76	158.628	1	3.87393e+06	1	302827	1	449044	1	2345.79	1	0.001	273.249	301.462
76	158.628	1	3.87393e+06	1	302827	1	449044	1	2345.79	1	0.00316228	273.25	301.462
76	158.628	1	3.87393e+06	1	302827	1	449044	1	2345.79	1	0.01	273.25	301.462
76	158.628	1	3.87393e+06	1	302827	1	449044	1	2345.79	1	0.0316228	273.252	301.462
76	158.628	1	3.87393e+06	1	302827	1	449044	1	2345.79	1	0.1	273.256	301.464
76	158.628	1	3.87393e+06	1	302827	1	449044	1	2345.79	1	0.316228	273.271	301.468
76	158.628	1	3.87393e+06	1	302827	1	449044	1	2345.79	1	1	273.317	301.482
76	158.628	1	3.87393e+06	1	302827	1	449044	1	2345.79	1	3.16228	273.459	301.526
76	158.628	1	3.87393e+06	1	302827	1	449044	1	2345.79	1	10	273.887	301.658
76	158.628	1	3.87393e+06	1	302827	1	449044	1	2345.79	1	31.6228	275.071	302.033
76	158.628	1	3.87393e+06	1	302827	1	449044	1	2345.79	1	100	277.713	302.94
77	143.962	1	1.44529e+06	1	796502	1	2.209e+06	1	1694.47	1	0	273.249	301.462
77	143.962	1	1.44529e+06	1	796502	1	2.209e+06	1	1694.47	1	0.001	273.249	301.462
77	143.962	1	1.44529e+06	1	796502	1	2.209e+06	1	1694.47	1	0.00316228	273.25	301.462
77	143.962	1	1.44529e+06	1	796502	1	2.209e+06	1	1694.47	1	0.01	273.25	301.462
77	143.962	1	1.44529e+06	1	796502	1	2.209e+06	1	1694.47	1	0.0316228	273.252	301.462
77	143.962	1	1.44529e+06	1	796502	1	2.209e+06	1	1694.47	1	0.1	273.257	301.464
77	143.962	1	1.44529e+06	1	796502	1	2.209e+06	1	1694.47	1	0.316228	273.273	301.469
77	143.962	1	1.44529e+06	1	796502	1	2.209e+06	1	1694.47	1	1	273.323	301.484
77	143.962	1	1.44529e+06	1	796502	1	2.209e+06	1	1694.47	1	3.16228	273.48	301.532
77	143.962	1	1.44529e+06	1	796502	1	2.209e+06	1	1694.47	1	10	273.947	301.676
77	143.962	1	1.44529e+06	1	796502	1	2.209e+06	1	1694.47	1	31.6228	275.229	302.082
77	143.962	1	1.44529e+06	1	796502	1	2.209e+06	1	1694.47	1	100	277.97	303.04
78	134.768	1	1.10653e+06	1	756063	1	1.5081e+06	1	1831.75	1	0	273.249	301.462
78	134.768	1	1.10653e+06	1	756063	1	1.5081e+06	1	1831.75	1	0.001	273.25	301.462
78	134.768	1	1.10653e+06	1	756063	1	1.5081e+06	1	1831.75	1	0.00316228	273.25	301.462
78	134.768	1	1.10653e+06	1	756063	1	1.5081e+06	1	1831.75	1	0.01	273.25	301.462
78	134.768	1	1.10653e+06	1	756063	1	1.5081e+06	1	1831.75	1	0.0316228	273.252	301.462
78	134.768	1	1.10653e+06	1	756063	1	1.5081e+06	1	1831.75	1	0.1	273.257	301.464
78	134.768	1	1.10653e+06	1	756063	1	1.5081e+06	1	1831.75	1	0.316228	273.275	301.469
78	134.768	1	1.10653e+06	1	756063	1	1.5081e+06	1	1831.75	1	1	273.328	301.486
78	134.768	1	1.10653e+06	1	756063	1	1.5081e+06	1	1831.75	1	3.16228	273.495	301.537
78	134.768	1	1.10653e+06	1	756063	1	1.5081e+06	1	1831.75	1	10	273.99	301.689
78	134.768	1	1.10653e+06	1	756063	1	1.5081e+06	1	1831.75	1	31.6228	275.341	302.115
78	134.768	1	1.10653e+06	1	756063	1	1.5081e+06	1	1831.75	1	100	278.146	303.101
79	197.709	1	733492	1	470045	1	847632	1	2034.94	1	0	273.249	301.462
79	197.709	1	733492	1	470045	1	847632	1	2034.94	1	0.001	273.249	301.462
79	197.709	1	733492	1	470045	1	847632	1	2034.94	1	0.00316228	273.25	301.462
79	197.709	1	733492	1	470045	1	847632	1	2034.94	1	0.01	273.25	301.462
79	197.709	1	733492	1	470045	1	847632	1	2034.94	1	0.0316228	273.251	301.462
79	197.709	1	733492	1	470045	1	847632	1	2034.94	1	0.1	273.255	301.463
79	197.709	1	733492	1	470045	1	847632	1	2034.94	1	0.316228	273.267	301.467
79	197.709	1	733492	1	470045	1	847632	1	2034.94	1	1	273.304	301.478
79	197.709	1	733492	1	470045	1	847632	1	2034.94	1	3.16228	273.419	301.514
79	197.709	1	733492	1	470045	1	847632	1	2034.94	1	10	273.768	301.622
79	197.709	1	733492	1	470045	1	847632	1	2034.94	1	31.6228	274.745	301.93
79	197.709	1	733492	1	470045	1	847632	1	2034.94	1	100	277.102	302.727
80	129.888	1	599402	1	1.03391e+06	1	1.40523e+06	1	2169.44	1	0	273.249	301.462
80	129.888	1	599402	1	1.03391e+06	1	1.40523e+06	1	2169.44	1	0.001	273.25	301.462
80	129.888	1	599402	1	1.03391e+06	1	1.40523e+06	1	2169.44	1	0.00316228	273.25	301.462
80	129.888	1	599402	1	1.03391e+06	1	1.40523e+06	1	2169.44	1	0.01	273.25	301.462
80	129.888	1	599402	1	1.03391e+06	1	1.40523e+06	1	2169.44	1	0.0316228	273.252	301.462
80	129.888	1	599402	1	1.03391e+06	1	1.40523e+06	1	2169.44	1	0.1	273.258	301.464
80	129.888	1	599402	1	1.03391e+06	1	1.40523e+06	1	2169.44	1	0.316228	273.275	301.469
80	129.888	1	599402	1	1.03391e+06	1	1.40523e+06	1	2169.44	1	1	273.331	301.486
80	129.888	1	599402	1	1.03391e+06	1	1.40523e+06	1	2169.44	1	3.16228	273.503	301.539
80	129.888	1	599402	1	1.03391e+06	1	1.40523e+06	1	2169.44	1	10	274.014	301.694
80	129.888	1	599402	1	1.03391e+06	1	1.40523e+06	1	2169.44	1	31.6228	275.4	302.129
80	129.888	1	599402	1	1.03391e+06	1	1.40523e+06	1	2169.44	1	100	278.233	303.119
81	250.534	1	1.22728e+06	1	926704	1	992726	1	1211.07	1	0	273.249	301.462
81	250.534	1	1.22728e+06	1	926704	1	992726	1	1211.07	1	0.001	273.249	301.462
81	250.534	1	1.22728e+06	1	926704	1	992726	1	1211.07	1	0.00316228	273.25	301.462
81	250.534	1	1.22728e+06	1	926704	1	992726	1	1211.07	1	0.01	273.25	301.462
81	250.534	1	1.22728e+06	1	926704	1	992726	1	1211.07	1	0.0316228	273.251	301.462
81	250.534	1	1.22728e+06	1	926704	1	992726	1	1211.07	1	0.1	273.254	301.463
81	250.534	1	1.22728e+06	1	926704	1	992726	1	1211.07	1	0.316228	273.263	301.466
81	250.534	1	1.22728e+06	1	926704	1	992726	1	1211.07	1	1	273.293	301.476
81	250.534	1	1.22728e+06	1	926704	1	992726	1	1211.07	1	3.16228	273.386	301.505
81	250.534	1	1.22728e+06	1	926704	1	992726	1	1211.07	1	10	273.669	301.597
81	250.534	1	1.22728e+06	1	926704	1	992726	1	1211.07	1	31.6228	274.476	301.86
81	250.534	1	1.22728e+06	1	926704	1	992726	1	1211.07	1	100	276.535	302.579
82	154.424	1	2.24078e+06	1	680859	1	1.64438e+06	1	1400.13	1	0	273.249	301.462
82	154.424	1	2.24078e+06	1	680859	1	1.64438e+06	1	1400.13	1	0.001	273.249	301.462
82	154.424	1	2.24078e+06	1	680859	1	1.64438e+06	1	1400.13	1	0.00316228	273.25	301.462
82	154.424	1	2.24078e+06	1	680859	1	1.64438e+06	1	1400.13	1	0.01	273.25	301.462
82	154.424	1	2.24078e+06	1	680859	1	1.64438e+06	1	1400.13	1	0.0316228	273.252	301.462
82	154.424	1	2.24078e+06	1	680859	1	1.64438e+06	1	1400.13	1	0.1	273.256	301.464
82	154.424	1	2.24078e+06	1	680859	1	1.64438e+06	1	1400.13	1	0.316228	273.271	301.468
82	154.424	1	2.24078e+06	1	680859	1	1.64438e+06	1	1400.13	1	1	273.319	301.483
82	154.424	1	2.24078e+06	1	680859	1	1.64438e+06	1	1400.13	1	3.16228	273.466	301.529
82	154.424	1	2.24078e+06	1	680859	1	1.64438e+06	1	1400.13	1	10	273.905	301.666
82	154.424	1	2.24078e+06	1	680859	1	1.64438e+06	1	1400.13	1	31.6228	275.12	302.055
82	154.424	1	2.24078e+06	1	680859	1	1.64438e+06	1	1400.13	1	100	277.798	302.993
83	179.091	1	1.11754e+06	1	876843	1	1.46238e+06	1	1831.03	1	0	273.249	301.462
83	179.091	1	1.11754e+06	1	876843	1	1.46238e+06	1	1831.03	1	0.001	273.249	301.462
83	179.091	1	1.11754e+06	1	876843	1	1.46238e+06	1	1831.03	1	0.00316228	273.25	301.462
83	179.091	1	1.11754e+06	1	876843	1	1.46238e+06	1	1831.03	1	0.01	273.25	301.462
83	179.091	1	1.11754e+06	1	876843	1	1.46238e+06	1	1831.03	1	0.0316228	273.251	301.462
83	179.091	1	1.11754e+06	1	876843	1	1.46238e+06	1	1831.03	1	0.1	273.255	301.463
83	179.091	1	1.11754e+06	1	876843	1	1.46238e+06	1	1831.03	1	0.316228	273.268	301.467
83	179.091	1	1.11754e+06	1	876843	1	1.46238e+06	1	1831.03	1	1	273.309	301.48
83	179.091	1	1.11754e+06	1	876843	1	1.46238e+06	1	1831.03	1	3.16228	273.436	301.519
83	179.091	1	1.11754e+06	1	876843	1	1.46238e+06	1	1831.03	1	10	273.818	301.638
83	179.091	1	1.11754e+06	1	876843	1	1.46238e+06	1	1831.03	1	31.6228	274.885	301.974
83	179.091	1	1.11754e+06	1	876843	1	1.46238e+06	1	1831.03	1	100	277.373	302.82
84	110.221	1	1.56682e+06	1	1.60606e+06	1	1.92426e+06	1	1955.2	1	0	273.249	301.462
84	110.221	1	1.56682e+06	1	1.60606e+06	1	1.92426e+06	1	1955.2	1	0.001	273.25	301.462
84	110.221	1	1.56682e+06	1	1.60606e+06	1	1.92426e+06	1	1955.2	1	0.00316228	273.25	301.462
84	110.221	1	1.56682e+06	1	1.60606e+06	1	1.92426e+06	1	1955.2	1	0.01	273.25	301.462
84	110.221	1	1.56682e+06	1	1.60606e+06	1	1.92426e+06	1	1955.2	1	0.0316228	273.252	301.462
84	110.221	1	1.56682e+06	1	1.60606e+06	1	1.92426e+06	1	1955.2	1	0.1	273.259	301.465
84	110.221	1	1.56682e+06	1	1.60606e+06	1	1.92426e+06	1	1955.2	1	0.316228	273.28	301.471
84	110.221	1	1.56682e+06	1	1.60606e+06	1	1.92426e+06	1	1955.2	1	1	273.346	301.491
84	110.221	1	1.56682e+06	1	1.60606e+06	1	1.92426e+06	1	1955.2	1	3.16228	273.547	301.552
84	110.221	1	1.56682e+06	1	1.60606e+06	1	1.92426e+06	1	1955.2	1	10	274.139	301.732
84	110.221	1	1.56682e+06	1	1.60606e+06	1	1.92426e+06	1	1955.2	1	31.6228	275.713	302.229
84	110.221	1	1.56682e+06	1	1.60606e+06	1	1.92426e+06	1	1955.2	1	100	278.7	303.302
85	135.864	1	724834	1	976653	1	2.49498e+06	1	1253.59	1	0	273.249	301.462
85	135.864	1	724834	1	976653	1	2.49498e+06	1	1253.59	1	0.001	273.25	301.462
85	135.864	1	724834	1	976653	1	2.49498e+06	1	1253.59	1	0.00316228	273.25	301.462
85	135.864	1	724834	1	976653	1	2.49498e+06	1	1253.59	1	0.01	273.25	301.462
85	135.864	1	724834	1	976653	1	2.49498e+06	1	1253.59	1	0.0316228	273.252	301.462
85	135.864	1	724834	1	976653	1	2.49498e+06	1	1253.59	1	0.1	273.257	301.464
85	135.864	1	724834	1	976653	1	2.49498e+06	1	1253.59	1	0.316228	273.274	301.469
85	135.864	1	724834	1	976653	1	2.49498e+06	1	1253.59	1	1	273.328	301.486
85	135.864	1	724834	1	976653	1	2.49498e+06	1	1253.59	1	3.16228	273.494	301.537
85	135.864	1	724834	1	976653	1	2.49498e+06	1	1253.59	1	10	273.987	301.691
85	135.864	1	724834	1	976653	1	2.49498e+06	1	1253.59	1	31.6228	275.335	302.122
85	135.864	1	724834	1	976653	1	2.49498e+06	1	1253.59	1	100	278.144	303.127
86	143.134	1	697048	1	832665	1	900338	1	1688.85	1	0	273.249	301.462
86	143.134	1	697048	1	832665	1	900338	1	1688.85	1	0.001	273.249	301.462
86	143.134	1	697048	1	832665	1	900338	1	1688.85	1	0.00316228	273.25	301.462
86	143.134	1	697048	1	832665	1	900338	1	1688.85	1	0.01	273.25	301.462
86	143.134	1	697048	1	832665	1	900338	1	1688.85	1	0.0316228	273.252	301.462
86	143.134	1	697048	1	832665	1	900338	1	1688.85	1	0.1	273.257	301.464
86	143.134	1	697048	1	832665	1	900338	1	1688.85	1	0.316228	273.273	301.469
86	143.134	1	697048	1	832665	1	900338	1	1688.85	1	1	273.324	301.484
86	143.134	1	697048	1	832665	1	900338	1	1688.85	1	3.16228	273.481	301.533
86	143.134	1	697048	1	832665	1	900338	1	1688.85	1	10	273.95	301.678
86	143.134	1	697048	1	832665	1	900338	1	1688.85	1	31.6228	275.239	302.086
86	143.134	1	697048	1	832665	1	900338	1	1688.85	1	100	277.986	303.046
87	146.41	1	593131	1	1.01351e+06	1	3.56364e+06	1	1585.12	1	0	273.249	301.462
87	146.41	1	593131	1	1.01351e+06	1	3.56364e+06	1	1585.12	1	0.001	273.249	301.462
87	146.41	1	593131	1	1.01351e+06	1	3.56364e+06	1	1585.12	1	0.00316228	273.25	301.462
87	146.41	1	593131	1	1.01351e+06	1	3.56364e+06	1	1585.12	1	0.01	273.25	301.462
87	146.41	1	593131	1	1.01351e+06	1	3.56364e+06	1	1585.12	1	0.0316228	273.252	301.462
87	146.41	1	593131	1	1.01351e+06	1	3.56364e+06	1	1585.12	1	0.1	273.257	301.464
87	146.41	1	593131	1	1.01351e+06	1	3.56364e+06	1	1585.12	1	0.316228	273.273	301.469
87	146.41	1	593131	1	1.01351e+06	1	3.56364e+06	1	1585.12	1	1	273.322	301.484
87	146.41	1	593131	1	1.01351e+06	1	3.56364e+06	1	1585.12	1	3.16228	273.476	301.531
87	146.41	1	593131	1	1.01351e+06	1	3.56364e+06	1	1585.12	1	10	273.936	301.673
87	146.41	1	593131	1	1.01351e+06	1	3.56364e+06	1	1585.12	1	31.6228	275.2	302.073
87	146.41	1	593131	1	1.01351e+06	1	3.56364e+06	1	1585.12	1	100	277.92	303.021
88	205.714	1	799616	1	982698	1	1.08194e+06	1	1087.24	1	0	273.249	301.462
88	205.714	1	799616	1	982698	1	1.08194e+06	1	1087.24	1	0.001	273.249	301.462
88	205.714	1	799616	1	982698	1	1.08194e+06	1	1087.24	1	0.00316228	273.25	301.462
88	205.714	1	799616	1	982698	1	1.08194e+06	1	1087.24	1	0.01	273.25	301.462
88	205.714	1	799616	1	982698	1	1.08194e+06	1	1087.24	1	0.0316228	273.251	301.462
88	205.714	1	799616	1	982698	1	1.08194e+06	1	1087.24	1	0.1	273.255	301.463
88	205.714	1	799616	1	982698	1	1.08194e+06	1	1087.24	1	0.316228	273.266	301.467
88	205.714	1	799616	1	982698	1	1.08194e+06	1	1087.24	1	1	273.302	301.478
88	205.714	1	799616	1	982698	1	1.08194e+06	1	1087.24	1	3.16228	273.414	301.514
88	205.714	1	799616	1	982698	1	1.08194e+06	1	1087.24	1	10	273.754	301.623
88	205.714	1	799616	1	982698	1	1.08194e+06	1	1087.24	1	31.6228	274.709	301.934
88	205.714	1	799616	1	982698	1	1.08194e+06	1	1087.24	1	100	277.043	302.755
89	175.002	1	1.45912e+06	1	1.46259e+06	1	716049	1	1598.73	1	0	273.249	301.462
89	175.002	1	1.45912e+06	1	1.46259e+06	1	716049	1	1598.73	1	0.001	273.249	301.462
89	175.002	1	1.45912e+06	1	1.46259e+06	1	716049	1	1598.73	1	0.00316228	273.25	301.462
89	175.002	1	1.45912e+06	1	1.46259e+06	1	716049	1	1598.73	1	0.01	273.25	301.462
89	175.002	1	1.45912e+06	1	1.46259e+06	1	716049	1	1598.73	1	0.0316228	273.251	301.462
89	175.002	1	1.45912e+06	1	1.46259e+06	1	716049	1	1598.73	1	0.1	273.256	301.463
89	175.002	1	1.45912e+06	1	1.46259e+06	1	716049	1	1598.73	1	0.316228	273.269	301.468
89	175.002	1	1.45912e+06	1	1.46259e+06	1	716049	1	1598.73	1	1	273.311	301.481
89	175.002	1	1.45912e+06	1	1.46259e+06	1	716049	1	1598.73	1	3.16228	273.441	301.521
89	175.002	1	1.45912e+06	1	1.46259e+06	1	716049	1	1598.73	1	10	273.832	301.643
89	175.002	1	1.45912e+06	1	1.46259e+06	1	716049	1	1598.73	1	31.6228	274.924	301.99
89	175.002	1	1.45912e+06	1	1.46259e+06	1	716049	1	1598.73	1	100	277.452	302.859
90	158.912	1	911052	1	1.43962e+06	1	618072	1	1380.73	1	0	273.249	301.462
90	158.912	1	911052	1	1.43962e+06	1	618072	1	1380.73	1	0.001	273.249	301.462
90	158.912	1	911052	1	1.43962e+06	1	618072	1	1380.73	1	0.00316228	273.25	301.462
90	158.912	1	911052	1	1.43962e+06	1	618072	1	1380.73	1	0.01	273.25	301.462
90	158.912	1	911052	1	1.43962e+06	1	618072	1	1380.73	1	0.0316228	273.252	301.462
90	158.912	1	911052	1	1.43962e+06	1	618072	1	1380.73	1	0.1	273.256	301.464
90	158.912	1	911052	1	1.43962e+06	1	618072	1	1380.73	1	0.316228	273.271	301.468
90	158.912	1	911052	1	1.43962e+06	1	618072	1	1380.73	1	1	273.317	301.483
90	158.912	1	911052	1	1.43962e+06	1	618072	1	1380.73	1	3.16228	273.46	301.527
90	158.912	1	911052	1	1.43962e+06	1	618072	1	1380.73	1	10	273.888	301.661
90	158.912	1	911052	1	1.43962e+06	1	618072	1	1380.73	1	31.6228	275.075	302.041
90	158.912	1	911052	1	1.43962e+06	1	618072	1	1380.73	1	100	277.724	302.967
91	116.679	1	1.77414e+06	1	828739	1	1.60038e+06	1	2240.05	1	0	273.249	301.462
91	116.679	1	1.77414e+06	1	828739	1	1.60038e+06	1	2240.05	1	0.001	273.25	301.462
91	116.679	1	1.77414e+06	1	828739	1	1.60038e+06	1	2240.05	1	0.00316228	273.25	301.462
91	116.679	1	1.77414e+06	1	828739	1	1.60038e+06	1	2240.05	1	0.01	273.25	301.462
91	116.679	1	1.77414e+06	1	828739	1	1.60038e+06	1	2240.05	1	0.0316228	273.252	301.462
91	116.679	1	1.77414e+06	1	828739	1	1.60038e+06	1	2240.05	1	0.1	273.259	301.464
91	116.679	1	1.77414e+06	1	828739	1	1.60038e+06	1	2240.05	1	0.316228	273.278	301.47
91	116.679	1	1.77414e+06	1	828739	1	1.60038e+06	1	2240.05	1	1	273.34	301.489
91	116.679	1	1.77414e+06	1	828739	1	1.60038e+06	1	2240.05	1	3.16228	273.531	301.547
91	116.679	1	1.77414e+06	1	828739	1	1.60038e+06	1	2240.05	1	10	274.093	301.718
91	116.679	1	1.77414e+06	1	828739	1	1.60038e+06	1	2240.05	1	31.6228	275.601	302.192
91	116.679	1	1.77414e+06	1	828739	1	1.60038e+06	1	2240.05	1	100	278.538	303.235
92	257.43	1	1.78381e+06	1	426020	1	1.243e+06	1	1439.63	1	0	273.249	301.462
92	257.43	1	1.78381e+06	1	426020	1	1.243e+06	1	1439.63	1	0.001	273.249	301.462
92	257.43	1	1.78381e+06	1	426020	1	1.243e+06	1	1439.63	1	0.00316228	273.25	301.462
92	257.43	1	1.78381e+06	1	426020	1	1.243e+06	1	1439.63	1	0.01	273.25	301.462
92	257.43	1	1.78381e+06	1	426020	1	1.243e+06	1	1439.63	1	0.0316228	273.251	301.462
92	257.43	1	1.78381e+06	1	426020	1	1.243e+06	1	1439.63	1	0.1	273.254	301.463
92	257.43	1	1.78381e+06	1	426020	1	1.243e+06	1	1439.63	1	0.316228	273.263	301.466
92	257.43	1	1.78381e+06	1	426020	1	1.243e+06	1	1439.63	1	1	273.292	301.475
92	257.43	1	1.78381e+06	1	426020	1	1.243e+06	1	1439.63	1	3.16228	273.382	301.504
92	257.43	1	1.78381e+06	1	426020	1	1.243e+06	1	1439.63	1	10	273.657	301.592
92	257.43	1	1.78381e+06	1	426020	1	1.243e+06	1	1439.63	1	31.6228	274.443	301.847
92	257.43	1	1.78381e+06	1	426020	1	1.243e+06	1	1439.63	1	100	276.457	302.542
93	183.093	1	1.09291e+06	1	902395	1	1.3848e+06	1	5431.23	1	0	273.249	301.462
93	183.093	1	1.09291e+06	1	902395	1	1.3848e+06	1	5431.23	1	0.001	273.249	301.462
93	183.093	1	1.09291e+06	1	902395	1	1.3848e+06	1	5431.23	1	0.00316228	273.25	301.462
93	183.093	1	1.09291e+06	1	902395	1	1.3848e+06	1	5431.23	1	0.01	273.25	301.462
93	183.093	1	1.09291e+06	1	902395	1	1.3848e+06	1	5431.23	1	0.0316228	273.251	301.462
93	183.093	1	1.09291e+06	1	902395	1	1.3848e+06	1	5431.23	1	0.1	273.255	301.463
93	183.093	1	1.09291e+06	1	902395	1	1.3848e+06	1	5431.23	1	0.316228	273.268	301.467
93	183.093	1	1.09291e+06	1	902395	1	1.3848e+06	1	5431.23	1	1	273.307	301.479
93	183.093	1	1.09291e+06	1	902395	1	1.3848e+06	1	5431.23	1	3.16228	273.43	301.516
93	183.093	1	1.09291e+06	1	902395	1	1.3848e+06	1	5431.23	1	10	273.801	301.628
93	183.093	1	1.09291e+06	1	902395	1	1.3848e+06	1	5431.23	1	31.6228	274.837	301.945
93	183.093	1	1.09291e+06	1	902395	1	1.3848e+06	1	5431.23	1	100	277.267	302.738
94	63.285	1	608215	1	1.17315e+06	1	665312	1	834.71	1	0	273.249	301.462
94	63.285	1	608215	1	1.17315e+06	1	665312	1	834.71	1	0.001	273.25	301.462
94	63.285	1	608215	1	1.17315e+06	1	665312	1	834.71	1	0.00316228	273.25	301.462
94	63.285	1	608215	1	1.17315e+06	1	665312	1	834.71	1	0.01	273.251	301.462
94	63.285	1	608215	1	1.17315e+06	1	665312	1	834.71	1	0.0316228	273.255	301.463
94	63.285	1	608215	1	1.17315e+06	1	665312	1	834.71	1	0.1	273.266	301.467
94	63.285	1	608215	1	1.17315e+06	1	665312	1	834.71	1	0.316228	273.303	301.478
94	63.285	1	608215	1	1.17315e+06	1	665312	1	834.71	1	1	273.416	301.513
94	63.285	1	608215	1	1.17315e+06	1	665312	1	834.71	1	3.16228	273.76	301.618
94	63.285	1	608215	1	1.17315e+06	1	665312	1	834.71	1	10	274.722	301.916
94	63.285	1	608215	1	1.17315e+06	1	665312	1	834.71	1	31.6228	277.05	302.69
94	63.285	1	608215	1	1.17315e+06	1	665312	1	834.71	1	100	279.775	303.953
95	185.678	1	1.49305e+06	1	950702	1	3.92105e+06	1	828.486	1	0	273.249	301.462
95	185.678	1	1.49305e+06	1	950702	1	3.92105e+06	1	828.486	1	0.001	273.249	301.462
95	185.678	1	1.49305e+06	1	950702	1	3.92105e+06	1	828.486	1	0.00316228	273.25	301.462
95	185.678	1	1.49305e+06	1	950702	1	3.92105e+06	1	828.486	1	0.01	273.25	301.462
95	185.678	1	1.49305e+06	1	950702	1	3.92105e+06	1	828.486	1	0.0316228	273.251	301.462
95	185.678	1	1.49305e+06	1	950702	1	3.92105e+06	1	828.486	1	0.1	273.255	301.463
95	185.678	1	1.49305e+06	1	950702	1	3.92105e+06	1	828.486	1	0.316228	273.268	301.468
95	185.678	1	1.49305e+06	1	950702	1	3.92105e+06	1	828.486	1	1	273.308	301.48
95	185.678	1	1.49305e+06	1	950702	1	3.92105e+06	1	828.486	1	3.16228	273.433	301.521
95	185.678	1	1.49305e+06	1	950702	1	3.92105e+06	1	828.486	1	10	273.809	301.643
95	185.678	1	1.49305e+06	1	950702	1	3.92105e+06	1	828.486	1	31.6228	274.861	301.992
95	185.678	1	1.49305e+06	1	950702	1	3.92105e+06	1	828.486	1	100	277.347	302.888
96	252.643	1	1.9409e+06	1	894068	1	893864	1	1536.91	1	0	273.249	301.462
96	252.643	1	1.9409e+06	1	894068	1	893864	1	1536.91	1	0.001	273.249	301.462
96	252.643	1	1.9409e+06	1	894068	1	893864	1	1536.91	1	0.00316228	273.25	301.462
96	252.643	1	1.9409e+06	1	894068	1	893864	1	1536.91	1	0.01	273.25	301.462
96	252.643	1	1.9409e+06	1	894068	1	893864	1	1536.91	1	0.0316228	273.251	301.462
96	252.643	1	1.9409e+06	1	894068	1	893864	1	1536.91	1	0.1	273.254	301.463
96	252.643	1	1.9409e+06	1	894068	1	893864	1	1536.91	1	0.316228	273.263	301.466
96	252.643	1	1.9409e+06	1	894068	1	893864	1	1536.91	1	1	273.292	301.475
96	252.643	1	1.9409e+06	1	894068	1	893864	1	1536.91	1	3.16228	273.384	301.504
96	252.643	1	1.9409e+06	1	894068	1	893864	1	1536.91	1	10	273.663	301.593
96	252.643	1	1.9409e+06	1	894068	1	893864	1	1536.91	1	31.6228	274.46	301.85
96	252.643	1	1.9409e+06	1	894068	1	893864	1	1536.91	1	100	276.496	302.547
97	148.295	1	595372	1	1.21485e+06	1	1.74461e+06	1	3753.85	1	0	273.249	301.462
97	148.295	1	595372	1	1.21485e+06	1	1.74461e+06	1	3753.85	1	0.001	273.249	301.462
97	148.295	1	595372	1	1.21485e+06	1	1.74461e+06	1	3753.85	1	0.00316228	273.25	301.462
97	148.295	1	595372	1	1.21485e+06	1	1.74461e+06	1	3753.85	1	0.01	273.25	301.462
97	148.295	1	595372	1	1.21485e+06	1	1.74461e+06	1	3753.85	1	0.0316228	273.252	301.462
97	148.295	1	595372	1	1.21485e+06	1	1.74461e+06	1	3753.85	1	0.1	273.257	301.464
97	148.295	1	595372	1	1.21485e+06	1	1.74461e+06	1	3753.85	1	0.316228	273.272	301.468
97	148.295	1	595372	1	1.21485e+06	1	1.74461e+06	1	3753.85	1	1	273.321	301.483
97	148.295	1	595372	1	1.21485e+06	1	1.74461e+06	1	3753.85	1	3.16228	273.472	301.529
97	148.295	1	595372	1	1.21485e+06	1	1.74461e+06	1	3753.85	1	10	273.923	301.665
97	148.295	1	595372	1	1.21485e+06	1	1.74461e+06	1	3753.85	1	31.6228	275.163	302.047
97	148.295	1	595372	1	1.21485e+06	1	1.74461e+06	1	3753.85	1	100	277.846	302.948
98	183.19	1	1.98098e+06	1	624099	1	775788	1	978.779	1	0	273.249	301.462
98	183.19	1	1.98098e+06	1	624099	1	775788	1	978.779	1	0.001	273.249	301.462
98	183.19	1	1.98098e+06	1	624099	1	775788	1	978.779	1	0.00316228	273.25	301.462
98	183.19	1	1.98098e+06	1	624099	1	775788	1	978.779	1	0.01	273.25	301.462
98	183.19	1	1.98098e+06	1	624099	1	775788	1	978.779	1	0.0316228	273.251	301.462
98	183.19	1	1.98098e+06	1	624099	1	775788	1	978.779	1	0.1	273.255	301.463
98	183.19	1	1.98098e+06	1	624099	1	775788	1	978.779	1	0.316228	273.268	301.468
98	183.19	1	1.98098e+06	1	624099	1	775788	1	978.779	1	1	273.309	301.481
98	183.19	1	1.98098e+06	1	624099	1	775788	1	978.779	1	3.16228	273.434	301.521
98	183.19	1	1.98098e+06	1	624099	1	775788	1	978.779	1	10	273.814	301.643
98	183.19	1	1.98098e+06	1	624099	1	775788	1	978.779	1	31.6228	274.876	301.992
98	183.19	1	1.98098e+06	1	624099	1	775788	1	978.779	1	100	277.375	302.884
99	157.064	1	1.79652e+06	1	1.10749e+06	1	535556	1	1186.79	1	0	273.249	301.462
99	157.064	1	1.79652e+06	1	1.10749e+06	1	535556	1	1186.79	1	0.001	273.249	301.462
99	157.064	1	1.79652e+06	1	1.10749e+06	1	535556	1	1186.79	1	0.00316228	273.25	301.462
99	157.064	1	1.79652e+06	1	1.10749e+06	1	535556	1	1186.79	1	0.01	273.25	301.462
99	157.064	1	1.79652e+06	1	1.10749e+06	1	535556	1	1186.79	1	0.0316228	273.252	301.462
99	157.064	1	1.79652e+06	1	1.10749e+06	1	535556	1	1186.79	1	0.1	273.256	301.464
99	157.064	1	1.79652e+06	1	1.10749e+06	1	535556	1	1186.79	1	0.316228	273.271	301.468
99	157.064	1	1.79652e+06	1	1.10749e+06	1	535556	1	1186.79	1	1	273.318	301.483
99	157.064	1	1.79652e+06	1	1.10749e+06	1	535556	1	1186.79	1	3.16228	273.463	301.529
99	157.064	1	1.79652e+06	1	1.10749e+06	1	535556	1	1186.79	1	10	273.897	301.666
99	157.064	1	1.79652e+06	1	1.10749e+06	1	535556	1	1186.79	1	31.6228	275.101	302.055
99	157.064	1	1.79652e+06	1	1.10749e+06	1	535556	1	1186.79	1	100	277.774	303.003
100	136.195	1	607524	1	993674	1	1.03868e+06	1	1374.03	1	0	273.249	301.462
100	136.195	1	607524	1	993674	1	1.03868e+06	1	1374.03	1	0.001	273.25	301.462
100	136.195	1	607524	1	993674	1	1.03868e+06	1	1374.03	1	0.00316228	273.25	301.462
100	136.195	1	607524	1	993674	1	1.03868e+06	1	1374.03	1	0.01	273.25	301.462
100	136.195	1	607524	1	993674	1	1.03868e+06	1	1374.03	1	0.0316228	273.252	301.462
100	136.195	1	607524	1	993674	1	1.03868e+06	1	1374.03	1	0.1	273.257	301.464
100	136.195	1	607524	1	993674	1	1.03868e+06	1	1374.03	1	0.316228	273.274	301.469
100	136.195	1	607524	1	993674	1	1.03868e+06	1	1374.03	1	1	273.328	301.486
100	136.195	1	607524	1	993674	1	1.03868e+06	1	1374.03	1	3.16228	273.493	301.537
100	136.195	1	607524	1	993674	1	1.03868e+06	1	1374.03	1	10	273.985	301.689
100	136.195	1	607524	1	993674	1	1.03868e+06	1	1374.03	1	31.6228	275.329	302.118
100	136.195	1	607524	1	993674	1	1.03868e+06	1	1374.03	1	100	278.132	303.116
101	160.673	1	1.30445e+06	1	1.06616e+06	1	1.44381e+06	1	1256.58	1	0	273.249	301.462
101	160.673	1	1.30445e+06	1	1.06616e+06	1	1.44381e+06	1	1256.58	1	0.001	273.249	301.462
101	160.673	1	1.30445e+06	1	1.06616e+06	1	1.44381e+06	1	1256.58	1	0.00316228	273.25	301.462
101	160.673	1	1.30445e+06	1	1.06616e+06	1	1.44381e+06	1	1256.58	1	0.01	273.25	301.462
101	160.673	1	1.30445e+06	1	1.06616e+06	1	1.44381e+06	1	1256.58	1	0.0316228	273.252	301.462
101	160.673	1	1.30445e+06	1	1.06616e+06	1	1.44381e+06	1	1256.58	1	0.1	273.256	301.464
101	160.673	1	1.30445e+06	1	1.06616e+06	1	1.44381e+06	1	1256.58	1	0.316228	273.271	301.468
101	160.673	1	1.30445e+06	1	1.06616e+06	1	1.44381e+06	1	1256.58	1	1	273.316	301.482
101	160.673	1	1.30445e+06	1	1.06616e+06	1	1.44381e+06	1	1256.58	1	3.16228	273.458	301.527
101	160.673	1	1.30445e+06	1	1.06616e+06	1	1.44381e+06	1	1256.58	1	10	273.882	301.66
101	160.673	1	1.30445e+06	1	1.06616e+06	1	1.44381e+06	1	1256.58	1	31.6228	275.06	302.038
101	160.673	1	1.30445e+06	1	1.06616e+06	1	1.44381e+06	1	1256.58	1	100	277.699	302.963
102	186.469	1	1.21766e+06	1	1.62551e+06	1	1.36186e+06	1	1577.4	1	0	273.249	301.462
102	186.469	1	1.21766e+06	1	1.62551e+06	1	1.36186e+06	1	1577.4	1	0.001	273.249	301.462
102	186.469	1	1.21766e+06	1	1.62551e+06	1	1.36186e+06	1	1577.4	1	0.00316228	273.25	301.462
102	186.469	1	1.21766e+06	1	1.62551e+06	1	1.36186e+06	1	1577.4	1	0.01	273.25	301.462
102	186.469	1	1.21766e+06	1	1.62551e+06	1	1.36186e+06	1	1577.4	1	0.0316228	273.251	301.462
102	186.469	1	1.21766e+06	1	1.62551e+06	1	1.36186e+06	1	1577.4	1	0.1	273.255	301.463
102	186.469	1	1.21766e+06	1	1.62551e+06	1	1.36186e+06	1	1577.4	1	0.316228	273.268	301.467
102	186.469	1	1.21766e+06	1	1.62551e+06	1	1.36186e+06	1	1577.4	1	1	273.307	301.479
102	186.469	1	1.21766e+06	1	1.62551e+06	1	1.36186e+06	1	1577.4	1	3.16228	273.429	301.518
102	186.469	1	1.21766e+06	1	1.62551e+06	1	1.36186e+06	1	1577.4	1	10	273.798	301.633
102	186.469	1	1.21766e+06	1	1.62551e+06	1	1.36186e+06	1	1577.4	1	31.6228	274.831	301.961
102	186.469	1	1.21766e+06	1	1.62551e+06	1	1.36186e+06	1	1577.4	1	100	277.272	302.797
103	207.941	1	1.6914e+06	1	856146	1	377104	1	1555.53	1	0	273.249	301.462
103	207.941	1	1.6914e+06	1	856146	1	377104	1	1555.53	1	0.001	273.249	301.462
103	207.941	1	1.6914e+06	1	856146	1	377104	1	1555.53	1	0.00316228	273.25	301.462
103	207.941	1	1.6914e+06	1	856146	1	377104	1	1555.53	1	0.01	273.25	301.462
103	207.941	1	1.6914e+06	1	856146	1	377104	1	1555.53	1	0.0316228	273.251	301.462
103	207.941	1	1.6914e+06	1	856146	1	377104	1	1555.53	1	0.1	273.255	301.463
103	207.941	1	1.6914e+06	1	856146	1	377104	1	1555.53	1	0.316228	273.266	301.467
103	207.941	1	1.6914e+06	1	856146	1	377104	1	1555.53	1	1	273.301	301.478
103	207.941	1	1.6914e+06	1	856146	1	377104	1	1555.53	1	3.16228	273.412	301.513
103	207.941	1	1.6914e+06	1	856146	1	377104	1	1555.53	1	10	273.747	301.619
103	207.941	1	1.6914e+06	1	856146	1	377104	1	1555.53	1	31.6228	274.689	301.921
103	207.941	1	1.6914e+06	1	856146	1	377104	1	1555.53	1	100	277	302.721
104	117.029	1	1.33605e+06	1	698262	1	4.84297e+06	1	1658.44	1	0	273.249	301.462
104	117.029	1	1.33605e+06	1	698262	1	4.84297e+06	1	1658.44	1	0.001	273.25	301.462
104	117.029	1	1.33605e+06	1	698262	1	4.84297e+06	1	1658.44	1	0.00316228	273.25	301.462
104	117.029	1	1.33605e+06	1	698262	1	4.84297e+06	1	1658.44	1	0.01	273.25	301.462
104	117.029	1	1.33605e+06	1	698262	1	4.84297e+06	1	1658.44	1	0.0316228	273.252	301.462
104	117.029	1	1.33605e+06	1	698262	1	4.84297e+06	1	1658.44	1	0.1	273.259	301.464
104	117.029	1	1.33605e+06	1	698262	1	4.84297e+06	1	1658.44	1	0.316228	273.278	301.47
104	117.029	1	1.33605e+06	1	698262	1	4.84297e+06	1	1658.44	1	1	273.34	301.489
104	117.029	1	1.33605e+06	1	698262	1	4.84297e+06	1	1658.44	1	3.16228	273.531	301.548
104	117.029	1	1.33605e+06	1	698262	1	4.84297e+06	1	1658.44	1	10	274.093	301.72
104	117.029	1	1.33605e+06	1	698262	1	4.84297e+06	1	1658.44	1	31.6228	275.601	302.198
104	117.029	1	1.33605e+06	1	698262	1	4.84297e+06	1	1658.44	1	100	278.54	303.255
105	154.182	1	3.45643e+06	1	792971	1	1.68755e+06	1	1415.52	1	0	273.249	301.462
105	154.182	1	3.45643e+06	1	792971	1	1.68755e+06	1	1415.52	1	0.001	273.249	301.462
105	154.182	1	3.45643e+06	1	792971	1	1.68755e+06	1	1415.52	1	0.00316228	273.25	301.462
105	154.182	1	3.45643e+06	1	792971	1	1.68755e+06	1	1415.52	1	0.01	273.25	301.462
105	154.182	1	3.45643e+06	1	792971	1	1.68755e+06	1	1415.52	1	0.0316228	273.252	301.462
105	154.182	1	3.45643e+06	1	792971	1	1.68755e+06	1	1415.52	1	0.1	273.256	301.464
105	154.182	1	3.45643e+06	1	792971	1	1.68755e+06	1	1415.52	1	0.316228	273.271	301.468
105	154.182	1	3.45643e+06	1	792971	1	1.68755e+06	1	1415.52	1	1	273.319	301.483
105	154.182	1	3.45643e+06	1	792971	1	1.68755e+06	1	1415.52	1	3.16228	273.466	301.529
105	154.182	1	3.45643e+06	1	792971	1	1.68755e+06	1	1415.52	1	10	273.906	301.666
105	154.182	1	3.45643e+06	1	792971	1	1.68755e+06	1	1415.52	1	31.6228	275.122	302.055
105	154.182	1	3.45643e+06	1	792971	1	1.68755e+06	1	1415.52	1	100	277.802	302.994
106	181.738	1	1.41864e+06	1	1.15504e+06	1	1.41425e+06	1	939.301	1	0	273.249	301.462
106	181.738	1	1.41864e+06	1	1.15504e+06	1	1.41425e+06	1	939.301	1	0.001	273.249	301.462
106	181.738	1	1.41864e+06	1	1.15504e+06	1	1.41425e+06	1	939.301	1	0.00316228	273.25	301.462
106	181.738	1	1.41864e+06	1	1.15504e+06	1	1.41425e+06	1	939.301	1	0.01	273.25	301.462
106	181.738	1	1.41864e+06	1	1.15504e+06	1	1.41425e+06	1	939.301	1	0.0316228	273.251	301.462
106	181.738	1	1.41864e+06	1	1.15504e+06	1	1.41425e+06	1	939.301	1	0.1	273.255	301.463
106	181.738	1	1.41864e+06	1	1.15504e+06	1	1.41425e+06	1	939.301	1	0.316228	273.268	301.468
106	181.738	1	1.41864e+06	1	1.15504e+06	1	1.41425e+06	1	939.301	1	1	273.309	301.481
106	181.738	1	1.41864e+06	1	1.15504e+06	1	1.41425e+06	1	939.301	1	3.16228	273.436	301.521
106	181.738	1	1.41864e+06	1	1.15504e+06	1	1.41425e+06	1	939.301	1	10	273.818	301.644
106	181.738	1	1.41864e+06	1	1.15504e+06	1	1.41425e+06	1	939.301	1	31.6228	274.886	301.995
106	181.738	1	1.41864e+06	1	1.15504e+06	1	1.41425e+06	1	939.301	1	100	277.393	302.889
107	185.936	1	882824	1	1.20605e+06	1	1.41615e+06	1	1543.48	1	0	273.249	301.462
107	185.936	1	882824	1	1.20605e+06	1	1.41615e+06	1	1543.48	1	0.001	273.249	301.462
107	185.936	1	882824	1	1.20605e+06	1	1.41615e+06	1	1543.48	1	0.00316228	273.25	301.462
107	185.936	1	882824	1	1.20605e+06	1	1.41615e+06	1	1543.48	1	0.01	273.25	301.462
107	185.936	1	882824	1	1.20605e+06	1	1.41615e+06	1	1543.48	1	0.0316228	273.251	301.462
107	185.936	1	882824	1	1.20605e+06	1	1.41615e+06	1	1543.48	1	0.1	273.255	301.463
107	185.936	1	882824	1	1.20605e+06	1	1.41615e+06	1	1543.48	1	0.316228	273.268	301.467
107	185.936	1	882824	1	1.20605e+06	1	1.41615e+06	1	1543.48	1	1	273.307	301.48
107	185.936	1	882824	1	1.20605e+06	1	1.41615e+06	1	1543.48	1	3.16228	273.43	301.518
107	185.936	1	882824	1	1.20605e+06	1	1.41615e+06	1	1543.48	1	10	273.8	301.633
107	185.936	1	882824	1	1.20605e+06	1	1.41615e+06	1	1543.48	1	31.6228	274.835	301.962
107	185.936	1	882824	1	1.20605e+06	1	1.41615e+06	1	1543.48	1	100	277.28	302.8
108	145.584	1	1.30839e+06	1	380045	1	911815	1	1388.11	1	0	273.249	301.462
108	145.584	1	1.30839e+06	1	380045	1	911815	1	1388.11	1	0.001	273.249	301.462
108	145.584	1	1.30839e+06	1	380045	1	911815	1	1388.11	1	0.00316228	273.25	301.462
108	145.584	1	1.30839e+06	1	380045	1	911815	1	1388.11	1	0.01	273.25	301.462
108	145.584	1	1.30839e+06	1	380045	1	911815	1	1388.11	1	0.0316228	273.252	301.462
108	145.584	1	1.30839e+06	1	380045	1	911815	1	1388.11	1	0.1	273.257	301.464
108	145.584	1	1.30839e+06	1	380045	1	911815	1	1388.11	1	0.316228	273.273	301.469
108	145.584	1	1.30839e+06	1	380045	1	911815	1	1388.11	1	1	273.323	301.484
108	145.584	1	1.30839e+06	1	380045	1	911815	1	1388.11	1	3.16228	273.478	301.533
108	145.584	1	1.30839e+06	1	380045	1	911815	1	1388.11	1	10	273.942	301.677
108	145.584	1	1.30839e+06	1	380045	1	911815	1	1388.11	1	31.6228	275.219	302.087
108	145.584	1	1.30839e+06	1	380045	1	911815	1	1388.11	1	100	277.962	303.06
109	167.017	1	627891	1	894686	1	545994	1	1254.64	1	0	273.249	301.462
109	167.017	1	627891	1	894686	1	545994	1	1254.64	1	0.001	273.249	301.462
109	167.017	1	627891	1	894686	1	545994	1	1254.64	1	0.00316228	273.25	301.462
109	167.017	1	627891	1	894686	1	545994	1	1254.64	1	0.01	273.25	301.462
109	167.017	1	627891	1	894686	1	545994	1	1254.64	1	0.0316228	273.251	301.462
109	167.017	1	627891	1	894686	1	545994	1	1254.64	1	0.1	273.256	301.464
109	167.017	1	627891	1	894686	1	545994	1	1254.64	1	0.316228	273.27	301.468
109	167.017	1	627891	1	894686	1	545994	1	1254.64	1	1	273.314	301.482
109	167.017	1	627891	1	894686	1	545994	1	1254.64	1	3.16228	273.45	301.525
109	167.017	1	627891	1	894686	1	545994	1	1254.64	1	10	273.86	301.654
109	167.017	1	627891	1	894686	1	545994	1	1254.64	1	31.6228	275.001	302.021
109	167.017	1	627891	1	894686	1	545994	1	1254.64	1	100	277.601	302.929
110	119.671	1	1.27499e+06	1	616712	1	959707	1	1814.09	1	0	273.249	301.462
110	119.671	1	1.27499e+06	1	616712	1	959707	1	1814.09	1	0.001	273.25	301.462
110	119.671	1	1.27499e+06	1	616712	1	959707	1	1814.09	1	0.00316228	273.25	301.462
110	119.671	1	1.27499e+06	1	616712	1	959707	1	1814.09	1	0.01	273.25	301.462
110	119.671	1	1.27499e+06	1	616712	1	959707	1	1814.09	1	0.0316228	273.252	301.462
110	119.671	1	1.27499e+06	1	616712	1	959707	1	1814.09	1	0.1	273.258	301.464
110	119.671	1	1.27499e+06	1	616712	1	959707	1	1814.09	1	0.316228	273.278	301.47
110	119.671	1	1.27499e+06	1	616712	1	959707	1	1814.09	1	1	273.338	301.489
110	119.671	1	1.27499e+06	1	616712	1	959707	1	1814.09	1	3.16228	273.525	301.546
110	119.671	1	1.27499e+06	1	616712	1	959707	1	1814.09	1	10	274.076	301.715
110	119.671	1	1.27499e+06	1	616712	1	959707	1	1814.09	1	31.6228	275.558	302.184
110	119.671	1	1.27499e+06	1	616712	1	959707	1	1814.09	1	100	278.48	303.23
111	129.55	1	575882	1	1.13477e+06	1	1.09985e+06	1	1211.35	1	0	273.249	301.462
111	129.55	1	575882	1	1.13477e+06	1	1.09985e+06	1	1211.35	1	0.001	273.25	301.462
111	129.55	1	575882	1	1.13477e+06	1	1.09985e+06	1	1211.35	1	0.00316228	273.25	301.462
111	129.55	1	575882	1	1.13477e+06	1	1.09985e+06	1	1211.35	1	0.01	273.25	301.462
111	129.55	1	575882	1	1.13477e+06	1	1.09985e+06	1	1211.35	1	0.0316228	273.252	301.462
111	129.55	1	575882	1	1.13477e+06	1	1.09985e+06	1	1211.35	1	0.1	273.258	301.464
111	129.55	1	575882	1	1.13477e+06	1	1.09985e+06	1	1211.35	1	0.316228	273.276	301.47
111	129.55	1	575882	1	1.13477e+06	1	1.09985e+06	1	1211.35	1	1	273.332	301.487
111	129.55	1	575882	1	1.13477e+06	1	1.09985e+06	1	1211.35	1	3.16228	273.506	301.541
111	129.55	1	575882	1	1.13477e+06	1	1.09985e+06	1	1211.35	1	10	274.021	301.701
111	129.55	1	575882	1	1.13477e+06	1	1.09985e+06	1	1211.35	1	31.6228	275.421	302.15
111	129.55	1	575882	1	1.13477e+06	1	1.09985e+06	1	1211.35	1	100	278.278	303.182
112	119.414	1	737006	1	657251	1	343751	1	1439.76	1	0	273.249	301.462
112	119.414	1	737006	1	657251	1	343751	1	1439.76	1	0.001	273.25	301.462
112	119.414	1	737006	1	657251	1	343751	1	1439.76	1	0.00316228	273.25	301.462
112	119.414	1	737006	1	657251	1	343751	1	1439.76	1	0.01	273.25	301.462
112	119.414	1	737006	1	657251	1	343751	1	1439.76	1	0.0316228	273.252	301.462
112	119.414	1	737006	1	657251	1	343751	1	1439.76	1	0.1	273.258	301.464
112	119.414	1	737006	1	657251	1	343751	1	1439.76	1	0.316228	273.278	301.47
112	119.414	1	737006	1	657251	1	343751	1	1439.76	1	1	273.339	301.489
112	119.414	1	737006	1	657251	1	343751	1	1439.76	1	3.16228	273.527	301.547
112	119.414	1	737006	1	657251	1	343751	1	1439.76	1	10	274.08	301.719
112	119.414	1	737006	1	657251	1	343751	1	1439.76	1	31.6228	275.572	302.196
112	119.414	1	737006	1	657251	1	343751	1	1439.76	1	100	278.51	303.266
113	96.4635	1	747124	1	1.01422e+06	1	1.3821e+06	1	1759.93	1	0	273.249	301.462
113	96.4635	1	747124	1	1.01422e+06	1	1.3821e+06	1	1759.93	1	0.001	273.25	301.462
113	96.4635	1	747124	1	1.01422e+06	1	1.3821e+06	1	1759.93	1	0.00316228	273.25	301.462
113	96.4635	1	747124	1	1.01422e+06	1	1.3821e+06	1	1759.93	1	0.01	273.251	301.462
113	96.4635	1	747124	1	1.01422e+06	1	1.3821e+06	1	1759.93	1	0.0316228	273.253	301.463
113	96.4635	1	747124	1	1.01422e+06	1	1.3821e+06	1	1759.93	1	0.1	273.26	301.465
113	96.4635	1	747124	1	1.01422e+06	1	1.3821e+06	1	1759.93	1	0.316228	273.284	301.472
113	96.4635	1	747124	1	1.01422e+06	1	1.3821e+06	1	1759.93	1	1	273.359	301.495
113	96.4635	1	747124	1	1.01422e+06	1	1.3821e+06	1	1759.93	1	3.16228	273.589	301.565
113	96.4635	1	747124	1	1.01422e+06	1	1.3821e+06	1	1759.93	1	10	274.253	301.767
113	96.4635	1	747124	1	1.01422e+06	1	1.3821e+06	1	1759.93	1	31.6228	275.988	302.316
113	96.4635	1	747124	1	1.01422e+06	1	1.3821e+06	1	1759.93	1	100	279.033	303.447
114	106.446	1	1.527e+06	1	1.15139e+06	1	748287	1	1817.81	1	0	273.249	301.462
114	106.446	1	1.527e+06	1	1.15139e+06	1	748287	1	1817.81	1	0.001	273.25	301.462
114	106.446	1	1.527e+06	1	1.15139e+06	1	748287	1	1817.81	1	0.00316228	273.25	301.462
114	106.446	1	1.527e+06	1	1.15139e+06	1	748287	1	1817.81	1	0.01	273.25	301.462
114	106.446	1	1.527e+06	1	1.15139e+06	1	748287	1	1817.81	1	0.0316228	273.253	301.463
114	106.446	1	1.527e+06	1	1.15139e+06	1	748287	1	1817.81	1	0.1	273.259	301.465
114	106.446	1	1.527e+06	1	1.15139e+06	1	748287	1	1817.81	1	0.316228	273.281	301.471
114	106.446	1	1.527e+06	1	1.15139e+06	1	748287	1	1817.81	1	1	273.349	301.492
114	106.446	1	1.527e+06	1	1.15139e+06	1	748287	1	1817.81	1	3.16228	273.558	301.556
114	106.446	1	1.527e+06	1	1.15139e+06	1	748287	1	1817.81	1	10	274.169	301.742
114	106.446	1	1.527e+06	1	1.15139e+06	1	748287	1	1817.81	1	31.6228	275.787	302.255
114	106.446	1	1.527e+06	1	1.15139e+06	1	748287	1	1817.81	1	100	278.808	303.353
115	124.711	1	650868	1	1.77837e+06	1	769774	1	1038.12	1	0	273.249	301.462
115	124.711	1	650868	1	1.77837e+06	1	769774	1	1038.12	1	0.001	273.25	301.462
115	124.711	1	650868	1	1.77837e+06	1	769774	1	1038.12	1	0.00316228	273.25	301.462
115	124.711	1	650868	1	1.77837e+06	1	769774	1	1038.12	1	0.01	273.25	301.462
115	124.711	1	650868	1	1.77837e+06	1	769774	1	1038.12	1	0.0316228	273.252	301.462
115	124.711	1	650868	1	1.77837e+06	1	769774	1	1038.12	1	0.1	273.258	301.464
115	124.711	1	650868	1	1.77837e+06	1	769774	1	1038.12	1	0.316228	273.277	301.47
115	124.711	1	650868	1	1.77837e+06	1	769774	1	1038.12	1	1	273.335	301.488
115	124.711	1	650868	1	1.77837e+06	1	769774	1	1038.12	1	3.16228	273.516	301.545
115	124.711	1	650868	1	1.77837e+06	1	769774	1	1038.12	1	10	274.05	301.712
115	124.711	1	650868	1	1.77837e+06	1	769774	1	1038.12	1	31.6228	275.497	302.18
115	124.711	1	650868	1	1.77837e+06	1	769774	1	1038.12	1	100	278.398	303.246
116	83.6256	1	1.30761e+06	1	762749	1	1.70733e+06	1	1835.59	1	0	273.249	301.462
116	83.6256	1	1.30761e+06	1	762749	1	1.70733e+06	1	1835.59	1	0.001	273.25	301.462
116	83.6256	1	1.30761e+06	1	762749	1	1.70733e+06	1	1835.59	1	0.00316228	273.25	301.462
116	83.6256	1	1.30761e+06	1	762749	1	1.70733e+06	1	1835.59	1	0.01	273.251	301.462
116	83.6256	1	1.30761e+06	1	762749	1	1.70733e+06	1	1835.59	1	0.0316228	273.253	301.463
116	83.6256	1	1.30761e+06	1	762749	1	1.70733e+06	1	1835.59	1	0.1	273.262	301.465
116	83.6256	1	1.30761e+06	1	762749	1	1.70733e+06	1	1835.59	1	0.316228	273.29	301.474
116	83.6256	1	1.30761e+06	1	762749	1	1.70733e+06	1	1835.59	1	1	273.376	301.5
116	83.6256	1	1.30761e+06	1	762749	1	1.70733e+06	1	1835.59	1	3.16228	273.638	301.579
116	83.6256	1	1.30761e+06	1	762749	1	1.70733e+06	1	1835.59	1	10	274.39	301.808
116	83.6256	1	1.30761e+06	1	762749	1	1.70733e+06	1	1835.59	1	31.6228	276.317	302.423
116	83.6256	1	1.30761e+06	1	762749	1	1.70733e+06	1	1835.59	1	100	279.259	303.583
117	165.385	1	1.08695e+06	1	927215	1	2.55791e+06	1	1439.38	1	0	273.249	301.462
117	165.385	1	1.08695e+06	1	927215	1	2.55791e+06	1	1439.38	1	0.001	273.249	301.462
117	165.385	1	1.08695e+06	1	927215	1	2.55791e+06	1	1439.38	1	0.00316228	273.25	301.462
117	165.385	1	1.08695e+06	1	927215	1	2.55791e+06	1	1439.38	1	0.01	273.25	301.462
117	165.385	1	1.08695e+06	1	927215	1	2.55791e+06	1	1439.38	1	0.0316228	273.251	301.462
117	165.385	1	1.08695e+06	1	927215	1	2.55791e+06	1	1439.38	1	0.1	273.256	301.464
117	165.385	1	1.08695e+06	1	927215	1	2.55791e+06	1	1439.38	1	0.316228	273.27	301.468
117	165.385	1	1.08695e+06	1	927215	1	2.55791e+06	1	1439.38	1	1	273.314	301.482
117	165.385	1	1.08695e+06	1	927215	1	2.55791e+06	1	1439.38	1	3.16228	273.452	301.524
117	165.385	1	1.08695e+06	1	927215	1	2.55791e+06	1	1439.38	1	10	273.864	301.653
117	165.385	1	1.08695e+06	1	927215	1	2.55791e+06	1	1439.38	1	31.6228	275.01	302.018
117	165.385	1	1.08695e+06	1	927215	1	2.55791e+06	1	1439.38	1	100	277.609	302.915
118	129.253	1	633023	1	360872	1	215748	1	2133.44	1	0	273.249	301.462
118	129.253	1	633023	1	360872	1	215748	1	2133.44	1	0.001	273.25	301.462
118	129.253	1	633023	1	360872	1	215748	1	2133.44	1	0.00316228	273.25	301.462
118	129.253	1	633023	1	360872	1	215748	1	2133.44	1	0.01	273.25	301.462
118	129.253	1	633023	1	360872	1	215748	1	2133.44	1	0.0316228	273.252	301.462
118	129.253	1	633023	1	360872	1	215748	1	2133.44	1	0.1	273.258	301.464
118	129.253	1	633023	1	360872	1	215748	1	2133.44	1	0.316228	273.276	301.47
118	129.253	1	633023	1	360872	1	215748	1	2133.44	1	1	273.332	301.487
118	129.253	1	633023	1	360872	1	215748	1	2133.44	1	3.16228	273.506	301.54
118	129.253	1	633023	1	360872	1	215748	1	2133.44	1	10	274.021	301.699
118	129.253	1	633023	1	360872	1	215748	1	2133.44	1	31.6228	275.421	302.144
118	129.253	1	633023	1	360872	1	215748	1	2133.44	1	100	278.284	303.164
119	144.816	1	2.12299e+06	1	598029	1	509324	1	1045.63	1	0	273.249	301.462
119	144.816	1	2.12299e+06	1	598029	1	509324	1	1045.63	1	0.001	273.249	301.462
119	144.816	1	2.12299e+06	1	598029	1	509324	1	1045.63	1	0.00316228	273.25	301.462
119	144.816	1	2.12299e+06	1	598029	1	509324	1	1045.63	1	0.01	273.25	301.462
119	144.816	1	2.12299e+06	1	598029	1	509324	1	1045.63	1	0.0316228	273.252	301.462
119	144.816	1	2.12299e+06	1	598029	1	509324	1	1045.63	1	0.1	273.257	301.464
119	144.816	1	2.12299e+06	1	598029	1	509324	1	1045.63	1	0.316228	273.273	301.469
119	144.816	1	2.12299e+06	1	598029	1	509324	1	1045.63	1	1	273.324	301.485
119	144.816	1	2.12299e+06	1	598029	1	509324	1	1045.63	1	3.16228	273.481	301.535
119	144.816	1	2.12299e+06	1	598029	1	509324	1	1045.63	1	10	273.95	301.683
119	144.816	1	2.12299e+06	1	598029	1	509324	1	1045.63	1	31.6228	275.239	302.104
119	144.816	1	2.12299e+06	1	598029	1	509324	1	1045.63	1	100	278.007	303.107
120	145.197	1	421054	1	975235	1	1.22841e+06	1	1248.75	1	0	273.249	301.462
120	145.197	1	421054	1	975235	1	1.22841e+06	1	1248.75	1	0.001	273.249	301.462
120	145.197	1	421054	1	975235	1	1.22841e+06	1	1248.75	1	0.00316228	273.25	301.462
120	145.197	1	421054	1	975235	1	1.22841e+06	1	1248.75	1	0.01	273.25	301.462
120	145.197	1	421054	1	975235	1	1.22841e+06	1	1248.75	1	0.0316228	273.252	301.462
120	145.197	1	421054	1	975235	1	1.22841e+06	1	1248.75	1	0.1	273.257	301.464
120	145.197	1	421054	1	975235	1	1.22841e+06	1	1248.75	1	0.316228	273.273	301.469
120	145.197	1	421054	1	975235	1	1.22841e+06	1	1248.75	1	1	273.323	301.484
120	145.197	1	421054	1	975235	1	1.22841e+06	1	1248.75	1	3.16228	273.479	301.533
120	145.197	1	421054	1	975235	1	1.22841e+06	1	1248.75	1	10	273.943	301.677
120	145.197	1	421054	1	975235	1	1.22841e+06	1	1248.75	1	31.6228	275.221	302.086
120	145.197	1	421054	1	975235	1	1.22841e+06	1	1248.75	1	100	277.96	303.056
121	128.035	1	1.43602e+06	1	487219	1	584342	1	870.77	1	0	273.249	301.462
121	128.035	1	1.43602e+06	1	487219	1	584342	1	870.77	1	0.001	273.25	301.462
121	128.035	1	1.43602e+06	1	487219	1	584342	1	870.77	1	0.00316228	273.25	301.462
121	128.035	1	1.43602e+06	1	487219	1	584342	1	870.77	1	0.01	273.25	301.462
121	128.035	1	1.43602e+06	1	487219	1	584342	1	870.77	1	0.0316228	273.252	301.462
121	128.035	1	1.43602e+06	1	487219	1	584342	1	870.77	1	0.1	273.258	301.464
121	128.035	1	1.43602e+06	1	487219	1	584342	1	870.77	1	0.316228	273.276	301.47
121	128.035	1	1.43602e+06	1	487219	1	584342	1	870.77	1	1	273.333	301.488
121	128.035	1	1.43602e+06	1	487219	1	584342	1	870.77	1	3.16228	273.511	301.544
121	128.035	1	1.43602e+06	1	487219	1	584342	1	870.77	1	10	274.035	301.711
121	128.035	1	1.43602e+06	1	487219	1	584342	1	870.77	1	31.6228	275.461	302.18
121	128.035	1	1.43602e+06	1	487219	1	584342	1	870.77	1	100	278.356	303.261
122	120.843	1	844658	1	1.02834e+06	1	889585	1	1136.71	1	0	273.249	301.462
122	120.843	1	844658	1	1.02834e+06	1	889585	1	1136.71	1	0.001	273.25	301.462
122	120.843	1	844658	1	1.02834e+06	1	889585	1	1136.71	1	0.00316228	273.25	301.462
122	120.843	1	844658	1	1.02834e+06	1	889585	1	1136.71	1	0.01	273.25	301.462
122	120.843	1	844658	1	1.02834e+06	1	889585	1	1136.71	1	0.0316228	273.252	301.462
122	120.843	1	844658	1	1.02834e+06	1	889585	1	1136.71	1	0.1	273.258	301.464
122	120.843	1	844658	1	1.02834e+06	1	889585	1	1136.71	1	0.316228	273.278	301.47
122	120.843	1	844658	1	1.02834e+06	1	889585	1	1136.71	1	1	273.338	301.489
122	120.843	1	844658	1	1.02834e+06	1	889585	1	1136.71	1	3.16228	273.524	301.547
122	120.843	1	844658	1	1.02834e+06	1	889585	1	1136.71	1	10	274.073	301.718
122	120.843	1	844658	1	1.02834e+06	1	889585	1	1136.71	1	31.6228	275.553	302.195
122	120.843	1	844658	1	1.02834e+06	1	889585	1	1136.71	1	100	278.48	303.268
123	164.36	1	914171	1	1.17792e+06	1	2.1411e+06	1	1464.78	1	0	273.249	301.462
123	164.36	1	914171	1	1.17792e+06	1	2.1411e+06	1	1464.78	1	0.001	273.249	301.462
123	164.36	1	914171	1	1.17792e+06	1	2.1411e+06	1	1464.78	1	0.00316228	273.25	301.462
123	164.36	1	914171	1	1.17792e+06	1	2.1411e+06	1	1464.78	1	0.01	273.25	301.462
123	164.36	1	914171	1	1.17792e+06	1	2.1411e+06	1	1464.78	1	0.0316228	273.251	301.462
123	164.36	1	914171	1	1.17792e+06	1	2.1411e+06	1	1464.78	1	0.1	273.256	301.464
123	164.36	1	914171	1	1.17792e+06	1	2.1411e+06	1	1464.78	1	0.316228	273.27	301.468
123	164.36	1	914171	1	1.17792e+06	1	2.1411e+06	1	1464.78	1	1	273.315	301.482
123	164.36	1	914171	1	1.17792e+06	1	2.1411e+06	1	1464.78	1	3.16228	273.453	301.525
123	164.36	1	914171	1	1.17792e+06	1	2.1411e+06	1	1464.78	1	10	273.867	301.654
123	164.36	1	914171	1	1.17792e+06	1	2.1411e+06	1	1464.78	1	31.6228	275.018	302.02
123	164.36	1	914171	1	1.17792e+06	1	2.1411e+06	1	1464.78	1	100	277.622	302.918
124	190.442	1	2.19773e+06	1	2.72458e+06	1	1.8725e+06	1	1691.89	1	0	273.249	301.462
124	190.442	1	2.19773e+06	1	2.72458e+06	1	1.8725e+06	1	1691.89	1	0.001	273.249	301.462
124	190.442	1	2.19773e+06	1	2.72458e+06	1	1.8725e+06	1	1691.89	1	0.00316228	273.25	301.462
124	190.442	1	2.19773e+06	1	2.72458e+06	1	1.8725e+06	1	1691.89	1	0.01	273.25	301.462
124	190.442	1	2.19773e+06	1	2.72458e+06	1	1.8725e+06	1	1691.89	1	0.0316228	273.251	301.462
124	190.442	1	2.19773e+06	1	2.72458e+06	1	1.8725e+06	1	1691.89	1	0.1	273.255	301.463
124	190.442	1	2.19773e+06	1	2.72458e+06	1	1.8725e+06	1	1691.89	1	0.316228	273.267	301.467
124	190.442	1	2.19773e+06	1	2.72458e+06	1	1.8725e+06	1	1691.89	1	1	273.306	301.479
124	190.442	1	2.19773e+06	1	2.72458e+06	1	1.8725e+06	1	1691.89	1	3.16228	273.425	301.516
124	190.442	1	2.19773e+06	1	2.72458e+06	1	1.8725e+06	1	1691.89	1	10	273.787	301.629
124	190.442	1	2.19773e+06	1	2.72458e+06	1	1.8725e+06	1	1691.89	1	31.6228	274.8	301.949
124	190.442	1	2.19773e+06	1	2.72458e+06	1	1.8725e+06	1	1691.89	1	100	277.21	302.771
125	171.046	1	386609	1	1.45869e+06	1	641948	1	1161.25	1	0	273.249	301.462
125	171.046	1	386609	1	1.45869e+06	1	641948	1	1161.25	1	0.001	273.249	301.462
125	171.046	1	386609	1	1.45869e+06	1	641948	1	1161.25	1	0.00316228	273.25	301.462
125	171.046	1	386609	1	1.45869e+06	1	641948	1	1161.25	1	0.01	273.25	301.462
125	171.046	1	386609	1	1.45869e+06	1	641948	1	1161.25	1	0.0316228	273.251	301.462
125	171.046	1	386609	1	1.45869e+06	1	641948	1	1161.25	1	0.1	273.256	301.464
125	171.046	1	386609	1	1.45869e+06	1	641948	1	1161.25	1	0.316228	273.269	301.468
125	171.046	1	386609	1	1.45869e+06	1	641948	1	1161.25	1	1	273.312	301.481
125	171.046	1	386609	1	1.45869e+06	1	641948	1	1161.25	1	3.16228	273.446	301.523
125	171.046	1	386609	1	1.45869e+06	1	641948	1	1161.25	1	10	273.847	301.65
125	171.046	1	386609	1	1.45869e+06	1	641948	1	1161.25	1	31.6228	274.965	302.01
125	171.046	1	386609	1	1.45869e+06	1	641948	1	1161.25	1	100	277.531	302.907
126	167.043	1	940568	1	817059	1	749539	1	1572.28	1	0	273.249	301.462
126	167.043	1	940568	1	817059	1	749539	1	1572.28	1	0.001	273.249	301.462
126	167.043	1	940568	1	817059	1	749539	1	1572.28	1	0.00316228	273.25	301.462
126	167.043	1	940568	1	817059	1	749539	1	1572.28	1	0.01	273.25	301.462
126	167.043	1	940568	1	817059	1	749539	1	1572.28	1	0.0316228	273.251	301.462
126	167.043	1	940568	1	817059	1	749539	1	1572.28	1	0.1	273.256	301.464
126	167.043	1	940568	1	817059	1	749539	1	1572.28	1	0.316228	273.27	301.468
126	167.043	1	940568	1	817059	1	749539	1	1572.28	1	1	273.314	301.481
126	167.043	1	940568	1	817059	1	749539	1	1572.28	1	3.16228	273.45	301.524
126	167.043	1	940568	1	817059	1	749539	1	1572.28	1	10	273.858	301.651
126	167.043	1	940568	1	817059	1	749539	1	1572.28	1	31.6228	274.994	302.012
126	167.043	1	940568	1	817059	1	749539	1	1572.28	1	100	277.582	302.903
127	214.052	1	758020	1	410959	1	356125	1	1408.41	1	0	273.249	301.462
127	214.052	1	758020	1	410959	1	356125	1	1408.41	1	0.001	273.249	301.462
127	214.052	1	758020	1	410959	1	356125	1	1408.41	1	0.00316228	273.25	301.462
127	214.052	1	758020	1	410959	1	356125	1	1408.41	1	0.01	273.25	301.462
127	214.052	1	758020	1	410959	1	356125	1	1408.41	1	0.0316228	273.251	301.462
127	214.052	1	758020	1	410959	1	356125	1	1408.41	1	0.1	273.254	301.463
127	214.052	1	758020	1	410959	1	356125	1	1408.41	1	0.316228	273.265	301.467
127	214.052	1	758020	1	410959	1	356125	1	1408.41	1	1	273.3	301.478
127	214.052	1	758020	1	410959	1	356125	1	1408.41	1	3.16228	273.408	301.512
127	214.052	1	758020	1	410959	1	356125	1	1408.41	1	10	273.735	301.616
127	214.052	1	758020	1	410959	1	356125	1	1408.41	1	31.6228	274.654	301.913
127	214.052	1	758020	1	410959	1	356125	1	1408.41	1	100	276.932	302.708
128	103.07	1	825181	1	650896	1	434383	1	1120.67	1	0	273.249	301.462
128	103.07	1	825181	1	650896	1	434383	1	1120.67	1	0.001	273.25	301.462
128	103.07	1	825181	1	650896	1	434383	1	1120.67	1	0.00316228	273.25	301.462
128	103.07	1	825181	1	650896	1	434383	1	1120.67	1	0.01	273.25	301.462
128	103.07	1	825181	1	650896	1	434383	1	1120.67	1	0.0316228	273.253	301.463
128	103.07	1	825181	1	650896	1	434383	1	1120.67	1	0.1	273.26	301.465
128	103.07	1	825181	1	650896	1	434383	1	1120.67	1	0.316228	273.282	301.472
128	103.07	1	825181	1	650896	1	434383	1	1120.67	1	1	273.353	301.493
128	103.07	1	825181	1	650896	1	434383	1	1120.67	1	3.16228	273.57	301.561
128	103.07	1	825181	1	650896	1	434383	1	1120.67	1	10	274.201	301.757
128	103.07	1	825181	1	650896	1	434383	1	1120.67	1	31.6228	275.869	302.296
128	103.07	1	825181	1	650896	1	434383	1	1120.67	1	100	278.933	303.448
129	129.237	1	1.72583e+06	1	722286	1	1.01029e+06	1	1557.23	1	0	273.249	301.462
129	129.237	1	1.72583e+06	1	722286	1	1.01029e+06	1	1557.23	1	0.001	273.25	301.462
129	129.237	1	1.72583e+06	1	722286	1	1.01029e+06	1	1557.23	1	0.00316228	273.25	301.462
129	129.237	1	1.72583e+06	1	722286	1	1.01029e+06	1	1557.23	1	0.01	273.25	301.462
129	129.237	1	1.72583e+06	1	722286	1	1.01029e+06	1	1557.23	1	0.0316228	273.252	301.462
129	129.237	1	1.72583e+06	1	722286	1	1.01029e+06	1	1557.23	1	0.1	273.258	301.464
129	129.237	1	1.72583e+06	1	722286	1	1.01029e+06	1	1557.23	1	0.316228	273.276	301.47
129	129.237	1	1.72583e+06	1	722286	1	1.01029e+06	1	1557.23	1	1	273.332	301.487
129	129.237	1	1.72583e+06	1	722286	1	1.01029e+06	1	1557.23	1	3.16228	273.506	301.54
129	129.237	1	1.72583e+06	1	722286	1	1.01029e+06	1	1557.23	1	10	274.021	301.699
129	129.237	1	1.72583e+06	1	722286	1	1.01029e+06	1	1557.23	1	31.6228	275.421	302.145
129	129.237	1	1.72583e+06	1	722286	1	1.01029e+06	1	1557.23	1	100	278.276	303.165
130	69.7318	1	1.33278e+06	1	1.3034e+06	1	1.31184e+06	1	3292.19	1	0	273.249	301.462
130	69.7318	1	1.33278e+06	1	1.3034e+06	1	1.31184e+06	1	3292.19	1	0.001	273.25	301.462
130	69.7318	1	1.33278e+06	1	1.3034e+06	1	1.31184e+06	1	3292.19	1	0.00316228	273.25	301.462
130	69.7318	1	1.33278e+06	1	1.3034e+06	1	1.31184e+06	1	3292.19	1	0.01	273.251	301.462
130	69.7318	1	1.33278e+06	1	1.3034e+06	1	1.31184e+06	1	3292.19	1	0.0316228	273.254	301.463
130	69.7318	1	1.33278e+06	1	1.3034e+06	1	1.31184e+06	1	3292.19	1	0.1	273.265	301.466
130	69.7318	1	1.33278e+06	1	1.3034e+06	1	1.31184e+06	1	3292.19	1	0.316228	273.297	301.476
130	69.7318	1	1.33278e+06	1	1.3034e+06	1	1.31184e+06	1	3292.19	1	1	273.4	301.507
130	69.7318	1	1.33278e+06	1	1.3034e+06	1	1.31184e+06	1	3292.19	1	3.16228	273.711	301.6
130	69.7318	1	1.33278e+06	1	1.3034e+06	1	1.31184e+06	1	3292.19	1	10	274.584	301.862
130	69.7318	1	1.33278e+06	1	1.3034e+06	1	1.31184e+06	1	3292.19	1	31.6228	276.758	302.557
130	69.7318	1	1.33278e+06	1	1.3034e+06	1	1.31184e+06	1	3292.19	1	100	279.509	303.71
131	115.932	1	1.05365e+06	1	1.23326e+06	1	915544	1	1595.53	1	0	273.249	301.462
131	115.932	1	1.05365e+06	1	1.23326e+06	1	915544	1	1595.53	1	0.001	273.25	301.462
131	115.932	1	1.05365e+06	1	1.23326e+06	1	915544	1	1595.53	1	0.00316228	273.25	301.462
131	115.932	1	1.05365e+06	1	1.23326e+06	1	915544	1	1595.53	1	0.01	273.25	301.462
131	115.932	1	1.05365e+06	1	1.23326e+06	1	915544	1	1595.53	1	0.0316228	273.252	301.462
131	115.932	1	1.05365e+06	1	1.23326e+06	1	915544	1	1595.53	1	0.1	273.259	301.464
131	115.932	1	1.05365e+06	1	1.23326e+06	1	915544	1	1595.53	1	0.316228	273.279	301.47
131	115.932	1	1.05365e+06	1	1.23326e+06	1	915544	1	1595.53	1	1	273.341	301.49
131	115.932	1	1.05365e+06	1	1.23326e+06	1	915544	1	1595.53	1	3.16228	273.534	301.549
131	115.932	1	1.05365e+06	1	1.23326e+06	1	915544	1	1595.53	1	10	274.101	301.723
131	115.932	1	1.05365e+06	1	1.23326e+06	1	915544	1	1595.53	1	31.6228	275.621	302.206
131	115.932	1	1.05365e+06	1	1.23326e+06	1	915544	1	1595.53	1	100	278.572	303.272
132	85.7789	1	561148	1	1.20329e+06	1	627829	1	1677.94	1	0	273.249	301.462
132	85.7789	1	561148	1	1.20329e+06	1	627829	1	1677.94	1	0.001	273.25	301.462
132	85.7789	1	561148	1	1.20329e+06	1	627829	1	1677.94	1	0.00316228	273.25	301.462
132	85.7789	1	561148	1	1.20329e+06	1	627829	1	1677.94	1	0.01	273.251	301.462
132	85.7789	1	561148	1	1.20329e+06	1	627829	1	1677.94	1	0.0316228	273.253	301.463
132	85.7789	1	561148	1	1.20329e+06	1	627829	1	1677.94	1	0.1	273.262	301.465
132	85.7789	1	561148	1	1.20329e+06	1	627829	1	1677.94	1	0.316228	273.289	301.473
132	85.7789	1	561148	1	1.20329e+06	1	627829	1	1677.94	1	1	273.372	301.499
132	85.7789	1	561148	1	1.20329e+06	1	627829	1	1677.94	1	3.16228	273.629	301.577
132	85.7789	1	561148	1	1.20329e+06	1	627829	1	1677.94	1	10	274.365	301.801
132	85.7789	1	561148	1	1.20329e+06	1	627829	1	1677.94	1	31.6228	276.258	302.406
132	85.7789	1	561148	1	1.20329e+06	1	627829	1	1677.94	1	100	279.225	303.567
133	176.993	1	547395	1	3.62092e+06	1	784898	1	1367.8	1	0	273.249	301.462
133	176.993	1	547395	1	3.62092e+06	1	784898	1	1367.8	1	0.001	273.249	301.462
133	176.993	1	547395	1	3.62092e+06	1	784898	1	1367.8	1	0.00316228	273.25	301.462
133	176.993	1	547395	1	3.62092e+06	1	784898	1	1367.8	1	0.01	273.25	301.462
133	176.993	1	547395	1	3.62092e+06	1	784898	1	1367.8	1	0.0316228	273.251	301.462
133	176.993	1	547395	1	3.62092e+06	1	784898	1	1367.8	1	0.1	273.256	301.463
133	176.993	1	547395	1	3.62092e+06	1	784898	1	1367.8	1	0.316228	273.269	301.468
133	176.993	1	547395	1	3.62092e+06	1	784898	1	1367.8	1	1	273.31	301.48
133	176.993	1	547395	1	3.62092e+06	1	784898	1	1367.8	1	3.16228	273.439	301.521
133	176.993	1	547395	1	3.62092e+06	1	784898	1	1367.8	1	10	273.827	301.642
133	176.993	1	547395	1	3.62092e+06	1	784898	1	1367.8	1	31.6228	274.909	301.988
133	176.993	1	547395	1	3.62092e+06	1	784898	1	1367.8	1	100	277.423	302.856
134	169.962	1	625136	1	999383	1	307949	1	1716.92	1	0	273.249	301.462
134	169.962	1	625136	1	999383	1	307949	1	1716.92	1	0.001	273.249	301.462
134	169.962	1	625136	1	999383	1	307949	1	1716.92	1	0.00316228	273.25	301.462
134	169.962	1	625136	1	999383	1	307949	1	1716.92	1	0.01	273.25	301.462
134	169.962	1	625136	1	999383	1	307949	1	1716.92	1	0.0316228	273.251	301.462
134	169.962	1	625136	1	999383	1	307949	1	1716.92	1	0.1	273.256	301.464
134	169.962	1	625136	1	999383	1	307949	1	1716.92	1	0.316228	273.269	301.468
134	169.962	1	625136	1	999383	1	307949	1	1716.92	1	1	273.312	301.481
134	169.962	1	625136	1	999383	1	307949	1	1716.92	1	3.16228	273.446	301.523
134	169.962	1	625136	1	999383	1	307949	1	1716.92	1	10	273.849	301.648
134	169.962	1	625136	1	999383	1	307949	1	1716.92	1	31.6228	274.969	302.005
134	169.962	1	625136	1	999383	1	307949	1	1716.92	1	100	277.537	302.889
135	123.495	1	2.27337e+06	1	1.27636e+06	1	1.38461e+06	1	1608.45	1	0	273.249	301.462
135	123.495	1	2.27337e+06	1	1.27636e+06	1	1.38461e+06	1	1608.45	1	0.001	273.25	301.462
135	123.495	1	2.27337e+06	1	1.27636e+06	1	1.38461e+06	1	1608.45	1	0.00316228	273.25	301.462
135	123.495	1	2.27337e+06	1	1.27636e+06	1	1.38461e+06	1	1608.45	1	0.01	273.25	301.462
135	123.495	1	2.27337e+06	1	1.27636e+06	1	1.38461e+06	1	1608.45	1	0.0316228	273.252	301.462
135	123.495	1	2.27337e+06	1	1.27636e+06	1	1.38461e+06	1	1608.45	1	0.1	273.258	301.464
135	123.495	1	2.27337e+06	1	1.27636e+06	1	1.38461e+06	1	1608.45	1	0.316228	273.277	301.47
135	123.495	1	2.27337e+06	1	1.27636e+06	1	1.38461e+06	1	1608.45	1	1	273.336	301.488
135	123.495	1	2.27337e+06	1	1.27636e+06	1	1.38461e+06	1	1608.45	1	3.16228	273.517	301.544
135	123.495	1	2.27337e+06	1	1.27636e+06	1	1.38461e+06	1	1608.45	1	10	274.053	301.708
135	123.495	1	2.27337e+06	1	1.27636e+06	1	1.38461e+06	1	1608.45	1	31.6228	275.502	302.169
135	123.495	1	2.27337e+06	1	1.27636e+06	1	1.38461e+06	1	1608.45	1	100	278.397	303.205
136	202.955	1	894426	1	1.83806e+06	1	1.28431e+06	1	1412.56	1	0	273.249	301.462
136	202.955	1	894426	1	1.83806e+06	1	1.28431e+06	1	1412.56	1	0.001	273.249	301.462
136	202.955	1	894426	1	1.83806e+06	1	1.28431e+06	1	1412.56	1	0.00316228	273.25	301.462
136	202.955	1	894426	1	1.83806e+06	1	1.28431e+06	1	1412.56	1	0.01	273.25	301.462
136	202.955	1	894426	1	1.83806e+06	1	1.28431e+06	1	1412.56	1	0.0316228	273.251	301.462
136	202.955	1	894426	1	1.83806e+06	1	1.28431e+06	1	1412.56	1	0.1	273.255	301.463
136	202.955	1	894426	1	1.83806e+06	1	1.28431e+06	1	1412.56	1	0.316228	273.266	301.467
136	202.955	1	894426	1	1.83806e+06	1	1.28431e+06	1	1412.56	1	1	273.302	301.478
136	202.955	1	894426	1	1.83806e+06	1	1.28431e+06	1	1412.56	1	3.16228	273.415	301.514
136	202.955	1	894426	1	1.83806e+06	1	1.28431e+06	1	1412.56	1	10	273.757	301.621
136	202.955	1	894426	1	1.83806e+06	1	1.28431e+06	1	1412.56	1	31.6228	274.717	301.928
136	202.955	1	894426	1	1.83806e+06	1	1.28431e+06	1	1412.56	1	100	277.052	302.732
137	143.01	1	2.46506e+06	1	483148	1	819819	1	1117.95	1	0	273.249	301.462
137	143.01	1	2.46506e+06	1	483148	1	819819	1	1117.95	1	0.001	273.249	301.462
137	143.01	1	2.46506e+06	1	483148	1	819819	1	1117.95	1	0.00316228	273.25	301.462
137	143.01	1	2.46506e+06	1	483148	1	819819	1	1117.95	1	0.01	273.25	301.462
137	143.01	1	2.46506e+06	1	483148	1	819819	1	1117.95	1	0.0316228	273.252	301.462
137	143.01	1	2.46506e+06	1	483148	1	819819	1	1117.95	1	0.1	273.257	301.464
137	143.01	1	2.46506e+06	1	483148	1	819819	1	1117.95	1	0.316228	273.273	301.469
137	143.01	1	2.46506e+06	1	483148	1	819819	1	1117.95	1	1	273.324	301.485
137	143.01	1	2.46506e+06	1	483148	1	819819	1	1117.95	1	3.16228	273.483	301.535
137	143.01	1	2.46506e+06	1	483148	1	819819	1	1117.95	1	10	273.956	301.684
137	143.01	1	2.46506e+06	1	483148	1	819819	1	1117.95	1	31.6228	275.257	302.106
137	143.01	1	2.46506e+06	1	483148	1	819819	1	1117.95	1	100	278.03	303.107
138	181.568	1	1.92006e+06	1	1.7371e+06	1	1.74286e+06	1	956.918	1	0	273.249	301.462
138	181.568	1	1.92006e+06	1	1.7371e+06	1	1.74286e+06	1	956.918	1	0.001	273.249	301.462
138	181.568	1	1.92006e+06	1	1.7371e+06	1	1.74286e+06	1	956.918	1	0.00316228	273.25	301.462
138	181.568	1	1.92006e+06	1	1.7371e+06	1	1.74286e+06	1	956.918	1	0.01	273.25	301.462
138	181.568	1	1.92006e+06	1	1.7371e+06	1	1.74286e+06	1	956.918	1	0.0316228	273.251	301.462
138	181.568	1	1.92006e+06	1	1.7371e+06	1	1.74286e+06	1	956.918	1	0.1	273.255	301.463
138	181.568	1	1.92006e+06	1	1.7371e+06	1	1.74286e+06	1	956.918	1	0.316228	273.268	301.468
138	181.568	1	1.92006e+06	1	1.7371e+06	1	1.74286e+06	1	956.918	1	1	273.309	301.481
138	181.568	1	1.92006e+06	1	1.7371e+06	1	1.74286e+06	1	956.918	1	3.16228	273.436	301.521
138	181.568	1	1.92006e+06	1	1.7371e+06	1	1.74286e+06	1	956.918	1	10	273.818	301.644
138	181.568	1	1.92006e+06	1	1.7371e+06	1	1.74286e+06	1	956.918	1	31.6228	274.887	301.994
138	181.568	1	1.92006e+06	1	1.7371e+06	1	1.74286e+06	1	956.918	1	100	277.393	302.886
139	123.421	1	369517	1	1.02487e+06	1	1.03293e+06	1	1906.74	1	0	273.249	301.462
139	123.421	1	369517	1	1.02487e+06	1	1.03293e+06	1	1906.74	1	0.001	273.25	301.462
139	123.421	1	369517	1	1.02487e+06	1	1.03293e+06	1	1906.74	1	0.00316228	273.25	301.462
139	123.421	1	369517	1	1.02487e+06	1	1.03293e+06	1	1906.74	1	0.01	273.25	301.462
139	123.421	1	369517	1	1.02487e+06	1	1.03293e+06	1	1906.74	1	0.0316228	273.252	301.462
139	123.421	1	369517	1	1.02487e+06	1	1.03293e+06	1	1906.74	1	0.1	273.258	301.464
139	123.421	1	369517	1	1.02487e+06	1	1.03293e+06	1	1906.74	1	0.316228	273.277	301.47
139	123.421	1	369517	1	1.02487e+06	1	1.03293e+06	1	1906.74	1	1	273.335	301.488
139	123.421	1	369517	1	1.02487e+06	1	1.03293e+06	1	1906.74	1	3.16228	273.516	301.543
139	123.421	1	369517	1	1.02487e+06	1	1.03293e+06	1	1906.74	1	10	274.051	301.706
139	123.421	1	369517	1	1.02487e+06	1	1.03293e+06	1	1906.74	1	31.6228	275.495	302.16
139	123.421	1	369517	1	1.02487e+06	1	1.03293e+06	1	1906.74	1	100	278.377	303.177
140	257.55	1	735707	1	1.07878e+06	1	344452	1	2735.74	1	0	273.249	301.462
140	257.55	1	735707	1	1.07878e+06	1	344452	1	2735.74	1	0.001	273.249	301.462
140	257.55	1	735707	1	1.07878e+06	1	344452	1	2735.74	1	0.00316228	273.25	301.462
140	257.55	1	735707	1	1.07878e+06	1	344452	1	2735.74	1	0.01	273.25	301.462
140	257.55	1	735707	1	1.07878e+06	1	344452	1	2735.74	1	0.0316228	273.251	301.462
140	257.55	1	735707	1	1.07878e+06	1	344452	1	2735.74	1	0.1	273.254	301.463
140	257.55	1	735707	1	1.07878e+06	1	344452	1	2735.74	1	0.316228	273.263	301.466
140	257.55	1	735707	1	1.07878e+06	1	344452	1	2735.74	1	1	273.291	301.475
140	257.55	1	735707	1	1.07878e+06	1	344452	1	2735.74	1	3.16228	273.38	301.502
140	257.55	1	735707	1	1.07878e+06	1	344452	1	2735.74	1	10	273.652	301.587
140	257.55	1	735707	1	1.07878e+06	1	344452	1	2735.74	1	31.6228	274.43	301.831
140	257.55	1	735707	1	1.07878e+06	1	344452	1	2735.74	1	100	276.421	302.493
141	164.702	1	491562	1	1.23165e+06	1	1.13097e+06	1	1777.99	1	0	273.249	301.462
141	164.702	1	491562	1	1.23165e+06	1	1.13097e+06	1	1777.99	1	0.001	273.249	301.462
141	164.702	1	491562	1	1.23165e+06	1	1.13097e+06	1	1777.99	1	0.00316228	273.25	301.462
141	164.702	1	491562	1	1.23165e+06	1	1.13097e+06	1	1777.99	1	0.01	273.25	301.462
141	164.702	1	491562	1	1.23165e+06	1	1.13097e+06	1	1777.99	1	0.0316228	273.251	301.462
141	164.702	1	491562	1	1.23165e+06	1	1.13097e+06	1	1777.99	1	0.1	273.256	301.464
141	164.702	1	491562	1	1.23165e+06	1	1.13097e+06	1	1777.99	1	0.316228	273.27	301.468
141	164.702	1	491562	1	1.23165e+06	1	1.13097e+06	1	1777.99	1	1	273.314	301.481
141	164.702	1	491562	1	1.23165e+06	1	1.13097e+06	1	1777.99	1	3.16228	273.452	301.524
141	164.702	1	491562	1	1.23165e+06	1	1.13097e+06	1	1777.99	1	10	273.864	301.651
141	164.702	1	491562	1	1.23165e+06	1	1.13097e+06	1	1777.99	1	31.6228	275.009	302.011
141	164.702	1	491562	1	1.23165e+06	1	1.13097e+06	1	1777.99	1	100	277.6	302.893
142	361.213	1	454208	1	1.28106e+06	1	849328	1	1048.66	1	0	273.249	301.462
142	361.213	1	454208	1	1.28106e+06	1	849328	1	1048.66	1	0.001	273.249	301.462
142	361.213	1	454208	1	1.28106e+06	1	849328	1	1048.66	1	0.00316228	273.25	301.462
142	361.213	1	454208	1	1.28106e+06	1	849328	1	1048.66	1	0.01	273.25	301.462
142	361.213	1	454208	1	1.28106e+06	1	849328	1	1048.66	1	0.0316228	273.25	301.462
142	361.213	1	454208	1	1.28106e+06	1	849328	1	1048.66	1	0.1	273.252	301.463
142	361.213	1	454208	1	1.28106e+06	1	849328	1	1048.66	1	0.316228	273.259	301.465
142	361.213	1	454208	1	1.28106e+06	1	849328	1	1048.66	1	1	273.28	301.472
142	361.213	1	454208	1	1.28106e+06	1	849328	1	1048.66	1	3.16228	273.346	301.494
142	361.213	1	454208	1	1.28106e+06	1	849328	1	1048.66	1	10	273.548	301.562
142	361.213	1	454208	1	1.28106e+06	1	849328	1	1048.66	1	31.6228	274.144	301.764
142	361.213	1	454208	1	1.28106e+06	1	849328	1	1048.66	1	100	275.741	302.331
143	127.907	1	1.11148e+06	1	1.16824e+06	1	488174	1	1418.76	1	0	273.249	301.462
143	127.907	1	1.11148e+06	1	1.16824e+06	1	488174	1	1418.76	1	0.001	273.25	301.462
143	127.907	1	1.11148e+06	1	1.16824e+06	1	488174	1	1418.76	1	0.00316228	273.25	301.462
143	127.907	1	1.11148e+06	1	1.16824e+06	1	488174	1	1418.76	1	0.01	273.25	301.462
143	127.907	1	1.11148e+06	1	1.16824e+06	1	488174	1	1418.76	1	0.0316228	273.252	301.462
143	127.907	1	1.11148e+06	1	1.16824e+06	1	488174	1	1418.76	1	0.1	273.258	301.464
143	127.907	1	1.11148e+06	1	1.16824e+06	1	488174	1	1418.76	1	0.316228	273.276	301.47
143	127.907	1	1.11148e+06	1	1.16824e+06	1	488174	1	1418.76	1	1	273.333	301.487
143	127.907	1	1.11148e+06	1	1.16824e+06	1	488174	1	1418.76	1	3.16228	273.509	301.542
143	127.907	1	1.11148e+06	1	1.16824e+06	1	488174	1	1418.76	1	10	274.029	301.703
143	127.907	1	1.11148e+06	1	1.16824e+06	1	488174	1	1418.76	1	31.6228	275.444	302.156
143	127.907	1	1.11148e+06	1	1.16824e+06	1	488174	1	1418.76	1	100	278.315	303.19
144	275.679	1	1.49743e+06	1	1.09487e+06	1	1.69413e+06	1	1397.19	1	0	273.249	301.462
144	275.679	1	1.49743e+06	1	1.09487e+06	1	1.69413e+06	1	1397.19	1	0.001	273.249	301.462
144	275.679	1	1.49743e+06	1	1.09487e+06	1	1.69413e+06	1	1397.19	1	0.00316228	273.25	301.462
144	275.679	1	1.49743e+06	1	1.09487e+06	1	1.69413e+06	1	1397.19	1	0.01	273.25	301.462
144	275.679	1	1.49743e+06	1	1.09487e+06	1	1.69413e+06	1	1397.19	1	0.0316228	273.251	301.462
144	275.679	1	1.49743e+06	1	1.09487e+06	1	1.69413e+06	1	1397.19	1	0.1	273.253	301.463
144	275.679	1	1.49743e+06	1	1.09487e+06	1	1.69413e+06	1	1397.19	1	0.316228	273.262	301.466
144	275.679	1	1.49743e+06	1	1.09487e+06	1	1.69413e+06	1	1397.19	1	1	273.289	301.474
144	275.679	1	1.49743e+06	1	1.09487e+06	1	1.69413e+06	1	1397.19	1	3.16228	273.373	301.501
144	275.679	1	1.49743e+06	1	1.09487e+06	1	1.69413e+06	1	1397.19	1	10	273.631	301.584
144	275.679	1	1.49743e+06	1	1.09487e+06	1	1.69413e+06	1	1397.19	1	31.6228	274.373	301.825
144	275.679	1	1.49743e+06	1	1.09487e+06	1	1.69413e+06	1	1397.19	1	100	276.29	302.483
145	165.04	1	701436	1	1.33502e+06	1	642866	1	1728.64	1	0	273.249	301.462
145	165.04	1	701436	1	1.33502e+06	1	642866	1	1728.64	1	0.001	273.249	301.462
145	165.04	1	701436	1	1.33502e+06	1	642866	1	1728.64	1	0.00316228	273.25	301.462
145	165.04	1	701436	1	1.33502e+06	1	642866	1	1728.64	1	0.01	273.25	301.462
145	165.04	1	701436	1	1.33502e+06	1	642866	1	1728.64	1	0.0316228	273.251	301.462
145	165.04	1	701436	1	1.33502e+06	1	642866	1	1728.64	1	0.1	273.256	301.464
145	165.04	1	701436	1	1.33502e+06	1	642866	1	1728.64	1	0.316228	273.27	301.468
145	165.04	1	701436	1	1.33502e+06	1	642866	1	1728.64	1	1	273.314	301.482
145	165.04	1	701436	1	1.33502e+06	1	642866	1	1728.64	1	3.16228	273.452	301.524
145	165.04	1	701436	1	1.33502e+06	1	642866	1	1728.64	1	10	273.864	301.652
145	165.04	1	701436	1	1.33502e+06	1	642866	1	1728.64	1	31.6228	275.009	302.014
145	165.04	1	701436	1	1.33502e+06	1	642866	1	1728.64	1	100	277.605	302.903
146	136.484	1	314726	1	1.04458e+06	1	899692	1	1363.09	1	0	273.249	301.462
146	136.484	1	314726	1	1.04458e+06	1	899692	1	1363.09	1	0.001	273.25	301.462
146	136.484	1	314726	1	1.04458e+06	1	899692	1	1363.09	1	0.00316228	273.25	301.462
146	136.484	1	314726	1	1.04458e+06	1	899692	1	1363.09	1	0.01	273.25	301.462
146	136.484	1	314726	1	1.04458e+06	1	899692	1	1363.09	1	0.0316228	273.252	301.462
146	136.484	1	314726	1	1.04458e+06	1	899692	1	1363.09	1	0.1	273.257	301.464
146	136.484	1	314726	1	1.04458e+06	1	899692	1	1363.09	1	0.316228	273.274	301.469
146	136.484	1	314726	1	1.04458e+06	1	899692	1	1363.09	1	1	273.328	301.486
146	136.484	1	314726	1	1.04458e+06	1	899692	1	1363.09	1	3.16228	273.493	301.536
146	136.484	1	314726	1	1.04458e+06	1	899692	1	1363.09	1	10	273.983	301.688
146	136.484	1	314726	1	1.04458e+06	1	899692	1	1363.09	1	31.6228	275.323	302.114
146	136.484	1	314726	1	1.04458e+06	1	899692	1	1363.09	1	100	278.118	303.106
147	232.554	1	622066	1	939360	1	424964	1	1226.04	1	0	273.249	301.462
147	232.554	1	622066	1	939360	1	424964	1	1226.04	1	0.001	273.249	301.462
147	232.554	1	622066	1	939360	1	424964	1	1226.04	1	0.00316228	273.25	301.462
147	232.554	1	622066	1	939360	1	424964	1	1226.04	1	0.01	273.25	301.462
147	232.554	1	622066	1	939360	1	424964	1	1226.04	1	0.0316228	273.251	301.462
147	232.554	1	622066	1	939360	1	424964	1	1226.04	1	0.1	273.254	301.463
147	232.554	1	622066	1	939360	1	424964	1	1226.04	1	0.316228	273.264	301.466
147	232.554	1	622066	1	939360	1	424964	1	1226.04	1	1	273.296	301.477
147	232.554	1	622066	1	939360	1	424964	1	1226.04	1	3.16228	273.396	301.509
147	232.554	1	622066	1	939360	1	424964	1	1226.04	1	10	273.699	301.606
147	232.554	1	622066	1	939360	1	424964	1	1226.04	1	31.6228	274.557	301.886
147	232.554	1	622066	1	939360	1	424964	1	1226.04	1	100	276.723	302.643
148	211.081	1	639583	1	412526	1	1.09645e+06	1	791.248	1	0	273.249	301.462
148	211.081	1	639583	1	412526	1	1.09645e+06	1	791.248	1	0.001	273.249	301.462
148	211.081	1	639583	1	412526	1	1.09645e+06	1	791.248	1	0.00316228	273.25	301.462
148	211.081	1	639583	1	412526	1	1.09645e+06	1	791.248	1	0.01	273.25	301.462
148	211.081	1	639583	1	412526	1	1.09645e+06	1	791.248	1	0.0316228	273.251	301.462
148	211.081	1	639583	1	412526	1	1.09645e+06	1	791.248	1	0.1	273.255	301.463
148	211.081	1	639583	1	412526	1	1.09645e+06	1	791.248	1	0.316228	273.266	301.467
148	211.081	1	639583	1	412526	1	1.09645e+06	1	791.248	1	1	273.301	301.479
148	211.081	1	639583	1	412526	1	1.09645e+06	1	791.248	1	3.16228	273.412	301.515
148	211.081	1	639583	1	412526	1	1.09645e+06	1	791.248	1	10	273.747	301.626
148	211.081	1	639583	1	412526	1	1.09645e+06	1	791.248	1	31.6228	274.691	301.942
148	211.081	1	639583	1	412526	1	1.09645e+06	1	791.248	1	100	277.016	302.787
149	149.283	1	1.29668e+06	1	1.35728e+06	1	591220	1	1423.99	1	0	273.249	301.462
149	149.283	1	1.29668e+06	1	1.35728e+06	1	591220	1	1423.99	1	0.001	273.249	301.462
149	149.283	1	1.29668e+06	1	1.35728e+06	1	591220	1	1423.99	1	0.00316228	273.25	301.462
149	149.283	1	1.29668e+06	1	1.35728e+06	1	591220	1	1423.99	1	0.01	273.25	301.462
149	149.283	1	1.29668e+06	1	1.35728e+06	1	591220	1	1423.99	1	0.0316228	273.252	301.462
149	149.283	1	1.29668e+06	1	1.35728e+06	1	591220	1	1423.99	1	0.1	273.257	301.464
149	149.283	1	1.29668e+06	1	1.35728e+06	1	591220	1	1423.99	1	0.316228	273.272	301.469
149	149.283	1	1.29668e+06	1	1.35728e+06	1	591220	1	1423.99	1	1	273.321	301.484
149	149.283	1	1.29668e+06	1	1.35728e+06	1	591220	1	1423.99	1	3.16228	273.473	301.531
149	149.283	1	1.29668e+06	1	1.35728e+06	1	591220	1	1423.99	1	10	273.926	301.672
149	149.283	1	1.29668e+06	1	1.35728e+06	1	591220	1	1423.99	1	31.6228	275.176	302.072
149	149.283	1	1.29668e+06	1	1.35728e+06	1	591220	1	1423.99	1	100	277.892	303.029
150	157.223	1	1.36477e+06	1	509639	1	2.37843e+06	1	2136.67	1	0	273.249	301.462
150	157.223	1	1.36477e+06	1	509639	1	2.37843e+06	1	2136.67	1	0.001	273.249	301.462
150	157.223	1	1.36477e+06	1	509639	1	2.37843e+06	1	2136.67	1	0.00316228	273.25	301.462
150	157.223	1	1.36477e+06	1	509639	1	2.37843e+06	1	2136.67	1	0.01	273.25	301.462
150	157.223	1	1.36477e+06	1	509639	1	2.37843e+06	1	2136.67	1	0.0316228	273.252	301.462
150	157.223	1	1.36477e+06	1	509639	1	2.37843e+06	1	2136.67	1	0.1	273.256	301.464
150	157.223	1	1.36477e+06	1	509639	1	2.37843e+06	1	2136.67	1	0.316228	273.271	301.468
150	157.223	1	1.36477e+06	1	509639	1	2.37843e+06	1	2136.67	1	1	273.317	301.482
150	157.223	1	1.36477e+06	1	509639	1	2.37843e+06	1	2136.67	1	3.16228	273.461	301.526
150	157.223	1	1.36477e+06	1	509639	1	2.37843e+06	1	2136.67	1	10	273.891	301.658
150	157.223	1	1.36477e+06	1	509639	1	2.37843e+06	1	2136.67	1	31.6228	275.08	302.032
150	157.223	1	1.36477e+06	1	509639	1	2.37843e+06	1	2136.67	1	100	277.721	302.933
151	159.726	1	1.09891e+06	1	821051	1	2.73937e+06	1	2329.12	1	0	273.249	301.462
151	159.726	1	1.09891e+06	1	821051	1	2.73937e+06	1	2329.12	1	0.001	273.249	301.462
151	159.726	1	1.09891e+06	1	821051	1	2.73937e+06	1	2329.12	1	0.00316228	273.25	301.462
151	159.726	1	1.09891e+06	1	821051	1	2.73937e+06	1	2329.12	1	0.01	273.25	301.462
151	159.726	1	1.09891e+06	1	821051	1	2.73937e+06	1	2329.12	1	0.0316228	273.252	301.462
151	159.726	1	1.09891e+06	1	821051	1	2.73937e+06	1	2329.12	1	0.1	273.256	301.464
151	159.726	1	1.09891e+06	1	821051	1	2.73937e+06	1	2329.12	1	0.316228	273.271	301.468
151	159.726	1	1.09891e+06	1	821051	1	2.73937e+06	1	2329.12	1	1	273.316	301.482
151	159.726	1	1.09891e+06	1	821051	1	2.73937e+06	1	2329.12	1	3.16228	273.457	301.525
151	159.726	1	1.09891e+06	1	821051	1	2.73937e+06	1	2329.12	1	10	273.88	301.654
151	159.726	1	1.09891e+06	1	821051	1	2.73937e+06	1	2329.12	1	31.6228	275.052	302.021
151	159.726	1	1.09891e+06	1	821051	1	2.73937e+06	1	2329.12	1	100	277.67	302.906
152	163.558	1	839448	1	1.54187e+06	1	505085	1	1768.59	1	0	273.249	301.462
152	163.558	1	839448	1	1.54187e+06	1	505085	1	1768.59	1	0.001	273.249	301.462
152	163.558	1	839448	1	1.54187e+06	1	505085	1	1768.59	1	0.00316228	273.25	301.462
152	163.558	1	839448	1	1.54187e+06	1	505085	1	1768.59	1	0.01	273.25	301.462
152	163.558	1	839448	1	1.54187e+06	1	505085	1	1768.59	1	0.0316228	273.252	301.462
152	163.558	1	839448	1	1.54187e+06	1	505085	1	1768.59	1	0.1	273.256	301.464
152	163.558	1	839448	1	1.54187e+06	1	505085	1	1768.59	1	0.316228	273.27	301.468
152	163.558	1	839448	1	1.54187e+06	1	505085	1	1768.59	1	1	273.315	301.482
152	163.558	1	839448	1	1.54187e+06	1	505085	1	1768.59	1	3.16228	273.453	301.525
152	163.558	1	839448	1	1.54187e+06	1	505085	1	1768.59	1	10	273.869	301.653
152	163.558	1	839448	1	1.54187e+06	1	505085	1	1768.59	1	31.6228	275.024	302.019
152	163.558	1	839448	1	1.54187e+06	1	505085	1	1768.59	1	100	277.632	302.914
153	186.989	1	512004	1	1.02635e+06	1	870045	1	1167.57	1	0	273.249	301.462
153	186.989	1	512004	1	1.02635e+06	1	870045	1	1167.57	1	0.001	273.249	301.462
153	186.989	1	512004	1	1.02635e+06	1	870045	1	1167.57	1	0.00316228	273.25	301.462
153	186.989	1	512004	1	1.02635e+06	1	870045	1	1167.57	1	0.01	273.25	301.462
153	186.989	1	512004	1	1.02635e+06	1	870045	1	1167.57	1	0.0316228	273.251	301.462
153	186.989	1	512004	1	1.02635e+06	1	870045	1	1167.57	1	0.1	273.255	301.463
153	186.989	1	512004	1	1.02635e+06	1	870045	1	1167.57	1	0.316228	273.268	301.467
153	186.989	1	512004	1	1.02635e+06	1	870045	1	1167.57	1	1	273.307	301.48
153	186.989	1	512004	1	1.02635e+06	1	870045	1	1167.57	1	3.16228	273.43	301.518
153	186.989	1	512004	1	1.02635e+06	1	870045	1	1167.57	1	10	273.8	301.636
153	186.989	1	512004	1	1.02635e+06	1	870045	1	1167.57	1	31.6228	274.835	301.97
153	186.989	1	512004	1	1.02635e+06	1	870045	1	1167.57	1	100	277.288	302.827
154	101.554	1	1.34704e+06	1	618480	1	592932	1	1857.16	1	0	273.249	301.462
154	101.554	1	1.34704e+06	1	618480	1	592932	1	1857.16	1	0.001	273.25	301.462
154	101.554	1	1.34704e+06	1	618480	1	592932	1	1857.16	1	0.00316228	273.25	301.462
154	101.554	1	1.34704e+06	1	618480	1	592932	1	1857.16	1	0.01	273.25	301.462
154	101.554	1	1.34704e+06	1	618480	1	592932	1	1857.16	1	0.0316228	273.253	301.463
154	101.554	1	1.34704e+06	1	618480	1	592932	1	1857.16	1	0.1	273.26	301.465
154	101.554	1	1.34704e+06	1	618480	1	592932	1	1857.16	1	0.316228	273.283	301.472
154	101.554	1	1.34704e+06	1	618480	1	592932	1	1857.16	1	1	273.354	301.493
154	101.554	1	1.34704e+06	1	618480	1	592932	1	1857.16	1	3.16228	273.572	301.56
154	101.554	1	1.34704e+06	1	618480	1	592932	1	1857.16	1	10	274.209	301.754
154	101.554	1	1.34704e+06	1	618480	1	592932	1	1857.16	1	31.6228	275.883	302.286
154	101.554	1	1.34704e+06	1	618480	1	592932	1	1857.16	1	100	278.944	303.405
155	106.862	1	4.86221e+06	1	1.48706e+06	1	764157	1	1879.46	1	0	273.249	301.462
155	106.862	1	4.86221e+06	1	1.48706e+06	1	764157	1	1879.46	1	0.001	273.25	301.462
155	106.862	1	4.86221e+06	1	1.48706e+06	1	764157	1	1879.46	1	0.00316228	273.25	301.462
155	106.862	1	4.86221e+06	1	1.48706e+06	1	764157	1	1879.46	1	0.01	273.25	301.462
155	106.862	1	4.86221e+06	1	1.48706e+06	1	764157	1	1879.46	1	0.0316228	273.253	301.463
155	106.862	1	4.86221e+06	1	1.48706e+06	1	764157	1	1879.46	1	0.1	273.259	301.465
155	106.862	1	4.86221e+06	1	1.48706e+06	1	764157	1	1879.46	1	0.316228	273.281	301.471
155	106.862	1	4.86221e+06	1	1.48706e+06	1	764157	1	1879.46	1	1	273.349	301.492
155	106.862	1	4.86221e+06	1	1.48706e+06	1	764157	1	1879.46	1	3.16228	273.557	301.555
155	106.862	1	4.86221e+06	1	1.48706e+06	1	764157	1	1879.46	1	10	274.165	301.741
155	106.862	1	4.86221e+06	1	1.48706e+06	1	764157	1	1879.46	1	31.6228	275.779	302.252
155	106.862	1	4.86221e+06	1	1.48706e+06	1	764157	1	1879.46	1	100	278.798	303.348
156	96.211	1	2.24803e+06	1	1.78812e+06	1	1.5436e+06	1	1498.71	1	0	273.249	301.462
156	96.211	1	2.24803e+06	1	1.78812e+06	1	1.5436e+06	1	1498.71	1	0.001	273.25	301.462
156	96.211	1	2.24803e+06	1	1.78812e+06	1	1.5436e+06	1	1498.71	1	0.00316228	273.25	301.462
156	96.211	1	2.24803e+06	1	1.78812e+06	1	1.5436e+06	1	1498.71	1	0.01	273.251	301.462
156	96.211	1	2.24803e+06	1	1.78812e+06	1	1.5436e+06	1	1498.71	1	0.0316228	273.253	301.463
156	96.211	1	2.24803e+06	1	1.78812e+06	1	1.5436e+06	1	1498.71	1	0.1	273.261	301.465
156	96.211	1	2.24803e+06	1	1.78812e+06	1	1.5436e+06	1	1498.71	1	0.316228	273.284	301.472
156	96.211	1	2.24803e+06	1	1.78812e+06	1	1.5436e+06	1	1498.71	1	1	273.359	301.495
156	96.211	1	2.24803e+06	1	1.78812e+06	1	1.5436e+06	1	1498.71	1	3.16228	273.59	301.565
156	96.211	1	2.24803e+06	1	1.78812e+06	1	1.5436e+06	1	1498.71	1	10	274.257	301.77
156	96.211	1	2.24803e+06	1	1.78812e+06	1	1.5436e+06	1	1498.71	1	31.6228	275.999	302.324
156	96.211	1	2.24803e+06	1	1.78812e+06	1	1.5436e+06	1	1498.71	1	100	279.05	303.469
157	168.17	1	1.27976e+06	1	346804	1	802214	1	836.768	1	0	273.249	301.462
157	168.17	1	1.27976e+06	1	346804	1	802214	1	836.768	1	0.001	273.249	301.462
157	168.17	1	1.27976e+06	1	346804	1	802214	1	836.768	1	0.00316228	273.25	301.462
157	168.17	1	1.27976e+06	1	346804	1	802214	1	836.768	1	0.01	273.25	301.462
157	168.17	1	1.27976e+06	1	346804	1	802214	1	836.768	1	0.0316228	273.251	301.462
157	168.17	1	1.27976e+06	1	346804	1	802214	1	836.768	1	0.1	273.256	301.464
157	168.17	1	1.27976e+06	1	346804	1	802214	1	836.768	1	0.316228	273.27	301.468
157	168.17	1	1.27976e+06	1	346804	1	802214	1	836.768	1	1	273.314	301.482
157	168.17	1	1.27976e+06	1	346804	1	802214	1	836.768	1	3.16228	273.451	301.527
157	168.17	1	1.27976e+06	1	346804	1	802214	1	836.768	1	10	273.863	301.66
157	168.17	1	1.27976e+06	1	346804	1	802214	1	836.768	1	31.6228	275.01	302.041
157	168.17	1	1.27976e+06	1	346804	1	802214	1	836.768	1	100	277.632	302.991
158	117.718	1	566707	1	992778	1	594267	1	1371.82	1	0	273.249	301.462
158	117.718	1	566707	1	992778	1	594267	1	1371.82	1	0.001	273.25	301.462
158	117.718	1	566707	1	992778	1	594267	1	1371.82	1	0.00316228	273.25	301.462
158	117.718	1	566707	1	992778	1	594267	1	1371.82	1	0.01	273.25	301.462
158	117.718	1	566707	1	992778	1	594267	1	1371.82	1	0.0316228	273.252	301.462
158	117.718	1	566707	1	992778	1	594267	1	1371.82	1	0.1	273.259	301.464
158	117.718	1	566707	1	992778	1	594267	1	1371.82	1	0.316228	273.278	301.47
158	117.718	1	566707	1	992778	1	594267	1	1371.82	1	1	273.34	301.489
158	117.718	1	566707	1	992778	1	594267	1	1371.82	1	3.16228	273.53	301.548
158	117.718	1	566707	1	992778	1	594267	1	1371.82	1	10	274.09	301.721
158	117.718	1	566707	1	992778	1	594267	1	1371.82	1	31.6228	275.596	302.202
158	117.718	1	566707	1	992778	1	594267	1	1371.82	1	100	278.539	303.272
159	270.918	1	276068	1	1.10392e+06	1	1.37282e+06	1	1536.85	1	0	273.249	301.462
159	270.918	1	276068	1	1.10392e+06	1	1.37282e+06	1	1536.85	1	0.001	273.249	301.462
159	270.918	1	276068	1	1.10392e+06	1	1.37282e+06	1	1536.85	1	0.00316228	273.25	301.462
159	270.918	1	276068	1	1.10392e+06	1	1.37282e+06	1	1536.85	1	0.01	273.25	301.462
159	270.918	1	276068	1	1.10392e+06	1	1.37282e+06	1	1536.85	1	0.0316228	273.251	301.462
159	270.918	1	276068	1	1.10392e+06	1	1.37282e+06	1	1536.85	1	0.1	273.253	301.463
159	270.918	1	276068	1	1.10392e+06	1	1.37282e+06	1	1536.85	1	0.316228	273.262	301.466
159	270.918	1	276068	1	1.10392e+06	1	1.37282e+06	1	1536.85	1	1	273.289	301.474
159	270.918	1	276068	1	1.10392e+06	1	1.37282e+06	1	1536.85	1	3.16228	273.374	301.501
159	270.918	1	276068	1	1.10392e+06	1	1.37282e+06	1	1536.85	1	10	273.635	301.583
159	270.918	1	276068	1	1.10392e+06	1	1.37282e+06	1	1536.85	1	31.6228	274.381	301.821
159	270.918	1	276068	1	1.10392e+06	1	1.37282e+06	1	1536.85	1	100	276.305	302.468
160	123.697	1	776158	1	1.4743e+06	1	655156	1	1203.39	1	0	273.249	301.462
160	123.697	1	776158	1	1.4743e+06	1	655156	1	1203.39	1	0.001	273.25	301.462
160	123.697	1	776158	1	1.4743e+06	1	655156	1	1203.39	1	0.00316228	273.25	301.462
160	123.697	1	776158	1	1.4743e+06	1	655156	1	1203.39	1	0.01	273.25	301.462
160	123.697	1	776158	1	1.4743e+06	1	655156	1	1203.39	1	0.0316228	273.252	301.462
160	123.697	1	776158	1	1.4743e+06	1	655156	1	1203.39	1	0.1	273.258	301.464
160	123.697	1	776158	1	1.4743e+06	1	655156	1	1203.39	1	0.316228	273.277	301.47
160	123.697	1	776158	1	1.4743e+06	1	655156	1	1203.39	1	1	273.336	301.488
160	123.697	1	776158	1	1.4743e+06	1	655156	1	1203.39	1	3.16228	273.518	301.545
160	123.697	1	776158	1	1.4743e+06	1	655156	1	1203.39	1	10	274.055	301.712
160	123.697	1	776158	1	1.4743e+06	1	655156	1	1203.39	1	31.6228	275.508	302.179
160	123.697	1	776158	1	1.4743e+06	1	655156	1	1203.39	1	100	278.412	303.237
161	168.26	1	1.06355e+06	1	1.1131e+06	1	1.10126e+06	1	1189.43	1	0	273.249	301.462
161	168.26	1	1.06355e+06	1	1.1131e+06	1	1.10126e+06	1	1189.43	1	0.001	273.249	301.462
161	168.26	1	1.06355e+06	1	1.1131e+06	1	1.10126e+06	1	1189.43	1	0.00316228	273.25	301.462
161	168.26	1	1.06355e+06	1	1.1131e+06	1	1.10126e+06	1	1189.43	1	0.01	273.25	301.462
161	168.26	1	1.06355e+06	1	1.1131e+06	1	1.10126e+06	1	1189.43	1	0.0316228	273.251	301.462
161	168.26	1	1.06355e+06	1	1.1131e+06	1	1.10126e+06	1	1189.43	1	0.1	273.256	301.464
161	168.26	1	1.06355e+06	1	1.1131e+06	1	1.10126e+06	1	1189.43	1	0.316228	273.27	301.468
161	168.26	1	1.06355e+06	1	1.1131e+06	1	1.10126e+06	1	1189.43	1	1	273.313	301.482
161	168.26	1	1.06355e+06	1	1.1131e+06	1	1.10126e+06	1	1189.43	1	3.16228	273.449	301.524
161	168.26	1	1.06355e+06	1	1.1131e+06	1	1.10126e+06	1	1189.43	1	10	273.857	301.653
161	168.26	1	1.06355e+06	1	1.1131e+06	1	1.10126e+06	1	1189.43	1	31.6228	274.991	302.019
161	168.26	1	1.06355e+06	1	1.1131e+06	1	1.10126e+06	1	1189.43	1	100	277.582	302.925
162	116.07	1	843134	1	1.13999e+06	1	712493	1	2586.96	1	0	273.249	301.462
162	116.07	1	843134	1	1.13999e+06	1	712493	1	2586.96	1	0.001	273.25	301.462
162	116.07	1	843134	1	1.13999e+06	1	712493	1	2586.96	1	0.00316228	273.25	301.462
162	116.07	1	843134	1	1.13999e+06	1	712493	1	2586.96	1	0.01	273.25	301.462
162	116.07	1	843134	1	1.13999e+06	1	712493	1	2586.96	1	0.0316228	273.252	301.462
162	116.07	1	843134	1	1.13999e+06	1	712493	1	2586.96	1	0.1	273.259	301.464
162	116.07	1	843134	1	1.13999e+06	1	712493	1	2586.96	1	0.316228	273.278	301.47
162	116.07	1	843134	1	1.13999e+06	1	712493	1	2586.96	1	1	273.341	301.489
162	116.07	1	843134	1	1.13999e+06	1	712493	1	2586.96	1	3.16228	273.533	301.547
162	116.07	1	843134	1	1.13999e+06	1	712493	1	2586.96	1	10	274.096	301.718
162	116.07	1	843134	1	1.13999e+06	1	712493	1	2586.96	1	31.6228	275.608	302.192
162	116.07	1	843134	1	1.13999e+06	1	712493	1	2586.96	1	100	278.547	303.231
163	163.148	1	1.15122e+06	1	1.05624e+06	1	2.80334e+06	1	1130.75	1	0	273.249	301.462
163	163.148	1	1.15122e+06	1	1.05624e+06	1	2.80334e+06	1	1130.75	1	0.001	273.249	301.462
163	163.148	1	1.15122e+06	1	1.05624e+06	1	2.80334e+06	1	1130.75	1	0.00316228	273.25	301.462
163	163.148	1	1.15122e+06	1	1.05624e+06	1	2.80334e+06	1	1130.75	1	0.01	273.25	301.462
163	163.148	1	1.15122e+06	1	1.05624e+06	1	2.80334e+06	1	1130.75	1	0.0316228	273.252	301.462
163	163.148	1	1.15122e+06	1	1.05624e+06	1	2.80334e+06	1	1130.75	1	0.1	273.256	301.464
163	163.148	1	1.15122e+06	1	1.05624e+06	1	2.80334e+06	1	1130.75	1	0.316228	273.27	301.468
163	163.148	1	1.15122e+06	1	1.05624e+06	1	2.80334e+06	1	1130.75	1	1	273.315	301.482
163	163.148	1	1.15122e+06	1	1.05624e+06	1	2.80334e+06	1	1130.75	1	3.16228	273.455	301.526
163	163.148	1	1.15122e+06	1	1.05624e+06	1	2.80334e+06	1	1130.75	1	10	273.874	301.658
163	163.148	1	1.15122e+06	1	1.05624e+06	1	2.80334e+06	1	1130.75	1	31.6228	275.039	302.034
163	163.148	1	1.15122e+06	1	1.05624e+06	1	2.80334e+06	1	1130.75	1	100	277.665	302.958
164	98.321	1	1.93645e+06	1	776241	1	1.45064e+06	1	1550.89	1	0	273.249	301.462
164	98.321	1	1.93645e+06	1	776241	1	1.45064e+06	1	1550.89	1	0.001	273.25	301.462
164	98.321	1	1.93645e+06	1	776241	1	1.45064e+06	1	1550.89	1	0.00316228	273.25	301.462
164	98.321	1	1.93645e+06	1	776241	1	1.45064e+06	1	1550.89	1	0.01	273.251	301.462
164	98.321	1	1.93645e+06	1	776241	1	1.45064e+06	1	1550.89	1	0.0316228	273.253	301.463
164	98.321	1	1.93645e+06	1	776241	1	1.45064e+06	1	1550.89	1	0.1	273.26	301.465
164	98.321	1	1.93645e+06	1	776241	1	1.45064e+06	1	1550.89	1	0.316228	273.284	301.472
164	98.321	1	1.93645e+06	1	776241	1	1.45064e+06	1	1550.89	1	1	273.357	301.494
164	98.321	1	1.93645e+06	1	776241	1	1.45064e+06	1	1550.89	1	3.16228	273.583	301.563
164	98.321	1	1.93645e+06	1	776241	1	1.45064e+06	1	1550.89	1	10	274.238	301.764
164	98.321	1	1.93645e+06	1	776241	1	1.45064e+06	1	1550.89	1	31.6228	275.953	302.31
164	98.321	1	1.93645e+06	1	776241	1	1.45064e+06	1	1550.89	1	100	279.015	303.448
165	112.3	1	3.48048e+06	1	1.35651e+06	1	2.07236e+06	1	1339.7	1	0	273.249	301.462
165	112.3	1	3.48048e+06	1	1.35651e+06	1	2.07236e+06	1	1339.7	1	0.001	273.25	301.462
165	112.3	1	3.48048e+06	1	1.35651e+06	1	2.07236e+06	1	1339.7	1	0.00316228	273.25	301.462
165	112.3	1	3.48048e+06	1	1.35651e+06	1	2.07236e+06	1	1339.7	1	0.01	273.25	301.462
165	112.3	1	3.48048e+06	1	1.35651e+06	1	2.07236e+06	1	1339.7	1	0.0316228	273.252	301.462
165	112.3	1	3.48048e+06	1	1.35651e+06	1	2.07236e+06	1	1339.7	1	0.1	273.259	301.464
165	112.3	1	3.48048e+06	1	1.35651e+06	1	2.07236e+06	1	1339.7	1	0.316228	273.28	301.471
165	112.3	1	3.48048e+06	1	1.35651e+06	1	2.07236e+06	1	1339.7	1	1	273.344	301.491
165	112.3	1	3.48048e+06	1	1.35651e+06	1	2.07236e+06	1	1339.7	1	3.16228	273.543	301.552
165	112.3	1	3.48048e+06	1	1.35651e+06	1	2.07236e+06	1	1339.7	1	10	274.127	301.732
165	112.3	1	3.48048e+06	1	1.35651e+06	1	2.07236e+06	1	1339.7	1	31.6228	275.688	302.231
165	112.3	1	3.48048e+06	1	1.35651e+06	1	2.07236e+06	1	1339.7	1	100	278.671	303.324
166	147.635	1	1.20216e+06	1	1.07521e+06	1	2.84222e+06	1	891.02	1	0	273.249	301.462
166	147.635	1	1.20216e+06	1	1.07521e+06	1	2.84222e+06	1	891.02	1	0.001	273.249	301.462
166	147.635	1	1.20216e+06	1	1.07521e+06	1	2.84222e+06	1	891.02	1	0.00316228	273.25	301.462
166	147.635	1	1.20216e+06	1	1.07521e+06	1	2.84222e+06	1	891.02	1	0.01	273.25	301.462
166	147.635	1	1.20216e+06	1	1.07521e+06	1	2.84222e+06	1	891.02	1	0.0316228	273.252	301.462
166	147.635	1	1.20216e+06	1	1.07521e+06	1	2.84222e+06	1	891.02	1	0.1	273.257	301.464
166	147.635	1	1.20216e+06	1	1.07521e+06	1	2.84222e+06	1	891.02	1	0.316228	273.273	301.469
166	147.635	1	1.20216e+06	1	1.07521e+06	1	2.84222e+06	1	891.02	1	1	273.322	301.485
166	147.635	1	1.20216e+06	1	1.07521e+06	1	2.84222e+06	1	891.02	1	3.16228	273.477	301.534
166	147.635	1	1.20216e+06	1	1.07521e+06	1	2.84222e+06	1	891.02	1	10	273.938	301.68
166	147.635	1	1.20216e+06	1	1.07521e+06	1	2.84222e+06	1	891.02	1	31.6228	275.209	302.097
166	147.635	1	1.20216e+06	1	1.07521e+06	1	2.84222e+06	1	891.02	1	100	277.955	303.095
167	121.458	1	695226	1	460612	1	924746	1	1835.69	1	0	273.249	301.462
167	121.458	1	695226	1	460612	1	924746	1	1835.69	1	0.001	273.25	301.462
167	121.458	1	695226	1	460612	1	924746	1	1835.69	1	0.00316228	273.25	301.462
167	121.458	1	695226	1	460612	1	924746	1	1835.69	1	0.01	273.25	301.462
167	121.458	1	695226	1	460612	1	924746	1	1835.69	1	0.0316228	273.252	301.462
167	121.458	1	695226	1	460612	1	924746	1	1835.69	1	0.1	273.258	301.464
167	121.458	1	695226	1	460612	1	924746	1	1835.69	1	0.316228	273.277	301.47
167	121.458	1	695226	1	460612	1	924746	1	1835.69	1	1	273.337	301.488
167	121.458	1	695226	1	460612	1	924746	1	1835.69	1	3.16228	273.521	301.545
167	121.458	1	695226	1	460612	1	924746	1	1835.69	1	10	274.064	301.711
167	121.458	1	695226	1	460612	1	924746	1	1835.69	1	31.6228	275.53	302.175
167	121.458	1	695226	1	460612	1	924746	1	1835.69	1	100	278.436	303.212
168	160.487	1	486289	1	711274	1	616516	1	1506.18	1	0	273.249	301.462
168	160.487	1	486289	1	711274	1	616516	1	1506.18	1	0.001	273.249	301.462
168	160.487	1	486289	1	711274	1	616516	1	1506.18	1	0.00316228	273.25	301.462
168	160.487	1	486289	1	711274	1	616516	1	1506.18	1	0.01	273.25	301.462
168	160.487	1	486289	1	711274	1	616516	1	1506.18	1	0.0316228	273.252	301.462
168	160.487	1	486289	1	711274	1	616516	1	1506.18	1	0.1	273.256	301.464
168	160.487	1	486289	1	711274	1	616516	1	1506.18	1	0.316228	273.271	301.468
168	160.487	1	486289	1	711274	1	616516	1	1506.18	1	1	273.316	301.482
168	160.487	1	486289	1	711274	1	616516	1	1506.18	1	3.16228	273.457	301.526
168	160.487	1	486289	1	711274	1	616516	1	1506.18	1	10	273.881	301.658
168	160.487	1	486289	1	711274	1	616516	1	1506.18	1	31.6228	275.056	302.032
168	160.487	1	486289	1	711274	1	616516	1	1506.18	1	100	277.687	302.943
169	197.183	1	361043	1	1.07522e+06	1	898513	1	2081.94	1	0	273.249	301.462
169	197.183	1	361043	1	1.07522e+06	1	898513	1	2081.94	1	0.001	273.249	301.462
169	197.183	1	361043	1	1.07522e+06	1	898513	1	2081.94	1	0.00316228	273.25	301.462
169	197.183	1	361043	1	1.07522e+06	1	898513	1	2081.94	1	0.01	273.25	301.462
169	197.183	1	361043	1	1.07522e+06	1	898513	1	2081.94	1	0.0316228	273.251	301.462
169	197.183	1	361043	1	1.07522e+06	1	898513	1	2081.94	1	0.1	273.255	301.463
169	197.183	1	361043	1	1.07522e+06	1	898513	1	2081.94	1	0.316228	273.267	301.467
169	197.183	1	361043	1	1.07522e+06	1	898513	1	2081.94	1	1	273.304	301.478
169	197.183	1	361043	1	1.07522e+06	1	898513	1	2081.94	1	3.16228	273.419	301.514
169	197.183	1	361043	1	1.07522e+06	1	898513	1	2081.94	1	10	273.767	301.621
169	197.183	1	361043	1	1.07522e+06	1	898513	1	2081.94	1	31.6228	274.744	301.926
169	197.183	1	361043	1	1.07522e+06	1	898513	1	2081.94	1	100	277.094	302.713
170	116.235	1	1.82347e+06	1	799666	1	656676	1	1086.42	1	0	273.249	301.462
170	116.235	1	1.82347e+06	1	799666	1	656676	1	1086.42	1	0.001	273.25	301.462
170	116.235	1	1.82347e+06	1	799666	1	656676	1	1086.42	1	0.00316228	273.25	301.462
170	116.235	1	1.82347e+06	1	799666	1	656676	1	1086.42	1	0.01	273.25	301.462
170	116.235	1	1.82347e+06	1	799666	1	656676	1	1086.42	1	0.0316228	273.252	301.462
170	116.235	1	1.82347e+06	1	799666	1	656676	1	1086.42	1	0.1	273.259	301.464
170	116.235	1	1.82347e+06	1	799666	1	656676	1	1086.42	1	0.316228	273.279	301.471
170	116.235	1	1.82347e+06	1	799666	1	656676	1	1086.42	1	1	273.341	301.49
170	116.235	1	1.82347e+06	1	799666	1	656676	1	1086.42	1	3.16228	273.535	301.55
170	116.235	1	1.82347e+06	1	799666	1	656676	1	1086.42	1	10	274.104	301.728
170	116.235	1	1.82347e+06	1	799666	1	656676	1	1086.42	1	31.6228	275.631	302.222
170	116.235	1	1.82347e+06	1	799666	1	656676	1	1086.42	1	100	278.599	303.323
171	115.854	1	735246	1	920441	1	1.55832e+06	1	1201.89	1	0	273.249	301.462
171	115.854	1	735246	1	920441	1	1.55832e+06	1	1201.89	1	0.001	273.25	301.462
171	115.854	1	735246	1	920441	1	1.55832e+06	1	1201.89	1	0.00316228	273.25	301.462
171	115.854	1	735246	1	920441	1	1.55832e+06	1	1201.89	1	0.01	273.25	301.462
171	115.854	1	735246	1	920441	1	1.55832e+06	1	1201.89	1	0.0316228	273.252	301.462
171	115.854	1	735246	1	920441	1	1.55832e+06	1	1201.89	1	0.1	273.259	301.464
171	115.854	1	735246	1	920441	1	1.55832e+06	1	1201.89	1	0.316228	273.279	301.471
171	115.854	1	735246	1	920441	1	1.55832e+06	1	1201.89	1	1	273.341	301.49
171	115.854	1	735246	1	920441	1	1.55832e+06	1	1201.89	1	3.16228	273.535	301.55
171	115.854	1	735246	1	920441	1	1.55832e+06	1	1201.89	1	10	274.104	301.726
171	115.854	1	735246	1	920441	1	1.55832e+06	1	1201.89	1	31.6228	275.629	302.216
171	115.854	1	735246	1	920441	1	1.55832e+06	1	1201.89	1	100	278.588	303.3
172	162.069	1	3.00166e+06	1	512887	1	1.57954e+06	1	2203.01	1	0	273.249	301.462
172	162.069	1	3.00166e+06	1	512887	1	1.57954e+06	1	2203.01	1	0.001	273.249	301.462
172	162.069	1	3.00166e+06	1	512887	1	1.57954e+06	1	2203.01	1	0.00316228	273.25	301.462
172	162.069	1	3.00166e+06	1	512887	1	1.57954e+06	1	2203.01	1	0.01	273.25	301.462
172	162.069	1	3.00166e+06	1	512887	1	1.57954e+06	1	2203.01	1	0.0316228	273.252	301.462
172	162.069	1	3.00166e+06	1	512887	1	1.57954e+06	1	2203.01	1	0.1	273.256	301.464
172	162.069	1	3.00166e+06	1	512887	1	1.57954e+06	1	2203.01	1	0.316228	273.27	301.468
172	162.069	1	3.00166e+06	1	512887	1	1.57954e+06	1	2203.01	1	1	273.315	301.482
172	162.069	1	3.00166e+06	1	512887	1	1.57954e+06	1	2203.01	1	3.16228	273.455	301.525
172	162.069	1	3.00166e+06	1	512887	1	1.57954e+06	1	2203.01	1	10	273.873	301.653
172	162.069	1	3.00166e+06	1	512887	1	1.57954e+06	1	2203.01	1	31.6228	275.033	302.018
172	162.069	1	3.00166e+06	1	512887	1	1.57954e+06	1	2203.01	1	100	277.642	302.905
173	187.855	1	786957	1	1.17218e+06	1	1.06922e+06	1	1820.17	1	0	273.249	301.462
173	187.855	1	786957	1	1.17218e+06	1	1.06922e+06	1	1820.17	1	0.001	273.249	301.462
173	187.855	1	786957	1	1.17218e+06	1	1.06922e+06	1	1820.17	1	0.00316228	273.25	301.462
173	187.855	1	786957	1	1.17218e+06	1	1.06922e+06	1	1820.17	1	0.01	273.25	301.462
173	187.855	1	786957	1	1.17218e+06	1	1.06922e+06	1	1820.17	1	0.0316228	273.251	301.462
173	187.855	1	786957	1	1.17218e+06	1	1.06922e+06	1	1820.17	1	0.1	273.255	301.463
173	187.855	1	786957	1	1.17218e+06	1	1.06922e+06	1	1820.17	1	0.316228	273.267	301.467
173	187.855	1	786957	1	1.17218e+06	1	1.06922e+06	1	1820.17	1	1	273.306	301.479
173	187.855	1	786957	1	1.17218e+06	1	1.06922e+06	1	1820.17	1	3.16228	273.427	301.517
173	187.855	1	786957	1	1.17218e+06	1	1.06922e+06	1	1820.17	1	10	273.793	301.63
173	187.855	1	786957	1	1.17218e+06	1	1.06922e+06	1	1820.17	1	31.6228	274.817	301.953
173	187.855	1	786957	1	1.17218e+06	1	1.06922e+06	1	1820.17	1	100	277.241	302.776
174	181.627	1	1.69962e+06	1	967955	1	1.39085e+06	1	1746.24	1	0	273.249	301.462
174	181.627	1	1.69962e+06	1	967955	1	1.39085e+06	1	1746.24	1	0.001	273.249	301.462
174	181.627	1	1.69962e+06	1	967955	1	1.39085e+06	1	1746.24	1	0.00316228	273.25	301.462
174	181.627	1	1.69962e+06	1	967955	1	1.39085e+06	1	1746.24	1	0.01	273.25	301.462
174	181.627	1	1.69962e+06	1	967955	1	1.39085e+06	1	1746.24	1	0.0316228	273.251	301.462
174	181.627	1	1.69962e+06	1	967955	1	1.39085e+06	1	1746.24	1	0.1	273.255	301.463
174	181.627	1	1.69962e+06	1	967955	1	1.39085e+06	1	1746.24	1	0.316228	273.268	301.467
174	181.627	1	1.69962e+06	1	967955	1	1.39085e+06	1	1746.24	1	1	273.308	301.48
174	181.627	1	1.69962e+06	1	967955	1	1.39085e+06	1	1746.24	1	3.16228	273.434	301.519
174	181.627	1	1.69962e+06	1	967955	1	1.39085e+06	1	1746.24	1	10	273.811	301.636
174	181.627	1	1.69962e+06	1	967955	1	1.39085e+06	1	1746.24	1	31.6228	274.867	301.97
174	181.627	1	1.69962e+06	1	967955	1	1.39085e+06	1	1746.24	1	100	277.34	302.814
175	173.47	1	381854	1	1.01874e+06	1	1.03666e+06	1	1767.11	1	0	273.249	301.462
175	173.47	1	381854	1	1.01874e+06	1	1.03666e+06	1	1767.11	1	0.001	273.249	301.462
175	173.47	1	381854	1	1.01874e+06	1	1.03666e+06	1	1767.11	1	0.00316228	273.25	301.462
175	173.47	1	381854	1	1.01874e+06	1	1.03666e+06	1	1767.11	1	0.01	273.25	301.462
175	173.47	1	381854	1	1.01874e+06	1	1.03666e+06	1	1767.11	1	0.0316228	273.251	301.462
175	173.47	1	381854	1	1.01874e+06	1	1.03666e+06	1	1767.11	1	0.1	273.256	301.463
175	173.47	1	381854	1	1.01874e+06	1	1.03666e+06	1	1767.11	1	0.316228	273.269	301.468
175	173.47	1	381854	1	1.01874e+06	1	1.03666e+06	1	1767.11	1	1	273.311	301.48
175	173.47	1	381854	1	1.01874e+06	1	1.03666e+06	1	1767.11	1	3.16228	273.442	301.521
175	173.47	1	381854	1	1.01874e+06	1	1.03666e+06	1	1767.11	1	10	273.835	301.642
175	173.47	1	381854	1	1.01874e+06	1	1.03666e+06	1	1767.11	1	31.6228	274.93	301.987
175	173.47	1	381854	1	1.01874e+06	1	1.03666e+06	1	1767.11	1	100	277.454	302.842
176	155.529	1	1.4972e+06	1	716468	1	1.43909e+06	1	1194.28	1	0	273.249	301.462
176	155.529	1	1.4972e+06	1	716468	1	1.43909e+06	1	1194.28	1	0.001	273.249	301.462
176	155.529	1	1.4972e+06	1	716468	1	1.43909e+06	1	1194.28	1	0.00316228	273.25	301.462
176	155.529	1	1.4972e+06	1	716468	1	1.43909e+06	1	1194.28	1	0.01	273.25	301.462
176	155.529	1	1.4972e+06	1	716468	1	1.43909e+06	1	1194.28	1	0.0316228	273.252	301.462
176	155.529	1	1.4972e+06	1	716468	1	1.43909e+06	1	1194.28	1	0.1	273.256	301.464
176	155.529	1	1.4972e+06	1	716468	1	1.43909e+06	1	1194.28	1	0.316228	273.271	301.468
176	155.529	1	1.4972e+06	1	716468	1	1.43909e+06	1	1194.28	1	1	273.318	301.483
176	155.529	1	1.4972e+06	1	716468	1	1.43909e+06	1	1194.28	1	3.16228	273.465	301.529
176	155.529	1	1.4972e+06	1	716468	1	1.43909e+06	1	1194.28	1	10	273.902	301.667
176	155.529	1	1.4972e+06	1	716468	1	1.43909e+06	1	1194.28	1	31.6228	275.114	302.057
176	155.529	1	1.4972e+06	1	716468	1	1.43909e+06	1	1194.28	1	100	277.792	303.005
177	239.055	1	1.87064e+06	1	586011	1	4.2111e+06	1	1299.33	1	0	273.249	301.462
177	239.055	1	1.87064e+06	1	586011	1	4.2111e+06	1	1299.33	1	0.001	273.249	301.462
177	239.055	1	1.87064e+06	1	586011	1	4.2111e+06	1	1299.33	1	0.00316228	273.25	301.462
177	239.055	1	1.87064e+06	1	586011	1	4.2111e+06	1	1299.33	1	0.01	273.25	301.462
177	239.055	1	1.87064e+06	1	586011	1	4.2111e+06	1	1299.33	1	0.0316228	273.251	301.462
177	239.055	1	1.87064e+06	1	586011	1	4.2111e+06	1	1299.33	1	0.1	273.254	301.463
177	239.055	1	1.87064e+06	1	586011	1	4.2111e+06	1	1299.33	1	0.316228	273.264	301.466
177	239.055	1	1.87064e+06	1	586011	1	4.2111e+06	1	1299.33	1	1	273.295	301.476
177	239.055	1	1.87064e+06	1	586011	1	4.2111e+06	1	1299.33	1	3.16228	273.391	301.507
177	239.055	1	1.87064e+06	1	586011	1	4.2111e+06	1	1299.33	1	10	273.687	301.601
177	239.055	1	1.87064e+06	1	586011	1	4.2111e+06	1	1299.33	1	31.6228	274.523	301.872
177	239.055	1	1.87064e+06	1	586011	1	4.2111e+06	1	1299.33	1	100	276.642	302.607
178	170.905	1	623025	1	1.19293e+06	1	970071	1	1325.58	1	0	273.249	301.462
178	170.905	1	623025	1	1.19293e+06	1	970071	1	1325.58	1	0.001	273.249	301.462
178	170.905	1	623025	1	1.19293e+06	1	970071	1	1325.58	1	0.00316228	273.25	301.462
178	170.905	1	623025	1	1.19293e+06	1	970071	1	1325.58	1	0.01	273.25	301.462
178	170.905	1	623025	1	1.19293e+06	1	970071	1	1325.58	1	0.0316228	273.251	301.462
178	170.905	1	623025	1	1.19293e+06	1	970071	1	1325.58	1	0.1	273.256	301.464
178	170.905	1	623025	1	1.19293e+06	1	970071	1	1325.58	1	0.316228	273.269	301.468
178	170.905	1	623025	1	1.19293e+06	1	970071	1	1325.58	1	1	273.312	301.481
178	170.905	1	623025	1	1.19293e+06	1	970071	1	1325.58	1	3.16228	273.445	301.523
178	170.905	1	623025	1	1.19293e+06	1	970071	1	1325.58	1	10	273.846	301.648
178	170.905	1	623025	1	1.19293e+06	1	970071	1	1325.58	1	31.6228	274.962	302.006
178	170.905	1	623025	1	1.19293e+06	1	970071	1	1325.58	1	100	277.525	302.894
179	254.19	1	2.20703e+06	1	1.46492e+06	1	1.78144e+06	1	632.89	1	0	273.249	301.462
179	254.19	1	2.20703e+06	1	1.46492e+06	1	1.78144e+06	1	632.89	1	0.001	273.249	301.462
179	254.19	1	2.20703e+06	1	1.46492e+06	1	1.78144e+06	1	632.89	1	0.00316228	273.25	301.462
179	254.19	1	2.20703e+06	1	1.46492e+06	1	1.78144e+06	1	632.89	1	0.01	273.25	301.462
179	254.19	1	2.20703e+06	1	1.46492e+06	1	1.78144e+06	1	632.89	1	0.0316228	273.251	301.462
179	254.19	1	2.20703e+06	1	1.46492e+06	1	1.78144e+06	1	632.89	1	0.1	273.254	301.463
179	254.19	1	2.20703e+06	1	1.46492e+06	1	1.78144e+06	1	632.89	1	0.316228	273.263	301.466
179	254.19	1	2.20703e+06	1	1.46492e+06	1	1.78144e+06	1	632.89	1	1	273.293	301.477
179	254.19	1	2.20703e+06	1	1.46492e+06	1	1.78144e+06	1	632.89	1	3.16228	273.387	301.509
179	254.19	1	2.20703e+06	1	1.46492e+06	1	1.78144e+06	1	632.89	1	10	273.674	301.608
179	254.19	1	2.20703e+06	1	1.46492e+06	1	1.78144e+06	1	632.89	1	31.6228	274.491	301.893
179	254.19	1	2.20703e+06	1	1.46492e+06	1	1.78144e+06	1	632.89	1	100	276.574	302.666
180	146.254	1	798857	1	1.16411e+06	1	728945	1	1529.76	1	0	273.249	301.462
180	146.254	1	798857	1	1.16411e+06	1	728945	1	1529.76	1	0.001	273.249	301.462
180	146.254	1	798857	1	1.16411e+06	1	728945	1	1529.76	1	0.00316228	273.25	301.462
180	146.254	1	798857	1	1.16411e+06	1	728945	1	1529.76	1	0.01	273.25	301.462
180	146.254	1	798857	1	1.16411e+06	1	728945	1	1529.76	1	0.0316228	273.252	301.462
180	146.254	1	798857	1	1.16411e+06	1	728945	1	1529.76	1	0.1	273.257	301.464
180	146.254	1	798857	1	1.16411e+06	1	728945	1	1529.76	1	0.316228	273.273	301.469
180	146.254	1	798857	1	1.16411e+06	1	728945	1	1529.76	1	1	273.322	301.484
180	146.254	1	798857	1	1.16411e+06	1	728945	1	1529.76	1	3.16228	273.477	301.532
180	146.254	1	798857	1	1.16411e+06	1	728945	1	1529.76	1	10	273.938	301.675
180	146.254	1	798857	1	1.16411e+06	1	728945	1	1529.76	1	31.6228	275.206	302.078
180	146.254	1	798857	1	1.16411e+06	1	728945	1	1529.76	1	100	277.936	303.036
181	135.467	1	750787	1	725783	1	849275	1	1432.68	1	0	273.249	301.462
181	135.467	1	750787	1	725783	1	849275	1	1432.68	1	0.001	273.25	301.462
181	135.467	1	750787	1	725783	1	849275	1	1432.68	1	0.00316228	273.25	301.462
181	135.467	1	750787	1	725783	1	849275	1	1432.68	1	0.01	273.25	301.462
181	135.467	1	750787	1	725783	1	849275	1	1432.68	1	0.0316228	273.252	301.462
181	135.467	1	750787	1	725783	1	849275	1	1432.68	1	0.1	273.257	301.464
181	135.467	1	750787	1	725783	1	849275	1	1432.68	1	0.316228	273.274	301.469
181	135.467	1	750787	1	725783	1	849275	1	1432.68	1	1	273.328	301.486
181	135.467	1	750787	1	725783	1	849275	1	1432.68	1	3.16228	273.495	301.537
181	135.467	1	750787	1	725783	1	849275	1	1432.68	1	10	273.989	301.69
181	135.467	1	750787	1	725783	1	849275	1	1432.68	1	31.6228	275.339	302.121
181	135.467	1	750787	1	725783	1	849275	1	1432.68	1	100	278.149	303.122
182	154.568	1	4.41202e+06	1	1.10088e+06	1	1.35786e+06	1	1272.11	1	0	273.249	301.462
182	154.568	1	4.41202e+06	1	1.10088e+06	1	1.35786e+06	1	1272.11	1	0.001	273.249	301.462
182	154.568	1	4.41202e+06	1	1.10088e+06	1	1.35786e+06	1	1272.11	1	0.00316228	273.25	301.462
182	154.568	1	4.41202e+06	1	1.10088e+06	1	1.35786e+06	1	1272.11	1	0.01	273.25	301.462
182	154.568	1	4.41202e+06	1	1.10088e+06	1	1.35786e+06	1	1272.11	1	0.0316228	273.252	301.462
182	154.568	1	4.41202e+06	1	1.10088e+06	1	1.35786e+06	1	1272.11	1	0.1	273.256	301.464
182	154.568	1	4.41202e+06	1	1.10088e+06	1	1.35786e+06	1	1272.11	1	0.316228	273.271	301.468
182	154.568	1	4.41202e+06	1	1.10088e+06	1	1.35786e+06	1	1272.11	1	1	273.319	301.483
182	154.568	1	4.41202e+06	1	1.10088e+06	1	1.35786e+06	1	1272.11	1	3.16228	273.466	301.529
182	154.568	1	4.41202e+06	1	1.10088e+06	1	1.35786e+06	1	1272.11	1	10	273.906	301.667
182	154.568	1	4.41202e+06	1	1.10088e+06	1	1.35786e+06	1	1272.11	1	31.6228	275.122	302.058
182	154.568	1	4.41202e+06	1	1.10088e+06	1	1.35786e+06	1	1272.11	1	100	277.804	303.004
183	100.051	1	2.53693e+06	1	1.03684e+06	1	204746	1	1666.52	1	0	273.249	301.462
183	100.051	1	2.53693e+06	1	1.03684e+06	1	204746	1	1666.52	1	0.001	273.25	301.462
183	100.051	1	2.53693e+06	1	1.03684e+06	1	204746	1	1666.52	1	0.00316228	273.25	301.462
183	100.051	1	2.53693e+06	1	1.03684e+06	1	204746	1	1666.52	1	0.01	273.25	301.462
183	100.051	1	2.53693e+06	1	1.03684e+06	1	204746	1	1666.52	1	0.0316228	273.253	301.463
183	100.051	1	2.53693e+06	1	1.03684e+06	1	204746	1	1666.52	1	0.1	273.26	301.465
183	100.051	1	2.53693e+06	1	1.03684e+06	1	204746	1	1666.52	1	0.316228	273.283	301.472
183	100.051	1	2.53693e+06	1	1.03684e+06	1	204746	1	1666.52	1	1	273.356	301.494
183	100.051	1	2.53693e+06	1	1.03684e+06	1	204746	1	1666.52	1	3.16228	273.578	301.562
183	100.051	1	2.53693e+06	1	1.03684e+06	1	204746	1	1666.52	1	10	274.225	301.762
183	100.051	1	2.53693e+06	1	1.03684e+06	1	204746	1	1666.52	1	31.6228	275.925	302.306
183	100.051	1	2.53693e+06	1	1.03684e+06	1	204746	1	1666.52	1	100	279.015	303.456
184	151.086	1	4.41709e+06	1	1.08962e+06	1	1.62429e+06	1	1149.83	1	0	273.249	301.462
184	151.086	1	4.41709e+06	1	1.08962e+06	1	1.62429e+06	1	1149.83	1	0.001	273.249	301.462
184	151.086	1	4.41709e+06	1	1.08962e+06	1	1.62429e+06	1	1149.83	1	0.00316228	273.25	301.462
184	151.086	1	4.41709e+06	1	1.08962e+06	1	1.62429e+06	1	1149.83	1	0.01	273.25	301.462
184	151.086	1	4.41709e+06	1	1.08962e+06	1	1.62429e+06	1	1149.83	1	0.0316228	273.252	301.462
184	151.086	1	4.41709e+06	1	1.08962e+06	1	1.62429e+06	1	1149.83	1	0.1	273.257	301.464
184	151.086	1	4.41709e+06	1	1.08962e+06	1	1.62429e+06	1	1149.83	1	0.316228	273.272	301.469
184	151.086	1	4.41709e+06	1	1.08962e+06	1	1.62429e+06	1	1149.83	1	1	273.32	301.484
184	151.086	1	4.41709e+06	1	1.08962e+06	1	1.62429e+06	1	1149.83	1	3.16228	273.471	301.531
184	151.086	1	4.41709e+06	1	1.08962e+06	1	1.62429e+06	1	1149.83	1	10	273.921	301.672
184	151.086	1	4.41709e+06	1	1.08962e+06	1	1.62429e+06	1	1149.83	1	31.6228	275.162	302.074
184	151.086	1	4.41709e+06	1	1.08962e+06	1	1.62429e+06	1	1149.83	1	100	277.873	303.039
185	155.443	1	429381	1	1.28788e+06	1	818972	1	2830.35	1	0	273.249	301.462
185	155.443	1	429381	1	1.28788e+06	1	818972	1	2830.35	1	0.001	273.249	301.462
185	155.443	1	429381	1	1.28788e+06	1	818972	1	2830.35	1	0.00316228	273.25	301.462
185	155.443	1	429381	1	1.28788e+06	1	818972	1	2830.35	1	0.01	273.25	301.462
185	155.443	1	429381	1	1.28788e+06	1	818972	1	2830.35	1	0.0316228	273.252	301.462
185	155.443	1	429381	1	1.28788e+06	1	818972	1	2830.35	1	0.1	273.256	301.464
185	155.443	1	429381	1	1.28788e+06	1	818972	1	2830.35	1	0.316228	273.271	301.468
185	155.443	1	429381	1	1.28788e+06	1	818972	1	2830.35	1	1	273.318	301.482
185	155.443	1	429381	1	1.28788e+06	1	818972	1	2830.35	1	3.16228	273.462	301.526
185	155.443	1	429381	1	1.28788e+06	1	818972	1	2830.35	1	10	273.895	301.657
185	155.443	1	429381	1	1.28788e+06	1	818972	1	2830.35	1	31.6228	275.091	302.028
185	155.443	1	429381	1	1.28788e+06	1	818972	1	2830.35	1	100	277.73	302.916
186	268.012	1	905789	1	1.67356e+06	1	740189	1	951.558	1	0	273.249	301.462
186	268.012	1	905789	1	1.67356e+06	1	740189	1	951.558	1	0.001	273.249	301.462
186	268.012	1	905789	1	1.67356e+06	1	740189	1	951.558	1	0.00316228	273.25	301.462
186	268.012	1	905789	1	1.67356e+06	1	740189	1	951.558	1	0.01	273.25	301.462
186	268.012	1	905789	1	1.67356e+06	1	740189	1	951.558	1	0.0316228	273.251	301.462
186	268.012	1	905789	1	1.67356e+06	1	740189	1	951.558	1	0.1	273.254	301.463
186	268.012	1	905789	1	1.67356e+06	1	740189	1	951.558	1	0.316228	273.262	301.466
186	268.012	1	905789	1	1.67356e+06	1	740189	1	951.558	1	1	273.29	301.475
186	268.012	1	905789	1	1.67356e+06	1	740189	1	951.558	1	3.16228	273.378	301.504
186	268.012	1	905789	1	1.67356e+06	1	740189	1	951.558	1	10	273.646	301.593
186	268.012	1	905789	1	1.67356e+06	1	740189	1	951.558	1	31.6228	274.416	301.851
186	268.012	1	905789	1	1.67356e+06	1	740189	1	951.558	1	100	276.399	302.558
187	115.086	1	751751	1	829730	1	1.89732e+06	1	1088.37	1	0	273.249	301.462
187	115.086	1	751751	1	829730	1	1.89732e+06	1	1088.37	1	0.001	273.25	301.462
187	115.086	1	751751	1	829730	1	1.89732e+06	1	1088.37	1	0.00316228	273.25	301.462
187	115.086	1	751751	1	829730	1	1.89732e+06	1	1088.37	1	0.01	273.25	301.462
187	115.086	1	751751	1	829730	1	1.89732e+06	1	1088.37	1	0.0316228	273.252	301.462
187	115.086	1	751751	1	829730	1	1.89732e+06	1	1088.37	1	0.1	273.259	301.464
187	115.086	1	751751	1	829730	1	1.89732e+06	1	1088.37	1	0.316228	273.279	301.471
187	115.086	1	751751	1	829730	1	1.89732e+06	1	1088.37	1	1	273.342	301.49
187	115.086	1	751751	1	829730	1	1.89732e+06	1	1088.37	1	3.16228	273.537	301.551
187	115.086	1	751751	1	829730	1	1.89732e+06	1	1088.37	1	10	274.11	301.729
187	115.086	1	751751	1	829730	1	1.89732e+06	1	1088.37	1	31.6228	275.646	302.224
187	115.086	1	751751	1	829730	1	1.89732e+06	1	1088.37	1	100	278.613	303.32
188	189.608	1	818032	1	981984	1	417978	1	1533.2	1	0	273.249	301.462
188	189.608	1	818032	1	981984	1	417978	1	1533.2	1	0.001	273.249	301.462
188	189.608	1	818032	1	981984	1	417978	1	1533.2	1	0.00316228	273.25	301.462
188	189.608	1	818032	1	981984	1	417978	1	1533.2	1	0.01	273.25	301.462
188	189.608	1	818032	1	981984	1	417978	1	1533.2	1	0.0316228	273.251	301.462
188	189.608	1	818032	1	981984	1	417978	1	1533.2	1	0.1	273.255	301.463
188	189.608	1	818032	1	981984	1	417978	1	1533.2	1	0.316228	273.267	301.467
188	189.608	1	818032	1	981984	1	417978	1	1533.2	1	1	273.306	301.479
188	189.608	1	818032	1	981984	1	417978	1	1533.2	1	3.16228	273.427	301.517
188	189.608	1	818032	1	981984	1	417978	1	1533.2	1	10	273.791	301.632
188	189.608	1	818032	1	981984	1	417978	1	1533.2	1	31.6228	274.812	301.958
188	189.608	1	818032	1	981984	1	417978	1	1533.2	1	100	277.24	302.797
189	122.173	1	633862	1	1.30864e+06	1	612006	1	1264.92	1	0	273.249	301.462
189	122.173	1	633862	1	1.30864e+06	1	612006	1	1264.92	1	0.001	273.25	301.462
189	122.173	1	633862	1	1.30864e+06	1	612006	1	1264.92	1	0.00316228	273.25	301.462
189	122.173	1	633862	1	1.30864e+06	1	612006	1	1264.92	1	0.01	273.25	301.462
189	122.173	1	633862	1	1.30864e+06	1	612006	1	1264.92	1	0.0316228	273.252	301.462
189	122.173	1	633862	1	1.30864e+06	1	612006	1	1264.92	1	0.1	273.258	301.464
189	122.173	1	633862	1	1.30864e+06	1	612006	1	1264.92	1	0.316228	273.277	301.47
189	122.173	1	633862	1	1.30864e+06	1	612006	1	1264.92	1	1	273.337	301.489
189	122.173	1	633862	1	1.30864e+06	1	612006	1	1264.92	1	3.16228	273.521	301.545
189	122.173	1	633862	1	1.30864e+06	1	612006	1	1264.92	1	10	274.063	301.714
189	122.173	1	633862	1	1.30864e+06	1	612006	1	1264.92	1	31.6228	275.529	302.184
189	122.173	1	633862	1	1.30864e+06	1	612006	1	1264.92	1	100	278.442	303.243
190	174.977	1	2.04227e+06	1	1.70238e+06	1	1.19624e+06	1	1301.81	1	0	273.249	301.462
190	174.977	1	2.04227e+06	1	1.70238e+06	1	1.19624e+06	1	1301.81	1	0.001	273.249	301.462
190	174.977	1	2.04227e+06	1	1.70238e+06	1	1.19624e+06	1	1301.81	1	0.00316228	273.25	301.462
190	174.977	1	2.04227e+06	1	1.70238e+06	1	1.19624e+06	1	1301.81	1	0.01	273.25	301.462
190	174.977	1	2.04227e+06	1	1.70238e+06	1	1.19624e+06	1	1301.81	1	0.0316228	273.251	301.462
190	174.977	1	2.04227e+06	1	1.70238e+06	1	1.19624e+06	1	1301.81	1	0.1	273.256	301.463
190	174.977	1	2.04227e+06	1	1.70238e+06	1	1.19624e+06	1	1301.81	1	0.316228	273.269	301.468
190	174.977	1	2.04227e+06	1	1.70238e+06	1	1.19624e+06	1	1301.81	1	1	273.311	301.481
190	174.977	1	2.04227e+06	1	1.70238e+06	1	1.19624e+06	1	1301.81	1	3.16228	273.441	301.522
190	174.977	1	2.04227e+06	1	1.70238e+06	1	1.19624e+06	1	1301.81	1	10	273.834	301.645
190	174.977	1	2.04227e+06	1	1.70238e+06	1	1.19624e+06	1	1301.81	1	31.6228	274.93	301.997
190	174.977	1	2.04227e+06	1	1.70238e+06	1	1.19624e+06	1	1301.81	1	100	277.466	302.879
191	137.221	1	449504	1	1.50229e+06	1	1.09275e+06	1	1185.07	1	0	273.249	301.462
191	137.221	1	449504	1	1.50229e+06	1	1.09275e+06	1	1185.07	1	0.001	273.25	301.462
191	137.221	1	449504	1	1.50229e+06	1	1.09275e+06	1	1185.07	1	0.00316228	273.25	301.462
191	137.221	1	449504	1	1.50229e+06	1	1.09275e+06	1	1185.07	1	0.01	273.25	301.462
191	137.221	1	449504	1	1.50229e+06	1	1.09275e+06	1	1185.07	1	0.0316228	273.252	301.462
191	137.221	1	449504	1	1.50229e+06	1	1.09275e+06	1	1185.07	1	0.1	273.257	301.464
191	137.221	1	449504	1	1.50229e+06	1	1.09275e+06	1	1185.07	1	0.316228	273.274	301.469
191	137.221	1	449504	1	1.50229e+06	1	1.09275e+06	1	1185.07	1	1	273.327	301.486
191	137.221	1	449504	1	1.50229e+06	1	1.09275e+06	1	1185.07	1	3.16228	273.492	301.537
191	137.221	1	449504	1	1.50229e+06	1	1.09275e+06	1	1185.07	1	10	273.981	301.689
191	137.221	1	449504	1	1.50229e+06	1	1.09275e+06	1	1185.07	1	31.6228	275.319	302.119
191	137.221	1	449504	1	1.50229e+06	1	1.09275e+06	1	1185.07	1	100	278.118	303.121
192	226.3	1	847767	1	608084	1	1.02178e+06	1	1608.96	1	0	273.249	301.462
192	226.3	1	847767	1	608084	1	1.02178e+06	1	1608.96	1	0.001	273.249	301.462
192	226.3	1	847767	1	608084	1	1.02178e+06	1	1608.96	1	0.00316228	273.25	301.462
192	226.3	1	847767	1	608084	1	1.02178e+06	1	1608.96	1	0.01	273.25	301.462
192	226.3	1	847767	1	608084	1	1.02178e+06	1	1608.96	1	0.0316228	273.251	301.462
192	226.3	1	847767	1	608084	1	1.02178e+06	1	1608.96	1	0.1	273.254	301.463
192	226.3	1	847767	1	608084	1	1.02178e+06	1	1608.96	1	0.316228	273.265	301.466
192	226.3	1	847767	1	608084	1	1.02178e+06	1	1608.96	1	1	273.297	301.477
192	226.3	1	847767	1	608084	1	1.02178e+06	1	1608.96	1	3.16228	273.399	301.508
192	226.3	1	847767	1	608084	1	1.02178e+06	1	1608.96	1	10	273.707	301.606
192	226.3	1	847767	1	608084	1	1.02178e+06	1	1608.96	1	31.6228	274.578	301.883
192	226.3	1	847767	1	608084	1	1.02178e+06	1	1608.96	1	100	276.763	302.63
193	79.455	1	2.42293e+06	1	1.1836e+06	1	2.15981e+06	1	2135.28	1	0	273.249	301.462
193	79.455	1	2.42293e+06	1	1.1836e+06	1	2.15981e+06	1	2135.28	1	0.001	273.25	301.462
193	79.455	1	2.42293e+06	1	1.1836e+06	1	2.15981e+06	1	2135.28	1	0.00316228	273.25	301.462
193	79.455	1	2.42293e+06	1	1.1836e+06	1	2.15981e+06	1	2135.28	1	0.01	273.251	301.462
193	79.455	1	2.42293e+06	1	1.1836e+06	1	2.15981e+06	1	2135.28	1	0.0316228	273.254	301.463
193	79.455	1	2.42293e+06	1	1.1836e+06	1	2.15981e+06	1	2135.28	1	0.1	273.263	301.466
193	79.455	1	2.42293e+06	1	1.1836e+06	1	2.15981e+06	1	2135.28	1	0.316228	273.292	301.474
193	79.455	1	2.42293e+06	1	1.1836e+06	1	2.15981e+06	1	2135.28	1	1	273.382	301.502
193	79.455	1	2.42293e+06	1	1.1836e+06	1	2.15981e+06	1	2135.28	1	3.16228	273.657	301.585
193	79.455	1	2.42293e+06	1	1.1836e+06	1	2.15981e+06	1	2135.28	1	10	274.442	301.822
193	79.455	1	2.42293e+06	1	1.1836e+06	1	2.15981e+06	1	2135.28	1	31.6228	276.437	302.459
193	79.455	1	2.42293e+06	1	1.1836e+06	1	2.15981e+06	1	2135.28	1	100	279.33	303.618
194	144.242	1	1.52672e+06	1	1.91134e+06	1	467679	1	883.933	1	0	273.249	301.462
194	144.242	1	1.52672e+06	1	1.91134e+06	1	467679	1	883.933	1	0.001	273.249	301.462
194	144.242	1	1.52672e+06	1	1.91134e+06	1	467679	1	883.933	1	0.00316228	273.25	301.462
194	144.242	1	1.52672e+06	1	1.91134e+06	1	467679	1	883.933	1	0.01	273.25	301.462
194	144.242	1	1.52672e+06	1	1.91134e+06	1	467679	1	883.933	1	0.0316228	273.252	301.462
194	144.242	1	1.52672e+06	1	1.91134e+06	1	467679	1	883.933	1	0.1	273.257	301.464
194	144.242	1	1.52672e+06	1	1.91134e+06	1	467679	1	883.933	1	0.316228	273.273	301.469
194	144.242	1	1.52672e+06	1	1.91134e+06	1	467679	1	883.933	1	1	273.324	301.485
194	144.242	1	1.52672e+06	1	1.91134e+06	1	467679	1	883.933	1	3.16228	273.482	301.536
194	144.242	1	1.52672e+06	1	1.91134e+06	1	467679	1	883.933	1	10	273.954	301.686
194	144.242	1	1.52672e+06	1	1.91134e+06	1	467679	1	883.933	1	31.6228	275.252	302.113
194	144.242	1	1.52672e+06	1	1.91134e+06	1	467679	1	883.933	1	100	278.031	303.134
195	121.059	1	1.28258e+06	1	1.23367e+06	1	877922	1	1345.52	1	0	273.249	301.462
195	121.059	1	1.28258e+06	1	1.23367e+06	1	877922	1	1345.52	1	0.001	273.25	301.462
195	121.059	1	1.28258e+06	1	1.23367e+06	1	877922	1	1345.52	1	0.00316228	273.25	301.462
195	121.059	1	1.28258e+06	1	1.23367e+06	1	877922	1	1345.52	1	0.01	273.25	301.462
195	121.059	1	1.28258e+06	1	1.23367e+06	1	877922	1	1345.52	1	0.0316228	273.252	301.462
195	121.059	1	1.28258e+06	1	1.23367e+06	1	877922	1	1345.52	1	0.1	273.258	301.464
195	121.059	1	1.28258e+06	1	1.23367e+06	1	877922	1	1345.52	1	0.316228	273.277	301.47
195	121.059	1	1.28258e+06	1	1.23367e+06	1	877922	1	1345.52	1	1	273.337	301.489
195	121.059	1	1.28258e+06	1	1.23367e+06	1	877922	1	1345.52	1	3.16228	273.523	301.546
195	121.059	1	1.28258e+06	1	1.23367e+06	1	877922	1	1345.52	1	10	274.07	301.715
195	121.059	1	1.28258e+06	1	1.23367e+06	1	877922	1	1345.52	1	31.6228	275.544	302.187
195	121.059	1	1.28258e+06	1	1.23367e+06	1	877922	1	1345.52	1	100	278.464	303.247
196	204.414	1	1.28311e+06	1	1.0493e+06	1	674738	1	1484.69	1	0	273.249	301.462
196	204.414	1	1.28311e+06	1	1.0493e+06	1	674738	1	1484.69	1	0.001	273.249	301.462
196	204.414	1	1.28311e+06	1	1.0493e+06	1	674738	1	1484.69	1	0.00316228	273.25	301.462
196	204.414	1	1.28311e+06	1	1.0493e+06	1	674738	1	1484.69	1	0.01	273.25	301.462
196	204.414	1	1.28311e+06	1	1.0493e+06	1	674738	1	1484.69	1	0.0316228	273.251	301.462
196	204.414	1	1.28311e+06	1	1.0493e+06	1	674738	1	1484.69	1	0.1	273.255	301.463
196	204.414	1	1.28311e+06	1	1.0493e+06	1	674738	1	1484.69	1	0.316228	273.266	301.467
196	204.414	1	1.28311e+06	1	1.0493e+06	1	674738	1	1484.69	1	1	273.302	301.478
196	204.414	1	1.28311e+06	1	1.0493e+06	1	674738	1	1484.69	1	3.16228	273.414	301.513
196	204.414	1	1.28311e+06	1	1.0493e+06	1	674738	1	1484.69	1	10	273.754	301.621
196	204.414	1	1.28311e+06	1	1.0493e+06	1	674738	1	1484.69	1	31.6228	274.709	301.926
196	204.414	1	1.28311e+06	1	1.0493e+06	1	674738	1	1484.69	1	100	277.038	302.729
197	183.322	1	923168	1	788711	1	1.48048e+06	1	2121.48	1	0	273.249	301.462
197	183.322	1	923168	1	788711	1	1.48048e+06	1	2121.48	1	0.001	273.249	301.462
197	183.322	1	923168	1	788711	1	1.48048e+06	1	2121.48	1	0.00316228	273.25	301.462
197	183.322	1	923168	1	788711	1	1.48048e+06	1	2121.48	1	0.01	273.25	301.462
197	183.322	1	923168	1	788711	1	1.48048e+06	1	2121.48	1	0.0316228	273.251	301.462
197	183.322	1	923168	1	788711	1	1.48048e+06	1	2121.48	1	0.1	273.255	301.463
197	183.322	1	923168	1	788711	1	1.48048e+06	1	2121.48	1	0.316228	273.268	301.467
197	183.322	1	923168	1	788711	1	1.48048e+06	1	2121.48	1	1	273.308	301.479
197	183.322	1	923168	1	788711	1	1.48048e+06	1	2121.48	1	3.16228	273.431	301.518
197	183.322	1	923168	1	788711	1	1.48048e+06	1	2121.48	1	10	273.805	301.633
197	183.322	1	923168	1	788711	1	1.48048e+06	1	2121.48	1	31.6228	274.848	301.959
197	183.322	1	923168	1	788711	1	1.48048e+06	1	2121.48	1	100	277.299	302.786
198	211.045	1	1.14525e+06	1	1.24545e+06	1	1.64712e+06	1	1570.71	1	0	273.249	301.462
198	211.045	1	1.14525e+06	1	1.24545e+06	1	1.64712e+06	1	1570.71	1	0.001	273.249	301.462
198	211.045	1	1.14525e+06	1	1.24545e+06	1	1.64712e+06	1	1570.71	1	0.00316228	273.25	301.462
198	211.045	1	1.14525e+06	1	1.24545e+06	1	1.64712e+06	1	1570.71	1	0.01	273.25	301.462
198	211.045	1	1.14525e+06	1	1.24545e+06	1	1.64712e+06	1	1570.71	1	0.0316228	273.251	301.462
198	211.045	1	1.14525e+06	1	1.24545e+06	1	1.64712e+06	1	1570.71	1	0.1	273.255	301.463
198	211.045	1	1.14525e+06	1	1.24545e+06	1	1.64712e+06	1	1570.71	1	0.316228	273.266	301.467
198	211.045	1	1.14525e+06	1	1.24545e+06	1	1.64712e+06	1	1570.71	1	1	273.3	301.478
198	211.045	1	1.14525e+06	1	1.24545e+06	1	1.64712e+06	1	1570.71	1	3.16228	273.409	301.511
198	211.045	1	1.14525e+06	1	1.24545e+06	1	1.64712e+06	1	1570.71	1	10	273.738	301.615
198	211.045	1	1.14525e+06	1	1.24545e+06	1	1.64712e+06	1	1570.71	1	31.6228	274.664	301.909
198	211.045	1	1.14525e+06	1	1.24545e+06	1	1.64712e+06	1	1570.71	1	100	276.942	302.688
199	122.788	1	522616	1	753919	1	1.1142e+06	1	2245.95	1	0	273.249	301.462
199	122.788	1	522616	1	753919	1	1.1142e+06	1	2245.95	1	0.001	273.25	301.462
199	122.788	1	522616	1	753919	1	1.1142e+06	1	2245.95	1	0.00316228	273.25	301.462
199	122.788	1	522616	1	753919	1	1.1142e+06	1	2245.95	1	0.01	273.25	301.462
199	122.788	1	522616	1	753919	1	1.1142e+06	1	2245.95	1	0.0316228	273.252	301.462
199	122.788	1	522616	1	753919	1	1.1142e+06	1	2245.95	1	0.1	273.258	301.464
199	122.788	1	522616	1	753919	1	1.1142e+06	1	2245.95	1	0.316228	273.277	301.47
199	122.788	1	522616	1	753919	1	1.1142e+06	1	2245.95	1	1	273.336	301.488
199	122.788	1	522616	1	753919	1	1.1142e+06	1	2245.95	1	3.16228	273.518	301.543
199	122.788	1	522616	1	753919	1	1.1142e+06	1	2245.95	1	10	274.054	301.706
199	122.788	1	522616	1	753919	1	1.1142e+06	1	2245.95	1	31.6228	275.503	302.16
199	122.788	1	522616	1	753919	1	1.1142e+06	1	2245.95	1	100	278.389	303.176
200	156.052	1	2.10858e+06	1	1.49819e+06	1	1.54622e+06	1	849.624	1	0	273.249	301.462
200	156.052	1	2.10858e+06	1	1.49819e+06	1	1.54622e+06	1	849.624	1	0.001	273.249	301.462
200	156.052	1	2.10858e+06	1	1.49819e+06	1	1.54622e+06	1	849.624	1	0.00316228	273.25	301.462
200	156.052	1	2.10858e+06	1	1.49819e+06	1	1.54622e+06	1	849.624	1	0.01	273.25	301.462
200	156.052	1	2.10858e+06	1	1.49819e+06	1	1.54622e+06	1	849.624	1	0.0316228	273.252	301.462
200	156.052	1	2.10858e+06	1	1.49819e+06	1	1.54622e+06	1	849.624	1	0.1	273.256	301.464
200	156.052	1	2.10858e+06	1	1.49819e+06	1	1.54622e+06	1	849.624	1	0.316228	273.271	301.469
200	156.052	1	2.10858e+06	1	1.49819e+06	1	1.54622e+06	1	849.624	1	1	273.319	301.484
200	156.052	1	2.10858e+06	1	1.49819e+06	1	1.54622e+06	1	849.624	1	3.16228	273.466	301.53
200	156.052	1	2.10858e+06	1	1.49819e+06	1	1.54622e+06	1	849.624	1	10	273.905	301.671
200	156.052	1	2.10858e+06	1	1.49819e+06	1	1.54622e+06	1	849.624	1	31.6228	275.122	302.073
200	156.052	1	2.10858e+06	1	1.49819e+06	1	1.54622e+06	1	849.624	1	100	277.817	303.051
201	134.172	1	920665	1	1.66261e+06	1	1.27773e+06	1	1189.52	1	0	273.249	301.462
201	134.172	1	920665	1	1.66261e+06	1	1.27773e+06	1	1189.52	1	0.001	273.25	301.462
201	134.172	1	920665	1	1.66261e+06	1	1.27773e+06	1	1189.52	1	0.00316228	273.25	301.462
201	134.172	1	920665	1	1.66261e+06	1	1.27773e+06	1	1189.52	1	0.01	273.25	301.462
201	134.172	1	920665	1	1.66261e+06	1	1.27773e+06	1	1189.52	1	0.0316228	273.252	301.462
201	134.172	1	920665	1	1.66261e+06	1	1.27773e+06	1	1189.52	1	0.1	273.257	301.464
201	134.172	1	920665	1	1.66261e+06	1	1.27773e+06	1	1189.52	1	0.316228	273.275	301.469
201	134.172	1	920665	1	1.66261e+06	1	1.27773e+06	1	1189.52	1	1	273.329	301.486
201	134.172	1	920665	1	1.66261e+06	1	1.27773e+06	1	1189.52	1	3.16228	273.497	301.539
201	134.172	1	920665	1	1.66261e+06	1	1.27773e+06	1	1189.52	1	10	273.997	301.694
201	134.172	1	920665	1	1.66261e+06	1	1.27773e+06	1	1189.52	1	31.6228	275.36	302.133
201	134.172	1	920665	1	1.66261e+06	1	1.27773e+06	1	1189.52	1	100	278.186	303.15
202	161.704	1	301430	1	735772	1	2.51891e+06	1	5021.18	1	0	273.249	301.462
202	161.704	1	301430	1	735772	1	2.51891e+06	1	5021.18	1	0.001	273.249	301.462
202	161.704	1	301430	1	735772	1	2.51891e+06	1	5021.18	1	0.00316228	273.25	301.462
202	161.704	1	301430	1	735772	1	2.51891e+06	1	5021.18	1	0.01	273.25	301.462
202	161.704	1	301430	1	735772	1	2.51891e+06	1	5021.18	1	0.0316228	273.252	301.462
202	161.704	1	301430	1	735772	1	2.51891e+06	1	5021.18	1	0.1	273.256	301.464
202	161.704	1	301430	1	735772	1	2.51891e+06	1	5021.18	1	0.316228	273.27	301.468
202	161.704	1	301430	1	735772	1	2.51891e+06	1	5021.18	1	1	273.315	301.481
202	161.704	1	301430	1	735772	1	2.51891e+06	1	5021.18	1	3.16228	273.453	301.523
202	161.704	1	301430	1	735772	1	2.51891e+06	1	5021.18	1	10	273.868	301.647
202	161.704	1	301430	1	735772	1	2.51891e+06	1	5021.18	1	31.6228	275.018	301.997
202	161.704	1	301430	1	735772	1	2.51891e+06	1	5021.18	1	100	277.594	302.839
203	166.122	1	895984	1	752037	1	827711	1	1108.92	1	0	273.249	301.462
203	166.122	1	895984	1	752037	1	827711	1	1108.92	1	0.001	273.249	301.462
203	166.122	1	895984	1	752037	1	827711	1	1108.92	1	0.00316228	273.25	301.462
203	166.122	1	895984	1	752037	1	827711	1	1108.92	1	0.01	273.25	301.462
203	166.122	1	895984	1	752037	1	827711	1	1108.92	1	0.0316228	273.251	301.462
203	166.122	1	895984	1	752037	1	827711	1	1108.92	1	0.1	273.256	301.464
203	166.122	1	895984	1	752037	1	827711	1	1108.92	1	0.316228	273.27	301.468
203	166.122	1	895984	1	752037	1	827711	1	1108.92	1	1	273.314	301.482
203	166.122	1	895984	1	752037	1	827711	1	1108.92	1	3.16228	273.452	301.525
203	166.122	1	895984	1	752037	1	827711	1	1108.92	1	10	273.865	301.656
203	166.122	1	895984	1	752037	1	827711	1	1108.92	1	31.6228	275.014	302.029
203	166.122	1	895984	1	752037	1	827711	1	1108.92	1	100	277.626	302.95
204	140.172	1	264810	1	803319	1	1.37663e+06	1	1679.23	1	0	273.249	301.462
204	140.172	1	264810	1	803319	1	1.37663e+06	1	1679.23	1	0.001	273.249	301.462
204	140.172	1	264810	1	803319	1	1.37663e+06	1	1679.23	1	0.00316228	273.25	301.462
204	140.172	1	264810	1	803319	1	1.37663e+06	1	1679.23	1	0.01	273.25	301.462
204	140.172	1	264810	1	803319	1	1.37663e+06	1	1679.23	1	0.0316228	273.252	301.462
204	140.172	1	264810	1	803319	1	1.37663e+06	1	1679.23	1	0.1	273.257	301.464
204	140.172	1	264810	1	803319	1	1.37663e+06	1	1679.23	1	0.316228	273.274	301.469
204	140.172	1	264810	1	803319	1	1.37663e+06	1	1679.23	1	1	273.325	301.485
204	140.172	1	264810	1	803319	1	1.37663e+06	1	1679.23	1	3.16228	273.486	301.534
204	140.172	1	264810	1	803319	1	1.37663e+06	1	1679.23	1	10	273.962	301.68
204	140.172	1	264810	1	803319	1	1.37663e+06	1	1679.23	1	31.6228	275.269	302.091
204	140.172	1	264810	1	803319	1	1.37663e+06	1	1679.23	1	100	278.025	303.05
205	239.067	1	897463	1	1.28848e+06	1	1.09347e+06	1	1407.79	1	0	273.249	301.462
205	239.067	1	897463	1	1.28848e+06	1	1.09347e+06	1	1407.79	1	0.001	273.249	301.462
205	239.067	1	897463	1	1.28848e+06	1	1.09347e+06	1	1407.79	1	0.00316228	273.25	301.462
205	239.067	1	897463	1	1.28848e+06	1	1.09347e+06	1	1407.79	1	0.01	273.25	301.462
205	239.067	1	897463	1	1.28848e+06	1	1.09347e+06	1	1407.79	1	0.0316228	273.251	301.462
205	239.067	1	897463	1	1.28848e+06	1	1.09347e+06	1	1407.79	1	0.1	273.254	301.463
205	239.067	1	897463	1	1.28848e+06	1	1.09347e+06	1	1407.79	1	0.316228	273.264	301.466
205	239.067	1	897463	1	1.28848e+06	1	1.09347e+06	1	1407.79	1	1	273.295	301.476
205	239.067	1	897463	1	1.28848e+06	1	1.09347e+06	1	1407.79	1	3.16228	273.391	301.507
205	239.067	1	897463	1	1.28848e+06	1	1.09347e+06	1	1407.79	1	10	273.685	301.6
205	239.067	1	897463	1	1.28848e+06	1	1.09347e+06	1	1407.79	1	31.6228	274.52	301.868
205	239.067	1	897463	1	1.28848e+06	1	1.09347e+06	1	1407.79	1	100	276.633	302.595
206	84.1513	1	1.08463e+06	1	1.52332e+06	1	1.03499e+06	1	1055.76	1	0	273.249	301.462
206	84.1513	1	1.08463e+06	1	1.52332e+06	1	1.03499e+06	1	1055.76	1	0.001	273.25	301.462
206	84.1513	1	1.08463e+06	1	1.52332e+06	1	1.03499e+06	1	1055.76	1	0.00316228	273.25	301.462
206	84.1513	1	1.08463e+06	1	1.52332e+06	1	1.03499e+06	1	1055.76	1	0.01	273.251	301.462
206	84.1513	1	1.08463e+06	1	1.52332e+06	1	1.03499e+06	1	1055.76	1	0.0316228	273.253	301.463
206	84.1513	1	1.08463e+06	1	1.52332e+06	1	1.03499e+06	1	1055.76	1	0.1	273.262	301.465
206	84.1513	1	1.08463e+06	1	1.52332e+06	1	1.03499e+06	1	1055.76	1	0.316228	273.29	301.474
206	84.1513	1	1.08463e+06	1	1.52332e+06	1	1.03499e+06	1	1055.76	1	1	273.375	301.5
206	84.1513	1	1.08463e+06	1	1.52332e+06	1	1.03499e+06	1	1055.76	1	3.16228	273.638	301.581
206	84.1513	1	1.08463e+06	1	1.52332e+06	1	1.03499e+06	1	1055.76	1	10	274.389	301.812
206	84.1513	1	1.08463e+06	1	1.52332e+06	1	1.03499e+06	1	1055.76	1	31.6228	276.319	302.44
206	84.1513	1	1.08463e+06	1	1.52332e+06	1	1.03499e+06	1	1055.76	1	100	279.29	303.643
207	194.18	1	776241	1	1.3398e+06	1	1.99971e+06	1	2091.96	1	0	273.249	301.462
207	194.18	1	776241	1	1.3398e+06	1	1.99971e+06	1	2091.96	1	0.001	273.249	301.462
207	194.18	1	776241	1	1.3398e+06	1	1.99971e+06	1	2091.96	1	0.00316228	273.25	301.462
207	194.18	1	776241	1	1.3398e+06	1	1.99971e+06	1	2091.96	1	0.01	273.25	301.462
207	194.18	1	776241	1	1.3398e+06	1	1.99971e+06	1	2091.96	1	0.0316228	273.251	301.462
207	194.18	1	776241	1	1.3398e+06	1	1.99971e+06	1	2091.96	1	0.1	273.255	301.463
207	194.18	1	776241	1	1.3398e+06	1	1.99971e+06	1	2091.96	1	0.316228	273.267	301.467
207	194.18	1	776241	1	1.3398e+06	1	1.99971e+06	1	2091.96	1	1	273.304	301.478
207	194.18	1	776241	1	1.3398e+06	1	1.99971e+06	1	2091.96	1	3.16228	273.421	301.514
207	194.18	1	776241	1	1.3398e+06	1	1.99971e+06	1	2091.96	1	10	273.775	301.624
207	194.18	1	776241	1	1.3398e+06	1	1.99971e+06	1	2091.96	1	31.6228	274.766	301.933
207	194.18	1	776241	1	1.3398e+06	1	1.99971e+06	1	2091.96	1	100	277.139	302.73
208	269.23	1	1.47617e+06	1	878459	1	1.30505e+06	1	1519.63	1	0	273.249	301.462
208	269.23	1	1.47617e+06	1	878459	1	1.30505e+06	1	1519.63	1	0.001	273.249	301.462
208	269.23	1	1.47617e+06	1	878459	1	1.30505e+06	1	1519.63	1	0.00316228	273.25	301.462
208	269.23	1	1.47617e+06	1	878459	1	1.30505e+06	1	1519.63	1	0.01	273.25	301.462
208	269.23	1	1.47617e+06	1	878459	1	1.30505e+06	1	1519.63	1	0.0316228	273.251	301.462
208	269.23	1	1.47617e+06	1	878459	1	1.30505e+06	1	1519.63	1	0.1	273.253	301.463
208	269.23	1	1.47617e+06	1	878459	1	1.30505e+06	1	1519.63	1	0.316228	273.262	301.466
208	269.23	1	1.47617e+06	1	878459	1	1.30505e+06	1	1519.63	1	1	273.29	301.474
208	269.23	1	1.47617e+06	1	878459	1	1.30505e+06	1	1519.63	1	3.16228	273.376	301.502
208	269.23	1	1.47617e+06	1	878459	1	1.30505e+06	1	1519.63	1	10	273.639	301.586
208	269.23	1	1.47617e+06	1	878459	1	1.30505e+06	1	1519.63	1	31.6228	274.394	301.829
208	269.23	1	1.47617e+06	1	878459	1	1.30505e+06	1	1519.63	1	100	276.341	302.495
209	121.715	1	701367	1	811903	1	1.51502e+06	1	1177.16	1	0	273.249	301.462
209	121.715	1	701367	1	811903	1	1.51502e+06	1	1177.16	1	0.001	273.25	301.462
209	121.715	1	701367	1	811903	1	1.51502e+06	1	1177.16	1	0.00316228	273.25	301.462
209	121.715	1	701367	1	811903	1	1.51502e+06	1	1177.16	1	0.01	273.25	301.462
209	121.715	1	701367	1	811903	1	1.51502e+06	1	1177.16	1	0.0316228	273.252	301.462
209	121.715	1	701367	1	811903	1	1.51502e+06	1	1177.16	1	0.1	273.258	301.464
209	121.715	1	701367	1	811903	1	1.51502e+06	1	1177.16	1	0.316228	273.277	301.47
209	121.715	1	701367	1	811903	1	1.51502e+06	1	1177.16	1	1	273.337	301.489
209	121.715	1	701367	1	811903	1	1.51502e+06	1	1177.16	1	3.16228	273.522	301.546
209	121.715	1	701367	1	811903	1	1.51502e+06	1	1177.16	1	10	274.066	301.715
209	121.715	1	701367	1	811903	1	1.51502e+06	1	1177.16	1	31.6228	275.537	302.188
209	121.715	1	701367	1	811903	1	1.51502e+06	1	1177.16	1	100	278.453	303.252
210	155.566	1	314993	1	726675	1	1.03762e+06	1	1655.09	1	0	273.249	301.462
210	155.566	1	314993	1	726675	1	1.03762e+06	1	1655.09	1	0.001	273.249	301.462
210	155.566	1	314993	1	726675	1	1.03762e+06	1	1655.09	1	0.00316228	273.25	301.462
210	155.566	1	314993	1	726675	1	1.03762e+06	1	1655.09	1	0.01	273.25	301.462
210	155.566	1	314993	1	726675	1	1.03762e+06	1	1655.09	1	0.0316228	273.252	301.462
210	155.566	1	314993	1	726675	1	1.03762e+06	1	1655.09	1	0.1	273.256	301.464
210	155.566	1	314993	1	726675	1	1.03762e+06	1	1655.09	1	0.316228	273.271	301.468
210	155.566	1	314993	1	726675	1	1.03762e+06	1	1655.09	1	1	273.318	301.483
210	155.566	1	314993	1	726675	1	1.03762e+06	1	1655.09	1	3.16228	273.463	301.527
210	155.566	1	314993	1	726675	1	1.03762e+06	1	1655.09	1	10	273.897	301.661
210	155.566	1	314993	1	726675	1	1.03762e+06	1	1655.09	1	31.6228	275.099	302.04
210	155.566	1	314993	1	726675	1	1.03762e+06	1	1655.09	1	100	277.751	302.952
211	187.756	1	750230	1	630770	1	999455	1	2225.24	1	0	273.249	301.462
211	187.756	1	750230	1	630770	1	999455	1	2225.24	1	0.001	273.249	301.462
211	187.756	1	750230	1	630770	1	999455	1	2225.24	1	0.00316228	273.25	301.462
211	187.756	1	750230	1	630770	1	999455	1	2225.24	1	0.01	273.25	301.462
211	187.756	1	750230	1	630770	1	999455	1	2225.24	1	0.0316228	273.251	301.462
211	187.756	1	750230	1	630770	1	999455	1	2225.24	1	0.1	273.255	301.463
211	187.756	1	750230	1	630770	1	999455	1	2225.24	1	0.316228	273.267	301.467
211	187.756	1	750230	1	630770	1	999455	1	2225.24	1	1	273.306	301.479
211	187.756	1	750230	1	630770	1	999455	1	2225.24	1	3.16228	273.427	301.516
211	187.756	1	750230	1	630770	1	999455	1	2225.24	1	10	273.792	301.629
211	187.756	1	750230	1	630770	1	999455	1	2225.24	1	31.6228	274.814	301.948
211	187.756	1	750230	1	630770	1	999455	1	2225.24	1	100	277.233	302.763
212	119.31	1	575414	1	746532	1	858913	1	1362.93	1	0	273.249	301.462
212	119.31	1	575414	1	746532	1	858913	1	1362.93	1	0.001	273.25	301.462
212	119.31	1	575414	1	746532	1	858913	1	1362.93	1	0.00316228	273.25	301.462
212	119.31	1	575414	1	746532	1	858913	1	1362.93	1	0.01	273.25	301.462
212	119.31	1	575414	1	746532	1	858913	1	1362.93	1	0.0316228	273.252	301.462
212	119.31	1	575414	1	746532	1	858913	1	1362.93	1	0.1	273.258	301.464
212	119.31	1	575414	1	746532	1	858913	1	1362.93	1	0.316228	273.278	301.47
212	119.31	1	575414	1	746532	1	858913	1	1362.93	1	1	273.339	301.489
212	119.31	1	575414	1	746532	1	858913	1	1362.93	1	3.16228	273.527	301.547
212	119.31	1	575414	1	746532	1	858913	1	1362.93	1	10	274.08	301.718
212	119.31	1	575414	1	746532	1	858913	1	1362.93	1	31.6228	275.57	302.194
212	119.31	1	575414	1	746532	1	858913	1	1362.93	1	100	278.499	303.256
213	52.7593	1	1.96031e+06	1	901432	1	653970	1	1367.27	1	0	273.249	301.462
213	52.7593	1	1.96031e+06	1	901432	1	653970	1	1367.27	1	0.001	273.25	301.462
213	52.7593	1	1.96031e+06	1	901432	1	653970	1	1367.27	1	0.00316228	273.25	301.462
213	52.7593	1	1.96031e+06	1	901432	1	653970	1	1367.27	1	0.01	273.251	301.462
213	52.7593	1	1.96031e+06	1	901432	1	653970	1	1367.27	1	0.0316228	273.256	301.463
213	52.7593	1	1.96031e+06	1	901432	1	653970	1	1367.27	1	0.1	273.27	301.468
213	52.7593	1	1.96031e+06	1	901432	1	653970	1	1367.27	1	0.316228	273.313	301.481
213	52.7593	1	1.96031e+06	1	901432	1	653970	1	1367.27	1	1	273.448	301.521
213	52.7593	1	1.96031e+06	1	901432	1	653970	1	1367.27	1	3.16228	273.853	301.644
213	52.7593	1	1.96031e+06	1	901432	1	653970	1	1367.27	1	10	274.977	301.99
213	52.7593	1	1.96031e+06	1	901432	1	653970	1	1367.27	1	31.6228	277.533	302.831
213	52.7593	1	1.96031e+06	1	901432	1	653970	1	1367.27	1	100	279.916	304.051
214	172.649	1	701196	1	1.72395e+06	1	433183	1	1578.26	1	0	273.249	301.462
214	172.649	1	701196	1	1.72395e+06	1	433183	1	1578.26	1	0.001	273.249	301.462
214	172.649	1	701196	1	1.72395e+06	1	433183	1	1578.26	1	0.00316228	273.25	301.462
214	172.649	1	701196	1	1.72395e+06	1	433183	1	1578.26	1	0.01	273.25	301.462
214	172.649	1	701196	1	1.72395e+06	1	433183	1	1578.26	1	0.0316228	273.251	301.462
214	172.649	1	701196	1	1.72395e+06	1	433183	1	1578.26	1	0.1	273.256	301.464
214	172.649	1	701196	1	1.72395e+06	1	433183	1	1578.26	1	0.316228	273.269	301.468
214	172.649	1	701196	1	1.72395e+06	1	433183	1	1578.26	1	1	273.311	301.481
214	172.649	1	701196	1	1.72395e+06	1	433183	1	1578.26	1	3.16228	273.443	301.522
214	172.649	1	701196	1	1.72395e+06	1	433183	1	1578.26	1	10	273.84	301.646
214	172.649	1	701196	1	1.72395e+06	1	433183	1	1578.26	1	31.6228	274.945	301.998
214	172.649	1	701196	1	1.72395e+06	1	433183	1	1578.26	1	100	277.492	302.875
215	134.025	1	180185	1	521115	1	4.42372e+06	1	1195.98	1	0	273.249	301.462
215	134.025	1	180185	1	521115	1	4.42372e+06	1	1195.98	1	0.001	273.25	301.462
215	134.025	1	180185	1	521115	1	4.42372e+06	1	1195.98	1	0.00316228	273.25	301.462
215	134.025	1	180185	1	521115	1	4.42372e+06	1	1195.98	1	0.01	273.25	301.462
215	134.025	1	180185	1	521115	1	4.42372e+06	1	1195.98	1	0.0316228	273.252	301.462
215	134.025	1	180185	1	521115	1	4.42372e+06	1	1195.98	1	0.1	273.257	301.464
215	134.025	1	180185	1	521115	1	4.42372e+06	1	1195.98	1	0.316228	273.275	301.469
215	134.025	1	180185	1	521115	1	4.42372e+06	1	1195.98	1	1	273.329	301.486
215	134.025	1	180185	1	521115	1	4.42372e+06	1	1195.98	1	3.16228	273.497	301.538
215	134.025	1	180185	1	521115	1	4.42372e+06	1	1195.98	1	10	273.994	301.691
215	134.025	1	180185	1	521115	1	4.42372e+06	1	1195.98	1	31.6228	275.353	302.124
215	134.025	1	180185	1	521115	1	4.42372e+06	1	1195.98	1	100	278.159	303.122
216	165.076	1	1.05791e+06	1	830609	1	448696	1	1682.94	1	0	273.249	301.462
216	165.076	1	1.05791e+06	1	830609	1	448696	1	1682.94	1	0.001	273.249	301.462
216	165.076	1	1.05791e+06	1	830609	1	448696	1	1682.94	1	0.00316228	273.25	301.462
216	165.076	1	1.05791e+06	1	830609	1	448696	1	1682.94	1	0.01	273.25	301.462
216	165.076	1	1.05791e+06	1	830609	1	448696	1	1682.94	1	0.0316228	273.251	301.462
216	165.076	1	1.05791e+06	1	830609	1	448696	1	1682.94	1	0.1	273.256	301.464
216	165.076	1	1.05791e+06	1	830609	1	448696	1	1682.94	1	0.316228	273.27	301.468
216	165.076	1	1.05791e+06	1	830609	1	448696	1	1682.94	1	1	273.314	301.482
216	165.076	1	1.05791e+06	1	830609	1	448696	1	1682.94	1	3.16228	273.452	301.524
216	165.076	1	1.05791e+06	1	830609	1	448696	1	1682.94	1	10	273.865	301.653
216	165.076	1	1.05791e+06	1	830609	1	448696	1	1682.94	1	31.6228	275.013	302.018
216	165.076	1	1.05791e+06	1	830609	1	448696	1	1682.94	1	100	277.616	302.915
217	157.173	1	525398	1	848943	1	863135	1	1220.46	1	0	273.249	301.462
217	157.173	1	525398	1	848943	1	863135	1	1220.46	1	0.001	273.249	301.462
217	157.173	1	525398	1	848943	1	863135	1	1220.46	1	0.00316228	273.25	301.462
217	157.173	1	525398	1	848943	1	863135	1	1220.46	1	0.01	273.25	301.462
217	157.173	1	525398	1	848943	1	863135	1	1220.46	1	0.0316228	273.252	301.462
217	157.173	1	525398	1	848943	1	863135	1	1220.46	1	0.1	273.256	301.464
217	157.173	1	525398	1	848943	1	863135	1	1220.46	1	0.316228	273.271	301.468
217	157.173	1	525398	1	848943	1	863135	1	1220.46	1	1	273.318	301.483
217	157.173	1	525398	1	848943	1	863135	1	1220.46	1	3.16228	273.462	301.528
217	157.173	1	525398	1	848943	1	863135	1	1220.46	1	10	273.895	301.664
217	157.173	1	525398	1	848943	1	863135	1	1220.46	1	31.6228	275.094	302.049
217	157.173	1	525398	1	848943	1	863135	1	1220.46	1	100	277.757	302.986
218	222.094	1	1.14221e+06	1	802294	1	851643	1	1787.59	1	0	273.249	301.462
218	222.094	1	1.14221e+06	1	802294	1	851643	1	1787.59	1	0.001	273.249	301.462
218	222.094	1	1.14221e+06	1	802294	1	851643	1	1787.59	1	0.00316228	273.25	301.462
218	222.094	1	1.14221e+06	1	802294	1	851643	1	1787.59	1	0.01	273.25	301.462
218	222.094	1	1.14221e+06	1	802294	1	851643	1	1787.59	1	0.0316228	273.251	301.462
218	222.094	1	1.14221e+06	1	802294	1	851643	1	1787.59	1	0.1	273.254	301.463
218	222.094	1	1.14221e+06	1	802294	1	851643	1	1787.59	1	0.316228	273.265	301.466
218	222.094	1	1.14221e+06	1	802294	1	851643	1	1787.59	1	1	273.298	301.477
218	222.094	1	1.14221e+06	1	802294	1	851643	1	1787.59	1	3.16228	273.401	301.509
218	222.094	1	1.14221e+06	1	802294	1	851643	1	1787.59	1	10	273.715	301.607
218	222.094	1	1.14221e+06	1	802294	1	851643	1	1787.59	1	31.6228	274.598	301.887
218	222.094	1	1.14221e+06	1	802294	1	851643	1	1787.59	1	100	276.806	302.638
219	147.191	1	1.04115e+06	1	655750	1	1.92291e+06	1	1222.6	1	0	273.249	301.462
219	147.191	1	1.04115e+06	1	655750	1	1.92291e+06	1	1222.6	1	0.001	273.249	301.462
219	147.191	1	1.04115e+06	1	655750	1	1.92291e+06	1	1222.6	1	0.00316228	273.25	301.462
219	147.191	1	1.04115e+06	1	655750	1	1.92291e+06	1	1222.6	1	0.01	273.25	301.462
219	147.191	1	1.04115e+06	1	655750	1	1.92291e+06	1	1222.6	1	0.0316228	273.252	301.462
219	147.191	1	1.04115e+06	1	655750	1	1.92291e+06	1	1222.6	1	0.1	273.257	301.464
219	147.191	1	1.04115e+06	1	655750	1	1.92291e+06	1	1222.6	1	0.316228	273.273	301.469
219	147.191	1	1.04115e+06	1	655750	1	1.92291e+06	1	1222.6	1	1	273.322	301.484
219	147.191	1	1.04115e+06	1	655750	1	1.92291e+06	1	1222.6	1	3.16228	273.476	301.532
219	147.191	1	1.04115e+06	1	655750	1	1.92291e+06	1	1222.6	1	10	273.936	301.676
219	147.191	1	1.04115e+06	1	655750	1	1.92291e+06	1	1222.6	1	31.6228	275.202	302.083
219	147.191	1	1.04115e+06	1	655750	1	1.92291e+06	1	1222.6	1	100	277.934	303.054
220	151.669	1	628811	1	646154	1	1.19325e+06	1	1708.28	1	0	273.249	301.462
220	151.669	1	628811	1	646154	1	1.19325e+06	1	1708.28	1	0.001	273.249	301.462
220	151.669	1	628811	1	646154	1	1.19325e+06	1	1708.28	1	0.00316228	273.25	301.462
220	151.669	1	628811	1	646154	1	1.19325e+06	1	1708.28	1	0.01	273.25	301.462
220	151.669	1	628811	1	646154	1	1.19325e+06	1	1708.28	1	0.0316228	273.252	301.462
220	151.669	1	628811	1	646154	1	1.19325e+06	1	1708.28	1	0.1	273.256	301.464
220	151.669	1	628811	1	646154	1	1.19325e+06	1	1708.28	1	0.316228	273.272	301.468
220	151.669	1	628811	1	646154	1	1.19325e+06	1	1708.28	1	1	273.32	301.483
220	151.669	1	628811	1	646154	1	1.19325e+06	1	1708.28	1	3.16228	273.469	301.529
220	151.669	1	628811	1	646154	1	1.19325e+06	1	1708.28	1	10	273.914	301.666
220	151.669	1	628811	1	646154	1	1.19325e+06	1	1708.28	1	31.6228	275.142	302.055
220	151.669	1	628811	1	646154	1	1.19325e+06	1	1708.28	1	100	277.827	302.985
221	142.941	1	804901	1	980558	1	872955	1	2778.77	1	0	273.249	301.462
221	142.941	1	804901	1	980558	1	872955	1	2778.77	1	0.001	273.249	301.462
221	142.941	1	804901	1	980558	1	872955	1	2778.77	1	0.00316228	273.25	301.462
221	142.941	1	804901	1	980558	1	872955	1	2778.77	1	0.01	273.25	301.462
221	142.941	1	804901	1	980558	1	872955	1	2778.77	1	0.0316228	273.252	301.462
221	142.941	1	804901	1	980558	1	872955	1	2778.77	1	0.1	273.257	301.464
221	142.941	1	804901	1	980558	1	872955	1	2778.77	1	0.316228	273.273	301.469
221	142.941	1	804901	1	980558	1	872955	1	2778.77	1	1	273.324	301.484
221	142.941	1	804901	1	980558	1	872955	1	2778.77	1	3.16228	273.481	301.532
221	142.941	1	804901	1	980558	1	872955	1	2778.77	1	10	273.948	301.674
221	142.941	1	804901	1	980558	1	872955	1	2778.77	1	31.6228	275.231	302.074
221	142.941	1	804901	1	980558	1	872955	1	2778.77	1	100	277.965	303.009
222	258.162	1	971579	1	992391	1	1.40514e+06	1	891.303	1	0	273.249	301.462
222	258.162	1	971579	1	992391	1	1.40514e+06	1	891.303	1	0.001	273.249	301.462
222	258.162	1	971579	1	992391	1	1.40514e+06	1	891.303	1	0.00316228	273.25	301.462
222	258.162	1	971579	1	992391	1	1.40514e+06	1	891.303	1	0.01	273.25	301.462
222	258.162	1	971579	1	992391	1	1.40514e+06	1	891.303	1	0.0316228	273.251	301.462
222	258.162	1	971579	1	992391	1	1.40514e+06	1	891.303	1	0.1	273.254	301.463
222	258.162	1	971579	1	992391	1	1.40514e+06	1	891.303	1	0.316228	273.263	301.466
222	258.162	1	971579	1	992391	1	1.40514e+06	1	891.303	1	1	273.292	301.476
222	258.162	1	971579	1	992391	1	1.40514e+06	1	891.303	1	3.16228	273.383	301.506
222	258.162	1	971579	1	992391	1	1.40514e+06	1	891.303	1	10	273.661	301.598
222	258.162	1	971579	1	992391	1	1.40514e+06	1	891.303	1	31.6228	274.456	301.865
222	258.162	1	971579	1	992391	1	1.40514e+06	1	891.303	1	100	276.493	302.595
223	84.694	1	1.44887e+06	1	613987	1	591004	1	941.59	1	0	273.249	301.462
223	84.694	1	1.44887e+06	1	613987	1	591004	1	941.59	1	0.001	273.25	301.462
223	84.694	1	1.44887e+06	1	613987	1	591004	1	941.59	1	0.00316228	273.25	301.462
223	84.694	1	1.44887e+06	1	613987	1	591004	1	941.59	1	0.01	273.251	301.462
223	84.694	1	1.44887e+06	1	613987	1	591004	1	941.59	1	0.0316228	273.253	301.463
223	84.694	1	1.44887e+06	1	613987	1	591004	1	941.59	1	0.1	273.262	301.465
223	84.694	1	1.44887e+06	1	613987	1	591004	1	941.59	1	0.316228	273.289	301.474
223	84.694	1	1.44887e+06	1	613987	1	591004	1	941.59	1	1	273.375	301.5
223	84.694	1	1.44887e+06	1	613987	1	591004	1	941.59	1	3.16228	273.636	301.581
223	84.694	1	1.44887e+06	1	613987	1	591004	1	941.59	1	10	274.385	301.814
223	84.694	1	1.44887e+06	1	613987	1	591004	1	941.59	1	31.6228	276.311	302.445
223	84.694	1	1.44887e+06	1	613987	1	591004	1	941.59	1	100	279.301	303.666
224	179.099	1	782862	1	1.03787e+06	1	869560	1	780.699	1	0	273.249	301.462
224	179.099	1	782862	1	1.03787e+06	1	869560	1	780.699	1	0.001	273.249	301.462
224	179.099	1	782862	1	1.03787e+06	1	869560	1	780.699	1	0.00316228	273.25	301.462
224	179.099	1	782862	1	1.03787e+06	1	869560	1	780.699	1	0.01	273.25	301.462
224	179.099	1	782862	1	1.03787e+06	1	869560	1	780.699	1	0.0316228	273.251	301.462
224	179.099	1	782862	1	1.03787e+06	1	869560	1	780.699	1	0.1	273.256	301.464
224	179.099	1	782862	1	1.03787e+06	1	869560	1	780.699	1	0.316228	273.269	301.468
224	179.099	1	782862	1	1.03787e+06	1	869560	1	780.699	1	1	273.31	301.481
224	179.099	1	782862	1	1.03787e+06	1	869560	1	780.699	1	3.16228	273.439	301.523
224	179.099	1	782862	1	1.03787e+06	1	869560	1	780.699	1	10	273.829	301.65
224	179.099	1	782862	1	1.03787e+06	1	869560	1	780.699	1	31.6228	274.916	302.013
224	179.099	1	782862	1	1.03787e+06	1	869560	1	780.699	1	100	277.456	302.934
225	206.323	1	558377	1	1.62547e+06	1	1.4793e+06	1	1482.85	1	0	273.249	301.462
225	206.323	1	558377	1	1.62547e+06	1	1.4793e+06	1	1482.85	1	0.001	273.249	301.462
225	206.323	1	558377	1	1.62547e+06	1	1.4793e+06	1	1482.85	1	0.00316228	273.25	301.462
225	206.323	1	558377	1	1.62547e+06	1	1.4793e+06	1	1482.85	1	0.01	273.25	301.462
225	206.323	1	558377	1	1.62547e+06	1	1.4793e+06	1	1482.85	1	0.0316228	273.251	301.462
225	206.323	1	558377	1	1.62547e+06	1	1.4793e+06	1	1482.85	1	0.1	273.255	301.463
225	206.323	1	558377	1	1.62547e+06	1	1.4793e+06	1	1482.85	1	0.316228	273.266	301.467
225	206.323	1	558377	1	1.62547e+06	1	1.4793e+06	1	1482.85	1	1	273.301	301.478
225	206.323	1	558377	1	1.62547e+06	1	1.4793e+06	1	1482.85	1	3.16228	273.412	301.513
225	206.323	1	558377	1	1.62547e+06	1	1.4793e+06	1	1482.85	1	10	273.749	301.618
225	206.323	1	558377	1	1.62547e+06	1	1.4793e+06	1	1482.85	1	31.6228	274.693	301.918
225	206.323	1	558377	1	1.62547e+06	1	1.4793e+06	1	1482.85	1	100	276.999	302.707
226	136.923	1	906744	1	453434	1	822632	1	2264.75	1	0	273.249	301.462
226	136.923	1	906744	1	453434	1	822632	1	2264.75	1	0.001	273.25	301.462
226	136.923	1	906744	1	453434	1	822632	1	2264.75	1	0.00316228	273.25	301.462
226	136.923	1	906744	1	453434	1	822632	1	2264.75	1	0.01	273.25	301.462
226	136.923	1	906744	1	453434	1	822632	1	2264.75	1	0.0316228	273.252	301.462
226	136.923	1	906744	1	453434	1	822632	1	2264.75	1	0.1	273.257	301.464
226	136.923	1	906744	1	453434	1	822632	1	2264.75	1	0.316228	273.274	301.469
226	136.923	1	906744	1	453434	1	822632	1	2264.75	1	1	273.327	301.485
226	136.923	1	906744	1	453434	1	822632	1	2264.75	1	3.16228	273.491	301.535
226	136.923	1	906744	1	453434	1	822632	1	2264.75	1	10	273.978	301.684
226	136.923	1	906744	1	453434	1	822632	1	2264.75	1	31.6228	275.31	302.103
226	136.923	1	906744	1	453434	1	822632	1	2264.75	1	100	278.097	303.074
227	183.717	1	860172	1	1.1165e+06	1	1.00582e+06	1	2098.34	1	0	273.249	301.462
227	183.717	1	860172	1	1.1165e+06	1	1.00582e+06	1	2098.34	1	0.001	273.249	301.462
227	183.717	1	860172	1	1.1165e+06	1	1.00582e+06	1	2098.34	1	0.00316228	273.25	301.462
227	183.717	1	860172	1	1.1165e+06	1	1.00582e+06	1	2098.34	1	0.01	273.25	301.462
227	183.717	1	860172	1	1.1165e+06	1	1.00582e+06	1	2098.34	1	0.0316228	273.251	301.462
227	183.717	1	860172	1	1.1165e+06	1	1.00582e+06	1	2098.34	1	0.1	273.255	301.463
227	183.717	1	860172	1	1.1165e+06	1	1.00582e+06	1	2098.34	1	0.316228	273.268	301.467
227	183.717	1	860172	1	1.1165e+06	1	1.00582e+06	1	2098.34	1	1	273.308	301.479
227	183.717	1	860172	1	1.1165e+06	1	1.00582e+06	1	2098.34	1	3.16228	273.431	301.517
227	183.717	1	860172	1	1.1165e+06	1	1.00582e+06	1	2098.34	1	10	273.804	301.632
227	183.717	1	860172	1	1.1165e+06	1	1.00582e+06	1	2098.34	1	31.6228	274.845	301.959
227	183.717	1	860172	1	1.1165e+06	1	1.00582e+06	1	2098.34	1	100	277.295	302.785
228	127.635	1	716708	1	722490	1	1.38176e+06	1	1194.26	1	0	273.249	301.462
228	127.635	1	716708	1	722490	1	1.38176e+06	1	1194.26	1	0.001	273.25	301.462
228	127.635	1	716708	1	722490	1	1.38176e+06	1	1194.26	1	0.00316228	273.25	301.462
228	127.635	1	716708	1	722490	1	1.38176e+06	1	1194.26	1	0.01	273.25	301.462
228	127.635	1	716708	1	722490	1	1.38176e+06	1	1194.26	1	0.0316228	273.252	301.462
228	127.635	1	716708	1	722490	1	1.38176e+06	1	1194.26	1	0.1	273.258	301.464
228	127.635	1	716708	1	722490	1	1.38176e+06	1	1194.26	1	0.316228	273.276	301.47
228	127.635	1	716708	1	722490	1	1.38176e+06	1	1194.26	1	1	273.333	301.487
228	127.635	1	716708	1	722490	1	1.38176e+06	1	1194.26	1	3.16228	273.51	301.542
228	127.635	1	716708	1	722490	1	1.38176e+06	1	1194.26	1	10	274.032	301.705
228	127.635	1	716708	1	722490	1	1.38176e+06	1	1194.26	1	31.6228	275.449	302.16
228	127.635	1	716708	1	722490	1	1.38176e+06	1	1194.26	1	100	278.322	303.202
229	132.287	1	1.46173e+06	1	1.23863e+06	1	672898	1	1464.05	1	0	273.249	301.462
229	132.287	1	1.46173e+06	1	1.23863e+06	1	672898	1	1464.05	1	0.001	273.25	301.462
229	132.287	1	1.46173e+06	1	1.23863e+06	1	672898	1	1464.05	1	0.00316228	273.25	301.462
229	132.287	1	1.46173e+06	1	1.23863e+06	1	672898	1	1464.05	1	0.01	273.25	301.462
229	132.287	1	1.46173e+06	1	1.23863e+06	1	672898	1	1464.05	1	0.0316228	273.252	301.462
229	132.287	1	1.46173e+06	1	1.23863e+06	1	672898	1	1464.05	1	0.1	273.258	301.464
229	132.287	1	1.46173e+06	1	1.23863e+06	1	672898	1	1464.05	1	0.316228	273.275	301.469
229	132.287	1	1.46173e+06	1	1.23863e+06	1	672898	1	1464.05	1	1	273.33	301.486
229	132.287	1	1.46173e+06	1	1.23863e+06	1	672898	1	1464.05	1	3.16228	273.5	301.539
229	132.287	1	1.46173e+06	1	1.23863e+06	1	672898	1	1464.05	1	10	274.005	301.695
229	132.287	1	1.46173e+06	1	1.23863e+06	1	672898	1	1464.05	1	31.6228	275.381	302.135
229	132.287	1	1.46173e+06	1	1.23863e+06	1	672898	1	1464.05	1	100	278.217	303.148
230	184.462	1	2.29932e+06	1	945355	1	2.44339e+06	1	1284.75	1	0	273.249	301.462
230	184.462	1	2.29932e+06	1	945355	1	2.44339e+06	1	1284.75	1	0.001	273.249	301.462
230	184.462	1	2.29932e+06	1	945355	1	2.44339e+06	1	1284.75	1	0.00316228	273.25	301.462
230	184.462	1	2.29932e+06	1	945355	1	2.44339e+06	1	1284.75	1	0.01	273.25	301.462
230	184.462	1	2.29932e+06	1	945355	1	2.44339e+06	1	1284.75	1	0.0316228	273.251	301.462
230	184.462	1	2.29932e+06	1	945355	1	2.44339e+06	1	1284.75	1	0.1	273.255	301.463
230	184.462	1	2.29932e+06	1	945355	1	2.44339e+06	1	1284.75	1	0.316228	273.268	301.467
230	184.462	1	2.29932e+06	1	945355	1	2.44339e+06	1	1284.75	1	1	273.308	301.48
230	184.462	1	2.29932e+06	1	945355	1	2.44339e+06	1	1284.75	1	3.16228	273.432	301.519
230	184.462	1	2.29932e+06	1	945355	1	2.44339e+06	1	1284.75	1	10	273.806	301.637
230	184.462	1	2.29932e+06	1	945355	1	2.44339e+06	1	1284.75	1	31.6228	274.853	301.973
230	184.462	1	2.29932e+06	1	945355	1	2.44339e+06	1	1284.75	1	100	277.32	302.831
231	189.299	1	542301	1	1.51387e+06	1	1.64486e+06	1	1465.87	1	0	273.249	301.462
231	189.299	1	542301	1	1.51387e+06	1	1.64486e+06	1	1465.87	1	0.001	273.249	301.462
231	189.299	1	542301	1	1.51387e+06	1	1.64486e+06	1	1465.87	1	0.00316228	273.25	301.462
231	189.299	1	542301	1	1.51387e+06	1	1.64486e+06	1	1465.87	1	0.01	273.25	301.462
231	189.299	1	542301	1	1.51387e+06	1	1.64486e+06	1	1465.87	1	0.0316228	273.251	301.462
231	189.299	1	542301	1	1.51387e+06	1	1.64486e+06	1	1465.87	1	0.1	273.255	301.463
231	189.299	1	542301	1	1.51387e+06	1	1.64486e+06	1	1465.87	1	0.316228	273.267	301.467
231	189.299	1	542301	1	1.51387e+06	1	1.64486e+06	1	1465.87	1	1	273.306	301.479
231	189.299	1	542301	1	1.51387e+06	1	1.64486e+06	1	1465.87	1	3.16228	273.427	301.517
231	189.299	1	542301	1	1.51387e+06	1	1.64486e+06	1	1465.87	1	10	273.791	301.631
231	189.299	1	542301	1	1.51387e+06	1	1.64486e+06	1	1465.87	1	31.6228	274.809	301.954
231	189.299	1	542301	1	1.51387e+06	1	1.64486e+06	1	1465.87	1	100	277.23	302.783
232	150.382	1	1.2017e+06	1	1.18301e+06	1	1.21438e+06	1	1314.84	1	0	273.249	301.462
232	150.382	1	1.2017e+06	1	1.18301e+06	1	1.21438e+06	1	1314.84	1	0.001	273.249	301.462
232	150.382	1	1.2017e+06	1	1.18301e+06	1	1.21438e+06	1	1314.84	1	0.00316228	273.25	301.462
232	150.382	1	1.2017e+06	1	1.18301e+06	1	1.21438e+06	1	1314.84	1	0.01	273.25	301.462
232	150.382	1	1.2017e+06	1	1.18301e+06	1	1.21438e+06	1	1314.84	1	0.0316228	273.252	301.462
232	150.382	1	1.2017e+06	1	1.18301e+06	1	1.21438e+06	1	1314.84	1	0.1	273.257	301.464
232	150.382	1	1.2017e+06	1	1.18301e+06	1	1.21438e+06	1	1314.84	1	0.316228	273.272	301.469
232	150.382	1	1.2017e+06	1	1.18301e+06	1	1.21438e+06	1	1314.84	1	1	273.321	301.484
232	150.382	1	1.2017e+06	1	1.18301e+06	1	1.21438e+06	1	1314.84	1	3.16228	273.471	301.531
232	150.382	1	1.2017e+06	1	1.18301e+06	1	1.21438e+06	1	1314.84	1	10	273.922	301.671
232	150.382	1	1.2017e+06	1	1.18301e+06	1	1.21438e+06	1	1314.84	1	31.6228	275.164	302.069
232	150.382	1	1.2017e+06	1	1.18301e+06	1	1.21438e+06	1	1314.84	1	100	277.871	303.024
233	110.67	1	2.25746e+06	1	1.51336e+06	1	1.73625e+06	1	1224.95	1	0	273.249	301.462
233	110.67	1	2.25746e+06	1	1.51336e+06	1	1.73625e+06	1	1224.95	1	0.001	273.25	301.462
233	110.67	1	2.25746e+06	1	1.51336e+06	1	1.73625e+06	1	1224.95	1	0.00316228	273.25	301.462
233	110.67	1	2.25746e+06	1	1.51336e+06	1	1.73625e+06	1	1224.95	1	0.01	273.25	301.462
233	110.67	1	2.25746e+06	1	1.51336e+06	1	1.73625e+06	1	1224.95	1	0.0316228	273.252	301.463
233	110.67	1	2.25746e+06	1	1.51336e+06	1	1.73625e+06	1	1224.95	1	0.1	273.259	301.465
233	110.67	1	2.25746e+06	1	1.51336e+06	1	1.73625e+06	1	1224.95	1	0.316228	273.28	301.471
233	110.67	1	2.25746e+06	1	1.51336e+06	1	1.73625e+06	1	1224.95	1	1	273.346	301.491
233	110.67	1	2.25746e+06	1	1.51336e+06	1	1.73625e+06	1	1224.95	1	3.16228	273.548	301.553
233	110.67	1	2.25746e+06	1	1.51336e+06	1	1.73625e+06	1	1224.95	1	10	274.14	301.737
233	110.67	1	2.25746e+06	1	1.51336e+06	1	1.73625e+06	1	1224.95	1	31.6228	275.719	302.244
233	110.67	1	2.25746e+06	1	1.51336e+06	1	1.73625e+06	1	1224.95	1	100	278.717	303.349
234	152.146	1	1.80516e+06	1	667378	1	375488	1	2856.35	1	0	273.249	301.462
234	152.146	1	1.80516e+06	1	667378	1	375488	1	2856.35	1	0.001	273.249	301.462
234	152.146	1	1.80516e+06	1	667378	1	375488	1	2856.35	1	0.00316228	273.25	301.462
234	152.146	1	1.80516e+06	1	667378	1	375488	1	2856.35	1	0.01	273.25	301.462
234	152.146	1	1.80516e+06	1	667378	1	375488	1	2856.35	1	0.0316228	273.252	301.462
234	152.146	1	1.80516e+06	1	667378	1	375488	1	2856.35	1	0.1	273.256	301.464
234	152.146	1	1.80516e+06	1	667378	1	375488	1	2856.35	1	0.316228	273.272	301.468
234	152.146	1	1.80516e+06	1	667378	1	375488	1	2856.35	1	1	273.319	301.483
234	152.146	1	1.80516e+06	1	667378	1	375488	1	2856.35	1	3.16228	273.468	301.528
234	152.146	1	1.80516e+06	1	667378	1	375488	1	2856.35	1	10	273.91	301.664
234	152.146	1	1.80516e+06	1	667378	1	375488	1	2856.35	1	31.6228	275.133	302.047
234	152.146	1	1.80516e+06	1	667378	1	375488	1	2856.35	1	100	277.812	302.963
235	172.853	1	1.48276e+06	1	1.05623e+06	1	484132	1	1836.39	1	0	273.249	301.462
235	172.853	1	1.48276e+06	1	1.05623e+06	1	484132	1	1836.39	1	0.001	273.249	301.462
235	172.853	1	1.48276e+06	1	1.05623e+06	1	484132	1	1836.39	1	0.00316228	273.25	301.462
235	172.853	1	1.48276e+06	1	1.05623e+06	1	484132	1	1836.39	1	0.01	273.25	301.462
235	172.853	1	1.48276e+06	1	1.05623e+06	1	484132	1	1836.39	1	0.0316228	273.251	301.462
235	172.853	1	1.48276e+06	1	1.05623e+06	1	484132	1	1836.39	1	0.1	273.256	301.463
235	172.853	1	1.48276e+06	1	1.05623e+06	1	484132	1	1836.39	1	0.316228	273.269	301.468
235	172.853	1	1.48276e+06	1	1.05623e+06	1	484132	1	1836.39	1	1	273.311	301.481
235	172.853	1	1.48276e+06	1	1.05623e+06	1	484132	1	1836.39	1	3.16228	273.443	301.522
235	172.853	1	1.48276e+06	1	1.05623e+06	1	484132	1	1836.39	1	10	273.838	301.644
235	172.853	1	1.48276e+06	1	1.05623e+06	1	484132	1	1836.39	1	31.6228	274.941	301.994
235	172.853	1	1.48276e+06	1	1.05623e+06	1	484132	1	1836.39	1	100	277.483	302.864
236	129.826	1	1.52154e+06	1	1.04352e+06	1	1.49003e+06	1	1774.2	1	0	273.249	301.462
236	129.826	1	1.52154e+06	1	1.04352e+06	1	1.49003e+06	1	1774.2	1	0.001	273.25	301.462
236	129.826	1	1.52154e+06	1	1.04352e+06	1	1.49003e+06	1	1774.2	1	0.00316228	273.25	301.462
236	129.826	1	1.52154e+06	1	1.04352e+06	1	1.49003e+06	1	1774.2	1	0.01	273.25	301.462
236	129.826	1	1.52154e+06	1	1.04352e+06	1	1.49003e+06	1	1774.2	1	0.0316228	273.252	301.462
236	129.826	1	1.52154e+06	1	1.04352e+06	1	1.49003e+06	1	1774.2	1	0.1	273.258	301.464
236	129.826	1	1.52154e+06	1	1.04352e+06	1	1.49003e+06	1	1774.2	1	0.316228	273.275	301.47
236	129.826	1	1.52154e+06	1	1.04352e+06	1	1.49003e+06	1	1774.2	1	1	273.331	301.487
236	129.826	1	1.52154e+06	1	1.04352e+06	1	1.49003e+06	1	1774.2	1	3.16228	273.504	301.54
236	129.826	1	1.52154e+06	1	1.04352e+06	1	1.49003e+06	1	1774.2	1	10	274.016	301.697
236	129.826	1	1.52154e+06	1	1.04352e+06	1	1.49003e+06	1	1774.2	1	31.6228	275.408	302.137
236	129.826	1	1.52154e+06	1	1.04352e+06	1	1.49003e+06	1	1774.2	1	100	278.251	303.143
237	201.516	1	1.28164e+06	1	1.05667e+06	1	767641	1	1785.89	1	0	273.249	301.462
237	201.516	1	1.28164e+06	1	1.05667e+06	1	767641	1	1785.89	1	0.001	273.249	301.462
237	201.516	1	1.28164e+06	1	1.05667e+06	1	767641	1	1785.89	1	0.00316228	273.25	301.462
237	201.516	1	1.28164e+06	1	1.05667e+06	1	767641	1	1785.89	1	0.01	273.25	301.462
237	201.516	1	1.28164e+06	1	1.05667e+06	1	767641	1	1785.89	1	0.0316228	273.251	301.462
237	201.516	1	1.28164e+06	1	1.05667e+06	1	767641	1	1785.89	1	0.1	273.255	301.463
237	201.516	1	1.28164e+06	1	1.05667e+06	1	767641	1	1785.89	1	0.316228	273.266	301.467
237	201.516	1	1.28164e+06	1	1.05667e+06	1	767641	1	1785.89	1	1	273.303	301.478
237	201.516	1	1.28164e+06	1	1.05667e+06	1	767641	1	1785.89	1	3.16228	273.416	301.513
237	201.516	1	1.28164e+06	1	1.05667e+06	1	767641	1	1785.89	1	10	273.759	301.621
237	201.516	1	1.28164e+06	1	1.05667e+06	1	767641	1	1785.89	1	31.6228	274.723	301.925
237	201.516	1	1.28164e+06	1	1.05667e+06	1	767641	1	1785.89	1	100	277.06	302.722
238	167.336	1	1.66168e+06	1	1.72196e+06	1	1.29324e+06	1	1181.17	1	0	273.249	301.462
238	167.336	1	1.66168e+06	1	1.72196e+06	1	1.29324e+06	1	1181.17	1	0.001	273.249	301.462
238	167.336	1	1.66168e+06	1	1.72196e+06	1	1.29324e+06	1	1181.17	1	0.00316228	273.25	301.462
238	167.336	1	1.66168e+06	1	1.72196e+06	1	1.29324e+06	1	1181.17	1	0.01	273.25	301.462
238	167.336	1	1.66168e+06	1	1.72196e+06	1	1.29324e+06	1	1181.17	1	0.0316228	273.251	301.462
238	167.336	1	1.66168e+06	1	1.72196e+06	1	1.29324e+06	1	1181.17	1	0.1	273.256	301.464
238	167.336	1	1.66168e+06	1	1.72196e+06	1	1.29324e+06	1	1181.17	1	0.316228	273.27	301.468
238	167.336	1	1.66168e+06	1	1.72196e+06	1	1.29324e+06	1	1181.17	1	1	273.314	301.482
238	167.336	1	1.66168e+06	1	1.72196e+06	1	1.29324e+06	1	1181.17	1	3.16228	273.45	301.525
238	167.336	1	1.66168e+06	1	1.72196e+06	1	1.29324e+06	1	1181.17	1	10	273.86	301.654
238	167.336	1	1.66168e+06	1	1.72196e+06	1	1.29324e+06	1	1181.17	1	31.6228	274.999	302.022
238	167.336	1	1.66168e+06	1	1.72196e+06	1	1.29324e+06	1	1181.17	1	100	277.598	302.931
239	261.35	1	2.05069e+06	1	575109	1	718341	1	2383.42	1	0	273.249	301.462
239	261.35	1	2.05069e+06	1	575109	1	718341	1	2383.42	1	0.001	273.249	301.462
239	261.35	1	2.05069e+06	1	575109	1	718341	1	2383.42	1	0.00316228	273.25	301.462
239	261.35	1	2.05069e+06	1	575109	1	718341	1	2383.42	1	0.01	273.25	301.462
239	261.35	1	2.05069e+06	1	575109	1	718341	1	2383.42	1	0.0316228	273.251	301.462
239	261.35	1	2.05069e+06	1	575109	1	718341	1	2383.42	1	0.1	273.254	301.463
239	261.35	1	2.05069e+06	1	575109	1	718341	1	2383.42	1	0.316228	273.262	301.466
239	261.35	1	2.05069e+06	1	575109	1	718341	1	2383.42	1	1	273.291	301.474
239	261.35	1	2.05069e+06	1	575109	1	718341	1	2383.42	1	3.16228	273.378	301.502
239	261.35	1	2.05069e+06	1	575109	1	718341	1	2383.42	1	10	273.647	301.586
239	261.35	1	2.05069e+06	1	575109	1	718341	1	2383.42	1	31.6228	274.416	301.828
239	261.35	1	2.05069e+06	1	575109	1	718341	1	2383.42	1	100	276.389	302.488
240	175.535	1	995153	1	1.04406e+06	1	1.32802e+06	1	1467	1	0	273.249	301.462
240	175.535	1	995153	1	1.04406e+06	1	1.32802e+06	1	1467	1	0.001	273.249	301.462
240	175.535	1	995153	1	1.04406e+06	1	1.32802e+06	1	1467	1	0.00316228	273.25	301.462
240	175.535	1	995153	1	1.04406e+06	1	1.32802e+06	1	1467	1	0.01	273.25	301.462
240	175.535	1	995153	1	1.04406e+06	1	1.32802e+06	1	1467	1	0.0316228	273.251	301.462
240	175.535	1	995153	1	1.04406e+06	1	1.32802e+06	1	1467	1	0.1	273.256	301.463
240	175.535	1	995153	1	1.04406e+06	1	1.32802e+06	1	1467	1	0.316228	273.269	301.468
240	175.535	1	995153	1	1.04406e+06	1	1.32802e+06	1	1467	1	1	273.31	301.481
240	175.535	1	995153	1	1.04406e+06	1	1.32802e+06	1	1467	1	3.16228	273.44	301.521
240	175.535	1	995153	1	1.04406e+06	1	1.32802e+06	1	1467	1	10	273.831	301.643
240	175.535	1	995153	1	1.04406e+06	1	1.32802e+06	1	1467	1	31.6228	274.92	301.99
240	175.535	1	995153	1	1.04406e+06	1	1.32802e+06	1	1467	1	100	277.444	302.86
241	144.547	1	1.05403e+06	1	516811	1	580937	1	2196.21	1	0	273.249	301.462
241	144.547	1	1.05403e+06	1	516811	1	580937	1	2196.21	1	0.001	273.249	301.462
241	144.547	1	1.05403e+06	1	516811	1	580937	1	2196.21	1	0.00316228	273.25	301.462
241	144.547	1	1.05403e+06	1	516811	1	580937	1	2196.21	1	0.01	273.25	301.462
241	144.547	1	1.05403e+06	1	516811	1	580937	1	2196.21	1	0.0316228	273.252	301.462
241	144.547	1	1.05403e+06	1	516811	1	580937	1	2196.21	1	0.1	273.257	301.464
241	144.547	1	1.05403e+06	1	516811	1	580937	1	2196.21	1	0.316228	273.273	301.469
241	144.547	1	1.05403e+06	1	516811	1	580937	1	2196.21	1	1	273.323	301.484
241	144.547	1	1.05403e+06	1	516811	1	580937	1	2196.21	1	3.16228	273.479	301.532
241	144.547	1	1.05403e+06	1	516811	1	580937	1	2196.21	1	10	273.943	301.674
241	144.547	1	1.05403e+06	1	516811	1	580937	1	2196.21	1	31.6228	275.22	302.077
241	144.547	1	1.05403e+06	1	516811	1	580937	1	2196.21	1	100	277.954	303.025
242	219.417	1	4.26438e+06	1	633190	1	759807	1	3047.72	1	0	273.249	301.462
242	219.417	1	4.26438e+06	1	633190	1	759807	1	3047.72	1	0.001	273.249	301.462
242	219.417	1	4.26438e+06	1	633190	1	759807	1	3047.72	1	0.00316228	273.25	301.462
242	219.417	1	4.26438e+06	1	633190	1	759807	1	3047.72	1	0.01	273.25	301.462
242	219.417	1	4.26438e+06	1	633190	1	759807	1	3047.72	1	0.0316228	273.251	301.462
242	219.417	1	4.26438e+06	1	633190	1	759807	1	3047.72	1	0.1	273.254	301.463
242	219.417	1	4.26438e+06	1	633190	1	759807	1	3047.72	1	0.316228	273.265	301.466
242	219.417	1	4.26438e+06	1	633190	1	759807	1	3047.72	1	1	273.298	301.477
242	219.417	1	4.26438e+06	1	633190	1	759807	1	3047.72	1	3.16228	273.402	301.509
242	219.417	1	4.26438e+06	1	633190	1	759807	1	3047.72	1	10	273.718	301.606
242	219.417	1	4.26438e+06	1	633190	1	759807	1	3047.72	1	31.6228	274.604	301.881
242	219.417	1	4.26438e+06	1	633190	1	759807	1	3047.72	1	100	276.814	302.616
243	117.869	1	646990	1	2.55642e+06	1	950450	1	1560.82	1	0	273.249	301.462
243	117.869	1	646990	1	2.55642e+06	1	950450	1	1560.82	1	0.001	273.25	301.462
243	117.869	1	646990	1	2.55642e+06	1	950450	1	1560.82	1	0.00316228	273.25	301.462
243	117.869	1	646990	1	2.55642e+06	1	950450	1	1560.82	1	0.01	273.25	301.462
243	117.869	1	646990	1	2.55642e+06	1	950450	1	1560.82	1	0.0316228	273.252	301.462
243	117.869	1	646990	1	2.55642e+06	1	950450	1	1560.82	1	0.1	273.259	301.464
243	117.869	1	646990	1	2.55642e+06	1	950450	1	1560.82	1	0.316228	273.278	301.47
243	117.869	1	646990	1	2.55642e+06	1	950450	1	1560.82	1	1	273.34	301.489
243	117.869	1	646990	1	2.55642e+06	1	950450	1	1560.82	1	3.16228	273.529	301.547
243	117.869	1	646990	1	2.55642e+06	1	950450	1	1560.82	1	10	274.088	301.719
243	117.869	1	646990	1	2.55642e+06	1	950450	1	1560.82	1	31.6228	275.588	302.195
243	117.869	1	646990	1	2.55642e+06	1	950450	1	1560.82	1	100	278.522	303.251
244	161.255	1	298686	1	1.05073e+06	1	720199	1	1431.73	1	0	273.249	301.462
244	161.255	1	298686	1	1.05073e+06	1	720199	1	1431.73	1	0.001	273.249	301.462
244	161.255	1	298686	1	1.05073e+06	1	720199	1	1431.73	1	0.00316228	273.25	301.462
244	161.255	1	298686	1	1.05073e+06	1	720199	1	1431.73	1	0.01	273.25	301.462
244	161.255	1	298686	1	1.05073e+06	1	720199	1	1431.73	1	0.0316228	273.252	301.462
244	161.255	1	298686	1	1.05073e+06	1	720199	1	1431.73	1	0.1	273.256	301.464
244	161.255	1	298686	1	1.05073e+06	1	720199	1	1431.73	1	0.316228	273.27	301.468
244	161.255	1	298686	1	1.05073e+06	1	720199	1	1431.73	1	1	273.316	301.482
244	161.255	1	298686	1	1.05073e+06	1	720199	1	1431.73	1	3.16228	273.456	301.526
244	161.255	1	298686	1	1.05073e+06	1	720199	1	1431.73	1	10	273.878	301.656
244	161.255	1	298686	1	1.05073e+06	1	720199	1	1431.73	1	31.6228	275.046	302.028
244	161.255	1	298686	1	1.05073e+06	1	720199	1	1431.73	1	100	277.667	302.932
245	183.491	1	1.14813e+06	1	1.28437e+06	1	1.01506e+06	1	1419.26	1	0	273.249	301.462
245	183.491	1	1.14813e+06	1	1.28437e+06	1	1.01506e+06	1	1419.26	1	0.001	273.249	301.462
245	183.491	1	1.14813e+06	1	1.28437e+06	1	1.01506e+06	1	1419.26	1	0.00316228	273.25	301.462
245	183.491	1	1.14813e+06	1	1.28437e+06	1	1.01506e+06	1	1419.26	1	0.01	273.25	301.462
245	183.491	1	1.14813e+06	1	1.28437e+06	1	1.01506e+06	1	1419.26	1	0.0316228	273.251	301.462
245	183.491	1	1.14813e+06	1	1.28437e+06	1	1.01506e+06	1	1419.26	1	0.1	273.255	301.463
245	183.491	1	1.14813e+06	1	1.28437e+06	1	1.01506e+06	1	1419.26	1	0.316228	273.268	301.467
245	183.491	1	1.14813e+06	1	1.28437e+06	1	1.01506e+06	1	1419.26	1	1	273.308	301.48
245	183.491	1	1.14813e+06	1	1.28437e+06	1	1.01506e+06	1	1419.26	1	3.16228	273.432	301.519
245	183.491	1	1.14813e+06	1	1.28437e+06	1	1.01506e+06	1	1419.26	1	10	273.808	301.637
245	183.491	1	1.14813e+06	1	1.28437e+06	1	1.01506e+06	1	1419.26	1	31.6228	274.857	301.972
245	183.491	1	1.14813e+06	1	1.28437e+06	1	1.01506e+06	1	1419.26	1	100	277.327	302.825
246	176.443	1	972510	1	2.73899e+06	1	1.07464e+06	1	1040.7	1	0	273.249	301.462
246	176.443	1	972510	1	2.73899e+06	1	1.07464e+06	1	1040.7	1	0.001	273.249	301.462
246	176.443	1	972510	1	2.73899e+06	1	1.07464e+06	1	1040.7	1	0.00316228	273.25	301.462
246	176.443	1	972510	1	2.73899e+06	1	1.07464e+06	1	1040.7	1	0.01	273.25	301.462
246	176.443	1	972510	1	2.73899e+06	1	1.07464e+06	1	1040.7	1	0.0316228	273.251	301.462
246	176.443	1	972510	1	2.73899e+06	1	1.07464e+06	1	1040.7	1	0.1	273.256	301.464
246	176.443	1	972510	1	2.73899e+06	1	1.07464e+06	1	1040.7	1	0.316228	273.269	301.468
246	176.443	1	972510	1	2.73899e+06	1	1.07464e+06	1	1040.7	1	1	273.311	301.481
246	176.443	1	972510	1	2.73899e+06	1	1.07464e+06	1	1040.7	1	3.16228	273.441	301.522
246	176.443	1	972510	1	2.73899e+06	1	1.07464e+06	1	1040.7	1	10	273.832	301.647
246	176.443	1	972510	1	2.73899e+06	1	1.07464e+06	1	1040.7	1	31.6228	274.924	302.002
246	176.443	1	972510	1	2.73899e+06	1	1.07464e+06	1	1040.7	1	100	277.461	302.898
247	101.449	1	738914	1	3.11199e+06	1	929894	1	946.86	1	0	273.249	301.462
247	101.449	1	738914	1	3.11199e+06	1	929894	1	946.86	1	0.001	273.25	301.462
247	101.449	1	738914	1	3.11199e+06	1	929894	1	946.86	1	0.00316228	273.25	301.462
247	101.449	1	738914	1	3.11199e+06	1	929894	1	946.86	1	0.01	273.25	301.462
247	101.449	1	738914	1	3.11199e+06	1	929894	1	946.86	1	0.0316228	273.253	301.463
247	101.449	1	738914	1	3.11199e+06	1	929894	1	946.86	1	0.1	273.26	301.465
247	101.449	1	738914	1	3.11199e+06	1	929894	1	946.86	1	0.316228	273.283	301.472
247	101.449	1	738914	1	3.11199e+06	1	929894	1	946.86	1	1	273.354	301.494
247	101.449	1	738914	1	3.11199e+06	1	929894	1	946.86	1	3.16228	273.575	301.562
247	101.449	1	738914	1	3.11199e+06	1	929894	1	946.86	1	10	274.216	301.762
247	101.449	1	738914	1	3.11199e+06	1	929894	1	946.86	1	31.6228	275.904	302.31
247	101.449	1	738914	1	3.11199e+06	1	929894	1	946.86	1	100	278.975	303.474
248	198.059	1	2.89553e+06	1	897612	1	469716	1	988.479	1	0	273.249	301.462
248	198.059	1	2.89553e+06	1	897612	1	469716	1	988.479	1	0.001	273.249	301.462
248	198.059	1	2.89553e+06	1	897612	1	469716	1	988.479	1	0.00316228	273.25	301.462
248	198.059	1	2.89553e+06	1	897612	1	469716	1	988.479	1	0.01	273.25	301.462
248	198.059	1	2.89553e+06	1	897612	1	469716	1	988.479	1	0.0316228	273.251	301.462
248	198.059	1	2.89553e+06	1	897612	1	469716	1	988.479	1	0.1	273.255	301.463
248	198.059	1	2.89553e+06	1	897612	1	469716	1	988.479	1	0.316228	273.267	301.467
248	198.059	1	2.89553e+06	1	897612	1	469716	1	988.479	1	1	273.304	301.479
248	198.059	1	2.89553e+06	1	897612	1	469716	1	988.479	1	3.16228	273.421	301.517
248	198.059	1	2.89553e+06	1	897612	1	469716	1	988.479	1	10	273.775	301.632
248	198.059	1	2.89553e+06	1	897612	1	469716	1	988.479	1	31.6228	274.769	301.96
248	198.059	1	2.89553e+06	1	897612	1	469716	1	988.479	1	100	277.169	302.818
249	126.69	1	1.68808e+06	1	620143	1	741475	1	1230.44	1	0	273.249	301.462
249	126.69	1	1.68808e+06	1	620143	1	741475	1	1230.44	1	0.001	273.25	301.462
249	126.69	1	1.68808e+06	1	620143	1	741475	1	1230.44	1	0.00316228	273.25	301.462
249	126.69	1	1.68808e+06	1	620143	1	741475	1	1230.44	1	0.01	273.25	301.462
249	126.69	1	1.68808e+06	1	620143	1	741475	1	1230.44	1	0.0316228	273.252	301.462
249	126.69	1	1.68808e+06	1	620143	1	741475	1	1230.44	1	0.1	273.258	301.464
249	126.69	1	1.68808e+06	1	620143	1	741475	1	1230.44	1	0.316228	273.276	301.47
249	126.69	1	1.68808e+06	1	620143	1	741475	1	1230.44	1	1	273.334	301.488
249	126.69	1	1.68808e+06	1	620143	1	741475	1	1230.44	1	3.16228	273.512	301.543
249	126.69	1	1.68808e+06	1	620143	1	741475	1	1230.44	1	10	274.038	301.707
249	126.69	1	1.68808e+06	1	620143	1	741475	1	1230.44	1	31.6228	275.465	302.167
249	126.69	1	1.68808e+06	1	620143	1	741475	1	1230.44	1	100	278.351	303.217
250	205.995	1	755341	1	271345	1	731777	1	949.262	1	0	273.249	301.462
250	205.995	1	755341	1	271345	1	731777	1	949.262	1	0.001	273.249	301.462
250	205.995	1	755341	1	271345	1	731777	1	949.262	1	0.00316228	273.25	301.462
250	205.995	1	755341	1	271345	1	731777	1	949.262	1	0.01	273.25	301.462
250	205.995	1	755341	1	271345	1	731777	1	949.262	1	0.0316228	273.251	301.462
250	205.995	1	755341	1	271345	1	731777	1	949.262	1	0.1	273.255	301.463
250	205.995	1	755341	1	271345	1	731777	1	949.262	1	0.316228	273.266	301.467
250	205.995	1	755341	1	271345	1	731777	1	949.262	1	1	273.302	301.479
250	205.995	1	755341	1	271345	1	731777	1	949.262	1	3.16228	273.415	301.515
250	205.995	1	755341	1	271345	1	731777	1	949.262	1	10	273.757	301.627
250	205.995	1	755341	1	271345	1	731777	1	949.262	1	31.6228	274.716	301.945
250	205.995	1	755341	1	271345	1	731777	1	949.262	1	100	277.065	302.788
251	249.415	1	562553	1	969853	1	1.15337e+06	1	577.59	1	0	273.249	301.462
251	249.415	1	562553	1	969853	1	1.15337e+06	1	577.59	1	0.001	273.249	301.462
251	249.415	1	562553	1	969853	1	1.15337e+06	1	577.59	1	0.00316228	273.25	301.462
251	249.415	1	562553	1	969853	1	1.15337e+06	1	577.59	1	0.01	273.25	301.462
251	249.415	1	562553	1	969853	1	1.15337e+06	1	577.59	1	0.0316228	273.251	301.462
251	249.415	1	562553	1	969853	1	1.15337e+06	1	577.59	1	0.1	273.254	301.463
251	249.415	1	562553	1	969853	1	1.15337e+06	1	577.59	1	0.316228	273.264	301.466
251	249.415	1	562553	1	969853	1	1.15337e+06	1	577.59	1	1	273.294	301.477
251	249.415	1	562553	1	969853	1	1.15337e+06	1	577.59	1	3.16228	273.39	301.51
251	249.415	1	562553	1	969853	1	1.15337e+06	1	577.59	1	10	273.683	301.612
251	249.415	1	562553	1	969853	1	1.15337e+06	1	577.59	1	31.6228	274.516	301.905
251	249.415	1	562553	1	969853	1	1.15337e+06	1	577.59	1	100	276.624	302.69
252	175.125	1	1.44455e+06	1	699929	1	513714	1	1430.8	1	0	273.249	301.462
252	175.125	1	1.44455e+06	1	699929	1	513714	1	1430.8	1	0.001	273.249	301.462
252	175.125	1	1.44455e+06	1	699929	1	513714	1	1430.8	1	0.00316228	273.25	301.462
252	175.125	1	1.44455e+06	1	699929	1	513714	1	1430.8	1	0.01	273.25	301.462
252	175.125	1	1.44455e+06	1	699929	1	513714	1	1430.8	1	0.0316228	273.251	301.462
252	175.125	1	1.44455e+06	1	699929	1	513714	1	1430.8	1	0.1	273.256	301.463
252	175.125	1	1.44455e+06	1	699929	1	513714	1	1430.8	1	0.316228	273.269	301.468
252	175.125	1	1.44455e+06	1	699929	1	513714	1	1430.8	1	1	273.311	301.481
252	175.125	1	1.44455e+06	1	699929	1	513714	1	1430.8	1	3.16228	273.441	301.522
252	175.125	1	1.44455e+06	1	699929	1	513714	1	1430.8	1	10	273.834	301.645
252	175.125	1	1.44455e+06	1	699929	1	513714	1	1430.8	1	31.6228	274.928	301.996
252	175.125	1	1.44455e+06	1	699929	1	513714	1	1430.8	1	100	277.465	302.878
253	146.96	1	1.78915e+06	1	1.48148e+06	1	2.06401e+06	1	1356.51	1	0	273.249	301.462
253	146.96	1	1.78915e+06	1	1.48148e+06	1	2.06401e+06	1	1356.51	1	0.001	273.249	301.462
253	146.96	1	1.78915e+06	1	1.48148e+06	1	2.06401e+06	1	1356.51	1	0.00316228	273.25	301.462
253	146.96	1	1.78915e+06	1	1.48148e+06	1	2.06401e+06	1	1356.51	1	0.01	273.25	301.462
253	146.96	1	1.78915e+06	1	1.48148e+06	1	2.06401e+06	1	1356.51	1	0.0316228	273.252	301.462
253	146.96	1	1.78915e+06	1	1.48148e+06	1	2.06401e+06	1	1356.51	1	0.1	273.257	301.464
253	146.96	1	1.78915e+06	1	1.48148e+06	1	2.06401e+06	1	1356.51	1	0.316228	273.273	301.469
253	146.96	1	1.78915e+06	1	1.48148e+06	1	2.06401e+06	1	1356.51	1	1	273.322	301.484
253	146.96	1	1.78915e+06	1	1.48148e+06	1	2.06401e+06	1	1356.51	1	3.16228	273.476	301.532
253	146.96	1	1.78915e+06	1	1.48148e+06	1	2.06401e+06	1	1356.51	1	10	273.936	301.675
253	146.96	1	1.78915e+06	1	1.48148e+06	1	2.06401e+06	1	1356.51	1	31.6228	275.201	302.079
253	146.96	1	1.78915e+06	1	1.48148e+06	1	2.06401e+06	1	1356.51	1	100	277.929	303.042
254	122.464	1	2.18371e+06	1	892435	1	569264	1	1500.95	1	0	273.249	301.462
254	122.464	1	2.18371e+06	1	892435	1	569264	1	1500.95	1	0.001	273.25	301.462
254	122.464	1	2.18371e+06	1	892435	1	569264	1	1500.95	1	0.00316228	273.25	301.462
254	122.464	1	2.18371e+06	1	892435	1	569264	1	1500.95	1	0.01	273.25	301.462
254	122.464	1	2.18371e+06	1	892435	1	569264	1	1500.95	1	0.0316228	273.252	301.462
254	122.464	1	2.18371e+06	1	892435	1	569264	1	1500.95	1	0.1	273.258	301.464
254	122.464	1	2.18371e+06	1	892435	1	569264	1	1500.95	1	0.316228	273.277	301.47
254	122.464	1	2.18371e+06	1	892435	1	569264	1	1500.95	1	1	273.336	301.488
254	122.464	1	2.18371e+06	1	892435	1	569264	1	1500.95	1	3.16228	273.52	301.545
254	122.464	1	2.18371e+06	1	892435	1	569264	1	1500.95	1	10	274.061	301.712
254	122.464	1	2.18371e+06	1	892435	1	569264	1	1500.95	1	31.6228	275.522	302.179
254	122.464	1	2.18371e+06	1	892435	1	569264	1	1500.95	1	100	278.433	303.231
255	147.506	1	730749	1	684892	1	1.8149e+06	1	851.26	1	0	273.249	301.462
255	147.506	1	730749	1	684892	1	1.8149e+06	1	851.26	1	0.001	273.249	301.462
255	147.506	1	730749	1	684892	1	1.8149e+06	1	851.26	1	0.00316228	273.25	301.462
255	147.506	1	730749	1	684892	1	1.8149e+06	1	851.26	1	0.01	273.25	301.462
255	147.506	1	730749	1	684892	1	1.8149e+06	1	851.26	1	0.0316228	273.252	301.462
255	147.506	1	730749	1	684892	1	1.8149e+06	1	851.26	1	0.1	273.257	301.464
255	147.506	1	730749	1	684892	1	1.8149e+06	1	851.26	1	0.316228	273.273	301.469
255	147.506	1	730749	1	684892	1	1.8149e+06	1	851.26	1	1	273.323	301.485
255	147.506	1	730749	1	684892	1	1.8149e+06	1	851.26	1	3.16228	273.477	301.534
255	147.506	1	730749	1	684892	1	1.8149e+06	1	851.26	1	10	273.939	301.681
255	147.506	1	730749	1	684892	1	1.8149e+06	1	851.26	1	31.6228	275.212	302.1
255	147.506	1	730749	1	684892	1	1.8149e+06	1	851.26	1	100	277.962	303.104
256	123.35	1	557804	1	568813	1	674704	1	1828.34	1	0	273.249	301.462
256	123.35	1	557804	1	568813	1	674704	1	1828.34	1	0.001	273.25	301.462
256	123.35	1	557804	1	568813	1	674704	1	1828.34	1	0.00316228	273.25	301.462
256	123.35	1	557804	1	568813	1	674704	1	1828.34	1	0.01	273.25	301.462
256	123.35	1	557804	1	568813	1	674704	1	1828.34	1	0.0316228	273.252	301.462
256	123.35	1	557804	1	568813	1	674704	1	1828.34	1	0.1	273.258	301.464
256	123.35	1	557804	1	568813	1	674704	1	1828.34	1	0.316228	273.277	301.47
256	123.35	1	557804	1	568813	1	674704	1	1828.34	1	1	273.336	301.488
256	123.35	1	557804	1	568813	1	674704	1	1828.34	1	3.16228	273.517	301.543
256	123.35	1	557804	1	568813	1	674704	1	1828.34	1	10	274.053	301.708
256	123.35	1	557804	1	568813	1	674704	1	1828.34	1	31.6228	275.501	302.166
256	123.35	1	557804	1	568813	1	674704	1	1828.34	1	100	278.393	303.195
257	196.666	1	1.41112e+06	1	1.84028e+06	1	312060	1	1029.12	1	0	273.249	301.462
257	196.666	1	1.41112e+06	1	1.84028e+06	1	312060	1	1029.12	1	0.001	273.249	301.462
257	196.666	1	1.41112e+06	1	1.84028e+06	1	312060	1	1029.12	1	0.00316228	273.25	301.462
257	196.666	1	1.41112e+06	1	1.84028e+06	1	312060	1	1029.12	1	0.01	273.25	301.462
257	196.666	1	1.41112e+06	1	1.84028e+06	1	312060	1	1029.12	1	0.0316228	273.251	301.462
257	196.666	1	1.41112e+06	1	1.84028e+06	1	312060	1	1029.12	1	0.1	273.255	301.463
257	196.666	1	1.41112e+06	1	1.84028e+06	1	312060	1	1029.12	1	0.316228	273.267	301.467
257	196.666	1	1.41112e+06	1	1.84028e+06	1	312060	1	1029.12	1	1	273.305	301.479
257	196.666	1	1.41112e+06	1	1.84028e+06	1	312060	1	1029.12	1	3.16228	273.422	301.517
257	196.666	1	1.41112e+06	1	1.84028e+06	1	312060	1	1029.12	1	10	273.778	301.632
257	196.666	1	1.41112e+06	1	1.84028e+06	1	312060	1	1029.12	1	31.6228	274.778	301.962
257	196.666	1	1.41112e+06	1	1.84028e+06	1	312060	1	1029.12	1	100	277.187	302.822
258	79.1908	1	1.67289e+06	1	704003	1	1.27275e+06	1	1010.41	1	0	273.249	301.462
258	79.1908	1	1.67289e+06	1	704003	1	1.27275e+06	1	1010.41	1	0.001	273.25	301.462
258	79.1908	1	1.67289e+06	1	704003	1	1.27275e+06	1	1010.41	1	0.00316228	273.25	301.462
258	79.1908	1	1.67289e+06	1	704003	1	1.27275e+06	1	1010.41	1	0.01	273.251	301.462
258	79.1908	1	1.67289e+06	1	704003	1	1.27275e+06	1	1010.41	1	0.0316228	273.254	301.463
258	79.1908	1	1.67289e+06	1	704003	1	1.27275e+06	1	1010.41	1	0.1	273.263	301.466
258	79.1908	1	1.67289e+06	1	704003	1	1.27275e+06	1	1010.41	1	0.316228	273.292	301.475
258	79.1908	1	1.67289e+06	1	704003	1	1.27275e+06	1	1010.41	1	1	273.383	301.503
258	79.1908	1	1.67289e+06	1	704003	1	1.27275e+06	1	1010.41	1	3.16228	273.661	301.588
258	79.1908	1	1.67289e+06	1	704003	1	1.27275e+06	1	1010.41	1	10	274.453	301.832
258	79.1908	1	1.67289e+06	1	704003	1	1.27275e+06	1	1010.41	1	31.6228	276.468	302.492
258	79.1908	1	1.67289e+06	1	704003	1	1.27275e+06	1	1010.41	1	100	279.396	303.712
259	174.476	1	576792	1	657031	1	2.54967e+06	1	2957.9	1	0	273.249	301.462
259	174.476	1	576792	1	657031	1	2.54967e+06	1	2957.9	1	0.001	273.249	301.462
259	174.476	1	576792	1	657031	1	2.54967e+06	1	2957.9	1	0.00316228	273.25	301.462
259	174.476	1	576792	1	657031	1	2.54967e+06	1	2957.9	1	0.01	273.25	301.462
259	174.476	1	576792	1	657031	1	2.54967e+06	1	2957.9	1	0.0316228	273.251	301.462
259	174.476	1	576792	1	657031	1	2.54967e+06	1	2957.9	1	0.1	273.256	301.463
259	174.476	1	576792	1	657031	1	2.54967e+06	1	2957.9	1	0.316228	273.269	301.467
259	174.476	1	576792	1	657031	1	2.54967e+06	1	2957.9	1	1	273.31	301.48
259	174.476	1	576792	1	657031	1	2.54967e+06	1	2957.9	1	3.16228	273.44	301.519
259	174.476	1	576792	1	657031	1	2.54967e+06	1	2957.9	1	10	273.829	301.638
259	174.476	1	576792	1	657031	1	2.54967e+06	1	2957.9	1	31.6228	274.912	301.973
259	174.476	1	576792	1	657031	1	2.54967e+06	1	2957.9	1	100	277.414	302.802
260	163.714	1	2.20087e+06	1	1.00133e+06	1	1.80869e+06	1	1111.42	1	0	273.249	301.462
260	163.714	1	2.20087e+06	1	1.00133e+06	1	1.80869e+06	1	1111.42	1	0.001	273.249	301.462
260	163.714	1	2.20087e+06	1	1.00133e+06	1	1.80869e+06	1	1111.42	1	0.00316228	273.25	301.462
260	163.714	1	2.20087e+06	1	1.00133e+06	1	1.80869e+06	1	1111.42	1	0.01	273.25	301.462
260	163.714	1	2.20087e+06	1	1.00133e+06	1	1.80869e+06	1	1111.42	1	0.0316228	273.252	301.462
260	163.714	1	2.20087e+06	1	1.00133e+06	1	1.80869e+06	1	1111.42	1	0.1	273.256	301.464
260	163.714	1	2.20087e+06	1	1.00133e+06	1	1.80869e+06	1	1111.42	1	0.316228	273.27	301.468
260	163.714	1	2.20087e+06	1	1.00133e+06	1	1.80869e+06	1	1111.42	1	1	273.315	301.482
260	163.714	1	2.20087e+06	1	1.00133e+06	1	1.80869e+06	1	1111.42	1	3.16228	273.455	301.526
260	163.714	1	2.20087e+06	1	1.00133e+06	1	1.80869e+06	1	1111.42	1	10	273.873	301.658
260	163.714	1	2.20087e+06	1	1.00133e+06	1	1.80869e+06	1	1111.42	1	31.6228	275.035	302.035
260	163.714	1	2.20087e+06	1	1.00133e+06	1	1.80869e+06	1	1111.42	1	100	277.662	302.962
261	159.281	1	296545	1	2.66141e+06	1	747814	1	1116.43	1	0	273.249	301.462
261	159.281	1	296545	1	2.66141e+06	1	747814	1	1116.43	1	0.001	273.249	301.462
261	159.281	1	296545	1	2.66141e+06	1	747814	1	1116.43	1	0.00316228	273.25	301.462
261	159.281	1	296545	1	2.66141e+06	1	747814	1	1116.43	1	0.01	273.25	301.462
261	159.281	1	296545	1	2.66141e+06	1	747814	1	1116.43	1	0.0316228	273.252	301.462
261	159.281	1	296545	1	2.66141e+06	1	747814	1	1116.43	1	0.1	273.256	301.464
261	159.281	1	296545	1	2.66141e+06	1	747814	1	1116.43	1	0.316228	273.271	301.468
261	159.281	1	296545	1	2.66141e+06	1	747814	1	1116.43	1	1	273.317	301.483
261	159.281	1	296545	1	2.66141e+06	1	747814	1	1116.43	1	3.16228	273.46	301.527
261	159.281	1	296545	1	2.66141e+06	1	747814	1	1116.43	1	10	273.887	301.662
261	159.281	1	296545	1	2.66141e+06	1	747814	1	1116.43	1	31.6228	275.073	302.043
261	159.281	1	296545	1	2.66141e+06	1	747814	1	1116.43	1	100	277.719	302.973
262	107.809	1	2.80765e+06	1	915873	1	792443	1	1014.7	1	0	273.249	301.462
262	107.809	1	2.80765e+06	1	915873	1	792443	1	1014.7	1	0.001	273.25	301.462
262	107.809	1	2.80765e+06	1	915873	1	792443	1	1014.7	1	0.00316228	273.25	301.462
262	107.809	1	2.80765e+06	1	915873	1	792443	1	1014.7	1	0.01	273.25	301.462
262	107.809	1	2.80765e+06	1	915873	1	792443	1	1014.7	1	0.0316228	273.253	301.463
262	107.809	1	2.80765e+06	1	915873	1	792443	1	1014.7	1	0.1	273.259	301.465
262	107.809	1	2.80765e+06	1	915873	1	792443	1	1014.7	1	0.316228	273.281	301.471
262	107.809	1	2.80765e+06	1	915873	1	792443	1	1014.7	1	1	273.348	301.492
262	107.809	1	2.80765e+06	1	915873	1	792443	1	1014.7	1	3.16228	273.556	301.557
262	107.809	1	2.80765e+06	1	915873	1	792443	1	1014.7	1	10	274.164	301.747
262	107.809	1	2.80765e+06	1	915873	1	792443	1	1014.7	1	31.6228	275.781	302.271
262	107.809	1	2.80765e+06	1	915873	1	792443	1	1014.7	1	100	278.811	303.411
263	260.892	1	631931	1	1.04407e+06	1	403764	1	1871.51	1	0	273.249	301.462
263	260.892	1	631931	1	1.04407e+06	1	403764	1	1871.51	1	0.001	273.249	301.462
263	260.892	1	631931	1	1.04407e+06	1	403764	1	1871.51	1	0.00316228	273.25	301.462
263	260.892	1	631931	1	1.04407e+06	1	403764	1	1871.51	1	0.01	273.25	301.462
263	260.892	1	631931	1	1.04407e+06	1	403764	1	1871.51	1	0.0316228	273.251	301.462
263	260.892	1	631931	1	1.04407e+06	1	403764	1	1871.51	1	0.1	273.254	301.463
263	260.892	1	631931	1	1.04407e+06	1	403764	1	1871.51	1	0.316228	273.263	301.466
263	260.892	1	631931	1	1.04407e+06	1	403764	1	1871.51	1	1	273.291	301.475
263	260.892	1	631931	1	1.04407e+06	1	403764	1	1871.51	1	3.16228	273.379	301.502
263	260.892	1	631931	1	1.04407e+06	1	403764	1	1871.51	1	10	273.65	301.588
263	260.892	1	631931	1	1.04407e+06	1	403764	1	1871.51	1	31.6228	274.423	301.834
263	260.892	1	631931	1	1.04407e+06	1	403764	1	1871.51	1	100	276.407	302.506
264	97.3567	1	695602	1	787830	1	761128	1	1865.76	1	0	273.249	301.462
264	97.3567	1	695602	1	787830	1	761128	1	1865.76	1	0.001	273.25	301.462
264	97.3567	1	695602	1	787830	1	761128	1	1865.76	1	0.00316228	273.25	301.462
264	97.3567	1	695602	1	787830	1	761128	1	1865.76	1	0.01	273.251	301.462
264	97.3567	1	695602	1	787830	1	761128	1	1865.76	1	0.0316228	273.253	301.463
264	97.3567	1	695602	1	787830	1	761128	1	1865.76	1	0.1	273.26	301.465
264	97.3567	1	695602	1	787830	1	761128	1	1865.76	1	0.316228	273.284	301.472
264	97.3567	1	695602	1	787830	1	761128	1	1865.76	1	1	273.358	301.495
264	97.3567	1	695602	1	787830	1	761128	1	1865.76	1	3.16228	273.586	301.564
264	97.3567	1	695602	1	787830	1	761128	1	1865.76	1	10	274.245	301.764
264	97.3567	1	695602	1	787830	1	761128	1	1865.76	1	31.6228	275.969	302.31
264	97.3567	1	695602	1	787830	1	761128	1	1865.76	1	100	279.021	303.438
265	209.638	1	2.86631e+06	1	1.15413e+06	1	1.8474e+06	1	821.99	1	0	273.249	301.462
265	209.638	1	2.86631e+06	1	1.15413e+06	1	1.8474e+06	1	821.99	1	0.001	273.249	301.462
265	209.638	1	2.86631e+06	1	1.15413e+06	1	1.8474e+06	1	821.99	1	0.00316228	273.25	301.462
265	209.638	1	2.86631e+06	1	1.15413e+06	1	1.8474e+06	1	821.99	1	0.01	273.25	301.462
265	209.638	1	2.86631e+06	1	1.15413e+06	1	1.8474e+06	1	821.99	1	0.0316228	273.251	301.462
265	209.638	1	2.86631e+06	1	1.15413e+06	1	1.8474e+06	1	821.99	1	0.1	273.255	301.463
265	209.638	1	2.86631e+06	1	1.15413e+06	1	1.8474e+06	1	821.99	1	0.316228	273.266	301.467
265	209.638	1	2.86631e+06	1	1.15413e+06	1	1.8474e+06	1	821.99	1	1	273.302	301.479
265	209.638	1	2.86631e+06	1	1.15413e+06	1	1.8474e+06	1	821.99	1	3.16228	273.413	301.515
265	209.638	1	2.86631e+06	1	1.15413e+06	1	1.8474e+06	1	821.99	1	10	273.75	301.626
265	209.638	1	2.86631e+06	1	1.15413e+06	1	1.8474e+06	1	821.99	1	31.6228	274.698	301.942
265	209.638	1	2.86631e+06	1	1.15413e+06	1	1.8474e+06	1	821.99	1	100	277.029	302.785
266	170.773	1	789684	1	665931	1	698709	1	2269.44	1	0	273.249	301.462
266	170.773	1	789684	1	665931	1	698709	1	2269.44	1	0.001	273.249	301.462
266	170.773	1	789684	1	665931	1	698709	1	2269.44	1	0.00316228	273.25	301.462
266	170.773	1	789684	1	665931	1	698709	1	2269.44	1	0.01	273.25	301.462
266	170.773	1	789684	1	665931	1	698709	1	2269.44	1	0.0316228	273.251	301.462
266	170.773	1	789684	1	665931	1	698709	1	2269.44	1	0.1	273.256	301.463
266	170.773	1	789684	1	665931	1	698709	1	2269.44	1	0.316228	273.269	301.468
266	170.773	1	789684	1	665931	1	698709	1	2269.44	1	1	273.312	301.481
266	170.773	1	789684	1	665931	1	698709	1	2269.44	1	3.16228	273.444	301.521
266	170.773	1	789684	1	665931	1	698709	1	2269.44	1	10	273.843	301.644
266	170.773	1	789684	1	665931	1	698709	1	2269.44	1	31.6228	274.952	301.992
266	170.773	1	789684	1	665931	1	698709	1	2269.44	1	100	277.497	302.851
267	205.725	1	3.23619e+06	1	863821	1	735297	1	2170.46	1	0	273.249	301.462
267	205.725	1	3.23619e+06	1	863821	1	735297	1	2170.46	1	0.001	273.249	301.462
267	205.725	1	3.23619e+06	1	863821	1	735297	1	2170.46	1	0.00316228	273.25	301.462
267	205.725	1	3.23619e+06	1	863821	1	735297	1	2170.46	1	0.01	273.25	301.462
267	205.725	1	3.23619e+06	1	863821	1	735297	1	2170.46	1	0.0316228	273.251	301.462
267	205.725	1	3.23619e+06	1	863821	1	735297	1	2170.46	1	0.1	273.255	301.463
267	205.725	1	3.23619e+06	1	863821	1	735297	1	2170.46	1	0.316228	273.266	301.467
267	205.725	1	3.23619e+06	1	863821	1	735297	1	2170.46	1	1	273.301	301.478
267	205.725	1	3.23619e+06	1	863821	1	735297	1	2170.46	1	3.16228	273.412	301.512
267	205.725	1	3.23619e+06	1	863821	1	735297	1	2170.46	1	10	273.749	301.617
267	205.725	1	3.23619e+06	1	863821	1	735297	1	2170.46	1	31.6228	274.693	301.913
267	205.725	1	3.23619e+06	1	863821	1	735297	1	2170.46	1	100	276.998	302.692
268	155.941	1	5.83092e+06	1	1.94119e+06	1	626342	1	1238.16	1	0	273.249	301.462
268	155.941	1	5.83092e+06	1	1.94119e+06	1	626342	1	1238.16	1	0.001	273.249	301.462
268	155.941	1	5.83092e+06	1	1.94119e+06	1	626342	1	1238.16	1	0.00316228	273.25	301.462
268	155.941	1	5.83092e+06	1	1.94119e+06	1	626342	1	1238.16	1	0.01	273.25	301.462
268	155.941	1	5.83092e+06	1	1.94119e+06	1	626342	1	1238.16	1	0.0316228	273.252	301.462
268	155.941	1	5.83092e+06	1	1.94119e+06	1	626342	1	1238.16	1	0.1	273.256	301.464
268	155.941	1	5.83092e+06	1	1.94119e+06	1	626342	1	1238.16	1	0.316228	273.271	301.468
268	155.941	1	5.83092e+06	1	1.94119e+06	1	626342	1	1238.16	1	1	273.318	301.483
268	155.941	1	5.83092e+06	1	1.94119e+06	1	626342	1	1238.16	1	3.16228	273.464	301.529
268	155.941	1	5.83092e+06	1	1.94119e+06	1	626342	1	1238.16	1	10	273.901	301.666
268	155.941	1	5.83092e+06	1	1.94119e+06	1	626342	1	1238.16	1	31.6228	275.111	302.056
268	155.941	1	5.83092e+06	1	1.94119e+06	1	626342	1	1238.16	1	100	277.789	303.004
269	168.623	1	4.10552e+06	1	953150	1	1.30852e+06	1	1911.02	1	0	273.249	301.462
269	168.623	1	4.10552e+06	1	953150	1	1.30852e+06	1	1911.02	1	0.001	273.249	301.462
269	168.623	1	4.10552e+06	1	953150	1	1.30852e+06	1	1911.02	1	0.00316228	273.25	301.462
269	168.623	1	4.10552e+06	1	953150	1	1.30852e+06	1	1911.02	1	0.01	273.25	301.462
269	168.623	1	4.10552e+06	1	953150	1	1.30852e+06	1	1911.02	1	0.0316228	273.251	301.462
269	168.623	1	4.10552e+06	1	953150	1	1.30852e+06	1	1911.02	1	0.1	273.256	301.464
269	168.623	1	4.10552e+06	1	953150	1	1.30852e+06	1	1911.02	1	0.316228	273.27	301.468
269	168.623	1	4.10552e+06	1	953150	1	1.30852e+06	1	1911.02	1	1	273.313	301.481
269	168.623	1	4.10552e+06	1	953150	1	1.30852e+06	1	1911.02	1	3.16228	273.447	301.523
269	168.623	1	4.10552e+06	1	953150	1	1.30852e+06	1	1911.02	1	10	273.851	301.647
269	168.623	1	4.10552e+06	1	953150	1	1.30852e+06	1	1911.02	1	31.6228	274.975	302.002
269	168.623	1	4.10552e+06	1	953150	1	1.30852e+06	1	1911.02	1	100	277.543	302.876
270	173.799	1	1.58757e+06	1	745037	1	1.14011e+06	1	917.723	1	0	273.249	301.462
270	173.799	1	1.58757e+06	1	745037	1	1.14011e+06	1	917.723	1	0.001	273.249	301.462
270	173.799	1	1.58757e+06	1	745037	1	1.14011e+06	1	917.723	1	0.00316228	273.25	301.462
270	173.799	1	1.58757e+06	1	745037	1	1.14011e+06	1	917.723	1	0.01	273.25	301.462
270	173.799	1	1.58757e+06	1	745037	1	1.14011e+06	1	917.723	1	0.0316228	273.251	301.462
270	173.799	1	1.58757e+06	1	745037	1	1.14011e+06	1	917.723	1	0.1	273.256	301.464
270	173.799	1	1.58757e+06	1	745037	1	1.14011e+06	1	917.723	1	0.316228	273.269	301.468
270	173.799	1	1.58757e+06	1	745037	1	1.14011e+06	1	917.723	1	1	273.312	301.481
270	173.799	1	1.58757e+06	1	745037	1	1.14011e+06	1	917.723	1	3.16228	273.444	301.524
270	173.799	1	1.58757e+06	1	745037	1	1.14011e+06	1	917.723	1	10	273.842	301.652
270	173.799	1	1.58757e+06	1	745037	1	1.14011e+06	1	917.723	1	31.6228	274.954	302.018
270	173.799	1	1.58757e+06	1	745037	1	1.14011e+06	1	917.723	1	100	277.522	302.937
271	127.933	1	374807	1	1.15433e+06	1	1.45686e+06	1	1723.7	1	0	273.249	301.462
271	127.933	1	374807	1	1.15433e+06	1	1.45686e+06	1	1723.7	1	0.001	273.25	301.462
271	127.933	1	374807	1	1.15433e+06	1	1.45686e+06	1	1723.7	1	0.00316228	273.25	301.462
271	127.933	1	374807	1	1.15433e+06	1	1.45686e+06	1	1723.7	1	0.01	273.25	301.462
271	127.933	1	374807	1	1.15433e+06	1	1.45686e+06	1	1723.7	1	0.0316228	273.252	301.462
271	127.933	1	374807	1	1.15433e+06	1	1.45686e+06	1	1723.7	1	0.1	273.258	301.464
271	127.933	1	374807	1	1.15433e+06	1	1.45686e+06	1	1723.7	1	0.316228	273.276	301.47
271	127.933	1	374807	1	1.15433e+06	1	1.45686e+06	1	1723.7	1	1	273.332	301.487
271	127.933	1	374807	1	1.15433e+06	1	1.45686e+06	1	1723.7	1	3.16228	273.507	301.54
271	127.933	1	374807	1	1.15433e+06	1	1.45686e+06	1	1723.7	1	10	274.025	301.699
271	127.933	1	374807	1	1.15433e+06	1	1.45686e+06	1	1723.7	1	31.6228	275.431	302.142
271	127.933	1	374807	1	1.15433e+06	1	1.45686e+06	1	1723.7	1	100	278.28	303.147
272	224.097	1	726345	1	1.05152e+06	1	1.18159e+06	1	909.766	1	0	273.249	301.462
272	224.097	1	726345	1	1.05152e+06	1	1.18159e+06	1	909.766	1	0.001	273.249	301.462
272	224.097	1	726345	1	1.05152e+06	1	1.18159e+06	1	909.766	1	0.00316228	273.25	301.462
272	224.097	1	726345	1	1.05152e+06	1	1.18159e+06	1	909.766	1	0.01	273.25	301.462
272	224.097	1	726345	1	1.05152e+06	1	1.18159e+06	1	909.766	1	0.0316228	273.251	301.462
272	224.097	1	726345	1	1.05152e+06	1	1.18159e+06	1	909.766	1	0.1	273.254	301.463
272	224.097	1	726345	1	1.05152e+06	1	1.18159e+06	1	909.766	1	0.316228	273.265	301.467
272	224.097	1	726345	1	1.05152e+06	1	1.18159e+06	1	909.766	1	1	273.298	301.477
272	224.097	1	726345	1	1.05152e+06	1	1.18159e+06	1	909.766	1	3.16228	273.402	301.511
272	224.097	1	726345	1	1.05152e+06	1	1.18159e+06	1	909.766	1	10	273.718	301.615
272	224.097	1	726345	1	1.05152e+06	1	1.18159e+06	1	909.766	1	31.6228	274.608	301.909
272	224.097	1	726345	1	1.05152e+06	1	1.18159e+06	1	909.766	1	100	276.839	302.707
273	116.998	1	1.75111e+06	1	362583	1	568499	1	4587.55	1	0	273.249	301.462
273	116.998	1	1.75111e+06	1	362583	1	568499	1	4587.55	1	0.001	273.25	301.462
273	116.998	1	1.75111e+06	1	362583	1	568499	1	4587.55	1	0.00316228	273.25	301.462
273	116.998	1	1.75111e+06	1	362583	1	568499	1	4587.55	1	0.01	273.25	301.462
273	116.998	1	1.75111e+06	1	362583	1	568499	1	4587.55	1	0.0316228	273.252	301.462
273	116.998	1	1.75111e+06	1	362583	1	568499	1	4587.55	1	0.1	273.259	301.464
273	116.998	1	1.75111e+06	1	362583	1	568499	1	4587.55	1	0.316228	273.278	301.47
273	116.998	1	1.75111e+06	1	362583	1	568499	1	4587.55	1	1	273.34	301.489
273	116.998	1	1.75111e+06	1	362583	1	568499	1	4587.55	1	3.16228	273.53	301.546
273	116.998	1	1.75111e+06	1	362583	1	568499	1	4587.55	1	10	274.089	301.715
273	116.998	1	1.75111e+06	1	362583	1	568499	1	4587.55	1	31.6228	275.59	302.183
273	116.998	1	1.75111e+06	1	362583	1	568499	1	4587.55	1	100	278.521	303.208
274	165.808	1	1.8807e+06	1	853143	1	1.28249e+06	1	1429.33	1	0	273.249	301.462
274	165.808	1	1.8807e+06	1	853143	1	1.28249e+06	1	1429.33	1	0.001	273.249	301.462
274	165.808	1	1.8807e+06	1	853143	1	1.28249e+06	1	1429.33	1	0.00316228	273.25	301.462
274	165.808	1	1.8807e+06	1	853143	1	1.28249e+06	1	1429.33	1	0.01	273.25	301.462
274	165.808	1	1.8807e+06	1	853143	1	1.28249e+06	1	1429.33	1	0.0316228	273.251	301.462
274	165.808	1	1.8807e+06	1	853143	1	1.28249e+06	1	1429.33	1	0.1	273.256	301.464
274	165.808	1	1.8807e+06	1	853143	1	1.28249e+06	1	1429.33	1	0.316228	273.27	301.468
274	165.808	1	1.8807e+06	1	853143	1	1.28249e+06	1	1429.33	1	1	273.314	301.482
274	165.808	1	1.8807e+06	1	853143	1	1.28249e+06	1	1429.33	1	3.16228	273.451	301.524
274	165.808	1	1.8807e+06	1	853143	1	1.28249e+06	1	1429.33	1	10	273.863	301.653
274	165.808	1	1.8807e+06	1	853143	1	1.28249e+06	1	1429.33	1	31.6228	275.008	302.019
274	165.808	1	1.8807e+06	1	853143	1	1.28249e+06	1	1429.33	1	100	277.608	302.92
275	206.029	1	521835	1	1.07016e+06	1	476225	1	3410.2	1	0	273.249	301.462
275	206.029	1	521835	1	1.07016e+06	1	476225	1	3410.2	1	0.001	273.249	301.462
275	206.029	1	521835	1	1.07016e+06	1	476225	1	3410.2	1	0.00316228	273.25	301.462
275	206.029	1	521835	1	1.07016e+06	1	476225	1	3410.2	1	0.01	273.25	301.462
275	206.029	1	521835	1	1.07016e+06	1	476225	1	3410.2	1	0.0316228	273.251	301.462
275	206.029	1	521835	1	1.07016e+06	1	476225	1	3410.2	1	0.1	273.255	301.463
275	206.029	1	521835	1	1.07016e+06	1	476225	1	3410.2	1	0.316228	273.266	301.467
275	206.029	1	521835	1	1.07016e+06	1	476225	1	3410.2	1	1	273.301	301.477
275	206.029	1	521835	1	1.07016e+06	1	476225	1	3410.2	1	3.16228	273.411	301.511
275	206.029	1	521835	1	1.07016e+06	1	476225	1	3410.2	1	10	273.745	301.613
275	206.029	1	521835	1	1.07016e+06	1	476225	1	3410.2	1	31.6228	274.681	301.902
275	206.029	1	521835	1	1.07016e+06	1	476225	1	3410.2	1	100	276.967	302.656
276	87.2641	1	892484	1	755292	1	1.09054e+06	1	1302.37	1	0	273.249	301.462
276	87.2641	1	892484	1	755292	1	1.09054e+06	1	1302.37	1	0.001	273.25	301.462
276	87.2641	1	892484	1	755292	1	1.09054e+06	1	1302.37	1	0.00316228	273.25	301.462
276	87.2641	1	892484	1	755292	1	1.09054e+06	1	1302.37	1	0.01	273.251	301.462
276	87.2641	1	892484	1	755292	1	1.09054e+06	1	1302.37	1	0.0316228	273.253	301.463
276	87.2641	1	892484	1	755292	1	1.09054e+06	1	1302.37	1	0.1	273.262	301.465
276	87.2641	1	892484	1	755292	1	1.09054e+06	1	1302.37	1	0.316228	273.288	301.473
276	87.2641	1	892484	1	755292	1	1.09054e+06	1	1302.37	1	1	273.371	301.499
276	87.2641	1	892484	1	755292	1	1.09054e+06	1	1302.37	1	3.16228	273.624	301.576
276	87.2641	1	892484	1	755292	1	1.09054e+06	1	1302.37	1	10	274.351	301.799
276	87.2641	1	892484	1	755292	1	1.09054e+06	1	1302.37	1	31.6228	276.225	302.402
276	87.2641	1	892484	1	755292	1	1.09054e+06	1	1302.37	1	100	279.215	303.58
277	127.391	1	689314	1	1.01472e+06	1	1.22555e+06	1	1306.62	1	0	273.249	301.462
277	127.391	1	689314	1	1.01472e+06	1	1.22555e+06	1	1306.62	1	0.001	273.25	301.462
277	127.391	1	689314	1	1.01472e+06	1	1.22555e+06	1	1306.62	1	0.00316228	273.25	301.462
277	127.391	1	689314	1	1.01472e+06	1	1.22555e+06	1	1306.62	1	0.01	273.25	301.462
277	127.391	1	689314	1	1.01472e+06	1	1.22555e+06	1	1306.62	1	0.0316228	273.252	301.462
277	127.391	1	689314	1	1.01472e+06	1	1.22555e+06	1	1306.62	1	0.1	273.258	301.464
277	127.391	1	689314	1	1.01472e+06	1	1.22555e+06	1	1306.62	1	0.316228	273.276	301.47
277	127.391	1	689314	1	1.01472e+06	1	1.22555e+06	1	1306.62	1	1	273.333	301.487
277	127.391	1	689314	1	1.01472e+06	1	1.22555e+06	1	1306.62	1	3.16228	273.51	301.542
277	127.391	1	689314	1	1.01472e+06	1	1.22555e+06	1	1306.62	1	10	274.032	301.704
277	127.391	1	689314	1	1.01472e+06	1	1.22555e+06	1	1306.62	1	31.6228	275.449	302.157
277	127.391	1	689314	1	1.01472e+06	1	1.22555e+06	1	1306.62	1	100	278.319	303.191
278	118.291	1	1.6164e+06	1	963010	1	539550	1	2202.57	1	0	273.249	301.462
278	118.291	1	1.6164e+06	1	963010	1	539550	1	2202.57	1	0.001	273.25	301.462
278	118.291	1	1.6164e+06	1	963010	1	539550	1	2202.57	1	0.00316228	273.25	301.462
278	118.291	1	1.6164e+06	1	963010	1	539550	1	2202.57	1	0.01	273.25	301.462
278	118.291	1	1.6164e+06	1	963010	1	539550	1	2202.57	1	0.0316228	273.252	301.462
278	118.291	1	1.6164e+06	1	963010	1	539550	1	2202.57	1	0.1	273.258	301.464
278	118.291	1	1.6164e+06	1	963010	1	539550	1	2202.57	1	0.316228	273.278	301.47
278	118.291	1	1.6164e+06	1	963010	1	539550	1	2202.57	1	1	273.339	301.489
278	118.291	1	1.6164e+06	1	963010	1	539550	1	2202.57	1	3.16228	273.528	301.546
278	118.291	1	1.6164e+06	1	963010	1	539550	1	2202.57	1	10	274.084	301.716
278	118.291	1	1.6164e+06	1	963010	1	539550	1	2202.57	1	31.6228	275.578	302.187
278	118.291	1	1.6164e+06	1	963010	1	539550	1	2202.57	1	100	278.508	303.231
279	136.57	1	763126	1	882020	1	839562	1	2558.82	1	0	273.249	301.462
279	136.57	1	763126	1	882020	1	839562	1	2558.82	1	0.001	273.25	301.462
279	136.57	1	763126	1	882020	1	839562	1	2558.82	1	0.00316228	273.25	301.462
279	136.57	1	763126	1	882020	1	839562	1	2558.82	1	0.01	273.25	301.462
279	136.57	1	763126	1	882020	1	839562	1	2558.82	1	0.0316228	273.252	301.462
279	136.57	1	763126	1	882020	1	839562	1	2558.82	1	0.1	273.257	301.464
279	136.57	1	763126	1	882020	1	839562	1	2558.82	1	0.316228	273.274	301.469
279	136.57	1	763126	1	882020	1	839562	1	2558.82	1	1	273.327	301.485
279	136.57	1	763126	1	882020	1	839562	1	2558.82	1	3.16228	273.491	301.535
279	136.57	1	763126	1	882020	1	839562	1	2558.82	1	10	273.979	301.683
279	136.57	1	763126	1	882020	1	839562	1	2558.82	1	31.6228	275.311	302.1
279	136.57	1	763126	1	882020	1	839562	1	2558.82	1	100	278.094	303.062
280	126.193	1	1.07783e+06	1	1.48838e+06	1	7.48613e+06	1	1770.96	1	0	273.249	301.462
280	126.193	1	1.07783e+06	1	1.48838e+06	1	7.48613e+06	1	1770.96	1	0.001	273.25	301.462
280	126.193	1	1.07783e+06	1	1.48838e+06	1	7.48613e+06	1	1770.96	1	0.00316228	273.25	301.462
280	126.193	1	1.07783e+06	1	1.48838e+06	1	7.48613e+06	1	1770.96	1	0.01	273.25	301.462
280	126.193	1	1.07783e+06	1	1.48838e+06	1	7.48613e+06	1	1770.96	1	0.0316228	273.252	301.462
280	126.193	1	1.07783e+06	1	1.48838e+06	1	7.48613e+06	1	1770.96	1	0.1	273.258	301.464
280	126.193	1	1.07783e+06	1	1.48838e+06	1	7.48613e+06	1	1770.96	1	0.316228	273.276	301.47
280	126.193	1	1.07783e+06	1	1.48838e+06	1	7.48613e+06	1	1770.96	1	1	273.334	301.487
280	126.193	1	1.07783e+06	1	1.48838e+06	1	7.48613e+06	1	1770.96	1	3.16228	273.511	301.541
280	126.193	1	1.07783e+06	1	1.48838e+06	1	7.48613e+06	1	1770.96	1	10	274.036	301.702
280	126.193	1	1.07783e+06	1	1.48838e+06	1	7.48613e+06	1	1770.96	1	31.6228	275.457	302.151
280	126.193	1	1.07783e+06	1	1.48838e+06	1	7.48613e+06	1	1770.96	1	100	278.323	303.165
281	107.138	1	3.02357e+06	1	1.6916e+06	1	1.64354e+06	1	2252.62	1	0	273.249	301.462
281	107.138	1	3.02357e+06	1	1.6916e+06	1	1.64354e+06	1	2252.62	1	0.001	273.25	301.462
281	107.138	1	3.02357e+06	1	1.6916e+06	1	1.64354e+06	1	2252.62	1	0.00316228	273.25	301.462
281	107.138	1	3.02357e+06	1	1.6916e+06	1	1.64354e+06	1	2252.62	1	0.01	273.25	301.462
281	107.138	1	3.02357e+06	1	1.6916e+06	1	1.64354e+06	1	2252.62	1	0.0316228	273.253	301.463
281	107.138	1	3.02357e+06	1	1.6916e+06	1	1.64354e+06	1	2252.62	1	0.1	273.259	301.465
281	107.138	1	3.02357e+06	1	1.6916e+06	1	1.64354e+06	1	2252.62	1	0.316228	273.281	301.471
281	107.138	1	3.02357e+06	1	1.6916e+06	1	1.64354e+06	1	2252.62	1	1	273.348	301.491
281	107.138	1	3.02357e+06	1	1.6916e+06	1	1.64354e+06	1	2252.62	1	3.16228	273.556	301.554
281	107.138	1	3.02357e+06	1	1.6916e+06	1	1.64354e+06	1	2252.62	1	10	274.161	301.738
281	107.138	1	3.02357e+06	1	1.6916e+06	1	1.64354e+06	1	2252.62	1	31.6228	275.768	302.244
281	107.138	1	3.02357e+06	1	1.6916e+06	1	1.64354e+06	1	2252.62	1	100	278.776	303.323
282	226.847	1	501282	1	1.09111e+06	1	937419	1	1419	1	0	273.249	301.462
282	226.847	1	501282	1	1.09111e+06	1	937419	1	1419	1	0.001	273.249	301.462
282	226.847	1	501282	1	1.09111e+06	1	937419	1	1419	1	0.00316228	273.25	301.462
282	226.847	1	501282	1	1.09111e+06	1	937419	1	1419	1	0.01	273.25	301.462
282	226.847	1	501282	1	1.09111e+06	1	937419	1	1419	1	0.0316228	273.251	301.462
282	226.847	1	501282	1	1.09111e+06	1	937419	1	1419	1	0.1	273.254	301.463
282	226.847	1	501282	1	1.09111e+06	1	937419	1	1419	1	0.316228	273.264	301.466
282	226.847	1	501282	1	1.09111e+06	1	937419	1	1419	1	1	273.297	301.477
282	226.847	1	501282	1	1.09111e+06	1	937419	1	1419	1	3.16228	273.398	301.509
282	226.847	1	501282	1	1.09111e+06	1	937419	1	1419	1	10	273.707	301.606
282	226.847	1	501282	1	1.09111e+06	1	937419	1	1419	1	31.6228	274.577	301.884
282	226.847	1	501282	1	1.09111e+06	1	937419	1	1419	1	100	276.76	302.634
283	84.7696	1	901804	1	620132	1	653242	1	1541.61	1	0	273.249	301.462
283	84.7696	1	901804	1	620132	1	653242	1	1541.61	1	0.001	273.25	301.462
283	84.7696	1	901804	1	620132	1	653242	1	1541.61	1	0.00316228	273.25	301.462
283	84.7696	1	901804	1	620132	1	653242	1	1541.61	1	0.01	273.251	301.462
283	84.7696	1	901804	1	620132	1	653242	1	1541.61	1	0.0316228	273.253	301.463
283	84.7696	1	901804	1	620132	1	653242	1	1541.61	1	0.1	273.262	301.465
283	84.7696	1	901804	1	620132	1	653242	1	1541.61	1	0.316228	273.289	301.474
283	84.7696	1	901804	1	620132	1	653242	1	1541.61	1	1	273.374	301.499
283	84.7696	1	901804	1	620132	1	653242	1	1541.61	1	3.16228	273.634	301.579
283	84.7696	1	901804	1	620132	1	653242	1	1541.61	1	10	274.378	301.806
283	84.7696	1	901804	1	620132	1	653242	1	1541.61	1	31.6228	276.291	302.42
283	84.7696	1	901804	1	620132	1	653242	1	1541.61	1	100	279.255	303.594
284	341.176	1	1.35936e+06	1	1.80785e+06	1	1.49239e+06	1	984.149	1	0	273.249	301.462
284	341.176	1	1.35936e+06	1	1.80785e+06	1	1.49239e+06	1	984.149	1	0.001	273.249	301.462
284	341.176	1	1.35936e+06	1	1.80785e+06	1	1.49239e+06	1	984.149	1	0.00316228	273.25	301.462
284	341.176	1	1.35936e+06	1	1.80785e+06	1	1.49239e+06	1	984.149	1	0.01	273.25	301.462
284	341.176	1	1.35936e+06	1	1.80785e+06	1	1.49239e+06	1	984.149	1	0.0316228	273.25	301.462
284	341.176	1	1.35936e+06	1	1.80785e+06	1	1.49239e+06	1	984.149	1	0.1	273.253	301.463
284	341.176	1	1.35936e+06	1	1.80785e+06	1	1.49239e+06	1	984.149	1	0.316228	273.26	301.465
284	341.176	1	1.35936e+06	1	1.80785e+06	1	1.49239e+06	1	984.149	1	1	273.282	301.473
284	341.176	1	1.35936e+06	1	1.80785e+06	1	1.49239e+06	1	984.149	1	3.16228	273.352	301.496
284	341.176	1	1.35936e+06	1	1.80785e+06	1	1.49239e+06	1	984.149	1	10	273.566	301.569
284	341.176	1	1.35936e+06	1	1.80785e+06	1	1.49239e+06	1	984.149	1	31.6228	274.194	301.783
284	341.176	1	1.35936e+06	1	1.80785e+06	1	1.49239e+06	1	984.149	1	100	275.866	302.38
285	217.66	1	266738	1	938725	1	524746	1	1165.01	1	0	273.249	301.462
285	217.66	1	266738	1	938725	1	524746	1	1165.01	1	0.001	273.249	301.462
285	217.66	1	266738	1	938725	1	524746	1	1165.01	1	0.00316228	273.25	301.462
285	217.66	1	266738	1	938725	1	524746	1	1165.01	1	0.01	273.25	301.462
285	217.66	1	266738	1	938725	1	524746	1	1165.01	1	0.0316228	273.251	301.462
285	217.66	1	266738	1	938725	1	524746	1	1165.01	1	0.1	273.254	301.463
285	217.66	1	266738	1	938725	1	524746	1	1165.01	1	0.316228	273.265	301.467
285	217.66	1	266738	1	938725	1	524746	1	1165.01	1	1	273.299	301.477
285	217.66	1	266738	1	938725	1	524746	1	1165.01	1	3.16228	273.405	301.511
285	217.66	1	266738	1	938725	1	524746	1	1165.01	1	10	273.727	301.614
285	217.66	1	266738	1	938725	1	524746	1	1165.01	1	31.6228	274.631	301.905
285	217.66	1	266738	1	938725	1	524746	1	1165.01	1	100	276.879	302.688
286	212.565	1	750323	1	827128	1	908956	1	1480.63	1	0	273.249	301.462
286	212.565	1	750323	1	827128	1	908956	1	1480.63	1	0.001	273.249	301.462
286	212.565	1	750323	1	827128	1	908956	1	1480.63	1	0.00316228	273.25	301.462
286	212.565	1	750323	1	827128	1	908956	1	1480.63	1	0.01	273.25	301.462
286	212.565	1	750323	1	827128	1	908956	1	1480.63	1	0.0316228	273.251	301.462
286	212.565	1	750323	1	827128	1	908956	1	1480.63	1	0.1	273.255	301.463
286	212.565	1	750323	1	827128	1	908956	1	1480.63	1	0.316228	273.265	301.467
286	212.565	1	750323	1	827128	1	908956	1	1480.63	1	1	273.3	301.477
286	212.565	1	750323	1	827128	1	908956	1	1480.63	1	3.16228	273.408	301.511
286	212.565	1	750323	1	827128	1	908956	1	1480.63	1	10	273.736	301.615
286	212.565	1	750323	1	827128	1	908956	1	1480.63	1	31.6228	274.657	301.909
286	212.565	1	750323	1	827128	1	908956	1	1480.63	1	100	276.929	302.69
287	236.841	1	800979	1	839599	1	1.27701e+06	1	1649.48	1	0	273.249	301.462
287	236.841	1	800979	1	839599	1	1.27701e+06	1	1649.48	1	0.001	273.249	301.462
287	236.841	1	800979	1	839599	1	1.27701e+06	1	1649.48	1	0.00316228	273.25	301.462
287	236.841	1	800979	1	839599	1	1.27701e+06	1	1649.48	1	0.01	273.25	301.462
287	236.841	1	800979	1	839599	1	1.27701e+06	1	1649.48	1	0.0316228	273.251	301.462
287	236.841	1	800979	1	839599	1	1.27701e+06	1	1649.48	1	0.1	273.254	301.463
287	236.841	1	800979	1	839599	1	1.27701e+06	1	1649.48	1	0.316228	273.264	301.466
287	236.841	1	800979	1	839599	1	1.27701e+06	1	1649.48	1	1	273.295	301.476
287	236.841	1	800979	1	839599	1	1.27701e+06	1	1649.48	1	3.16228	273.392	301.506
287	236.841	1	800979	1	839599	1	1.27701e+06	1	1649.48	1	10	273.688	301.6
287	236.841	1	800979	1	839599	1	1.27701e+06	1	1649.48	1	31.6228	274.525	301.866
287	236.841	1	800979	1	839599	1	1.27701e+06	1	1649.48	1	100	276.643	302.586
288	167.422	1	1.09555e+06	1	486431	1	2.13739e+06	1	1357.48	1	0	273.249	301.462
288	167.422	1	1.09555e+06	1	486431	1	2.13739e+06	1	1357.48	1	0.001	273.249	301.462
288	167.422	1	1.09555e+06	1	486431	1	2.13739e+06	1	1357.48	1	0.00316228	273.25	301.462
288	167.422	1	1.09555e+06	1	486431	1	2.13739e+06	1	1357.48	1	0.01	273.25	301.462
288	167.422	1	1.09555e+06	1	486431	1	2.13739e+06	1	1357.48	1	0.0316228	273.251	301.462
288	167.422	1	1.09555e+06	1	486431	1	2.13739e+06	1	1357.48	1	0.1	273.256	301.464
288	167.422	1	1.09555e+06	1	486431	1	2.13739e+06	1	1357.48	1	0.316228	273.27	301.468
288	167.422	1	1.09555e+06	1	486431	1	2.13739e+06	1	1357.48	1	1	273.313	301.482
288	167.422	1	1.09555e+06	1	486431	1	2.13739e+06	1	1357.48	1	3.16228	273.449	301.524
288	167.422	1	1.09555e+06	1	486431	1	2.13739e+06	1	1357.48	1	10	273.858	301.652
288	167.422	1	1.09555e+06	1	486431	1	2.13739e+06	1	1357.48	1	31.6228	274.994	302.016
288	167.422	1	1.09555e+06	1	486431	1	2.13739e+06	1	1357.48	1	100	277.584	302.915
289	121.386	1	1.39202e+06	1	554076	1	815988	1	973.506	1	0	273.249	301.462
289	121.386	1	1.39202e+06	1	554076	1	815988	1	973.506	1	0.001	273.25	301.462
289	121.386	1	1.39202e+06	1	554076	1	815988	1	973.506	1	0.00316228	273.25	301.462
289	121.386	1	1.39202e+06	1	554076	1	815988	1	973.506	1	0.01	273.25	301.462
289	121.386	1	1.39202e+06	1	554076	1	815988	1	973.506	1	0.0316228	273.252	301.462
289	121.386	1	1.39202e+06	1	554076	1	815988	1	973.506	1	0.1	273.258	301.464
289	121.386	1	1.39202e+06	1	554076	1	815988	1	973.506	1	0.316228	273.277	301.47
289	121.386	1	1.39202e+06	1	554076	1	815988	1	973.506	1	1	273.338	301.489
289	121.386	1	1.39202e+06	1	554076	1	815988	1	973.506	1	3.16228	273.524	301.547
289	121.386	1	1.39202e+06	1	554076	1	815988	1	973.506	1	10	274.072	301.72
289	121.386	1	1.39202e+06	1	554076	1	815988	1	973.506	1	31.6228	275.553	302.202
289	121.386	1	1.39202e+06	1	554076	1	815988	1	973.506	1	100	278.487	303.293
290	100.604	1	2.27928e+06	1	723826	1	2.15074e+06	1	2562.17	1	0	273.249	301.462
290	100.604	1	2.27928e+06	1	723826	1	2.15074e+06	1	2562.17	1	0.001	273.25	301.462
290	100.604	1	2.27928e+06	1	723826	1	2.15074e+06	1	2562.17	1	0.00316228	273.25	301.462
290	100.604	1	2.27928e+06	1	723826	1	2.15074e+06	1	2562.17	1	0.01	273.25	301.462
290	100.604	1	2.27928e+06	1	723826	1	2.15074e+06	1	2562.17	1	0.0316228	273.253	301.463
290	100.604	1	2.27928e+06	1	723826	1	2.15074e+06	1	2562.17	1	0.1	273.26	301.465
290	100.604	1	2.27928e+06	1	723826	1	2.15074e+06	1	2562.17	1	0.316228	273.283	301.472
290	100.604	1	2.27928e+06	1	723826	1	2.15074e+06	1	2562.17	1	1	273.354	301.493
290	100.604	1	2.27928e+06	1	723826	1	2.15074e+06	1	2562.17	1	3.16228	273.574	301.56
290	100.604	1	2.27928e+06	1	723826	1	2.15074e+06	1	2562.17	1	10	274.214	301.753
290	100.604	1	2.27928e+06	1	723826	1	2.15074e+06	1	2562.17	1	31.6228	275.894	302.281
290	100.604	1	2.27928e+06	1	723826	1	2.15074e+06	1	2562.17	1	100	278.949	303.382
291	206.209	1	644499	1	869830	1	532449	1	1981.14	1	0	273.249	301.462
291	206.209	1	644499	1	869830	1	532449	1	1981.14	1	0.001	273.249	301.462
291	206.209	1	644499	1	869830	1	532449	1	1981.14	1	0.00316228	273.25	301.462
291	206.209	1	644499	1	869830	1	532449	1	1981.14	1	0.01	273.25	301.462
291	206.209	1	644499	1	869830	1	532449	1	1981.14	1	0.0316228	273.251	301.462
291	206.209	1	644499	1	869830	1	532449	1	1981.14	1	0.1	273.255	301.463
291	206.209	1	644499	1	869830	1	532449	1	1981.14	1	0.316228	273.266	301.467
291	206.209	1	644499	1	869830	1	532449	1	1981.14	1	1	273.301	301.478
291	206.209	1	644499	1	869830	1	532449	1	1981.14	1	3.16228	273.412	301.512
291	206.209	1	644499	1	869830	1	532449	1	1981.14	1	10	273.748	301.617
291	206.209	1	644499	1	869830	1	532449	1	1981.14	1	31.6228	274.69	301.913
291	206.209	1	644499	1	869830	1	532449	1	1981.14	1	100	276.993	302.693
292	214.66	1	1.23437e+06	1	1.11271e+06	1	1.59457e+06	1	759.807	1	0	273.249	301.462
292	214.66	1	1.23437e+06	1	1.11271e+06	1	1.59457e+06	1	759.807	1	0.001	273.249	301.462
292	214.66	1	1.23437e+06	1	1.11271e+06	1	1.59457e+06	1	759.807	1	0.00316228	273.25	301.462
292	214.66	1	1.23437e+06	1	1.11271e+06	1	1.59457e+06	1	759.807	1	0.01	273.25	301.462
292	214.66	1	1.23437e+06	1	1.11271e+06	1	1.59457e+06	1	759.807	1	0.0316228	273.251	301.462
292	214.66	1	1.23437e+06	1	1.11271e+06	1	1.59457e+06	1	759.807	1	0.1	273.255	301.463
292	214.66	1	1.23437e+06	1	1.11271e+06	1	1.59457e+06	1	759.807	1	0.316228	273.266	301.467
292	214.66	1	1.23437e+06	1	1.11271e+06	1	1.59457e+06	1	759.807	1	1	273.301	301.478
292	214.66	1	1.23437e+06	1	1.11271e+06	1	1.59457e+06	1	759.807	1	3.16228	273.409	301.514
292	214.66	1	1.23437e+06	1	1.11271e+06	1	1.59457e+06	1	759.807	1	10	273.74	301.624
292	214.66	1	1.23437e+06	1	1.11271e+06	1	1.59457e+06	1	759.807	1	31.6228	274.671	301.937
292	214.66	1	1.23437e+06	1	1.11271e+06	1	1.59457e+06	1	759.807	1	100	276.976	302.777
293	198.362	1	1.02198e+06	1	1.84033e+06	1	3.81284e+06	1	1868.92	1	0	273.249	301.462
293	198.362	1	1.02198e+06	1	1.84033e+06	1	3.81284e+06	1	1868.92	1	0.001	273.249	301.462
293	198.362	1	1.02198e+06	1	1.84033e+06	1	3.81284e+06	1	1868.92	1	0.00316228	273.25	301.462
293	198.362	1	1.02198e+06	1	1.84033e+06	1	3.81284e+06	1	1868.92	1	0.01	273.25	301.462
293	198.362	1	1.02198e+06	1	1.84033e+06	1	3.81284e+06	1	1868.92	1	0.0316228	273.251	301.462
293	198.362	1	1.02198e+06	1	1.84033e+06	1	3.81284e+06	1	1868.92	1	0.1	273.255	301.463
293	198.362	1	1.02198e+06	1	1.84033e+06	1	3.81284e+06	1	1868.92	1	0.316228	273.267	301.467
293	198.362	1	1.02198e+06	1	1.84033e+06	1	3.81284e+06	1	1868.92	1	1	273.303	301.478
293	198.362	1	1.02198e+06	1	1.84033e+06	1	3.81284e+06	1	1868.92	1	3.16228	273.418	301.514
293	198.362	1	1.02198e+06	1	1.84033e+06	1	3.81284e+06	1	1868.92	1	10	273.766	301.621
293	198.362	1	1.02198e+06	1	1.84033e+06	1	3.81284e+06	1	1868.92	1	31.6228	274.74	301.927
293	198.362	1	1.02198e+06	1	1.84033e+06	1	3.81284e+06	1	1868.92	1	100	277.089	302.721
294	146.975	1	541635	1	922134	1	259865	1	1470.94	1	0	273.249	301.462
294	146.975	1	541635	1	922134	1	259865	1	1470.94	1	0.001	273.249	301.462
294	146.975	1	541635	1	922134	1	259865	1	1470.94	1	0.00316228	273.25	301.462
294	146.975	1	541635	1	922134	1	259865	1	1470.94	1	0.01	273.25	301.462
294	146.975	1	541635	1	922134	1	259865	1	1470.94	1	0.0316228	273.252	301.462
294	146.975	1	541635	1	922134	1	259865	1	1470.94	1	0.1	273.257	301.464
294	146.975	1	541635	1	922134	1	259865	1	1470.94	1	0.316228	273.273	301.469
294	146.975	1	541635	1	922134	1	259865	1	1470.94	1	1	273.322	301.484
294	146.975	1	541635	1	922134	1	259865	1	1470.94	1	3.16228	273.476	301.532
294	146.975	1	541635	1	922134	1	259865	1	1470.94	1	10	273.936	301.676
294	146.975	1	541635	1	922134	1	259865	1	1470.94	1	31.6228	275.204	302.082
294	146.975	1	541635	1	922134	1	259865	1	1470.94	1	100	277.942	303.052
295	108.762	1	2.10303e+06	1	1.76912e+06	1	563947	1	2691.54	1	0	273.249	301.462
295	108.762	1	2.10303e+06	1	1.76912e+06	1	563947	1	2691.54	1	0.001	273.25	301.462
295	108.762	1	2.10303e+06	1	1.76912e+06	1	563947	1	2691.54	1	0.00316228	273.25	301.462
295	108.762	1	2.10303e+06	1	1.76912e+06	1	563947	1	2691.54	1	0.01	273.25	301.462
295	108.762	1	2.10303e+06	1	1.76912e+06	1	563947	1	2691.54	1	0.0316228	273.253	301.463
295	108.762	1	2.10303e+06	1	1.76912e+06	1	563947	1	2691.54	1	0.1	273.259	301.465
295	108.762	1	2.10303e+06	1	1.76912e+06	1	563947	1	2691.54	1	0.316228	273.28	301.471
295	108.762	1	2.10303e+06	1	1.76912e+06	1	563947	1	2691.54	1	1	273.347	301.491
295	108.762	1	2.10303e+06	1	1.76912e+06	1	563947	1	2691.54	1	3.16228	273.551	301.553
295	108.762	1	2.10303e+06	1	1.76912e+06	1	563947	1	2691.54	1	10	274.149	301.734
295	108.762	1	2.10303e+06	1	1.76912e+06	1	563947	1	2691.54	1	31.6228	275.737	302.233
295	108.762	1	2.10303e+06	1	1.76912e+06	1	563947	1	2691.54	1	100	278.735	303.303
296	150.848	1	267525	1	1.21789e+06	1	824261	1	2029.47	1	0	273.249	301.462
296	150.848	1	267525	1	1.21789e+06	1	824261	1	2029.47	1	0.001	273.249	301.462
296	150.848	1	267525	1	1.21789e+06	1	824261	1	2029.47	1	0.00316228	273.25	301.462
296	150.848	1	267525	1	1.21789e+06	1	824261	1	2029.47	1	0.01	273.25	301.462
296	150.848	1	267525	1	1.21789e+06	1	824261	1	2029.47	1	0.0316228	273.252	301.462
296	150.848	1	267525	1	1.21789e+06	1	824261	1	2029.47	1	0.1	273.257	301.464
296	150.848	1	267525	1	1.21789e+06	1	824261	1	2029.47	1	0.316228	273.272	301.468
296	150.848	1	267525	1	1.21789e+06	1	824261	1	2029.47	1	1	273.32	301.483
296	150.848	1	267525	1	1.21789e+06	1	824261	1	2029.47	1	3.16228	273.469	301.528
296	150.848	1	267525	1	1.21789e+06	1	824261	1	2029.47	1	10	273.914	301.664
296	150.848	1	267525	1	1.21789e+06	1	824261	1	2029.47	1	31.6228	275.142	302.048
296	150.848	1	267525	1	1.21789e+06	1	824261	1	2029.47	1	100	277.817	302.961
297	95.8557	1	487044	1	936697	1	910796	1	1102.55	1	0	273.249	301.462
297	95.8557	1	487044	1	936697	1	910796	1	1102.55	1	0.001	273.25	301.462
297	95.8557	1	487044	1	936697	1	910796	1	1102.55	1	0.00316228	273.25	301.462
297	95.8557	1	487044	1	936697	1	910796	1	1102.55	1	0.01	273.251	301.462
297	95.8557	1	487044	1	936697	1	910796	1	1102.55	1	0.0316228	273.253	301.463
297	95.8557	1	487044	1	936697	1	910796	1	1102.55	1	0.1	273.261	301.465
297	95.8557	1	487044	1	936697	1	910796	1	1102.55	1	0.316228	273.285	301.472
297	95.8557	1	487044	1	936697	1	910796	1	1102.55	1	1	273.36	301.496
297	95.8557	1	487044	1	936697	1	910796	1	1102.55	1	3.16228	273.592	301.567
297	95.8557	1	487044	1	936697	1	910796	1	1102.55	1	10	274.264	301.774
297	95.8557	1	487044	1	936697	1	910796	1	1102.55	1	31.6228	276.015	302.338
297	95.8557	1	487044	1	936697	1	910796	1	1102.55	1	100	279.071	303.506
298	206.56	1	535940	1	961586	1	1.09354e+06	1	1668.82	1	0	273.249	301.462
298	206.56	1	535940	1	961586	1	1.09354e+06	1	1668.82	1	0.001	273.249	301.462
298	206.56	1	535940	1	961586	1	1.09354e+06	1	1668.82	1	0.00316228	273.25	301.462
298	206.56	1	535940	1	961586	1	1.09354e+06	1	1668.82	1	0.01	273.25	301.462
298	206.56	1	535940	1	961586	1	1.09354e+06	1	1668.82	1	0.0316228	273.251	301.462
298	206.56	1	535940	1	961586	1	1.09354e+06	1	1668.82	1	0.1	273.255	301.463
298	206.56	1	535940	1	961586	1	1.09354e+06	1	1668.82	1	0.316228	273.266	301.467
298	206.56	1	535940	1	961586	1	1.09354e+06	1	1668.82	1	1	273.301	301.478
298	206.56	1	535940	1	961586	1	1.09354e+06	1	1668.82	1	3.16228	273.412	301.512
298	206.56	1	535940	1	961586	1	1.09354e+06	1	1668.82	1	10	273.747	301.617
298	206.56	1	535940	1	961586	1	1.09354e+06	1	1668.82	1	31.6228	274.689	301.914
298	206.56	1	535940	1	961586	1	1.09354e+06	1	1668.82	1	100	276.99	302.697
299	176.723	1	594429	1	1.61975e+06	1	1.11829e+06	1	1154.52	1	0	273.249	301.462
299	176.723	1	594429	1	1.61975e+06	1	1.11829e+06	1	1154.52	1	0.001	273.249	301.462
299	176.723	1	594429	1	1.61975e+06	1	1.11829e+06	1	1154.52	1	0.00316228	273.25	301.462
299	176.723	1	594429	1	1.61975e+06	1	1.11829e+06	1	1154.52	1	0.01	273.25	301.462
299	176.723	1	594429	1	1.61975e+06	1	1.11829e+06	1	1154.52	1	0.0316228	273.251	301.462
299	176.723	1	594429	1	1.61975e+06	1	1.11829e+06	1	1154.52	1	0.1	273.256	301.463
299	176.723	1	594429	1	1.61975e+06	1	1.11829e+06	1	1154.52	1	0.316228	273.269	301.468
299	176.723	1	594429	1	1.61975e+06	1	1.11829e+06	1	1154.52	1	1	273.31	301.481
299	176.723	1	594429	1	1.61975e+06	1	1.11829e+06	1	1154.52	1	3.16228	273.44	301.521
299	176.723	1	594429	1	1.61975e+06	1	1.11829e+06	1	1154.52	1	10	273.829	301.645
299	176.723	1	594429	1	1.61975e+06	1	1.11829e+06	1	1154.52	1	31.6228	274.917	301.995
299	176.723	1	594429	1	1.61975e+06	1	1.11829e+06	1	1154.52	1	100	277.442	302.878
300	122.313	1	1.82877e+06	1	1.22268e+06	1	1.3103e+06	1	1446.81	1	0	273.249	301.462
300	122.313	1	1.82877e+06	1	1.22268e+06	1	1.3103e+06	1	1446.81	1	0.001	273.25	301.462
300	122.313	1	1.82877e+06	1	1.22268e+06	1	1.3103e+06	1	1446.81	1	0.00316228	273.25	301.462
300	122.313	1	1.82877e+06	1	1.22268e+06	1	1.3103e+06	1	1446.81	1	0.01	273.25	301.462
300	122.313	1	1.82877e+06	1	1.22268e+06	1	1.3103e+06	1	1446.81	1	0.0316228	273.252	301.462
300	122.313	1	1.82877e+06	1	1.22268e+06	1	1.3103e+06	1	1446.81	1	0.1	273.258	301.464
300	122.313	1	1.82877e+06	1	1.22268e+06	1	1.3103e+06	1	1446.81	1	0.316228	273.277	301.47
300	122.313	1	1.82877e+06	1	1.22268e+06	1	1.3103e+06	1	1446.81	1	1	273.336	301.488
300	122.313	1	1.82877e+06	1	1.22268e+06	1	1.3103e+06	1	1446.81	1	3.16228	273.52	301.545
300	122.313	1	1.82877e+06	1	1.22268e+06	1	1.3103e+06	1	1446.81	1	10	274.061	301.712
300	122.313	1	1.82877e+06	1	1.22268e+06	1	1.3103e+06	1	1446.81	1	31.6228	275.523	302.178
300	122.313	1	1.82877e+06	1	1.22268e+06	1	1.3103e+06	1	1446.81	1	100	278.43	303.226
301	115.38	1	3.75038e+06	1	2.09549e+06	1	971320	1	881.74	1	0	273.249	301.462
301	115.38	1	3.75038e+06	1	2.09549e+06	1	971320	1	881.74	1	0.001	273.25	301.462
301	115.38	1	3.75038e+06	1	2.09549e+06	1	971320	1	881.74	1	0.00316228	273.25	301.462
301	115.38	1	3.75038e+06	1	2.09549e+06	1	971320	1	881.74	1	0.01	273.25	301.462
301	115.38	1	3.75038e+06	1	2.09549e+06	1	971320	1	881.74	1	0.0316228	273.252	301.462
301	115.38	1	3.75038e+06	1	2.09549e+06	1	971320	1	881.74	1	0.1	273.259	301.464
301	115.38	1	3.75038e+06	1	2.09549e+06	1	971320	1	881.74	1	0.316228	273.279	301.471
301	115.38	1	3.75038e+06	1	2.09549e+06	1	971320	1	881.74	1	1	273.342	301.491
301	115.38	1	3.75038e+06	1	2.09549e+06	1	971320	1	881.74	1	3.16228	273.538	301.552
301	115.38	1	3.75038e+06	1	2.09549e+06	1	971320	1	881.74	1	10	274.112	301.733
301	115.38	1	3.75038e+06	1	2.09549e+06	1	971320	1	881.74	1	31.6228	275.653	302.236
301	115.38	1	3.75038e+06	1	2.09549e+06	1	971320	1	881.74	1	100	278.633	303.359
302	276.659	1	1.26479e+06	1	781087	1	900388	1	2099.55	1	0	273.249	301.462
302	276.659	1	1.26479e+06	1	781087	1	900388	1	2099.55	1	0.001	273.249	301.462
302	276.659	1	1.26479e+06	1	781087	1	900388	1	2099.55	1	0.00316228	273.25	301.462
302	276.659	1	1.26479e+06	1	781087	1	900388	1	2099.55	1	0.01	273.25	301.462
302	276.659	1	1.26479e+06	1	781087	1	900388	1	2099.55	1	0.0316228	273.251	301.462
302	276.659	1	1.26479e+06	1	781087	1	900388	1	2099.55	1	0.1	273.253	301.463
302	276.659	1	1.26479e+06	1	781087	1	900388	1	2099.55	1	0.316228	273.262	301.465
302	276.659	1	1.26479e+06	1	781087	1	900388	1	2099.55	1	1	273.288	301.474
302	276.659	1	1.26479e+06	1	781087	1	900388	1	2099.55	1	3.16228	273.372	301.5
302	276.659	1	1.26479e+06	1	781087	1	900388	1	2099.55	1	10	273.627	301.58
302	276.659	1	1.26479e+06	1	781087	1	900388	1	2099.55	1	31.6228	274.36	301.813
302	276.659	1	1.26479e+06	1	781087	1	900388	1	2099.55	1	100	276.256	302.447
303	112.756	1	3.19553e+06	1	1.11958e+06	1	608476	1	1025.63	1	0	273.249	301.462
303	112.756	1	3.19553e+06	1	1.11958e+06	1	608476	1	1025.63	1	0.001	273.25	301.462
303	112.756	1	3.19553e+06	1	1.11958e+06	1	608476	1	1025.63	1	0.00316228	273.25	301.462
303	112.756	1	3.19553e+06	1	1.11958e+06	1	608476	1	1025.63	1	0.01	273.25	301.462
303	112.756	1	3.19553e+06	1	1.11958e+06	1	608476	1	1025.63	1	0.0316228	273.252	301.463
303	112.756	1	3.19553e+06	1	1.11958e+06	1	608476	1	1025.63	1	0.1	273.259	301.465
303	112.756	1	3.19553e+06	1	1.11958e+06	1	608476	1	1025.63	1	0.316228	273.28	301.471
303	112.756	1	3.19553e+06	1	1.11958e+06	1	608476	1	1025.63	1	1	273.344	301.491
303	112.756	1	3.19553e+06	1	1.11958e+06	1	608476	1	1025.63	1	3.16228	273.544	301.553
303	112.756	1	3.19553e+06	1	1.11958e+06	1	608476	1	1025.63	1	10	274.128	301.736
303	112.756	1	3.19553e+06	1	1.11958e+06	1	608476	1	1025.63	1	31.6228	275.692	302.244
303	112.756	1	3.19553e+06	1	1.11958e+06	1	608476	1	1025.63	1	100	278.689	303.365
304	237.939	1	556515	1	1.28404e+06	1	1.0623e+06	1	1931.92	1	0	273.249	301.462
304	237.939	1	556515	1	1.28404e+06	1	1.0623e+06	1	1931.92	1	0.001	273.249	301.462
304	237.939	1	556515	1	1.28404e+06	1	1.0623e+06	1	1931.92	1	0.00316228	273.25	301.462
304	237.939	1	556515	1	1.28404e+06	1	1.0623e+06	1	1931.92	1	0.01	273.25	301.462
304	237.939	1	556515	1	1.28404e+06	1	1.0623e+06	1	1931.92	1	0.0316228	273.251	301.462
304	237.939	1	556515	1	1.28404e+06	1	1.0623e+06	1	1931.92	1	0.1	273.254	301.463
304	237.939	1	556515	1	1.28404e+06	1	1.0623e+06	1	1931.92	1	0.316228	273.264	301.466
304	237.939	1	556515	1	1.28404e+06	1	1.0623e+06	1	1931.92	1	1	273.295	301.476
304	237.939	1	556515	1	1.28404e+06	1	1.0623e+06	1	1931.92	1	3.16228	273.391	301.506
304	237.939	1	556515	1	1.28404e+06	1	1.0623e+06	1	1931.92	1	10	273.684	301.597
304	237.939	1	556515	1	1.28404e+06	1	1.0623e+06	1	1931.92	1	31.6228	274.515	301.858
304	237.939	1	556515	1	1.28404e+06	1	1.0623e+06	1	1931.92	1	100	276.617	302.563
305	143.518	1	1.7096e+06	1	404492	1	735456	1	4007.62	1	0	273.249	301.462
305	143.518	1	1.7096e+06	1	404492	1	735456	1	4007.62	1	0.001	273.249	301.462
305	143.518	1	1.7096e+06	1	404492	1	735456	1	4007.62	1	0.00316228	273.25	301.462
305	143.518	1	1.7096e+06	1	404492	1	735456	1	4007.62	1	0.01	273.25	301.462
305	143.518	1	1.7096e+06	1	404492	1	735456	1	4007.62	1	0.0316228	273.252	301.462
305	143.518	1	1.7096e+06	1	404492	1	735456	1	4007.62	1	0.1	273.257	301.464
305	143.518	1	1.7096e+06	1	404492	1	735456	1	4007.62	1	0.316228	273.273	301.469
305	143.518	1	1.7096e+06	1	404492	1	735456	1	4007.62	1	1	273.323	301.484
305	143.518	1	1.7096e+06	1	404492	1	735456	1	4007.62	1	3.16228	273.48	301.531
305	143.518	1	1.7096e+06	1	404492	1	735456	1	4007.62	1	10	273.945	301.672
305	143.518	1	1.7096e+06	1	404492	1	735456	1	4007.62	1	31.6228	275.223	302.07
305	143.518	1	1.7096e+06	1	404492	1	735456	1	4007.62	1	100	277.952	302.998
306	114.822	1	923537	1	456912	1	1.04989e+06	1	911.363	1	0	273.249	301.462
306	114.822	1	923537	1	456912	1	1.04989e+06	1	911.363	1	0.001	273.25	301.462
306	114.822	1	923537	1	456912	1	1.04989e+06	1	911.363	1	0.00316228	273.25	301.462
306	114.822	1	923537	1	456912	1	1.04989e+06	1	911.363	1	0.01	273.25	301.462
306	114.822	1	923537	1	456912	1	1.04989e+06	1	911.363	1	0.0316228	273.252	301.462
306	114.822	1	923537	1	456912	1	1.04989e+06	1	911.363	1	0.1	273.259	301.464
306	114.822	1	923537	1	456912	1	1.04989e+06	1	911.363	1	0.316228	273.279	301.471
306	114.822	1	923537	1	456912	1	1.04989e+06	1	911.363	1	1	273.343	301.491
306	114.822	1	923537	1	456912	1	1.04989e+06	1	911.363	1	3.16228	273.539	301.552
306	114.822	1	923537	1	456912	1	1.04989e+06	1	911.363	1	10	274.115	301.733
306	114.822	1	923537	1	456912	1	1.04989e+06	1	911.363	1	31.6228	275.66	302.238
306	114.822	1	923537	1	456912	1	1.04989e+06	1	911.363	1	100	278.643	303.359
307	147.648	1	508264	1	953614	1	998401	1	1310.91	1	0	273.249	301.462
307	147.648	1	508264	1	953614	1	998401	1	1310.91	1	0.001	273.249	301.462
307	147.648	1	508264	1	953614	1	998401	1	1310.91	1	0.00316228	273.25	301.462
307	147.648	1	508264	1	953614	1	998401	1	1310.91	1	0.01	273.25	301.462
307	147.648	1	508264	1	953614	1	998401	1	1310.91	1	0.0316228	273.252	301.462
307	147.648	1	508264	1	953614	1	998401	1	1310.91	1	0.1	273.257	301.464
307	147.648	1	508264	1	953614	1	998401	1	1310.91	1	0.316228	273.272	301.469
307	147.648	1	508264	1	953614	1	998401	1	1310.91	1	1	273.322	301.484
307	147.648	1	508264	1	953614	1	998401	1	1310.91	1	3.16228	273.475	301.532
307	147.648	1	508264	1	953614	1	998401	1	1310.91	1	10	273.933	301.674
307	147.648	1	508264	1	953614	1	998401	1	1310.91	1	31.6228	275.193	302.077
307	147.648	1	508264	1	953614	1	998401	1	1310.91	1	100	277.916	303.037
308	172.913	1	633057	1	852100	1	1.16295e+06	1	999.071	1	0	273.249	301.462
308	172.913	1	633057	1	852100	1	1.16295e+06	1	999.071	1	0.001	273.249	301.462
308	172.913	1	633057	1	852100	1	1.16295e+06	1	999.071	1	0.00316228	273.25	301.462
308	172.913	1	633057	1	852100	1	1.16295e+06	1	999.071	1	0.01	273.25	301.462
308	172.913	1	633057	1	852100	1	1.16295e+06	1	999.071	1	0.0316228	273.251	301.462
308	172.913	1	633057	1	852100	1	1.16295e+06	1	999.071	1	0.1	273.256	301.464
308	172.913	1	633057	1	852100	1	1.16295e+06	1	999.071	1	0.316228	273.269	301.468
308	172.913	1	633057	1	852100	1	1.16295e+06	1	999.071	1	1	273.312	301.481
308	172.913	1	633057	1	852100	1	1.16295e+06	1	999.071	1	3.16228	273.444	301.523
308	172.913	1	633057	1	852100	1	1.16295e+06	1	999.071	1	10	273.843	301.651
308	172.913	1	633057	1	852100	1	1.16295e+06	1	999.071	1	31.6228	274.955	302.013
308	172.913	1	633057	1	852100	1	1.16295e+06	1	999.071	1	100	277.52	302.921
309	146.623	1	1.68597e+06	1	615297	1	1.01605e+06	1	1892.99	1	0	273.249	301.462
309	146.623	1	1.68597e+06	1	615297	1	1.01605e+06	1	1892.99	1	0.001	273.249	301.462
309	146.623	1	1.68597e+06	1	615297	1	1.01605e+06	1	1892.99	1	0.00316228	273.25	301.462
309	146.623	1	1.68597e+06	1	615297	1	1.01605e+06	1	1892.99	1	0.01	273.25	301.462
309	146.623	1	1.68597e+06	1	615297	1	1.01605e+06	1	1892.99	1	0.0316228	273.252	301.462
309	146.623	1	1.68597e+06	1	615297	1	1.01605e+06	1	1892.99	1	0.1	273.257	301.464
309	146.623	1	1.68597e+06	1	615297	1	1.01605e+06	1	1892.99	1	0.316228	273.273	301.469
309	146.623	1	1.68597e+06	1	615297	1	1.01605e+06	1	1892.99	1	1	273.322	301.484
309	146.623	1	1.68597e+06	1	615297	1	1.01605e+06	1	1892.99	1	3.16228	273.476	301.531
309	146.623	1	1.68597e+06	1	615297	1	1.01605e+06	1	1892.99	1	10	273.935	301.673
309	146.623	1	1.68597e+06	1	615297	1	1.01605e+06	1	1892.99	1	31.6228	275.198	302.072
309	146.623	1	1.68597e+06	1	615297	1	1.01605e+06	1	1892.99	1	100	277.92	303.018
310	75.1396	1	630915	1	1.86028e+06	1	1.4459e+06	1	2159.88	1	0	273.249	301.462
310	75.1396	1	630915	1	1.86028e+06	1	1.4459e+06	1	2159.88	1	0.001	273.25	301.462
310	75.1396	1	630915	1	1.86028e+06	1	1.4459e+06	1	2159.88	1	0.00316228	273.25	301.462
310	75.1396	1	630915	1	1.86028e+06	1	1.4459e+06	1	2159.88	1	0.01	273.251	301.462
310	75.1396	1	630915	1	1.86028e+06	1	1.4459e+06	1	2159.88	1	0.0316228	273.254	301.463
310	75.1396	1	630915	1	1.86028e+06	1	1.4459e+06	1	2159.88	1	0.1	273.264	301.466
310	75.1396	1	630915	1	1.86028e+06	1	1.4459e+06	1	2159.88	1	0.316228	273.294	301.475
310	75.1396	1	630915	1	1.86028e+06	1	1.4459e+06	1	2159.88	1	1	273.389	301.504
310	75.1396	1	630915	1	1.86028e+06	1	1.4459e+06	1	2159.88	1	3.16228	273.68	301.591
310	75.1396	1	630915	1	1.86028e+06	1	1.4459e+06	1	2159.88	1	10	274.501	301.839
310	75.1396	1	630915	1	1.86028e+06	1	1.4459e+06	1	2159.88	1	31.6228	276.573	302.502
310	75.1396	1	630915	1	1.86028e+06	1	1.4459e+06	1	2159.88	1	100	279.409	303.662
311	179.227	1	403878	1	1.04612e+06	1	494457	1	2552.68	1	0	273.249	301.462
311	179.227	1	403878	1	1.04612e+06	1	494457	1	2552.68	1	0.001	273.249	301.462
311	179.227	1	403878	1	1.04612e+06	1	494457	1	2552.68	1	0.00316228	273.25	301.462
311	179.227	1	403878	1	1.04612e+06	1	494457	1	2552.68	1	0.01	273.25	301.462
311	179.227	1	403878	1	1.04612e+06	1	494457	1	2552.68	1	0.0316228	273.251	301.462
311	179.227	1	403878	1	1.04612e+06	1	494457	1	2552.68	1	0.1	273.255	301.463
311	179.227	1	403878	1	1.04612e+06	1	494457	1	2552.68	1	0.316228	273.268	301.467
311	179.227	1	403878	1	1.04612e+06	1	494457	1	2552.68	1	1	273.309	301.48
311	179.227	1	403878	1	1.04612e+06	1	494457	1	2552.68	1	3.16228	273.435	301.518
311	179.227	1	403878	1	1.04612e+06	1	494457	1	2552.68	1	10	273.815	301.635
311	179.227	1	403878	1	1.04612e+06	1	494457	1	2552.68	1	31.6228	274.877	301.965
311	179.227	1	403878	1	1.04612e+06	1	494457	1	2552.68	1	100	277.351	302.793
312	189.937	1	2.57273e+06	1	2.93477e+06	1	2.15304e+06	1	1764.48	1	0	273.249	301.462
312	189.937	1	2.57273e+06	1	2.93477e+06	1	2.15304e+06	1	1764.48	1	0.001	273.249	301.462
312	189.937	1	2.57273e+06	1	2.93477e+06	1	2.15304e+06	1	1764.48	1	0.00316228	273.25	301.462
312	189.937	1	2.57273e+06	1	2.93477e+06	1	2.15304e+06	1	1764.48	1	0.01	273.25	301.462
312	189.937	1	2.57273e+06	1	2.93477e+06	1	2.15304e+06	1	1764.48	1	0.0316228	273.251	301.462
312	189.937	1	2.57273e+06	1	2.93477e+06	1	2.15304e+06	1	1764.48	1	0.1	273.255	301.463
312	189.937	1	2.57273e+06	1	2.93477e+06	1	2.15304e+06	1	1764.48	1	0.316228	273.267	301.467
312	189.937	1	2.57273e+06	1	2.93477e+06	1	2.15304e+06	1	1764.48	1	1	273.306	301.479
312	189.937	1	2.57273e+06	1	2.93477e+06	1	2.15304e+06	1	1764.48	1	3.16228	273.426	301.516
312	189.937	1	2.57273e+06	1	2.93477e+06	1	2.15304e+06	1	1764.48	1	10	273.788	301.629
312	189.937	1	2.57273e+06	1	2.93477e+06	1	2.15304e+06	1	1764.48	1	31.6228	274.802	301.949
312	189.937	1	2.57273e+06	1	2.93477e+06	1	2.15304e+06	1	1764.48	1	100	277.214	302.769
313	142.098	1	984174	1	538713	1	1.46898e+06	1	677.427	1	0	273.249	301.462
313	142.098	1	984174	1	538713	1	1.46898e+06	1	677.427	1	0.001	273.249	301.462
313	142.098	1	984174	1	538713	1	1.46898e+06	1	677.427	1	0.00316228	273.25	301.462
313	142.098	1	984174	1	538713	1	1.46898e+06	1	677.427	1	0.01	273.25	301.462
313	142.098	1	984174	1	538713	1	1.46898e+06	1	677.427	1	0.0316228	273.252	301.462
313	142.098	1	984174	1	538713	1	1.46898e+06	1	677.427	1	0.1	273.257	301.464
313	142.098	1	984174	1	538713	1	1.46898e+06	1	677.427	1	0.316228	273.274	301.469
313	142.098	1	984174	1	538713	1	1.46898e+06	1	677.427	1	1	273.326	301.486
313	142.098	1	984174	1	538713	1	1.46898e+06	1	677.427	1	3.16228	273.487	301.538
313	142.098	1	984174	1	538713	1	1.46898e+06	1	677.427	1	10	273.968	301.694
313	142.098	1	984174	1	538713	1	1.46898e+06	1	677.427	1	31.6228	275.289	302.136
313	142.098	1	984174	1	538713	1	1.46898e+06	1	677.427	1	100	278.092	303.188
314	105.19	1	1.2712e+06	1	249871	1	777476	1	1309.68	1	0	273.249	301.462
314	105.19	1	1.2712e+06	1	249871	1	777476	1	1309.68	1	0.001	273.25	301.462
314	105.19	1	1.2712e+06	1	249871	1	777476	1	1309.68	1	0.00316228	273.25	301.462
314	105.19	1	1.2712e+06	1	249871	1	777476	1	1309.68	1	0.01	273.25	301.462
314	105.19	1	1.2712e+06	1	249871	1	777476	1	1309.68	1	0.0316228	273.253	301.463
314	105.19	1	1.2712e+06	1	249871	1	777476	1	1309.68	1	0.1	273.26	301.465
314	105.19	1	1.2712e+06	1	249871	1	777476	1	1309.68	1	0.316228	273.282	301.471
314	105.19	1	1.2712e+06	1	249871	1	777476	1	1309.68	1	1	273.351	301.493
314	105.19	1	1.2712e+06	1	249871	1	777476	1	1309.68	1	3.16228	273.563	301.558
314	105.19	1	1.2712e+06	1	249871	1	777476	1	1309.68	1	10	274.182	301.75
314	105.19	1	1.2712e+06	1	249871	1	777476	1	1309.68	1	31.6228	275.822	302.277
314	105.19	1	1.2712e+06	1	249871	1	777476	1	1309.68	1	100	278.868	303.411
315	188.627	1	1.39675e+06	1	2.29055e+06	1	2.05991e+06	1	1736.15	1	0	273.249	301.462
315	188.627	1	1.39675e+06	1	2.29055e+06	1	2.05991e+06	1	1736.15	1	0.001	273.249	301.462
315	188.627	1	1.39675e+06	1	2.29055e+06	1	2.05991e+06	1	1736.15	1	0.00316228	273.25	301.462
315	188.627	1	1.39675e+06	1	2.29055e+06	1	2.05991e+06	1	1736.15	1	0.01	273.25	301.462
315	188.627	1	1.39675e+06	1	2.29055e+06	1	2.05991e+06	1	1736.15	1	0.0316228	273.251	301.462
315	188.627	1	1.39675e+06	1	2.29055e+06	1	2.05991e+06	1	1736.15	1	0.1	273.255	301.463
315	188.627	1	1.39675e+06	1	2.29055e+06	1	2.05991e+06	1	1736.15	1	0.316228	273.267	301.467
315	188.627	1	1.39675e+06	1	2.29055e+06	1	2.05991e+06	1	1736.15	1	1	273.306	301.479
315	188.627	1	1.39675e+06	1	2.29055e+06	1	2.05991e+06	1	1736.15	1	3.16228	273.427	301.517
315	188.627	1	1.39675e+06	1	2.29055e+06	1	2.05991e+06	1	1736.15	1	10	273.791	301.63
315	188.627	1	1.39675e+06	1	2.29055e+06	1	2.05991e+06	1	1736.15	1	31.6228	274.812	301.952
315	188.627	1	1.39675e+06	1	2.29055e+06	1	2.05991e+06	1	1736.15	1	100	277.232	302.775
316	146.835	1	1.03138e+06	1	1.35098e+06	1	1.63878e+06	1	1798.98	1	0	273.249	301.462
316	146.835	1	1.03138e+06	1	1.35098e+06	1	1.63878e+06	1	1798.98	1	0.001	273.249	301.462
316	146.835	1	1.03138e+06	1	1.35098e+06	1	1.63878e+06	1	1798.98	1	0.00316228	273.25	301.462
316	146.835	1	1.03138e+06	1	1.35098e+06	1	1.63878e+06	1	1798.98	1	0.01	273.25	301.462
316	146.835	1	1.03138e+06	1	1.35098e+06	1	1.63878e+06	1	1798.98	1	0.0316228	273.252	301.462
316	146.835	1	1.03138e+06	1	1.35098e+06	1	1.63878e+06	1	1798.98	1	0.1	273.257	301.464
316	146.835	1	1.03138e+06	1	1.35098e+06	1	1.63878e+06	1	1798.98	1	0.316228	273.272	301.469
316	146.835	1	1.03138e+06	1	1.35098e+06	1	1.63878e+06	1	1798.98	1	1	273.322	301.484
316	146.835	1	1.03138e+06	1	1.35098e+06	1	1.63878e+06	1	1798.98	1	3.16228	273.475	301.531
316	146.835	1	1.03138e+06	1	1.35098e+06	1	1.63878e+06	1	1798.98	1	10	273.933	301.672
316	146.835	1	1.03138e+06	1	1.35098e+06	1	1.63878e+06	1	1798.98	1	31.6228	275.194	302.07
316	146.835	1	1.03138e+06	1	1.35098e+06	1	1.63878e+06	1	1798.98	1	100	277.911	303.012
317	202.287	1	2.04491e+06	1	799068	1	786242	1	1535.84	1	0	273.249	301.462
317	202.287	1	2.04491e+06	1	799068	1	786242	1	1535.84	1	0.001	273.249	301.462
317	202.287	1	2.04491e+06	1	799068	1	786242	1	1535.84	1	0.00316228	273.25	301.462
317	202.287	1	2.04491e+06	1	799068	1	786242	1	1535.84	1	0.01	273.25	301.462
317	202.287	1	2.04491e+06	1	799068	1	786242	1	1535.84	1	0.0316228	273.251	301.462
317	202.287	1	2.04491e+06	1	799068	1	786242	1	1535.84	1	0.1	273.255	301.463
317	202.287	1	2.04491e+06	1	799068	1	786242	1	1535.84	1	0.316228	273.266	301.467
317	202.287	1	2.04491e+06	1	799068	1	786242	1	1535.84	1	1	273.303	301.478
317	202.287	1	2.04491e+06	1	799068	1	786242	1	1535.84	1	3.16228	273.416	301.514
317	202.287	1	2.04491e+06	1	799068	1	786242	1	1535.84	1	10	273.759	301.622
317	202.287	1	2.04491e+06	1	799068	1	786242	1	1535.84	1	31.6228	274.723	301.93
317	202.287	1	2.04491e+06	1	799068	1	786242	1	1535.84	1	100	277.064	302.736
318	166.87	1	350934	1	1.20657e+06	1	1.10146e+06	1	4961.15	1	0	273.249	301.462
318	166.87	1	350934	1	1.20657e+06	1	1.10146e+06	1	4961.15	1	0.001	273.249	301.462
318	166.87	1	350934	1	1.20657e+06	1	1.10146e+06	1	4961.15	1	0.00316228	273.25	301.462
318	166.87	1	350934	1	1.20657e+06	1	1.10146e+06	1	4961.15	1	0.01	273.25	301.462
318	166.87	1	350934	1	1.20657e+06	1	1.10146e+06	1	4961.15	1	0.0316228	273.251	301.462
318	166.87	1	350934	1	1.20657e+06	1	1.10146e+06	1	4961.15	1	0.1	273.256	301.463
318	166.87	1	350934	1	1.20657e+06	1	1.10146e+06	1	4961.15	1	0.316228	273.27	301.468
318	166.87	1	350934	1	1.20657e+06	1	1.10146e+06	1	4961.15	1	1	273.313	301.481
318	166.87	1	350934	1	1.20657e+06	1	1.10146e+06	1	4961.15	1	3.16228	273.447	301.521
318	166.87	1	350934	1	1.20657e+06	1	1.10146e+06	1	4961.15	1	10	273.851	301.642
318	166.87	1	350934	1	1.20657e+06	1	1.10146e+06	1	4961.15	1	31.6228	274.971	301.984
318	166.87	1	350934	1	1.20657e+06	1	1.10146e+06	1	4961.15	1	100	277.515	302.813
319	164.511	1	888186	1	482041	1	758820	1	1493.68	1	0	273.249	301.462
319	164.511	1	888186	1	482041	1	758820	1	1493.68	1	0.001	273.249	301.462
319	164.511	1	888186	1	482041	1	758820	1	1493.68	1	0.00316228	273.25	301.462
319	164.511	1	888186	1	482041	1	758820	1	1493.68	1	0.01	273.25	301.462
319	164.511	1	888186	1	482041	1	758820	1	1493.68	1	0.0316228	273.251	301.462
319	164.511	1	888186	1	482041	1	758820	1	1493.68	1	0.1	273.256	301.464
319	164.511	1	888186	1	482041	1	758820	1	1493.68	1	0.316228	273.27	301.468
319	164.511	1	888186	1	482041	1	758820	1	1493.68	1	1	273.315	301.482
319	164.511	1	888186	1	482041	1	758820	1	1493.68	1	3.16228	273.453	301.525
319	164.511	1	888186	1	482041	1	758820	1	1493.68	1	10	273.867	301.654
319	164.511	1	888186	1	482041	1	758820	1	1493.68	1	31.6228	275.02	302.022
319	164.511	1	888186	1	482041	1	758820	1	1493.68	1	100	277.628	302.926
320	125.27	1	449041	1	1.37428e+06	1	892773	1	1234.94	1	0	273.249	301.462
320	125.27	1	449041	1	1.37428e+06	1	892773	1	1234.94	1	0.001	273.25	301.462
320	125.27	1	449041	1	1.37428e+06	1	892773	1	1234.94	1	0.00316228	273.25	301.462
320	125.27	1	449041	1	1.37428e+06	1	892773	1	1234.94	1	0.01	273.25	301.462
320	125.27	1	449041	1	1.37428e+06	1	892773	1	1234.94	1	0.0316228	273.252	301.462
320	125.27	1	449041	1	1.37428e+06	1	892773	1	1234.94	1	0.1	273.258	301.464
320	125.27	1	449041	1	1.37428e+06	1	892773	1	1234.94	1	0.316228	273.276	301.47
320	125.27	1	449041	1	1.37428e+06	1	892773	1	1234.94	1	1	273.335	301.488
320	125.27	1	449041	1	1.37428e+06	1	892773	1	1234.94	1	3.16228	273.514	301.543
320	125.27	1	449041	1	1.37428e+06	1	892773	1	1234.94	1	10	274.044	301.708
320	125.27	1	449041	1	1.37428e+06	1	892773	1	1234.94	1	31.6228	275.481	302.168
320	125.27	1	449041	1	1.37428e+06	1	892773	1	1234.94	1	100	278.366	303.212
321	132.714	1	452093	1	1.02949e+06	1	915265	1	721.177	1	0	273.249	301.462
321	132.714	1	452093	1	1.02949e+06	1	915265	1	721.177	1	0.001	273.25	301.462
321	132.714	1	452093	1	1.02949e+06	1	915265	1	721.177	1	0.00316228	273.25	301.462
321	132.714	1	452093	1	1.02949e+06	1	915265	1	721.177	1	0.01	273.25	301.462
321	132.714	1	452093	1	1.02949e+06	1	915265	1	721.177	1	0.0316228	273.252	301.462
321	132.714	1	452093	1	1.02949e+06	1	915265	1	721.177	1	0.1	273.258	301.464
321	132.714	1	452093	1	1.02949e+06	1	915265	1	721.177	1	0.316228	273.275	301.47
321	132.714	1	452093	1	1.02949e+06	1	915265	1	721.177	1	1	273.331	301.487
321	132.714	1	452093	1	1.02949e+06	1	915265	1	721.177	1	3.16228	273.502	301.542
321	132.714	1	452093	1	1.02949e+06	1	915265	1	721.177	1	10	274.012	301.705
321	132.714	1	452093	1	1.02949e+06	1	915265	1	721.177	1	31.6228	275.401	302.166
321	132.714	1	452093	1	1.02949e+06	1	915265	1	721.177	1	100	278.262	303.239
322	115.731	1	1.1209e+06	1	543730	1	1.76147e+06	1	1940.64	1	0	273.249	301.462
322	115.731	1	1.1209e+06	1	543730	1	1.76147e+06	1	1940.64	1	0.001	273.25	301.462
322	115.731	1	1.1209e+06	1	543730	1	1.76147e+06	1	1940.64	1	0.00316228	273.25	301.462
322	115.731	1	1.1209e+06	1	543730	1	1.76147e+06	1	1940.64	1	0.01	273.25	301.462
322	115.731	1	1.1209e+06	1	543730	1	1.76147e+06	1	1940.64	1	0.0316228	273.252	301.462
322	115.731	1	1.1209e+06	1	543730	1	1.76147e+06	1	1940.64	1	0.1	273.259	301.464
322	115.731	1	1.1209e+06	1	543730	1	1.76147e+06	1	1940.64	1	0.316228	273.279	301.47
322	115.731	1	1.1209e+06	1	543730	1	1.76147e+06	1	1940.64	1	1	273.341	301.489
322	115.731	1	1.1209e+06	1	543730	1	1.76147e+06	1	1940.64	1	3.16228	273.534	301.548
322	115.731	1	1.1209e+06	1	543730	1	1.76147e+06	1	1940.64	1	10	274.1	301.721
322	115.731	1	1.1209e+06	1	543730	1	1.76147e+06	1	1940.64	1	31.6228	275.619	302.201
322	115.731	1	1.1209e+06	1	543730	1	1.76147e+06	1	1940.64	1	100	278.566	303.255
323	141.828	1	834828	1	1.29287e+06	1	1.39423e+06	1	1466.77	1	0	273.249	301.462
323	141.828	1	834828	1	1.29287e+06	1	1.39423e+06	1	1466.77	1	0.001	273.249	301.462
323	141.828	1	834828	1	1.29287e+06	1	1.39423e+06	1	1466.77	1	0.00316228	273.25	301.462
323	141.828	1	834828	1	1.29287e+06	1	1.39423e+06	1	1466.77	1	0.01	273.25	301.462
323	141.828	1	834828	1	1.29287e+06	1	1.39423e+06	1	1466.77	1	0.0316228	273.252	301.462
323	141.828	1	834828	1	1.29287e+06	1	1.39423e+06	1	1466.77	1	0.1	273.257	301.464
323	141.828	1	834828	1	1.29287e+06	1	1.39423e+06	1	1466.77	1	0.316228	273.273	301.469
323	141.828	1	834828	1	1.29287e+06	1	1.39423e+06	1	1466.77	1	1	273.325	301.485
323	141.828	1	834828	1	1.29287e+06	1	1.39423e+06	1	1466.77	1	3.16228	273.484	301.534
323	141.828	1	834828	1	1.29287e+06	1	1.39423e+06	1	1466.77	1	10	273.957	301.68
323	141.828	1	834828	1	1.29287e+06	1	1.39423e+06	1	1466.77	1	31.6228	275.257	302.094
323	141.828	1	834828	1	1.29287e+06	1	1.39423e+06	1	1466.77	1	100	278.018	303.067
324	177.565	1	2.28401e+06	1	861097	1	880825	1	1689.84	1	0	273.249	301.462
324	177.565	1	2.28401e+06	1	861097	1	880825	1	1689.84	1	0.001	273.249	301.462
324	177.565	1	2.28401e+06	1	861097	1	880825	1	1689.84	1	0.00316228	273.25	301.462
324	177.565	1	2.28401e+06	1	861097	1	880825	1	1689.84	1	0.01	273.25	301.462
324	177.565	1	2.28401e+06	1	861097	1	880825	1	1689.84	1	0.0316228	273.251	301.462
324	177.565	1	2.28401e+06	1	861097	1	880825	1	1689.84	1	0.1	273.255	301.463
324	177.565	1	2.28401e+06	1	861097	1	880825	1	1689.84	1	0.316228	273.269	301.468
324	177.565	1	2.28401e+06	1	861097	1	880825	1	1689.84	1	1	273.31	301.48
324	177.565	1	2.28401e+06	1	861097	1	880825	1	1689.84	1	3.16228	273.438	301.52
324	177.565	1	2.28401e+06	1	861097	1	880825	1	1689.84	1	10	273.824	301.64
324	177.565	1	2.28401e+06	1	861097	1	880825	1	1689.84	1	31.6228	274.902	301.983
324	177.565	1	2.28401e+06	1	861097	1	880825	1	1689.84	1	100	277.409	302.842
325	86.6005	1	1.10208e+06	1	861557	1	1.32164e+06	1	1205.45	1	0	273.249	301.462
325	86.6005	1	1.10208e+06	1	861557	1	1.32164e+06	1	1205.45	1	0.001	273.25	301.462
325	86.6005	1	1.10208e+06	1	861557	1	1.32164e+06	1	1205.45	1	0.00316228	273.25	301.462
325	86.6005	1	1.10208e+06	1	861557	1	1.32164e+06	1	1205.45	1	0.01	273.251	301.462
325	86.6005	1	1.10208e+06	1	861557	1	1.32164e+06	1	1205.45	1	0.0316228	273.253	301.463
325	86.6005	1	1.10208e+06	1	861557	1	1.32164e+06	1	1205.45	1	0.1	273.262	301.465
325	86.6005	1	1.10208e+06	1	861557	1	1.32164e+06	1	1205.45	1	0.316228	273.288	301.473
325	86.6005	1	1.10208e+06	1	861557	1	1.32164e+06	1	1205.45	1	1	273.372	301.499
325	86.6005	1	1.10208e+06	1	861557	1	1.32164e+06	1	1205.45	1	3.16228	273.627	301.577
325	86.6005	1	1.10208e+06	1	861557	1	1.32164e+06	1	1205.45	1	10	274.359	301.802
325	86.6005	1	1.10208e+06	1	861557	1	1.32164e+06	1	1205.45	1	31.6228	276.246	302.411
325	86.6005	1	1.10208e+06	1	861557	1	1.32164e+06	1	1205.45	1	100	279.233	303.597
326	157.21	1	1.15276e+06	1	995857	1	1.19976e+06	1	1755.97	1	0	273.249	301.462
326	157.21	1	1.15276e+06	1	995857	1	1.19976e+06	1	1755.97	1	0.001	273.249	301.462
326	157.21	1	1.15276e+06	1	995857	1	1.19976e+06	1	1755.97	1	0.00316228	273.25	301.462
326	157.21	1	1.15276e+06	1	995857	1	1.19976e+06	1	1755.97	1	0.01	273.25	301.462
326	157.21	1	1.15276e+06	1	995857	1	1.19976e+06	1	1755.97	1	0.0316228	273.252	301.462
326	157.21	1	1.15276e+06	1	995857	1	1.19976e+06	1	1755.97	1	0.1	273.256	301.464
326	157.21	1	1.15276e+06	1	995857	1	1.19976e+06	1	1755.97	1	0.316228	273.271	301.468
326	157.21	1	1.15276e+06	1	995857	1	1.19976e+06	1	1755.97	1	1	273.317	301.482
326	157.21	1	1.15276e+06	1	995857	1	1.19976e+06	1	1755.97	1	3.16228	273.461	301.527
326	157.21	1	1.15276e+06	1	995857	1	1.19976e+06	1	1755.97	1	10	273.892	301.66
326	157.21	1	1.15276e+06	1	995857	1	1.19976e+06	1	1755.97	1	31.6228	275.085	302.037
326	157.21	1	1.15276e+06	1	995857	1	1.19976e+06	1	1755.97	1	100	277.732	302.949
327	139.174	1	828780	1	1.12148e+06	1	857740	1	1779.21	1	0	273.249	301.462
327	139.174	1	828780	1	1.12148e+06	1	857740	1	1779.21	1	0.001	273.25	301.462
327	139.174	1	828780	1	1.12148e+06	1	857740	1	1779.21	1	0.00316228	273.25	301.462
327	139.174	1	828780	1	1.12148e+06	1	857740	1	1779.21	1	0.01	273.25	301.462
327	139.174	1	828780	1	1.12148e+06	1	857740	1	1779.21	1	0.0316228	273.252	301.462
327	139.174	1	828780	1	1.12148e+06	1	857740	1	1779.21	1	0.1	273.257	301.464
327	139.174	1	828780	1	1.12148e+06	1	857740	1	1779.21	1	0.316228	273.274	301.469
327	139.174	1	828780	1	1.12148e+06	1	857740	1	1779.21	1	1	273.326	301.485
327	139.174	1	828780	1	1.12148e+06	1	857740	1	1779.21	1	3.16228	273.488	301.535
327	139.174	1	828780	1	1.12148e+06	1	857740	1	1779.21	1	10	273.968	301.683
327	139.174	1	828780	1	1.12148e+06	1	857740	1	1779.21	1	31.6228	275.286	302.099
327	139.174	1	828780	1	1.12148e+06	1	857740	1	1779.21	1	100	278.06	303.071
328	136.031	1	948508	1	946342	1	1.41053e+06	1	2053.69	1	0	273.249	301.462
328	136.031	1	948508	1	946342	1	1.41053e+06	1	2053.69	1	0.001	273.25	301.462
328	136.031	1	948508	1	946342	1	1.41053e+06	1	2053.69	1	0.00316228	273.25	301.462
328	136.031	1	948508	1	946342	1	1.41053e+06	1	2053.69	1	0.01	273.25	301.462
328	136.031	1	948508	1	946342	1	1.41053e+06	1	2053.69	1	0.0316228	273.252	301.462
328	136.031	1	948508	1	946342	1	1.41053e+06	1	2053.69	1	0.1	273.257	301.464
328	136.031	1	948508	1	946342	1	1.41053e+06	1	2053.69	1	0.316228	273.274	301.469
328	136.031	1	948508	1	946342	1	1.41053e+06	1	2053.69	1	1	273.328	301.485
328	136.031	1	948508	1	946342	1	1.41053e+06	1	2053.69	1	3.16228	273.493	301.536
328	136.031	1	948508	1	946342	1	1.41053e+06	1	2053.69	1	10	273.983	301.686
328	136.031	1	948508	1	946342	1	1.41053e+06	1	2053.69	1	31.6228	275.321	302.107
328	136.031	1	948508	1	946342	1	1.41053e+06	1	2053.69	1	100	278.113	303.08
329	212.151	1	687594	1	1.17302e+06	1	1.37059e+06	1	1394.35	1	0	273.249	301.462
329	212.151	1	687594	1	1.17302e+06	1	1.37059e+06	1	1394.35	1	0.001	273.249	301.462
329	212.151	1	687594	1	1.17302e+06	1	1.37059e+06	1	1394.35	1	0.00316228	273.25	301.462
329	212.151	1	687594	1	1.17302e+06	1	1.37059e+06	1	1394.35	1	0.01	273.25	301.462
329	212.151	1	687594	1	1.17302e+06	1	1.37059e+06	1	1394.35	1	0.0316228	273.251	301.462
329	212.151	1	687594	1	1.17302e+06	1	1.37059e+06	1	1394.35	1	0.1	273.255	301.463
329	212.151	1	687594	1	1.17302e+06	1	1.37059e+06	1	1394.35	1	0.316228	273.266	301.467
329	212.151	1	687594	1	1.17302e+06	1	1.37059e+06	1	1394.35	1	1	273.3	301.478
329	212.151	1	687594	1	1.17302e+06	1	1.37059e+06	1	1394.35	1	3.16228	273.408	301.512
329	212.151	1	687594	1	1.17302e+06	1	1.37059e+06	1	1394.35	1	10	273.737	301.615
329	212.151	1	687594	1	1.17302e+06	1	1.37059e+06	1	1394.35	1	31.6228	274.659	301.91
329	212.151	1	687594	1	1.17302e+06	1	1.37059e+06	1	1394.35	1	100	276.935	302.693
330	133.571	1	437733	1	1.19952e+06	1	939208	1	2109.51	1	0	273.249	301.462
330	133.571	1	437733	1	1.19952e+06	1	939208	1	2109.51	1	0.001	273.25	301.462
330	133.571	1	437733	1	1.19952e+06	1	939208	1	2109.51	1	0.00316228	273.25	301.462
330	133.571	1	437733	1	1.19952e+06	1	939208	1	2109.51	1	0.01	273.25	301.462
330	133.571	1	437733	1	1.19952e+06	1	939208	1	2109.51	1	0.0316228	273.252	301.462
330	133.571	1	437733	1	1.19952e+06	1	939208	1	2109.51	1	0.1	273.257	301.464
330	133.571	1	437733	1	1.19952e+06	1	939208	1	2109.51	1	0.316228	273.275	301.469
330	133.571	1	437733	1	1.19952e+06	1	939208	1	2109.51	1	1	273.329	301.486
330	133.571	1	437733	1	1.19952e+06	1	939208	1	2109.51	1	3.16228	273.497	301.537
330	133.571	1	437733	1	1.19952e+06	1	939208	1	2109.51	1	10	273.994	301.688
330	133.571	1	437733	1	1.19952e+06	1	939208	1	2109.51	1	31.6228	275.351	302.114
330	133.571	1	437733	1	1.19952e+06	1	939208	1	2109.51	1	100	278.156	303.09
331	206.463	1	1.5304e+06	1	1.15004e+06	1	1.00052e+06	1	1448.71	1	0	273.249	301.462
331	206.463	1	1.5304e+06	1	1.15004e+06	1	1.00052e+06	1	1448.71	1	0.001	273.249	301.462
331	206.463	1	1.5304e+06	1	1.15004e+06	1	1.00052e+06	1	1448.71	1	0.00316228	273.25	301.462
331	206.463	1	1.5304e+06	1	1.15004e+06	1	1.00052e+06	1	1448.71	1	0.01	273.25	301.462
331	206.463	1	1.5304e+06	1	1.15004e+06	1	1.00052e+06	1	1448.71	1	0.0316228	273.251	301.462
331	206.463	1	1.5304e+06	1	1.15004e+06	1	1.00052e+06	1	1448.71	1	0.1	273.255	301.463
331	206.463	1	1.5304e+06	1	1.15004e+06	1	1.00052e+06	1	1448.71	1	0.316228	273.266	301.467
331	206.463	1	1.5304e+06	1	1.15004e+06	1	1.00052e+06	1	1448.71	1	1	273.302	301.478
331	206.463	1	1.5304e+06	1	1.15004e+06	1	1.00052e+06	1	1448.71	1	3.16228	273.413	301.513
331	206.463	1	1.5304e+06	1	1.15004e+06	1	1.00052e+06	1	1448.71	1	10	273.75	301.619
331	206.463	1	1.5304e+06	1	1.15004e+06	1	1.00052e+06	1	1448.71	1	31.6228	274.696	301.922
331	206.463	1	1.5304e+06	1	1.15004e+06	1	1.00052e+06	1	1448.71	1	100	277.01	302.72
332	179.369	1	1.3779e+06	1	895191	1	234746	1	2077.79	1	0	273.249	301.462
332	179.369	1	1.3779e+06	1	895191	1	234746	1	2077.79	1	0.001	273.249	301.462
332	179.369	1	1.3779e+06	1	895191	1	234746	1	2077.79	1	0.00316228	273.25	301.462
332	179.369	1	1.3779e+06	1	895191	1	234746	1	2077.79	1	0.01	273.25	301.462
332	179.369	1	1.3779e+06	1	895191	1	234746	1	2077.79	1	0.0316228	273.251	301.462
332	179.369	1	1.3779e+06	1	895191	1	234746	1	2077.79	1	0.1	273.255	301.463
332	179.369	1	1.3779e+06	1	895191	1	234746	1	2077.79	1	0.316228	273.268	301.467
332	179.369	1	1.3779e+06	1	895191	1	234746	1	2077.79	1	1	273.309	301.48
332	179.369	1	1.3779e+06	1	895191	1	234746	1	2077.79	1	3.16228	273.436	301.52
332	179.369	1	1.3779e+06	1	895191	1	234746	1	2077.79	1	10	273.819	301.639
332	179.369	1	1.3779e+06	1	895191	1	234746	1	2077.79	1	31.6228	274.889	301.979
332	179.369	1	1.3779e+06	1	895191	1	234746	1	2077.79	1	100	277.389	302.837
333	230.44	1	1.44155e+06	1	1.08881e+06	1	1.25217e+06	1	2306.46	1	0	273.249	301.462
333	230.44	1	1.44155e+06	1	1.08881e+06	1	1.25217e+06	1	2306.46	1	0.001	273.249	301.462
333	230.44	1	1.44155e+06	1	1.08881e+06	1	1.25217e+06	1	2306.46	1	0.00316228	273.25	301.462
333	230.44	1	1.44155e+06	1	1.08881e+06	1	1.25217e+06	1	2306.46	1	0.01	273.25	301.462
333	230.44	1	1.44155e+06	1	1.08881e+06	1	1.25217e+06	1	2306.46	1	0.0316228	273.251	301.462
333	230.44	1	1.44155e+06	1	1.08881e+06	1	1.25217e+06	1	2306.46	1	0.1	273.254	301.463
333	230.44	1	1.44155e+06	1	1.08881e+06	1	1.25217e+06	1	2306.46	1	0.316228	273.264	301.466
333	230.44	1	1.44155e+06	1	1.08881e+06	1	1.25217e+06	1	2306.46	1	1	273.296	301.476
333	230.44	1	1.44155e+06	1	1.08881e+06	1	1.25217e+06	1	2306.46	1	3.16228	273.395	301.507
333	230.44	1	1.44155e+06	1	1.08881e+06	1	1.25217e+06	1	2306.46	1	10	273.697	301.6
333	230.44	1	1.44155e+06	1	1.08881e+06	1	1.25217e+06	1	2306.46	1	31.6228	274.549	301.866
333	230.44	1	1.44155e+06	1	1.08881e+06	1	1.25217e+06	1	2306.46	1	100	276.693	302.583
334	230.614	1	1.34469e+06	1	1.08038e+06	1	679642	1	746.888	1	0	273.249	301.462
334	230.614	1	1.34469e+06	1	1.08038e+06	1	679642	1	746.888	1	0.001	273.249	301.462
334	230.614	1	1.34469e+06	1	1.08038e+06	1	679642	1	746.888	1	0.00316228	273.25	301.462
334	230.614	1	1.34469e+06	1	1.08038e+06	1	679642	1	746.888	1	0.01	273.25	301.462
334	230.614	1	1.34469e+06	1	1.08038e+06	1	679642	1	746.888	1	0.0316228	273.251	301.462
334	230.614	1	1.34469e+06	1	1.08038e+06	1	679642	1	746.888	1	0.1	273.254	301.463
334	230.614	1	1.34469e+06	1	1.08038e+06	1	679642	1	746.888	1	0.316228	273.265	301.467
334	230.614	1	1.34469e+06	1	1.08038e+06	1	679642	1	746.888	1	1	273.297	301.478
334	230.614	1	1.34469e+06	1	1.08038e+06	1	679642	1	746.888	1	3.16228	273.399	301.512
334	230.614	1	1.34469e+06	1	1.08038e+06	1	679642	1	746.888	1	10	273.71	301.616
334	230.614	1	1.34469e+06	1	1.08038e+06	1	679642	1	746.888	1	31.6228	274.588	301.915
334	230.614	1	1.34469e+06	1	1.08038e+06	1	679642	1	746.888	1	100	276.802	302.726
335	199.122	1	459512	1	1.04809e+06	1	986681	1	1019.33	1	0	273.249	301.462
335	199.122	1	459512	1	1.04809e+06	1	986681	1	1019.33	1	0.001	273.249	301.462
335	199.122	1	459512	1	1.04809e+06	1	986681	1	1019.33	1	0.00316228	273.25	301.462
335	199.122	1	459512	1	1.04809e+06	1	986681	1	1019.33	1	0.01	273.25	301.462
335	199.122	1	459512	1	1.04809e+06	1	986681	1	1019.33	1	0.0316228	273.251	301.462
335	199.122	1	459512	1	1.04809e+06	1	986681	1	1019.33	1	0.1	273.255	301.463
335	199.122	1	459512	1	1.04809e+06	1	986681	1	1019.33	1	0.316228	273.267	301.467
335	199.122	1	459512	1	1.04809e+06	1	986681	1	1019.33	1	1	273.304	301.479
335	199.122	1	459512	1	1.04809e+06	1	986681	1	1019.33	1	3.16228	273.42	301.516
335	199.122	1	459512	1	1.04809e+06	1	986681	1	1019.33	1	10	273.77	301.628
335	199.122	1	459512	1	1.04809e+06	1	986681	1	1019.33	1	31.6228	274.753	301.949
335	199.122	1	459512	1	1.04809e+06	1	986681	1	1019.33	1	100	277.13	302.787
336	167.149	1	825955	1	1.39294e+06	1	1.34389e+06	1	1204.6	1	0	273.249	301.462
336	167.149	1	825955	1	1.39294e+06	1	1.34389e+06	1	1204.6	1	0.001	273.249	301.462
336	167.149	1	825955	1	1.39294e+06	1	1.34389e+06	1	1204.6	1	0.00316228	273.25	301.462
336	167.149	1	825955	1	1.39294e+06	1	1.34389e+06	1	1204.6	1	0.01	273.25	301.462
336	167.149	1	825955	1	1.39294e+06	1	1.34389e+06	1	1204.6	1	0.0316228	273.251	301.462
336	167.149	1	825955	1	1.39294e+06	1	1.34389e+06	1	1204.6	1	0.1	273.256	301.464
336	167.149	1	825955	1	1.39294e+06	1	1.34389e+06	1	1204.6	1	0.316228	273.27	301.468
336	167.149	1	825955	1	1.39294e+06	1	1.34389e+06	1	1204.6	1	1	273.314	301.482
336	167.149	1	825955	1	1.39294e+06	1	1.34389e+06	1	1204.6	1	3.16228	273.45	301.524
336	167.149	1	825955	1	1.39294e+06	1	1.34389e+06	1	1204.6	1	10	273.86	301.653
336	167.149	1	825955	1	1.39294e+06	1	1.34389e+06	1	1204.6	1	31.6228	274.999	302.02
336	167.149	1	825955	1	1.39294e+06	1	1.34389e+06	1	1204.6	1	100	277.595	302.926
337	144.3	1	626991	1	1.4672e+06	1	1.47693e+06	1	2049.71	1	0	273.249	301.462
337	144.3	1	626991	1	1.4672e+06	1	1.47693e+06	1	2049.71	1	0.001	273.249	301.462
337	144.3	1	626991	1	1.4672e+06	1	1.47693e+06	1	2049.71	1	0.00316228	273.25	301.462
337	144.3	1	626991	1	1.4672e+06	1	1.47693e+06	1	2049.71	1	0.01	273.25	301.462
337	144.3	1	626991	1	1.4672e+06	1	1.47693e+06	1	2049.71	1	0.0316228	273.252	301.462
337	144.3	1	626991	1	1.4672e+06	1	1.47693e+06	1	2049.71	1	0.1	273.257	301.464
337	144.3	1	626991	1	1.4672e+06	1	1.47693e+06	1	2049.71	1	0.316228	273.273	301.469
337	144.3	1	626991	1	1.4672e+06	1	1.47693e+06	1	2049.71	1	1	273.323	301.484
337	144.3	1	626991	1	1.4672e+06	1	1.47693e+06	1	2049.71	1	3.16228	273.479	301.532
337	144.3	1	626991	1	1.4672e+06	1	1.47693e+06	1	2049.71	1	10	273.943	301.674
337	144.3	1	626991	1	1.4672e+06	1	1.47693e+06	1	2049.71	1	31.6228	275.219	302.074
337	144.3	1	626991	1	1.4672e+06	1	1.47693e+06	1	2049.71	1	100	277.947	303.014
338	173.097	1	992421	1	856942	1	998053	1	847.831	1	0	273.249	301.462
338	173.097	1	992421	1	856942	1	998053	1	847.831	1	0.001	273.249	301.462
338	173.097	1	992421	1	856942	1	998053	1	847.831	1	0.00316228	273.25	301.462
338	173.097	1	992421	1	856942	1	998053	1	847.831	1	0.01	273.25	301.462
338	173.097	1	992421	1	856942	1	998053	1	847.831	1	0.0316228	273.251	301.462
338	173.097	1	992421	1	856942	1	998053	1	847.831	1	0.1	273.256	301.464
338	173.097	1	992421	1	856942	1	998053	1	847.831	1	0.316228	273.269	301.468
338	173.097	1	992421	1	856942	1	998053	1	847.831	1	1	273.312	301.482
338	173.097	1	992421	1	856942	1	998053	1	847.831	1	3.16228	273.445	301.524
338	173.097	1	992421	1	856942	1	998053	1	847.831	1	10	273.846	301.654
338	173.097	1	992421	1	856942	1	998053	1	847.831	1	31.6228	274.963	302.023
338	173.097	1	992421	1	856942	1	998053	1	847.831	1	100	277.541	302.952
339	115.965	1	698305	1	839066	1	1.56829e+06	1	1541.5	1	0	273.249	301.462
339	115.965	1	698305	1	839066	1	1.56829e+06	1	1541.5	1	0.001	273.25	301.462
339	115.965	1	698305	1	839066	1	1.56829e+06	1	1541.5	1	0.00316228	273.25	301.462
339	115.965	1	698305	1	839066	1	1.56829e+06	1	1541.5	1	0.01	273.25	301.462
339	115.965	1	698305	1	839066	1	1.56829e+06	1	1541.5	1	0.0316228	273.252	301.462
339	115.965	1	698305	1	839066	1	1.56829e+06	1	1541.5	1	0.1	273.259	301.464
339	115.965	1	698305	1	839066	1	1.56829e+06	1	1541.5	1	0.316228	273.279	301.47
339	115.965	1	698305	1	839066	1	1.56829e+06	1	1541.5	1	1	273.341	301.49
339	115.965	1	698305	1	839066	1	1.56829e+06	1	1541.5	1	3.16228	273.534	301.549
339	115.965	1	698305	1	839066	1	1.56829e+06	1	1541.5	1	10	274.1	301.722
339	115.965	1	698305	1	839066	1	1.56829e+06	1	1541.5	1	31.6228	275.62	302.205
339	115.965	1	698305	1	839066	1	1.56829e+06	1	1541.5	1	100	278.568	303.27
340	232.123	1	1.68083e+06	1	1.13076e+06	1	1.13017e+06	1	1381.07	1	0	273.249	301.462
340	232.123	1	1.68083e+06	1	1.13076e+06	1	1.13017e+06	1	1381.07	1	0.001	273.249	301.462
340	232.123	1	1.68083e+06	1	1.13076e+06	1	1.13017e+06	1	1381.07	1	0.00316228	273.25	301.462
340	232.123	1	1.68083e+06	1	1.13076e+06	1	1.13017e+06	1	1381.07	1	0.01	273.25	301.462
340	232.123	1	1.68083e+06	1	1.13076e+06	1	1.13017e+06	1	1381.07	1	0.0316228	273.251	301.462
340	232.123	1	1.68083e+06	1	1.13076e+06	1	1.13017e+06	1	1381.07	1	0.1	273.254	301.463
340	232.123	1	1.68083e+06	1	1.13076e+06	1	1.13017e+06	1	1381.07	1	0.316228	273.264	301.466
340	232.123	1	1.68083e+06	1	1.13076e+06	1	1.13017e+06	1	1381.07	1	1	273.296	301.476
340	232.123	1	1.68083e+06	1	1.13076e+06	1	1.13017e+06	1	1381.07	1	3.16228	273.395	301.508
340	232.123	1	1.68083e+06	1	1.13076e+06	1	1.13017e+06	1	1381.07	1	10	273.698	301.604
340	232.123	1	1.68083e+06	1	1.13076e+06	1	1.13017e+06	1	1381.07	1	31.6228	274.554	301.88
340	232.123	1	1.68083e+06	1	1.13076e+06	1	1.13017e+06	1	1381.07	1	100	276.712	302.625
341	106.519	1	770016	1	673451	1	721405	1	926.302	1	0	273.249	301.462
341	106.519	1	770016	1	673451	1	721405	1	926.302	1	0.001	273.25	301.462
341	106.519	1	770016	1	673451	1	721405	1	926.302	1	0.00316228	273.25	301.462
341	106.519	1	770016	1	673451	1	721405	1	926.302	1	0.01	273.25	301.462
341	106.519	1	770016	1	673451	1	721405	1	926.302	1	0.0316228	273.253	301.463
341	106.519	1	770016	1	673451	1	721405	1	926.302	1	0.1	273.26	301.465
341	106.519	1	770016	1	673451	1	721405	1	926.302	1	0.316228	273.281	301.471
341	106.519	1	770016	1	673451	1	721405	1	926.302	1	1	273.35	301.493
341	106.519	1	770016	1	673451	1	721405	1	926.302	1	3.16228	273.56	301.558
341	106.519	1	770016	1	673451	1	721405	1	926.302	1	10	274.175	301.751
341	106.519	1	770016	1	673451	1	721405	1	926.302	1	31.6228	275.807	302.282
341	106.519	1	770016	1	673451	1	721405	1	926.302	1	100	278.849	303.434
342	166.894	1	1.92171e+06	1	734499	1	967762	1	1680.68	1	0	273.249	301.462
342	166.894	1	1.92171e+06	1	734499	1	967762	1	1680.68	1	0.001	273.249	301.462
342	166.894	1	1.92171e+06	1	734499	1	967762	1	1680.68	1	0.00316228	273.25	301.462
342	166.894	1	1.92171e+06	1	734499	1	967762	1	1680.68	1	0.01	273.25	301.462
342	166.894	1	1.92171e+06	1	734499	1	967762	1	1680.68	1	0.0316228	273.251	301.462
342	166.894	1	1.92171e+06	1	734499	1	967762	1	1680.68	1	0.1	273.256	301.464
342	166.894	1	1.92171e+06	1	734499	1	967762	1	1680.68	1	0.316228	273.27	301.468
342	166.894	1	1.92171e+06	1	734499	1	967762	1	1680.68	1	1	273.314	301.481
342	166.894	1	1.92171e+06	1	734499	1	967762	1	1680.68	1	3.16228	273.45	301.524
342	166.894	1	1.92171e+06	1	734499	1	967762	1	1680.68	1	10	273.858	301.651
342	166.894	1	1.92171e+06	1	734499	1	967762	1	1680.68	1	31.6228	274.994	302.011
342	166.894	1	1.92171e+06	1	734499	1	967762	1	1680.68	1	100	277.581	302.899
343	166.059	1	971969	1	784961	1	1.16154e+06	1	1346.38	1	0	273.249	301.462
343	166.059	1	971969	1	784961	1	1.16154e+06	1	1346.38	1	0.001	273.249	301.462
343	166.059	1	971969	1	784961	1	1.16154e+06	1	1346.38	1	0.00316228	273.25	301.462
343	166.059	1	971969	1	784961	1	1.16154e+06	1	1346.38	1	0.01	273.25	301.462
343	166.059	1	971969	1	784961	1	1.16154e+06	1	1346.38	1	0.0316228	273.251	301.462
343	166.059	1	971969	1	784961	1	1.16154e+06	1	1346.38	1	0.1	273.256	301.464
343	166.059	1	971969	1	784961	1	1.16154e+06	1	1346.38	1	0.316228	273.27	301.468
343	166.059	1	971969	1	784961	1	1.16154e+06	1	1346.38	1	1	273.314	301.482
343	166.059	1	971969	1	784961	1	1.16154e+06	1	1346.38	1	3.16228	273.451	301.524
343	166.059	1	971969	1	784961	1	1.16154e+06	1	1346.38	1	10	273.863	301.653
343	166.059	1	971969	1	784961	1	1.16154e+06	1	1346.38	1	31.6228	275.007	302.02
343	166.059	1	971969	1	784961	1	1.16154e+06	1	1346.38	1	100	277.607	302.923
344	147.115	1	1.0156e+06	1	1.08483e+06	1	771246	1	2018.69	1	0	273.249	301.462
344	147.115	1	1.0156e+06	1	1.08483e+06	1	771246	1	2018.69	1	0.001	273.249	301.462
344	147.115	1	1.0156e+06	1	1.08483e+06	1	771246	1	2018.69	1	0.00316228	273.25	301.462
344	147.115	1	1.0156e+06	1	1.08483e+06	1	771246	1	2018.69	1	0.01	273.25	301.462
344	147.115	1	1.0156e+06	1	1.08483e+06	1	771246	1	2018.69	1	0.0316228	273.252	301.462
344	147.115	1	1.0156e+06	1	1.08483e+06	1	771246	1	2018.69	1	0.1	273.257	301.464
344	147.115	1	1.0156e+06	1	1.08483e+06	1	771246	1	2018.69	1	0.316228	273.272	301.469
344	147.115	1	1.0156e+06	1	1.08483e+06	1	771246	1	2018.69	1	1	273.322	301.484
344	147.115	1	1.0156e+06	1	1.08483e+06	1	771246	1	2018.69	1	3.16228	273.475	301.531
344	147.115	1	1.0156e+06	1	1.08483e+06	1	771246	1	2018.69	1	10	273.932	301.671
344	147.115	1	1.0156e+06	1	1.08483e+06	1	771246	1	2018.69	1	31.6228	275.19	302.067
344	147.115	1	1.0156e+06	1	1.08483e+06	1	771246	1	2018.69	1	100	277.904	303.006
345	148.439	1	1.23088e+06	1	1.08039e+06	1	1.46839e+06	1	1604.09	1	0	273.249	301.462
345	148.439	1	1.23088e+06	1	1.08039e+06	1	1.46839e+06	1	1604.09	1	0.001	273.249	301.462
345	148.439	1	1.23088e+06	1	1.08039e+06	1	1.46839e+06	1	1604.09	1	0.00316228	273.25	301.462
345	148.439	1	1.23088e+06	1	1.08039e+06	1	1.46839e+06	1	1604.09	1	0.01	273.25	301.462
345	148.439	1	1.23088e+06	1	1.08039e+06	1	1.46839e+06	1	1604.09	1	0.0316228	273.252	301.462
345	148.439	1	1.23088e+06	1	1.08039e+06	1	1.46839e+06	1	1604.09	1	0.1	273.257	301.464
345	148.439	1	1.23088e+06	1	1.08039e+06	1	1.46839e+06	1	1604.09	1	0.316228	273.272	301.469
345	148.439	1	1.23088e+06	1	1.08039e+06	1	1.46839e+06	1	1604.09	1	1	273.321	301.484
345	148.439	1	1.23088e+06	1	1.08039e+06	1	1.46839e+06	1	1604.09	1	3.16228	273.474	301.531
345	148.439	1	1.23088e+06	1	1.08039e+06	1	1.46839e+06	1	1604.09	1	10	273.928	301.671
345	148.439	1	1.23088e+06	1	1.08039e+06	1	1.46839e+06	1	1604.09	1	31.6228	275.18	302.068
345	148.439	1	1.23088e+06	1	1.08039e+06	1	1.46839e+06	1	1604.09	1	100	277.891	303.014
346	57.9701	1	628755	1	992176	1	655793	1	1481.55	1	0	273.249	301.462
346	57.9701	1	628755	1	992176	1	655793	1	1481.55	1	0.001	273.25	301.462
346	57.9701	1	628755	1	992176	1	655793	1	1481.55	1	0.00316228	273.25	301.462
346	57.9701	1	628755	1	992176	1	655793	1	1481.55	1	0.01	273.251	301.462
346	57.9701	1	628755	1	992176	1	655793	1	1481.55	1	0.0316228	273.255	301.463
346	57.9701	1	628755	1	992176	1	655793	1	1481.55	1	0.1	273.268	301.467
346	57.9701	1	628755	1	992176	1	655793	1	1481.55	1	0.316228	273.307	301.479
346	57.9701	1	628755	1	992176	1	655793	1	1481.55	1	1	273.43	301.516
346	57.9701	1	628755	1	992176	1	655793	1	1481.55	1	3.16228	273.801	301.628
346	57.9701	1	628755	1	992176	1	655793	1	1481.55	1	10	274.837	301.945
346	57.9701	1	628755	1	992176	1	655793	1	1481.55	1	31.6228	277.266	302.74
346	57.9701	1	628755	1	992176	1	655793	1	1481.55	1	100	279.818	303.947
347	120.113	1	1.17553e+06	1	1.46863e+06	1	559983	1	1123.67	1	0	273.249	301.462
347	120.113	1	1.17553e+06	1	1.46863e+06	1	559983	1	1123.67	1	0.001	273.25	301.462
347	120.113	1	1.17553e+06	1	1.46863e+06	1	559983	1	1123.67	1	0.00316228	273.25	301.462
347	120.113	1	1.17553e+06	1	1.46863e+06	1	559983	1	1123.67	1	0.01	273.25	301.462
347	120.113	1	1.17553e+06	1	1.46863e+06	1	559983	1	1123.67	1	0.0316228	273.252	301.462
347	120.113	1	1.17553e+06	1	1.46863e+06	1	559983	1	1123.67	1	0.1	273.258	301.464
347	120.113	1	1.17553e+06	1	1.46863e+06	1	559983	1	1123.67	1	0.316228	273.278	301.47
347	120.113	1	1.17553e+06	1	1.46863e+06	1	559983	1	1123.67	1	1	273.338	301.489
347	120.113	1	1.17553e+06	1	1.46863e+06	1	559983	1	1123.67	1	3.16228	273.526	301.547
347	120.113	1	1.17553e+06	1	1.46863e+06	1	559983	1	1123.67	1	10	274.078	301.72
347	120.113	1	1.17553e+06	1	1.46863e+06	1	559983	1	1123.67	1	31.6228	275.567	302.201
347	120.113	1	1.17553e+06	1	1.46863e+06	1	559983	1	1123.67	1	100	278.504	303.282
348	126.778	1	629508	1	732004	1	371999	1	1469.8	1	0	273.249	301.462
348	126.778	1	629508	1	732004	1	371999	1	1469.8	1	0.001	273.25	301.462
348	126.778	1	629508	1	732004	1	371999	1	1469.8	1	0.00316228	273.25	301.462
348	126.778	1	629508	1	732004	1	371999	1	1469.8	1	0.01	273.25	301.462
348	126.778	1	629508	1	732004	1	371999	1	1469.8	1	0.0316228	273.252	301.462
348	126.778	1	629508	1	732004	1	371999	1	1469.8	1	0.1	273.258	301.464
348	126.778	1	629508	1	732004	1	371999	1	1469.8	1	0.316228	273.276	301.47
348	126.778	1	629508	1	732004	1	371999	1	1469.8	1	1	273.334	301.488
348	126.778	1	629508	1	732004	1	371999	1	1469.8	1	3.16228	273.511	301.542
348	126.778	1	629508	1	732004	1	371999	1	1469.8	1	10	274.036	301.705
348	126.778	1	629508	1	732004	1	371999	1	1469.8	1	31.6228	275.459	302.16
348	126.778	1	629508	1	732004	1	371999	1	1469.8	1	100	278.339	303.198
349	177.643	1	2.46272e+06	1	806238	1	1.13679e+06	1	2469.48	1	0	273.249	301.462
349	177.643	1	2.46272e+06	1	806238	1	1.13679e+06	1	2469.48	1	0.001	273.249	301.462
349	177.643	1	2.46272e+06	1	806238	1	1.13679e+06	1	2469.48	1	0.00316228	273.25	301.462
349	177.643	1	2.46272e+06	1	806238	1	1.13679e+06	1	2469.48	1	0.01	273.25	301.462
349	177.643	1	2.46272e+06	1	806238	1	1.13679e+06	1	2469.48	1	0.0316228	273.251	301.462
349	177.643	1	2.46272e+06	1	806238	1	1.13679e+06	1	2469.48	1	0.1	273.255	301.463
349	177.643	1	2.46272e+06	1	806238	1	1.13679e+06	1	2469.48	1	0.316228	273.268	301.467
349	177.643	1	2.46272e+06	1	806238	1	1.13679e+06	1	2469.48	1	1	273.309	301.48
349	177.643	1	2.46272e+06	1	806238	1	1.13679e+06	1	2469.48	1	3.16228	273.437	301.519
349	177.643	1	2.46272e+06	1	806238	1	1.13679e+06	1	2469.48	1	10	273.821	301.637
349	177.643	1	2.46272e+06	1	806238	1	1.13679e+06	1	2469.48	1	31.6228	274.892	301.972
349	177.643	1	2.46272e+06	1	806238	1	1.13679e+06	1	2469.48	1	100	277.384	302.809
350	175.021	1	256850	1	1.05114e+06	1	1.32347e+06	1	1141.39	1	0	273.249	301.462
350	175.021	1	256850	1	1.05114e+06	1	1.32347e+06	1	1141.39	1	0.001	273.249	301.462
350	175.021	1	256850	1	1.05114e+06	1	1.32347e+06	1	1141.39	1	0.00316228	273.25	301.462
350	175.021	1	256850	1	1.05114e+06	1	1.32347e+06	1	1141.39	1	0.01	273.25	301.462
350	175.021	1	256850	1	1.05114e+06	1	1.32347e+06	1	1141.39	1	0.0316228	273.251	301.462
350	175.021	1	256850	1	1.05114e+06	1	1.32347e+06	1	1141.39	1	0.1	273.256	301.463
350	175.021	1	256850	1	1.05114e+06	1	1.32347e+06	1	1141.39	1	0.316228	273.269	301.468
350	175.021	1	256850	1	1.05114e+06	1	1.32347e+06	1	1141.39	1	1	273.311	301.481
350	175.021	1	256850	1	1.05114e+06	1	1.32347e+06	1	1141.39	1	3.16228	273.441	301.522
350	175.021	1	256850	1	1.05114e+06	1	1.32347e+06	1	1141.39	1	10	273.833	301.645
350	175.021	1	256850	1	1.05114e+06	1	1.32347e+06	1	1141.39	1	31.6228	274.927	301.996
350	175.021	1	256850	1	1.05114e+06	1	1.32347e+06	1	1141.39	1	100	277.455	302.874
351	144.539	1	470207	1	1.99059e+06	1	1.92298e+06	1	1163.25	1	0	273.249	301.462
351	144.539	1	470207	1	1.99059e+06	1	1.92298e+06	1	1163.25	1	0.001	273.249	301.462
351	144.539	1	470207	1	1.99059e+06	1	1.92298e+06	1	1163.25	1	0.00316228	273.25	301.462
351	144.539	1	470207	1	1.99059e+06	1	1.92298e+06	1	1163.25	1	0.01	273.25	301.462
351	144.539	1	470207	1	1.99059e+06	1	1.92298e+06	1	1163.25	1	0.0316228	273.252	301.462
351	144.539	1	470207	1	1.99059e+06	1	1.92298e+06	1	1163.25	1	0.1	273.257	301.464
351	144.539	1	470207	1	1.99059e+06	1	1.92298e+06	1	1163.25	1	0.316228	273.273	301.469
351	144.539	1	470207	1	1.99059e+06	1	1.92298e+06	1	1163.25	1	1	273.323	301.485
351	144.539	1	470207	1	1.99059e+06	1	1.92298e+06	1	1163.25	1	3.16228	273.48	301.533
351	144.539	1	470207	1	1.99059e+06	1	1.92298e+06	1	1163.25	1	10	273.947	301.679
351	144.539	1	470207	1	1.99059e+06	1	1.92298e+06	1	1163.25	1	31.6228	275.23	302.091
351	144.539	1	470207	1	1.99059e+06	1	1.92298e+06	1	1163.25	1	100	277.977	303.067
352	164.175	1	1.19218e+06	1	449849	1	1.26654e+06	1	1429.55	1	0	273.249	301.462
352	164.175	1	1.19218e+06	1	449849	1	1.26654e+06	1	1429.55	1	0.001	273.249	301.462
352	164.175	1	1.19218e+06	1	449849	1	1.26654e+06	1	1429.55	1	0.00316228	273.25	301.462
352	164.175	1	1.19218e+06	1	449849	1	1.26654e+06	1	1429.55	1	0.01	273.25	301.462
352	164.175	1	1.19218e+06	1	449849	1	1.26654e+06	1	1429.55	1	0.0316228	273.251	301.462
352	164.175	1	1.19218e+06	1	449849	1	1.26654e+06	1	1429.55	1	0.1	273.256	301.464
352	164.175	1	1.19218e+06	1	449849	1	1.26654e+06	1	1429.55	1	0.316228	273.27	301.468
352	164.175	1	1.19218e+06	1	449849	1	1.26654e+06	1	1429.55	1	1	273.315	301.482
352	164.175	1	1.19218e+06	1	449849	1	1.26654e+06	1	1429.55	1	3.16228	273.453	301.525
352	164.175	1	1.19218e+06	1	449849	1	1.26654e+06	1	1429.55	1	10	273.869	301.655
352	164.175	1	1.19218e+06	1	449849	1	1.26654e+06	1	1429.55	1	31.6228	275.023	302.024
352	164.175	1	1.19218e+06	1	449849	1	1.26654e+06	1	1429.55	1	100	277.636	302.932
353	203.156	1	4.1052e+06	1	998175	1	751998	1	1012.92	1	0	273.249	301.462
353	203.156	1	4.1052e+06	1	998175	1	751998	1	1012.92	1	0.001	273.249	301.462
353	203.156	1	4.1052e+06	1	998175	1	751998	1	1012.92	1	0.00316228	273.25	301.462
353	203.156	1	4.1052e+06	1	998175	1	751998	1	1012.92	1	0.01	273.25	301.462
353	203.156	1	4.1052e+06	1	998175	1	751998	1	1012.92	1	0.0316228	273.251	301.462
353	203.156	1	4.1052e+06	1	998175	1	751998	1	1012.92	1	0.1	273.255	301.463
353	203.156	1	4.1052e+06	1	998175	1	751998	1	1012.92	1	0.316228	273.266	301.467
353	203.156	1	4.1052e+06	1	998175	1	751998	1	1012.92	1	1	273.303	301.479
353	203.156	1	4.1052e+06	1	998175	1	751998	1	1012.92	1	3.16228	273.417	301.515
353	203.156	1	4.1052e+06	1	998175	1	751998	1	1012.92	1	10	273.762	301.627
353	203.156	1	4.1052e+06	1	998175	1	751998	1	1012.92	1	31.6228	274.732	301.946
353	203.156	1	4.1052e+06	1	998175	1	751998	1	1012.92	1	100	277.093	302.786
354	219.925	1	1.17518e+06	1	726176	1	3.37143e+06	1	1936.29	1	0	273.249	301.462
354	219.925	1	1.17518e+06	1	726176	1	3.37143e+06	1	1936.29	1	0.001	273.249	301.462
354	219.925	1	1.17518e+06	1	726176	1	3.37143e+06	1	1936.29	1	0.00316228	273.25	301.462
354	219.925	1	1.17518e+06	1	726176	1	3.37143e+06	1	1936.29	1	0.01	273.25	301.462
354	219.925	1	1.17518e+06	1	726176	1	3.37143e+06	1	1936.29	1	0.0316228	273.251	301.462
354	219.925	1	1.17518e+06	1	726176	1	3.37143e+06	1	1936.29	1	0.1	273.254	301.463
354	219.925	1	1.17518e+06	1	726176	1	3.37143e+06	1	1936.29	1	0.316228	273.265	301.466
354	219.925	1	1.17518e+06	1	726176	1	3.37143e+06	1	1936.29	1	1	273.298	301.477
354	219.925	1	1.17518e+06	1	726176	1	3.37143e+06	1	1936.29	1	3.16228	273.402	301.509
354	219.925	1	1.17518e+06	1	726176	1	3.37143e+06	1	1936.29	1	10	273.718	301.607
354	219.925	1	1.17518e+06	1	726176	1	3.37143e+06	1	1936.29	1	31.6228	274.606	301.886
354	219.925	1	1.17518e+06	1	726176	1	3.37143e+06	1	1936.29	1	100	276.819	302.633
355	157.248	1	536480	1	496404	1	1.35521e+06	1	1141.33	1	0	273.249	301.462
355	157.248	1	536480	1	496404	1	1.35521e+06	1	1141.33	1	0.001	273.249	301.462
355	157.248	1	536480	1	496404	1	1.35521e+06	1	1141.33	1	0.00316228	273.25	301.462
355	157.248	1	536480	1	496404	1	1.35521e+06	1	1141.33	1	0.01	273.25	301.462
355	157.248	1	536480	1	496404	1	1.35521e+06	1	1141.33	1	0.0316228	273.252	301.462
355	157.248	1	536480	1	496404	1	1.35521e+06	1	1141.33	1	0.1	273.256	301.464
355	157.248	1	536480	1	496404	1	1.35521e+06	1	1141.33	1	0.316228	273.271	301.468
355	157.248	1	536480	1	496404	1	1.35521e+06	1	1141.33	1	1	273.318	301.483
355	157.248	1	536480	1	496404	1	1.35521e+06	1	1141.33	1	3.16228	273.462	301.528
355	157.248	1	536480	1	496404	1	1.35521e+06	1	1141.33	1	10	273.896	301.665
355	157.248	1	536480	1	496404	1	1.35521e+06	1	1141.33	1	31.6228	275.096	302.052
355	157.248	1	536480	1	496404	1	1.35521e+06	1	1141.33	1	100	277.761	302.994
356	120.724	1	1.0166e+07	1	689549	1	1.31412e+06	1	1091.35	1	0	273.249	301.462
356	120.724	1	1.0166e+07	1	689549	1	1.31412e+06	1	1091.35	1	0.001	273.25	301.462
356	120.724	1	1.0166e+07	1	689549	1	1.31412e+06	1	1091.35	1	0.00316228	273.25	301.462
356	120.724	1	1.0166e+07	1	689549	1	1.31412e+06	1	1091.35	1	0.01	273.25	301.462
356	120.724	1	1.0166e+07	1	689549	1	1.31412e+06	1	1091.35	1	0.0316228	273.252	301.462
356	120.724	1	1.0166e+07	1	689549	1	1.31412e+06	1	1091.35	1	0.1	273.258	301.464
356	120.724	1	1.0166e+07	1	689549	1	1.31412e+06	1	1091.35	1	0.316228	273.278	301.47
356	120.724	1	1.0166e+07	1	689549	1	1.31412e+06	1	1091.35	1	1	273.338	301.489
356	120.724	1	1.0166e+07	1	689549	1	1.31412e+06	1	1091.35	1	3.16228	273.525	301.547
356	120.724	1	1.0166e+07	1	689549	1	1.31412e+06	1	1091.35	1	10	274.074	301.719
356	120.724	1	1.0166e+07	1	689549	1	1.31412e+06	1	1091.35	1	31.6228	275.558	302.199
356	120.724	1	1.0166e+07	1	689549	1	1.31412e+06	1	1091.35	1	100	278.491	303.281
357	203.407	1	1.06777e+06	1	1.15711e+06	1	919043	1	1751.7	1	0	273.249	301.462
357	203.407	1	1.06777e+06	1	1.15711e+06	1	919043	1	1751.7	1	0.001	273.249	301.462
357	203.407	1	1.06777e+06	1	1.15711e+06	1	919043	1	1751.7	1	0.00316228	273.25	301.462
357	203.407	1	1.06777e+06	1	1.15711e+06	1	919043	1	1751.7	1	0.01	273.25	301.462
357	203.407	1	1.06777e+06	1	1.15711e+06	1	919043	1	1751.7	1	0.0316228	273.251	301.462
357	203.407	1	1.06777e+06	1	1.15711e+06	1	919043	1	1751.7	1	0.1	273.255	301.463
357	203.407	1	1.06777e+06	1	1.15711e+06	1	919043	1	1751.7	1	0.316228	273.266	301.467
357	203.407	1	1.06777e+06	1	1.15711e+06	1	919043	1	1751.7	1	1	273.302	301.478
357	203.407	1	1.06777e+06	1	1.15711e+06	1	919043	1	1751.7	1	3.16228	273.414	301.513
357	203.407	1	1.06777e+06	1	1.15711e+06	1	919043	1	1751.7	1	10	273.755	301.619
357	203.407	1	1.06777e+06	1	1.15711e+06	1	919043	1	1751.7	1	31.6228	274.71	301.921
357	203.407	1	1.06777e+06	1	1.15711e+06	1	919043	1	1751.7	1	100	277.034	302.712
358	147.677	1	558366	1	485868	1	408536	1	2067.93	1	0	273.249	301.462
358	147.677	1	558366	1	485868	1	408536	1	2067.93	1	0.001	273.249	301.462
358	147.677	1	558366	1	485868	1	408536	1	2067.93	1	0.00316228	273.25	301.462
358	147.677	1	558366	1	485868	1	408536	1	2067.93	1	0.01	273.25	301.462
358	147.677	1	558366	1	485868	1	408536	1	2067.93	1	0.0316228	273.252	301.462
358	147.677	1	558366	1	485868	1	408536	1	2067.93	1	0.1	273.257	301.464
358	147.677	1	558366	1	485868	1	408536	1	2067.93	1	0.316228	273.272	301.469
358	147.677	1	558366	1	485868	1	408536	1	2067.93	1	1	273.322	301.484
358	147.677	1	558366	1	485868	1	408536	1	2067.93	1	3.16228	273.474	301.531
358	147.677	1	558366	1	485868	1	408536	1	2067.93	1	10	273.93	301.671
358	147.677	1	558366	1	485868	1	408536	1	2067.93	1	31.6228	275.185	302.067
358	147.677	1	558366	1	485868	1	408536	1	2067.93	1	100	277.9	303.008
359	158.816	1	1.728e+06	1	785553	1	849982	1	1666.84	1	0	273.249	301.462
359	158.816	1	1.728e+06	1	785553	1	849982	1	1666.84	1	0.001	273.249	301.462
359	158.816	1	1.728e+06	1	785553	1	849982	1	1666.84	1	0.00316228	273.25	301.462
359	158.816	1	1.728e+06	1	785553	1	849982	1	1666.84	1	0.01	273.25	301.462
359	158.816	1	1.728e+06	1	785553	1	849982	1	1666.84	1	0.0316228	273.252	301.462
359	158.816	1	1.728e+06	1	785553	1	849982	1	1666.84	1	0.1	273.256	301.464
359	158.816	1	1.728e+06	1	785553	1	849982	1	1666.84	1	0.316228	273.271	301.468
359	158.816	1	1.728e+06	1	785553	1	849982	1	1666.84	1	1	273.317	301.482
359	158.816	1	1.728e+06	1	785553	1	849982	1	1666.84	1	3.16228	273.459	301.527
359	158.816	1	1.728e+06	1	785553	1	849982	1	1666.84	1	10	273.887	301.659
359	158.816	1	1.728e+06	1	785553	1	849982	1	1666.84	1	31.6228	275.071	302.035
359	158.816	1	1.728e+06	1	785553	1	849982	1	1666.84	1	100	277.714	302.949
360	157.618	1	800806	1	1.11375e+06	1	595729	1	1429.01	1	0	273.249	301.462
360	157.618	1	800806	1	1.11375e+06	1	595729	1	1429.01	1	0.001	273.249	301.462
360	157.618	1	800806	1	1.11375e+06	1	595729	1	1429.01	1	0.00316228	273.25	301.462
360	157.618	1	800806	1	1.11375e+06	1	595729	1	1429.01	1	0.01	273.25	301.462
360	157.618	1	800806	1	1.11375e+06	1	595729	1	1429.01	1	0.0316228	273.252	301.462
360	157.618	1	800806	1	1.11375e+06	1	595729	1	1429.01	1	0.1	273.256	301.464
360	157.618	1	800806	1	1.11375e+06	1	595729	1	1429.01	1	0.316228	273.271	301.468
360	157.618	1	800806	1	1.11375e+06	1	595729	1	1429.01	1	1	273.317	301.483
360	157.618	1	800806	1	1.11375e+06	1	595729	1	1429.01	1	3.16228	273.461	301.527
360	157.618	1	800806	1	1.11375e+06	1	595729	1	1429.01	1	10	273.893	301.662
360	157.618	1	800806	1	1.11375e+06	1	595729	1	1429.01	1	31.6228	275.087	302.044
360	157.618	1	800806	1	1.11375e+06	1	595729	1	1429.01	1	100	277.743	302.971
361	166.45	1	831408	1	530494	1	351765	1	1057.44	1	0	273.249	301.462
361	166.45	1	831408	1	530494	1	351765	1	1057.44	1	0.001	273.249	301.462
361	166.45	1	831408	1	530494	1	351765	1	1057.44	1	0.00316228	273.25	301.462
361	166.45	1	831408	1	530494	1	351765	1	1057.44	1	0.01	273.25	301.462
361	166.45	1	831408	1	530494	1	351765	1	1057.44	1	0.0316228	273.251	301.462
361	166.45	1	831408	1	530494	1	351765	1	1057.44	1	0.1	273.256	301.464
361	166.45	1	831408	1	530494	1	351765	1	1057.44	1	0.316228	273.27	301.468
361	166.45	1	831408	1	530494	1	351765	1	1057.44	1	1	273.314	301.482
361	166.45	1	831408	1	530494	1	351765	1	1057.44	1	3.16228	273.452	301.526
361	166.45	1	831408	1	530494	1	351765	1	1057.44	1	10	273.866	301.658
361	166.45	1	831408	1	530494	1	351765	1	1057.44	1	31.6228	275.017	302.035
361	166.45	1	831408	1	530494	1	351765	1	1057.44	1	100	277.639	302.969
362	159.684	1	641422	1	925945	1	1.90446e+06	1	2709.27	1	0	273.249	301.462
362	159.684	1	641422	1	925945	1	1.90446e+06	1	2709.27	1	0.001	273.249	301.462
362	159.684	1	641422	1	925945	1	1.90446e+06	1	2709.27	1	0.00316228	273.25	301.462
362	159.684	1	641422	1	925945	1	1.90446e+06	1	2709.27	1	0.01	273.25	301.462
362	159.684	1	641422	1	925945	1	1.90446e+06	1	2709.27	1	0.0316228	273.252	301.462
362	159.684	1	641422	1	925945	1	1.90446e+06	1	2709.27	1	0.1	273.256	301.464
362	159.684	1	641422	1	925945	1	1.90446e+06	1	2709.27	1	0.316228	273.271	301.468
362	159.684	1	641422	1	925945	1	1.90446e+06	1	2709.27	1	1	273.316	301.482
362	159.684	1	641422	1	925945	1	1.90446e+06	1	2709.27	1	3.16228	273.457	301.525
362	159.684	1	641422	1	925945	1	1.90446e+06	1	2709.27	1	10	273.879	301.653
362	159.684	1	641422	1	925945	1	1.90446e+06	1	2709.27	1	31.6228	275.049	302.016
362	159.684	1	641422	1	925945	1	1.90446e+06	1	2709.27	1	100	277.66	302.893
363	162.131	1	980883	1	1.62161e+06	1	1.59087e+06	1	1865.34	1	0	273.249	301.462
363	162.131	1	980883	1	1.62161e+06	1	1.59087e+06	1	1865.34	1	0.001	273.249	301.462
363	162.131	1	980883	1	1.62161e+06	1	1.59087e+06	1	1865.34	1	0.00316228	273.25	301.462
363	162.131	1	980883	1	1.62161e+06	1	1.59087e+06	1	1865.34	1	0.01	273.25	301.462
363	162.131	1	980883	1	1.62161e+06	1	1.59087e+06	1	1865.34	1	0.0316228	273.252	301.462
363	162.131	1	980883	1	1.62161e+06	1	1.59087e+06	1	1865.34	1	0.1	273.256	301.464
363	162.131	1	980883	1	1.62161e+06	1	1.59087e+06	1	1865.34	1	0.316228	273.27	301.468
363	162.131	1	980883	1	1.62161e+06	1	1.59087e+06	1	1865.34	1	1	273.315	301.482
363	162.131	1	980883	1	1.62161e+06	1	1.59087e+06	1	1865.34	1	3.16228	273.455	301.525
363	162.131	1	980883	1	1.62161e+06	1	1.59087e+06	1	1865.34	1	10	273.873	301.654
363	162.131	1	980883	1	1.62161e+06	1	1.59087e+06	1	1865.34	1	31.6228	275.033	302.019
363	162.131	1	980883	1	1.62161e+06	1	1.59087e+06	1	1865.34	1	100	277.642	302.908
364	190.645	1	1.04423e+06	1	823175	1	345159	1	1625.73	1	0	273.249	301.462
364	190.645	1	1.04423e+06	1	823175	1	345159	1	1625.73	1	0.001	273.249	301.462
364	190.645	1	1.04423e+06	1	823175	1	345159	1	1625.73	1	0.00316228	273.25	301.462
364	190.645	1	1.04423e+06	1	823175	1	345159	1	1625.73	1	0.01	273.25	301.462
364	190.645	1	1.04423e+06	1	823175	1	345159	1	1625.73	1	0.0316228	273.251	301.462
364	190.645	1	1.04423e+06	1	823175	1	345159	1	1625.73	1	0.1	273.255	301.463
364	190.645	1	1.04423e+06	1	823175	1	345159	1	1625.73	1	0.316228	273.267	301.467
364	190.645	1	1.04423e+06	1	823175	1	345159	1	1625.73	1	1	273.306	301.479
364	190.645	1	1.04423e+06	1	823175	1	345159	1	1625.73	1	3.16228	273.426	301.517
364	190.645	1	1.04423e+06	1	823175	1	345159	1	1625.73	1	10	273.789	301.631
364	190.645	1	1.04423e+06	1	823175	1	345159	1	1625.73	1	31.6228	274.805	301.956
364	190.645	1	1.04423e+06	1	823175	1	345159	1	1625.73	1	100	277.227	302.792
365	188.604	1	808477	1	899713	1	1.3462e+06	1	1418.84	1	0	273.249	301.462
365	188.604	1	808477	1	899713	1	1.3462e+06	1	1418.84	1	0.001	273.249	301.462
365	188.604	1	808477	1	899713	1	1.3462e+06	1	1418.84	1	0.00316228	273.25	301.462
365	188.604	1	808477	1	899713	1	1.3462e+06	1	1418.84	1	0.01	273.25	301.462
365	188.604	1	808477	1	899713	1	1.3462e+06	1	1418.84	1	0.0316228	273.251	301.462
365	188.604	1	808477	1	899713	1	1.3462e+06	1	1418.84	1	0.1	273.255	301.463
365	188.604	1	808477	1	899713	1	1.3462e+06	1	1418.84	1	0.316228	273.267	301.467
365	188.604	1	808477	1	899713	1	1.3462e+06	1	1418.84	1	1	273.306	301.479
365	188.604	1	808477	1	899713	1	1.3462e+06	1	1418.84	1	3.16228	273.428	301.517
365	188.604	1	808477	1	899713	1	1.3462e+06	1	1418.84	1	10	273.793	301.632
365	188.604	1	808477	1	899713	1	1.3462e+06	1	1418.84	1	31.6228	274.818	301.959
365	188.604	1	808477	1	899713	1	1.3462e+06	1	1418.84	1	100	277.249	302.797
366	183.484	1	407012	1	841634	1	513827	1	1268.74	1	0	273.249	301.462
366	183.484	1	407012	1	841634	1	513827	1	1268.74	1	0.001	273.249	301.462
366	183.484	1	407012	1	841634	1	513827	1	1268.74	1	0.00316228	273.25	301.462
366	183.484	1	407012	1	841634	1	513827	1	1268.74	1	0.01	273.25	301.462
366	183.484	1	407012	1	841634	1	513827	1	1268.74	1	0.0316228	273.251	301.462
366	183.484	1	407012	1	841634	1	513827	1	1268.74	1	0.1	273.255	301.463
366	183.484	1	407012	1	841634	1	513827	1	1268.74	1	0.316228	273.268	301.467
366	183.484	1	407012	1	841634	1	513827	1	1268.74	1	1	273.308	301.48
366	183.484	1	407012	1	841634	1	513827	1	1268.74	1	3.16228	273.433	301.519
366	183.484	1	407012	1	841634	1	513827	1	1268.74	1	10	273.809	301.638
366	183.484	1	407012	1	841634	1	513827	1	1268.74	1	31.6228	274.86	301.976
366	183.484	1	407012	1	841634	1	513827	1	1268.74	1	100	277.335	302.837
367	213.796	1	1.22433e+06	1	941324	1	430251	1	1395.24	1	0	273.249	301.462
367	213.796	1	1.22433e+06	1	941324	1	430251	1	1395.24	1	0.001	273.249	301.462
367	213.796	1	1.22433e+06	1	941324	1	430251	1	1395.24	1	0.00316228	273.25	301.462
367	213.796	1	1.22433e+06	1	941324	1	430251	1	1395.24	1	0.01	273.25	301.462
367	213.796	1	1.22433e+06	1	941324	1	430251	1	1395.24	1	0.0316228	273.251	301.462
367	213.796	1	1.22433e+06	1	941324	1	430251	1	1395.24	1	0.1	273.254	301.463
367	213.796	1	1.22433e+06	1	941324	1	430251	1	1395.24	1	0.316228	273.265	301.467
367	213.796	1	1.22433e+06	1	941324	1	430251	1	1395.24	1	1	273.3	301.478
367	213.796	1	1.22433e+06	1	941324	1	430251	1	1395.24	1	3.16228	273.408	301.512
367	213.796	1	1.22433e+06	1	941324	1	430251	1	1395.24	1	10	273.735	301.616
367	213.796	1	1.22433e+06	1	941324	1	430251	1	1395.24	1	31.6228	274.655	301.912
367	213.796	1	1.22433e+06	1	941324	1	430251	1	1395.24	1	100	276.932	302.704
368	176.001	1	3.63074e+06	1	488439	1	560467	1	2098.87	1	0	273.249	301.462
368	176.001	1	3.63074e+06	1	488439	1	560467	1	2098.87	1	0.001	273.249	301.462
368	176.001	1	3.63074e+06	1	488439	1	560467	1	2098.87	1	0.00316228	273.25	301.462
368	176.001	1	3.63074e+06	1	488439	1	560467	1	2098.87	1	0.01	273.25	301.462
368	176.001	1	3.63074e+06	1	488439	1	560467	1	2098.87	1	0.0316228	273.251	301.462
368	176.001	1	3.63074e+06	1	488439	1	560467	1	2098.87	1	0.1	273.256	301.463
368	176.001	1	3.63074e+06	1	488439	1	560467	1	2098.87	1	0.316228	273.269	301.468
368	176.001	1	3.63074e+06	1	488439	1	560467	1	2098.87	1	1	273.31	301.48
368	176.001	1	3.63074e+06	1	488439	1	560467	1	2098.87	1	3.16228	273.439	301.52
368	176.001	1	3.63074e+06	1	488439	1	560467	1	2098.87	1	10	273.828	301.641
368	176.001	1	3.63074e+06	1	488439	1	560467	1	2098.87	1	31.6228	274.912	301.983
368	176.001	1	3.63074e+06	1	488439	1	560467	1	2098.87	1	100	277.428	302.841
369	183.19	1	602683	1	1.00616e+06	1	739976	1	1094	1	0	273.249	301.462
369	183.19	1	602683	1	1.00616e+06	1	739976	1	1094	1	0.001	273.249	301.462
369	183.19	1	602683	1	1.00616e+06	1	739976	1	1094	1	0.00316228	273.25	301.462
369	183.19	1	602683	1	1.00616e+06	1	739976	1	1094	1	0.01	273.25	301.462
369	183.19	1	602683	1	1.00616e+06	1	739976	1	1094	1	0.0316228	273.251	301.462
369	183.19	1	602683	1	1.00616e+06	1	739976	1	1094	1	0.1	273.255	301.463
369	183.19	1	602683	1	1.00616e+06	1	739976	1	1094	1	0.316228	273.268	301.467
369	183.19	1	602683	1	1.00616e+06	1	739976	1	1094	1	1	273.308	301.48
369	183.19	1	602683	1	1.00616e+06	1	739976	1	1094	1	3.16228	273.434	301.52
369	183.19	1	602683	1	1.00616e+06	1	739976	1	1094	1	10	273.811	301.64
369	183.19	1	602683	1	1.00616e+06	1	739976	1	1094	1	31.6228	274.868	301.983
369	183.19	1	602683	1	1.00616e+06	1	739976	1	1094	1	100	277.354	302.858
370	468.394	1	2.11551e+06	1	1.24016e+06	1	447702	1	1433.59	1	0	273.249	301.462
370	468.394	1	2.11551e+06	1	1.24016e+06	1	447702	1	1433.59	1	0.001	273.249	301.462
370	468.394	1	2.11551e+06	1	1.24016e+06	1	447702	1	1433.59	1	0.00316228	273.249	301.462
370	468.394	1	2.11551e+06	1	1.24016e+06	1	447702	1	1433.59	1	0.01	273.25	301.462
370	468.394	1	2.11551e+06	1	1.24016e+06	1	447702	1	1433.59	1	0.0316228	273.25	301.462
370	468.394	1	2.11551e+06	1	1.24016e+06	1	447702	1	1433.59	1	0.1	273.252	301.462
370	468.394	1	2.11551e+06	1	1.24016e+06	1	447702	1	1433.59	1	0.316228	273.257	301.464
370	468.394	1	2.11551e+06	1	1.24016e+06	1	447702	1	1433.59	1	1	273.273	301.47
370	468.394	1	2.11551e+06	1	1.24016e+06	1	447702	1	1433.59	1	3.16228	273.324	301.487
370	468.394	1	2.11551e+06	1	1.24016e+06	1	447702	1	1433.59	1	10	273.483	301.541
370	468.394	1	2.11551e+06	1	1.24016e+06	1	447702	1	1433.59	1	31.6228	273.956	301.703
370	468.394	1	2.11551e+06	1	1.24016e+06	1	447702	1	1433.59	1	100	275.264	302.167
371	189.35	1	1.11216e+06	1	989548	1	1.06765e+06	1	3299.19	1	0	273.249	301.462
371	189.35	1	1.11216e+06	1	989548	1	1.06765e+06	1	3299.19	1	0.001	273.249	301.462
371	189.35	1	1.11216e+06	1	989548	1	1.06765e+06	1	3299.19	1	0.00316228	273.25	301.462
371	189.35	1	1.11216e+06	1	989548	1	1.06765e+06	1	3299.19	1	0.01	273.25	301.462
371	189.35	1	1.11216e+06	1	989548	1	1.06765e+06	1	3299.19	1	0.0316228	273.251	301.462
371	189.35	1	1.11216e+06	1	989548	1	1.06765e+06	1	3299.19	1	0.1	273.255	301.463
371	189.35	1	1.11216e+06	1	989548	1	1.06765e+06	1	3299.19	1	0.316228	273.267	301.467
371	189.35	1	1.11216e+06	1	989548	1	1.06765e+06	1	3299.19	1	1	273.306	301.479
371	189.35	1	1.11216e+06	1	989548	1	1.06765e+06	1	3299.19	1	3.16228	273.425	301.515
371	189.35	1	1.11216e+06	1	989548	1	1.06765e+06	1	3299.19	1	10	273.786	301.625
371	189.35	1	1.11216e+06	1	989548	1	1.06765e+06	1	3299.19	1	31.6228	274.796	301.937
371	189.35	1	1.11216e+06	1	989548	1	1.06765e+06	1	3299.19	1	100	277.192	302.73
372	150.247	1	1.20472e+06	1	1.23584e+06	1	957162	1	1417.77	1	0	273.249	301.462
372	150.247	1	1.20472e+06	1	1.23584e+06	1	957162	1	1417.77	1	0.001	273.249	301.462
372	150.247	1	1.20472e+06	1	1.23584e+06	1	957162	1	1417.77	1	0.00316228	273.25	301.462
372	150.247	1	1.20472e+06	1	1.23584e+06	1	957162	1	1417.77	1	0.01	273.25	301.462
372	150.247	1	1.20472e+06	1	1.23584e+06	1	957162	1	1417.77	1	0.0316228	273.252	301.462
372	150.247	1	1.20472e+06	1	1.23584e+06	1	957162	1	1417.77	1	0.1	273.257	301.464
372	150.247	1	1.20472e+06	1	1.23584e+06	1	957162	1	1417.77	1	0.316228	273.272	301.469
372	150.247	1	1.20472e+06	1	1.23584e+06	1	957162	1	1417.77	1	1	273.321	301.484
372	150.247	1	1.20472e+06	1	1.23584e+06	1	957162	1	1417.77	1	3.16228	273.471	301.53
372	150.247	1	1.20472e+06	1	1.23584e+06	1	957162	1	1417.77	1	10	273.922	301.671
372	150.247	1	1.20472e+06	1	1.23584e+06	1	957162	1	1417.77	1	31.6228	275.164	302.067
372	150.247	1	1.20472e+06	1	1.23584e+06	1	957162	1	1417.77	1	100	277.869	303.018
373	129.466	1	1.18155e+06	1	1.10276e+06	1	720483	1	237.375	1	0	273.249	301.462
373	129.466	1	1.18155e+06	1	1.10276e+06	1	720483	1	237.375	1	0.001	273.25	301.462
373	129.466	1	1.18155e+06	1	1.10276e+06	1	720483	1	237.375	1	0.00316228	273.25	301.462
373	129.466	1	1.18155e+06	1	1.10276e+06	1	720483	1	237.375	1	0.01	273.25	301.462
373	129.466	1	1.18155e+06	1	1.10276e+06	1	720483	1	237.375	1	0.0316228	273.252	301.463
373	129.466	1	1.18155e+06	1	1.10276e+06	1	720483	1	237.375	1	0.1	273.258	301.465
373	129.466	1	1.18155e+06	1	1.10276e+06	1	720483	1	237.375	1	0.316228	273.277	301.472
373	129.466	1	1.18155e+06	1	1.10276e+06	1	720483	1	237.375	1	1	273.337	301.493
373	129.466	1	1.18155e+06	1	1.10276e+06	1	720483	1	237.375	1	3.16228	273.522	301.559
373	129.466	1	1.18155e+06	1	1.10276e+06	1	720483	1	237.375	1	10	274.069	301.757
373	129.466	1	1.18155e+06	1	1.10276e+06	1	720483	1	237.375	1	31.6228	275.557	302.317
373	129.466	1	1.18155e+06	1	1.10276e+06	1	720483	1	237.375	1	100	278.359	303.463
374	69.2988	1	2.39457e+06	1	562484	1	323302	1	926.292	1	0	273.249	301.462
374	69.2988	1	2.39457e+06	1	562484	1	323302	1	926.292	1	0.001	273.25	301.462
374	69.2988	1	2.39457e+06	1	562484	1	323302	1	926.292	1	0.00316228	273.25	301.462
374	69.2988	1	2.39457e+06	1	562484	1	323302	1	926.292	1	0.01	273.251	301.462
374	69.2988	1	2.39457e+06	1	562484	1	323302	1	926.292	1	0.0316228	273.254	301.463
374	69.2988	1	2.39457e+06	1	562484	1	323302	1	926.292	1	0.1	273.265	301.466
374	69.2988	1	2.39457e+06	1	562484	1	323302	1	926.292	1	0.316228	273.298	301.477
374	69.2988	1	2.39457e+06	1	562484	1	323302	1	926.292	1	1	273.402	301.508
374	69.2988	1	2.39457e+06	1	562484	1	323302	1	926.292	1	3.16228	273.718	301.606
374	69.2988	1	2.39457e+06	1	562484	1	323302	1	926.292	1	10	274.605	301.88
374	69.2988	1	2.39457e+06	1	562484	1	323302	1	926.292	1	31.6228	276.814	302.613
374	69.2988	1	2.39457e+06	1	562484	1	323302	1	926.292	1	100	279.639	303.874
375	131.453	1	826998	1	1.55441e+06	1	1.11923e+06	1	2093.92	1	0	273.249	301.462
375	131.453	1	826998	1	1.55441e+06	1	1.11923e+06	1	2093.92	1	0.001	273.25	301.462
375	131.453	1	826998	1	1.55441e+06	1	1.11923e+06	1	2093.92	1	0.00316228	273.25	301.462
375	131.453	1	826998	1	1.55441e+06	1	1.11923e+06	1	2093.92	1	0.01	273.25	301.462
375	131.453	1	826998	1	1.55441e+06	1	1.11923e+06	1	2093.92	1	0.0316228	273.252	301.462
375	131.453	1	826998	1	1.55441e+06	1	1.11923e+06	1	2093.92	1	0.1	273.258	301.464
375	131.453	1	826998	1	1.55441e+06	1	1.11923e+06	1	2093.92	1	0.316228	273.275	301.469
375	131.453	1	826998	1	1.55441e+06	1	1.11923e+06	1	2093.92	1	1	273.33	301.486
375	131.453	1	826998	1	1.55441e+06	1	1.11923e+06	1	2093.92	1	3.16228	273.501	301.538
375	131.453	1	826998	1	1.55441e+06	1	1.11923e+06	1	2093.92	1	10	274.006	301.692
375	131.453	1	826998	1	1.55441e+06	1	1.11923e+06	1	2093.92	1	31.6228	275.381	302.124
375	131.453	1	826998	1	1.55441e+06	1	1.11923e+06	1	2093.92	1	100	278.205	303.112
376	175.35	1	2.36377e+06	1	719515	1	3.20065e+06	1	1501.35	1	0	273.249	301.462
376	175.35	1	2.36377e+06	1	719515	1	3.20065e+06	1	1501.35	1	0.001	273.249	301.462
376	175.35	1	2.36377e+06	1	719515	1	3.20065e+06	1	1501.35	1	0.00316228	273.25	301.462
376	175.35	1	2.36377e+06	1	719515	1	3.20065e+06	1	1501.35	1	0.01	273.25	301.462
376	175.35	1	2.36377e+06	1	719515	1	3.20065e+06	1	1501.35	1	0.0316228	273.251	301.462
376	175.35	1	2.36377e+06	1	719515	1	3.20065e+06	1	1501.35	1	0.1	273.256	301.463
376	175.35	1	2.36377e+06	1	719515	1	3.20065e+06	1	1501.35	1	0.316228	273.269	301.468
376	175.35	1	2.36377e+06	1	719515	1	3.20065e+06	1	1501.35	1	1	273.311	301.481
376	175.35	1	2.36377e+06	1	719515	1	3.20065e+06	1	1501.35	1	3.16228	273.44	301.521
376	175.35	1	2.36377e+06	1	719515	1	3.20065e+06	1	1501.35	1	10	273.831	301.643
376	175.35	1	2.36377e+06	1	719515	1	3.20065e+06	1	1501.35	1	31.6228	274.922	301.991
376	175.35	1	2.36377e+06	1	719515	1	3.20065e+06	1	1501.35	1	100	277.447	302.86
377	145.715	1	549338	1	1.37091e+06	1	1.12419e+06	1	1644.1	1	0	273.249	301.462
377	145.715	1	549338	1	1.37091e+06	1	1.12419e+06	1	1644.1	1	0.001	273.249	301.462
377	145.715	1	549338	1	1.37091e+06	1	1.12419e+06	1	1644.1	1	0.00316228	273.25	301.462
377	145.715	1	549338	1	1.37091e+06	1	1.12419e+06	1	1644.1	1	0.01	273.25	301.462
377	145.715	1	549338	1	1.37091e+06	1	1.12419e+06	1	1644.1	1	0.0316228	273.252	301.462
377	145.715	1	549338	1	1.37091e+06	1	1.12419e+06	1	1644.1	1	0.1	273.257	301.464
377	145.715	1	549338	1	1.37091e+06	1	1.12419e+06	1	1644.1	1	0.316228	273.273	301.469
377	145.715	1	549338	1	1.37091e+06	1	1.12419e+06	1	1644.1	1	1	273.323	301.484
377	145.715	1	549338	1	1.37091e+06	1	1.12419e+06	1	1644.1	1	3.16228	273.477	301.532
377	145.715	1	549338	1	1.37091e+06	1	1.12419e+06	1	1644.1	1	10	273.939	301.674
377	145.715	1	549338	1	1.37091e+06	1	1.12419e+06	1	1644.1	1	31.6228	275.208	302.075
377	145.715	1	549338	1	1.37091e+06	1	1.12419e+06	1	1644.1	1	100	277.934	303.025
378	157.123	1	905822	1	1.38444e+06	1	922431	1	2381.86	1	0	273.249	301.462
378	157.123	1	905822	1	1.38444e+06	1	922431	1	2381.86	1	0.001	273.249	301.462
378	157.123	1	905822	1	1.38444e+06	1	922431	1	2381.86	1	0.00316228	273.25	301.462
378	157.123	1	905822	1	1.38444e+06	1	922431	1	2381.86	1	0.01	273.25	301.462
378	157.123	1	905822	1	1.38444e+06	1	922431	1	2381.86	1	0.0316228	273.252	301.462
378	157.123	1	905822	1	1.38444e+06	1	922431	1	2381.86	1	0.1	273.256	301.464
378	157.123	1	905822	1	1.38444e+06	1	922431	1	2381.86	1	0.316228	273.271	301.468
378	157.123	1	905822	1	1.38444e+06	1	922431	1	2381.86	1	1	273.317	301.482
378	157.123	1	905822	1	1.38444e+06	1	922431	1	2381.86	1	3.16228	273.461	301.526
378	157.123	1	905822	1	1.38444e+06	1	922431	1	2381.86	1	10	273.89	301.657
378	157.123	1	905822	1	1.38444e+06	1	922431	1	2381.86	1	31.6228	275.079	302.029
378	157.123	1	905822	1	1.38444e+06	1	922431	1	2381.86	1	100	277.715	302.923
379	231.277	1	2.36579e+06	1	1.95671e+06	1	1.71983e+06	1	1270.04	1	0	273.249	301.462
379	231.277	1	2.36579e+06	1	1.95671e+06	1	1.71983e+06	1	1270.04	1	0.001	273.249	301.462
379	231.277	1	2.36579e+06	1	1.95671e+06	1	1.71983e+06	1	1270.04	1	0.00316228	273.25	301.462
379	231.277	1	2.36579e+06	1	1.95671e+06	1	1.71983e+06	1	1270.04	1	0.01	273.25	301.462
379	231.277	1	2.36579e+06	1	1.95671e+06	1	1.71983e+06	1	1270.04	1	0.0316228	273.251	301.462
379	231.277	1	2.36579e+06	1	1.95671e+06	1	1.71983e+06	1	1270.04	1	0.1	273.254	301.463
379	231.277	1	2.36579e+06	1	1.95671e+06	1	1.71983e+06	1	1270.04	1	0.316228	273.264	301.466
379	231.277	1	2.36579e+06	1	1.95671e+06	1	1.71983e+06	1	1270.04	1	1	273.296	301.476
379	231.277	1	2.36579e+06	1	1.95671e+06	1	1.71983e+06	1	1270.04	1	3.16228	273.396	301.508
379	231.277	1	2.36579e+06	1	1.95671e+06	1	1.71983e+06	1	1270.04	1	10	273.7	301.606
379	231.277	1	2.36579e+06	1	1.95671e+06	1	1.71983e+06	1	1270.04	1	31.6228	274.56	301.883
379	231.277	1	2.36579e+06	1	1.95671e+06	1	1.71983e+06	1	1270.04	1	100	276.726	302.635
380	109.164	1	1.60598e+06	1	935046	1	1.18176e+06	1	2074.4	1	0	273.249	301.462
380	109.164	1	1.60598e+06	1	935046	1	1.18176e+06	1	2074.4	1	0.001	273.25	301.462
380	109.164	1	1.60598e+06	1	935046	1	1.18176e+06	1	2074.4	1	0.00316228	273.25	301.462
380	109.164	1	1.60598e+06	1	935046	1	1.18176e+06	1	2074.4	1	0.01	273.25	301.462
380	109.164	1	1.60598e+06	1	935046	1	1.18176e+06	1	2074.4	1	0.0316228	273.253	301.463
380	109.164	1	1.60598e+06	1	935046	1	1.18176e+06	1	2074.4	1	0.1	273.259	301.465
380	109.164	1	1.60598e+06	1	935046	1	1.18176e+06	1	2074.4	1	0.316228	273.28	301.471
380	109.164	1	1.60598e+06	1	935046	1	1.18176e+06	1	2074.4	1	1	273.346	301.491
380	109.164	1	1.60598e+06	1	935046	1	1.18176e+06	1	2074.4	1	3.16228	273.55	301.553
380	109.164	1	1.60598e+06	1	935046	1	1.18176e+06	1	2074.4	1	10	274.147	301.735
380	109.164	1	1.60598e+06	1	935046	1	1.18176e+06	1	2074.4	1	31.6228	275.732	302.235
380	109.164	1	1.60598e+06	1	935046	1	1.18176e+06	1	2074.4	1	100	278.728	303.312
381	147.63	1	1.09692e+06	1	684160	1	972031	1	3175.89	1	0	273.249	301.462
381	147.63	1	1.09692e+06	1	684160	1	972031	1	3175.89	1	0.001	273.249	301.462
381	147.63	1	1.09692e+06	1	684160	1	972031	1	3175.89	1	0.00316228	273.25	301.462
381	147.63	1	1.09692e+06	1	684160	1	972031	1	3175.89	1	0.01	273.25	301.462
381	147.63	1	1.09692e+06	1	684160	1	972031	1	3175.89	1	0.0316228	273.252	301.462
381	147.63	1	1.09692e+06	1	684160	1	972031	1	3175.89	1	0.1	273.257	301.464
381	147.63	1	1.09692e+06	1	684160	1	972031	1	3175.89	1	0.316228	273.272	301.468
381	147.63	1	1.09692e+06	1	684160	1	972031	1	3175.89	1	1	273.321	301.483
381	147.63	1	1.09692e+06	1	684160	1	972031	1	3175.89	1	3.16228	273.473	301.529
381	147.63	1	1.09692e+06	1	684160	1	972031	1	3175.89	1	10	273.927	301.667
381	147.63	1	1.09692e+06	1	684160	1	972031	1	3175.89	1	31.6228	275.176	302.056
381	147.63	1	1.09692e+06	1	684160	1	972031	1	3175.89	1	100	277.875	302.972
382	150.982	1	826797	1	773888	1	920458	1	1770.4	1	0	273.249	301.462
382	150.982	1	826797	1	773888	1	920458	1	1770.4	1	0.001	273.249	301.462
382	150.982	1	826797	1	773888	1	920458	1	1770.4	1	0.00316228	273.25	301.462
382	150.982	1	826797	1	773888	1	920458	1	1770.4	1	0.01	273.25	301.462
382	150.982	1	826797	1	773888	1	920458	1	1770.4	1	0.0316228	273.252	301.462
382	150.982	1	826797	1	773888	1	920458	1	1770.4	1	0.1	273.257	301.464
382	150.982	1	826797	1	773888	1	920458	1	1770.4	1	0.316228	273.272	301.468
382	150.982	1	826797	1	773888	1	920458	1	1770.4	1	1	273.32	301.483
382	150.982	1	826797	1	773888	1	920458	1	1770.4	1	3.16228	273.47	301.529
382	150.982	1	826797	1	773888	1	920458	1	1770.4	1	10	273.916	301.667
382	150.982	1	826797	1	773888	1	920458	1	1770.4	1	31.6228	275.15	302.057
382	150.982	1	826797	1	773888	1	920458	1	1770.4	1	100	277.84	302.989
383	237.652	1	1.04061e+06	1	2.70088e+06	1	1.39394e+06	1	1467.47	1	0	273.249	301.462
383	237.652	1	1.04061e+06	1	2.70088e+06	1	1.39394e+06	1	1467.47	1	0.001	273.249	301.462
383	237.652	1	1.04061e+06	1	2.70088e+06	1	1.39394e+06	1	1467.47	1	0.00316228	273.25	301.462
383	237.652	1	1.04061e+06	1	2.70088e+06	1	1.39394e+06	1	1467.47	1	0.01	273.25	301.462
383	237.652	1	1.04061e+06	1	2.70088e+06	1	1.39394e+06	1	1467.47	1	0.0316228	273.251	301.462
383	237.652	1	1.04061e+06	1	2.70088e+06	1	1.39394e+06	1	1467.47	1	0.1	273.254	301.463
383	237.652	1	1.04061e+06	1	2.70088e+06	1	1.39394e+06	1	1467.47	1	0.316228	273.264	301.466
383	237.652	1	1.04061e+06	1	2.70088e+06	1	1.39394e+06	1	1467.47	1	1	273.295	301.476
383	237.652	1	1.04061e+06	1	2.70088e+06	1	1.39394e+06	1	1467.47	1	3.16228	273.392	301.507
383	237.652	1	1.04061e+06	1	2.70088e+06	1	1.39394e+06	1	1467.47	1	10	273.687	301.6
383	237.652	1	1.04061e+06	1	2.70088e+06	1	1.39394e+06	1	1467.47	1	31.6228	274.524	301.868
383	237.652	1	1.04061e+06	1	2.70088e+06	1	1.39394e+06	1	1467.47	1	100	276.642	302.593
384	144.586	1	387656	1	1.15525e+06	1	496021	1	1112.66	1	0	273.249	301.462
384	144.586	1	387656	1	1.15525e+06	1	496021	1	1112.66	1	0.001	273.249	301.462
384	144.586	1	387656	1	1.15525e+06	1	496021	1	1112.66	1	0.00316228	273.25	301.462
384	144.586	1	387656	1	1.15525e+06	1	496021	1	1112.66	1	0.01	273.25	301.462
384	144.586	1	387656	1	1.15525e+06	1	496021	1	1112.66	1	0.0316228	273.252	301.462
384	144.586	1	387656	1	1.15525e+06	1	496021	1	1112.66	1	0.1	273.257	301.464
384	144.586	1	387656	1	1.15525e+06	1	496021	1	1112.66	1	0.316228	273.273	301.469
384	144.586	1	387656	1	1.15525e+06	1	496021	1	1112.66	1	1	273.324	301.485
384	144.586	1	387656	1	1.15525e+06	1	496021	1	1112.66	1	3.16228	273.48	301.534
384	144.586	1	387656	1	1.15525e+06	1	496021	1	1112.66	1	10	273.948	301.681
384	144.586	1	387656	1	1.15525e+06	1	496021	1	1112.66	1	31.6228	275.234	302.096
384	144.586	1	387656	1	1.15525e+06	1	496021	1	1112.66	1	100	277.989	303.083
385	311.018	1	954077	1	1.33866e+06	1	838462	1	3433.66	1	0	273.249	301.462
385	311.018	1	954077	1	1.33866e+06	1	838462	1	3433.66	1	0.001	273.249	301.462
385	311.018	1	954077	1	1.33866e+06	1	838462	1	3433.66	1	0.00316228	273.25	301.462
385	311.018	1	954077	1	1.33866e+06	1	838462	1	3433.66	1	0.01	273.25	301.462
385	311.018	1	954077	1	1.33866e+06	1	838462	1	3433.66	1	0.0316228	273.251	301.462
385	311.018	1	954077	1	1.33866e+06	1	838462	1	3433.66	1	0.1	273.253	301.463
385	311.018	1	954077	1	1.33866e+06	1	838462	1	3433.66	1	0.316228	273.26	301.465
385	311.018	1	954077	1	1.33866e+06	1	838462	1	3433.66	1	1	273.284	301.472
385	311.018	1	954077	1	1.33866e+06	1	838462	1	3433.66	1	3.16228	273.358	301.495
385	311.018	1	954077	1	1.33866e+06	1	838462	1	3433.66	1	10	273.584	301.565
385	311.018	1	954077	1	1.33866e+06	1	838462	1	3433.66	1	31.6228	274.242	301.769
385	311.018	1	954077	1	1.33866e+06	1	838462	1	3433.66	1	100	275.967	302.328
386	171.318	1	567090	1	1.06494e+06	1	1.06761e+06	1	1807.66	1	0	273.249	301.462
386	171.318	1	567090	1	1.06494e+06	1	1.06761e+06	1	1807.66	1	0.001	273.249	301.462
386	171.318	1	567090	1	1.06494e+06	1	1.06761e+06	1	1807.66	1	0.00316228	273.25	301.462
386	171.318	1	567090	1	1.06494e+06	1	1.06761e+06	1	1807.66	1	0.01	273.25	301.462
386	171.318	1	567090	1	1.06494e+06	1	1.06761e+06	1	1807.66	1	0.0316228	273.251	301.462
386	171.318	1	567090	1	1.06494e+06	1	1.06761e+06	1	1807.66	1	0.1	273.256	301.463
386	171.318	1	567090	1	1.06494e+06	1	1.06761e+06	1	1807.66	1	0.316228	273.269	301.468
386	171.318	1	567090	1	1.06494e+06	1	1.06761e+06	1	1807.66	1	1	273.312	301.481
386	171.318	1	567090	1	1.06494e+06	1	1.06761e+06	1	1807.66	1	3.16228	273.444	301.522
386	171.318	1	567090	1	1.06494e+06	1	1.06761e+06	1	1807.66	1	10	273.842	301.644
386	171.318	1	567090	1	1.06494e+06	1	1.06761e+06	1	1807.66	1	31.6228	274.95	301.993
386	171.318	1	567090	1	1.06494e+06	1	1.06761e+06	1	1807.66	1	100	277.493	302.857
387	172.048	1	1.3062e+06	1	670738	1	1.14152e+06	1	1809.39	1	0	273.249	301.462
387	172.048	1	1.3062e+06	1	670738	1	1.14152e+06	1	1809.39	1	0.001	273.249	301.462
387	172.048	1	1.3062e+06	1	670738	1	1.14152e+06	1	1809.39	1	0.00316228	273.25	301.462
387	172.048	1	1.3062e+06	1	670738	1	1.14152e+06	1	1809.39	1	0.01	273.25	301.462
387	172.048	1	1.3062e+06	1	670738	1	1.14152e+06	1	1809.39	1	0.0316228	273.251	301.462
387	172.048	1	1.3062e+06	1	670738	1	1.14152e+06	1	1809.39	1	0.1	273.256	301.463
387	172.048	1	1.3062e+06	1	670738	1	1.14152e+06	1	1809.39	1	0.316228	273.269	301.468
387	172.048	1	1.3062e+06	1	670738	1	1.14152e+06	1	1809.39	1	1	273.312	301.481
387	172.048	1	1.3062e+06	1	670738	1	1.14152e+06	1	1809.39	1	3.16228	273.443	301.522
387	172.048	1	1.3062e+06	1	670738	1	1.14152e+06	1	1809.39	1	10	273.84	301.645
387	172.048	1	1.3062e+06	1	670738	1	1.14152e+06	1	1809.39	1	31.6228	274.946	301.994
387	172.048	1	1.3062e+06	1	670738	1	1.14152e+06	1	1809.39	1	100	277.489	302.862
388	157.374	1	1.50236e+06	1	930189	1	1.48209e+06	1	1338.87	1	0	273.249	301.462
388	157.374	1	1.50236e+06	1	930189	1	1.48209e+06	1	1338.87	1	0.001	273.249	301.462
388	157.374	1	1.50236e+06	1	930189	1	1.48209e+06	1	1338.87	1	0.00316228	273.25	301.462
388	157.374	1	1.50236e+06	1	930189	1	1.48209e+06	1	1338.87	1	0.01	273.25	301.462
388	157.374	1	1.50236e+06	1	930189	1	1.48209e+06	1	1338.87	1	0.0316228	273.252	301.462
388	157.374	1	1.50236e+06	1	930189	1	1.48209e+06	1	1338.87	1	0.1	273.256	301.464
388	157.374	1	1.50236e+06	1	930189	1	1.48209e+06	1	1338.87	1	0.316228	273.271	301.468
388	157.374	1	1.50236e+06	1	930189	1	1.48209e+06	1	1338.87	1	1	273.317	301.483
388	157.374	1	1.50236e+06	1	930189	1	1.48209e+06	1	1338.87	1	3.16228	273.462	301.528
388	157.374	1	1.50236e+06	1	930189	1	1.48209e+06	1	1338.87	1	10	273.894	301.663
388	157.374	1	1.50236e+06	1	930189	1	1.48209e+06	1	1338.87	1	31.6228	275.091	302.046
388	157.374	1	1.50236e+06	1	930189	1	1.48209e+06	1	1338.87	1	100	277.749	302.977
389	189.175	1	1.73076e+06	1	565983	1	566898	1	902.742	1	0	273.249	301.462
389	189.175	1	1.73076e+06	1	565983	1	566898	1	902.742	1	0.001	273.249	301.462
389	189.175	1	1.73076e+06	1	565983	1	566898	1	902.742	1	0.00316228	273.25	301.462
389	189.175	1	1.73076e+06	1	565983	1	566898	1	902.742	1	0.01	273.25	301.462
389	189.175	1	1.73076e+06	1	565983	1	566898	1	902.742	1	0.0316228	273.251	301.462
389	189.175	1	1.73076e+06	1	565983	1	566898	1	902.742	1	0.1	273.255	301.463
389	189.175	1	1.73076e+06	1	565983	1	566898	1	902.742	1	0.316228	273.268	301.467
389	189.175	1	1.73076e+06	1	565983	1	566898	1	902.742	1	1	273.307	301.48
389	189.175	1	1.73076e+06	1	565983	1	566898	1	902.742	1	3.16228	273.429	301.52
389	189.175	1	1.73076e+06	1	565983	1	566898	1	902.742	1	10	273.799	301.64
389	189.175	1	1.73076e+06	1	565983	1	566898	1	902.742	1	31.6228	274.835	301.984
389	189.175	1	1.73076e+06	1	565983	1	566898	1	902.742	1	100	277.3	302.872
390	152.671	1	2.34478e+06	1	1.03191e+06	1	1.20552e+06	1	2381.66	1	0	273.249	301.462
390	152.671	1	2.34478e+06	1	1.03191e+06	1	1.20552e+06	1	2381.66	1	0.001	273.249	301.462
390	152.671	1	2.34478e+06	1	1.03191e+06	1	1.20552e+06	1	2381.66	1	0.00316228	273.25	301.462
390	152.671	1	2.34478e+06	1	1.03191e+06	1	1.20552e+06	1	2381.66	1	0.01	273.25	301.462
390	152.671	1	2.34478e+06	1	1.03191e+06	1	1.20552e+06	1	2381.66	1	0.0316228	273.252	301.462
390	152.671	1	2.34478e+06	1	1.03191e+06	1	1.20552e+06	1	2381.66	1	0.1	273.256	301.464
390	152.671	1	2.34478e+06	1	1.03191e+06	1	1.20552e+06	1	2381.66	1	0.316228	273.272	301.468
390	152.671	1	2.34478e+06	1	1.03191e+06	1	1.20552e+06	1	2381.66	1	1	273.319	301.483
390	152.671	1	2.34478e+06	1	1.03191e+06	1	1.20552e+06	1	2381.66	1	3.16228	273.467	301.528
390	152.671	1	2.34478e+06	1	1.03191e+06	1	1.20552e+06	1	2381.66	1	10	273.908	301.663
390	152.671	1	2.34478e+06	1	1.03191e+06	1	1.20552e+06	1	2381.66	1	31.6228	275.126	302.044
390	152.671	1	2.34478e+06	1	1.03191e+06	1	1.20552e+06	1	2381.66	1	100	277.796	302.956
391	144.647	1	1.56427e+06	1	1.19219e+06	1	676223	1	1715.32	1	0	273.249	301.462
391	144.647	1	1.56427e+06	1	1.19219e+06	1	676223	1	1715.32	1	0.001	273.249	301.462
391	144.647	1	1.56427e+06	1	1.19219e+06	1	676223	1	1715.32	1	0.00316228	273.25	301.462
391	144.647	1	1.56427e+06	1	1.19219e+06	1	676223	1	1715.32	1	0.01	273.25	301.462
391	144.647	1	1.56427e+06	1	1.19219e+06	1	676223	1	1715.32	1	0.0316228	273.252	301.462
391	144.647	1	1.56427e+06	1	1.19219e+06	1	676223	1	1715.32	1	0.1	273.257	301.464
391	144.647	1	1.56427e+06	1	1.19219e+06	1	676223	1	1715.32	1	0.316228	273.273	301.469
391	144.647	1	1.56427e+06	1	1.19219e+06	1	676223	1	1715.32	1	1	273.323	301.484
391	144.647	1	1.56427e+06	1	1.19219e+06	1	676223	1	1715.32	1	3.16228	273.479	301.532
391	144.647	1	1.56427e+06	1	1.19219e+06	1	676223	1	1715.32	1	10	273.944	301.676
391	144.647	1	1.56427e+06	1	1.19219e+06	1	676223	1	1715.32	1	31.6228	275.223	302.082
391	144.647	1	1.56427e+06	1	1.19219e+06	1	676223	1	1715.32	1	100	277.963	303.041
392	126.123	1	338226	1	766776	1	1.07267e+06	1	1918.79	1	0	273.249	301.462
392	126.123	1	338226	1	766776	1	1.07267e+06	1	1918.79	1	0.001	273.25	301.462
392	126.123	1	338226	1	766776	1	1.07267e+06	1	1918.79	1	0.00316228	273.25	301.462
392	126.123	1	338226	1	766776	1	1.07267e+06	1	1918.79	1	0.01	273.25	301.462
392	126.123	1	338226	1	766776	1	1.07267e+06	1	1918.79	1	0.0316228	273.252	301.462
392	126.123	1	338226	1	766776	1	1.07267e+06	1	1918.79	1	0.1	273.258	301.464
392	126.123	1	338226	1	766776	1	1.07267e+06	1	1918.79	1	0.316228	273.276	301.47
392	126.123	1	338226	1	766776	1	1.07267e+06	1	1918.79	1	1	273.333	301.487
392	126.123	1	338226	1	766776	1	1.07267e+06	1	1918.79	1	3.16228	273.511	301.541
392	126.123	1	338226	1	766776	1	1.07267e+06	1	1918.79	1	10	274.035	301.701
392	126.123	1	338226	1	766776	1	1.07267e+06	1	1918.79	1	31.6228	275.454	302.147
392	126.123	1	338226	1	766776	1	1.07267e+06	1	1918.79	1	100	278.315	303.154
393	98.705	1	1.50764e+06	1	833138	1	1.75662e+06	1	840.496	1	0	273.249	301.462
393	98.705	1	1.50764e+06	1	833138	1	1.75662e+06	1	840.496	1	0.001	273.25	301.462
393	98.705	1	1.50764e+06	1	833138	1	1.75662e+06	1	840.496	1	0.00316228	273.25	301.462
393	98.705	1	1.50764e+06	1	833138	1	1.75662e+06	1	840.496	1	0.01	273.251	301.462
393	98.705	1	1.50764e+06	1	833138	1	1.75662e+06	1	840.496	1	0.0316228	273.253	301.463
393	98.705	1	1.50764e+06	1	833138	1	1.75662e+06	1	840.496	1	0.1	273.26	301.465
393	98.705	1	1.50764e+06	1	833138	1	1.75662e+06	1	840.496	1	0.316228	273.284	301.472
393	98.705	1	1.50764e+06	1	833138	1	1.75662e+06	1	840.496	1	1	273.358	301.495
393	98.705	1	1.50764e+06	1	833138	1	1.75662e+06	1	840.496	1	3.16228	273.584	301.566
393	98.705	1	1.50764e+06	1	833138	1	1.75662e+06	1	840.496	1	10	274.242	301.772
393	98.705	1	1.50764e+06	1	833138	1	1.75662e+06	1	840.496	1	31.6228	275.967	302.336
393	98.705	1	1.50764e+06	1	833138	1	1.75662e+06	1	840.496	1	100	279.05	303.526
394	110.38	1	147984	1	3.3864e+06	1	1.05991e+06	1	1328.04	1	0	273.249	301.462
394	110.38	1	147984	1	3.3864e+06	1	1.05991e+06	1	1328.04	1	0.001	273.25	301.462
394	110.38	1	147984	1	3.3864e+06	1	1.05991e+06	1	1328.04	1	0.00316228	273.25	301.462
394	110.38	1	147984	1	3.3864e+06	1	1.05991e+06	1	1328.04	1	0.01	273.25	301.462
394	110.38	1	147984	1	3.3864e+06	1	1.05991e+06	1	1328.04	1	0.0316228	273.252	301.462
394	110.38	1	147984	1	3.3864e+06	1	1.05991e+06	1	1328.04	1	0.1	273.259	301.465
394	110.38	1	147984	1	3.3864e+06	1	1.05991e+06	1	1328.04	1	0.316228	273.28	301.471
394	110.38	1	147984	1	3.3864e+06	1	1.05991e+06	1	1328.04	1	1	273.345	301.491
394	110.38	1	147984	1	3.3864e+06	1	1.05991e+06	1	1328.04	1	3.16228	273.547	301.552
394	110.38	1	147984	1	3.3864e+06	1	1.05991e+06	1	1328.04	1	10	274.137	301.732
394	110.38	1	147984	1	3.3864e+06	1	1.05991e+06	1	1328.04	1	31.6228	275.709	302.229
394	110.38	1	147984	1	3.3864e+06	1	1.05991e+06	1	1328.04	1	100	278.68	303.302
395	131.126	1	1.136e+06	1	2.35977e+06	1	888223	1	1599.96	1	0	273.249	301.462
395	131.126	1	1.136e+06	1	2.35977e+06	1	888223	1	1599.96	1	0.001	273.25	301.462
395	131.126	1	1.136e+06	1	2.35977e+06	1	888223	1	1599.96	1	0.00316228	273.25	301.462
395	131.126	1	1.136e+06	1	2.35977e+06	1	888223	1	1599.96	1	0.01	273.25	301.462
395	131.126	1	1.136e+06	1	2.35977e+06	1	888223	1	1599.96	1	0.0316228	273.252	301.462
395	131.126	1	1.136e+06	1	2.35977e+06	1	888223	1	1599.96	1	0.1	273.258	301.464
395	131.126	1	1.136e+06	1	2.35977e+06	1	888223	1	1599.96	1	0.316228	273.275	301.469
395	131.126	1	1.136e+06	1	2.35977e+06	1	888223	1	1599.96	1	1	273.331	301.486
395	131.126	1	1.136e+06	1	2.35977e+06	1	888223	1	1599.96	1	3.16228	273.502	301.539
395	131.126	1	1.136e+06	1	2.35977e+06	1	888223	1	1599.96	1	10	274.01	301.696
395	131.126	1	1.136e+06	1	2.35977e+06	1	888223	1	1599.96	1	31.6228	275.393	302.135
395	131.126	1	1.136e+06	1	2.35977e+06	1	888223	1	1599.96	1	100	278.23	303.142
396	137.333	1	1.2076e+06	1	1.06468e+06	1	1.24179e+06	1	2268.24	1	0	273.249	301.462
396	137.333	1	1.2076e+06	1	1.06468e+06	1	1.24179e+06	1	2268.24	1	0.001	273.25	301.462
396	137.333	1	1.2076e+06	1	1.06468e+06	1	1.24179e+06	1	2268.24	1	0.00316228	273.25	301.462
396	137.333	1	1.2076e+06	1	1.06468e+06	1	1.24179e+06	1	2268.24	1	0.01	273.25	301.462
396	137.333	1	1.2076e+06	1	1.06468e+06	1	1.24179e+06	1	2268.24	1	0.0316228	273.252	301.462
396	137.333	1	1.2076e+06	1	1.06468e+06	1	1.24179e+06	1	2268.24	1	0.1	273.257	301.464
396	137.333	1	1.2076e+06	1	1.06468e+06	1	1.24179e+06	1	2268.24	1	0.316228	273.274	301.469
396	137.333	1	1.2076e+06	1	1.06468e+06	1	1.24179e+06	1	2268.24	1	1	273.327	301.485
396	137.333	1	1.2076e+06	1	1.06468e+06	1	1.24179e+06	1	2268.24	1	3.16228	273.49	301.535
396	137.333	1	1.2076e+06	1	1.06468e+06	1	1.24179e+06	1	2268.24	1	10	273.976	301.683
396	137.333	1	1.2076e+06	1	1.06468e+06	1	1.24179e+06	1	2268.24	1	31.6228	275.303	302.1
396	137.333	1	1.2076e+06	1	1.06468e+06	1	1.24179e+06	1	2268.24	1	100	278.083	303.064
397	125.517	1	923662	1	522109	1	745325	1	1385.29	1	0	273.249	301.462
397	125.517	1	923662	1	522109	1	745325	1	1385.29	1	0.001	273.25	301.462
397	125.517	1	923662	1	522109	1	745325	1	1385.29	1	0.00316228	273.25	301.462
397	125.517	1	923662	1	522109	1	745325	1	1385.29	1	0.01	273.25	301.462
397	125.517	1	923662	1	522109	1	745325	1	1385.29	1	0.0316228	273.252	301.462
397	125.517	1	923662	1	522109	1	745325	1	1385.29	1	0.1	273.258	301.464
397	125.517	1	923662	1	522109	1	745325	1	1385.29	1	0.316228	273.276	301.47
397	125.517	1	923662	1	522109	1	745325	1	1385.29	1	1	273.334	301.488
397	125.517	1	923662	1	522109	1	745325	1	1385.29	1	3.16228	273.514	301.543
397	125.517	1	923662	1	522109	1	745325	1	1385.29	1	10	274.043	301.707
397	125.517	1	923662	1	522109	1	745325	1	1385.29	1	31.6228	275.478	302.166
397	125.517	1	923662	1	522109	1	745325	1	1385.29	1	100	278.365	303.21
398	160.23	1	1.05969e+06	1	1.17422e+06	1	1.04937e+06	1	1218.09	1	0	273.249	301.462
398	160.23	1	1.05969e+06	1	1.17422e+06	1	1.04937e+06	1	1218.09	1	0.001	273.249	301.462
398	160.23	1	1.05969e+06	1	1.17422e+06	1	1.04937e+06	1	1218.09	1	0.00316228	273.25	301.462
398	160.23	1	1.05969e+06	1	1.17422e+06	1	1.04937e+06	1	1218.09	1	0.01	273.25	301.462
398	160.23	1	1.05969e+06	1	1.17422e+06	1	1.04937e+06	1	1218.09	1	0.0316228	273.252	301.462
398	160.23	1	1.05969e+06	1	1.17422e+06	1	1.04937e+06	1	1218.09	1	0.1	273.256	301.464
398	160.23	1	1.05969e+06	1	1.17422e+06	1	1.04937e+06	1	1218.09	1	0.316228	273.271	301.468
398	160.23	1	1.05969e+06	1	1.17422e+06	1	1.04937e+06	1	1218.09	1	1	273.316	301.483
398	160.23	1	1.05969e+06	1	1.17422e+06	1	1.04937e+06	1	1218.09	1	3.16228	273.458	301.527
398	160.23	1	1.05969e+06	1	1.17422e+06	1	1.04937e+06	1	1218.09	1	10	273.884	301.661
398	160.23	1	1.05969e+06	1	1.17422e+06	1	1.04937e+06	1	1218.09	1	31.6228	275.065	302.041
398	160.23	1	1.05969e+06	1	1.17422e+06	1	1.04937e+06	1	1218.09	1	100	277.71	302.97
399	92.0713	1	1.29355e+06	1	1.3677e+06	1	981608	1	1187.95	1	0	273.249	301.462
399	92.0713	1	1.29355e+06	1	1.3677e+06	1	981608	1	1187.95	1	0.001	273.25	301.462
399	92.0713	1	1.29355e+06	1	1.3677e+06	1	981608	1	1187.95	1	0.00316228	273.25	301.462
399	92.0713	1	1.29355e+06	1	1.3677e+06	1	981608	1	1187.95	1	0.01	273.251	301.462
399	92.0713	1	1.29355e+06	1	1.3677e+06	1	981608	1	1187.95	1	0.0316228	273.253	301.463
399	92.0713	1	1.29355e+06	1	1.3677e+06	1	981608	1	1187.95	1	0.1	273.261	301.465
399	92.0713	1	1.29355e+06	1	1.3677e+06	1	981608	1	1187.95	1	0.316228	273.286	301.473
399	92.0713	1	1.29355e+06	1	1.3677e+06	1	981608	1	1187.95	1	1	273.365	301.497
399	92.0713	1	1.29355e+06	1	1.3677e+06	1	981608	1	1187.95	1	3.16228	273.605	301.571
399	92.0713	1	1.29355e+06	1	1.3677e+06	1	981608	1	1187.95	1	10	274.3	301.785
399	92.0713	1	1.29355e+06	1	1.3677e+06	1	981608	1	1187.95	1	31.6228	276.105	302.366
399	92.0713	1	1.29355e+06	1	1.3677e+06	1	981608	1	1187.95	1	100	279.137	303.541
400	114.978	1	1.91826e+06	1	899701	1	1.22647e+06	1	1522.49	1	0	273.249	301.462
400	114.978	1	1.91826e+06	1	899701	1	1.22647e+06	1	1522.49	1	0.001	273.25	301.462
400	114.978	1	1.91826e+06	1	899701	1	1.22647e+06	1	1522.49	1	0.00316228	273.25	301.462
400	114.978	1	1.91826e+06	1	899701	1	1.22647e+06	1	1522.49	1	0.01	273.25	301.462
400	114.978	1	1.91826e+06	1	899701	1	1.22647e+06	1	1522.49	1	0.0316228	273.252	301.462
400	114.978	1	1.91826e+06	1	899701	1	1.22647e+06	1	1522.49	1	0.1	273.259	301.464
400	114.978	1	1.91826e+06	1	899701	1	1.22647e+06	1	1522.49	1	0.316228	273.279	301.471
400	114.978	1	1.91826e+06	1	899701	1	1.22647e+06	1	1522.49	1	1	273.342	301.49
400	114.978	1	1.91826e+06	1	899701	1	1.22647e+06	1	1522.49	1	3.16228	273.536	301.55
400	114.978	1	1.91826e+06	1	899701	1	1.22647e+06	1	1522.49	1	10	274.108	301.725
400	114.978	1	1.91826e+06	1	899701	1	1.22647e+06	1	1522.49	1	31.6228	275.639	302.213
400	114.978	1	1.91826e+06	1	899701	1	1.22647e+06	1	1522.49	1	100	278.6	303.287
401	140.489	1	564555	1	1.51145e+06	1	1.93471e+06	1	1062.92	1	0	273.249	301.462
401	140.489	1	564555	1	1.51145e+06	1	1.93471e+06	1	1062.92	1	0.001	273.249	301.462
401	140.489	1	564555	1	1.51145e+06	1	1.93471e+06	1	1062.92	1	0.00316228	273.25	301.462
401	140.489	1	564555	1	1.51145e+06	1	1.93471e+06	1	1062.92	1	0.01	273.25	301.462
401	140.489	1	564555	1	1.51145e+06	1	1.93471e+06	1	1062.92	1	0.0316228	273.252	301.462
401	140.489	1	564555	1	1.51145e+06	1	1.93471e+06	1	1062.92	1	0.1	273.257	301.464
401	140.489	1	564555	1	1.51145e+06	1	1.93471e+06	1	1062.92	1	0.316228	273.274	301.469
401	140.489	1	564555	1	1.51145e+06	1	1.93471e+06	1	1062.92	1	1	273.326	301.485
401	140.489	1	564555	1	1.51145e+06	1	1.93471e+06	1	1062.92	1	3.16228	273.487	301.536
401	140.489	1	564555	1	1.51145e+06	1	1.93471e+06	1	1062.92	1	10	273.967	301.686
401	140.489	1	564555	1	1.51145e+06	1	1.93471e+06	1	1062.92	1	31.6228	275.283	302.111
401	140.489	1	564555	1	1.51145e+06	1	1.93471e+06	1	1062.92	1	100	278.064	303.112
402	192.467	1	719284	1	743861	1	1.31227e+06	1	1763.48	1	0	273.249	301.462
402	192.467	1	719284	1	743861	1	1.31227e+06	1	1763.48	1	0.001	273.249	301.462
402	192.467	1	719284	1	743861	1	1.31227e+06	1	1763.48	1	0.00316228	273.25	301.462
402	192.467	1	719284	1	743861	1	1.31227e+06	1	1763.48	1	0.01	273.25	301.462
402	192.467	1	719284	1	743861	1	1.31227e+06	1	1763.48	1	0.0316228	273.251	301.462
402	192.467	1	719284	1	743861	1	1.31227e+06	1	1763.48	1	0.1	273.255	301.463
402	192.467	1	719284	1	743861	1	1.31227e+06	1	1763.48	1	0.316228	273.267	301.467
402	192.467	1	719284	1	743861	1	1.31227e+06	1	1763.48	1	1	273.305	301.479
402	192.467	1	719284	1	743861	1	1.31227e+06	1	1763.48	1	3.16228	273.423	301.516
402	192.467	1	719284	1	743861	1	1.31227e+06	1	1763.48	1	10	273.781	301.627
402	192.467	1	719284	1	743861	1	1.31227e+06	1	1763.48	1	31.6228	274.783	301.943
402	192.467	1	719284	1	743861	1	1.31227e+06	1	1763.48	1	100	277.177	302.757
403	146.424	1	1.0362e+06	1	1.72662e+06	1	995857	1	2664.39	1	0	273.249	301.462
403	146.424	1	1.0362e+06	1	1.72662e+06	1	995857	1	2664.39	1	0.001	273.249	301.462
403	146.424	1	1.0362e+06	1	1.72662e+06	1	995857	1	2664.39	1	0.00316228	273.25	301.462
403	146.424	1	1.0362e+06	1	1.72662e+06	1	995857	1	2664.39	1	0.01	273.25	301.462
403	146.424	1	1.0362e+06	1	1.72662e+06	1	995857	1	2664.39	1	0.0316228	273.252	301.462
403	146.424	1	1.0362e+06	1	1.72662e+06	1	995857	1	2664.39	1	0.1	273.257	301.464
403	146.424	1	1.0362e+06	1	1.72662e+06	1	995857	1	2664.39	1	0.316228	273.272	301.469
403	146.424	1	1.0362e+06	1	1.72662e+06	1	995857	1	2664.39	1	1	273.322	301.484
403	146.424	1	1.0362e+06	1	1.72662e+06	1	995857	1	2664.39	1	3.16228	273.475	301.53
403	146.424	1	1.0362e+06	1	1.72662e+06	1	995857	1	2664.39	1	10	273.933	301.67
403	146.424	1	1.0362e+06	1	1.72662e+06	1	995857	1	2664.39	1	31.6228	275.191	302.062
403	146.424	1	1.0362e+06	1	1.72662e+06	1	995857	1	2664.39	1	100	277.901	302.987
404	172.215	1	1.12292e+06	1	1.8123e+06	1	555791	1	996.666	1	0	273.249	301.462
404	172.215	1	1.12292e+06	1	1.8123e+06	1	555791	1	996.666	1	0.001	273.249	301.462
404	172.215	1	1.12292e+06	1	1.8123e+06	1	555791	1	996.666	1	0.00316228	273.25	301.462
404	172.215	1	1.12292e+06	1	1.8123e+06	1	555791	1	996.666	1	0.01	273.25	301.462
404	172.215	1	1.12292e+06	1	1.8123e+06	1	555791	1	996.666	1	0.0316228	273.251	301.462
404	172.215	1	1.12292e+06	1	1.8123e+06	1	555791	1	996.666	1	0.1	273.256	301.464
404	172.215	1	1.12292e+06	1	1.8123e+06	1	555791	1	996.666	1	0.316228	273.269	301.468
404	172.215	1	1.12292e+06	1	1.8123e+06	1	555791	1	996.666	1	1	273.312	301.482
404	172.215	1	1.12292e+06	1	1.8123e+06	1	555791	1	996.666	1	3.16228	273.445	301.524
404	172.215	1	1.12292e+06	1	1.8123e+06	1	555791	1	996.666	1	10	273.847	301.652
404	172.215	1	1.12292e+06	1	1.8123e+06	1	555791	1	996.666	1	31.6228	274.965	302.018
404	172.215	1	1.12292e+06	1	1.8123e+06	1	555791	1	996.666	1	100	277.541	302.935
405	143.888	1	1.35174e+06	1	845803	1	1.0908e+06	1	1641.94	1	0	273.249	301.462
405	143.888	1	1.35174e+06	1	845803	1	1.0908e+06	1	1641.94	1	0.001	273.249	301.462
405	143.888	1	1.35174e+06	1	845803	1	1.0908e+06	1	1641.94	1	0.00316228	273.25	301.462
405	143.888	1	1.35174e+06	1	845803	1	1.0908e+06	1	1641.94	1	0.01	273.25	301.462
405	143.888	1	1.35174e+06	1	845803	1	1.0908e+06	1	1641.94	1	0.0316228	273.252	301.462
405	143.888	1	1.35174e+06	1	845803	1	1.0908e+06	1	1641.94	1	0.1	273.257	301.464
405	143.888	1	1.35174e+06	1	845803	1	1.0908e+06	1	1641.94	1	0.316228	273.273	301.469
405	143.888	1	1.35174e+06	1	845803	1	1.0908e+06	1	1641.94	1	1	273.324	301.484
405	143.888	1	1.35174e+06	1	845803	1	1.0908e+06	1	1641.94	1	3.16228	273.48	301.533
405	143.888	1	1.35174e+06	1	845803	1	1.0908e+06	1	1641.94	1	10	273.948	301.677
405	143.888	1	1.35174e+06	1	845803	1	1.0908e+06	1	1641.94	1	31.6228	275.232	302.085
405	143.888	1	1.35174e+06	1	845803	1	1.0908e+06	1	1641.94	1	100	277.977	303.047
406	181.194	1	596524	1	1.48959e+06	1	579238	1	1267.28	1	0	273.249	301.462
406	181.194	1	596524	1	1.48959e+06	1	579238	1	1267.28	1	0.001	273.249	301.462
406	181.194	1	596524	1	1.48959e+06	1	579238	1	1267.28	1	0.00316228	273.25	301.462
406	181.194	1	596524	1	1.48959e+06	1	579238	1	1267.28	1	0.01	273.25	301.462
406	181.194	1	596524	1	1.48959e+06	1	579238	1	1267.28	1	0.0316228	273.251	301.462
406	181.194	1	596524	1	1.48959e+06	1	579238	1	1267.28	1	0.1	273.255	301.463
406	181.194	1	596524	1	1.48959e+06	1	579238	1	1267.28	1	0.316228	273.268	301.467
406	181.194	1	596524	1	1.48959e+06	1	579238	1	1267.28	1	1	273.309	301.48
406	181.194	1	596524	1	1.48959e+06	1	579238	1	1267.28	1	3.16228	273.435	301.52
406	181.194	1	596524	1	1.48959e+06	1	579238	1	1267.28	1	10	273.816	301.64
406	181.194	1	596524	1	1.48959e+06	1	579238	1	1267.28	1	31.6228	274.879	301.982
406	181.194	1	596524	1	1.48959e+06	1	579238	1	1267.28	1	100	277.371	302.85
407	111.606	1	1.26453e+06	1	1.18095e+06	1	1.26376e+06	1	2486.2	1	0	273.249	301.462
407	111.606	1	1.26453e+06	1	1.18095e+06	1	1.26376e+06	1	2486.2	1	0.001	273.25	301.462
407	111.606	1	1.26453e+06	1	1.18095e+06	1	1.26376e+06	1	2486.2	1	0.00316228	273.25	301.462
407	111.606	1	1.26453e+06	1	1.18095e+06	1	1.26376e+06	1	2486.2	1	0.01	273.25	301.462
407	111.606	1	1.26453e+06	1	1.18095e+06	1	1.26376e+06	1	2486.2	1	0.0316228	273.252	301.462
407	111.606	1	1.26453e+06	1	1.18095e+06	1	1.26376e+06	1	2486.2	1	0.1	273.259	301.464
407	111.606	1	1.26453e+06	1	1.18095e+06	1	1.26376e+06	1	2486.2	1	0.316228	273.28	301.471
407	111.606	1	1.26453e+06	1	1.18095e+06	1	1.26376e+06	1	2486.2	1	1	273.344	301.49
407	111.606	1	1.26453e+06	1	1.18095e+06	1	1.26376e+06	1	2486.2	1	3.16228	273.543	301.551
407	111.606	1	1.26453e+06	1	1.18095e+06	1	1.26376e+06	1	2486.2	1	10	274.127	301.728
407	111.606	1	1.26453e+06	1	1.18095e+06	1	1.26376e+06	1	2486.2	1	31.6228	275.685	302.216
407	111.606	1	1.26453e+06	1	1.18095e+06	1	1.26376e+06	1	2486.2	1	100	278.657	303.273
408	162.864	1	891750	1	849256	1	1.34652e+06	1	2485.27	1	0	273.249	301.462
408	162.864	1	891750	1	849256	1	1.34652e+06	1	2485.27	1	0.001	273.249	301.462
408	162.864	1	891750	1	849256	1	1.34652e+06	1	2485.27	1	0.00316228	273.25	301.462
408	162.864	1	891750	1	849256	1	1.34652e+06	1	2485.27	1	0.01	273.25	301.462
408	162.864	1	891750	1	849256	1	1.34652e+06	1	2485.27	1	0.0316228	273.252	301.462
408	162.864	1	891750	1	849256	1	1.34652e+06	1	2485.27	1	0.1	273.256	301.464
408	162.864	1	891750	1	849256	1	1.34652e+06	1	2485.27	1	0.316228	273.27	301.468
408	162.864	1	891750	1	849256	1	1.34652e+06	1	2485.27	1	1	273.315	301.481
408	162.864	1	891750	1	849256	1	1.34652e+06	1	2485.27	1	3.16228	273.453	301.524
408	162.864	1	891750	1	849256	1	1.34652e+06	1	2485.27	1	10	273.869	301.651
408	162.864	1	891750	1	849256	1	1.34652e+06	1	2485.27	1	31.6228	275.021	302.01
408	162.864	1	891750	1	849256	1	1.34652e+06	1	2485.27	1	100	277.616	302.884
409	167.52	1	189469	1	974702	1	898366	1	720.998	1	0	273.249	301.462
409	167.52	1	189469	1	974702	1	898366	1	720.998	1	0.001	273.249	301.462
409	167.52	1	189469	1	974702	1	898366	1	720.998	1	0.00316228	273.25	301.462
409	167.52	1	189469	1	974702	1	898366	1	720.998	1	0.01	273.25	301.462
409	167.52	1	189469	1	974702	1	898366	1	720.998	1	0.0316228	273.251	301.462
409	167.52	1	189469	1	974702	1	898366	1	720.998	1	0.1	273.256	301.464
409	167.52	1	189469	1	974702	1	898366	1	720.998	1	0.316228	273.27	301.468
409	167.52	1	189469	1	974702	1	898366	1	720.998	1	1	273.314	301.482
409	167.52	1	189469	1	974702	1	898366	1	720.998	1	3.16228	273.451	301.527
409	167.52	1	189469	1	974702	1	898366	1	720.998	1	10	273.864	301.66
409	167.52	1	189469	1	974702	1	898366	1	720.998	1	31.6228	275.012	302.04
409	167.52	1	189469	1	974702	1	898366	1	720.998	1	100	277.626	302.985
410	128.274	1	3.13519e+06	1	781012	1	506791	1	1270.65	1	0	273.249	301.462
410	128.274	1	3.13519e+06	1	781012	1	506791	1	1270.65	1	0.001	273.25	301.462
410	128.274	1	3.13519e+06	1	781012	1	506791	1	1270.65	1	0.00316228	273.25	301.462
410	128.274	1	3.13519e+06	1	781012	1	506791	1	1270.65	1	0.01	273.25	301.462
410	128.274	1	3.13519e+06	1	781012	1	506791	1	1270.65	1	0.0316228	273.252	301.462
410	128.274	1	3.13519e+06	1	781012	1	506791	1	1270.65	1	0.1	273.258	301.464
410	128.274	1	3.13519e+06	1	781012	1	506791	1	1270.65	1	0.316228	273.276	301.47
410	128.274	1	3.13519e+06	1	781012	1	506791	1	1270.65	1	1	273.333	301.487
410	128.274	1	3.13519e+06	1	781012	1	506791	1	1270.65	1	3.16228	273.509	301.542
410	128.274	1	3.13519e+06	1	781012	1	506791	1	1270.65	1	10	274.029	301.704
410	128.274	1	3.13519e+06	1	781012	1	506791	1	1270.65	1	31.6228	275.443	302.16
410	128.274	1	3.13519e+06	1	781012	1	506791	1	1270.65	1	100	278.32	303.205
411	121.965	1	781644	1	381793	1	1.26539e+06	1	1782.39	1	0	273.249	301.462
411	121.965	1	781644	1	381793	1	1.26539e+06	1	1782.39	1	0.001	273.25	301.462
411	121.965	1	781644	1	381793	1	1.26539e+06	1	1782.39	1	0.00316228	273.25	301.462
411	121.965	1	781644	1	381793	1	1.26539e+06	1	1782.39	1	0.01	273.25	301.462
411	121.965	1	781644	1	381793	1	1.26539e+06	1	1782.39	1	0.0316228	273.252	301.462
411	121.965	1	781644	1	381793	1	1.26539e+06	1	1782.39	1	0.1	273.258	301.464
411	121.965	1	781644	1	381793	1	1.26539e+06	1	1782.39	1	0.316228	273.277	301.47
411	121.965	1	781644	1	381793	1	1.26539e+06	1	1782.39	1	1	273.337	301.488
411	121.965	1	781644	1	381793	1	1.26539e+06	1	1782.39	1	3.16228	273.52	301.544
411	121.965	1	781644	1	381793	1	1.26539e+06	1	1782.39	1	10	274.061	301.71
411	121.965	1	781644	1	381793	1	1.26539e+06	1	1782.39	1	31.6228	275.523	302.173
411	121.965	1	781644	1	381793	1	1.26539e+06	1	1782.39	1	100	278.426	303.211
412	204.771	1	1.28685e+06	1	918599	1	1.10412e+06	1	1927.75	1	0	273.249	301.462
412	204.771	1	1.28685e+06	1	918599	1	1.10412e+06	1	1927.75	1	0.001	273.249	301.462
412	204.771	1	1.28685e+06	1	918599	1	1.10412e+06	1	1927.75	1	0.00316228	273.25	301.462
412	204.771	1	1.28685e+06	1	918599	1	1.10412e+06	1	1927.75	1	0.01	273.25	301.462
412	204.771	1	1.28685e+06	1	918599	1	1.10412e+06	1	1927.75	1	0.0316228	273.251	301.462
412	204.771	1	1.28685e+06	1	918599	1	1.10412e+06	1	1927.75	1	0.1	273.255	301.463
412	204.771	1	1.28685e+06	1	918599	1	1.10412e+06	1	1927.75	1	0.316228	273.266	301.467
412	204.771	1	1.28685e+06	1	918599	1	1.10412e+06	1	1927.75	1	1	273.302	301.478
412	204.771	1	1.28685e+06	1	918599	1	1.10412e+06	1	1927.75	1	3.16228	273.413	301.512
412	204.771	1	1.28685e+06	1	918599	1	1.10412e+06	1	1927.75	1	10	273.751	301.618
412	204.771	1	1.28685e+06	1	918599	1	1.10412e+06	1	1927.75	1	31.6228	274.699	301.916
412	204.771	1	1.28685e+06	1	918599	1	1.10412e+06	1	1927.75	1	100	277.01	302.699
413	138.555	1	1.14378e+06	1	1.58946e+06	1	1.46053e+06	1	1561.63	1	0	273.249	301.462
413	138.555	1	1.14378e+06	1	1.58946e+06	1	1.46053e+06	1	1561.63	1	0.001	273.25	301.462
413	138.555	1	1.14378e+06	1	1.58946e+06	1	1.46053e+06	1	1561.63	1	0.00316228	273.25	301.462
413	138.555	1	1.14378e+06	1	1.58946e+06	1	1.46053e+06	1	1561.63	1	0.01	273.25	301.462
413	138.555	1	1.14378e+06	1	1.58946e+06	1	1.46053e+06	1	1561.63	1	0.0316228	273.252	301.462
413	138.555	1	1.14378e+06	1	1.58946e+06	1	1.46053e+06	1	1561.63	1	0.1	273.257	301.464
413	138.555	1	1.14378e+06	1	1.58946e+06	1	1.46053e+06	1	1561.63	1	0.316228	273.274	301.469
413	138.555	1	1.14378e+06	1	1.58946e+06	1	1.46053e+06	1	1561.63	1	1	273.326	301.485
413	138.555	1	1.14378e+06	1	1.58946e+06	1	1.46053e+06	1	1561.63	1	3.16228	273.489	301.535
413	138.555	1	1.14378e+06	1	1.58946e+06	1	1.46053e+06	1	1561.63	1	10	273.972	301.685
413	138.555	1	1.14378e+06	1	1.58946e+06	1	1.46053e+06	1	1561.63	1	31.6228	275.296	302.105
413	138.555	1	1.14378e+06	1	1.58946e+06	1	1.46053e+06	1	1561.63	1	100	278.078	303.086
414	108.237	1	588752	1	381470	1	1.22902e+06	1	900.957	1	0	273.249	301.462
414	108.237	1	588752	1	381470	1	1.22902e+06	1	900.957	1	0.001	273.25	301.462
414	108.237	1	588752	1	381470	1	1.22902e+06	1	900.957	1	0.00316228	273.25	301.462
414	108.237	1	588752	1	381470	1	1.22902e+06	1	900.957	1	0.01	273.25	301.462
414	108.237	1	588752	1	381470	1	1.22902e+06	1	900.957	1	0.0316228	273.253	301.463
414	108.237	1	588752	1	381470	1	1.22902e+06	1	900.957	1	0.1	273.259	301.465
414	108.237	1	588752	1	381470	1	1.22902e+06	1	900.957	1	0.316228	273.281	301.471
414	108.237	1	588752	1	381470	1	1.22902e+06	1	900.957	1	1	273.348	301.492
414	108.237	1	588752	1	381470	1	1.22902e+06	1	900.957	1	3.16228	273.556	301.557
414	108.237	1	588752	1	381470	1	1.22902e+06	1	900.957	1	10	274.162	301.747
414	108.237	1	588752	1	381470	1	1.22902e+06	1	900.957	1	31.6228	275.775	302.273
414	108.237	1	588752	1	381470	1	1.22902e+06	1	900.957	1	100	278.803	303.419
415	178.74	1	451526	1	935756	1	719141	1	1563.64	1	0	273.249	301.462
415	178.74	1	451526	1	935756	1	719141	1	1563.64	1	0.001	273.249	301.462
415	178.74	1	451526	1	935756	1	719141	1	1563.64	1	0.00316228	273.25	301.462
415	178.74	1	451526	1	935756	1	719141	1	1563.64	1	0.01	273.25	301.462
415	178.74	1	451526	1	935756	1	719141	1	1563.64	1	0.0316228	273.251	301.462
415	178.74	1	451526	1	935756	1	719141	1	1563.64	1	0.1	273.255	301.463
415	178.74	1	451526	1	935756	1	719141	1	1563.64	1	0.316228	273.268	301.467
415	178.74	1	451526	1	935756	1	719141	1	1563.64	1	1	273.309	301.48
415	178.74	1	451526	1	935756	1	719141	1	1563.64	1	3.16228	273.437	301.52
415	178.74	1	451526	1	935756	1	719141	1	1563.64	1	10	273.82	301.639
415	178.74	1	451526	1	935756	1	719141	1	1563.64	1	31.6228	274.891	301.979
415	178.74	1	451526	1	935756	1	719141	1	1563.64	1	100	277.386	302.834
416	148.353	1	747580	1	1.00054e+06	1	1.51873e+06	1	2049.42	1	0	273.249	301.462
416	148.353	1	747580	1	1.00054e+06	1	1.51873e+06	1	2049.42	1	0.001	273.249	301.462
416	148.353	1	747580	1	1.00054e+06	1	1.51873e+06	1	2049.42	1	0.00316228	273.25	301.462
416	148.353	1	747580	1	1.00054e+06	1	1.51873e+06	1	2049.42	1	0.01	273.25	301.462
416	148.353	1	747580	1	1.00054e+06	1	1.51873e+06	1	2049.42	1	0.0316228	273.252	301.462
416	148.353	1	747580	1	1.00054e+06	1	1.51873e+06	1	2049.42	1	0.1	273.257	301.464
416	148.353	1	747580	1	1.00054e+06	1	1.51873e+06	1	2049.42	1	0.316228	273.272	301.469
416	148.353	1	747580	1	1.00054e+06	1	1.51873e+06	1	2049.42	1	1	273.321	301.483
416	148.353	1	747580	1	1.00054e+06	1	1.51873e+06	1	2049.42	1	3.16228	273.473	301.53
416	148.353	1	747580	1	1.00054e+06	1	1.51873e+06	1	2049.42	1	10	273.926	301.669
416	148.353	1	747580	1	1.00054e+06	1	1.51873e+06	1	2049.42	1	31.6228	275.173	302.06
416	148.353	1	747580	1	1.00054e+06	1	1.51873e+06	1	2049.42	1	100	277.874	302.989
417	327.099	1	648474	1	1.23581e+06	1	1.5217e+06	1	1657.17	1	0	273.249	301.462
417	327.099	1	648474	1	1.23581e+06	1	1.5217e+06	1	1657.17	1	0.001	273.249	301.462
417	327.099	1	648474	1	1.23581e+06	1	1.5217e+06	1	1657.17	1	0.00316228	273.25	301.462
417	327.099	1	648474	1	1.23581e+06	1	1.5217e+06	1	1657.17	1	0.01	273.25	301.462
417	327.099	1	648474	1	1.23581e+06	1	1.5217e+06	1	1657.17	1	0.0316228	273.25	301.462
417	327.099	1	648474	1	1.23581e+06	1	1.5217e+06	1	1657.17	1	0.1	273.253	301.463
417	327.099	1	648474	1	1.23581e+06	1	1.5217e+06	1	1657.17	1	0.316228	273.26	301.465
417	327.099	1	648474	1	1.23581e+06	1	1.5217e+06	1	1657.17	1	1	273.283	301.472
417	327.099	1	648474	1	1.23581e+06	1	1.5217e+06	1	1657.17	1	3.16228	273.354	301.495
417	327.099	1	648474	1	1.23581e+06	1	1.5217e+06	1	1657.17	1	10	273.572	301.565
417	327.099	1	648474	1	1.23581e+06	1	1.5217e+06	1	1657.17	1	31.6228	274.21	301.771
417	327.099	1	648474	1	1.23581e+06	1	1.5217e+06	1	1657.17	1	100	275.896	302.339
418	163.417	1	819017	1	1.55252e+06	1	748535	1	1330.78	1	0	273.249	301.462
418	163.417	1	819017	1	1.55252e+06	1	748535	1	1330.78	1	0.001	273.249	301.462
418	163.417	1	819017	1	1.55252e+06	1	748535	1	1330.78	1	0.00316228	273.25	301.462
418	163.417	1	819017	1	1.55252e+06	1	748535	1	1330.78	1	0.01	273.25	301.462
418	163.417	1	819017	1	1.55252e+06	1	748535	1	1330.78	1	0.0316228	273.252	301.462
418	163.417	1	819017	1	1.55252e+06	1	748535	1	1330.78	1	0.1	273.256	301.464
418	163.417	1	819017	1	1.55252e+06	1	748535	1	1330.78	1	0.316228	273.27	301.468
418	163.417	1	819017	1	1.55252e+06	1	748535	1	1330.78	1	1	273.315	301.482
418	163.417	1	819017	1	1.55252e+06	1	748535	1	1330.78	1	3.16228	273.454	301.525
418	163.417	1	819017	1	1.55252e+06	1	748535	1	1330.78	1	10	273.872	301.656
418	163.417	1	819017	1	1.55252e+06	1	748535	1	1330.78	1	31.6228	275.032	302.028
418	163.417	1	819017	1	1.55252e+06	1	748535	1	1330.78	1	100	277.65	302.94
419	195.085	1	505765	1	943630	1	633332	1	2135.96	1	0	273.249	301.462
419	195.085	1	505765	1	943630	1	633332	1	2135.96	1	0.001	273.249	301.462
419	195.085	1	505765	1	943630	1	633332	1	2135.96	1	0.00316228	273.25	301.462
419	195.085	1	505765	1	943630	1	633332	1	2135.96	1	0.01	273.25	301.462
419	195.085	1	505765	1	943630	1	633332	1	2135.96	1	0.0316228	273.251	301.462
419	195.085	1	505765	1	943630	1	633332	1	2135.96	1	0.1	273.255	301.463
419	195.085	1	505765	1	943630	1	633332	1	2135.96	1	0.316228	273.267	301.467
419	195.085	1	505765	1	943630	1	633332	1	2135.96	1	1	273.304	301.478
419	195.085	1	505765	1	943630	1	633332	1	2135.96	1	3.16228	273.421	301.514
419	195.085	1	505765	1	943630	1	633332	1	2135.96	1	10	273.773	301.623
419	195.085	1	505765	1	943630	1	633332	1	2135.96	1	31.6228	274.761	301.932
419	195.085	1	505765	1	943630	1	633332	1	2135.96	1	100	277.13	302.73
420	215.352	1	767573	1	829895	1	3.08968e+06	1	1832.15	1	0	273.249	301.462
420	215.352	1	767573	1	829895	1	3.08968e+06	1	1832.15	1	0.001	273.249	301.462
420	215.352	1	767573	1	829895	1	3.08968e+06	1	1832.15	1	0.00316228	273.25	301.462
420	215.352	1	767573	1	829895	1	3.08968e+06	1	1832.15	1	0.01	273.25	301.462
420	215.352	1	767573	1	829895	1	3.08968e+06	1	1832.15	1	0.0316228	273.251	301.462
420	215.352	1	767573	1	829895	1	3.08968e+06	1	1832.15	1	0.1	273.254	301.463
420	215.352	1	767573	1	829895	1	3.08968e+06	1	1832.15	1	0.316228	273.265	301.466
420	215.352	1	767573	1	829895	1	3.08968e+06	1	1832.15	1	1	273.299	301.477
420	215.352	1	767573	1	829895	1	3.08968e+06	1	1832.15	1	3.16228	273.405	301.51
420	215.352	1	767573	1	829895	1	3.08968e+06	1	1832.15	1	10	273.727	301.61
420	215.352	1	767573	1	829895	1	3.08968e+06	1	1832.15	1	31.6228	274.633	301.895
420	215.352	1	767573	1	829895	1	3.08968e+06	1	1832.15	1	100	276.874	302.652
421	133.36	1	1.83429e+06	1	636216	1	289765	1	1836.18	1	0	273.249	301.462
421	133.36	1	1.83429e+06	1	636216	1	289765	1	1836.18	1	0.001	273.25	301.462
421	133.36	1	1.83429e+06	1	636216	1	289765	1	1836.18	1	0.00316228	273.25	301.462
421	133.36	1	1.83429e+06	1	636216	1	289765	1	1836.18	1	0.01	273.25	301.462
421	133.36	1	1.83429e+06	1	636216	1	289765	1	1836.18	1	0.0316228	273.252	301.462
421	133.36	1	1.83429e+06	1	636216	1	289765	1	1836.18	1	0.1	273.257	301.464
421	133.36	1	1.83429e+06	1	636216	1	289765	1	1836.18	1	0.316228	273.275	301.469
421	133.36	1	1.83429e+06	1	636216	1	289765	1	1836.18	1	1	273.329	301.486
421	133.36	1	1.83429e+06	1	636216	1	289765	1	1836.18	1	3.16228	273.498	301.538
421	133.36	1	1.83429e+06	1	636216	1	289765	1	1836.18	1	10	273.999	301.693
421	133.36	1	1.83429e+06	1	636216	1	289765	1	1836.18	1	31.6228	275.367	302.129
421	133.36	1	1.83429e+06	1	636216	1	289765	1	1836.18	1	100	278.199	303.137
422	142.638	1	854891	1	906085	1	876745	1	841.52	1	0	273.249	301.462
422	142.638	1	854891	1	906085	1	876745	1	841.52	1	0.001	273.249	301.462
422	142.638	1	854891	1	906085	1	876745	1	841.52	1	0.00316228	273.25	301.462
422	142.638	1	854891	1	906085	1	876745	1	841.52	1	0.01	273.25	301.462
422	142.638	1	854891	1	906085	1	876745	1	841.52	1	0.0316228	273.252	301.462
422	142.638	1	854891	1	906085	1	876745	1	841.52	1	0.1	273.257	301.464
422	142.638	1	854891	1	906085	1	876745	1	841.52	1	0.316228	273.273	301.469
422	142.638	1	854891	1	906085	1	876745	1	841.52	1	1	273.325	301.486
422	142.638	1	854891	1	906085	1	876745	1	841.52	1	3.16228	273.485	301.536
422	142.638	1	854891	1	906085	1	876745	1	841.52	1	10	273.961	301.688
422	142.638	1	854891	1	906085	1	876745	1	841.52	1	31.6228	275.271	302.119
422	142.638	1	854891	1	906085	1	876745	1	841.52	1	100	278.058	303.145
423	146.218	1	597352	1	841688	1	1.07897e+06	1	1329.48	1	0	273.249	301.462
423	146.218	1	597352	1	841688	1	1.07897e+06	1	1329.48	1	0.001	273.249	301.462
423	146.218	1	597352	1	841688	1	1.07897e+06	1	1329.48	1	0.00316228	273.25	301.462
423	146.218	1	597352	1	841688	1	1.07897e+06	1	1329.48	1	0.01	273.25	301.462
423	146.218	1	597352	1	841688	1	1.07897e+06	1	1329.48	1	0.0316228	273.252	301.462
423	146.218	1	597352	1	841688	1	1.07897e+06	1	1329.48	1	0.1	273.257	301.464
423	146.218	1	597352	1	841688	1	1.07897e+06	1	1329.48	1	0.316228	273.273	301.469
423	146.218	1	597352	1	841688	1	1.07897e+06	1	1329.48	1	1	273.323	301.484
423	146.218	1	597352	1	841688	1	1.07897e+06	1	1329.48	1	3.16228	273.477	301.532
423	146.218	1	597352	1	841688	1	1.07897e+06	1	1329.48	1	10	273.939	301.676
423	146.218	1	597352	1	841688	1	1.07897e+06	1	1329.48	1	31.6228	275.209	302.082
423	146.218	1	597352	1	841688	1	1.07897e+06	1	1329.48	1	100	277.942	303.048
424	176.845	1	807905	1	916595	1	3.13173e+06	1	1690.58	1	0	273.249	301.462
424	176.845	1	807905	1	916595	1	3.13173e+06	1	1690.58	1	0.001	273.249	301.462
424	176.845	1	807905	1	916595	1	3.13173e+06	1	1690.58	1	0.00316228	273.25	301.462
424	176.845	1	807905	1	916595	1	3.13173e+06	1	1690.58	1	0.01	273.25	301.462
424	176.845	1	807905	1	916595	1	3.13173e+06	1	1690.58	1	0.0316228	273.251	301.462
424	176.845	1	807905	1	916595	1	3.13173e+06	1	1690.58	1	0.1	273.255	301.463
424	176.845	1	807905	1	916595	1	3.13173e+06	1	1690.58	1	0.316228	273.269	301.467
424	176.845	1	807905	1	916595	1	3.13173e+06	1	1690.58	1	1	273.31	301.48
424	176.845	1	807905	1	916595	1	3.13173e+06	1	1690.58	1	3.16228	273.438	301.52
424	176.845	1	807905	1	916595	1	3.13173e+06	1	1690.58	1	10	273.825	301.64
424	176.845	1	807905	1	916595	1	3.13173e+06	1	1690.58	1	31.6228	274.904	301.981
424	176.845	1	807905	1	916595	1	3.13173e+06	1	1690.58	1	100	277.408	302.834
425	183.362	1	1.02972e+06	1	517077	1	624037	1	1119.17	1	0	273.249	301.462
425	183.362	1	1.02972e+06	1	517077	1	624037	1	1119.17	1	0.001	273.249	301.462
425	183.362	1	1.02972e+06	1	517077	1	624037	1	1119.17	1	0.00316228	273.25	301.462
425	183.362	1	1.02972e+06	1	517077	1	624037	1	1119.17	1	0.01	273.25	301.462
425	183.362	1	1.02972e+06	1	517077	1	624037	1	1119.17	1	0.0316228	273.251	301.462
425	183.362	1	1.02972e+06	1	517077	1	624037	1	1119.17	1	0.1	273.255	301.463
425	183.362	1	1.02972e+06	1	517077	1	624037	1	1119.17	1	0.316228	273.268	301.468
425	183.362	1	1.02972e+06	1	517077	1	624037	1	1119.17	1	1	273.308	301.48
425	183.362	1	1.02972e+06	1	517077	1	624037	1	1119.17	1	3.16228	273.434	301.52
425	183.362	1	1.02972e+06	1	517077	1	624037	1	1119.17	1	10	273.812	301.641
425	183.362	1	1.02972e+06	1	517077	1	624037	1	1119.17	1	31.6228	274.869	301.985
425	183.362	1	1.02972e+06	1	517077	1	624037	1	1119.17	1	100	277.358	302.864
426	129.88	1	834752	1	957157	1	1.32909e+06	1	1360.9	1	0	273.249	301.462
426	129.88	1	834752	1	957157	1	1.32909e+06	1	1360.9	1	0.001	273.25	301.462
426	129.88	1	834752	1	957157	1	1.32909e+06	1	1360.9	1	0.00316228	273.25	301.462
426	129.88	1	834752	1	957157	1	1.32909e+06	1	1360.9	1	0.01	273.25	301.462
426	129.88	1	834752	1	957157	1	1.32909e+06	1	1360.9	1	0.0316228	273.252	301.462
426	129.88	1	834752	1	957157	1	1.32909e+06	1	1360.9	1	0.1	273.258	301.464
426	129.88	1	834752	1	957157	1	1.32909e+06	1	1360.9	1	0.316228	273.276	301.47
426	129.88	1	834752	1	957157	1	1.32909e+06	1	1360.9	1	1	273.332	301.487
426	129.88	1	834752	1	957157	1	1.32909e+06	1	1360.9	1	3.16228	273.505	301.54
426	129.88	1	834752	1	957157	1	1.32909e+06	1	1360.9	1	10	274.018	301.699
426	129.88	1	834752	1	957157	1	1.32909e+06	1	1360.9	1	31.6228	275.414	302.145
426	129.88	1	834752	1	957157	1	1.32909e+06	1	1360.9	1	100	278.265	303.168
427	162.011	1	2.61603e+06	1	776268	1	1.67188e+06	1	1048.48	1	0	273.249	301.462
427	162.011	1	2.61603e+06	1	776268	1	1.67188e+06	1	1048.48	1	0.001	273.249	301.462
427	162.011	1	2.61603e+06	1	776268	1	1.67188e+06	1	1048.48	1	0.00316228	273.25	301.462
427	162.011	1	2.61603e+06	1	776268	1	1.67188e+06	1	1048.48	1	0.01	273.25	301.462
427	162.011	1	2.61603e+06	1	776268	1	1.67188e+06	1	1048.48	1	0.0316228	273.252	301.462
427	162.011	1	2.61603e+06	1	776268	1	1.67188e+06	1	1048.48	1	0.1	273.256	301.464
427	162.011	1	2.61603e+06	1	776268	1	1.67188e+06	1	1048.48	1	0.316228	273.271	301.468
427	162.011	1	2.61603e+06	1	776268	1	1.67188e+06	1	1048.48	1	1	273.316	301.483
427	162.011	1	2.61603e+06	1	776268	1	1.67188e+06	1	1048.48	1	3.16228	273.457	301.527
427	162.011	1	2.61603e+06	1	776268	1	1.67188e+06	1	1048.48	1	10	273.88	301.661
427	162.011	1	2.61603e+06	1	776268	1	1.67188e+06	1	1048.48	1	31.6228	275.055	302.044
427	162.011	1	2.61603e+06	1	776268	1	1.67188e+06	1	1048.48	1	100	277.697	302.983
428	80.7151	1	951984	1	521190	1	315578	1	2132.06	1	0	273.249	301.462
428	80.7151	1	951984	1	521190	1	315578	1	2132.06	1	0.001	273.25	301.462
428	80.7151	1	951984	1	521190	1	315578	1	2132.06	1	0.00316228	273.25	301.462
428	80.7151	1	951984	1	521190	1	315578	1	2132.06	1	0.01	273.251	301.462
428	80.7151	1	951984	1	521190	1	315578	1	2132.06	1	0.0316228	273.254	301.463
428	80.7151	1	951984	1	521190	1	315578	1	2132.06	1	0.1	273.263	301.466
428	80.7151	1	951984	1	521190	1	315578	1	2132.06	1	0.316228	273.291	301.474
428	80.7151	1	951984	1	521190	1	315578	1	2132.06	1	1	273.38	301.501
428	80.7151	1	951984	1	521190	1	315578	1	2132.06	1	3.16228	273.652	301.584
428	80.7151	1	951984	1	521190	1	315578	1	2132.06	1	10	274.427	301.819
428	80.7151	1	951984	1	521190	1	315578	1	2132.06	1	31.6228	276.405	302.453
428	80.7151	1	951984	1	521190	1	315578	1	2132.06	1	100	279.326	303.625
429	137.601	1	2.32013e+06	1	990272	1	643635	1	1837.26	1	0	273.249	301.462
429	137.601	1	2.32013e+06	1	990272	1	643635	1	1837.26	1	0.001	273.25	301.462
429	137.601	1	2.32013e+06	1	990272	1	643635	1	1837.26	1	0.00316228	273.25	301.462
429	137.601	1	2.32013e+06	1	990272	1	643635	1	1837.26	1	0.01	273.25	301.462
429	137.601	1	2.32013e+06	1	990272	1	643635	1	1837.26	1	0.0316228	273.252	301.462
429	137.601	1	2.32013e+06	1	990272	1	643635	1	1837.26	1	0.1	273.257	301.464
429	137.601	1	2.32013e+06	1	990272	1	643635	1	1837.26	1	0.316228	273.274	301.469
429	137.601	1	2.32013e+06	1	990272	1	643635	1	1837.26	1	1	273.327	301.485
429	137.601	1	2.32013e+06	1	990272	1	643635	1	1837.26	1	3.16228	273.49	301.536
429	137.601	1	2.32013e+06	1	990272	1	643635	1	1837.26	1	10	273.977	301.685
429	137.601	1	2.32013e+06	1	990272	1	643635	1	1837.26	1	31.6228	275.307	302.107
429	137.601	1	2.32013e+06	1	990272	1	643635	1	1837.26	1	100	278.098	303.088
430	200.225	1	657541	1	1.57562e+06	1	887344	1	1486.23	1	0	273.249	301.462
430	200.225	1	657541	1	1.57562e+06	1	887344	1	1486.23	1	0.001	273.249	301.462
430	200.225	1	657541	1	1.57562e+06	1	887344	1	1486.23	1	0.00316228	273.25	301.462
430	200.225	1	657541	1	1.57562e+06	1	887344	1	1486.23	1	0.01	273.25	301.462
430	200.225	1	657541	1	1.57562e+06	1	887344	1	1486.23	1	0.0316228	273.251	301.462
430	200.225	1	657541	1	1.57562e+06	1	887344	1	1486.23	1	0.1	273.255	301.463
430	200.225	1	657541	1	1.57562e+06	1	887344	1	1486.23	1	0.316228	273.266	301.467
430	200.225	1	657541	1	1.57562e+06	1	887344	1	1486.23	1	1	273.303	301.478
430	200.225	1	657541	1	1.57562e+06	1	887344	1	1486.23	1	3.16228	273.417	301.514
430	200.225	1	657541	1	1.57562e+06	1	887344	1	1486.23	1	10	273.763	301.623
430	200.225	1	657541	1	1.57562e+06	1	887344	1	1486.23	1	31.6228	274.734	301.932
430	200.225	1	657541	1	1.57562e+06	1	887344	1	1486.23	1	100	277.084	302.738
431	216.752	1	896997	1	1.54494e+06	1	352101	1	1946.8	1	0	273.249	301.462
431	216.752	1	896997	1	1.54494e+06	1	352101	1	1946.8	1	0.001	273.249	301.462
431	216.752	1	896997	1	1.54494e+06	1	352101	1	1946.8	1	0.00316228	273.25	301.462
431	216.752	1	896997	1	1.54494e+06	1	352101	1	1946.8	1	0.01	273.25	301.462
431	216.752	1	896997	1	1.54494e+06	1	352101	1	1946.8	1	0.0316228	273.251	301.462
431	216.752	1	896997	1	1.54494e+06	1	352101	1	1946.8	1	0.1	273.254	301.463
431	216.752	1	896997	1	1.54494e+06	1	352101	1	1946.8	1	0.316228	273.265	301.466
431	216.752	1	896997	1	1.54494e+06	1	352101	1	1946.8	1	1	273.299	301.477
431	216.752	1	896997	1	1.54494e+06	1	352101	1	1946.8	1	3.16228	273.405	301.51
431	216.752	1	896997	1	1.54494e+06	1	352101	1	1946.8	1	10	273.726	301.611
431	216.752	1	896997	1	1.54494e+06	1	352101	1	1946.8	1	31.6228	274.629	301.896
431	216.752	1	896997	1	1.54494e+06	1	352101	1	1946.8	1	100	276.872	302.66
432	273.899	1	1.21714e+06	1	1.83081e+06	1	1.32767e+06	1	1339.53	1	0	273.249	301.462
432	273.899	1	1.21714e+06	1	1.83081e+06	1	1.32767e+06	1	1339.53	1	0.001	273.249	301.462
432	273.899	1	1.21714e+06	1	1.83081e+06	1	1.32767e+06	1	1339.53	1	0.00316228	273.25	301.462
432	273.899	1	1.21714e+06	1	1.83081e+06	1	1.32767e+06	1	1339.53	1	0.01	273.25	301.462
432	273.899	1	1.21714e+06	1	1.83081e+06	1	1.32767e+06	1	1339.53	1	0.0316228	273.251	301.462
432	273.899	1	1.21714e+06	1	1.83081e+06	1	1.32767e+06	1	1339.53	1	0.1	273.253	301.463
432	273.899	1	1.21714e+06	1	1.83081e+06	1	1.32767e+06	1	1339.53	1	0.316228	273.262	301.466
432	273.899	1	1.21714e+06	1	1.83081e+06	1	1.32767e+06	1	1339.53	1	1	273.289	301.474
432	273.899	1	1.21714e+06	1	1.83081e+06	1	1.32767e+06	1	1339.53	1	3.16228	273.374	301.502
432	273.899	1	1.21714e+06	1	1.83081e+06	1	1.32767e+06	1	1339.53	1	10	273.634	301.585
432	273.899	1	1.21714e+06	1	1.83081e+06	1	1.32767e+06	1	1339.53	1	31.6228	274.38	301.828
432	273.899	1	1.21714e+06	1	1.83081e+06	1	1.32767e+06	1	1339.53	1	100	276.308	302.492
433	162.244	1	1.18114e+06	1	1.67138e+06	1	978348	1	1507.06	1	0	273.249	301.462
433	162.244	1	1.18114e+06	1	1.67138e+06	1	978348	1	1507.06	1	0.001	273.249	301.462
433	162.244	1	1.18114e+06	1	1.67138e+06	1	978348	1	1507.06	1	0.00316228	273.25	301.462
433	162.244	1	1.18114e+06	1	1.67138e+06	1	978348	1	1507.06	1	0.01	273.25	301.462
433	162.244	1	1.18114e+06	1	1.67138e+06	1	978348	1	1507.06	1	0.0316228	273.252	301.462
433	162.244	1	1.18114e+06	1	1.67138e+06	1	978348	1	1507.06	1	0.1	273.256	301.464
433	162.244	1	1.18114e+06	1	1.67138e+06	1	978348	1	1507.06	1	0.316228	273.27	301.468
433	162.244	1	1.18114e+06	1	1.67138e+06	1	978348	1	1507.06	1	1	273.315	301.482
433	162.244	1	1.18114e+06	1	1.67138e+06	1	978348	1	1507.06	1	3.16228	273.455	301.525
433	162.244	1	1.18114e+06	1	1.67138e+06	1	978348	1	1507.06	1	10	273.875	301.656
433	162.244	1	1.18114e+06	1	1.67138e+06	1	978348	1	1507.06	1	31.6228	275.039	302.027
433	162.244	1	1.18114e+06	1	1.67138e+06	1	978348	1	1507.06	1	100	277.659	302.933
434	196.609	1	1.03715e+06	1	1.50025e+06	1	1.33741e+06	1	1150.18	1	0	273.249	301.462
434	196.609	1	1.03715e+06	1	1.50025e+06	1	1.33741e+06	1	1150.18	1	0.001	273.249	301.462
434	196.609	1	1.03715e+06	1	1.50025e+06	1	1.33741e+06	1	1150.18	1	0.00316228	273.25	301.462
434	196.609	1	1.03715e+06	1	1.50025e+06	1	1.33741e+06	1	1150.18	1	0.01	273.25	301.462
434	196.609	1	1.03715e+06	1	1.50025e+06	1	1.33741e+06	1	1150.18	1	0.0316228	273.251	301.462
434	196.609	1	1.03715e+06	1	1.50025e+06	1	1.33741e+06	1	1150.18	1	0.1	273.255	301.463
434	196.609	1	1.03715e+06	1	1.50025e+06	1	1.33741e+06	1	1150.18	1	0.316228	273.267	301.467
434	196.609	1	1.03715e+06	1	1.50025e+06	1	1.33741e+06	1	1150.18	1	1	273.304	301.479
434	196.609	1	1.03715e+06	1	1.50025e+06	1	1.33741e+06	1	1150.18	1	3.16228	273.421	301.516
434	196.609	1	1.03715e+06	1	1.50025e+06	1	1.33741e+06	1	1150.18	1	10	273.775	301.629
434	196.609	1	1.03715e+06	1	1.50025e+06	1	1.33741e+06	1	1150.18	1	31.6228	274.767	301.95
434	196.609	1	1.03715e+06	1	1.50025e+06	1	1.33741e+06	1	1150.18	1	100	277.156	302.786
435	164.075	1	2.57654e+06	1	1.19723e+06	1	1.41025e+06	1	1486	1	0	273.249	301.462
435	164.075	1	2.57654e+06	1	1.19723e+06	1	1.41025e+06	1	1486	1	0.001	273.249	301.462
435	164.075	1	2.57654e+06	1	1.19723e+06	1	1.41025e+06	1	1486	1	0.00316228	273.25	301.462
435	164.075	1	2.57654e+06	1	1.19723e+06	1	1.41025e+06	1	1486	1	0.01	273.25	301.462
435	164.075	1	2.57654e+06	1	1.19723e+06	1	1.41025e+06	1	1486	1	0.0316228	273.251	301.462
435	164.075	1	2.57654e+06	1	1.19723e+06	1	1.41025e+06	1	1486	1	0.1	273.256	301.464
435	164.075	1	2.57654e+06	1	1.19723e+06	1	1.41025e+06	1	1486	1	0.316228	273.27	301.468
435	164.075	1	2.57654e+06	1	1.19723e+06	1	1.41025e+06	1	1486	1	1	273.315	301.482
435	164.075	1	2.57654e+06	1	1.19723e+06	1	1.41025e+06	1	1486	1	3.16228	273.453	301.525
435	164.075	1	2.57654e+06	1	1.19723e+06	1	1.41025e+06	1	1486	1	10	273.869	301.654
435	164.075	1	2.57654e+06	1	1.19723e+06	1	1.41025e+06	1	1486	1	31.6228	275.023	302.022
435	164.075	1	2.57654e+06	1	1.19723e+06	1	1.41025e+06	1	1486	1	100	277.632	302.925
436	147.798	1	1.15822e+06	1	1.30753e+06	1	1.8682e+06	1	1397.26	1	0	273.249	301.462
436	147.798	1	1.15822e+06	1	1.30753e+06	1	1.8682e+06	1	1397.26	1	0.001	273.249	301.462
436	147.798	1	1.15822e+06	1	1.30753e+06	1	1.8682e+06	1	1397.26	1	0.00316228	273.25	301.462
436	147.798	1	1.15822e+06	1	1.30753e+06	1	1.8682e+06	1	1397.26	1	0.01	273.25	301.462
436	147.798	1	1.15822e+06	1	1.30753e+06	1	1.8682e+06	1	1397.26	1	0.0316228	273.252	301.462
436	147.798	1	1.15822e+06	1	1.30753e+06	1	1.8682e+06	1	1397.26	1	0.1	273.257	301.464
436	147.798	1	1.15822e+06	1	1.30753e+06	1	1.8682e+06	1	1397.26	1	0.316228	273.272	301.469
436	147.798	1	1.15822e+06	1	1.30753e+06	1	1.8682e+06	1	1397.26	1	1	273.322	301.484
436	147.798	1	1.15822e+06	1	1.30753e+06	1	1.8682e+06	1	1397.26	1	3.16228	273.475	301.531
436	147.798	1	1.15822e+06	1	1.30753e+06	1	1.8682e+06	1	1397.26	1	10	273.932	301.673
436	147.798	1	1.15822e+06	1	1.30753e+06	1	1.8682e+06	1	1397.26	1	31.6228	275.19	302.075
436	147.798	1	1.15822e+06	1	1.30753e+06	1	1.8682e+06	1	1397.26	1	100	277.911	303.031
437	150.127	1	1.09869e+06	1	1.15207e+06	1	1.70165e+06	1	1632.61	1	0	273.249	301.462
437	150.127	1	1.09869e+06	1	1.15207e+06	1	1.70165e+06	1	1632.61	1	0.001	273.249	301.462
437	150.127	1	1.09869e+06	1	1.15207e+06	1	1.70165e+06	1	1632.61	1	0.00316228	273.25	301.462
437	150.127	1	1.09869e+06	1	1.15207e+06	1	1.70165e+06	1	1632.61	1	0.01	273.25	301.462
437	150.127	1	1.09869e+06	1	1.15207e+06	1	1.70165e+06	1	1632.61	1	0.0316228	273.252	301.462
437	150.127	1	1.09869e+06	1	1.15207e+06	1	1.70165e+06	1	1632.61	1	0.1	273.257	301.464
437	150.127	1	1.09869e+06	1	1.15207e+06	1	1.70165e+06	1	1632.61	1	0.316228	273.272	301.469
437	150.127	1	1.09869e+06	1	1.15207e+06	1	1.70165e+06	1	1632.61	1	1	273.32	301.483
437	150.127	1	1.09869e+06	1	1.15207e+06	1	1.70165e+06	1	1632.61	1	3.16228	273.471	301.53
437	150.127	1	1.09869e+06	1	1.15207e+06	1	1.70165e+06	1	1632.61	1	10	273.92	301.669
437	150.127	1	1.09869e+06	1	1.15207e+06	1	1.70165e+06	1	1632.61	1	31.6228	275.16	302.062
437	150.127	1	1.09869e+06	1	1.15207e+06	1	1.70165e+06	1	1632.61	1	100	277.858	302.999
438	215.427	1	1.63054e+06	1	914316	1	1.25447e+06	1	1232.15	1	0	273.249	301.462
438	215.427	1	1.63054e+06	1	914316	1	1.25447e+06	1	1232.15	1	0.001	273.249	301.462
438	215.427	1	1.63054e+06	1	914316	1	1.25447e+06	1	1232.15	1	0.00316228	273.25	301.462
438	215.427	1	1.63054e+06	1	914316	1	1.25447e+06	1	1232.15	1	0.01	273.25	301.462
438	215.427	1	1.63054e+06	1	914316	1	1.25447e+06	1	1232.15	1	0.0316228	273.251	301.462
438	215.427	1	1.63054e+06	1	914316	1	1.25447e+06	1	1232.15	1	0.1	273.254	301.463
438	215.427	1	1.63054e+06	1	914316	1	1.25447e+06	1	1232.15	1	0.316228	273.265	301.467
438	215.427	1	1.63054e+06	1	914316	1	1.25447e+06	1	1232.15	1	1	273.3	301.478
438	215.427	1	1.63054e+06	1	914316	1	1.25447e+06	1	1232.15	1	3.16228	273.407	301.512
438	215.427	1	1.63054e+06	1	914316	1	1.25447e+06	1	1232.15	1	10	273.732	301.616
438	215.427	1	1.63054e+06	1	914316	1	1.25447e+06	1	1232.15	1	31.6228	274.646	301.911
438	215.427	1	1.63054e+06	1	914316	1	1.25447e+06	1	1232.15	1	100	276.913	302.702
439	152.327	1	611472	1	696030	1	462394	1	1653.49	1	0	273.249	301.462
439	152.327	1	611472	1	696030	1	462394	1	1653.49	1	0.001	273.249	301.462
439	152.327	1	611472	1	696030	1	462394	1	1653.49	1	0.00316228	273.25	301.462
439	152.327	1	611472	1	696030	1	462394	1	1653.49	1	0.01	273.25	301.462
439	152.327	1	611472	1	696030	1	462394	1	1653.49	1	0.0316228	273.252	301.462
439	152.327	1	611472	1	696030	1	462394	1	1653.49	1	0.1	273.256	301.464
439	152.327	1	611472	1	696030	1	462394	1	1653.49	1	0.316228	273.272	301.468
439	152.327	1	611472	1	696030	1	462394	1	1653.49	1	1	273.32	301.483
439	152.327	1	611472	1	696030	1	462394	1	1653.49	1	3.16228	273.468	301.529
439	152.327	1	611472	1	696030	1	462394	1	1653.49	1	10	273.912	301.667
439	152.327	1	611472	1	696030	1	462394	1	1653.49	1	31.6228	275.139	302.057
439	152.327	1	611472	1	696030	1	462394	1	1653.49	1	100	277.827	302.993
440	169.657	1	1.31519e+06	1	896766	1	1.06628e+06	1	1022.29	1	0	273.249	301.462
440	169.657	1	1.31519e+06	1	896766	1	1.06628e+06	1	1022.29	1	0.001	273.249	301.462
440	169.657	1	1.31519e+06	1	896766	1	1.06628e+06	1	1022.29	1	0.00316228	273.25	301.462
440	169.657	1	1.31519e+06	1	896766	1	1.06628e+06	1	1022.29	1	0.01	273.25	301.462
440	169.657	1	1.31519e+06	1	896766	1	1.06628e+06	1	1022.29	1	0.0316228	273.251	301.462
440	169.657	1	1.31519e+06	1	896766	1	1.06628e+06	1	1022.29	1	0.1	273.256	301.464
440	169.657	1	1.31519e+06	1	896766	1	1.06628e+06	1	1022.29	1	0.316228	273.27	301.468
440	169.657	1	1.31519e+06	1	896766	1	1.06628e+06	1	1022.29	1	1	273.313	301.482
440	169.657	1	1.31519e+06	1	896766	1	1.06628e+06	1	1022.29	1	3.16228	273.448	301.525
440	169.657	1	1.31519e+06	1	896766	1	1.06628e+06	1	1022.29	1	10	273.854	301.654
440	169.657	1	1.31519e+06	1	896766	1	1.06628e+06	1	1022.29	1	31.6228	274.985	302.023
440	169.657	1	1.31519e+06	1	896766	1	1.06628e+06	1	1022.29	1	100	277.576	302.941
441	170.081	1	1.60986e+06	1	996605	1	1.26595e+06	1	1198.82	1	0	273.249	301.462
441	170.081	1	1.60986e+06	1	996605	1	1.26595e+06	1	1198.82	1	0.001	273.249	301.462
441	170.081	1	1.60986e+06	1	996605	1	1.26595e+06	1	1198.82	1	0.00316228	273.25	301.462
441	170.081	1	1.60986e+06	1	996605	1	1.26595e+06	1	1198.82	1	0.01	273.25	301.462
441	170.081	1	1.60986e+06	1	996605	1	1.26595e+06	1	1198.82	1	0.0316228	273.251	301.462
441	170.081	1	1.60986e+06	1	996605	1	1.26595e+06	1	1198.82	1	0.1	273.256	301.464
441	170.081	1	1.60986e+06	1	996605	1	1.26595e+06	1	1198.82	1	0.316228	273.269	301.468
441	170.081	1	1.60986e+06	1	996605	1	1.26595e+06	1	1198.82	1	1	273.313	301.481
441	170.081	1	1.60986e+06	1	996605	1	1.26595e+06	1	1198.82	1	3.16228	273.447	301.524
441	170.081	1	1.60986e+06	1	996605	1	1.26595e+06	1	1198.82	1	10	273.851	301.651
441	170.081	1	1.60986e+06	1	996605	1	1.26595e+06	1	1198.82	1	31.6228	274.975	302.014
441	170.081	1	1.60986e+06	1	996605	1	1.26595e+06	1	1198.82	1	100	277.552	302.916
442	198.317	1	2.84486e+06	1	1.32894e+06	1	745349	1	1731.52	1	0	273.249	301.462
442	198.317	1	2.84486e+06	1	1.32894e+06	1	745349	1	1731.52	1	0.001	273.249	301.462
442	198.317	1	2.84486e+06	1	1.32894e+06	1	745349	1	1731.52	1	0.00316228	273.25	301.462
442	198.317	1	2.84486e+06	1	1.32894e+06	1	745349	1	1731.52	1	0.01	273.25	301.462
442	198.317	1	2.84486e+06	1	1.32894e+06	1	745349	1	1731.52	1	0.0316228	273.251	301.462
442	198.317	1	2.84486e+06	1	1.32894e+06	1	745349	1	1731.52	1	0.1	273.255	301.463
442	198.317	1	2.84486e+06	1	1.32894e+06	1	745349	1	1731.52	1	0.316228	273.267	301.467
442	198.317	1	2.84486e+06	1	1.32894e+06	1	745349	1	1731.52	1	1	273.304	301.478
442	198.317	1	2.84486e+06	1	1.32894e+06	1	745349	1	1731.52	1	3.16228	273.419	301.514
442	198.317	1	2.84486e+06	1	1.32894e+06	1	745349	1	1731.52	1	10	273.768	301.624
442	198.317	1	2.84486e+06	1	1.32894e+06	1	745349	1	1731.52	1	31.6228	274.746	301.934
442	198.317	1	2.84486e+06	1	1.32894e+06	1	745349	1	1731.52	1	100	277.108	302.741
443	126.084	1	703369	1	980369	1	1.00389e+06	1	681.71	1	0	273.249	301.462
443	126.084	1	703369	1	980369	1	1.00389e+06	1	681.71	1	0.001	273.25	301.462
443	126.084	1	703369	1	980369	1	1.00389e+06	1	681.71	1	0.00316228	273.25	301.462
443	126.084	1	703369	1	980369	1	1.00389e+06	1	681.71	1	0.01	273.25	301.462
443	126.084	1	703369	1	980369	1	1.00389e+06	1	681.71	1	0.0316228	273.252	301.462
443	126.084	1	703369	1	980369	1	1.00389e+06	1	681.71	1	0.1	273.258	301.464
443	126.084	1	703369	1	980369	1	1.00389e+06	1	681.71	1	0.316228	273.277	301.47
443	126.084	1	703369	1	980369	1	1.00389e+06	1	681.71	1	1	273.335	301.489
443	126.084	1	703369	1	980369	1	1.00389e+06	1	681.71	1	3.16228	273.516	301.546
443	126.084	1	703369	1	980369	1	1.00389e+06	1	681.71	1	10	274.049	301.718
443	126.084	1	703369	1	980369	1	1.00389e+06	1	681.71	1	31.6228	275.498	302.2
443	126.084	1	703369	1	980369	1	1.00389e+06	1	681.71	1	100	278.41	303.307
444	130.146	1	1.30717e+06	1	1.01035e+06	1	917352	1	1667.06	1	0	273.249	301.462
444	130.146	1	1.30717e+06	1	1.01035e+06	1	917352	1	1667.06	1	0.001	273.25	301.462
444	130.146	1	1.30717e+06	1	1.01035e+06	1	917352	1	1667.06	1	0.00316228	273.25	301.462
444	130.146	1	1.30717e+06	1	1.01035e+06	1	917352	1	1667.06	1	0.01	273.25	301.462
444	130.146	1	1.30717e+06	1	1.01035e+06	1	917352	1	1667.06	1	0.0316228	273.252	301.462
444	130.146	1	1.30717e+06	1	1.01035e+06	1	917352	1	1667.06	1	0.1	273.258	301.464
444	130.146	1	1.30717e+06	1	1.01035e+06	1	917352	1	1667.06	1	0.316228	273.275	301.47
444	130.146	1	1.30717e+06	1	1.01035e+06	1	917352	1	1667.06	1	1	273.331	301.487
444	130.146	1	1.30717e+06	1	1.01035e+06	1	917352	1	1667.06	1	3.16228	273.504	301.54
444	130.146	1	1.30717e+06	1	1.01035e+06	1	917352	1	1667.06	1	10	274.015	301.697
444	130.146	1	1.30717e+06	1	1.01035e+06	1	917352	1	1667.06	1	31.6228	275.406	302.138
444	130.146	1	1.30717e+06	1	1.01035e+06	1	917352	1	1667.06	1	100	278.251	303.149
445	245.144	1	1.11538e+06	1	247131	1	1.09004e+06	1	3451.73	1	0	273.249	301.462
445	245.144	1	1.11538e+06	1	247131	1	1.09004e+06	1	3451.73	1	0.001	273.249	301.462
445	245.144	1	1.11538e+06	1	247131	1	1.09004e+06	1	3451.73	1	0.00316228	273.25	301.462
445	245.144	1	1.11538e+06	1	247131	1	1.09004e+06	1	3451.73	1	0.01	273.25	301.462
445	245.144	1	1.11538e+06	1	247131	1	1.09004e+06	1	3451.73	1	0.0316228	273.251	301.462
445	245.144	1	1.11538e+06	1	247131	1	1.09004e+06	1	3451.73	1	0.1	273.254	301.463
445	245.144	1	1.11538e+06	1	247131	1	1.09004e+06	1	3451.73	1	0.316228	273.263	301.466
445	245.144	1	1.11538e+06	1	247131	1	1.09004e+06	1	3451.73	1	1	273.293	301.475
445	245.144	1	1.11538e+06	1	247131	1	1.09004e+06	1	3451.73	1	3.16228	273.386	301.504
445	245.144	1	1.11538e+06	1	247131	1	1.09004e+06	1	3451.73	1	10	273.67	301.592
445	245.144	1	1.11538e+06	1	247131	1	1.09004e+06	1	3451.73	1	31.6228	274.478	301.842
445	245.144	1	1.11538e+06	1	247131	1	1.09004e+06	1	3451.73	1	100	276.529	302.52
446	421.697	1	1.17773e+06	1	1.01728e+06	1	2.73959e+06	1	2918.21	1	0	273.249	301.462
446	421.697	1	1.17773e+06	1	1.01728e+06	1	2.73959e+06	1	2918.21	1	0.001	273.249	301.462
446	421.697	1	1.17773e+06	1	1.01728e+06	1	2.73959e+06	1	2918.21	1	0.00316228	273.25	301.462
446	421.697	1	1.17773e+06	1	1.01728e+06	1	2.73959e+06	1	2918.21	1	0.01	273.25	301.462
446	421.697	1	1.17773e+06	1	1.01728e+06	1	2.73959e+06	1	2918.21	1	0.0316228	273.25	301.462
446	421.697	1	1.17773e+06	1	1.01728e+06	1	2.73959e+06	1	2918.21	1	0.1	273.252	301.462
446	421.697	1	1.17773e+06	1	1.01728e+06	1	2.73959e+06	1	2918.21	1	0.316228	273.258	301.464
446	421.697	1	1.17773e+06	1	1.01728e+06	1	2.73959e+06	1	2918.21	1	1	273.275	301.47
446	421.697	1	1.17773e+06	1	1.01728e+06	1	2.73959e+06	1	2918.21	1	3.16228	273.33	301.487
446	421.697	1	1.17773e+06	1	1.01728e+06	1	2.73959e+06	1	2918.21	1	10	273.5	301.54
446	421.697	1	1.17773e+06	1	1.01728e+06	1	2.73959e+06	1	2918.21	1	31.6228	274.004	301.7
446	421.697	1	1.17773e+06	1	1.01728e+06	1	2.73959e+06	1	2918.21	1	100	275.381	302.149
447	275.698	1	1.30027e+06	1	877387	1	1.0875e+06	1	2209.83	1	0	273.249	301.462
447	275.698	1	1.30027e+06	1	877387	1	1.0875e+06	1	2209.83	1	0.001	273.249	301.462
447	275.698	1	1.30027e+06	1	877387	1	1.0875e+06	1	2209.83	1	0.00316228	273.25	301.462
447	275.698	1	1.30027e+06	1	877387	1	1.0875e+06	1	2209.83	1	0.01	273.25	301.462
447	275.698	1	1.30027e+06	1	877387	1	1.0875e+06	1	2209.83	1	0.0316228	273.251	301.462
447	275.698	1	1.30027e+06	1	877387	1	1.0875e+06	1	2209.83	1	0.1	273.253	301.463
447	275.698	1	1.30027e+06	1	877387	1	1.0875e+06	1	2209.83	1	0.316228	273.262	301.465
447	275.698	1	1.30027e+06	1	877387	1	1.0875e+06	1	2209.83	1	1	273.288	301.474
447	275.698	1	1.30027e+06	1	877387	1	1.0875e+06	1	2209.83	1	3.16228	273.372	301.5
447	275.698	1	1.30027e+06	1	877387	1	1.0875e+06	1	2209.83	1	10	273.628	301.58
447	275.698	1	1.30027e+06	1	877387	1	1.0875e+06	1	2209.83	1	31.6228	274.362	301.812
447	275.698	1	1.30027e+06	1	877387	1	1.0875e+06	1	2209.83	1	100	276.259	302.443
448	269.645	1	2.30651e+06	1	1.04586e+06	1	1.22739e+06	1	1400.41	1	0	273.249	301.462
448	269.645	1	2.30651e+06	1	1.04586e+06	1	1.22739e+06	1	1400.41	1	0.001	273.249	301.462
448	269.645	1	2.30651e+06	1	1.04586e+06	1	1.22739e+06	1	1400.41	1	0.00316228	273.25	301.462
448	269.645	1	2.30651e+06	1	1.04586e+06	1	1.22739e+06	1	1400.41	1	0.01	273.25	301.462
448	269.645	1	2.30651e+06	1	1.04586e+06	1	1.22739e+06	1	1400.41	1	0.0316228	273.251	301.462
448	269.645	1	2.30651e+06	1	1.04586e+06	1	1.22739e+06	1	1400.41	1	0.1	273.253	301.463
448	269.645	1	2.30651e+06	1	1.04586e+06	1	1.22739e+06	1	1400.41	1	0.316228	273.262	301.466
448	269.645	1	2.30651e+06	1	1.04586e+06	1	1.22739e+06	1	1400.41	1	1	273.29	301.474
448	269.645	1	2.30651e+06	1	1.04586e+06	1	1.22739e+06	1	1400.41	1	3.16228	273.376	301.502
448	269.645	1	2.30651e+06	1	1.04586e+06	1	1.22739e+06	1	1400.41	1	10	273.639	301.587
448	269.645	1	2.30651e+06	1	1.04586e+06	1	1.22739e+06	1	1400.41	1	31.6228	274.396	301.832
448	269.645	1	2.30651e+06	1	1.04586e+06	1	1.22739e+06	1	1400.41	1	100	276.346	302.503
449	163.647	1	1.12986e+06	1	923174	1	683726	1	1837.01	1	0	273.249	301.462
449	163.647	1	1.12986e+06	1	923174	1	683726	1	1837.01	1	0.001	273.249	301.462
449	163.647	1	1.12986e+06	1	923174	1	683726	1	1837.01	1	0.00316228	273.25	301.462
449	163.647	1	1.12986e+06	1	923174	1	683726	1	1837.01	1	0.01	273.25	301.462
449	163.647	1	1.12986e+06	1	923174	1	683726	1	1837.01	1	0.0316228	273.251	301.462
449	163.647	1	1.12986e+06	1	923174	1	683726	1	1837.01	1	0.1	273.256	301.464
449	163.647	1	1.12986e+06	1	923174	1	683726	1	1837.01	1	0.316228	273.27	301.468
449	163.647	1	1.12986e+06	1	923174	1	683726	1	1837.01	1	1	273.315	301.482
449	163.647	1	1.12986e+06	1	923174	1	683726	1	1837.01	1	3.16228	273.453	301.524
449	163.647	1	1.12986e+06	1	923174	1	683726	1	1837.01	1	10	273.869	301.653
449	163.647	1	1.12986e+06	1	923174	1	683726	1	1837.01	1	31.6228	275.022	302.018
449	163.647	1	1.12986e+06	1	923174	1	683726	1	1837.01	1	100	277.627	302.91
450	129.77	1	1.59106e+06	1	714963	1	2.56181e+06	1	726.927	1	0	273.249	301.462
450	129.77	1	1.59106e+06	1	714963	1	2.56181e+06	1	726.927	1	0.001	273.25	301.462
450	129.77	1	1.59106e+06	1	714963	1	2.56181e+06	1	726.927	1	0.00316228	273.25	301.462
450	129.77	1	1.59106e+06	1	714963	1	2.56181e+06	1	726.927	1	0.01	273.25	301.462
450	129.77	1	1.59106e+06	1	714963	1	2.56181e+06	1	726.927	1	0.0316228	273.252	301.462
450	129.77	1	1.59106e+06	1	714963	1	2.56181e+06	1	726.927	1	0.1	273.258	301.464
450	129.77	1	1.59106e+06	1	714963	1	2.56181e+06	1	726.927	1	0.316228	273.276	301.47
450	129.77	1	1.59106e+06	1	714963	1	2.56181e+06	1	726.927	1	1	273.333	301.488
450	129.77	1	1.59106e+06	1	714963	1	2.56181e+06	1	726.927	1	3.16228	273.508	301.544
450	129.77	1	1.59106e+06	1	714963	1	2.56181e+06	1	726.927	1	10	274.028	301.71
450	129.77	1	1.59106e+06	1	714963	1	2.56181e+06	1	726.927	1	31.6228	275.443	302.18
450	129.77	1	1.59106e+06	1	714963	1	2.56181e+06	1	726.927	1	100	278.328	303.268
451	105.958	1	814653	1	687440	1	423729	1	977.338	1	0	273.249	301.462
451	105.958	1	814653	1	687440	1	423729	1	977.338	1	0.001	273.25	301.462
451	105.958	1	814653	1	687440	1	423729	1	977.338	1	0.00316228	273.25	301.462
451	105.958	1	814653	1	687440	1	423729	1	977.338	1	0.01	273.25	301.462
451	105.958	1	814653	1	687440	1	423729	1	977.338	1	0.0316228	273.253	301.463
451	105.958	1	814653	1	687440	1	423729	1	977.338	1	0.1	273.26	301.465
451	105.958	1	814653	1	687440	1	423729	1	977.338	1	0.316228	273.281	301.472
451	105.958	1	814653	1	687440	1	423729	1	977.338	1	1	273.35	301.493
451	105.958	1	814653	1	687440	1	423729	1	977.338	1	3.16228	273.562	301.559
451	105.958	1	814653	1	687440	1	423729	1	977.338	1	10	274.18	301.752
451	105.958	1	814653	1	687440	1	423729	1	977.338	1	31.6228	275.818	302.285
451	105.958	1	814653	1	687440	1	423729	1	977.338	1	100	278.866	303.439
452	84.868	1	1.49908e+06	1	1.0274e+06	1	415491	1	1193.42	1	0	273.249	301.462
452	84.868	1	1.49908e+06	1	1.0274e+06	1	415491	1	1193.42	1	0.001	273.25	301.462
452	84.868	1	1.49908e+06	1	1.0274e+06	1	415491	1	1193.42	1	0.00316228	273.25	301.462
452	84.868	1	1.49908e+06	1	1.0274e+06	1	415491	1	1193.42	1	0.01	273.251	301.462
452	84.868	1	1.49908e+06	1	1.0274e+06	1	415491	1	1193.42	1	0.0316228	273.253	301.463
452	84.868	1	1.49908e+06	1	1.0274e+06	1	415491	1	1193.42	1	0.1	273.262	301.465
452	84.868	1	1.49908e+06	1	1.0274e+06	1	415491	1	1193.42	1	0.316228	273.289	301.474
452	84.868	1	1.49908e+06	1	1.0274e+06	1	415491	1	1193.42	1	1	273.374	301.5
452	84.868	1	1.49908e+06	1	1.0274e+06	1	415491	1	1193.42	1	3.16228	273.635	301.58
452	84.868	1	1.49908e+06	1	1.0274e+06	1	415491	1	1193.42	1	10	274.38	301.809
452	84.868	1	1.49908e+06	1	1.0274e+06	1	415491	1	1193.42	1	31.6228	276.298	302.432
452	84.868	1	1.49908e+06	1	1.0274e+06	1	415491	1	1193.42	1	100	279.279	303.632
453	182.885	1	1.19179e+06	1	1.50595e+06	1	834767	1	994.998	1	0	273.249	301.462
453	182.885	1	1.19179e+06	1	1.50595e+06	1	834767	1	994.998	1	0.001	273.249	301.462
453	182.885	1	1.19179e+06	1	1.50595e+06	1	834767	1	994.998	1	0.00316228	273.25	301.462
453	182.885	1	1.19179e+06	1	1.50595e+06	1	834767	1	994.998	1	0.01	273.25	301.462
453	182.885	1	1.19179e+06	1	1.50595e+06	1	834767	1	994.998	1	0.0316228	273.251	301.462
453	182.885	1	1.19179e+06	1	1.50595e+06	1	834767	1	994.998	1	0.1	273.255	301.463
453	182.885	1	1.19179e+06	1	1.50595e+06	1	834767	1	994.998	1	0.316228	273.268	301.468
453	182.885	1	1.19179e+06	1	1.50595e+06	1	834767	1	994.998	1	1	273.309	301.48
453	182.885	1	1.19179e+06	1	1.50595e+06	1	834767	1	994.998	1	3.16228	273.434	301.521
453	182.885	1	1.19179e+06	1	1.50595e+06	1	834767	1	994.998	1	10	273.814	301.642
453	182.885	1	1.19179e+06	1	1.50595e+06	1	834767	1	994.998	1	31.6228	274.876	301.99
453	182.885	1	1.19179e+06	1	1.50595e+06	1	834767	1	994.998	1	100	277.372	302.876
454	145.08	1	1.56762e+06	1	761527	1	1.10147e+06	1	554.596	1	0	273.249	301.462
454	145.08	1	1.56762e+06	1	761527	1	1.10147e+06	1	554.596	1	0.001	273.249	301.462
454	145.08	1	1.56762e+06	1	761527	1	1.10147e+06	1	554.596	1	0.00316228	273.25	301.462
454	145.08	1	1.56762e+06	1	761527	1	1.10147e+06	1	554.596	1	0.01	273.25	301.462
454	145.08	1	1.56762e+06	1	761527	1	1.10147e+06	1	554.596	1	0.0316228	273.252	301.462
454	145.08	1	1.56762e+06	1	761527	1	1.10147e+06	1	554.596	1	0.1	273.257	301.464
454	145.08	1	1.56762e+06	1	761527	1	1.10147e+06	1	554.596	1	0.316228	273.273	301.469
454	145.08	1	1.56762e+06	1	761527	1	1.10147e+06	1	554.596	1	1	273.325	301.486
454	145.08	1	1.56762e+06	1	761527	1	1.10147e+06	1	554.596	1	3.16228	273.484	301.539
454	145.08	1	1.56762e+06	1	761527	1	1.10147e+06	1	554.596	1	10	273.959	301.696
454	145.08	1	1.56762e+06	1	761527	1	1.10147e+06	1	554.596	1	31.6228	275.268	302.143
454	145.08	1	1.56762e+06	1	761527	1	1.10147e+06	1	554.596	1	100	278.052	303.199
455	203.597	1	951943	1	647880	1	368125	1	1575.45	1	0	273.249	301.462
455	203.597	1	951943	1	647880	1	368125	1	1575.45	1	0.001	273.249	301.462
455	203.597	1	951943	1	647880	1	368125	1	1575.45	1	0.00316228	273.25	301.462
455	203.597	1	951943	1	647880	1	368125	1	1575.45	1	0.01	273.25	301.462
455	203.597	1	951943	1	647880	1	368125	1	1575.45	1	0.0316228	273.251	301.462
455	203.597	1	951943	1	647880	1	368125	1	1575.45	1	0.1	273.255	301.463
455	203.597	1	951943	1	647880	1	368125	1	1575.45	1	0.316228	273.266	301.467
455	203.597	1	951943	1	647880	1	368125	1	1575.45	1	1	273.302	301.478
455	203.597	1	951943	1	647880	1	368125	1	1575.45	1	3.16228	273.415	301.514
455	203.597	1	951943	1	647880	1	368125	1	1575.45	1	10	273.757	301.622
455	203.597	1	951943	1	647880	1	368125	1	1575.45	1	31.6228	274.716	301.929
455	203.597	1	951943	1	647880	1	368125	1	1575.45	1	100	277.053	302.737
456	240.671	1	1.25517e+06	1	1.46776e+06	1	879100	1	1516.11	1	0	273.249	301.462
456	240.671	1	1.25517e+06	1	1.46776e+06	1	879100	1	1516.11	1	0.001	273.249	301.462
456	240.671	1	1.25517e+06	1	1.46776e+06	1	879100	1	1516.11	1	0.00316228	273.25	301.462
456	240.671	1	1.25517e+06	1	1.46776e+06	1	879100	1	1516.11	1	0.01	273.25	301.462
456	240.671	1	1.25517e+06	1	1.46776e+06	1	879100	1	1516.11	1	0.0316228	273.251	301.462
456	240.671	1	1.25517e+06	1	1.46776e+06	1	879100	1	1516.11	1	0.1	273.254	301.463
456	240.671	1	1.25517e+06	1	1.46776e+06	1	879100	1	1516.11	1	0.316228	273.264	301.466
456	240.671	1	1.25517e+06	1	1.46776e+06	1	879100	1	1516.11	1	1	273.294	301.476
456	240.671	1	1.25517e+06	1	1.46776e+06	1	879100	1	1516.11	1	3.16228	273.39	301.506
456	240.671	1	1.25517e+06	1	1.46776e+06	1	879100	1	1516.11	1	10	273.682	301.599
456	240.671	1	1.25517e+06	1	1.46776e+06	1	879100	1	1516.11	1	31.6228	274.511	301.864
456	240.671	1	1.25517e+06	1	1.46776e+06	1	879100	1	1516.11	1	100	276.614	302.585
457	98.818	1	2.5208e+06	1	1.27402e+06	1	1.59304e+06	1	1583.35	1	0	273.249	301.462
457	98.818	1	2.5208e+06	1	1.27402e+06	1	1.59304e+06	1	1583.35	1	0.001	273.25	301.462
457	98.818	1	2.5208e+06	1	1.27402e+06	1	1.59304e+06	1	1583.35	1	0.00316228	273.25	301.462
457	98.818	1	2.5208e+06	1	1.27402e+06	1	1.59304e+06	1	1583.35	1	0.01	273.251	301.462
457	98.818	1	2.5208e+06	1	1.27402e+06	1	1.59304e+06	1	1583.35	1	0.0316228	273.253	301.463
457	98.818	1	2.5208e+06	1	1.27402e+06	1	1.59304e+06	1	1583.35	1	0.1	273.26	301.465
457	98.818	1	2.5208e+06	1	1.27402e+06	1	1.59304e+06	1	1583.35	1	0.316228	273.284	301.472
457	98.818	1	2.5208e+06	1	1.27402e+06	1	1.59304e+06	1	1583.35	1	1	273.357	301.494
457	98.818	1	2.5208e+06	1	1.27402e+06	1	1.59304e+06	1	1583.35	1	3.16228	273.581	301.563
457	98.818	1	2.5208e+06	1	1.27402e+06	1	1.59304e+06	1	1583.35	1	10	274.233	301.762
457	98.818	1	2.5208e+06	1	1.27402e+06	1	1.59304e+06	1	1583.35	1	31.6228	275.942	302.305
457	98.818	1	2.5208e+06	1	1.27402e+06	1	1.59304e+06	1	1583.35	1	100	279.005	303.439
458	121.692	1	1.92086e+06	1	969985	1	725816	1	1179.48	1	0	273.249	301.462
458	121.692	1	1.92086e+06	1	969985	1	725816	1	1179.48	1	0.001	273.25	301.462
458	121.692	1	1.92086e+06	1	969985	1	725816	1	1179.48	1	0.00316228	273.25	301.462
458	121.692	1	1.92086e+06	1	969985	1	725816	1	1179.48	1	0.01	273.25	301.462
458	121.692	1	1.92086e+06	1	969985	1	725816	1	1179.48	1	0.0316228	273.252	301.462
458	121.692	1	1.92086e+06	1	969985	1	725816	1	1179.48	1	0.1	273.258	301.464
458	121.692	1	1.92086e+06	1	969985	1	725816	1	1179.48	1	0.316228	273.277	301.47
458	121.692	1	1.92086e+06	1	969985	1	725816	1	1179.48	1	1	273.337	301.489
458	121.692	1	1.92086e+06	1	969985	1	725816	1	1179.48	1	3.16228	273.522	301.546
458	121.692	1	1.92086e+06	1	969985	1	725816	1	1179.48	1	10	274.068	301.716
458	121.692	1	1.92086e+06	1	969985	1	725816	1	1179.48	1	31.6228	275.541	302.191
458	121.692	1	1.92086e+06	1	969985	1	725816	1	1179.48	1	100	278.464	303.262
459	204.631	1	778500	1	1.23536e+06	1	920615	1	1528.76	1	0	273.249	301.462
459	204.631	1	778500	1	1.23536e+06	1	920615	1	1528.76	1	0.001	273.249	301.462
459	204.631	1	778500	1	1.23536e+06	1	920615	1	1528.76	1	0.00316228	273.25	301.462
459	204.631	1	778500	1	1.23536e+06	1	920615	1	1528.76	1	0.01	273.25	301.462
459	204.631	1	778500	1	1.23536e+06	1	920615	1	1528.76	1	0.0316228	273.251	301.462
459	204.631	1	778500	1	1.23536e+06	1	920615	1	1528.76	1	0.1	273.255	301.463
459	204.631	1	778500	1	1.23536e+06	1	920615	1	1528.76	1	0.316228	273.266	301.467
459	204.631	1	778500	1	1.23536e+06	1	920615	1	1528.76	1	1	273.302	301.478
459	204.631	1	778500	1	1.23536e+06	1	920615	1	1528.76	1	3.16228	273.414	301.513
459	204.631	1	778500	1	1.23536e+06	1	920615	1	1528.76	1	10	273.753	301.62
459	204.631	1	778500	1	1.23536e+06	1	920615	1	1528.76	1	31.6228	274.705	301.922
459	204.631	1	778500	1	1.23536e+06	1	920615	1	1528.76	1	100	277.026	302.718
460	290.046	1	691793	1	692203	1	6.12233e+06	1	2026.68	1	0	273.249	301.462
460	290.046	1	691793	1	692203	1	6.12233e+06	1	2026.68	1	0.001	273.249	301.462
460	290.046	1	691793	1	692203	1	6.12233e+06	1	2026.68	1	0.00316228	273.25	301.462
460	290.046	1	691793	1	692203	1	6.12233e+06	1	2026.68	1	0.01	273.25	301.462
460	290.046	1	691793	1	692203	1	6.12233e+06	1	2026.68	1	0.0316228	273.251	301.462
460	290.046	1	691793	1	692203	1	6.12233e+06	1	2026.68	1	0.1	273.253	301.463
460	290.046	1	691793	1	692203	1	6.12233e+06	1	2026.68	1	0.316228	273.261	301.465
460	290.046	1	691793	1	692203	1	6.12233e+06	1	2026.68	1	1	273.287	301.473
460	290.046	1	691793	1	692203	1	6.12233e+06	1	2026.68	1	3.16228	273.366	301.498
460	290.046	1	691793	1	692203	1	6.12233e+06	1	2026.68	1	10	273.609	301.575
460	290.046	1	691793	1	692203	1	6.12233e+06	1	2026.68	1	31.6228	274.312	301.797
460	290.046	1	691793	1	692203	1	6.12233e+06	1	2026.68	1	100	276.138	302.402
461	169.176	1	1.92255e+06	1	838265	1	778269	1	2774.62	1	0	273.249	301.462
461	169.176	1	1.92255e+06	1	838265	1	778269	1	2774.62	1	0.001	273.249	301.462
461	169.176	1	1.92255e+06	1	838265	1	778269	1	2774.62	1	0.00316228	273.25	301.462
461	169.176	1	1.92255e+06	1	838265	1	778269	1	2774.62	1	0.01	273.25	301.462
461	169.176	1	1.92255e+06	1	838265	1	778269	1	2774.62	1	0.0316228	273.251	301.462
461	169.176	1	1.92255e+06	1	838265	1	778269	1	2774.62	1	0.1	273.256	301.463
461	169.176	1	1.92255e+06	1	838265	1	778269	1	2774.62	1	0.316228	273.269	301.468
461	169.176	1	1.92255e+06	1	838265	1	778269	1	2774.62	1	1	273.312	301.481
461	169.176	1	1.92255e+06	1	838265	1	778269	1	2774.62	1	3.16228	273.446	301.522
461	169.176	1	1.92255e+06	1	838265	1	778269	1	2774.62	1	10	273.847	301.644
461	169.176	1	1.92255e+06	1	838265	1	778269	1	2774.62	1	31.6228	274.964	301.993
461	169.176	1	1.92255e+06	1	838265	1	778269	1	2774.62	1	100	277.516	302.848
462	197.178	1	1.27069e+06	1	1.44044e+06	1	1.98853e+06	1	1556.08	1	0	273.249	301.462
462	197.178	1	1.27069e+06	1	1.44044e+06	1	1.98853e+06	1	1556.08	1	0.001	273.249	301.462
462	197.178	1	1.27069e+06	1	1.44044e+06	1	1.98853e+06	1	1556.08	1	0.00316228	273.25	301.462
462	197.178	1	1.27069e+06	1	1.44044e+06	1	1.98853e+06	1	1556.08	1	0.01	273.25	301.462
462	197.178	1	1.27069e+06	1	1.44044e+06	1	1.98853e+06	1	1556.08	1	0.0316228	273.251	301.462
462	197.178	1	1.27069e+06	1	1.44044e+06	1	1.98853e+06	1	1556.08	1	0.1	273.255	301.463
462	197.178	1	1.27069e+06	1	1.44044e+06	1	1.98853e+06	1	1556.08	1	0.316228	273.267	301.467
462	197.178	1	1.27069e+06	1	1.44044e+06	1	1.98853e+06	1	1556.08	1	1	273.304	301.479
462	197.178	1	1.27069e+06	1	1.44044e+06	1	1.98853e+06	1	1556.08	1	3.16228	273.42	301.515
462	197.178	1	1.27069e+06	1	1.44044e+06	1	1.98853e+06	1	1556.08	1	10	273.77	301.624
462	197.178	1	1.27069e+06	1	1.44044e+06	1	1.98853e+06	1	1556.08	1	31.6228	274.754	301.937
462	197.178	1	1.27069e+06	1	1.44044e+06	1	1.98853e+06	1	1556.08	1	100	277.121	302.747
463	130.077	1	1.7965e+06	1	1.60327e+06	1	743875	1	1011.73	1	0	273.249	301.462
463	130.077	1	1.7965e+06	1	1.60327e+06	1	743875	1	1011.73	1	0.001	273.25	301.462
463	130.077	1	1.7965e+06	1	1.60327e+06	1	743875	1	1011.73	1	0.00316228	273.25	301.462
463	130.077	1	1.7965e+06	1	1.60327e+06	1	743875	1	1011.73	1	0.01	273.25	301.462
463	130.077	1	1.7965e+06	1	1.60327e+06	1	743875	1	1011.73	1	0.0316228	273.252	301.462
463	130.077	1	1.7965e+06	1	1.60327e+06	1	743875	1	1011.73	1	0.1	273.258	301.464
463	130.077	1	1.7965e+06	1	1.60327e+06	1	743875	1	1011.73	1	0.316228	273.276	301.47
463	130.077	1	1.7965e+06	1	1.60327e+06	1	743875	1	1011.73	1	1	273.332	301.487
463	130.077	1	1.7965e+06	1	1.60327e+06	1	743875	1	1011.73	1	3.16228	273.506	301.542
463	130.077	1	1.7965e+06	1	1.60327e+06	1	743875	1	1011.73	1	10	274.021	301.704
463	130.077	1	1.7965e+06	1	1.60327e+06	1	743875	1	1011.73	1	31.6228	275.424	302.16
463	130.077	1	1.7965e+06	1	1.60327e+06	1	743875	1	1011.73	1	100	278.292	303.213
464	157.515	1	2.06352e+06	1	1.03407e+06	1	954425	1	1300.68	1	0	273.249	301.462
464	157.515	1	2.06352e+06	1	1.03407e+06	1	954425	1	1300.68	1	0.001	273.249	301.462
464	157.515	1	2.06352e+06	1	1.03407e+06	1	954425	1	1300.68	1	0.00316228	273.25	301.462
464	157.515	1	2.06352e+06	1	1.03407e+06	1	954425	1	1300.68	1	0.01	273.25	301.462
464	157.515	1	2.06352e+06	1	1.03407e+06	1	954425	1	1300.68	1	0.0316228	273.252	301.462
464	157.515	1	2.06352e+06	1	1.03407e+06	1	954425	1	1300.68	1	0.1	273.256	301.464
464	157.515	1	2.06352e+06	1	1.03407e+06	1	954425	1	1300.68	1	0.316228	273.271	301.468
464	157.515	1	2.06352e+06	1	1.03407e+06	1	954425	1	1300.68	1	1	273.318	301.483
464	157.515	1	2.06352e+06	1	1.03407e+06	1	954425	1	1300.68	1	3.16228	273.462	301.528
464	157.515	1	2.06352e+06	1	1.03407e+06	1	954425	1	1300.68	1	10	273.894	301.663
464	157.515	1	2.06352e+06	1	1.03407e+06	1	954425	1	1300.68	1	31.6228	275.091	302.048
464	157.515	1	2.06352e+06	1	1.03407e+06	1	954425	1	1300.68	1	100	277.753	302.983
465	185.614	1	736734	1	1.43643e+06	1	695190	1	1230.02	1	0	273.249	301.462
465	185.614	1	736734	1	1.43643e+06	1	695190	1	1230.02	1	0.001	273.249	301.462
465	185.614	1	736734	1	1.43643e+06	1	695190	1	1230.02	1	0.00316228	273.25	301.462
465	185.614	1	736734	1	1.43643e+06	1	695190	1	1230.02	1	0.01	273.25	301.462
465	185.614	1	736734	1	1.43643e+06	1	695190	1	1230.02	1	0.0316228	273.251	301.462
465	185.614	1	736734	1	1.43643e+06	1	695190	1	1230.02	1	0.1	273.255	301.463
465	185.614	1	736734	1	1.43643e+06	1	695190	1	1230.02	1	0.316228	273.268	301.467
465	185.614	1	736734	1	1.43643e+06	1	695190	1	1230.02	1	1	273.307	301.48
465	185.614	1	736734	1	1.43643e+06	1	695190	1	1230.02	1	3.16228	273.431	301.519
465	185.614	1	736734	1	1.43643e+06	1	695190	1	1230.02	1	10	273.803	301.637
465	185.614	1	736734	1	1.43643e+06	1	695190	1	1230.02	1	31.6228	274.846	301.973
465	185.614	1	736734	1	1.43643e+06	1	695190	1	1230.02	1	100	277.308	302.832
466	144.24	1	869994	1	899777	1	876312	1	1521.01	1	0	273.249	301.462
466	144.24	1	869994	1	899777	1	876312	1	1521.01	1	0.001	273.249	301.462
466	144.24	1	869994	1	899777	1	876312	1	1521.01	1	0.00316228	273.25	301.462
466	144.24	1	869994	1	899777	1	876312	1	1521.01	1	0.01	273.25	301.462
466	144.24	1	869994	1	899777	1	876312	1	1521.01	1	0.0316228	273.252	301.462
466	144.24	1	869994	1	899777	1	876312	1	1521.01	1	0.1	273.257	301.464
466	144.24	1	869994	1	899777	1	876312	1	1521.01	1	0.316228	273.273	301.469
466	144.24	1	869994	1	899777	1	876312	1	1521.01	1	1	273.323	301.484
466	144.24	1	869994	1	899777	1	876312	1	1521.01	1	3.16228	273.48	301.533
466	144.24	1	869994	1	899777	1	876312	1	1521.01	1	10	273.947	301.677
466	144.24	1	869994	1	899777	1	876312	1	1521.01	1	31.6228	275.229	302.086
466	144.24	1	869994	1	899777	1	876312	1	1521.01	1	100	277.974	303.051
467	191.154	1	177704	1	436520	1	1.25022e+06	1	1695.07	1	0	273.249	301.462
467	191.154	1	177704	1	436520	1	1.25022e+06	1	1695.07	1	0.001	273.249	301.462
467	191.154	1	177704	1	436520	1	1.25022e+06	1	1695.07	1	0.00316228	273.25	301.462
467	191.154	1	177704	1	436520	1	1.25022e+06	1	1695.07	1	0.01	273.25	301.462
467	191.154	1	177704	1	436520	1	1.25022e+06	1	1695.07	1	0.0316228	273.251	301.462
467	191.154	1	177704	1	436520	1	1.25022e+06	1	1695.07	1	0.1	273.255	301.463
467	191.154	1	177704	1	436520	1	1.25022e+06	1	1695.07	1	0.316228	273.267	301.467
467	191.154	1	177704	1	436520	1	1.25022e+06	1	1695.07	1	1	273.305	301.479
467	191.154	1	177704	1	436520	1	1.25022e+06	1	1695.07	1	3.16228	273.424	301.515
467	191.154	1	177704	1	436520	1	1.25022e+06	1	1695.07	1	10	273.782	301.626
467	191.154	1	177704	1	436520	1	1.25022e+06	1	1695.07	1	31.6228	274.786	301.939
467	191.154	1	177704	1	436520	1	1.25022e+06	1	1695.07	1	100	277.174	302.743
468	165.781	1	1.7479e+06	1	1.42421e+06	1	732887	1	2915.23	1	0	273.249	301.462
468	165.781	1	1.7479e+06	1	1.42421e+06	1	732887	1	2915.23	1	0.001	273.249	301.462
468	165.781	1	1.7479e+06	1	1.42421e+06	1	732887	1	2915.23	1	0.00316228	273.25	301.462
468	165.781	1	1.7479e+06	1	1.42421e+06	1	732887	1	2915.23	1	0.01	273.25	301.462
468	165.781	1	1.7479e+06	1	1.42421e+06	1	732887	1	2915.23	1	0.0316228	273.251	301.462
468	165.781	1	1.7479e+06	1	1.42421e+06	1	732887	1	2915.23	1	0.1	273.256	301.464
468	165.781	1	1.7479e+06	1	1.42421e+06	1	732887	1	2915.23	1	0.316228	273.27	301.468
468	165.781	1	1.7479e+06	1	1.42421e+06	1	732887	1	2915.23	1	1	273.314	301.481
468	165.781	1	1.7479e+06	1	1.42421e+06	1	732887	1	2915.23	1	3.16228	273.45	301.523
468	165.781	1	1.7479e+06	1	1.42421e+06	1	732887	1	2915.23	1	10	273.858	301.647
468	165.781	1	1.7479e+06	1	1.42421e+06	1	732887	1	2915.23	1	31.6228	274.993	302.001
468	165.781	1	1.7479e+06	1	1.42421e+06	1	732887	1	2915.23	1	100	277.569	302.863
469	166.347	1	439202	1	883806	1	523203	1	3043.74	1	0	273.249	301.462
469	166.347	1	439202	1	883806	1	523203	1	3043.74	1	0.001	273.249	301.462
469	166.347	1	439202	1	883806	1	523203	1	3043.74	1	0.00316228	273.25	301.462
469	166.347	1	439202	1	883806	1	523203	1	3043.74	1	0.01	273.25	301.462
469	166.347	1	439202	1	883806	1	523203	1	3043.74	1	0.0316228	273.251	301.462
469	166.347	1	439202	1	883806	1	523203	1	3043.74	1	0.1	273.256	301.464
469	166.347	1	439202	1	883806	1	523203	1	3043.74	1	0.316228	273.27	301.468
469	166.347	1	439202	1	883806	1	523203	1	3043.74	1	1	273.313	301.481
469	166.347	1	439202	1	883806	1	523203	1	3043.74	1	3.16228	273.449	301.522
469	166.347	1	439202	1	883806	1	523203	1	3043.74	1	10	273.856	301.646
469	166.347	1	439202	1	883806	1	523203	1	3043.74	1	31.6228	274.986	301.997
469	166.347	1	439202	1	883806	1	523203	1	3043.74	1	100	277.552	302.851
470	140.038	1	2.78583e+06	1	763109	1	1.92977e+06	1	1702.34	1	0	273.249	301.462
470	140.038	1	2.78583e+06	1	763109	1	1.92977e+06	1	1702.34	1	0.001	273.249	301.462
470	140.038	1	2.78583e+06	1	763109	1	1.92977e+06	1	1702.34	1	0.00316228	273.25	301.462
470	140.038	1	2.78583e+06	1	763109	1	1.92977e+06	1	1702.34	1	0.01	273.25	301.462
470	140.038	1	2.78583e+06	1	763109	1	1.92977e+06	1	1702.34	1	0.0316228	273.252	301.462
470	140.038	1	2.78583e+06	1	763109	1	1.92977e+06	1	1702.34	1	0.1	273.257	301.464
470	140.038	1	2.78583e+06	1	763109	1	1.92977e+06	1	1702.34	1	0.316228	273.274	301.469
470	140.038	1	2.78583e+06	1	763109	1	1.92977e+06	1	1702.34	1	1	273.326	301.485
470	140.038	1	2.78583e+06	1	763109	1	1.92977e+06	1	1702.34	1	3.16228	273.486	301.534
470	140.038	1	2.78583e+06	1	763109	1	1.92977e+06	1	1702.34	1	10	273.965	301.682
470	140.038	1	2.78583e+06	1	763109	1	1.92977e+06	1	1702.34	1	31.6228	275.277	302.098
470	140.038	1	2.78583e+06	1	763109	1	1.92977e+06	1	1702.34	1	100	278.048	303.071
471	123.001	1	1.06485e+06	1	1.29268e+06	1	1.83463e+06	1	1969.79	1	0	273.249	301.462
471	123.001	1	1.06485e+06	1	1.29268e+06	1	1.83463e+06	1	1969.79	1	0.001	273.25	301.462
471	123.001	1	1.06485e+06	1	1.29268e+06	1	1.83463e+06	1	1969.79	1	0.00316228	273.25	301.462
471	123.001	1	1.06485e+06	1	1.29268e+06	1	1.83463e+06	1	1969.79	1	0.01	273.25	301.462
471	123.001	1	1.06485e+06	1	1.29268e+06	1	1.83463e+06	1	1969.79	1	0.0316228	273.252	301.462
471	123.001	1	1.06485e+06	1	1.29268e+06	1	1.83463e+06	1	1969.79	1	0.1	273.258	301.464
471	123.001	1	1.06485e+06	1	1.29268e+06	1	1.83463e+06	1	1969.79	1	0.316228	273.277	301.47
471	123.001	1	1.06485e+06	1	1.29268e+06	1	1.83463e+06	1	1969.79	1	1	273.336	301.488
471	123.001	1	1.06485e+06	1	1.29268e+06	1	1.83463e+06	1	1969.79	1	3.16228	273.517	301.543
471	123.001	1	1.06485e+06	1	1.29268e+06	1	1.83463e+06	1	1969.79	1	10	274.054	301.707
471	123.001	1	1.06485e+06	1	1.29268e+06	1	1.83463e+06	1	1969.79	1	31.6228	275.503	302.163
471	123.001	1	1.06485e+06	1	1.29268e+06	1	1.83463e+06	1	1969.79	1	100	278.392	303.186
472	152.283	1	1.82353e+06	1	1.79517e+06	1	1.20803e+06	1	1263.96	1	0	273.249	301.462
472	152.283	1	1.82353e+06	1	1.79517e+06	1	1.20803e+06	1	1263.96	1	0.001	273.249	301.462
472	152.283	1	1.82353e+06	1	1.79517e+06	1	1.20803e+06	1	1263.96	1	0.00316228	273.25	301.462
472	152.283	1	1.82353e+06	1	1.79517e+06	1	1.20803e+06	1	1263.96	1	0.01	273.25	301.462
472	152.283	1	1.82353e+06	1	1.79517e+06	1	1.20803e+06	1	1263.96	1	0.0316228	273.252	301.462
472	152.283	1	1.82353e+06	1	1.79517e+06	1	1.20803e+06	1	1263.96	1	0.1	273.257	301.464
472	152.283	1	1.82353e+06	1	1.79517e+06	1	1.20803e+06	1	1263.96	1	0.316228	273.272	301.469
472	152.283	1	1.82353e+06	1	1.79517e+06	1	1.20803e+06	1	1263.96	1	1	273.32	301.483
472	152.283	1	1.82353e+06	1	1.79517e+06	1	1.20803e+06	1	1263.96	1	3.16228	273.469	301.53
472	152.283	1	1.82353e+06	1	1.79517e+06	1	1.20803e+06	1	1263.96	1	10	273.914	301.669
472	152.283	1	1.82353e+06	1	1.79517e+06	1	1.20803e+06	1	1263.96	1	31.6228	275.145	302.065
472	152.283	1	1.82353e+06	1	1.79517e+06	1	1.20803e+06	1	1263.96	1	100	277.842	303.017
473	102.947	1	1.35885e+06	1	592907	1	1.35833e+06	1	1693.28	1	0	273.249	301.462
473	102.947	1	1.35885e+06	1	592907	1	1.35833e+06	1	1693.28	1	0.001	273.25	301.462
473	102.947	1	1.35885e+06	1	592907	1	1.35833e+06	1	1693.28	1	0.00316228	273.25	301.462
473	102.947	1	1.35885e+06	1	592907	1	1.35833e+06	1	1693.28	1	0.01	273.25	301.462
473	102.947	1	1.35885e+06	1	592907	1	1.35833e+06	1	1693.28	1	0.0316228	273.253	301.463
473	102.947	1	1.35885e+06	1	592907	1	1.35833e+06	1	1693.28	1	0.1	273.26	301.465
473	102.947	1	1.35885e+06	1	592907	1	1.35833e+06	1	1693.28	1	0.316228	273.282	301.472
473	102.947	1	1.35885e+06	1	592907	1	1.35833e+06	1	1693.28	1	1	273.352	301.493
473	102.947	1	1.35885e+06	1	592907	1	1.35833e+06	1	1693.28	1	3.16228	273.568	301.559
473	102.947	1	1.35885e+06	1	592907	1	1.35833e+06	1	1693.28	1	10	274.197	301.751
473	102.947	1	1.35885e+06	1	592907	1	1.35833e+06	1	1693.28	1	31.6228	275.855	302.277
473	102.947	1	1.35885e+06	1	592907	1	1.35833e+06	1	1693.28	1	100	278.903	303.393
474	103.755	1	1.12604e+06	1	504599	1	706130	1	1590.65	1	0	273.249	301.462
474	103.755	1	1.12604e+06	1	504599	1	706130	1	1590.65	1	0.001	273.25	301.462
474	103.755	1	1.12604e+06	1	504599	1	706130	1	1590.65	1	0.00316228	273.25	301.462
474	103.755	1	1.12604e+06	1	504599	1	706130	1	1590.65	1	0.01	273.25	301.462
474	103.755	1	1.12604e+06	1	504599	1	706130	1	1590.65	1	0.0316228	273.253	301.463
474	103.755	1	1.12604e+06	1	504599	1	706130	1	1590.65	1	0.1	273.26	301.465
474	103.755	1	1.12604e+06	1	504599	1	706130	1	1590.65	1	0.316228	273.282	301.472
474	103.755	1	1.12604e+06	1	504599	1	706130	1	1590.65	1	1	273.352	301.493
474	103.755	1	1.12604e+06	1	504599	1	706130	1	1590.65	1	3.16228	273.566	301.558
474	103.755	1	1.12604e+06	1	504599	1	706130	1	1590.65	1	10	274.191	301.75
474	103.755	1	1.12604e+06	1	504599	1	706130	1	1590.65	1	31.6228	275.843	302.276
474	103.755	1	1.12604e+06	1	504599	1	706130	1	1590.65	1	100	278.889	303.396
475	282.125	1	1.0846e+06	1	1.15946e+06	1	1.04117e+06	1	1735.72	1	0	273.249	301.462
475	282.125	1	1.0846e+06	1	1.15946e+06	1	1.04117e+06	1	1735.72	1	0.001	273.249	301.462
475	282.125	1	1.0846e+06	1	1.15946e+06	1	1.04117e+06	1	1735.72	1	0.00316228	273.25	301.462
475	282.125	1	1.0846e+06	1	1.15946e+06	1	1.04117e+06	1	1735.72	1	0.01	273.25	301.462
475	282.125	1	1.0846e+06	1	1.15946e+06	1	1.04117e+06	1	1735.72	1	0.0316228	273.251	301.462
475	282.125	1	1.0846e+06	1	1.15946e+06	1	1.04117e+06	1	1735.72	1	0.1	273.253	301.463
475	282.125	1	1.0846e+06	1	1.15946e+06	1	1.04117e+06	1	1735.72	1	0.316228	273.262	301.465
475	282.125	1	1.0846e+06	1	1.15946e+06	1	1.04117e+06	1	1735.72	1	1	273.288	301.474
475	282.125	1	1.0846e+06	1	1.15946e+06	1	1.04117e+06	1	1735.72	1	3.16228	273.37	301.5
475	282.125	1	1.0846e+06	1	1.15946e+06	1	1.04117e+06	1	1735.72	1	10	273.621	301.58
475	282.125	1	1.0846e+06	1	1.15946e+06	1	1.04117e+06	1	1735.72	1	31.6228	274.345	301.811
475	282.125	1	1.0846e+06	1	1.15946e+06	1	1.04117e+06	1	1735.72	1	100	276.22	302.444
476	41.8787	1	740670	1	1.03081e+06	1	1.45114e+06	1	1523.34	1	0	273.249	301.462
476	41.8787	1	740670	1	1.03081e+06	1	1.45114e+06	1	1523.34	1	0.001	273.25	301.462
476	41.8787	1	740670	1	1.03081e+06	1	1.45114e+06	1	1523.34	1	0.00316228	273.25	301.462
476	41.8787	1	740670	1	1.03081e+06	1	1.45114e+06	1	1523.34	1	0.01	273.252	301.462
476	41.8787	1	740670	1	1.03081e+06	1	1.45114e+06	1	1523.34	1	0.0316228	273.257	301.464
476	41.8787	1	740670	1	1.03081e+06	1	1.45114e+06	1	1523.34	1	0.1	273.275	301.469
476	41.8787	1	740670	1	1.03081e+06	1	1.45114e+06	1	1523.34	1	0.316228	273.329	301.486
476	41.8787	1	740670	1	1.03081e+06	1	1.45114e+06	1	1523.34	1	1	273.498	301.536
476	41.8787	1	740670	1	1.03081e+06	1	1.45114e+06	1	1523.34	1	3.16228	273.997	301.686
476	41.8787	1	740670	1	1.03081e+06	1	1.45114e+06	1	1523.34	1	10	275.356	302.105
476	41.8787	1	740670	1	1.03081e+06	1	1.45114e+06	1	1523.34	1	31.6228	278.155	303.057
476	41.8787	1	740670	1	1.03081e+06	1	1.45114e+06	1	1523.34	1	100	280.085	304.226
477	205.436	1	915563	1	1.49859e+06	1	887151	1	973.649	1	0	273.249	301.462
477	205.436	1	915563	1	1.49859e+06	1	887151	1	973.649	1	0.001	273.249	301.462
477	205.436	1	915563	1	1.49859e+06	1	887151	1	973.649	1	0.00316228	273.25	301.462
477	205.436	1	915563	1	1.49859e+06	1	887151	1	973.649	1	0.01	273.25	301.462
477	205.436	1	915563	1	1.49859e+06	1	887151	1	973.649	1	0.0316228	273.251	301.462
477	205.436	1	915563	1	1.49859e+06	1	887151	1	973.649	1	0.1	273.255	301.463
477	205.436	1	915563	1	1.49859e+06	1	887151	1	973.649	1	0.316228	273.266	301.467
477	205.436	1	915563	1	1.49859e+06	1	887151	1	973.649	1	1	273.302	301.479
477	205.436	1	915563	1	1.49859e+06	1	887151	1	973.649	1	3.16228	273.415	301.515
477	205.436	1	915563	1	1.49859e+06	1	887151	1	973.649	1	10	273.757	301.625
477	205.436	1	915563	1	1.49859e+06	1	887151	1	973.649	1	31.6228	274.716	301.941
477	205.436	1	915563	1	1.49859e+06	1	887151	1	973.649	1	100	277.06	302.774
478	129.941	1	807419	1	1.17605e+06	1	335684	1	1027.11	1	0	273.249	301.462
478	129.941	1	807419	1	1.17605e+06	1	335684	1	1027.11	1	0.001	273.25	301.462
478	129.941	1	807419	1	1.17605e+06	1	335684	1	1027.11	1	0.00316228	273.25	301.462
478	129.941	1	807419	1	1.17605e+06	1	335684	1	1027.11	1	0.01	273.25	301.462
478	129.941	1	807419	1	1.17605e+06	1	335684	1	1027.11	1	0.0316228	273.252	301.462
478	129.941	1	807419	1	1.17605e+06	1	335684	1	1027.11	1	0.1	273.258	301.464
478	129.941	1	807419	1	1.17605e+06	1	335684	1	1027.11	1	0.316228	273.276	301.47
478	129.941	1	807419	1	1.17605e+06	1	335684	1	1027.11	1	1	273.332	301.487
478	129.941	1	807419	1	1.17605e+06	1	335684	1	1027.11	1	3.16228	273.506	301.542
478	129.941	1	807419	1	1.17605e+06	1	335684	1	1027.11	1	10	274.023	301.705
478	129.941	1	807419	1	1.17605e+06	1	335684	1	1027.11	1	31.6228	275.428	302.163
478	129.941	1	807419	1	1.17605e+06	1	335684	1	1027.11	1	100	278.302	303.221
479	89.2334	1	1.45792e+06	1	394154	1	1.32301e+06	1	1118.04	1	0	273.249	301.462
479	89.2334	1	1.45792e+06	1	394154	1	1.32301e+06	1	1118.04	1	0.001	273.25	301.462
479	89.2334	1	1.45792e+06	1	394154	1	1.32301e+06	1	1118.04	1	0.00316228	273.25	301.462
479	89.2334	1	1.45792e+06	1	394154	1	1.32301e+06	1	1118.04	1	0.01	273.251	301.462
479	89.2334	1	1.45792e+06	1	394154	1	1.32301e+06	1	1118.04	1	0.0316228	273.253	301.463
479	89.2334	1	1.45792e+06	1	394154	1	1.32301e+06	1	1118.04	1	0.1	273.261	301.465
479	89.2334	1	1.45792e+06	1	394154	1	1.32301e+06	1	1118.04	1	0.316228	273.287	301.473
479	89.2334	1	1.45792e+06	1	394154	1	1.32301e+06	1	1118.04	1	1	273.368	301.498
479	89.2334	1	1.45792e+06	1	394154	1	1.32301e+06	1	1118.04	1	3.16228	273.617	301.574
479	89.2334	1	1.45792e+06	1	394154	1	1.32301e+06	1	1118.04	1	10	274.331	301.795
479	89.2334	1	1.45792e+06	1	394154	1	1.32301e+06	1	1118.04	1	31.6228	276.18	302.394
479	89.2334	1	1.45792e+06	1	394154	1	1.32301e+06	1	1118.04	1	100	279.196	303.586
480	233.362	1	6.89837e+06	1	1.61922e+06	1	309878	1	1781.43	1	0	273.249	301.462
480	233.362	1	6.89837e+06	1	1.61922e+06	1	309878	1	1781.43	1	0.001	273.249	301.462
480	233.362	1	6.89837e+06	1	1.61922e+06	1	309878	1	1781.43	1	0.00316228	273.25	301.462
480	233.362	1	6.89837e+06	1	1.61922e+06	1	309878	1	1781.43	1	0.01	273.25	301.462
480	233.362	1	6.89837e+06	1	1.61922e+06	1	309878	1	1781.43	1	0.0316228	273.251	301.462
480	233.362	1	6.89837e+06	1	1.61922e+06	1	309878	1	1781.43	1	0.1	273.254	301.463
480	233.362	1	6.89837e+06	1	1.61922e+06	1	309878	1	1781.43	1	0.316228	273.264	301.466
480	233.362	1	6.89837e+06	1	1.61922e+06	1	309878	1	1781.43	1	1	273.296	301.476
480	233.362	1	6.89837e+06	1	1.61922e+06	1	309878	1	1781.43	1	3.16228	273.395	301.507
480	233.362	1	6.89837e+06	1	1.61922e+06	1	309878	1	1781.43	1	10	273.696	301.603
480	233.362	1	6.89837e+06	1	1.61922e+06	1	309878	1	1781.43	1	31.6228	274.547	301.876
480	233.362	1	6.89837e+06	1	1.61922e+06	1	309878	1	1781.43	1	100	276.699	302.615
481	144.842	1	704470	1	1.62282e+06	1	479053	1	1941.15	1	0	273.249	301.462
481	144.842	1	704470	1	1.62282e+06	1	479053	1	1941.15	1	0.001	273.249	301.462
481	144.842	1	704470	1	1.62282e+06	1	479053	1	1941.15	1	0.00316228	273.25	301.462
481	144.842	1	704470	1	1.62282e+06	1	479053	1	1941.15	1	0.01	273.25	301.462
481	144.842	1	704470	1	1.62282e+06	1	479053	1	1941.15	1	0.0316228	273.252	301.462
481	144.842	1	704470	1	1.62282e+06	1	479053	1	1941.15	1	0.1	273.257	301.464
481	144.842	1	704470	1	1.62282e+06	1	479053	1	1941.15	1	0.316228	273.273	301.469
481	144.842	1	704470	1	1.62282e+06	1	479053	1	1941.15	1	1	273.323	301.484
481	144.842	1	704470	1	1.62282e+06	1	479053	1	1941.15	1	3.16228	273.479	301.532
481	144.842	1	704470	1	1.62282e+06	1	479053	1	1941.15	1	10	273.942	301.674
481	144.842	1	704470	1	1.62282e+06	1	479053	1	1941.15	1	31.6228	275.217	302.077
481	144.842	1	704470	1	1.62282e+06	1	479053	1	1941.15	1	100	277.951	303.027
482	175.118	1	609913	1	1.06678e+06	1	1.01886e+06	1	1331.62	1	0	273.249	301.462
482	175.118	1	609913	1	1.06678e+06	1	1.01886e+06	1	1331.62	1	0.001	273.249	301.462
482	175.118	1	609913	1	1.06678e+06	1	1.01886e+06	1	1331.62	1	0.00316228	273.25	301.462
482	175.118	1	609913	1	1.06678e+06	1	1.01886e+06	1	1331.62	1	0.01	273.25	301.462
482	175.118	1	609913	1	1.06678e+06	1	1.01886e+06	1	1331.62	1	0.0316228	273.251	301.462
482	175.118	1	609913	1	1.06678e+06	1	1.01886e+06	1	1331.62	1	0.1	273.256	301.463
482	175.118	1	609913	1	1.06678e+06	1	1.01886e+06	1	1331.62	1	0.316228	273.269	301.468
482	175.118	1	609913	1	1.06678e+06	1	1.01886e+06	1	1331.62	1	1	273.311	301.481
482	175.118	1	609913	1	1.06678e+06	1	1.01886e+06	1	1331.62	1	3.16228	273.441	301.521
482	175.118	1	609913	1	1.06678e+06	1	1.01886e+06	1	1331.62	1	10	273.833	301.644
482	175.118	1	609913	1	1.06678e+06	1	1.01886e+06	1	1331.62	1	31.6228	274.926	301.994
482	175.118	1	609913	1	1.06678e+06	1	1.01886e+06	1	1331.62	1	100	277.456	302.87
483	149.195	1	3.90072e+06	1	932368	1	1.06417e+06	1	935.057	1	0	273.249	301.462
483	149.195	1	3.90072e+06	1	932368	1	1.06417e+06	1	935.057	1	0.001	273.249	301.462
483	149.195	1	3.90072e+06	1	932368	1	1.06417e+06	1	935.057	1	0.00316228	273.25	301.462
483	149.195	1	3.90072e+06	1	932368	1	1.06417e+06	1	935.057	1	0.01	273.25	301.462
483	149.195	1	3.90072e+06	1	932368	1	1.06417e+06	1	935.057	1	0.0316228	273.252	301.462
483	149.195	1	3.90072e+06	1	932368	1	1.06417e+06	1	935.057	1	0.1	273.257	301.464
483	149.195	1	3.90072e+06	1	932368	1	1.06417e+06	1	935.057	1	0.316228	273.272	301.469
483	149.195	1	3.90072e+06	1	932368	1	1.06417e+06	1	935.057	1	1	273.322	301.484
483	149.195	1	3.90072e+06	1	932368	1	1.06417e+06	1	935.057	1	3.16228	273.475	301.533
483	149.195	1	3.90072e+06	1	932368	1	1.06417e+06	1	935.057	1	10	273.932	301.678
483	149.195	1	3.90072e+06	1	932368	1	1.06417e+06	1	935.057	1	31.6228	275.192	302.091
483	149.195	1	3.90072e+06	1	932368	1	1.06417e+06	1	935.057	1	100	277.93	303.086
484	152.351	1	1.28529e+06	1	854045	1	1.84199e+06	1	1043.94	1	0	273.249	301.462
484	152.351	1	1.28529e+06	1	854045	1	1.84199e+06	1	1043.94	1	0.001	273.249	301.462
484	152.351	1	1.28529e+06	1	854045	1	1.84199e+06	1	1043.94	1	0.00316228	273.25	301.462
484	152.351	1	1.28529e+06	1	854045	1	1.84199e+06	1	1043.94	1	0.01	273.25	301.462
484	152.351	1	1.28529e+06	1	854045	1	1.84199e+06	1	1043.94	1	0.0316228	273.252	301.462
484	152.351	1	1.28529e+06	1	854045	1	1.84199e+06	1	1043.94	1	0.1	273.257	301.464
484	152.351	1	1.28529e+06	1	854045	1	1.84199e+06	1	1043.94	1	0.316228	273.272	301.469
484	152.351	1	1.28529e+06	1	854045	1	1.84199e+06	1	1043.94	1	1	273.32	301.484
484	152.351	1	1.28529e+06	1	854045	1	1.84199e+06	1	1043.94	1	3.16228	273.469	301.531
484	152.351	1	1.28529e+06	1	854045	1	1.84199e+06	1	1043.94	1	10	273.916	301.672
484	152.351	1	1.28529e+06	1	854045	1	1.84199e+06	1	1043.94	1	31.6228	275.151	302.073
484	152.351	1	1.28529e+06	1	854045	1	1.84199e+06	1	1043.94	1	100	277.857	303.041
485	119.517	1	357383	1	769685	1	2.02545e+06	1	1407.28	1	0	273.249	301.462
485	119.517	1	357383	1	769685	1	2.02545e+06	1	1407.28	1	0.001	273.25	301.462
485	119.517	1	357383	1	769685	1	2.02545e+06	1	1407.28	1	0.00316228	273.25	301.462
485	119.517	1	357383	1	769685	1	2.02545e+06	1	1407.28	1	0.01	273.25	301.462
485	119.517	1	357383	1	769685	1	2.02545e+06	1	1407.28	1	0.0316228	273.252	301.462
485	119.517	1	357383	1	769685	1	2.02545e+06	1	1407.28	1	0.1	273.258	301.464
485	119.517	1	357383	1	769685	1	2.02545e+06	1	1407.28	1	0.316228	273.278	301.47
485	119.517	1	357383	1	769685	1	2.02545e+06	1	1407.28	1	1	273.338	301.489
485	119.517	1	357383	1	769685	1	2.02545e+06	1	1407.28	1	3.16228	273.526	301.546
485	119.517	1	357383	1	769685	1	2.02545e+06	1	1407.28	1	10	274.077	301.716
485	119.517	1	357383	1	769685	1	2.02545e+06	1	1407.28	1	31.6228	275.562	302.188
485	119.517	1	357383	1	769685	1	2.02545e+06	1	1407.28	1	100	278.48	303.238
486	185.39	1	758335	1	1.71327e+06	1	3.58346e+06	1	1101.3	1	0	273.249	301.462
486	185.39	1	758335	1	1.71327e+06	1	3.58346e+06	1	1101.3	1	0.001	273.249	301.462
486	185.39	1	758335	1	1.71327e+06	1	3.58346e+06	1	1101.3	1	0.00316228	273.25	301.462
486	185.39	1	758335	1	1.71327e+06	1	3.58346e+06	1	1101.3	1	0.01	273.25	301.462
486	185.39	1	758335	1	1.71327e+06	1	3.58346e+06	1	1101.3	1	0.0316228	273.251	301.462
486	185.39	1	758335	1	1.71327e+06	1	3.58346e+06	1	1101.3	1	0.1	273.255	301.463
486	185.39	1	758335	1	1.71327e+06	1	3.58346e+06	1	1101.3	1	0.316228	273.268	301.467
486	185.39	1	758335	1	1.71327e+06	1	3.58346e+06	1	1101.3	1	1	273.308	301.48
486	185.39	1	758335	1	1.71327e+06	1	3.58346e+06	1	1101.3	1	3.16228	273.431	301.519
486	185.39	1	758335	1	1.71327e+06	1	3.58346e+06	1	1101.3	1	10	273.805	301.638
486	185.39	1	758335	1	1.71327e+06	1	3.58346e+06	1	1101.3	1	31.6228	274.849	301.975
486	185.39	1	758335	1	1.71327e+06	1	3.58346e+06	1	1101.3	1	100	277.313	302.838
487	270.097	1	698900	1	537242	1	615204	1	1723.86	1	0	273.249	301.462
487	270.097	1	698900	1	537242	1	615204	1	1723.86	1	0.001	273.249	301.462
487	270.097	1	698900	1	537242	1	615204	1	1723.86	1	0.00316228	273.25	301.462
487	270.097	1	698900	1	537242	1	615204	1	1723.86	1	0.01	273.25	301.462
487	270.097	1	698900	1	537242	1	615204	1	1723.86	1	0.0316228	273.251	301.462
487	270.097	1	698900	1	537242	1	615204	1	1723.86	1	0.1	273.253	301.463
487	270.097	1	698900	1	537242	1	615204	1	1723.86	1	0.316228	273.262	301.466
487	270.097	1	698900	1	537242	1	615204	1	1723.86	1	1	273.289	301.474
487	270.097	1	698900	1	537242	1	615204	1	1723.86	1	3.16228	273.375	301.501
487	270.097	1	698900	1	537242	1	615204	1	1723.86	1	10	273.637	301.585
487	270.097	1	698900	1	537242	1	615204	1	1723.86	1	31.6228	274.389	301.826
487	270.097	1	698900	1	537242	1	615204	1	1723.86	1	100	276.327	302.484
488	110.248	1	3.47529e+06	1	1.21507e+06	1	1.90895e+06	1	1839.48	1	0	273.249	301.462
488	110.248	1	3.47529e+06	1	1.21507e+06	1	1.90895e+06	1	1839.48	1	0.001	273.25	301.462
488	110.248	1	3.47529e+06	1	1.21507e+06	1	1.90895e+06	1	1839.48	1	0.00316228	273.25	301.462
488	110.248	1	3.47529e+06	1	1.21507e+06	1	1.90895e+06	1	1839.48	1	0.01	273.25	301.462
488	110.248	1	3.47529e+06	1	1.21507e+06	1	1.90895e+06	1	1839.48	1	0.0316228	273.252	301.463
488	110.248	1	3.47529e+06	1	1.21507e+06	1	1.90895e+06	1	1839.48	1	0.1	273.259	301.465
488	110.248	1	3.47529e+06	1	1.21507e+06	1	1.90895e+06	1	1839.48	1	0.316228	273.28	301.471
488	110.248	1	3.47529e+06	1	1.21507e+06	1	1.90895e+06	1	1839.48	1	1	273.346	301.491
488	110.248	1	3.47529e+06	1	1.21507e+06	1	1.90895e+06	1	1839.48	1	3.16228	273.548	301.552
488	110.248	1	3.47529e+06	1	1.21507e+06	1	1.90895e+06	1	1839.48	1	10	274.139	301.733
488	110.248	1	3.47529e+06	1	1.21507e+06	1	1.90895e+06	1	1839.48	1	31.6228	275.715	302.232
488	110.248	1	3.47529e+06	1	1.21507e+06	1	1.90895e+06	1	1839.48	1	100	278.705	303.311
489	326.476	1	492167	1	1.64543e+06	1	342490	1	2129.68	1	0	273.249	301.462
489	326.476	1	492167	1	1.64543e+06	1	342490	1	2129.68	1	0.001	273.249	301.462
489	326.476	1	492167	1	1.64543e+06	1	342490	1	2129.68	1	0.00316228	273.25	301.462
489	326.476	1	492167	1	1.64543e+06	1	342490	1	2129.68	1	0.01	273.25	301.462
489	326.476	1	492167	1	1.64543e+06	1	342490	1	2129.68	1	0.0316228	273.25	301.462
489	326.476	1	492167	1	1.64543e+06	1	342490	1	2129.68	1	0.1	273.253	301.463
489	326.476	1	492167	1	1.64543e+06	1	342490	1	2129.68	1	0.316228	273.26	301.465
489	326.476	1	492167	1	1.64543e+06	1	342490	1	2129.68	1	1	273.283	301.472
489	326.476	1	492167	1	1.64543e+06	1	342490	1	2129.68	1	3.16228	273.354	301.495
489	326.476	1	492167	1	1.64543e+06	1	342490	1	2129.68	1	10	273.572	301.564
489	326.476	1	492167	1	1.64543e+06	1	342490	1	2129.68	1	31.6228	274.21	301.768
489	326.476	1	492167	1	1.64543e+06	1	342490	1	2129.68	1	100	275.896	302.332
490	197.943	1	1.17192e+06	1	678412	1	1.17638e+06	1	2607.27	1	0	273.249	301.462
490	197.943	1	1.17192e+06	1	678412	1	1.17638e+06	1	2607.27	1	0.001	273.249	301.462
490	197.943	1	1.17192e+06	1	678412	1	1.17638e+06	1	2607.27	1	0.00316228	273.25	301.462
490	197.943	1	1.17192e+06	1	678412	1	1.17638e+06	1	2607.27	1	0.01	273.25	301.462
490	197.943	1	1.17192e+06	1	678412	1	1.17638e+06	1	2607.27	1	0.0316228	273.251	301.462
490	197.943	1	1.17192e+06	1	678412	1	1.17638e+06	1	2607.27	1	0.1	273.255	301.463
490	197.943	1	1.17192e+06	1	678412	1	1.17638e+06	1	2607.27	1	0.316228	273.267	301.467
490	197.943	1	1.17192e+06	1	678412	1	1.17638e+06	1	2607.27	1	1	273.303	301.478
490	197.943	1	1.17192e+06	1	678412	1	1.17638e+06	1	2607.27	1	3.16228	273.418	301.513
490	197.943	1	1.17192e+06	1	678412	1	1.17638e+06	1	2607.27	1	10	273.765	301.62
490	197.943	1	1.17192e+06	1	678412	1	1.17638e+06	1	2607.27	1	31.6228	274.738	301.923
490	197.943	1	1.17192e+06	1	678412	1	1.17638e+06	1	2607.27	1	100	277.084	302.706
491	85.3962	1	1.27927e+06	1	973854	1	1.2268e+06	1	842.917	1	0	273.249	301.462
491	85.3962	1	1.27927e+06	1	973854	1	1.2268e+06	1	842.917	1	0.001	273.25	301.462
491	85.3962	1	1.27927e+06	1	973854	1	1.2268e+06	1	842.917	1	0.00316228	273.25	301.462
491	85.3962	1	1.27927e+06	1	973854	1	1.2268e+06	1	842.917	1	0.01	273.251	301.462
491	85.3962	1	1.27927e+06	1	973854	1	1.2268e+06	1	842.917	1	0.0316228	273.253	301.463
491	85.3962	1	1.27927e+06	1	973854	1	1.2268e+06	1	842.917	1	0.1	273.262	301.465
491	85.3962	1	1.27927e+06	1	973854	1	1.2268e+06	1	842.917	1	0.316228	273.289	301.474
491	85.3962	1	1.27927e+06	1	973854	1	1.2268e+06	1	842.917	1	1	273.374	301.5
491	85.3962	1	1.27927e+06	1	973854	1	1.2268e+06	1	842.917	1	3.16228	273.634	301.58
491	85.3962	1	1.27927e+06	1	973854	1	1.2268e+06	1	842.917	1	10	274.378	301.812
491	85.3962	1	1.27927e+06	1	973854	1	1.2268e+06	1	842.917	1	31.6228	276.294	302.442
491	85.3962	1	1.27927e+06	1	973854	1	1.2268e+06	1	842.917	1	100	279.29	303.667
492	196.222	1	4.21353e+06	1	866365	1	1.24132e+06	1	1768.26	1	0	273.249	301.462
492	196.222	1	4.21353e+06	1	866365	1	1.24132e+06	1	1768.26	1	0.001	273.249	301.462
492	196.222	1	4.21353e+06	1	866365	1	1.24132e+06	1	1768.26	1	0.00316228	273.25	301.462
492	196.222	1	4.21353e+06	1	866365	1	1.24132e+06	1	1768.26	1	0.01	273.25	301.462
492	196.222	1	4.21353e+06	1	866365	1	1.24132e+06	1	1768.26	1	0.0316228	273.251	301.462
492	196.222	1	4.21353e+06	1	866365	1	1.24132e+06	1	1768.26	1	0.1	273.255	301.463
492	196.222	1	4.21353e+06	1	866365	1	1.24132e+06	1	1768.26	1	0.316228	273.267	301.467
492	196.222	1	4.21353e+06	1	866365	1	1.24132e+06	1	1768.26	1	1	273.304	301.479
492	196.222	1	4.21353e+06	1	866365	1	1.24132e+06	1	1768.26	1	3.16228	273.42	301.515
492	196.222	1	4.21353e+06	1	866365	1	1.24132e+06	1	1768.26	1	10	273.772	301.625
492	196.222	1	4.21353e+06	1	866365	1	1.24132e+06	1	1768.26	1	31.6228	274.759	301.937
492	196.222	1	4.21353e+06	1	866365	1	1.24132e+06	1	1768.26	1	100	277.133	302.747
493	117.395	1	381971	1	1.56457e+06	1	931852	1	2472.02	1	0	273.249	301.462
493	117.395	1	381971	1	1.56457e+06	1	931852	1	2472.02	1	0.001	273.25	301.462
493	117.395	1	381971	1	1.56457e+06	1	931852	1	2472.02	1	0.00316228	273.25	301.462
493	117.395	1	381971	1	1.56457e+06	1	931852	1	2472.02	1	0.01	273.25	301.462
493	117.395	1	381971	1	1.56457e+06	1	931852	1	2472.02	1	0.0316228	273.252	301.462
493	117.395	1	381971	1	1.56457e+06	1	931852	1	2472.02	1	0.1	273.258	301.464
493	117.395	1	381971	1	1.56457e+06	1	931852	1	2472.02	1	0.316228	273.278	301.47
493	117.395	1	381971	1	1.56457e+06	1	931852	1	2472.02	1	1	273.339	301.489
493	117.395	1	381971	1	1.56457e+06	1	931852	1	2472.02	1	3.16228	273.529	301.546
493	117.395	1	381971	1	1.56457e+06	1	931852	1	2472.02	1	10	274.087	301.715
493	117.395	1	381971	1	1.56457e+06	1	931852	1	2472.02	1	31.6228	275.584	302.182
493	117.395	1	381971	1	1.56457e+06	1	931852	1	2472.02	1	100	278.505	303.209
494	104.253	1	577844	1	1.37835e+06	1	674443	1	1983.67	1	0	273.249	301.462
494	104.253	1	577844	1	1.37835e+06	1	674443	1	1983.67	1	0.001	273.25	301.462
494	104.253	1	577844	1	1.37835e+06	1	674443	1	1983.67	1	0.00316228	273.25	301.462
494	104.253	1	577844	1	1.37835e+06	1	674443	1	1983.67	1	0.01	273.25	301.462
494	104.253	1	577844	1	1.37835e+06	1	674443	1	1983.67	1	0.0316228	273.253	301.463
494	104.253	1	577844	1	1.37835e+06	1	674443	1	1983.67	1	0.1	273.26	301.465
494	104.253	1	577844	1	1.37835e+06	1	674443	1	1983.67	1	0.316228	273.282	301.471
494	104.253	1	577844	1	1.37835e+06	1	674443	1	1983.67	1	1	273.351	301.492
494	104.253	1	577844	1	1.37835e+06	1	674443	1	1983.67	1	3.16228	273.564	301.557
494	104.253	1	577844	1	1.37835e+06	1	674443	1	1983.67	1	10	274.185	301.746
494	104.253	1	577844	1	1.37835e+06	1	674443	1	1983.67	1	31.6228	275.825	302.263
494	104.253	1	577844	1	1.37835e+06	1	674443	1	1983.67	1	100	278.856	303.36
495	127.93	1	183785	1	747834	1	897730	1	1795.24	1	0	273.249	301.462
495	127.93	1	183785	1	747834	1	897730	1	1795.24	1	0.001	273.25	301.462
495	127.93	1	183785	1	747834	1	897730	1	1795.24	1	0.00316228	273.25	301.462
495	127.93	1	183785	1	747834	1	897730	1	1795.24	1	0.01	273.25	301.462
495	127.93	1	183785	1	747834	1	897730	1	1795.24	1	0.0316228	273.252	301.462
495	127.93	1	183785	1	747834	1	897730	1	1795.24	1	0.1	273.258	301.464
495	127.93	1	183785	1	747834	1	897730	1	1795.24	1	0.316228	273.276	301.47
495	127.93	1	183785	1	747834	1	897730	1	1795.24	1	1	273.332	301.487
495	127.93	1	183785	1	747834	1	897730	1	1795.24	1	3.16228	273.507	301.54
495	127.93	1	183785	1	747834	1	897730	1	1795.24	1	10	274.024	301.697
495	127.93	1	183785	1	747834	1	897730	1	1795.24	1	31.6228	275.425	302.136
495	127.93	1	183785	1	747834	1	897730	1	1795.24	1	100	278.265	303.13
496	136.718	1	1.71676e+06	1	1.48206e+06	1	913614	1	2957.17	1	0	273.249	301.462
496	136.718	1	1.71676e+06	1	1.48206e+06	1	913614	1	2957.17	1	0.001	273.25	301.462
496	136.718	1	1.71676e+06	1	1.48206e+06	1	913614	1	2957.17	1	0.00316228	273.25	301.462
496	136.718	1	1.71676e+06	1	1.48206e+06	1	913614	1	2957.17	1	0.01	273.25	301.462
496	136.718	1	1.71676e+06	1	1.48206e+06	1	913614	1	2957.17	1	0.0316228	273.252	301.462
496	136.718	1	1.71676e+06	1	1.48206e+06	1	913614	1	2957.17	1	0.1	273.257	301.464
496	136.718	1	1.71676e+06	1	1.48206e+06	1	913614	1	2957.17	1	0.316228	273.274	301.469
496	136.718	1	1.71676e+06	1	1.48206e+06	1	913614	1	2957.17	1	1	273.327	301.485
496	136.718	1	1.71676e+06	1	1.48206e+06	1	913614	1	2957.17	1	3.16228	273.491	301.535
496	136.718	1	1.71676e+06	1	1.48206e+06	1	913614	1	2957.17	1	10	273.977	301.683
496	136.718	1	1.71676e+06	1	1.48206e+06	1	913614	1	2957.17	1	31.6228	275.308	302.097
496	136.718	1	1.71676e+06	1	1.48206e+06	1	913614	1	2957.17	1	100	278.088	303.054
497	207.964	1	1.74879e+06	1	1.38254e+06	1	638082	1	1054.81	1	0	273.249	301.462
497	207.964	1	1.74879e+06	1	1.38254e+06	1	638082	1	1054.81	1	0.001	273.249	301.462
497	207.964	1	1.74879e+06	1	1.38254e+06	1	638082	1	1054.81	1	0.00316228	273.25	301.462
497	207.964	1	1.74879e+06	1	1.38254e+06	1	638082	1	1054.81	1	0.01	273.25	301.462
497	207.964	1	1.74879e+06	1	1.38254e+06	1	638082	1	1054.81	1	0.0316228	273.251	301.462
497	207.964	1	1.74879e+06	1	1.38254e+06	1	638082	1	1054.81	1	0.1	273.255	301.463
497	207.964	1	1.74879e+06	1	1.38254e+06	1	638082	1	1054.81	1	0.316228	273.266	301.467
497	207.964	1	1.74879e+06	1	1.38254e+06	1	638082	1	1054.81	1	1	273.302	301.478
497	207.964	1	1.74879e+06	1	1.38254e+06	1	638082	1	1054.81	1	3.16228	273.413	301.514
497	207.964	1	1.74879e+06	1	1.38254e+06	1	638082	1	1054.81	1	10	273.75	301.623
497	207.964	1	1.74879e+06	1	1.38254e+06	1	638082	1	1054.81	1	31.6228	274.699	301.934
497	207.964	1	1.74879e+06	1	1.38254e+06	1	638082	1	1054.81	1	100	277.026	302.758
498	142.327	1	764955	1	585375	1	1.08242e+06	1	1722.1	1	0	273.249	301.462
498	142.327	1	764955	1	585375	1	1.08242e+06	1	1722.1	1	0.001	273.249	301.462
498	142.327	1	764955	1	585375	1	1.08242e+06	1	1722.1	1	0.00316228	273.25	301.462
498	142.327	1	764955	1	585375	1	1.08242e+06	1	1722.1	1	0.01	273.25	301.462
498	142.327	1	764955	1	585375	1	1.08242e+06	1	1722.1	1	0.0316228	273.252	301.462
498	142.327	1	764955	1	585375	1	1.08242e+06	1	1722.1	1	0.1	273.257	301.464
498	142.327	1	764955	1	585375	1	1.08242e+06	1	1722.1	1	0.316228	273.273	301.469
498	142.327	1	764955	1	585375	1	1.08242e+06	1	1722.1	1	1	273.324	301.485
498	142.327	1	764955	1	585375	1	1.08242e+06	1	1722.1	1	3.16228	273.483	301.533
498	142.327	1	764955	1	585375	1	1.08242e+06	1	1722.1	1	10	273.954	301.679
498	142.327	1	764955	1	585375	1	1.08242e+06	1	1722.1	1	31.6228	275.248	302.088
498	142.327	1	764955	1	585375	1	1.08242e+06	1	1722.1	1	100	278.001	303.052
499	157.241	1	895692	1	1.33953e+06	1	1.73938e+06	1	1764.47	1	0	273.249	301.462
499	157.241	1	895692	1	1.33953e+06	1	1.73938e+06	1	1764.47	1	0.001	273.249	301.462
499	157.241	1	895692	1	1.33953e+06	1	1.73938e+06	1	1764.47	1	0.00316228	273.25	301.462
499	157.241	1	895692	1	1.33953e+06	1	1.73938e+06	1	1764.47	1	0.01	273.25	301.462
499	157.241	1	895692	1	1.33953e+06	1	1.73938e+06	1	1764.47	1	0.0316228	273.252	301.462
499	157.241	1	895692	1	1.33953e+06	1	1.73938e+06	1	1764.47	1	0.1	273.256	301.464
499	157.241	1	895692	1	1.33953e+06	1	1.73938e+06	1	1764.47	1	0.316228	273.271	301.468
499	157.241	1	895692	1	1.33953e+06	1	1.73938e+06	1	1764.47	1	1	273.317	301.482
499	157.241	1	895692	1	1.33953e+06	1	1.73938e+06	1	1764.47	1	3.16228	273.461	301.527
499	157.241	1	895692	1	1.33953e+06	1	1.73938e+06	1	1764.47	1	10	273.891	301.659
499	157.241	1	895692	1	1.33953e+06	1	1.73938e+06	1	1764.47	1	31.6228	275.083	302.035
499	157.241	1	895692	1	1.33953e+06	1	1.73938e+06	1	1764.47	1	100	277.727	302.943
500	132.605	1	1.42282e+06	1	1.24207e+06	1	1.78794e+06	1	1438.23	1	0	273.249	301.462
500	132.605	1	1.42282e+06	1	1.24207e+06	1	1.78794e+06	1	1438.23	1	0.001	273.25	301.462
500	132.605	1	1.42282e+06	1	1.24207e+06	1	1.78794e+06	1	1438.23	1	0.00316228	273.25	301.462
500	132.605	1	1.42282e+06	1	1.24207e+06	1	1.78794e+06	1	1438.23	1	0.01	273.25	301.462
500	132.605	1	1.42282e+06	1	1.24207e+06	1	1.78794e+06	1	1438.23	1	0.0316228	273.252	301.462
500	132.605	1	1.42282e+06	1	1.24207e+06	1	1.78794e+06	1	1438.23	1	0.1	273.258	301.464
500	132.605	1	1.42282e+06	1	1.24207e+06	1	1.78794e+06	1	1438.23	1	0.316228	273.275	301.469
500	132.605	1	1.42282e+06	1	1.24207e+06	1	1.78794e+06	1	1438.23	1	1	273.33	301.486
500	132.605	1	1.42282e+06	1	1.24207e+06	1	1.78794e+06	1	1438.23	1	3.16228	273.5	301.539
500	132.605	1	1.42282e+06	1	1.24207e+06	1	1.78794e+06	1	1438.23	1	10	274.003	301.694
500	132.605	1	1.42282e+06	1	1.24207e+06	1	1.78794e+06	1	1438.23	1	31.6228	275.375	302.132
500	132.605	1	1.42282e+06	1	1.24207e+06	1	1.78794e+06	1	1438.23	1	100	278.205	303.141
501	96.3402	1	502317	1	214418	1	584776	1	1484.49	1	0	273.249	301.462
501	96.3402	1	502317	1	214418	1	584776	1	1484.49	1	0.001	273.25	301.462
501	96.3402	1	502317	1	214418	1	584776	1	1484.49	1	0.00316228	273.25	301.462
501	96.3402	1	502317	1	214418	1	584776	1	1484.49	1	0.01	273.251	301.462
501	96.3402	1	502317	1	214418	1	584776	1	1484.49	1	0.0316228	273.253	301.463
501	96.3402	1	502317	1	214418	1	584776	1	1484.49	1	0.1	273.261	301.465
501	96.3402	1	502317	1	214418	1	584776	1	1484.49	1	0.316228	273.284	301.472
501	96.3402	1	502317	1	214418	1	584776	1	1484.49	1	1	273.359	301.495
501	96.3402	1	502317	1	214418	1	584776	1	1484.49	1	3.16228	273.59	301.566
501	96.3402	1	502317	1	214418	1	584776	1	1484.49	1	10	274.257	301.771
501	96.3402	1	502317	1	214418	1	584776	1	1484.49	1	31.6228	276	302.328
501	96.3402	1	502317	1	214418	1	584776	1	1484.49	1	100	279.059	303.484
502	193.972	1	1.97753e+06	1	1.43628e+06	1	1.77048e+06	1	1293.14	1	0	273.249	301.462
502	193.972	1	1.97753e+06	1	1.43628e+06	1	1.77048e+06	1	1293.14	1	0.001	273.249	301.462
502	193.972	1	1.97753e+06	1	1.43628e+06	1	1.77048e+06	1	1293.14	1	0.00316228	273.25	301.462
502	193.972	1	1.97753e+06	1	1.43628e+06	1	1.77048e+06	1	1293.14	1	0.01	273.25	301.462
502	193.972	1	1.97753e+06	1	1.43628e+06	1	1.77048e+06	1	1293.14	1	0.0316228	273.251	301.462
502	193.972	1	1.97753e+06	1	1.43628e+06	1	1.77048e+06	1	1293.14	1	0.1	273.255	301.463
502	193.972	1	1.97753e+06	1	1.43628e+06	1	1.77048e+06	1	1293.14	1	0.316228	273.267	301.467
502	193.972	1	1.97753e+06	1	1.43628e+06	1	1.77048e+06	1	1293.14	1	1	273.305	301.479
502	193.972	1	1.97753e+06	1	1.43628e+06	1	1.77048e+06	1	1293.14	1	3.16228	273.423	301.516
502	193.972	1	1.97753e+06	1	1.43628e+06	1	1.77048e+06	1	1293.14	1	10	273.781	301.629
502	193.972	1	1.97753e+06	1	1.43628e+06	1	1.77048e+06	1	1293.14	1	31.6228	274.782	301.951
502	193.972	1	1.97753e+06	1	1.43628e+06	1	1.77048e+06	1	1293.14	1	100	277.183	302.785
503	97.3778	1	2.98336e+06	1	667435	1	736070	1	1132.43	1	0	273.249	301.462
503	97.3778	1	2.98336e+06	1	667435	1	736070	1	1132.43	1	0.001	273.25	301.462
503	97.3778	1	2.98336e+06	1	667435	1	736070	1	1132.43	1	0.00316228	273.25	301.462
503	97.3778	1	2.98336e+06	1	667435	1	736070	1	1132.43	1	0.01	273.251	301.462
503	97.3778	1	2.98336e+06	1	667435	1	736070	1	1132.43	1	0.0316228	273.253	301.463
503	97.3778	1	2.98336e+06	1	667435	1	736070	1	1132.43	1	0.1	273.26	301.465
503	97.3778	1	2.98336e+06	1	667435	1	736070	1	1132.43	1	0.316228	273.284	301.472
503	97.3778	1	2.98336e+06	1	667435	1	736070	1	1132.43	1	1	273.359	301.495
503	97.3778	1	2.98336e+06	1	667435	1	736070	1	1132.43	1	3.16228	273.587	301.566
503	97.3778	1	2.98336e+06	1	667435	1	736070	1	1132.43	1	10	274.251	301.771
503	97.3778	1	2.98336e+06	1	667435	1	736070	1	1132.43	1	31.6228	275.986	302.331
503	97.3778	1	2.98336e+06	1	667435	1	736070	1	1132.43	1	100	279.057	303.502
504	145.517	1	385704	1	87378.4	1	688726	1	1613.79	1	0	273.249	301.462
504	145.517	1	385704	1	87378.4	1	688726	1	1613.79	1	0.001	273.249	301.462
504	145.517	1	385704	1	87378.4	1	688726	1	1613.79	1	0.00316228	273.25	301.462
504	145.517	1	385704	1	87378.4	1	688726	1	1613.79	1	0.01	273.25	301.462
504	145.517	1	385704	1	87378.4	1	688726	1	1613.79	1	0.0316228	273.252	301.462
504	145.517	1	385704	1	87378.4	1	688726	1	1613.79	1	0.1	273.257	301.464
504	145.517	1	385704	1	87378.4	1	688726	1	1613.79	1	0.316228	273.273	301.469
504	145.517	1	385704	1	87378.4	1	688726	1	1613.79	1	1	273.323	301.484
504	145.517	1	385704	1	87378.4	1	688726	1	1613.79	1	3.16228	273.479	301.533
504	145.517	1	385704	1	87378.4	1	688726	1	1613.79	1	10	273.943	301.678
504	145.517	1	385704	1	87378.4	1	688726	1	1613.79	1	31.6228	275.221	302.09
504	145.517	1	385704	1	87378.4	1	688726	1	1613.79	1	100	277.971	303.07
505	350.626	1	633545	1	862430	1	2.90949e+06	1	1359.38	1	0	273.249	301.462
505	350.626	1	633545	1	862430	1	2.90949e+06	1	1359.38	1	0.001	273.249	301.462
505	350.626	1	633545	1	862430	1	2.90949e+06	1	1359.38	1	0.00316228	273.25	301.462
505	350.626	1	633545	1	862430	1	2.90949e+06	1	1359.38	1	0.01	273.25	301.462
505	350.626	1	633545	1	862430	1	2.90949e+06	1	1359.38	1	0.0316228	273.25	301.462
505	350.626	1	633545	1	862430	1	2.90949e+06	1	1359.38	1	0.1	273.253	301.463
505	350.626	1	633545	1	862430	1	2.90949e+06	1	1359.38	1	0.316228	273.259	301.465
505	350.626	1	633545	1	862430	1	2.90949e+06	1	1359.38	1	1	273.281	301.472
505	350.626	1	633545	1	862430	1	2.90949e+06	1	1359.38	1	3.16228	273.347	301.494
505	350.626	1	633545	1	862430	1	2.90949e+06	1	1359.38	1	10	273.554	301.561
505	350.626	1	633545	1	862430	1	2.90949e+06	1	1359.38	1	31.6228	274.158	301.76
505	350.626	1	633545	1	862430	1	2.90949e+06	1	1359.38	1	100	275.772	302.315
506	134.535	1	868105	1	1.2111e+06	1	415466	1	1913.79	1	0	273.249	301.462
506	134.535	1	868105	1	1.2111e+06	1	415466	1	1913.79	1	0.001	273.25	301.462
506	134.535	1	868105	1	1.2111e+06	1	415466	1	1913.79	1	0.00316228	273.25	301.462
506	134.535	1	868105	1	1.2111e+06	1	415466	1	1913.79	1	0.01	273.25	301.462
506	134.535	1	868105	1	1.2111e+06	1	415466	1	1913.79	1	0.0316228	273.252	301.462
506	134.535	1	868105	1	1.2111e+06	1	415466	1	1913.79	1	0.1	273.257	301.464
506	134.535	1	868105	1	1.2111e+06	1	415466	1	1913.79	1	0.316228	273.275	301.469
506	134.535	1	868105	1	1.2111e+06	1	415466	1	1913.79	1	1	273.329	301.486
506	134.535	1	868105	1	1.2111e+06	1	415466	1	1913.79	1	3.16228	273.496	301.537
506	134.535	1	868105	1	1.2111e+06	1	415466	1	1913.79	1	10	273.992	301.69
506	134.535	1	868105	1	1.2111e+06	1	415466	1	1913.79	1	31.6228	275.346	302.118
506	134.535	1	868105	1	1.2111e+06	1	415466	1	1913.79	1	100	278.158	303.109
507	127.321	1	3.38721e+06	1	871474	1	917032	1	1220.82	1	0	273.249	301.462
507	127.321	1	3.38721e+06	1	871474	1	917032	1	1220.82	1	0.001	273.25	301.462
507	127.321	1	3.38721e+06	1	871474	1	917032	1	1220.82	1	0.00316228	273.25	301.462
507	127.321	1	3.38721e+06	1	871474	1	917032	1	1220.82	1	0.01	273.25	301.462
507	127.321	1	3.38721e+06	1	871474	1	917032	1	1220.82	1	0.0316228	273.252	301.462
507	127.321	1	3.38721e+06	1	871474	1	917032	1	1220.82	1	0.1	273.258	301.464
507	127.321	1	3.38721e+06	1	871474	1	917032	1	1220.82	1	0.316228	273.276	301.47
507	127.321	1	3.38721e+06	1	871474	1	917032	1	1220.82	1	1	273.333	301.488
507	127.321	1	3.38721e+06	1	871474	1	917032	1	1220.82	1	3.16228	273.51	301.543
507	127.321	1	3.38721e+06	1	871474	1	917032	1	1220.82	1	10	274.034	301.706
507	127.321	1	3.38721e+06	1	871474	1	917032	1	1220.82	1	31.6228	275.456	302.164
507	127.321	1	3.38721e+06	1	871474	1	917032	1	1220.82	1	100	278.336	303.211
508	186.395	1	462529	1	1.59065e+06	1	1.40747e+06	1	1383.57	1	0	273.249	301.462
508	186.395	1	462529	1	1.59065e+06	1	1.40747e+06	1	1383.57	1	0.001	273.249	301.462
508	186.395	1	462529	1	1.59065e+06	1	1.40747e+06	1	1383.57	1	0.00316228	273.25	301.462
508	186.395	1	462529	1	1.59065e+06	1	1.40747e+06	1	1383.57	1	0.01	273.25	301.462
508	186.395	1	462529	1	1.59065e+06	1	1.40747e+06	1	1383.57	1	0.0316228	273.251	301.462
508	186.395	1	462529	1	1.59065e+06	1	1.40747e+06	1	1383.57	1	0.1	273.255	301.463
508	186.395	1	462529	1	1.59065e+06	1	1.40747e+06	1	1383.57	1	0.316228	273.268	301.467
508	186.395	1	462529	1	1.59065e+06	1	1.40747e+06	1	1383.57	1	1	273.307	301.48
508	186.395	1	462529	1	1.59065e+06	1	1.40747e+06	1	1383.57	1	3.16228	273.429	301.518
508	186.395	1	462529	1	1.59065e+06	1	1.40747e+06	1	1383.57	1	10	273.799	301.633
508	186.395	1	462529	1	1.59065e+06	1	1.40747e+06	1	1383.57	1	31.6228	274.832	301.962
508	186.395	1	462529	1	1.59065e+06	1	1.40747e+06	1	1383.57	1	100	277.275	302.802
509	375.845	1	790395	1	909698	1	3.12971e+06	1	1709.7	1	0	273.249	301.462
509	375.845	1	790395	1	909698	1	3.12971e+06	1	1709.7	1	0.001	273.249	301.462
509	375.845	1	790395	1	909698	1	3.12971e+06	1	1709.7	1	0.00316228	273.25	301.462
509	375.845	1	790395	1	909698	1	3.12971e+06	1	1709.7	1	0.01	273.25	301.462
509	375.845	1	790395	1	909698	1	3.12971e+06	1	1709.7	1	0.0316228	273.25	301.462
509	375.845	1	790395	1	909698	1	3.12971e+06	1	1709.7	1	0.1	273.252	301.463
509	375.845	1	790395	1	909698	1	3.12971e+06	1	1709.7	1	0.316228	273.259	301.465
509	375.845	1	790395	1	909698	1	3.12971e+06	1	1709.7	1	1	273.278	301.471
509	375.845	1	790395	1	909698	1	3.12971e+06	1	1709.7	1	3.16228	273.34	301.491
509	375.845	1	790395	1	909698	1	3.12971e+06	1	1709.7	1	10	273.532	301.553
509	375.845	1	790395	1	909698	1	3.12971e+06	1	1709.7	1	31.6228	274.097	301.736
509	375.845	1	790395	1	909698	1	3.12971e+06	1	1709.7	1	100	275.621	302.251
510	115.667	1	1.34995e+06	1	1.03721e+06	1	963791	1	1173.4	1	0	273.249	301.462
510	115.667	1	1.34995e+06	1	1.03721e+06	1	963791	1	1173.4	1	0.001	273.25	301.462
510	115.667	1	1.34995e+06	1	1.03721e+06	1	963791	1	1173.4	1	0.00316228	273.25	301.462
510	115.667	1	1.34995e+06	1	1.03721e+06	1	963791	1	1173.4	1	0.01	273.25	301.462
510	115.667	1	1.34995e+06	1	1.03721e+06	1	963791	1	1173.4	1	0.0316228	273.252	301.462
510	115.667	1	1.34995e+06	1	1.03721e+06	1	963791	1	1173.4	1	0.1	273.259	301.464
510	115.667	1	1.34995e+06	1	1.03721e+06	1	963791	1	1173.4	1	0.316228	273.279	301.471
510	115.667	1	1.34995e+06	1	1.03721e+06	1	963791	1	1173.4	1	1	273.342	301.49
510	115.667	1	1.34995e+06	1	1.03721e+06	1	963791	1	1173.4	1	3.16228	273.536	301.55
510	115.667	1	1.34995e+06	1	1.03721e+06	1	963791	1	1173.4	1	10	274.106	301.727
510	115.667	1	1.34995e+06	1	1.03721e+06	1	963791	1	1173.4	1	31.6228	275.636	302.22
510	115.667	1	1.34995e+06	1	1.03721e+06	1	963791	1	1173.4	1	100	278.6	303.312
511	74.9523	1	2.2836e+06	1	490582	1	1.00462e+06	1	1927.49	1	0	273.249	301.462
511	74.9523	1	2.2836e+06	1	490582	1	1.00462e+06	1	1927.49	1	0.001	273.25	301.462
511	74.9523	1	2.2836e+06	1	490582	1	1.00462e+06	1	1927.49	1	0.00316228	273.25	301.462
511	74.9523	1	2.2836e+06	1	490582	1	1.00462e+06	1	1927.49	1	0.01	273.251	301.462
511	74.9523	1	2.2836e+06	1	490582	1	1.00462e+06	1	1927.49	1	0.0316228	273.254	301.463
511	74.9523	1	2.2836e+06	1	490582	1	1.00462e+06	1	1927.49	1	0.1	273.264	301.466
511	74.9523	1	2.2836e+06	1	490582	1	1.00462e+06	1	1927.49	1	0.316228	273.294	301.475
511	74.9523	1	2.2836e+06	1	490582	1	1.00462e+06	1	1927.49	1	1	273.39	301.504
511	74.9523	1	2.2836e+06	1	490582	1	1.00462e+06	1	1927.49	1	3.16228	273.681	301.592
511	74.9523	1	2.2836e+06	1	490582	1	1.00462e+06	1	1927.49	1	10	274.506	301.842
511	74.9523	1	2.2836e+06	1	490582	1	1.00462e+06	1	1927.49	1	31.6228	276.586	302.512
511	74.9523	1	2.2836e+06	1	490582	1	1.00462e+06	1	1927.49	1	100	279.434	303.69
512	148.878	1	558485	1	1.06497e+06	1	614093	1	1242.22	1	0	273.249	301.462
512	148.878	1	558485	1	1.06497e+06	1	614093	1	1242.22	1	0.001	273.249	301.462
512	148.878	1	558485	1	1.06497e+06	1	614093	1	1242.22	1	0.00316228	273.25	301.462
512	148.878	1	558485	1	1.06497e+06	1	614093	1	1242.22	1	0.01	273.25	301.462
512	148.878	1	558485	1	1.06497e+06	1	614093	1	1242.22	1	0.0316228	273.252	301.462
512	148.878	1	558485	1	1.06497e+06	1	614093	1	1242.22	1	0.1	273.257	301.464
512	148.878	1	558485	1	1.06497e+06	1	614093	1	1242.22	1	0.316228	273.272	301.469
512	148.878	1	558485	1	1.06497e+06	1	614093	1	1242.22	1	1	273.321	301.484
512	148.878	1	558485	1	1.06497e+06	1	614093	1	1242.22	1	3.16228	273.474	301.531
512	148.878	1	558485	1	1.06497e+06	1	614093	1	1242.22	1	10	273.929	301.674
512	148.878	1	558485	1	1.06497e+06	1	614093	1	1242.22	1	31.6228	275.183	302.077
512	148.878	1	558485	1	1.06497e+06	1	614093	1	1242.22	1	100	277.903	303.041
513	164.035	1	2.23915e+06	1	650548	1	878406	1	1345.5	1	0	273.249	301.462
513	164.035	1	2.23915e+06	1	650548	1	878406	1	1345.5	1	0.001	273.249	301.462
513	164.035	1	2.23915e+06	1	650548	1	878406	1	1345.5	1	0.00316228	273.25	301.462
513	164.035	1	2.23915e+06	1	650548	1	878406	1	1345.5	1	0.01	273.25	301.462
513	164.035	1	2.23915e+06	1	650548	1	878406	1	1345.5	1	0.0316228	273.252	301.462
513	164.035	1	2.23915e+06	1	650548	1	878406	1	1345.5	1	0.1	273.256	301.464
513	164.035	1	2.23915e+06	1	650548	1	878406	1	1345.5	1	0.316228	273.27	301.468
513	164.035	1	2.23915e+06	1	650548	1	878406	1	1345.5	1	1	273.315	301.482
513	164.035	1	2.23915e+06	1	650548	1	878406	1	1345.5	1	3.16228	273.454	301.525
513	164.035	1	2.23915e+06	1	650548	1	878406	1	1345.5	1	10	273.87	301.656
513	164.035	1	2.23915e+06	1	650548	1	878406	1	1345.5	1	31.6228	275.028	302.028
513	164.035	1	2.23915e+06	1	650548	1	878406	1	1345.5	1	100	277.646	302.942
514	154.427	1	359610	1	546237	1	631233	1	1025.78	1	0	273.249	301.462
514	154.427	1	359610	1	546237	1	631233	1	1025.78	1	0.001	273.249	301.462
514	154.427	1	359610	1	546237	1	631233	1	1025.78	1	0.00316228	273.25	301.462
514	154.427	1	359610	1	546237	1	631233	1	1025.78	1	0.01	273.25	301.462
514	154.427	1	359610	1	546237	1	631233	1	1025.78	1	0.0316228	273.252	301.462
514	154.427	1	359610	1	546237	1	631233	1	1025.78	1	0.1	273.256	301.464
514	154.427	1	359610	1	546237	1	631233	1	1025.78	1	0.316228	273.272	301.469
514	154.427	1	359610	1	546237	1	631233	1	1025.78	1	1	273.319	301.483
514	154.427	1	359610	1	546237	1	631233	1	1025.78	1	3.16228	273.467	301.53
514	154.427	1	359610	1	546237	1	631233	1	1025.78	1	10	273.908	301.67
514	154.427	1	359610	1	546237	1	631233	1	1025.78	1	31.6228	275.129	302.066
514	154.427	1	359610	1	546237	1	631233	1	1025.78	1	100	277.82	303.028
515	82.2963	1	1.39606e+06	1	898299	1	836968	1	2009.29	1	0	273.249	301.462
515	82.2963	1	1.39606e+06	1	898299	1	836968	1	2009.29	1	0.001	273.25	301.462
515	82.2963	1	1.39606e+06	1	898299	1	836968	1	2009.29	1	0.00316228	273.25	301.462
515	82.2963	1	1.39606e+06	1	898299	1	836968	1	2009.29	1	0.01	273.251	301.462
515	82.2963	1	1.39606e+06	1	898299	1	836968	1	2009.29	1	0.0316228	273.254	301.463
515	82.2963	1	1.39606e+06	1	898299	1	836968	1	2009.29	1	0.1	273.262	301.465
515	82.2963	1	1.39606e+06	1	898299	1	836968	1	2009.29	1	0.316228	273.29	301.474
515	82.2963	1	1.39606e+06	1	898299	1	836968	1	2009.29	1	1	273.377	301.5
515	82.2963	1	1.39606e+06	1	898299	1	836968	1	2009.29	1	3.16228	273.644	301.581
515	82.2963	1	1.39606e+06	1	898299	1	836968	1	2009.29	1	10	274.406	301.812
515	82.2963	1	1.39606e+06	1	898299	1	836968	1	2009.29	1	31.6228	276.354	302.434
515	82.2963	1	1.39606e+06	1	898299	1	836968	1	2009.29	1	100	279.284	303.595
516	112.328	1	1.16941e+06	1	1.55913e+06	1	827707	1	1791.42	1	0	273.249	301.462
516	112.328	1	1.16941e+06	1	1.55913e+06	1	827707	1	1791.42	1	0.001	273.25	301.462
516	112.328	1	1.16941e+06	1	1.55913e+06	1	827707	1	1791.42	1	0.00316228	273.25	301.462
516	112.328	1	1.16941e+06	1	1.55913e+06	1	827707	1	1791.42	1	0.01	273.25	301.462
516	112.328	1	1.16941e+06	1	1.55913e+06	1	827707	1	1791.42	1	0.0316228	273.252	301.462
516	112.328	1	1.16941e+06	1	1.55913e+06	1	827707	1	1791.42	1	0.1	273.259	301.464
516	112.328	1	1.16941e+06	1	1.55913e+06	1	827707	1	1791.42	1	0.316228	273.279	301.471
516	112.328	1	1.16941e+06	1	1.55913e+06	1	827707	1	1791.42	1	1	273.344	301.49
516	112.328	1	1.16941e+06	1	1.55913e+06	1	827707	1	1791.42	1	3.16228	273.542	301.551
516	112.328	1	1.16941e+06	1	1.55913e+06	1	827707	1	1791.42	1	10	274.125	301.729
516	112.328	1	1.16941e+06	1	1.55913e+06	1	827707	1	1791.42	1	31.6228	275.679	302.221
516	112.328	1	1.16941e+06	1	1.55913e+06	1	827707	1	1791.42	1	100	278.655	303.294
517	170.078	1	1.20917e+06	1	1.55146e+06	1	441696	1	1417.61	1	0	273.249	301.462
517	170.078	1	1.20917e+06	1	1.55146e+06	1	441696	1	1417.61	1	0.001	273.249	301.462
517	170.078	1	1.20917e+06	1	1.55146e+06	1	441696	1	1417.61	1	0.00316228	273.25	301.462
517	170.078	1	1.20917e+06	1	1.55146e+06	1	441696	1	1417.61	1	0.01	273.25	301.462
517	170.078	1	1.20917e+06	1	1.55146e+06	1	441696	1	1417.61	1	0.0316228	273.251	301.462
517	170.078	1	1.20917e+06	1	1.55146e+06	1	441696	1	1417.61	1	0.1	273.256	301.464
517	170.078	1	1.20917e+06	1	1.55146e+06	1	441696	1	1417.61	1	0.316228	273.269	301.468
517	170.078	1	1.20917e+06	1	1.55146e+06	1	441696	1	1417.61	1	1	273.313	301.481
517	170.078	1	1.20917e+06	1	1.55146e+06	1	441696	1	1417.61	1	3.16228	273.447	301.523
517	170.078	1	1.20917e+06	1	1.55146e+06	1	441696	1	1417.61	1	10	273.85	301.65
517	170.078	1	1.20917e+06	1	1.55146e+06	1	441696	1	1417.61	1	31.6228	274.972	302.01
517	170.078	1	1.20917e+06	1	1.55146e+06	1	441696	1	1417.61	1	100	277.546	302.904
518	199.994	1	438228	1	1.72959e+06	1	2.71518e+06	1	1458.66	1	0	273.249	301.462
518	199.994	1	438228	1	1.72959e+06	1	2.71518e+06	1	1458.66	1	0.001	273.249	301.462
518	199.994	1	438228	1	1.72959e+06	1	2.71518e+06	1	1458.66	1	0.00316228	273.25	301.462
518	199.994	1	438228	1	1.72959e+06	1	2.71518e+06	1	1458.66	1	0.01	273.25	301.462
518	199.994	1	438228	1	1.72959e+06	1	2.71518e+06	1	1458.66	1	0.0316228	273.251	301.462
518	199.994	1	438228	1	1.72959e+06	1	2.71518e+06	1	1458.66	1	0.1	273.255	301.463
518	199.994	1	438228	1	1.72959e+06	1	2.71518e+06	1	1458.66	1	0.316228	273.266	301.467
518	199.994	1	438228	1	1.72959e+06	1	2.71518e+06	1	1458.66	1	1	273.303	301.478
518	199.994	1	438228	1	1.72959e+06	1	2.71518e+06	1	1458.66	1	3.16228	273.417	301.514
518	199.994	1	438228	1	1.72959e+06	1	2.71518e+06	1	1458.66	1	10	273.763	301.622
518	199.994	1	438228	1	1.72959e+06	1	2.71518e+06	1	1458.66	1	31.6228	274.733	301.929
518	199.994	1	438228	1	1.72959e+06	1	2.71518e+06	1	1458.66	1	100	277.078	302.73
519	180.449	1	991085	1	1.13664e+06	1	1.31939e+06	1	1049.5	1	0	273.249	301.462
519	180.449	1	991085	1	1.13664e+06	1	1.31939e+06	1	1049.5	1	0.001	273.249	301.462
519	180.449	1	991085	1	1.13664e+06	1	1.31939e+06	1	1049.5	1	0.00316228	273.25	301.462
519	180.449	1	991085	1	1.13664e+06	1	1.31939e+06	1	1049.5	1	0.01	273.25	301.462
519	180.449	1	991085	1	1.13664e+06	1	1.31939e+06	1	1049.5	1	0.0316228	273.251	301.462
519	180.449	1	991085	1	1.13664e+06	1	1.31939e+06	1	1049.5	1	0.1	273.255	301.463
519	180.449	1	991085	1	1.13664e+06	1	1.31939e+06	1	1049.5	1	0.316228	273.268	301.468
519	180.449	1	991085	1	1.13664e+06	1	1.31939e+06	1	1049.5	1	1	273.309	301.481
519	180.449	1	991085	1	1.13664e+06	1	1.31939e+06	1	1049.5	1	3.16228	273.436	301.521
519	180.449	1	991085	1	1.13664e+06	1	1.31939e+06	1	1049.5	1	10	273.82	301.643
519	180.449	1	991085	1	1.13664e+06	1	1.31939e+06	1	1049.5	1	31.6228	274.891	301.992
519	180.449	1	991085	1	1.13664e+06	1	1.31939e+06	1	1049.5	1	100	277.399	302.877
520	307.867	1	1.28657e+06	1	1.72054e+06	1	1.71345e+06	1	1475.59	1	0	273.249	301.462
520	307.867	1	1.28657e+06	1	1.72054e+06	1	1.71345e+06	1	1475.59	1	0.001	273.249	301.462
520	307.867	1	1.28657e+06	1	1.72054e+06	1	1.71345e+06	1	1475.59	1	0.00316228	273.25	301.462
520	307.867	1	1.28657e+06	1	1.72054e+06	1	1.71345e+06	1	1475.59	1	0.01	273.25	301.462
520	307.867	1	1.28657e+06	1	1.72054e+06	1	1.71345e+06	1	1475.59	1	0.0316228	273.251	301.462
520	307.867	1	1.28657e+06	1	1.72054e+06	1	1.71345e+06	1	1475.59	1	0.1	273.253	301.463
520	307.867	1	1.28657e+06	1	1.72054e+06	1	1.71345e+06	1	1475.59	1	0.316228	273.261	301.465
520	307.867	1	1.28657e+06	1	1.72054e+06	1	1.71345e+06	1	1475.59	1	1	273.285	301.473
520	307.867	1	1.28657e+06	1	1.72054e+06	1	1.71345e+06	1	1475.59	1	3.16228	273.36	301.497
520	307.867	1	1.28657e+06	1	1.72054e+06	1	1.71345e+06	1	1475.59	1	10	273.593	301.572
520	307.867	1	1.28657e+06	1	1.72054e+06	1	1.71345e+06	1	1475.59	1	31.6228	274.267	301.791
520	307.867	1	1.28657e+06	1	1.72054e+06	1	1.71345e+06	1	1475.59	1	100	276.035	302.394
521	177.035	1	2.62464e+06	1	464468	1	580089	1	1348.46	1	0	273.249	301.462
521	177.035	1	2.62464e+06	1	464468	1	580089	1	1348.46	1	0.001	273.249	301.462
521	177.035	1	2.62464e+06	1	464468	1	580089	1	1348.46	1	0.00316228	273.25	301.462
521	177.035	1	2.62464e+06	1	464468	1	580089	1	1348.46	1	0.01	273.25	301.462
521	177.035	1	2.62464e+06	1	464468	1	580089	1	1348.46	1	0.0316228	273.251	301.462
521	177.035	1	2.62464e+06	1	464468	1	580089	1	1348.46	1	0.1	273.256	301.463
521	177.035	1	2.62464e+06	1	464468	1	580089	1	1348.46	1	0.316228	273.269	301.468
521	177.035	1	2.62464e+06	1	464468	1	580089	1	1348.46	1	1	273.31	301.481
521	177.035	1	2.62464e+06	1	464468	1	580089	1	1348.46	1	3.16228	273.439	301.521
521	177.035	1	2.62464e+06	1	464468	1	580089	1	1348.46	1	10	273.829	301.644
521	177.035	1	2.62464e+06	1	464468	1	580089	1	1348.46	1	31.6228	274.915	301.995
521	177.035	1	2.62464e+06	1	464468	1	580089	1	1348.46	1	100	277.443	302.878
522	125.124	1	1.30921e+06	1	585694	1	585883	1	1695	1	0	273.249	301.462
522	125.124	1	1.30921e+06	1	585694	1	585883	1	1695	1	0.001	273.25	301.462
522	125.124	1	1.30921e+06	1	585694	1	585883	1	1695	1	0.00316228	273.25	301.462
522	125.124	1	1.30921e+06	1	585694	1	585883	1	1695	1	0.01	273.25	301.462
522	125.124	1	1.30921e+06	1	585694	1	585883	1	1695	1	0.0316228	273.252	301.462
522	125.124	1	1.30921e+06	1	585694	1	585883	1	1695	1	0.1	273.258	301.464
522	125.124	1	1.30921e+06	1	585694	1	585883	1	1695	1	0.316228	273.276	301.47
522	125.124	1	1.30921e+06	1	585694	1	585883	1	1695	1	1	273.334	301.488
522	125.124	1	1.30921e+06	1	585694	1	585883	1	1695	1	3.16228	273.514	301.543
522	125.124	1	1.30921e+06	1	585694	1	585883	1	1695	1	10	274.044	301.706
522	125.124	1	1.30921e+06	1	585694	1	585883	1	1695	1	31.6228	275.479	302.162
522	125.124	1	1.30921e+06	1	585694	1	585883	1	1695	1	100	278.365	303.196
523	129.885	1	1.17576e+06	1	1.60192e+06	1	1.06365e+06	1	1306.61	1	0	273.249	301.462
523	129.885	1	1.17576e+06	1	1.60192e+06	1	1.06365e+06	1	1306.61	1	0.001	273.25	301.462
523	129.885	1	1.17576e+06	1	1.60192e+06	1	1.06365e+06	1	1306.61	1	0.00316228	273.25	301.462
523	129.885	1	1.17576e+06	1	1.60192e+06	1	1.06365e+06	1	1306.61	1	0.01	273.25	301.462
523	129.885	1	1.17576e+06	1	1.60192e+06	1	1.06365e+06	1	1306.61	1	0.0316228	273.252	301.462
523	129.885	1	1.17576e+06	1	1.60192e+06	1	1.06365e+06	1	1306.61	1	0.1	273.258	301.464
523	129.885	1	1.17576e+06	1	1.60192e+06	1	1.06365e+06	1	1306.61	1	0.316228	273.276	301.47
523	129.885	1	1.17576e+06	1	1.60192e+06	1	1.06365e+06	1	1306.61	1	1	273.332	301.487
523	129.885	1	1.17576e+06	1	1.60192e+06	1	1.06365e+06	1	1306.61	1	3.16228	273.505	301.541
523	129.885	1	1.17576e+06	1	1.60192e+06	1	1.06365e+06	1	1306.61	1	10	274.019	301.7
523	129.885	1	1.17576e+06	1	1.60192e+06	1	1.06365e+06	1	1306.61	1	31.6228	275.416	302.147
523	129.885	1	1.17576e+06	1	1.60192e+06	1	1.06365e+06	1	1306.61	1	100	278.27	303.174
524	192.782	1	134704	1	1.04963e+06	1	624579	1	1252.08	1	0	273.249	301.462
524	192.782	1	134704	1	1.04963e+06	1	624579	1	1252.08	1	0.001	273.249	301.462
524	192.782	1	134704	1	1.04963e+06	1	624579	1	1252.08	1	0.00316228	273.25	301.462
524	192.782	1	134704	1	1.04963e+06	1	624579	1	1252.08	1	0.01	273.25	301.462
524	192.782	1	134704	1	1.04963e+06	1	624579	1	1252.08	1	0.0316228	273.251	301.462
524	192.782	1	134704	1	1.04963e+06	1	624579	1	1252.08	1	0.1	273.255	301.463
524	192.782	1	134704	1	1.04963e+06	1	624579	1	1252.08	1	0.316228	273.267	301.467
524	192.782	1	134704	1	1.04963e+06	1	624579	1	1252.08	1	1	273.305	301.479
524	192.782	1	134704	1	1.04963e+06	1	624579	1	1252.08	1	3.16228	273.423	301.516
524	192.782	1	134704	1	1.04963e+06	1	624579	1	1252.08	1	10	273.78	301.627
524	192.782	1	134704	1	1.04963e+06	1	624579	1	1252.08	1	31.6228	274.78	301.943
524	192.782	1	134704	1	1.04963e+06	1	624579	1	1252.08	1	100	277.166	302.757
525	197.246	1	318466	1	1.69158e+06	1	799802	1	1769.84	1	0	273.249	301.462
525	197.246	1	318466	1	1.69158e+06	1	799802	1	1769.84	1	0.001	273.249	301.462
525	197.246	1	318466	1	1.69158e+06	1	799802	1	1769.84	1	0.00316228	273.25	301.462
525	197.246	1	318466	1	1.69158e+06	1	799802	1	1769.84	1	0.01	273.25	301.462
525	197.246	1	318466	1	1.69158e+06	1	799802	1	1769.84	1	0.0316228	273.251	301.462
525	197.246	1	318466	1	1.69158e+06	1	799802	1	1769.84	1	0.1	273.255	301.463
525	197.246	1	318466	1	1.69158e+06	1	799802	1	1769.84	1	0.316228	273.267	301.467
525	197.246	1	318466	1	1.69158e+06	1	799802	1	1769.84	1	1	273.304	301.478
525	197.246	1	318466	1	1.69158e+06	1	799802	1	1769.84	1	3.16228	273.419	301.514
525	197.246	1	318466	1	1.69158e+06	1	799802	1	1769.84	1	10	273.768	301.622
525	197.246	1	318466	1	1.69158e+06	1	799802	1	1769.84	1	31.6228	274.746	301.929
525	197.246	1	318466	1	1.69158e+06	1	799802	1	1769.84	1	100	277.101	302.724
526	221.71	1	332324	1	1.51e+06	1	800195	1	2114.71	1	0	273.249	301.462
526	221.71	1	332324	1	1.51e+06	1	800195	1	2114.71	1	0.001	273.249	301.462
526	221.71	1	332324	1	1.51e+06	1	800195	1	2114.71	1	0.00316228	273.25	301.462
526	221.71	1	332324	1	1.51e+06	1	800195	1	2114.71	1	0.01	273.25	301.462
526	221.71	1	332324	1	1.51e+06	1	800195	1	2114.71	1	0.0316228	273.251	301.462
526	221.71	1	332324	1	1.51e+06	1	800195	1	2114.71	1	0.1	273.254	301.463
526	221.71	1	332324	1	1.51e+06	1	800195	1	2114.71	1	0.316228	273.265	301.466
526	221.71	1	332324	1	1.51e+06	1	800195	1	2114.71	1	1	273.298	301.476
526	221.71	1	332324	1	1.51e+06	1	800195	1	2114.71	1	3.16228	273.4	301.508
526	221.71	1	332324	1	1.51e+06	1	800195	1	2114.71	1	10	273.713	301.605
526	221.71	1	332324	1	1.51e+06	1	800195	1	2114.71	1	31.6228	274.591	301.877
526	221.71	1	332324	1	1.51e+06	1	800195	1	2114.71	1	100	276.784	302.609
527	111.899	1	1.0332e+06	1	2.27125e+06	1	629872	1	587.263	1	0	273.249	301.462
527	111.899	1	1.0332e+06	1	2.27125e+06	1	629872	1	587.263	1	0.001	273.25	301.462
527	111.899	1	1.0332e+06	1	2.27125e+06	1	629872	1	587.263	1	0.00316228	273.25	301.462
527	111.899	1	1.0332e+06	1	2.27125e+06	1	629872	1	587.263	1	0.01	273.25	301.462
527	111.899	1	1.0332e+06	1	2.27125e+06	1	629872	1	587.263	1	0.0316228	273.252	301.463
527	111.899	1	1.0332e+06	1	2.27125e+06	1	629872	1	587.263	1	0.1	273.259	301.465
527	111.899	1	1.0332e+06	1	2.27125e+06	1	629872	1	587.263	1	0.316228	273.28	301.471
527	111.899	1	1.0332e+06	1	2.27125e+06	1	629872	1	587.263	1	1	273.346	301.492
527	111.899	1	1.0332e+06	1	2.27125e+06	1	629872	1	587.263	1	3.16228	273.549	301.557
527	111.899	1	1.0332e+06	1	2.27125e+06	1	629872	1	587.263	1	10	274.144	301.749
527	111.899	1	1.0332e+06	1	2.27125e+06	1	629872	1	587.263	1	31.6228	275.735	302.284
527	111.899	1	1.0332e+06	1	2.27125e+06	1	629872	1	587.263	1	100	278.745	303.459
528	186.91	1	1.56386e+06	1	913518	1	904696	1	1104.1	1	0	273.249	301.462
528	186.91	1	1.56386e+06	1	913518	1	904696	1	1104.1	1	0.001	273.249	301.462
528	186.91	1	1.56386e+06	1	913518	1	904696	1	1104.1	1	0.00316228	273.25	301.462
528	186.91	1	1.56386e+06	1	913518	1	904696	1	1104.1	1	0.01	273.25	301.462
528	186.91	1	1.56386e+06	1	913518	1	904696	1	1104.1	1	0.0316228	273.251	301.462
528	186.91	1	1.56386e+06	1	913518	1	904696	1	1104.1	1	0.1	273.255	301.463
528	186.91	1	1.56386e+06	1	913518	1	904696	1	1104.1	1	0.316228	273.268	301.467
528	186.91	1	1.56386e+06	1	913518	1	904696	1	1104.1	1	1	273.307	301.48
528	186.91	1	1.56386e+06	1	913518	1	904696	1	1104.1	1	3.16228	273.43	301.519
528	186.91	1	1.56386e+06	1	913518	1	904696	1	1104.1	1	10	273.802	301.638
528	186.91	1	1.56386e+06	1	913518	1	904696	1	1104.1	1	31.6228	274.841	301.976
528	186.91	1	1.56386e+06	1	913518	1	904696	1	1104.1	1	100	277.303	302.844
529	145.075	1	258420	1	887713	1	733201	1	1738.86	1	0	273.249	301.462
529	145.075	1	258420	1	887713	1	733201	1	1738.86	1	0.001	273.249	301.462
529	145.075	1	258420	1	887713	1	733201	1	1738.86	1	0.00316228	273.25	301.462
529	145.075	1	258420	1	887713	1	733201	1	1738.86	1	0.01	273.25	301.462
529	145.075	1	258420	1	887713	1	733201	1	1738.86	1	0.0316228	273.252	301.462
529	145.075	1	258420	1	887713	1	733201	1	1738.86	1	0.1	273.257	301.464
529	145.075	1	258420	1	887713	1	733201	1	1738.86	1	0.316228	273.273	301.469
529	145.075	1	258420	1	887713	1	733201	1	1738.86	1	1	273.323	301.484
529	145.075	1	258420	1	887713	1	733201	1	1738.86	1	3.16228	273.478	301.531
529	145.075	1	258420	1	887713	1	733201	1	1738.86	1	10	273.94	301.673
529	145.075	1	258420	1	887713	1	733201	1	1738.86	1	31.6228	275.211	302.073
529	145.075	1	258420	1	887713	1	733201	1	1738.86	1	100	277.933	303.015
530	207.49	1	547689	1	964746	1	1.38455e+06	1	2793.31	1	0	273.249	301.462
530	207.49	1	547689	1	964746	1	1.38455e+06	1	2793.31	1	0.001	273.249	301.462
530	207.49	1	547689	1	964746	1	1.38455e+06	1	2793.31	1	0.00316228	273.25	301.462
530	207.49	1	547689	1	964746	1	1.38455e+06	1	2793.31	1	0.01	273.25	301.462
530	207.49	1	547689	1	964746	1	1.38455e+06	1	2793.31	1	0.0316228	273.251	301.462
530	207.49	1	547689	1	964746	1	1.38455e+06	1	2793.31	1	0.1	273.255	301.463
530	207.49	1	547689	1	964746	1	1.38455e+06	1	2793.31	1	0.316228	273.266	301.467
530	207.49	1	547689	1	964746	1	1.38455e+06	1	2793.31	1	1	273.301	301.477
530	207.49	1	547689	1	964746	1	1.38455e+06	1	2793.31	1	3.16228	273.41	301.511
530	207.49	1	547689	1	964746	1	1.38455e+06	1	2793.31	1	10	273.742	301.612
530	207.49	1	547689	1	964746	1	1.38455e+06	1	2793.31	1	31.6228	274.672	301.899
530	207.49	1	547689	1	964746	1	1.38455e+06	1	2793.31	1	100	276.947	302.651
531	84.212	1	349195	1	1.20307e+06	1	645942	1	1642.16	1	0	273.249	301.462
531	84.212	1	349195	1	1.20307e+06	1	645942	1	1642.16	1	0.001	273.25	301.462
531	84.212	1	349195	1	1.20307e+06	1	645942	1	1642.16	1	0.00316228	273.25	301.462
531	84.212	1	349195	1	1.20307e+06	1	645942	1	1642.16	1	0.01	273.251	301.462
531	84.212	1	349195	1	1.20307e+06	1	645942	1	1642.16	1	0.0316228	273.253	301.463
531	84.212	1	349195	1	1.20307e+06	1	645942	1	1642.16	1	0.1	273.262	301.465
531	84.212	1	349195	1	1.20307e+06	1	645942	1	1642.16	1	0.316228	273.289	301.474
531	84.212	1	349195	1	1.20307e+06	1	645942	1	1642.16	1	1	273.375	301.499
531	84.212	1	349195	1	1.20307e+06	1	645942	1	1642.16	1	3.16228	273.636	301.579
531	84.212	1	349195	1	1.20307e+06	1	645942	1	1642.16	1	10	274.383	301.806
531	84.212	1	349195	1	1.20307e+06	1	645942	1	1642.16	1	31.6228	276.3	302.418
531	84.212	1	349195	1	1.20307e+06	1	645942	1	1642.16	1	100	279.248	303.579
532	184.922	1	1.2711e+06	1	1.39465e+06	1	803977	1	1599.95	1	0	273.249	301.462
532	184.922	1	1.2711e+06	1	1.39465e+06	1	803977	1	1599.95	1	0.001	273.249	301.462
532	184.922	1	1.2711e+06	1	1.39465e+06	1	803977	1	1599.95	1	0.00316228	273.25	301.462
532	184.922	1	1.2711e+06	1	1.39465e+06	1	803977	1	1599.95	1	0.01	273.25	301.462
532	184.922	1	1.2711e+06	1	1.39465e+06	1	803977	1	1599.95	1	0.0316228	273.251	301.462
532	184.922	1	1.2711e+06	1	1.39465e+06	1	803977	1	1599.95	1	0.1	273.255	301.463
532	184.922	1	1.2711e+06	1	1.39465e+06	1	803977	1	1599.95	1	0.316228	273.268	301.467
532	184.922	1	1.2711e+06	1	1.39465e+06	1	803977	1	1599.95	1	1	273.307	301.48
532	184.922	1	1.2711e+06	1	1.39465e+06	1	803977	1	1599.95	1	3.16228	273.431	301.518
532	184.922	1	1.2711e+06	1	1.39465e+06	1	803977	1	1599.95	1	10	273.803	301.634
532	184.922	1	1.2711e+06	1	1.39465e+06	1	803977	1	1599.95	1	31.6228	274.844	301.965
532	184.922	1	1.2711e+06	1	1.39465e+06	1	803977	1	1599.95	1	100	277.298	302.807
533	72.3989	1	1.43443e+06	1	588198	1	835586	1	1603.07	1	0	273.249	301.462
533	72.3989	1	1.43443e+06	1	588198	1	835586	1	1603.07	1	0.001	273.25	301.462
533	72.3989	1	1.43443e+06	1	588198	1	835586	1	1603.07	1	0.00316228	273.25	301.462
533	72.3989	1	1.43443e+06	1	588198	1	835586	1	1603.07	1	0.01	273.251	301.462
533	72.3989	1	1.43443e+06	1	588198	1	835586	1	1603.07	1	0.0316228	273.254	301.463
533	72.3989	1	1.43443e+06	1	588198	1	835586	1	1603.07	1	0.1	273.264	301.466
533	72.3989	1	1.43443e+06	1	588198	1	835586	1	1603.07	1	0.316228	273.296	301.476
533	72.3989	1	1.43443e+06	1	588198	1	835586	1	1603.07	1	1	273.395	301.506
533	72.3989	1	1.43443e+06	1	588198	1	835586	1	1603.07	1	3.16228	273.696	301.597
533	72.3989	1	1.43443e+06	1	588198	1	835586	1	1603.07	1	10	274.546	301.855
533	72.3989	1	1.43443e+06	1	588198	1	835586	1	1603.07	1	31.6228	276.678	302.546
533	72.3989	1	1.43443e+06	1	588198	1	835586	1	1603.07	1	100	279.499	303.74
534	232.427	1	242457	1	905217	1	1.97638e+06	1	1341.21	1	0	273.249	301.462
534	232.427	1	242457	1	905217	1	1.97638e+06	1	1341.21	1	0.001	273.249	301.462
534	232.427	1	242457	1	905217	1	1.97638e+06	1	1341.21	1	0.00316228	273.25	301.462
534	232.427	1	242457	1	905217	1	1.97638e+06	1	1341.21	1	0.01	273.25	301.462
534	232.427	1	242457	1	905217	1	1.97638e+06	1	1341.21	1	0.0316228	273.251	301.462
534	232.427	1	242457	1	905217	1	1.97638e+06	1	1341.21	1	0.1	273.254	301.463
534	232.427	1	242457	1	905217	1	1.97638e+06	1	1341.21	1	0.316228	273.264	301.466
534	232.427	1	242457	1	905217	1	1.97638e+06	1	1341.21	1	1	273.296	301.476
534	232.427	1	242457	1	905217	1	1.97638e+06	1	1341.21	1	3.16228	273.394	301.507
534	232.427	1	242457	1	905217	1	1.97638e+06	1	1341.21	1	10	273.695	301.602
534	232.427	1	242457	1	905217	1	1.97638e+06	1	1341.21	1	31.6228	274.545	301.872
534	232.427	1	242457	1	905217	1	1.97638e+06	1	1341.21	1	100	276.686	302.602
535	200.494	1	580617	1	432718	1	639166	1	816.46	1	0	273.249	301.462
535	200.494	1	580617	1	432718	1	639166	1	816.46	1	0.001	273.249	301.462
535	200.494	1	580617	1	432718	1	639166	1	816.46	1	0.00316228	273.25	301.462
535	200.494	1	580617	1	432718	1	639166	1	816.46	1	0.01	273.25	301.462
535	200.494	1	580617	1	432718	1	639166	1	816.46	1	0.0316228	273.251	301.462
535	200.494	1	580617	1	432718	1	639166	1	816.46	1	0.1	273.255	301.463
535	200.494	1	580617	1	432718	1	639166	1	816.46	1	0.316228	273.267	301.467
535	200.494	1	580617	1	432718	1	639166	1	816.46	1	1	273.304	301.479
535	200.494	1	580617	1	432718	1	639166	1	816.46	1	3.16228	273.42	301.517
535	200.494	1	580617	1	432718	1	639166	1	816.46	1	10	273.771	301.633
535	200.494	1	580617	1	432718	1	639166	1	816.46	1	31.6228	274.758	301.963
535	200.494	1	580617	1	432718	1	639166	1	816.46	1	100	277.15	302.83
536	156.728	1	528769	1	1.17092e+06	1	377882	1	1553.11	1	0	273.249	301.462
536	156.728	1	528769	1	1.17092e+06	1	377882	1	1553.11	1	0.001	273.249	301.462
536	156.728	1	528769	1	1.17092e+06	1	377882	1	1553.11	1	0.00316228	273.25	301.462
536	156.728	1	528769	1	1.17092e+06	1	377882	1	1553.11	1	0.01	273.25	301.462
536	156.728	1	528769	1	1.17092e+06	1	377882	1	1553.11	1	0.0316228	273.252	301.462
536	156.728	1	528769	1	1.17092e+06	1	377882	1	1553.11	1	0.1	273.256	301.464
536	156.728	1	528769	1	1.17092e+06	1	377882	1	1553.11	1	0.316228	273.271	301.468
536	156.728	1	528769	1	1.17092e+06	1	377882	1	1553.11	1	1	273.318	301.483
536	156.728	1	528769	1	1.17092e+06	1	377882	1	1553.11	1	3.16228	273.462	301.528
536	156.728	1	528769	1	1.17092e+06	1	377882	1	1553.11	1	10	273.895	301.662
536	156.728	1	528769	1	1.17092e+06	1	377882	1	1553.11	1	31.6228	275.095	302.045
536	156.728	1	528769	1	1.17092e+06	1	377882	1	1553.11	1	100	277.755	302.971
537	90.3152	1	1.26271e+06	1	1.27566e+06	1	476857	1	1337.47	1	0	273.249	301.462
537	90.3152	1	1.26271e+06	1	1.27566e+06	1	476857	1	1337.47	1	0.001	273.25	301.462
537	90.3152	1	1.26271e+06	1	1.27566e+06	1	476857	1	1337.47	1	0.00316228	273.25	301.462
537	90.3152	1	1.26271e+06	1	1.27566e+06	1	476857	1	1337.47	1	0.01	273.251	301.462
537	90.3152	1	1.26271e+06	1	1.27566e+06	1	476857	1	1337.47	1	0.0316228	273.253	301.463
537	90.3152	1	1.26271e+06	1	1.27566e+06	1	476857	1	1337.47	1	0.1	273.261	301.465
537	90.3152	1	1.26271e+06	1	1.27566e+06	1	476857	1	1337.47	1	0.316228	273.287	301.473
537	90.3152	1	1.26271e+06	1	1.27566e+06	1	476857	1	1337.47	1	1	273.367	301.497
537	90.3152	1	1.26271e+06	1	1.27566e+06	1	476857	1	1337.47	1	3.16228	273.612	301.572
537	90.3152	1	1.26271e+06	1	1.27566e+06	1	476857	1	1337.47	1	10	274.318	301.789
537	90.3152	1	1.26271e+06	1	1.27566e+06	1	476857	1	1337.47	1	31.6228	276.148	302.378
537	90.3152	1	1.26271e+06	1	1.27566e+06	1	476857	1	1337.47	1	100	279.167	303.553
538	134.008	1	436760	1	1.31883e+06	1	908614	1	1287.09	1	0	273.249	301.462
538	134.008	1	436760	1	1.31883e+06	1	908614	1	1287.09	1	0.001	273.25	301.462
538	134.008	1	436760	1	1.31883e+06	1	908614	1	1287.09	1	0.00316228	273.25	301.462
538	134.008	1	436760	1	1.31883e+06	1	908614	1	1287.09	1	0.01	273.25	301.462
538	134.008	1	436760	1	1.31883e+06	1	908614	1	1287.09	1	0.0316228	273.252	301.462
538	134.008	1	436760	1	1.31883e+06	1	908614	1	1287.09	1	0.1	273.257	301.464
538	134.008	1	436760	1	1.31883e+06	1	908614	1	1287.09	1	0.316228	273.275	301.469
538	134.008	1	436760	1	1.31883e+06	1	908614	1	1287.09	1	1	273.329	301.486
538	134.008	1	436760	1	1.31883e+06	1	908614	1	1287.09	1	3.16228	273.497	301.538
538	134.008	1	436760	1	1.31883e+06	1	908614	1	1287.09	1	10	273.996	301.693
538	134.008	1	436760	1	1.31883e+06	1	908614	1	1287.09	1	31.6228	275.358	302.128
538	134.008	1	436760	1	1.31883e+06	1	908614	1	1287.09	1	100	278.178	303.136
539	262.457	1	802240	1	640551	1	485266	1	2516.56	1	0	273.249	301.462
539	262.457	1	802240	1	640551	1	485266	1	2516.56	1	0.001	273.249	301.462
539	262.457	1	802240	1	640551	1	485266	1	2516.56	1	0.00316228	273.25	301.462
539	262.457	1	802240	1	640551	1	485266	1	2516.56	1	0.01	273.25	301.462
539	262.457	1	802240	1	640551	1	485266	1	2516.56	1	0.0316228	273.251	301.462
539	262.457	1	802240	1	640551	1	485266	1	2516.56	1	0.1	273.254	301.463
539	262.457	1	802240	1	640551	1	485266	1	2516.56	1	0.316228	273.262	301.466
539	262.457	1	802240	1	640551	1	485266	1	2516.56	1	1	273.29	301.474
539	262.457	1	802240	1	640551	1	485266	1	2516.56	1	3.16228	273.378	301.502
539	262.457	1	802240	1	640551	1	485266	1	2516.56	1	10	273.645	301.585
539	262.457	1	802240	1	640551	1	485266	1	2516.56	1	31.6228	274.411	301.826
539	262.457	1	802240	1	640551	1	485266	1	2516.56	1	100	276.376	302.48
540	103.953	1	896626	1	990165	1	2.26065e+06	1	2760.25	1	0	273.249	301.462
540	103.953	1	896626	1	990165	1	2.26065e+06	1	2760.25	1	0.001	273.25	301.462
540	103.953	1	896626	1	990165	1	2.26065e+06	1	2760.25	1	0.00316228	273.25	301.462
540	103.953	1	896626	1	990165	1	2.26065e+06	1	2760.25	1	0.01	273.25	301.462
540	103.953	1	896626	1	990165	1	2.26065e+06	1	2760.25	1	0.0316228	273.253	301.463
540	103.953	1	896626	1	990165	1	2.26065e+06	1	2760.25	1	0.1	273.26	301.465
540	103.953	1	896626	1	990165	1	2.26065e+06	1	2760.25	1	0.316228	273.282	301.471
540	103.953	1	896626	1	990165	1	2.26065e+06	1	2760.25	1	1	273.351	301.492
540	103.953	1	896626	1	990165	1	2.26065e+06	1	2760.25	1	3.16228	273.564	301.556
540	103.953	1	896626	1	990165	1	2.26065e+06	1	2760.25	1	10	274.185	301.744
540	103.953	1	896626	1	990165	1	2.26065e+06	1	2760.25	1	31.6228	275.823	302.256
540	103.953	1	896626	1	990165	1	2.26065e+06	1	2760.25	1	100	278.849	303.336
541	288.094	1	1.30634e+06	1	1.14141e+06	1	1.25982e+06	1	1612.77	1	0	273.249	301.462
541	288.094	1	1.30634e+06	1	1.14141e+06	1	1.25982e+06	1	1612.77	1	0.001	273.249	301.462
541	288.094	1	1.30634e+06	1	1.14141e+06	1	1.25982e+06	1	1612.77	1	0.00316228	273.25	301.462
541	288.094	1	1.30634e+06	1	1.14141e+06	1	1.25982e+06	1	1612.77	1	0.01	273.25	301.462
541	288.094	1	1.30634e+06	1	1.14141e+06	1	1.25982e+06	1	1612.77	1	0.0316228	273.251	301.462
541	288.094	1	1.30634e+06	1	1.14141e+06	1	1.25982e+06	1	1612.77	1	0.1	273.253	301.463
541	288.094	1	1.30634e+06	1	1.14141e+06	1	1.25982e+06	1	1612.77	1	0.316228	273.261	301.465
541	288.094	1	1.30634e+06	1	1.14141e+06	1	1.25982e+06	1	1612.77	1	1	273.287	301.474
541	288.094	1	1.30634e+06	1	1.14141e+06	1	1.25982e+06	1	1612.77	1	3.16228	273.367	301.499
541	288.094	1	1.30634e+06	1	1.14141e+06	1	1.25982e+06	1	1612.77	1	10	273.614	301.578
541	288.094	1	1.30634e+06	1	1.14141e+06	1	1.25982e+06	1	1612.77	1	31.6228	274.327	301.807
541	288.094	1	1.30634e+06	1	1.14141e+06	1	1.25982e+06	1	1612.77	1	100	276.177	302.435
542	128.162	1	1.37968e+06	1	1.23543e+06	1	557910	1	1008.54	1	0	273.249	301.462
542	128.162	1	1.37968e+06	1	1.23543e+06	1	557910	1	1008.54	1	0.001	273.25	301.462
542	128.162	1	1.37968e+06	1	1.23543e+06	1	557910	1	1008.54	1	0.00316228	273.25	301.462
542	128.162	1	1.37968e+06	1	1.23543e+06	1	557910	1	1008.54	1	0.01	273.25	301.462
542	128.162	1	1.37968e+06	1	1.23543e+06	1	557910	1	1008.54	1	0.0316228	273.252	301.462
542	128.162	1	1.37968e+06	1	1.23543e+06	1	557910	1	1008.54	1	0.1	273.258	301.464
542	128.162	1	1.37968e+06	1	1.23543e+06	1	557910	1	1008.54	1	0.316228	273.276	301.47
542	128.162	1	1.37968e+06	1	1.23543e+06	1	557910	1	1008.54	1	1	273.333	301.488
542	128.162	1	1.37968e+06	1	1.23543e+06	1	557910	1	1008.54	1	3.16228	273.51	301.543
542	128.162	1	1.37968e+06	1	1.23543e+06	1	557910	1	1008.54	1	10	274.032	301.707
542	128.162	1	1.37968e+06	1	1.23543e+06	1	557910	1	1008.54	1	31.6228	275.452	302.169
542	128.162	1	1.37968e+06	1	1.23543e+06	1	557910	1	1008.54	1	100	278.336	303.232
543	94.3756	1	1.67767e+06	1	1.29327e+06	1	319511	1	2071.92	1	0	273.249	301.462
543	94.3756	1	1.67767e+06	1	1.29327e+06	1	319511	1	2071.92	1	0.001	273.25	301.462
543	94.3756	1	1.67767e+06	1	1.29327e+06	1	319511	1	2071.92	1	0.00316228	273.25	301.462
543	94.3756	1	1.67767e+06	1	1.29327e+06	1	319511	1	2071.92	1	0.01	273.251	301.462
543	94.3756	1	1.67767e+06	1	1.29327e+06	1	319511	1	2071.92	1	0.0316228	273.253	301.463
543	94.3756	1	1.67767e+06	1	1.29327e+06	1	319511	1	2071.92	1	0.1	273.261	301.465
543	94.3756	1	1.67767e+06	1	1.29327e+06	1	319511	1	2071.92	1	0.316228	273.285	301.472
543	94.3756	1	1.67767e+06	1	1.29327e+06	1	319511	1	2071.92	1	1	273.362	301.496
543	94.3756	1	1.67767e+06	1	1.29327e+06	1	319511	1	2071.92	1	3.16228	273.596	301.567
543	94.3756	1	1.67767e+06	1	1.29327e+06	1	319511	1	2071.92	1	10	274.274	301.774
543	94.3756	1	1.67767e+06	1	1.29327e+06	1	319511	1	2071.92	1	31.6228	276.039	302.333
543	94.3756	1	1.67767e+06	1	1.29327e+06	1	319511	1	2071.92	1	100	279.082	303.476
544	223.571	1	1.67437e+06	1	1.34793e+06	1	918904	1	2386.41	1	0	273.249	301.462
544	223.571	1	1.67437e+06	1	1.34793e+06	1	918904	1	2386.41	1	0.001	273.249	301.462
544	223.571	1	1.67437e+06	1	1.34793e+06	1	918904	1	2386.41	1	0.00316228	273.25	301.462
544	223.571	1	1.67437e+06	1	1.34793e+06	1	918904	1	2386.41	1	0.01	273.25	301.462
544	223.571	1	1.67437e+06	1	1.34793e+06	1	918904	1	2386.41	1	0.0316228	273.251	301.462
544	223.571	1	1.67437e+06	1	1.34793e+06	1	918904	1	2386.41	1	0.1	273.254	301.463
544	223.571	1	1.67437e+06	1	1.34793e+06	1	918904	1	2386.41	1	0.316228	273.265	301.466
544	223.571	1	1.67437e+06	1	1.34793e+06	1	918904	1	2386.41	1	1	273.297	301.476
544	223.571	1	1.67437e+06	1	1.34793e+06	1	918904	1	2386.41	1	3.16228	273.399	301.508
544	223.571	1	1.67437e+06	1	1.34793e+06	1	918904	1	2386.41	1	10	273.71	301.604
544	223.571	1	1.67437e+06	1	1.34793e+06	1	918904	1	2386.41	1	31.6228	274.584	301.877
544	223.571	1	1.67437e+06	1	1.34793e+06	1	918904	1	2386.41	1	100	276.771	302.608
545	87.6831	1	889373	1	910760	1	2.45691e+06	1	2099.08	1	0	273.249	301.462
545	87.6831	1	889373	1	910760	1	2.45691e+06	1	2099.08	1	0.001	273.25	301.462
545	87.6831	1	889373	1	910760	1	2.45691e+06	1	2099.08	1	0.00316228	273.25	301.462
545	87.6831	1	889373	1	910760	1	2.45691e+06	1	2099.08	1	0.01	273.251	301.462
545	87.6831	1	889373	1	910760	1	2.45691e+06	1	2099.08	1	0.0316228	273.253	301.463
545	87.6831	1	889373	1	910760	1	2.45691e+06	1	2099.08	1	0.1	273.262	301.465
545	87.6831	1	889373	1	910760	1	2.45691e+06	1	2099.08	1	0.316228	273.288	301.473
545	87.6831	1	889373	1	910760	1	2.45691e+06	1	2099.08	1	1	273.37	301.498
545	87.6831	1	889373	1	910760	1	2.45691e+06	1	2099.08	1	3.16228	273.621	301.574
545	87.6831	1	889373	1	910760	1	2.45691e+06	1	2099.08	1	10	274.341	301.792
545	87.6831	1	889373	1	910760	1	2.45691e+06	1	2099.08	1	31.6228	276.2	302.381
545	87.6831	1	889373	1	910760	1	2.45691e+06	1	2099.08	1	100	279.174	303.522
546	150.917	1	959824	1	622522	1	1.48717e+06	1	1749.5	1	0	273.249	301.462
546	150.917	1	959824	1	622522	1	1.48717e+06	1	1749.5	1	0.001	273.249	301.462
546	150.917	1	959824	1	622522	1	1.48717e+06	1	1749.5	1	0.00316228	273.25	301.462
546	150.917	1	959824	1	622522	1	1.48717e+06	1	1749.5	1	0.01	273.25	301.462
546	150.917	1	959824	1	622522	1	1.48717e+06	1	1749.5	1	0.0316228	273.252	301.462
546	150.917	1	959824	1	622522	1	1.48717e+06	1	1749.5	1	0.1	273.257	301.464
546	150.917	1	959824	1	622522	1	1.48717e+06	1	1749.5	1	0.316228	273.272	301.468
546	150.917	1	959824	1	622522	1	1.48717e+06	1	1749.5	1	1	273.32	301.483
546	150.917	1	959824	1	622522	1	1.48717e+06	1	1749.5	1	3.16228	273.47	301.529
546	150.917	1	959824	1	622522	1	1.48717e+06	1	1749.5	1	10	273.917	301.667
546	150.917	1	959824	1	622522	1	1.48717e+06	1	1749.5	1	31.6228	275.15	302.058
546	150.917	1	959824	1	622522	1	1.48717e+06	1	1749.5	1	100	277.841	302.99
547	210.373	1	527426	1	571785	1	858488	1	1355.16	1	0	273.249	301.462
547	210.373	1	527426	1	571785	1	858488	1	1355.16	1	0.001	273.249	301.462
547	210.373	1	527426	1	571785	1	858488	1	1355.16	1	0.00316228	273.25	301.462
547	210.373	1	527426	1	571785	1	858488	1	1355.16	1	0.01	273.25	301.462
547	210.373	1	527426	1	571785	1	858488	1	1355.16	1	0.0316228	273.251	301.462
547	210.373	1	527426	1	571785	1	858488	1	1355.16	1	0.1	273.255	301.463
547	210.373	1	527426	1	571785	1	858488	1	1355.16	1	0.316228	273.266	301.467
547	210.373	1	527426	1	571785	1	858488	1	1355.16	1	1	273.301	301.478
547	210.373	1	527426	1	571785	1	858488	1	1355.16	1	3.16228	273.41	301.512
547	210.373	1	527426	1	571785	1	858488	1	1355.16	1	10	273.741	301.617
547	210.373	1	527426	1	571785	1	858488	1	1355.16	1	31.6228	274.672	301.916
547	210.373	1	527426	1	571785	1	858488	1	1355.16	1	100	276.962	302.708
548	237.603	1	768840	1	1.49576e+06	1	2.66163e+06	1	1740.08	1	0	273.249	301.462
548	237.603	1	768840	1	1.49576e+06	1	2.66163e+06	1	1740.08	1	0.001	273.249	301.462
548	237.603	1	768840	1	1.49576e+06	1	2.66163e+06	1	1740.08	1	0.00316228	273.25	301.462
548	237.603	1	768840	1	1.49576e+06	1	2.66163e+06	1	1740.08	1	0.01	273.25	301.462
548	237.603	1	768840	1	1.49576e+06	1	2.66163e+06	1	1740.08	1	0.0316228	273.251	301.462
548	237.603	1	768840	1	1.49576e+06	1	2.66163e+06	1	1740.08	1	0.1	273.254	301.463
548	237.603	1	768840	1	1.49576e+06	1	2.66163e+06	1	1740.08	1	0.316228	273.264	301.466
548	237.603	1	768840	1	1.49576e+06	1	2.66163e+06	1	1740.08	1	1	273.295	301.476
548	237.603	1	768840	1	1.49576e+06	1	2.66163e+06	1	1740.08	1	3.16228	273.391	301.506
548	237.603	1	768840	1	1.49576e+06	1	2.66163e+06	1	1740.08	1	10	273.685	301.598
548	237.603	1	768840	1	1.49576e+06	1	2.66163e+06	1	1740.08	1	31.6228	274.519	301.861
548	237.603	1	768840	1	1.49576e+06	1	2.66163e+06	1	1740.08	1	100	276.626	302.572
549	161.079	1	319472	1	1.55625e+06	1	1.00619e+06	1	1649.87	1	0	273.249	301.462
549	161.079	1	319472	1	1.55625e+06	1	1.00619e+06	1	1649.87	1	0.001	273.249	301.462
549	161.079	1	319472	1	1.55625e+06	1	1.00619e+06	1	1649.87	1	0.00316228	273.25	301.462
549	161.079	1	319472	1	1.55625e+06	1	1.00619e+06	1	1649.87	1	0.01	273.25	301.462
549	161.079	1	319472	1	1.55625e+06	1	1.00619e+06	1	1649.87	1	0.0316228	273.252	301.462
549	161.079	1	319472	1	1.55625e+06	1	1.00619e+06	1	1649.87	1	0.1	273.256	301.464
549	161.079	1	319472	1	1.55625e+06	1	1.00619e+06	1	1649.87	1	0.316228	273.27	301.468
549	161.079	1	319472	1	1.55625e+06	1	1.00619e+06	1	1649.87	1	1	273.316	301.482
549	161.079	1	319472	1	1.55625e+06	1	1.00619e+06	1	1649.87	1	3.16228	273.456	301.525
549	161.079	1	319472	1	1.55625e+06	1	1.00619e+06	1	1649.87	1	10	273.877	301.655
549	161.079	1	319472	1	1.55625e+06	1	1.00619e+06	1	1649.87	1	31.6228	275.043	302.022
549	161.079	1	319472	1	1.55625e+06	1	1.00619e+06	1	1649.87	1	100	277.657	302.915
550	146.944	1	678435	1	1.25147e+06	1	262667	1	3512.13	1	0	273.249	301.462
550	146.944	1	678435	1	1.25147e+06	1	262667	1	3512.13	1	0.001	273.249	301.462
550	146.944	1	678435	1	1.25147e+06	1	262667	1	3512.13	1	0.00316228	273.25	301.462
550	146.944	1	678435	1	1.25147e+06	1	262667	1	3512.13	1	0.01	273.25	301.462
550	146.944	1	678435	1	1.25147e+06	1	262667	1	3512.13	1	0.0316228	273.252	301.462
550	146.944	1	678435	1	1.25147e+06	1	262667	1	3512.13	1	0.1	273.257	301.464
550	146.944	1	678435	1	1.25147e+06	1	262667	1	3512.13	1	0.316228	273.272	301.469
550	146.944	1	678435	1	1.25147e+06	1	262667	1	3512.13	1	1	273.322	301.484
550	146.944	1	678435	1	1.25147e+06	1	262667	1	3512.13	1	3.16228	273.475	301.53
550	146.944	1	678435	1	1.25147e+06	1	262667	1	3512.13	1	10	273.931	301.669
550	146.944	1	678435	1	1.25147e+06	1	262667	1	3512.13	1	31.6228	275.187	302.061
550	146.944	1	678435	1	1.25147e+06	1	262667	1	3512.13	1	100	277.899	302.987
551	155.326	1	1.46197e+06	1	1.29796e+06	1	1.47395e+06	1	1415.81	1	0	273.249	301.462
551	155.326	1	1.46197e+06	1	1.29796e+06	1	1.47395e+06	1	1415.81	1	0.001	273.249	301.462
551	155.326	1	1.46197e+06	1	1.29796e+06	1	1.47395e+06	1	1415.81	1	0.00316228	273.25	301.462
551	155.326	1	1.46197e+06	1	1.29796e+06	1	1.47395e+06	1	1415.81	1	0.01	273.25	301.462
551	155.326	1	1.46197e+06	1	1.29796e+06	1	1.47395e+06	1	1415.81	1	0.0316228	273.252	301.462
551	155.326	1	1.46197e+06	1	1.29796e+06	1	1.47395e+06	1	1415.81	1	0.1	273.256	301.464
551	155.326	1	1.46197e+06	1	1.29796e+06	1	1.47395e+06	1	1415.81	1	0.316228	273.271	301.468
551	155.326	1	1.46197e+06	1	1.29796e+06	1	1.47395e+06	1	1415.81	1	1	273.318	301.483
551	155.326	1	1.46197e+06	1	1.29796e+06	1	1.47395e+06	1	1415.81	1	3.16228	273.464	301.528
551	155.326	1	1.46197e+06	1	1.29796e+06	1	1.47395e+06	1	1415.81	1	10	273.901	301.664
551	155.326	1	1.46197e+06	1	1.29796e+06	1	1.47395e+06	1	1415.81	1	31.6228	275.11	302.05
551	155.326	1	1.46197e+06	1	1.29796e+06	1	1.47395e+06	1	1415.81	1	100	277.779	302.982
552	151.64	1	1.78964e+06	1	1.11679e+06	1	1.00625e+06	1	2289.62	1	0	273.249	301.462
552	151.64	1	1.78964e+06	1	1.11679e+06	1	1.00625e+06	1	2289.62	1	0.001	273.249	301.462
552	151.64	1	1.78964e+06	1	1.11679e+06	1	1.00625e+06	1	2289.62	1	0.00316228	273.25	301.462
552	151.64	1	1.78964e+06	1	1.11679e+06	1	1.00625e+06	1	2289.62	1	0.01	273.25	301.462
552	151.64	1	1.78964e+06	1	1.11679e+06	1	1.00625e+06	1	2289.62	1	0.0316228	273.252	301.462
552	151.64	1	1.78964e+06	1	1.11679e+06	1	1.00625e+06	1	2289.62	1	0.1	273.256	301.464
552	151.64	1	1.78964e+06	1	1.11679e+06	1	1.00625e+06	1	2289.62	1	0.316228	273.272	301.468
552	151.64	1	1.78964e+06	1	1.11679e+06	1	1.00625e+06	1	2289.62	1	1	273.32	301.483
552	151.64	1	1.78964e+06	1	1.11679e+06	1	1.00625e+06	1	2289.62	1	3.16228	273.468	301.528
552	151.64	1	1.78964e+06	1	1.11679e+06	1	1.00625e+06	1	2289.62	1	10	273.912	301.664
552	151.64	1	1.78964e+06	1	1.11679e+06	1	1.00625e+06	1	2289.62	1	31.6228	275.138	302.049
552	151.64	1	1.78964e+06	1	1.11679e+06	1	1.00625e+06	1	2289.62	1	100	277.816	302.966
553	112.523	1	758558	1	2.173e+06	1	955727	1	1326.35	1	0	273.249	301.462
553	112.523	1	758558	1	2.173e+06	1	955727	1	1326.35	1	0.001	273.25	301.462
553	112.523	1	758558	1	2.173e+06	1	955727	1	1326.35	1	0.00316228	273.25	301.462
553	112.523	1	758558	1	2.173e+06	1	955727	1	1326.35	1	0.01	273.25	301.462
553	112.523	1	758558	1	2.173e+06	1	955727	1	1326.35	1	0.0316228	273.252	301.462
553	112.523	1	758558	1	2.173e+06	1	955727	1	1326.35	1	0.1	273.259	301.464
553	112.523	1	758558	1	2.173e+06	1	955727	1	1326.35	1	0.316228	273.279	301.471
553	112.523	1	758558	1	2.173e+06	1	955727	1	1326.35	1	1	273.344	301.491
553	112.523	1	758558	1	2.173e+06	1	955727	1	1326.35	1	3.16228	273.543	301.552
553	112.523	1	758558	1	2.173e+06	1	955727	1	1326.35	1	10	274.125	301.731
553	112.523	1	758558	1	2.173e+06	1	955727	1	1326.35	1	31.6228	275.683	302.229
553	112.523	1	758558	1	2.173e+06	1	955727	1	1326.35	1	100	278.663	303.319
554	372.952	1	948529	1	1.26186e+06	1	1.49147e+06	1	1034.14	1	0	273.249	301.462
554	372.952	1	948529	1	1.26186e+06	1	1.49147e+06	1	1034.14	1	0.001	273.249	301.462
554	372.952	1	948529	1	1.26186e+06	1	1.49147e+06	1	1034.14	1	0.00316228	273.25	301.462
554	372.952	1	948529	1	1.26186e+06	1	1.49147e+06	1	1034.14	1	0.01	273.25	301.462
554	372.952	1	948529	1	1.26186e+06	1	1.49147e+06	1	1034.14	1	0.0316228	273.25	301.462
554	372.952	1	948529	1	1.26186e+06	1	1.49147e+06	1	1034.14	1	0.1	273.252	301.463
554	372.952	1	948529	1	1.26186e+06	1	1.49147e+06	1	1034.14	1	0.316228	273.259	301.465
554	372.952	1	948529	1	1.26186e+06	1	1.49147e+06	1	1034.14	1	1	273.279	301.472
554	372.952	1	948529	1	1.26186e+06	1	1.49147e+06	1	1034.14	1	3.16228	273.343	301.493
554	372.952	1	948529	1	1.26186e+06	1	1.49147e+06	1	1034.14	1	10	273.54	301.56
554	372.952	1	948529	1	1.26186e+06	1	1.49147e+06	1	1034.14	1	31.6228	274.121	301.759
554	372.952	1	948529	1	1.26186e+06	1	1.49147e+06	1	1034.14	1	100	275.685	302.318
555	141.142	1	564951	1	1.2206e+06	1	2.34634e+06	1	1476.31	1	0	273.249	301.462
555	141.142	1	564951	1	1.2206e+06	1	2.34634e+06	1	1476.31	1	0.001	273.249	301.462
555	141.142	1	564951	1	1.2206e+06	1	2.34634e+06	1	1476.31	1	0.00316228	273.25	301.462
555	141.142	1	564951	1	1.2206e+06	1	2.34634e+06	1	1476.31	1	0.01	273.25	301.462
555	141.142	1	564951	1	1.2206e+06	1	2.34634e+06	1	1476.31	1	0.0316228	273.252	301.462
555	141.142	1	564951	1	1.2206e+06	1	2.34634e+06	1	1476.31	1	0.1	273.257	301.464
555	141.142	1	564951	1	1.2206e+06	1	2.34634e+06	1	1476.31	1	0.316228	273.273	301.469
555	141.142	1	564951	1	1.2206e+06	1	2.34634e+06	1	1476.31	1	1	273.325	301.485
555	141.142	1	564951	1	1.2206e+06	1	2.34634e+06	1	1476.31	1	3.16228	273.485	301.534
555	141.142	1	564951	1	1.2206e+06	1	2.34634e+06	1	1476.31	1	10	273.96	301.681
555	141.142	1	564951	1	1.2206e+06	1	2.34634e+06	1	1476.31	1	31.6228	275.264	302.095
555	141.142	1	564951	1	1.2206e+06	1	2.34634e+06	1	1476.31	1	100	278.025	303.065
556	127.163	1	1.09912e+06	1	1.36975e+06	1	906199	1	1143.55	1	0	273.249	301.462
556	127.163	1	1.09912e+06	1	1.36975e+06	1	906199	1	1143.55	1	0.001	273.25	301.462
556	127.163	1	1.09912e+06	1	1.36975e+06	1	906199	1	1143.55	1	0.00316228	273.25	301.462
556	127.163	1	1.09912e+06	1	1.36975e+06	1	906199	1	1143.55	1	0.01	273.25	301.462
556	127.163	1	1.09912e+06	1	1.36975e+06	1	906199	1	1143.55	1	0.0316228	273.252	301.462
556	127.163	1	1.09912e+06	1	1.36975e+06	1	906199	1	1143.55	1	0.1	273.258	301.464
556	127.163	1	1.09912e+06	1	1.36975e+06	1	906199	1	1143.55	1	0.316228	273.276	301.47
556	127.163	1	1.09912e+06	1	1.36975e+06	1	906199	1	1143.55	1	1	273.333	301.488
556	127.163	1	1.09912e+06	1	1.36975e+06	1	906199	1	1143.55	1	3.16228	273.511	301.543
556	127.163	1	1.09912e+06	1	1.36975e+06	1	906199	1	1143.55	1	10	274.035	301.706
556	127.163	1	1.09912e+06	1	1.36975e+06	1	906199	1	1143.55	1	31.6228	275.459	302.165
556	127.163	1	1.09912e+06	1	1.36975e+06	1	906199	1	1143.55	1	100	278.34	303.215
557	124.623	1	1.62169e+06	1	805874	1	932980	1	1888.57	1	0	273.249	301.462
557	124.623	1	1.62169e+06	1	805874	1	932980	1	1888.57	1	0.001	273.25	301.462
557	124.623	1	1.62169e+06	1	805874	1	932980	1	1888.57	1	0.00316228	273.25	301.462
557	124.623	1	1.62169e+06	1	805874	1	932980	1	1888.57	1	0.01	273.25	301.462
557	124.623	1	1.62169e+06	1	805874	1	932980	1	1888.57	1	0.0316228	273.252	301.462
557	124.623	1	1.62169e+06	1	805874	1	932980	1	1888.57	1	0.1	273.258	301.464
557	124.623	1	1.62169e+06	1	805874	1	932980	1	1888.57	1	0.316228	273.277	301.47
557	124.623	1	1.62169e+06	1	805874	1	932980	1	1888.57	1	1	273.335	301.488
557	124.623	1	1.62169e+06	1	805874	1	932980	1	1888.57	1	3.16228	273.514	301.543
557	124.623	1	1.62169e+06	1	805874	1	932980	1	1888.57	1	10	274.045	301.705
557	124.623	1	1.62169e+06	1	805874	1	932980	1	1888.57	1	31.6228	275.482	302.16
557	124.623	1	1.62169e+06	1	805874	1	932980	1	1888.57	1	100	278.365	303.184
558	139.71	1	1.63413e+06	1	748746	1	1.58396e+06	1	1191.12	1	0	273.249	301.462
558	139.71	1	1.63413e+06	1	748746	1	1.58396e+06	1	1191.12	1	0.001	273.25	301.462
558	139.71	1	1.63413e+06	1	748746	1	1.58396e+06	1	1191.12	1	0.00316228	273.25	301.462
558	139.71	1	1.63413e+06	1	748746	1	1.58396e+06	1	1191.12	1	0.01	273.25	301.462
558	139.71	1	1.63413e+06	1	748746	1	1.58396e+06	1	1191.12	1	0.0316228	273.252	301.462
558	139.71	1	1.63413e+06	1	748746	1	1.58396e+06	1	1191.12	1	0.1	273.257	301.464
558	139.71	1	1.63413e+06	1	748746	1	1.58396e+06	1	1191.12	1	0.316228	273.274	301.469
558	139.71	1	1.63413e+06	1	748746	1	1.58396e+06	1	1191.12	1	1	273.326	301.485
558	139.71	1	1.63413e+06	1	748746	1	1.58396e+06	1	1191.12	1	3.16228	273.488	301.536
558	139.71	1	1.63413e+06	1	748746	1	1.58396e+06	1	1191.12	1	10	273.97	301.687
558	139.71	1	1.63413e+06	1	748746	1	1.58396e+06	1	1191.12	1	31.6228	275.291	302.112
558	139.71	1	1.63413e+06	1	748746	1	1.58396e+06	1	1191.12	1	100	278.08	303.113
559	156.308	1	982481	1	1.6758e+06	1	565809	1	2298.1	1	0	273.249	301.462
559	156.308	1	982481	1	1.6758e+06	1	565809	1	2298.1	1	0.001	273.249	301.462
559	156.308	1	982481	1	1.6758e+06	1	565809	1	2298.1	1	0.00316228	273.25	301.462
559	156.308	1	982481	1	1.6758e+06	1	565809	1	2298.1	1	0.01	273.25	301.462
559	156.308	1	982481	1	1.6758e+06	1	565809	1	2298.1	1	0.0316228	273.252	301.462
559	156.308	1	982481	1	1.6758e+06	1	565809	1	2298.1	1	0.1	273.256	301.464
559	156.308	1	982481	1	1.6758e+06	1	565809	1	2298.1	1	0.316228	273.271	301.468
559	156.308	1	982481	1	1.6758e+06	1	565809	1	2298.1	1	1	273.318	301.482
559	156.308	1	982481	1	1.6758e+06	1	565809	1	2298.1	1	3.16228	273.462	301.527
559	156.308	1	982481	1	1.6758e+06	1	565809	1	2298.1	1	10	273.894	301.659
559	156.308	1	982481	1	1.6758e+06	1	565809	1	2298.1	1	31.6228	275.089	302.034
559	156.308	1	982481	1	1.6758e+06	1	565809	1	2298.1	1	100	277.737	302.937
560	159.791	1	924820	1	1.18506e+06	1	1.39357e+06	1	1248.77	1	0	273.249	301.462
560	159.791	1	924820	1	1.18506e+06	1	1.39357e+06	1	1248.77	1	0.001	273.249	301.462
560	159.791	1	924820	1	1.18506e+06	1	1.39357e+06	1	1248.77	1	0.00316228	273.25	301.462
560	159.791	1	924820	1	1.18506e+06	1	1.39357e+06	1	1248.77	1	0.01	273.25	301.462
560	159.791	1	924820	1	1.18506e+06	1	1.39357e+06	1	1248.77	1	0.0316228	273.252	301.462
560	159.791	1	924820	1	1.18506e+06	1	1.39357e+06	1	1248.77	1	0.1	273.256	301.464
560	159.791	1	924820	1	1.18506e+06	1	1.39357e+06	1	1248.77	1	0.316228	273.271	301.468
560	159.791	1	924820	1	1.18506e+06	1	1.39357e+06	1	1248.77	1	1	273.317	301.483
560	159.791	1	924820	1	1.18506e+06	1	1.39357e+06	1	1248.77	1	3.16228	273.459	301.527
560	159.791	1	924820	1	1.18506e+06	1	1.39357e+06	1	1248.77	1	10	273.885	301.661
560	159.791	1	924820	1	1.18506e+06	1	1.39357e+06	1	1248.77	1	31.6228	275.068	302.04
560	159.791	1	924820	1	1.18506e+06	1	1.39357e+06	1	1248.77	1	100	277.712	302.967
561	138.966	1	435644	1	1.22484e+06	1	1.78875e+06	1	1728.55	1	0	273.249	301.462
561	138.966	1	435644	1	1.22484e+06	1	1.78875e+06	1	1728.55	1	0.001	273.25	301.462
561	138.966	1	435644	1	1.22484e+06	1	1.78875e+06	1	1728.55	1	0.00316228	273.25	301.462
561	138.966	1	435644	1	1.22484e+06	1	1.78875e+06	1	1728.55	1	0.01	273.25	301.462
561	138.966	1	435644	1	1.22484e+06	1	1.78875e+06	1	1728.55	1	0.0316228	273.252	301.462
561	138.966	1	435644	1	1.22484e+06	1	1.78875e+06	1	1728.55	1	0.1	273.257	301.464
561	138.966	1	435644	1	1.22484e+06	1	1.78875e+06	1	1728.55	1	0.316228	273.274	301.469
561	138.966	1	435644	1	1.22484e+06	1	1.78875e+06	1	1728.55	1	1	273.326	301.485
561	138.966	1	435644	1	1.22484e+06	1	1.78875e+06	1	1728.55	1	3.16228	273.488	301.534
561	138.966	1	435644	1	1.22484e+06	1	1.78875e+06	1	1728.55	1	10	273.968	301.682
561	138.966	1	435644	1	1.22484e+06	1	1.78875e+06	1	1728.55	1	31.6228	275.285	302.097
561	138.966	1	435644	1	1.22484e+06	1	1.78875e+06	1	1728.55	1	100	278.054	303.063
562	101.112	1	1.42584e+06	1	1.63562e+06	1	445873	1	2407.52	1	0	273.249	301.462
562	101.112	1	1.42584e+06	1	1.63562e+06	1	445873	1	2407.52	1	0.001	273.25	301.462
562	101.112	1	1.42584e+06	1	1.63562e+06	1	445873	1	2407.52	1	0.00316228	273.25	301.462
562	101.112	1	1.42584e+06	1	1.63562e+06	1	445873	1	2407.52	1	0.01	273.25	301.462
562	101.112	1	1.42584e+06	1	1.63562e+06	1	445873	1	2407.52	1	0.0316228	273.253	301.463
562	101.112	1	1.42584e+06	1	1.63562e+06	1	445873	1	2407.52	1	0.1	273.26	301.465
562	101.112	1	1.42584e+06	1	1.63562e+06	1	445873	1	2407.52	1	0.316228	273.283	301.472
562	101.112	1	1.42584e+06	1	1.63562e+06	1	445873	1	2407.52	1	1	273.354	301.493
562	101.112	1	1.42584e+06	1	1.63562e+06	1	445873	1	2407.52	1	3.16228	273.573	301.56
562	101.112	1	1.42584e+06	1	1.63562e+06	1	445873	1	2407.52	1	10	274.211	301.753
562	101.112	1	1.42584e+06	1	1.63562e+06	1	445873	1	2407.52	1	31.6228	275.887	302.282
562	101.112	1	1.42584e+06	1	1.63562e+06	1	445873	1	2407.52	1	100	278.947	303.39
563	129.336	1	505331	1	950629	1	1.2645e+06	1	1418.13	1	0	273.249	301.462
563	129.336	1	505331	1	950629	1	1.2645e+06	1	1418.13	1	0.001	273.25	301.462
563	129.336	1	505331	1	950629	1	1.2645e+06	1	1418.13	1	0.00316228	273.25	301.462
563	129.336	1	505331	1	950629	1	1.2645e+06	1	1418.13	1	0.01	273.25	301.462
563	129.336	1	505331	1	950629	1	1.2645e+06	1	1418.13	1	0.0316228	273.252	301.462
563	129.336	1	505331	1	950629	1	1.2645e+06	1	1418.13	1	0.1	273.258	301.464
563	129.336	1	505331	1	950629	1	1.2645e+06	1	1418.13	1	0.316228	273.276	301.47
563	129.336	1	505331	1	950629	1	1.2645e+06	1	1418.13	1	1	273.332	301.487
563	129.336	1	505331	1	950629	1	1.2645e+06	1	1418.13	1	3.16228	273.506	301.54
563	129.336	1	505331	1	950629	1	1.2645e+06	1	1418.13	1	10	274.02	301.699
563	129.336	1	505331	1	950629	1	1.2645e+06	1	1418.13	1	31.6228	275.418	302.144
563	129.336	1	505331	1	950629	1	1.2645e+06	1	1418.13	1	100	278.268	303.162
564	159.921	1	949698	1	961725	1	1.30507e+06	1	1731.36	1	0	273.249	301.462
564	159.921	1	949698	1	961725	1	1.30507e+06	1	1731.36	1	0.001	273.249	301.462
564	159.921	1	949698	1	961725	1	1.30507e+06	1	1731.36	1	0.00316228	273.25	301.462
564	159.921	1	949698	1	961725	1	1.30507e+06	1	1731.36	1	0.01	273.25	301.462
564	159.921	1	949698	1	961725	1	1.30507e+06	1	1731.36	1	0.0316228	273.252	301.462
564	159.921	1	949698	1	961725	1	1.30507e+06	1	1731.36	1	0.1	273.256	301.464
564	159.921	1	949698	1	961725	1	1.30507e+06	1	1731.36	1	0.316228	273.271	301.468
564	159.921	1	949698	1	961725	1	1.30507e+06	1	1731.36	1	1	273.316	301.482
564	159.921	1	949698	1	961725	1	1.30507e+06	1	1731.36	1	3.16228	273.458	301.526
564	159.921	1	949698	1	961725	1	1.30507e+06	1	1731.36	1	10	273.882	301.657
564	159.921	1	949698	1	961725	1	1.30507e+06	1	1731.36	1	31.6228	275.057	302.029
564	159.921	1	949698	1	961725	1	1.30507e+06	1	1731.36	1	100	277.686	302.931
565	129.048	1	5.17797e+06	1	728174	1	841334	1	1763.87	1	0	273.249	301.462
565	129.048	1	5.17797e+06	1	728174	1	841334	1	1763.87	1	0.001	273.25	301.462
565	129.048	1	5.17797e+06	1	728174	1	841334	1	1763.87	1	0.00316228	273.25	301.462
565	129.048	1	5.17797e+06	1	728174	1	841334	1	1763.87	1	0.01	273.25	301.462
565	129.048	1	5.17797e+06	1	728174	1	841334	1	1763.87	1	0.0316228	273.252	301.462
565	129.048	1	5.17797e+06	1	728174	1	841334	1	1763.87	1	0.1	273.258	301.464
565	129.048	1	5.17797e+06	1	728174	1	841334	1	1763.87	1	0.316228	273.276	301.47
565	129.048	1	5.17797e+06	1	728174	1	841334	1	1763.87	1	1	273.332	301.487
565	129.048	1	5.17797e+06	1	728174	1	841334	1	1763.87	1	3.16228	273.506	301.54
565	129.048	1	5.17797e+06	1	728174	1	841334	1	1763.87	1	10	274.021	301.699
565	129.048	1	5.17797e+06	1	728174	1	841334	1	1763.87	1	31.6228	275.421	302.143
565	129.048	1	5.17797e+06	1	728174	1	841334	1	1763.87	1	100	278.276	303.158
566	158.965	1	1.66441e+06	1	1.58806e+06	1	963972	1	3948.46	1	0	273.249	301.462
566	158.965	1	1.66441e+06	1	1.58806e+06	1	963972	1	3948.46	1	0.001	273.249	301.462
566	158.965	1	1.66441e+06	1	1.58806e+06	1	963972	1	3948.46	1	0.00316228	273.25	301.462
566	158.965	1	1.66441e+06	1	1.58806e+06	1	963972	1	3948.46	1	0.01	273.25	301.462
566	158.965	1	1.66441e+06	1	1.58806e+06	1	963972	1	3948.46	1	0.0316228	273.252	301.462
566	158.965	1	1.66441e+06	1	1.58806e+06	1	963972	1	3948.46	1	0.1	273.256	301.464
566	158.965	1	1.66441e+06	1	1.58806e+06	1	963972	1	3948.46	1	0.316228	273.271	301.468
566	158.965	1	1.66441e+06	1	1.58806e+06	1	963972	1	3948.46	1	1	273.316	301.482
566	158.965	1	1.66441e+06	1	1.58806e+06	1	963972	1	3948.46	1	3.16228	273.458	301.525
566	158.965	1	1.66441e+06	1	1.58806e+06	1	963972	1	3948.46	1	10	273.881	301.653
566	158.965	1	1.66441e+06	1	1.58806e+06	1	963972	1	3948.46	1	31.6228	275.054	302.015
566	158.965	1	1.66441e+06	1	1.58806e+06	1	963972	1	3948.46	1	100	277.667	302.886
567	470.461	1	829879	1	340890	1	1.20458e+06	1	1595.16	1	0	273.249	301.462
567	470.461	1	829879	1	340890	1	1.20458e+06	1	1595.16	1	0.001	273.249	301.462
567	470.461	1	829879	1	340890	1	1.20458e+06	1	1595.16	1	0.00316228	273.249	301.462
567	470.461	1	829879	1	340890	1	1.20458e+06	1	1595.16	1	0.01	273.25	301.462
567	470.461	1	829879	1	340890	1	1.20458e+06	1	1595.16	1	0.0316228	273.25	301.462
567	470.461	1	829879	1	340890	1	1.20458e+06	1	1595.16	1	0.1	273.252	301.462
567	470.461	1	829879	1	340890	1	1.20458e+06	1	1595.16	1	0.316228	273.257	301.464
567	470.461	1	829879	1	340890	1	1.20458e+06	1	1595.16	1	1	273.273	301.469
567	470.461	1	829879	1	340890	1	1.20458e+06	1	1595.16	1	3.16228	273.323	301.486
567	470.461	1	829879	1	340890	1	1.20458e+06	1	1595.16	1	10	273.48	301.539
567	470.461	1	829879	1	340890	1	1.20458e+06	1	1595.16	1	31.6228	273.947	301.696
567	470.461	1	829879	1	340890	1	1.20458e+06	1	1595.16	1	100	275.239	302.146
568	206.07	1	445933	1	1.14988e+06	1	1.32794e+06	1	2516.3	1	0	273.249	301.462
568	206.07	1	445933	1	1.14988e+06	1	1.32794e+06	1	2516.3	1	0.001	273.249	301.462
568	206.07	1	445933	1	1.14988e+06	1	1.32794e+06	1	2516.3	1	0.00316228	273.25	301.462
568	206.07	1	445933	1	1.14988e+06	1	1.32794e+06	1	2516.3	1	0.01	273.25	301.462
568	206.07	1	445933	1	1.14988e+06	1	1.32794e+06	1	2516.3	1	0.0316228	273.251	301.462
568	206.07	1	445933	1	1.14988e+06	1	1.32794e+06	1	2516.3	1	0.1	273.255	301.463
568	206.07	1	445933	1	1.14988e+06	1	1.32794e+06	1	2516.3	1	0.316228	273.266	301.467
568	206.07	1	445933	1	1.14988e+06	1	1.32794e+06	1	2516.3	1	1	273.301	301.477
568	206.07	1	445933	1	1.14988e+06	1	1.32794e+06	1	2516.3	1	3.16228	273.411	301.511
568	206.07	1	445933	1	1.14988e+06	1	1.32794e+06	1	2516.3	1	10	273.745	301.613
568	206.07	1	445933	1	1.14988e+06	1	1.32794e+06	1	2516.3	1	31.6228	274.682	301.903
568	206.07	1	445933	1	1.14988e+06	1	1.32794e+06	1	2516.3	1	100	276.967	302.661
569	227.295	1	815309	1	1.07347e+06	1	1.11683e+06	1	934.303	1	0	273.249	301.462
569	227.295	1	815309	1	1.07347e+06	1	1.11683e+06	1	934.303	1	0.001	273.249	301.462
569	227.295	1	815309	1	1.07347e+06	1	1.11683e+06	1	934.303	1	0.00316228	273.25	301.462
569	227.295	1	815309	1	1.07347e+06	1	1.11683e+06	1	934.303	1	0.01	273.25	301.462
569	227.295	1	815309	1	1.07347e+06	1	1.11683e+06	1	934.303	1	0.0316228	273.251	301.462
569	227.295	1	815309	1	1.07347e+06	1	1.11683e+06	1	934.303	1	0.1	273.254	301.463
569	227.295	1	815309	1	1.07347e+06	1	1.11683e+06	1	934.303	1	0.316228	273.265	301.467
569	227.295	1	815309	1	1.07347e+06	1	1.11683e+06	1	934.303	1	1	273.297	301.477
569	227.295	1	815309	1	1.07347e+06	1	1.11683e+06	1	934.303	1	3.16228	273.4	301.511
569	227.295	1	815309	1	1.07347e+06	1	1.11683e+06	1	934.303	1	10	273.712	301.612
569	227.295	1	815309	1	1.07347e+06	1	1.11683e+06	1	934.303	1	31.6228	274.591	301.904
569	227.295	1	815309	1	1.07347e+06	1	1.11683e+06	1	934.303	1	100	276.802	302.692
570	137.197	1	1.28019e+06	1	619557	1	1.11405e+06	1	2773.82	1	0	273.249	301.462
570	137.197	1	1.28019e+06	1	619557	1	1.11405e+06	1	2773.82	1	0.001	273.25	301.462
570	137.197	1	1.28019e+06	1	619557	1	1.11405e+06	1	2773.82	1	0.00316228	273.25	301.462
570	137.197	1	1.28019e+06	1	619557	1	1.11405e+06	1	2773.82	1	0.01	273.25	301.462
570	137.197	1	1.28019e+06	1	619557	1	1.11405e+06	1	2773.82	1	0.0316228	273.252	301.462
570	137.197	1	1.28019e+06	1	619557	1	1.11405e+06	1	2773.82	1	0.1	273.257	301.464
570	137.197	1	1.28019e+06	1	619557	1	1.11405e+06	1	2773.82	1	0.316228	273.274	301.469
570	137.197	1	1.28019e+06	1	619557	1	1.11405e+06	1	2773.82	1	1	273.327	301.485
570	137.197	1	1.28019e+06	1	619557	1	1.11405e+06	1	2773.82	1	3.16228	273.49	301.535
570	137.197	1	1.28019e+06	1	619557	1	1.11405e+06	1	2773.82	1	10	273.975	301.682
570	137.197	1	1.28019e+06	1	619557	1	1.11405e+06	1	2773.82	1	31.6228	275.302	302.097
570	137.197	1	1.28019e+06	1	619557	1	1.11405e+06	1	2773.82	1	100	278.081	303.055
571	170.604	1	176885	1	979473	1	1.24069e+06	1	2987.97	1	0	273.249	301.462
571	170.604	1	176885	1	979473	1	1.24069e+06	1	2987.97	1	0.001	273.249	301.462
571	170.604	1	176885	1	979473	1	1.24069e+06	1	2987.97	1	0.00316228	273.25	301.462
571	170.604	1	176885	1	979473	1	1.24069e+06	1	2987.97	1	0.01	273.25	301.462
571	170.604	1	176885	1	979473	1	1.24069e+06	1	2987.97	1	0.0316228	273.251	301.462
571	170.604	1	176885	1	979473	1	1.24069e+06	1	2987.97	1	0.1	273.256	301.463
571	170.604	1	176885	1	979473	1	1.24069e+06	1	2987.97	1	0.316228	273.269	301.467
571	170.604	1	176885	1	979473	1	1.24069e+06	1	2987.97	1	1	273.311	301.48
571	170.604	1	176885	1	979473	1	1.24069e+06	1	2987.97	1	3.16228	273.443	301.52
571	170.604	1	176885	1	979473	1	1.24069e+06	1	2987.97	1	10	273.838	301.639
571	170.604	1	176885	1	979473	1	1.24069e+06	1	2987.97	1	31.6228	274.938	301.975
571	170.604	1	176885	1	979473	1	1.24069e+06	1	2987.97	1	100	277.451	302.797
572	204.557	1	847935	1	1.13618e+06	1	888808	1	1926.42	1	0	273.249	301.462
572	204.557	1	847935	1	1.13618e+06	1	888808	1	1926.42	1	0.001	273.249	301.462
572	204.557	1	847935	1	1.13618e+06	1	888808	1	1926.42	1	0.00316228	273.25	301.462
572	204.557	1	847935	1	1.13618e+06	1	888808	1	1926.42	1	0.01	273.25	301.462
572	204.557	1	847935	1	1.13618e+06	1	888808	1	1926.42	1	0.0316228	273.251	301.462
572	204.557	1	847935	1	1.13618e+06	1	888808	1	1926.42	1	0.1	273.255	301.463
572	204.557	1	847935	1	1.13618e+06	1	888808	1	1926.42	1	0.316228	273.266	301.467
572	204.557	1	847935	1	1.13618e+06	1	888808	1	1926.42	1	1	273.302	301.478
572	204.557	1	847935	1	1.13618e+06	1	888808	1	1926.42	1	3.16228	273.413	301.512
572	204.557	1	847935	1	1.13618e+06	1	888808	1	1926.42	1	10	273.751	301.617
572	204.557	1	847935	1	1.13618e+06	1	888808	1	1926.42	1	31.6228	274.7	301.916
572	204.557	1	847935	1	1.13618e+06	1	888808	1	1926.42	1	100	277.011	302.698
573	249.493	1	747071	1	631900	1	1.02259e+06	1	2354.17	1	0	273.249	301.462
573	249.493	1	747071	1	631900	1	1.02259e+06	1	2354.17	1	0.001	273.249	301.462
573	249.493	1	747071	1	631900	1	1.02259e+06	1	2354.17	1	0.00316228	273.25	301.462
573	249.493	1	747071	1	631900	1	1.02259e+06	1	2354.17	1	0.01	273.25	301.462
573	249.493	1	747071	1	631900	1	1.02259e+06	1	2354.17	1	0.0316228	273.251	301.462
573	249.493	1	747071	1	631900	1	1.02259e+06	1	2354.17	1	0.1	273.254	301.463
573	249.493	1	747071	1	631900	1	1.02259e+06	1	2354.17	1	0.316228	273.263	301.466
573	249.493	1	747071	1	631900	1	1.02259e+06	1	2354.17	1	1	273.292	301.475
573	249.493	1	747071	1	631900	1	1.02259e+06	1	2354.17	1	3.16228	273.384	301.503
573	249.493	1	747071	1	631900	1	1.02259e+06	1	2354.17	1	10	273.664	301.591
573	249.493	1	747071	1	631900	1	1.02259e+06	1	2354.17	1	31.6228	274.462	301.84
573	249.493	1	747071	1	631900	1	1.02259e+06	1	2354.17	1	100	276.493	302.516
574	177.997	1	2.06658e+06	1	878690	1	687756	1	2555	1	0	273.249	301.462
574	177.997	1	2.06658e+06	1	878690	1	687756	1	2555	1	0.001	273.249	301.462
574	177.997	1	2.06658e+06	1	878690	1	687756	1	2555	1	0.00316228	273.25	301.462
574	177.997	1	2.06658e+06	1	878690	1	687756	1	2555	1	0.01	273.25	301.462
574	177.997	1	2.06658e+06	1	878690	1	687756	1	2555	1	0.0316228	273.251	301.462
574	177.997	1	2.06658e+06	1	878690	1	687756	1	2555	1	0.1	273.255	301.463
574	177.997	1	2.06658e+06	1	878690	1	687756	1	2555	1	0.316228	273.268	301.467
574	177.997	1	2.06658e+06	1	878690	1	687756	1	2555	1	1	273.309	301.48
574	177.997	1	2.06658e+06	1	878690	1	687756	1	2555	1	3.16228	273.437	301.519
574	177.997	1	2.06658e+06	1	878690	1	687756	1	2555	1	10	273.82	301.637
574	177.997	1	2.06658e+06	1	878690	1	687756	1	2555	1	31.6228	274.89	301.971
574	177.997	1	2.06658e+06	1	878690	1	687756	1	2555	1	100	277.38	302.808
575	168.153	1	943125	1	1.03046e+06	1	1.1816e+06	1	1082.89	1	0	273.249	301.462
575	168.153	1	943125	1	1.03046e+06	1	1.1816e+06	1	1082.89	1	0.001	273.249	301.462
575	168.153	1	943125	1	1.03046e+06	1	1.1816e+06	1	1082.89	1	0.00316228	273.25	301.462
575	168.153	1	943125	1	1.03046e+06	1	1.1816e+06	1	1082.89	1	0.01	273.25	301.462
575	168.153	1	943125	1	1.03046e+06	1	1.1816e+06	1	1082.89	1	0.0316228	273.251	301.462
575	168.153	1	943125	1	1.03046e+06	1	1.1816e+06	1	1082.89	1	0.1	273.256	301.464
575	168.153	1	943125	1	1.03046e+06	1	1.1816e+06	1	1082.89	1	0.316228	273.27	301.468
575	168.153	1	943125	1	1.03046e+06	1	1.1816e+06	1	1082.89	1	1	273.313	301.482
575	168.153	1	943125	1	1.03046e+06	1	1.1816e+06	1	1082.89	1	3.16228	273.449	301.525
575	168.153	1	943125	1	1.03046e+06	1	1.1816e+06	1	1082.89	1	10	273.858	301.654
575	168.153	1	943125	1	1.03046e+06	1	1.1816e+06	1	1082.89	1	31.6228	274.995	302.023
575	168.153	1	943125	1	1.03046e+06	1	1.1816e+06	1	1082.89	1	100	277.592	302.938
576	133.449	1	822277	1	986184	1	4.70238e+06	1	3269.08	1	0	273.249	301.462
576	133.449	1	822277	1	986184	1	4.70238e+06	1	3269.08	1	0.001	273.25	301.462
576	133.449	1	822277	1	986184	1	4.70238e+06	1	3269.08	1	0.00316228	273.25	301.462
576	133.449	1	822277	1	986184	1	4.70238e+06	1	3269.08	1	0.01	273.25	301.462
576	133.449	1	822277	1	986184	1	4.70238e+06	1	3269.08	1	0.0316228	273.252	301.462
576	133.449	1	822277	1	986184	1	4.70238e+06	1	3269.08	1	0.1	273.257	301.464
576	133.449	1	822277	1	986184	1	4.70238e+06	1	3269.08	1	0.316228	273.275	301.469
576	133.449	1	822277	1	986184	1	4.70238e+06	1	3269.08	1	1	273.329	301.485
576	133.449	1	822277	1	986184	1	4.70238e+06	1	3269.08	1	3.16228	273.496	301.536
576	133.449	1	822277	1	986184	1	4.70238e+06	1	3269.08	1	10	273.993	301.686
576	133.449	1	822277	1	986184	1	4.70238e+06	1	3269.08	1	31.6228	275.345	302.106
576	133.449	1	822277	1	986184	1	4.70238e+06	1	3269.08	1	100	278.141	303.063
577	167.339	1	1.73726e+06	1	1.36362e+06	1	1.77339e+06	1	1958.16	1	0	273.249	301.462
577	167.339	1	1.73726e+06	1	1.36362e+06	1	1.77339e+06	1	1958.16	1	0.001	273.249	301.462
577	167.339	1	1.73726e+06	1	1.36362e+06	1	1.77339e+06	1	1958.16	1	0.00316228	273.25	301.462
577	167.339	1	1.73726e+06	1	1.36362e+06	1	1.77339e+06	1	1958.16	1	0.01	273.25	301.462
577	167.339	1	1.73726e+06	1	1.36362e+06	1	1.77339e+06	1	1958.16	1	0.0316228	273.251	301.462
577	167.339	1	1.73726e+06	1	1.36362e+06	1	1.77339e+06	1	1958.16	1	0.1	273.256	301.464
577	167.339	1	1.73726e+06	1	1.36362e+06	1	1.77339e+06	1	1958.16	1	0.316228	273.27	301.468
577	167.339	1	1.73726e+06	1	1.36362e+06	1	1.77339e+06	1	1958.16	1	1	273.313	301.481
577	167.339	1	1.73726e+06	1	1.36362e+06	1	1.77339e+06	1	1958.16	1	3.16228	273.448	301.523
577	167.339	1	1.73726e+06	1	1.36362e+06	1	1.77339e+06	1	1958.16	1	10	273.855	301.648
577	167.339	1	1.73726e+06	1	1.36362e+06	1	1.77339e+06	1	1958.16	1	31.6228	274.985	302.003
577	167.339	1	1.73726e+06	1	1.36362e+06	1	1.77339e+06	1	1958.16	1	100	277.558	302.876
578	178.521	1	1.43609e+06	1	1.54804e+06	1	1.52024e+06	1	1827.22	1	0	273.249	301.462
578	178.521	1	1.43609e+06	1	1.54804e+06	1	1.52024e+06	1	1827.22	1	0.001	273.249	301.462
578	178.521	1	1.43609e+06	1	1.54804e+06	1	1.52024e+06	1	1827.22	1	0.00316228	273.25	301.462
578	178.521	1	1.43609e+06	1	1.54804e+06	1	1.52024e+06	1	1827.22	1	0.01	273.25	301.462
578	178.521	1	1.43609e+06	1	1.54804e+06	1	1.52024e+06	1	1827.22	1	0.0316228	273.251	301.462
578	178.521	1	1.43609e+06	1	1.54804e+06	1	1.52024e+06	1	1827.22	1	0.1	273.255	301.463
578	178.521	1	1.43609e+06	1	1.54804e+06	1	1.52024e+06	1	1827.22	1	0.316228	273.268	301.467
578	178.521	1	1.43609e+06	1	1.54804e+06	1	1.52024e+06	1	1827.22	1	1	273.309	301.48
578	178.521	1	1.43609e+06	1	1.54804e+06	1	1.52024e+06	1	1827.22	1	3.16228	273.437	301.519
578	178.521	1	1.43609e+06	1	1.54804e+06	1	1.52024e+06	1	1827.22	1	10	273.82	301.638
578	178.521	1	1.43609e+06	1	1.54804e+06	1	1.52024e+06	1	1827.22	1	31.6228	274.89	301.975
578	178.521	1	1.43609e+06	1	1.54804e+06	1	1.52024e+06	1	1827.22	1	100	277.382	302.822
579	100.809	1	1.45777e+06	1	608514	1	1.56591e+06	1	1064.9	1	0	273.249	301.462
579	100.809	1	1.45777e+06	1	608514	1	1.56591e+06	1	1064.9	1	0.001	273.25	301.462
579	100.809	1	1.45777e+06	1	608514	1	1.56591e+06	1	1064.9	1	0.00316228	273.25	301.462
579	100.809	1	1.45777e+06	1	608514	1	1.56591e+06	1	1064.9	1	0.01	273.25	301.462
579	100.809	1	1.45777e+06	1	608514	1	1.56591e+06	1	1064.9	1	0.0316228	273.253	301.463
579	100.809	1	1.45777e+06	1	608514	1	1.56591e+06	1	1064.9	1	0.1	273.26	301.465
579	100.809	1	1.45777e+06	1	608514	1	1.56591e+06	1	1064.9	1	0.316228	273.283	301.472
579	100.809	1	1.45777e+06	1	608514	1	1.56591e+06	1	1064.9	1	1	273.355	301.494
579	100.809	1	1.45777e+06	1	608514	1	1.56591e+06	1	1064.9	1	3.16228	273.576	301.563
579	100.809	1	1.45777e+06	1	608514	1	1.56591e+06	1	1064.9	1	10	274.22	301.762
579	100.809	1	1.45777e+06	1	608514	1	1.56591e+06	1	1064.9	1	31.6228	275.913	302.309
579	100.809	1	1.45777e+06	1	608514	1	1.56591e+06	1	1064.9	1	100	278.989	303.47
580	143.788	1	320929	1	863757	1	636153	1	1112.8	1	0	273.249	301.462
580	143.788	1	320929	1	863757	1	636153	1	1112.8	1	0.001	273.249	301.462
580	143.788	1	320929	1	863757	1	636153	1	1112.8	1	0.00316228	273.25	301.462
580	143.788	1	320929	1	863757	1	636153	1	1112.8	1	0.01	273.25	301.462
580	143.788	1	320929	1	863757	1	636153	1	1112.8	1	0.0316228	273.252	301.462
580	143.788	1	320929	1	863757	1	636153	1	1112.8	1	0.1	273.257	301.464
580	143.788	1	320929	1	863757	1	636153	1	1112.8	1	0.316228	273.273	301.469
580	143.788	1	320929	1	863757	1	636153	1	1112.8	1	1	273.324	301.485
580	143.788	1	320929	1	863757	1	636153	1	1112.8	1	3.16228	273.482	301.534
580	143.788	1	320929	1	863757	1	636153	1	1112.8	1	10	273.951	301.681
580	143.788	1	320929	1	863757	1	636153	1	1112.8	1	31.6228	275.242	302.097
580	143.788	1	320929	1	863757	1	636153	1	1112.8	1	100	277.998	303.083
581	147.545	1	572869	1	789675	1	2.20157e+06	1	1321.68	1	0	273.249	301.462
581	147.545	1	572869	1	789675	1	2.20157e+06	1	1321.68	1	0.001	273.249	301.462
581	147.545	1	572869	1	789675	1	2.20157e+06	1	1321.68	1	0.00316228	273.25	301.462
581	147.545	1	572869	1	789675	1	2.20157e+06	1	1321.68	1	0.01	273.25	301.462
581	147.545	1	572869	1	789675	1	2.20157e+06	1	1321.68	1	0.0316228	273.252	301.462
581	147.545	1	572869	1	789675	1	2.20157e+06	1	1321.68	1	0.1	273.257	301.464
581	147.545	1	572869	1	789675	1	2.20157e+06	1	1321.68	1	0.316228	273.272	301.469
581	147.545	1	572869	1	789675	1	2.20157e+06	1	1321.68	1	1	273.322	301.484
581	147.545	1	572869	1	789675	1	2.20157e+06	1	1321.68	1	3.16228	273.475	301.532
581	147.545	1	572869	1	789675	1	2.20157e+06	1	1321.68	1	10	273.933	301.674
581	147.545	1	572869	1	789675	1	2.20157e+06	1	1321.68	1	31.6228	275.193	302.076
581	147.545	1	572869	1	789675	1	2.20157e+06	1	1321.68	1	100	277.915	303.035
582	80.42	1	1.17126e+06	1	653998	1	1.38931e+06	1	2554.74	1	0	273.249	301.462
582	80.42	1	1.17126e+06	1	653998	1	1.38931e+06	1	2554.74	1	0.001	273.25	301.462
582	80.42	1	1.17126e+06	1	653998	1	1.38931e+06	1	2554.74	1	0.00316228	273.25	301.462
582	80.42	1	1.17126e+06	1	653998	1	1.38931e+06	1	2554.74	1	0.01	273.251	301.462
582	80.42	1	1.17126e+06	1	653998	1	1.38931e+06	1	2554.74	1	0.0316228	273.254	301.463
582	80.42	1	1.17126e+06	1	653998	1	1.38931e+06	1	2554.74	1	0.1	273.263	301.466
582	80.42	1	1.17126e+06	1	653998	1	1.38931e+06	1	2554.74	1	0.316228	273.291	301.474
582	80.42	1	1.17126e+06	1	653998	1	1.38931e+06	1	2554.74	1	1	273.38	301.501
582	80.42	1	1.17126e+06	1	653998	1	1.38931e+06	1	2554.74	1	3.16228	273.652	301.583
582	80.42	1	1.17126e+06	1	653998	1	1.38931e+06	1	2554.74	1	10	274.428	301.817
582	80.42	1	1.17126e+06	1	653998	1	1.38931e+06	1	2554.74	1	31.6228	276.405	302.446
582	80.42	1	1.17126e+06	1	653998	1	1.38931e+06	1	2554.74	1	100	279.304	303.595
583	132.65	1	2.59471e+06	1	1.12721e+06	1	1.04259e+06	1	2214.4	1	0	273.249	301.462
583	132.65	1	2.59471e+06	1	1.12721e+06	1	1.04259e+06	1	2214.4	1	0.001	273.25	301.462
583	132.65	1	2.59471e+06	1	1.12721e+06	1	1.04259e+06	1	2214.4	1	0.00316228	273.25	301.462
583	132.65	1	2.59471e+06	1	1.12721e+06	1	1.04259e+06	1	2214.4	1	0.01	273.25	301.462
583	132.65	1	2.59471e+06	1	1.12721e+06	1	1.04259e+06	1	2214.4	1	0.0316228	273.252	301.462
583	132.65	1	2.59471e+06	1	1.12721e+06	1	1.04259e+06	1	2214.4	1	0.1	273.257	301.464
583	132.65	1	2.59471e+06	1	1.12721e+06	1	1.04259e+06	1	2214.4	1	0.316228	273.275	301.469
583	132.65	1	2.59471e+06	1	1.12721e+06	1	1.04259e+06	1	2214.4	1	1	273.329	301.486
583	132.65	1	2.59471e+06	1	1.12721e+06	1	1.04259e+06	1	2214.4	1	3.16228	273.499	301.538
583	132.65	1	2.59471e+06	1	1.12721e+06	1	1.04259e+06	1	2214.4	1	10	274	301.691
583	132.65	1	2.59471e+06	1	1.12721e+06	1	1.04259e+06	1	2214.4	1	31.6228	275.366	302.12
583	132.65	1	2.59471e+06	1	1.12721e+06	1	1.04259e+06	1	2214.4	1	100	278.184	303.105
584	266.154	1	851776	1	1.7194e+06	1	1.94434e+06	1	642.394	1	0	273.249	301.462
584	266.154	1	851776	1	1.7194e+06	1	1.94434e+06	1	642.394	1	0.001	273.249	301.462
584	266.154	1	851776	1	1.7194e+06	1	1.94434e+06	1	642.394	1	0.00316228	273.25	301.462
584	266.154	1	851776	1	1.7194e+06	1	1.94434e+06	1	642.394	1	0.01	273.25	301.462
584	266.154	1	851776	1	1.7194e+06	1	1.94434e+06	1	642.394	1	0.0316228	273.251	301.462
584	266.154	1	851776	1	1.7194e+06	1	1.94434e+06	1	642.394	1	0.1	273.254	301.463
584	266.154	1	851776	1	1.7194e+06	1	1.94434e+06	1	642.394	1	0.316228	273.263	301.466
584	266.154	1	851776	1	1.7194e+06	1	1.94434e+06	1	642.394	1	1	273.291	301.476
584	266.154	1	851776	1	1.7194e+06	1	1.94434e+06	1	642.394	1	3.16228	273.381	301.507
584	266.154	1	851776	1	1.7194e+06	1	1.94434e+06	1	642.394	1	10	273.655	301.601
584	266.154	1	851776	1	1.7194e+06	1	1.94434e+06	1	642.394	1	31.6228	274.442	301.876
584	266.154	1	851776	1	1.7194e+06	1	1.94434e+06	1	642.394	1	100	276.458	302.622
585	107.803	1	4.75805e+06	1	1.01189e+06	1	578896	1	1675.78	1	0	273.249	301.462
585	107.803	1	4.75805e+06	1	1.01189e+06	1	578896	1	1675.78	1	0.001	273.25	301.462
585	107.803	1	4.75805e+06	1	1.01189e+06	1	578896	1	1675.78	1	0.00316228	273.25	301.462
585	107.803	1	4.75805e+06	1	1.01189e+06	1	578896	1	1675.78	1	0.01	273.25	301.462
585	107.803	1	4.75805e+06	1	1.01189e+06	1	578896	1	1675.78	1	0.0316228	273.253	301.463
585	107.803	1	4.75805e+06	1	1.01189e+06	1	578896	1	1675.78	1	0.1	273.259	301.465
585	107.803	1	4.75805e+06	1	1.01189e+06	1	578896	1	1675.78	1	0.316228	273.281	301.471
585	107.803	1	4.75805e+06	1	1.01189e+06	1	578896	1	1675.78	1	1	273.348	301.492
585	107.803	1	4.75805e+06	1	1.01189e+06	1	578896	1	1675.78	1	3.16228	273.555	301.555
585	107.803	1	4.75805e+06	1	1.01189e+06	1	578896	1	1675.78	1	10	274.159	301.741
585	107.803	1	4.75805e+06	1	1.01189e+06	1	578896	1	1675.78	1	31.6228	275.765	302.252
585	107.803	1	4.75805e+06	1	1.01189e+06	1	578896	1	1675.78	1	100	278.783	303.354
586	166.769	1	1.60706e+06	1	766149	1	1.25226e+06	1	1284.95	1	0	273.249	301.462
586	166.769	1	1.60706e+06	1	766149	1	1.25226e+06	1	1284.95	1	0.001	273.249	301.462
586	166.769	1	1.60706e+06	1	766149	1	1.25226e+06	1	1284.95	1	0.00316228	273.25	301.462
586	166.769	1	1.60706e+06	1	766149	1	1.25226e+06	1	1284.95	1	0.01	273.25	301.462
586	166.769	1	1.60706e+06	1	766149	1	1.25226e+06	1	1284.95	1	0.0316228	273.251	301.462
586	166.769	1	1.60706e+06	1	766149	1	1.25226e+06	1	1284.95	1	0.1	273.256	301.464
586	166.769	1	1.60706e+06	1	766149	1	1.25226e+06	1	1284.95	1	0.316228	273.27	301.468
586	166.769	1	1.60706e+06	1	766149	1	1.25226e+06	1	1284.95	1	1	273.314	301.482
586	166.769	1	1.60706e+06	1	766149	1	1.25226e+06	1	1284.95	1	3.16228	273.45	301.525
586	166.769	1	1.60706e+06	1	766149	1	1.25226e+06	1	1284.95	1	10	273.861	301.654
586	166.769	1	1.60706e+06	1	766149	1	1.25226e+06	1	1284.95	1	31.6228	275.002	302.02
586	166.769	1	1.60706e+06	1	766149	1	1.25226e+06	1	1284.95	1	100	277.602	302.927
587	161.111	1	846590	1	1.38755e+06	1	2.10074e+06	1	772.905	1	0	273.249	301.462
587	161.111	1	846590	1	1.38755e+06	1	2.10074e+06	1	772.905	1	0.001	273.249	301.462
587	161.111	1	846590	1	1.38755e+06	1	2.10074e+06	1	772.905	1	0.00316228	273.25	301.462
587	161.111	1	846590	1	1.38755e+06	1	2.10074e+06	1	772.905	1	0.01	273.25	301.462
587	161.111	1	846590	1	1.38755e+06	1	2.10074e+06	1	772.905	1	0.0316228	273.252	301.462
587	161.111	1	846590	1	1.38755e+06	1	2.10074e+06	1	772.905	1	0.1	273.256	301.464
587	161.111	1	846590	1	1.38755e+06	1	2.10074e+06	1	772.905	1	0.316228	273.271	301.468
587	161.111	1	846590	1	1.38755e+06	1	2.10074e+06	1	772.905	1	1	273.317	301.483
587	161.111	1	846590	1	1.38755e+06	1	2.10074e+06	1	772.905	1	3.16228	273.459	301.529
587	161.111	1	846590	1	1.38755e+06	1	2.10074e+06	1	772.905	1	10	273.887	301.667
587	161.111	1	846590	1	1.38755e+06	1	2.10074e+06	1	772.905	1	31.6228	275.075	302.061
587	161.111	1	846590	1	1.38755e+06	1	2.10074e+06	1	772.905	1	100	277.74	303.03
588	105.343	1	510725	1	826290	1	784780	1	1009.13	1	0	273.249	301.462
588	105.343	1	510725	1	826290	1	784780	1	1009.13	1	0.001	273.25	301.462
588	105.343	1	510725	1	826290	1	784780	1	1009.13	1	0.00316228	273.25	301.462
588	105.343	1	510725	1	826290	1	784780	1	1009.13	1	0.01	273.25	301.462
588	105.343	1	510725	1	826290	1	784780	1	1009.13	1	0.0316228	273.253	301.463
588	105.343	1	510725	1	826290	1	784780	1	1009.13	1	0.1	273.26	301.465
588	105.343	1	510725	1	826290	1	784780	1	1009.13	1	0.316228	273.282	301.472
588	105.343	1	510725	1	826290	1	784780	1	1009.13	1	1	273.351	301.493
588	105.343	1	510725	1	826290	1	784780	1	1009.13	1	3.16228	273.563	301.559
588	105.343	1	510725	1	826290	1	784780	1	1009.13	1	10	274.183	301.751
588	105.343	1	510725	1	826290	1	784780	1	1009.13	1	31.6228	275.824	302.283
588	105.343	1	510725	1	826290	1	784780	1	1009.13	1	100	278.866	303.426
589	460.549	1	762918	1	2.06542e+06	1	809317	1	1983.06	1	0	273.249	301.462
589	460.549	1	762918	1	2.06542e+06	1	809317	1	1983.06	1	0.001	273.249	301.462
589	460.549	1	762918	1	2.06542e+06	1	809317	1	1983.06	1	0.00316228	273.249	301.462
589	460.549	1	762918	1	2.06542e+06	1	809317	1	1983.06	1	0.01	273.25	301.462
589	460.549	1	762918	1	2.06542e+06	1	809317	1	1983.06	1	0.0316228	273.25	301.462
589	460.549	1	762918	1	2.06542e+06	1	809317	1	1983.06	1	0.1	273.252	301.462
589	460.549	1	762918	1	2.06542e+06	1	809317	1	1983.06	1	0.316228	273.257	301.464
589	460.549	1	762918	1	2.06542e+06	1	809317	1	1983.06	1	1	273.273	301.469
589	460.549	1	762918	1	2.06542e+06	1	809317	1	1983.06	1	3.16228	273.324	301.486
589	460.549	1	762918	1	2.06542e+06	1	809317	1	1983.06	1	10	273.482	301.537
589	460.549	1	762918	1	2.06542e+06	1	809317	1	1983.06	1	31.6228	273.954	301.692
589	460.549	1	762918	1	2.06542e+06	1	809317	1	1983.06	1	100	275.253	302.13
590	145.149	1	594695	1	640278	1	816928	1	1281.43	1	0	273.249	301.462
590	145.149	1	594695	1	640278	1	816928	1	1281.43	1	0.001	273.249	301.462
590	145.149	1	594695	1	640278	1	816928	1	1281.43	1	0.00316228	273.25	301.462
590	145.149	1	594695	1	640278	1	816928	1	1281.43	1	0.01	273.25	301.462
590	145.149	1	594695	1	640278	1	816928	1	1281.43	1	0.0316228	273.252	301.462
590	145.149	1	594695	1	640278	1	816928	1	1281.43	1	0.1	273.257	301.464
590	145.149	1	594695	1	640278	1	816928	1	1281.43	1	0.316228	273.273	301.469
590	145.149	1	594695	1	640278	1	816928	1	1281.43	1	1	273.323	301.484
590	145.149	1	594695	1	640278	1	816928	1	1281.43	1	3.16228	273.479	301.533
590	145.149	1	594695	1	640278	1	816928	1	1281.43	1	10	273.944	301.678
590	145.149	1	594695	1	640278	1	816928	1	1281.43	1	31.6228	275.224	302.089
590	145.149	1	594695	1	640278	1	816928	1	1281.43	1	100	277.969	303.063
591	181.659	1	564417	1	1.19243e+06	1	1.10914e+06	1	1566.97	1	0	273.249	301.462
591	181.659	1	564417	1	1.19243e+06	1	1.10914e+06	1	1566.97	1	0.001	273.249	301.462
591	181.659	1	564417	1	1.19243e+06	1	1.10914e+06	1	1566.97	1	0.00316228	273.25	301.462
591	181.659	1	564417	1	1.19243e+06	1	1.10914e+06	1	1566.97	1	0.01	273.25	301.462
591	181.659	1	564417	1	1.19243e+06	1	1.10914e+06	1	1566.97	1	0.0316228	273.251	301.462
591	181.659	1	564417	1	1.19243e+06	1	1.10914e+06	1	1566.97	1	0.1	273.255	301.463
591	181.659	1	564417	1	1.19243e+06	1	1.10914e+06	1	1566.97	1	0.316228	273.268	301.467
591	181.659	1	564417	1	1.19243e+06	1	1.10914e+06	1	1566.97	1	1	273.308	301.48
591	181.659	1	564417	1	1.19243e+06	1	1.10914e+06	1	1566.97	1	3.16228	273.434	301.519
591	181.659	1	564417	1	1.19243e+06	1	1.10914e+06	1	1566.97	1	10	273.811	301.636
591	181.659	1	564417	1	1.19243e+06	1	1.10914e+06	1	1566.97	1	31.6228	274.867	301.971
591	181.659	1	564417	1	1.19243e+06	1	1.10914e+06	1	1566.97	1	100	277.34	302.817
592	95.0182	1	1.51068e+06	1	1.66997e+06	1	573674	1	1142.17	1	0	273.249	301.462
592	95.0182	1	1.51068e+06	1	1.66997e+06	1	573674	1	1142.17	1	0.001	273.25	301.462
592	95.0182	1	1.51068e+06	1	1.66997e+06	1	573674	1	1142.17	1	0.00316228	273.25	301.462
592	95.0182	1	1.51068e+06	1	1.66997e+06	1	573674	1	1142.17	1	0.01	273.251	301.462
592	95.0182	1	1.51068e+06	1	1.66997e+06	1	573674	1	1142.17	1	0.0316228	273.253	301.463
592	95.0182	1	1.51068e+06	1	1.66997e+06	1	573674	1	1142.17	1	0.1	273.261	301.465
592	95.0182	1	1.51068e+06	1	1.66997e+06	1	573674	1	1142.17	1	0.316228	273.285	301.473
592	95.0182	1	1.51068e+06	1	1.66997e+06	1	573674	1	1142.17	1	1	273.361	301.496
592	95.0182	1	1.51068e+06	1	1.66997e+06	1	573674	1	1142.17	1	3.16228	273.595	301.568
592	95.0182	1	1.51068e+06	1	1.66997e+06	1	573674	1	1142.17	1	10	274.272	301.777
592	95.0182	1	1.51068e+06	1	1.66997e+06	1	573674	1	1142.17	1	31.6228	276.037	302.346
592	95.0182	1	1.51068e+06	1	1.66997e+06	1	573674	1	1142.17	1	100	279.095	303.522
593	119.433	1	956498	1	877272	1	540337	1	1717.37	1	0	273.249	301.462
593	119.433	1	956498	1	877272	1	540337	1	1717.37	1	0.001	273.25	301.462
593	119.433	1	956498	1	877272	1	540337	1	1717.37	1	0.00316228	273.25	301.462
593	119.433	1	956498	1	877272	1	540337	1	1717.37	1	0.01	273.25	301.462
593	119.433	1	956498	1	877272	1	540337	1	1717.37	1	0.0316228	273.252	301.462
593	119.433	1	956498	1	877272	1	540337	1	1717.37	1	0.1	273.258	301.464
593	119.433	1	956498	1	877272	1	540337	1	1717.37	1	0.316228	273.278	301.47
593	119.433	1	956498	1	877272	1	540337	1	1717.37	1	1	273.338	301.489
593	119.433	1	956498	1	877272	1	540337	1	1717.37	1	3.16228	273.526	301.546
593	119.433	1	956498	1	877272	1	540337	1	1717.37	1	10	274.078	301.716
593	119.433	1	956498	1	877272	1	540337	1	1717.37	1	31.6228	275.564	302.188
593	119.433	1	956498	1	877272	1	540337	1	1717.37	1	100	278.491	303.24
594	92.2186	1	425133	1	1.21585e+06	1	410787	1	1727.9	1	0	273.249	301.462
594	92.2186	1	425133	1	1.21585e+06	1	410787	1	1727.9	1	0.001	273.25	301.462
594	92.2186	1	425133	1	1.21585e+06	1	410787	1	1727.9	1	0.00316228	273.25	301.462
594	92.2186	1	425133	1	1.21585e+06	1	410787	1	1727.9	1	0.01	273.251	301.462
594	92.2186	1	425133	1	1.21585e+06	1	410787	1	1727.9	1	0.0316228	273.253	301.463
594	92.2186	1	425133	1	1.21585e+06	1	410787	1	1727.9	1	0.1	273.261	301.465
594	92.2186	1	425133	1	1.21585e+06	1	410787	1	1727.9	1	0.316228	273.286	301.473
594	92.2186	1	425133	1	1.21585e+06	1	410787	1	1727.9	1	1	273.364	301.496
594	92.2186	1	425133	1	1.21585e+06	1	410787	1	1727.9	1	3.16228	273.604	301.569
594	92.2186	1	425133	1	1.21585e+06	1	410787	1	1727.9	1	10	274.295	301.78
594	92.2186	1	425133	1	1.21585e+06	1	410787	1	1727.9	1	31.6228	276.09	302.351
594	92.2186	1	425133	1	1.21585e+06	1	410787	1	1727.9	1	100	279.111	303.498
595	104.909	1	540009	1	1.24833e+06	1	1.19786e+06	1	1450.82	1	0	273.249	301.462
595	104.909	1	540009	1	1.24833e+06	1	1.19786e+06	1	1450.82	1	0.001	273.25	301.462
595	104.909	1	540009	1	1.24833e+06	1	1.19786e+06	1	1450.82	1	0.00316228	273.25	301.462
595	104.909	1	540009	1	1.24833e+06	1	1.19786e+06	1	1450.82	1	0.01	273.25	301.462
595	104.909	1	540009	1	1.24833e+06	1	1.19786e+06	1	1450.82	1	0.0316228	273.253	301.463
595	104.909	1	540009	1	1.24833e+06	1	1.19786e+06	1	1450.82	1	0.1	273.26	301.465
595	104.909	1	540009	1	1.24833e+06	1	1.19786e+06	1	1450.82	1	0.316228	273.282	301.471
595	104.909	1	540009	1	1.24833e+06	1	1.19786e+06	1	1450.82	1	1	273.35	301.492
595	104.909	1	540009	1	1.24833e+06	1	1.19786e+06	1	1450.82	1	3.16228	273.563	301.557
595	104.909	1	540009	1	1.24833e+06	1	1.19786e+06	1	1450.82	1	10	274.181	301.747
595	104.909	1	540009	1	1.24833e+06	1	1.19786e+06	1	1450.82	1	31.6228	275.818	302.268
595	104.909	1	540009	1	1.24833e+06	1	1.19786e+06	1	1450.82	1	100	278.849	303.379
596	117.56	1	3.21238e+06	1	822529	1	792753	1	1803.5	1	0	273.249	301.462
596	117.56	1	3.21238e+06	1	822529	1	792753	1	1803.5	1	0.001	273.25	301.462
596	117.56	1	3.21238e+06	1	822529	1	792753	1	1803.5	1	0.00316228	273.25	301.462
596	117.56	1	3.21238e+06	1	822529	1	792753	1	1803.5	1	0.01	273.25	301.462
596	117.56	1	3.21238e+06	1	822529	1	792753	1	1803.5	1	0.0316228	273.252	301.462
596	117.56	1	3.21238e+06	1	822529	1	792753	1	1803.5	1	0.1	273.259	301.464
596	117.56	1	3.21238e+06	1	822529	1	792753	1	1803.5	1	0.316228	273.278	301.47
596	117.56	1	3.21238e+06	1	822529	1	792753	1	1803.5	1	1	273.34	301.489
596	117.56	1	3.21238e+06	1	822529	1	792753	1	1803.5	1	3.16228	273.53	301.547
596	117.56	1	3.21238e+06	1	822529	1	792753	1	1803.5	1	10	274.09	301.719
596	117.56	1	3.21238e+06	1	822529	1	792753	1	1803.5	1	31.6228	275.593	302.196
596	117.56	1	3.21238e+06	1	822529	1	792753	1	1803.5	1	100	278.533	303.252
597	172.191	1	565179	1	367468	1	767877	1	1540.58	1	0	273.249	301.462
597	172.191	1	565179	1	367468	1	767877	1	1540.58	1	0.001	273.249	301.462
597	172.191	1	565179	1	367468	1	767877	1	1540.58	1	0.00316228	273.25	301.462
597	172.191	1	565179	1	367468	1	767877	1	1540.58	1	0.01	273.25	301.462
597	172.191	1	565179	1	367468	1	767877	1	1540.58	1	0.0316228	273.251	301.462
597	172.191	1	565179	1	367468	1	767877	1	1540.58	1	0.1	273.256	301.464
597	172.191	1	565179	1	367468	1	767877	1	1540.58	1	0.316228	273.269	301.468
597	172.191	1	565179	1	367468	1	767877	1	1540.58	1	1	273.312	301.481
597	172.191	1	565179	1	367468	1	767877	1	1540.58	1	3.16228	273.444	301.522
597	172.191	1	565179	1	367468	1	767877	1	1540.58	1	10	273.841	301.646
597	172.191	1	565179	1	367468	1	767877	1	1540.58	1	31.6228	274.949	301.999
597	172.191	1	565179	1	367468	1	767877	1	1540.58	1	100	277.498	302.878
598	172.668	1	664341	1	2.4688e+06	1	557302	1	1277.21	1	0	273.249	301.462
598	172.668	1	664341	1	2.4688e+06	1	557302	1	1277.21	1	0.001	273.249	301.462
598	172.668	1	664341	1	2.4688e+06	1	557302	1	1277.21	1	0.00316228	273.25	301.462
598	172.668	1	664341	1	2.4688e+06	1	557302	1	1277.21	1	0.01	273.25	301.462
598	172.668	1	664341	1	2.4688e+06	1	557302	1	1277.21	1	0.0316228	273.251	301.462
598	172.668	1	664341	1	2.4688e+06	1	557302	1	1277.21	1	0.1	273.256	301.464
598	172.668	1	664341	1	2.4688e+06	1	557302	1	1277.21	1	0.316228	273.269	301.468
598	172.668	1	664341	1	2.4688e+06	1	557302	1	1277.21	1	1	273.312	301.481
598	172.668	1	664341	1	2.4688e+06	1	557302	1	1277.21	1	3.16228	273.444	301.523
598	172.668	1	664341	1	2.4688e+06	1	557302	1	1277.21	1	10	273.841	301.648
598	172.668	1	664341	1	2.4688e+06	1	557302	1	1277.21	1	31.6228	274.95	302.004
598	172.668	1	664341	1	2.4688e+06	1	557302	1	1277.21	1	100	277.504	302.894
599	180.326	1	1.17947e+06	1	1.68198e+06	1	1.14074e+06	1	871.186	1	0	273.249	301.462
599	180.326	1	1.17947e+06	1	1.68198e+06	1	1.14074e+06	1	871.186	1	0.001	273.249	301.462
599	180.326	1	1.17947e+06	1	1.68198e+06	1	1.14074e+06	1	871.186	1	0.00316228	273.25	301.462
599	180.326	1	1.17947e+06	1	1.68198e+06	1	1.14074e+06	1	871.186	1	0.01	273.25	301.462
599	180.326	1	1.17947e+06	1	1.68198e+06	1	1.14074e+06	1	871.186	1	0.0316228	273.251	301.462
599	180.326	1	1.17947e+06	1	1.68198e+06	1	1.14074e+06	1	871.186	1	0.1	273.255	301.464
599	180.326	1	1.17947e+06	1	1.68198e+06	1	1.14074e+06	1	871.186	1	0.316228	273.269	301.468
599	180.326	1	1.17947e+06	1	1.68198e+06	1	1.14074e+06	1	871.186	1	1	273.31	301.481
599	180.326	1	1.17947e+06	1	1.68198e+06	1	1.14074e+06	1	871.186	1	3.16228	273.437	301.522
599	180.326	1	1.17947e+06	1	1.68198e+06	1	1.14074e+06	1	871.186	1	10	273.823	301.647
599	180.326	1	1.17947e+06	1	1.68198e+06	1	1.14074e+06	1	871.186	1	31.6228	274.901	302.003
599	180.326	1	1.17947e+06	1	1.68198e+06	1	1.14074e+06	1	871.186	1	100	277.423	302.908
600	290.274	1	1.06411e+06	1	785168	1	1.39388e+06	1	1390.44	1	0	273.249	301.462
600	290.274	1	1.06411e+06	1	785168	1	1.39388e+06	1	1390.44	1	0.001	273.249	301.462
600	290.274	1	1.06411e+06	1	785168	1	1.39388e+06	1	1390.44	1	0.00316228	273.25	301.462
600	290.274	1	1.06411e+06	1	785168	1	1.39388e+06	1	1390.44	1	0.01	273.25	301.462
600	290.274	1	1.06411e+06	1	785168	1	1.39388e+06	1	1390.44	1	0.0316228	273.251	301.462
600	290.274	1	1.06411e+06	1	785168	1	1.39388e+06	1	1390.44	1	0.1	273.253	301.463
600	290.274	1	1.06411e+06	1	785168	1	1.39388e+06	1	1390.44	1	0.316228	273.261	301.465
600	290.274	1	1.06411e+06	1	785168	1	1.39388e+06	1	1390.44	1	1	273.287	301.474
600	290.274	1	1.06411e+06	1	785168	1	1.39388e+06	1	1390.44	1	3.16228	273.367	301.499
600	290.274	1	1.06411e+06	1	785168	1	1.39388e+06	1	1390.44	1	10	273.613	301.579
600	290.274	1	1.06411e+06	1	785168	1	1.39388e+06	1	1390.44	1	31.6228	274.324	301.81
600	290.274	1	1.06411e+06	1	785168	1	1.39388e+06	1	1390.44	1	100	276.172	302.445
601	99.7618	1	2.33277e+06	1	867389	1	947349	1	1074.01	1	0	273.249	301.462
601	99.7618	1	2.33277e+06	1	867389	1	947349	1	1074.01	1	0.001	273.25	301.462
601	99.7618	1	2.33277e+06	1	867389	1	947349	1	1074.01	1	0.00316228	273.25	301.462
601	99.7618	1	2.33277e+06	1	867389	1	947349	1	1074.01	1	0.01	273.251	301.462
601	99.7618	1	2.33277e+06	1	867389	1	947349	1	1074.01	1	0.0316228	273.253	301.463
601	99.7618	1	2.33277e+06	1	867389	1	947349	1	1074.01	1	0.1	273.26	301.465
601	99.7618	1	2.33277e+06	1	867389	1	947349	1	1074.01	1	0.316228	273.283	301.472
601	99.7618	1	2.33277e+06	1	867389	1	947349	1	1074.01	1	1	273.356	301.494
601	99.7618	1	2.33277e+06	1	867389	1	947349	1	1074.01	1	3.16228	273.58	301.564
601	99.7618	1	2.33277e+06	1	867389	1	947349	1	1074.01	1	10	274.229	301.765
601	99.7618	1	2.33277e+06	1	867389	1	947349	1	1074.01	1	31.6228	275.936	302.317
601	99.7618	1	2.33277e+06	1	867389	1	947349	1	1074.01	1	100	279.018	303.482
602	91.0422	1	550258	1	651532	1	1.07716e+06	1	1455.6	1	0	273.249	301.462
602	91.0422	1	550258	1	651532	1	1.07716e+06	1	1455.6	1	0.001	273.25	301.462
602	91.0422	1	550258	1	651532	1	1.07716e+06	1	1455.6	1	0.00316228	273.25	301.462
602	91.0422	1	550258	1	651532	1	1.07716e+06	1	1455.6	1	0.01	273.251	301.462
602	91.0422	1	550258	1	651532	1	1.07716e+06	1	1455.6	1	0.0316228	273.253	301.463
602	91.0422	1	550258	1	651532	1	1.07716e+06	1	1455.6	1	0.1	273.261	301.465
602	91.0422	1	550258	1	651532	1	1.07716e+06	1	1455.6	1	0.316228	273.286	301.473
602	91.0422	1	550258	1	651532	1	1.07716e+06	1	1455.6	1	1	273.366	301.497
602	91.0422	1	550258	1	651532	1	1.07716e+06	1	1455.6	1	3.16228	273.608	301.571
602	91.0422	1	550258	1	651532	1	1.07716e+06	1	1455.6	1	10	274.308	301.785
602	91.0422	1	550258	1	651532	1	1.07716e+06	1	1455.6	1	31.6228	276.122	302.364
602	91.0422	1	550258	1	651532	1	1.07716e+06	1	1455.6	1	100	279.136	303.523
603	172.249	1	650669	1	956839	1	671792	1	1371.21	1	0	273.249	301.462
603	172.249	1	650669	1	956839	1	671792	1	1371.21	1	0.001	273.249	301.462
603	172.249	1	650669	1	956839	1	671792	1	1371.21	1	0.00316228	273.25	301.462
603	172.249	1	650669	1	956839	1	671792	1	1371.21	1	0.01	273.25	301.462
603	172.249	1	650669	1	956839	1	671792	1	1371.21	1	0.0316228	273.251	301.462
603	172.249	1	650669	1	956839	1	671792	1	1371.21	1	0.1	273.256	301.464
603	172.249	1	650669	1	956839	1	671792	1	1371.21	1	0.316228	273.269	301.468
603	172.249	1	650669	1	956839	1	671792	1	1371.21	1	1	273.312	301.481
603	172.249	1	650669	1	956839	1	671792	1	1371.21	1	3.16228	273.444	301.522
603	172.249	1	650669	1	956839	1	671792	1	1371.21	1	10	273.842	301.647
603	172.249	1	650669	1	956839	1	671792	1	1371.21	1	31.6228	274.951	302.002
603	172.249	1	650669	1	956839	1	671792	1	1371.21	1	100	277.504	302.887
604	196.304	1	1.05218e+06	1	1.04566e+06	1	1.27849e+06	1	1981.37	1	0	273.249	301.462
604	196.304	1	1.05218e+06	1	1.04566e+06	1	1.27849e+06	1	1981.37	1	0.001	273.249	301.462
604	196.304	1	1.05218e+06	1	1.04566e+06	1	1.27849e+06	1	1981.37	1	0.00316228	273.25	301.462
604	196.304	1	1.05218e+06	1	1.04566e+06	1	1.27849e+06	1	1981.37	1	0.01	273.25	301.462
604	196.304	1	1.05218e+06	1	1.04566e+06	1	1.27849e+06	1	1981.37	1	0.0316228	273.251	301.462
604	196.304	1	1.05218e+06	1	1.04566e+06	1	1.27849e+06	1	1981.37	1	0.1	273.255	301.463
604	196.304	1	1.05218e+06	1	1.04566e+06	1	1.27849e+06	1	1981.37	1	0.316228	273.267	301.467
604	196.304	1	1.05218e+06	1	1.04566e+06	1	1.27849e+06	1	1981.37	1	1	273.304	301.478
604	196.304	1	1.05218e+06	1	1.04566e+06	1	1.27849e+06	1	1981.37	1	3.16228	273.42	301.514
604	196.304	1	1.05218e+06	1	1.04566e+06	1	1.27849e+06	1	1981.37	1	10	273.771	301.623
604	196.304	1	1.05218e+06	1	1.04566e+06	1	1.27849e+06	1	1981.37	1	31.6228	274.754	301.932
604	196.304	1	1.05218e+06	1	1.04566e+06	1	1.27849e+06	1	1981.37	1	100	277.119	302.731
605	138.556	1	294934	1	3.92599e+06	1	334368	1	1676.43	1	0	273.249	301.462
605	138.556	1	294934	1	3.92599e+06	1	334368	1	1676.43	1	0.001	273.25	301.462
605	138.556	1	294934	1	3.92599e+06	1	334368	1	1676.43	1	0.00316228	273.25	301.462
605	138.556	1	294934	1	3.92599e+06	1	334368	1	1676.43	1	0.01	273.25	301.462
605	138.556	1	294934	1	3.92599e+06	1	334368	1	1676.43	1	0.0316228	273.252	301.462
605	138.556	1	294934	1	3.92599e+06	1	334368	1	1676.43	1	0.1	273.257	301.464
605	138.556	1	294934	1	3.92599e+06	1	334368	1	1676.43	1	0.316228	273.274	301.469
605	138.556	1	294934	1	3.92599e+06	1	334368	1	1676.43	1	1	273.326	301.485
605	138.556	1	294934	1	3.92599e+06	1	334368	1	1676.43	1	3.16228	273.489	301.535
605	138.556	1	294934	1	3.92599e+06	1	334368	1	1676.43	1	10	273.972	301.684
605	138.556	1	294934	1	3.92599e+06	1	334368	1	1676.43	1	31.6228	275.294	302.102
605	138.556	1	294934	1	3.92599e+06	1	334368	1	1676.43	1	100	278.074	303.078
606	188.807	1	2.65589e+06	1	1.06499e+06	1	678772	1	1855.92	1	0	273.249	301.462
606	188.807	1	2.65589e+06	1	1.06499e+06	1	678772	1	1855.92	1	0.001	273.249	301.462
606	188.807	1	2.65589e+06	1	1.06499e+06	1	678772	1	1855.92	1	0.00316228	273.25	301.462
606	188.807	1	2.65589e+06	1	1.06499e+06	1	678772	1	1855.92	1	0.01	273.25	301.462
606	188.807	1	2.65589e+06	1	1.06499e+06	1	678772	1	1855.92	1	0.0316228	273.251	301.462
606	188.807	1	2.65589e+06	1	1.06499e+06	1	678772	1	1855.92	1	0.1	273.255	301.463
606	188.807	1	2.65589e+06	1	1.06499e+06	1	678772	1	1855.92	1	0.316228	273.267	301.467
606	188.807	1	2.65589e+06	1	1.06499e+06	1	678772	1	1855.92	1	1	273.306	301.479
606	188.807	1	2.65589e+06	1	1.06499e+06	1	678772	1	1855.92	1	3.16228	273.427	301.517
606	188.807	1	2.65589e+06	1	1.06499e+06	1	678772	1	1855.92	1	10	273.792	301.63
606	188.807	1	2.65589e+06	1	1.06499e+06	1	678772	1	1855.92	1	31.6228	274.812	301.953
606	188.807	1	2.65589e+06	1	1.06499e+06	1	678772	1	1855.92	1	100	277.237	302.78
607	182.449	1	483430	1	673228	1	1.81845e+06	1	1174.94	1	0	273.249	301.462
607	182.449	1	483430	1	673228	1	1.81845e+06	1	1174.94	1	0.001	273.249	301.462
607	182.449	1	483430	1	673228	1	1.81845e+06	1	1174.94	1	0.00316228	273.25	301.462
607	182.449	1	483430	1	673228	1	1.81845e+06	1	1174.94	1	0.01	273.25	301.462
607	182.449	1	483430	1	673228	1	1.81845e+06	1	1174.94	1	0.0316228	273.251	301.462
607	182.449	1	483430	1	673228	1	1.81845e+06	1	1174.94	1	0.1	273.255	301.463
607	182.449	1	483430	1	673228	1	1.81845e+06	1	1174.94	1	0.316228	273.268	301.467
607	182.449	1	483430	1	673228	1	1.81845e+06	1	1174.94	1	1	273.308	301.48
607	182.449	1	483430	1	673228	1	1.81845e+06	1	1174.94	1	3.16228	273.434	301.52
607	182.449	1	483430	1	673228	1	1.81845e+06	1	1174.94	1	10	273.812	301.639
607	182.449	1	483430	1	673228	1	1.81845e+06	1	1174.94	1	31.6228	274.869	301.98
607	182.449	1	483430	1	673228	1	1.81845e+06	1	1174.94	1	100	277.35	302.845
608	137.089	1	1.57066e+06	1	1.25461e+06	1	704598	1	1405.5	1	0	273.249	301.462
608	137.089	1	1.57066e+06	1	1.25461e+06	1	704598	1	1405.5	1	0.001	273.25	301.462
608	137.089	1	1.57066e+06	1	1.25461e+06	1	704598	1	1405.5	1	0.00316228	273.25	301.462
608	137.089	1	1.57066e+06	1	1.25461e+06	1	704598	1	1405.5	1	0.01	273.25	301.462
608	137.089	1	1.57066e+06	1	1.25461e+06	1	704598	1	1405.5	1	0.0316228	273.252	301.462
608	137.089	1	1.57066e+06	1	1.25461e+06	1	704598	1	1405.5	1	0.1	273.257	301.464
608	137.089	1	1.57066e+06	1	1.25461e+06	1	704598	1	1405.5	1	0.316228	273.274	301.469
608	137.089	1	1.57066e+06	1	1.25461e+06	1	704598	1	1405.5	1	1	273.327	301.486
608	137.089	1	1.57066e+06	1	1.25461e+06	1	704598	1	1405.5	1	3.16228	273.492	301.537
608	137.089	1	1.57066e+06	1	1.25461e+06	1	704598	1	1405.5	1	10	273.981	301.689
608	137.089	1	1.57066e+06	1	1.25461e+06	1	704598	1	1405.5	1	31.6228	275.32	302.117
608	137.089	1	1.57066e+06	1	1.25461e+06	1	704598	1	1405.5	1	100	278.122	303.116
609	228.185	1	818023	1	1.09333e+06	1	963230	1	1360.95	1	0	273.249	301.462
609	228.185	1	818023	1	1.09333e+06	1	963230	1	1360.95	1	0.001	273.249	301.462
609	228.185	1	818023	1	1.09333e+06	1	963230	1	1360.95	1	0.00316228	273.25	301.462
609	228.185	1	818023	1	1.09333e+06	1	963230	1	1360.95	1	0.01	273.25	301.462
609	228.185	1	818023	1	1.09333e+06	1	963230	1	1360.95	1	0.0316228	273.251	301.462
609	228.185	1	818023	1	1.09333e+06	1	963230	1	1360.95	1	0.1	273.254	301.463
609	228.185	1	818023	1	1.09333e+06	1	963230	1	1360.95	1	0.316228	273.264	301.466
609	228.185	1	818023	1	1.09333e+06	1	963230	1	1360.95	1	1	273.297	301.477
609	228.185	1	818023	1	1.09333e+06	1	963230	1	1360.95	1	3.16228	273.398	301.509
609	228.185	1	818023	1	1.09333e+06	1	963230	1	1360.95	1	10	273.705	301.606
609	228.185	1	818023	1	1.09333e+06	1	963230	1	1360.95	1	31.6228	274.573	301.885
609	228.185	1	818023	1	1.09333e+06	1	963230	1	1360.95	1	100	276.754	302.638
610	133.116	1	149180	1	3.52016e+06	1	1.13737e+06	1	1571.49	1	0	273.249	301.462
610	133.116	1	149180	1	3.52016e+06	1	1.13737e+06	1	1571.49	1	0.001	273.25	301.462
610	133.116	1	149180	1	3.52016e+06	1	1.13737e+06	1	1571.49	1	0.00316228	273.25	301.462
610	133.116	1	149180	1	3.52016e+06	1	1.13737e+06	1	1571.49	1	0.01	273.25	301.462
610	133.116	1	149180	1	3.52016e+06	1	1.13737e+06	1	1571.49	1	0.0316228	273.252	301.462
610	133.116	1	149180	1	3.52016e+06	1	1.13737e+06	1	1571.49	1	0.1	273.257	301.464
610	133.116	1	149180	1	3.52016e+06	1	1.13737e+06	1	1571.49	1	0.316228	273.275	301.469
610	133.116	1	149180	1	3.52016e+06	1	1.13737e+06	1	1571.49	1	1	273.329	301.486
610	133.116	1	149180	1	3.52016e+06	1	1.13737e+06	1	1571.49	1	3.16228	273.497	301.537
610	133.116	1	149180	1	3.52016e+06	1	1.13737e+06	1	1571.49	1	10	273.995	301.689
610	133.116	1	149180	1	3.52016e+06	1	1.13737e+06	1	1571.49	1	31.6228	275.353	302.114
610	133.116	1	149180	1	3.52016e+06	1	1.13737e+06	1	1571.49	1	100	278.15	303.088
611	154.55	1	2.27997e+06	1	986552	1	1.83173e+06	1	2022.93	1	0	273.249	301.462
611	154.55	1	2.27997e+06	1	986552	1	1.83173e+06	1	2022.93	1	0.001	273.249	301.462
611	154.55	1	2.27997e+06	1	986552	1	1.83173e+06	1	2022.93	1	0.00316228	273.25	301.462
611	154.55	1	2.27997e+06	1	986552	1	1.83173e+06	1	2022.93	1	0.01	273.25	301.462
611	154.55	1	2.27997e+06	1	986552	1	1.83173e+06	1	2022.93	1	0.0316228	273.252	301.462
611	154.55	1	2.27997e+06	1	986552	1	1.83173e+06	1	2022.93	1	0.1	273.256	301.464
611	154.55	1	2.27997e+06	1	986552	1	1.83173e+06	1	2022.93	1	0.316228	273.271	301.468
611	154.55	1	2.27997e+06	1	986552	1	1.83173e+06	1	2022.93	1	1	273.318	301.483
611	154.55	1	2.27997e+06	1	986552	1	1.83173e+06	1	2022.93	1	3.16228	273.464	301.527
611	154.55	1	2.27997e+06	1	986552	1	1.83173e+06	1	2022.93	1	10	273.901	301.662
611	154.55	1	2.27997e+06	1	986552	1	1.83173e+06	1	2022.93	1	31.6228	275.109	302.042
611	154.55	1	2.27997e+06	1	986552	1	1.83173e+06	1	2022.93	1	100	277.77	302.954
612	89.0686	1	1.2885e+06	1	1.42078e+06	1	800336	1	769.046	1	0	273.249	301.462
612	89.0686	1	1.2885e+06	1	1.42078e+06	1	800336	1	769.046	1	0.001	273.25	301.462
612	89.0686	1	1.2885e+06	1	1.42078e+06	1	800336	1	769.046	1	0.00316228	273.25	301.462
612	89.0686	1	1.2885e+06	1	1.42078e+06	1	800336	1	769.046	1	0.01	273.251	301.462
612	89.0686	1	1.2885e+06	1	1.42078e+06	1	800336	1	769.046	1	0.0316228	273.253	301.463
612	89.0686	1	1.2885e+06	1	1.42078e+06	1	800336	1	769.046	1	0.1	273.262	301.465
612	89.0686	1	1.2885e+06	1	1.42078e+06	1	800336	1	769.046	1	0.316228	273.288	301.473
612	89.0686	1	1.2885e+06	1	1.42078e+06	1	800336	1	769.046	1	1	273.369	301.499
612	89.0686	1	1.2885e+06	1	1.42078e+06	1	800336	1	769.046	1	3.16228	273.619	301.577
612	89.0686	1	1.2885e+06	1	1.42078e+06	1	800336	1	769.046	1	10	274.339	301.802
612	89.0686	1	1.2885e+06	1	1.42078e+06	1	800336	1	769.046	1	31.6228	276.201	302.416
612	89.0686	1	1.2885e+06	1	1.42078e+06	1	800336	1	769.046	1	100	279.233	303.646
613	100.078	1	871862	1	793470	1	3.04333e+06	1	1709.86	1	0	273.249	301.462
613	100.078	1	871862	1	793470	1	3.04333e+06	1	1709.86	1	0.001	273.25	301.462
613	100.078	1	871862	1	793470	1	3.04333e+06	1	1709.86	1	0.00316228	273.25	301.462
613	100.078	1	871862	1	793470	1	3.04333e+06	1	1709.86	1	0.01	273.25	301.462
613	100.078	1	871862	1	793470	1	3.04333e+06	1	1709.86	1	0.0316228	273.253	301.463
613	100.078	1	871862	1	793470	1	3.04333e+06	1	1709.86	1	0.1	273.26	301.465
613	100.078	1	871862	1	793470	1	3.04333e+06	1	1709.86	1	0.316228	273.283	301.472
613	100.078	1	871862	1	793470	1	3.04333e+06	1	1709.86	1	1	273.355	301.494
613	100.078	1	871862	1	793470	1	3.04333e+06	1	1709.86	1	3.16228	273.577	301.561
613	100.078	1	871862	1	793470	1	3.04333e+06	1	1709.86	1	10	274.221	301.757
613	100.078	1	871862	1	793470	1	3.04333e+06	1	1709.86	1	31.6228	275.911	302.293
613	100.078	1	871862	1	793470	1	3.04333e+06	1	1709.86	1	100	278.975	303.414
614	144.582	1	1.83835e+06	1	396364	1	4.02162e+06	1	1402.02	1	0	273.249	301.462
614	144.582	1	1.83835e+06	1	396364	1	4.02162e+06	1	1402.02	1	0.001	273.249	301.462
614	144.582	1	1.83835e+06	1	396364	1	4.02162e+06	1	1402.02	1	0.00316228	273.25	301.462
614	144.582	1	1.83835e+06	1	396364	1	4.02162e+06	1	1402.02	1	0.01	273.25	301.462
614	144.582	1	1.83835e+06	1	396364	1	4.02162e+06	1	1402.02	1	0.0316228	273.252	301.462
614	144.582	1	1.83835e+06	1	396364	1	4.02162e+06	1	1402.02	1	0.1	273.257	301.464
614	144.582	1	1.83835e+06	1	396364	1	4.02162e+06	1	1402.02	1	0.316228	273.273	301.469
614	144.582	1	1.83835e+06	1	396364	1	4.02162e+06	1	1402.02	1	1	273.323	301.484
614	144.582	1	1.83835e+06	1	396364	1	4.02162e+06	1	1402.02	1	3.16228	273.48	301.533
614	144.582	1	1.83835e+06	1	396364	1	4.02162e+06	1	1402.02	1	10	273.946	301.678
614	144.582	1	1.83835e+06	1	396364	1	4.02162e+06	1	1402.02	1	31.6228	275.228	302.088
614	144.582	1	1.83835e+06	1	396364	1	4.02162e+06	1	1402.02	1	100	277.975	303.06
615	142.122	1	4.57919e+06	1	795361	1	704724	1	1384.66	1	0	273.249	301.462
615	142.122	1	4.57919e+06	1	795361	1	704724	1	1384.66	1	0.001	273.249	301.462
615	142.122	1	4.57919e+06	1	795361	1	704724	1	1384.66	1	0.00316228	273.25	301.462
615	142.122	1	4.57919e+06	1	795361	1	704724	1	1384.66	1	0.01	273.25	301.462
615	142.122	1	4.57919e+06	1	795361	1	704724	1	1384.66	1	0.0316228	273.252	301.462
615	142.122	1	4.57919e+06	1	795361	1	704724	1	1384.66	1	0.1	273.257	301.464
615	142.122	1	4.57919e+06	1	795361	1	704724	1	1384.66	1	0.316228	273.273	301.469
615	142.122	1	4.57919e+06	1	795361	1	704724	1	1384.66	1	1	273.325	301.485
615	142.122	1	4.57919e+06	1	795361	1	704724	1	1384.66	1	3.16228	273.484	301.534
615	142.122	1	4.57919e+06	1	795361	1	704724	1	1384.66	1	10	273.958	301.682
615	142.122	1	4.57919e+06	1	795361	1	704724	1	1384.66	1	31.6228	275.26	302.1
615	142.122	1	4.57919e+06	1	795361	1	704724	1	1384.66	1	100	278.029	303.086
616	161.317	1	592611	1	639451	1	481345	1	1543.91	1	0	273.249	301.462
616	161.317	1	592611	1	639451	1	481345	1	1543.91	1	0.001	273.249	301.462
616	161.317	1	592611	1	639451	1	481345	1	1543.91	1	0.00316228	273.25	301.462
616	161.317	1	592611	1	639451	1	481345	1	1543.91	1	0.01	273.25	301.462
616	161.317	1	592611	1	639451	1	481345	1	1543.91	1	0.0316228	273.252	301.462
616	161.317	1	592611	1	639451	1	481345	1	1543.91	1	0.1	273.256	301.464
616	161.317	1	592611	1	639451	1	481345	1	1543.91	1	0.316228	273.27	301.468
616	161.317	1	592611	1	639451	1	481345	1	1543.91	1	1	273.316	301.482
616	161.317	1	592611	1	639451	1	481345	1	1543.91	1	3.16228	273.457	301.526
616	161.317	1	592611	1	639451	1	481345	1	1543.91	1	10	273.878	301.657
616	161.317	1	592611	1	639451	1	481345	1	1543.91	1	31.6228	275.049	302.031
616	161.317	1	592611	1	639451	1	481345	1	1543.91	1	100	277.678	302.942
617	195.31	1	872147	1	721694	1	269625	1	1236.4	1	0	273.249	301.462
617	195.31	1	872147	1	721694	1	269625	1	1236.4	1	0.001	273.249	301.462
617	195.31	1	872147	1	721694	1	269625	1	1236.4	1	0.00316228	273.25	301.462
617	195.31	1	872147	1	721694	1	269625	1	1236.4	1	0.01	273.25	301.462
617	195.31	1	872147	1	721694	1	269625	1	1236.4	1	0.0316228	273.251	301.462
617	195.31	1	872147	1	721694	1	269625	1	1236.4	1	0.1	273.255	301.463
617	195.31	1	872147	1	721694	1	269625	1	1236.4	1	0.316228	273.267	301.467
617	195.31	1	872147	1	721694	1	269625	1	1236.4	1	1	273.305	301.479
617	195.31	1	872147	1	721694	1	269625	1	1236.4	1	3.16228	273.423	301.517
617	195.31	1	872147	1	721694	1	269625	1	1236.4	1	10	273.78	301.631
617	195.31	1	872147	1	721694	1	269625	1	1236.4	1	31.6228	274.781	301.957
617	195.31	1	872147	1	721694	1	269625	1	1236.4	1	100	277.191	302.808
618	217.688	1	3.07306e+06	1	1.27278e+06	1	1.10534e+06	1	814.234	1	0	273.249	301.462
618	217.688	1	3.07306e+06	1	1.27278e+06	1	1.10534e+06	1	814.234	1	0.001	273.249	301.462
618	217.688	1	3.07306e+06	1	1.27278e+06	1	1.10534e+06	1	814.234	1	0.00316228	273.25	301.462
618	217.688	1	3.07306e+06	1	1.27278e+06	1	1.10534e+06	1	814.234	1	0.01	273.25	301.462
618	217.688	1	3.07306e+06	1	1.27278e+06	1	1.10534e+06	1	814.234	1	0.0316228	273.251	301.462
618	217.688	1	3.07306e+06	1	1.27278e+06	1	1.10534e+06	1	814.234	1	0.1	273.254	301.463
618	217.688	1	3.07306e+06	1	1.27278e+06	1	1.10534e+06	1	814.234	1	0.316228	273.265	301.467
618	217.688	1	3.07306e+06	1	1.27278e+06	1	1.10534e+06	1	814.234	1	1	273.3	301.478
618	217.688	1	3.07306e+06	1	1.27278e+06	1	1.10534e+06	1	814.234	1	3.16228	273.407	301.513
618	217.688	1	3.07306e+06	1	1.27278e+06	1	1.10534e+06	1	814.234	1	10	273.733	301.621
618	217.688	1	3.07306e+06	1	1.27278e+06	1	1.10534e+06	1	814.234	1	31.6228	274.651	301.929
618	217.688	1	3.07306e+06	1	1.27278e+06	1	1.10534e+06	1	814.234	1	100	276.935	302.757
619	135.295	1	552835	1	1.62855e+06	1	883131	1	1696.66	1	0	273.249	301.462
619	135.295	1	552835	1	1.62855e+06	1	883131	1	1696.66	1	0.001	273.25	301.462
619	135.295	1	552835	1	1.62855e+06	1	883131	1	1696.66	1	0.00316228	273.25	301.462
619	135.295	1	552835	1	1.62855e+06	1	883131	1	1696.66	1	0.01	273.25	301.462
619	135.295	1	552835	1	1.62855e+06	1	883131	1	1696.66	1	0.0316228	273.252	301.462
619	135.295	1	552835	1	1.62855e+06	1	883131	1	1696.66	1	0.1	273.257	301.464
619	135.295	1	552835	1	1.62855e+06	1	883131	1	1696.66	1	0.316228	273.274	301.469
619	135.295	1	552835	1	1.62855e+06	1	883131	1	1696.66	1	1	273.328	301.486
619	135.295	1	552835	1	1.62855e+06	1	883131	1	1696.66	1	3.16228	273.494	301.537
619	135.295	1	552835	1	1.62855e+06	1	883131	1	1696.66	1	10	273.987	301.688
619	135.295	1	552835	1	1.62855e+06	1	883131	1	1696.66	1	31.6228	275.334	302.114
619	135.295	1	552835	1	1.62855e+06	1	883131	1	1696.66	1	100	278.135	303.099
620	112.991	1	2.64283e+06	1	457761	1	481865	1	2302.63	1	0	273.249	301.462
620	112.991	1	2.64283e+06	1	457761	1	481865	1	2302.63	1	0.001	273.25	301.462
620	112.991	1	2.64283e+06	1	457761	1	481865	1	2302.63	1	0.00316228	273.25	301.462
620	112.991	1	2.64283e+06	1	457761	1	481865	1	2302.63	1	0.01	273.25	301.462
620	112.991	1	2.64283e+06	1	457761	1	481865	1	2302.63	1	0.0316228	273.252	301.462
620	112.991	1	2.64283e+06	1	457761	1	481865	1	2302.63	1	0.1	273.259	301.464
620	112.991	1	2.64283e+06	1	457761	1	481865	1	2302.63	1	0.316228	273.279	301.471
620	112.991	1	2.64283e+06	1	457761	1	481865	1	2302.63	1	1	273.343	301.49
620	112.991	1	2.64283e+06	1	457761	1	481865	1	2302.63	1	3.16228	273.541	301.55
620	112.991	1	2.64283e+06	1	457761	1	481865	1	2302.63	1	10	274.12	301.727
620	112.991	1	2.64283e+06	1	457761	1	481865	1	2302.63	1	31.6228	275.667	302.216
620	112.991	1	2.64283e+06	1	457761	1	481865	1	2302.63	1	100	278.642	303.284
621	125.393	1	678871	1	452575	1	2.27157e+06	1	924.352	1	0	273.249	301.462
621	125.393	1	678871	1	452575	1	2.27157e+06	1	924.352	1	0.001	273.25	301.462
621	125.393	1	678871	1	452575	1	2.27157e+06	1	924.352	1	0.00316228	273.25	301.462
621	125.393	1	678871	1	452575	1	2.27157e+06	1	924.352	1	0.01	273.25	301.462
621	125.393	1	678871	1	452575	1	2.27157e+06	1	924.352	1	0.0316228	273.252	301.462
621	125.393	1	678871	1	452575	1	2.27157e+06	1	924.352	1	0.1	273.258	301.464
621	125.393	1	678871	1	452575	1	2.27157e+06	1	924.352	1	0.316228	273.277	301.47
621	125.393	1	678871	1	452575	1	2.27157e+06	1	924.352	1	1	273.335	301.488
621	125.393	1	678871	1	452575	1	2.27157e+06	1	924.352	1	3.16228	273.515	301.545
621	125.393	1	678871	1	452575	1	2.27157e+06	1	924.352	1	10	274.048	301.713
621	125.393	1	678871	1	452575	1	2.27157e+06	1	924.352	1	31.6228	275.492	302.183
621	125.393	1	678871	1	452575	1	2.27157e+06	1	924.352	1	100	278.393	303.258
622	264.879	1	1.3715e+06	1	1.13786e+06	1	2.66182e+06	1	1777.16	1	0	273.249	301.462
622	264.879	1	1.3715e+06	1	1.13786e+06	1	2.66182e+06	1	1777.16	1	0.001	273.249	301.462
622	264.879	1	1.3715e+06	1	1.13786e+06	1	2.66182e+06	1	1777.16	1	0.00316228	273.25	301.462
622	264.879	1	1.3715e+06	1	1.13786e+06	1	2.66182e+06	1	1777.16	1	0.01	273.25	301.462
622	264.879	1	1.3715e+06	1	1.13786e+06	1	2.66182e+06	1	1777.16	1	0.0316228	273.251	301.462
622	264.879	1	1.3715e+06	1	1.13786e+06	1	2.66182e+06	1	1777.16	1	0.1	273.254	301.463
622	264.879	1	1.3715e+06	1	1.13786e+06	1	2.66182e+06	1	1777.16	1	0.316228	273.262	301.466
622	264.879	1	1.3715e+06	1	1.13786e+06	1	2.66182e+06	1	1777.16	1	1	273.29	301.474
622	264.879	1	1.3715e+06	1	1.13786e+06	1	2.66182e+06	1	1777.16	1	3.16228	273.377	301.502
622	264.879	1	1.3715e+06	1	1.13786e+06	1	2.66182e+06	1	1777.16	1	10	273.643	301.586
622	264.879	1	1.3715e+06	1	1.13786e+06	1	2.66182e+06	1	1777.16	1	31.6228	274.405	301.828
622	264.879	1	1.3715e+06	1	1.13786e+06	1	2.66182e+06	1	1777.16	1	100	276.363	302.488
623	176.398	1	840915	1	635588	1	2.40036e+06	1	1573.7	1	0	273.249	301.462
623	176.398	1	840915	1	635588	1	2.40036e+06	1	1573.7	1	0.001	273.249	301.462
623	176.398	1	840915	1	635588	1	2.40036e+06	1	1573.7	1	0.00316228	273.25	301.462
623	176.398	1	840915	1	635588	1	2.40036e+06	1	1573.7	1	0.01	273.25	301.462
623	176.398	1	840915	1	635588	1	2.40036e+06	1	1573.7	1	0.0316228	273.251	301.462
623	176.398	1	840915	1	635588	1	2.40036e+06	1	1573.7	1	0.1	273.256	301.463
623	176.398	1	840915	1	635588	1	2.40036e+06	1	1573.7	1	0.316228	273.269	301.468
623	176.398	1	840915	1	635588	1	2.40036e+06	1	1573.7	1	1	273.31	301.48
623	176.398	1	840915	1	635588	1	2.40036e+06	1	1573.7	1	3.16228	273.439	301.52
623	176.398	1	840915	1	635588	1	2.40036e+06	1	1573.7	1	10	273.827	301.641
623	176.398	1	840915	1	635588	1	2.40036e+06	1	1573.7	1	31.6228	274.91	301.985
623	176.398	1	840915	1	635588	1	2.40036e+06	1	1573.7	1	100	277.423	302.846
624	113.82	1	3.01389e+06	1	1.22705e+06	1	2.16113e+06	1	1657.97	1	0	273.249	301.462
624	113.82	1	3.01389e+06	1	1.22705e+06	1	2.16113e+06	1	1657.97	1	0.001	273.25	301.462
624	113.82	1	3.01389e+06	1	1.22705e+06	1	2.16113e+06	1	1657.97	1	0.00316228	273.25	301.462
624	113.82	1	3.01389e+06	1	1.22705e+06	1	2.16113e+06	1	1657.97	1	0.01	273.25	301.462
624	113.82	1	3.01389e+06	1	1.22705e+06	1	2.16113e+06	1	1657.97	1	0.0316228	273.252	301.462
624	113.82	1	3.01389e+06	1	1.22705e+06	1	2.16113e+06	1	1657.97	1	0.1	273.259	301.464
624	113.82	1	3.01389e+06	1	1.22705e+06	1	2.16113e+06	1	1657.97	1	0.316228	273.279	301.471
624	113.82	1	3.01389e+06	1	1.22705e+06	1	2.16113e+06	1	1657.97	1	1	273.343	301.49
624	113.82	1	3.01389e+06	1	1.22705e+06	1	2.16113e+06	1	1657.97	1	3.16228	273.539	301.55
624	113.82	1	3.01389e+06	1	1.22705e+06	1	2.16113e+06	1	1657.97	1	10	274.115	301.726
624	113.82	1	3.01389e+06	1	1.22705e+06	1	2.16113e+06	1	1657.97	1	31.6228	275.655	302.215
624	113.82	1	3.01389e+06	1	1.22705e+06	1	2.16113e+06	1	1657.97	1	100	278.621	303.286
625	148.372	1	2.07648e+06	1	614837	1	1.28487e+06	1	2063.87	1	0	273.249	301.462
625	148.372	1	2.07648e+06	1	614837	1	1.28487e+06	1	2063.87	1	0.001	273.249	301.462
625	148.372	1	2.07648e+06	1	614837	1	1.28487e+06	1	2063.87	1	0.00316228	273.25	301.462
625	148.372	1	2.07648e+06	1	614837	1	1.28487e+06	1	2063.87	1	0.01	273.25	301.462
625	148.372	1	2.07648e+06	1	614837	1	1.28487e+06	1	2063.87	1	0.0316228	273.252	301.462
625	148.372	1	2.07648e+06	1	614837	1	1.28487e+06	1	2063.87	1	0.1	273.257	301.464
625	148.372	1	2.07648e+06	1	614837	1	1.28487e+06	1	2063.87	1	0.316228	273.272	301.469
625	148.372	1	2.07648e+06	1	614837	1	1.28487e+06	1	2063.87	1	1	273.321	301.484
625	148.372	1	2.07648e+06	1	614837	1	1.28487e+06	1	2063.87	1	3.16228	273.473	301.53
625	148.372	1	2.07648e+06	1	614837	1	1.28487e+06	1	2063.87	1	10	273.927	301.669
625	148.372	1	2.07648e+06	1	614837	1	1.28487e+06	1	2063.87	1	31.6228	275.176	302.063
625	148.372	1	2.07648e+06	1	614837	1	1.28487e+06	1	2063.87	1	100	277.882	302.997
626	174.234	1	134937	1	1.50386e+06	1	1.00018e+06	1	1031.5	1	0	273.249	301.462
626	174.234	1	134937	1	1.50386e+06	1	1.00018e+06	1	1031.5	1	0.001	273.249	301.462
626	174.234	1	134937	1	1.50386e+06	1	1.00018e+06	1	1031.5	1	0.00316228	273.25	301.462
626	174.234	1	134937	1	1.50386e+06	1	1.00018e+06	1	1031.5	1	0.01	273.25	301.462
626	174.234	1	134937	1	1.50386e+06	1	1.00018e+06	1	1031.5	1	0.0316228	273.251	301.462
626	174.234	1	134937	1	1.50386e+06	1	1.00018e+06	1	1031.5	1	0.1	273.256	301.463
626	174.234	1	134937	1	1.50386e+06	1	1.00018e+06	1	1031.5	1	0.316228	273.269	301.468
626	174.234	1	134937	1	1.50386e+06	1	1.00018e+06	1	1031.5	1	1	273.311	301.481
626	174.234	1	134937	1	1.50386e+06	1	1.00018e+06	1	1031.5	1	3.16228	273.442	301.522
626	174.234	1	134937	1	1.50386e+06	1	1.00018e+06	1	1031.5	1	10	273.835	301.645
626	174.234	1	134937	1	1.50386e+06	1	1.00018e+06	1	1031.5	1	31.6228	274.93	301.995
626	174.234	1	134937	1	1.50386e+06	1	1.00018e+06	1	1031.5	1	100	277.456	302.87
627	135.347	1	1.77845e+06	1	861890	1	1.16922e+06	1	1895.35	1	0	273.249	301.462
627	135.347	1	1.77845e+06	1	861890	1	1.16922e+06	1	1895.35	1	0.001	273.25	301.462
627	135.347	1	1.77845e+06	1	861890	1	1.16922e+06	1	1895.35	1	0.00316228	273.25	301.462
627	135.347	1	1.77845e+06	1	861890	1	1.16922e+06	1	1895.35	1	0.01	273.25	301.462
627	135.347	1	1.77845e+06	1	861890	1	1.16922e+06	1	1895.35	1	0.0316228	273.252	301.462
627	135.347	1	1.77845e+06	1	861890	1	1.16922e+06	1	1895.35	1	0.1	273.257	301.464
627	135.347	1	1.77845e+06	1	861890	1	1.16922e+06	1	1895.35	1	0.316228	273.274	301.469
627	135.347	1	1.77845e+06	1	861890	1	1.16922e+06	1	1895.35	1	1	273.328	301.486
627	135.347	1	1.77845e+06	1	861890	1	1.16922e+06	1	1895.35	1	3.16228	273.494	301.536
627	135.347	1	1.77845e+06	1	861890	1	1.16922e+06	1	1895.35	1	10	273.987	301.688
627	135.347	1	1.77845e+06	1	861890	1	1.16922e+06	1	1895.35	1	31.6228	275.333	302.113
627	135.347	1	1.77845e+06	1	861890	1	1.16922e+06	1	1895.35	1	100	278.136	303.097
628	103.596	1	743719	1	589971	1	1.49679e+06	1	1155.68	1	0	273.249	301.462
628	103.596	1	743719	1	589971	1	1.49679e+06	1	1155.68	1	0.001	273.25	301.462
628	103.596	1	743719	1	589971	1	1.49679e+06	1	1155.68	1	0.00316228	273.25	301.462
628	103.596	1	743719	1	589971	1	1.49679e+06	1	1155.68	1	0.01	273.25	301.462
628	103.596	1	743719	1	589971	1	1.49679e+06	1	1155.68	1	0.0316228	273.253	301.463
628	103.596	1	743719	1	589971	1	1.49679e+06	1	1155.68	1	0.1	273.26	301.465
628	103.596	1	743719	1	589971	1	1.49679e+06	1	1155.68	1	0.316228	273.282	301.472
628	103.596	1	743719	1	589971	1	1.49679e+06	1	1155.68	1	1	273.352	301.493
628	103.596	1	743719	1	589971	1	1.49679e+06	1	1155.68	1	3.16228	273.567	301.56
628	103.596	1	743719	1	589971	1	1.49679e+06	1	1155.68	1	10	274.195	301.754
628	103.596	1	743719	1	589971	1	1.49679e+06	1	1155.68	1	31.6228	275.853	302.287
628	103.596	1	743719	1	589971	1	1.49679e+06	1	1155.68	1	100	278.904	303.426
629	206.695	1	535890	1	1.23868e+06	1	5.9671e+06	1	1926.77	1	0	273.249	301.462
629	206.695	1	535890	1	1.23868e+06	1	5.9671e+06	1	1926.77	1	0.001	273.249	301.462
629	206.695	1	535890	1	1.23868e+06	1	5.9671e+06	1	1926.77	1	0.00316228	273.25	301.462
629	206.695	1	535890	1	1.23868e+06	1	5.9671e+06	1	1926.77	1	0.01	273.25	301.462
629	206.695	1	535890	1	1.23868e+06	1	5.9671e+06	1	1926.77	1	0.0316228	273.251	301.462
629	206.695	1	535890	1	1.23868e+06	1	5.9671e+06	1	1926.77	1	0.1	273.255	301.463
629	206.695	1	535890	1	1.23868e+06	1	5.9671e+06	1	1926.77	1	0.316228	273.266	301.467
629	206.695	1	535890	1	1.23868e+06	1	5.9671e+06	1	1926.77	1	1	273.301	301.478
629	206.695	1	535890	1	1.23868e+06	1	5.9671e+06	1	1926.77	1	3.16228	273.411	301.512
629	206.695	1	535890	1	1.23868e+06	1	5.9671e+06	1	1926.77	1	10	273.745	301.615
629	206.695	1	535890	1	1.23868e+06	1	5.9671e+06	1	1926.77	1	31.6228	274.682	301.908
629	206.695	1	535890	1	1.23868e+06	1	5.9671e+06	1	1926.77	1	100	276.972	302.676
630	114.073	1	971618	1	356564	1	725941	1	1721.53	1	0	273.249	301.462
630	114.073	1	971618	1	356564	1	725941	1	1721.53	1	0.001	273.25	301.462
630	114.073	1	971618	1	356564	1	725941	1	1721.53	1	0.00316228	273.25	301.462
630	114.073	1	971618	1	356564	1	725941	1	1721.53	1	0.01	273.25	301.462
630	114.073	1	971618	1	356564	1	725941	1	1721.53	1	0.0316228	273.252	301.462
630	114.073	1	971618	1	356564	1	725941	1	1721.53	1	0.1	273.259	301.464
630	114.073	1	971618	1	356564	1	725941	1	1721.53	1	0.316228	273.279	301.471
630	114.073	1	971618	1	356564	1	725941	1	1721.53	1	1	273.343	301.49
630	114.073	1	971618	1	356564	1	725941	1	1721.53	1	3.16228	273.538	301.55
630	114.073	1	971618	1	356564	1	725941	1	1721.53	1	10	274.113	301.727
630	114.073	1	971618	1	356564	1	725941	1	1721.53	1	31.6228	275.653	302.216
630	114.073	1	971618	1	356564	1	725941	1	1721.53	1	100	278.621	303.291
631	86.947	1	872805	1	813484	1	582759	1	1849.43	1	0	273.249	301.462
631	86.947	1	872805	1	813484	1	582759	1	1849.43	1	0.001	273.25	301.462
631	86.947	1	872805	1	813484	1	582759	1	1849.43	1	0.00316228	273.25	301.462
631	86.947	1	872805	1	813484	1	582759	1	1849.43	1	0.01	273.251	301.462
631	86.947	1	872805	1	813484	1	582759	1	1849.43	1	0.0316228	273.253	301.463
631	86.947	1	872805	1	813484	1	582759	1	1849.43	1	0.1	273.262	301.465
631	86.947	1	872805	1	813484	1	582759	1	1849.43	1	0.316228	273.288	301.473
631	86.947	1	872805	1	813484	1	582759	1	1849.43	1	1	273.371	301.498
631	86.947	1	872805	1	813484	1	582759	1	1849.43	1	3.16228	273.624	301.575
631	86.947	1	872805	1	813484	1	582759	1	1849.43	1	10	274.352	301.797
631	86.947	1	872805	1	813484	1	582759	1	1849.43	1	31.6228	276.226	302.394
631	86.947	1	872805	1	813484	1	582759	1	1849.43	1	100	279.204	303.552
632	133.478	1	593536	1	1.18711e+06	1	781310	1	999.051	1	0	273.249	301.462
632	133.478	1	593536	1	1.18711e+06	1	781310	1	999.051	1	0.001	273.25	301.462
632	133.478	1	593536	1	1.18711e+06	1	781310	1	999.051	1	0.00316228	273.25	301.462
632	133.478	1	593536	1	1.18711e+06	1	781310	1	999.051	1	0.01	273.25	301.462
632	133.478	1	593536	1	1.18711e+06	1	781310	1	999.051	1	0.0316228	273.252	301.462
632	133.478	1	593536	1	1.18711e+06	1	781310	1	999.051	1	0.1	273.258	301.464
632	133.478	1	593536	1	1.18711e+06	1	781310	1	999.051	1	0.316228	273.275	301.47
632	133.478	1	593536	1	1.18711e+06	1	781310	1	999.051	1	1	273.33	301.487
632	133.478	1	593536	1	1.18711e+06	1	781310	1	999.051	1	3.16228	273.499	301.54
632	133.478	1	593536	1	1.18711e+06	1	781310	1	999.051	1	10	274.003	301.698
632	133.478	1	593536	1	1.18711e+06	1	781310	1	999.051	1	31.6228	275.376	302.144
632	133.478	1	593536	1	1.18711e+06	1	781310	1	999.051	1	100	278.216	303.181
633	160.074	1	968324	1	746624	1	1.04135e+06	1	1605.98	1	0	273.249	301.462
633	160.074	1	968324	1	746624	1	1.04135e+06	1	1605.98	1	0.001	273.249	301.462
633	160.074	1	968324	1	746624	1	1.04135e+06	1	1605.98	1	0.00316228	273.25	301.462
633	160.074	1	968324	1	746624	1	1.04135e+06	1	1605.98	1	0.01	273.25	301.462
633	160.074	1	968324	1	746624	1	1.04135e+06	1	1605.98	1	0.0316228	273.252	301.462
633	160.074	1	968324	1	746624	1	1.04135e+06	1	1605.98	1	0.1	273.256	301.464
633	160.074	1	968324	1	746624	1	1.04135e+06	1	1605.98	1	0.316228	273.271	301.468
633	160.074	1	968324	1	746624	1	1.04135e+06	1	1605.98	1	1	273.316	301.482
633	160.074	1	968324	1	746624	1	1.04135e+06	1	1605.98	1	3.16228	273.458	301.526
633	160.074	1	968324	1	746624	1	1.04135e+06	1	1605.98	1	10	273.882	301.658
633	160.074	1	968324	1	746624	1	1.04135e+06	1	1605.98	1	31.6228	275.059	302.031
633	160.074	1	968324	1	746624	1	1.04135e+06	1	1605.98	1	100	277.691	302.941
634	302.218	1	780418	1	814064	1	841864	1	2498.8	1	0	273.249	301.462
634	302.218	1	780418	1	814064	1	841864	1	2498.8	1	0.001	273.249	301.462
634	302.218	1	780418	1	814064	1	841864	1	2498.8	1	0.00316228	273.25	301.462
634	302.218	1	780418	1	814064	1	841864	1	2498.8	1	0.01	273.25	301.462
634	302.218	1	780418	1	814064	1	841864	1	2498.8	1	0.0316228	273.251	301.462
634	302.218	1	780418	1	814064	1	841864	1	2498.8	1	0.1	273.253	301.463
634	302.218	1	780418	1	814064	1	841864	1	2498.8	1	0.316228	273.261	301.465
634	302.218	1	780418	1	814064	1	841864	1	2498.8	1	1	273.285	301.473
634	302.218	1	780418	1	814064	1	841864	1	2498.8	1	3.16228	273.361	301.496
634	302.218	1	780418	1	814064	1	841864	1	2498.8	1	10	273.595	301.57
634	302.218	1	780418	1	814064	1	841864	1	2498.8	1	31.6228	274.273	301.783
634	302.218	1	780418	1	814064	1	841864	1	2498.8	1	100	276.042	302.365
635	78.4917	1	1.63449e+06	1	1.33493e+06	1	173349	1	1503.37	1	0	273.249	301.462
635	78.4917	1	1.63449e+06	1	1.33493e+06	1	173349	1	1503.37	1	0.001	273.25	301.462
635	78.4917	1	1.63449e+06	1	1.33493e+06	1	173349	1	1503.37	1	0.00316228	273.25	301.462
635	78.4917	1	1.63449e+06	1	1.33493e+06	1	173349	1	1503.37	1	0.01	273.251	301.462
635	78.4917	1	1.63449e+06	1	1.33493e+06	1	173349	1	1503.37	1	0.0316228	273.254	301.463
635	78.4917	1	1.63449e+06	1	1.33493e+06	1	173349	1	1503.37	1	0.1	273.263	301.466
635	78.4917	1	1.63449e+06	1	1.33493e+06	1	173349	1	1503.37	1	0.316228	273.292	301.475
635	78.4917	1	1.63449e+06	1	1.33493e+06	1	173349	1	1503.37	1	1	273.384	301.503
635	78.4917	1	1.63449e+06	1	1.33493e+06	1	173349	1	1503.37	1	3.16228	273.664	301.588
635	78.4917	1	1.63449e+06	1	1.33493e+06	1	173349	1	1503.37	1	10	274.461	301.833
635	78.4917	1	1.63449e+06	1	1.33493e+06	1	173349	1	1503.37	1	31.6228	276.488	302.492
635	78.4917	1	1.63449e+06	1	1.33493e+06	1	173349	1	1503.37	1	100	279.411	303.703
636	134.282	1	1.77636e+06	1	1.17708e+06	1	585143	1	1469.72	1	0	273.249	301.462
636	134.282	1	1.77636e+06	1	1.17708e+06	1	585143	1	1469.72	1	0.001	273.25	301.462
636	134.282	1	1.77636e+06	1	1.17708e+06	1	585143	1	1469.72	1	0.00316228	273.25	301.462
636	134.282	1	1.77636e+06	1	1.17708e+06	1	585143	1	1469.72	1	0.01	273.25	301.462
636	134.282	1	1.77636e+06	1	1.17708e+06	1	585143	1	1469.72	1	0.0316228	273.252	301.462
636	134.282	1	1.77636e+06	1	1.17708e+06	1	585143	1	1469.72	1	0.1	273.257	301.464
636	134.282	1	1.77636e+06	1	1.17708e+06	1	585143	1	1469.72	1	0.316228	273.275	301.469
636	134.282	1	1.77636e+06	1	1.17708e+06	1	585143	1	1469.72	1	1	273.329	301.486
636	134.282	1	1.77636e+06	1	1.17708e+06	1	585143	1	1469.72	1	3.16228	273.497	301.538
636	134.282	1	1.77636e+06	1	1.17708e+06	1	585143	1	1469.72	1	10	273.995	301.693
636	134.282	1	1.77636e+06	1	1.17708e+06	1	585143	1	1469.72	1	31.6228	275.356	302.127
636	134.282	1	1.77636e+06	1	1.17708e+06	1	585143	1	1469.72	1	100	278.179	303.135
637	199.484	1	1.11858e+06	1	654937	1	520027	1	1413.89	1	0	273.249	301.462
637	199.484	1	1.11858e+06	1	654937	1	520027	1	1413.89	1	0.001	273.249	301.462
637	199.484	1	1.11858e+06	1	654937	1	520027	1	1413.89	1	0.00316228	273.25	301.462
637	199.484	1	1.11858e+06	1	654937	1	520027	1	1413.89	1	0.01	273.25	301.462
637	199.484	1	1.11858e+06	1	654937	1	520027	1	1413.89	1	0.0316228	273.251	301.462
637	199.484	1	1.11858e+06	1	654937	1	520027	1	1413.89	1	0.1	273.255	301.463
637	199.484	1	1.11858e+06	1	654937	1	520027	1	1413.89	1	0.316228	273.267	301.467
637	199.484	1	1.11858e+06	1	654937	1	520027	1	1413.89	1	1	273.303	301.479
637	199.484	1	1.11858e+06	1	654937	1	520027	1	1413.89	1	3.16228	273.419	301.515
637	199.484	1	1.11858e+06	1	654937	1	520027	1	1413.89	1	10	273.767	301.625
637	199.484	1	1.11858e+06	1	654937	1	520027	1	1413.89	1	31.6228	274.745	301.939
637	199.484	1	1.11858e+06	1	654937	1	520027	1	1413.89	1	100	277.111	302.761
638	148.097	1	1.59386e+06	1	1.66615e+06	1	577216	1	1288.22	1	0	273.249	301.462
638	148.097	1	1.59386e+06	1	1.66615e+06	1	577216	1	1288.22	1	0.001	273.249	301.462
638	148.097	1	1.59386e+06	1	1.66615e+06	1	577216	1	1288.22	1	0.00316228	273.25	301.462
638	148.097	1	1.59386e+06	1	1.66615e+06	1	577216	1	1288.22	1	0.01	273.25	301.462
638	148.097	1	1.59386e+06	1	1.66615e+06	1	577216	1	1288.22	1	0.0316228	273.252	301.462
638	148.097	1	1.59386e+06	1	1.66615e+06	1	577216	1	1288.22	1	0.1	273.257	301.464
638	148.097	1	1.59386e+06	1	1.66615e+06	1	577216	1	1288.22	1	0.316228	273.272	301.469
638	148.097	1	1.59386e+06	1	1.66615e+06	1	577216	1	1288.22	1	1	273.322	301.484
638	148.097	1	1.59386e+06	1	1.66615e+06	1	577216	1	1288.22	1	3.16228	273.475	301.532
638	148.097	1	1.59386e+06	1	1.66615e+06	1	577216	1	1288.22	1	10	273.932	301.675
638	148.097	1	1.59386e+06	1	1.66615e+06	1	577216	1	1288.22	1	31.6228	275.192	302.08
638	148.097	1	1.59386e+06	1	1.66615e+06	1	577216	1	1288.22	1	100	277.922	303.049
639	156.453	1	886942	1	1.00901e+06	1	999029	1	853.861	1	0	273.249	301.462
639	156.453	1	886942	1	1.00901e+06	1	999029	1	853.861	1	0.001	273.249	301.462
639	156.453	1	886942	1	1.00901e+06	1	999029	1	853.861	1	0.00316228	273.25	301.462
639	156.453	1	886942	1	1.00901e+06	1	999029	1	853.861	1	0.01	273.25	301.462
639	156.453	1	886942	1	1.00901e+06	1	999029	1	853.861	1	0.0316228	273.252	301.462
639	156.453	1	886942	1	1.00901e+06	1	999029	1	853.861	1	0.1	273.256	301.464
639	156.453	1	886942	1	1.00901e+06	1	999029	1	853.861	1	0.316228	273.271	301.469
639	156.453	1	886942	1	1.00901e+06	1	999029	1	853.861	1	1	273.318	301.484
639	156.453	1	886942	1	1.00901e+06	1	999029	1	853.861	1	3.16228	273.465	301.53
639	156.453	1	886942	1	1.00901e+06	1	999029	1	853.861	1	10	273.903	301.671
639	156.453	1	886942	1	1.00901e+06	1	999029	1	853.861	1	31.6228	275.118	302.071
639	156.453	1	886942	1	1.00901e+06	1	999029	1	853.861	1	100	277.809	303.047
640	187.11	1	500847	1	1.10948e+06	1	1.37555e+06	1	1709.62	1	0	273.249	301.462
640	187.11	1	500847	1	1.10948e+06	1	1.37555e+06	1	1709.62	1	0.001	273.249	301.462
640	187.11	1	500847	1	1.10948e+06	1	1.37555e+06	1	1709.62	1	0.00316228	273.25	301.462
640	187.11	1	500847	1	1.10948e+06	1	1.37555e+06	1	1709.62	1	0.01	273.25	301.462
640	187.11	1	500847	1	1.10948e+06	1	1.37555e+06	1	1709.62	1	0.0316228	273.251	301.462
640	187.11	1	500847	1	1.10948e+06	1	1.37555e+06	1	1709.62	1	0.1	273.255	301.463
640	187.11	1	500847	1	1.10948e+06	1	1.37555e+06	1	1709.62	1	0.316228	273.268	301.467
640	187.11	1	500847	1	1.10948e+06	1	1.37555e+06	1	1709.62	1	1	273.307	301.479
640	187.11	1	500847	1	1.10948e+06	1	1.37555e+06	1	1709.62	1	3.16228	273.428	301.517
640	187.11	1	500847	1	1.10948e+06	1	1.37555e+06	1	1709.62	1	10	273.795	301.631
640	187.11	1	500847	1	1.10948e+06	1	1.37555e+06	1	1709.62	1	31.6228	274.822	301.954
640	187.11	1	500847	1	1.10948e+06	1	1.37555e+06	1	1709.62	1	100	277.25	302.779
641	205.242	1	824771	1	1.32854e+06	1	846063	1	1382.84	1	0	273.249	301.462
641	205.242	1	824771	1	1.32854e+06	1	846063	1	1382.84	1	0.001	273.249	301.462
641	205.242	1	824771	1	1.32854e+06	1	846063	1	1382.84	1	0.00316228	273.25	301.462
641	205.242	1	824771	1	1.32854e+06	1	846063	1	1382.84	1	0.01	273.25	301.462
641	205.242	1	824771	1	1.32854e+06	1	846063	1	1382.84	1	0.0316228	273.251	301.462
641	205.242	1	824771	1	1.32854e+06	1	846063	1	1382.84	1	0.1	273.255	301.463
641	205.242	1	824771	1	1.32854e+06	1	846063	1	1382.84	1	0.316228	273.266	301.467
641	205.242	1	824771	1	1.32854e+06	1	846063	1	1382.84	1	1	273.302	301.478
641	205.242	1	824771	1	1.32854e+06	1	846063	1	1382.84	1	3.16228	273.414	301.513
641	205.242	1	824771	1	1.32854e+06	1	846063	1	1382.84	1	10	273.753	301.62
641	205.242	1	824771	1	1.32854e+06	1	846063	1	1382.84	1	31.6228	274.704	301.925
641	205.242	1	824771	1	1.32854e+06	1	846063	1	1382.84	1	100	277.027	302.728
642	146.514	1	1.2826e+06	1	951908	1	1.50027e+06	1	2446.14	1	0	273.249	301.462
642	146.514	1	1.2826e+06	1	951908	1	1.50027e+06	1	2446.14	1	0.001	273.249	301.462
642	146.514	1	1.2826e+06	1	951908	1	1.50027e+06	1	2446.14	1	0.00316228	273.25	301.462
642	146.514	1	1.2826e+06	1	951908	1	1.50027e+06	1	2446.14	1	0.01	273.25	301.462
642	146.514	1	1.2826e+06	1	951908	1	1.50027e+06	1	2446.14	1	0.0316228	273.252	301.462
642	146.514	1	1.2826e+06	1	951908	1	1.50027e+06	1	2446.14	1	0.1	273.257	301.464
642	146.514	1	1.2826e+06	1	951908	1	1.50027e+06	1	2446.14	1	0.316228	273.272	301.469
642	146.514	1	1.2826e+06	1	951908	1	1.50027e+06	1	2446.14	1	1	273.322	301.484
642	146.514	1	1.2826e+06	1	951908	1	1.50027e+06	1	2446.14	1	3.16228	273.475	301.53
642	146.514	1	1.2826e+06	1	951908	1	1.50027e+06	1	2446.14	1	10	273.933	301.67
642	146.514	1	1.2826e+06	1	951908	1	1.50027e+06	1	2446.14	1	31.6228	275.192	302.064
642	146.514	1	1.2826e+06	1	951908	1	1.50027e+06	1	2446.14	1	100	277.903	302.992
643	344.714	1	727928	1	449213	1	1.28486e+06	1	1974.99	1	0	273.249	301.462
643	344.714	1	727928	1	449213	1	1.28486e+06	1	1974.99	1	0.001	273.249	301.462
643	344.714	1	727928	1	449213	1	1.28486e+06	1	1974.99	1	0.00316228	273.25	301.462
643	344.714	1	727928	1	449213	1	1.28486e+06	1	1974.99	1	0.01	273.25	301.462
643	344.714	1	727928	1	449213	1	1.28486e+06	1	1974.99	1	0.0316228	273.25	301.462
643	344.714	1	727928	1	449213	1	1.28486e+06	1	1974.99	1	0.1	273.253	301.463
643	344.714	1	727928	1	449213	1	1.28486e+06	1	1974.99	1	0.316228	273.259	301.465
643	344.714	1	727928	1	449213	1	1.28486e+06	1	1974.99	1	1	273.281	301.472
643	344.714	1	727928	1	449213	1	1.28486e+06	1	1974.99	1	3.16228	273.348	301.493
643	344.714	1	727928	1	449213	1	1.28486e+06	1	1974.99	1	10	273.556	301.559
643	344.714	1	727928	1	449213	1	1.28486e+06	1	1974.99	1	31.6228	274.164	301.755
643	344.714	1	727928	1	449213	1	1.28486e+06	1	1974.99	1	100	275.784	302.298
644	114.243	1	1.08038e+06	1	1.59668e+06	1	787594	1	1803.81	1	0	273.249	301.462
644	114.243	1	1.08038e+06	1	1.59668e+06	1	787594	1	1803.81	1	0.001	273.25	301.462
644	114.243	1	1.08038e+06	1	1.59668e+06	1	787594	1	1803.81	1	0.00316228	273.25	301.462
644	114.243	1	1.08038e+06	1	1.59668e+06	1	787594	1	1803.81	1	0.01	273.25	301.462
644	114.243	1	1.08038e+06	1	1.59668e+06	1	787594	1	1803.81	1	0.0316228	273.252	301.462
644	114.243	1	1.08038e+06	1	1.59668e+06	1	787594	1	1803.81	1	0.1	273.259	301.464
644	114.243	1	1.08038e+06	1	1.59668e+06	1	787594	1	1803.81	1	0.316228	273.279	301.471
644	114.243	1	1.08038e+06	1	1.59668e+06	1	787594	1	1803.81	1	1	273.342	301.49
644	114.243	1	1.08038e+06	1	1.59668e+06	1	787594	1	1803.81	1	3.16228	273.538	301.549
644	114.243	1	1.08038e+06	1	1.59668e+06	1	787594	1	1803.81	1	10	274.111	301.725
644	114.243	1	1.08038e+06	1	1.59668e+06	1	787594	1	1803.81	1	31.6228	275.646	302.211
644	114.243	1	1.08038e+06	1	1.59668e+06	1	787594	1	1803.81	1	100	278.608	303.276
645	189.661	1	670000	1	554163	1	1.30672e+06	1	1514.9	1	0	273.249	301.462
645	189.661	1	670000	1	554163	1	1.30672e+06	1	1514.9	1	0.001	273.249	301.462
645	189.661	1	670000	1	554163	1	1.30672e+06	1	1514.9	1	0.00316228	273.25	301.462
645	189.661	1	670000	1	554163	1	1.30672e+06	1	1514.9	1	0.01	273.25	301.462
645	189.661	1	670000	1	554163	1	1.30672e+06	1	1514.9	1	0.0316228	273.251	301.462
645	189.661	1	670000	1	554163	1	1.30672e+06	1	1514.9	1	0.1	273.255	301.463
645	189.661	1	670000	1	554163	1	1.30672e+06	1	1514.9	1	0.316228	273.267	301.467
645	189.661	1	670000	1	554163	1	1.30672e+06	1	1514.9	1	1	273.306	301.479
645	189.661	1	670000	1	554163	1	1.30672e+06	1	1514.9	1	3.16228	273.426	301.517
645	189.661	1	670000	1	554163	1	1.30672e+06	1	1514.9	1	10	273.79	301.631
645	189.661	1	670000	1	554163	1	1.30672e+06	1	1514.9	1	31.6228	274.808	301.955
645	189.661	1	670000	1	554163	1	1.30672e+06	1	1514.9	1	100	277.229	302.786
646	194.934	1	1.17673e+06	1	698784	1	1.96405e+06	1	1481.06	1	0	273.249	301.462
646	194.934	1	1.17673e+06	1	698784	1	1.96405e+06	1	1481.06	1	0.001	273.249	301.462
646	194.934	1	1.17673e+06	1	698784	1	1.96405e+06	1	1481.06	1	0.00316228	273.25	301.462
646	194.934	1	1.17673e+06	1	698784	1	1.96405e+06	1	1481.06	1	0.01	273.25	301.462
646	194.934	1	1.17673e+06	1	698784	1	1.96405e+06	1	1481.06	1	0.0316228	273.251	301.462
646	194.934	1	1.17673e+06	1	698784	1	1.96405e+06	1	1481.06	1	0.1	273.255	301.463
646	194.934	1	1.17673e+06	1	698784	1	1.96405e+06	1	1481.06	1	0.316228	273.267	301.467
646	194.934	1	1.17673e+06	1	698784	1	1.96405e+06	1	1481.06	1	1	273.305	301.479
646	194.934	1	1.17673e+06	1	698784	1	1.96405e+06	1	1481.06	1	3.16228	273.422	301.516
646	194.934	1	1.17673e+06	1	698784	1	1.96405e+06	1	1481.06	1	10	273.777	301.627
646	194.934	1	1.17673e+06	1	698784	1	1.96405e+06	1	1481.06	1	31.6228	274.771	301.944
646	194.934	1	1.17673e+06	1	698784	1	1.96405e+06	1	1481.06	1	100	277.158	302.765
647	165.679	1	834183	1	801811	1	1.84243e+06	1	2004.67	1	0	273.249	301.462
647	165.679	1	834183	1	801811	1	1.84243e+06	1	2004.67	1	0.001	273.249	301.462
647	165.679	1	834183	1	801811	1	1.84243e+06	1	2004.67	1	0.00316228	273.25	301.462
647	165.679	1	834183	1	801811	1	1.84243e+06	1	2004.67	1	0.01	273.25	301.462
647	165.679	1	834183	1	801811	1	1.84243e+06	1	2004.67	1	0.0316228	273.251	301.462
647	165.679	1	834183	1	801811	1	1.84243e+06	1	2004.67	1	0.1	273.256	301.464
647	165.679	1	834183	1	801811	1	1.84243e+06	1	2004.67	1	0.316228	273.27	301.468
647	165.679	1	834183	1	801811	1	1.84243e+06	1	2004.67	1	1	273.314	301.481
647	165.679	1	834183	1	801811	1	1.84243e+06	1	2004.67	1	3.16228	273.45	301.523
647	165.679	1	834183	1	801811	1	1.84243e+06	1	2004.67	1	10	273.86	301.649
647	165.679	1	834183	1	801811	1	1.84243e+06	1	2004.67	1	31.6228	274.998	302.007
647	165.679	1	834183	1	801811	1	1.84243e+06	1	2004.67	1	100	277.581	302.881
648	173.78	1	2.90718e+06	1	1.00254e+06	1	1.55516e+06	1	1700.37	1	0	273.249	301.462
648	173.78	1	2.90718e+06	1	1.00254e+06	1	1.55516e+06	1	1700.37	1	0.001	273.249	301.462
648	173.78	1	2.90718e+06	1	1.00254e+06	1	1.55516e+06	1	1700.37	1	0.00316228	273.25	301.462
648	173.78	1	2.90718e+06	1	1.00254e+06	1	1.55516e+06	1	1700.37	1	0.01	273.25	301.462
648	173.78	1	2.90718e+06	1	1.00254e+06	1	1.55516e+06	1	1700.37	1	0.0316228	273.251	301.462
648	173.78	1	2.90718e+06	1	1.00254e+06	1	1.55516e+06	1	1700.37	1	0.1	273.256	301.463
648	173.78	1	2.90718e+06	1	1.00254e+06	1	1.55516e+06	1	1700.37	1	0.316228	273.269	301.468
648	173.78	1	2.90718e+06	1	1.00254e+06	1	1.55516e+06	1	1700.37	1	1	273.311	301.481
648	173.78	1	2.90718e+06	1	1.00254e+06	1	1.55516e+06	1	1700.37	1	3.16228	273.442	301.521
648	173.78	1	2.90718e+06	1	1.00254e+06	1	1.55516e+06	1	1700.37	1	10	273.835	301.643
648	173.78	1	2.90718e+06	1	1.00254e+06	1	1.55516e+06	1	1700.37	1	31.6228	274.932	301.991
648	173.78	1	2.90718e+06	1	1.00254e+06	1	1.55516e+06	1	1700.37	1	100	277.464	302.857
649	162.378	1	1.86251e+06	1	962167	1	943117	1	922.403	1	0	273.249	301.462
649	162.378	1	1.86251e+06	1	962167	1	943117	1	922.403	1	0.001	273.249	301.462
649	162.378	1	1.86251e+06	1	962167	1	943117	1	922.403	1	0.00316228	273.25	301.462
649	162.378	1	1.86251e+06	1	962167	1	943117	1	922.403	1	0.01	273.25	301.462
649	162.378	1	1.86251e+06	1	962167	1	943117	1	922.403	1	0.0316228	273.252	301.462
649	162.378	1	1.86251e+06	1	962167	1	943117	1	922.403	1	0.1	273.256	301.464
649	162.378	1	1.86251e+06	1	962167	1	943117	1	922.403	1	0.316228	273.271	301.468
649	162.378	1	1.86251e+06	1	962167	1	943117	1	922.403	1	1	273.316	301.483
649	162.378	1	1.86251e+06	1	962167	1	943117	1	922.403	1	3.16228	273.457	301.528
649	162.378	1	1.86251e+06	1	962167	1	943117	1	922.403	1	10	273.881	301.663
649	162.378	1	1.86251e+06	1	962167	1	943117	1	922.403	1	31.6228	275.057	302.05
649	162.378	1	1.86251e+06	1	962167	1	943117	1	922.403	1	100	277.707	303.002
650	232.779	1	726484	1	1.32579e+06	1	510495	1	1564.12	1	0	273.249	301.462
650	232.779	1	726484	1	1.32579e+06	1	510495	1	1564.12	1	0.001	273.249	301.462
650	232.779	1	726484	1	1.32579e+06	1	510495	1	1564.12	1	0.00316228	273.25	301.462
650	232.779	1	726484	1	1.32579e+06	1	510495	1	1564.12	1	0.01	273.25	301.462
650	232.779	1	726484	1	1.32579e+06	1	510495	1	1564.12	1	0.0316228	273.251	301.462
650	232.779	1	726484	1	1.32579e+06	1	510495	1	1564.12	1	0.1	273.254	301.463
650	232.779	1	726484	1	1.32579e+06	1	510495	1	1564.12	1	0.316228	273.264	301.466
650	232.779	1	726484	1	1.32579e+06	1	510495	1	1564.12	1	1	273.296	301.476
650	232.779	1	726484	1	1.32579e+06	1	510495	1	1564.12	1	3.16228	273.395	301.507
650	232.779	1	726484	1	1.32579e+06	1	510495	1	1564.12	1	10	273.696	301.603
650	232.779	1	726484	1	1.32579e+06	1	510495	1	1564.12	1	31.6228	274.548	301.875
650	232.779	1	726484	1	1.32579e+06	1	510495	1	1564.12	1	100	276.697	302.612
651	107.933	1	939542	1	1.13858e+06	1	2.17848e+06	1	2005.89	1	0	273.249	301.462
651	107.933	1	939542	1	1.13858e+06	1	2.17848e+06	1	2005.89	1	0.001	273.25	301.462
651	107.933	1	939542	1	1.13858e+06	1	2.17848e+06	1	2005.89	1	0.00316228	273.25	301.462
651	107.933	1	939542	1	1.13858e+06	1	2.17848e+06	1	2005.89	1	0.01	273.25	301.462
651	107.933	1	939542	1	1.13858e+06	1	2.17848e+06	1	2005.89	1	0.0316228	273.253	301.463
651	107.933	1	939542	1	1.13858e+06	1	2.17848e+06	1	2005.89	1	0.1	273.259	301.465
651	107.933	1	939542	1	1.13858e+06	1	2.17848e+06	1	2005.89	1	0.316228	273.281	301.471
651	107.933	1	939542	1	1.13858e+06	1	2.17848e+06	1	2005.89	1	1	273.347	301.491
651	107.933	1	939542	1	1.13858e+06	1	2.17848e+06	1	2005.89	1	3.16228	273.553	301.554
651	107.933	1	939542	1	1.13858e+06	1	2.17848e+06	1	2005.89	1	10	274.155	301.737
651	107.933	1	939542	1	1.13858e+06	1	2.17848e+06	1	2005.89	1	31.6228	275.754	302.24
651	107.933	1	939542	1	1.13858e+06	1	2.17848e+06	1	2005.89	1	100	278.755	303.32
652	124.145	1	942674	1	914484	1	828248	1	2294.43	1	0	273.249	301.462
652	124.145	1	942674	1	914484	1	828248	1	2294.43	1	0.001	273.25	301.462
652	124.145	1	942674	1	914484	1	828248	1	2294.43	1	0.00316228	273.25	301.462
652	124.145	1	942674	1	914484	1	828248	1	2294.43	1	0.01	273.25	301.462
652	124.145	1	942674	1	914484	1	828248	1	2294.43	1	0.0316228	273.252	301.462
652	124.145	1	942674	1	914484	1	828248	1	2294.43	1	0.1	273.258	301.464
652	124.145	1	942674	1	914484	1	828248	1	2294.43	1	0.316228	273.277	301.47
652	124.145	1	942674	1	914484	1	828248	1	2294.43	1	1	273.335	301.488
652	124.145	1	942674	1	914484	1	828248	1	2294.43	1	3.16228	273.515	301.542
652	124.145	1	942674	1	914484	1	828248	1	2294.43	1	10	274.046	301.704
652	124.145	1	942674	1	914484	1	828248	1	2294.43	1	31.6228	275.484	302.156
652	124.145	1	942674	1	914484	1	828248	1	2294.43	1	100	278.364	303.17
653	140.321	1	2.52113e+06	1	618927	1	1.07109e+06	1	1337.61	1	0	273.249	301.462
653	140.321	1	2.52113e+06	1	618927	1	1.07109e+06	1	1337.61	1	0.001	273.249	301.462
653	140.321	1	2.52113e+06	1	618927	1	1.07109e+06	1	1337.61	1	0.00316228	273.25	301.462
653	140.321	1	2.52113e+06	1	618927	1	1.07109e+06	1	1337.61	1	0.01	273.25	301.462
653	140.321	1	2.52113e+06	1	618927	1	1.07109e+06	1	1337.61	1	0.0316228	273.252	301.462
653	140.321	1	2.52113e+06	1	618927	1	1.07109e+06	1	1337.61	1	0.1	273.257	301.464
653	140.321	1	2.52113e+06	1	618927	1	1.07109e+06	1	1337.61	1	0.316228	273.274	301.469
653	140.321	1	2.52113e+06	1	618927	1	1.07109e+06	1	1337.61	1	1	273.326	301.485
653	140.321	1	2.52113e+06	1	618927	1	1.07109e+06	1	1337.61	1	3.16228	273.487	301.535
653	140.321	1	2.52113e+06	1	618927	1	1.07109e+06	1	1337.61	1	10	273.966	301.685
653	140.321	1	2.52113e+06	1	618927	1	1.07109e+06	1	1337.61	1	31.6228	275.281	302.107
653	140.321	1	2.52113e+06	1	618927	1	1.07109e+06	1	1337.61	1	100	278.063	303.099
654	227.546	1	762915	1	725933	1	1.57329e+06	1	3381.37	1	0	273.249	301.462
654	227.546	1	762915	1	725933	1	1.57329e+06	1	3381.37	1	0.001	273.249	301.462
654	227.546	1	762915	1	725933	1	1.57329e+06	1	3381.37	1	0.00316228	273.25	301.462
654	227.546	1	762915	1	725933	1	1.57329e+06	1	3381.37	1	0.01	273.25	301.462
654	227.546	1	762915	1	725933	1	1.57329e+06	1	3381.37	1	0.0316228	273.251	301.462
654	227.546	1	762915	1	725933	1	1.57329e+06	1	3381.37	1	0.1	273.254	301.463
654	227.546	1	762915	1	725933	1	1.57329e+06	1	3381.37	1	0.316228	273.264	301.466
654	227.546	1	762915	1	725933	1	1.57329e+06	1	3381.37	1	1	273.296	301.476
654	227.546	1	762915	1	725933	1	1.57329e+06	1	3381.37	1	3.16228	273.396	301.506
654	227.546	1	762915	1	725933	1	1.57329e+06	1	3381.37	1	10	273.7	301.599
654	227.546	1	762915	1	725933	1	1.57329e+06	1	3381.37	1	31.6228	274.556	301.862
654	227.546	1	762915	1	725933	1	1.57329e+06	1	3381.37	1	100	276.704	302.566
655	161.995	1	873710	1	746383	1	1.27126e+06	1	1373.91	1	0	273.249	301.462
655	161.995	1	873710	1	746383	1	1.27126e+06	1	1373.91	1	0.001	273.249	301.462
655	161.995	1	873710	1	746383	1	1.27126e+06	1	1373.91	1	0.00316228	273.25	301.462
655	161.995	1	873710	1	746383	1	1.27126e+06	1	1373.91	1	0.01	273.25	301.462
655	161.995	1	873710	1	746383	1	1.27126e+06	1	1373.91	1	0.0316228	273.252	301.462
655	161.995	1	873710	1	746383	1	1.27126e+06	1	1373.91	1	0.1	273.256	301.464
655	161.995	1	873710	1	746383	1	1.27126e+06	1	1373.91	1	0.316228	273.27	301.468
655	161.995	1	873710	1	746383	1	1.27126e+06	1	1373.91	1	1	273.316	301.482
655	161.995	1	873710	1	746383	1	1.27126e+06	1	1373.91	1	3.16228	273.456	301.526
655	161.995	1	873710	1	746383	1	1.27126e+06	1	1373.91	1	10	273.876	301.657
655	161.995	1	873710	1	746383	1	1.27126e+06	1	1373.91	1	31.6228	275.044	302.031
655	161.995	1	873710	1	746383	1	1.27126e+06	1	1373.91	1	100	277.669	302.944
656	102.722	1	1.41979e+06	1	1.18684e+06	1	779187	1	989.956	1	0	273.249	301.462
656	102.722	1	1.41979e+06	1	1.18684e+06	1	779187	1	989.956	1	0.001	273.25	301.462
656	102.722	1	1.41979e+06	1	1.18684e+06	1	779187	1	989.956	1	0.00316228	273.25	301.462
656	102.722	1	1.41979e+06	1	1.18684e+06	1	779187	1	989.956	1	0.01	273.25	301.462
656	102.722	1	1.41979e+06	1	1.18684e+06	1	779187	1	989.956	1	0.0316228	273.253	301.463
656	102.722	1	1.41979e+06	1	1.18684e+06	1	779187	1	989.956	1	0.1	273.26	301.465
656	102.722	1	1.41979e+06	1	1.18684e+06	1	779187	1	989.956	1	0.316228	273.282	301.472
656	102.722	1	1.41979e+06	1	1.18684e+06	1	779187	1	989.956	1	1	273.353	301.494
656	102.722	1	1.41979e+06	1	1.18684e+06	1	779187	1	989.956	1	3.16228	273.571	301.561
656	102.722	1	1.41979e+06	1	1.18684e+06	1	779187	1	989.956	1	10	274.205	301.759
656	102.722	1	1.41979e+06	1	1.18684e+06	1	779187	1	989.956	1	31.6228	275.878	302.302
656	102.722	1	1.41979e+06	1	1.18684e+06	1	779187	1	989.956	1	100	278.945	303.462
657	71.4642	1	241739	1	752685	1	652262	1	1323.57	1	0	273.249	301.462
657	71.4642	1	241739	1	752685	1	652262	1	1323.57	1	0.001	273.25	301.462
657	71.4642	1	241739	1	752685	1	652262	1	1323.57	1	0.00316228	273.25	301.462
657	71.4642	1	241739	1	752685	1	652262	1	1323.57	1	0.01	273.251	301.462
657	71.4642	1	241739	1	752685	1	652262	1	1323.57	1	0.0316228	273.254	301.463
657	71.4642	1	241739	1	752685	1	652262	1	1323.57	1	0.1	273.264	301.466
657	71.4642	1	241739	1	752685	1	652262	1	1323.57	1	0.316228	273.296	301.476
657	71.4642	1	241739	1	752685	1	652262	1	1323.57	1	1	273.397	301.506
657	71.4642	1	241739	1	752685	1	652262	1	1323.57	1	3.16228	273.702	301.599
657	71.4642	1	241739	1	752685	1	652262	1	1323.57	1	10	274.56	301.86
657	71.4642	1	241739	1	752685	1	652262	1	1323.57	1	31.6228	276.71	302.557
657	71.4642	1	241739	1	752685	1	652262	1	1323.57	1	100	279.516	303.753
658	153.513	1	1.1486e+06	1	815879	1	1.60568e+06	1	2383.42	1	0	273.249	301.462
658	153.513	1	1.1486e+06	1	815879	1	1.60568e+06	1	2383.42	1	0.001	273.249	301.462
658	153.513	1	1.1486e+06	1	815879	1	1.60568e+06	1	2383.42	1	0.00316228	273.25	301.462
658	153.513	1	1.1486e+06	1	815879	1	1.60568e+06	1	2383.42	1	0.01	273.25	301.462
658	153.513	1	1.1486e+06	1	815879	1	1.60568e+06	1	2383.42	1	0.0316228	273.252	301.462
658	153.513	1	1.1486e+06	1	815879	1	1.60568e+06	1	2383.42	1	0.1	273.256	301.464
658	153.513	1	1.1486e+06	1	815879	1	1.60568e+06	1	2383.42	1	0.316228	273.271	301.468
658	153.513	1	1.1486e+06	1	815879	1	1.60568e+06	1	2383.42	1	1	273.319	301.483
658	153.513	1	1.1486e+06	1	815879	1	1.60568e+06	1	2383.42	1	3.16228	273.465	301.527
658	153.513	1	1.1486e+06	1	815879	1	1.60568e+06	1	2383.42	1	10	273.904	301.662
658	153.513	1	1.1486e+06	1	815879	1	1.60568e+06	1	2383.42	1	31.6228	275.116	302.041
658	153.513	1	1.1486e+06	1	815879	1	1.60568e+06	1	2383.42	1	100	277.777	302.947
659	142.588	1	1.44899e+06	1	993532	1	1.16832e+06	1	2533.32	1	0	273.249	301.462
659	142.588	1	1.44899e+06	1	993532	1	1.16832e+06	1	2533.32	1	0.001	273.249	301.462
659	142.588	1	1.44899e+06	1	993532	1	1.16832e+06	1	2533.32	1	0.00316228	273.25	301.462
659	142.588	1	1.44899e+06	1	993532	1	1.16832e+06	1	2533.32	1	0.01	273.25	301.462
659	142.588	1	1.44899e+06	1	993532	1	1.16832e+06	1	2533.32	1	0.0316228	273.252	301.462
659	142.588	1	1.44899e+06	1	993532	1	1.16832e+06	1	2533.32	1	0.1	273.257	301.464
659	142.588	1	1.44899e+06	1	993532	1	1.16832e+06	1	2533.32	1	0.316228	273.273	301.469
659	142.588	1	1.44899e+06	1	993532	1	1.16832e+06	1	2533.32	1	1	273.324	301.484
659	142.588	1	1.44899e+06	1	993532	1	1.16832e+06	1	2533.32	1	3.16228	273.481	301.532
659	142.588	1	1.44899e+06	1	993532	1	1.16832e+06	1	2533.32	1	10	273.95	301.675
659	142.588	1	1.44899e+06	1	993532	1	1.16832e+06	1	2533.32	1	31.6228	275.237	302.078
659	142.588	1	1.44899e+06	1	993532	1	1.16832e+06	1	2533.32	1	100	277.977	303.019
660	183.579	1	1.69359e+06	1	1.07171e+06	1	833634	1	1740.98	1	0	273.249	301.462
660	183.579	1	1.69359e+06	1	1.07171e+06	1	833634	1	1740.98	1	0.001	273.249	301.462
660	183.579	1	1.69359e+06	1	1.07171e+06	1	833634	1	1740.98	1	0.00316228	273.25	301.462
660	183.579	1	1.69359e+06	1	1.07171e+06	1	833634	1	1740.98	1	0.01	273.25	301.462
660	183.579	1	1.69359e+06	1	1.07171e+06	1	833634	1	1740.98	1	0.0316228	273.251	301.462
660	183.579	1	1.69359e+06	1	1.07171e+06	1	833634	1	1740.98	1	0.1	273.255	301.463
660	183.579	1	1.69359e+06	1	1.07171e+06	1	833634	1	1740.98	1	0.316228	273.268	301.467
660	183.579	1	1.69359e+06	1	1.07171e+06	1	833634	1	1740.98	1	1	273.308	301.48
660	183.579	1	1.69359e+06	1	1.07171e+06	1	833634	1	1740.98	1	3.16228	273.432	301.518
660	183.579	1	1.69359e+06	1	1.07171e+06	1	833634	1	1740.98	1	10	273.806	301.635
660	183.579	1	1.69359e+06	1	1.07171e+06	1	833634	1	1740.98	1	31.6228	274.852	301.966
660	183.579	1	1.69359e+06	1	1.07171e+06	1	833634	1	1740.98	1	100	277.314	302.808
661	176.129	1	1.17545e+06	1	2.11967e+06	1	490504	1	1746.84	1	0	273.249	301.462
661	176.129	1	1.17545e+06	1	2.11967e+06	1	490504	1	1746.84	1	0.001	273.249	301.462
661	176.129	1	1.17545e+06	1	2.11967e+06	1	490504	1	1746.84	1	0.00316228	273.25	301.462
661	176.129	1	1.17545e+06	1	2.11967e+06	1	490504	1	1746.84	1	0.01	273.25	301.462
661	176.129	1	1.17545e+06	1	2.11967e+06	1	490504	1	1746.84	1	0.0316228	273.251	301.462
661	176.129	1	1.17545e+06	1	2.11967e+06	1	490504	1	1746.84	1	0.1	273.256	301.463
661	176.129	1	1.17545e+06	1	2.11967e+06	1	490504	1	1746.84	1	0.316228	273.269	301.468
661	176.129	1	1.17545e+06	1	2.11967e+06	1	490504	1	1746.84	1	1	273.31	301.48
661	176.129	1	1.17545e+06	1	2.11967e+06	1	490504	1	1746.84	1	3.16228	273.439	301.521
661	176.129	1	1.17545e+06	1	2.11967e+06	1	490504	1	1746.84	1	10	273.828	301.642
661	176.129	1	1.17545e+06	1	2.11967e+06	1	490504	1	1746.84	1	31.6228	274.913	301.986
661	176.129	1	1.17545e+06	1	2.11967e+06	1	490504	1	1746.84	1	100	277.431	302.848
662	243.273	1	1.12657e+06	1	456815	1	1.5113e+06	1	1277.64	1	0	273.249	301.462
662	243.273	1	1.12657e+06	1	456815	1	1.5113e+06	1	1277.64	1	0.001	273.249	301.462
662	243.273	1	1.12657e+06	1	456815	1	1.5113e+06	1	1277.64	1	0.00316228	273.25	301.462
662	243.273	1	1.12657e+06	1	456815	1	1.5113e+06	1	1277.64	1	0.01	273.25	301.462
662	243.273	1	1.12657e+06	1	456815	1	1.5113e+06	1	1277.64	1	0.0316228	273.251	301.462
662	243.273	1	1.12657e+06	1	456815	1	1.5113e+06	1	1277.64	1	0.1	273.254	301.463
662	243.273	1	1.12657e+06	1	456815	1	1.5113e+06	1	1277.64	1	0.316228	273.264	301.466
662	243.273	1	1.12657e+06	1	456815	1	1.5113e+06	1	1277.64	1	1	273.294	301.476
662	243.273	1	1.12657e+06	1	456815	1	1.5113e+06	1	1277.64	1	3.16228	273.389	301.506
662	243.273	1	1.12657e+06	1	456815	1	1.5113e+06	1	1277.64	1	10	273.68	301.6
662	243.273	1	1.12657e+06	1	456815	1	1.5113e+06	1	1277.64	1	31.6228	274.505	301.868
662	243.273	1	1.12657e+06	1	456815	1	1.5113e+06	1	1277.64	1	100	276.602	302.597
663	134.321	1	1.4347e+06	1	945839	1	1.59609e+06	1	1647.51	1	0	273.249	301.462
663	134.321	1	1.4347e+06	1	945839	1	1.59609e+06	1	1647.51	1	0.001	273.25	301.462
663	134.321	1	1.4347e+06	1	945839	1	1.59609e+06	1	1647.51	1	0.00316228	273.25	301.462
663	134.321	1	1.4347e+06	1	945839	1	1.59609e+06	1	1647.51	1	0.01	273.25	301.462
663	134.321	1	1.4347e+06	1	945839	1	1.59609e+06	1	1647.51	1	0.0316228	273.252	301.462
663	134.321	1	1.4347e+06	1	945839	1	1.59609e+06	1	1647.51	1	0.1	273.257	301.464
663	134.321	1	1.4347e+06	1	945839	1	1.59609e+06	1	1647.51	1	0.316228	273.275	301.469
663	134.321	1	1.4347e+06	1	945839	1	1.59609e+06	1	1647.51	1	1	273.329	301.486
663	134.321	1	1.4347e+06	1	945839	1	1.59609e+06	1	1647.51	1	3.16228	273.496	301.537
663	134.321	1	1.4347e+06	1	945839	1	1.59609e+06	1	1647.51	1	10	273.993	301.69
663	134.321	1	1.4347e+06	1	945839	1	1.59609e+06	1	1647.51	1	31.6228	275.349	302.121
663	134.321	1	1.4347e+06	1	945839	1	1.59609e+06	1	1647.51	1	100	278.162	303.114
664	118.928	1	791972	1	748954	1	745438	1	1045.94	1	0	273.249	301.462
664	118.928	1	791972	1	748954	1	745438	1	1045.94	1	0.001	273.25	301.462
664	118.928	1	791972	1	748954	1	745438	1	1045.94	1	0.00316228	273.25	301.462
664	118.928	1	791972	1	748954	1	745438	1	1045.94	1	0.01	273.25	301.462
664	118.928	1	791972	1	748954	1	745438	1	1045.94	1	0.0316228	273.252	301.462
664	118.928	1	791972	1	748954	1	745438	1	1045.94	1	0.1	273.258	301.464
664	118.928	1	791972	1	748954	1	745438	1	1045.94	1	0.316228	273.278	301.47
664	118.928	1	791972	1	748954	1	745438	1	1045.94	1	1	273.339	301.489
664	118.928	1	791972	1	748954	1	745438	1	1045.94	1	3.16228	273.529	301.548
664	118.928	1	791972	1	748954	1	745438	1	1045.94	1	10	274.086	301.723
664	118.928	1	791972	1	748954	1	745438	1	1045.94	1	31.6228	275.587	302.209
664	118.928	1	791972	1	748954	1	745438	1	1045.94	1	100	278.533	303.299
665	155.151	1	916664	1	664076	1	433891	1	893.811	1	0	273.249	301.462
665	155.151	1	916664	1	664076	1	433891	1	893.811	1	0.001	273.249	301.462
665	155.151	1	916664	1	664076	1	433891	1	893.811	1	0.00316228	273.25	301.462
665	155.151	1	916664	1	664076	1	433891	1	893.811	1	0.01	273.25	301.462
665	155.151	1	916664	1	664076	1	433891	1	893.811	1	0.0316228	273.252	301.462
665	155.151	1	916664	1	664076	1	433891	1	893.811	1	0.1	273.256	301.464
665	155.151	1	916664	1	664076	1	433891	1	893.811	1	0.316228	273.272	301.469
665	155.151	1	916664	1	664076	1	433891	1	893.811	1	1	273.319	301.484
665	155.151	1	916664	1	664076	1	433891	1	893.811	1	3.16228	273.467	301.531
665	155.151	1	916664	1	664076	1	433891	1	893.811	1	10	273.909	301.673
665	155.151	1	916664	1	664076	1	433891	1	893.811	1	31.6228	275.133	302.076
665	155.151	1	916664	1	664076	1	433891	1	893.811	1	100	277.838	303.06
666	167.004	1	352265	1	1.15128e+06	1	275083	1	1695.5	1	0	273.249	301.462
666	167.004	1	352265	1	1.15128e+06	1	275083	1	1695.5	1	0.001	273.249	301.462
666	167.004	1	352265	1	1.15128e+06	1	275083	1	1695.5	1	0.00316228	273.25	301.462
666	167.004	1	352265	1	1.15128e+06	1	275083	1	1695.5	1	0.01	273.25	301.462
666	167.004	1	352265	1	1.15128e+06	1	275083	1	1695.5	1	0.0316228	273.251	301.462
666	167.004	1	352265	1	1.15128e+06	1	275083	1	1695.5	1	0.1	273.256	301.464
666	167.004	1	352265	1	1.15128e+06	1	275083	1	1695.5	1	0.316228	273.27	301.468
666	167.004	1	352265	1	1.15128e+06	1	275083	1	1695.5	1	1	273.313	301.481
666	167.004	1	352265	1	1.15128e+06	1	275083	1	1695.5	1	3.16228	273.449	301.524
666	167.004	1	352265	1	1.15128e+06	1	275083	1	1695.5	1	10	273.858	301.651
666	167.004	1	352265	1	1.15128e+06	1	275083	1	1695.5	1	31.6228	274.994	302.012
666	167.004	1	352265	1	1.15128e+06	1	275083	1	1695.5	1	100	277.582	302.9
667	108.92	1	3.10739e+06	1	993138	1	885629	1	1339.8	1	0	273.249	301.462
667	108.92	1	3.10739e+06	1	993138	1	885629	1	1339.8	1	0.001	273.25	301.462
667	108.92	1	3.10739e+06	1	993138	1	885629	1	1339.8	1	0.00316228	273.25	301.462
667	108.92	1	3.10739e+06	1	993138	1	885629	1	1339.8	1	0.01	273.25	301.462
667	108.92	1	3.10739e+06	1	993138	1	885629	1	1339.8	1	0.0316228	273.253	301.463
667	108.92	1	3.10739e+06	1	993138	1	885629	1	1339.8	1	0.1	273.259	301.465
667	108.92	1	3.10739e+06	1	993138	1	885629	1	1339.8	1	0.316228	273.28	301.471
667	108.92	1	3.10739e+06	1	993138	1	885629	1	1339.8	1	1	273.347	301.492
667	108.92	1	3.10739e+06	1	993138	1	885629	1	1339.8	1	3.16228	273.552	301.555
667	108.92	1	3.10739e+06	1	993138	1	885629	1	1339.8	1	10	274.152	301.74
667	108.92	1	3.10739e+06	1	993138	1	885629	1	1339.8	1	31.6228	275.75	302.252
667	108.92	1	3.10739e+06	1	993138	1	885629	1	1339.8	1	100	278.762	303.362
668	108.246	1	779173	1	2.6016e+06	1	1.01103e+06	1	1291.17	1	0	273.249	301.462
668	108.246	1	779173	1	2.6016e+06	1	1.01103e+06	1	1291.17	1	0.001	273.25	301.462
668	108.246	1	779173	1	2.6016e+06	1	1.01103e+06	1	1291.17	1	0.00316228	273.25	301.462
668	108.246	1	779173	1	2.6016e+06	1	1.01103e+06	1	1291.17	1	0.01	273.25	301.462
668	108.246	1	779173	1	2.6016e+06	1	1.01103e+06	1	1291.17	1	0.0316228	273.253	301.463
668	108.246	1	779173	1	2.6016e+06	1	1.01103e+06	1	1291.17	1	0.1	273.259	301.465
668	108.246	1	779173	1	2.6016e+06	1	1.01103e+06	1	1291.17	1	0.316228	273.281	301.471
668	108.246	1	779173	1	2.6016e+06	1	1.01103e+06	1	1291.17	1	1	273.348	301.492
668	108.246	1	779173	1	2.6016e+06	1	1.01103e+06	1	1291.17	1	3.16228	273.554	301.555
668	108.246	1	779173	1	2.6016e+06	1	1.01103e+06	1	1291.17	1	10	274.157	301.741
668	108.246	1	779173	1	2.6016e+06	1	1.01103e+06	1	1291.17	1	31.6228	275.76	302.254
668	108.246	1	779173	1	2.6016e+06	1	1.01103e+06	1	1291.17	1	100	278.772	303.363
669	105.995	1	153328	1	777629	1	1.89717e+06	1	1100.36	1	0	273.249	301.462
669	105.995	1	153328	1	777629	1	1.89717e+06	1	1100.36	1	0.001	273.25	301.462
669	105.995	1	153328	1	777629	1	1.89717e+06	1	1100.36	1	0.00316228	273.25	301.462
669	105.995	1	153328	1	777629	1	1.89717e+06	1	1100.36	1	0.01	273.25	301.462
669	105.995	1	153328	1	777629	1	1.89717e+06	1	1100.36	1	0.0316228	273.253	301.463
669	105.995	1	153328	1	777629	1	1.89717e+06	1	1100.36	1	0.1	273.26	301.465
669	105.995	1	153328	1	777629	1	1.89717e+06	1	1100.36	1	0.316228	273.281	301.471
669	105.995	1	153328	1	777629	1	1.89717e+06	1	1100.36	1	1	273.349	301.492
669	105.995	1	153328	1	777629	1	1.89717e+06	1	1100.36	1	3.16228	273.56	301.557
669	105.995	1	153328	1	777629	1	1.89717e+06	1	1100.36	1	10	274.173	301.745
669	105.995	1	153328	1	777629	1	1.89717e+06	1	1100.36	1	31.6228	275.797	302.263
669	105.995	1	153328	1	777629	1	1.89717e+06	1	1100.36	1	100	278.808	303.371
670	131.047	1	963671	1	856114	1	805715	1	1494.8	1	0	273.249	301.462
670	131.047	1	963671	1	856114	1	805715	1	1494.8	1	0.001	273.25	301.462
670	131.047	1	963671	1	856114	1	805715	1	1494.8	1	0.00316228	273.25	301.462
670	131.047	1	963671	1	856114	1	805715	1	1494.8	1	0.01	273.25	301.462
670	131.047	1	963671	1	856114	1	805715	1	1494.8	1	0.0316228	273.252	301.462
670	131.047	1	963671	1	856114	1	805715	1	1494.8	1	0.1	273.258	301.464
670	131.047	1	963671	1	856114	1	805715	1	1494.8	1	0.316228	273.275	301.47
670	131.047	1	963671	1	856114	1	805715	1	1494.8	1	1	273.331	301.487
670	131.047	1	963671	1	856114	1	805715	1	1494.8	1	3.16228	273.502	301.54
670	131.047	1	963671	1	856114	1	805715	1	1494.8	1	10	274.011	301.697
670	131.047	1	963671	1	856114	1	805715	1	1494.8	1	31.6228	275.396	302.138
670	131.047	1	963671	1	856114	1	805715	1	1494.8	1	100	278.239	303.153
671	170.129	1	605166	1	1.02635e+06	1	997264	1	1466.75	1	0	273.249	301.462
671	170.129	1	605166	1	1.02635e+06	1	997264	1	1466.75	1	0.001	273.249	301.462
671	170.129	1	605166	1	1.02635e+06	1	997264	1	1466.75	1	0.00316228	273.25	301.462
671	170.129	1	605166	1	1.02635e+06	1	997264	1	1466.75	1	0.01	273.25	301.462
671	170.129	1	605166	1	1.02635e+06	1	997264	1	1466.75	1	0.0316228	273.251	301.462
671	170.129	1	605166	1	1.02635e+06	1	997264	1	1466.75	1	0.1	273.256	301.464
671	170.129	1	605166	1	1.02635e+06	1	997264	1	1466.75	1	0.316228	273.269	301.468
671	170.129	1	605166	1	1.02635e+06	1	997264	1	1466.75	1	1	273.312	301.481
671	170.129	1	605166	1	1.02635e+06	1	997264	1	1466.75	1	3.16228	273.446	301.523
671	170.129	1	605166	1	1.02635e+06	1	997264	1	1466.75	1	10	273.848	301.648
671	170.129	1	605166	1	1.02635e+06	1	997264	1	1466.75	1	31.6228	274.966	302.004
671	170.129	1	605166	1	1.02635e+06	1	997264	1	1466.75	1	100	277.529	302.886
672	234.94	1	1.13223e+06	1	1.39577e+06	1	95948	1	2608.09	1	0	273.249	301.462
672	234.94	1	1.13223e+06	1	1.39577e+06	1	95948	1	2608.09	1	0.001	273.249	301.462
672	234.94	1	1.13223e+06	1	1.39577e+06	1	95948	1	2608.09	1	0.00316228	273.25	301.462
672	234.94	1	1.13223e+06	1	1.39577e+06	1	95948	1	2608.09	1	0.01	273.25	301.462
672	234.94	1	1.13223e+06	1	1.39577e+06	1	95948	1	2608.09	1	0.0316228	273.251	301.462
672	234.94	1	1.13223e+06	1	1.39577e+06	1	95948	1	2608.09	1	0.1	273.254	301.463
672	234.94	1	1.13223e+06	1	1.39577e+06	1	95948	1	2608.09	1	0.316228	273.264	301.466
672	234.94	1	1.13223e+06	1	1.39577e+06	1	95948	1	2608.09	1	1	273.296	301.476
672	234.94	1	1.13223e+06	1	1.39577e+06	1	95948	1	2608.09	1	3.16228	273.394	301.508
672	234.94	1	1.13223e+06	1	1.39577e+06	1	95948	1	2608.09	1	10	273.695	301.604
672	234.94	1	1.13223e+06	1	1.39577e+06	1	95948	1	2608.09	1	31.6228	274.548	301.88
672	234.94	1	1.13223e+06	1	1.39577e+06	1	95948	1	2608.09	1	100	276.709	302.631
673	148.043	1	838727	1	944457	1	1.3819e+06	1	1587.87	1	0	273.249	301.462
673	148.043	1	838727	1	944457	1	1.3819e+06	1	1587.87	1	0.001	273.249	301.462
673	148.043	1	838727	1	944457	1	1.3819e+06	1	1587.87	1	0.00316228	273.25	301.462
673	148.043	1	838727	1	944457	1	1.3819e+06	1	1587.87	1	0.01	273.25	301.462
673	148.043	1	838727	1	944457	1	1.3819e+06	1	1587.87	1	0.0316228	273.252	301.462
673	148.043	1	838727	1	944457	1	1.3819e+06	1	1587.87	1	0.1	273.257	301.464
673	148.043	1	838727	1	944457	1	1.3819e+06	1	1587.87	1	0.316228	273.272	301.469
673	148.043	1	838727	1	944457	1	1.3819e+06	1	1587.87	1	1	273.321	301.484
673	148.043	1	838727	1	944457	1	1.3819e+06	1	1587.87	1	3.16228	273.474	301.531
673	148.043	1	838727	1	944457	1	1.3819e+06	1	1587.87	1	10	273.929	301.672
673	148.043	1	838727	1	944457	1	1.3819e+06	1	1587.87	1	31.6228	275.184	302.07
673	148.043	1	838727	1	944457	1	1.3819e+06	1	1587.87	1	100	277.897	303.016
674	124.927	1	2.19404e+06	1	1.60071e+06	1	1.13715e+06	1	1573.49	1	0	273.249	301.462
674	124.927	1	2.19404e+06	1	1.60071e+06	1	1.13715e+06	1	1573.49	1	0.001	273.25	301.462
674	124.927	1	2.19404e+06	1	1.60071e+06	1	1.13715e+06	1	1573.49	1	0.00316228	273.25	301.462
674	124.927	1	2.19404e+06	1	1.60071e+06	1	1.13715e+06	1	1573.49	1	0.01	273.25	301.462
674	124.927	1	2.19404e+06	1	1.60071e+06	1	1.13715e+06	1	1573.49	1	0.0316228	273.252	301.462
674	124.927	1	2.19404e+06	1	1.60071e+06	1	1.13715e+06	1	1573.49	1	0.1	273.258	301.464
674	124.927	1	2.19404e+06	1	1.60071e+06	1	1.13715e+06	1	1573.49	1	0.316228	273.277	301.47
674	124.927	1	2.19404e+06	1	1.60071e+06	1	1.13715e+06	1	1573.49	1	1	273.335	301.488
674	124.927	1	2.19404e+06	1	1.60071e+06	1	1.13715e+06	1	1573.49	1	3.16228	273.514	301.543
674	124.927	1	2.19404e+06	1	1.60071e+06	1	1.13715e+06	1	1573.49	1	10	274.045	301.706
674	124.927	1	2.19404e+06	1	1.60071e+06	1	1.13715e+06	1	1573.49	1	31.6228	275.481	302.163
674	124.927	1	2.19404e+06	1	1.60071e+06	1	1.13715e+06	1	1573.49	1	100	278.367	303.196
675	184.804	1	583097	1	2.05762e+06	1	703417	1	1481.26	1	0	273.249	301.462
675	184.804	1	583097	1	2.05762e+06	1	703417	1	1481.26	1	0.001	273.249	301.462
675	184.804	1	583097	1	2.05762e+06	1	703417	1	1481.26	1	0.00316228	273.25	301.462
675	184.804	1	583097	1	2.05762e+06	1	703417	1	1481.26	1	0.01	273.25	301.462
675	184.804	1	583097	1	2.05762e+06	1	703417	1	1481.26	1	0.0316228	273.251	301.462
675	184.804	1	583097	1	2.05762e+06	1	703417	1	1481.26	1	0.1	273.255	301.463
675	184.804	1	583097	1	2.05762e+06	1	703417	1	1481.26	1	0.316228	273.268	301.467
675	184.804	1	583097	1	2.05762e+06	1	703417	1	1481.26	1	1	273.307	301.48
675	184.804	1	583097	1	2.05762e+06	1	703417	1	1481.26	1	3.16228	273.431	301.518
675	184.804	1	583097	1	2.05762e+06	1	703417	1	1481.26	1	10	273.803	301.635
675	184.804	1	583097	1	2.05762e+06	1	703417	1	1481.26	1	31.6228	274.845	301.966
675	184.804	1	583097	1	2.05762e+06	1	703417	1	1481.26	1	100	277.301	302.81
676	118.246	1	1.03434e+06	1	536472	1	625338	1	2912.72	1	0	273.249	301.462
676	118.246	1	1.03434e+06	1	536472	1	625338	1	2912.72	1	0.001	273.25	301.462
676	118.246	1	1.03434e+06	1	536472	1	625338	1	2912.72	1	0.00316228	273.25	301.462
676	118.246	1	1.03434e+06	1	536472	1	625338	1	2912.72	1	0.01	273.25	301.462
676	118.246	1	1.03434e+06	1	536472	1	625338	1	2912.72	1	0.0316228	273.252	301.462
676	118.246	1	1.03434e+06	1	536472	1	625338	1	2912.72	1	0.1	273.258	301.464
676	118.246	1	1.03434e+06	1	536472	1	625338	1	2912.72	1	0.316228	273.278	301.47
676	118.246	1	1.03434e+06	1	536472	1	625338	1	2912.72	1	1	273.339	301.489
676	118.246	1	1.03434e+06	1	536472	1	625338	1	2912.72	1	3.16228	273.527	301.546
676	118.246	1	1.03434e+06	1	536472	1	625338	1	2912.72	1	10	274.082	301.714
676	118.246	1	1.03434e+06	1	536472	1	625338	1	2912.72	1	31.6228	275.573	302.181
676	118.246	1	1.03434e+06	1	536472	1	625338	1	2912.72	1	100	278.497	303.211
677	141.278	1	1.58782e+06	1	1.2095e+06	1	817909	1	1128.6	1	0	273.249	301.462
677	141.278	1	1.58782e+06	1	1.2095e+06	1	817909	1	1128.6	1	0.001	273.249	301.462
677	141.278	1	1.58782e+06	1	1.2095e+06	1	817909	1	1128.6	1	0.00316228	273.25	301.462
677	141.278	1	1.58782e+06	1	1.2095e+06	1	817909	1	1128.6	1	0.01	273.25	301.462
677	141.278	1	1.58782e+06	1	1.2095e+06	1	817909	1	1128.6	1	0.0316228	273.252	301.462
677	141.278	1	1.58782e+06	1	1.2095e+06	1	817909	1	1128.6	1	0.1	273.257	301.464
677	141.278	1	1.58782e+06	1	1.2095e+06	1	817909	1	1128.6	1	0.316228	273.274	301.469
677	141.278	1	1.58782e+06	1	1.2095e+06	1	817909	1	1128.6	1	1	273.325	301.485
677	141.278	1	1.58782e+06	1	1.2095e+06	1	817909	1	1128.6	1	3.16228	273.486	301.535
677	141.278	1	1.58782e+06	1	1.2095e+06	1	817909	1	1128.6	1	10	273.964	301.685
677	141.278	1	1.58782e+06	1	1.2095e+06	1	817909	1	1128.6	1	31.6228	275.275	302.11
677	141.278	1	1.58782e+06	1	1.2095e+06	1	817909	1	1128.6	1	100	278.057	303.112
678	227.172	1	1.86499e+06	1	94964.9	1	2.0121e+06	1	761.843	1	0	273.249	301.462
678	227.172	1	1.86499e+06	1	94964.9	1	2.0121e+06	1	761.843	1	0.001	273.249	301.462
678	227.172	1	1.86499e+06	1	94964.9	1	2.0121e+06	1	761.843	1	0.00316228	273.25	301.462
678	227.172	1	1.86499e+06	1	94964.9	1	2.0121e+06	1	761.843	1	0.01	273.25	301.462
678	227.172	1	1.86499e+06	1	94964.9	1	2.0121e+06	1	761.843	1	0.0316228	273.251	301.462
678	227.172	1	1.86499e+06	1	94964.9	1	2.0121e+06	1	761.843	1	0.1	273.254	301.463
678	227.172	1	1.86499e+06	1	94964.9	1	2.0121e+06	1	761.843	1	0.316228	273.265	301.467
678	227.172	1	1.86499e+06	1	94964.9	1	2.0121e+06	1	761.843	1	1	273.298	301.478
678	227.172	1	1.86499e+06	1	94964.9	1	2.0121e+06	1	761.843	1	3.16228	273.402	301.513
678	227.172	1	1.86499e+06	1	94964.9	1	2.0121e+06	1	761.843	1	10	273.718	301.621
678	227.172	1	1.86499e+06	1	94964.9	1	2.0121e+06	1	761.843	1	31.6228	274.612	301.929
678	227.172	1	1.86499e+06	1	94964.9	1	2.0121e+06	1	761.843	1	100	276.861	302.767
679	65.9993	1	515491	1	595340	1	2.38705e+06	1	2305.97	1	0	273.249	301.462
679	65.9993	1	515491	1	595340	1	2.38705e+06	1	2305.97	1	0.001	273.25	301.462
679	65.9993	1	515491	1	595340	1	2.38705e+06	1	2305.97	1	0.00316228	273.25	301.462
679	65.9993	1	515491	1	595340	1	2.38705e+06	1	2305.97	1	0.01	273.251	301.462
679	65.9993	1	515491	1	595340	1	2.38705e+06	1	2305.97	1	0.0316228	273.255	301.463
679	65.9993	1	515491	1	595340	1	2.38705e+06	1	2305.97	1	0.1	273.266	301.466
679	65.9993	1	515491	1	595340	1	2.38705e+06	1	2305.97	1	0.316228	273.3	301.477
679	65.9993	1	515491	1	595340	1	2.38705e+06	1	2305.97	1	1	273.408	301.509
679	65.9993	1	515491	1	595340	1	2.38705e+06	1	2305.97	1	3.16228	273.736	301.608
679	65.9993	1	515491	1	595340	1	2.38705e+06	1	2305.97	1	10	274.655	301.885
679	65.9993	1	515491	1	595340	1	2.38705e+06	1	2305.97	1	31.6228	276.905	302.609
679	65.9993	1	515491	1	595340	1	2.38705e+06	1	2305.97	1	100	279.602	303.777
680	136.62	1	885193	1	1.26756e+06	1	4.16387e+06	1	1161.06	1	0	273.249	301.462
680	136.62	1	885193	1	1.26756e+06	1	4.16387e+06	1	1161.06	1	0.001	273.25	301.462
680	136.62	1	885193	1	1.26756e+06	1	4.16387e+06	1	1161.06	1	0.00316228	273.25	301.462
680	136.62	1	885193	1	1.26756e+06	1	4.16387e+06	1	1161.06	1	0.01	273.25	301.462
680	136.62	1	885193	1	1.26756e+06	1	4.16387e+06	1	1161.06	1	0.0316228	273.252	301.462
680	136.62	1	885193	1	1.26756e+06	1	4.16387e+06	1	1161.06	1	0.1	273.257	301.464
680	136.62	1	885193	1	1.26756e+06	1	4.16387e+06	1	1161.06	1	0.316228	273.274	301.469
680	136.62	1	885193	1	1.26756e+06	1	4.16387e+06	1	1161.06	1	1	273.328	301.486
680	136.62	1	885193	1	1.26756e+06	1	4.16387e+06	1	1161.06	1	3.16228	273.493	301.537
680	136.62	1	885193	1	1.26756e+06	1	4.16387e+06	1	1161.06	1	10	273.984	301.691
680	136.62	1	885193	1	1.26756e+06	1	4.16387e+06	1	1161.06	1	31.6228	275.328	302.123
680	136.62	1	885193	1	1.26756e+06	1	4.16387e+06	1	1161.06	1	100	278.135	303.131
681	116.81	1	222000	1	1.2117e+06	1	1.11307e+06	1	803.41	1	0	273.249	301.462
681	116.81	1	222000	1	1.2117e+06	1	1.11307e+06	1	803.41	1	0.001	273.25	301.462
681	116.81	1	222000	1	1.2117e+06	1	1.11307e+06	1	803.41	1	0.00316228	273.25	301.462
681	116.81	1	222000	1	1.2117e+06	1	1.11307e+06	1	803.41	1	0.01	273.25	301.462
681	116.81	1	222000	1	1.2117e+06	1	1.11307e+06	1	803.41	1	0.0316228	273.252	301.462
681	116.81	1	222000	1	1.2117e+06	1	1.11307e+06	1	803.41	1	0.1	273.259	301.464
681	116.81	1	222000	1	1.2117e+06	1	1.11307e+06	1	803.41	1	0.316228	273.279	301.471
681	116.81	1	222000	1	1.2117e+06	1	1.11307e+06	1	803.41	1	1	273.341	301.49
681	116.81	1	222000	1	1.2117e+06	1	1.11307e+06	1	803.41	1	3.16228	273.534	301.551
681	116.81	1	222000	1	1.2117e+06	1	1.11307e+06	1	803.41	1	10	274.101	301.729
681	116.81	1	222000	1	1.2117e+06	1	1.11307e+06	1	803.41	1	31.6228	275.625	302.226
681	116.81	1	222000	1	1.2117e+06	1	1.11307e+06	1	803.41	1	100	278.581	303.334
682	192.862	1	693417	1	1.22124e+06	1	341640	1	1668.35	1	0	273.249	301.462
682	192.862	1	693417	1	1.22124e+06	1	341640	1	1668.35	1	0.001	273.249	301.462
682	192.862	1	693417	1	1.22124e+06	1	341640	1	1668.35	1	0.00316228	273.25	301.462
682	192.862	1	693417	1	1.22124e+06	1	341640	1	1668.35	1	0.01	273.25	301.462
682	192.862	1	693417	1	1.22124e+06	1	341640	1	1668.35	1	0.0316228	273.251	301.462
682	192.862	1	693417	1	1.22124e+06	1	341640	1	1668.35	1	0.1	273.255	301.463
682	192.862	1	693417	1	1.22124e+06	1	341640	1	1668.35	1	0.316228	273.267	301.467
682	192.862	1	693417	1	1.22124e+06	1	341640	1	1668.35	1	1	273.305	301.479
682	192.862	1	693417	1	1.22124e+06	1	341640	1	1668.35	1	3.16228	273.424	301.516
682	192.862	1	693417	1	1.22124e+06	1	341640	1	1668.35	1	10	273.782	301.628
682	192.862	1	693417	1	1.22124e+06	1	341640	1	1668.35	1	31.6228	274.786	301.948
682	192.862	1	693417	1	1.22124e+06	1	341640	1	1668.35	1	100	277.19	302.775
683	170.25	1	815132	1	1.04541e+06	1	515112	1	1345.4	1	0	273.249	301.462
683	170.25	1	815132	1	1.04541e+06	1	515112	1	1345.4	1	0.001	273.249	301.462
683	170.25	1	815132	1	1.04541e+06	1	515112	1	1345.4	1	0.00316228	273.25	301.462
683	170.25	1	815132	1	1.04541e+06	1	515112	1	1345.4	1	0.01	273.25	301.462
683	170.25	1	815132	1	1.04541e+06	1	515112	1	1345.4	1	0.0316228	273.251	301.462
683	170.25	1	815132	1	1.04541e+06	1	515112	1	1345.4	1	0.1	273.256	301.464
683	170.25	1	815132	1	1.04541e+06	1	515112	1	1345.4	1	0.316228	273.269	301.468
683	170.25	1	815132	1	1.04541e+06	1	515112	1	1345.4	1	1	273.313	301.481
683	170.25	1	815132	1	1.04541e+06	1	515112	1	1345.4	1	3.16228	273.446	301.523
683	170.25	1	815132	1	1.04541e+06	1	515112	1	1345.4	1	10	273.849	301.65
683	170.25	1	815132	1	1.04541e+06	1	515112	1	1345.4	1	31.6228	274.971	302.01
683	170.25	1	815132	1	1.04541e+06	1	515112	1	1345.4	1	100	277.544	302.905
684	174.365	1	347746	1	1.47154e+06	1	868705	1	1847.52	1	0	273.249	301.462
684	174.365	1	347746	1	1.47154e+06	1	868705	1	1847.52	1	0.001	273.249	301.462
684	174.365	1	347746	1	1.47154e+06	1	868705	1	1847.52	1	0.00316228	273.25	301.462
684	174.365	1	347746	1	1.47154e+06	1	868705	1	1847.52	1	0.01	273.25	301.462
684	174.365	1	347746	1	1.47154e+06	1	868705	1	1847.52	1	0.0316228	273.251	301.462
684	174.365	1	347746	1	1.47154e+06	1	868705	1	1847.52	1	0.1	273.256	301.463
684	174.365	1	347746	1	1.47154e+06	1	868705	1	1847.52	1	0.316228	273.269	301.468
684	174.365	1	347746	1	1.47154e+06	1	868705	1	1847.52	1	1	273.311	301.48
684	174.365	1	347746	1	1.47154e+06	1	868705	1	1847.52	1	3.16228	273.44	301.52
684	174.365	1	347746	1	1.47154e+06	1	868705	1	1847.52	1	10	273.831	301.641
684	174.365	1	347746	1	1.47154e+06	1	868705	1	1847.52	1	31.6228	274.921	301.982
684	174.365	1	347746	1	1.47154e+06	1	868705	1	1847.52	1	100	277.436	302.832
685	229.349	1	911412	1	935382	1	1.12753e+06	1	1957.86	1	0	273.249	301.462
685	229.349	1	911412	1	935382	1	1.12753e+06	1	1957.86	1	0.001	273.249	301.462
685	229.349	1	911412	1	935382	1	1.12753e+06	1	1957.86	1	0.00316228	273.25	301.462
685	229.349	1	911412	1	935382	1	1.12753e+06	1	1957.86	1	0.01	273.25	301.462
685	229.349	1	911412	1	935382	1	1.12753e+06	1	1957.86	1	0.0316228	273.251	301.462
685	229.349	1	911412	1	935382	1	1.12753e+06	1	1957.86	1	0.1	273.254	301.463
685	229.349	1	911412	1	935382	1	1.12753e+06	1	1957.86	1	0.316228	273.264	301.466
685	229.349	1	911412	1	935382	1	1.12753e+06	1	1957.86	1	1	273.296	301.476
685	229.349	1	911412	1	935382	1	1.12753e+06	1	1957.86	1	3.16228	273.396	301.507
685	229.349	1	911412	1	935382	1	1.12753e+06	1	1957.86	1	10	273.7	301.602
685	229.349	1	911412	1	935382	1	1.12753e+06	1	1957.86	1	31.6228	274.557	301.872
685	229.349	1	911412	1	935382	1	1.12753e+06	1	1957.86	1	100	276.713	302.598
686	212.429	1	1.37311e+06	1	1.04127e+06	1	1.1872e+06	1	1583.92	1	0	273.249	301.462
686	212.429	1	1.37311e+06	1	1.04127e+06	1	1.1872e+06	1	1583.92	1	0.001	273.249	301.462
686	212.429	1	1.37311e+06	1	1.04127e+06	1	1.1872e+06	1	1583.92	1	0.00316228	273.25	301.462
686	212.429	1	1.37311e+06	1	1.04127e+06	1	1.1872e+06	1	1583.92	1	0.01	273.25	301.462
686	212.429	1	1.37311e+06	1	1.04127e+06	1	1.1872e+06	1	1583.92	1	0.0316228	273.251	301.462
686	212.429	1	1.37311e+06	1	1.04127e+06	1	1.1872e+06	1	1583.92	1	0.1	273.255	301.463
686	212.429	1	1.37311e+06	1	1.04127e+06	1	1.1872e+06	1	1583.92	1	0.316228	273.265	301.467
686	212.429	1	1.37311e+06	1	1.04127e+06	1	1.1872e+06	1	1583.92	1	1	273.3	301.477
686	212.429	1	1.37311e+06	1	1.04127e+06	1	1.1872e+06	1	1583.92	1	3.16228	273.408	301.511
686	212.429	1	1.37311e+06	1	1.04127e+06	1	1.1872e+06	1	1583.92	1	10	273.736	301.614
686	212.429	1	1.37311e+06	1	1.04127e+06	1	1.1872e+06	1	1583.92	1	31.6228	274.656	301.907
686	212.429	1	1.37311e+06	1	1.04127e+06	1	1.1872e+06	1	1583.92	1	100	276.927	302.685
687	85.7785	1	1.07442e+06	1	754462	1	709910	1	2692.5	1	0	273.249	301.462
687	85.7785	1	1.07442e+06	1	754462	1	709910	1	2692.5	1	0.001	273.25	301.462
687	85.7785	1	1.07442e+06	1	754462	1	709910	1	2692.5	1	0.00316228	273.25	301.462
687	85.7785	1	1.07442e+06	1	754462	1	709910	1	2692.5	1	0.01	273.251	301.462
687	85.7785	1	1.07442e+06	1	754462	1	709910	1	2692.5	1	0.0316228	273.253	301.463
687	85.7785	1	1.07442e+06	1	754462	1	709910	1	2692.5	1	0.1	273.262	301.465
687	85.7785	1	1.07442e+06	1	754462	1	709910	1	2692.5	1	0.316228	273.289	301.473
687	85.7785	1	1.07442e+06	1	754462	1	709910	1	2692.5	1	1	273.372	301.499
687	85.7785	1	1.07442e+06	1	754462	1	709910	1	2692.5	1	3.16228	273.628	301.576
687	85.7785	1	1.07442e+06	1	754462	1	709910	1	2692.5	1	10	274.362	301.798
687	85.7785	1	1.07442e+06	1	754462	1	709910	1	2692.5	1	31.6228	276.25	302.395
687	85.7785	1	1.07442e+06	1	754462	1	709910	1	2692.5	1	100	279.207	303.534
688	265.394	1	1.16632e+06	1	641354	1	1.05764e+06	1	1703.4	1	0	273.249	301.462
688	265.394	1	1.16632e+06	1	641354	1	1.05764e+06	1	1703.4	1	0.001	273.249	301.462
688	265.394	1	1.16632e+06	1	641354	1	1.05764e+06	1	1703.4	1	0.00316228	273.25	301.462
688	265.394	1	1.16632e+06	1	641354	1	1.05764e+06	1	1703.4	1	0.01	273.25	301.462
688	265.394	1	1.16632e+06	1	641354	1	1.05764e+06	1	1703.4	1	0.0316228	273.251	301.462
688	265.394	1	1.16632e+06	1	641354	1	1.05764e+06	1	1703.4	1	0.1	273.254	301.463
688	265.394	1	1.16632e+06	1	641354	1	1.05764e+06	1	1703.4	1	0.316228	273.262	301.466
688	265.394	1	1.16632e+06	1	641354	1	1.05764e+06	1	1703.4	1	1	273.29	301.474
688	265.394	1	1.16632e+06	1	641354	1	1.05764e+06	1	1703.4	1	3.16228	273.377	301.502
688	265.394	1	1.16632e+06	1	641354	1	1.05764e+06	1	1703.4	1	10	273.643	301.587
688	265.394	1	1.16632e+06	1	641354	1	1.05764e+06	1	1703.4	1	31.6228	274.406	301.831
688	265.394	1	1.16632e+06	1	641354	1	1.05764e+06	1	1703.4	1	100	276.367	302.496
689	167.336	1	805934	1	1.30228e+06	1	1.93821e+06	1	2137.41	1	0	273.249	301.462
689	167.336	1	805934	1	1.30228e+06	1	1.93821e+06	1	2137.41	1	0.001	273.249	301.462
689	167.336	1	805934	1	1.30228e+06	1	1.93821e+06	1	2137.41	1	0.00316228	273.25	301.462
689	167.336	1	805934	1	1.30228e+06	1	1.93821e+06	1	2137.41	1	0.01	273.25	301.462
689	167.336	1	805934	1	1.30228e+06	1	1.93821e+06	1	2137.41	1	0.0316228	273.251	301.462
689	167.336	1	805934	1	1.30228e+06	1	1.93821e+06	1	2137.41	1	0.1	273.256	301.464
689	167.336	1	805934	1	1.30228e+06	1	1.93821e+06	1	2137.41	1	0.316228	273.27	301.468
689	167.336	1	805934	1	1.30228e+06	1	1.93821e+06	1	2137.41	1	1	273.313	301.481
689	167.336	1	805934	1	1.30228e+06	1	1.93821e+06	1	2137.41	1	3.16228	273.448	301.522
689	167.336	1	805934	1	1.30228e+06	1	1.93821e+06	1	2137.41	1	10	273.854	301.647
689	167.336	1	805934	1	1.30228e+06	1	1.93821e+06	1	2137.41	1	31.6228	274.981	302
689	167.336	1	805934	1	1.30228e+06	1	1.93821e+06	1	2137.41	1	100	277.548	302.864
690	112.975	1	1.73366e+06	1	815851	1	1.98934e+06	1	1623.51	1	0	273.249	301.462
690	112.975	1	1.73366e+06	1	815851	1	1.98934e+06	1	1623.51	1	0.001	273.25	301.462
690	112.975	1	1.73366e+06	1	815851	1	1.98934e+06	1	1623.51	1	0.00316228	273.25	301.462
690	112.975	1	1.73366e+06	1	815851	1	1.98934e+06	1	1623.51	1	0.01	273.25	301.462
690	112.975	1	1.73366e+06	1	815851	1	1.98934e+06	1	1623.51	1	0.0316228	273.252	301.462
690	112.975	1	1.73366e+06	1	815851	1	1.98934e+06	1	1623.51	1	0.1	273.259	301.464
690	112.975	1	1.73366e+06	1	815851	1	1.98934e+06	1	1623.51	1	0.316228	273.279	301.471
690	112.975	1	1.73366e+06	1	815851	1	1.98934e+06	1	1623.51	1	1	273.343	301.49
690	112.975	1	1.73366e+06	1	815851	1	1.98934e+06	1	1623.51	1	3.16228	273.541	301.551
690	112.975	1	1.73366e+06	1	815851	1	1.98934e+06	1	1623.51	1	10	274.121	301.728
690	112.975	1	1.73366e+06	1	815851	1	1.98934e+06	1	1623.51	1	31.6228	275.67	302.22
690	112.975	1	1.73366e+06	1	815851	1	1.98934e+06	1	1623.51	1	100	278.643	303.296
691	180.419	1	788383	1	1.83416e+06	1	547206	1	2224.92	1	0	273.249	301.462
691	180.419	1	788383	1	1.83416e+06	1	547206	1	2224.92	1	0.001	273.249	301.462
691	180.419	1	788383	1	1.83416e+06	1	547206	1	2224.92	1	0.00316228	273.25	301.462
691	180.419	1	788383	1	1.83416e+06	1	547206	1	2224.92	1	0.01	273.25	301.462
691	180.419	1	788383	1	1.83416e+06	1	547206	1	2224.92	1	0.0316228	273.251	301.462
691	180.419	1	788383	1	1.83416e+06	1	547206	1	2224.92	1	0.1	273.255	301.463
691	180.419	1	788383	1	1.83416e+06	1	547206	1	2224.92	1	0.316228	273.268	301.467
691	180.419	1	788383	1	1.83416e+06	1	547206	1	2224.92	1	1	273.309	301.48
691	180.419	1	788383	1	1.83416e+06	1	547206	1	2224.92	1	3.16228	273.434	301.518
691	180.419	1	788383	1	1.83416e+06	1	547206	1	2224.92	1	10	273.813	301.635
691	180.419	1	788383	1	1.83416e+06	1	547206	1	2224.92	1	31.6228	274.872	301.967
691	180.419	1	788383	1	1.83416e+06	1	547206	1	2224.92	1	100	277.346	302.801
692	97.5743	1	484128	1	666046	1	3.1145e+06	1	904.686	1	0	273.249	301.462
692	97.5743	1	484128	1	666046	1	3.1145e+06	1	904.686	1	0.001	273.25	301.462
692	97.5743	1	484128	1	666046	1	3.1145e+06	1	904.686	1	0.00316228	273.25	301.462
692	97.5743	1	484128	1	666046	1	3.1145e+06	1	904.686	1	0.01	273.251	301.462
692	97.5743	1	484128	1	666046	1	3.1145e+06	1	904.686	1	0.0316228	273.253	301.463
692	97.5743	1	484128	1	666046	1	3.1145e+06	1	904.686	1	0.1	273.26	301.465
692	97.5743	1	484128	1	666046	1	3.1145e+06	1	904.686	1	0.316228	273.284	301.472
692	97.5743	1	484128	1	666046	1	3.1145e+06	1	904.686	1	1	273.359	301.495
692	97.5743	1	484128	1	666046	1	3.1145e+06	1	904.686	1	3.16228	273.587	301.566
692	97.5743	1	484128	1	666046	1	3.1145e+06	1	904.686	1	10	274.25	301.772
692	97.5743	1	484128	1	666046	1	3.1145e+06	1	904.686	1	31.6228	275.985	302.336
692	97.5743	1	484128	1	666046	1	3.1145e+06	1	904.686	1	100	279.053	303.515
693	177.029	1	921591	1	649281	1	996903	1	1580.89	1	0	273.249	301.462
693	177.029	1	921591	1	649281	1	996903	1	1580.89	1	0.001	273.249	301.462
693	177.029	1	921591	1	649281	1	996903	1	1580.89	1	0.00316228	273.25	301.462
693	177.029	1	921591	1	649281	1	996903	1	1580.89	1	0.01	273.25	301.462
693	177.029	1	921591	1	649281	1	996903	1	1580.89	1	0.0316228	273.251	301.462
693	177.029	1	921591	1	649281	1	996903	1	1580.89	1	0.1	273.256	301.463
693	177.029	1	921591	1	649281	1	996903	1	1580.89	1	0.316228	273.269	301.468
693	177.029	1	921591	1	649281	1	996903	1	1580.89	1	1	273.31	301.48
693	177.029	1	921591	1	649281	1	996903	1	1580.89	1	3.16228	273.439	301.52
693	177.029	1	921591	1	649281	1	996903	1	1580.89	1	10	273.826	301.641
693	177.029	1	921591	1	649281	1	996903	1	1580.89	1	31.6228	274.907	301.985
693	177.029	1	921591	1	649281	1	996903	1	1580.89	1	100	277.418	302.848
694	130.907	1	566810	1	1.33631e+06	1	694313	1	1578.45	1	0	273.249	301.462
694	130.907	1	566810	1	1.33631e+06	1	694313	1	1578.45	1	0.001	273.25	301.462
694	130.907	1	566810	1	1.33631e+06	1	694313	1	1578.45	1	0.00316228	273.25	301.462
694	130.907	1	566810	1	1.33631e+06	1	694313	1	1578.45	1	0.01	273.25	301.462
694	130.907	1	566810	1	1.33631e+06	1	694313	1	1578.45	1	0.0316228	273.252	301.462
694	130.907	1	566810	1	1.33631e+06	1	694313	1	1578.45	1	0.1	273.258	301.464
694	130.907	1	566810	1	1.33631e+06	1	694313	1	1578.45	1	0.316228	273.275	301.469
694	130.907	1	566810	1	1.33631e+06	1	694313	1	1578.45	1	1	273.331	301.487
694	130.907	1	566810	1	1.33631e+06	1	694313	1	1578.45	1	3.16228	273.502	301.539
694	130.907	1	566810	1	1.33631e+06	1	694313	1	1578.45	1	10	274.011	301.696
694	130.907	1	566810	1	1.33631e+06	1	694313	1	1578.45	1	31.6228	275.395	302.135
694	130.907	1	566810	1	1.33631e+06	1	694313	1	1578.45	1	100	278.233	303.143
695	155.78	1	651735	1	804020	1	394049	1	1245.65	1	0	273.249	301.462
695	155.78	1	651735	1	804020	1	394049	1	1245.65	1	0.001	273.249	301.462
695	155.78	1	651735	1	804020	1	394049	1	1245.65	1	0.00316228	273.25	301.462
695	155.78	1	651735	1	804020	1	394049	1	1245.65	1	0.01	273.25	301.462
695	155.78	1	651735	1	804020	1	394049	1	1245.65	1	0.0316228	273.252	301.462
695	155.78	1	651735	1	804020	1	394049	1	1245.65	1	0.1	273.256	301.464
695	155.78	1	651735	1	804020	1	394049	1	1245.65	1	0.316228	273.271	301.468
695	155.78	1	651735	1	804020	1	394049	1	1245.65	1	1	273.318	301.483
695	155.78	1	651735	1	804020	1	394049	1	1245.65	1	3.16228	273.464	301.529
695	155.78	1	651735	1	804020	1	394049	1	1245.65	1	10	273.902	301.666
695	155.78	1	651735	1	804020	1	394049	1	1245.65	1	31.6228	275.112	302.057
695	155.78	1	651735	1	804020	1	394049	1	1245.65	1	100	277.792	303.006
696	205.627	1	634698	1	788629	1	954828	1	1186.96	1	0	273.249	301.462
696	205.627	1	634698	1	788629	1	954828	1	1186.96	1	0.001	273.249	301.462
696	205.627	1	634698	1	788629	1	954828	1	1186.96	1	0.00316228	273.25	301.462
696	205.627	1	634698	1	788629	1	954828	1	1186.96	1	0.01	273.25	301.462
696	205.627	1	634698	1	788629	1	954828	1	1186.96	1	0.0316228	273.251	301.462
696	205.627	1	634698	1	788629	1	954828	1	1186.96	1	0.1	273.255	301.463
696	205.627	1	634698	1	788629	1	954828	1	1186.96	1	0.316228	273.266	301.467
696	205.627	1	634698	1	788629	1	954828	1	1186.96	1	1	273.302	301.478
696	205.627	1	634698	1	788629	1	954828	1	1186.96	1	3.16228	273.414	301.514
696	205.627	1	634698	1	788629	1	954828	1	1186.96	1	10	273.753	301.622
696	205.627	1	634698	1	788629	1	954828	1	1186.96	1	31.6228	274.706	301.93
696	205.627	1	634698	1	788629	1	954828	1	1186.96	1	100	277.034	302.743
697	89.9494	1	1.24723e+06	1	748508	1	953043	1	1817.02	1	0	273.249	301.462
697	89.9494	1	1.24723e+06	1	748508	1	953043	1	1817.02	1	0.001	273.25	301.462
697	89.9494	1	1.24723e+06	1	748508	1	953043	1	1817.02	1	0.00316228	273.25	301.462
697	89.9494	1	1.24723e+06	1	748508	1	953043	1	1817.02	1	0.01	273.251	301.462
697	89.9494	1	1.24723e+06	1	748508	1	953043	1	1817.02	1	0.0316228	273.253	301.463
697	89.9494	1	1.24723e+06	1	748508	1	953043	1	1817.02	1	0.1	273.261	301.465
697	89.9494	1	1.24723e+06	1	748508	1	953043	1	1817.02	1	0.316228	273.287	301.473
697	89.9494	1	1.24723e+06	1	748508	1	953043	1	1817.02	1	1	273.367	301.497
697	89.9494	1	1.24723e+06	1	748508	1	953043	1	1817.02	1	3.16228	273.612	301.572
697	89.9494	1	1.24723e+06	1	748508	1	953043	1	1817.02	1	10	274.319	301.787
697	89.9494	1	1.24723e+06	1	748508	1	953043	1	1817.02	1	31.6228	276.146	302.368
697	89.9494	1	1.24723e+06	1	748508	1	953043	1	1817.02	1	100	279.149	303.518
698	526.665	1	2.80031e+06	1	561553	1	494713	1	2039.91	1	0	273.249	301.462
698	526.665	1	2.80031e+06	1	561553	1	494713	1	2039.91	1	0.001	273.249	301.462
698	526.665	1	2.80031e+06	1	561553	1	494713	1	2039.91	1	0.00316228	273.249	301.462
698	526.665	1	2.80031e+06	1	561553	1	494713	1	2039.91	1	0.01	273.25	301.462
698	526.665	1	2.80031e+06	1	561553	1	494713	1	2039.91	1	0.0316228	273.25	301.462
698	526.665	1	2.80031e+06	1	561553	1	494713	1	2039.91	1	0.1	273.252	301.462
698	526.665	1	2.80031e+06	1	561553	1	494713	1	2039.91	1	0.316228	273.256	301.464
698	526.665	1	2.80031e+06	1	561553	1	494713	1	2039.91	1	1	273.27	301.469
698	526.665	1	2.80031e+06	1	561553	1	494713	1	2039.91	1	3.16228	273.316	301.484
698	526.665	1	2.80031e+06	1	561553	1	494713	1	2039.91	1	10	273.456	301.531
698	526.665	1	2.80031e+06	1	561553	1	494713	1	2039.91	1	31.6228	273.878	301.672
698	526.665	1	2.80031e+06	1	561553	1	494713	1	2039.91	1	100	275.053	302.079
699	72.8523	1	585102	1	1.45698e+06	1	678855	1	1604.13	1	0	273.249	301.462
699	72.8523	1	585102	1	1.45698e+06	1	678855	1	1604.13	1	0.001	273.25	301.462
699	72.8523	1	585102	1	1.45698e+06	1	678855	1	1604.13	1	0.00316228	273.25	301.462
699	72.8523	1	585102	1	1.45698e+06	1	678855	1	1604.13	1	0.01	273.251	301.462
699	72.8523	1	585102	1	1.45698e+06	1	678855	1	1604.13	1	0.0316228	273.254	301.463
699	72.8523	1	585102	1	1.45698e+06	1	678855	1	1604.13	1	0.1	273.264	301.466
699	72.8523	1	585102	1	1.45698e+06	1	678855	1	1604.13	1	0.316228	273.296	301.476
699	72.8523	1	585102	1	1.45698e+06	1	678855	1	1604.13	1	1	273.394	301.505
699	72.8523	1	585102	1	1.45698e+06	1	678855	1	1604.13	1	3.16228	273.693	301.596
699	72.8523	1	585102	1	1.45698e+06	1	678855	1	1604.13	1	10	274.538	301.852
699	72.8523	1	585102	1	1.45698e+06	1	678855	1	1604.13	1	31.6228	276.659	302.538
699	72.8523	1	585102	1	1.45698e+06	1	678855	1	1604.13	1	100	279.482	303.725
700	170.629	1	919662	1	1.25025e+06	1	864069	1	1423.6	1	0	273.249	301.462
700	170.629	1	919662	1	1.25025e+06	1	864069	1	1423.6	1	0.001	273.249	301.462
700	170.629	1	919662	1	1.25025e+06	1	864069	1	1423.6	1	0.00316228	273.25	301.462
700	170.629	1	919662	1	1.25025e+06	1	864069	1	1423.6	1	0.01	273.25	301.462
700	170.629	1	919662	1	1.25025e+06	1	864069	1	1423.6	1	0.0316228	273.251	301.462
700	170.629	1	919662	1	1.25025e+06	1	864069	1	1423.6	1	0.1	273.256	301.464
700	170.629	1	919662	1	1.25025e+06	1	864069	1	1423.6	1	0.316228	273.269	301.468
700	170.629	1	919662	1	1.25025e+06	1	864069	1	1423.6	1	1	273.312	301.481
700	170.629	1	919662	1	1.25025e+06	1	864069	1	1423.6	1	3.16228	273.446	301.523
700	170.629	1	919662	1	1.25025e+06	1	864069	1	1423.6	1	10	273.847	301.648
700	170.629	1	919662	1	1.25025e+06	1	864069	1	1423.6	1	31.6228	274.964	302.005
700	170.629	1	919662	1	1.25025e+06	1	864069	1	1423.6	1	100	277.527	302.891
701	180.002	1	815431	1	1.02666e+06	1	318978	1	1389.28	1	0	273.249	301.462
701	180.002	1	815431	1	1.02666e+06	1	318978	1	1389.28	1	0.001	273.249	301.462
701	180.002	1	815431	1	1.02666e+06	1	318978	1	1389.28	1	0.00316228	273.25	301.462
701	180.002	1	815431	1	1.02666e+06	1	318978	1	1389.28	1	0.01	273.25	301.462
701	180.002	1	815431	1	1.02666e+06	1	318978	1	1389.28	1	0.0316228	273.251	301.462
701	180.002	1	815431	1	1.02666e+06	1	318978	1	1389.28	1	0.1	273.255	301.463
701	180.002	1	815431	1	1.02666e+06	1	318978	1	1389.28	1	0.316228	273.268	301.468
701	180.002	1	815431	1	1.02666e+06	1	318978	1	1389.28	1	1	273.309	301.48
701	180.002	1	815431	1	1.02666e+06	1	318978	1	1389.28	1	3.16228	273.436	301.52
701	180.002	1	815431	1	1.02666e+06	1	318978	1	1389.28	1	10	273.82	301.641
701	180.002	1	815431	1	1.02666e+06	1	318978	1	1389.28	1	31.6228	274.89	301.986
701	180.002	1	815431	1	1.02666e+06	1	318978	1	1389.28	1	100	277.396	302.86
702	149.84	1	1.54335e+06	1	825883	1	1.04189e+06	1	1469.41	1	0	273.249	301.462
702	149.84	1	1.54335e+06	1	825883	1	1.04189e+06	1	1469.41	1	0.001	273.249	301.462
702	149.84	1	1.54335e+06	1	825883	1	1.04189e+06	1	1469.41	1	0.00316228	273.25	301.462
702	149.84	1	1.54335e+06	1	825883	1	1.04189e+06	1	1469.41	1	0.01	273.25	301.462
702	149.84	1	1.54335e+06	1	825883	1	1.04189e+06	1	1469.41	1	0.0316228	273.252	301.462
702	149.84	1	1.54335e+06	1	825883	1	1.04189e+06	1	1469.41	1	0.1	273.257	301.464
702	149.84	1	1.54335e+06	1	825883	1	1.04189e+06	1	1469.41	1	0.316228	273.272	301.469
702	149.84	1	1.54335e+06	1	825883	1	1.04189e+06	1	1469.41	1	1	273.321	301.484
702	149.84	1	1.54335e+06	1	825883	1	1.04189e+06	1	1469.41	1	3.16228	273.472	301.53
702	149.84	1	1.54335e+06	1	825883	1	1.04189e+06	1	1469.41	1	10	273.923	301.671
702	149.84	1	1.54335e+06	1	825883	1	1.04189e+06	1	1469.41	1	31.6228	275.168	302.068
702	149.84	1	1.54335e+06	1	825883	1	1.04189e+06	1	1469.41	1	100	277.876	303.018
703	172.196	1	1.26463e+06	1	1.043e+06	1	726925	1	1092.38	1	0	273.249	301.462
703	172.196	1	1.26463e+06	1	1.043e+06	1	726925	1	1092.38	1	0.001	273.249	301.462
703	172.196	1	1.26463e+06	1	1.043e+06	1	726925	1	1092.38	1	0.00316228	273.25	301.462
703	172.196	1	1.26463e+06	1	1.043e+06	1	726925	1	1092.38	1	0.01	273.25	301.462
703	172.196	1	1.26463e+06	1	1.043e+06	1	726925	1	1092.38	1	0.0316228	273.251	301.462
703	172.196	1	1.26463e+06	1	1.043e+06	1	726925	1	1092.38	1	0.1	273.256	301.464
703	172.196	1	1.26463e+06	1	1.043e+06	1	726925	1	1092.38	1	0.316228	273.269	301.468
703	172.196	1	1.26463e+06	1	1.043e+06	1	726925	1	1092.38	1	1	273.312	301.481
703	172.196	1	1.26463e+06	1	1.043e+06	1	726925	1	1092.38	1	3.16228	273.445	301.523
703	172.196	1	1.26463e+06	1	1.043e+06	1	726925	1	1092.38	1	10	273.845	301.651
703	172.196	1	1.26463e+06	1	1.043e+06	1	726925	1	1092.38	1	31.6228	274.961	302.013
703	172.196	1	1.26463e+06	1	1.043e+06	1	726925	1	1092.38	1	100	277.53	302.921
704	164.035	1	2.08272e+06	1	1.10072e+06	1	881964	1	1359.12	1	0	273.249	301.462
704	164.035	1	2.08272e+06	1	1.10072e+06	1	881964	1	1359.12	1	0.001	273.249	301.462
704	164.035	1	2.08272e+06	1	1.10072e+06	1	881964	1	1359.12	1	0.00316228	273.25	301.462
704	164.035	1	2.08272e+06	1	1.10072e+06	1	881964	1	1359.12	1	0.01	273.25	301.462
704	164.035	1	2.08272e+06	1	1.10072e+06	1	881964	1	1359.12	1	0.0316228	273.252	301.462
704	164.035	1	2.08272e+06	1	1.10072e+06	1	881964	1	1359.12	1	0.1	273.256	301.464
704	164.035	1	2.08272e+06	1	1.10072e+06	1	881964	1	1359.12	1	0.316228	273.27	301.468
704	164.035	1	2.08272e+06	1	1.10072e+06	1	881964	1	1359.12	1	1	273.315	301.482
704	164.035	1	2.08272e+06	1	1.10072e+06	1	881964	1	1359.12	1	3.16228	273.454	301.525
704	164.035	1	2.08272e+06	1	1.10072e+06	1	881964	1	1359.12	1	10	273.87	301.656
704	164.035	1	2.08272e+06	1	1.10072e+06	1	881964	1	1359.12	1	31.6228	275.027	302.027
704	164.035	1	2.08272e+06	1	1.10072e+06	1	881964	1	1359.12	1	100	277.643	302.938
705	153.41	1	1.74942e+06	1	996819	1	904631	1	1340.82	1	0	273.249	301.462
705	153.41	1	1.74942e+06	1	996819	1	904631	1	1340.82	1	0.001	273.249	301.462
705	153.41	1	1.74942e+06	1	996819	1	904631	1	1340.82	1	0.00316228	273.25	301.462
705	153.41	1	1.74942e+06	1	996819	1	904631	1	1340.82	1	0.01	273.25	301.462
705	153.41	1	1.74942e+06	1	996819	1	904631	1	1340.82	1	0.0316228	273.252	301.462
705	153.41	1	1.74942e+06	1	996819	1	904631	1	1340.82	1	0.1	273.256	301.464
705	153.41	1	1.74942e+06	1	996819	1	904631	1	1340.82	1	0.316228	273.272	301.468
705	153.41	1	1.74942e+06	1	996819	1	904631	1	1340.82	1	1	273.319	301.483
705	153.41	1	1.74942e+06	1	996819	1	904631	1	1340.82	1	3.16228	273.467	301.529
705	153.41	1	1.74942e+06	1	996819	1	904631	1	1340.82	1	10	273.91	301.668
705	153.41	1	1.74942e+06	1	996819	1	904631	1	1340.82	1	31.6228	275.133	302.06
705	153.41	1	1.74942e+06	1	996819	1	904631	1	1340.82	1	100	277.821	303.006
706	136.911	1	625764	1	1.23746e+06	1	829476	1	1259.59	1	0	273.249	301.462
706	136.911	1	625764	1	1.23746e+06	1	829476	1	1259.59	1	0.001	273.25	301.462
706	136.911	1	625764	1	1.23746e+06	1	829476	1	1259.59	1	0.00316228	273.25	301.462
706	136.911	1	625764	1	1.23746e+06	1	829476	1	1259.59	1	0.01	273.25	301.462
706	136.911	1	625764	1	1.23746e+06	1	829476	1	1259.59	1	0.0316228	273.252	301.462
706	136.911	1	625764	1	1.23746e+06	1	829476	1	1259.59	1	0.1	273.257	301.464
706	136.911	1	625764	1	1.23746e+06	1	829476	1	1259.59	1	0.316228	273.274	301.469
706	136.911	1	625764	1	1.23746e+06	1	829476	1	1259.59	1	1	273.327	301.486
706	136.911	1	625764	1	1.23746e+06	1	829476	1	1259.59	1	3.16228	273.492	301.537
706	136.911	1	625764	1	1.23746e+06	1	829476	1	1259.59	1	10	273.982	301.689
706	136.911	1	625764	1	1.23746e+06	1	829476	1	1259.59	1	31.6228	275.323	302.119
706	136.911	1	625764	1	1.23746e+06	1	829476	1	1259.59	1	100	278.126	303.123
707	358.246	1	1.02739e+06	1	561970	1	1.19223e+06	1	1960.46	1	0	273.249	301.462
707	358.246	1	1.02739e+06	1	561970	1	1.19223e+06	1	1960.46	1	0.001	273.249	301.462
707	358.246	1	1.02739e+06	1	561970	1	1.19223e+06	1	1960.46	1	0.00316228	273.25	301.462
707	358.246	1	1.02739e+06	1	561970	1	1.19223e+06	1	1960.46	1	0.01	273.25	301.462
707	358.246	1	1.02739e+06	1	561970	1	1.19223e+06	1	1960.46	1	0.0316228	273.25	301.462
707	358.246	1	1.02739e+06	1	561970	1	1.19223e+06	1	1960.46	1	0.1	273.252	301.463
707	358.246	1	1.02739e+06	1	561970	1	1.19223e+06	1	1960.46	1	0.316228	273.259	301.465
707	358.246	1	1.02739e+06	1	561970	1	1.19223e+06	1	1960.46	1	1	273.28	301.471
707	358.246	1	1.02739e+06	1	561970	1	1.19223e+06	1	1960.46	1	3.16228	273.345	301.492
707	358.246	1	1.02739e+06	1	561970	1	1.19223e+06	1	1960.46	1	10	273.545	301.556
707	358.246	1	1.02739e+06	1	561970	1	1.19223e+06	1	1960.46	1	31.6228	274.134	301.746
707	358.246	1	1.02739e+06	1	561970	1	1.19223e+06	1	1960.46	1	100	275.711	302.277
708	182.758	1	1.62201e+06	1	438247	1	1.24244e+06	1	1019.03	1	0	273.249	301.462
708	182.758	1	1.62201e+06	1	438247	1	1.24244e+06	1	1019.03	1	0.001	273.249	301.462
708	182.758	1	1.62201e+06	1	438247	1	1.24244e+06	1	1019.03	1	0.00316228	273.25	301.462
708	182.758	1	1.62201e+06	1	438247	1	1.24244e+06	1	1019.03	1	0.01	273.25	301.462
708	182.758	1	1.62201e+06	1	438247	1	1.24244e+06	1	1019.03	1	0.0316228	273.251	301.462
708	182.758	1	1.62201e+06	1	438247	1	1.24244e+06	1	1019.03	1	0.1	273.255	301.463
708	182.758	1	1.62201e+06	1	438247	1	1.24244e+06	1	1019.03	1	0.316228	273.268	301.468
708	182.758	1	1.62201e+06	1	438247	1	1.24244e+06	1	1019.03	1	1	273.309	301.48
708	182.758	1	1.62201e+06	1	438247	1	1.24244e+06	1	1019.03	1	3.16228	273.435	301.521
708	182.758	1	1.62201e+06	1	438247	1	1.24244e+06	1	1019.03	1	10	273.814	301.643
708	182.758	1	1.62201e+06	1	438247	1	1.24244e+06	1	1019.03	1	31.6228	274.877	301.99
708	182.758	1	1.62201e+06	1	438247	1	1.24244e+06	1	1019.03	1	100	277.374	302.878
709	202.97	1	1.07012e+06	1	320124	1	2.72383e+06	1	1828.65	1	0	273.249	301.462
709	202.97	1	1.07012e+06	1	320124	1	2.72383e+06	1	1828.65	1	0.001	273.249	301.462
709	202.97	1	1.07012e+06	1	320124	1	2.72383e+06	1	1828.65	1	0.00316228	273.25	301.462
709	202.97	1	1.07012e+06	1	320124	1	2.72383e+06	1	1828.65	1	0.01	273.25	301.462
709	202.97	1	1.07012e+06	1	320124	1	2.72383e+06	1	1828.65	1	0.0316228	273.251	301.462
709	202.97	1	1.07012e+06	1	320124	1	2.72383e+06	1	1828.65	1	0.1	273.255	301.463
709	202.97	1	1.07012e+06	1	320124	1	2.72383e+06	1	1828.65	1	0.316228	273.266	301.467
709	202.97	1	1.07012e+06	1	320124	1	2.72383e+06	1	1828.65	1	1	273.302	301.478
709	202.97	1	1.07012e+06	1	320124	1	2.72383e+06	1	1828.65	1	3.16228	273.415	301.513
709	202.97	1	1.07012e+06	1	320124	1	2.72383e+06	1	1828.65	1	10	273.756	301.62
709	202.97	1	1.07012e+06	1	320124	1	2.72383e+06	1	1828.65	1	31.6228	274.712	301.922
709	202.97	1	1.07012e+06	1	320124	1	2.72383e+06	1	1828.65	1	100	277.038	302.714
710	180.944	1	998835	1	1.16059e+06	1	841792	1	1857.34	1	0	273.249	301.462
710	180.944	1	998835	1	1.16059e+06	1	841792	1	1857.34	1	0.001	273.249	301.462
710	180.944	1	998835	1	1.16059e+06	1	841792	1	1857.34	1	0.00316228	273.25	301.462
710	180.944	1	998835	1	1.16059e+06	1	841792	1	1857.34	1	0.01	273.25	301.462
710	180.944	1	998835	1	1.16059e+06	1	841792	1	1857.34	1	0.0316228	273.251	301.462
710	180.944	1	998835	1	1.16059e+06	1	841792	1	1857.34	1	0.1	273.255	301.463
710	180.944	1	998835	1	1.16059e+06	1	841792	1	1857.34	1	0.316228	273.268	301.467
710	180.944	1	998835	1	1.16059e+06	1	841792	1	1857.34	1	1	273.309	301.48
710	180.944	1	998835	1	1.16059e+06	1	841792	1	1857.34	1	3.16228	273.434	301.519
710	180.944	1	998835	1	1.16059e+06	1	841792	1	1857.34	1	10	273.813	301.636
710	180.944	1	998835	1	1.16059e+06	1	841792	1	1857.34	1	31.6228	274.871	301.97
710	180.944	1	998835	1	1.16059e+06	1	841792	1	1857.34	1	100	277.346	302.812
711	96.6919	1	1.37852e+06	1	2.25909e+06	1	1.09131e+06	1	1622.66	1	0	273.249	301.462
711	96.6919	1	1.37852e+06	1	2.25909e+06	1	1.09131e+06	1	1622.66	1	0.001	273.25	301.462
711	96.6919	1	1.37852e+06	1	2.25909e+06	1	1.09131e+06	1	1622.66	1	0.00316228	273.25	301.462
711	96.6919	1	1.37852e+06	1	2.25909e+06	1	1.09131e+06	1	1622.66	1	0.01	273.251	301.462
711	96.6919	1	1.37852e+06	1	2.25909e+06	1	1.09131e+06	1	1622.66	1	0.0316228	273.253	301.463
711	96.6919	1	1.37852e+06	1	2.25909e+06	1	1.09131e+06	1	1622.66	1	0.1	273.26	301.465
711	96.6919	1	1.37852e+06	1	2.25909e+06	1	1.09131e+06	1	1622.66	1	0.316228	273.284	301.472
711	96.6919	1	1.37852e+06	1	2.25909e+06	1	1.09131e+06	1	1622.66	1	1	273.359	301.495
711	96.6919	1	1.37852e+06	1	2.25909e+06	1	1.09131e+06	1	1622.66	1	3.16228	273.588	301.565
711	96.6919	1	1.37852e+06	1	2.25909e+06	1	1.09131e+06	1	1622.66	1	10	274.252	301.767
711	96.6919	1	1.37852e+06	1	2.25909e+06	1	1.09131e+06	1	1622.66	1	31.6228	275.986	302.318
711	96.6919	1	1.37852e+06	1	2.25909e+06	1	1.09131e+06	1	1622.66	1	100	279.037	303.456
712	377.759	1	962341	1	1.65426e+06	1	1.23912e+06	1	1608.86	1	0	273.249	301.462
712	377.759	1	962341	1	1.65426e+06	1	1.23912e+06	1	1608.86	1	0.001	273.249	301.462
712	377.759	1	962341	1	1.65426e+06	1	1.23912e+06	1	1608.86	1	0.00316228	273.25	301.462
712	377.759	1	962341	1	1.65426e+06	1	1.23912e+06	1	1608.86	1	0.01	273.25	301.462
712	377.759	1	962341	1	1.65426e+06	1	1.23912e+06	1	1608.86	1	0.0316228	273.25	301.462
712	377.759	1	962341	1	1.65426e+06	1	1.23912e+06	1	1608.86	1	0.1	273.252	301.463
712	377.759	1	962341	1	1.65426e+06	1	1.23912e+06	1	1608.86	1	0.316228	273.259	301.465
712	377.759	1	962341	1	1.65426e+06	1	1.23912e+06	1	1608.86	1	1	273.278	301.471
712	377.759	1	962341	1	1.65426e+06	1	1.23912e+06	1	1608.86	1	3.16228	273.34	301.491
712	377.759	1	962341	1	1.65426e+06	1	1.23912e+06	1	1608.86	1	10	273.532	301.553
712	377.759	1	962341	1	1.65426e+06	1	1.23912e+06	1	1608.86	1	31.6228	274.096	301.738
712	377.759	1	962341	1	1.65426e+06	1	1.23912e+06	1	1608.86	1	100	275.619	302.258
713	285.259	1	872890	1	1.42521e+06	1	1.12057e+06	1	1477.21	1	0	273.249	301.462
713	285.259	1	872890	1	1.42521e+06	1	1.12057e+06	1	1477.21	1	0.001	273.249	301.462
713	285.259	1	872890	1	1.42521e+06	1	1.12057e+06	1	1477.21	1	0.00316228	273.25	301.462
713	285.259	1	872890	1	1.42521e+06	1	1.12057e+06	1	1477.21	1	0.01	273.25	301.462
713	285.259	1	872890	1	1.42521e+06	1	1.12057e+06	1	1477.21	1	0.0316228	273.251	301.462
713	285.259	1	872890	1	1.42521e+06	1	1.12057e+06	1	1477.21	1	0.1	273.253	301.463
713	285.259	1	872890	1	1.42521e+06	1	1.12057e+06	1	1477.21	1	0.316228	273.261	301.465
713	285.259	1	872890	1	1.42521e+06	1	1.12057e+06	1	1477.21	1	1	273.287	301.474
713	285.259	1	872890	1	1.42521e+06	1	1.12057e+06	1	1477.21	1	3.16228	273.369	301.5
713	285.259	1	872890	1	1.42521e+06	1	1.12057e+06	1	1477.21	1	10	273.618	301.58
713	285.259	1	872890	1	1.42521e+06	1	1.12057e+06	1	1477.21	1	31.6228	274.338	301.812
713	285.259	1	872890	1	1.42521e+06	1	1.12057e+06	1	1477.21	1	100	276.205	302.449
714	139.7	1	1.61596e+06	1	1.11405e+06	1	479055	1	2546.51	1	0	273.249	301.462
714	139.7	1	1.61596e+06	1	1.11405e+06	1	479055	1	2546.51	1	0.001	273.249	301.462
714	139.7	1	1.61596e+06	1	1.11405e+06	1	479055	1	2546.51	1	0.00316228	273.25	301.462
714	139.7	1	1.61596e+06	1	1.11405e+06	1	479055	1	2546.51	1	0.01	273.25	301.462
714	139.7	1	1.61596e+06	1	1.11405e+06	1	479055	1	2546.51	1	0.0316228	273.252	301.462
714	139.7	1	1.61596e+06	1	1.11405e+06	1	479055	1	2546.51	1	0.1	273.257	301.464
714	139.7	1	1.61596e+06	1	1.11405e+06	1	479055	1	2546.51	1	0.316228	273.274	301.469
714	139.7	1	1.61596e+06	1	1.11405e+06	1	479055	1	2546.51	1	1	273.325	301.485
714	139.7	1	1.61596e+06	1	1.11405e+06	1	479055	1	2546.51	1	3.16228	273.486	301.534
714	139.7	1	1.61596e+06	1	1.11405e+06	1	479055	1	2546.51	1	10	273.965	301.68
714	139.7	1	1.61596e+06	1	1.11405e+06	1	479055	1	2546.51	1	31.6228	275.275	302.091
714	139.7	1	1.61596e+06	1	1.11405e+06	1	479055	1	2546.51	1	100	278.042	303.05
715	226.825	1	6.80682e+06	1	673021	1	609824	1	977.713	1	0	273.249	301.462
715	226.825	1	6.80682e+06	1	673021	1	609824	1	977.713	1	0.001	273.249	301.462
715	226.825	1	6.80682e+06	1	673021	1	609824	1	977.713	1	0.00316228	273.25	301.462
715	226.825	1	6.80682e+06	1	673021	1	609824	1	977.713	1	0.01	273.25	301.462
715	226.825	1	6.80682e+06	1	673021	1	609824	1	977.713	1	0.0316228	273.251	301.462
715	226.825	1	6.80682e+06	1	673021	1	609824	1	977.713	1	0.1	273.254	301.463
715	226.825	1	6.80682e+06	1	673021	1	609824	1	977.713	1	0.316228	273.265	301.467
715	226.825	1	6.80682e+06	1	673021	1	609824	1	977.713	1	1	273.298	301.477
715	226.825	1	6.80682e+06	1	673021	1	609824	1	977.713	1	3.16228	273.4	301.511
715	226.825	1	6.80682e+06	1	673021	1	609824	1	977.713	1	10	273.713	301.613
715	226.825	1	6.80682e+06	1	673021	1	609824	1	977.713	1	31.6228	274.596	301.907
715	226.825	1	6.80682e+06	1	673021	1	609824	1	977.713	1	100	276.816	302.702
716	114.796	1	1.01148e+06	1	1.05134e+06	1	1.49524e+06	1	1322.42	1	0	273.249	301.462
716	114.796	1	1.01148e+06	1	1.05134e+06	1	1.49524e+06	1	1322.42	1	0.001	273.25	301.462
716	114.796	1	1.01148e+06	1	1.05134e+06	1	1.49524e+06	1	1322.42	1	0.00316228	273.25	301.462
716	114.796	1	1.01148e+06	1	1.05134e+06	1	1.49524e+06	1	1322.42	1	0.01	273.25	301.462
716	114.796	1	1.01148e+06	1	1.05134e+06	1	1.49524e+06	1	1322.42	1	0.0316228	273.252	301.462
716	114.796	1	1.01148e+06	1	1.05134e+06	1	1.49524e+06	1	1322.42	1	0.1	273.259	301.464
716	114.796	1	1.01148e+06	1	1.05134e+06	1	1.49524e+06	1	1322.42	1	0.316228	273.279	301.471
716	114.796	1	1.01148e+06	1	1.05134e+06	1	1.49524e+06	1	1322.42	1	1	273.342	301.49
716	114.796	1	1.01148e+06	1	1.05134e+06	1	1.49524e+06	1	1322.42	1	3.16228	273.537	301.55
716	114.796	1	1.01148e+06	1	1.05134e+06	1	1.49524e+06	1	1322.42	1	10	274.11	301.727
716	114.796	1	1.01148e+06	1	1.05134e+06	1	1.49524e+06	1	1322.42	1	31.6228	275.645	302.218
716	114.796	1	1.01148e+06	1	1.05134e+06	1	1.49524e+06	1	1322.42	1	100	278.608	303.3
717	163.601	1	1.30522e+06	1	1.74774e+06	1	1.59702e+06	1	1823.81	1	0	273.249	301.462
717	163.601	1	1.30522e+06	1	1.74774e+06	1	1.59702e+06	1	1823.81	1	0.001	273.249	301.462
717	163.601	1	1.30522e+06	1	1.74774e+06	1	1.59702e+06	1	1823.81	1	0.00316228	273.25	301.462
717	163.601	1	1.30522e+06	1	1.74774e+06	1	1.59702e+06	1	1823.81	1	0.01	273.25	301.462
717	163.601	1	1.30522e+06	1	1.74774e+06	1	1.59702e+06	1	1823.81	1	0.0316228	273.251	301.462
717	163.601	1	1.30522e+06	1	1.74774e+06	1	1.59702e+06	1	1823.81	1	0.1	273.256	301.464
717	163.601	1	1.30522e+06	1	1.74774e+06	1	1.59702e+06	1	1823.81	1	0.316228	273.27	301.468
717	163.601	1	1.30522e+06	1	1.74774e+06	1	1.59702e+06	1	1823.81	1	1	273.315	301.482
717	163.601	1	1.30522e+06	1	1.74774e+06	1	1.59702e+06	1	1823.81	1	3.16228	273.453	301.524
717	163.601	1	1.30522e+06	1	1.74774e+06	1	1.59702e+06	1	1823.81	1	10	273.868	301.652
717	163.601	1	1.30522e+06	1	1.74774e+06	1	1.59702e+06	1	1823.81	1	31.6228	275.021	302.016
717	163.601	1	1.30522e+06	1	1.74774e+06	1	1.59702e+06	1	1823.81	1	100	277.621	302.903
718	101.752	1	2.89023e+06	1	767592	1	1.43956e+06	1	863.184	1	0	273.249	301.462
718	101.752	1	2.89023e+06	1	767592	1	1.43956e+06	1	863.184	1	0.001	273.25	301.462
718	101.752	1	2.89023e+06	1	767592	1	1.43956e+06	1	863.184	1	0.00316228	273.25	301.462
718	101.752	1	2.89023e+06	1	767592	1	1.43956e+06	1	863.184	1	0.01	273.25	301.462
718	101.752	1	2.89023e+06	1	767592	1	1.43956e+06	1	863.184	1	0.0316228	273.253	301.463
718	101.752	1	2.89023e+06	1	767592	1	1.43956e+06	1	863.184	1	0.1	273.26	301.465
718	101.752	1	2.89023e+06	1	767592	1	1.43956e+06	1	863.184	1	0.316228	273.283	301.472
718	101.752	1	2.89023e+06	1	767592	1	1.43956e+06	1	863.184	1	1	273.354	301.494
718	101.752	1	2.89023e+06	1	767592	1	1.43956e+06	1	863.184	1	3.16228	273.574	301.563
718	101.752	1	2.89023e+06	1	767592	1	1.43956e+06	1	863.184	1	10	274.215	301.764
718	101.752	1	2.89023e+06	1	767592	1	1.43956e+06	1	863.184	1	31.6228	275.904	302.316
718	101.752	1	2.89023e+06	1	767592	1	1.43956e+06	1	863.184	1	100	278.982	303.494
719	129.796	1	797669	1	415718	1	711091	1	882.292	1	0	273.249	301.462
719	129.796	1	797669	1	415718	1	711091	1	882.292	1	0.001	273.25	301.462
719	129.796	1	797669	1	415718	1	711091	1	882.292	1	0.00316228	273.25	301.462
719	129.796	1	797669	1	415718	1	711091	1	882.292	1	0.01	273.25	301.462
719	129.796	1	797669	1	415718	1	711091	1	882.292	1	0.0316228	273.252	301.462
719	129.796	1	797669	1	415718	1	711091	1	882.292	1	0.1	273.258	301.464
719	129.796	1	797669	1	415718	1	711091	1	882.292	1	0.316228	273.276	301.47
719	129.796	1	797669	1	415718	1	711091	1	882.292	1	1	273.332	301.488
719	129.796	1	797669	1	415718	1	711091	1	882.292	1	3.16228	273.507	301.543
719	129.796	1	797669	1	415718	1	711091	1	882.292	1	10	274.025	301.707
719	129.796	1	797669	1	415718	1	711091	1	882.292	1	31.6228	275.435	302.17
719	129.796	1	797669	1	415718	1	711091	1	882.292	1	100	278.313	303.24
720	145.434	1	3.32753e+07	1	496111	1	714084	1	1589.33	1	0	273.249	301.462
720	145.434	1	3.32753e+07	1	496111	1	714084	1	1589.33	1	0.001	273.249	301.462
720	145.434	1	3.32753e+07	1	496111	1	714084	1	1589.33	1	0.00316228	273.25	301.462
720	145.434	1	3.32753e+07	1	496111	1	714084	1	1589.33	1	0.01	273.25	301.462
720	145.434	1	3.32753e+07	1	496111	1	714084	1	1589.33	1	0.0316228	273.252	301.462
720	145.434	1	3.32753e+07	1	496111	1	714084	1	1589.33	1	0.1	273.257	301.464
720	145.434	1	3.32753e+07	1	496111	1	714084	1	1589.33	1	0.316228	273.273	301.469
720	145.434	1	3.32753e+07	1	496111	1	714084	1	1589.33	1	1	273.323	301.484
720	145.434	1	3.32753e+07	1	496111	1	714084	1	1589.33	1	3.16228	273.478	301.532
720	145.434	1	3.32753e+07	1	496111	1	714084	1	1589.33	1	10	273.942	301.677
720	145.434	1	3.32753e+07	1	496111	1	714084	1	1589.33	1	31.6228	275.218	302.084
720	145.434	1	3.32753e+07	1	496111	1	714084	1	1589.33	1	100	277.961	303.051
721	184.292	1	3.7964e+06	1	813151	1	2.83947e+06	1	1146.61	1	0	273.249	301.462
721	184.292	1	3.7964e+06	1	813151	1	2.83947e+06	1	1146.61	1	0.001	273.249	301.462
721	184.292	1	3.7964e+06	1	813151	1	2.83947e+06	1	1146.61	1	0.00316228	273.25	301.462
721	184.292	1	3.7964e+06	1	813151	1	2.83947e+06	1	1146.61	1	0.01	273.25	301.462
721	184.292	1	3.7964e+06	1	813151	1	2.83947e+06	1	1146.61	1	0.0316228	273.251	301.462
721	184.292	1	3.7964e+06	1	813151	1	2.83947e+06	1	1146.61	1	0.1	273.255	301.463
721	184.292	1	3.7964e+06	1	813151	1	2.83947e+06	1	1146.61	1	0.316228	273.268	301.467
721	184.292	1	3.7964e+06	1	813151	1	2.83947e+06	1	1146.61	1	1	273.308	301.48
721	184.292	1	3.7964e+06	1	813151	1	2.83947e+06	1	1146.61	1	3.16228	273.432	301.519
721	184.292	1	3.7964e+06	1	813151	1	2.83947e+06	1	1146.61	1	10	273.808	301.639
721	184.292	1	3.7964e+06	1	813151	1	2.83947e+06	1	1146.61	1	31.6228	274.859	301.979
721	184.292	1	3.7964e+06	1	813151	1	2.83947e+06	1	1146.61	1	100	277.335	302.848
722	199.014	1	480155	1	700143	1	668747	1	725.778	1	0	273.249	301.462
722	199.014	1	480155	1	700143	1	668747	1	725.778	1	0.001	273.249	301.462
722	199.014	1	480155	1	700143	1	668747	1	725.778	1	0.00316228	273.25	301.462
722	199.014	1	480155	1	700143	1	668747	1	725.778	1	0.01	273.25	301.462
722	199.014	1	480155	1	700143	1	668747	1	725.778	1	0.0316228	273.251	301.462
722	199.014	1	480155	1	700143	1	668747	1	725.778	1	0.1	273.255	301.463
722	199.014	1	480155	1	700143	1	668747	1	725.778	1	0.316228	273.267	301.467
722	199.014	1	480155	1	700143	1	668747	1	725.778	1	1	273.304	301.48
722	199.014	1	480155	1	700143	1	668747	1	725.778	1	3.16228	273.422	301.518
722	199.014	1	480155	1	700143	1	668747	1	725.778	1	10	273.776	301.636
722	199.014	1	480155	1	700143	1	668747	1	725.778	1	31.6228	274.772	301.971
722	199.014	1	480155	1	700143	1	668747	1	725.778	1	100	277.18	302.852
723	178.535	1	892736	1	2.89585e+06	1	516386	1	1698.19	1	0	273.249	301.462
723	178.535	1	892736	1	2.89585e+06	1	516386	1	1698.19	1	0.001	273.249	301.462
723	178.535	1	892736	1	2.89585e+06	1	516386	1	1698.19	1	0.00316228	273.25	301.462
723	178.535	1	892736	1	2.89585e+06	1	516386	1	1698.19	1	0.01	273.25	301.462
723	178.535	1	892736	1	2.89585e+06	1	516386	1	1698.19	1	0.0316228	273.251	301.462
723	178.535	1	892736	1	2.89585e+06	1	516386	1	1698.19	1	0.1	273.255	301.463
723	178.535	1	892736	1	2.89585e+06	1	516386	1	1698.19	1	0.316228	273.268	301.467
723	178.535	1	892736	1	2.89585e+06	1	516386	1	1698.19	1	1	273.309	301.48
723	178.535	1	892736	1	2.89585e+06	1	516386	1	1698.19	1	3.16228	273.437	301.52
723	178.535	1	892736	1	2.89585e+06	1	516386	1	1698.19	1	10	273.821	301.639
723	178.535	1	892736	1	2.89585e+06	1	516386	1	1698.19	1	31.6228	274.893	301.979
723	178.535	1	892736	1	2.89585e+06	1	516386	1	1698.19	1	100	277.393	302.835
724	164.824	1	1.13357e+06	1	538144	1	981182	1	1351.73	1	0	273.249	301.462
724	164.824	1	1.13357e+06	1	538144	1	981182	1	1351.73	1	0.001	273.249	301.462
724	164.824	1	1.13357e+06	1	538144	1	981182	1	1351.73	1	0.00316228	273.25	301.462
724	164.824	1	1.13357e+06	1	538144	1	981182	1	1351.73	1	0.01	273.25	301.462
724	164.824	1	1.13357e+06	1	538144	1	981182	1	1351.73	1	0.0316228	273.251	301.462
724	164.824	1	1.13357e+06	1	538144	1	981182	1	1351.73	1	0.1	273.256	301.464
724	164.824	1	1.13357e+06	1	538144	1	981182	1	1351.73	1	0.316228	273.27	301.468
724	164.824	1	1.13357e+06	1	538144	1	981182	1	1351.73	1	1	273.315	301.482
724	164.824	1	1.13357e+06	1	538144	1	981182	1	1351.73	1	3.16228	273.453	301.525
724	164.824	1	1.13357e+06	1	538144	1	981182	1	1351.73	1	10	273.867	301.655
724	164.824	1	1.13357e+06	1	538144	1	981182	1	1351.73	1	31.6228	275.019	302.025
724	164.824	1	1.13357e+06	1	538144	1	981182	1	1351.73	1	100	277.63	302.934
725	178.607	1	1.20386e+06	1	819100	1	798640	1	750.111	1	0	273.249	301.462
725	178.607	1	1.20386e+06	1	819100	1	798640	1	750.111	1	0.001	273.249	301.462
725	178.607	1	1.20386e+06	1	819100	1	798640	1	750.111	1	0.00316228	273.25	301.462
725	178.607	1	1.20386e+06	1	819100	1	798640	1	750.111	1	0.01	273.25	301.462
725	178.607	1	1.20386e+06	1	819100	1	798640	1	750.111	1	0.0316228	273.251	301.462
725	178.607	1	1.20386e+06	1	819100	1	798640	1	750.111	1	0.1	273.256	301.464
725	178.607	1	1.20386e+06	1	819100	1	798640	1	750.111	1	0.316228	273.269	301.468
725	178.607	1	1.20386e+06	1	819100	1	798640	1	750.111	1	1	273.31	301.481
725	178.607	1	1.20386e+06	1	819100	1	798640	1	750.111	1	3.16228	273.44	301.524
725	178.607	1	1.20386e+06	1	819100	1	798640	1	750.111	1	10	273.831	301.652
725	178.607	1	1.20386e+06	1	819100	1	798640	1	750.111	1	31.6228	274.924	302.018
725	178.607	1	1.20386e+06	1	819100	1	798640	1	750.111	1	100	277.474	302.949
726	171.38	1	432063	1	1.0241e+06	1	779198	1	1897.82	1	0	273.249	301.462
726	171.38	1	432063	1	1.0241e+06	1	779198	1	1897.82	1	0.001	273.249	301.462
726	171.38	1	432063	1	1.0241e+06	1	779198	1	1897.82	1	0.00316228	273.25	301.462
726	171.38	1	432063	1	1.0241e+06	1	779198	1	1897.82	1	0.01	273.25	301.462
726	171.38	1	432063	1	1.0241e+06	1	779198	1	1897.82	1	0.0316228	273.251	301.462
726	171.38	1	432063	1	1.0241e+06	1	779198	1	1897.82	1	0.1	273.256	301.463
726	171.38	1	432063	1	1.0241e+06	1	779198	1	1897.82	1	0.316228	273.269	301.468
726	171.38	1	432063	1	1.0241e+06	1	779198	1	1897.82	1	1	273.312	301.481
726	171.38	1	432063	1	1.0241e+06	1	779198	1	1897.82	1	3.16228	273.444	301.521
726	171.38	1	432063	1	1.0241e+06	1	779198	1	1897.82	1	10	273.841	301.644
726	171.38	1	432063	1	1.0241e+06	1	779198	1	1897.82	1	31.6228	274.948	301.991
726	171.38	1	432063	1	1.0241e+06	1	779198	1	1897.82	1	100	277.488	302.852
727	110.444	1	657555	1	1.21187e+06	1	1.1059e+06	1	1626.28	1	0	273.249	301.462
727	110.444	1	657555	1	1.21187e+06	1	1.1059e+06	1	1626.28	1	0.001	273.25	301.462
727	110.444	1	657555	1	1.21187e+06	1	1.1059e+06	1	1626.28	1	0.00316228	273.25	301.462
727	110.444	1	657555	1	1.21187e+06	1	1.1059e+06	1	1626.28	1	0.01	273.25	301.462
727	110.444	1	657555	1	1.21187e+06	1	1.1059e+06	1	1626.28	1	0.0316228	273.252	301.463
727	110.444	1	657555	1	1.21187e+06	1	1.1059e+06	1	1626.28	1	0.1	273.259	301.465
727	110.444	1	657555	1	1.21187e+06	1	1.1059e+06	1	1626.28	1	0.316228	273.28	301.471
727	110.444	1	657555	1	1.21187e+06	1	1.1059e+06	1	1626.28	1	1	273.345	301.491
727	110.444	1	657555	1	1.21187e+06	1	1.1059e+06	1	1626.28	1	3.16228	273.547	301.552
727	110.444	1	657555	1	1.21187e+06	1	1.1059e+06	1	1626.28	1	10	274.138	301.733
727	110.444	1	657555	1	1.21187e+06	1	1.1059e+06	1	1626.28	1	31.6228	275.713	302.233
727	110.444	1	657555	1	1.21187e+06	1	1.1059e+06	1	1626.28	1	100	278.702	303.315
728	252.575	1	1.00547e+06	1	799194	1	1.24656e+06	1	1428.31	1	0	273.249	301.462
728	252.575	1	1.00547e+06	1	799194	1	1.24656e+06	1	1428.31	1	0.001	273.249	301.462
728	252.575	1	1.00547e+06	1	799194	1	1.24656e+06	1	1428.31	1	0.00316228	273.25	301.462
728	252.575	1	1.00547e+06	1	799194	1	1.24656e+06	1	1428.31	1	0.01	273.25	301.462
728	252.575	1	1.00547e+06	1	799194	1	1.24656e+06	1	1428.31	1	0.0316228	273.251	301.462
728	252.575	1	1.00547e+06	1	799194	1	1.24656e+06	1	1428.31	1	0.1	273.254	301.463
728	252.575	1	1.00547e+06	1	799194	1	1.24656e+06	1	1428.31	1	0.316228	273.263	301.466
728	252.575	1	1.00547e+06	1	799194	1	1.24656e+06	1	1428.31	1	1	273.292	301.475
728	252.575	1	1.00547e+06	1	799194	1	1.24656e+06	1	1428.31	1	3.16228	273.384	301.504
728	252.575	1	1.00547e+06	1	799194	1	1.24656e+06	1	1428.31	1	10	273.664	301.594
728	252.575	1	1.00547e+06	1	799194	1	1.24656e+06	1	1428.31	1	31.6228	274.461	301.851
728	252.575	1	1.00547e+06	1	799194	1	1.24656e+06	1	1428.31	1	100	276.498	302.55
729	191.869	1	1.61907e+06	1	998646	1	1.38739e+06	1	1260.11	1	0	273.249	301.462
729	191.869	1	1.61907e+06	1	998646	1	1.38739e+06	1	1260.11	1	0.001	273.249	301.462
729	191.869	1	1.61907e+06	1	998646	1	1.38739e+06	1	1260.11	1	0.00316228	273.25	301.462
729	191.869	1	1.61907e+06	1	998646	1	1.38739e+06	1	1260.11	1	0.01	273.25	301.462
729	191.869	1	1.61907e+06	1	998646	1	1.38739e+06	1	1260.11	1	0.0316228	273.251	301.462
729	191.869	1	1.61907e+06	1	998646	1	1.38739e+06	1	1260.11	1	0.1	273.255	301.463
729	191.869	1	1.61907e+06	1	998646	1	1.38739e+06	1	1260.11	1	0.316228	273.267	301.467
729	191.869	1	1.61907e+06	1	998646	1	1.38739e+06	1	1260.11	1	1	273.306	301.479
729	191.869	1	1.61907e+06	1	998646	1	1.38739e+06	1	1260.11	1	3.16228	273.425	301.517
729	191.869	1	1.61907e+06	1	998646	1	1.38739e+06	1	1260.11	1	10	273.786	301.631
729	191.869	1	1.61907e+06	1	998646	1	1.38739e+06	1	1260.11	1	31.6228	274.799	301.957
729	191.869	1	1.61907e+06	1	998646	1	1.38739e+06	1	1260.11	1	100	277.216	302.8
730	325.454	1	1.10738e+06	1	1.21129e+06	1	1.47179e+06	1	1304.68	1	0	273.249	301.462
730	325.454	1	1.10738e+06	1	1.21129e+06	1	1.47179e+06	1	1304.68	1	0.001	273.249	301.462
730	325.454	1	1.10738e+06	1	1.21129e+06	1	1.47179e+06	1	1304.68	1	0.00316228	273.25	301.462
730	325.454	1	1.10738e+06	1	1.21129e+06	1	1.47179e+06	1	1304.68	1	0.01	273.25	301.462
730	325.454	1	1.10738e+06	1	1.21129e+06	1	1.47179e+06	1	1304.68	1	0.0316228	273.25	301.462
730	325.454	1	1.10738e+06	1	1.21129e+06	1	1.47179e+06	1	1304.68	1	0.1	273.253	301.463
730	325.454	1	1.10738e+06	1	1.21129e+06	1	1.47179e+06	1	1304.68	1	0.316228	273.26	301.465
730	325.454	1	1.10738e+06	1	1.21129e+06	1	1.47179e+06	1	1304.68	1	1	273.283	301.473
730	325.454	1	1.10738e+06	1	1.21129e+06	1	1.47179e+06	1	1304.68	1	3.16228	273.355	301.496
730	325.454	1	1.10738e+06	1	1.21129e+06	1	1.47179e+06	1	1304.68	1	10	273.577	301.569
730	325.454	1	1.10738e+06	1	1.21129e+06	1	1.47179e+06	1	1304.68	1	31.6228	274.223	301.782
730	325.454	1	1.10738e+06	1	1.21129e+06	1	1.47179e+06	1	1304.68	1	100	275.931	302.372
731	148.036	1	570393	1	1.54194e+06	1	1.61352e+06	1	858.107	1	0	273.249	301.462
731	148.036	1	570393	1	1.54194e+06	1	1.61352e+06	1	858.107	1	0.001	273.249	301.462
731	148.036	1	570393	1	1.54194e+06	1	1.61352e+06	1	858.107	1	0.00316228	273.25	301.462
731	148.036	1	570393	1	1.54194e+06	1	1.61352e+06	1	858.107	1	0.01	273.25	301.462
731	148.036	1	570393	1	1.54194e+06	1	1.61352e+06	1	858.107	1	0.0316228	273.252	301.462
731	148.036	1	570393	1	1.54194e+06	1	1.61352e+06	1	858.107	1	0.1	273.257	301.464
731	148.036	1	570393	1	1.54194e+06	1	1.61352e+06	1	858.107	1	0.316228	273.273	301.469
731	148.036	1	570393	1	1.54194e+06	1	1.61352e+06	1	858.107	1	1	273.322	301.485
731	148.036	1	570393	1	1.54194e+06	1	1.61352e+06	1	858.107	1	3.16228	273.476	301.533
731	148.036	1	570393	1	1.54194e+06	1	1.61352e+06	1	858.107	1	10	273.936	301.68
731	148.036	1	570393	1	1.54194e+06	1	1.61352e+06	1	858.107	1	31.6228	275.205	302.096
731	148.036	1	570393	1	1.54194e+06	1	1.61352e+06	1	858.107	1	100	277.947	303.094
732	177.865	1	1.37539e+06	1	1.85472e+06	1	828198	1	1275.11	1	0	273.249	301.462
732	177.865	1	1.37539e+06	1	1.85472e+06	1	828198	1	1275.11	1	0.001	273.249	301.462
732	177.865	1	1.37539e+06	1	1.85472e+06	1	828198	1	1275.11	1	0.00316228	273.25	301.462
732	177.865	1	1.37539e+06	1	1.85472e+06	1	828198	1	1275.11	1	0.01	273.25	301.462
732	177.865	1	1.37539e+06	1	1.85472e+06	1	828198	1	1275.11	1	0.0316228	273.251	301.462
732	177.865	1	1.37539e+06	1	1.85472e+06	1	828198	1	1275.11	1	0.1	273.256	301.463
732	177.865	1	1.37539e+06	1	1.85472e+06	1	828198	1	1275.11	1	0.316228	273.269	301.468
732	177.865	1	1.37539e+06	1	1.85472e+06	1	828198	1	1275.11	1	1	273.31	301.481
732	177.865	1	1.37539e+06	1	1.85472e+06	1	828198	1	1275.11	1	3.16228	273.438	301.521
732	177.865	1	1.37539e+06	1	1.85472e+06	1	828198	1	1275.11	1	10	273.826	301.643
732	177.865	1	1.37539e+06	1	1.85472e+06	1	828198	1	1275.11	1	31.6228	274.906	301.991
732	177.865	1	1.37539e+06	1	1.85472e+06	1	828198	1	1275.11	1	100	277.423	302.868
733	28.8915	1	1.63928e+06	1	904790	1	894673	1	1125.86	1	0	273.249	301.462
733	28.8915	1	1.63928e+06	1	904790	1	894673	1	1125.86	1	0.001	273.25	301.462
733	28.8915	1	1.63928e+06	1	904790	1	894673	1	1125.86	1	0.00316228	273.251	301.462
733	28.8915	1	1.63928e+06	1	904790	1	894673	1	1125.86	1	0.01	273.253	301.463
733	28.8915	1	1.63928e+06	1	904790	1	894673	1	1125.86	1	0.0316228	273.261	301.465
733	28.8915	1	1.63928e+06	1	904790	1	894673	1	1125.86	1	0.1	273.286	301.473
733	28.8915	1	1.63928e+06	1	904790	1	894673	1	1125.86	1	0.316228	273.365	301.496
733	28.8915	1	1.63928e+06	1	904790	1	894673	1	1125.86	1	1	273.605	301.568
733	28.8915	1	1.63928e+06	1	904790	1	894673	1	1125.86	1	3.16228	274.3	301.777
733	28.8915	1	1.63928e+06	1	904790	1	894673	1	1125.86	1	10	276.097	302.34
733	28.8915	1	1.63928e+06	1	904790	1	894673	1	1125.86	1	31.6228	279.094	303.451
733	28.8915	1	1.63928e+06	1	904790	1	894673	1	1125.86	1	100	280.417	304.584
734	132.32	1	2.43426e+06	1	1.14048e+06	1	968227	1	1306.93	1	0	273.249	301.462
734	132.32	1	2.43426e+06	1	1.14048e+06	1	968227	1	1306.93	1	0.001	273.25	301.462
734	132.32	1	2.43426e+06	1	1.14048e+06	1	968227	1	1306.93	1	0.00316228	273.25	301.462
734	132.32	1	2.43426e+06	1	1.14048e+06	1	968227	1	1306.93	1	0.01	273.25	301.462
734	132.32	1	2.43426e+06	1	1.14048e+06	1	968227	1	1306.93	1	0.0316228	273.252	301.462
734	132.32	1	2.43426e+06	1	1.14048e+06	1	968227	1	1306.93	1	0.1	273.258	301.464
734	132.32	1	2.43426e+06	1	1.14048e+06	1	968227	1	1306.93	1	0.316228	273.275	301.47
734	132.32	1	2.43426e+06	1	1.14048e+06	1	968227	1	1306.93	1	1	273.33	301.487
734	132.32	1	2.43426e+06	1	1.14048e+06	1	968227	1	1306.93	1	3.16228	273.501	301.539
734	132.32	1	2.43426e+06	1	1.14048e+06	1	968227	1	1306.93	1	10	274.006	301.697
734	132.32	1	2.43426e+06	1	1.14048e+06	1	968227	1	1306.93	1	31.6228	275.384	302.139
734	132.32	1	2.43426e+06	1	1.14048e+06	1	968227	1	1306.93	1	100	278.223	303.16
735	130.14	1	853005	1	1.3645e+06	1	1.12391e+06	1	973.335	1	0	273.249	301.462
735	130.14	1	853005	1	1.3645e+06	1	1.12391e+06	1	973.335	1	0.001	273.25	301.462
735	130.14	1	853005	1	1.3645e+06	1	1.12391e+06	1	973.335	1	0.00316228	273.25	301.462
735	130.14	1	853005	1	1.3645e+06	1	1.12391e+06	1	973.335	1	0.01	273.25	301.462
735	130.14	1	853005	1	1.3645e+06	1	1.12391e+06	1	973.335	1	0.0316228	273.252	301.462
735	130.14	1	853005	1	1.3645e+06	1	1.12391e+06	1	973.335	1	0.1	273.258	301.464
735	130.14	1	853005	1	1.3645e+06	1	1.12391e+06	1	973.335	1	0.316228	273.276	301.47
735	130.14	1	853005	1	1.3645e+06	1	1.12391e+06	1	973.335	1	1	273.332	301.487
735	130.14	1	853005	1	1.3645e+06	1	1.12391e+06	1	973.335	1	3.16228	273.506	301.542
735	130.14	1	853005	1	1.3645e+06	1	1.12391e+06	1	973.335	1	10	274.021	301.704
735	130.14	1	853005	1	1.3645e+06	1	1.12391e+06	1	973.335	1	31.6228	275.423	302.16
735	130.14	1	853005	1	1.3645e+06	1	1.12391e+06	1	973.335	1	100	278.287	303.211
736	138.696	1	1.34276e+06	1	819179	1	507359	1	1949.26	1	0	273.249	301.462
736	138.696	1	1.34276e+06	1	819179	1	507359	1	1949.26	1	0.001	273.25	301.462
736	138.696	1	1.34276e+06	1	819179	1	507359	1	1949.26	1	0.00316228	273.25	301.462
736	138.696	1	1.34276e+06	1	819179	1	507359	1	1949.26	1	0.01	273.25	301.462
736	138.696	1	1.34276e+06	1	819179	1	507359	1	1949.26	1	0.0316228	273.252	301.462
736	138.696	1	1.34276e+06	1	819179	1	507359	1	1949.26	1	0.1	273.257	301.464
736	138.696	1	1.34276e+06	1	819179	1	507359	1	1949.26	1	0.316228	273.274	301.469
736	138.696	1	1.34276e+06	1	819179	1	507359	1	1949.26	1	1	273.326	301.485
736	138.696	1	1.34276e+06	1	819179	1	507359	1	1949.26	1	3.16228	273.489	301.535
736	138.696	1	1.34276e+06	1	819179	1	507359	1	1949.26	1	10	273.971	301.683
736	138.696	1	1.34276e+06	1	819179	1	507359	1	1949.26	1	31.6228	275.293	302.102
736	138.696	1	1.34276e+06	1	819179	1	507359	1	1949.26	1	100	278.074	303.077
737	174.229	1	1.67237e+06	1	1.24818e+06	1	710638	1	2025.32	1	0	273.249	301.462
737	174.229	1	1.67237e+06	1	1.24818e+06	1	710638	1	2025.32	1	0.001	273.249	301.462
737	174.229	1	1.67237e+06	1	1.24818e+06	1	710638	1	2025.32	1	0.00316228	273.25	301.462
737	174.229	1	1.67237e+06	1	1.24818e+06	1	710638	1	2025.32	1	0.01	273.25	301.462
737	174.229	1	1.67237e+06	1	1.24818e+06	1	710638	1	2025.32	1	0.0316228	273.251	301.462
737	174.229	1	1.67237e+06	1	1.24818e+06	1	710638	1	2025.32	1	0.1	273.256	301.463
737	174.229	1	1.67237e+06	1	1.24818e+06	1	710638	1	2025.32	1	0.316228	273.269	301.468
737	174.229	1	1.67237e+06	1	1.24818e+06	1	710638	1	2025.32	1	1	273.311	301.48
737	174.229	1	1.67237e+06	1	1.24818e+06	1	710638	1	2025.32	1	3.16228	273.441	301.521
737	174.229	1	1.67237e+06	1	1.24818e+06	1	710638	1	2025.32	1	10	273.833	301.642
737	174.229	1	1.67237e+06	1	1.24818e+06	1	710638	1	2025.32	1	31.6228	274.925	301.986
737	174.229	1	1.67237e+06	1	1.24818e+06	1	710638	1	2025.32	1	100	277.45	302.843
738	125.774	1	850380	1	1.26037e+06	1	1.01586e+06	1	1904.49	1	0	273.249	301.462
738	125.774	1	850380	1	1.26037e+06	1	1.01586e+06	1	1904.49	1	0.001	273.25	301.462
738	125.774	1	850380	1	1.26037e+06	1	1.01586e+06	1	1904.49	1	0.00316228	273.25	301.462
738	125.774	1	850380	1	1.26037e+06	1	1.01586e+06	1	1904.49	1	0.01	273.25	301.462
738	125.774	1	850380	1	1.26037e+06	1	1.01586e+06	1	1904.49	1	0.0316228	273.252	301.462
738	125.774	1	850380	1	1.26037e+06	1	1.01586e+06	1	1904.49	1	0.1	273.258	301.464
738	125.774	1	850380	1	1.26037e+06	1	1.01586e+06	1	1904.49	1	0.316228	273.276	301.47
738	125.774	1	850380	1	1.26037e+06	1	1.01586e+06	1	1904.49	1	1	273.334	301.487
738	125.774	1	850380	1	1.26037e+06	1	1.01586e+06	1	1904.49	1	3.16228	273.512	301.542
738	125.774	1	850380	1	1.26037e+06	1	1.01586e+06	1	1904.49	1	10	274.038	301.703
738	125.774	1	850380	1	1.26037e+06	1	1.01586e+06	1	1904.49	1	31.6228	275.463	302.152
738	125.774	1	850380	1	1.26037e+06	1	1.01586e+06	1	1904.49	1	100	278.334	303.167
739	125.75	1	932784	1	820897	1	480983	1	1300.78	1	0	273.249	301.462
739	125.75	1	932784	1	820897	1	480983	1	1300.78	1	0.001	273.25	301.462
739	125.75	1	932784	1	820897	1	480983	1	1300.78	1	0.00316228	273.25	301.462
739	125.75	1	932784	1	820897	1	480983	1	1300.78	1	0.01	273.25	301.462
739	125.75	1	932784	1	820897	1	480983	1	1300.78	1	0.0316228	273.252	301.462
739	125.75	1	932784	1	820897	1	480983	1	1300.78	1	0.1	273.258	301.464
739	125.75	1	932784	1	820897	1	480983	1	1300.78	1	0.316228	273.276	301.47
739	125.75	1	932784	1	820897	1	480983	1	1300.78	1	1	273.334	301.488
739	125.75	1	932784	1	820897	1	480983	1	1300.78	1	3.16228	273.513	301.543
739	125.75	1	932784	1	820897	1	480983	1	1300.78	1	10	274.043	301.708
739	125.75	1	932784	1	820897	1	480983	1	1300.78	1	31.6228	275.477	302.169
739	125.75	1	932784	1	820897	1	480983	1	1300.78	1	100	278.368	303.218
740	109.983	1	650890	1	647137	1	1.96685e+06	1	1834.02	1	0	273.249	301.462
740	109.983	1	650890	1	647137	1	1.96685e+06	1	1834.02	1	0.001	273.25	301.462
740	109.983	1	650890	1	647137	1	1.96685e+06	1	1834.02	1	0.00316228	273.25	301.462
740	109.983	1	650890	1	647137	1	1.96685e+06	1	1834.02	1	0.01	273.25	301.462
740	109.983	1	650890	1	647137	1	1.96685e+06	1	1834.02	1	0.0316228	273.252	301.463
740	109.983	1	650890	1	647137	1	1.96685e+06	1	1834.02	1	0.1	273.259	301.465
740	109.983	1	650890	1	647137	1	1.96685e+06	1	1834.02	1	0.316228	273.28	301.471
740	109.983	1	650890	1	647137	1	1.96685e+06	1	1834.02	1	1	273.346	301.491
740	109.983	1	650890	1	647137	1	1.96685e+06	1	1834.02	1	3.16228	273.548	301.552
740	109.983	1	650890	1	647137	1	1.96685e+06	1	1834.02	1	10	274.141	301.733
740	109.983	1	650890	1	647137	1	1.96685e+06	1	1834.02	1	31.6228	275.718	302.231
740	109.983	1	650890	1	647137	1	1.96685e+06	1	1834.02	1	100	278.706	303.308
741	91.0024	1	1.03952e+06	1	1.39381e+06	1	1.32226e+06	1	2371.81	1	0	273.249	301.462
741	91.0024	1	1.03952e+06	1	1.39381e+06	1	1.32226e+06	1	2371.81	1	0.001	273.25	301.462
741	91.0024	1	1.03952e+06	1	1.39381e+06	1	1.32226e+06	1	2371.81	1	0.00316228	273.25	301.462
741	91.0024	1	1.03952e+06	1	1.39381e+06	1	1.32226e+06	1	2371.81	1	0.01	273.251	301.462
741	91.0024	1	1.03952e+06	1	1.39381e+06	1	1.32226e+06	1	2371.81	1	0.0316228	273.253	301.463
741	91.0024	1	1.03952e+06	1	1.39381e+06	1	1.32226e+06	1	2371.81	1	0.1	273.261	301.465
741	91.0024	1	1.03952e+06	1	1.39381e+06	1	1.32226e+06	1	2371.81	1	0.316228	273.286	301.473
741	91.0024	1	1.03952e+06	1	1.39381e+06	1	1.32226e+06	1	2371.81	1	1	273.365	301.497
741	91.0024	1	1.03952e+06	1	1.39381e+06	1	1.32226e+06	1	2371.81	1	3.16228	273.607	301.57
741	91.0024	1	1.03952e+06	1	1.39381e+06	1	1.32226e+06	1	2371.81	1	10	274.305	301.781
741	91.0024	1	1.03952e+06	1	1.39381e+06	1	1.32226e+06	1	2371.81	1	31.6228	276.112	302.35
741	91.0024	1	1.03952e+06	1	1.39381e+06	1	1.32226e+06	1	2371.81	1	100	279.113	303.479
742	92.7793	1	941626	1	728548	1	651872	1	1197.2	1	0	273.249	301.462
742	92.7793	1	941626	1	728548	1	651872	1	1197.2	1	0.001	273.25	301.462
742	92.7793	1	941626	1	728548	1	651872	1	1197.2	1	0.00316228	273.25	301.462
742	92.7793	1	941626	1	728548	1	651872	1	1197.2	1	0.01	273.251	301.462
742	92.7793	1	941626	1	728548	1	651872	1	1197.2	1	0.0316228	273.253	301.463
742	92.7793	1	941626	1	728548	1	651872	1	1197.2	1	0.1	273.261	301.465
742	92.7793	1	941626	1	728548	1	651872	1	1197.2	1	0.316228	273.286	301.473
742	92.7793	1	941626	1	728548	1	651872	1	1197.2	1	1	273.364	301.497
742	92.7793	1	941626	1	728548	1	651872	1	1197.2	1	3.16228	273.603	301.57
742	92.7793	1	941626	1	728548	1	651872	1	1197.2	1	10	274.294	301.783
742	92.7793	1	941626	1	728548	1	651872	1	1197.2	1	31.6228	276.088	302.361
742	92.7793	1	941626	1	728548	1	651872	1	1197.2	1	100	279.128	303.538
743	169.341	1	1.57936e+06	1	1.23952e+06	1	819542	1	677.001	1	0	273.249	301.462
743	169.341	1	1.57936e+06	1	1.23952e+06	1	819542	1	677.001	1	0.001	273.249	301.462
743	169.341	1	1.57936e+06	1	1.23952e+06	1	819542	1	677.001	1	0.00316228	273.25	301.462
743	169.341	1	1.57936e+06	1	1.23952e+06	1	819542	1	677.001	1	0.01	273.25	301.462
743	169.341	1	1.57936e+06	1	1.23952e+06	1	819542	1	677.001	1	0.0316228	273.251	301.462
743	169.341	1	1.57936e+06	1	1.23952e+06	1	819542	1	677.001	1	0.1	273.256	301.464
743	169.341	1	1.57936e+06	1	1.23952e+06	1	819542	1	677.001	1	0.316228	273.27	301.468
743	169.341	1	1.57936e+06	1	1.23952e+06	1	819542	1	677.001	1	1	273.314	301.483
743	169.341	1	1.57936e+06	1	1.23952e+06	1	819542	1	677.001	1	3.16228	273.451	301.527
743	169.341	1	1.57936e+06	1	1.23952e+06	1	819542	1	677.001	1	10	273.862	301.663
743	169.341	1	1.57936e+06	1	1.23952e+06	1	819542	1	677.001	1	31.6228	275.009	302.05
743	169.341	1	1.57936e+06	1	1.23952e+06	1	819542	1	677.001	1	100	277.633	303.016
744	121.599	1	656871	1	1.40388e+06	1	1.18645e+06	1	1462.89	1	0	273.249	301.462
744	121.599	1	656871	1	1.40388e+06	1	1.18645e+06	1	1462.89	1	0.001	273.25	301.462
744	121.599	1	656871	1	1.40388e+06	1	1.18645e+06	1	1462.89	1	0.00316228	273.25	301.462
744	121.599	1	656871	1	1.40388e+06	1	1.18645e+06	1	1462.89	1	0.01	273.25	301.462
744	121.599	1	656871	1	1.40388e+06	1	1.18645e+06	1	1462.89	1	0.0316228	273.252	301.462
744	121.599	1	656871	1	1.40388e+06	1	1.18645e+06	1	1462.89	1	0.1	273.258	301.464
744	121.599	1	656871	1	1.40388e+06	1	1.18645e+06	1	1462.89	1	0.316228	273.277	301.47
744	121.599	1	656871	1	1.40388e+06	1	1.18645e+06	1	1462.89	1	1	273.337	301.488
744	121.599	1	656871	1	1.40388e+06	1	1.18645e+06	1	1462.89	1	3.16228	273.521	301.545
744	121.599	1	656871	1	1.40388e+06	1	1.18645e+06	1	1462.89	1	10	274.065	301.712
744	121.599	1	656871	1	1.40388e+06	1	1.18645e+06	1	1462.89	1	31.6228	275.531	302.179
744	121.599	1	656871	1	1.40388e+06	1	1.18645e+06	1	1462.89	1	100	278.439	303.225
745	132.464	1	883229	1	1.75133e+06	1	1.10549e+06	1	1238.36	1	0	273.249	301.462
745	132.464	1	883229	1	1.75133e+06	1	1.10549e+06	1	1238.36	1	0.001	273.25	301.462
745	132.464	1	883229	1	1.75133e+06	1	1.10549e+06	1	1238.36	1	0.00316228	273.25	301.462
745	132.464	1	883229	1	1.75133e+06	1	1.10549e+06	1	1238.36	1	0.01	273.25	301.462
745	132.464	1	883229	1	1.75133e+06	1	1.10549e+06	1	1238.36	1	0.0316228	273.252	301.462
745	132.464	1	883229	1	1.75133e+06	1	1.10549e+06	1	1238.36	1	0.1	273.258	301.464
745	132.464	1	883229	1	1.75133e+06	1	1.10549e+06	1	1238.36	1	0.316228	273.275	301.469
745	132.464	1	883229	1	1.75133e+06	1	1.10549e+06	1	1238.36	1	1	273.33	301.487
745	132.464	1	883229	1	1.75133e+06	1	1.10549e+06	1	1238.36	1	3.16228	273.5	301.539
745	132.464	1	883229	1	1.75133e+06	1	1.10549e+06	1	1238.36	1	10	274.005	301.696
745	132.464	1	883229	1	1.75133e+06	1	1.10549e+06	1	1238.36	1	31.6228	275.382	302.138
745	132.464	1	883229	1	1.75133e+06	1	1.10549e+06	1	1238.36	1	100	278.218	303.158
746	269.136	1	1.8513e+06	1	1.18273e+06	1	1.42114e+06	1	1269.44	1	0	273.249	301.462
746	269.136	1	1.8513e+06	1	1.18273e+06	1	1.42114e+06	1	1269.44	1	0.001	273.249	301.462
746	269.136	1	1.8513e+06	1	1.18273e+06	1	1.42114e+06	1	1269.44	1	0.00316228	273.25	301.462
746	269.136	1	1.8513e+06	1	1.18273e+06	1	1.42114e+06	1	1269.44	1	0.01	273.25	301.462
746	269.136	1	1.8513e+06	1	1.18273e+06	1	1.42114e+06	1	1269.44	1	0.0316228	273.251	301.462
746	269.136	1	1.8513e+06	1	1.18273e+06	1	1.42114e+06	1	1269.44	1	0.1	273.253	301.463
746	269.136	1	1.8513e+06	1	1.18273e+06	1	1.42114e+06	1	1269.44	1	0.316228	273.262	301.466
746	269.136	1	1.8513e+06	1	1.18273e+06	1	1.42114e+06	1	1269.44	1	1	273.29	301.475
746	269.136	1	1.8513e+06	1	1.18273e+06	1	1.42114e+06	1	1269.44	1	3.16228	273.376	301.502
746	269.136	1	1.8513e+06	1	1.18273e+06	1	1.42114e+06	1	1269.44	1	10	273.641	301.588
746	269.136	1	1.8513e+06	1	1.18273e+06	1	1.42114e+06	1	1269.44	1	31.6228	274.4	301.836
746	269.136	1	1.8513e+06	1	1.18273e+06	1	1.42114e+06	1	1269.44	1	100	276.357	302.514
747	239.658	1	1.5897e+06	1	907602	1	2.71924e+06	1	2238.38	1	0	273.249	301.462
747	239.658	1	1.5897e+06	1	907602	1	2.71924e+06	1	2238.38	1	0.001	273.249	301.462
747	239.658	1	1.5897e+06	1	907602	1	2.71924e+06	1	2238.38	1	0.00316228	273.25	301.462
747	239.658	1	1.5897e+06	1	907602	1	2.71924e+06	1	2238.38	1	0.01	273.25	301.462
747	239.658	1	1.5897e+06	1	907602	1	2.71924e+06	1	2238.38	1	0.0316228	273.251	301.462
747	239.658	1	1.5897e+06	1	907602	1	2.71924e+06	1	2238.38	1	0.1	273.254	301.463
747	239.658	1	1.5897e+06	1	907602	1	2.71924e+06	1	2238.38	1	0.316228	273.264	301.466
747	239.658	1	1.5897e+06	1	907602	1	2.71924e+06	1	2238.38	1	1	273.294	301.475
747	239.658	1	1.5897e+06	1	907602	1	2.71924e+06	1	2238.38	1	3.16228	273.39	301.505
747	239.658	1	1.5897e+06	1	907602	1	2.71924e+06	1	2238.38	1	10	273.681	301.595
747	239.658	1	1.5897e+06	1	907602	1	2.71924e+06	1	2238.38	1	31.6228	274.506	301.854
747	239.658	1	1.5897e+06	1	907602	1	2.71924e+06	1	2238.38	1	100	276.594	302.55
748	84.8639	1	883785	1	690838	1	949423	1	1112.1	1	0	273.249	301.462
748	84.8639	1	883785	1	690838	1	949423	1	1112.1	1	0.001	273.25	301.462
748	84.8639	1	883785	1	690838	1	949423	1	1112.1	1	0.00316228	273.25	301.462
748	84.8639	1	883785	1	690838	1	949423	1	1112.1	1	0.01	273.251	301.462
748	84.8639	1	883785	1	690838	1	949423	1	1112.1	1	0.0316228	273.253	301.463
748	84.8639	1	883785	1	690838	1	949423	1	1112.1	1	0.1	273.262	301.465
748	84.8639	1	883785	1	690838	1	949423	1	1112.1	1	0.316228	273.289	301.474
748	84.8639	1	883785	1	690838	1	949423	1	1112.1	1	1	273.374	301.5
748	84.8639	1	883785	1	690838	1	949423	1	1112.1	1	3.16228	273.635	301.58
748	84.8639	1	883785	1	690838	1	949423	1	1112.1	1	10	274.38	301.809
748	84.8639	1	883785	1	690838	1	949423	1	1112.1	1	31.6228	276.297	302.431
748	84.8639	1	883785	1	690838	1	949423	1	1112.1	1	100	279.274	303.63
749	106.236	1	987089	1	1.31621e+06	1	859621	1	1120.77	1	0	273.249	301.462
749	106.236	1	987089	1	1.31621e+06	1	859621	1	1120.77	1	0.001	273.25	301.462
749	106.236	1	987089	1	1.31621e+06	1	859621	1	1120.77	1	0.00316228	273.25	301.462
749	106.236	1	987089	1	1.31621e+06	1	859621	1	1120.77	1	0.01	273.25	301.462
749	106.236	1	987089	1	1.31621e+06	1	859621	1	1120.77	1	0.0316228	273.253	301.463
749	106.236	1	987089	1	1.31621e+06	1	859621	1	1120.77	1	0.1	273.26	301.465
749	106.236	1	987089	1	1.31621e+06	1	859621	1	1120.77	1	0.316228	273.281	301.471
749	106.236	1	987089	1	1.31621e+06	1	859621	1	1120.77	1	1	273.35	301.492
749	106.236	1	987089	1	1.31621e+06	1	859621	1	1120.77	1	3.16228	273.56	301.557
749	106.236	1	987089	1	1.31621e+06	1	859621	1	1120.77	1	10	274.175	301.748
749	106.236	1	987089	1	1.31621e+06	1	859621	1	1120.77	1	31.6228	275.804	302.273
749	106.236	1	987089	1	1.31621e+06	1	859621	1	1120.77	1	100	278.839	303.406
750	177.259	1	476316	1	1.30931e+06	1	1.99203e+06	1	1389.42	1	0	273.249	301.462
750	177.259	1	476316	1	1.30931e+06	1	1.99203e+06	1	1389.42	1	0.001	273.249	301.462
750	177.259	1	476316	1	1.30931e+06	1	1.99203e+06	1	1389.42	1	0.00316228	273.25	301.462
750	177.259	1	476316	1	1.30931e+06	1	1.99203e+06	1	1389.42	1	0.01	273.25	301.462
750	177.259	1	476316	1	1.30931e+06	1	1.99203e+06	1	1389.42	1	0.0316228	273.251	301.462
750	177.259	1	476316	1	1.30931e+06	1	1.99203e+06	1	1389.42	1	0.1	273.255	301.463
750	177.259	1	476316	1	1.30931e+06	1	1.99203e+06	1	1389.42	1	0.316228	273.269	301.468
750	177.259	1	476316	1	1.30931e+06	1	1.99203e+06	1	1389.42	1	1	273.31	301.48
750	177.259	1	476316	1	1.30931e+06	1	1.99203e+06	1	1389.42	1	3.16228	273.438	301.52
750	177.259	1	476316	1	1.30931e+06	1	1.99203e+06	1	1389.42	1	10	273.825	301.641
750	177.259	1	476316	1	1.30931e+06	1	1.99203e+06	1	1389.42	1	31.6228	274.904	301.985
750	177.259	1	476316	1	1.30931e+06	1	1.99203e+06	1	1389.42	1	100	277.412	302.847
751	228.943	1	517942	1	619951	1	1.19721e+06	1	1506.52	1	0	273.249	301.462
751	228.943	1	517942	1	619951	1	1.19721e+06	1	1506.52	1	0.001	273.249	301.462
751	228.943	1	517942	1	619951	1	1.19721e+06	1	1506.52	1	0.00316228	273.25	301.462
751	228.943	1	517942	1	619951	1	1.19721e+06	1	1506.52	1	0.01	273.25	301.462
751	228.943	1	517942	1	619951	1	1.19721e+06	1	1506.52	1	0.0316228	273.251	301.462
751	228.943	1	517942	1	619951	1	1.19721e+06	1	1506.52	1	0.1	273.254	301.463
751	228.943	1	517942	1	619951	1	1.19721e+06	1	1506.52	1	0.316228	273.264	301.466
751	228.943	1	517942	1	619951	1	1.19721e+06	1	1506.52	1	1	273.296	301.476
751	228.943	1	517942	1	619951	1	1.19721e+06	1	1506.52	1	3.16228	273.397	301.508
751	228.943	1	517942	1	619951	1	1.19721e+06	1	1506.52	1	10	273.702	301.604
751	228.943	1	517942	1	619951	1	1.19721e+06	1	1506.52	1	31.6228	274.565	301.879
751	228.943	1	517942	1	619951	1	1.19721e+06	1	1506.52	1	100	276.733	302.621
752	108.438	1	1.59961e+06	1	1.18176e+06	1	2.52763e+06	1	1495.98	1	0	273.249	301.462
752	108.438	1	1.59961e+06	1	1.18176e+06	1	2.52763e+06	1	1495.98	1	0.001	273.25	301.462
752	108.438	1	1.59961e+06	1	1.18176e+06	1	2.52763e+06	1	1495.98	1	0.00316228	273.25	301.462
752	108.438	1	1.59961e+06	1	1.18176e+06	1	2.52763e+06	1	1495.98	1	0.01	273.25	301.462
752	108.438	1	1.59961e+06	1	1.18176e+06	1	2.52763e+06	1	1495.98	1	0.0316228	273.253	301.463
752	108.438	1	1.59961e+06	1	1.18176e+06	1	2.52763e+06	1	1495.98	1	0.1	273.259	301.465
752	108.438	1	1.59961e+06	1	1.18176e+06	1	2.52763e+06	1	1495.98	1	0.316228	273.281	301.471
752	108.438	1	1.59961e+06	1	1.18176e+06	1	2.52763e+06	1	1495.98	1	1	273.347	301.491
752	108.438	1	1.59961e+06	1	1.18176e+06	1	2.52763e+06	1	1495.98	1	3.16228	273.553	301.554
752	108.438	1	1.59961e+06	1	1.18176e+06	1	2.52763e+06	1	1495.98	1	10	274.154	301.739
752	108.438	1	1.59961e+06	1	1.18176e+06	1	2.52763e+06	1	1495.98	1	31.6228	275.752	302.247
752	108.438	1	1.59961e+06	1	1.18176e+06	1	2.52763e+06	1	1495.98	1	100	278.759	303.345
753	169.418	1	506807	1	915741	1	3.95671e+06	1	2374.3	1	0	273.249	301.462
753	169.418	1	506807	1	915741	1	3.95671e+06	1	2374.3	1	0.001	273.249	301.462
753	169.418	1	506807	1	915741	1	3.95671e+06	1	2374.3	1	0.00316228	273.25	301.462
753	169.418	1	506807	1	915741	1	3.95671e+06	1	2374.3	1	0.01	273.25	301.462
753	169.418	1	506807	1	915741	1	3.95671e+06	1	2374.3	1	0.0316228	273.251	301.462
753	169.418	1	506807	1	915741	1	3.95671e+06	1	2374.3	1	0.1	273.256	301.463
753	169.418	1	506807	1	915741	1	3.95671e+06	1	2374.3	1	0.316228	273.269	301.468
753	169.418	1	506807	1	915741	1	3.95671e+06	1	2374.3	1	1	273.312	301.481
753	169.418	1	506807	1	915741	1	3.95671e+06	1	2374.3	1	3.16228	273.445	301.521
753	169.418	1	506807	1	915741	1	3.95671e+06	1	2374.3	1	10	273.846	301.643
753	169.418	1	506807	1	915741	1	3.95671e+06	1	2374.3	1	31.6228	274.959	301.989
753	169.418	1	506807	1	915741	1	3.95671e+06	1	2374.3	1	100	277.502	302.839
754	214.319	1	1.56697e+06	1	1.16741e+06	1	856468	1	1581.06	1	0	273.249	301.462
754	214.319	1	1.56697e+06	1	1.16741e+06	1	856468	1	1581.06	1	0.001	273.249	301.462
754	214.319	1	1.56697e+06	1	1.16741e+06	1	856468	1	1581.06	1	0.00316228	273.25	301.462
754	214.319	1	1.56697e+06	1	1.16741e+06	1	856468	1	1581.06	1	0.01	273.25	301.462
754	214.319	1	1.56697e+06	1	1.16741e+06	1	856468	1	1581.06	1	0.0316228	273.251	301.462
754	214.319	1	1.56697e+06	1	1.16741e+06	1	856468	1	1581.06	1	0.1	273.254	301.463
754	214.319	1	1.56697e+06	1	1.16741e+06	1	856468	1	1581.06	1	0.316228	273.265	301.467
754	214.319	1	1.56697e+06	1	1.16741e+06	1	856468	1	1581.06	1	1	273.3	301.477
754	214.319	1	1.56697e+06	1	1.16741e+06	1	856468	1	1581.06	1	3.16228	273.407	301.511
754	214.319	1	1.56697e+06	1	1.16741e+06	1	856468	1	1581.06	1	10	273.732	301.613
754	214.319	1	1.56697e+06	1	1.16741e+06	1	856468	1	1581.06	1	31.6228	274.645	301.904
754	214.319	1	1.56697e+06	1	1.16741e+06	1	856468	1	1581.06	1	100	276.907	302.68
755	150.137	1	799968	1	1.34864e+06	1	1.03639e+06	1	1105.18	1	0	273.249	301.462
755	150.137	1	799968	1	1.34864e+06	1	1.03639e+06	1	1105.18	1	0.001	273.249	301.462
755	150.137	1	799968	1	1.34864e+06	1	1.03639e+06	1	1105.18	1	0.00316228	273.25	301.462
755	150.137	1	799968	1	1.34864e+06	1	1.03639e+06	1	1105.18	1	0.01	273.25	301.462
755	150.137	1	799968	1	1.34864e+06	1	1.03639e+06	1	1105.18	1	0.0316228	273.252	301.462
755	150.137	1	799968	1	1.34864e+06	1	1.03639e+06	1	1105.18	1	0.1	273.257	301.464
755	150.137	1	799968	1	1.34864e+06	1	1.03639e+06	1	1105.18	1	0.316228	273.272	301.469
755	150.137	1	799968	1	1.34864e+06	1	1.03639e+06	1	1105.18	1	1	273.321	301.484
755	150.137	1	799968	1	1.34864e+06	1	1.03639e+06	1	1105.18	1	3.16228	273.472	301.531
755	150.137	1	799968	1	1.34864e+06	1	1.03639e+06	1	1105.18	1	10	273.925	301.674
755	150.137	1	799968	1	1.34864e+06	1	1.03639e+06	1	1105.18	1	31.6228	275.172	302.077
755	150.137	1	799968	1	1.34864e+06	1	1.03639e+06	1	1105.18	1	100	277.889	303.046
756	138.187	1	669764	1	717656	1	2.81729e+06	1	1420.68	1	0	273.249	301.462
756	138.187	1	669764	1	717656	1	2.81729e+06	1	1420.68	1	0.001	273.25	301.462
756	138.187	1	669764	1	717656	1	2.81729e+06	1	1420.68	1	0.00316228	273.25	301.462
756	138.187	1	669764	1	717656	1	2.81729e+06	1	1420.68	1	0.01	273.25	301.462
756	138.187	1	669764	1	717656	1	2.81729e+06	1	1420.68	1	0.0316228	273.252	301.462
756	138.187	1	669764	1	717656	1	2.81729e+06	1	1420.68	1	0.1	273.257	301.464
756	138.187	1	669764	1	717656	1	2.81729e+06	1	1420.68	1	0.316228	273.274	301.469
756	138.187	1	669764	1	717656	1	2.81729e+06	1	1420.68	1	1	273.327	301.485
756	138.187	1	669764	1	717656	1	2.81729e+06	1	1420.68	1	3.16228	273.49	301.536
756	138.187	1	669764	1	717656	1	2.81729e+06	1	1420.68	1	10	273.975	301.686
756	138.187	1	669764	1	717656	1	2.81729e+06	1	1420.68	1	31.6228	275.302	302.108
756	138.187	1	669764	1	717656	1	2.81729e+06	1	1420.68	1	100	278.088	303.095
757	185.169	1	1.05243e+06	1	3.22425e+06	1	2.09164e+06	1	2815.17	1	0	273.249	301.462
757	185.169	1	1.05243e+06	1	3.22425e+06	1	2.09164e+06	1	2815.17	1	0.001	273.249	301.462
757	185.169	1	1.05243e+06	1	3.22425e+06	1	2.09164e+06	1	2815.17	1	0.00316228	273.25	301.462
757	185.169	1	1.05243e+06	1	3.22425e+06	1	2.09164e+06	1	2815.17	1	0.01	273.25	301.462
757	185.169	1	1.05243e+06	1	3.22425e+06	1	2.09164e+06	1	2815.17	1	0.0316228	273.251	301.462
757	185.169	1	1.05243e+06	1	3.22425e+06	1	2.09164e+06	1	2815.17	1	0.1	273.255	301.463
757	185.169	1	1.05243e+06	1	3.22425e+06	1	2.09164e+06	1	2815.17	1	0.316228	273.268	301.467
757	185.169	1	1.05243e+06	1	3.22425e+06	1	2.09164e+06	1	2815.17	1	1	273.307	301.479
757	185.169	1	1.05243e+06	1	3.22425e+06	1	2.09164e+06	1	2815.17	1	3.16228	273.429	301.516
757	185.169	1	1.05243e+06	1	3.22425e+06	1	2.09164e+06	1	2815.17	1	10	273.798	301.629
757	185.169	1	1.05243e+06	1	3.22425e+06	1	2.09164e+06	1	2815.17	1	31.6228	274.827	301.947
757	185.169	1	1.05243e+06	1	3.22425e+06	1	2.09164e+06	1	2815.17	1	100	277.254	302.752
758	176.326	1	583898	1	2.17321e+06	1	873829	1	2062.56	1	0	273.249	301.462
758	176.326	1	583898	1	2.17321e+06	1	873829	1	2062.56	1	0.001	273.249	301.462
758	176.326	1	583898	1	2.17321e+06	1	873829	1	2062.56	1	0.00316228	273.25	301.462
758	176.326	1	583898	1	2.17321e+06	1	873829	1	2062.56	1	0.01	273.25	301.462
758	176.326	1	583898	1	2.17321e+06	1	873829	1	2062.56	1	0.0316228	273.251	301.462
758	176.326	1	583898	1	2.17321e+06	1	873829	1	2062.56	1	0.1	273.256	301.463
758	176.326	1	583898	1	2.17321e+06	1	873829	1	2062.56	1	0.316228	273.269	301.467
758	176.326	1	583898	1	2.17321e+06	1	873829	1	2062.56	1	1	273.31	301.48
758	176.326	1	583898	1	2.17321e+06	1	873829	1	2062.56	1	3.16228	273.438	301.52
758	176.326	1	583898	1	2.17321e+06	1	873829	1	2062.56	1	10	273.825	301.639
758	176.326	1	583898	1	2.17321e+06	1	873829	1	2062.56	1	31.6228	274.904	301.976
758	176.326	1	583898	1	2.17321e+06	1	873829	1	2062.56	1	100	277.405	302.819
759	138.874	1	771564	1	1.61946e+06	1	844769	1	1117.61	1	0	273.249	301.462
759	138.874	1	771564	1	1.61946e+06	1	844769	1	1117.61	1	0.001	273.25	301.462
759	138.874	1	771564	1	1.61946e+06	1	844769	1	1117.61	1	0.00316228	273.25	301.462
759	138.874	1	771564	1	1.61946e+06	1	844769	1	1117.61	1	0.01	273.25	301.462
759	138.874	1	771564	1	1.61946e+06	1	844769	1	1117.61	1	0.0316228	273.252	301.462
759	138.874	1	771564	1	1.61946e+06	1	844769	1	1117.61	1	0.1	273.257	301.464
759	138.874	1	771564	1	1.61946e+06	1	844769	1	1117.61	1	0.316228	273.274	301.469
759	138.874	1	771564	1	1.61946e+06	1	844769	1	1117.61	1	1	273.327	301.486
759	138.874	1	771564	1	1.61946e+06	1	844769	1	1117.61	1	3.16228	273.49	301.537
759	138.874	1	771564	1	1.61946e+06	1	844769	1	1117.61	1	10	273.975	301.688
759	138.874	1	771564	1	1.61946e+06	1	844769	1	1117.61	1	31.6228	275.303	302.117
759	138.874	1	771564	1	1.61946e+06	1	844769	1	1117.61	1	100	278.099	303.125
760	122.129	1	1.5035e+06	1	1.82704e+06	1	1.40221e+06	1	1129.56	1	0	273.249	301.462
760	122.129	1	1.5035e+06	1	1.82704e+06	1	1.40221e+06	1	1129.56	1	0.001	273.25	301.462
760	122.129	1	1.5035e+06	1	1.82704e+06	1	1.40221e+06	1	1129.56	1	0.00316228	273.25	301.462
760	122.129	1	1.5035e+06	1	1.82704e+06	1	1.40221e+06	1	1129.56	1	0.01	273.25	301.462
760	122.129	1	1.5035e+06	1	1.82704e+06	1	1.40221e+06	1	1129.56	1	0.0316228	273.252	301.462
760	122.129	1	1.5035e+06	1	1.82704e+06	1	1.40221e+06	1	1129.56	1	0.1	273.258	301.464
760	122.129	1	1.5035e+06	1	1.82704e+06	1	1.40221e+06	1	1129.56	1	0.316228	273.277	301.47
760	122.129	1	1.5035e+06	1	1.82704e+06	1	1.40221e+06	1	1129.56	1	1	273.337	301.489
760	122.129	1	1.5035e+06	1	1.82704e+06	1	1.40221e+06	1	1129.56	1	3.16228	273.521	301.546
760	122.129	1	1.5035e+06	1	1.82704e+06	1	1.40221e+06	1	1129.56	1	10	274.065	301.715
760	122.129	1	1.5035e+06	1	1.82704e+06	1	1.40221e+06	1	1129.56	1	31.6228	275.533	302.188
760	122.129	1	1.5035e+06	1	1.82704e+06	1	1.40221e+06	1	1129.56	1	100	278.45	303.256
761	148.877	1	586393	1	1.33263e+06	1	966469	1	1378.08	1	0	273.249	301.462
761	148.877	1	586393	1	1.33263e+06	1	966469	1	1378.08	1	0.001	273.249	301.462
761	148.877	1	586393	1	1.33263e+06	1	966469	1	1378.08	1	0.00316228	273.25	301.462
761	148.877	1	586393	1	1.33263e+06	1	966469	1	1378.08	1	0.01	273.25	301.462
761	148.877	1	586393	1	1.33263e+06	1	966469	1	1378.08	1	0.0316228	273.252	301.462
761	148.877	1	586393	1	1.33263e+06	1	966469	1	1378.08	1	0.1	273.257	301.464
761	148.877	1	586393	1	1.33263e+06	1	966469	1	1378.08	1	0.316228	273.272	301.469
761	148.877	1	586393	1	1.33263e+06	1	966469	1	1378.08	1	1	273.321	301.484
761	148.877	1	586393	1	1.33263e+06	1	966469	1	1378.08	1	3.16228	273.473	301.531
761	148.877	1	586393	1	1.33263e+06	1	966469	1	1378.08	1	10	273.927	301.672
761	148.877	1	586393	1	1.33263e+06	1	966469	1	1378.08	1	31.6228	275.178	302.071
761	148.877	1	586393	1	1.33263e+06	1	966469	1	1378.08	1	100	277.89	303.024
762	216.257	1	1.29408e+06	1	927420	1	342357	1	918.619	1	0	273.249	301.462
762	216.257	1	1.29408e+06	1	927420	1	342357	1	918.619	1	0.001	273.249	301.462
762	216.257	1	1.29408e+06	1	927420	1	342357	1	918.619	1	0.00316228	273.25	301.462
762	216.257	1	1.29408e+06	1	927420	1	342357	1	918.619	1	0.01	273.25	301.462
762	216.257	1	1.29408e+06	1	927420	1	342357	1	918.619	1	0.0316228	273.251	301.462
762	216.257	1	1.29408e+06	1	927420	1	342357	1	918.619	1	0.1	273.255	301.463
762	216.257	1	1.29408e+06	1	927420	1	342357	1	918.619	1	0.316228	273.265	301.467
762	216.257	1	1.29408e+06	1	927420	1	342357	1	918.619	1	1	273.3	301.478
762	216.257	1	1.29408e+06	1	927420	1	342357	1	918.619	1	3.16228	273.408	301.513
762	216.257	1	1.29408e+06	1	927420	1	342357	1	918.619	1	10	273.736	301.621
762	216.257	1	1.29408e+06	1	927420	1	342357	1	918.619	1	31.6228	274.658	301.929
762	216.257	1	1.29408e+06	1	927420	1	342357	1	918.619	1	100	276.95	302.756
763	131.429	1	612374	1	951044	1	999579	1	4710.5	1	0	273.249	301.462
763	131.429	1	612374	1	951044	1	999579	1	4710.5	1	0.001	273.25	301.462
763	131.429	1	612374	1	951044	1	999579	1	4710.5	1	0.00316228	273.25	301.462
763	131.429	1	612374	1	951044	1	999579	1	4710.5	1	0.01	273.25	301.462
763	131.429	1	612374	1	951044	1	999579	1	4710.5	1	0.0316228	273.252	301.462
763	131.429	1	612374	1	951044	1	999579	1	4710.5	1	0.1	273.258	301.464
763	131.429	1	612374	1	951044	1	999579	1	4710.5	1	0.316228	273.275	301.469
763	131.429	1	612374	1	951044	1	999579	1	4710.5	1	1	273.33	301.486
763	131.429	1	612374	1	951044	1	999579	1	4710.5	1	3.16228	273.499	301.537
763	131.429	1	612374	1	951044	1	999579	1	4710.5	1	10	274.002	301.688
763	131.429	1	612374	1	951044	1	999579	1	4710.5	1	31.6228	275.369	302.11
763	131.429	1	612374	1	951044	1	999579	1	4710.5	1	100	278.177	303.066
764	153.826	1	820005	1	1.1046e+06	1	980932	1	1093.95	1	0	273.249	301.462
764	153.826	1	820005	1	1.1046e+06	1	980932	1	1093.95	1	0.001	273.249	301.462
764	153.826	1	820005	1	1.1046e+06	1	980932	1	1093.95	1	0.00316228	273.25	301.462
764	153.826	1	820005	1	1.1046e+06	1	980932	1	1093.95	1	0.01	273.25	301.462
764	153.826	1	820005	1	1.1046e+06	1	980932	1	1093.95	1	0.0316228	273.252	301.462
764	153.826	1	820005	1	1.1046e+06	1	980932	1	1093.95	1	0.1	273.256	301.464
764	153.826	1	820005	1	1.1046e+06	1	980932	1	1093.95	1	0.316228	273.272	301.469
764	153.826	1	820005	1	1.1046e+06	1	980932	1	1093.95	1	1	273.319	301.483
764	153.826	1	820005	1	1.1046e+06	1	980932	1	1093.95	1	3.16228	273.467	301.53
764	153.826	1	820005	1	1.1046e+06	1	980932	1	1093.95	1	10	273.91	301.669
764	153.826	1	820005	1	1.1046e+06	1	980932	1	1093.95	1	31.6228	275.134	302.066
764	153.826	1	820005	1	1.1046e+06	1	980932	1	1093.95	1	100	277.827	303.024
765	171.844	1	931107	1	1.40601e+06	1	419829	1	1527.09	1	0	273.249	301.462
765	171.844	1	931107	1	1.40601e+06	1	419829	1	1527.09	1	0.001	273.249	301.462
765	171.844	1	931107	1	1.40601e+06	1	419829	1	1527.09	1	0.00316228	273.25	301.462
765	171.844	1	931107	1	1.40601e+06	1	419829	1	1527.09	1	0.01	273.25	301.462
765	171.844	1	931107	1	1.40601e+06	1	419829	1	1527.09	1	0.0316228	273.251	301.462
765	171.844	1	931107	1	1.40601e+06	1	419829	1	1527.09	1	0.1	273.256	301.464
765	171.844	1	931107	1	1.40601e+06	1	419829	1	1527.09	1	0.316228	273.269	301.468
765	171.844	1	931107	1	1.40601e+06	1	419829	1	1527.09	1	1	273.312	301.481
765	171.844	1	931107	1	1.40601e+06	1	419829	1	1527.09	1	3.16228	273.444	301.522
765	171.844	1	931107	1	1.40601e+06	1	419829	1	1527.09	1	10	273.843	301.647
765	171.844	1	931107	1	1.40601e+06	1	419829	1	1527.09	1	31.6228	274.954	302.002
765	171.844	1	931107	1	1.40601e+06	1	419829	1	1527.09	1	100	277.511	302.886
766	76.7561	1	1.16359e+06	1	878351	1	673122	1	1080.22	1	0	273.249	301.462
766	76.7561	1	1.16359e+06	1	878351	1	673122	1	1080.22	1	0.001	273.25	301.462
766	76.7561	1	1.16359e+06	1	878351	1	673122	1	1080.22	1	0.00316228	273.25	301.462
766	76.7561	1	1.16359e+06	1	878351	1	673122	1	1080.22	1	0.01	273.251	301.462
766	76.7561	1	1.16359e+06	1	878351	1	673122	1	1080.22	1	0.0316228	273.254	301.463
766	76.7561	1	1.16359e+06	1	878351	1	673122	1	1080.22	1	0.1	273.263	301.466
766	76.7561	1	1.16359e+06	1	878351	1	673122	1	1080.22	1	0.316228	273.293	301.475
766	76.7561	1	1.16359e+06	1	878351	1	673122	1	1080.22	1	1	273.387	301.504
766	76.7561	1	1.16359e+06	1	878351	1	673122	1	1080.22	1	3.16228	273.673	301.591
766	76.7561	1	1.16359e+06	1	878351	1	673122	1	1080.22	1	10	274.485	301.841
766	76.7561	1	1.16359e+06	1	878351	1	673122	1	1080.22	1	31.6228	276.543	302.514
766	76.7561	1	1.16359e+06	1	878351	1	673122	1	1080.22	1	100	279.442	303.734
767	149.766	1	1.34808e+06	1	833186	1	526055	1	1337.58	1	0	273.249	301.462
767	149.766	1	1.34808e+06	1	833186	1	526055	1	1337.58	1	0.001	273.249	301.462
767	149.766	1	1.34808e+06	1	833186	1	526055	1	1337.58	1	0.00316228	273.25	301.462
767	149.766	1	1.34808e+06	1	833186	1	526055	1	1337.58	1	0.01	273.25	301.462
767	149.766	1	1.34808e+06	1	833186	1	526055	1	1337.58	1	0.0316228	273.252	301.462
767	149.766	1	1.34808e+06	1	833186	1	526055	1	1337.58	1	0.1	273.257	301.464
767	149.766	1	1.34808e+06	1	833186	1	526055	1	1337.58	1	0.316228	273.272	301.469
767	149.766	1	1.34808e+06	1	833186	1	526055	1	1337.58	1	1	273.321	301.484
767	149.766	1	1.34808e+06	1	833186	1	526055	1	1337.58	1	3.16228	273.472	301.531
767	149.766	1	1.34808e+06	1	833186	1	526055	1	1337.58	1	10	273.925	301.673
767	149.766	1	1.34808e+06	1	833186	1	526055	1	1337.58	1	31.6228	275.174	302.074
767	149.766	1	1.34808e+06	1	833186	1	526055	1	1337.58	1	100	277.891	303.036
768	130.467	1	830078	1	1.27285e+06	1	1.08032e+06	1	1069.12	1	0	273.249	301.462
768	130.467	1	830078	1	1.27285e+06	1	1.08032e+06	1	1069.12	1	0.001	273.25	301.462
768	130.467	1	830078	1	1.27285e+06	1	1.08032e+06	1	1069.12	1	0.00316228	273.25	301.462
768	130.467	1	830078	1	1.27285e+06	1	1.08032e+06	1	1069.12	1	0.01	273.25	301.462
768	130.467	1	830078	1	1.27285e+06	1	1.08032e+06	1	1069.12	1	0.0316228	273.252	301.462
768	130.467	1	830078	1	1.27285e+06	1	1.08032e+06	1	1069.12	1	0.1	273.258	301.464
768	130.467	1	830078	1	1.27285e+06	1	1.08032e+06	1	1069.12	1	0.316228	273.275	301.47
768	130.467	1	830078	1	1.27285e+06	1	1.08032e+06	1	1069.12	1	1	273.331	301.487
768	130.467	1	830078	1	1.27285e+06	1	1.08032e+06	1	1069.12	1	3.16228	273.505	301.541
768	130.467	1	830078	1	1.27285e+06	1	1.08032e+06	1	1069.12	1	10	274.018	301.702
768	130.467	1	830078	1	1.27285e+06	1	1.08032e+06	1	1069.12	1	31.6228	275.414	302.153
768	130.467	1	830078	1	1.27285e+06	1	1.08032e+06	1	1069.12	1	100	278.272	303.195
769	119.704	1	786404	1	1.74151e+06	1	745099	1	1911.84	1	0	273.249	301.462
769	119.704	1	786404	1	1.74151e+06	1	745099	1	1911.84	1	0.001	273.25	301.462
769	119.704	1	786404	1	1.74151e+06	1	745099	1	1911.84	1	0.00316228	273.25	301.462
769	119.704	1	786404	1	1.74151e+06	1	745099	1	1911.84	1	0.01	273.25	301.462
769	119.704	1	786404	1	1.74151e+06	1	745099	1	1911.84	1	0.0316228	273.252	301.462
769	119.704	1	786404	1	1.74151e+06	1	745099	1	1911.84	1	0.1	273.258	301.464
769	119.704	1	786404	1	1.74151e+06	1	745099	1	1911.84	1	0.316228	273.278	301.47
769	119.704	1	786404	1	1.74151e+06	1	745099	1	1911.84	1	1	273.338	301.489
769	119.704	1	786404	1	1.74151e+06	1	745099	1	1911.84	1	3.16228	273.525	301.545
769	119.704	1	786404	1	1.74151e+06	1	745099	1	1911.84	1	10	274.075	301.714
769	119.704	1	786404	1	1.74151e+06	1	745099	1	1911.84	1	31.6228	275.555	302.181
769	119.704	1	786404	1	1.74151e+06	1	745099	1	1911.84	1	100	278.472	303.22
770	216.749	1	1.00529e+06	1	577004	1	411137	1	1985.71	1	0	273.249	301.462
770	216.749	1	1.00529e+06	1	577004	1	411137	1	1985.71	1	0.001	273.249	301.462
770	216.749	1	1.00529e+06	1	577004	1	411137	1	1985.71	1	0.00316228	273.25	301.462
770	216.749	1	1.00529e+06	1	577004	1	411137	1	1985.71	1	0.01	273.25	301.462
770	216.749	1	1.00529e+06	1	577004	1	411137	1	1985.71	1	0.0316228	273.251	301.462
770	216.749	1	1.00529e+06	1	577004	1	411137	1	1985.71	1	0.1	273.254	301.463
770	216.749	1	1.00529e+06	1	577004	1	411137	1	1985.71	1	0.316228	273.265	301.466
770	216.749	1	1.00529e+06	1	577004	1	411137	1	1985.71	1	1	273.299	301.477
770	216.749	1	1.00529e+06	1	577004	1	411137	1	1985.71	1	3.16228	273.405	301.51
770	216.749	1	1.00529e+06	1	577004	1	411137	1	1985.71	1	10	273.726	301.611
770	216.749	1	1.00529e+06	1	577004	1	411137	1	1985.71	1	31.6228	274.629	301.896
770	216.749	1	1.00529e+06	1	577004	1	411137	1	1985.71	1	100	276.872	302.66
771	119.909	1	4.26467e+06	1	1.10173e+06	1	904312	1	1844.71	1	0	273.249	301.462
771	119.909	1	4.26467e+06	1	1.10173e+06	1	904312	1	1844.71	1	0.001	273.25	301.462
771	119.909	1	4.26467e+06	1	1.10173e+06	1	904312	1	1844.71	1	0.00316228	273.25	301.462
771	119.909	1	4.26467e+06	1	1.10173e+06	1	904312	1	1844.71	1	0.01	273.25	301.462
771	119.909	1	4.26467e+06	1	1.10173e+06	1	904312	1	1844.71	1	0.0316228	273.252	301.462
771	119.909	1	4.26467e+06	1	1.10173e+06	1	904312	1	1844.71	1	0.1	273.258	301.464
771	119.909	1	4.26467e+06	1	1.10173e+06	1	904312	1	1844.71	1	0.316228	273.278	301.47
771	119.909	1	4.26467e+06	1	1.10173e+06	1	904312	1	1844.71	1	1	273.338	301.489
771	119.909	1	4.26467e+06	1	1.10173e+06	1	904312	1	1844.71	1	3.16228	273.525	301.546
771	119.909	1	4.26467e+06	1	1.10173e+06	1	904312	1	1844.71	1	10	274.074	301.714
771	119.909	1	4.26467e+06	1	1.10173e+06	1	904312	1	1844.71	1	31.6228	275.555	302.183
771	119.909	1	4.26467e+06	1	1.10173e+06	1	904312	1	1844.71	1	100	278.475	303.228
772	137.916	1	636448	1	758971	1	3.4649e+06	1	494.963	1	0	273.249	301.462
772	137.916	1	636448	1	758971	1	3.4649e+06	1	494.963	1	0.001	273.25	301.462
772	137.916	1	636448	1	758971	1	3.4649e+06	1	494.963	1	0.00316228	273.25	301.462
772	137.916	1	636448	1	758971	1	3.4649e+06	1	494.963	1	0.01	273.25	301.462
772	137.916	1	636448	1	758971	1	3.4649e+06	1	494.963	1	0.0316228	273.252	301.462
772	137.916	1	636448	1	758971	1	3.4649e+06	1	494.963	1	0.1	273.257	301.464
772	137.916	1	636448	1	758971	1	3.4649e+06	1	494.963	1	0.316228	273.275	301.47
772	137.916	1	636448	1	758971	1	3.4649e+06	1	494.963	1	1	273.329	301.488
772	137.916	1	636448	1	758971	1	3.4649e+06	1	494.963	1	3.16228	273.496	301.543
772	137.916	1	636448	1	758971	1	3.4649e+06	1	494.963	1	10	273.994	301.708
772	137.916	1	636448	1	758971	1	3.4649e+06	1	494.963	1	31.6228	275.36	302.177
772	137.916	1	636448	1	758971	1	3.4649e+06	1	494.963	1	100	278.181	303.259
773	131.763	1	282859	1	1.32193e+06	1	1.4183e+06	1	2480.88	1	0	273.249	301.462
773	131.763	1	282859	1	1.32193e+06	1	1.4183e+06	1	2480.88	1	0.001	273.25	301.462
773	131.763	1	282859	1	1.32193e+06	1	1.4183e+06	1	2480.88	1	0.00316228	273.25	301.462
773	131.763	1	282859	1	1.32193e+06	1	1.4183e+06	1	2480.88	1	0.01	273.25	301.462
773	131.763	1	282859	1	1.32193e+06	1	1.4183e+06	1	2480.88	1	0.0316228	273.252	301.462
773	131.763	1	282859	1	1.32193e+06	1	1.4183e+06	1	2480.88	1	0.1	273.258	301.464
773	131.763	1	282859	1	1.32193e+06	1	1.4183e+06	1	2480.88	1	0.316228	273.275	301.469
773	131.763	1	282859	1	1.32193e+06	1	1.4183e+06	1	2480.88	1	1	273.33	301.486
773	131.763	1	282859	1	1.32193e+06	1	1.4183e+06	1	2480.88	1	3.16228	273.499	301.537
773	131.763	1	282859	1	1.32193e+06	1	1.4183e+06	1	2480.88	1	10	274.001	301.689
773	131.763	1	282859	1	1.32193e+06	1	1.4183e+06	1	2480.88	1	31.6228	275.368	302.114
773	131.763	1	282859	1	1.32193e+06	1	1.4183e+06	1	2480.88	1	100	278.175	303.081
774	136.496	1	534724	1	1.86748e+06	1	489484	1	1285.4	1	0	273.249	301.462
774	136.496	1	534724	1	1.86748e+06	1	489484	1	1285.4	1	0.001	273.25	301.462
774	136.496	1	534724	1	1.86748e+06	1	489484	1	1285.4	1	0.00316228	273.25	301.462
774	136.496	1	534724	1	1.86748e+06	1	489484	1	1285.4	1	0.01	273.25	301.462
774	136.496	1	534724	1	1.86748e+06	1	489484	1	1285.4	1	0.0316228	273.252	301.462
774	136.496	1	534724	1	1.86748e+06	1	489484	1	1285.4	1	0.1	273.257	301.464
774	136.496	1	534724	1	1.86748e+06	1	489484	1	1285.4	1	0.316228	273.274	301.469
774	136.496	1	534724	1	1.86748e+06	1	489484	1	1285.4	1	1	273.328	301.486
774	136.496	1	534724	1	1.86748e+06	1	489484	1	1285.4	1	3.16228	273.493	301.537
774	136.496	1	534724	1	1.86748e+06	1	489484	1	1285.4	1	10	273.985	301.69
774	136.496	1	534724	1	1.86748e+06	1	489484	1	1285.4	1	31.6228	275.329	302.121
774	136.496	1	534724	1	1.86748e+06	1	489484	1	1285.4	1	100	278.137	303.127
775	150.197	1	1.2981e+06	1	715701	1	4.68536e+06	1	1271.18	1	0	273.249	301.462
775	150.197	1	1.2981e+06	1	715701	1	4.68536e+06	1	1271.18	1	0.001	273.249	301.462
775	150.197	1	1.2981e+06	1	715701	1	4.68536e+06	1	1271.18	1	0.00316228	273.25	301.462
775	150.197	1	1.2981e+06	1	715701	1	4.68536e+06	1	1271.18	1	0.01	273.25	301.462
775	150.197	1	1.2981e+06	1	715701	1	4.68536e+06	1	1271.18	1	0.0316228	273.252	301.462
775	150.197	1	1.2981e+06	1	715701	1	4.68536e+06	1	1271.18	1	0.1	273.257	301.464
775	150.197	1	1.2981e+06	1	715701	1	4.68536e+06	1	1271.18	1	0.316228	273.272	301.469
775	150.197	1	1.2981e+06	1	715701	1	4.68536e+06	1	1271.18	1	1	273.321	301.484
775	150.197	1	1.2981e+06	1	715701	1	4.68536e+06	1	1271.18	1	3.16228	273.472	301.531
775	150.197	1	1.2981e+06	1	715701	1	4.68536e+06	1	1271.18	1	10	273.923	301.672
775	150.197	1	1.2981e+06	1	715701	1	4.68536e+06	1	1271.18	1	31.6228	275.167	302.071
775	150.197	1	1.2981e+06	1	715701	1	4.68536e+06	1	1271.18	1	100	277.875	303.027
776	117.797	1	507013	1	735701	1	2.02157e+06	1	1557.44	1	0	273.249	301.462
776	117.797	1	507013	1	735701	1	2.02157e+06	1	1557.44	1	0.001	273.25	301.462
776	117.797	1	507013	1	735701	1	2.02157e+06	1	1557.44	1	0.00316228	273.25	301.462
776	117.797	1	507013	1	735701	1	2.02157e+06	1	1557.44	1	0.01	273.25	301.462
776	117.797	1	507013	1	735701	1	2.02157e+06	1	1557.44	1	0.0316228	273.252	301.462
776	117.797	1	507013	1	735701	1	2.02157e+06	1	1557.44	1	0.1	273.259	301.464
776	117.797	1	507013	1	735701	1	2.02157e+06	1	1557.44	1	0.316228	273.278	301.47
776	117.797	1	507013	1	735701	1	2.02157e+06	1	1557.44	1	1	273.34	301.489
776	117.797	1	507013	1	735701	1	2.02157e+06	1	1557.44	1	3.16228	273.529	301.547
776	117.797	1	507013	1	735701	1	2.02157e+06	1	1557.44	1	10	274.088	301.718
776	117.797	1	507013	1	735701	1	2.02157e+06	1	1557.44	1	31.6228	275.588	302.194
776	117.797	1	507013	1	735701	1	2.02157e+06	1	1557.44	1	100	278.52	303.248
777	136.294	1	1.13026e+06	1	1.57966e+06	1	1.90069e+06	1	1937.11	1	0	273.249	301.462
777	136.294	1	1.13026e+06	1	1.57966e+06	1	1.90069e+06	1	1937.11	1	0.001	273.25	301.462
777	136.294	1	1.13026e+06	1	1.57966e+06	1	1.90069e+06	1	1937.11	1	0.00316228	273.25	301.462
777	136.294	1	1.13026e+06	1	1.57966e+06	1	1.90069e+06	1	1937.11	1	0.01	273.25	301.462
777	136.294	1	1.13026e+06	1	1.57966e+06	1	1.90069e+06	1	1937.11	1	0.0316228	273.252	301.462
777	136.294	1	1.13026e+06	1	1.57966e+06	1	1.90069e+06	1	1937.11	1	0.1	273.257	301.464
777	136.294	1	1.13026e+06	1	1.57966e+06	1	1.90069e+06	1	1937.11	1	0.316228	273.274	301.469
777	136.294	1	1.13026e+06	1	1.57966e+06	1	1.90069e+06	1	1937.11	1	1	273.327	301.485
777	136.294	1	1.13026e+06	1	1.57966e+06	1	1.90069e+06	1	1937.11	1	3.16228	273.492	301.536
777	136.294	1	1.13026e+06	1	1.57966e+06	1	1.90069e+06	1	1937.11	1	10	273.981	301.686
777	136.294	1	1.13026e+06	1	1.57966e+06	1	1.90069e+06	1	1937.11	1	31.6228	275.319	302.107
777	136.294	1	1.13026e+06	1	1.57966e+06	1	1.90069e+06	1	1937.11	1	100	278.109	303.081
778	179.911	1	846375	1	438393	1	3.23028e+06	1	970.417	1	0	273.249	301.462
778	179.911	1	846375	1	438393	1	3.23028e+06	1	970.417	1	0.001	273.249	301.462
778	179.911	1	846375	1	438393	1	3.23028e+06	1	970.417	1	0.00316228	273.25	301.462
778	179.911	1	846375	1	438393	1	3.23028e+06	1	970.417	1	0.01	273.25	301.462
778	179.911	1	846375	1	438393	1	3.23028e+06	1	970.417	1	0.0316228	273.251	301.462
778	179.911	1	846375	1	438393	1	3.23028e+06	1	970.417	1	0.1	273.255	301.463
778	179.911	1	846375	1	438393	1	3.23028e+06	1	970.417	1	0.316228	273.269	301.468
778	179.911	1	846375	1	438393	1	3.23028e+06	1	970.417	1	1	273.31	301.481
778	179.911	1	846375	1	438393	1	3.23028e+06	1	970.417	1	3.16228	273.437	301.522
778	179.911	1	846375	1	438393	1	3.23028e+06	1	970.417	1	10	273.823	301.645
778	179.911	1	846375	1	438393	1	3.23028e+06	1	970.417	1	31.6228	274.899	301.998
778	179.911	1	846375	1	438393	1	3.23028e+06	1	970.417	1	100	277.415	302.892
779	233.51	1	931771	1	1.60529e+06	1	1.27395e+06	1	1018.92	1	0	273.249	301.462
779	233.51	1	931771	1	1.60529e+06	1	1.27395e+06	1	1018.92	1	0.001	273.249	301.462
779	233.51	1	931771	1	1.60529e+06	1	1.27395e+06	1	1018.92	1	0.00316228	273.25	301.462
779	233.51	1	931771	1	1.60529e+06	1	1.27395e+06	1	1018.92	1	0.01	273.25	301.462
779	233.51	1	931771	1	1.60529e+06	1	1.27395e+06	1	1018.92	1	0.0316228	273.251	301.462
779	233.51	1	931771	1	1.60529e+06	1	1.27395e+06	1	1018.92	1	0.1	273.254	301.463
779	233.51	1	931771	1	1.60529e+06	1	1.27395e+06	1	1018.92	1	0.316228	273.264	301.466
779	233.51	1	931771	1	1.60529e+06	1	1.27395e+06	1	1018.92	1	1	273.296	301.477
779	233.51	1	931771	1	1.60529e+06	1	1.27395e+06	1	1018.92	1	3.16228	273.396	301.509
779	233.51	1	931771	1	1.60529e+06	1	1.27395e+06	1	1018.92	1	10	273.699	301.607
779	233.51	1	931771	1	1.60529e+06	1	1.27395e+06	1	1018.92	1	31.6228	274.557	301.89
779	233.51	1	931771	1	1.60529e+06	1	1.27395e+06	1	1018.92	1	100	276.723	302.655
780	210.499	1	844988	1	513800	1	590625	1	1369.01	1	0	273.249	301.462
780	210.499	1	844988	1	513800	1	590625	1	1369.01	1	0.001	273.249	301.462
780	210.499	1	844988	1	513800	1	590625	1	1369.01	1	0.00316228	273.25	301.462
780	210.499	1	844988	1	513800	1	590625	1	1369.01	1	0.01	273.25	301.462
780	210.499	1	844988	1	513800	1	590625	1	1369.01	1	0.0316228	273.251	301.462
780	210.499	1	844988	1	513800	1	590625	1	1369.01	1	0.1	273.255	301.463
780	210.499	1	844988	1	513800	1	590625	1	1369.01	1	0.316228	273.266	301.467
780	210.499	1	844988	1	513800	1	590625	1	1369.01	1	1	273.301	301.478
780	210.499	1	844988	1	513800	1	590625	1	1369.01	1	3.16228	273.41	301.512
780	210.499	1	844988	1	513800	1	590625	1	1369.01	1	10	273.742	301.618
780	210.499	1	844988	1	513800	1	590625	1	1369.01	1	31.6228	274.674	301.918
780	210.499	1	844988	1	513800	1	590625	1	1369.01	1	100	276.969	302.716
781	157.826	1	709885	1	738163	1	1.57255e+06	1	1165.69	1	0	273.249	301.462
781	157.826	1	709885	1	738163	1	1.57255e+06	1	1165.69	1	0.001	273.249	301.462
781	157.826	1	709885	1	738163	1	1.57255e+06	1	1165.69	1	0.00316228	273.25	301.462
781	157.826	1	709885	1	738163	1	1.57255e+06	1	1165.69	1	0.01	273.25	301.462
781	157.826	1	709885	1	738163	1	1.57255e+06	1	1165.69	1	0.0316228	273.252	301.462
781	157.826	1	709885	1	738163	1	1.57255e+06	1	1165.69	1	0.1	273.256	301.464
781	157.826	1	709885	1	738163	1	1.57255e+06	1	1165.69	1	0.316228	273.271	301.468
781	157.826	1	709885	1	738163	1	1.57255e+06	1	1165.69	1	1	273.317	301.483
781	157.826	1	709885	1	738163	1	1.57255e+06	1	1165.69	1	3.16228	273.462	301.528
781	157.826	1	709885	1	738163	1	1.57255e+06	1	1165.69	1	10	273.893	301.664
781	157.826	1	709885	1	738163	1	1.57255e+06	1	1165.69	1	31.6228	275.089	302.049
781	157.826	1	709885	1	738163	1	1.57255e+06	1	1165.69	1	100	277.75	302.988
782	114.683	1	1.07716e+06	1	783818	1	984419	1	538.155	1	0	273.249	301.462
782	114.683	1	1.07716e+06	1	783818	1	984419	1	538.155	1	0.001	273.25	301.462
782	114.683	1	1.07716e+06	1	783818	1	984419	1	538.155	1	0.00316228	273.25	301.462
782	114.683	1	1.07716e+06	1	783818	1	984419	1	538.155	1	0.01	273.25	301.462
782	114.683	1	1.07716e+06	1	783818	1	984419	1	538.155	1	0.0316228	273.252	301.463
782	114.683	1	1.07716e+06	1	783818	1	984419	1	538.155	1	0.1	273.259	301.465
782	114.683	1	1.07716e+06	1	783818	1	984419	1	538.155	1	0.316228	273.279	301.471
782	114.683	1	1.07716e+06	1	783818	1	984419	1	538.155	1	1	273.344	301.492
782	114.683	1	1.07716e+06	1	783818	1	984419	1	538.155	1	3.16228	273.543	301.556
782	114.683	1	1.07716e+06	1	783818	1	984419	1	538.155	1	10	274.126	301.746
782	114.683	1	1.07716e+06	1	783818	1	984419	1	538.155	1	31.6228	275.694	302.277
782	114.683	1	1.07716e+06	1	783818	1	984419	1	538.155	1	100	278.679	303.446
783	112.546	1	1.83096e+06	1	1.15676e+06	1	913324	1	2295.31	1	0	273.249	301.462
783	112.546	1	1.83096e+06	1	1.15676e+06	1	913324	1	2295.31	1	0.001	273.25	301.462
783	112.546	1	1.83096e+06	1	1.15676e+06	1	913324	1	2295.31	1	0.00316228	273.25	301.462
783	112.546	1	1.83096e+06	1	1.15676e+06	1	913324	1	2295.31	1	0.01	273.25	301.462
783	112.546	1	1.83096e+06	1	1.15676e+06	1	913324	1	2295.31	1	0.0316228	273.252	301.462
783	112.546	1	1.83096e+06	1	1.15676e+06	1	913324	1	2295.31	1	0.1	273.259	301.464
783	112.546	1	1.83096e+06	1	1.15676e+06	1	913324	1	2295.31	1	0.316228	273.279	301.471
783	112.546	1	1.83096e+06	1	1.15676e+06	1	913324	1	2295.31	1	1	273.343	301.49
783	112.546	1	1.83096e+06	1	1.15676e+06	1	913324	1	2295.31	1	3.16228	273.541	301.55
783	112.546	1	1.83096e+06	1	1.15676e+06	1	913324	1	2295.31	1	10	274.121	301.727
783	112.546	1	1.83096e+06	1	1.15676e+06	1	913324	1	2295.31	1	31.6228	275.671	302.214
783	112.546	1	1.83096e+06	1	1.15676e+06	1	913324	1	2295.31	1	100	278.64	303.274
784	170.449	1	3.70413e+06	1	1.59465e+06	1	5.70976e+06	1	1173.77	1	0	273.249	301.462
784	170.449	1	3.70413e+06	1	1.59465e+06	1	5.70976e+06	1	1173.77	1	0.001	273.249	301.462
784	170.449	1	3.70413e+06	1	1.59465e+06	1	5.70976e+06	1	1173.77	1	0.00316228	273.25	301.462
784	170.449	1	3.70413e+06	1	1.59465e+06	1	5.70976e+06	1	1173.77	1	0.01	273.25	301.462
784	170.449	1	3.70413e+06	1	1.59465e+06	1	5.70976e+06	1	1173.77	1	0.0316228	273.251	301.462
784	170.449	1	3.70413e+06	1	1.59465e+06	1	5.70976e+06	1	1173.77	1	0.1	273.256	301.464
784	170.449	1	3.70413e+06	1	1.59465e+06	1	5.70976e+06	1	1173.77	1	0.316228	273.269	301.468
784	170.449	1	3.70413e+06	1	1.59465e+06	1	5.70976e+06	1	1173.77	1	1	273.313	301.481
784	170.449	1	3.70413e+06	1	1.59465e+06	1	5.70976e+06	1	1173.77	1	3.16228	273.446	301.524
784	170.449	1	3.70413e+06	1	1.59465e+06	1	5.70976e+06	1	1173.77	1	10	273.849	301.651
784	170.449	1	3.70413e+06	1	1.59465e+06	1	5.70976e+06	1	1173.77	1	31.6228	274.971	302.012
784	170.449	1	3.70413e+06	1	1.59465e+06	1	5.70976e+06	1	1173.77	1	100	277.545	302.913
785	143.31	1	1.20501e+06	1	732239	1	955972	1	1396.58	1	0	273.249	301.462
785	143.31	1	1.20501e+06	1	732239	1	955972	1	1396.58	1	0.001	273.249	301.462
785	143.31	1	1.20501e+06	1	732239	1	955972	1	1396.58	1	0.00316228	273.25	301.462
785	143.31	1	1.20501e+06	1	732239	1	955972	1	1396.58	1	0.01	273.25	301.462
785	143.31	1	1.20501e+06	1	732239	1	955972	1	1396.58	1	0.0316228	273.252	301.462
785	143.31	1	1.20501e+06	1	732239	1	955972	1	1396.58	1	0.1	273.257	301.464
785	143.31	1	1.20501e+06	1	732239	1	955972	1	1396.58	1	0.316228	273.273	301.469
785	143.31	1	1.20501e+06	1	732239	1	955972	1	1396.58	1	1	273.324	301.485
785	143.31	1	1.20501e+06	1	732239	1	955972	1	1396.58	1	3.16228	273.482	301.534
785	143.31	1	1.20501e+06	1	732239	1	955972	1	1396.58	1	10	273.952	301.68
785	143.31	1	1.20501e+06	1	732239	1	955972	1	1396.58	1	31.6228	275.243	302.093
785	143.31	1	1.20501e+06	1	732239	1	955972	1	1396.58	1	100	278	303.069
786	161.438	1	1.36751e+06	1	929572	1	2.04129e+06	1	1628.04	1	0	273.249	301.462
786	161.438	1	1.36751e+06	1	929572	1	2.04129e+06	1	1628.04	1	0.001	273.249	301.462
786	161.438	1	1.36751e+06	1	929572	1	2.04129e+06	1	1628.04	1	0.00316228	273.25	301.462
786	161.438	1	1.36751e+06	1	929572	1	2.04129e+06	1	1628.04	1	0.01	273.25	301.462
786	161.438	1	1.36751e+06	1	929572	1	2.04129e+06	1	1628.04	1	0.0316228	273.252	301.462
786	161.438	1	1.36751e+06	1	929572	1	2.04129e+06	1	1628.04	1	0.1	273.256	301.464
786	161.438	1	1.36751e+06	1	929572	1	2.04129e+06	1	1628.04	1	0.316228	273.27	301.468
786	161.438	1	1.36751e+06	1	929572	1	2.04129e+06	1	1628.04	1	1	273.316	301.482
786	161.438	1	1.36751e+06	1	929572	1	2.04129e+06	1	1628.04	1	3.16228	273.456	301.525
786	161.438	1	1.36751e+06	1	929572	1	2.04129e+06	1	1628.04	1	10	273.877	301.656
786	161.438	1	1.36751e+06	1	929572	1	2.04129e+06	1	1628.04	1	31.6228	275.044	302.026
786	161.438	1	1.36751e+06	1	929572	1	2.04129e+06	1	1628.04	1	100	277.665	302.928
787	95.0461	1	1.32184e+06	1	849609	1	1.15515e+06	1	1568.16	1	0	273.249	301.462
787	95.0461	1	1.32184e+06	1	849609	1	1.15515e+06	1	1568.16	1	0.001	273.25	301.462
787	95.0461	1	1.32184e+06	1	849609	1	1.15515e+06	1	1568.16	1	0.00316228	273.25	301.462
787	95.0461	1	1.32184e+06	1	849609	1	1.15515e+06	1	1568.16	1	0.01	273.251	301.462
787	95.0461	1	1.32184e+06	1	849609	1	1.15515e+06	1	1568.16	1	0.0316228	273.253	301.463
787	95.0461	1	1.32184e+06	1	849609	1	1.15515e+06	1	1568.16	1	0.1	273.261	301.465
787	95.0461	1	1.32184e+06	1	849609	1	1.15515e+06	1	1568.16	1	0.316228	273.285	301.472
787	95.0461	1	1.32184e+06	1	849609	1	1.15515e+06	1	1568.16	1	1	273.361	301.495
787	95.0461	1	1.32184e+06	1	849609	1	1.15515e+06	1	1568.16	1	3.16228	273.594	301.567
787	95.0461	1	1.32184e+06	1	849609	1	1.15515e+06	1	1568.16	1	10	274.268	301.773
787	95.0461	1	1.32184e+06	1	849609	1	1.15515e+06	1	1568.16	1	31.6228	276.024	302.331
787	95.0461	1	1.32184e+06	1	849609	1	1.15515e+06	1	1568.16	1	100	279.068	303.478
788	88.7452	1	2.6865e+06	1	1.24612e+06	1	1.82397e+06	1	1185.53	1	0	273.249	301.462
788	88.7452	1	2.6865e+06	1	1.24612e+06	1	1.82397e+06	1	1185.53	1	0.001	273.25	301.462
788	88.7452	1	2.6865e+06	1	1.24612e+06	1	1.82397e+06	1	1185.53	1	0.00316228	273.25	301.462
788	88.7452	1	2.6865e+06	1	1.24612e+06	1	1.82397e+06	1	1185.53	1	0.01	273.251	301.462
788	88.7452	1	2.6865e+06	1	1.24612e+06	1	1.82397e+06	1	1185.53	1	0.0316228	273.253	301.463
788	88.7452	1	2.6865e+06	1	1.24612e+06	1	1.82397e+06	1	1185.53	1	0.1	273.261	301.465
788	88.7452	1	2.6865e+06	1	1.24612e+06	1	1.82397e+06	1	1185.53	1	0.316228	273.287	301.473
788	88.7452	1	2.6865e+06	1	1.24612e+06	1	1.82397e+06	1	1185.53	1	1	273.369	301.498
788	88.7452	1	2.6865e+06	1	1.24612e+06	1	1.82397e+06	1	1185.53	1	3.16228	273.618	301.575
788	88.7452	1	2.6865e+06	1	1.24612e+06	1	1.82397e+06	1	1185.53	1	10	274.335	301.795
788	88.7452	1	2.6865e+06	1	1.24612e+06	1	1.82397e+06	1	1185.53	1	31.6228	276.189	302.393
788	88.7452	1	2.6865e+06	1	1.24612e+06	1	1.82397e+06	1	1185.53	1	100	279.195	303.576
789	185.403	1	2.8262e+06	1	1.74443e+06	1	639470	1	1139.75	1	0	273.249	301.462
789	185.403	1	2.8262e+06	1	1.74443e+06	1	639470	1	1139.75	1	0.001	273.249	301.462
789	185.403	1	2.8262e+06	1	1.74443e+06	1	639470	1	1139.75	1	0.00316228	273.25	301.462
789	185.403	1	2.8262e+06	1	1.74443e+06	1	639470	1	1139.75	1	0.01	273.25	301.462
789	185.403	1	2.8262e+06	1	1.74443e+06	1	639470	1	1139.75	1	0.0316228	273.251	301.462
789	185.403	1	2.8262e+06	1	1.74443e+06	1	639470	1	1139.75	1	0.1	273.255	301.463
789	185.403	1	2.8262e+06	1	1.74443e+06	1	639470	1	1139.75	1	0.316228	273.268	301.467
789	185.403	1	2.8262e+06	1	1.74443e+06	1	639470	1	1139.75	1	1	273.308	301.48
789	185.403	1	2.8262e+06	1	1.74443e+06	1	639470	1	1139.75	1	3.16228	273.432	301.519
789	185.403	1	2.8262e+06	1	1.74443e+06	1	639470	1	1139.75	1	10	273.806	301.639
789	185.403	1	2.8262e+06	1	1.74443e+06	1	639470	1	1139.75	1	31.6228	274.852	301.979
789	185.403	1	2.8262e+06	1	1.74443e+06	1	639470	1	1139.75	1	100	277.326	302.85
790	159.257	1	1.09637e+06	1	436143	1	1.17135e+06	1	1200.68	1	0	273.249	301.462
790	159.257	1	1.09637e+06	1	436143	1	1.17135e+06	1	1200.68	1	0.001	273.249	301.462
790	159.257	1	1.09637e+06	1	436143	1	1.17135e+06	1	1200.68	1	0.00316228	273.25	301.462
790	159.257	1	1.09637e+06	1	436143	1	1.17135e+06	1	1200.68	1	0.01	273.25	301.462
790	159.257	1	1.09637e+06	1	436143	1	1.17135e+06	1	1200.68	1	0.0316228	273.252	301.462
790	159.257	1	1.09637e+06	1	436143	1	1.17135e+06	1	1200.68	1	0.1	273.256	301.464
790	159.257	1	1.09637e+06	1	436143	1	1.17135e+06	1	1200.68	1	0.316228	273.271	301.468
790	159.257	1	1.09637e+06	1	436143	1	1.17135e+06	1	1200.68	1	1	273.317	301.483
790	159.257	1	1.09637e+06	1	436143	1	1.17135e+06	1	1200.68	1	3.16228	273.46	301.528
790	159.257	1	1.09637e+06	1	436143	1	1.17135e+06	1	1200.68	1	10	273.888	301.663
790	159.257	1	1.09637e+06	1	436143	1	1.17135e+06	1	1200.68	1	31.6228	275.077	302.046
790	159.257	1	1.09637e+06	1	436143	1	1.17135e+06	1	1200.68	1	100	277.731	302.983
791	228.923	1	1.07043e+06	1	433106	1	724779	1	1279.74	1	0	273.249	301.462
791	228.923	1	1.07043e+06	1	433106	1	724779	1	1279.74	1	0.001	273.249	301.462
791	228.923	1	1.07043e+06	1	433106	1	724779	1	1279.74	1	0.00316228	273.25	301.462
791	228.923	1	1.07043e+06	1	433106	1	724779	1	1279.74	1	0.01	273.25	301.462
791	228.923	1	1.07043e+06	1	433106	1	724779	1	1279.74	1	0.0316228	273.251	301.462
791	228.923	1	1.07043e+06	1	433106	1	724779	1	1279.74	1	0.1	273.254	301.463
791	228.923	1	1.07043e+06	1	433106	1	724779	1	1279.74	1	0.316228	273.264	301.466
791	228.923	1	1.07043e+06	1	433106	1	724779	1	1279.74	1	1	273.297	301.477
791	228.923	1	1.07043e+06	1	433106	1	724779	1	1279.74	1	3.16228	273.398	301.509
791	228.923	1	1.07043e+06	1	433106	1	724779	1	1279.74	1	10	273.705	301.608
791	228.923	1	1.07043e+06	1	433106	1	724779	1	1279.74	1	31.6228	274.574	301.89
791	228.923	1	1.07043e+06	1	433106	1	724779	1	1279.74	1	100	276.76	302.653
792	236.318	1	529275	1	800919	1	441083	1	1708.37	1	0	273.249	301.462
792	236.318	1	529275	1	800919	1	441083	1	1708.37	1	0.001	273.249	301.462
792	236.318	1	529275	1	800919	1	441083	1	1708.37	1	0.00316228	273.25	301.462
792	236.318	1	529275	1	800919	1	441083	1	1708.37	1	0.01	273.25	301.462
792	236.318	1	529275	1	800919	1	441083	1	1708.37	1	0.0316228	273.251	301.462
792	236.318	1	529275	1	800919	1	441083	1	1708.37	1	0.1	273.254	301.463
792	236.318	1	529275	1	800919	1	441083	1	1708.37	1	0.316228	273.264	301.466
792	236.318	1	529275	1	800919	1	441083	1	1708.37	1	1	273.295	301.476
792	236.318	1	529275	1	800919	1	441083	1	1708.37	1	3.16228	273.392	301.507
792	236.318	1	529275	1	800919	1	441083	1	1708.37	1	10	273.689	301.6
792	236.318	1	529275	1	800919	1	441083	1	1708.37	1	31.6228	274.529	301.868
792	236.318	1	529275	1	800919	1	441083	1	1708.37	1	100	276.653	302.592
793	141.28	1	2.36298e+06	1	539087	1	775509	1	2383.14	1	0	273.249	301.462
793	141.28	1	2.36298e+06	1	539087	1	775509	1	2383.14	1	0.001	273.249	301.462
793	141.28	1	2.36298e+06	1	539087	1	775509	1	2383.14	1	0.00316228	273.25	301.462
793	141.28	1	2.36298e+06	1	539087	1	775509	1	2383.14	1	0.01	273.25	301.462
793	141.28	1	2.36298e+06	1	539087	1	775509	1	2383.14	1	0.0316228	273.252	301.462
793	141.28	1	2.36298e+06	1	539087	1	775509	1	2383.14	1	0.1	273.257	301.464
793	141.28	1	2.36298e+06	1	539087	1	775509	1	2383.14	1	0.316228	273.273	301.469
793	141.28	1	2.36298e+06	1	539087	1	775509	1	2383.14	1	1	273.325	301.485
793	141.28	1	2.36298e+06	1	539087	1	775509	1	2383.14	1	3.16228	273.484	301.533
793	141.28	1	2.36298e+06	1	539087	1	775509	1	2383.14	1	10	273.957	301.678
793	141.28	1	2.36298e+06	1	539087	1	775509	1	2383.14	1	31.6228	275.257	302.087
793	141.28	1	2.36298e+06	1	539087	1	775509	1	2383.14	1	100	278.013	303.042
794	137.614	1	865753	1	898259	1	1.14794e+06	1	977.771	1	0	273.249	301.462
794	137.614	1	865753	1	898259	1	1.14794e+06	1	977.771	1	0.001	273.25	301.462
794	137.614	1	865753	1	898259	1	1.14794e+06	1	977.771	1	0.00316228	273.25	301.462
794	137.614	1	865753	1	898259	1	1.14794e+06	1	977.771	1	0.01	273.25	301.462
794	137.614	1	865753	1	898259	1	1.14794e+06	1	977.771	1	0.0316228	273.252	301.462
794	137.614	1	865753	1	898259	1	1.14794e+06	1	977.771	1	0.1	273.257	301.464
794	137.614	1	865753	1	898259	1	1.14794e+06	1	977.771	1	0.316228	273.274	301.469
794	137.614	1	865753	1	898259	1	1.14794e+06	1	977.771	1	1	273.327	301.486
794	137.614	1	865753	1	898259	1	1.14794e+06	1	977.771	1	3.16228	273.492	301.538
794	137.614	1	865753	1	898259	1	1.14794e+06	1	977.771	1	10	273.982	301.692
794	137.614	1	865753	1	898259	1	1.14794e+06	1	977.771	1	31.6228	275.324	302.129
794	137.614	1	865753	1	898259	1	1.14794e+06	1	977.771	1	100	278.136	303.154
795	231.477	1	477070	1	716791	1	996590	1	664.985	1	0	273.249	301.462
795	231.477	1	477070	1	716791	1	996590	1	664.985	1	0.001	273.249	301.462
795	231.477	1	477070	1	716791	1	996590	1	664.985	1	0.00316228	273.25	301.462
795	231.477	1	477070	1	716791	1	996590	1	664.985	1	0.01	273.25	301.462
795	231.477	1	477070	1	716791	1	996590	1	664.985	1	0.0316228	273.251	301.462
795	231.477	1	477070	1	716791	1	996590	1	664.985	1	0.1	273.254	301.463
795	231.477	1	477070	1	716791	1	996590	1	664.985	1	0.316228	273.265	301.467
795	231.477	1	477070	1	716791	1	996590	1	664.985	1	1	273.297	301.478
795	231.477	1	477070	1	716791	1	996590	1	664.985	1	3.16228	273.399	301.512
795	231.477	1	477070	1	716791	1	996590	1	664.985	1	10	273.71	301.617
795	231.477	1	477070	1	716791	1	996590	1	664.985	1	31.6228	274.588	301.918
795	231.477	1	477070	1	716791	1	996590	1	664.985	1	100	276.795	302.732
796	131.476	1	763693	1	821793	1	838333	1	2091.77	1	0	273.249	301.462
796	131.476	1	763693	1	821793	1	838333	1	2091.77	1	0.001	273.25	301.462
796	131.476	1	763693	1	821793	1	838333	1	2091.77	1	0.00316228	273.25	301.462
796	131.476	1	763693	1	821793	1	838333	1	2091.77	1	0.01	273.25	301.462
796	131.476	1	763693	1	821793	1	838333	1	2091.77	1	0.0316228	273.252	301.462
796	131.476	1	763693	1	821793	1	838333	1	2091.77	1	0.1	273.258	301.464
796	131.476	1	763693	1	821793	1	838333	1	2091.77	1	0.316228	273.275	301.469
796	131.476	1	763693	1	821793	1	838333	1	2091.77	1	1	273.33	301.486
796	131.476	1	763693	1	821793	1	838333	1	2091.77	1	3.16228	273.501	301.538
796	131.476	1	763693	1	821793	1	838333	1	2091.77	1	10	274.006	301.693
796	131.476	1	763693	1	821793	1	838333	1	2091.77	1	31.6228	275.382	302.126
796	131.476	1	763693	1	821793	1	838333	1	2091.77	1	100	278.208	303.116
797	123.669	1	957271	1	675624	1	2.70429e+06	1	1804.24	1	0	273.249	301.462
797	123.669	1	957271	1	675624	1	2.70429e+06	1	1804.24	1	0.001	273.25	301.462
797	123.669	1	957271	1	675624	1	2.70429e+06	1	1804.24	1	0.00316228	273.25	301.462
797	123.669	1	957271	1	675624	1	2.70429e+06	1	1804.24	1	0.01	273.25	301.462
797	123.669	1	957271	1	675624	1	2.70429e+06	1	1804.24	1	0.0316228	273.252	301.462
797	123.669	1	957271	1	675624	1	2.70429e+06	1	1804.24	1	0.1	273.258	301.464
797	123.669	1	957271	1	675624	1	2.70429e+06	1	1804.24	1	0.316228	273.277	301.47
797	123.669	1	957271	1	675624	1	2.70429e+06	1	1804.24	1	1	273.335	301.488
797	123.669	1	957271	1	675624	1	2.70429e+06	1	1804.24	1	3.16228	273.516	301.543
797	123.669	1	957271	1	675624	1	2.70429e+06	1	1804.24	1	10	274.05	301.707
797	123.669	1	957271	1	675624	1	2.70429e+06	1	1804.24	1	31.6228	275.495	302.163
797	123.669	1	957271	1	675624	1	2.70429e+06	1	1804.24	1	100	278.382	303.189
798	158.275	1	1.71245e+06	1	1.06123e+06	1	256253	1	1631.15	1	0	273.249	301.462
798	158.275	1	1.71245e+06	1	1.06123e+06	1	256253	1	1631.15	1	0.001	273.249	301.462
798	158.275	1	1.71245e+06	1	1.06123e+06	1	256253	1	1631.15	1	0.00316228	273.25	301.462
798	158.275	1	1.71245e+06	1	1.06123e+06	1	256253	1	1631.15	1	0.01	273.25	301.462
798	158.275	1	1.71245e+06	1	1.06123e+06	1	256253	1	1631.15	1	0.0316228	273.252	301.462
798	158.275	1	1.71245e+06	1	1.06123e+06	1	256253	1	1631.15	1	0.1	273.256	301.464
798	158.275	1	1.71245e+06	1	1.06123e+06	1	256253	1	1631.15	1	0.316228	273.271	301.468
798	158.275	1	1.71245e+06	1	1.06123e+06	1	256253	1	1631.15	1	1	273.317	301.483
798	158.275	1	1.71245e+06	1	1.06123e+06	1	256253	1	1631.15	1	3.16228	273.461	301.527
798	158.275	1	1.71245e+06	1	1.06123e+06	1	256253	1	1631.15	1	10	273.891	301.662
798	158.275	1	1.71245e+06	1	1.06123e+06	1	256253	1	1631.15	1	31.6228	275.084	302.044
798	158.275	1	1.71245e+06	1	1.06123e+06	1	256253	1	1631.15	1	100	277.744	302.975
799	186.324	1	575770	1	889481	1	1.0978e+06	1	1806.81	1	0	273.249	301.462
799	186.324	1	575770	1	889481	1	1.0978e+06	1	1806.81	1	0.001	273.249	301.462
799	186.324	1	575770	1	889481	1	1.0978e+06	1	1806.81	1	0.00316228	273.25	301.462
799	186.324	1	575770	1	889481	1	1.0978e+06	1	1806.81	1	0.01	273.25	301.462
799	186.324	1	575770	1	889481	1	1.0978e+06	1	1806.81	1	0.0316228	273.251	301.462
799	186.324	1	575770	1	889481	1	1.0978e+06	1	1806.81	1	0.1	273.255	301.463
799	186.324	1	575770	1	889481	1	1.0978e+06	1	1806.81	1	0.316228	273.268	301.467
799	186.324	1	575770	1	889481	1	1.0978e+06	1	1806.81	1	1	273.307	301.479
799	186.324	1	575770	1	889481	1	1.0978e+06	1	1806.81	1	3.16228	273.429	301.517
799	186.324	1	575770	1	889481	1	1.0978e+06	1	1806.81	1	10	273.797	301.631
799	186.324	1	575770	1	889481	1	1.0978e+06	1	1806.81	1	31.6228	274.827	301.956
799	186.324	1	575770	1	889481	1	1.0978e+06	1	1806.81	1	100	277.262	302.782
800	133.023	1	1.46356e+06	1	1.13204e+06	1	1.27927e+06	1	1308.91	1	0	273.249	301.462
800	133.023	1	1.46356e+06	1	1.13204e+06	1	1.27927e+06	1	1308.91	1	0.001	273.25	301.462
800	133.023	1	1.46356e+06	1	1.13204e+06	1	1.27927e+06	1	1308.91	1	0.00316228	273.25	301.462
800	133.023	1	1.46356e+06	1	1.13204e+06	1	1.27927e+06	1	1308.91	1	0.01	273.25	301.462
800	133.023	1	1.46356e+06	1	1.13204e+06	1	1.27927e+06	1	1308.91	1	0.0316228	273.252	301.462
800	133.023	1	1.46356e+06	1	1.13204e+06	1	1.27927e+06	1	1308.91	1	0.1	273.258	301.464
800	133.023	1	1.46356e+06	1	1.13204e+06	1	1.27927e+06	1	1308.91	1	0.316228	273.275	301.469
800	133.023	1	1.46356e+06	1	1.13204e+06	1	1.27927e+06	1	1308.91	1	1	273.33	301.486
800	133.023	1	1.46356e+06	1	1.13204e+06	1	1.27927e+06	1	1308.91	1	3.16228	273.499	301.539
800	133.023	1	1.46356e+06	1	1.13204e+06	1	1.27927e+06	1	1308.91	1	10	274.002	301.695
800	133.023	1	1.46356e+06	1	1.13204e+06	1	1.27927e+06	1	1308.91	1	31.6228	275.373	302.134
800	133.023	1	1.46356e+06	1	1.13204e+06	1	1.27927e+06	1	1308.91	1	100	278.205	303.15
801	150.535	1	867406	1	558801	1	1.00108e+06	1	1721.41	1	0	273.249	301.462
801	150.535	1	867406	1	558801	1	1.00108e+06	1	1721.41	1	0.001	273.249	301.462
801	150.535	1	867406	1	558801	1	1.00108e+06	1	1721.41	1	0.00316228	273.25	301.462
801	150.535	1	867406	1	558801	1	1.00108e+06	1	1721.41	1	0.01	273.25	301.462
801	150.535	1	867406	1	558801	1	1.00108e+06	1	1721.41	1	0.0316228	273.252	301.462
801	150.535	1	867406	1	558801	1	1.00108e+06	1	1721.41	1	0.1	273.257	301.464
801	150.535	1	867406	1	558801	1	1.00108e+06	1	1721.41	1	0.316228	273.272	301.468
801	150.535	1	867406	1	558801	1	1.00108e+06	1	1721.41	1	1	273.32	301.483
801	150.535	1	867406	1	558801	1	1.00108e+06	1	1721.41	1	3.16228	273.47	301.53
801	150.535	1	867406	1	558801	1	1.00108e+06	1	1721.41	1	10	273.919	301.668
801	150.535	1	867406	1	558801	1	1.00108e+06	1	1721.41	1	31.6228	275.156	302.06
801	150.535	1	867406	1	558801	1	1.00108e+06	1	1721.41	1	100	277.851	302.997
802	166.54	1	1.82431e+06	1	528218	1	770255	1	1486.51	1	0	273.249	301.462
802	166.54	1	1.82431e+06	1	528218	1	770255	1	1486.51	1	0.001	273.249	301.462
802	166.54	1	1.82431e+06	1	528218	1	770255	1	1486.51	1	0.00316228	273.25	301.462
802	166.54	1	1.82431e+06	1	528218	1	770255	1	1486.51	1	0.01	273.25	301.462
802	166.54	1	1.82431e+06	1	528218	1	770255	1	1486.51	1	0.0316228	273.251	301.462
802	166.54	1	1.82431e+06	1	528218	1	770255	1	1486.51	1	0.1	273.256	301.464
802	166.54	1	1.82431e+06	1	528218	1	770255	1	1486.51	1	0.316228	273.27	301.468
802	166.54	1	1.82431e+06	1	528218	1	770255	1	1486.51	1	1	273.314	301.482
802	166.54	1	1.82431e+06	1	528218	1	770255	1	1486.51	1	3.16228	273.45	301.524
802	166.54	1	1.82431e+06	1	528218	1	770255	1	1486.51	1	10	273.861	301.653
802	166.54	1	1.82431e+06	1	528218	1	770255	1	1486.51	1	31.6228	275.002	302.018
802	166.54	1	1.82431e+06	1	528218	1	770255	1	1486.51	1	100	277.6	302.918
803	119.815	1	373469	1	1.08442e+06	1	1.06972e+06	1	701.793	1	0	273.249	301.462
803	119.815	1	373469	1	1.08442e+06	1	1.06972e+06	1	701.793	1	0.001	273.25	301.462
803	119.815	1	373469	1	1.08442e+06	1	1.06972e+06	1	701.793	1	0.00316228	273.25	301.462
803	119.815	1	373469	1	1.08442e+06	1	1.06972e+06	1	701.793	1	0.01	273.25	301.462
803	119.815	1	373469	1	1.08442e+06	1	1.06972e+06	1	701.793	1	0.0316228	273.252	301.462
803	119.815	1	373469	1	1.08442e+06	1	1.06972e+06	1	701.793	1	0.1	273.258	301.464
803	119.815	1	373469	1	1.08442e+06	1	1.06972e+06	1	701.793	1	0.316228	273.278	301.471
803	119.815	1	373469	1	1.08442e+06	1	1.06972e+06	1	701.793	1	1	273.339	301.49
803	119.815	1	373469	1	1.08442e+06	1	1.06972e+06	1	701.793	1	3.16228	273.528	301.55
803	119.815	1	373469	1	1.08442e+06	1	1.06972e+06	1	701.793	1	10	274.085	301.727
803	119.815	1	373469	1	1.08442e+06	1	1.06972e+06	1	701.793	1	31.6228	275.588	302.225
803	119.815	1	373469	1	1.08442e+06	1	1.06972e+06	1	701.793	1	100	278.539	303.346
804	105.156	1	539531	1	1.18135e+06	1	541629	1	1261.57	1	0	273.249	301.462
804	105.156	1	539531	1	1.18135e+06	1	541629	1	1261.57	1	0.001	273.25	301.462
804	105.156	1	539531	1	1.18135e+06	1	541629	1	1261.57	1	0.00316228	273.25	301.462
804	105.156	1	539531	1	1.18135e+06	1	541629	1	1261.57	1	0.01	273.25	301.462
804	105.156	1	539531	1	1.18135e+06	1	541629	1	1261.57	1	0.0316228	273.253	301.463
804	105.156	1	539531	1	1.18135e+06	1	541629	1	1261.57	1	0.1	273.26	301.465
804	105.156	1	539531	1	1.18135e+06	1	541629	1	1261.57	1	0.316228	273.282	301.471
804	105.156	1	539531	1	1.18135e+06	1	541629	1	1261.57	1	1	273.35	301.493
804	105.156	1	539531	1	1.18135e+06	1	541629	1	1261.57	1	3.16228	273.563	301.558
804	105.156	1	539531	1	1.18135e+06	1	541629	1	1261.57	1	10	274.182	301.749
804	105.156	1	539531	1	1.18135e+06	1	541629	1	1261.57	1	31.6228	275.82	302.274
804	105.156	1	539531	1	1.18135e+06	1	541629	1	1261.57	1	100	278.859	303.401
805	122.914	1	2.4338e+06	1	602620	1	5.692e+06	1	1106	1	0	273.249	301.462
805	122.914	1	2.4338e+06	1	602620	1	5.692e+06	1	1106	1	0.001	273.25	301.462
805	122.914	1	2.4338e+06	1	602620	1	5.692e+06	1	1106	1	0.00316228	273.25	301.462
805	122.914	1	2.4338e+06	1	602620	1	5.692e+06	1	1106	1	0.01	273.25	301.462
805	122.914	1	2.4338e+06	1	602620	1	5.692e+06	1	1106	1	0.0316228	273.252	301.462
805	122.914	1	2.4338e+06	1	602620	1	5.692e+06	1	1106	1	0.1	273.258	301.464
805	122.914	1	2.4338e+06	1	602620	1	5.692e+06	1	1106	1	0.316228	273.277	301.47
805	122.914	1	2.4338e+06	1	602620	1	5.692e+06	1	1106	1	1	273.336	301.489
805	122.914	1	2.4338e+06	1	602620	1	5.692e+06	1	1106	1	3.16228	273.52	301.546
805	122.914	1	2.4338e+06	1	602620	1	5.692e+06	1	1106	1	10	274.06	301.714
805	122.914	1	2.4338e+06	1	602620	1	5.692e+06	1	1106	1	31.6228	275.522	302.186
805	122.914	1	2.4338e+06	1	602620	1	5.692e+06	1	1106	1	100	278.435	303.255
806	125.117	1	1.4144e+06	1	2.11347e+06	1	1.47282e+06	1	451.843	1	0	273.249	301.462
806	125.117	1	1.4144e+06	1	2.11347e+06	1	1.47282e+06	1	451.843	1	0.001	273.25	301.462
806	125.117	1	1.4144e+06	1	2.11347e+06	1	1.47282e+06	1	451.843	1	0.00316228	273.25	301.462
806	125.117	1	1.4144e+06	1	2.11347e+06	1	1.47282e+06	1	451.843	1	0.01	273.25	301.462
806	125.117	1	1.4144e+06	1	2.11347e+06	1	1.47282e+06	1	451.843	1	0.0316228	273.252	301.462
806	125.117	1	1.4144e+06	1	2.11347e+06	1	1.47282e+06	1	451.843	1	0.1	273.258	301.464
806	125.117	1	1.4144e+06	1	2.11347e+06	1	1.47282e+06	1	451.843	1	0.316228	273.277	301.471
806	125.117	1	1.4144e+06	1	2.11347e+06	1	1.47282e+06	1	451.843	1	1	273.337	301.49
806	125.117	1	1.4144e+06	1	2.11347e+06	1	1.47282e+06	1	451.843	1	3.16228	273.521	301.551
806	125.117	1	1.4144e+06	1	2.11347e+06	1	1.47282e+06	1	451.843	1	10	274.065	301.732
806	125.117	1	1.4144e+06	1	2.11347e+06	1	1.47282e+06	1	451.843	1	31.6228	275.543	302.242
806	125.117	1	1.4144e+06	1	2.11347e+06	1	1.47282e+06	1	451.843	1	100	278.45	303.382
807	155.121	1	691127	1	1.04069e+06	1	816611	1	2334.18	1	0	273.249	301.462
807	155.121	1	691127	1	1.04069e+06	1	816611	1	2334.18	1	0.001	273.249	301.462
807	155.121	1	691127	1	1.04069e+06	1	816611	1	2334.18	1	0.00316228	273.25	301.462
807	155.121	1	691127	1	1.04069e+06	1	816611	1	2334.18	1	0.01	273.25	301.462
807	155.121	1	691127	1	1.04069e+06	1	816611	1	2334.18	1	0.0316228	273.252	301.462
807	155.121	1	691127	1	1.04069e+06	1	816611	1	2334.18	1	0.1	273.256	301.464
807	155.121	1	691127	1	1.04069e+06	1	816611	1	2334.18	1	0.316228	273.271	301.468
807	155.121	1	691127	1	1.04069e+06	1	816611	1	2334.18	1	1	273.318	301.482
807	155.121	1	691127	1	1.04069e+06	1	816611	1	2334.18	1	3.16228	273.463	301.527
807	155.121	1	691127	1	1.04069e+06	1	816611	1	2334.18	1	10	273.898	301.66
807	155.121	1	691127	1	1.04069e+06	1	816611	1	2334.18	1	31.6228	275.099	302.036
807	155.121	1	691127	1	1.04069e+06	1	816611	1	2334.18	1	100	277.75	302.937
808	182.607	1	912002	1	1.10052e+06	1	1.974e+06	1	2384.18	1	0	273.249	301.462
808	182.607	1	912002	1	1.10052e+06	1	1.974e+06	1	2384.18	1	0.001	273.249	301.462
808	182.607	1	912002	1	1.10052e+06	1	1.974e+06	1	2384.18	1	0.00316228	273.25	301.462
808	182.607	1	912002	1	1.10052e+06	1	1.974e+06	1	2384.18	1	0.01	273.25	301.462
808	182.607	1	912002	1	1.10052e+06	1	1.974e+06	1	2384.18	1	0.0316228	273.251	301.462
808	182.607	1	912002	1	1.10052e+06	1	1.974e+06	1	2384.18	1	0.1	273.255	301.463
808	182.607	1	912002	1	1.10052e+06	1	1.974e+06	1	2384.18	1	0.316228	273.268	301.467
808	182.607	1	912002	1	1.10052e+06	1	1.974e+06	1	2384.18	1	1	273.308	301.479
808	182.607	1	912002	1	1.10052e+06	1	1.974e+06	1	2384.18	1	3.16228	273.432	301.517
808	182.607	1	912002	1	1.10052e+06	1	1.974e+06	1	2384.18	1	10	273.806	301.632
808	182.607	1	912002	1	1.10052e+06	1	1.974e+06	1	2384.18	1	31.6228	274.851	301.957
808	182.607	1	912002	1	1.10052e+06	1	1.974e+06	1	2384.18	1	100	277.301	302.778
809	80.9474	1	754484	1	737895	1	1.40628e+06	1	1561.18	1	0	273.249	301.462
809	80.9474	1	754484	1	737895	1	1.40628e+06	1	1561.18	1	0.001	273.25	301.462
809	80.9474	1	754484	1	737895	1	1.40628e+06	1	1561.18	1	0.00316228	273.25	301.462
809	80.9474	1	754484	1	737895	1	1.40628e+06	1	1561.18	1	0.01	273.251	301.462
809	80.9474	1	754484	1	737895	1	1.40628e+06	1	1561.18	1	0.0316228	273.254	301.463
809	80.9474	1	754484	1	737895	1	1.40628e+06	1	1561.18	1	0.1	273.263	301.466
809	80.9474	1	754484	1	737895	1	1.40628e+06	1	1561.18	1	0.316228	273.291	301.474
809	80.9474	1	754484	1	737895	1	1.40628e+06	1	1561.18	1	1	273.38	301.501
809	80.9474	1	754484	1	737895	1	1.40628e+06	1	1561.18	1	3.16228	273.651	301.583
809	80.9474	1	754484	1	737895	1	1.40628e+06	1	1561.18	1	10	274.424	301.819
809	80.9474	1	754484	1	737895	1	1.40628e+06	1	1561.18	1	31.6228	276.398	302.453
809	80.9474	1	754484	1	737895	1	1.40628e+06	1	1561.18	1	100	279.318	303.628
810	157.734	1	1.94258e+06	1	729001	1	989121	1	1165.12	1	0	273.249	301.462
810	157.734	1	1.94258e+06	1	729001	1	989121	1	1165.12	1	0.001	273.249	301.462
810	157.734	1	1.94258e+06	1	729001	1	989121	1	1165.12	1	0.00316228	273.25	301.462
810	157.734	1	1.94258e+06	1	729001	1	989121	1	1165.12	1	0.01	273.25	301.462
810	157.734	1	1.94258e+06	1	729001	1	989121	1	1165.12	1	0.0316228	273.252	301.462
810	157.734	1	1.94258e+06	1	729001	1	989121	1	1165.12	1	0.1	273.256	301.464
810	157.734	1	1.94258e+06	1	729001	1	989121	1	1165.12	1	0.316228	273.271	301.468
810	157.734	1	1.94258e+06	1	729001	1	989121	1	1165.12	1	1	273.318	301.483
810	157.734	1	1.94258e+06	1	729001	1	989121	1	1165.12	1	3.16228	273.462	301.528
810	157.734	1	1.94258e+06	1	729001	1	989121	1	1165.12	1	10	273.895	301.665
810	157.734	1	1.94258e+06	1	729001	1	989121	1	1165.12	1	31.6228	275.093	302.052
810	157.734	1	1.94258e+06	1	729001	1	989121	1	1165.12	1	100	277.76	302.997
811	154.941	1	607295	1	1.02357e+06	1	2.67933e+06	1	1028.58	1	0	273.249	301.462
811	154.941	1	607295	1	1.02357e+06	1	2.67933e+06	1	1028.58	1	0.001	273.249	301.462
811	154.941	1	607295	1	1.02357e+06	1	2.67933e+06	1	1028.58	1	0.00316228	273.25	301.462
811	154.941	1	607295	1	1.02357e+06	1	2.67933e+06	1	1028.58	1	0.01	273.25	301.462
811	154.941	1	607295	1	1.02357e+06	1	2.67933e+06	1	1028.58	1	0.0316228	273.252	301.462
811	154.941	1	607295	1	1.02357e+06	1	2.67933e+06	1	1028.58	1	0.1	273.256	301.464
811	154.941	1	607295	1	1.02357e+06	1	2.67933e+06	1	1028.58	1	0.316228	273.271	301.468
811	154.941	1	607295	1	1.02357e+06	1	2.67933e+06	1	1028.58	1	1	273.319	301.483
811	154.941	1	607295	1	1.02357e+06	1	2.67933e+06	1	1028.58	1	3.16228	273.466	301.53
811	154.941	1	607295	1	1.02357e+06	1	2.67933e+06	1	1028.58	1	10	273.906	301.668
811	154.941	1	607295	1	1.02357e+06	1	2.67933e+06	1	1028.58	1	31.6228	275.122	302.063
811	154.941	1	607295	1	1.02357e+06	1	2.67933e+06	1	1028.58	1	100	277.806	303.019
812	130.859	1	2.05215e+06	1	864300	1	410998	1	1086.71	1	0	273.249	301.462
812	130.859	1	2.05215e+06	1	864300	1	410998	1	1086.71	1	0.001	273.25	301.462
812	130.859	1	2.05215e+06	1	864300	1	410998	1	1086.71	1	0.00316228	273.25	301.462
812	130.859	1	2.05215e+06	1	864300	1	410998	1	1086.71	1	0.01	273.25	301.462
812	130.859	1	2.05215e+06	1	864300	1	410998	1	1086.71	1	0.0316228	273.252	301.462
812	130.859	1	2.05215e+06	1	864300	1	410998	1	1086.71	1	0.1	273.258	301.464
812	130.859	1	2.05215e+06	1	864300	1	410998	1	1086.71	1	0.316228	273.275	301.47
812	130.859	1	2.05215e+06	1	864300	1	410998	1	1086.71	1	1	273.331	301.487
812	130.859	1	2.05215e+06	1	864300	1	410998	1	1086.71	1	3.16228	273.504	301.541
812	130.859	1	2.05215e+06	1	864300	1	410998	1	1086.71	1	10	274.017	301.703
812	130.859	1	2.05215e+06	1	864300	1	410998	1	1086.71	1	31.6228	275.414	302.157
812	130.859	1	2.05215e+06	1	864300	1	410998	1	1086.71	1	100	278.28	303.207
813	182.69	1	897680	1	819826	1	995573	1	1653.88	1	0	273.249	301.462
813	182.69	1	897680	1	819826	1	995573	1	1653.88	1	0.001	273.249	301.462
813	182.69	1	897680	1	819826	1	995573	1	1653.88	1	0.00316228	273.25	301.462
813	182.69	1	897680	1	819826	1	995573	1	1653.88	1	0.01	273.25	301.462
813	182.69	1	897680	1	819826	1	995573	1	1653.88	1	0.0316228	273.251	301.462
813	182.69	1	897680	1	819826	1	995573	1	1653.88	1	0.1	273.255	301.463
813	182.69	1	897680	1	819826	1	995573	1	1653.88	1	0.316228	273.268	301.467
813	182.69	1	897680	1	819826	1	995573	1	1653.88	1	1	273.308	301.48
813	182.69	1	897680	1	819826	1	995573	1	1653.88	1	3.16228	273.433	301.519
813	182.69	1	897680	1	819826	1	995573	1	1653.88	1	10	273.809	301.636
813	182.69	1	897680	1	819826	1	995573	1	1653.88	1	31.6228	274.859	301.969
813	182.69	1	897680	1	819826	1	995573	1	1653.88	1	100	277.327	302.813
814	151.021	1	1.26054e+06	1	462612	1	542147	1	1758.95	1	0	273.249	301.462
814	151.021	1	1.26054e+06	1	462612	1	542147	1	1758.95	1	0.001	273.249	301.462
814	151.021	1	1.26054e+06	1	462612	1	542147	1	1758.95	1	0.00316228	273.25	301.462
814	151.021	1	1.26054e+06	1	462612	1	542147	1	1758.95	1	0.01	273.25	301.462
814	151.021	1	1.26054e+06	1	462612	1	542147	1	1758.95	1	0.0316228	273.252	301.462
814	151.021	1	1.26054e+06	1	462612	1	542147	1	1758.95	1	0.1	273.257	301.464
814	151.021	1	1.26054e+06	1	462612	1	542147	1	1758.95	1	0.316228	273.272	301.469
814	151.021	1	1.26054e+06	1	462612	1	542147	1	1758.95	1	1	273.32	301.483
814	151.021	1	1.26054e+06	1	462612	1	542147	1	1758.95	1	3.16228	273.47	301.53
814	151.021	1	1.26054e+06	1	462612	1	542147	1	1758.95	1	10	273.917	301.668
814	151.021	1	1.26054e+06	1	462612	1	542147	1	1758.95	1	31.6228	275.153	302.061
814	151.021	1	1.26054e+06	1	462612	1	542147	1	1758.95	1	100	277.851	303.002
815	179.057	1	1.36208e+06	1	1.06674e+06	1	454658	1	1743.33	1	0	273.249	301.462
815	179.057	1	1.36208e+06	1	1.06674e+06	1	454658	1	1743.33	1	0.001	273.249	301.462
815	179.057	1	1.36208e+06	1	1.06674e+06	1	454658	1	1743.33	1	0.00316228	273.25	301.462
815	179.057	1	1.36208e+06	1	1.06674e+06	1	454658	1	1743.33	1	0.01	273.25	301.462
815	179.057	1	1.36208e+06	1	1.06674e+06	1	454658	1	1743.33	1	0.0316228	273.251	301.462
815	179.057	1	1.36208e+06	1	1.06674e+06	1	454658	1	1743.33	1	0.1	273.255	301.463
815	179.057	1	1.36208e+06	1	1.06674e+06	1	454658	1	1743.33	1	0.316228	273.268	301.467
815	179.057	1	1.36208e+06	1	1.06674e+06	1	454658	1	1743.33	1	1	273.309	301.48
815	179.057	1	1.36208e+06	1	1.06674e+06	1	454658	1	1743.33	1	3.16228	273.436	301.52
815	179.057	1	1.36208e+06	1	1.06674e+06	1	454658	1	1743.33	1	10	273.82	301.639
815	179.057	1	1.36208e+06	1	1.06674e+06	1	454658	1	1743.33	1	31.6228	274.89	301.98
815	179.057	1	1.36208e+06	1	1.06674e+06	1	454658	1	1743.33	1	100	277.389	302.837
816	152.538	1	1.29669e+06	1	1.66107e+06	1	1.51083e+06	1	1807.57	1	0	273.249	301.462
816	152.538	1	1.29669e+06	1	1.66107e+06	1	1.51083e+06	1	1807.57	1	0.001	273.249	301.462
816	152.538	1	1.29669e+06	1	1.66107e+06	1	1.51083e+06	1	1807.57	1	0.00316228	273.25	301.462
816	152.538	1	1.29669e+06	1	1.66107e+06	1	1.51083e+06	1	1807.57	1	0.01	273.25	301.462
816	152.538	1	1.29669e+06	1	1.66107e+06	1	1.51083e+06	1	1807.57	1	0.0316228	273.252	301.462
816	152.538	1	1.29669e+06	1	1.66107e+06	1	1.51083e+06	1	1807.57	1	0.1	273.256	301.464
816	152.538	1	1.29669e+06	1	1.66107e+06	1	1.51083e+06	1	1807.57	1	0.316228	273.272	301.468
816	152.538	1	1.29669e+06	1	1.66107e+06	1	1.51083e+06	1	1807.57	1	1	273.319	301.483
816	152.538	1	1.29669e+06	1	1.66107e+06	1	1.51083e+06	1	1807.57	1	3.16228	273.467	301.529
816	152.538	1	1.29669e+06	1	1.66107e+06	1	1.51083e+06	1	1807.57	1	10	273.91	301.665
816	152.538	1	1.29669e+06	1	1.66107e+06	1	1.51083e+06	1	1807.57	1	31.6228	275.132	302.05
816	152.538	1	1.29669e+06	1	1.66107e+06	1	1.51083e+06	1	1807.57	1	100	277.809	302.974
817	128.372	1	1.33645e+06	1	1.12236e+06	1	3.07937e+06	1	1305.4	1	0	273.249	301.462
817	128.372	1	1.33645e+06	1	1.12236e+06	1	3.07937e+06	1	1305.4	1	0.001	273.25	301.462
817	128.372	1	1.33645e+06	1	1.12236e+06	1	3.07937e+06	1	1305.4	1	0.00316228	273.25	301.462
817	128.372	1	1.33645e+06	1	1.12236e+06	1	3.07937e+06	1	1305.4	1	0.01	273.25	301.462
817	128.372	1	1.33645e+06	1	1.12236e+06	1	3.07937e+06	1	1305.4	1	0.0316228	273.252	301.462
817	128.372	1	1.33645e+06	1	1.12236e+06	1	3.07937e+06	1	1305.4	1	0.1	273.258	301.464
817	128.372	1	1.33645e+06	1	1.12236e+06	1	3.07937e+06	1	1305.4	1	0.316228	273.276	301.47
817	128.372	1	1.33645e+06	1	1.12236e+06	1	3.07937e+06	1	1305.4	1	1	273.332	301.487
817	128.372	1	1.33645e+06	1	1.12236e+06	1	3.07937e+06	1	1305.4	1	3.16228	273.508	301.541
817	128.372	1	1.33645e+06	1	1.12236e+06	1	3.07937e+06	1	1305.4	1	10	274.027	301.702
817	128.372	1	1.33645e+06	1	1.12236e+06	1	3.07937e+06	1	1305.4	1	31.6228	275.436	302.153
817	128.372	1	1.33645e+06	1	1.12236e+06	1	3.07937e+06	1	1305.4	1	100	278.299	303.184
818	115.323	1	1.29993e+06	1	573699	1	400359	1	1531.97	1	0	273.249	301.462
818	115.323	1	1.29993e+06	1	573699	1	400359	1	1531.97	1	0.001	273.25	301.462
818	115.323	1	1.29993e+06	1	573699	1	400359	1	1531.97	1	0.00316228	273.25	301.462
818	115.323	1	1.29993e+06	1	573699	1	400359	1	1531.97	1	0.01	273.25	301.462
818	115.323	1	1.29993e+06	1	573699	1	400359	1	1531.97	1	0.0316228	273.252	301.462
818	115.323	1	1.29993e+06	1	573699	1	400359	1	1531.97	1	0.1	273.259	301.464
818	115.323	1	1.29993e+06	1	573699	1	400359	1	1531.97	1	0.316228	273.279	301.471
818	115.323	1	1.29993e+06	1	573699	1	400359	1	1531.97	1	1	273.342	301.49
818	115.323	1	1.29993e+06	1	573699	1	400359	1	1531.97	1	3.16228	273.536	301.55
818	115.323	1	1.29993e+06	1	573699	1	400359	1	1531.97	1	10	274.107	301.726
818	115.323	1	1.29993e+06	1	573699	1	400359	1	1531.97	1	31.6228	275.637	302.215
818	115.323	1	1.29993e+06	1	573699	1	400359	1	1531.97	1	100	278.604	303.297
819	161.687	1	467753	1	861082	1	3.95525e+06	1	1627.82	1	0	273.249	301.462
819	161.687	1	467753	1	861082	1	3.95525e+06	1	1627.82	1	0.001	273.249	301.462
819	161.687	1	467753	1	861082	1	3.95525e+06	1	1627.82	1	0.00316228	273.25	301.462
819	161.687	1	467753	1	861082	1	3.95525e+06	1	1627.82	1	0.01	273.25	301.462
819	161.687	1	467753	1	861082	1	3.95525e+06	1	1627.82	1	0.0316228	273.252	301.462
819	161.687	1	467753	1	861082	1	3.95525e+06	1	1627.82	1	0.1	273.256	301.464
819	161.687	1	467753	1	861082	1	3.95525e+06	1	1627.82	1	0.316228	273.27	301.468
819	161.687	1	467753	1	861082	1	3.95525e+06	1	1627.82	1	1	273.315	301.482
819	161.687	1	467753	1	861082	1	3.95525e+06	1	1627.82	1	3.16228	273.455	301.525
819	161.687	1	467753	1	861082	1	3.95525e+06	1	1627.82	1	10	273.875	301.655
819	161.687	1	467753	1	861082	1	3.95525e+06	1	1627.82	1	31.6228	275.038	302.022
819	161.687	1	467753	1	861082	1	3.95525e+06	1	1627.82	1	100	277.65	302.916
820	138.507	1	860296	1	1.13654e+06	1	1.13763e+06	1	1592.41	1	0	273.249	301.462
820	138.507	1	860296	1	1.13654e+06	1	1.13763e+06	1	1592.41	1	0.001	273.25	301.462
820	138.507	1	860296	1	1.13654e+06	1	1.13763e+06	1	1592.41	1	0.00316228	273.25	301.462
820	138.507	1	860296	1	1.13654e+06	1	1.13763e+06	1	1592.41	1	0.01	273.25	301.462
820	138.507	1	860296	1	1.13654e+06	1	1.13763e+06	1	1592.41	1	0.0316228	273.252	301.462
820	138.507	1	860296	1	1.13654e+06	1	1.13763e+06	1	1592.41	1	0.1	273.257	301.464
820	138.507	1	860296	1	1.13654e+06	1	1.13763e+06	1	1592.41	1	0.316228	273.274	301.469
820	138.507	1	860296	1	1.13654e+06	1	1.13763e+06	1	1592.41	1	1	273.326	301.485
820	138.507	1	860296	1	1.13654e+06	1	1.13763e+06	1	1592.41	1	3.16228	273.489	301.535
820	138.507	1	860296	1	1.13654e+06	1	1.13763e+06	1	1592.41	1	10	273.972	301.684
820	138.507	1	860296	1	1.13654e+06	1	1.13763e+06	1	1592.41	1	31.6228	275.296	302.104
820	138.507	1	860296	1	1.13654e+06	1	1.13763e+06	1	1592.41	1	100	278.078	303.085
821	163.82	1	1.24655e+06	1	737899	1	892180	1	2025.47	1	0	273.249	301.462
821	163.82	1	1.24655e+06	1	737899	1	892180	1	2025.47	1	0.001	273.249	301.462
821	163.82	1	1.24655e+06	1	737899	1	892180	1	2025.47	1	0.00316228	273.25	301.462
821	163.82	1	1.24655e+06	1	737899	1	892180	1	2025.47	1	0.01	273.25	301.462
821	163.82	1	1.24655e+06	1	737899	1	892180	1	2025.47	1	0.0316228	273.251	301.462
821	163.82	1	1.24655e+06	1	737899	1	892180	1	2025.47	1	0.1	273.256	301.464
821	163.82	1	1.24655e+06	1	737899	1	892180	1	2025.47	1	0.316228	273.27	301.468
821	163.82	1	1.24655e+06	1	737899	1	892180	1	2025.47	1	1	273.315	301.482
821	163.82	1	1.24655e+06	1	737899	1	892180	1	2025.47	1	3.16228	273.453	301.524
821	163.82	1	1.24655e+06	1	737899	1	892180	1	2025.47	1	10	273.867	301.652
821	163.82	1	1.24655e+06	1	737899	1	892180	1	2025.47	1	31.6228	275.018	302.014
821	163.82	1	1.24655e+06	1	737899	1	892180	1	2025.47	1	100	277.617	302.899
822	95.4105	1	1.32838e+06	1	1.02513e+06	1	564934	1	1453.11	1	0	273.249	301.462
822	95.4105	1	1.32838e+06	1	1.02513e+06	1	564934	1	1453.11	1	0.001	273.25	301.462
822	95.4105	1	1.32838e+06	1	1.02513e+06	1	564934	1	1453.11	1	0.00316228	273.25	301.462
822	95.4105	1	1.32838e+06	1	1.02513e+06	1	564934	1	1453.11	1	0.01	273.251	301.462
822	95.4105	1	1.32838e+06	1	1.02513e+06	1	564934	1	1453.11	1	0.0316228	273.253	301.463
822	95.4105	1	1.32838e+06	1	1.02513e+06	1	564934	1	1453.11	1	0.1	273.261	301.465
822	95.4105	1	1.32838e+06	1	1.02513e+06	1	564934	1	1453.11	1	0.316228	273.285	301.472
822	95.4105	1	1.32838e+06	1	1.02513e+06	1	564934	1	1453.11	1	1	273.361	301.495
822	95.4105	1	1.32838e+06	1	1.02513e+06	1	564934	1	1453.11	1	3.16228	273.593	301.567
822	95.4105	1	1.32838e+06	1	1.02513e+06	1	564934	1	1453.11	1	10	274.266	301.773
822	95.4105	1	1.32838e+06	1	1.02513e+06	1	564934	1	1453.11	1	31.6228	276.02	302.334
822	95.4105	1	1.32838e+06	1	1.02513e+06	1	564934	1	1453.11	1	100	279.073	303.489
823	304.435	1	581000	1	1.78098e+06	1	946075	1	1481.65	1	0	273.249	301.462
823	304.435	1	581000	1	1.78098e+06	1	946075	1	1481.65	1	0.001	273.249	301.462
823	304.435	1	581000	1	1.78098e+06	1	946075	1	1481.65	1	0.00316228	273.25	301.462
823	304.435	1	581000	1	1.78098e+06	1	946075	1	1481.65	1	0.01	273.25	301.462
823	304.435	1	581000	1	1.78098e+06	1	946075	1	1481.65	1	0.0316228	273.251	301.462
823	304.435	1	581000	1	1.78098e+06	1	946075	1	1481.65	1	0.1	273.253	301.463
823	304.435	1	581000	1	1.78098e+06	1	946075	1	1481.65	1	0.316228	273.261	301.465
823	304.435	1	581000	1	1.78098e+06	1	946075	1	1481.65	1	1	273.285	301.473
823	304.435	1	581000	1	1.78098e+06	1	946075	1	1481.65	1	3.16228	273.361	301.497
823	304.435	1	581000	1	1.78098e+06	1	946075	1	1481.65	1	10	273.596	301.573
823	304.435	1	581000	1	1.78098e+06	1	946075	1	1481.65	1	31.6228	274.276	301.793
823	304.435	1	581000	1	1.78098e+06	1	946075	1	1481.65	1	100	276.056	302.398
824	183.849	1	643000	1	1.07106e+06	1	1.98057e+06	1	1897.06	1	0	273.249	301.462
824	183.849	1	643000	1	1.07106e+06	1	1.98057e+06	1	1897.06	1	0.001	273.249	301.462
824	183.849	1	643000	1	1.07106e+06	1	1.98057e+06	1	1897.06	1	0.00316228	273.25	301.462
824	183.849	1	643000	1	1.07106e+06	1	1.98057e+06	1	1897.06	1	0.01	273.25	301.462
824	183.849	1	643000	1	1.07106e+06	1	1.98057e+06	1	1897.06	1	0.0316228	273.251	301.462
824	183.849	1	643000	1	1.07106e+06	1	1.98057e+06	1	1897.06	1	0.1	273.255	301.463
824	183.849	1	643000	1	1.07106e+06	1	1.98057e+06	1	1897.06	1	0.316228	273.268	301.467
824	183.849	1	643000	1	1.07106e+06	1	1.98057e+06	1	1897.06	1	1	273.308	301.479
824	183.849	1	643000	1	1.07106e+06	1	1.98057e+06	1	1897.06	1	3.16228	273.431	301.518
824	183.849	1	643000	1	1.07106e+06	1	1.98057e+06	1	1897.06	1	10	273.804	301.633
824	183.849	1	643000	1	1.07106e+06	1	1.98057e+06	1	1897.06	1	31.6228	274.845	301.959
824	183.849	1	643000	1	1.07106e+06	1	1.98057e+06	1	1897.06	1	100	277.293	302.787
825	178.636	1	646767	1	1.27654e+06	1	3.78635e+06	1	1094.9	1	0	273.249	301.462
825	178.636	1	646767	1	1.27654e+06	1	3.78635e+06	1	1094.9	1	0.001	273.249	301.462
825	178.636	1	646767	1	1.27654e+06	1	3.78635e+06	1	1094.9	1	0.00316228	273.25	301.462
825	178.636	1	646767	1	1.27654e+06	1	3.78635e+06	1	1094.9	1	0.01	273.25	301.462
825	178.636	1	646767	1	1.27654e+06	1	3.78635e+06	1	1094.9	1	0.0316228	273.251	301.462
825	178.636	1	646767	1	1.27654e+06	1	3.78635e+06	1	1094.9	1	0.1	273.255	301.463
825	178.636	1	646767	1	1.27654e+06	1	3.78635e+06	1	1094.9	1	0.316228	273.269	301.468
825	178.636	1	646767	1	1.27654e+06	1	3.78635e+06	1	1094.9	1	1	273.31	301.481
825	178.636	1	646767	1	1.27654e+06	1	3.78635e+06	1	1094.9	1	3.16228	273.438	301.521
825	178.636	1	646767	1	1.27654e+06	1	3.78635e+06	1	1094.9	1	10	273.824	301.643
825	178.636	1	646767	1	1.27654e+06	1	3.78635e+06	1	1094.9	1	31.6228	274.902	301.992
825	178.636	1	646767	1	1.27654e+06	1	3.78635e+06	1	1094.9	1	100	277.414	302.872
826	227.372	1	2.33421e+06	1	1.62055e+06	1	1.12044e+06	1	1469.34	1	0	273.249	301.462
826	227.372	1	2.33421e+06	1	1.62055e+06	1	1.12044e+06	1	1469.34	1	0.001	273.249	301.462
826	227.372	1	2.33421e+06	1	1.62055e+06	1	1.12044e+06	1	1469.34	1	0.00316228	273.25	301.462
826	227.372	1	2.33421e+06	1	1.62055e+06	1	1.12044e+06	1	1469.34	1	0.01	273.25	301.462
826	227.372	1	2.33421e+06	1	1.62055e+06	1	1.12044e+06	1	1469.34	1	0.0316228	273.251	301.462
826	227.372	1	2.33421e+06	1	1.62055e+06	1	1.12044e+06	1	1469.34	1	0.1	273.254	301.463
826	227.372	1	2.33421e+06	1	1.62055e+06	1	1.12044e+06	1	1469.34	1	0.316228	273.264	301.466
826	227.372	1	2.33421e+06	1	1.62055e+06	1	1.12044e+06	1	1469.34	1	1	273.297	301.477
826	227.372	1	2.33421e+06	1	1.62055e+06	1	1.12044e+06	1	1469.34	1	3.16228	273.398	301.509
826	227.372	1	2.33421e+06	1	1.62055e+06	1	1.12044e+06	1	1469.34	1	10	273.706	301.606
826	227.372	1	2.33421e+06	1	1.62055e+06	1	1.12044e+06	1	1469.34	1	31.6228	274.576	301.884
826	227.372	1	2.33421e+06	1	1.62055e+06	1	1.12044e+06	1	1469.34	1	100	276.759	302.636
827	112.507	1	985312	1	918199	1	2.00606e+06	1	1045.91	1	0	273.249	301.462
827	112.507	1	985312	1	918199	1	2.00606e+06	1	1045.91	1	0.001	273.25	301.462
827	112.507	1	985312	1	918199	1	2.00606e+06	1	1045.91	1	0.00316228	273.25	301.462
827	112.507	1	985312	1	918199	1	2.00606e+06	1	1045.91	1	0.01	273.25	301.462
827	112.507	1	985312	1	918199	1	2.00606e+06	1	1045.91	1	0.0316228	273.252	301.463
827	112.507	1	985312	1	918199	1	2.00606e+06	1	1045.91	1	0.1	273.259	301.465
827	112.507	1	985312	1	918199	1	2.00606e+06	1	1045.91	1	0.316228	273.28	301.471
827	112.507	1	985312	1	918199	1	2.00606e+06	1	1045.91	1	1	273.344	301.491
827	112.507	1	985312	1	918199	1	2.00606e+06	1	1045.91	1	3.16228	273.544	301.553
827	112.507	1	985312	1	918199	1	2.00606e+06	1	1045.91	1	10	274.128	301.735
827	112.507	1	985312	1	918199	1	2.00606e+06	1	1045.91	1	31.6228	275.692	302.24
827	112.507	1	985312	1	918199	1	2.00606e+06	1	1045.91	1	100	278.681	303.351
828	200.308	1	1.3088e+06	1	1.30284e+06	1	945670	1	1093.4	1	0	273.249	301.462
828	200.308	1	1.3088e+06	1	1.30284e+06	1	945670	1	1093.4	1	0.001	273.249	301.462
828	200.308	1	1.3088e+06	1	1.30284e+06	1	945670	1	1093.4	1	0.00316228	273.25	301.462
828	200.308	1	1.3088e+06	1	1.30284e+06	1	945670	1	1093.4	1	0.01	273.25	301.462
828	200.308	1	1.3088e+06	1	1.30284e+06	1	945670	1	1093.4	1	0.0316228	273.251	301.462
828	200.308	1	1.3088e+06	1	1.30284e+06	1	945670	1	1093.4	1	0.1	273.255	301.463
828	200.308	1	1.3088e+06	1	1.30284e+06	1	945670	1	1093.4	1	0.316228	273.267	301.467
828	200.308	1	1.3088e+06	1	1.30284e+06	1	945670	1	1093.4	1	1	273.303	301.479
828	200.308	1	1.3088e+06	1	1.30284e+06	1	945670	1	1093.4	1	3.16228	273.419	301.516
828	200.308	1	1.3088e+06	1	1.30284e+06	1	945670	1	1093.4	1	10	273.767	301.627
828	200.308	1	1.3088e+06	1	1.30284e+06	1	945670	1	1093.4	1	31.6228	274.745	301.946
828	200.308	1	1.3088e+06	1	1.30284e+06	1	945670	1	1093.4	1	100	277.116	302.781
829	120.882	1	423146	1	1.23225e+06	1	591578	1	1331.93	1	0	273.249	301.462
829	120.882	1	423146	1	1.23225e+06	1	591578	1	1331.93	1	0.001	273.25	301.462
829	120.882	1	423146	1	1.23225e+06	1	591578	1	1331.93	1	0.00316228	273.25	301.462
829	120.882	1	423146	1	1.23225e+06	1	591578	1	1331.93	1	0.01	273.25	301.462
829	120.882	1	423146	1	1.23225e+06	1	591578	1	1331.93	1	0.0316228	273.252	301.462
829	120.882	1	423146	1	1.23225e+06	1	591578	1	1331.93	1	0.1	273.258	301.464
829	120.882	1	423146	1	1.23225e+06	1	591578	1	1331.93	1	0.316228	273.277	301.47
829	120.882	1	423146	1	1.23225e+06	1	591578	1	1331.93	1	1	273.337	301.489
829	120.882	1	423146	1	1.23225e+06	1	591578	1	1331.93	1	3.16228	273.523	301.546
829	120.882	1	423146	1	1.23225e+06	1	591578	1	1331.93	1	10	274.07	301.715
829	120.882	1	423146	1	1.23225e+06	1	591578	1	1331.93	1	31.6228	275.545	302.186
829	120.882	1	423146	1	1.23225e+06	1	591578	1	1331.93	1	100	278.463	303.243
830	199.426	1	771817	1	777276	1	877520	1	980.204	1	0	273.249	301.462
830	199.426	1	771817	1	777276	1	877520	1	980.204	1	0.001	273.249	301.462
830	199.426	1	771817	1	777276	1	877520	1	980.204	1	0.00316228	273.25	301.462
830	199.426	1	771817	1	777276	1	877520	1	980.204	1	0.01	273.25	301.462
830	199.426	1	771817	1	777276	1	877520	1	980.204	1	0.0316228	273.251	301.462
830	199.426	1	771817	1	777276	1	877520	1	980.204	1	0.1	273.255	301.463
830	199.426	1	771817	1	777276	1	877520	1	980.204	1	0.316228	273.267	301.467
830	199.426	1	771817	1	777276	1	877520	1	980.204	1	1	273.304	301.479
830	199.426	1	771817	1	777276	1	877520	1	980.204	1	3.16228	273.42	301.516
830	199.426	1	771817	1	777276	1	877520	1	980.204	1	10	273.771	301.63
830	199.426	1	771817	1	777276	1	877520	1	980.204	1	31.6228	274.755	301.953
830	199.426	1	771817	1	777276	1	877520	1	980.204	1	100	277.138	302.8
831	128.033	1	1.36373e+06	1	925096	1	1.06308e+06	1	363.198	1	0	273.249	301.462
831	128.033	1	1.36373e+06	1	925096	1	1.06308e+06	1	363.198	1	0.001	273.25	301.462
831	128.033	1	1.36373e+06	1	925096	1	1.06308e+06	1	363.198	1	0.00316228	273.25	301.462
831	128.033	1	1.36373e+06	1	925096	1	1.06308e+06	1	363.198	1	0.01	273.25	301.462
831	128.033	1	1.36373e+06	1	925096	1	1.06308e+06	1	363.198	1	0.0316228	273.252	301.462
831	128.033	1	1.36373e+06	1	925096	1	1.06308e+06	1	363.198	1	0.1	273.258	301.464
831	128.033	1	1.36373e+06	1	925096	1	1.06308e+06	1	363.198	1	0.316228	273.277	301.471
831	128.033	1	1.36373e+06	1	925096	1	1.06308e+06	1	363.198	1	1	273.336	301.491
831	128.033	1	1.36373e+06	1	925096	1	1.06308e+06	1	363.198	1	3.16228	273.518	301.552
831	128.033	1	1.36373e+06	1	925096	1	1.06308e+06	1	363.198	1	10	274.057	301.736
831	128.033	1	1.36373e+06	1	925096	1	1.06308e+06	1	363.198	1	31.6228	275.523	302.256
831	128.033	1	1.36373e+06	1	925096	1	1.06308e+06	1	363.198	1	100	278.405	303.406
832	148.901	1	857661	1	2.44249e+06	1	503153	1	1274.55	1	0	273.249	301.462
832	148.901	1	857661	1	2.44249e+06	1	503153	1	1274.55	1	0.001	273.249	301.462
832	148.901	1	857661	1	2.44249e+06	1	503153	1	1274.55	1	0.00316228	273.25	301.462
832	148.901	1	857661	1	2.44249e+06	1	503153	1	1274.55	1	0.01	273.25	301.462
832	148.901	1	857661	1	2.44249e+06	1	503153	1	1274.55	1	0.0316228	273.252	301.462
832	148.901	1	857661	1	2.44249e+06	1	503153	1	1274.55	1	0.1	273.257	301.464
832	148.901	1	857661	1	2.44249e+06	1	503153	1	1274.55	1	0.316228	273.272	301.469
832	148.901	1	857661	1	2.44249e+06	1	503153	1	1274.55	1	1	273.321	301.484
832	148.901	1	857661	1	2.44249e+06	1	503153	1	1274.55	1	3.16228	273.474	301.531
832	148.901	1	857661	1	2.44249e+06	1	503153	1	1274.55	1	10	273.929	301.674
832	148.901	1	857661	1	2.44249e+06	1	503153	1	1274.55	1	31.6228	275.183	302.077
832	148.901	1	857661	1	2.44249e+06	1	503153	1	1274.55	1	100	277.906	303.043
833	297.897	1	6.34057e+06	1	302949	1	1.87375e+06	1	641.374	1	0	273.249	301.462
833	297.897	1	6.34057e+06	1	302949	1	1.87375e+06	1	641.374	1	0.001	273.249	301.462
833	297.897	1	6.34057e+06	1	302949	1	1.87375e+06	1	641.374	1	0.00316228	273.25	301.462
833	297.897	1	6.34057e+06	1	302949	1	1.87375e+06	1	641.374	1	0.01	273.25	301.462
833	297.897	1	6.34057e+06	1	302949	1	1.87375e+06	1	641.374	1	0.0316228	273.251	301.462
833	297.897	1	6.34057e+06	1	302949	1	1.87375e+06	1	641.374	1	0.1	273.253	301.463
833	297.897	1	6.34057e+06	1	302949	1	1.87375e+06	1	641.374	1	0.316228	273.261	301.466
833	297.897	1	6.34057e+06	1	302949	1	1.87375e+06	1	641.374	1	1	273.287	301.475
833	297.897	1	6.34057e+06	1	302949	1	1.87375e+06	1	641.374	1	3.16228	273.368	301.503
833	297.897	1	6.34057e+06	1	302949	1	1.87375e+06	1	641.374	1	10	273.617	301.591
833	297.897	1	6.34057e+06	1	302949	1	1.87375e+06	1	641.374	1	31.6228	274.338	301.85
833	297.897	1	6.34057e+06	1	302949	1	1.87375e+06	1	641.374	1	100	276.214	302.553
834	153.398	1	2.08396e+06	1	1.56015e+06	1	1.27321e+06	1	1748.85	1	0	273.249	301.462
834	153.398	1	2.08396e+06	1	1.56015e+06	1	1.27321e+06	1	1748.85	1	0.001	273.249	301.462
834	153.398	1	2.08396e+06	1	1.56015e+06	1	1.27321e+06	1	1748.85	1	0.00316228	273.25	301.462
834	153.398	1	2.08396e+06	1	1.56015e+06	1	1.27321e+06	1	1748.85	1	0.01	273.25	301.462
834	153.398	1	2.08396e+06	1	1.56015e+06	1	1.27321e+06	1	1748.85	1	0.0316228	273.252	301.462
834	153.398	1	2.08396e+06	1	1.56015e+06	1	1.27321e+06	1	1748.85	1	0.1	273.256	301.464
834	153.398	1	2.08396e+06	1	1.56015e+06	1	1.27321e+06	1	1748.85	1	0.316228	273.272	301.468
834	153.398	1	2.08396e+06	1	1.56015e+06	1	1.27321e+06	1	1748.85	1	1	273.319	301.483
834	153.398	1	2.08396e+06	1	1.56015e+06	1	1.27321e+06	1	1748.85	1	3.16228	273.466	301.528
834	153.398	1	2.08396e+06	1	1.56015e+06	1	1.27321e+06	1	1748.85	1	10	273.907	301.664
834	153.398	1	2.08396e+06	1	1.56015e+06	1	1.27321e+06	1	1748.85	1	31.6228	275.124	302.05
834	153.398	1	2.08396e+06	1	1.56015e+06	1	1.27321e+06	1	1748.85	1	100	277.799	302.974
835	289.751	1	657548	1	614879	1	1.72192e+06	1	1839.53	1	0	273.249	301.462
835	289.751	1	657548	1	614879	1	1.72192e+06	1	1839.53	1	0.001	273.249	301.462
835	289.751	1	657548	1	614879	1	1.72192e+06	1	1839.53	1	0.00316228	273.25	301.462
835	289.751	1	657548	1	614879	1	1.72192e+06	1	1839.53	1	0.01	273.25	301.462
835	289.751	1	657548	1	614879	1	1.72192e+06	1	1839.53	1	0.0316228	273.251	301.462
835	289.751	1	657548	1	614879	1	1.72192e+06	1	1839.53	1	0.1	273.253	301.463
835	289.751	1	657548	1	614879	1	1.72192e+06	1	1839.53	1	0.316228	273.261	301.465
835	289.751	1	657548	1	614879	1	1.72192e+06	1	1839.53	1	1	273.287	301.473
835	289.751	1	657548	1	614879	1	1.72192e+06	1	1839.53	1	3.16228	273.366	301.498
835	289.751	1	657548	1	614879	1	1.72192e+06	1	1839.53	1	10	273.611	301.576
835	289.751	1	657548	1	614879	1	1.72192e+06	1	1839.53	1	31.6228	274.316	301.801
835	289.751	1	657548	1	614879	1	1.72192e+06	1	1839.53	1	100	276.15	302.415
836	144.713	1	1.09361e+06	1	2.38859e+06	1	1.82942e+06	1	997.837	1	0	273.249	301.462
836	144.713	1	1.09361e+06	1	2.38859e+06	1	1.82942e+06	1	997.837	1	0.001	273.249	301.462
836	144.713	1	1.09361e+06	1	2.38859e+06	1	1.82942e+06	1	997.837	1	0.00316228	273.25	301.462
836	144.713	1	1.09361e+06	1	2.38859e+06	1	1.82942e+06	1	997.837	1	0.01	273.25	301.462
836	144.713	1	1.09361e+06	1	2.38859e+06	1	1.82942e+06	1	997.837	1	0.0316228	273.252	301.462
836	144.713	1	1.09361e+06	1	2.38859e+06	1	1.82942e+06	1	997.837	1	0.1	273.257	301.464
836	144.713	1	1.09361e+06	1	2.38859e+06	1	1.82942e+06	1	997.837	1	0.316228	273.273	301.469
836	144.713	1	1.09361e+06	1	2.38859e+06	1	1.82942e+06	1	997.837	1	1	273.324	301.485
836	144.713	1	1.09361e+06	1	2.38859e+06	1	1.82942e+06	1	997.837	1	3.16228	273.481	301.534
836	144.713	1	1.09361e+06	1	2.38859e+06	1	1.82942e+06	1	997.837	1	10	273.949	301.682
836	144.713	1	1.09361e+06	1	2.38859e+06	1	1.82942e+06	1	997.837	1	31.6228	275.237	302.1
836	144.713	1	1.09361e+06	1	2.38859e+06	1	1.82942e+06	1	997.837	1	100	277.996	303.096
837	177.731	1	648249	1	928127	1	864311	1	1149.89	1	0	273.249	301.462
837	177.731	1	648249	1	928127	1	864311	1	1149.89	1	0.001	273.249	301.462
837	177.731	1	648249	1	928127	1	864311	1	1149.89	1	0.00316228	273.25	301.462
837	177.731	1	648249	1	928127	1	864311	1	1149.89	1	0.01	273.25	301.462
837	177.731	1	648249	1	928127	1	864311	1	1149.89	1	0.0316228	273.251	301.462
837	177.731	1	648249	1	928127	1	864311	1	1149.89	1	0.1	273.256	301.463
837	177.731	1	648249	1	928127	1	864311	1	1149.89	1	0.316228	273.269	301.468
837	177.731	1	648249	1	928127	1	864311	1	1149.89	1	1	273.31	301.481
837	177.731	1	648249	1	928127	1	864311	1	1149.89	1	3.16228	273.439	301.521
837	177.731	1	648249	1	928127	1	864311	1	1149.89	1	10	273.827	301.644
837	177.731	1	648249	1	928127	1	864311	1	1149.89	1	31.6228	274.91	301.994
837	177.731	1	648249	1	928127	1	864311	1	1149.89	1	100	277.431	302.878
838	196.948	1	1.34386e+06	1	652284	1	1.03578e+06	1	1557.06	1	0	273.249	301.462
838	196.948	1	1.34386e+06	1	652284	1	1.03578e+06	1	1557.06	1	0.001	273.249	301.462
838	196.948	1	1.34386e+06	1	652284	1	1.03578e+06	1	1557.06	1	0.00316228	273.25	301.462
838	196.948	1	1.34386e+06	1	652284	1	1.03578e+06	1	1557.06	1	0.01	273.25	301.462
838	196.948	1	1.34386e+06	1	652284	1	1.03578e+06	1	1557.06	1	0.0316228	273.251	301.462
838	196.948	1	1.34386e+06	1	652284	1	1.03578e+06	1	1557.06	1	0.1	273.255	301.463
838	196.948	1	1.34386e+06	1	652284	1	1.03578e+06	1	1557.06	1	0.316228	273.267	301.467
838	196.948	1	1.34386e+06	1	652284	1	1.03578e+06	1	1557.06	1	1	273.304	301.479
838	196.948	1	1.34386e+06	1	652284	1	1.03578e+06	1	1557.06	1	3.16228	273.42	301.515
838	196.948	1	1.34386e+06	1	652284	1	1.03578e+06	1	1557.06	1	10	273.772	301.625
838	196.948	1	1.34386e+06	1	652284	1	1.03578e+06	1	1557.06	1	31.6228	274.757	301.939
838	196.948	1	1.34386e+06	1	652284	1	1.03578e+06	1	1557.06	1	100	277.131	302.755
839	157.479	1	1.68088e+06	1	1.8636e+06	1	1.25839e+06	1	1963.85	1	0	273.249	301.462
839	157.479	1	1.68088e+06	1	1.8636e+06	1	1.25839e+06	1	1963.85	1	0.001	273.249	301.462
839	157.479	1	1.68088e+06	1	1.8636e+06	1	1.25839e+06	1	1963.85	1	0.00316228	273.25	301.462
839	157.479	1	1.68088e+06	1	1.8636e+06	1	1.25839e+06	1	1963.85	1	0.01	273.25	301.462
839	157.479	1	1.68088e+06	1	1.8636e+06	1	1.25839e+06	1	1963.85	1	0.0316228	273.252	301.462
839	157.479	1	1.68088e+06	1	1.8636e+06	1	1.25839e+06	1	1963.85	1	0.1	273.256	301.464
839	157.479	1	1.68088e+06	1	1.8636e+06	1	1.25839e+06	1	1963.85	1	0.316228	273.271	301.468
839	157.479	1	1.68088e+06	1	1.8636e+06	1	1.25839e+06	1	1963.85	1	1	273.317	301.482
839	157.479	1	1.68088e+06	1	1.8636e+06	1	1.25839e+06	1	1963.85	1	3.16228	273.461	301.526
839	157.479	1	1.68088e+06	1	1.8636e+06	1	1.25839e+06	1	1963.85	1	10	273.89	301.659
839	157.479	1	1.68088e+06	1	1.8636e+06	1	1.25839e+06	1	1963.85	1	31.6228	275.079	302.033
839	157.479	1	1.68088e+06	1	1.8636e+06	1	1.25839e+06	1	1963.85	1	100	277.72	302.937
840	189.404	1	819874	1	892357	1	2.10473e+06	1	1853.53	1	0	273.249	301.462
840	189.404	1	819874	1	892357	1	2.10473e+06	1	1853.53	1	0.001	273.249	301.462
840	189.404	1	819874	1	892357	1	2.10473e+06	1	1853.53	1	0.00316228	273.25	301.462
840	189.404	1	819874	1	892357	1	2.10473e+06	1	1853.53	1	0.01	273.25	301.462
840	189.404	1	819874	1	892357	1	2.10473e+06	1	1853.53	1	0.0316228	273.251	301.462
840	189.404	1	819874	1	892357	1	2.10473e+06	1	1853.53	1	0.1	273.255	301.463
840	189.404	1	819874	1	892357	1	2.10473e+06	1	1853.53	1	0.316228	273.267	301.467
840	189.404	1	819874	1	892357	1	2.10473e+06	1	1853.53	1	1	273.306	301.479
840	189.404	1	819874	1	892357	1	2.10473e+06	1	1853.53	1	3.16228	273.426	301.516
840	189.404	1	819874	1	892357	1	2.10473e+06	1	1853.53	1	10	273.789	301.629
840	189.404	1	819874	1	892357	1	2.10473e+06	1	1853.53	1	31.6228	274.804	301.948
840	189.404	1	819874	1	892357	1	2.10473e+06	1	1853.53	1	100	277.216	302.765
841	103.221	1	578805	1	693615	1	3.22074e+06	1	1569.56	1	0	273.249	301.462
841	103.221	1	578805	1	693615	1	3.22074e+06	1	1569.56	1	0.001	273.25	301.462
841	103.221	1	578805	1	693615	1	3.22074e+06	1	1569.56	1	0.00316228	273.25	301.462
841	103.221	1	578805	1	693615	1	3.22074e+06	1	1569.56	1	0.01	273.25	301.462
841	103.221	1	578805	1	693615	1	3.22074e+06	1	1569.56	1	0.0316228	273.253	301.463
841	103.221	1	578805	1	693615	1	3.22074e+06	1	1569.56	1	0.1	273.26	301.465
841	103.221	1	578805	1	693615	1	3.22074e+06	1	1569.56	1	0.316228	273.282	301.472
841	103.221	1	578805	1	693615	1	3.22074e+06	1	1569.56	1	1	273.352	301.493
841	103.221	1	578805	1	693615	1	3.22074e+06	1	1569.56	1	3.16228	273.567	301.558
841	103.221	1	578805	1	693615	1	3.22074e+06	1	1569.56	1	10	274.194	301.75
841	103.221	1	578805	1	693615	1	3.22074e+06	1	1569.56	1	31.6228	275.849	302.275
841	103.221	1	578805	1	693615	1	3.22074e+06	1	1569.56	1	100	278.889	303.387
842	252.85	1	2.01249e+06	1	1.45917e+06	1	581739	1	2113.4	1	0	273.249	301.462
842	252.85	1	2.01249e+06	1	1.45917e+06	1	581739	1	2113.4	1	0.001	273.249	301.462
842	252.85	1	2.01249e+06	1	1.45917e+06	1	581739	1	2113.4	1	0.00316228	273.25	301.462
842	252.85	1	2.01249e+06	1	1.45917e+06	1	581739	1	2113.4	1	0.01	273.25	301.462
842	252.85	1	2.01249e+06	1	1.45917e+06	1	581739	1	2113.4	1	0.0316228	273.251	301.462
842	252.85	1	2.01249e+06	1	1.45917e+06	1	581739	1	2113.4	1	0.1	273.254	301.463
842	252.85	1	2.01249e+06	1	1.45917e+06	1	581739	1	2113.4	1	0.316228	273.263	301.466
842	252.85	1	2.01249e+06	1	1.45917e+06	1	581739	1	2113.4	1	1	273.292	301.475
842	252.85	1	2.01249e+06	1	1.45917e+06	1	581739	1	2113.4	1	3.16228	273.383	301.503
842	252.85	1	2.01249e+06	1	1.45917e+06	1	581739	1	2113.4	1	10	273.661	301.591
842	252.85	1	2.01249e+06	1	1.45917e+06	1	581739	1	2113.4	1	31.6228	274.453	301.841
842	252.85	1	2.01249e+06	1	1.45917e+06	1	581739	1	2113.4	1	100	276.475	302.521
843	167.949	1	514628	1	491790	1	835645	1	3633.91	1	0	273.249	301.462
843	167.949	1	514628	1	491790	1	835645	1	3633.91	1	0.001	273.249	301.462
843	167.949	1	514628	1	491790	1	835645	1	3633.91	1	0.00316228	273.25	301.462
843	167.949	1	514628	1	491790	1	835645	1	3633.91	1	0.01	273.25	301.462
843	167.949	1	514628	1	491790	1	835645	1	3633.91	1	0.0316228	273.251	301.462
843	167.949	1	514628	1	491790	1	835645	1	3633.91	1	0.1	273.256	301.463
843	167.949	1	514628	1	491790	1	835645	1	3633.91	1	0.316228	273.269	301.468
843	167.949	1	514628	1	491790	1	835645	1	3633.91	1	1	273.313	301.481
843	167.949	1	514628	1	491790	1	835645	1	3633.91	1	3.16228	273.447	301.521
843	167.949	1	514628	1	491790	1	835645	1	3633.91	1	10	273.849	301.644
843	167.949	1	514628	1	491790	1	835645	1	3633.91	1	31.6228	274.969	301.989
843	167.949	1	514628	1	491790	1	835645	1	3633.91	1	100	277.519	302.833
844	293.094	1	770057	1	751140	1	964163	1	772.575	1	0	273.249	301.462
844	293.094	1	770057	1	751140	1	964163	1	772.575	1	0.001	273.249	301.462
844	293.094	1	770057	1	751140	1	964163	1	772.575	1	0.00316228	273.25	301.462
844	293.094	1	770057	1	751140	1	964163	1	772.575	1	0.01	273.25	301.462
844	293.094	1	770057	1	751140	1	964163	1	772.575	1	0.0316228	273.251	301.462
844	293.094	1	770057	1	751140	1	964163	1	772.575	1	0.1	273.253	301.463
844	293.094	1	770057	1	751140	1	964163	1	772.575	1	0.316228	273.261	301.466
844	293.094	1	770057	1	751140	1	964163	1	772.575	1	1	273.287	301.474
844	293.094	1	770057	1	751140	1	964163	1	772.575	1	3.16228	273.369	301.502
844	293.094	1	770057	1	751140	1	964163	1	772.575	1	10	273.618	301.588
844	293.094	1	770057	1	751140	1	964163	1	772.575	1	31.6228	274.339	301.837
844	293.094	1	770057	1	751140	1	964163	1	772.575	1	100	276.218	302.523
845	181.164	1	787339	1	1.58023e+06	1	2.98441e+06	1	1920.46	1	0	273.249	301.462
845	181.164	1	787339	1	1.58023e+06	1	2.98441e+06	1	1920.46	1	0.001	273.249	301.462
845	181.164	1	787339	1	1.58023e+06	1	2.98441e+06	1	1920.46	1	0.00316228	273.25	301.462
845	181.164	1	787339	1	1.58023e+06	1	2.98441e+06	1	1920.46	1	0.01	273.25	301.462
845	181.164	1	787339	1	1.58023e+06	1	2.98441e+06	1	1920.46	1	0.0316228	273.251	301.462
845	181.164	1	787339	1	1.58023e+06	1	2.98441e+06	1	1920.46	1	0.1	273.255	301.463
845	181.164	1	787339	1	1.58023e+06	1	2.98441e+06	1	1920.46	1	0.316228	273.268	301.467
845	181.164	1	787339	1	1.58023e+06	1	2.98441e+06	1	1920.46	1	1	273.308	301.48
845	181.164	1	787339	1	1.58023e+06	1	2.98441e+06	1	1920.46	1	3.16228	273.434	301.518
845	181.164	1	787339	1	1.58023e+06	1	2.98441e+06	1	1920.46	1	10	273.811	301.635
845	181.164	1	787339	1	1.58023e+06	1	2.98441e+06	1	1920.46	1	31.6228	274.865	301.965
845	181.164	1	787339	1	1.58023e+06	1	2.98441e+06	1	1920.46	1	100	277.332	302.798
846	171.672	1	1.05476e+06	1	447934	1	1.47797e+06	1	2323	1	0	273.249	301.462
846	171.672	1	1.05476e+06	1	447934	1	1.47797e+06	1	2323	1	0.001	273.249	301.462
846	171.672	1	1.05476e+06	1	447934	1	1.47797e+06	1	2323	1	0.00316228	273.25	301.462
846	171.672	1	1.05476e+06	1	447934	1	1.47797e+06	1	2323	1	0.01	273.25	301.462
846	171.672	1	1.05476e+06	1	447934	1	1.47797e+06	1	2323	1	0.0316228	273.251	301.462
846	171.672	1	1.05476e+06	1	447934	1	1.47797e+06	1	2323	1	0.1	273.256	301.463
846	171.672	1	1.05476e+06	1	447934	1	1.47797e+06	1	2323	1	0.316228	273.269	301.468
846	171.672	1	1.05476e+06	1	447934	1	1.47797e+06	1	2323	1	1	273.312	301.481
846	171.672	1	1.05476e+06	1	447934	1	1.47797e+06	1	2323	1	3.16228	273.443	301.521
846	171.672	1	1.05476e+06	1	447934	1	1.47797e+06	1	2323	1	10	273.84	301.643
846	171.672	1	1.05476e+06	1	447934	1	1.47797e+06	1	2323	1	31.6228	274.943	301.989
846	171.672	1	1.05476e+06	1	447934	1	1.47797e+06	1	2323	1	100	277.48	302.843
847	147.115	1	971713	1	890858	1	1.95779e+06	1	1870.7	1	0	273.249	301.462
847	147.115	1	971713	1	890858	1	1.95779e+06	1	1870.7	1	0.001	273.249	301.462
847	147.115	1	971713	1	890858	1	1.95779e+06	1	1870.7	1	0.00316228	273.25	301.462
847	147.115	1	971713	1	890858	1	1.95779e+06	1	1870.7	1	0.01	273.25	301.462
847	147.115	1	971713	1	890858	1	1.95779e+06	1	1870.7	1	0.0316228	273.252	301.462
847	147.115	1	971713	1	890858	1	1.95779e+06	1	1870.7	1	0.1	273.257	301.464
847	147.115	1	971713	1	890858	1	1.95779e+06	1	1870.7	1	0.316228	273.272	301.469
847	147.115	1	971713	1	890858	1	1.95779e+06	1	1870.7	1	1	273.322	301.484
847	147.115	1	971713	1	890858	1	1.95779e+06	1	1870.7	1	3.16228	273.475	301.531
847	147.115	1	971713	1	890858	1	1.95779e+06	1	1870.7	1	10	273.932	301.671
847	147.115	1	971713	1	890858	1	1.95779e+06	1	1870.7	1	31.6228	275.19	302.068
847	147.115	1	971713	1	890858	1	1.95779e+06	1	1870.7	1	100	277.903	303.007
848	128.056	1	1.42853e+06	1	530796	1	1.83999e+06	1	1428.05	1	0	273.249	301.462
848	128.056	1	1.42853e+06	1	530796	1	1.83999e+06	1	1428.05	1	0.001	273.25	301.462
848	128.056	1	1.42853e+06	1	530796	1	1.83999e+06	1	1428.05	1	0.00316228	273.25	301.462
848	128.056	1	1.42853e+06	1	530796	1	1.83999e+06	1	1428.05	1	0.01	273.25	301.462
848	128.056	1	1.42853e+06	1	530796	1	1.83999e+06	1	1428.05	1	0.0316228	273.252	301.462
848	128.056	1	1.42853e+06	1	530796	1	1.83999e+06	1	1428.05	1	0.1	273.258	301.464
848	128.056	1	1.42853e+06	1	530796	1	1.83999e+06	1	1428.05	1	0.316228	273.276	301.47
848	128.056	1	1.42853e+06	1	530796	1	1.83999e+06	1	1428.05	1	1	273.333	301.487
848	128.056	1	1.42853e+06	1	530796	1	1.83999e+06	1	1428.05	1	3.16228	273.508	301.541
848	128.056	1	1.42853e+06	1	530796	1	1.83999e+06	1	1428.05	1	10	274.028	301.702
848	128.056	1	1.42853e+06	1	530796	1	1.83999e+06	1	1428.05	1	31.6228	275.439	302.153
848	128.056	1	1.42853e+06	1	530796	1	1.83999e+06	1	1428.05	1	100	278.304	303.182
849	102.109	1	824284	1	1.51668e+06	1	1.71006e+06	1	613.018	1	0	273.249	301.462
849	102.109	1	824284	1	1.51668e+06	1	1.71006e+06	1	613.018	1	0.001	273.25	301.462
849	102.109	1	824284	1	1.51668e+06	1	1.71006e+06	1	613.018	1	0.00316228	273.25	301.462
849	102.109	1	824284	1	1.51668e+06	1	1.71006e+06	1	613.018	1	0.01	273.25	301.462
849	102.109	1	824284	1	1.51668e+06	1	1.71006e+06	1	613.018	1	0.0316228	273.253	301.463
849	102.109	1	824284	1	1.51668e+06	1	1.71006e+06	1	613.018	1	0.1	273.26	301.465
849	102.109	1	824284	1	1.51668e+06	1	1.71006e+06	1	613.018	1	0.316228	273.283	301.472
849	102.109	1	824284	1	1.51668e+06	1	1.71006e+06	1	613.018	1	1	273.355	301.495
849	102.109	1	824284	1	1.51668e+06	1	1.71006e+06	1	613.018	1	3.16228	273.575	301.565
849	102.109	1	824284	1	1.51668e+06	1	1.71006e+06	1	613.018	1	10	274.218	301.77
849	102.109	1	824284	1	1.51668e+06	1	1.71006e+06	1	613.018	1	31.6228	275.914	302.335
849	102.109	1	824284	1	1.51668e+06	1	1.71006e+06	1	613.018	1	100	278.985	303.54
850	133.347	1	671057	1	556086	1	888235	1	1918.72	1	0	273.249	301.462
850	133.347	1	671057	1	556086	1	888235	1	1918.72	1	0.001	273.25	301.462
850	133.347	1	671057	1	556086	1	888235	1	1918.72	1	0.00316228	273.25	301.462
850	133.347	1	671057	1	556086	1	888235	1	1918.72	1	0.01	273.25	301.462
850	133.347	1	671057	1	556086	1	888235	1	1918.72	1	0.0316228	273.252	301.462
850	133.347	1	671057	1	556086	1	888235	1	1918.72	1	0.1	273.257	301.464
850	133.347	1	671057	1	556086	1	888235	1	1918.72	1	0.316228	273.275	301.469
850	133.347	1	671057	1	556086	1	888235	1	1918.72	1	1	273.329	301.486
850	133.347	1	671057	1	556086	1	888235	1	1918.72	1	3.16228	273.498	301.537
850	133.347	1	671057	1	556086	1	888235	1	1918.72	1	10	273.997	301.691
850	133.347	1	671057	1	556086	1	888235	1	1918.72	1	31.6228	275.359	302.12
850	133.347	1	671057	1	556086	1	888235	1	1918.72	1	100	278.174	303.109
851	128.959	1	813443	1	1.6403e+06	1	1.7779e+06	1	2720.26	1	0	273.249	301.462
851	128.959	1	813443	1	1.6403e+06	1	1.7779e+06	1	2720.26	1	0.001	273.25	301.462
851	128.959	1	813443	1	1.6403e+06	1	1.7779e+06	1	2720.26	1	0.00316228	273.25	301.462
851	128.959	1	813443	1	1.6403e+06	1	1.7779e+06	1	2720.26	1	0.01	273.25	301.462
851	128.959	1	813443	1	1.6403e+06	1	1.7779e+06	1	2720.26	1	0.0316228	273.252	301.462
851	128.959	1	813443	1	1.6403e+06	1	1.7779e+06	1	2720.26	1	0.1	273.258	301.464
851	128.959	1	813443	1	1.6403e+06	1	1.7779e+06	1	2720.26	1	0.316228	273.276	301.469
851	128.959	1	813443	1	1.6403e+06	1	1.7779e+06	1	2720.26	1	1	273.332	301.486
851	128.959	1	813443	1	1.6403e+06	1	1.7779e+06	1	2720.26	1	3.16228	273.505	301.539
851	128.959	1	813443	1	1.6403e+06	1	1.7779e+06	1	2720.26	1	10	274.017	301.694
851	128.959	1	813443	1	1.6403e+06	1	1.7779e+06	1	2720.26	1	31.6228	275.41	302.128
851	128.959	1	813443	1	1.6403e+06	1	1.7779e+06	1	2720.26	1	100	278.244	303.11
852	137.153	1	1.71286e+06	1	3.17105e+06	1	700237	1	1006.59	1	0	273.249	301.462
852	137.153	1	1.71286e+06	1	3.17105e+06	1	700237	1	1006.59	1	0.001	273.25	301.462
852	137.153	1	1.71286e+06	1	3.17105e+06	1	700237	1	1006.59	1	0.00316228	273.25	301.462
852	137.153	1	1.71286e+06	1	3.17105e+06	1	700237	1	1006.59	1	0.01	273.25	301.462
852	137.153	1	1.71286e+06	1	3.17105e+06	1	700237	1	1006.59	1	0.0316228	273.252	301.462
852	137.153	1	1.71286e+06	1	3.17105e+06	1	700237	1	1006.59	1	0.1	273.257	301.464
852	137.153	1	1.71286e+06	1	3.17105e+06	1	700237	1	1006.59	1	0.316228	273.274	301.469
852	137.153	1	1.71286e+06	1	3.17105e+06	1	700237	1	1006.59	1	1	273.328	301.486
852	137.153	1	1.71286e+06	1	3.17105e+06	1	700237	1	1006.59	1	3.16228	273.493	301.538
852	137.153	1	1.71286e+06	1	3.17105e+06	1	700237	1	1006.59	1	10	273.985	301.693
852	137.153	1	1.71286e+06	1	3.17105e+06	1	700237	1	1006.59	1	31.6228	275.331	302.131
852	137.153	1	1.71286e+06	1	3.17105e+06	1	700237	1	1006.59	1	100	278.148	303.158
853	113.111	1	530085	1	1.13875e+06	1	688241	1	829.981	1	0	273.249	301.462
853	113.111	1	530085	1	1.13875e+06	1	688241	1	829.981	1	0.001	273.25	301.462
853	113.111	1	530085	1	1.13875e+06	1	688241	1	829.981	1	0.00316228	273.25	301.462
853	113.111	1	530085	1	1.13875e+06	1	688241	1	829.981	1	0.01	273.25	301.462
853	113.111	1	530085	1	1.13875e+06	1	688241	1	829.981	1	0.0316228	273.252	301.463
853	113.111	1	530085	1	1.13875e+06	1	688241	1	829.981	1	0.1	273.259	301.465
853	113.111	1	530085	1	1.13875e+06	1	688241	1	829.981	1	0.316228	273.28	301.471
853	113.111	1	530085	1	1.13875e+06	1	688241	1	829.981	1	1	273.344	301.491
853	113.111	1	530085	1	1.13875e+06	1	688241	1	829.981	1	3.16228	273.543	301.554
853	113.111	1	530085	1	1.13875e+06	1	688241	1	829.981	1	10	274.128	301.738
853	113.111	1	530085	1	1.13875e+06	1	688241	1	829.981	1	31.6228	275.692	302.25
853	113.111	1	530085	1	1.13875e+06	1	688241	1	829.981	1	100	278.688	303.384
854	301.892	1	1.88018e+06	1	917866	1	1.15943e+06	1	1937.08	1	0	273.249	301.462
854	301.892	1	1.88018e+06	1	917866	1	1.15943e+06	1	1937.08	1	0.001	273.249	301.462
854	301.892	1	1.88018e+06	1	917866	1	1.15943e+06	1	1937.08	1	0.00316228	273.25	301.462
854	301.892	1	1.88018e+06	1	917866	1	1.15943e+06	1	1937.08	1	0.01	273.25	301.462
854	301.892	1	1.88018e+06	1	917866	1	1.15943e+06	1	1937.08	1	0.0316228	273.251	301.462
854	301.892	1	1.88018e+06	1	917866	1	1.15943e+06	1	1937.08	1	0.1	273.253	301.463
854	301.892	1	1.88018e+06	1	917866	1	1.15943e+06	1	1937.08	1	0.316228	273.261	301.465
854	301.892	1	1.88018e+06	1	917866	1	1.15943e+06	1	1937.08	1	1	273.285	301.473
854	301.892	1	1.88018e+06	1	917866	1	1.15943e+06	1	1937.08	1	3.16228	273.362	301.497
854	301.892	1	1.88018e+06	1	917866	1	1.15943e+06	1	1937.08	1	10	273.597	301.572
854	301.892	1	1.88018e+06	1	917866	1	1.15943e+06	1	1937.08	1	31.6228	274.28	301.79
854	301.892	1	1.88018e+06	1	917866	1	1.15943e+06	1	1937.08	1	100	276.061	302.387
855	201.194	1	1.56153e+06	1	1.29433e+06	1	2.07745e+06	1	1055.78	1	0	273.249	301.462
855	201.194	1	1.56153e+06	1	1.29433e+06	1	2.07745e+06	1	1055.78	1	0.001	273.249	301.462
855	201.194	1	1.56153e+06	1	1.29433e+06	1	2.07745e+06	1	1055.78	1	0.00316228	273.25	301.462
855	201.194	1	1.56153e+06	1	1.29433e+06	1	2.07745e+06	1	1055.78	1	0.01	273.25	301.462
855	201.194	1	1.56153e+06	1	1.29433e+06	1	2.07745e+06	1	1055.78	1	0.0316228	273.251	301.462
855	201.194	1	1.56153e+06	1	1.29433e+06	1	2.07745e+06	1	1055.78	1	0.1	273.255	301.463
855	201.194	1	1.56153e+06	1	1.29433e+06	1	2.07745e+06	1	1055.78	1	0.316228	273.267	301.467
855	201.194	1	1.56153e+06	1	1.29433e+06	1	2.07745e+06	1	1055.78	1	1	273.303	301.479
855	201.194	1	1.56153e+06	1	1.29433e+06	1	2.07745e+06	1	1055.78	1	3.16228	273.418	301.515
855	201.194	1	1.56153e+06	1	1.29433e+06	1	2.07745e+06	1	1055.78	1	10	273.765	301.627
855	201.194	1	1.56153e+06	1	1.29433e+06	1	2.07745e+06	1	1055.78	1	31.6228	274.74	301.945
855	201.194	1	1.56153e+06	1	1.29433e+06	1	2.07745e+06	1	1055.78	1	100	277.104	302.778
856	92.8758	1	4.6173e+06	1	1.28837e+06	1	664740	1	1192.96	1	0	273.249	301.462
856	92.8758	1	4.6173e+06	1	1.28837e+06	1	664740	1	1192.96	1	0.001	273.25	301.462
856	92.8758	1	4.6173e+06	1	1.28837e+06	1	664740	1	1192.96	1	0.00316228	273.25	301.462
856	92.8758	1	4.6173e+06	1	1.28837e+06	1	664740	1	1192.96	1	0.01	273.251	301.462
856	92.8758	1	4.6173e+06	1	1.28837e+06	1	664740	1	1192.96	1	0.0316228	273.253	301.463
856	92.8758	1	4.6173e+06	1	1.28837e+06	1	664740	1	1192.96	1	0.1	273.261	301.465
856	92.8758	1	4.6173e+06	1	1.28837e+06	1	664740	1	1192.96	1	0.316228	273.286	301.473
856	92.8758	1	4.6173e+06	1	1.28837e+06	1	664740	1	1192.96	1	1	273.364	301.497
856	92.8758	1	4.6173e+06	1	1.28837e+06	1	664740	1	1192.96	1	3.16228	273.603	301.57
856	92.8758	1	4.6173e+06	1	1.28837e+06	1	664740	1	1192.96	1	10	274.293	301.783
856	92.8758	1	4.6173e+06	1	1.28837e+06	1	664740	1	1192.96	1	31.6228	276.087	302.362
856	92.8758	1	4.6173e+06	1	1.28837e+06	1	664740	1	1192.96	1	100	279.13	303.54
857	217.241	1	413443	1	783336	1	1.75345e+06	1	3085.5	1	0	273.249	301.462
857	217.241	1	413443	1	783336	1	1.75345e+06	1	3085.5	1	0.001	273.249	301.462
857	217.241	1	413443	1	783336	1	1.75345e+06	1	3085.5	1	0.00316228	273.25	301.462
857	217.241	1	413443	1	783336	1	1.75345e+06	1	3085.5	1	0.01	273.25	301.462
857	217.241	1	413443	1	783336	1	1.75345e+06	1	3085.5	1	0.0316228	273.251	301.462
857	217.241	1	413443	1	783336	1	1.75345e+06	1	3085.5	1	0.1	273.254	301.463
857	217.241	1	413443	1	783336	1	1.75345e+06	1	3085.5	1	0.316228	273.265	301.466
857	217.241	1	413443	1	783336	1	1.75345e+06	1	3085.5	1	1	273.298	301.476
857	217.241	1	413443	1	783336	1	1.75345e+06	1	3085.5	1	3.16228	273.403	301.508
857	217.241	1	413443	1	783336	1	1.75345e+06	1	3085.5	1	10	273.72	301.605
857	217.241	1	413443	1	783336	1	1.75345e+06	1	3085.5	1	31.6228	274.61	301.878
857	217.241	1	413443	1	783336	1	1.75345e+06	1	3085.5	1	100	276.818	302.602
858	173.678	1	511002	1	939959	1	791288	1	2015.23	1	0	273.249	301.462
858	173.678	1	511002	1	939959	1	791288	1	2015.23	1	0.001	273.249	301.462
858	173.678	1	511002	1	939959	1	791288	1	2015.23	1	0.00316228	273.25	301.462
858	173.678	1	511002	1	939959	1	791288	1	2015.23	1	0.01	273.25	301.462
858	173.678	1	511002	1	939959	1	791288	1	2015.23	1	0.0316228	273.251	301.462
858	173.678	1	511002	1	939959	1	791288	1	2015.23	1	0.1	273.256	301.463
858	173.678	1	511002	1	939959	1	791288	1	2015.23	1	0.316228	273.269	301.468
858	173.678	1	511002	1	939959	1	791288	1	2015.23	1	1	273.311	301.48
858	173.678	1	511002	1	939959	1	791288	1	2015.23	1	3.16228	273.441	301.521
858	173.678	1	511002	1	939959	1	791288	1	2015.23	1	10	273.834	301.641
858	173.678	1	511002	1	939959	1	791288	1	2015.23	1	31.6228	274.927	301.985
858	173.678	1	511002	1	939959	1	791288	1	2015.23	1	100	277.449	302.837
859	149.971	1	339043	1	1.34046e+06	1	1.07088e+06	1	2105.79	1	0	273.249	301.462
859	149.971	1	339043	1	1.34046e+06	1	1.07088e+06	1	2105.79	1	0.001	273.249	301.462
859	149.971	1	339043	1	1.34046e+06	1	1.07088e+06	1	2105.79	1	0.00316228	273.25	301.462
859	149.971	1	339043	1	1.34046e+06	1	1.07088e+06	1	2105.79	1	0.01	273.25	301.462
859	149.971	1	339043	1	1.34046e+06	1	1.07088e+06	1	2105.79	1	0.0316228	273.252	301.462
859	149.971	1	339043	1	1.34046e+06	1	1.07088e+06	1	2105.79	1	0.1	273.257	301.464
859	149.971	1	339043	1	1.34046e+06	1	1.07088e+06	1	2105.79	1	0.316228	273.272	301.468
859	149.971	1	339043	1	1.34046e+06	1	1.07088e+06	1	2105.79	1	1	273.32	301.483
859	149.971	1	339043	1	1.34046e+06	1	1.07088e+06	1	2105.79	1	3.16228	273.47	301.529
859	149.971	1	339043	1	1.34046e+06	1	1.07088e+06	1	2105.79	1	10	273.918	301.665
859	149.971	1	339043	1	1.34046e+06	1	1.07088e+06	1	2105.79	1	31.6228	275.152	302.051
859	149.971	1	339043	1	1.34046e+06	1	1.07088e+06	1	2105.79	1	100	277.834	302.966
860	162.033	1	1.01132e+06	1	1.19931e+06	1	2.58349e+06	1	853.612	1	0	273.249	301.462
860	162.033	1	1.01132e+06	1	1.19931e+06	1	2.58349e+06	1	853.612	1	0.001	273.249	301.462
860	162.033	1	1.01132e+06	1	1.19931e+06	1	2.58349e+06	1	853.612	1	0.00316228	273.25	301.462
860	162.033	1	1.01132e+06	1	1.19931e+06	1	2.58349e+06	1	853.612	1	0.01	273.25	301.462
860	162.033	1	1.01132e+06	1	1.19931e+06	1	2.58349e+06	1	853.612	1	0.0316228	273.252	301.462
860	162.033	1	1.01132e+06	1	1.19931e+06	1	2.58349e+06	1	853.612	1	0.1	273.256	301.464
860	162.033	1	1.01132e+06	1	1.19931e+06	1	2.58349e+06	1	853.612	1	0.316228	273.271	301.468
860	162.033	1	1.01132e+06	1	1.19931e+06	1	2.58349e+06	1	853.612	1	1	273.316	301.483
860	162.033	1	1.01132e+06	1	1.19931e+06	1	2.58349e+06	1	853.612	1	3.16228	273.458	301.528
860	162.033	1	1.01132e+06	1	1.19931e+06	1	2.58349e+06	1	853.612	1	10	273.882	301.664
860	162.033	1	1.01132e+06	1	1.19931e+06	1	2.58349e+06	1	853.612	1	31.6228	275.061	302.052
860	162.033	1	1.01132e+06	1	1.19931e+06	1	2.58349e+06	1	853.612	1	100	277.713	303.008
861	133.651	1	1.59244e+06	1	666069	1	1.79299e+06	1	1317.01	1	0	273.249	301.462
861	133.651	1	1.59244e+06	1	666069	1	1.79299e+06	1	1317.01	1	0.001	273.25	301.462
861	133.651	1	1.59244e+06	1	666069	1	1.79299e+06	1	1317.01	1	0.00316228	273.25	301.462
861	133.651	1	1.59244e+06	1	666069	1	1.79299e+06	1	1317.01	1	0.01	273.25	301.462
861	133.651	1	1.59244e+06	1	666069	1	1.79299e+06	1	1317.01	1	0.0316228	273.252	301.462
861	133.651	1	1.59244e+06	1	666069	1	1.79299e+06	1	1317.01	1	0.1	273.257	301.464
861	133.651	1	1.59244e+06	1	666069	1	1.79299e+06	1	1317.01	1	0.316228	273.275	301.469
861	133.651	1	1.59244e+06	1	666069	1	1.79299e+06	1	1317.01	1	1	273.329	301.486
861	133.651	1	1.59244e+06	1	666069	1	1.79299e+06	1	1317.01	1	3.16228	273.498	301.539
861	133.651	1	1.59244e+06	1	666069	1	1.79299e+06	1	1317.01	1	10	273.999	301.694
861	133.651	1	1.59244e+06	1	666069	1	1.79299e+06	1	1317.01	1	31.6228	275.365	302.132
861	133.651	1	1.59244e+06	1	666069	1	1.79299e+06	1	1317.01	1	100	278.192	303.146
862	121.183	1	975735	1	1.50149e+06	1	738374	1	1278.45	1	0	273.249	301.462
862	121.183	1	975735	1	1.50149e+06	1	738374	1	1278.45	1	0.001	273.25	301.462
862	121.183	1	975735	1	1.50149e+06	1	738374	1	1278.45	1	0.00316228	273.25	301.462
862	121.183	1	975735	1	1.50149e+06	1	738374	1	1278.45	1	0.01	273.25	301.462
862	121.183	1	975735	1	1.50149e+06	1	738374	1	1278.45	1	0.0316228	273.252	301.462
862	121.183	1	975735	1	1.50149e+06	1	738374	1	1278.45	1	0.1	273.258	301.464
862	121.183	1	975735	1	1.50149e+06	1	738374	1	1278.45	1	0.316228	273.277	301.47
862	121.183	1	975735	1	1.50149e+06	1	738374	1	1278.45	1	1	273.337	301.489
862	121.183	1	975735	1	1.50149e+06	1	738374	1	1278.45	1	3.16228	273.523	301.546
862	121.183	1	975735	1	1.50149e+06	1	738374	1	1278.45	1	10	274.069	301.715
862	121.183	1	975735	1	1.50149e+06	1	738374	1	1278.45	1	31.6228	275.544	302.188
862	121.183	1	975735	1	1.50149e+06	1	738374	1	1278.45	1	100	278.465	303.251
863	90.6102	1	2.1964e+06	1	1.31507e+06	1	705944	1	1651.62	1	0	273.249	301.462
863	90.6102	1	2.1964e+06	1	1.31507e+06	1	705944	1	1651.62	1	0.001	273.25	301.462
863	90.6102	1	2.1964e+06	1	1.31507e+06	1	705944	1	1651.62	1	0.00316228	273.25	301.462
863	90.6102	1	2.1964e+06	1	1.31507e+06	1	705944	1	1651.62	1	0.01	273.251	301.462
863	90.6102	1	2.1964e+06	1	1.31507e+06	1	705944	1	1651.62	1	0.0316228	273.253	301.463
863	90.6102	1	2.1964e+06	1	1.31507e+06	1	705944	1	1651.62	1	0.1	273.261	301.465
863	90.6102	1	2.1964e+06	1	1.31507e+06	1	705944	1	1651.62	1	0.316228	273.287	301.473
863	90.6102	1	2.1964e+06	1	1.31507e+06	1	705944	1	1651.62	1	1	273.366	301.497
863	90.6102	1	2.1964e+06	1	1.31507e+06	1	705944	1	1651.62	1	3.16228	273.61	301.571
863	90.6102	1	2.1964e+06	1	1.31507e+06	1	705944	1	1651.62	1	10	274.313	301.786
863	90.6102	1	2.1964e+06	1	1.31507e+06	1	705944	1	1651.62	1	31.6228	276.133	302.367
863	90.6102	1	2.1964e+06	1	1.31507e+06	1	705944	1	1651.62	1	100	279.146	303.524
864	231.182	1	2.11948e+06	1	1.05457e+06	1	907641	1	1564.82	1	0	273.249	301.462
864	231.182	1	2.11948e+06	1	1.05457e+06	1	907641	1	1564.82	1	0.001	273.249	301.462
864	231.182	1	2.11948e+06	1	1.05457e+06	1	907641	1	1564.82	1	0.00316228	273.25	301.462
864	231.182	1	2.11948e+06	1	1.05457e+06	1	907641	1	1564.82	1	0.01	273.25	301.462
864	231.182	1	2.11948e+06	1	1.05457e+06	1	907641	1	1564.82	1	0.0316228	273.251	301.462
864	231.182	1	2.11948e+06	1	1.05457e+06	1	907641	1	1564.82	1	0.1	273.254	301.463
864	231.182	1	2.11948e+06	1	1.05457e+06	1	907641	1	1564.82	1	0.316228	273.264	301.466
864	231.182	1	2.11948e+06	1	1.05457e+06	1	907641	1	1564.82	1	1	273.296	301.476
864	231.182	1	2.11948e+06	1	1.05457e+06	1	907641	1	1564.82	1	3.16228	273.396	301.508
864	231.182	1	2.11948e+06	1	1.05457e+06	1	907641	1	1564.82	1	10	273.699	301.604
864	231.182	1	2.11948e+06	1	1.05457e+06	1	907641	1	1564.82	1	31.6228	274.556	301.878
864	231.182	1	2.11948e+06	1	1.05457e+06	1	907641	1	1564.82	1	100	276.715	302.618
865	169.595	1	766179	1	854395	1	1.01593e+06	1	1665.31	1	0	273.249	301.462
865	169.595	1	766179	1	854395	1	1.01593e+06	1	1665.31	1	0.001	273.249	301.462
865	169.595	1	766179	1	854395	1	1.01593e+06	1	1665.31	1	0.00316228	273.25	301.462
865	169.595	1	766179	1	854395	1	1.01593e+06	1	1665.31	1	0.01	273.25	301.462
865	169.595	1	766179	1	854395	1	1.01593e+06	1	1665.31	1	0.0316228	273.251	301.462
865	169.595	1	766179	1	854395	1	1.01593e+06	1	1665.31	1	0.1	273.256	301.464
865	169.595	1	766179	1	854395	1	1.01593e+06	1	1665.31	1	0.316228	273.269	301.468
865	169.595	1	766179	1	854395	1	1.01593e+06	1	1665.31	1	1	273.312	301.481
865	169.595	1	766179	1	854395	1	1.01593e+06	1	1665.31	1	3.16228	273.446	301.522
865	169.595	1	766179	1	854395	1	1.01593e+06	1	1665.31	1	10	273.849	301.647
865	169.595	1	766179	1	854395	1	1.01593e+06	1	1665.31	1	31.6228	274.968	302.002
865	169.595	1	766179	1	854395	1	1.01593e+06	1	1665.31	1	100	277.531	302.879
866	202.476	1	2.17527e+06	1	1.00471e+06	1	459146	1	769.172	1	0	273.249	301.462
866	202.476	1	2.17527e+06	1	1.00471e+06	1	459146	1	769.172	1	0.001	273.249	301.462
866	202.476	1	2.17527e+06	1	1.00471e+06	1	459146	1	769.172	1	0.00316228	273.25	301.462
866	202.476	1	2.17527e+06	1	1.00471e+06	1	459146	1	769.172	1	0.01	273.25	301.462
866	202.476	1	2.17527e+06	1	1.00471e+06	1	459146	1	769.172	1	0.0316228	273.251	301.462
866	202.476	1	2.17527e+06	1	1.00471e+06	1	459146	1	769.172	1	0.1	273.255	301.463
866	202.476	1	2.17527e+06	1	1.00471e+06	1	459146	1	769.172	1	0.316228	273.267	301.467
866	202.476	1	2.17527e+06	1	1.00471e+06	1	459146	1	769.172	1	1	273.304	301.479
866	202.476	1	2.17527e+06	1	1.00471e+06	1	459146	1	769.172	1	3.16228	273.419	301.517
866	202.476	1	2.17527e+06	1	1.00471e+06	1	459146	1	769.172	1	10	273.769	301.633
866	202.476	1	2.17527e+06	1	1.00471e+06	1	459146	1	769.172	1	31.6228	274.751	301.965
866	202.476	1	2.17527e+06	1	1.00471e+06	1	459146	1	769.172	1	100	277.141	302.84
867	172.849	1	2.13367e+06	1	1.44745e+06	1	527313	1	1240.46	1	0	273.249	301.462
867	172.849	1	2.13367e+06	1	1.44745e+06	1	527313	1	1240.46	1	0.001	273.249	301.462
867	172.849	1	2.13367e+06	1	1.44745e+06	1	527313	1	1240.46	1	0.00316228	273.25	301.462
867	172.849	1	2.13367e+06	1	1.44745e+06	1	527313	1	1240.46	1	0.01	273.25	301.462
867	172.849	1	2.13367e+06	1	1.44745e+06	1	527313	1	1240.46	1	0.0316228	273.251	301.462
867	172.849	1	2.13367e+06	1	1.44745e+06	1	527313	1	1240.46	1	0.1	273.256	301.464
867	172.849	1	2.13367e+06	1	1.44745e+06	1	527313	1	1240.46	1	0.316228	273.269	301.468
867	172.849	1	2.13367e+06	1	1.44745e+06	1	527313	1	1240.46	1	1	273.312	301.481
867	172.849	1	2.13367e+06	1	1.44745e+06	1	527313	1	1240.46	1	3.16228	273.444	301.523
867	172.849	1	2.13367e+06	1	1.44745e+06	1	527313	1	1240.46	1	10	273.842	301.649
867	172.849	1	2.13367e+06	1	1.44745e+06	1	527313	1	1240.46	1	31.6228	274.952	302.007
867	172.849	1	2.13367e+06	1	1.44745e+06	1	527313	1	1240.46	1	100	277.513	302.905
868	175.714	1	1.28934e+06	1	336544	1	2.07658e+06	1	1434.54	1	0	273.249	301.462
868	175.714	1	1.28934e+06	1	336544	1	2.07658e+06	1	1434.54	1	0.001	273.249	301.462
868	175.714	1	1.28934e+06	1	336544	1	2.07658e+06	1	1434.54	1	0.00316228	273.25	301.462
868	175.714	1	1.28934e+06	1	336544	1	2.07658e+06	1	1434.54	1	0.01	273.25	301.462
868	175.714	1	1.28934e+06	1	336544	1	2.07658e+06	1	1434.54	1	0.0316228	273.251	301.462
868	175.714	1	1.28934e+06	1	336544	1	2.07658e+06	1	1434.54	1	0.1	273.256	301.463
868	175.714	1	1.28934e+06	1	336544	1	2.07658e+06	1	1434.54	1	0.316228	273.269	301.468
868	175.714	1	1.28934e+06	1	336544	1	2.07658e+06	1	1434.54	1	1	273.311	301.481
868	175.714	1	1.28934e+06	1	336544	1	2.07658e+06	1	1434.54	1	3.16228	273.44	301.521
868	175.714	1	1.28934e+06	1	336544	1	2.07658e+06	1	1434.54	1	10	273.831	301.644
868	175.714	1	1.28934e+06	1	336544	1	2.07658e+06	1	1434.54	1	31.6228	274.921	301.993
868	175.714	1	1.28934e+06	1	336544	1	2.07658e+06	1	1434.54	1	100	277.449	302.869
869	152.976	1	1.50047e+06	1	924337	1	2.82564e+06	1	517.629	1	0	273.249	301.462
869	152.976	1	1.50047e+06	1	924337	1	2.82564e+06	1	517.629	1	0.001	273.249	301.462
869	152.976	1	1.50047e+06	1	924337	1	2.82564e+06	1	517.629	1	0.00316228	273.25	301.462
869	152.976	1	1.50047e+06	1	924337	1	2.82564e+06	1	517.629	1	0.01	273.25	301.462
869	152.976	1	1.50047e+06	1	924337	1	2.82564e+06	1	517.629	1	0.0316228	273.252	301.462
869	152.976	1	1.50047e+06	1	924337	1	2.82564e+06	1	517.629	1	0.1	273.257	301.464
869	152.976	1	1.50047e+06	1	924337	1	2.82564e+06	1	517.629	1	0.316228	273.272	301.469
869	152.976	1	1.50047e+06	1	924337	1	2.82564e+06	1	517.629	1	1	273.321	301.485
869	152.976	1	1.50047e+06	1	924337	1	2.82564e+06	1	517.629	1	3.16228	273.473	301.536
869	152.976	1	1.50047e+06	1	924337	1	2.82564e+06	1	517.629	1	10	273.927	301.687
869	152.976	1	1.50047e+06	1	924337	1	2.82564e+06	1	517.629	1	31.6228	275.184	302.12
869	152.976	1	1.50047e+06	1	924337	1	2.82564e+06	1	517.629	1	100	277.913	303.151
870	115.194	1	976431	1	2.10157e+06	1	1.64635e+06	1	1605.44	1	0	273.249	301.462
870	115.194	1	976431	1	2.10157e+06	1	1.64635e+06	1	1605.44	1	0.001	273.25	301.462
870	115.194	1	976431	1	2.10157e+06	1	1.64635e+06	1	1605.44	1	0.00316228	273.25	301.462
870	115.194	1	976431	1	2.10157e+06	1	1.64635e+06	1	1605.44	1	0.01	273.25	301.462
870	115.194	1	976431	1	2.10157e+06	1	1.64635e+06	1	1605.44	1	0.0316228	273.252	301.462
870	115.194	1	976431	1	2.10157e+06	1	1.64635e+06	1	1605.44	1	0.1	273.259	301.464
870	115.194	1	976431	1	2.10157e+06	1	1.64635e+06	1	1605.44	1	0.316228	273.279	301.471
870	115.194	1	976431	1	2.10157e+06	1	1.64635e+06	1	1605.44	1	1	273.342	301.49
870	115.194	1	976431	1	2.10157e+06	1	1.64635e+06	1	1605.44	1	3.16228	273.536	301.549
870	115.194	1	976431	1	2.10157e+06	1	1.64635e+06	1	1605.44	1	10	274.105	301.724
870	115.194	1	976431	1	2.10157e+06	1	1.64635e+06	1	1605.44	1	31.6228	275.631	302.208
870	115.194	1	976431	1	2.10157e+06	1	1.64635e+06	1	1605.44	1	100	278.585	303.272
871	135.021	1	1.81931e+06	1	996411	1	564735	1	1678.12	1	0	273.249	301.462
871	135.021	1	1.81931e+06	1	996411	1	564735	1	1678.12	1	0.001	273.25	301.462
871	135.021	1	1.81931e+06	1	996411	1	564735	1	1678.12	1	0.00316228	273.25	301.462
871	135.021	1	1.81931e+06	1	996411	1	564735	1	1678.12	1	0.01	273.25	301.462
871	135.021	1	1.81931e+06	1	996411	1	564735	1	1678.12	1	0.0316228	273.252	301.462
871	135.021	1	1.81931e+06	1	996411	1	564735	1	1678.12	1	0.1	273.257	301.464
871	135.021	1	1.81931e+06	1	996411	1	564735	1	1678.12	1	0.316228	273.275	301.469
871	135.021	1	1.81931e+06	1	996411	1	564735	1	1678.12	1	1	273.328	301.486
871	135.021	1	1.81931e+06	1	996411	1	564735	1	1678.12	1	3.16228	273.495	301.537
871	135.021	1	1.81931e+06	1	996411	1	564735	1	1678.12	1	10	273.99	301.69
871	135.021	1	1.81931e+06	1	996411	1	564735	1	1678.12	1	31.6228	275.343	302.12
871	135.021	1	1.81931e+06	1	996411	1	564735	1	1678.12	1	100	278.156	303.117
872	134.928	1	731232	1	1.22209e+06	1	802846	1	2022.94	1	0	273.249	301.462
872	134.928	1	731232	1	1.22209e+06	1	802846	1	2022.94	1	0.001	273.25	301.462
872	134.928	1	731232	1	1.22209e+06	1	802846	1	2022.94	1	0.00316228	273.25	301.462
872	134.928	1	731232	1	1.22209e+06	1	802846	1	2022.94	1	0.01	273.25	301.462
872	134.928	1	731232	1	1.22209e+06	1	802846	1	2022.94	1	0.0316228	273.252	301.462
872	134.928	1	731232	1	1.22209e+06	1	802846	1	2022.94	1	0.1	273.257	301.464
872	134.928	1	731232	1	1.22209e+06	1	802846	1	2022.94	1	0.316228	273.274	301.469
872	134.928	1	731232	1	1.22209e+06	1	802846	1	2022.94	1	1	273.328	301.486
872	134.928	1	731232	1	1.22209e+06	1	802846	1	2022.94	1	3.16228	273.495	301.536
872	134.928	1	731232	1	1.22209e+06	1	802846	1	2022.94	1	10	273.988	301.688
872	134.928	1	731232	1	1.22209e+06	1	802846	1	2022.94	1	31.6228	275.336	302.112
872	134.928	1	731232	1	1.22209e+06	1	802846	1	2022.94	1	100	278.137	303.091
873	147.655	1	515674	1	933834	1	1.73087e+06	1	894.103	1	0	273.249	301.462
873	147.655	1	515674	1	933834	1	1.73087e+06	1	894.103	1	0.001	273.249	301.462
873	147.655	1	515674	1	933834	1	1.73087e+06	1	894.103	1	0.00316228	273.25	301.462
873	147.655	1	515674	1	933834	1	1.73087e+06	1	894.103	1	0.01	273.25	301.462
873	147.655	1	515674	1	933834	1	1.73087e+06	1	894.103	1	0.0316228	273.252	301.462
873	147.655	1	515674	1	933834	1	1.73087e+06	1	894.103	1	0.1	273.257	301.464
873	147.655	1	515674	1	933834	1	1.73087e+06	1	894.103	1	0.316228	273.273	301.469
873	147.655	1	515674	1	933834	1	1.73087e+06	1	894.103	1	1	273.322	301.485
873	147.655	1	515674	1	933834	1	1.73087e+06	1	894.103	1	3.16228	273.477	301.533
873	147.655	1	515674	1	933834	1	1.73087e+06	1	894.103	1	10	273.937	301.68
873	147.655	1	515674	1	933834	1	1.73087e+06	1	894.103	1	31.6228	275.207	302.095
873	147.655	1	515674	1	933834	1	1.73087e+06	1	894.103	1	100	277.949	303.089
874	171.287	1	1.0011e+06	1	659193	1	567438	1	1211.5	1	0	273.249	301.462
874	171.287	1	1.0011e+06	1	659193	1	567438	1	1211.5	1	0.001	273.249	301.462
874	171.287	1	1.0011e+06	1	659193	1	567438	1	1211.5	1	0.00316228	273.25	301.462
874	171.287	1	1.0011e+06	1	659193	1	567438	1	1211.5	1	0.01	273.25	301.462
874	171.287	1	1.0011e+06	1	659193	1	567438	1	1211.5	1	0.0316228	273.251	301.462
874	171.287	1	1.0011e+06	1	659193	1	567438	1	1211.5	1	0.1	273.256	301.464
874	171.287	1	1.0011e+06	1	659193	1	567438	1	1211.5	1	0.316228	273.269	301.468
874	171.287	1	1.0011e+06	1	659193	1	567438	1	1211.5	1	1	273.312	301.481
874	171.287	1	1.0011e+06	1	659193	1	567438	1	1211.5	1	3.16228	273.446	301.523
874	171.287	1	1.0011e+06	1	659193	1	567438	1	1211.5	1	10	273.847	301.65
874	171.287	1	1.0011e+06	1	659193	1	567438	1	1211.5	1	31.6228	274.966	302.012
874	171.287	1	1.0011e+06	1	659193	1	567438	1	1211.5	1	100	277.538	302.915
875	130.764	1	429223	1	1.11814e+06	1	444292	1	1202.69	1	0	273.249	301.462
875	130.764	1	429223	1	1.11814e+06	1	444292	1	1202.69	1	0.001	273.25	301.462
875	130.764	1	429223	1	1.11814e+06	1	444292	1	1202.69	1	0.00316228	273.25	301.462
875	130.764	1	429223	1	1.11814e+06	1	444292	1	1202.69	1	0.01	273.25	301.462
875	130.764	1	429223	1	1.11814e+06	1	444292	1	1202.69	1	0.0316228	273.252	301.462
875	130.764	1	429223	1	1.11814e+06	1	444292	1	1202.69	1	0.1	273.258	301.464
875	130.764	1	429223	1	1.11814e+06	1	444292	1	1202.69	1	0.316228	273.275	301.47
875	130.764	1	429223	1	1.11814e+06	1	444292	1	1202.69	1	1	273.331	301.487
875	130.764	1	429223	1	1.11814e+06	1	444292	1	1202.69	1	3.16228	273.504	301.54
875	130.764	1	429223	1	1.11814e+06	1	444292	1	1202.69	1	10	274.015	301.7
875	130.764	1	429223	1	1.11814e+06	1	444292	1	1202.69	1	31.6228	275.407	302.148
875	130.764	1	429223	1	1.11814e+06	1	444292	1	1202.69	1	100	278.259	303.179
876	97.442	1	555975	1	854143	1	1.5363e+06	1	1353.45	1	0	273.249	301.462
876	97.442	1	555975	1	854143	1	1.5363e+06	1	1353.45	1	0.001	273.25	301.462
876	97.442	1	555975	1	854143	1	1.5363e+06	1	1353.45	1	0.00316228	273.25	301.462
876	97.442	1	555975	1	854143	1	1.5363e+06	1	1353.45	1	0.01	273.251	301.462
876	97.442	1	555975	1	854143	1	1.5363e+06	1	1353.45	1	0.0316228	273.253	301.463
876	97.442	1	555975	1	854143	1	1.5363e+06	1	1353.45	1	0.1	273.26	301.465
876	97.442	1	555975	1	854143	1	1.5363e+06	1	1353.45	1	0.316228	273.284	301.472
876	97.442	1	555975	1	854143	1	1.5363e+06	1	1353.45	1	1	273.358	301.495
876	97.442	1	555975	1	854143	1	1.5363e+06	1	1353.45	1	3.16228	273.586	301.564
876	97.442	1	555975	1	854143	1	1.5363e+06	1	1353.45	1	10	274.246	301.767
876	97.442	1	555975	1	854143	1	1.5363e+06	1	1353.45	1	31.6228	275.973	302.318
876	97.442	1	555975	1	854143	1	1.5363e+06	1	1353.45	1	100	279.029	303.462
877	168.487	1	1.33448e+06	1	539407	1	1.26323e+06	1	1042	1	0	273.249	301.462
877	168.487	1	1.33448e+06	1	539407	1	1.26323e+06	1	1042	1	0.001	273.249	301.462
877	168.487	1	1.33448e+06	1	539407	1	1.26323e+06	1	1042	1	0.00316228	273.25	301.462
877	168.487	1	1.33448e+06	1	539407	1	1.26323e+06	1	1042	1	0.01	273.25	301.462
877	168.487	1	1.33448e+06	1	539407	1	1.26323e+06	1	1042	1	0.0316228	273.251	301.462
877	168.487	1	1.33448e+06	1	539407	1	1.26323e+06	1	1042	1	0.1	273.256	301.464
877	168.487	1	1.33448e+06	1	539407	1	1.26323e+06	1	1042	1	0.316228	273.27	301.468
877	168.487	1	1.33448e+06	1	539407	1	1.26323e+06	1	1042	1	1	273.313	301.482
877	168.487	1	1.33448e+06	1	539407	1	1.26323e+06	1	1042	1	3.16228	273.449	301.525
877	168.487	1	1.33448e+06	1	539407	1	1.26323e+06	1	1042	1	10	273.858	301.655
877	168.487	1	1.33448e+06	1	539407	1	1.26323e+06	1	1042	1	31.6228	274.995	302.026
877	168.487	1	1.33448e+06	1	539407	1	1.26323e+06	1	1042	1	100	277.594	302.947
878	123.47	1	1.20213e+06	1	689260	1	391995	1	1872.25	1	0	273.249	301.462
878	123.47	1	1.20213e+06	1	689260	1	391995	1	1872.25	1	0.001	273.25	301.462
878	123.47	1	1.20213e+06	1	689260	1	391995	1	1872.25	1	0.00316228	273.25	301.462
878	123.47	1	1.20213e+06	1	689260	1	391995	1	1872.25	1	0.01	273.25	301.462
878	123.47	1	1.20213e+06	1	689260	1	391995	1	1872.25	1	0.0316228	273.252	301.462
878	123.47	1	1.20213e+06	1	689260	1	391995	1	1872.25	1	0.1	273.258	301.464
878	123.47	1	1.20213e+06	1	689260	1	391995	1	1872.25	1	0.316228	273.277	301.47
878	123.47	1	1.20213e+06	1	689260	1	391995	1	1872.25	1	1	273.336	301.488
878	123.47	1	1.20213e+06	1	689260	1	391995	1	1872.25	1	3.16228	273.517	301.544
878	123.47	1	1.20213e+06	1	689260	1	391995	1	1872.25	1	10	274.053	301.708
878	123.47	1	1.20213e+06	1	689260	1	391995	1	1872.25	1	31.6228	275.503	302.169
878	123.47	1	1.20213e+06	1	689260	1	391995	1	1872.25	1	100	278.402	303.205
879	112.208	1	1.29379e+06	1	1.20933e+06	1	986243	1	1451.94	1	0	273.249	301.462
879	112.208	1	1.29379e+06	1	1.20933e+06	1	986243	1	1451.94	1	0.001	273.25	301.462
879	112.208	1	1.29379e+06	1	1.20933e+06	1	986243	1	1451.94	1	0.00316228	273.25	301.462
879	112.208	1	1.29379e+06	1	1.20933e+06	1	986243	1	1451.94	1	0.01	273.25	301.462
879	112.208	1	1.29379e+06	1	1.20933e+06	1	986243	1	1451.94	1	0.0316228	273.252	301.462
879	112.208	1	1.29379e+06	1	1.20933e+06	1	986243	1	1451.94	1	0.1	273.259	301.464
879	112.208	1	1.29379e+06	1	1.20933e+06	1	986243	1	1451.94	1	0.316228	273.28	301.471
879	112.208	1	1.29379e+06	1	1.20933e+06	1	986243	1	1451.94	1	1	273.344	301.491
879	112.208	1	1.29379e+06	1	1.20933e+06	1	986243	1	1451.94	1	3.16228	273.543	301.552
879	112.208	1	1.29379e+06	1	1.20933e+06	1	986243	1	1451.94	1	10	274.127	301.731
879	112.208	1	1.29379e+06	1	1.20933e+06	1	986243	1	1451.94	1	31.6228	275.687	302.229
879	112.208	1	1.29379e+06	1	1.20933e+06	1	986243	1	1451.94	1	100	278.67	303.317
880	343.141	1	3.68037e+06	1	853603	1	514679	1	1817.44	1	0	273.249	301.462
880	343.141	1	3.68037e+06	1	853603	1	514679	1	1817.44	1	0.001	273.249	301.462
880	343.141	1	3.68037e+06	1	853603	1	514679	1	1817.44	1	0.00316228	273.25	301.462
880	343.141	1	3.68037e+06	1	853603	1	514679	1	1817.44	1	0.01	273.25	301.462
880	343.141	1	3.68037e+06	1	853603	1	514679	1	1817.44	1	0.0316228	273.25	301.462
880	343.141	1	3.68037e+06	1	853603	1	514679	1	1817.44	1	0.1	273.253	301.463
880	343.141	1	3.68037e+06	1	853603	1	514679	1	1817.44	1	0.316228	273.259	301.465
880	343.141	1	3.68037e+06	1	853603	1	514679	1	1817.44	1	1	273.281	301.472
880	343.141	1	3.68037e+06	1	853603	1	514679	1	1817.44	1	3.16228	273.349	301.494
880	343.141	1	3.68037e+06	1	853603	1	514679	1	1817.44	1	10	273.559	301.562
880	343.141	1	3.68037e+06	1	853603	1	514679	1	1817.44	1	31.6228	274.174	301.762
880	343.141	1	3.68037e+06	1	853603	1	514679	1	1817.44	1	100	275.812	302.321
881	201.01	1	1.05412e+06	1	579425	1	3.30848e+06	1	1424.04	1	0	273.249	301.462
881	201.01	1	1.05412e+06	1	579425	1	3.30848e+06	1	1424.04	1	0.001	273.249	301.462
881	201.01	1	1.05412e+06	1	579425	1	3.30848e+06	1	1424.04	1	0.00316228	273.25	301.462
881	201.01	1	1.05412e+06	1	579425	1	3.30848e+06	1	1424.04	1	0.01	273.25	301.462
881	201.01	1	1.05412e+06	1	579425	1	3.30848e+06	1	1424.04	1	0.0316228	273.251	301.462
881	201.01	1	1.05412e+06	1	579425	1	3.30848e+06	1	1424.04	1	0.1	273.255	301.463
881	201.01	1	1.05412e+06	1	579425	1	3.30848e+06	1	1424.04	1	0.316228	273.266	301.467
881	201.01	1	1.05412e+06	1	579425	1	3.30848e+06	1	1424.04	1	1	273.303	301.478
881	201.01	1	1.05412e+06	1	579425	1	3.30848e+06	1	1424.04	1	3.16228	273.417	301.514
881	201.01	1	1.05412e+06	1	579425	1	3.30848e+06	1	1424.04	1	10	273.762	301.623
881	201.01	1	1.05412e+06	1	579425	1	3.30848e+06	1	1424.04	1	31.6228	274.73	301.932
881	201.01	1	1.05412e+06	1	579425	1	3.30848e+06	1	1424.04	1	100	277.078	302.741
882	160.182	1	1.11565e+06	1	760367	1	2.03613e+06	1	1877.65	1	0	273.249	301.462
882	160.182	1	1.11565e+06	1	760367	1	2.03613e+06	1	1877.65	1	0.001	273.249	301.462
882	160.182	1	1.11565e+06	1	760367	1	2.03613e+06	1	1877.65	1	0.00316228	273.25	301.462
882	160.182	1	1.11565e+06	1	760367	1	2.03613e+06	1	1877.65	1	0.01	273.25	301.462
882	160.182	1	1.11565e+06	1	760367	1	2.03613e+06	1	1877.65	1	0.0316228	273.252	301.462
882	160.182	1	1.11565e+06	1	760367	1	2.03613e+06	1	1877.65	1	0.1	273.256	301.464
882	160.182	1	1.11565e+06	1	760367	1	2.03613e+06	1	1877.65	1	0.316228	273.271	301.468
882	160.182	1	1.11565e+06	1	760367	1	2.03613e+06	1	1877.65	1	1	273.316	301.482
882	160.182	1	1.11565e+06	1	760367	1	2.03613e+06	1	1877.65	1	3.16228	273.457	301.525
882	160.182	1	1.11565e+06	1	760367	1	2.03613e+06	1	1877.65	1	10	273.88	301.656
882	160.182	1	1.11565e+06	1	760367	1	2.03613e+06	1	1877.65	1	31.6228	275.053	302.025
882	160.182	1	1.11565e+06	1	760367	1	2.03613e+06	1	1877.65	1	100	277.676	302.922
883	177.09	1	1.97329e+06	1	772588	1	727172	1	1409.17	1	0	273.249	301.462
883	177.09	1	1.97329e+06	1	772588	1	727172	1	1409.17	1	0.001	273.249	301.462
883	177.09	1	1.97329e+06	1	772588	1	727172	1	1409.17	1	0.00316228	273.25	301.462
883	177.09	1	1.97329e+06	1	772588	1	727172	1	1409.17	1	0.01	273.25	301.462
883	177.09	1	1.97329e+06	1	772588	1	727172	1	1409.17	1	0.0316228	273.251	301.462
883	177.09	1	1.97329e+06	1	772588	1	727172	1	1409.17	1	0.1	273.256	301.463
883	177.09	1	1.97329e+06	1	772588	1	727172	1	1409.17	1	0.316228	273.269	301.468
883	177.09	1	1.97329e+06	1	772588	1	727172	1	1409.17	1	1	273.31	301.481
883	177.09	1	1.97329e+06	1	772588	1	727172	1	1409.17	1	3.16228	273.439	301.521
883	177.09	1	1.97329e+06	1	772588	1	727172	1	1409.17	1	10	273.827	301.643
883	177.09	1	1.97329e+06	1	772588	1	727172	1	1409.17	1	31.6228	274.911	301.991
883	177.09	1	1.97329e+06	1	772588	1	727172	1	1409.17	1	100	277.432	302.866
884	163.083	1	2.39574e+06	1	1.0068e+06	1	399978	1	1466.96	1	0	273.249	301.462
884	163.083	1	2.39574e+06	1	1.0068e+06	1	399978	1	1466.96	1	0.001	273.249	301.462
884	163.083	1	2.39574e+06	1	1.0068e+06	1	399978	1	1466.96	1	0.00316228	273.25	301.462
884	163.083	1	2.39574e+06	1	1.0068e+06	1	399978	1	1466.96	1	0.01	273.25	301.462
884	163.083	1	2.39574e+06	1	1.0068e+06	1	399978	1	1466.96	1	0.0316228	273.252	301.462
884	163.083	1	2.39574e+06	1	1.0068e+06	1	399978	1	1466.96	1	0.1	273.256	301.464
884	163.083	1	2.39574e+06	1	1.0068e+06	1	399978	1	1466.96	1	0.316228	273.27	301.468
884	163.083	1	2.39574e+06	1	1.0068e+06	1	399978	1	1466.96	1	1	273.315	301.482
884	163.083	1	2.39574e+06	1	1.0068e+06	1	399978	1	1466.96	1	3.16228	273.455	301.526
884	163.083	1	2.39574e+06	1	1.0068e+06	1	399978	1	1466.96	1	10	273.874	301.657
884	163.083	1	2.39574e+06	1	1.0068e+06	1	399978	1	1466.96	1	31.6228	275.037	302.03
884	163.083	1	2.39574e+06	1	1.0068e+06	1	399978	1	1466.96	1	100	277.663	302.947
885	124.734	1	626586	1	1.13941e+06	1	1.52053e+06	1	1388.22	1	0	273.249	301.462
885	124.734	1	626586	1	1.13941e+06	1	1.52053e+06	1	1388.22	1	0.001	273.25	301.462
885	124.734	1	626586	1	1.13941e+06	1	1.52053e+06	1	1388.22	1	0.00316228	273.25	301.462
885	124.734	1	626586	1	1.13941e+06	1	1.52053e+06	1	1388.22	1	0.01	273.25	301.462
885	124.734	1	626586	1	1.13941e+06	1	1.52053e+06	1	1388.22	1	0.0316228	273.252	301.462
885	124.734	1	626586	1	1.13941e+06	1	1.52053e+06	1	1388.22	1	0.1	273.258	301.464
885	124.734	1	626586	1	1.13941e+06	1	1.52053e+06	1	1388.22	1	0.316228	273.277	301.47
885	124.734	1	626586	1	1.13941e+06	1	1.52053e+06	1	1388.22	1	1	273.335	301.488
885	124.734	1	626586	1	1.13941e+06	1	1.52053e+06	1	1388.22	1	3.16228	273.515	301.543
885	124.734	1	626586	1	1.13941e+06	1	1.52053e+06	1	1388.22	1	10	274.046	301.707
885	124.734	1	626586	1	1.13941e+06	1	1.52053e+06	1	1388.22	1	31.6228	275.485	302.166
885	124.734	1	626586	1	1.13941e+06	1	1.52053e+06	1	1388.22	1	100	278.371	303.203
886	190.08	1	1.31482e+06	1	1.38136e+06	1	1.44557e+06	1	2649.57	1	0	273.249	301.462
886	190.08	1	1.31482e+06	1	1.38136e+06	1	1.44557e+06	1	2649.57	1	0.001	273.249	301.462
886	190.08	1	1.31482e+06	1	1.38136e+06	1	1.44557e+06	1	2649.57	1	0.00316228	273.25	301.462
886	190.08	1	1.31482e+06	1	1.38136e+06	1	1.44557e+06	1	2649.57	1	0.01	273.25	301.462
886	190.08	1	1.31482e+06	1	1.38136e+06	1	1.44557e+06	1	2649.57	1	0.0316228	273.251	301.462
886	190.08	1	1.31482e+06	1	1.38136e+06	1	1.44557e+06	1	2649.57	1	0.1	273.255	301.463
886	190.08	1	1.31482e+06	1	1.38136e+06	1	1.44557e+06	1	2649.57	1	0.316228	273.267	301.467
886	190.08	1	1.31482e+06	1	1.38136e+06	1	1.44557e+06	1	2649.57	1	1	273.305	301.479
886	190.08	1	1.31482e+06	1	1.38136e+06	1	1.44557e+06	1	2649.57	1	3.16228	273.425	301.515
886	190.08	1	1.31482e+06	1	1.38136e+06	1	1.44557e+06	1	2649.57	1	10	273.785	301.626
886	190.08	1	1.31482e+06	1	1.38136e+06	1	1.44557e+06	1	2649.57	1	31.6228	274.793	301.939
886	190.08	1	1.31482e+06	1	1.38136e+06	1	1.44557e+06	1	2649.57	1	100	277.189	302.737
887	174.321	1	952451	1	1.04036e+06	1	462413	1	2079.36	1	0	273.249	301.462
887	174.321	1	952451	1	1.04036e+06	1	462413	1	2079.36	1	0.001	273.249	301.462
887	174.321	1	952451	1	1.04036e+06	1	462413	1	2079.36	1	0.00316228	273.25	301.462
887	174.321	1	952451	1	1.04036e+06	1	462413	1	2079.36	1	0.01	273.25	301.462
887	174.321	1	952451	1	1.04036e+06	1	462413	1	2079.36	1	0.0316228	273.251	301.462
887	174.321	1	952451	1	1.04036e+06	1	462413	1	2079.36	1	0.1	273.256	301.463
887	174.321	1	952451	1	1.04036e+06	1	462413	1	2079.36	1	0.316228	273.269	301.468
887	174.321	1	952451	1	1.04036e+06	1	462413	1	2079.36	1	1	273.311	301.48
887	174.321	1	952451	1	1.04036e+06	1	462413	1	2079.36	1	3.16228	273.441	301.521
887	174.321	1	952451	1	1.04036e+06	1	462413	1	2079.36	1	10	273.833	301.642
887	174.321	1	952451	1	1.04036e+06	1	462413	1	2079.36	1	31.6228	274.925	301.986
887	174.321	1	952451	1	1.04036e+06	1	462413	1	2079.36	1	100	277.45	302.844
888	182.221	1	213871	1	707941	1	846763	1	1746.97	1	0	273.249	301.462
888	182.221	1	213871	1	707941	1	846763	1	1746.97	1	0.001	273.249	301.462
888	182.221	1	213871	1	707941	1	846763	1	1746.97	1	0.00316228	273.25	301.462
888	182.221	1	213871	1	707941	1	846763	1	1746.97	1	0.01	273.25	301.462
888	182.221	1	213871	1	707941	1	846763	1	1746.97	1	0.0316228	273.251	301.462
888	182.221	1	213871	1	707941	1	846763	1	1746.97	1	0.1	273.255	301.463
888	182.221	1	213871	1	707941	1	846763	1	1746.97	1	0.316228	273.268	301.467
888	182.221	1	213871	1	707941	1	846763	1	1746.97	1	1	273.308	301.48
888	182.221	1	213871	1	707941	1	846763	1	1746.97	1	3.16228	273.432	301.518
888	182.221	1	213871	1	707941	1	846763	1	1746.97	1	10	273.807	301.633
888	182.221	1	213871	1	707941	1	846763	1	1746.97	1	31.6228	274.855	301.961
888	182.221	1	213871	1	707941	1	846763	1	1746.97	1	100	277.309	302.788
889	136.846	1	1.37345e+06	1	632068	1	805771	1	1907.39	1	0	273.249	301.462
889	136.846	1	1.37345e+06	1	632068	1	805771	1	1907.39	1	0.001	273.25	301.462
889	136.846	1	1.37345e+06	1	632068	1	805771	1	1907.39	1	0.00316228	273.25	301.462
889	136.846	1	1.37345e+06	1	632068	1	805771	1	1907.39	1	0.01	273.25	301.462
889	136.846	1	1.37345e+06	1	632068	1	805771	1	1907.39	1	0.0316228	273.252	301.462
889	136.846	1	1.37345e+06	1	632068	1	805771	1	1907.39	1	0.1	273.257	301.464
889	136.846	1	1.37345e+06	1	632068	1	805771	1	1907.39	1	0.316228	273.274	301.469
889	136.846	1	1.37345e+06	1	632068	1	805771	1	1907.39	1	1	273.327	301.485
889	136.846	1	1.37345e+06	1	632068	1	805771	1	1907.39	1	3.16228	273.492	301.536
889	136.846	1	1.37345e+06	1	632068	1	805771	1	1907.39	1	10	273.98	301.686
889	136.846	1	1.37345e+06	1	632068	1	805771	1	1907.39	1	31.6228	275.315	302.108
889	136.846	1	1.37345e+06	1	632068	1	805771	1	1907.39	1	100	278.108	303.088
890	135.25	1	517172	1	937070	1	767227	1	1192.79	1	0	273.249	301.462
890	135.25	1	517172	1	937070	1	767227	1	1192.79	1	0.001	273.25	301.462
890	135.25	1	517172	1	937070	1	767227	1	1192.79	1	0.00316228	273.25	301.462
890	135.25	1	517172	1	937070	1	767227	1	1192.79	1	0.01	273.25	301.462
890	135.25	1	517172	1	937070	1	767227	1	1192.79	1	0.0316228	273.252	301.462
890	135.25	1	517172	1	937070	1	767227	1	1192.79	1	0.1	273.257	301.464
890	135.25	1	517172	1	937070	1	767227	1	1192.79	1	0.316228	273.275	301.469
890	135.25	1	517172	1	937070	1	767227	1	1192.79	1	1	273.328	301.486
890	135.25	1	517172	1	937070	1	767227	1	1192.79	1	3.16228	273.495	301.538
890	135.25	1	517172	1	937070	1	767227	1	1192.79	1	10	273.991	301.693
890	135.25	1	517172	1	937070	1	767227	1	1192.79	1	31.6228	275.346	302.128
890	135.25	1	517172	1	937070	1	767227	1	1192.79	1	100	278.163	303.142
891	181.277	1	1.027e+06	1	1.43403e+06	1	1.34738e+06	1	2049.44	1	0	273.249	301.462
891	181.277	1	1.027e+06	1	1.43403e+06	1	1.34738e+06	1	2049.44	1	0.001	273.249	301.462
891	181.277	1	1.027e+06	1	1.43403e+06	1	1.34738e+06	1	2049.44	1	0.00316228	273.25	301.462
891	181.277	1	1.027e+06	1	1.43403e+06	1	1.34738e+06	1	2049.44	1	0.01	273.25	301.462
891	181.277	1	1.027e+06	1	1.43403e+06	1	1.34738e+06	1	2049.44	1	0.0316228	273.251	301.462
891	181.277	1	1.027e+06	1	1.43403e+06	1	1.34738e+06	1	2049.44	1	0.1	273.255	301.463
891	181.277	1	1.027e+06	1	1.43403e+06	1	1.34738e+06	1	2049.44	1	0.316228	273.268	301.467
891	181.277	1	1.027e+06	1	1.43403e+06	1	1.34738e+06	1	2049.44	1	1	273.308	301.48
891	181.277	1	1.027e+06	1	1.43403e+06	1	1.34738e+06	1	2049.44	1	3.16228	273.433	301.518
891	181.277	1	1.027e+06	1	1.43403e+06	1	1.34738e+06	1	2049.44	1	10	273.811	301.635
891	181.277	1	1.027e+06	1	1.43403e+06	1	1.34738e+06	1	2049.44	1	31.6228	274.865	301.965
891	181.277	1	1.027e+06	1	1.43403e+06	1	1.34738e+06	1	2049.44	1	100	277.331	302.798
892	189.192	1	1.53881e+06	1	1.54255e+06	1	1.25509e+06	1	1325.72	1	0	273.249	301.462
892	189.192	1	1.53881e+06	1	1.54255e+06	1	1.25509e+06	1	1325.72	1	0.001	273.249	301.462
892	189.192	1	1.53881e+06	1	1.54255e+06	1	1.25509e+06	1	1325.72	1	0.00316228	273.25	301.462
892	189.192	1	1.53881e+06	1	1.54255e+06	1	1.25509e+06	1	1325.72	1	0.01	273.25	301.462
892	189.192	1	1.53881e+06	1	1.54255e+06	1	1.25509e+06	1	1325.72	1	0.0316228	273.251	301.462
892	189.192	1	1.53881e+06	1	1.54255e+06	1	1.25509e+06	1	1325.72	1	0.1	273.255	301.463
892	189.192	1	1.53881e+06	1	1.54255e+06	1	1.25509e+06	1	1325.72	1	0.316228	273.267	301.467
892	189.192	1	1.53881e+06	1	1.54255e+06	1	1.25509e+06	1	1325.72	1	1	273.306	301.479
892	189.192	1	1.53881e+06	1	1.54255e+06	1	1.25509e+06	1	1325.72	1	3.16228	273.427	301.517
892	189.192	1	1.53881e+06	1	1.54255e+06	1	1.25509e+06	1	1325.72	1	10	273.793	301.633
892	189.192	1	1.53881e+06	1	1.54255e+06	1	1.25509e+06	1	1325.72	1	31.6228	274.816	301.961
892	189.192	1	1.53881e+06	1	1.54255e+06	1	1.25509e+06	1	1325.72	1	100	277.249	302.805
893	200.049	1	871038	1	1.49984e+06	1	1.39802e+06	1	1945.87	1	0	273.249	301.462
893	200.049	1	871038	1	1.49984e+06	1	1.39802e+06	1	1945.87	1	0.001	273.249	301.462
893	200.049	1	871038	1	1.49984e+06	1	1.39802e+06	1	1945.87	1	0.00316228	273.25	301.462
893	200.049	1	871038	1	1.49984e+06	1	1.39802e+06	1	1945.87	1	0.01	273.25	301.462
893	200.049	1	871038	1	1.49984e+06	1	1.39802e+06	1	1945.87	1	0.0316228	273.251	301.462
893	200.049	1	871038	1	1.49984e+06	1	1.39802e+06	1	1945.87	1	0.1	273.255	301.463
893	200.049	1	871038	1	1.49984e+06	1	1.39802e+06	1	1945.87	1	0.316228	273.266	301.467
893	200.049	1	871038	1	1.49984e+06	1	1.39802e+06	1	1945.87	1	1	273.303	301.478
893	200.049	1	871038	1	1.49984e+06	1	1.39802e+06	1	1945.87	1	3.16228	273.417	301.513
893	200.049	1	871038	1	1.49984e+06	1	1.39802e+06	1	1945.87	1	10	273.762	301.62
893	200.049	1	871038	1	1.49984e+06	1	1.39802e+06	1	1945.87	1	31.6228	274.728	301.923
893	200.049	1	871038	1	1.49984e+06	1	1.39802e+06	1	1945.87	1	100	277.066	302.713
894	128.761	1	1.20482e+06	1	713506	1	2.39734e+06	1	1085.01	1	0	273.249	301.462
894	128.761	1	1.20482e+06	1	713506	1	2.39734e+06	1	1085.01	1	0.001	273.25	301.462
894	128.761	1	1.20482e+06	1	713506	1	2.39734e+06	1	1085.01	1	0.00316228	273.25	301.462
894	128.761	1	1.20482e+06	1	713506	1	2.39734e+06	1	1085.01	1	0.01	273.25	301.462
894	128.761	1	1.20482e+06	1	713506	1	2.39734e+06	1	1085.01	1	0.0316228	273.252	301.462
894	128.761	1	1.20482e+06	1	713506	1	2.39734e+06	1	1085.01	1	0.1	273.258	301.464
894	128.761	1	1.20482e+06	1	713506	1	2.39734e+06	1	1085.01	1	0.316228	273.276	301.47
894	128.761	1	1.20482e+06	1	713506	1	2.39734e+06	1	1085.01	1	1	273.332	301.487
894	128.761	1	1.20482e+06	1	713506	1	2.39734e+06	1	1085.01	1	3.16228	273.508	301.542
894	128.761	1	1.20482e+06	1	713506	1	2.39734e+06	1	1085.01	1	10	274.027	301.704
894	128.761	1	1.20482e+06	1	713506	1	2.39734e+06	1	1085.01	1	31.6228	275.438	302.16
894	128.761	1	1.20482e+06	1	713506	1	2.39734e+06	1	1085.01	1	100	278.307	303.207
895	179.31	1	1.2676e+06	1	937472	1	1.66382e+06	1	1276.59	1	0	273.249	301.462
895	179.31	1	1.2676e+06	1	937472	1	1.66382e+06	1	1276.59	1	0.001	273.249	301.462
895	179.31	1	1.2676e+06	1	937472	1	1.66382e+06	1	1276.59	1	0.00316228	273.25	301.462
895	179.31	1	1.2676e+06	1	937472	1	1.66382e+06	1	1276.59	1	0.01	273.25	301.462
895	179.31	1	1.2676e+06	1	937472	1	1.66382e+06	1	1276.59	1	0.0316228	273.251	301.462
895	179.31	1	1.2676e+06	1	937472	1	1.66382e+06	1	1276.59	1	0.1	273.255	301.463
895	179.31	1	1.2676e+06	1	937472	1	1.66382e+06	1	1276.59	1	0.316228	273.268	301.468
895	179.31	1	1.2676e+06	1	937472	1	1.66382e+06	1	1276.59	1	1	273.309	301.48
895	179.31	1	1.2676e+06	1	937472	1	1.66382e+06	1	1276.59	1	3.16228	273.437	301.52
895	179.31	1	1.2676e+06	1	937472	1	1.66382e+06	1	1276.59	1	10	273.821	301.641
895	179.31	1	1.2676e+06	1	937472	1	1.66382e+06	1	1276.59	1	31.6228	274.894	301.986
895	179.31	1	1.2676e+06	1	937472	1	1.66382e+06	1	1276.59	1	100	277.398	302.857
896	158.038	1	1.10728e+06	1	473119	1	787519	1	1182.75	1	0	273.249	301.462
896	158.038	1	1.10728e+06	1	473119	1	787519	1	1182.75	1	0.001	273.249	301.462
896	158.038	1	1.10728e+06	1	473119	1	787519	1	1182.75	1	0.00316228	273.25	301.462
896	158.038	1	1.10728e+06	1	473119	1	787519	1	1182.75	1	0.01	273.25	301.462
896	158.038	1	1.10728e+06	1	473119	1	787519	1	1182.75	1	0.0316228	273.252	301.462
896	158.038	1	1.10728e+06	1	473119	1	787519	1	1182.75	1	0.1	273.256	301.464
896	158.038	1	1.10728e+06	1	473119	1	787519	1	1182.75	1	0.316228	273.271	301.468
896	158.038	1	1.10728e+06	1	473119	1	787519	1	1182.75	1	1	273.317	301.483
896	158.038	1	1.10728e+06	1	473119	1	787519	1	1182.75	1	3.16228	273.462	301.528
896	158.038	1	1.10728e+06	1	473119	1	787519	1	1182.75	1	10	273.893	301.664
896	158.038	1	1.10728e+06	1	473119	1	787519	1	1182.75	1	31.6228	275.09	302.052
896	158.038	1	1.10728e+06	1	473119	1	787519	1	1182.75	1	100	277.755	302.996
897	107.841	1	1.44649e+06	1	387385	1	637760	1	1908.65	1	0	273.249	301.462
897	107.841	1	1.44649e+06	1	387385	1	637760	1	1908.65	1	0.001	273.25	301.462
897	107.841	1	1.44649e+06	1	387385	1	637760	1	1908.65	1	0.00316228	273.25	301.462
897	107.841	1	1.44649e+06	1	387385	1	637760	1	1908.65	1	0.01	273.25	301.462
897	107.841	1	1.44649e+06	1	387385	1	637760	1	1908.65	1	0.0316228	273.253	301.463
897	107.841	1	1.44649e+06	1	387385	1	637760	1	1908.65	1	0.1	273.259	301.465
897	107.841	1	1.44649e+06	1	387385	1	637760	1	1908.65	1	0.316228	273.281	301.471
897	107.841	1	1.44649e+06	1	387385	1	637760	1	1908.65	1	1	273.348	301.492
897	107.841	1	1.44649e+06	1	387385	1	637760	1	1908.65	1	3.16228	273.554	301.555
897	107.841	1	1.44649e+06	1	387385	1	637760	1	1908.65	1	10	274.158	301.739
897	107.841	1	1.44649e+06	1	387385	1	637760	1	1908.65	1	31.6228	275.762	302.248
897	107.841	1	1.44649e+06	1	387385	1	637760	1	1908.65	1	100	278.776	303.343
898	237.415	1	649458	1	1.1636e+06	1	1.88791e+06	1	3120.01	1	0	273.249	301.462
898	237.415	1	649458	1	1.1636e+06	1	1.88791e+06	1	3120.01	1	0.001	273.249	301.462
898	237.415	1	649458	1	1.1636e+06	1	1.88791e+06	1	3120.01	1	0.00316228	273.25	301.462
898	237.415	1	649458	1	1.1636e+06	1	1.88791e+06	1	3120.01	1	0.01	273.25	301.462
898	237.415	1	649458	1	1.1636e+06	1	1.88791e+06	1	3120.01	1	0.0316228	273.251	301.462
898	237.415	1	649458	1	1.1636e+06	1	1.88791e+06	1	3120.01	1	0.1	273.254	301.463
898	237.415	1	649458	1	1.1636e+06	1	1.88791e+06	1	3120.01	1	0.316228	273.264	301.466
898	237.415	1	649458	1	1.1636e+06	1	1.88791e+06	1	3120.01	1	1	273.294	301.475
898	237.415	1	649458	1	1.1636e+06	1	1.88791e+06	1	3120.01	1	3.16228	273.39	301.505
898	237.415	1	649458	1	1.1636e+06	1	1.88791e+06	1	3120.01	1	10	273.682	301.594
898	237.415	1	649458	1	1.1636e+06	1	1.88791e+06	1	3120.01	1	31.6228	274.509	301.848
898	237.415	1	649458	1	1.1636e+06	1	1.88791e+06	1	3120.01	1	100	276.596	302.531
899	158.989	1	1.91468e+06	1	1.00015e+06	1	1.08287e+06	1	988.527	1	0	273.249	301.462
899	158.989	1	1.91468e+06	1	1.00015e+06	1	1.08287e+06	1	988.527	1	0.001	273.249	301.462
899	158.989	1	1.91468e+06	1	1.00015e+06	1	1.08287e+06	1	988.527	1	0.00316228	273.25	301.462
899	158.989	1	1.91468e+06	1	1.00015e+06	1	1.08287e+06	1	988.527	1	0.01	273.25	301.462
899	158.989	1	1.91468e+06	1	1.00015e+06	1	1.08287e+06	1	988.527	1	0.0316228	273.252	301.462
899	158.989	1	1.91468e+06	1	1.00015e+06	1	1.08287e+06	1	988.527	1	0.1	273.256	301.464
899	158.989	1	1.91468e+06	1	1.00015e+06	1	1.08287e+06	1	988.527	1	0.316228	273.271	301.468
899	158.989	1	1.91468e+06	1	1.00015e+06	1	1.08287e+06	1	988.527	1	1	273.317	301.483
899	158.989	1	1.91468e+06	1	1.00015e+06	1	1.08287e+06	1	988.527	1	3.16228	273.461	301.529
899	158.989	1	1.91468e+06	1	1.00015e+06	1	1.08287e+06	1	988.527	1	10	273.892	301.666
899	158.989	1	1.91468e+06	1	1.00015e+06	1	1.08287e+06	1	988.527	1	31.6228	275.087	302.056
899	158.989	1	1.91468e+06	1	1.00015e+06	1	1.08287e+06	1	988.527	1	100	277.754	303.011
900	165.277	1	3.4441e+06	1	1.23278e+06	1	3.03077e+06	1	1383.27	1	0	273.249	301.462
900	165.277	1	3.4441e+06	1	1.23278e+06	1	3.03077e+06	1	1383.27	1	0.001	273.249	301.462
900	165.277	1	3.4441e+06	1	1.23278e+06	1	3.03077e+06	1	1383.27	1	0.00316228	273.25	301.462
900	165.277	1	3.4441e+06	1	1.23278e+06	1	3.03077e+06	1	1383.27	1	0.01	273.25	301.462
900	165.277	1	3.4441e+06	1	1.23278e+06	1	3.03077e+06	1	1383.27	1	0.0316228	273.251	301.462
900	165.277	1	3.4441e+06	1	1.23278e+06	1	3.03077e+06	1	1383.27	1	0.1	273.256	301.464
900	165.277	1	3.4441e+06	1	1.23278e+06	1	3.03077e+06	1	1383.27	1	0.316228	273.27	301.468
900	165.277	1	3.4441e+06	1	1.23278e+06	1	3.03077e+06	1	1383.27	1	1	273.314	301.482
900	165.277	1	3.4441e+06	1	1.23278e+06	1	3.03077e+06	1	1383.27	1	3.16228	273.452	301.525
900	165.277	1	3.4441e+06	1	1.23278e+06	1	3.03077e+06	1	1383.27	1	10	273.865	301.654
900	165.277	1	3.4441e+06	1	1.23278e+06	1	3.03077e+06	1	1383.27	1	31.6228	275.013	302.021
900	165.277	1	3.4441e+06	1	1.23278e+06	1	3.03077e+06	1	1383.27	1	100	277.616	302.923
901	192	1	756073	1	894263	1	1.3618e+06	1	2171.3	1	0	273.249	301.462
901	192	1	756073	1	894263	1	1.3618e+06	1	2171.3	1	0.001	273.249	301.462
901	192	1	756073	1	894263	1	1.3618e+06	1	2171.3	1	0.00316228	273.25	301.462
901	192	1	756073	1	894263	1	1.3618e+06	1	2171.3	1	0.01	273.25	301.462
901	192	1	756073	1	894263	1	1.3618e+06	1	2171.3	1	0.0316228	273.251	301.462
901	192	1	756073	1	894263	1	1.3618e+06	1	2171.3	1	0.1	273.255	301.463
901	192	1	756073	1	894263	1	1.3618e+06	1	2171.3	1	0.316228	273.267	301.467
901	192	1	756073	1	894263	1	1.3618e+06	1	2171.3	1	1	273.305	301.479
901	192	1	756073	1	894263	1	1.3618e+06	1	2171.3	1	3.16228	273.423	301.515
901	192	1	756073	1	894263	1	1.3618e+06	1	2171.3	1	10	273.781	301.625
901	192	1	756073	1	894263	1	1.3618e+06	1	2171.3	1	31.6228	274.782	301.938
901	192	1	756073	1	894263	1	1.3618e+06	1	2171.3	1	100	277.17	302.741
902	122.464	1	3.26058e+06	1	1.77917e+06	1	705850	1	1535.59	1	0	273.249	301.462
902	122.464	1	3.26058e+06	1	1.77917e+06	1	705850	1	1535.59	1	0.001	273.25	301.462
902	122.464	1	3.26058e+06	1	1.77917e+06	1	705850	1	1535.59	1	0.00316228	273.25	301.462
902	122.464	1	3.26058e+06	1	1.77917e+06	1	705850	1	1535.59	1	0.01	273.25	301.462
902	122.464	1	3.26058e+06	1	1.77917e+06	1	705850	1	1535.59	1	0.0316228	273.252	301.462
902	122.464	1	3.26058e+06	1	1.77917e+06	1	705850	1	1535.59	1	0.1	273.258	301.464
902	122.464	1	3.26058e+06	1	1.77917e+06	1	705850	1	1535.59	1	0.316228	273.277	301.47
902	122.464	1	3.26058e+06	1	1.77917e+06	1	705850	1	1535.59	1	1	273.336	301.488
902	122.464	1	3.26058e+06	1	1.77917e+06	1	705850	1	1535.59	1	3.16228	273.52	301.545
902	122.464	1	3.26058e+06	1	1.77917e+06	1	705850	1	1535.59	1	10	274.06	301.711
902	122.464	1	3.26058e+06	1	1.77917e+06	1	705850	1	1535.59	1	31.6228	275.52	302.177
902	122.464	1	3.26058e+06	1	1.77917e+06	1	705850	1	1535.59	1	100	278.428	303.224
903	176.302	1	1.08915e+06	1	884717	1	380226	1	602.881	1	0	273.249	301.462
903	176.302	1	1.08915e+06	1	884717	1	380226	1	602.881	1	0.001	273.249	301.462
903	176.302	1	1.08915e+06	1	884717	1	380226	1	602.881	1	0.00316228	273.25	301.462
903	176.302	1	1.08915e+06	1	884717	1	380226	1	602.881	1	0.01	273.25	301.462
903	176.302	1	1.08915e+06	1	884717	1	380226	1	602.881	1	0.0316228	273.251	301.462
903	176.302	1	1.08915e+06	1	884717	1	380226	1	602.881	1	0.1	273.256	301.464
903	176.302	1	1.08915e+06	1	884717	1	380226	1	602.881	1	0.316228	273.269	301.468
903	176.302	1	1.08915e+06	1	884717	1	380226	1	602.881	1	1	273.312	301.482
903	176.302	1	1.08915e+06	1	884717	1	380226	1	602.881	1	3.16228	273.444	301.526
903	176.302	1	1.08915e+06	1	884717	1	380226	1	602.881	1	10	273.844	301.66
903	176.302	1	1.08915e+06	1	884717	1	380226	1	602.881	1	31.6228	274.959	302.044
903	176.302	1	1.08915e+06	1	884717	1	380226	1	602.881	1	100	277.541	303.006
904	216.016	1	2.10164e+06	1	849793	1	1.95431e+06	1	1636.71	1	0	273.249	301.462
904	216.016	1	2.10164e+06	1	849793	1	1.95431e+06	1	1636.71	1	0.001	273.249	301.462
904	216.016	1	2.10164e+06	1	849793	1	1.95431e+06	1	1636.71	1	0.00316228	273.25	301.462
904	216.016	1	2.10164e+06	1	849793	1	1.95431e+06	1	1636.71	1	0.01	273.25	301.462
904	216.016	1	2.10164e+06	1	849793	1	1.95431e+06	1	1636.71	1	0.0316228	273.251	301.462
904	216.016	1	2.10164e+06	1	849793	1	1.95431e+06	1	1636.71	1	0.1	273.254	301.463
904	216.016	1	2.10164e+06	1	849793	1	1.95431e+06	1	1636.71	1	0.316228	273.265	301.467
904	216.016	1	2.10164e+06	1	849793	1	1.95431e+06	1	1636.71	1	1	273.299	301.477
904	216.016	1	2.10164e+06	1	849793	1	1.95431e+06	1	1636.71	1	3.16228	273.405	301.51
904	216.016	1	2.10164e+06	1	849793	1	1.95431e+06	1	1636.71	1	10	273.728	301.612
904	216.016	1	2.10164e+06	1	849793	1	1.95431e+06	1	1636.71	1	31.6228	274.634	301.899
904	216.016	1	2.10164e+06	1	849793	1	1.95431e+06	1	1636.71	1	100	276.881	302.667
905	433.482	1	2.36354e+06	1	826509	1	637281	1	5344.21	1	0	273.249	301.462
905	433.482	1	2.36354e+06	1	826509	1	637281	1	5344.21	1	0.001	273.249	301.462
905	433.482	1	2.36354e+06	1	826509	1	637281	1	5344.21	1	0.00316228	273.25	301.462
905	433.482	1	2.36354e+06	1	826509	1	637281	1	5344.21	1	0.01	273.25	301.462
905	433.482	1	2.36354e+06	1	826509	1	637281	1	5344.21	1	0.0316228	273.25	301.462
905	433.482	1	2.36354e+06	1	826509	1	637281	1	5344.21	1	0.1	273.252	301.462
905	433.482	1	2.36354e+06	1	826509	1	637281	1	5344.21	1	0.316228	273.257	301.464
905	433.482	1	2.36354e+06	1	826509	1	637281	1	5344.21	1	1	273.274	301.469
905	433.482	1	2.36354e+06	1	826509	1	637281	1	5344.21	1	3.16228	273.327	301.486
905	433.482	1	2.36354e+06	1	826509	1	637281	1	5344.21	1	10	273.492	301.537
905	433.482	1	2.36354e+06	1	826509	1	637281	1	5344.21	1	31.6228	273.983	301.69
905	433.482	1	2.36354e+06	1	826509	1	637281	1	5344.21	1	100	275.325	302.122
906	154.394	1	824472	1	472049	1	625649	1	557.606	1	0	273.249	301.462
906	154.394	1	824472	1	472049	1	625649	1	557.606	1	0.001	273.249	301.462
906	154.394	1	824472	1	472049	1	625649	1	557.606	1	0.00316228	273.25	301.462
906	154.394	1	824472	1	472049	1	625649	1	557.606	1	0.01	273.25	301.462
906	154.394	1	824472	1	472049	1	625649	1	557.606	1	0.0316228	273.252	301.462
906	154.394	1	824472	1	472049	1	625649	1	557.606	1	0.1	273.257	301.464
906	154.394	1	824472	1	472049	1	625649	1	557.606	1	0.316228	273.272	301.469
906	154.394	1	824472	1	472049	1	625649	1	557.606	1	1	273.32	301.485
906	154.394	1	824472	1	472049	1	625649	1	557.606	1	3.16228	273.471	301.535
906	154.394	1	824472	1	472049	1	625649	1	557.606	1	10	273.921	301.684
906	154.394	1	824472	1	472049	1	625649	1	557.606	1	31.6228	275.167	302.112
906	154.394	1	824472	1	472049	1	625649	1	557.606	1	100	277.893	303.14
907	126.923	1	850724	1	841320	1	893893	1	1046.93	1	0	273.249	301.462
907	126.923	1	850724	1	841320	1	893893	1	1046.93	1	0.001	273.25	301.462
907	126.923	1	850724	1	841320	1	893893	1	1046.93	1	0.00316228	273.25	301.462
907	126.923	1	850724	1	841320	1	893893	1	1046.93	1	0.01	273.25	301.462
907	126.923	1	850724	1	841320	1	893893	1	1046.93	1	0.0316228	273.252	301.462
907	126.923	1	850724	1	841320	1	893893	1	1046.93	1	0.1	273.258	301.464
907	126.923	1	850724	1	841320	1	893893	1	1046.93	1	0.316228	273.276	301.47
907	126.923	1	850724	1	841320	1	893893	1	1046.93	1	1	273.334	301.488
907	126.923	1	850724	1	841320	1	893893	1	1046.93	1	3.16228	273.512	301.543
907	126.923	1	850724	1	841320	1	893893	1	1046.93	1	10	274.038	301.708
907	126.923	1	850724	1	841320	1	893893	1	1046.93	1	31.6228	275.466	302.171
907	126.923	1	850724	1	841320	1	893893	1	1046.93	1	100	278.352	303.23
908	200.23	1	1.13536e+06	1	1.55346e+06	1	234612	1	1285.65	1	0	273.249	301.462
908	200.23	1	1.13536e+06	1	1.55346e+06	1	234612	1	1285.65	1	0.001	273.249	301.462
908	200.23	1	1.13536e+06	1	1.55346e+06	1	234612	1	1285.65	1	0.00316228	273.25	301.462
908	200.23	1	1.13536e+06	1	1.55346e+06	1	234612	1	1285.65	1	0.01	273.25	301.462
908	200.23	1	1.13536e+06	1	1.55346e+06	1	234612	1	1285.65	1	0.0316228	273.251	301.462
908	200.23	1	1.13536e+06	1	1.55346e+06	1	234612	1	1285.65	1	0.1	273.255	301.463
908	200.23	1	1.13536e+06	1	1.55346e+06	1	234612	1	1285.65	1	0.316228	273.267	301.467
908	200.23	1	1.13536e+06	1	1.55346e+06	1	234612	1	1285.65	1	1	273.304	301.479
908	200.23	1	1.13536e+06	1	1.55346e+06	1	234612	1	1285.65	1	3.16228	273.419	301.516
908	200.23	1	1.13536e+06	1	1.55346e+06	1	234612	1	1285.65	1	10	273.768	301.627
908	200.23	1	1.13536e+06	1	1.55346e+06	1	234612	1	1285.65	1	31.6228	274.747	301.946
908	200.23	1	1.13536e+06	1	1.55346e+06	1	234612	1	1285.65	1	100	277.124	302.784
909	191.95	1	2.10526e+06	1	628679	1	637012	1	5006.41	1	0	273.249	301.462
909	191.95	1	2.10526e+06	1	628679	1	637012	1	5006.41	1	0.001	273.249	301.462
909	191.95	1	2.10526e+06	1	628679	1	637012	1	5006.41	1	0.00316228	273.25	301.462
909	191.95	1	2.10526e+06	1	628679	1	637012	1	5006.41	1	0.01	273.25	301.462
909	191.95	1	2.10526e+06	1	628679	1	637012	1	5006.41	1	0.0316228	273.251	301.462
909	191.95	1	2.10526e+06	1	628679	1	637012	1	5006.41	1	0.1	273.255	301.463
909	191.95	1	2.10526e+06	1	628679	1	637012	1	5006.41	1	0.316228	273.267	301.467
909	191.95	1	2.10526e+06	1	628679	1	637012	1	5006.41	1	1	273.305	301.478
909	191.95	1	2.10526e+06	1	628679	1	637012	1	5006.41	1	3.16228	273.423	301.514
909	191.95	1	2.10526e+06	1	628679	1	637012	1	5006.41	1	10	273.779	301.622
909	191.95	1	2.10526e+06	1	628679	1	637012	1	5006.41	1	31.6228	274.775	301.929
909	191.95	1	2.10526e+06	1	628679	1	637012	1	5006.41	1	100	277.151	302.71
910	99.2937	1	530126	1	1.01427e+06	1	1.13378e+06	1	1815.32	1	0	273.249	301.462
910	99.2937	1	530126	1	1.01427e+06	1	1.13378e+06	1	1815.32	1	0.001	273.25	301.462
910	99.2937	1	530126	1	1.01427e+06	1	1.13378e+06	1	1815.32	1	0.00316228	273.25	301.462
910	99.2937	1	530126	1	1.01427e+06	1	1.13378e+06	1	1815.32	1	0.01	273.25	301.462
910	99.2937	1	530126	1	1.01427e+06	1	1.13378e+06	1	1815.32	1	0.0316228	273.253	301.463
910	99.2937	1	530126	1	1.01427e+06	1	1.13378e+06	1	1815.32	1	0.1	273.26	301.465
910	99.2937	1	530126	1	1.01427e+06	1	1.13378e+06	1	1815.32	1	0.316228	273.283	301.472
910	99.2937	1	530126	1	1.01427e+06	1	1.13378e+06	1	1815.32	1	1	273.356	301.494
910	99.2937	1	530126	1	1.01427e+06	1	1.13378e+06	1	1815.32	1	3.16228	273.579	301.562
910	99.2937	1	530126	1	1.01427e+06	1	1.13378e+06	1	1815.32	1	10	274.227	301.759
910	99.2937	1	530126	1	1.01427e+06	1	1.13378e+06	1	1815.32	1	31.6228	275.926	302.295
910	99.2937	1	530126	1	1.01427e+06	1	1.13378e+06	1	1815.32	1	100	278.984	303.414
911	144.303	1	1.98944e+06	1	1.06637e+06	1	1.89784e+06	1	1130.86	1	0	273.249	301.462
911	144.303	1	1.98944e+06	1	1.06637e+06	1	1.89784e+06	1	1130.86	1	0.001	273.249	301.462
911	144.303	1	1.98944e+06	1	1.06637e+06	1	1.89784e+06	1	1130.86	1	0.00316228	273.25	301.462
911	144.303	1	1.98944e+06	1	1.06637e+06	1	1.89784e+06	1	1130.86	1	0.01	273.25	301.462
911	144.303	1	1.98944e+06	1	1.06637e+06	1	1.89784e+06	1	1130.86	1	0.0316228	273.252	301.462
911	144.303	1	1.98944e+06	1	1.06637e+06	1	1.89784e+06	1	1130.86	1	0.1	273.257	301.464
911	144.303	1	1.98944e+06	1	1.06637e+06	1	1.89784e+06	1	1130.86	1	0.316228	273.273	301.469
911	144.303	1	1.98944e+06	1	1.06637e+06	1	1.89784e+06	1	1130.86	1	1	273.324	301.485
911	144.303	1	1.98944e+06	1	1.06637e+06	1	1.89784e+06	1	1130.86	1	3.16228	273.481	301.534
911	144.303	1	1.98944e+06	1	1.06637e+06	1	1.89784e+06	1	1130.86	1	10	273.949	301.681
911	144.303	1	1.98944e+06	1	1.06637e+06	1	1.89784e+06	1	1130.86	1	31.6228	275.238	302.097
911	144.303	1	1.98944e+06	1	1.06637e+06	1	1.89784e+06	1	1130.86	1	100	277.995	303.086
912	149.502	1	1.40482e+06	1	1.69578e+06	1	824037	1	1424.52	1	0	273.249	301.462
912	149.502	1	1.40482e+06	1	1.69578e+06	1	824037	1	1424.52	1	0.001	273.249	301.462
912	149.502	1	1.40482e+06	1	1.69578e+06	1	824037	1	1424.52	1	0.00316228	273.25	301.462
912	149.502	1	1.40482e+06	1	1.69578e+06	1	824037	1	1424.52	1	0.01	273.25	301.462
912	149.502	1	1.40482e+06	1	1.69578e+06	1	824037	1	1424.52	1	0.0316228	273.252	301.462
912	149.502	1	1.40482e+06	1	1.69578e+06	1	824037	1	1424.52	1	0.1	273.257	301.464
912	149.502	1	1.40482e+06	1	1.69578e+06	1	824037	1	1424.52	1	0.316228	273.272	301.469
912	149.502	1	1.40482e+06	1	1.69578e+06	1	824037	1	1424.52	1	1	273.321	301.484
912	149.502	1	1.40482e+06	1	1.69578e+06	1	824037	1	1424.52	1	3.16228	273.472	301.531
912	149.502	1	1.40482e+06	1	1.69578e+06	1	824037	1	1424.52	1	10	273.925	301.671
912	149.502	1	1.40482e+06	1	1.69578e+06	1	824037	1	1424.52	1	31.6228	275.172	302.07
912	149.502	1	1.40482e+06	1	1.69578e+06	1	824037	1	1424.52	1	100	277.884	303.023
913	293.537	1	800516	1	503200	1	793749	1	1203.64	1	0	273.249	301.462
913	293.537	1	800516	1	503200	1	793749	1	1203.64	1	0.001	273.249	301.462
913	293.537	1	800516	1	503200	1	793749	1	1203.64	1	0.00316228	273.25	301.462
913	293.537	1	800516	1	503200	1	793749	1	1203.64	1	0.01	273.25	301.462
913	293.537	1	800516	1	503200	1	793749	1	1203.64	1	0.0316228	273.251	301.462
913	293.537	1	800516	1	503200	1	793749	1	1203.64	1	0.1	273.253	301.463
913	293.537	1	800516	1	503200	1	793749	1	1203.64	1	0.316228	273.261	301.465
913	293.537	1	800516	1	503200	1	793749	1	1203.64	1	1	273.287	301.474
913	293.537	1	800516	1	503200	1	793749	1	1203.64	1	3.16228	273.366	301.5
913	293.537	1	800516	1	503200	1	793749	1	1203.64	1	10	273.611	301.58
913	293.537	1	800516	1	503200	1	793749	1	1203.64	1	31.6228	274.319	301.815
913	293.537	1	800516	1	503200	1	793749	1	1203.64	1	100	276.164	302.459
914	205.395	1	1.01596e+06	1	2.21775e+06	1	435197	1	2283.24	1	0	273.249	301.462
914	205.395	1	1.01596e+06	1	2.21775e+06	1	435197	1	2283.24	1	0.001	273.249	301.462
914	205.395	1	1.01596e+06	1	2.21775e+06	1	435197	1	2283.24	1	0.00316228	273.25	301.462
914	205.395	1	1.01596e+06	1	2.21775e+06	1	435197	1	2283.24	1	0.01	273.25	301.462
914	205.395	1	1.01596e+06	1	2.21775e+06	1	435197	1	2283.24	1	0.0316228	273.251	301.462
914	205.395	1	1.01596e+06	1	2.21775e+06	1	435197	1	2283.24	1	0.1	273.255	301.463
914	205.395	1	1.01596e+06	1	2.21775e+06	1	435197	1	2283.24	1	0.316228	273.266	301.467
914	205.395	1	1.01596e+06	1	2.21775e+06	1	435197	1	2283.24	1	1	273.302	301.478
914	205.395	1	1.01596e+06	1	2.21775e+06	1	435197	1	2283.24	1	3.16228	273.413	301.512
914	205.395	1	1.01596e+06	1	2.21775e+06	1	435197	1	2283.24	1	10	273.749	301.616
914	205.395	1	1.01596e+06	1	2.21775e+06	1	435197	1	2283.24	1	31.6228	274.694	301.912
914	205.395	1	1.01596e+06	1	2.21775e+06	1	435197	1	2283.24	1	100	276.999	302.689
915	116.529	1	512400	1	741541	1	1.26673e+06	1	1242.7	1	0	273.249	301.462
915	116.529	1	512400	1	741541	1	1.26673e+06	1	1242.7	1	0.001	273.25	301.462
915	116.529	1	512400	1	741541	1	1.26673e+06	1	1242.7	1	0.00316228	273.25	301.462
915	116.529	1	512400	1	741541	1	1.26673e+06	1	1242.7	1	0.01	273.25	301.462
915	116.529	1	512400	1	741541	1	1.26673e+06	1	1242.7	1	0.0316228	273.252	301.462
915	116.529	1	512400	1	741541	1	1.26673e+06	1	1242.7	1	0.1	273.259	301.464
915	116.529	1	512400	1	741541	1	1.26673e+06	1	1242.7	1	0.316228	273.278	301.471
915	116.529	1	512400	1	741541	1	1.26673e+06	1	1242.7	1	1	273.341	301.49
915	116.529	1	512400	1	741541	1	1.26673e+06	1	1242.7	1	3.16228	273.533	301.549
915	116.529	1	512400	1	741541	1	1.26673e+06	1	1242.7	1	10	274.098	301.724
915	116.529	1	512400	1	741541	1	1.26673e+06	1	1242.7	1	31.6228	275.616	302.21
915	116.529	1	512400	1	741541	1	1.26673e+06	1	1242.7	1	100	278.567	303.288
916	148.389	1	723644	1	849784	1	461868	1	1182.2	1	0	273.249	301.462
916	148.389	1	723644	1	849784	1	461868	1	1182.2	1	0.001	273.249	301.462
916	148.389	1	723644	1	849784	1	461868	1	1182.2	1	0.00316228	273.25	301.462
916	148.389	1	723644	1	849784	1	461868	1	1182.2	1	0.01	273.25	301.462
916	148.389	1	723644	1	849784	1	461868	1	1182.2	1	0.0316228	273.252	301.462
916	148.389	1	723644	1	849784	1	461868	1	1182.2	1	0.1	273.257	301.464
916	148.389	1	723644	1	849784	1	461868	1	1182.2	1	0.316228	273.272	301.469
916	148.389	1	723644	1	849784	1	461868	1	1182.2	1	1	273.322	301.484
916	148.389	1	723644	1	849784	1	461868	1	1182.2	1	3.16228	273.475	301.532
916	148.389	1	723644	1	849784	1	461868	1	1182.2	1	10	273.932	301.676
916	148.389	1	723644	1	849784	1	461868	1	1182.2	1	31.6228	275.192	302.083
916	148.389	1	723644	1	849784	1	461868	1	1182.2	1	100	277.924	303.059
917	199.971	1	698181	1	1.26097e+06	1	775943	1	1651.5	1	0	273.249	301.462
917	199.971	1	698181	1	1.26097e+06	1	775943	1	1651.5	1	0.001	273.249	301.462
917	199.971	1	698181	1	1.26097e+06	1	775943	1	1651.5	1	0.00316228	273.25	301.462
917	199.971	1	698181	1	1.26097e+06	1	775943	1	1651.5	1	0.01	273.25	301.462
917	199.971	1	698181	1	1.26097e+06	1	775943	1	1651.5	1	0.0316228	273.251	301.462
917	199.971	1	698181	1	1.26097e+06	1	775943	1	1651.5	1	0.1	273.255	301.463
917	199.971	1	698181	1	1.26097e+06	1	775943	1	1651.5	1	0.316228	273.266	301.467
917	199.971	1	698181	1	1.26097e+06	1	775943	1	1651.5	1	1	273.303	301.478
917	199.971	1	698181	1	1.26097e+06	1	775943	1	1651.5	1	3.16228	273.417	301.514
917	199.971	1	698181	1	1.26097e+06	1	775943	1	1651.5	1	10	273.763	301.622
917	199.971	1	698181	1	1.26097e+06	1	775943	1	1651.5	1	31.6228	274.734	301.929
917	199.971	1	698181	1	1.26097e+06	1	775943	1	1651.5	1	100	277.081	302.731
918	89.2374	1	935541	1	638920	1	1.28813e+06	1	1656.15	1	0	273.249	301.462
918	89.2374	1	935541	1	638920	1	1.28813e+06	1	1656.15	1	0.001	273.25	301.462
918	89.2374	1	935541	1	638920	1	1.28813e+06	1	1656.15	1	0.00316228	273.25	301.462
918	89.2374	1	935541	1	638920	1	1.28813e+06	1	1656.15	1	0.01	273.251	301.462
918	89.2374	1	935541	1	638920	1	1.28813e+06	1	1656.15	1	0.0316228	273.253	301.463
918	89.2374	1	935541	1	638920	1	1.28813e+06	1	1656.15	1	0.1	273.261	301.465
918	89.2374	1	935541	1	638920	1	1.28813e+06	1	1656.15	1	0.316228	273.287	301.473
918	89.2374	1	935541	1	638920	1	1.28813e+06	1	1656.15	1	1	273.368	301.498
918	89.2374	1	935541	1	638920	1	1.28813e+06	1	1656.15	1	3.16228	273.615	301.573
918	89.2374	1	935541	1	638920	1	1.28813e+06	1	1656.15	1	10	274.327	301.79
918	89.2374	1	935541	1	638920	1	1.28813e+06	1	1656.15	1	31.6228	276.166	302.376
918	89.2374	1	935541	1	638920	1	1.28813e+06	1	1656.15	1	100	279.164	303.532
919	394.045	1	207179	1	1.23873e+06	1	354625	1	1319.18	1	0	273.249	301.462
919	394.045	1	207179	1	1.23873e+06	1	354625	1	1319.18	1	0.001	273.249	301.462
919	394.045	1	207179	1	1.23873e+06	1	354625	1	1319.18	1	0.00316228	273.25	301.462
919	394.045	1	207179	1	1.23873e+06	1	354625	1	1319.18	1	0.01	273.25	301.462
919	394.045	1	207179	1	1.23873e+06	1	354625	1	1319.18	1	0.0316228	273.25	301.462
919	394.045	1	207179	1	1.23873e+06	1	354625	1	1319.18	1	0.1	273.252	301.462
919	394.045	1	207179	1	1.23873e+06	1	354625	1	1319.18	1	0.316228	273.258	301.464
919	394.045	1	207179	1	1.23873e+06	1	354625	1	1319.18	1	1	273.277	301.471
919	394.045	1	207179	1	1.23873e+06	1	354625	1	1319.18	1	3.16228	273.337	301.49
919	394.045	1	207179	1	1.23873e+06	1	354625	1	1319.18	1	10	273.522	301.551
919	394.045	1	207179	1	1.23873e+06	1	354625	1	1319.18	1	31.6228	274.068	301.733
919	394.045	1	207179	1	1.23873e+06	1	354625	1	1319.18	1	100	275.548	302.246
920	117.222	1	1.32656e+06	1	1.17424e+06	1	3.1627e+06	1	2004.46	1	0	273.249	301.462
920	117.222	1	1.32656e+06	1	1.17424e+06	1	3.1627e+06	1	2004.46	1	0.001	273.25	301.462
920	117.222	1	1.32656e+06	1	1.17424e+06	1	3.1627e+06	1	2004.46	1	0.00316228	273.25	301.462
920	117.222	1	1.32656e+06	1	1.17424e+06	1	3.1627e+06	1	2004.46	1	0.01	273.25	301.462
920	117.222	1	1.32656e+06	1	1.17424e+06	1	3.1627e+06	1	2004.46	1	0.0316228	273.252	301.462
920	117.222	1	1.32656e+06	1	1.17424e+06	1	3.1627e+06	1	2004.46	1	0.1	273.259	301.464
920	117.222	1	1.32656e+06	1	1.17424e+06	1	3.1627e+06	1	2004.46	1	0.316228	273.278	301.47
920	117.222	1	1.32656e+06	1	1.17424e+06	1	3.1627e+06	1	2004.46	1	1	273.34	301.489
920	117.222	1	1.32656e+06	1	1.17424e+06	1	3.1627e+06	1	2004.46	1	3.16228	273.53	301.547
920	117.222	1	1.32656e+06	1	1.17424e+06	1	3.1627e+06	1	2004.46	1	10	274.09	301.718
920	117.222	1	1.32656e+06	1	1.17424e+06	1	3.1627e+06	1	2004.46	1	31.6228	275.593	302.191
920	117.222	1	1.32656e+06	1	1.17424e+06	1	3.1627e+06	1	2004.46	1	100	278.525	303.234
921	179.242	1	1.51262e+06	1	1.10299e+06	1	665058	1	1350.03	1	0	273.249	301.462
921	179.242	1	1.51262e+06	1	1.10299e+06	1	665058	1	1350.03	1	0.001	273.249	301.462
921	179.242	1	1.51262e+06	1	1.10299e+06	1	665058	1	1350.03	1	0.00316228	273.25	301.462
921	179.242	1	1.51262e+06	1	1.10299e+06	1	665058	1	1350.03	1	0.01	273.25	301.462
921	179.242	1	1.51262e+06	1	1.10299e+06	1	665058	1	1350.03	1	0.0316228	273.251	301.462
921	179.242	1	1.51262e+06	1	1.10299e+06	1	665058	1	1350.03	1	0.1	273.255	301.463
921	179.242	1	1.51262e+06	1	1.10299e+06	1	665058	1	1350.03	1	0.316228	273.268	301.468
921	179.242	1	1.51262e+06	1	1.10299e+06	1	665058	1	1350.03	1	1	273.309	301.48
921	179.242	1	1.51262e+06	1	1.10299e+06	1	665058	1	1350.03	1	3.16228	273.437	301.52
921	179.242	1	1.51262e+06	1	1.10299e+06	1	665058	1	1350.03	1	10	273.821	301.642
921	179.242	1	1.51262e+06	1	1.10299e+06	1	665058	1	1350.03	1	31.6228	274.895	301.986
921	179.242	1	1.51262e+06	1	1.10299e+06	1	665058	1	1350.03	1	100	277.401	302.858
922	173.717	1	1.87855e+06	1	628015	1	1.33864e+06	1	2023.1	1	0	273.249	301.462
922	173.717	1	1.87855e+06	1	628015	1	1.33864e+06	1	2023.1	1	0.001	273.249	301.462
922	173.717	1	1.87855e+06	1	628015	1	1.33864e+06	1	2023.1	1	0.00316228	273.25	301.462
922	173.717	1	1.87855e+06	1	628015	1	1.33864e+06	1	2023.1	1	0.01	273.25	301.462
922	173.717	1	1.87855e+06	1	628015	1	1.33864e+06	1	2023.1	1	0.0316228	273.251	301.462
922	173.717	1	1.87855e+06	1	628015	1	1.33864e+06	1	2023.1	1	0.1	273.256	301.463
922	173.717	1	1.87855e+06	1	628015	1	1.33864e+06	1	2023.1	1	0.316228	273.269	301.468
922	173.717	1	1.87855e+06	1	628015	1	1.33864e+06	1	2023.1	1	1	273.311	301.48
922	173.717	1	1.87855e+06	1	628015	1	1.33864e+06	1	2023.1	1	3.16228	273.441	301.521
922	173.717	1	1.87855e+06	1	628015	1	1.33864e+06	1	2023.1	1	10	273.834	301.642
922	173.717	1	1.87855e+06	1	628015	1	1.33864e+06	1	2023.1	1	31.6228	274.929	301.987
922	173.717	1	1.87855e+06	1	628015	1	1.33864e+06	1	2023.1	1	100	277.456	302.844
923	100.748	1	563877	1	433845	1	918663	1	1189.24	1	0	273.249	301.462
923	100.748	1	563877	1	433845	1	918663	1	1189.24	1	0.001	273.25	301.462
923	100.748	1	563877	1	433845	1	918663	1	1189.24	1	0.00316228	273.25	301.462
923	100.748	1	563877	1	433845	1	918663	1	1189.24	1	0.01	273.25	301.462
923	100.748	1	563877	1	433845	1	918663	1	1189.24	1	0.0316228	273.253	301.463
923	100.748	1	563877	1	433845	1	918663	1	1189.24	1	0.1	273.26	301.465
923	100.748	1	563877	1	433845	1	918663	1	1189.24	1	0.316228	273.283	301.472
923	100.748	1	563877	1	433845	1	918663	1	1189.24	1	1	273.355	301.494
923	100.748	1	563877	1	433845	1	918663	1	1189.24	1	3.16228	273.576	301.562
923	100.748	1	563877	1	433845	1	918663	1	1189.24	1	10	274.219	301.761
923	100.748	1	563877	1	433845	1	918663	1	1189.24	1	31.6228	275.91	302.304
923	100.748	1	563877	1	433845	1	918663	1	1189.24	1	100	278.982	303.454
924	128.376	1	941936	1	1.6183e+06	1	1.60844e+06	1	3337.64	1	0	273.249	301.462
924	128.376	1	941936	1	1.6183e+06	1	1.60844e+06	1	3337.64	1	0.001	273.25	301.462
924	128.376	1	941936	1	1.6183e+06	1	1.60844e+06	1	3337.64	1	0.00316228	273.25	301.462
924	128.376	1	941936	1	1.6183e+06	1	1.60844e+06	1	3337.64	1	0.01	273.25	301.462
924	128.376	1	941936	1	1.6183e+06	1	1.60844e+06	1	3337.64	1	0.0316228	273.252	301.462
924	128.376	1	941936	1	1.6183e+06	1	1.60844e+06	1	3337.64	1	0.1	273.258	301.464
924	128.376	1	941936	1	1.6183e+06	1	1.60844e+06	1	3337.64	1	0.316228	273.276	301.469
924	128.376	1	941936	1	1.6183e+06	1	1.60844e+06	1	3337.64	1	1	273.332	301.486
924	128.376	1	941936	1	1.6183e+06	1	1.60844e+06	1	3337.64	1	3.16228	273.506	301.539
924	128.376	1	941936	1	1.6183e+06	1	1.60844e+06	1	3337.64	1	10	274.02	301.694
924	128.376	1	941936	1	1.6183e+06	1	1.60844e+06	1	3337.64	1	31.6228	275.415	302.127
924	128.376	1	941936	1	1.6183e+06	1	1.60844e+06	1	3337.64	1	100	278.251	303.105
925	185.33	1	865753	1	2.43218e+06	1	707629	1	1224.63	1	0	273.249	301.462
925	185.33	1	865753	1	2.43218e+06	1	707629	1	1224.63	1	0.001	273.249	301.462
925	185.33	1	865753	1	2.43218e+06	1	707629	1	1224.63	1	0.00316228	273.25	301.462
925	185.33	1	865753	1	2.43218e+06	1	707629	1	1224.63	1	0.01	273.25	301.462
925	185.33	1	865753	1	2.43218e+06	1	707629	1	1224.63	1	0.0316228	273.251	301.462
925	185.33	1	865753	1	2.43218e+06	1	707629	1	1224.63	1	0.1	273.255	301.463
925	185.33	1	865753	1	2.43218e+06	1	707629	1	1224.63	1	0.316228	273.268	301.467
925	185.33	1	865753	1	2.43218e+06	1	707629	1	1224.63	1	1	273.308	301.48
925	185.33	1	865753	1	2.43218e+06	1	707629	1	1224.63	1	3.16228	273.431	301.519
925	185.33	1	865753	1	2.43218e+06	1	707629	1	1224.63	1	10	273.804	301.637
925	185.33	1	865753	1	2.43218e+06	1	707629	1	1224.63	1	31.6228	274.848	301.974
925	185.33	1	865753	1	2.43218e+06	1	707629	1	1224.63	1	100	277.313	302.834
926	134.855	1	1.93655e+06	1	1.31954e+06	1	1.21042e+06	1	1140.86	1	0	273.249	301.462
926	134.855	1	1.93655e+06	1	1.31954e+06	1	1.21042e+06	1	1140.86	1	0.001	273.25	301.462
926	134.855	1	1.93655e+06	1	1.31954e+06	1	1.21042e+06	1	1140.86	1	0.00316228	273.25	301.462
926	134.855	1	1.93655e+06	1	1.31954e+06	1	1.21042e+06	1	1140.86	1	0.01	273.25	301.462
926	134.855	1	1.93655e+06	1	1.31954e+06	1	1.21042e+06	1	1140.86	1	0.0316228	273.252	301.462
926	134.855	1	1.93655e+06	1	1.31954e+06	1	1.21042e+06	1	1140.86	1	0.1	273.257	301.464
926	134.855	1	1.93655e+06	1	1.31954e+06	1	1.21042e+06	1	1140.86	1	0.316228	273.275	301.469
926	134.855	1	1.93655e+06	1	1.31954e+06	1	1.21042e+06	1	1140.86	1	1	273.329	301.486
926	134.855	1	1.93655e+06	1	1.31954e+06	1	1.21042e+06	1	1140.86	1	3.16228	273.497	301.539
926	134.855	1	1.93655e+06	1	1.31954e+06	1	1.21042e+06	1	1140.86	1	10	273.994	301.694
926	134.855	1	1.93655e+06	1	1.31954e+06	1	1.21042e+06	1	1140.86	1	31.6228	275.354	302.133
926	134.855	1	1.93655e+06	1	1.31954e+06	1	1.21042e+06	1	1140.86	1	100	278.18	303.155
927	154.308	1	662400	1	1.78762e+06	1	1.04169e+06	1	1820.77	1	0	273.249	301.462
927	154.308	1	662400	1	1.78762e+06	1	1.04169e+06	1	1820.77	1	0.001	273.249	301.462
927	154.308	1	662400	1	1.78762e+06	1	1.04169e+06	1	1820.77	1	0.00316228	273.25	301.462
927	154.308	1	662400	1	1.78762e+06	1	1.04169e+06	1	1820.77	1	0.01	273.25	301.462
927	154.308	1	662400	1	1.78762e+06	1	1.04169e+06	1	1820.77	1	0.0316228	273.252	301.462
927	154.308	1	662400	1	1.78762e+06	1	1.04169e+06	1	1820.77	1	0.1	273.256	301.464
927	154.308	1	662400	1	1.78762e+06	1	1.04169e+06	1	1820.77	1	0.316228	273.271	301.468
927	154.308	1	662400	1	1.78762e+06	1	1.04169e+06	1	1820.77	1	1	273.318	301.483
927	154.308	1	662400	1	1.78762e+06	1	1.04169e+06	1	1820.77	1	3.16228	273.465	301.528
927	154.308	1	662400	1	1.78762e+06	1	1.04169e+06	1	1820.77	1	10	273.902	301.662
927	154.308	1	662400	1	1.78762e+06	1	1.04169e+06	1	1820.77	1	31.6228	275.112	302.044
927	154.308	1	662400	1	1.78762e+06	1	1.04169e+06	1	1820.77	1	100	277.775	302.959
928	127.825	1	365272	1	589978	1	1.34636e+06	1	1202.38	1	0	273.249	301.462
928	127.825	1	365272	1	589978	1	1.34636e+06	1	1202.38	1	0.001	273.25	301.462
928	127.825	1	365272	1	589978	1	1.34636e+06	1	1202.38	1	0.00316228	273.25	301.462
928	127.825	1	365272	1	589978	1	1.34636e+06	1	1202.38	1	0.01	273.25	301.462
928	127.825	1	365272	1	589978	1	1.34636e+06	1	1202.38	1	0.0316228	273.252	301.462
928	127.825	1	365272	1	589978	1	1.34636e+06	1	1202.38	1	0.1	273.258	301.464
928	127.825	1	365272	1	589978	1	1.34636e+06	1	1202.38	1	0.316228	273.276	301.47
928	127.825	1	365272	1	589978	1	1.34636e+06	1	1202.38	1	1	273.333	301.487
928	127.825	1	365272	1	589978	1	1.34636e+06	1	1202.38	1	3.16228	273.509	301.542
928	127.825	1	365272	1	589978	1	1.34636e+06	1	1202.38	1	10	274.03	301.703
928	127.825	1	365272	1	589978	1	1.34636e+06	1	1202.38	1	31.6228	275.444	302.157
928	127.825	1	365272	1	589978	1	1.34636e+06	1	1202.38	1	100	278.31	303.192
929	165.193	1	1.02981e+06	1	1.06436e+06	1	1.35527e+06	1	1225.12	1	0	273.249	301.462
929	165.193	1	1.02981e+06	1	1.06436e+06	1	1.35527e+06	1	1225.12	1	0.001	273.249	301.462
929	165.193	1	1.02981e+06	1	1.06436e+06	1	1.35527e+06	1	1225.12	1	0.00316228	273.25	301.462
929	165.193	1	1.02981e+06	1	1.06436e+06	1	1.35527e+06	1	1225.12	1	0.01	273.25	301.462
929	165.193	1	1.02981e+06	1	1.06436e+06	1	1.35527e+06	1	1225.12	1	0.0316228	273.251	301.462
929	165.193	1	1.02981e+06	1	1.06436e+06	1	1.35527e+06	1	1225.12	1	0.1	273.256	301.464
929	165.193	1	1.02981e+06	1	1.06436e+06	1	1.35527e+06	1	1225.12	1	0.316228	273.27	301.468
929	165.193	1	1.02981e+06	1	1.06436e+06	1	1.35527e+06	1	1225.12	1	1	273.314	301.482
929	165.193	1	1.02981e+06	1	1.06436e+06	1	1.35527e+06	1	1225.12	1	3.16228	273.452	301.525
929	165.193	1	1.02981e+06	1	1.06436e+06	1	1.35527e+06	1	1225.12	1	10	273.866	301.655
929	165.193	1	1.02981e+06	1	1.06436e+06	1	1.35527e+06	1	1225.12	1	31.6228	275.017	302.026
929	165.193	1	1.02981e+06	1	1.06436e+06	1	1.35527e+06	1	1225.12	1	100	277.627	302.938
930	156.484	1	942930	1	991951	1	582245	1	1479.59	1	0	273.249	301.462
930	156.484	1	942930	1	991951	1	582245	1	1479.59	1	0.001	273.249	301.462
930	156.484	1	942930	1	991951	1	582245	1	1479.59	1	0.00316228	273.25	301.462
930	156.484	1	942930	1	991951	1	582245	1	1479.59	1	0.01	273.25	301.462
930	156.484	1	942930	1	991951	1	582245	1	1479.59	1	0.0316228	273.252	301.462
930	156.484	1	942930	1	991951	1	582245	1	1479.59	1	0.1	273.256	301.464
930	156.484	1	942930	1	991951	1	582245	1	1479.59	1	0.316228	273.271	301.468
930	156.484	1	942930	1	991951	1	582245	1	1479.59	1	1	273.318	301.483
930	156.484	1	942930	1	991951	1	582245	1	1479.59	1	3.16228	273.463	301.528
930	156.484	1	942930	1	991951	1	582245	1	1479.59	1	10	273.897	301.663
930	156.484	1	942930	1	991951	1	582245	1	1479.59	1	31.6228	275.098	302.047
930	156.484	1	942930	1	991951	1	582245	1	1479.59	1	100	277.762	302.976
931	180.287	1	2.04727e+06	1	910945	1	2.76574e+06	1	1709.19	1	0	273.249	301.462
931	180.287	1	2.04727e+06	1	910945	1	2.76574e+06	1	1709.19	1	0.001	273.249	301.462
931	180.287	1	2.04727e+06	1	910945	1	2.76574e+06	1	1709.19	1	0.00316228	273.25	301.462
931	180.287	1	2.04727e+06	1	910945	1	2.76574e+06	1	1709.19	1	0.01	273.25	301.462
931	180.287	1	2.04727e+06	1	910945	1	2.76574e+06	1	1709.19	1	0.0316228	273.251	301.462
931	180.287	1	2.04727e+06	1	910945	1	2.76574e+06	1	1709.19	1	0.1	273.255	301.463
931	180.287	1	2.04727e+06	1	910945	1	2.76574e+06	1	1709.19	1	0.316228	273.268	301.467
931	180.287	1	2.04727e+06	1	910945	1	2.76574e+06	1	1709.19	1	1	273.309	301.48
931	180.287	1	2.04727e+06	1	910945	1	2.76574e+06	1	1709.19	1	3.16228	273.435	301.519
931	180.287	1	2.04727e+06	1	910945	1	2.76574e+06	1	1709.19	1	10	273.815	301.637
931	180.287	1	2.04727e+06	1	910945	1	2.76574e+06	1	1709.19	1	31.6228	274.877	301.973
931	180.287	1	2.04727e+06	1	910945	1	2.76574e+06	1	1709.19	1	100	277.36	302.82
932	101.1	1	1.76888e+06	1	900576	1	969009	1	1719.52	1	0	273.249	301.462
932	101.1	1	1.76888e+06	1	900576	1	969009	1	1719.52	1	0.001	273.25	301.462
932	101.1	1	1.76888e+06	1	900576	1	969009	1	1719.52	1	0.00316228	273.25	301.462
932	101.1	1	1.76888e+06	1	900576	1	969009	1	1719.52	1	0.01	273.25	301.462
932	101.1	1	1.76888e+06	1	900576	1	969009	1	1719.52	1	0.0316228	273.253	301.463
932	101.1	1	1.76888e+06	1	900576	1	969009	1	1719.52	1	0.1	273.26	301.465
932	101.1	1	1.76888e+06	1	900576	1	969009	1	1719.52	1	0.316228	273.283	301.472
932	101.1	1	1.76888e+06	1	900576	1	969009	1	1719.52	1	1	273.354	301.493
932	101.1	1	1.76888e+06	1	900576	1	969009	1	1719.52	1	3.16228	273.574	301.56
932	101.1	1	1.76888e+06	1	900576	1	969009	1	1719.52	1	10	274.213	301.756
932	101.1	1	1.76888e+06	1	900576	1	969009	1	1719.52	1	31.6228	275.893	302.289
932	101.1	1	1.76888e+06	1	900576	1	969009	1	1719.52	1	100	278.954	303.411
933	99.0389	1	586332	1	518909	1	787907	1	1603.53	1	0	273.249	301.462
933	99.0389	1	586332	1	518909	1	787907	1	1603.53	1	0.001	273.25	301.462
933	99.0389	1	586332	1	518909	1	787907	1	1603.53	1	0.00316228	273.25	301.462
933	99.0389	1	586332	1	518909	1	787907	1	1603.53	1	0.01	273.251	301.462
933	99.0389	1	586332	1	518909	1	787907	1	1603.53	1	0.0316228	273.253	301.463
933	99.0389	1	586332	1	518909	1	787907	1	1603.53	1	0.1	273.26	301.465
933	99.0389	1	586332	1	518909	1	787907	1	1603.53	1	0.316228	273.283	301.472
933	99.0389	1	586332	1	518909	1	787907	1	1603.53	1	1	273.356	301.494
933	99.0389	1	586332	1	518909	1	787907	1	1603.53	1	3.16228	273.58	301.562
933	99.0389	1	586332	1	518909	1	787907	1	1603.53	1	10	274.231	301.761
933	99.0389	1	586332	1	518909	1	787907	1	1603.53	1	31.6228	275.936	302.304
933	99.0389	1	586332	1	518909	1	787907	1	1603.53	1	100	279.001	303.437
934	169.463	1	705821	1	2.15909e+06	1	1.84669e+06	1	1595.38	1	0	273.249	301.462
934	169.463	1	705821	1	2.15909e+06	1	1.84669e+06	1	1595.38	1	0.001	273.249	301.462
934	169.463	1	705821	1	2.15909e+06	1	1.84669e+06	1	1595.38	1	0.00316228	273.25	301.462
934	169.463	1	705821	1	2.15909e+06	1	1.84669e+06	1	1595.38	1	0.01	273.25	301.462
934	169.463	1	705821	1	2.15909e+06	1	1.84669e+06	1	1595.38	1	0.0316228	273.251	301.462
934	169.463	1	705821	1	2.15909e+06	1	1.84669e+06	1	1595.38	1	0.1	273.256	301.464
934	169.463	1	705821	1	2.15909e+06	1	1.84669e+06	1	1595.38	1	0.316228	273.269	301.468
934	169.463	1	705821	1	2.15909e+06	1	1.84669e+06	1	1595.38	1	1	273.312	301.481
934	169.463	1	705821	1	2.15909e+06	1	1.84669e+06	1	1595.38	1	3.16228	273.446	301.522
934	169.463	1	705821	1	2.15909e+06	1	1.84669e+06	1	1595.38	1	10	273.849	301.647
934	169.463	1	705821	1	2.15909e+06	1	1.84669e+06	1	1595.38	1	31.6228	274.968	302.001
934	169.463	1	705821	1	2.15909e+06	1	1.84669e+06	1	1595.38	1	100	277.53	302.877
935	122.791	1	1.26108e+06	1	724695	1	1.7811e+06	1	1749.45	1	0	273.249	301.462
935	122.791	1	1.26108e+06	1	724695	1	1.7811e+06	1	1749.45	1	0.001	273.25	301.462
935	122.791	1	1.26108e+06	1	724695	1	1.7811e+06	1	1749.45	1	0.00316228	273.25	301.462
935	122.791	1	1.26108e+06	1	724695	1	1.7811e+06	1	1749.45	1	0.01	273.25	301.462
935	122.791	1	1.26108e+06	1	724695	1	1.7811e+06	1	1749.45	1	0.0316228	273.252	301.462
935	122.791	1	1.26108e+06	1	724695	1	1.7811e+06	1	1749.45	1	0.1	273.258	301.464
935	122.791	1	1.26108e+06	1	724695	1	1.7811e+06	1	1749.45	1	0.316228	273.277	301.47
935	122.791	1	1.26108e+06	1	724695	1	1.7811e+06	1	1749.45	1	1	273.336	301.488
935	122.791	1	1.26108e+06	1	724695	1	1.7811e+06	1	1749.45	1	3.16228	273.518	301.544
935	122.791	1	1.26108e+06	1	724695	1	1.7811e+06	1	1749.45	1	10	274.056	301.709
935	122.791	1	1.26108e+06	1	724695	1	1.7811e+06	1	1749.45	1	31.6228	275.51	302.169
935	122.791	1	1.26108e+06	1	724695	1	1.7811e+06	1	1749.45	1	100	278.406	303.202
936	87.6222	1	2.21136e+06	1	1.57819e+06	1	1.16147e+06	1	977.935	1	0	273.249	301.462
936	87.6222	1	2.21136e+06	1	1.57819e+06	1	1.16147e+06	1	977.935	1	0.001	273.25	301.462
936	87.6222	1	2.21136e+06	1	1.57819e+06	1	1.16147e+06	1	977.935	1	0.00316228	273.25	301.462
936	87.6222	1	2.21136e+06	1	1.57819e+06	1	1.16147e+06	1	977.935	1	0.01	273.251	301.462
936	87.6222	1	2.21136e+06	1	1.57819e+06	1	1.16147e+06	1	977.935	1	0.0316228	273.253	301.463
936	87.6222	1	2.21136e+06	1	1.57819e+06	1	1.16147e+06	1	977.935	1	0.1	273.262	301.465
936	87.6222	1	2.21136e+06	1	1.57819e+06	1	1.16147e+06	1	977.935	1	0.316228	273.288	301.473
936	87.6222	1	2.21136e+06	1	1.57819e+06	1	1.16147e+06	1	977.935	1	1	273.371	301.499
936	87.6222	1	2.21136e+06	1	1.57819e+06	1	1.16147e+06	1	977.935	1	3.16228	273.624	301.577
936	87.6222	1	2.21136e+06	1	1.57819e+06	1	1.16147e+06	1	977.935	1	10	274.35	301.802
936	87.6222	1	2.21136e+06	1	1.57819e+06	1	1.16147e+06	1	977.935	1	31.6228	276.227	302.413
936	87.6222	1	2.21136e+06	1	1.57819e+06	1	1.16147e+06	1	977.935	1	100	279.234	303.618
937	126.184	1	1.82805e+06	1	2.15691e+06	1	1.05386e+06	1	1189.65	1	0	273.249	301.462
937	126.184	1	1.82805e+06	1	2.15691e+06	1	1.05386e+06	1	1189.65	1	0.001	273.25	301.462
937	126.184	1	1.82805e+06	1	2.15691e+06	1	1.05386e+06	1	1189.65	1	0.00316228	273.25	301.462
937	126.184	1	1.82805e+06	1	2.15691e+06	1	1.05386e+06	1	1189.65	1	0.01	273.25	301.462
937	126.184	1	1.82805e+06	1	2.15691e+06	1	1.05386e+06	1	1189.65	1	0.0316228	273.252	301.462
937	126.184	1	1.82805e+06	1	2.15691e+06	1	1.05386e+06	1	1189.65	1	0.1	273.258	301.464
937	126.184	1	1.82805e+06	1	2.15691e+06	1	1.05386e+06	1	1189.65	1	0.316228	273.276	301.47
937	126.184	1	1.82805e+06	1	2.15691e+06	1	1.05386e+06	1	1189.65	1	1	273.334	301.488
937	126.184	1	1.82805e+06	1	2.15691e+06	1	1.05386e+06	1	1189.65	1	3.16228	273.513	301.543
937	126.184	1	1.82805e+06	1	2.15691e+06	1	1.05386e+06	1	1189.65	1	10	274.04	301.708
937	126.184	1	1.82805e+06	1	2.15691e+06	1	1.05386e+06	1	1189.65	1	31.6228	275.472	302.168
937	126.184	1	1.82805e+06	1	2.15691e+06	1	1.05386e+06	1	1189.65	1	100	278.358	303.218
938	218.378	1	639127	1	1.96183e+06	1	800951	1	2163.89	1	0	273.249	301.462
938	218.378	1	639127	1	1.96183e+06	1	800951	1	2163.89	1	0.001	273.249	301.462
938	218.378	1	639127	1	1.96183e+06	1	800951	1	2163.89	1	0.00316228	273.25	301.462
938	218.378	1	639127	1	1.96183e+06	1	800951	1	2163.89	1	0.01	273.25	301.462
938	218.378	1	639127	1	1.96183e+06	1	800951	1	2163.89	1	0.0316228	273.251	301.462
938	218.378	1	639127	1	1.96183e+06	1	800951	1	2163.89	1	0.1	273.254	301.463
938	218.378	1	639127	1	1.96183e+06	1	800951	1	2163.89	1	0.316228	273.265	301.466
938	218.378	1	639127	1	1.96183e+06	1	800951	1	2163.89	1	1	273.298	301.477
938	218.378	1	639127	1	1.96183e+06	1	800951	1	2163.89	1	3.16228	273.403	301.509
938	218.378	1	639127	1	1.96183e+06	1	800951	1	2163.89	1	10	273.72	301.607
938	218.378	1	639127	1	1.96183e+06	1	800951	1	2163.89	1	31.6228	274.612	301.886
938	218.378	1	639127	1	1.96183e+06	1	800951	1	2163.89	1	100	276.831	302.629
939	151.879	1	952093	1	1.70083e+06	1	800016	1	1061.17	1	0	273.249	301.462
939	151.879	1	952093	1	1.70083e+06	1	800016	1	1061.17	1	0.001	273.249	301.462
939	151.879	1	952093	1	1.70083e+06	1	800016	1	1061.17	1	0.00316228	273.25	301.462
939	151.879	1	952093	1	1.70083e+06	1	800016	1	1061.17	1	0.01	273.25	301.462
939	151.879	1	952093	1	1.70083e+06	1	800016	1	1061.17	1	0.0316228	273.252	301.462
939	151.879	1	952093	1	1.70083e+06	1	800016	1	1061.17	1	0.1	273.257	301.464
939	151.879	1	952093	1	1.70083e+06	1	800016	1	1061.17	1	0.316228	273.272	301.469
939	151.879	1	952093	1	1.70083e+06	1	800016	1	1061.17	1	1	273.32	301.484
939	151.879	1	952093	1	1.70083e+06	1	800016	1	1061.17	1	3.16228	273.47	301.531
939	151.879	1	952093	1	1.70083e+06	1	800016	1	1061.17	1	10	273.918	301.672
939	151.879	1	952093	1	1.70083e+06	1	800016	1	1061.17	1	31.6228	275.156	302.074
939	151.879	1	952093	1	1.70083e+06	1	800016	1	1061.17	1	100	277.865	303.043
940	97.6824	1	1.06502e+06	1	584541	1	521921	1	2918.39	1	0	273.249	301.462
940	97.6824	1	1.06502e+06	1	584541	1	521921	1	2918.39	1	0.001	273.25	301.462
940	97.6824	1	1.06502e+06	1	584541	1	521921	1	2918.39	1	0.00316228	273.25	301.462
940	97.6824	1	1.06502e+06	1	584541	1	521921	1	2918.39	1	0.01	273.251	301.462
940	97.6824	1	1.06502e+06	1	584541	1	521921	1	2918.39	1	0.0316228	273.253	301.463
940	97.6824	1	1.06502e+06	1	584541	1	521921	1	2918.39	1	0.1	273.26	301.465
940	97.6824	1	1.06502e+06	1	584541	1	521921	1	2918.39	1	0.316228	273.284	301.472
940	97.6824	1	1.06502e+06	1	584541	1	521921	1	2918.39	1	1	273.357	301.494
940	97.6824	1	1.06502e+06	1	584541	1	521921	1	2918.39	1	3.16228	273.584	301.563
940	97.6824	1	1.06502e+06	1	584541	1	521921	1	2918.39	1	10	274.24	301.761
940	97.6824	1	1.06502e+06	1	584541	1	521921	1	2918.39	1	31.6228	275.956	302.3
940	97.6824	1	1.06502e+06	1	584541	1	521921	1	2918.39	1	100	279.008	303.412
941	117.929	1	959404	1	1.49957e+06	1	508163	1	1819.97	1	0	273.249	301.462
941	117.929	1	959404	1	1.49957e+06	1	508163	1	1819.97	1	0.001	273.25	301.462
941	117.929	1	959404	1	1.49957e+06	1	508163	1	1819.97	1	0.00316228	273.25	301.462
941	117.929	1	959404	1	1.49957e+06	1	508163	1	1819.97	1	0.01	273.25	301.462
941	117.929	1	959404	1	1.49957e+06	1	508163	1	1819.97	1	0.0316228	273.252	301.462
941	117.929	1	959404	1	1.49957e+06	1	508163	1	1819.97	1	0.1	273.258	301.464
941	117.929	1	959404	1	1.49957e+06	1	508163	1	1819.97	1	0.316228	273.278	301.47
941	117.929	1	959404	1	1.49957e+06	1	508163	1	1819.97	1	1	273.339	301.489
941	117.929	1	959404	1	1.49957e+06	1	508163	1	1819.97	1	3.16228	273.529	301.547
941	117.929	1	959404	1	1.49957e+06	1	508163	1	1819.97	1	10	274.087	301.718
941	117.929	1	959404	1	1.49957e+06	1	508163	1	1819.97	1	31.6228	275.587	302.193
941	117.929	1	959404	1	1.49957e+06	1	508163	1	1819.97	1	100	278.523	303.247
942	126.137	1	1.99445e+06	1	1.55725e+06	1	1.05136e+06	1	1887.83	1	0	273.249	301.462
942	126.137	1	1.99445e+06	1	1.55725e+06	1	1.05136e+06	1	1887.83	1	0.001	273.25	301.462
942	126.137	1	1.99445e+06	1	1.55725e+06	1	1.05136e+06	1	1887.83	1	0.00316228	273.25	301.462
942	126.137	1	1.99445e+06	1	1.55725e+06	1	1.05136e+06	1	1887.83	1	0.01	273.25	301.462
942	126.137	1	1.99445e+06	1	1.55725e+06	1	1.05136e+06	1	1887.83	1	0.0316228	273.252	301.462
942	126.137	1	1.99445e+06	1	1.55725e+06	1	1.05136e+06	1	1887.83	1	0.1	273.258	301.464
942	126.137	1	1.99445e+06	1	1.55725e+06	1	1.05136e+06	1	1887.83	1	0.316228	273.276	301.47
942	126.137	1	1.99445e+06	1	1.55725e+06	1	1.05136e+06	1	1887.83	1	1	273.334	301.487
942	126.137	1	1.99445e+06	1	1.55725e+06	1	1.05136e+06	1	1887.83	1	3.16228	273.511	301.542
942	126.137	1	1.99445e+06	1	1.55725e+06	1	1.05136e+06	1	1887.83	1	10	274.036	301.702
942	126.137	1	1.99445e+06	1	1.55725e+06	1	1.05136e+06	1	1887.83	1	31.6228	275.459	302.152
942	126.137	1	1.99445e+06	1	1.55725e+06	1	1.05136e+06	1	1887.83	1	100	278.33	303.169
943	159.264	1	1.46642e+06	1	722397	1	866722	1	1445.92	1	0	273.249	301.462
943	159.264	1	1.46642e+06	1	722397	1	866722	1	1445.92	1	0.001	273.249	301.462
943	159.264	1	1.46642e+06	1	722397	1	866722	1	1445.92	1	0.00316228	273.25	301.462
943	159.264	1	1.46642e+06	1	722397	1	866722	1	1445.92	1	0.01	273.25	301.462
943	159.264	1	1.46642e+06	1	722397	1	866722	1	1445.92	1	0.0316228	273.252	301.462
943	159.264	1	1.46642e+06	1	722397	1	866722	1	1445.92	1	0.1	273.256	301.464
943	159.264	1	1.46642e+06	1	722397	1	866722	1	1445.92	1	0.316228	273.271	301.468
943	159.264	1	1.46642e+06	1	722397	1	866722	1	1445.92	1	1	273.317	301.482
943	159.264	1	1.46642e+06	1	722397	1	866722	1	1445.92	1	3.16228	273.459	301.527
943	159.264	1	1.46642e+06	1	722397	1	866722	1	1445.92	1	10	273.886	301.66
943	159.264	1	1.46642e+06	1	722397	1	866722	1	1445.92	1	31.6228	275.071	302.039
943	159.264	1	1.46642e+06	1	722397	1	866722	1	1445.92	1	100	277.716	302.961
944	90.5308	1	3.30731e+06	1	661946	1	459420	1	1438.37	1	0	273.249	301.462
944	90.5308	1	3.30731e+06	1	661946	1	459420	1	1438.37	1	0.001	273.25	301.462
944	90.5308	1	3.30731e+06	1	661946	1	459420	1	1438.37	1	0.00316228	273.25	301.462
944	90.5308	1	3.30731e+06	1	661946	1	459420	1	1438.37	1	0.01	273.251	301.462
944	90.5308	1	3.30731e+06	1	661946	1	459420	1	1438.37	1	0.0316228	273.253	301.463
944	90.5308	1	3.30731e+06	1	661946	1	459420	1	1438.37	1	0.1	273.261	301.465
944	90.5308	1	3.30731e+06	1	661946	1	459420	1	1438.37	1	0.316228	273.287	301.473
944	90.5308	1	3.30731e+06	1	661946	1	459420	1	1438.37	1	1	273.366	301.497
944	90.5308	1	3.30731e+06	1	661946	1	459420	1	1438.37	1	3.16228	273.611	301.572
944	90.5308	1	3.30731e+06	1	661946	1	459420	1	1438.37	1	10	274.316	301.789
944	90.5308	1	3.30731e+06	1	661946	1	459420	1	1438.37	1	31.6228	276.142	302.375
944	90.5308	1	3.30731e+06	1	661946	1	459420	1	1438.37	1	100	279.165	303.549
945	158.508	1	667854	1	1.18282e+06	1	1.50915e+06	1	1229.78	1	0	273.249	301.462
945	158.508	1	667854	1	1.18282e+06	1	1.50915e+06	1	1229.78	1	0.001	273.249	301.462
945	158.508	1	667854	1	1.18282e+06	1	1.50915e+06	1	1229.78	1	0.00316228	273.25	301.462
945	158.508	1	667854	1	1.18282e+06	1	1.50915e+06	1	1229.78	1	0.01	273.25	301.462
945	158.508	1	667854	1	1.18282e+06	1	1.50915e+06	1	1229.78	1	0.0316228	273.252	301.462
945	158.508	1	667854	1	1.18282e+06	1	1.50915e+06	1	1229.78	1	0.1	273.256	301.464
945	158.508	1	667854	1	1.18282e+06	1	1.50915e+06	1	1229.78	1	0.316228	273.271	301.468
945	158.508	1	667854	1	1.18282e+06	1	1.50915e+06	1	1229.78	1	1	273.317	301.483
945	158.508	1	667854	1	1.18282e+06	1	1.50915e+06	1	1229.78	1	3.16228	273.46	301.527
945	158.508	1	667854	1	1.18282e+06	1	1.50915e+06	1	1229.78	1	10	273.89	301.662
945	158.508	1	667854	1	1.18282e+06	1	1.50915e+06	1	1229.78	1	31.6228	275.08	302.044
945	158.508	1	667854	1	1.18282e+06	1	1.50915e+06	1	1229.78	1	100	277.731	302.974
946	148.96	1	158461	1	1.15767e+06	1	644887	1	3827.54	1	0	273.249	301.462
946	148.96	1	158461	1	1.15767e+06	1	644887	1	3827.54	1	0.001	273.249	301.462
946	148.96	1	158461	1	1.15767e+06	1	644887	1	3827.54	1	0.00316228	273.25	301.462
946	148.96	1	158461	1	1.15767e+06	1	644887	1	3827.54	1	0.01	273.25	301.462
946	148.96	1	158461	1	1.15767e+06	1	644887	1	3827.54	1	0.0316228	273.252	301.462
946	148.96	1	158461	1	1.15767e+06	1	644887	1	3827.54	1	0.1	273.257	301.464
946	148.96	1	158461	1	1.15767e+06	1	644887	1	3827.54	1	0.316228	273.272	301.468
946	148.96	1	158461	1	1.15767e+06	1	644887	1	3827.54	1	1	273.32	301.483
946	148.96	1	158461	1	1.15767e+06	1	644887	1	3827.54	1	3.16228	273.47	301.528
946	148.96	1	158461	1	1.15767e+06	1	644887	1	3827.54	1	10	273.917	301.661
946	148.96	1	158461	1	1.15767e+06	1	644887	1	3827.54	1	31.6228	275.148	302.037
946	148.96	1	158461	1	1.15767e+06	1	644887	1	3827.54	1	100	277.811	302.919
947	155.36	1	1.23906e+06	1	719912	1	1.03401e+06	1	1076.35	1	0	273.249	301.462
947	155.36	1	1.23906e+06	1	719912	1	1.03401e+06	1	1076.35	1	0.001	273.249	301.462
947	155.36	1	1.23906e+06	1	719912	1	1.03401e+06	1	1076.35	1	0.00316228	273.25	301.462
947	155.36	1	1.23906e+06	1	719912	1	1.03401e+06	1	1076.35	1	0.01	273.25	301.462
947	155.36	1	1.23906e+06	1	719912	1	1.03401e+06	1	1076.35	1	0.0316228	273.252	301.462
947	155.36	1	1.23906e+06	1	719912	1	1.03401e+06	1	1076.35	1	0.1	273.256	301.464
947	155.36	1	1.23906e+06	1	719912	1	1.03401e+06	1	1076.35	1	0.316228	273.271	301.468
947	155.36	1	1.23906e+06	1	719912	1	1.03401e+06	1	1076.35	1	1	273.319	301.483
947	155.36	1	1.23906e+06	1	719912	1	1.03401e+06	1	1076.35	1	3.16228	273.465	301.53
947	155.36	1	1.23906e+06	1	719912	1	1.03401e+06	1	1076.35	1	10	273.904	301.668
947	155.36	1	1.23906e+06	1	719912	1	1.03401e+06	1	1076.35	1	31.6228	275.12	302.063
947	155.36	1	1.23906e+06	1	719912	1	1.03401e+06	1	1076.35	1	100	277.806	303.021
948	96.5148	1	1.42991e+06	1	718133	1	2.23533e+06	1	2238.19	1	0	273.249	301.462
948	96.5148	1	1.42991e+06	1	718133	1	2.23533e+06	1	2238.19	1	0.001	273.25	301.462
948	96.5148	1	1.42991e+06	1	718133	1	2.23533e+06	1	2238.19	1	0.00316228	273.25	301.462
948	96.5148	1	1.42991e+06	1	718133	1	2.23533e+06	1	2238.19	1	0.01	273.251	301.462
948	96.5148	1	1.42991e+06	1	718133	1	2.23533e+06	1	2238.19	1	0.0316228	273.253	301.463
948	96.5148	1	1.42991e+06	1	718133	1	2.23533e+06	1	2238.19	1	0.1	273.26	301.465
948	96.5148	1	1.42991e+06	1	718133	1	2.23533e+06	1	2238.19	1	0.316228	273.284	301.472
948	96.5148	1	1.42991e+06	1	718133	1	2.23533e+06	1	2238.19	1	1	273.359	301.495
948	96.5148	1	1.42991e+06	1	718133	1	2.23533e+06	1	2238.19	1	3.16228	273.588	301.564
948	96.5148	1	1.42991e+06	1	718133	1	2.23533e+06	1	2238.19	1	10	274.251	301.765
948	96.5148	1	1.42991e+06	1	718133	1	2.23533e+06	1	2238.19	1	31.6228	275.983	302.31
948	96.5148	1	1.42991e+06	1	718133	1	2.23533e+06	1	2238.19	1	100	279.025	303.43
949	189.838	1	955676	1	3.58094e+06	1	799014	1	1204.12	1	0	273.249	301.462
949	189.838	1	955676	1	3.58094e+06	1	799014	1	1204.12	1	0.001	273.249	301.462
949	189.838	1	955676	1	3.58094e+06	1	799014	1	1204.12	1	0.00316228	273.25	301.462
949	189.838	1	955676	1	3.58094e+06	1	799014	1	1204.12	1	0.01	273.25	301.462
949	189.838	1	955676	1	3.58094e+06	1	799014	1	1204.12	1	0.0316228	273.251	301.462
949	189.838	1	955676	1	3.58094e+06	1	799014	1	1204.12	1	0.1	273.255	301.463
949	189.838	1	955676	1	3.58094e+06	1	799014	1	1204.12	1	0.316228	273.267	301.467
949	189.838	1	955676	1	3.58094e+06	1	799014	1	1204.12	1	1	273.306	301.479
949	189.838	1	955676	1	3.58094e+06	1	799014	1	1204.12	1	3.16228	273.427	301.518
949	189.838	1	955676	1	3.58094e+06	1	799014	1	1204.12	1	10	273.792	301.633
949	189.838	1	955676	1	3.58094e+06	1	799014	1	1204.12	1	31.6228	274.815	301.963
949	189.838	1	955676	1	3.58094e+06	1	799014	1	1204.12	1	100	277.248	302.813
950	204.277	1	332760	1	1.14098e+06	1	623425	1	1238.84	1	0	273.249	301.462
950	204.277	1	332760	1	1.14098e+06	1	623425	1	1238.84	1	0.001	273.249	301.462
950	204.277	1	332760	1	1.14098e+06	1	623425	1	1238.84	1	0.00316228	273.25	301.462
950	204.277	1	332760	1	1.14098e+06	1	623425	1	1238.84	1	0.01	273.25	301.462
950	204.277	1	332760	1	1.14098e+06	1	623425	1	1238.84	1	0.0316228	273.251	301.462
950	204.277	1	332760	1	1.14098e+06	1	623425	1	1238.84	1	0.1	273.255	301.463
950	204.277	1	332760	1	1.14098e+06	1	623425	1	1238.84	1	0.316228	273.266	301.467
950	204.277	1	332760	1	1.14098e+06	1	623425	1	1238.84	1	1	273.302	301.478
950	204.277	1	332760	1	1.14098e+06	1	623425	1	1238.84	1	3.16228	273.415	301.514
950	204.277	1	332760	1	1.14098e+06	1	623425	1	1238.84	1	10	273.755	301.622
950	204.277	1	332760	1	1.14098e+06	1	623425	1	1238.84	1	31.6228	274.711	301.929
950	204.277	1	332760	1	1.14098e+06	1	623425	1	1238.84	1	100	277.041	302.737
951	99.9744	1	934995	1	943553	1	1.57708e+06	1	2262.98	1	0	273.249	301.462
951	99.9744	1	934995	1	943553	1	1.57708e+06	1	2262.98	1	0.001	273.25	301.462
951	99.9744	1	934995	1	943553	1	1.57708e+06	1	2262.98	1	0.00316228	273.25	301.462
951	99.9744	1	934995	1	943553	1	1.57708e+06	1	2262.98	1	0.01	273.25	301.462
951	99.9744	1	934995	1	943553	1	1.57708e+06	1	2262.98	1	0.0316228	273.253	301.463
951	99.9744	1	934995	1	943553	1	1.57708e+06	1	2262.98	1	0.1	273.26	301.465
951	99.9744	1	934995	1	943553	1	1.57708e+06	1	2262.98	1	0.316228	273.283	301.472
951	99.9744	1	934995	1	943553	1	1.57708e+06	1	2262.98	1	1	273.355	301.493
951	99.9744	1	934995	1	943553	1	1.57708e+06	1	2262.98	1	3.16228	273.577	301.56
951	99.9744	1	934995	1	943553	1	1.57708e+06	1	2262.98	1	10	274.22	301.755
951	99.9744	1	934995	1	943553	1	1.57708e+06	1	2262.98	1	31.6228	275.908	302.286
951	99.9744	1	934995	1	943553	1	1.57708e+06	1	2262.98	1	100	278.967	303.393
952	284.459	1	997331	1	1.27096e+06	1	2.09292e+06	1	1523.75	1	0	273.249	301.462
952	284.459	1	997331	1	1.27096e+06	1	2.09292e+06	1	1523.75	1	0.001	273.249	301.462
952	284.459	1	997331	1	1.27096e+06	1	2.09292e+06	1	1523.75	1	0.00316228	273.25	301.462
952	284.459	1	997331	1	1.27096e+06	1	2.09292e+06	1	1523.75	1	0.01	273.25	301.462
952	284.459	1	997331	1	1.27096e+06	1	2.09292e+06	1	1523.75	1	0.0316228	273.251	301.462
952	284.459	1	997331	1	1.27096e+06	1	2.09292e+06	1	1523.75	1	0.1	273.253	301.463
952	284.459	1	997331	1	1.27096e+06	1	2.09292e+06	1	1523.75	1	0.316228	273.261	301.465
952	284.459	1	997331	1	1.27096e+06	1	2.09292e+06	1	1523.75	1	1	273.288	301.474
952	284.459	1	997331	1	1.27096e+06	1	2.09292e+06	1	1523.75	1	3.16228	273.369	301.5
952	284.459	1	997331	1	1.27096e+06	1	2.09292e+06	1	1523.75	1	10	273.619	301.58
952	284.459	1	997331	1	1.27096e+06	1	2.09292e+06	1	1523.75	1	31.6228	274.339	301.812
952	284.459	1	997331	1	1.27096e+06	1	2.09292e+06	1	1523.75	1	100	276.207	302.446
953	185.982	1	352263	1	881454	1	723575	1	1254.76	1	0	273.249	301.462
953	185.982	1	352263	1	881454	1	723575	1	1254.76	1	0.001	273.249	301.462
953	185.982	1	352263	1	881454	1	723575	1	1254.76	1	0.00316228	273.25	301.462
953	185.982	1	352263	1	881454	1	723575	1	1254.76	1	0.01	273.25	301.462
953	185.982	1	352263	1	881454	1	723575	1	1254.76	1	0.0316228	273.251	301.462
953	185.982	1	352263	1	881454	1	723575	1	1254.76	1	0.1	273.255	301.463
953	185.982	1	352263	1	881454	1	723575	1	1254.76	1	0.316228	273.268	301.467
953	185.982	1	352263	1	881454	1	723575	1	1254.76	1	1	273.307	301.48
953	185.982	1	352263	1	881454	1	723575	1	1254.76	1	3.16228	273.43	301.518
953	185.982	1	352263	1	881454	1	723575	1	1254.76	1	10	273.801	301.635
953	185.982	1	352263	1	881454	1	723575	1	1254.76	1	31.6228	274.839	301.968
953	185.982	1	352263	1	881454	1	723575	1	1254.76	1	100	277.292	302.819
954	133.285	1	995603	1	1.71723e+06	1	465127	1	820.865	1	0	273.249	301.462
954	133.285	1	995603	1	1.71723e+06	1	465127	1	820.865	1	0.001	273.25	301.462
954	133.285	1	995603	1	1.71723e+06	1	465127	1	820.865	1	0.00316228	273.25	301.462
954	133.285	1	995603	1	1.71723e+06	1	465127	1	820.865	1	0.01	273.25	301.462
954	133.285	1	995603	1	1.71723e+06	1	465127	1	820.865	1	0.0316228	273.252	301.462
954	133.285	1	995603	1	1.71723e+06	1	465127	1	820.865	1	0.1	273.258	301.464
954	133.285	1	995603	1	1.71723e+06	1	465127	1	820.865	1	0.316228	273.275	301.47
954	133.285	1	995603	1	1.71723e+06	1	465127	1	820.865	1	1	273.33	301.487
954	133.285	1	995603	1	1.71723e+06	1	465127	1	820.865	1	3.16228	273.501	301.541
954	133.285	1	995603	1	1.71723e+06	1	465127	1	820.865	1	10	274.008	301.703
954	133.285	1	995603	1	1.71723e+06	1	465127	1	820.865	1	31.6228	275.391	302.16
954	133.285	1	995603	1	1.71723e+06	1	465127	1	820.865	1	100	278.25	303.225
955	197.574	1	241213	1	984439	1	685480	1	934.963	1	0	273.249	301.462
955	197.574	1	241213	1	984439	1	685480	1	934.963	1	0.001	273.249	301.462
955	197.574	1	241213	1	984439	1	685480	1	934.963	1	0.00316228	273.25	301.462
955	197.574	1	241213	1	984439	1	685480	1	934.963	1	0.01	273.25	301.462
955	197.574	1	241213	1	984439	1	685480	1	934.963	1	0.0316228	273.251	301.462
955	197.574	1	241213	1	984439	1	685480	1	934.963	1	0.1	273.255	301.463
955	197.574	1	241213	1	984439	1	685480	1	934.963	1	0.316228	273.267	301.467
955	197.574	1	241213	1	984439	1	685480	1	934.963	1	1	273.304	301.479
955	197.574	1	241213	1	984439	1	685480	1	934.963	1	3.16228	273.421	301.516
955	197.574	1	241213	1	984439	1	685480	1	934.963	1	10	273.774	301.63
955	197.574	1	241213	1	984439	1	685480	1	934.963	1	31.6228	274.764	301.954
955	197.574	1	241213	1	984439	1	685480	1	934.963	1	100	277.151	302.798
956	111.994	1	2.33007e+06	1	1.2513e+06	1	740513	1	923.135	1	0	273.249	301.462
956	111.994	1	2.33007e+06	1	1.2513e+06	1	740513	1	923.135	1	0.001	273.25	301.462
956	111.994	1	2.33007e+06	1	1.2513e+06	1	740513	1	923.135	1	0.00316228	273.25	301.462
956	111.994	1	2.33007e+06	1	1.2513e+06	1	740513	1	923.135	1	0.01	273.25	301.462
956	111.994	1	2.33007e+06	1	1.2513e+06	1	740513	1	923.135	1	0.0316228	273.252	301.463
956	111.994	1	2.33007e+06	1	1.2513e+06	1	740513	1	923.135	1	0.1	273.259	301.465
956	111.994	1	2.33007e+06	1	1.2513e+06	1	740513	1	923.135	1	0.316228	273.28	301.471
956	111.994	1	2.33007e+06	1	1.2513e+06	1	740513	1	923.135	1	1	273.345	301.491
956	111.994	1	2.33007e+06	1	1.2513e+06	1	740513	1	923.135	1	3.16228	273.546	301.554
956	111.994	1	2.33007e+06	1	1.2513e+06	1	740513	1	923.135	1	10	274.135	301.739
956	111.994	1	2.33007e+06	1	1.2513e+06	1	740513	1	923.135	1	31.6228	275.709	302.253
956	111.994	1	2.33007e+06	1	1.2513e+06	1	740513	1	923.135	1	100	278.713	303.385
957	188.597	1	745795	1	695171	1	971428	1	1531.2	1	0	273.249	301.462
957	188.597	1	745795	1	695171	1	971428	1	1531.2	1	0.001	273.249	301.462
957	188.597	1	745795	1	695171	1	971428	1	1531.2	1	0.00316228	273.25	301.462
957	188.597	1	745795	1	695171	1	971428	1	1531.2	1	0.01	273.25	301.462
957	188.597	1	745795	1	695171	1	971428	1	1531.2	1	0.0316228	273.251	301.462
957	188.597	1	745795	1	695171	1	971428	1	1531.2	1	0.1	273.255	301.463
957	188.597	1	745795	1	695171	1	971428	1	1531.2	1	0.316228	273.267	301.467
957	188.597	1	745795	1	695171	1	971428	1	1531.2	1	1	273.306	301.479
957	188.597	1	745795	1	695171	1	971428	1	1531.2	1	3.16228	273.427	301.517
957	188.597	1	745795	1	695171	1	971428	1	1531.2	1	10	273.793	301.632
957	188.597	1	745795	1	695171	1	971428	1	1531.2	1	31.6228	274.816	301.957
957	188.597	1	745795	1	695171	1	971428	1	1531.2	1	100	277.245	302.792
958	105.918	1	336874	1	1.02761e+06	1	1.46726e+06	1	1768.91	1	0	273.249	301.462
958	105.918	1	336874	1	1.02761e+06	1	1.46726e+06	1	1768.91	1	0.001	273.25	301.462
958	105.918	1	336874	1	1.02761e+06	1	1.46726e+06	1	1768.91	1	0.00316228	273.25	301.462
958	105.918	1	336874	1	1.02761e+06	1	1.46726e+06	1	1768.91	1	0.01	273.25	301.462
958	105.918	1	336874	1	1.02761e+06	1	1.46726e+06	1	1768.91	1	0.0316228	273.253	301.463
958	105.918	1	336874	1	1.02761e+06	1	1.46726e+06	1	1768.91	1	0.1	273.259	301.465
958	105.918	1	336874	1	1.02761e+06	1	1.46726e+06	1	1768.91	1	0.316228	273.281	301.471
958	105.918	1	336874	1	1.02761e+06	1	1.46726e+06	1	1768.91	1	1	273.349	301.492
958	105.918	1	336874	1	1.02761e+06	1	1.46726e+06	1	1768.91	1	3.16228	273.559	301.555
958	105.918	1	336874	1	1.02761e+06	1	1.46726e+06	1	1768.91	1	10	274.171	301.742
958	105.918	1	336874	1	1.02761e+06	1	1.46726e+06	1	1768.91	1	31.6228	275.791	302.252
958	105.918	1	336874	1	1.02761e+06	1	1.46726e+06	1	1768.91	1	100	278.804	303.34
959	118.989	1	1.36779e+07	1	1.12843e+06	1	559418	1	1185.47	1	0	273.249	301.462
959	118.989	1	1.36779e+07	1	1.12843e+06	1	559418	1	1185.47	1	0.001	273.25	301.462
959	118.989	1	1.36779e+07	1	1.12843e+06	1	559418	1	1185.47	1	0.00316228	273.25	301.462
959	118.989	1	1.36779e+07	1	1.12843e+06	1	559418	1	1185.47	1	0.01	273.25	301.462
959	118.989	1	1.36779e+07	1	1.12843e+06	1	559418	1	1185.47	1	0.0316228	273.252	301.462
959	118.989	1	1.36779e+07	1	1.12843e+06	1	559418	1	1185.47	1	0.1	273.258	301.464
959	118.989	1	1.36779e+07	1	1.12843e+06	1	559418	1	1185.47	1	0.316228	273.278	301.47
959	118.989	1	1.36779e+07	1	1.12843e+06	1	559418	1	1185.47	1	1	273.339	301.489
959	118.989	1	1.36779e+07	1	1.12843e+06	1	559418	1	1185.47	1	3.16228	273.528	301.548
959	118.989	1	1.36779e+07	1	1.12843e+06	1	559418	1	1185.47	1	10	274.085	301.722
959	118.989	1	1.36779e+07	1	1.12843e+06	1	559418	1	1185.47	1	31.6228	275.584	302.206
959	118.989	1	1.36779e+07	1	1.12843e+06	1	559418	1	1185.47	1	100	278.531	303.291
960	249.286	1	689987	1	699638	1	1.66941e+06	1	1614.03	1	0	273.249	301.462
960	249.286	1	689987	1	699638	1	1.66941e+06	1	1614.03	1	0.001	273.249	301.462
960	249.286	1	689987	1	699638	1	1.66941e+06	1	1614.03	1	0.00316228	273.25	301.462
960	249.286	1	689987	1	699638	1	1.66941e+06	1	1614.03	1	0.01	273.25	301.462
960	249.286	1	689987	1	699638	1	1.66941e+06	1	1614.03	1	0.0316228	273.251	301.462
960	249.286	1	689987	1	699638	1	1.66941e+06	1	1614.03	1	0.1	273.254	301.463
960	249.286	1	689987	1	699638	1	1.66941e+06	1	1614.03	1	0.316228	273.263	301.466
960	249.286	1	689987	1	699638	1	1.66941e+06	1	1614.03	1	1	273.293	301.475
960	249.286	1	689987	1	699638	1	1.66941e+06	1	1614.03	1	3.16228	273.385	301.504
960	249.286	1	689987	1	699638	1	1.66941e+06	1	1614.03	1	10	273.667	301.593
960	249.286	1	689987	1	699638	1	1.66941e+06	1	1614.03	1	31.6228	274.47	301.849
960	249.286	1	689987	1	699638	1	1.66941e+06	1	1614.03	1	100	276.516	302.544
961	125.371	1	599993	1	900806	1	1.4895e+06	1	771.508	1	0	273.249	301.462
961	125.371	1	599993	1	900806	1	1.4895e+06	1	771.508	1	0.001	273.25	301.462
961	125.371	1	599993	1	900806	1	1.4895e+06	1	771.508	1	0.00316228	273.25	301.462
961	125.371	1	599993	1	900806	1	1.4895e+06	1	771.508	1	0.01	273.25	301.462
961	125.371	1	599993	1	900806	1	1.4895e+06	1	771.508	1	0.0316228	273.252	301.462
961	125.371	1	599993	1	900806	1	1.4895e+06	1	771.508	1	0.1	273.258	301.464
961	125.371	1	599993	1	900806	1	1.4895e+06	1	771.508	1	0.316228	273.277	301.47
961	125.371	1	599993	1	900806	1	1.4895e+06	1	771.508	1	1	273.335	301.489
961	125.371	1	599993	1	900806	1	1.4895e+06	1	771.508	1	3.16228	273.516	301.546
961	125.371	1	599993	1	900806	1	1.4895e+06	1	771.508	1	10	274.051	301.716
961	125.371	1	599993	1	900806	1	1.4895e+06	1	771.508	1	31.6228	275.5	302.193
961	125.371	1	599993	1	900806	1	1.4895e+06	1	771.508	1	100	278.41	303.286
962	171.964	1	972848	1	1.04646e+06	1	1.05347e+06	1	905.984	1	0	273.249	301.462
962	171.964	1	972848	1	1.04646e+06	1	1.05347e+06	1	905.984	1	0.001	273.249	301.462
962	171.964	1	972848	1	1.04646e+06	1	1.05347e+06	1	905.984	1	0.00316228	273.25	301.462
962	171.964	1	972848	1	1.04646e+06	1	1.05347e+06	1	905.984	1	0.01	273.25	301.462
962	171.964	1	972848	1	1.04646e+06	1	1.05347e+06	1	905.984	1	0.0316228	273.251	301.462
962	171.964	1	972848	1	1.04646e+06	1	1.05347e+06	1	905.984	1	0.1	273.256	301.464
962	171.964	1	972848	1	1.04646e+06	1	1.05347e+06	1	905.984	1	0.316228	273.269	301.468
962	171.964	1	972848	1	1.04646e+06	1	1.05347e+06	1	905.984	1	1	273.312	301.482
962	171.964	1	972848	1	1.04646e+06	1	1.05347e+06	1	905.984	1	3.16228	273.446	301.524
962	171.964	1	972848	1	1.04646e+06	1	1.05347e+06	1	905.984	1	10	273.848	301.654
962	171.964	1	972848	1	1.04646e+06	1	1.05347e+06	1	905.984	1	31.6228	274.969	302.022
962	171.964	1	972848	1	1.04646e+06	1	1.05347e+06	1	905.984	1	100	277.55	302.946
963	162.845	1	466878	1	1.62574e+06	1	952530	1	1243.37	1	0	273.249	301.462
963	162.845	1	466878	1	1.62574e+06	1	952530	1	1243.37	1	0.001	273.249	301.462
963	162.845	1	466878	1	1.62574e+06	1	952530	1	1243.37	1	0.00316228	273.25	301.462
963	162.845	1	466878	1	1.62574e+06	1	952530	1	1243.37	1	0.01	273.25	301.462
963	162.845	1	466878	1	1.62574e+06	1	952530	1	1243.37	1	0.0316228	273.252	301.462
963	162.845	1	466878	1	1.62574e+06	1	952530	1	1243.37	1	0.1	273.256	301.464
963	162.845	1	466878	1	1.62574e+06	1	952530	1	1243.37	1	0.316228	273.27	301.468
963	162.845	1	466878	1	1.62574e+06	1	952530	1	1243.37	1	1	273.315	301.482
963	162.845	1	466878	1	1.62574e+06	1	952530	1	1243.37	1	3.16228	273.455	301.526
963	162.845	1	466878	1	1.62574e+06	1	952530	1	1243.37	1	10	273.874	301.657
963	162.845	1	466878	1	1.62574e+06	1	952530	1	1243.37	1	31.6228	275.037	302.03
963	162.845	1	466878	1	1.62574e+06	1	952530	1	1243.37	1	100	277.657	302.943
964	160.863	1	2.07858e+06	1	431681	1	819785	1	1372.46	1	0	273.249	301.462
964	160.863	1	2.07858e+06	1	431681	1	819785	1	1372.46	1	0.001	273.249	301.462
964	160.863	1	2.07858e+06	1	431681	1	819785	1	1372.46	1	0.00316228	273.25	301.462
964	160.863	1	2.07858e+06	1	431681	1	819785	1	1372.46	1	0.01	273.25	301.462
964	160.863	1	2.07858e+06	1	431681	1	819785	1	1372.46	1	0.0316228	273.252	301.462
964	160.863	1	2.07858e+06	1	431681	1	819785	1	1372.46	1	0.1	273.256	301.464
964	160.863	1	2.07858e+06	1	431681	1	819785	1	1372.46	1	0.316228	273.271	301.468
964	160.863	1	2.07858e+06	1	431681	1	819785	1	1372.46	1	1	273.316	301.482
964	160.863	1	2.07858e+06	1	431681	1	819785	1	1372.46	1	3.16228	273.458	301.527
964	160.863	1	2.07858e+06	1	431681	1	819785	1	1372.46	1	10	273.882	301.66
964	160.863	1	2.07858e+06	1	431681	1	819785	1	1372.46	1	31.6228	275.058	302.038
964	160.863	1	2.07858e+06	1	431681	1	819785	1	1372.46	1	100	277.699	302.963
965	326.704	1	228513	1	753422	1	503286	1	1746.16	1	0	273.249	301.462
965	326.704	1	228513	1	753422	1	503286	1	1746.16	1	0.001	273.249	301.462
965	326.704	1	228513	1	753422	1	503286	1	1746.16	1	0.00316228	273.25	301.462
965	326.704	1	228513	1	753422	1	503286	1	1746.16	1	0.01	273.25	301.462
965	326.704	1	228513	1	753422	1	503286	1	1746.16	1	0.0316228	273.25	301.462
965	326.704	1	228513	1	753422	1	503286	1	1746.16	1	0.1	273.253	301.463
965	326.704	1	228513	1	753422	1	503286	1	1746.16	1	0.316228	273.26	301.465
965	326.704	1	228513	1	753422	1	503286	1	1746.16	1	1	273.283	301.472
965	326.704	1	228513	1	753422	1	503286	1	1746.16	1	3.16228	273.353	301.495
965	326.704	1	228513	1	753422	1	503286	1	1746.16	1	10	273.571	301.564
965	326.704	1	228513	1	753422	1	503286	1	1746.16	1	31.6228	274.207	301.767
965	326.704	1	228513	1	753422	1	503286	1	1746.16	1	100	275.887	302.329
966	99.328	1	1.76546e+06	1	961044	1	1.55102e+06	1	1624.98	1	0	273.249	301.462
966	99.328	1	1.76546e+06	1	961044	1	1.55102e+06	1	1624.98	1	0.001	273.25	301.462
966	99.328	1	1.76546e+06	1	961044	1	1.55102e+06	1	1624.98	1	0.00316228	273.25	301.462
966	99.328	1	1.76546e+06	1	961044	1	1.55102e+06	1	1624.98	1	0.01	273.25	301.462
966	99.328	1	1.76546e+06	1	961044	1	1.55102e+06	1	1624.98	1	0.0316228	273.253	301.463
966	99.328	1	1.76546e+06	1	961044	1	1.55102e+06	1	1624.98	1	0.1	273.26	301.465
966	99.328	1	1.76546e+06	1	961044	1	1.55102e+06	1	1624.98	1	0.316228	273.283	301.472
966	99.328	1	1.76546e+06	1	961044	1	1.55102e+06	1	1624.98	1	1	273.356	301.494
966	99.328	1	1.76546e+06	1	961044	1	1.55102e+06	1	1624.98	1	3.16228	273.579	301.562
966	99.328	1	1.76546e+06	1	961044	1	1.55102e+06	1	1624.98	1	10	274.228	301.76
966	99.328	1	1.76546e+06	1	961044	1	1.55102e+06	1	1624.98	1	31.6228	275.93	302.301
966	99.328	1	1.76546e+06	1	961044	1	1.55102e+06	1	1624.98	1	100	278.995	303.431
967	81.0143	1	4.21827e+06	1	1.58379e+06	1	756555	1	1518.87	1	0	273.249	301.462
967	81.0143	1	4.21827e+06	1	1.58379e+06	1	756555	1	1518.87	1	0.001	273.25	301.462
967	81.0143	1	4.21827e+06	1	1.58379e+06	1	756555	1	1518.87	1	0.00316228	273.25	301.462
967	81.0143	1	4.21827e+06	1	1.58379e+06	1	756555	1	1518.87	1	0.01	273.251	301.462
967	81.0143	1	4.21827e+06	1	1.58379e+06	1	756555	1	1518.87	1	0.0316228	273.254	301.463
967	81.0143	1	4.21827e+06	1	1.58379e+06	1	756555	1	1518.87	1	0.1	273.263	301.466
967	81.0143	1	4.21827e+06	1	1.58379e+06	1	756555	1	1518.87	1	0.316228	273.291	301.474
967	81.0143	1	4.21827e+06	1	1.58379e+06	1	756555	1	1518.87	1	1	273.38	301.501
967	81.0143	1	4.21827e+06	1	1.58379e+06	1	756555	1	1518.87	1	3.16228	273.651	301.584
967	81.0143	1	4.21827e+06	1	1.58379e+06	1	756555	1	1518.87	1	10	274.425	301.82
967	81.0143	1	4.21827e+06	1	1.58379e+06	1	756555	1	1518.87	1	31.6228	276.4	302.456
967	81.0143	1	4.21827e+06	1	1.58379e+06	1	756555	1	1518.87	1	100	279.328	303.639
968	180.486	1	1.10562e+06	1	2.39475e+06	1	368204	1	1110.66	1	0	273.249	301.462
968	180.486	1	1.10562e+06	1	2.39475e+06	1	368204	1	1110.66	1	0.001	273.249	301.462
968	180.486	1	1.10562e+06	1	2.39475e+06	1	368204	1	1110.66	1	0.00316228	273.25	301.462
968	180.486	1	1.10562e+06	1	2.39475e+06	1	368204	1	1110.66	1	0.01	273.25	301.462
968	180.486	1	1.10562e+06	1	2.39475e+06	1	368204	1	1110.66	1	0.0316228	273.251	301.462
968	180.486	1	1.10562e+06	1	2.39475e+06	1	368204	1	1110.66	1	0.1	273.255	301.463
968	180.486	1	1.10562e+06	1	2.39475e+06	1	368204	1	1110.66	1	0.316228	273.268	301.468
968	180.486	1	1.10562e+06	1	2.39475e+06	1	368204	1	1110.66	1	1	273.309	301.481
968	180.486	1	1.10562e+06	1	2.39475e+06	1	368204	1	1110.66	1	3.16228	273.437	301.521
968	180.486	1	1.10562e+06	1	2.39475e+06	1	368204	1	1110.66	1	10	273.82	301.644
968	180.486	1	1.10562e+06	1	2.39475e+06	1	368204	1	1110.66	1	31.6228	274.893	301.993
968	180.486	1	1.10562e+06	1	2.39475e+06	1	368204	1	1110.66	1	100	277.406	302.883
969	214.93	1	513664	1	763054	1	631267	1	1498.87	1	0	273.249	301.462
969	214.93	1	513664	1	763054	1	631267	1	1498.87	1	0.001	273.249	301.462
969	214.93	1	513664	1	763054	1	631267	1	1498.87	1	0.00316228	273.25	301.462
969	214.93	1	513664	1	763054	1	631267	1	1498.87	1	0.01	273.25	301.462
969	214.93	1	513664	1	763054	1	631267	1	1498.87	1	0.0316228	273.251	301.462
969	214.93	1	513664	1	763054	1	631267	1	1498.87	1	0.1	273.254	301.463
969	214.93	1	513664	1	763054	1	631267	1	1498.87	1	0.316228	273.265	301.467
969	214.93	1	513664	1	763054	1	631267	1	1498.87	1	1	273.3	301.477
969	214.93	1	513664	1	763054	1	631267	1	1498.87	1	3.16228	273.406	301.511
969	214.93	1	513664	1	763054	1	631267	1	1498.87	1	10	273.731	301.613
969	214.93	1	513664	1	763054	1	631267	1	1498.87	1	31.6228	274.642	301.904
969	214.93	1	513664	1	763054	1	631267	1	1498.87	1	100	276.9	302.679
970	134.644	1	1.23118e+06	1	1.08486e+06	1	1.75242e+06	1	890.44	1	0	273.249	301.462
970	134.644	1	1.23118e+06	1	1.08486e+06	1	1.75242e+06	1	890.44	1	0.001	273.25	301.462
970	134.644	1	1.23118e+06	1	1.08486e+06	1	1.75242e+06	1	890.44	1	0.00316228	273.25	301.462
970	134.644	1	1.23118e+06	1	1.08486e+06	1	1.75242e+06	1	890.44	1	0.01	273.25	301.462
970	134.644	1	1.23118e+06	1	1.08486e+06	1	1.75242e+06	1	890.44	1	0.0316228	273.252	301.462
970	134.644	1	1.23118e+06	1	1.08486e+06	1	1.75242e+06	1	890.44	1	0.1	273.257	301.464
970	134.644	1	1.23118e+06	1	1.08486e+06	1	1.75242e+06	1	890.44	1	0.316228	273.275	301.47
970	134.644	1	1.23118e+06	1	1.08486e+06	1	1.75242e+06	1	890.44	1	1	273.329	301.487
970	134.644	1	1.23118e+06	1	1.08486e+06	1	1.75242e+06	1	890.44	1	3.16228	273.498	301.54
970	134.644	1	1.23118e+06	1	1.08486e+06	1	1.75242e+06	1	890.44	1	10	273.999	301.698
970	134.644	1	1.23118e+06	1	1.08486e+06	1	1.75242e+06	1	890.44	1	31.6228	275.367	302.146
970	134.644	1	1.23118e+06	1	1.08486e+06	1	1.75242e+06	1	890.44	1	100	278.204	303.191
971	113.947	1	502540	1	1.20045e+06	1	1.49683e+06	1	1038.72	1	0	273.249	301.462
971	113.947	1	502540	1	1.20045e+06	1	1.49683e+06	1	1038.72	1	0.001	273.25	301.462
971	113.947	1	502540	1	1.20045e+06	1	1.49683e+06	1	1038.72	1	0.00316228	273.25	301.462
971	113.947	1	502540	1	1.20045e+06	1	1.49683e+06	1	1038.72	1	0.01	273.25	301.462
971	113.947	1	502540	1	1.20045e+06	1	1.49683e+06	1	1038.72	1	0.0316228	273.252	301.462
971	113.947	1	502540	1	1.20045e+06	1	1.49683e+06	1	1038.72	1	0.1	273.259	301.464
971	113.947	1	502540	1	1.20045e+06	1	1.49683e+06	1	1038.72	1	0.316228	273.279	301.471
971	113.947	1	502540	1	1.20045e+06	1	1.49683e+06	1	1038.72	1	1	273.343	301.491
971	113.947	1	502540	1	1.20045e+06	1	1.49683e+06	1	1038.72	1	3.16228	273.54	301.552
971	113.947	1	502540	1	1.20045e+06	1	1.49683e+06	1	1038.72	1	10	274.118	301.731
971	113.947	1	502540	1	1.20045e+06	1	1.49683e+06	1	1038.72	1	31.6228	275.665	302.231
971	113.947	1	502540	1	1.20045e+06	1	1.49683e+06	1	1038.72	1	100	278.64	303.333
972	193.077	1	917720	1	827498	1	557605	1	1266.89	1	0	273.249	301.462
972	193.077	1	917720	1	827498	1	557605	1	1266.89	1	0.001	273.249	301.462
972	193.077	1	917720	1	827498	1	557605	1	1266.89	1	0.00316228	273.25	301.462
972	193.077	1	917720	1	827498	1	557605	1	1266.89	1	0.01	273.25	301.462
972	193.077	1	917720	1	827498	1	557605	1	1266.89	1	0.0316228	273.251	301.462
972	193.077	1	917720	1	827498	1	557605	1	1266.89	1	0.1	273.255	301.463
972	193.077	1	917720	1	827498	1	557605	1	1266.89	1	0.316228	273.267	301.467
972	193.077	1	917720	1	827498	1	557605	1	1266.89	1	1	273.305	301.479
972	193.077	1	917720	1	827498	1	557605	1	1266.89	1	3.16228	273.424	301.517
972	193.077	1	917720	1	827498	1	557605	1	1266.89	1	10	273.784	301.631
972	193.077	1	917720	1	827498	1	557605	1	1266.89	1	31.6228	274.792	301.956
972	193.077	1	917720	1	827498	1	557605	1	1266.89	1	100	277.205	302.799
973	123.722	1	1.69332e+06	1	2.72547e+06	1	909998	1	743.189	1	0	273.249	301.462
973	123.722	1	1.69332e+06	1	2.72547e+06	1	909998	1	743.189	1	0.001	273.25	301.462
973	123.722	1	1.69332e+06	1	2.72547e+06	1	909998	1	743.189	1	0.00316228	273.25	301.462
973	123.722	1	1.69332e+06	1	2.72547e+06	1	909998	1	743.189	1	0.01	273.25	301.462
973	123.722	1	1.69332e+06	1	2.72547e+06	1	909998	1	743.189	1	0.0316228	273.252	301.462
973	123.722	1	1.69332e+06	1	2.72547e+06	1	909998	1	743.189	1	0.1	273.258	301.464
973	123.722	1	1.69332e+06	1	2.72547e+06	1	909998	1	743.189	1	0.316228	273.277	301.47
973	123.722	1	1.69332e+06	1	2.72547e+06	1	909998	1	743.189	1	1	273.336	301.489
973	123.722	1	1.69332e+06	1	2.72547e+06	1	909998	1	743.189	1	3.16228	273.52	301.547
973	123.722	1	1.69332e+06	1	2.72547e+06	1	909998	1	743.189	1	10	274.062	301.72
973	123.722	1	1.69332e+06	1	2.72547e+06	1	909998	1	743.189	1	31.6228	275.529	302.206
973	123.722	1	1.69332e+06	1	2.72547e+06	1	909998	1	743.189	1	100	278.458	303.315
974	142.745	1	2.50091e+06	1	1.32595e+06	1	1.39664e+06	1	1855.39	1	0	273.249	301.462
974	142.745	1	2.50091e+06	1	1.32595e+06	1	1.39664e+06	1	1855.39	1	0.001	273.249	301.462
974	142.745	1	2.50091e+06	1	1.32595e+06	1	1.39664e+06	1	1855.39	1	0.00316228	273.25	301.462
974	142.745	1	2.50091e+06	1	1.32595e+06	1	1.39664e+06	1	1855.39	1	0.01	273.25	301.462
974	142.745	1	2.50091e+06	1	1.32595e+06	1	1.39664e+06	1	1855.39	1	0.0316228	273.252	301.462
974	142.745	1	2.50091e+06	1	1.32595e+06	1	1.39664e+06	1	1855.39	1	0.1	273.257	301.464
974	142.745	1	2.50091e+06	1	1.32595e+06	1	1.39664e+06	1	1855.39	1	0.316228	273.273	301.469
974	142.745	1	2.50091e+06	1	1.32595e+06	1	1.39664e+06	1	1855.39	1	1	273.324	301.484
974	142.745	1	2.50091e+06	1	1.32595e+06	1	1.39664e+06	1	1855.39	1	3.16228	273.482	301.533
974	142.745	1	2.50091e+06	1	1.32595e+06	1	1.39664e+06	1	1855.39	1	10	273.952	301.677
974	142.745	1	2.50091e+06	1	1.32595e+06	1	1.39664e+06	1	1855.39	1	31.6228	275.242	302.085
974	142.745	1	2.50091e+06	1	1.32595e+06	1	1.39664e+06	1	1855.39	1	100	277.99	303.042
975	96.1147	1	545913	1	1.04997e+06	1	1.26693e+06	1	1356.93	1	0	273.249	301.462
975	96.1147	1	545913	1	1.04997e+06	1	1.26693e+06	1	1356.93	1	0.001	273.25	301.462
975	96.1147	1	545913	1	1.04997e+06	1	1.26693e+06	1	1356.93	1	0.00316228	273.25	301.462
975	96.1147	1	545913	1	1.04997e+06	1	1.26693e+06	1	1356.93	1	0.01	273.251	301.462
975	96.1147	1	545913	1	1.04997e+06	1	1.26693e+06	1	1356.93	1	0.0316228	273.253	301.463
975	96.1147	1	545913	1	1.04997e+06	1	1.26693e+06	1	1356.93	1	0.1	273.261	301.465
975	96.1147	1	545913	1	1.04997e+06	1	1.26693e+06	1	1356.93	1	0.316228	273.285	301.472
975	96.1147	1	545913	1	1.04997e+06	1	1.26693e+06	1	1356.93	1	1	273.36	301.495
975	96.1147	1	545913	1	1.04997e+06	1	1.26693e+06	1	1356.93	1	3.16228	273.59	301.566
975	96.1147	1	545913	1	1.04997e+06	1	1.26693e+06	1	1356.93	1	10	274.259	301.771
975	96.1147	1	545913	1	1.04997e+06	1	1.26693e+06	1	1356.93	1	31.6228	276.002	302.327
975	96.1147	1	545913	1	1.04997e+06	1	1.26693e+06	1	1356.93	1	100	279.051	303.475
976	221.829	1	3.20655e+06	1	818518	1	2.66115e+06	1	1084.05	1	0	273.249	301.462
976	221.829	1	3.20655e+06	1	818518	1	2.66115e+06	1	1084.05	1	0.001	273.249	301.462
976	221.829	1	3.20655e+06	1	818518	1	2.66115e+06	1	1084.05	1	0.00316228	273.25	301.462
976	221.829	1	3.20655e+06	1	818518	1	2.66115e+06	1	1084.05	1	0.01	273.25	301.462
976	221.829	1	3.20655e+06	1	818518	1	2.66115e+06	1	1084.05	1	0.0316228	273.251	301.462
976	221.829	1	3.20655e+06	1	818518	1	2.66115e+06	1	1084.05	1	0.1	273.254	301.463
976	221.829	1	3.20655e+06	1	818518	1	2.66115e+06	1	1084.05	1	0.316228	273.265	301.467
976	221.829	1	3.20655e+06	1	818518	1	2.66115e+06	1	1084.05	1	1	273.298	301.477
976	221.829	1	3.20655e+06	1	818518	1	2.66115e+06	1	1084.05	1	3.16228	273.403	301.511
976	221.829	1	3.20655e+06	1	818518	1	2.66115e+06	1	1084.05	1	10	273.72	301.613
976	221.829	1	3.20655e+06	1	818518	1	2.66115e+06	1	1084.05	1	31.6228	274.614	301.905
976	221.829	1	3.20655e+06	1	818518	1	2.66115e+06	1	1084.05	1	100	276.85	302.693
977	124.769	1	3.02998e+06	1	802700	1	809096	1	2391.29	1	0	273.249	301.462
977	124.769	1	3.02998e+06	1	802700	1	809096	1	2391.29	1	0.001	273.25	301.462
977	124.769	1	3.02998e+06	1	802700	1	809096	1	2391.29	1	0.00316228	273.25	301.462
977	124.769	1	3.02998e+06	1	802700	1	809096	1	2391.29	1	0.01	273.25	301.462
977	124.769	1	3.02998e+06	1	802700	1	809096	1	2391.29	1	0.0316228	273.252	301.462
977	124.769	1	3.02998e+06	1	802700	1	809096	1	2391.29	1	0.1	273.258	301.464
977	124.769	1	3.02998e+06	1	802700	1	809096	1	2391.29	1	0.316228	273.276	301.47
977	124.769	1	3.02998e+06	1	802700	1	809096	1	2391.29	1	1	273.334	301.487
977	124.769	1	3.02998e+06	1	802700	1	809096	1	2391.29	1	3.16228	273.514	301.542
977	124.769	1	3.02998e+06	1	802700	1	809096	1	2391.29	1	10	274.043	301.703
977	124.769	1	3.02998e+06	1	802700	1	809096	1	2391.29	1	31.6228	275.476	302.154
977	124.769	1	3.02998e+06	1	802700	1	809096	1	2391.29	1	100	278.354	303.167
978	127.074	1	983828	1	996511	1	873174	1	1557.95	1	0	273.249	301.462
978	127.074	1	983828	1	996511	1	873174	1	1557.95	1	0.001	273.25	301.462
978	127.074	1	983828	1	996511	1	873174	1	1557.95	1	0.00316228	273.25	301.462
978	127.074	1	983828	1	996511	1	873174	1	1557.95	1	0.01	273.25	301.462
978	127.074	1	983828	1	996511	1	873174	1	1557.95	1	0.0316228	273.252	301.462
978	127.074	1	983828	1	996511	1	873174	1	1557.95	1	0.1	273.258	301.464
978	127.074	1	983828	1	996511	1	873174	1	1557.95	1	0.316228	273.276	301.47
978	127.074	1	983828	1	996511	1	873174	1	1557.95	1	1	273.333	301.487
978	127.074	1	983828	1	996511	1	873174	1	1557.95	1	3.16228	273.51	301.542
978	127.074	1	983828	1	996511	1	873174	1	1557.95	1	10	274.032	301.703
978	127.074	1	983828	1	996511	1	873174	1	1557.95	1	31.6228	275.45	302.154
978	127.074	1	983828	1	996511	1	873174	1	1557.95	1	100	278.32	303.179
979	174.913	1	2.59839e+06	1	590644	1	971328	1	817.805	1	0	273.249	301.462
979	174.913	1	2.59839e+06	1	590644	1	971328	1	817.805	1	0.001	273.249	301.462
979	174.913	1	2.59839e+06	1	590644	1	971328	1	817.805	1	0.00316228	273.25	301.462
979	174.913	1	2.59839e+06	1	590644	1	971328	1	817.805	1	0.01	273.25	301.462
979	174.913	1	2.59839e+06	1	590644	1	971328	1	817.805	1	0.0316228	273.251	301.462
979	174.913	1	2.59839e+06	1	590644	1	971328	1	817.805	1	0.1	273.256	301.464
979	174.913	1	2.59839e+06	1	590644	1	971328	1	817.805	1	0.316228	273.269	301.468
979	174.913	1	2.59839e+06	1	590644	1	971328	1	817.805	1	1	273.312	301.482
979	174.913	1	2.59839e+06	1	590644	1	971328	1	817.805	1	3.16228	273.444	301.524
979	174.913	1	2.59839e+06	1	590644	1	971328	1	817.805	1	10	273.841	301.654
979	174.913	1	2.59839e+06	1	590644	1	971328	1	817.805	1	31.6228	274.951	302.023
979	174.913	1	2.59839e+06	1	590644	1	971328	1	817.805	1	100	277.523	302.955
980	264.568	1	3.66008e+06	1	2.37652e+06	1	1.08722e+06	1	1238.63	1	0	273.249	301.462
980	264.568	1	3.66008e+06	1	2.37652e+06	1	1.08722e+06	1	1238.63	1	0.001	273.249	301.462
980	264.568	1	3.66008e+06	1	2.37652e+06	1	1.08722e+06	1	1238.63	1	0.00316228	273.25	301.462
980	264.568	1	3.66008e+06	1	2.37652e+06	1	1.08722e+06	1	1238.63	1	0.01	273.25	301.462
980	264.568	1	3.66008e+06	1	2.37652e+06	1	1.08722e+06	1	1238.63	1	0.0316228	273.251	301.462
980	264.568	1	3.66008e+06	1	2.37652e+06	1	1.08722e+06	1	1238.63	1	0.1	273.254	301.463
980	264.568	1	3.66008e+06	1	2.37652e+06	1	1.08722e+06	1	1238.63	1	0.316228	273.262	301.466
980	264.568	1	3.66008e+06	1	2.37652e+06	1	1.08722e+06	1	1238.63	1	1	273.291	301.475
980	264.568	1	3.66008e+06	1	2.37652e+06	1	1.08722e+06	1	1238.63	1	3.16228	273.379	301.503
980	264.568	1	3.66008e+06	1	2.37652e+06	1	1.08722e+06	1	1238.63	1	10	273.648	301.591
980	264.568	1	3.66008e+06	1	2.37652e+06	1	1.08722e+06	1	1238.63	1	31.6228	274.419	301.843
980	264.568	1	3.66008e+06	1	2.37652e+06	1	1.08722e+06	1	1238.63	1	100	276.402	302.533
981	190.766	1	870573	1	757381	1	847890	1	531.286	1	0	273.249	301.462
981	190.766	1	870573	1	757381	1	847890	1	531.286	1	0.001	273.249	301.462
981	190.766	1	870573	1	757381	1	847890	1	531.286	1	0.00316228	273.25	301.462
981	190.766	1	870573	1	757381	1	847890	1	531.286	1	0.01	273.25	301.462
981	190.766	1	870573	1	757381	1	847890	1	531.286	1	0.0316228	273.251	301.462
981	190.766	1	870573	1	757381	1	847890	1	531.286	1	0.1	273.255	301.464
981	190.766	1	870573	1	757381	1	847890	1	531.286	1	0.316228	273.268	301.468
981	190.766	1	870573	1	757381	1	847890	1	531.286	1	1	273.308	301.481
981	190.766	1	870573	1	757381	1	847890	1	531.286	1	3.16228	273.431	301.523
981	190.766	1	870573	1	757381	1	847890	1	531.286	1	10	273.805	301.651
981	190.766	1	870573	1	757381	1	847890	1	531.286	1	31.6228	274.852	302.016
981	190.766	1	870573	1	757381	1	847890	1	531.286	1	100	277.326	302.941
982	50.435	1	2.75828e+06	1	745495	1	1.30453e+06	1	1478.03	1	0	273.249	301.462
982	50.435	1	2.75828e+06	1	745495	1	1.30453e+06	1	1478.03	1	0.001	273.25	301.462
982	50.435	1	2.75828e+06	1	745495	1	1.30453e+06	1	1478.03	1	0.00316228	273.25	301.462
982	50.435	1	2.75828e+06	1	745495	1	1.30453e+06	1	1478.03	1	0.01	273.252	301.462
982	50.435	1	2.75828e+06	1	745495	1	1.30453e+06	1	1478.03	1	0.0316228	273.256	301.464
982	50.435	1	2.75828e+06	1	745495	1	1.30453e+06	1	1478.03	1	0.1	273.271	301.468
982	50.435	1	2.75828e+06	1	745495	1	1.30453e+06	1	1478.03	1	0.316228	273.316	301.482
982	50.435	1	2.75828e+06	1	745495	1	1.30453e+06	1	1478.03	1	1	273.457	301.524
982	50.435	1	2.75828e+06	1	745495	1	1.30453e+06	1	1478.03	1	3.16228	273.878	301.651
982	50.435	1	2.75828e+06	1	745495	1	1.30453e+06	1	1478.03	1	10	275.046	302.01
982	50.435	1	2.75828e+06	1	745495	1	1.30453e+06	1	1478.03	1	31.6228	277.65	302.872
982	50.435	1	2.75828e+06	1	745495	1	1.30453e+06	1	1478.03	1	100	279.942	304.078
983	168.817	1	294729	1	953961	1	857008	1	1590.14	1	0	273.249	301.462
983	168.817	1	294729	1	953961	1	857008	1	1590.14	1	0.001	273.249	301.462
983	168.817	1	294729	1	953961	1	857008	1	1590.14	1	0.00316228	273.25	301.462
983	168.817	1	294729	1	953961	1	857008	1	1590.14	1	0.01	273.25	301.462
983	168.817	1	294729	1	953961	1	857008	1	1590.14	1	0.0316228	273.251	301.462
983	168.817	1	294729	1	953961	1	857008	1	1590.14	1	0.1	273.256	301.464
983	168.817	1	294729	1	953961	1	857008	1	1590.14	1	0.316228	273.27	301.468
983	168.817	1	294729	1	953961	1	857008	1	1590.14	1	1	273.313	301.481
983	168.817	1	294729	1	953961	1	857008	1	1590.14	1	3.16228	273.447	301.522
983	168.817	1	294729	1	953961	1	857008	1	1590.14	1	10	273.85	301.647
983	168.817	1	294729	1	953961	1	857008	1	1590.14	1	31.6228	274.972	302.001
983	168.817	1	294729	1	953961	1	857008	1	1590.14	1	100	277.534	302.875
984	121.163	1	1.20411e+06	1	943855	1	1.27402e+06	1	845.467	1	0	273.249	301.462
984	121.163	1	1.20411e+06	1	943855	1	1.27402e+06	1	845.467	1	0.001	273.25	301.462
984	121.163	1	1.20411e+06	1	943855	1	1.27402e+06	1	845.467	1	0.00316228	273.25	301.462
984	121.163	1	1.20411e+06	1	943855	1	1.27402e+06	1	845.467	1	0.01	273.25	301.462
984	121.163	1	1.20411e+06	1	943855	1	1.27402e+06	1	845.467	1	0.0316228	273.252	301.462
984	121.163	1	1.20411e+06	1	943855	1	1.27402e+06	1	845.467	1	0.1	273.258	301.464
984	121.163	1	1.20411e+06	1	943855	1	1.27402e+06	1	845.467	1	0.316228	273.278	301.47
984	121.163	1	1.20411e+06	1	943855	1	1.27402e+06	1	845.467	1	1	273.338	301.489
984	121.163	1	1.20411e+06	1	943855	1	1.27402e+06	1	845.467	1	3.16228	273.525	301.548
984	121.163	1	1.20411e+06	1	943855	1	1.27402e+06	1	845.467	1	10	274.075	301.722
984	121.163	1	1.20411e+06	1	943855	1	1.27402e+06	1	845.467	1	31.6228	275.561	302.209
984	121.163	1	1.20411e+06	1	943855	1	1.27402e+06	1	845.467	1	100	278.499	303.311
985	196.514	1	1.04439e+06	1	1.15065e+06	1	718504	1	1074.41	1	0	273.249	301.462
985	196.514	1	1.04439e+06	1	1.15065e+06	1	718504	1	1074.41	1	0.001	273.249	301.462
985	196.514	1	1.04439e+06	1	1.15065e+06	1	718504	1	1074.41	1	0.00316228	273.25	301.462
985	196.514	1	1.04439e+06	1	1.15065e+06	1	718504	1	1074.41	1	0.01	273.25	301.462
985	196.514	1	1.04439e+06	1	1.15065e+06	1	718504	1	1074.41	1	0.0316228	273.251	301.462
985	196.514	1	1.04439e+06	1	1.15065e+06	1	718504	1	1074.41	1	0.1	273.255	301.463
985	196.514	1	1.04439e+06	1	1.15065e+06	1	718504	1	1074.41	1	0.316228	273.267	301.467
985	196.514	1	1.04439e+06	1	1.15065e+06	1	718504	1	1074.41	1	1	273.305	301.479
985	196.514	1	1.04439e+06	1	1.15065e+06	1	718504	1	1074.41	1	3.16228	273.422	301.517
985	196.514	1	1.04439e+06	1	1.15065e+06	1	718504	1	1074.41	1	10	273.777	301.63
985	196.514	1	1.04439e+06	1	1.15065e+06	1	718504	1	1074.41	1	31.6228	274.772	301.955
985	196.514	1	1.04439e+06	1	1.15065e+06	1	718504	1	1074.41	1	100	277.17	302.802
986	142.749	1	2.71893e+06	1	1.77513e+06	1	786251	1	2452.17	1	0	273.249	301.462
986	142.749	1	2.71893e+06	1	1.77513e+06	1	786251	1	2452.17	1	0.001	273.249	301.462
986	142.749	1	2.71893e+06	1	1.77513e+06	1	786251	1	2452.17	1	0.00316228	273.25	301.462
986	142.749	1	2.71893e+06	1	1.77513e+06	1	786251	1	2452.17	1	0.01	273.25	301.462
986	142.749	1	2.71893e+06	1	1.77513e+06	1	786251	1	2452.17	1	0.0316228	273.252	301.462
986	142.749	1	2.71893e+06	1	1.77513e+06	1	786251	1	2452.17	1	0.1	273.257	301.464
986	142.749	1	2.71893e+06	1	1.77513e+06	1	786251	1	2452.17	1	0.316228	273.273	301.469
986	142.749	1	2.71893e+06	1	1.77513e+06	1	786251	1	2452.17	1	1	273.324	301.484
986	142.749	1	2.71893e+06	1	1.77513e+06	1	786251	1	2452.17	1	3.16228	273.481	301.532
986	142.749	1	2.71893e+06	1	1.77513e+06	1	786251	1	2452.17	1	10	273.95	301.676
986	142.749	1	2.71893e+06	1	1.77513e+06	1	786251	1	2452.17	1	31.6228	275.237	302.079
986	142.749	1	2.71893e+06	1	1.77513e+06	1	786251	1	2452.17	1	100	277.979	303.024
987	131.158	1	1.20144e+06	1	945744	1	641609	1	1541.21	1	0	273.249	301.462
987	131.158	1	1.20144e+06	1	945744	1	641609	1	1541.21	1	0.001	273.25	301.462
987	131.158	1	1.20144e+06	1	945744	1	641609	1	1541.21	1	0.00316228	273.25	301.462
987	131.158	1	1.20144e+06	1	945744	1	641609	1	1541.21	1	0.01	273.25	301.462
987	131.158	1	1.20144e+06	1	945744	1	641609	1	1541.21	1	0.0316228	273.252	301.462
987	131.158	1	1.20144e+06	1	945744	1	641609	1	1541.21	1	0.1	273.258	301.464
987	131.158	1	1.20144e+06	1	945744	1	641609	1	1541.21	1	0.316228	273.275	301.47
987	131.158	1	1.20144e+06	1	945744	1	641609	1	1541.21	1	1	273.331	301.487
987	131.158	1	1.20144e+06	1	945744	1	641609	1	1541.21	1	3.16228	273.502	301.539
987	131.158	1	1.20144e+06	1	945744	1	641609	1	1541.21	1	10	274.011	301.697
987	131.158	1	1.20144e+06	1	945744	1	641609	1	1541.21	1	31.6228	275.395	302.138
987	131.158	1	1.20144e+06	1	945744	1	641609	1	1541.21	1	100	278.238	303.152
988	125.376	1	1.18709e+06	1	1.02395e+06	1	1.03738e+06	1	2043.03	1	0	273.249	301.462
988	125.376	1	1.18709e+06	1	1.02395e+06	1	1.03738e+06	1	2043.03	1	0.001	273.25	301.462
988	125.376	1	1.18709e+06	1	1.02395e+06	1	1.03738e+06	1	2043.03	1	0.00316228	273.25	301.462
988	125.376	1	1.18709e+06	1	1.02395e+06	1	1.03738e+06	1	2043.03	1	0.01	273.25	301.462
988	125.376	1	1.18709e+06	1	1.02395e+06	1	1.03738e+06	1	2043.03	1	0.0316228	273.252	301.462
988	125.376	1	1.18709e+06	1	1.02395e+06	1	1.03738e+06	1	2043.03	1	0.1	273.258	301.464
988	125.376	1	1.18709e+06	1	1.02395e+06	1	1.03738e+06	1	2043.03	1	0.316228	273.276	301.47
988	125.376	1	1.18709e+06	1	1.02395e+06	1	1.03738e+06	1	2043.03	1	1	273.334	301.487
988	125.376	1	1.18709e+06	1	1.02395e+06	1	1.03738e+06	1	2043.03	1	3.16228	273.513	301.542
988	125.376	1	1.18709e+06	1	1.02395e+06	1	1.03738e+06	1	2043.03	1	10	274.04	301.703
988	125.376	1	1.18709e+06	1	1.02395e+06	1	1.03738e+06	1	2043.03	1	31.6228	275.468	302.153
988	125.376	1	1.18709e+06	1	1.02395e+06	1	1.03738e+06	1	2043.03	1	100	278.341	303.168
989	117.691	1	1.00378e+06	1	614995	1	2.39837e+06	1	1241.63	1	0	273.249	301.462
989	117.691	1	1.00378e+06	1	614995	1	2.39837e+06	1	1241.63	1	0.001	273.25	301.462
989	117.691	1	1.00378e+06	1	614995	1	2.39837e+06	1	1241.63	1	0.00316228	273.25	301.462
989	117.691	1	1.00378e+06	1	614995	1	2.39837e+06	1	1241.63	1	0.01	273.25	301.462
989	117.691	1	1.00378e+06	1	614995	1	2.39837e+06	1	1241.63	1	0.0316228	273.252	301.462
989	117.691	1	1.00378e+06	1	614995	1	2.39837e+06	1	1241.63	1	0.1	273.259	301.464
989	117.691	1	1.00378e+06	1	614995	1	2.39837e+06	1	1241.63	1	0.316228	273.278	301.47
989	117.691	1	1.00378e+06	1	614995	1	2.39837e+06	1	1241.63	1	1	273.34	301.489
989	117.691	1	1.00378e+06	1	614995	1	2.39837e+06	1	1241.63	1	3.16228	273.531	301.548
989	117.691	1	1.00378e+06	1	614995	1	2.39837e+06	1	1241.63	1	10	274.091	301.722
989	117.691	1	1.00378e+06	1	614995	1	2.39837e+06	1	1241.63	1	31.6228	275.599	302.206
989	117.691	1	1.00378e+06	1	614995	1	2.39837e+06	1	1241.63	1	100	278.544	303.282
990	426.819	1	1.52243e+06	1	1.24168e+06	1	1.00493e+06	1	1936.98	1	0	273.249	301.462
990	426.819	1	1.52243e+06	1	1.24168e+06	1	1.00493e+06	1	1936.98	1	0.001	273.249	301.462
990	426.819	1	1.52243e+06	1	1.24168e+06	1	1.00493e+06	1	1936.98	1	0.00316228	273.25	301.462
990	426.819	1	1.52243e+06	1	1.24168e+06	1	1.00493e+06	1	1936.98	1	0.01	273.25	301.462
990	426.819	1	1.52243e+06	1	1.24168e+06	1	1.00493e+06	1	1936.98	1	0.0316228	273.25	301.462
990	426.819	1	1.52243e+06	1	1.24168e+06	1	1.00493e+06	1	1936.98	1	0.1	273.252	301.462
990	426.819	1	1.52243e+06	1	1.24168e+06	1	1.00493e+06	1	1936.98	1	0.316228	273.258	301.464
990	426.819	1	1.52243e+06	1	1.24168e+06	1	1.00493e+06	1	1936.98	1	1	273.275	301.47
990	426.819	1	1.52243e+06	1	1.24168e+06	1	1.00493e+06	1	1936.98	1	3.16228	273.33	301.488
990	426.819	1	1.52243e+06	1	1.24168e+06	1	1.00493e+06	1	1936.98	1	10	273.5	301.543
990	426.819	1	1.52243e+06	1	1.24168e+06	1	1.00493e+06	1	1936.98	1	31.6228	274.006	301.708
990	426.819	1	1.52243e+06	1	1.24168e+06	1	1.00493e+06	1	1936.98	1	100	275.388	302.177
991	139.176	1	196383	1	645878	1	391986	1	2717.22	1	0	273.249	301.462
991	139.176	1	196383	1	645878	1	391986	1	2717.22	1	0.001	273.249	301.462
991	139.176	1	196383	1	645878	1	391986	1	2717.22	1	0.00316228	273.25	301.462
991	139.176	1	196383	1	645878	1	391986	1	2717.22	1	0.01	273.25	301.462
991	139.176	1	196383	1	645878	1	391986	1	2717.22	1	0.0316228	273.252	301.462
991	139.176	1	196383	1	645878	1	391986	1	2717.22	1	0.1	273.257	301.464
991	139.176	1	196383	1	645878	1	391986	1	2717.22	1	0.316228	273.274	301.469
991	139.176	1	196383	1	645878	1	391986	1	2717.22	1	1	273.325	301.485
991	139.176	1	196383	1	645878	1	391986	1	2717.22	1	3.16228	273.486	301.533
991	139.176	1	196383	1	645878	1	391986	1	2717.22	1	10	273.964	301.678
991	139.176	1	196383	1	645878	1	391986	1	2717.22	1	31.6228	275.273	302.084
991	139.176	1	196383	1	645878	1	391986	1	2717.22	1	100	278.026	303.026
992	162.695	1	1.71344e+06	1	622579	1	2.54373e+06	1	1876.31	1	0	273.249	301.462
992	162.695	1	1.71344e+06	1	622579	1	2.54373e+06	1	1876.31	1	0.001	273.249	301.462
992	162.695	1	1.71344e+06	1	622579	1	2.54373e+06	1	1876.31	1	0.00316228	273.25	301.462
992	162.695	1	1.71344e+06	1	622579	1	2.54373e+06	1	1876.31	1	0.01	273.25	301.462
992	162.695	1	1.71344e+06	1	622579	1	2.54373e+06	1	1876.31	1	0.0316228	273.252	301.462
992	162.695	1	1.71344e+06	1	622579	1	2.54373e+06	1	1876.31	1	0.1	273.256	301.464
992	162.695	1	1.71344e+06	1	622579	1	2.54373e+06	1	1876.31	1	0.316228	273.27	301.468
992	162.695	1	1.71344e+06	1	622579	1	2.54373e+06	1	1876.31	1	1	273.315	301.482
992	162.695	1	1.71344e+06	1	622579	1	2.54373e+06	1	1876.31	1	3.16228	273.454	301.525
992	162.695	1	1.71344e+06	1	622579	1	2.54373e+06	1	1876.31	1	10	273.871	301.653
992	162.695	1	1.71344e+06	1	622579	1	2.54373e+06	1	1876.31	1	31.6228	275.029	302.019
992	162.695	1	1.71344e+06	1	622579	1	2.54373e+06	1	1876.31	1	100	277.637	302.909
993	200.283	1	778647	1	3.01107e+06	1	1.12961e+06	1	965.231	1	0	273.249	301.462
993	200.283	1	778647	1	3.01107e+06	1	1.12961e+06	1	965.231	1	0.001	273.249	301.462
993	200.283	1	778647	1	3.01107e+06	1	1.12961e+06	1	965.231	1	0.00316228	273.25	301.462
993	200.283	1	778647	1	3.01107e+06	1	1.12961e+06	1	965.231	1	0.01	273.25	301.462
993	200.283	1	778647	1	3.01107e+06	1	1.12961e+06	1	965.231	1	0.0316228	273.251	301.462
993	200.283	1	778647	1	3.01107e+06	1	1.12961e+06	1	965.231	1	0.1	273.255	301.463
993	200.283	1	778647	1	3.01107e+06	1	1.12961e+06	1	965.231	1	0.316228	273.267	301.467
993	200.283	1	778647	1	3.01107e+06	1	1.12961e+06	1	965.231	1	1	273.304	301.479
993	200.283	1	778647	1	3.01107e+06	1	1.12961e+06	1	965.231	1	3.16228	273.419	301.516
993	200.283	1	778647	1	3.01107e+06	1	1.12961e+06	1	965.231	1	10	273.768	301.629
993	200.283	1	778647	1	3.01107e+06	1	1.12961e+06	1	965.231	1	31.6228	274.749	301.95
993	200.283	1	778647	1	3.01107e+06	1	1.12961e+06	1	965.231	1	100	277.124	302.793
994	144.754	1	1.15252e+06	1	1.24511e+06	1	761861	1	1846.12	1	0	273.249	301.462
994	144.754	1	1.15252e+06	1	1.24511e+06	1	761861	1	1846.12	1	0.001	273.249	301.462
994	144.754	1	1.15252e+06	1	1.24511e+06	1	761861	1	1846.12	1	0.00316228	273.25	301.462
994	144.754	1	1.15252e+06	1	1.24511e+06	1	761861	1	1846.12	1	0.01	273.25	301.462
994	144.754	1	1.15252e+06	1	1.24511e+06	1	761861	1	1846.12	1	0.0316228	273.252	301.462
994	144.754	1	1.15252e+06	1	1.24511e+06	1	761861	1	1846.12	1	0.1	273.257	301.464
994	144.754	1	1.15252e+06	1	1.24511e+06	1	761861	1	1846.12	1	0.316228	273.273	301.469
994	144.754	1	1.15252e+06	1	1.24511e+06	1	761861	1	1846.12	1	1	273.323	301.484
994	144.754	1	1.15252e+06	1	1.24511e+06	1	761861	1	1846.12	1	3.16228	273.479	301.532
994	144.754	1	1.15252e+06	1	1.24511e+06	1	761861	1	1846.12	1	10	273.943	301.675
994	144.754	1	1.15252e+06	1	1.24511e+06	1	761861	1	1846.12	1	31.6228	275.219	302.078
994	144.754	1	1.15252e+06	1	1.24511e+06	1	761861	1	1846.12	1	100	277.954	303.03
995	273.173	1	929579	1	841574	1	1.66527e+06	1	2679.57	1	0	273.249	301.462
995	273.173	1	929579	1	841574	1	1.66527e+06	1	2679.57	1	0.001	273.249	301.462
995	273.173	1	929579	1	841574	1	1.66527e+06	1	2679.57	1	0.00316228	273.25	301.462
995	273.173	1	929579	1	841574	1	1.66527e+06	1	2679.57	1	0.01	273.25	301.462
995	273.173	1	929579	1	841574	1	1.66527e+06	1	2679.57	1	0.0316228	273.251	301.462
995	273.173	1	929579	1	841574	1	1.66527e+06	1	2679.57	1	0.1	273.253	301.463
995	273.173	1	929579	1	841574	1	1.66527e+06	1	2679.57	1	0.316228	273.262	301.465
995	273.173	1	929579	1	841574	1	1.66527e+06	1	2679.57	1	1	273.289	301.474
995	273.173	1	929579	1	841574	1	1.66527e+06	1	2679.57	1	3.16228	273.372	301.5
995	273.173	1	929579	1	841574	1	1.66527e+06	1	2679.57	1	10	273.629	301.579
995	273.173	1	929579	1	841574	1	1.66527e+06	1	2679.57	1	31.6228	274.366	301.809
995	273.173	1	929579	1	841574	1	1.66527e+06	1	2679.57	1	100	276.266	302.433
996	80.7328	1	2.08114e+06	1	515481	1	980659	1	2052.18	1	0	273.249	301.462
996	80.7328	1	2.08114e+06	1	515481	1	980659	1	2052.18	1	0.001	273.25	301.462
996	80.7328	1	2.08114e+06	1	515481	1	980659	1	2052.18	1	0.00316228	273.25	301.462
996	80.7328	1	2.08114e+06	1	515481	1	980659	1	2052.18	1	0.01	273.251	301.462
996	80.7328	1	2.08114e+06	1	515481	1	980659	1	2052.18	1	0.0316228	273.254	301.463
996	80.7328	1	2.08114e+06	1	515481	1	980659	1	2052.18	1	0.1	273.263	301.466
996	80.7328	1	2.08114e+06	1	515481	1	980659	1	2052.18	1	0.316228	273.291	301.474
996	80.7328	1	2.08114e+06	1	515481	1	980659	1	2052.18	1	1	273.38	301.501
996	80.7328	1	2.08114e+06	1	515481	1	980659	1	2052.18	1	3.16228	273.652	301.583
996	80.7328	1	2.08114e+06	1	515481	1	980659	1	2052.18	1	10	274.426	301.818
996	80.7328	1	2.08114e+06	1	515481	1	980659	1	2052.18	1	31.6228	276.401	302.45
996	80.7328	1	2.08114e+06	1	515481	1	980659	1	2052.18	1	100	279.315	303.615
997	146.143	1	611466	1	1.50296e+06	1	451778	1	1878.32	1	0	273.249	301.462
997	146.143	1	611466	1	1.50296e+06	1	451778	1	1878.32	1	0.001	273.249	301.462
997	146.143	1	611466	1	1.50296e+06	1	451778	1	1878.32	1	0.00316228	273.25	301.462
997	146.143	1	611466	1	1.50296e+06	1	451778	1	1878.32	1	0.01	273.25	301.462
997	146.143	1	611466	1	1.50296e+06	1	451778	1	1878.32	1	0.0316228	273.252	301.462
997	146.143	1	611466	1	1.50296e+06	1	451778	1	1878.32	1	0.1	273.257	301.464
997	146.143	1	611466	1	1.50296e+06	1	451778	1	1878.32	1	0.316228	273.273	301.469
997	146.143	1	611466	1	1.50296e+06	1	451778	1	1878.32	1	1	273.322	301.484
997	146.143	1	611466	1	1.50296e+06	1	451778	1	1878.32	1	3.16228	273.477	301.531
997	146.143	1	611466	1	1.50296e+06	1	451778	1	1878.32	1	10	273.937	301.673
997	146.143	1	611466	1	1.50296e+06	1	451778	1	1878.32	1	31.6228	275.203	302.073
997	146.143	1	611466	1	1.50296e+06	1	451778	1	1878.32	1	100	277.928	303.02
998	170.32	1	1.25635e+06	1	956900	1	645957	1	1244.58	1	0	273.249	301.462
998	170.32	1	1.25635e+06	1	956900	1	645957	1	1244.58	1	0.001	273.249	301.462
998	170.32	1	1.25635e+06	1	956900	1	645957	1	1244.58	1	0.00316228	273.25	301.462
998	170.32	1	1.25635e+06	1	956900	1	645957	1	1244.58	1	0.01	273.25	301.462
998	170.32	1	1.25635e+06	1	956900	1	645957	1	1244.58	1	0.0316228	273.251	301.462
998	170.32	1	1.25635e+06	1	956900	1	645957	1	1244.58	1	0.1	273.256	301.464
998	170.32	1	1.25635e+06	1	956900	1	645957	1	1244.58	1	0.316228	273.269	301.468
998	170.32	1	1.25635e+06	1	956900	1	645957	1	1244.58	1	1	273.313	301.481
998	170.32	1	1.25635e+06	1	956900	1	645957	1	1244.58	1	3.16228	273.447	301.524
998	170.32	1	1.25635e+06	1	956900	1	645957	1	1244.58	1	10	273.85	301.651
998	170.32	1	1.25635e+06	1	956900	1	645957	1	1244.58	1	31.6228	274.973	302.013
998	170.32	1	1.25635e+06	1	956900	1	645957	1	1244.58	1	100	277.55	302.915
999	158.789	1	1.03888e+06	1	714728	1	660512	1	1385.31	1	0	273.249	301.462
999	158.789	1	1.03888e+06	1	714728	1	660512	1	1385.31	1	0.001	273.249	301.462
999	158.789	1	1.03888e+06	1	714728	1	660512	1	1385.31	1	0.00316228	273.25	301.462
999	158.789	1	1.03888e+06	1	714728	1	660512	1	1385.31	1	0.01	273.25	301.462
999	158.789	1	1.03888e+06	1	714728	1	660512	1	1385.31	1	0.0316228	273.252	301.462
999	158.789	1	1.03888e+06	1	714728	1	660512	1	1385.31	1	0.1	273.256	301.464
999	158.789	1	1.03888e+06	1	714728	1	660512	1	1385.31	1	0.316228	273.271	301.468
999	158.789	1	1.03888e+06	1	714728	1	660512	1	1385.31	1	1	273.317	301.483
999	158.789	1	1.03888e+06	1	714728	1	660512	1	1385.31	1	3.16228	273.46	301.527
999	158.789	1	1.03888e+06	1	714728	1	660512	1	1385.31	1	10	273.889	301.661
999	158.789	1	1.03888e+06	1	714728	1	660512	1	1385.31	1	31.6228	275.077	302.042
999	158.789	1	1.03888e+06	1	714728	1	660512	1	1385.31	1	100	277.728	302.97
