RandomRun	NaV1.5_IC50(uM)	NaV1.5_Hill	CaV1.2_IC50(uM)	CaV1.2_Hill	hERG_IC50(uM)	hERG_Hill	IKs_IC50(uM)	IKs_Hill	Itof_IC50(uM)	Itof_Hill	Concentration(uM)	APD50(ms)	APD90(ms)
0	27.8	1	423.1	1	1.04	1	277.69	1	64.3	1	0	273.247	301.461
0	27.8	1	423.1	1	1.04	1	277.69	1	64.3	1	0.001	273.275	301.498
0	27.8	1	423.1	1	1.04	1	277.69	1	64.3	1	0.00316228	273.34	301.581
0	27.8	1	423.1	1	1.04	1	277.69	1	64.3	1	0.01	273.536	301.838
0	27.8	1	423.1	1	1.04	1	277.69	1	64.3	1	0.0316228	274.146	302.633
0	27.8	1	423.1	1	1.04	1	277.69	1	64.3	1	0.1	275.93	304.978
0	27.8	1	423.1	1	1.04	1	277.69	1	64.3	1	0.316228	280.501	311.052
0	27.8	1	423.1	1	1.04	1	277.69	1	64.3	1	1	289.074	322.71
0	27.8	1	423.1	1	1.04	1	277.69	1	64.3	1	3.16228	299.229	336.519
0	27.8	1	423.1	1	1.04	1	277.69	1	64.3	1	10	308.621	347.308
0	27.8	1	423.1	1	1.04	1	277.69	1	64.3	1	31.6228	319.569	357.237
0	27.8	1	423.1	1	1.04	1	277.69	1	64.3	1	100	335.372	374.119
1	30.6264	1	467.052	1	1.40962	1	380.066	1	63.2961	1	0	273.249	301.462
1	30.6264	1	467.052	1	1.40962	1	380.066	1	63.2961	1	0.001	273.271	301.49
1	30.6264	1	467.052	1	1.40962	1	380.066	1	63.2961	1	0.00316228	273.318	301.552
1	30.6264	1	467.052	1	1.40962	1	380.066	1	63.2961	1	0.01	273.465	301.745
1	30.6264	1	467.052	1	1.40962	1	380.066	1	63.2961	1	0.0316228	273.923	302.346
1	30.6264	1	467.052	1	1.40962	1	380.066	1	63.2961	1	0.1	275.284	304.133
1	30.6264	1	467.052	1	1.40962	1	380.066	1	63.2961	1	0.316228	278.937	308.959
1	30.6264	1	467.052	1	1.40962	1	380.066	1	63.2961	1	1	286.538	319.167
1	30.6264	1	467.052	1	1.40962	1	380.066	1	63.2961	1	3.16228	296.785	333.062
1	30.6264	1	467.052	1	1.40962	1	380.066	1	63.2961	1	10	306.489	344.741
1	30.6264	1	467.052	1	1.40962	1	380.066	1	63.2961	1	31.6228	316.454	353.968
1	30.6264	1	467.052	1	1.40962	1	380.066	1	63.2961	1	100	328.355	366.801
2	19.689	1	648.244	1	0.643132	1	233.985	1	67.107	1	0	273.249	301.462
2	19.689	1	648.244	1	0.643132	1	233.985	1	67.107	1	0.001	273.297	301.524
2	19.689	1	648.244	1	0.643132	1	233.985	1	67.107	1	0.00316228	273.399	301.659
2	19.689	1	648.244	1	0.643132	1	233.985	1	67.107	1	0.01	273.718	302.079
2	19.689	1	648.244	1	0.643132	1	233.985	1	67.107	1	0.0316228	274.683	303.351
2	19.689	1	648.244	1	0.643132	1	233.985	1	67.107	1	0.1	277.382	306.907
2	19.689	1	648.244	1	0.643132	1	233.985	1	67.107	1	0.316228	283.612	315.275
2	19.689	1	648.244	1	0.643132	1	233.985	1	67.107	1	1	293.303	328.601
2	19.689	1	648.244	1	0.643132	1	233.985	1	67.107	1	3.16228	302.92	341.358
2	19.689	1	648.244	1	0.643132	1	233.985	1	67.107	1	10	312.245	350.843
2	19.689	1	648.244	1	0.643132	1	233.985	1	67.107	1	31.6228	323.729	361.7
2	19.689	1	648.244	1	0.643132	1	233.985	1	67.107	1	100	344.001	383.516
3	27.4509	1	933.097	1	1.37687	1	457.63	1	52.4879	1	0	273.249	301.462
3	27.4509	1	933.097	1	1.37687	1	457.63	1	52.4879	1	0.001	273.272	301.491
3	27.4509	1	933.097	1	1.37687	1	457.63	1	52.4879	1	0.00316228	273.32	301.554
3	27.4509	1	933.097	1	1.37687	1	457.63	1	52.4879	1	0.01	273.471	301.753
3	27.4509	1	933.097	1	1.37687	1	457.63	1	52.4879	1	0.0316228	273.941	302.368
3	27.4509	1	933.097	1	1.37687	1	457.63	1	52.4879	1	0.1	275.337	304.197
3	27.4509	1	933.097	1	1.37687	1	457.63	1	52.4879	1	0.316228	279.072	309.123
3	27.4509	1	933.097	1	1.37687	1	457.63	1	52.4879	1	1	286.798	319.47
3	27.4509	1	933.097	1	1.37687	1	457.63	1	52.4879	1	3.16228	297.164	333.433
3	27.4509	1	933.097	1	1.37687	1	457.63	1	52.4879	1	10	307.089	345.144
3	27.4509	1	933.097	1	1.37687	1	457.63	1	52.4879	1	31.6228	316.836	354.425
3	27.4509	1	933.097	1	1.37687	1	457.63	1	52.4879	1	100	328.912	367.561
4	36.2932	1	462.801	1	1.31414	1	347.294	1	77.1438	1	0	273.249	301.462
4	36.2932	1	462.801	1	1.31414	1	347.294	1	77.1438	1	0.001	273.273	301.492
4	36.2932	1	462.801	1	1.31414	1	347.294	1	77.1438	1	0.00316228	273.323	301.558
4	36.2932	1	462.801	1	1.31414	1	347.294	1	77.1438	1	0.01	273.48	301.766
4	36.2932	1	462.801	1	1.31414	1	347.294	1	77.1438	1	0.0316228	273.968	302.408
4	36.2932	1	462.801	1	1.31414	1	347.294	1	77.1438	1	0.1	275.414	304.312
4	36.2932	1	462.801	1	1.31414	1	347.294	1	77.1438	1	0.316228	279.254	309.407
4	36.2932	1	462.801	1	1.31414	1	347.294	1	77.1438	1	1	287.047	319.945
4	36.2932	1	462.801	1	1.31414	1	347.294	1	77.1438	1	3.16228	297.185	333.852
4	36.2932	1	462.801	1	1.31414	1	347.294	1	77.1438	1	10	306.509	345.268
4	36.2932	1	462.801	1	1.31414	1	347.294	1	77.1438	1	31.6228	316.75	354.651
4	36.2932	1	462.801	1	1.31414	1	347.294	1	77.1438	1	100	330.152	368.648
5	15.7299	1	825.924	1	1.45266	1	140.532	1	65.5017	1	0	273.249	301.462
5	15.7299	1	825.924	1	1.45266	1	140.532	1	65.5017	1	0.001	273.271	301.49
5	15.7299	1	825.924	1	1.45266	1	140.532	1	65.5017	1	0.00316228	273.318	301.551
5	15.7299	1	825.924	1	1.45266	1	140.532	1	65.5017	1	0.01	273.466	301.742
5	15.7299	1	825.924	1	1.45266	1	140.532	1	65.5017	1	0.0316228	273.926	302.337
5	15.7299	1	825.924	1	1.45266	1	140.532	1	65.5017	1	0.1	275.302	304.111
5	15.7299	1	825.924	1	1.45266	1	140.532	1	65.5017	1	0.316228	279.036	308.939
5	15.7299	1	825.924	1	1.45266	1	140.532	1	65.5017	1	1	287.062	319.364
5	15.7299	1	825.924	1	1.45266	1	140.532	1	65.5017	1	3.16228	298.944	334.457
5	15.7299	1	825.924	1	1.45266	1	140.532	1	65.5017	1	10	313.086	349.86
5	15.7299	1	825.924	1	1.45266	1	140.532	1	65.5017	1	31.6228	330.756	368.71
5	15.7299	1	825.924	1	1.45266	1	140.532	1	65.5017	1	100	364.187	404.874
6	20.5474	1	1477.51	1	1.80828	1	54.4669	1	114.741	1	0	273.249	301.462
6	20.5474	1	1477.51	1	1.80828	1	54.4669	1	114.741	1	0.001	273.268	301.485
6	20.5474	1	1477.51	1	1.80828	1	54.4669	1	114.741	1	0.00316228	273.308	301.536
6	20.5474	1	1477.51	1	1.80828	1	54.4669	1	114.741	1	0.01	273.433	301.697
6	20.5474	1	1477.51	1	1.80828	1	54.4669	1	114.741	1	0.0316228	273.825	302.199
6	20.5474	1	1477.51	1	1.80828	1	54.4669	1	114.741	1	0.1	275.013	303.716
6	20.5474	1	1477.51	1	1.80828	1	54.4669	1	114.741	1	0.316228	278.346	307.969
6	20.5474	1	1477.51	1	1.80828	1	54.4669	1	114.741	1	1	286.136	317.932
6	20.5474	1	1477.51	1	1.80828	1	54.4669	1	114.741	1	3.16228	299.677	334.886
6	20.5474	1	1477.51	1	1.80828	1	54.4669	1	114.741	1	10	320.519	358.003
6	20.5474	1	1477.51	1	1.80828	1	54.4669	1	114.741	1	31.6228	356.186	395.408
6	20.5474	1	1477.51	1	1.80828	1	54.4669	1	114.741	1	100	423.662	467.747
7	37.1821	1	311.743	1	1.14699	1	284.992	1	78.1144	1	0	273.249	301.462
7	37.1821	1	311.743	1	1.14699	1	284.992	1	78.1144	1	0.001	273.276	301.497
7	37.1821	1	311.743	1	1.14699	1	284.992	1	78.1144	1	0.00316228	273.333	301.572
7	37.1821	1	311.743	1	1.14699	1	284.992	1	78.1144	1	0.01	273.513	301.809
7	37.1821	1	311.743	1	1.14699	1	284.992	1	78.1144	1	0.0316228	274.067	302.541
7	37.1821	1	311.743	1	1.14699	1	284.992	1	78.1144	1	0.1	275.697	304.689
7	37.1821	1	311.743	1	1.14699	1	284.992	1	78.1144	1	0.316228	279.927	310.327
7	37.1821	1	311.743	1	1.14699	1	284.992	1	78.1144	1	1	288.12	321.494
7	37.1821	1	311.743	1	1.14699	1	284.992	1	78.1144	1	3.16228	298.101	335.284
7	37.1821	1	311.743	1	1.14699	1	284.992	1	78.1144	1	10	306.947	346.073
7	37.1821	1	311.743	1	1.14699	1	284.992	1	78.1144	1	31.6228	317.071	355.181
7	37.1821	1	311.743	1	1.14699	1	284.992	1	78.1144	1	100	331.182	369.821
8	27.6118	1	438.257	1	0.736742	1	567.534	1	148.652	1	0	273.249	301.462
8	27.6118	1	438.257	1	0.736742	1	567.534	1	148.652	1	0.001	273.291	301.516
8	27.6118	1	438.257	1	0.736742	1	567.534	1	148.652	1	0.00316228	273.379	301.633
8	27.6118	1	438.257	1	0.736742	1	567.534	1	148.652	1	0.01	273.656	301.999
8	27.6118	1	438.257	1	0.736742	1	567.534	1	148.652	1	0.0316228	274.499	303.113
8	27.6118	1	438.257	1	0.736742	1	567.534	1	148.652	1	0.1	276.882	306.257
8	27.6118	1	438.257	1	0.736742	1	567.534	1	148.652	1	0.316228	282.555	313.893
8	27.6118	1	438.257	1	0.736742	1	567.534	1	148.652	1	1	291.767	326.663
8	27.6118	1	438.257	1	0.736742	1	567.534	1	148.652	1	3.16228	300.844	339.191
8	27.6118	1	438.257	1	0.736742	1	567.534	1	148.652	1	10	308.09	347.181
8	27.6118	1	438.257	1	0.736742	1	567.534	1	148.652	1	31.6228	315.281	352.64
8	27.6118	1	438.257	1	0.736742	1	567.534	1	148.652	1	100	321.834	359.586
9	20.4665	1	433.383	1	0.492022	1	156.475	1	47.493	1	0	273.249	301.462
9	20.4665	1	433.383	1	0.492022	1	156.475	1	47.493	1	0.001	273.311	301.543
9	20.4665	1	433.383	1	0.492022	1	156.475	1	47.493	1	0.00316228	273.444	301.719
9	20.4665	1	433.383	1	0.492022	1	156.475	1	47.493	1	0.01	273.857	302.264
9	20.4665	1	433.383	1	0.492022	1	156.475	1	47.493	1	0.0316228	275.093	303.896
9	20.4665	1	433.383	1	0.492022	1	156.475	1	47.493	1	0.1	278.448	308.354
9	20.4665	1	433.383	1	0.492022	1	156.475	1	47.493	1	0.316228	285.605	318.059
9	20.4665	1	433.383	1	0.492022	1	156.475	1	47.493	1	1	295.514	331.856
9	20.4665	1	433.383	1	0.492022	1	156.475	1	47.493	1	3.16228	304.571	343.8
9	20.4665	1	433.383	1	0.492022	1	156.475	1	47.493	1	10	314.047	353.192
9	20.4665	1	433.383	1	0.492022	1	156.475	1	47.493	1	31.6228	328.306	366.731
9	20.4665	1	433.383	1	0.492022	1	156.475	1	47.493	1	100	355.526	395.762
10	40.3728	1	344.972	1	1.19367	1	139.415	1	153.667	1	0	273.249	301.462
10	40.3728	1	344.972	1	1.19367	1	139.415	1	153.667	1	0.001	273.275	301.496
10	40.3728	1	344.972	1	1.19367	1	139.415	1	153.667	1	0.00316228	273.331	301.569
10	40.3728	1	344.972	1	1.19367	1	139.415	1	153.667	1	0.01	273.505	301.799
10	40.3728	1	344.972	1	1.19367	1	139.415	1	153.667	1	0.0316228	274.045	302.509
10	40.3728	1	344.972	1	1.19367	1	139.415	1	153.667	1	0.1	275.636	304.603
10	40.3728	1	344.972	1	1.19367	1	139.415	1	153.667	1	0.316228	279.81	310.145
10	40.3728	1	344.972	1	1.19367	1	139.415	1	153.667	1	1	288.081	321.349
10	40.3728	1	344.972	1	1.19367	1	139.415	1	153.667	1	3.16228	298.787	335.944
10	40.3728	1	344.972	1	1.19367	1	139.415	1	153.667	1	10	309.866	349.27
10	40.3728	1	344.972	1	1.19367	1	139.415	1	153.667	1	31.6228	326.703	365.449
10	40.3728	1	344.972	1	1.19367	1	139.415	1	153.667	1	100	357.097	396.784
11	55.5695	1	540.365	1	1.18451	1	350.579	1	47.0366	1	0	273.249	301.462
11	55.5695	1	540.365	1	1.18451	1	350.579	1	47.0366	1	0.001	273.275	301.496
11	55.5695	1	540.365	1	1.18451	1	350.579	1	47.0366	1	0.00316228	273.33	301.569
11	55.5695	1	540.365	1	1.18451	1	350.579	1	47.0366	1	0.01	273.504	301.799
11	55.5695	1	540.365	1	1.18451	1	350.579	1	47.0366	1	0.0316228	274.041	302.509
11	55.5695	1	540.365	1	1.18451	1	350.579	1	47.0366	1	0.1	275.622	304.597
11	55.5695	1	540.365	1	1.18451	1	350.579	1	47.0366	1	0.316228	279.745	310.106
11	55.5695	1	540.365	1	1.18451	1	350.579	1	47.0366	1	1	287.791	321.127
11	55.5695	1	540.365	1	1.18451	1	350.579	1	47.0366	1	3.16228	297.625	334.928
11	55.5695	1	540.365	1	1.18451	1	350.579	1	47.0366	1	10	306.004	345.722
11	55.5695	1	540.365	1	1.18451	1	350.579	1	47.0366	1	31.6228	315.287	354.558
11	55.5695	1	540.365	1	1.18451	1	350.579	1	47.0366	1	100	328.712	368.722
12	31.9424	1	337.531	1	0.807017	1	278.429	1	60.8264	1	0	273.249	301.462
12	31.9424	1	337.531	1	0.807017	1	278.429	1	60.8264	1	0.001	273.287	301.511
12	31.9424	1	337.531	1	0.807017	1	278.429	1	60.8264	1	0.00316228	273.368	301.618
12	31.9424	1	337.531	1	0.807017	1	278.429	1	60.8264	1	0.01	273.622	301.954
12	31.9424	1	337.531	1	0.807017	1	278.429	1	60.8264	1	0.0316228	274.397	302.978
12	31.9424	1	337.531	1	0.807017	1	278.429	1	60.8264	1	0.1	276.608	305.897
12	31.9424	1	337.531	1	0.807017	1	278.429	1	60.8264	1	0.316228	281.983	313.115
12	31.9424	1	337.531	1	0.807017	1	278.429	1	60.8264	1	1	291.08	325.686
12	31.9424	1	337.531	1	0.807017	1	278.429	1	60.8264	1	3.16228	300.557	338.804
12	31.9424	1	337.531	1	0.807017	1	278.429	1	60.8264	1	10	308.656	348.091
12	31.9424	1	337.531	1	0.807017	1	278.429	1	60.8264	1	31.6228	318.55	356.635
12	31.9424	1	337.531	1	0.807017	1	278.429	1	60.8264	1	100	332.842	371.808
13	46.9199	1	510.696	1	1.27608	1	221.418	1	61.7654	1	0	273.249	301.462
13	46.9199	1	510.696	1	1.27608	1	221.418	1	61.7654	1	0.001	273.273	301.493
13	46.9199	1	510.696	1	1.27608	1	221.418	1	61.7654	1	0.00316228	273.325	301.562
13	46.9199	1	510.696	1	1.27608	1	221.418	1	61.7654	1	0.01	273.488	301.776
13	46.9199	1	510.696	1	1.27608	1	221.418	1	61.7654	1	0.0316228	273.991	302.44
13	46.9199	1	510.696	1	1.27608	1	221.418	1	61.7654	1	0.1	275.481	304.403
13	46.9199	1	510.696	1	1.27608	1	221.418	1	61.7654	1	0.316228	279.421	309.643
13	46.9199	1	510.696	1	1.27608	1	221.418	1	61.7654	1	1	287.354	320.41
13	46.9199	1	510.696	1	1.27608	1	221.418	1	61.7654	1	3.16228	297.657	334.626
13	46.9199	1	510.696	1	1.27608	1	221.418	1	61.7654	1	10	307.504	346.894
13	46.9199	1	510.696	1	1.27608	1	221.418	1	61.7654	1	31.6228	320.307	359.263
13	46.9199	1	510.696	1	1.27608	1	221.418	1	61.7654	1	100	341.681	381.638
14	24.2272	1	687.138	1	1.46373	1	530.952	1	41.552	1	0	273.249	301.462
14	24.2272	1	687.138	1	1.46373	1	530.952	1	41.552	1	0.001	273.27	301.489
14	24.2272	1	687.138	1	1.46373	1	530.952	1	41.552	1	0.00316228	273.316	301.549
14	24.2272	1	687.138	1	1.46373	1	530.952	1	41.552	1	0.01	273.459	301.735
14	24.2272	1	687.138	1	1.46373	1	530.952	1	41.552	1	0.0316228	273.902	302.315
14	24.2272	1	687.138	1	1.46373	1	530.952	1	41.552	1	0.1	275.224	304.044
14	24.2272	1	687.138	1	1.46373	1	530.952	1	41.552	1	0.316228	278.794	308.734
14	24.2272	1	687.138	1	1.46373	1	530.952	1	41.552	1	1	286.332	318.769
14	24.2272	1	687.138	1	1.46373	1	530.952	1	41.552	1	3.16228	296.717	332.646
14	24.2272	1	687.138	1	1.46373	1	530.952	1	41.552	1	10	306.747	344.372
14	24.2272	1	687.138	1	1.46373	1	530.952	1	41.552	1	31.6228	315.37	352.845
14	24.2272	1	687.138	1	1.46373	1	530.952	1	41.552	1	100	324.959	363.342
15	28.2037	1	470.236	1	1.93598	1	561.86	1	59.2657	1	0	273.249	301.462
15	28.2037	1	470.236	1	1.93598	1	561.86	1	59.2657	1	0.001	273.265	301.482
15	28.2037	1	470.236	1	1.93598	1	561.86	1	59.2657	1	0.00316228	273.3	301.527
15	28.2037	1	470.236	1	1.93598	1	561.86	1	59.2657	1	0.01	273.408	301.669
15	28.2037	1	470.236	1	1.93598	1	561.86	1	59.2657	1	0.0316228	273.745	302.109
15	28.2037	1	470.236	1	1.93598	1	561.86	1	59.2657	1	0.1	274.766	303.441
15	28.2037	1	470.236	1	1.93598	1	561.86	1	59.2657	1	0.316228	277.609	307.153
15	28.2037	1	470.236	1	1.93598	1	561.86	1	59.2657	1	1	284.124	315.77
15	28.2037	1	470.236	1	1.93598	1	561.86	1	59.2657	1	3.16228	294.195	329.212
15	28.2037	1	470.236	1	1.93598	1	561.86	1	59.2657	1	10	304.539	341.807
15	28.2037	1	470.236	1	1.93598	1	561.86	1	59.2657	1	31.6228	313.625	350.586
15	28.2037	1	470.236	1	1.93598	1	561.86	1	59.2657	1	100	321.366	359.309
16	19.1595	1	514.427	1	1.38161	1	156.446	1	45.2508	1	0	273.249	301.462
16	19.1595	1	514.427	1	1.38161	1	156.446	1	45.2508	1	0.001	273.272	301.491
16	19.1595	1	514.427	1	1.38161	1	156.446	1	45.2508	1	0.00316228	273.321	301.555
16	19.1595	1	514.427	1	1.38161	1	156.446	1	45.2508	1	0.01	273.475	301.755
16	19.1595	1	514.427	1	1.38161	1	156.446	1	45.2508	1	0.0316228	273.952	302.375
16	19.1595	1	514.427	1	1.38161	1	156.446	1	45.2508	1	0.1	275.373	304.221
16	19.1595	1	514.427	1	1.38161	1	156.446	1	45.2508	1	0.316228	279.197	309.209
16	19.1595	1	514.427	1	1.38161	1	156.446	1	45.2508	1	1	287.235	319.786
16	19.1595	1	514.427	1	1.38161	1	156.446	1	45.2508	1	3.16228	298.641	334.596
16	19.1595	1	514.427	1	1.38161	1	156.446	1	45.2508	1	10	311.499	348.892
16	19.1595	1	514.427	1	1.38161	1	156.446	1	45.2508	1	31.6228	327.673	365.539
16	19.1595	1	514.427	1	1.38161	1	156.446	1	45.2508	1	100	356.384	396.561
17	26.4175	1	319.041	1	1.2021	1	303.907	1	63.6162	1	0	273.249	301.462
17	26.4175	1	319.041	1	1.2021	1	303.907	1	63.6162	1	0.001	273.275	301.495
17	26.4175	1	319.041	1	1.2021	1	303.907	1	63.6162	1	0.00316228	273.33	301.567
17	26.4175	1	319.041	1	1.2021	1	303.907	1	63.6162	1	0.01	273.502	301.794
17	26.4175	1	319.041	1	1.2021	1	303.907	1	63.6162	1	0.0316228	274.035	302.494
17	26.4175	1	319.041	1	1.2021	1	303.907	1	63.6162	1	0.1	275.605	304.556
17	26.4175	1	319.041	1	1.2021	1	303.907	1	63.6162	1	0.316228	279.721	310.007
17	26.4175	1	319.041	1	1.2021	1	303.907	1	63.6162	1	1	287.857	320.974
17	26.4175	1	319.041	1	1.2021	1	303.907	1	63.6162	1	3.16228	298.112	334.856
17	26.4175	1	319.041	1	1.2021	1	303.907	1	63.6162	1	10	307.648	345.94
17	26.4175	1	319.041	1	1.2021	1	303.907	1	63.6162	1	31.6228	317.64	355.031
17	26.4175	1	319.041	1	1.2021	1	303.907	1	63.6162	1	100	330.293	368.786
18	40.2083	1	433.454	1	1.20017	1	542.299	1	87.2237	1	0	273.249	301.462
18	40.2083	1	433.454	1	1.20017	1	542.299	1	87.2237	1	0.001	273.275	301.495
18	40.2083	1	433.454	1	1.20017	1	542.299	1	87.2237	1	0.00316228	273.329	301.567
18	40.2083	1	433.454	1	1.20017	1	542.299	1	87.2237	1	0.01	273.5	301.793
18	40.2083	1	433.454	1	1.20017	1	542.299	1	87.2237	1	0.0316228	274.03	302.492
18	40.2083	1	433.454	1	1.20017	1	542.299	1	87.2237	1	0.1	275.589	304.549
18	40.2083	1	433.454	1	1.20017	1	542.299	1	87.2237	1	0.316228	279.664	309.982
18	40.2083	1	433.454	1	1.20017	1	542.299	1	87.2237	1	1	287.648	320.873
18	40.2083	1	433.454	1	1.20017	1	542.299	1	87.2237	1	3.16228	297.421	334.465
18	40.2083	1	433.454	1	1.20017	1	542.299	1	87.2237	1	10	305.582	344.658
18	40.2083	1	433.454	1	1.20017	1	542.299	1	87.2237	1	31.6228	313.415	351.413
18	40.2083	1	433.454	1	1.20017	1	542.299	1	87.2237	1	100	321.274	359.281
19	35.8756	1	363.983	1	1.38285	1	390.222	1	49.9266	1	0	273.249	301.462
19	35.8756	1	363.983	1	1.38285	1	390.222	1	49.9266	1	0.001	273.271	301.491
19	35.8756	1	363.983	1	1.38285	1	390.222	1	49.9266	1	0.00316228	273.319	301.553
19	35.8756	1	363.983	1	1.38285	1	390.222	1	49.9266	1	0.01	273.469	301.75
19	35.8756	1	363.983	1	1.38285	1	390.222	1	49.9266	1	0.0316228	273.932	302.361
19	35.8756	1	363.983	1	1.38285	1	390.222	1	49.9266	1	0.1	275.311	304.175
19	35.8756	1	363.983	1	1.38285	1	390.222	1	49.9266	1	0.316228	278.996	309.063
19	35.8756	1	363.983	1	1.38285	1	390.222	1	49.9266	1	1	286.594	319.326
19	35.8756	1	363.983	1	1.38285	1	390.222	1	49.9266	1	3.16228	296.637	333.109
19	35.8756	1	363.983	1	1.38285	1	390.222	1	49.9266	1	10	305.72	344.34
19	35.8756	1	363.983	1	1.38285	1	390.222	1	49.9266	1	31.6228	314.658	352.589
19	35.8756	1	363.983	1	1.38285	1	390.222	1	49.9266	1	100	324.687	363.531
20	25.7132	1	135.652	1	0.76432	1	228.879	1	73.2456	1	0	273.249	301.462
20	25.7132	1	135.652	1	0.76432	1	228.879	1	73.2456	1	0.001	273.289	301.514
20	25.7132	1	135.652	1	0.76432	1	228.879	1	73.2456	1	0.00316228	273.374	301.626
20	25.7132	1	135.652	1	0.76432	1	228.879	1	73.2456	1	0.01	273.64	301.978
20	25.7132	1	135.652	1	0.76432	1	228.879	1	73.2456	1	0.0316228	274.452	303.052
20	25.7132	1	135.652	1	0.76432	1	228.879	1	73.2456	1	0.1	276.756	306.094
20	25.7132	1	135.652	1	0.76432	1	228.879	1	73.2456	1	0.316228	282.29	313.535
20	25.7132	1	135.652	1	0.76432	1	228.879	1	73.2456	1	1	291.416	326.163
20	25.7132	1	135.652	1	0.76432	1	228.879	1	73.2456	1	3.16228	300.572	338.805
20	25.7132	1	135.652	1	0.76432	1	228.879	1	73.2456	1	10	307.985	347.012
20	25.7132	1	135.652	1	0.76432	1	228.879	1	73.2456	1	31.6228	315.985	353.355
20	25.7132	1	135.652	1	0.76432	1	228.879	1	73.2456	1	100	326.533	365.025
21	36.0398	1	1092.21	1	0.787275	1	381.364	1	42.757	1	0	273.249	301.462
21	36.0398	1	1092.21	1	0.787275	1	381.364	1	42.757	1	0.001	273.288	301.513
21	36.0398	1	1092.21	1	0.787275	1	381.364	1	42.757	1	0.00316228	273.371	301.623
21	36.0398	1	1092.21	1	0.787275	1	381.364	1	42.757	1	0.01	273.631	301.966
21	36.0398	1	1092.21	1	0.787275	1	381.364	1	42.757	1	0.0316228	274.425	303.016
21	36.0398	1	1092.21	1	0.787275	1	381.364	1	42.757	1	0.1	276.686	306.001
21	36.0398	1	1092.21	1	0.787275	1	381.364	1	42.757	1	0.316228	282.148	313.348
21	36.0398	1	1092.21	1	0.787275	1	381.364	1	42.757	1	1	291.285	326.01
21	36.0398	1	1092.21	1	0.787275	1	381.364	1	42.757	1	3.16228	300.668	339.068
21	36.0398	1	1092.21	1	0.787275	1	381.364	1	42.757	1	10	308.57	348.248
21	36.0398	1	1092.21	1	0.787275	1	381.364	1	42.757	1	31.6228	318.012	356.668
21	36.0398	1	1092.21	1	0.787275	1	381.364	1	42.757	1	100	332.594	371.986
22	24.4004	1	513.859	1	0.5437	1	398.727	1	80.9365	1	0	273.249	301.462
22	24.4004	1	513.859	1	0.5437	1	398.727	1	80.9365	1	0.001	273.305	301.535
22	24.4004	1	513.859	1	0.5437	1	398.727	1	80.9365	1	0.00316228	273.425	301.694
22	24.4004	1	513.859	1	0.5437	1	398.727	1	80.9365	1	0.01	273.798	302.187
22	24.4004	1	513.859	1	0.5437	1	398.727	1	80.9365	1	0.0316228	274.918	303.669
22	24.4004	1	513.859	1	0.5437	1	398.727	1	80.9365	1	0.1	277.994	307.755
22	24.4004	1	513.859	1	0.5437	1	398.727	1	80.9365	1	0.316228	284.731	316.894
22	24.4004	1	513.859	1	0.5437	1	398.727	1	80.9365	1	1	294.337	330.351
22	24.4004	1	513.859	1	0.5437	1	398.727	1	80.9365	1	3.16228	302.814	341.913
22	24.4004	1	513.859	1	0.5437	1	398.727	1	80.9365	1	10	310.019	349.255
22	24.4004	1	513.859	1	0.5437	1	398.727	1	80.9365	1	31.6228	318.284	355.909
22	24.4004	1	513.859	1	0.5437	1	398.727	1	80.9365	1	100	329.047	367.51
23	23.5695	1	783.881	1	1.70465	1	528.547	1	219.707	1	0	273.249	301.462
23	23.5695	1	783.881	1	1.70465	1	528.547	1	219.707	1	0.001	273.268	301.485
23	23.5695	1	783.881	1	1.70465	1	528.547	1	219.707	1	0.00316228	273.307	301.536
23	23.5695	1	783.881	1	1.70465	1	528.547	1	219.707	1	0.01	273.43	301.697
23	23.5695	1	783.881	1	1.70465	1	528.547	1	219.707	1	0.0316228	273.813	302.197
23	23.5695	1	783.881	1	1.70465	1	528.547	1	219.707	1	0.1	274.967	303.7
23	23.5695	1	783.881	1	1.70465	1	528.547	1	219.707	1	0.316228	278.143	307.846
23	23.5695	1	783.881	1	1.70465	1	528.547	1	219.707	1	1	285.177	317.127
23	23.5695	1	783.881	1	1.70465	1	528.547	1	219.707	1	3.16228	295.601	330.928
23	23.5695	1	783.881	1	1.70465	1	528.547	1	219.707	1	10	306.324	343.464
23	23.5695	1	783.881	1	1.70465	1	528.547	1	219.707	1	31.6228	316.106	352.903
23	23.5695	1	783.881	1	1.70465	1	528.547	1	219.707	1	100	326.281	364.245
24	32.9092	1	451.69	1	0.761562	1	296.559	1	69.987	1	0	273.249	301.462
24	32.9092	1	451.69	1	0.761562	1	296.559	1	69.987	1	0.001	273.289	301.514
24	32.9092	1	451.69	1	0.761562	1	296.559	1	69.987	1	0.00316228	273.375	301.628
24	32.9092	1	451.69	1	0.761562	1	296.559	1	69.987	1	0.01	273.644	301.983
24	32.9092	1	451.69	1	0.761562	1	296.559	1	69.987	1	0.0316228	274.462	303.065
24	32.9092	1	451.69	1	0.761562	1	296.559	1	69.987	1	0.1	276.785	306.132
24	32.9092	1	451.69	1	0.761562	1	296.559	1	69.987	1	0.316228	282.361	313.635
24	32.9092	1	451.69	1	0.761562	1	296.559	1	69.987	1	1	291.569	326.398
24	32.9092	1	451.69	1	0.761562	1	296.559	1	69.987	1	3.16228	300.924	339.363
24	32.9092	1	451.69	1	0.761562	1	296.559	1	69.987	1	10	308.929	348.493
24	32.9092	1	451.69	1	0.761562	1	296.559	1	69.987	1	31.6228	319.07	357.212
24	32.9092	1	451.69	1	0.761562	1	296.559	1	69.987	1	100	334.056	372.875
25	32.0223	1	1091.77	1	1.59118	1	321.418	1	31.4749	1	0	273.249	301.462
25	32.0223	1	1091.77	1	1.59118	1	321.418	1	31.4749	1	0.001	273.269	301.487
25	32.0223	1	1091.77	1	1.59118	1	321.418	1	31.4749	1	0.00316228	273.311	301.542
25	32.0223	1	1091.77	1	1.59118	1	321.418	1	31.4749	1	0.01	273.443	301.715
25	32.0223	1	1091.77	1	1.59118	1	321.418	1	31.4749	1	0.0316228	273.853	302.252
25	32.0223	1	1091.77	1	1.59118	1	321.418	1	31.4749	1	0.1	275.083	303.862
25	32.0223	1	1091.77	1	1.59118	1	321.418	1	31.4749	1	0.316228	278.439	308.275
25	32.0223	1	1091.77	1	1.59118	1	321.418	1	31.4749	1	1	285.715	317.978
25	32.0223	1	1091.77	1	1.59118	1	321.418	1	31.4749	1	3.16228	296.188	332.081
25	32.0223	1	1091.77	1	1.59118	1	321.418	1	31.4749	1	10	306.849	344.996
25	32.0223	1	1091.77	1	1.59118	1	321.418	1	31.4749	1	31.6228	318.301	356.62
25	32.0223	1	1091.77	1	1.59118	1	321.418	1	31.4749	1	100	336.044	375.548
26	22.7933	1	54.6224	1	3.30238	1	252.618	1	72.0163	1	0	273.249	301.462
26	22.7933	1	54.6224	1	3.30238	1	252.618	1	72.0163	1	0.001	273.258	301.473
26	22.7933	1	54.6224	1	3.30238	1	252.618	1	72.0163	1	0.00316228	273.277	301.497
26	22.7933	1	54.6224	1	3.30238	1	252.618	1	72.0163	1	0.01	273.335	301.575
26	22.7933	1	54.6224	1	3.30238	1	252.618	1	72.0163	1	0.0316228	273.52	301.817
26	22.7933	1	54.6224	1	3.30238	1	252.618	1	72.0163	1	0.1	274.087	302.562
26	22.7933	1	54.6224	1	3.30238	1	252.618	1	72.0163	1	0.316228	275.739	304.727
26	22.7933	1	54.6224	1	3.30238	1	252.618	1	72.0163	1	1	279.93	310.264
26	22.7933	1	54.6224	1	3.30238	1	252.618	1	72.0163	1	3.16228	287.695	320.596
26	22.7933	1	54.6224	1	3.30238	1	252.618	1	72.0163	1	10	295.846	331.181
26	22.7933	1	54.6224	1	3.30238	1	252.618	1	72.0163	1	31.6228	300.579	336.04
26	22.7933	1	54.6224	1	3.30238	1	252.618	1	72.0163	1	100	294.748	333.761
27	23.7619	1	1438.84	1	1.30473	1	459.838	1	73.0594	1	0	273.249	301.462
27	23.7619	1	1438.84	1	1.30473	1	459.838	1	73.0594	1	0.001	273.273	301.493
27	23.7619	1	1438.84	1	1.30473	1	459.838	1	73.0594	1	0.00316228	273.324	301.559
27	23.7619	1	1438.84	1	1.30473	1	459.838	1	73.0594	1	0.01	273.484	301.769
27	23.7619	1	1438.84	1	1.30473	1	459.838	1	73.0594	1	0.0316228	273.979	302.418
27	23.7619	1	1438.84	1	1.30473	1	459.838	1	73.0594	1	0.1	275.449	304.339
27	23.7619	1	1438.84	1	1.30473	1	459.838	1	73.0594	1	0.316228	279.353	309.481
27	23.7619	1	1438.84	1	1.30473	1	459.838	1	73.0594	1	1	287.304	320.101
27	23.7619	1	1438.84	1	1.30473	1	459.838	1	73.0594	1	3.16228	297.804	334.132
27	23.7619	1	1438.84	1	1.30473	1	459.838	1	73.0594	1	10	308.002	345.82
27	23.7619	1	1438.84	1	1.30473	1	459.838	1	73.0594	1	31.6228	318.044	355.397
27	23.7619	1	1438.84	1	1.30473	1	459.838	1	73.0594	1	100	330.791	369.523
28	40.5837	1	990.699	1	0.738018	1	126.737	1	65.6307	1	0	273.249	301.462
28	40.5837	1	990.699	1	0.738018	1	126.737	1	65.6307	1	0.001	273.291	301.516
28	40.5837	1	990.699	1	0.738018	1	126.737	1	65.6307	1	0.00316228	273.38	301.634
28	40.5837	1	990.699	1	0.738018	1	126.737	1	65.6307	1	0.01	273.659	302.003
28	40.5837	1	990.699	1	0.738018	1	126.737	1	65.6307	1	0.0316228	274.511	303.127
28	40.5837	1	990.699	1	0.738018	1	126.737	1	65.6307	1	0.1	276.92	306.305
28	40.5837	1	990.699	1	0.738018	1	126.737	1	65.6307	1	0.316228	282.68	314.053
28	40.5837	1	990.699	1	0.738018	1	126.737	1	65.6307	1	1	292.206	327.23
28	40.5837	1	990.699	1	0.738018	1	126.737	1	65.6307	1	3.16228	302.355	341.126
28	40.5837	1	990.699	1	0.738018	1	126.737	1	65.6307	1	10	313.004	353.313
28	40.5837	1	990.699	1	0.738018	1	126.737	1	65.6307	1	31.6228	331.868	371.4
28	40.5837	1	990.699	1	0.738018	1	126.737	1	65.6307	1	100	368.735	410.055
29	27.4621	1	267.949	1	1.29024	1	216.858	1	69.7262	1	0	273.249	301.462
29	27.4621	1	267.949	1	1.29024	1	216.858	1	69.7262	1	0.001	273.273	301.493
29	27.4621	1	267.949	1	1.29024	1	216.858	1	69.7262	1	0.00316228	273.325	301.56
29	27.4621	1	267.949	1	1.29024	1	216.858	1	69.7262	1	0.01	273.486	301.772
29	27.4621	1	267.949	1	1.29024	1	216.858	1	69.7262	1	0.0316228	273.985	302.427
29	27.4621	1	267.949	1	1.29024	1	216.858	1	69.7262	1	0.1	275.463	304.367
29	27.4621	1	267.949	1	1.29024	1	216.858	1	69.7262	1	0.316228	279.384	309.55
29	27.4621	1	267.949	1	1.29024	1	216.858	1	69.7262	1	1	287.339	320.23
29	27.4621	1	267.949	1	1.29024	1	216.858	1	69.7262	1	3.16228	297.809	334.357
29	27.4621	1	267.949	1	1.29024	1	216.858	1	69.7262	1	10	308.088	346.391
29	27.4621	1	267.949	1	1.29024	1	216.858	1	69.7262	1	31.6228	320.167	357.651
29	27.4621	1	267.949	1	1.29024	1	216.858	1	69.7262	1	100	337.822	376.698
30	34.0279	1	3412.3	1	0.910166	1	373.624	1	29.1588	1	0	273.249	301.462
30	34.0279	1	3412.3	1	0.910166	1	373.624	1	29.1588	1	0.001	273.283	301.506
30	34.0279	1	3412.3	1	0.910166	1	373.624	1	29.1588	1	0.00316228	273.355	301.601
30	34.0279	1	3412.3	1	0.910166	1	373.624	1	29.1588	1	0.01	273.582	301.9
30	34.0279	1	3412.3	1	0.910166	1	373.624	1	29.1588	1	0.0316228	274.276	302.816
30	34.0279	1	3412.3	1	0.910166	1	373.624	1	29.1588	1	0.1	276.281	305.458
30	34.0279	1	3412.3	1	0.910166	1	373.624	1	29.1588	1	0.316228	281.273	312.129
30	34.0279	1	3412.3	1	0.910166	1	373.624	1	29.1588	1	1	290.166	324.346
30	34.0279	1	3412.3	1	0.910166	1	373.624	1	29.1588	1	3.16228	299.993	337.904
30	34.0279	1	3412.3	1	0.910166	1	373.624	1	29.1588	1	10	308.642	348.018
30	34.0279	1	3412.3	1	0.910166	1	373.624	1	29.1588	1	31.6228	318.486	357.472
30	34.0279	1	3412.3	1	0.910166	1	373.624	1	29.1588	1	100	335.624	375.364
31	30.5861	1	222.986	1	0.692722	1	271.551	1	71.5873	1	0	273.249	301.462
31	30.5861	1	222.986	1	0.692722	1	271.551	1	71.5873	1	0.001	273.293	301.519
31	30.5861	1	222.986	1	0.692722	1	271.551	1	71.5873	1	0.00316228	273.387	301.644
31	30.5861	1	222.986	1	0.692722	1	271.551	1	71.5873	1	0.01	273.681	302.032
31	30.5861	1	222.986	1	0.692722	1	271.551	1	71.5873	1	0.0316228	274.573	303.213
31	30.5861	1	222.986	1	0.692722	1	271.551	1	71.5873	1	0.1	277.079	306.526
31	30.5861	1	222.986	1	0.692722	1	271.551	1	71.5873	1	0.316228	282.959	314.466
31	30.5861	1	222.986	1	0.692722	1	271.551	1	71.5873	1	1	292.261	327.436
31	30.5861	1	222.986	1	0.692722	1	271.551	1	71.5873	1	3.16228	301.208	339.878
31	30.5861	1	222.986	1	0.692722	1	271.551	1	71.5873	1	10	308.48	348.023
31	30.5861	1	222.986	1	0.692722	1	271.551	1	71.5873	1	31.6228	317.196	355.067
31	30.5861	1	222.986	1	0.692722	1	271.551	1	71.5873	1	100	329.061	367.679
32	105.521	1	691.918	1	0.74915	1	321.687	1	49.64	1	0	273.249	301.462
32	105.521	1	691.918	1	0.74915	1	321.687	1	49.64	1	0.001	273.29	301.515
32	105.521	1	691.918	1	0.74915	1	321.687	1	49.64	1	0.00316228	273.377	301.63
32	105.521	1	691.918	1	0.74915	1	321.687	1	49.64	1	0.01	273.648	301.991
32	105.521	1	691.918	1	0.74915	1	321.687	1	49.64	1	0.0316228	274.476	303.09
32	105.521	1	691.918	1	0.74915	1	321.687	1	49.64	1	0.1	276.818	306.197
32	105.521	1	691.918	1	0.74915	1	321.687	1	49.64	1	0.316228	282.402	313.772
32	105.521	1	691.918	1	0.74915	1	321.687	1	49.64	1	1	291.472	326.554
32	105.521	1	691.918	1	0.74915	1	321.687	1	49.64	1	3.16228	300.268	339.348
32	105.521	1	691.918	1	0.74915	1	321.687	1	49.64	1	10	306.803	348.053
32	105.521	1	691.918	1	0.74915	1	321.687	1	49.64	1	31.6228	314.852	356.074
32	105.521	1	691.918	1	0.74915	1	321.687	1	49.64	1	100	330.548	371.731
33	47.3142	1	479.184	1	0.757132	1	293.031	1	46.008	1	0	273.249	301.462
33	47.3142	1	479.184	1	0.757132	1	293.031	1	46.008	1	0.001	273.289	301.515
33	47.3142	1	479.184	1	0.757132	1	293.031	1	46.008	1	0.00316228	273.376	301.629
33	47.3142	1	479.184	1	0.757132	1	293.031	1	46.008	1	0.01	273.645	301.986
33	47.3142	1	479.184	1	0.757132	1	293.031	1	46.008	1	0.0316228	274.467	303.074
33	47.3142	1	479.184	1	0.757132	1	293.031	1	46.008	1	0.1	276.796	306.156
33	47.3142	1	479.184	1	0.757132	1	293.031	1	46.008	1	0.316228	282.371	313.685
33	47.3142	1	479.184	1	0.757132	1	293.031	1	46.008	1	1	291.519	326.455
33	47.3142	1	479.184	1	0.757132	1	293.031	1	46.008	1	3.16228	300.651	339.362
33	47.3142	1	479.184	1	0.757132	1	293.031	1	46.008	1	10	308.062	348.335
33	47.3142	1	479.184	1	0.757132	1	293.031	1	46.008	1	31.6228	317.644	356.882
33	47.3142	1	479.184	1	0.757132	1	293.031	1	46.008	1	100	332.757	372.846
34	27.7475	1	1011.96	1	0.970303	1	434.151	1	39.9868	1	0	273.249	301.462
34	27.7475	1	1011.96	1	0.970303	1	434.151	1	39.9868	1	0.001	273.281	301.503
34	27.7475	1	1011.96	1	0.970303	1	434.151	1	39.9868	1	0.00316228	273.349	301.592
34	27.7475	1	1011.96	1	0.970303	1	434.151	1	39.9868	1	0.01	273.561	301.873
34	27.7475	1	1011.96	1	0.970303	1	434.151	1	39.9868	1	0.0316228	274.215	302.734
34	27.7475	1	1011.96	1	0.970303	1	434.151	1	39.9868	1	0.1	276.112	305.229
34	27.7475	1	1011.96	1	0.970303	1	434.151	1	39.9868	1	0.316228	280.893	311.594
34	27.7475	1	1011.96	1	0.970303	1	434.151	1	39.9868	1	1	289.638	323.52
34	27.7475	1	1011.96	1	0.970303	1	434.151	1	39.9868	1	3.16228	299.601	337.115
34	27.7475	1	1011.96	1	0.970303	1	434.151	1	39.9868	1	10	308.416	347.205
34	27.7475	1	1011.96	1	0.970303	1	434.151	1	39.9868	1	31.6228	317.409	355.552
34	27.7475	1	1011.96	1	0.970303	1	434.151	1	39.9868	1	100	330.105	369.086
35	14.8914	1	119.578	1	0.964343	1	148.91	1	52.4473	1	0	273.249	301.462
35	14.8914	1	119.578	1	0.964343	1	148.91	1	52.4473	1	0.001	273.281	301.503
35	14.8914	1	119.578	1	0.964343	1	148.91	1	52.4473	1	0.00316228	273.35	301.593
35	14.8914	1	119.578	1	0.964343	1	148.91	1	52.4473	1	0.01	273.565	301.874
35	14.8914	1	119.578	1	0.964343	1	148.91	1	52.4473	1	0.0316228	274.226	302.739
35	14.8914	1	119.578	1	0.964343	1	148.91	1	52.4473	1	0.1	276.145	305.245
35	14.8914	1	119.578	1	0.964343	1	148.91	1	52.4473	1	0.316228	280.993	311.636
35	14.8914	1	119.578	1	0.964343	1	148.91	1	52.4473	1	1	289.958	323.625
35	14.8914	1	119.578	1	0.964343	1	148.91	1	52.4473	1	3.16228	300.591	337.449
35	14.8914	1	119.578	1	0.964343	1	148.91	1	52.4473	1	10	310.962	348.261
35	14.8914	1	119.578	1	0.964343	1	148.91	1	52.4473	1	31.6228	321.741	358.963
35	14.8914	1	119.578	1	0.964343	1	148.91	1	52.4473	1	100	340.427	379.682
36	33.2839	1	194.435	1	2.40762	1	341.987	1	178.529	1	0	273.249	301.462
36	33.2839	1	194.435	1	2.40762	1	341.987	1	178.529	1	0.001	273.262	301.478
36	33.2839	1	194.435	1	2.40762	1	341.987	1	178.529	1	0.00316228	273.289	301.514
36	33.2839	1	194.435	1	2.40762	1	341.987	1	178.529	1	0.01	273.376	301.627
36	33.2839	1	194.435	1	2.40762	1	341.987	1	178.529	1	0.0316228	273.645	301.98
36	33.2839	1	194.435	1	2.40762	1	341.987	1	178.529	1	0.1	274.468	303.057
36	33.2839	1	194.435	1	2.40762	1	341.987	1	178.529	1	0.316228	276.808	306.109
36	33.2839	1	194.435	1	2.40762	1	341.987	1	178.529	1	1	282.461	313.578
36	33.2839	1	194.435	1	2.40762	1	341.987	1	178.529	1	3.16228	291.96	326.296
36	33.2839	1	194.435	1	2.40762	1	341.987	1	178.529	1	10	302.278	339.284
36	33.2839	1	194.435	1	2.40762	1	341.987	1	178.529	1	31.6228	311.916	348.577
36	33.2839	1	194.435	1	2.40762	1	341.987	1	178.529	1	100	321.11	358.286
37	30.2883	1	214.671	1	1.2894	1	447.196	1	86.9416	1	0	273.249	301.462
37	30.2883	1	214.671	1	1.2894	1	447.196	1	86.9416	1	0.001	273.273	301.493
37	30.2883	1	214.671	1	1.2894	1	447.196	1	86.9416	1	0.00316228	273.324	301.559
37	30.2883	1	214.671	1	1.2894	1	447.196	1	86.9416	1	0.01	273.483	301.769
37	30.2883	1	214.671	1	1.2894	1	447.196	1	86.9416	1	0.0316228	273.976	302.419
37	30.2883	1	214.671	1	1.2894	1	447.196	1	86.9416	1	0.1	275.436	304.342
37	30.2883	1	214.671	1	1.2894	1	447.196	1	86.9416	1	0.316228	279.296	309.469
37	30.2883	1	214.671	1	1.2894	1	447.196	1	86.9416	1	1	287.054	319.966
37	30.2883	1	214.671	1	1.2894	1	447.196	1	86.9416	1	3.16228	296.882	333.471
37	30.2883	1	214.671	1	1.2894	1	447.196	1	86.9416	1	10	305.233	343.606
37	30.2883	1	214.671	1	1.2894	1	447.196	1	86.9416	1	31.6228	312.299	349.44
37	30.2883	1	214.671	1	1.2894	1	447.196	1	86.9416	1	100	317.495	355.069
38	42.8331	1	422.999	1	0.744042	1	518.146	1	63.3651	1	0	273.249	301.462
38	42.8331	1	422.999	1	0.744042	1	518.146	1	63.3651	1	0.001	273.29	301.515
38	42.8331	1	422.999	1	0.744042	1	518.146	1	63.3651	1	0.00316228	273.377	301.631
38	42.8331	1	422.999	1	0.744042	1	518.146	1	63.3651	1	0.01	273.651	301.993
38	42.8331	1	422.999	1	0.744042	1	518.146	1	63.3651	1	0.0316228	274.483	303.097
38	42.8331	1	422.999	1	0.744042	1	518.146	1	63.3651	1	0.1	276.838	306.214
38	42.8331	1	422.999	1	0.744042	1	518.146	1	63.3651	1	0.316228	282.449	313.798
38	42.8331	1	422.999	1	0.744042	1	518.146	1	63.3651	1	1	291.545	326.52
38	42.8331	1	422.999	1	0.744042	1	518.146	1	63.3651	1	3.16228	300.361	339.029
38	42.8331	1	422.999	1	0.744042	1	518.146	1	63.3651	1	10	306.89	346.906
38	42.8331	1	422.999	1	0.744042	1	518.146	1	63.3651	1	31.6228	313.708	352.287
38	42.8331	1	422.999	1	0.744042	1	518.146	1	63.3651	1	100	321.191	359.85
39	22.0538	1	216.813	1	1.24612	1	211.691	1	69.2139	1	0	273.249	301.462
39	22.0538	1	216.813	1	1.24612	1	211.691	1	69.2139	1	0.001	273.274	301.494
39	22.0538	1	216.813	1	1.24612	1	211.691	1	69.2139	1	0.00316228	273.327	301.564
39	22.0538	1	216.813	1	1.24612	1	211.691	1	69.2139	1	0.01	273.494	301.782
39	22.0538	1	216.813	1	1.24612	1	211.691	1	69.2139	1	0.0316228	274.011	302.459
39	22.0538	1	216.813	1	1.24612	1	211.691	1	69.2139	1	0.1	275.539	304.459
39	22.0538	1	216.813	1	1.24612	1	211.691	1	69.2139	1	0.316228	279.571	309.776
39	22.0538	1	216.813	1	1.24612	1	211.691	1	69.2139	1	1	287.676	320.614
39	22.0538	1	216.813	1	1.24612	1	211.691	1	69.2139	1	3.16228	298.227	334.69
39	22.0538	1	216.813	1	1.24612	1	211.691	1	69.2139	1	10	308.64	346.469
39	22.0538	1	216.813	1	1.24612	1	211.691	1	69.2139	1	31.6228	319.987	357.152
39	22.0538	1	216.813	1	1.24612	1	211.691	1	69.2139	1	100	336.514	375.147
40	19.5851	1	257.589	1	1.88341	1	260.983	1	44.4966	1	0	273.249	301.462
40	19.5851	1	257.589	1	1.88341	1	260.983	1	44.4966	1	0.001	273.266	301.483
40	19.5851	1	257.589	1	1.88341	1	260.983	1	44.4966	1	0.00316228	273.302	301.529
40	19.5851	1	257.589	1	1.88341	1	260.983	1	44.4966	1	0.01	273.414	301.675
40	19.5851	1	257.589	1	1.88341	1	260.983	1	44.4966	1	0.0316228	273.765	302.13
40	19.5851	1	257.589	1	1.88341	1	260.983	1	44.4966	1	0.1	274.826	303.504
40	19.5851	1	257.589	1	1.88341	1	260.983	1	44.4966	1	0.316228	277.78	307.327
40	19.5851	1	257.589	1	1.88341	1	260.983	1	44.4966	1	1	284.551	316.161
40	19.5851	1	257.589	1	1.88341	1	260.983	1	44.4966	1	3.16228	295.152	329.948
40	19.5851	1	257.589	1	1.88341	1	260.983	1	44.4966	1	10	306.798	343.371
40	19.5851	1	257.589	1	1.88341	1	260.983	1	44.4966	1	31.6228	317.647	354.537
40	19.5851	1	257.589	1	1.88341	1	260.983	1	44.4966	1	100	331.877	370.417
41	31.305	1	516.855	1	0.951572	1	447.33	1	206.845	1	0	273.249	301.462
41	31.305	1	516.855	1	0.951572	1	447.33	1	206.845	1	0.001	273.281	301.504
41	31.305	1	516.855	1	0.951572	1	447.33	1	206.845	1	0.00316228	273.35	301.595
41	31.305	1	516.855	1	0.951572	1	447.33	1	206.845	1	0.01	273.566	301.879
41	31.305	1	516.855	1	0.951572	1	447.33	1	206.845	1	0.0316228	274.229	302.754
41	31.305	1	516.855	1	0.951572	1	447.33	1	206.845	1	0.1	276.148	305.284
41	31.305	1	516.855	1	0.951572	1	447.33	1	206.845	1	0.316228	280.962	311.712
41	31.305	1	516.855	1	0.951572	1	447.33	1	206.845	1	1	289.674	323.657
41	31.305	1	516.855	1	0.951572	1	447.33	1	206.845	1	3.16228	299.383	337.045
41	31.305	1	516.855	1	0.951572	1	447.33	1	206.845	1	10	307.604	346.619
41	31.305	1	516.855	1	0.951572	1	447.33	1	206.845	1	31.6228	316.554	353.986
41	31.305	1	516.855	1	0.951572	1	447.33	1	206.845	1	100	326.612	364.6
42	35.4895	1	175.74	1	1.2075	1	257.222	1	53.5911	1	0	273.249	301.462
42	35.4895	1	175.74	1	1.2075	1	257.222	1	53.5911	1	0.001	273.275	301.495
42	35.4895	1	175.74	1	1.2075	1	257.222	1	53.5911	1	0.00316228	273.329	301.566
42	35.4895	1	175.74	1	1.2075	1	257.222	1	53.5911	1	0.01	273.499	301.791
42	35.4895	1	175.74	1	1.2075	1	257.222	1	53.5911	1	0.0316228	274.024	302.485
42	35.4895	1	175.74	1	1.2075	1	257.222	1	53.5911	1	0.1	275.573	304.528
42	35.4895	1	175.74	1	1.2075	1	257.222	1	53.5911	1	0.316228	279.627	309.931
42	35.4895	1	175.74	1	1.2075	1	257.222	1	53.5911	1	1	287.603	320.791
42	35.4895	1	175.74	1	1.2075	1	257.222	1	53.5911	1	3.16228	297.454	334.438
42	35.4895	1	175.74	1	1.2075	1	257.222	1	53.5911	1	10	305.926	344.888
42	35.4895	1	175.74	1	1.2075	1	257.222	1	53.5911	1	31.6228	314.621	352.673
42	35.4895	1	175.74	1	1.2075	1	257.222	1	53.5911	1	100	325.564	364.798
43	19.004	1	138.371	1	0.810784	1	234.464	1	48.6802	1	0	273.249	301.462
43	19.004	1	138.371	1	0.810784	1	234.464	1	48.6802	1	0.001	273.287	301.511
43	19.004	1	138.371	1	0.810784	1	234.464	1	48.6802	1	0.00316228	273.368	301.617
43	19.004	1	138.371	1	0.810784	1	234.464	1	48.6802	1	0.01	273.62	301.95
43	19.004	1	138.371	1	0.810784	1	234.464	1	48.6802	1	0.0316228	274.391	302.966
43	19.004	1	138.371	1	0.810784	1	234.464	1	48.6802	1	0.1	276.595	305.863
43	19.004	1	138.371	1	0.810784	1	234.464	1	48.6802	1	0.316228	281.964	313.031
43	19.004	1	138.371	1	0.810784	1	234.464	1	48.6802	1	1	291.097	325.509
43	19.004	1	138.371	1	0.810784	1	234.464	1	48.6802	1	3.16228	300.711	338.427
43	19.004	1	138.371	1	0.810784	1	234.464	1	48.6802	1	10	308.936	347.085
43	19.004	1	138.371	1	0.810784	1	234.464	1	48.6802	1	31.6228	316.44	353.572
43	19.004	1	138.371	1	0.810784	1	234.464	1	48.6802	1	100	326.233	365.045
44	26.5129	1	137.475	1	1.00048	1	236.135	1	75.8384	1	0	273.249	301.462
44	26.5129	1	137.475	1	1.00048	1	236.135	1	75.8384	1	0.001	273.28	301.502
44	26.5129	1	137.475	1	1.00048	1	236.135	1	75.8384	1	0.00316228	273.345	301.588
44	26.5129	1	137.475	1	1.00048	1	236.135	1	75.8384	1	0.01	273.549	301.858
44	26.5129	1	137.475	1	1.00048	1	236.135	1	75.8384	1	0.0316228	274.178	302.688
44	26.5129	1	137.475	1	1.00048	1	236.135	1	75.8384	1	0.1	276.008	305.099
44	26.5129	1	137.475	1	1.00048	1	236.135	1	75.8384	1	0.316228	280.64	311.278
44	26.5129	1	137.475	1	1.00048	1	236.135	1	75.8384	1	1	289.175	322.938
44	26.5129	1	137.475	1	1.00048	1	236.135	1	75.8384	1	3.16228	298.869	336.265
44	26.5129	1	137.475	1	1.00048	1	236.135	1	75.8384	1	10	307.022	345.693
44	26.5129	1	137.475	1	1.00048	1	236.135	1	75.8384	1	31.6228	315.312	352.573
44	26.5129	1	137.475	1	1.00048	1	236.135	1	75.8384	1	100	325.708	364.053
45	43.4796	1	283.102	1	1.16385	1	778.167	1	81.1125	1	0	273.249	301.462
45	43.4796	1	283.102	1	1.16385	1	778.167	1	81.1125	1	0.001	273.275	301.496
45	43.4796	1	283.102	1	1.16385	1	778.167	1	81.1125	1	0.00316228	273.331	301.57
45	43.4796	1	283.102	1	1.16385	1	778.167	1	81.1125	1	0.01	273.507	301.802
45	43.4796	1	283.102	1	1.16385	1	778.167	1	81.1125	1	0.0316228	274.049	302.519
45	43.4796	1	283.102	1	1.16385	1	778.167	1	81.1125	1	0.1	275.641	304.625
45	43.4796	1	283.102	1	1.16385	1	778.167	1	81.1125	1	0.316228	279.775	310.155
45	43.4796	1	283.102	1	1.16385	1	778.167	1	81.1125	1	1	287.755	321.101
45	43.4796	1	283.102	1	1.16385	1	778.167	1	81.1125	1	3.16228	297.188	334.382
45	43.4796	1	283.102	1	1.16385	1	778.167	1	81.1125	1	10	304.341	343.585
45	43.4796	1	283.102	1	1.16385	1	778.167	1	81.1125	1	31.6228	309.769	347.895
45	43.4796	1	283.102	1	1.16385	1	778.167	1	81.1125	1	100	312.105	349.794
46	33.046	1	565.524	1	1.29348	1	409.392	1	54.9366	1	0	273.249	301.462
46	33.046	1	565.524	1	1.29348	1	409.392	1	54.9366	1	0.001	273.273	301.493
46	33.046	1	565.524	1	1.29348	1	409.392	1	54.9366	1	0.00316228	273.324	301.56
46	33.046	1	565.524	1	1.29348	1	409.392	1	54.9366	1	0.01	273.484	301.771
46	33.046	1	565.524	1	1.29348	1	409.392	1	54.9366	1	0.0316228	273.98	302.423
46	33.046	1	565.524	1	1.29348	1	409.392	1	54.9366	1	0.1	275.449	304.354
46	33.046	1	565.524	1	1.29348	1	409.392	1	54.9366	1	0.316228	279.339	309.513
46	33.046	1	565.524	1	1.29348	1	409.392	1	54.9366	1	1	287.197	320.123
46	33.046	1	565.524	1	1.29348	1	409.392	1	54.9366	1	3.16228	297.352	334.006
46	33.046	1	565.524	1	1.29348	1	409.392	1	54.9366	1	10	306.635	345.232
46	33.046	1	565.524	1	1.29348	1	409.392	1	54.9366	1	31.6228	316.203	354.038
46	33.046	1	565.524	1	1.29348	1	409.392	1	54.9366	1	100	327.953	366.581
47	32.7604	1	528.099	1	1.03059	1	812.046	1	103.452	1	0	273.249	301.462
47	32.7604	1	528.099	1	1.03059	1	812.046	1	103.452	1	0.001	273.279	301.5
47	32.7604	1	528.099	1	1.03059	1	812.046	1	103.452	1	0.00316228	273.342	301.584
47	32.7604	1	528.099	1	1.03059	1	812.046	1	103.452	1	0.01	273.541	301.847
47	32.7604	1	528.099	1	1.03059	1	812.046	1	103.452	1	0.0316228	274.154	302.656
47	32.7604	1	528.099	1	1.03059	1	812.046	1	103.452	1	0.1	275.94	305.011
47	32.7604	1	528.099	1	1.03059	1	812.046	1	103.452	1	0.316228	280.484	311.076
47	32.7604	1	528.099	1	1.03059	1	812.046	1	103.452	1	1	288.925	322.628
47	32.7604	1	528.099	1	1.03059	1	812.046	1	103.452	1	3.16228	298.549	335.959
47	32.7604	1	528.099	1	1.03059	1	812.046	1	103.452	1	10	306.325	345.251
47	32.7604	1	528.099	1	1.03059	1	812.046	1	103.452	1	31.6228	313.372	350.857
47	32.7604	1	528.099	1	1.03059	1	812.046	1	103.452	1	100	318.236	355.854
48	25.9429	1	639.164	1	0.790593	1	303.12	1	61.4389	1	0	273.249	301.462
48	25.9429	1	639.164	1	0.790593	1	303.12	1	61.4389	1	0.001	273.288	301.512
48	25.9429	1	639.164	1	0.790593	1	303.12	1	61.4389	1	0.00316228	273.371	301.622
48	25.9429	1	639.164	1	0.790593	1	303.12	1	61.4389	1	0.01	273.631	301.965
48	25.9429	1	639.164	1	0.790593	1	303.12	1	61.4389	1	0.0316228	274.424	303.011
48	25.9429	1	639.164	1	0.790593	1	303.12	1	61.4389	1	0.1	276.685	305.987
48	25.9429	1	639.164	1	0.790593	1	303.12	1	61.4389	1	0.316228	282.161	313.323
48	25.9429	1	639.164	1	0.790593	1	303.12	1	61.4389	1	1	291.394	326.01
48	25.9429	1	639.164	1	0.790593	1	303.12	1	61.4389	1	3.16228	301.098	339.217
48	25.9429	1	639.164	1	0.790593	1	303.12	1	61.4389	1	10	309.857	348.837
48	25.9429	1	639.164	1	0.790593	1	303.12	1	61.4389	1	31.6228	320.369	358.245
48	25.9429	1	639.164	1	0.790593	1	303.12	1	61.4389	1	100	336.212	375.232
49	27.2948	1	197.019	1	0.63505	1	310.528	1	56.3509	1	0	273.249	301.462
49	27.2948	1	197.019	1	0.63505	1	310.528	1	56.3509	1	0.001	273.297	301.525
49	27.2948	1	197.019	1	0.63505	1	310.528	1	56.3509	1	0.00316228	273.399	301.66
49	27.2948	1	197.019	1	0.63505	1	310.528	1	56.3509	1	0.01	273.719	302.083
49	27.2948	1	197.019	1	0.63505	1	310.528	1	56.3509	1	0.0316228	274.686	303.362
49	27.2948	1	197.019	1	0.63505	1	310.528	1	56.3509	1	0.1	277.381	306.933
49	27.2948	1	197.019	1	0.63505	1	310.528	1	56.3509	1	0.316228	283.553	315.288
49	27.2948	1	197.019	1	0.63505	1	310.528	1	56.3509	1	1	292.936	328.403
49	27.2948	1	197.019	1	0.63505	1	310.528	1	56.3509	1	3.16228	301.569	340.385
49	27.2948	1	197.019	1	0.63505	1	310.528	1	56.3509	1	10	308.333	347.7
49	27.2948	1	197.019	1	0.63505	1	310.528	1	56.3509	1	31.6228	315.482	353.182
49	27.2948	1	197.019	1	0.63505	1	310.528	1	56.3509	1	100	323.759	362.365
50	24.8627	1	366.213	1	0.438179	1	763.042	1	53.8704	1	0	273.249	301.462
50	24.8627	1	366.213	1	0.438179	1	763.042	1	53.8704	1	0.001	273.318	301.553
50	24.8627	1	366.213	1	0.438179	1	763.042	1	53.8704	1	0.00316228	273.466	301.749
50	24.8627	1	366.213	1	0.438179	1	763.042	1	53.8704	1	0.01	273.924	302.356
50	24.8627	1	366.213	1	0.438179	1	763.042	1	53.8704	1	0.0316228	275.285	304.159
50	24.8627	1	366.213	1	0.438179	1	763.042	1	53.8704	1	0.1	278.915	309.012
50	24.8627	1	366.213	1	0.438179	1	763.042	1	53.8704	1	0.316228	286.33	319.171
50	24.8627	1	366.213	1	0.438179	1	763.042	1	53.8704	1	1	295.802	332.622
50	24.8627	1	366.213	1	0.438179	1	763.042	1	53.8704	1	3.16228	303.212	342.822
50	24.8627	1	366.213	1	0.438179	1	763.042	1	53.8704	1	10	308.787	348.225
50	24.8627	1	366.213	1	0.438179	1	763.042	1	53.8704	1	31.6228	313.611	351.237
50	24.8627	1	366.213	1	0.438179	1	763.042	1	53.8704	1	100	316.152	354.008
51	25.6503	1	3184.35	1	0.897629	1	55.8725	1	82.6977	1	0	273.249	301.462
51	25.6503	1	3184.35	1	0.897629	1	55.8725	1	82.6977	1	0.001	273.285	301.508
51	25.6503	1	3184.35	1	0.897629	1	55.8725	1	82.6977	1	0.00316228	273.361	301.607
51	25.6503	1	3184.35	1	0.897629	1	55.8725	1	82.6977	1	0.01	273.598	301.918
51	25.6503	1	3184.35	1	0.897629	1	55.8725	1	82.6977	1	0.0316228	274.328	302.872
51	25.6503	1	3184.35	1	0.897629	1	55.8725	1	82.6977	1	0.1	276.442	305.63
51	25.6503	1	3184.35	1	0.897629	1	55.8725	1	82.6977	1	0.316228	281.752	312.631
51	25.6503	1	3184.35	1	0.897629	1	55.8725	1	82.6977	1	1	291.621	325.834
51	25.6503	1	3184.35	1	0.897629	1	55.8725	1	82.6977	1	3.16228	304.477	342.443
51	25.6503	1	3184.35	1	0.897629	1	55.8725	1	82.6977	1	10	322.567	362.136
51	25.6503	1	3184.35	1	0.897629	1	55.8725	1	82.6977	1	31.6228	357.098	397.089
51	25.6503	1	3184.35	1	0.897629	1	55.8725	1	82.6977	1	100	424.098	468.662
52	23.4489	1	388.267	1	1.07785	1	770.425	1	65.5817	1	0	273.249	301.462
52	23.4489	1	388.267	1	1.07785	1	770.425	1	65.5817	1	0.001	273.278	301.499
52	23.4489	1	388.267	1	1.07785	1	770.425	1	65.5817	1	0.00316228	273.339	301.579
52	23.4489	1	388.267	1	1.07785	1	770.425	1	65.5817	1	0.01	273.53	301.83
52	23.4489	1	388.267	1	1.07785	1	770.425	1	65.5817	1	0.0316228	274.119	302.605
52	23.4489	1	388.267	1	1.07785	1	770.425	1	65.5817	1	0.1	275.843	304.869
52	23.4489	1	388.267	1	1.07785	1	770.425	1	65.5817	1	0.316228	280.271	310.746
52	23.4489	1	388.267	1	1.07785	1	770.425	1	65.5817	1	1	288.669	322.116
52	23.4489	1	388.267	1	1.07785	1	770.425	1	65.5817	1	3.16228	298.565	335.532
52	23.4489	1	388.267	1	1.07785	1	770.425	1	65.5817	1	10	306.944	345.041
52	23.4489	1	388.267	1	1.07785	1	770.425	1	65.5817	1	31.6228	313.279	350.335
52	23.4489	1	388.267	1	1.07785	1	770.425	1	65.5817	1	100	316.574	354.172
53	25.0707	1	380.551	1	1.00533	1	488.349	1	61.8465	1	0	273.249	301.462
53	25.0707	1	380.551	1	1.00533	1	488.349	1	61.8465	1	0.001	273.28	301.501
53	25.0707	1	380.551	1	1.00533	1	488.349	1	61.8465	1	0.00316228	273.345	301.588
53	25.0707	1	380.551	1	1.00533	1	488.349	1	61.8465	1	0.01	273.55	301.857
53	25.0707	1	380.551	1	1.00533	1	488.349	1	61.8465	1	0.0316228	274.18	302.687
53	25.0707	1	380.551	1	1.00533	1	488.349	1	61.8465	1	0.1	276.013	305.097
53	25.0707	1	380.551	1	1.00533	1	488.349	1	61.8465	1	0.316228	280.662	311.282
53	25.0707	1	380.551	1	1.00533	1	488.349	1	61.8465	1	1	289.264	322.98
53	25.0707	1	380.551	1	1.00533	1	488.349	1	61.8465	1	3.16228	299.134	336.42
53	25.0707	1	380.551	1	1.00533	1	488.349	1	61.8465	1	10	307.593	346.026
53	25.0707	1	380.551	1	1.00533	1	488.349	1	61.8465	1	31.6228	315.195	352.502
53	25.0707	1	380.551	1	1.00533	1	488.349	1	61.8465	1	100	322.526	360.579
54	32.362	1	188.964	1	0.508443	1	359.525	1	34.6146	1	0	273.249	301.462
54	32.362	1	188.964	1	0.508443	1	359.525	1	34.6146	1	0.001	273.309	301.54
54	32.362	1	188.964	1	0.508443	1	359.525	1	34.6146	1	0.00316228	273.436	301.709
54	32.362	1	188.964	1	0.508443	1	359.525	1	34.6146	1	0.01	273.832	302.234
54	32.362	1	188.964	1	0.508443	1	359.525	1	34.6146	1	0.0316228	275.017	303.806
54	32.362	1	188.964	1	0.508443	1	359.525	1	34.6146	1	0.1	278.241	308.11
54	32.362	1	188.964	1	0.508443	1	359.525	1	34.6146	1	0.316228	285.141	317.537
54	32.362	1	188.964	1	0.508443	1	359.525	1	34.6146	1	1	294.561	330.927
54	32.362	1	188.964	1	0.508443	1	359.525	1	34.6146	1	3.16228	302.234	341.785
54	32.362	1	188.964	1	0.508443	1	359.525	1	34.6146	1	10	307.661	347.681
54	32.362	1	188.964	1	0.508443	1	359.525	1	34.6146	1	31.6228	312.996	351.379
54	32.362	1	188.964	1	0.508443	1	359.525	1	34.6146	1	100	318.063	357.699
55	30.0235	1	410.737	1	1.91746	1	193.927	1	89.1295	1	0	273.249	301.462
55	30.0235	1	410.737	1	1.91746	1	193.927	1	89.1295	1	0.001	273.266	301.483
55	30.0235	1	410.737	1	1.91746	1	193.927	1	89.1295	1	0.00316228	273.301	301.529
55	30.0235	1	410.737	1	1.91746	1	193.927	1	89.1295	1	0.01	273.411	301.673
55	30.0235	1	410.737	1	1.91746	1	193.927	1	89.1295	1	0.0316228	273.756	302.123
55	30.0235	1	410.737	1	1.91746	1	193.927	1	89.1295	1	0.1	274.8	303.483
55	30.0235	1	410.737	1	1.91746	1	193.927	1	89.1295	1	0.316228	277.711	307.277
55	30.0235	1	410.737	1	1.91746	1	193.927	1	89.1295	1	1	284.409	316.112
55	30.0235	1	410.737	1	1.91746	1	193.927	1	89.1295	1	3.16228	295.032	330.182
55	30.0235	1	410.737	1	1.91746	1	193.927	1	89.1295	1	10	307.15	344.745
55	30.0235	1	410.737	1	1.91746	1	193.927	1	89.1295	1	31.6228	322.437	359.805
55	30.0235	1	410.737	1	1.91746	1	193.927	1	89.1295	1	100	345.771	384.857
56	47.038	1	459.477	1	0.586775	1	281.606	1	23.6819	1	0	273.249	301.462
56	47.038	1	459.477	1	0.586775	1	281.606	1	23.6819	1	0.001	273.301	301.53
56	47.038	1	459.477	1	0.586775	1	281.606	1	23.6819	1	0.00316228	273.412	301.677
56	47.038	1	459.477	1	0.586775	1	281.606	1	23.6819	1	0.01	273.757	302.135
56	47.038	1	459.477	1	0.586775	1	281.606	1	23.6819	1	0.0316228	274.8	303.517
56	47.038	1	459.477	1	0.586775	1	281.606	1	23.6819	1	0.1	277.683	307.353
56	47.038	1	459.477	1	0.586775	1	281.606	1	23.6819	1	0.316228	284.133	316.133
56	47.038	1	459.477	1	0.586775	1	281.606	1	23.6819	1	1	293.584	329.495
56	47.038	1	459.477	1	0.586775	1	281.606	1	23.6819	1	3.16228	301.974	341.446
56	47.038	1	459.477	1	0.586775	1	281.606	1	23.6819	1	10	308.554	349.21
56	47.038	1	459.477	1	0.586775	1	281.606	1	23.6819	1	31.6228	317.289	357.094
56	47.038	1	459.477	1	0.586775	1	281.606	1	23.6819	1	100	332.113	373.386
57	25.3715	1	1029.43	1	1.50224	1	252.338	1	49.4602	1	0	273.249	301.462
57	25.3715	1	1029.43	1	1.50224	1	252.338	1	49.4602	1	0.001	273.27	301.489
57	25.3715	1	1029.43	1	1.50224	1	252.338	1	49.4602	1	0.00316228	273.315	301.547
57	25.3715	1	1029.43	1	1.50224	1	252.338	1	49.4602	1	0.01	273.455	301.73
57	25.3715	1	1029.43	1	1.50224	1	252.338	1	49.4602	1	0.0316228	273.891	302.3
57	25.3715	1	1029.43	1	1.50224	1	252.338	1	49.4602	1	0.1	275.195	304.001
57	25.3715	1	1029.43	1	1.50224	1	252.338	1	49.4602	1	0.316228	278.732	308.637
57	25.3715	1	1029.43	1	1.50224	1	252.338	1	49.4602	1	1	286.303	318.68
57	25.3715	1	1029.43	1	1.50224	1	252.338	1	49.4602	1	3.16228	297.115	333.025
57	25.3715	1	1029.43	1	1.50224	1	252.338	1	49.4602	1	10	308.601	346.388
57	25.3715	1	1029.43	1	1.50224	1	252.338	1	49.4602	1	31.6228	321.925	359.684
57	25.3715	1	1029.43	1	1.50224	1	252.338	1	49.4602	1	100	343.177	382.695
58	20.3114	1	74.4092	1	0.726738	1	213.707	1	29.1701	1	0	273.249	301.462
58	20.3114	1	74.4092	1	0.726738	1	213.707	1	29.1701	1	0.001	273.291	301.516
58	20.3114	1	74.4092	1	0.726738	1	213.707	1	29.1701	1	0.00316228	273.38	301.634
58	20.3114	1	74.4092	1	0.726738	1	213.707	1	29.1701	1	0.01	273.658	302.002
58	20.3114	1	74.4092	1	0.726738	1	213.707	1	29.1701	1	0.0316228	274.504	303.121
58	20.3114	1	74.4092	1	0.726738	1	213.707	1	29.1701	1	0.1	276.89	306.273
58	20.3114	1	74.4092	1	0.726738	1	213.707	1	29.1701	1	0.316228	282.553	313.899
58	20.3114	1	74.4092	1	0.726738	1	213.707	1	29.1701	1	1	291.634	326.496
58	20.3114	1	74.4092	1	0.726738	1	213.707	1	29.1701	1	3.16228	300.272	338.418
58	20.3114	1	74.4092	1	0.726738	1	213.707	1	29.1701	1	10	306.317	344.894
58	20.3114	1	74.4092	1	0.726738	1	213.707	1	29.1701	1	31.6228	310.186	347.758
58	20.3114	1	74.4092	1	0.726738	1	213.707	1	29.1701	1	100	308.216	349.221
59	20.0459	1	215.501	1	1.44486	1	375.846	1	29.1418	1	0	273.249	301.462
59	20.0459	1	215.501	1	1.44486	1	375.846	1	29.1418	1	0.001	273.271	301.489
59	20.0459	1	215.501	1	1.44486	1	375.846	1	29.1418	1	0.00316228	273.317	301.549
59	20.0459	1	215.501	1	1.44486	1	375.846	1	29.1418	1	0.01	273.461	301.738
59	20.0459	1	215.501	1	1.44486	1	375.846	1	29.1418	1	0.0316228	273.908	302.322
59	20.0459	1	215.501	1	1.44486	1	375.846	1	29.1418	1	0.1	275.243	304.064
59	20.0459	1	215.501	1	1.44486	1	375.846	1	29.1418	1	0.316228	278.839	308.781
59	20.0459	1	215.501	1	1.44486	1	375.846	1	29.1418	1	1	286.405	318.82
59	20.0459	1	215.501	1	1.44486	1	375.846	1	29.1418	1	3.16228	296.737	332.529
59	20.0459	1	215.501	1	1.44486	1	375.846	1	29.1418	1	10	306.472	343.697
59	20.0459	1	215.501	1	1.44486	1	375.846	1	29.1418	1	31.6228	313.3	350.717
59	20.0459	1	215.501	1	1.44486	1	375.846	1	29.1418	1	100	320.305	358.86
60	15.1907	1	284.111	1	0.823741	1	192.095	1	63.7269	1	0	273.249	301.462
60	15.1907	1	284.111	1	0.823741	1	192.095	1	63.7269	1	0.001	273.287	301.511
60	15.1907	1	284.111	1	0.823741	1	192.095	1	63.7269	1	0.00316228	273.367	301.616
60	15.1907	1	284.111	1	0.823741	1	192.095	1	63.7269	1	0.01	273.619	301.946
60	15.1907	1	284.111	1	0.823741	1	192.095	1	63.7269	1	0.0316228	274.389	302.954
60	15.1907	1	284.111	1	0.823741	1	192.095	1	63.7269	1	0.1	276.594	305.837
60	15.1907	1	284.111	1	0.823741	1	192.095	1	63.7269	1	0.316228	282.006	313.002
60	15.1907	1	284.111	1	0.823741	1	192.095	1	63.7269	1	1	291.414	325.66
60	15.1907	1	284.111	1	0.823741	1	192.095	1	63.7269	1	3.16228	301.962	339.326
60	15.1907	1	284.111	1	0.823741	1	192.095	1	63.7269	1	10	312.451	350.026
60	15.1907	1	284.111	1	0.823741	1	192.095	1	63.7269	1	31.6228	323.716	361.373
60	15.1907	1	284.111	1	0.823741	1	192.095	1	63.7269	1	100	343.831	383.101
61	20.8477	1	596.912	1	0.922601	1	188.879	1	97.7689	1	0	273.249	301.462
61	20.8477	1	596.912	1	0.922601	1	188.879	1	97.7689	1	0.001	273.283	301.505
61	20.8477	1	596.912	1	0.922601	1	188.879	1	97.7689	1	0.00316228	273.355	301.6
61	20.8477	1	596.912	1	0.922601	1	188.879	1	97.7689	1	0.01	273.58	301.895
61	20.8477	1	596.912	1	0.922601	1	188.879	1	97.7689	1	0.0316228	274.272	302.803
61	20.8477	1	596.912	1	0.922601	1	188.879	1	97.7689	1	0.1	276.272	305.424
61	20.8477	1	596.912	1	0.922601	1	188.879	1	97.7689	1	0.316228	281.286	312.064
61	20.8477	1	596.912	1	0.922601	1	188.879	1	97.7689	1	1	290.389	324.365
61	20.8477	1	596.912	1	0.922601	1	188.879	1	97.7689	1	3.16228	301.023	338.454
61	20.8477	1	596.912	1	0.922601	1	188.879	1	97.7689	1	10	311.903	350.184
61	20.8477	1	596.912	1	0.922601	1	188.879	1	97.7689	1	31.6228	325.927	363.785
61	20.8477	1	596.912	1	0.922601	1	188.879	1	97.7689	1	100	350.548	390.256
62	19.4078	1	210.9	1	2.62747	1	315.642	1	47.117	1	0	273.249	301.462
62	19.4078	1	210.9	1	2.62747	1	315.642	1	47.117	1	0.001	273.261	301.477
62	19.4078	1	210.9	1	2.62747	1	315.642	1	47.117	1	0.00316228	273.287	301.51
62	19.4078	1	210.9	1	2.62747	1	315.642	1	47.117	1	0.01	273.368	301.615
62	19.4078	1	210.9	1	2.62747	1	315.642	1	47.117	1	0.0316228	273.623	301.942
62	19.4078	1	210.9	1	2.62747	1	315.642	1	47.117	1	0.1	274.401	302.942
62	19.4078	1	210.9	1	2.62747	1	315.642	1	47.117	1	0.316228	276.64	305.804
62	19.4078	1	210.9	1	2.62747	1	315.642	1	47.117	1	1	282.195	312.94
62	19.4078	1	210.9	1	2.62747	1	315.642	1	47.117	1	3.16228	292.084	325.632
62	19.4078	1	210.9	1	2.62747	1	315.642	1	47.117	1	10	303.931	339.505
62	19.4078	1	210.9	1	2.62747	1	315.642	1	47.117	1	31.6228	313.999	350.185
62	19.4078	1	210.9	1	2.62747	1	315.642	1	47.117	1	100	323.937	361.937
63	33.6251	1	509.451	1	1.71931	1	367.334	1	46.2114	1	0	273.249	301.462
63	33.6251	1	509.451	1	1.71931	1	367.334	1	46.2114	1	0.001	273.267	301.485
63	33.6251	1	509.451	1	1.71931	1	367.334	1	46.2114	1	0.00316228	273.306	301.536
63	33.6251	1	509.451	1	1.71931	1	367.334	1	46.2114	1	0.01	273.427	301.695
63	33.6251	1	509.451	1	1.71931	1	367.334	1	46.2114	1	0.0316228	273.806	302.191
63	33.6251	1	509.451	1	1.71931	1	367.334	1	46.2114	1	0.1	274.944	303.683
63	33.6251	1	509.451	1	1.71931	1	367.334	1	46.2114	1	0.316228	278.077	307.801
63	33.6251	1	509.451	1	1.71931	1	367.334	1	46.2114	1	1	285.011	317.048
63	33.6251	1	509.451	1	1.71931	1	367.334	1	46.2114	1	3.16228	295.238	330.862
63	33.6251	1	509.451	1	1.71931	1	367.334	1	46.2114	1	10	305.507	343.512
63	33.6251	1	509.451	1	1.71931	1	367.334	1	46.2114	1	31.6228	315.971	353.706
63	33.6251	1	509.451	1	1.71931	1	367.334	1	46.2114	1	100	328.897	367.767
64	42.3744	1	366.297	1	0.613567	1	193.128	1	37.0528	1	0	273.249	301.462
64	42.3744	1	366.297	1	0.613567	1	193.128	1	37.0528	1	0.001	273.299	301.527
64	42.3744	1	366.297	1	0.613567	1	193.128	1	37.0528	1	0.00316228	273.405	301.668
64	42.3744	1	366.297	1	0.613567	1	193.128	1	37.0528	1	0.01	273.737	302.107
64	42.3744	1	366.297	1	0.613567	1	193.128	1	37.0528	1	0.0316228	274.739	303.435
64	42.3744	1	366.297	1	0.613567	1	193.128	1	37.0528	1	0.1	277.524	307.133
64	42.3744	1	366.297	1	0.613567	1	193.128	1	37.0528	1	0.316228	283.847	315.716
64	42.3744	1	366.297	1	0.613567	1	193.128	1	37.0528	1	1	293.359	329.083
64	42.3744	1	366.297	1	0.613567	1	193.128	1	37.0528	1	3.16228	302.223	341.527
64	42.3744	1	366.297	1	0.613567	1	193.128	1	37.0528	1	10	309.976	350.465
64	42.3744	1	366.297	1	0.613567	1	193.128	1	37.0528	1	31.6228	321.841	361.288
64	42.3744	1	366.297	1	0.613567	1	193.128	1	37.0528	1	100	343.05	384.048
65	48.15	1	438.872	1	2.4005	1	463.871	1	64.8239	1	0	273.249	301.462
65	48.15	1	438.872	1	2.4005	1	463.871	1	64.8239	1	0.001	273.262	301.478
65	48.15	1	438.872	1	2.4005	1	463.871	1	64.8239	1	0.00316228	273.29	301.515
65	48.15	1	438.872	1	2.4005	1	463.871	1	64.8239	1	0.01	273.377	301.629
65	48.15	1	438.872	1	2.4005	1	463.871	1	64.8239	1	0.0316228	273.648	301.985
65	48.15	1	438.872	1	2.4005	1	463.871	1	64.8239	1	0.1	274.477	303.073
65	48.15	1	438.872	1	2.4005	1	463.871	1	64.8239	1	0.316228	276.831	306.157
65	48.15	1	438.872	1	2.4005	1	463.871	1	64.8239	1	1	282.507	313.705
65	48.15	1	438.872	1	2.4005	1	463.871	1	64.8239	1	3.16228	292.019	326.587
65	48.15	1	438.872	1	2.4005	1	463.871	1	64.8239	1	10	302.236	339.899
65	48.15	1	438.872	1	2.4005	1	463.871	1	64.8239	1	31.6228	312.012	349.902
65	48.15	1	438.872	1	2.4005	1	463.871	1	64.8239	1	100	322.194	360.735
66	22.1578	1	290.143	1	0.970046	1	202.433	1	43.5043	1	0	273.249	301.462
66	22.1578	1	290.143	1	0.970046	1	202.433	1	43.5043	1	0.001	273.281	301.503
66	22.1578	1	290.143	1	0.970046	1	202.433	1	43.5043	1	0.00316228	273.349	301.593
66	22.1578	1	290.143	1	0.970046	1	202.433	1	43.5043	1	0.01	273.563	301.873
66	22.1578	1	290.143	1	0.970046	1	202.433	1	43.5043	1	0.0316228	274.219	302.736
66	22.1578	1	290.143	1	0.970046	1	202.433	1	43.5043	1	0.1	276.126	305.237
66	22.1578	1	290.143	1	0.970046	1	202.433	1	43.5043	1	0.316228	280.941	311.624
66	22.1578	1	290.143	1	0.970046	1	202.433	1	43.5043	1	1	289.813	323.631
66	22.1578	1	290.143	1	0.970046	1	202.433	1	43.5043	1	3.16228	300.197	337.539
66	22.1578	1	290.143	1	0.970046	1	202.433	1	43.5043	1	10	310.25	348.619
66	22.1578	1	290.143	1	0.970046	1	202.433	1	43.5043	1	31.6228	322.018	359.864
66	22.1578	1	290.143	1	0.970046	1	202.433	1	43.5043	1	100	341.492	380.743
67	34.0289	1	244.132	1	1.19237	1	439.022	1	114.512	1	0	273.249	301.462
67	34.0289	1	244.132	1	1.19237	1	439.022	1	114.512	1	0.001	273.275	301.495
67	34.0289	1	244.132	1	1.19237	1	439.022	1	114.512	1	0.00316228	273.33	301.567
67	34.0289	1	244.132	1	1.19237	1	439.022	1	114.512	1	0.01	273.502	301.795
67	34.0289	1	244.132	1	1.19237	1	439.022	1	114.512	1	0.0316228	274.033	302.496
67	34.0289	1	244.132	1	1.19237	1	439.022	1	114.512	1	0.1	275.599	304.561
67	34.0289	1	244.132	1	1.19237	1	439.022	1	114.512	1	0.316228	279.685	310.005
67	34.0289	1	244.132	1	1.19237	1	439.022	1	114.512	1	1	287.678	320.889
67	34.0289	1	244.132	1	1.19237	1	439.022	1	114.512	1	3.16228	297.419	334.378
67	34.0289	1	244.132	1	1.19237	1	439.022	1	114.512	1	10	305.512	344.291
67	34.0289	1	244.132	1	1.19237	1	439.022	1	114.512	1	31.6228	312.886	350.358
67	34.0289	1	244.132	1	1.19237	1	439.022	1	114.512	1	100	319.571	357.054
68	28.0747	1	210.29	1	1.63037	1	233.194	1	62.553	1	0	273.249	301.462
68	28.0747	1	210.29	1	1.63037	1	233.194	1	62.553	1	0.001	273.268	301.486
68	28.0747	1	210.29	1	1.63037	1	233.194	1	62.553	1	0.00316228	273.309	301.54
68	28.0747	1	210.29	1	1.63037	1	233.194	1	62.553	1	0.01	273.437	301.707
68	28.0747	1	210.29	1	1.63037	1	233.194	1	62.553	1	0.0316228	273.834	302.228
68	28.0747	1	210.29	1	1.63037	1	233.194	1	62.553	1	0.1	275.028	303.791
68	28.0747	1	210.29	1	1.63037	1	233.194	1	62.553	1	0.316228	278.294	308.083
68	28.0747	1	210.29	1	1.63037	1	233.194	1	62.553	1	1	285.421	317.575
68	28.0747	1	210.29	1	1.63037	1	233.194	1	62.553	1	3.16228	295.753	331.455
68	28.0747	1	210.29	1	1.63037	1	233.194	1	62.553	1	10	306.206	344.014
68	28.0747	1	210.29	1	1.63037	1	233.194	1	62.553	1	31.6228	317.378	354.612
68	28.0747	1	210.29	1	1.63037	1	233.194	1	62.553	1	100	332.06	370.743
69	21.3312	1	367.344	1	0.83161	1	444.311	1	63.2253	1	0	273.249	301.462
69	21.3312	1	367.344	1	0.83161	1	444.311	1	63.2253	1	0.001	273.286	301.51
69	21.3312	1	367.344	1	0.83161	1	444.311	1	63.2253	1	0.00316228	273.365	301.614
69	21.3312	1	367.344	1	0.83161	1	444.311	1	63.2253	1	0.01	273.612	301.939
69	21.3312	1	367.344	1	0.83161	1	444.311	1	63.2253	1	0.0316228	274.367	302.933
69	21.3312	1	367.344	1	0.83161	1	444.311	1	63.2253	1	0.1	276.529	305.776
69	21.3312	1	367.344	1	0.83161	1	444.311	1	63.2253	1	0.316228	281.822	312.84
69	21.3312	1	367.344	1	0.83161	1	444.311	1	63.2253	1	1	290.921	325.276
69	21.3312	1	367.344	1	0.83161	1	444.311	1	63.2253	1	3.16228	300.586	338.326
69	21.3312	1	367.344	1	0.83161	1	444.311	1	63.2253	1	10	308.872	347.21
69	21.3312	1	367.344	1	0.83161	1	444.311	1	63.2253	1	31.6228	316.196	353.527
69	21.3312	1	367.344	1	0.83161	1	444.311	1	63.2253	1	100	324.171	362.281
70	25.287	1	259.296	1	0.858205	1	495.852	1	21.9204	1	0	273.249	301.462
70	25.287	1	259.296	1	0.858205	1	495.852	1	21.9204	1	0.001	273.285	301.508
70	25.287	1	259.296	1	0.858205	1	495.852	1	21.9204	1	0.00316228	273.361	301.609
70	25.287	1	259.296	1	0.858205	1	495.852	1	21.9204	1	0.01	273.599	301.924
70	25.287	1	259.296	1	0.858205	1	495.852	1	21.9204	1	0.0316228	274.33	302.887
70	25.287	1	259.296	1	0.858205	1	495.852	1	21.9204	1	0.1	276.426	305.649
70	25.287	1	259.296	1	0.858205	1	495.852	1	21.9204	1	0.316228	281.583	312.548
70	25.287	1	259.296	1	0.858205	1	495.852	1	21.9204	1	1	290.507	324.817
70	25.287	1	259.296	1	0.858205	1	495.852	1	21.9204	1	3.16228	299.875	337.718
70	25.287	1	259.296	1	0.858205	1	495.852	1	21.9204	1	10	307.172	345.958
70	25.287	1	259.296	1	0.858205	1	495.852	1	21.9204	1	31.6228	311.889	350.352
70	25.287	1	259.296	1	0.858205	1	495.852	1	21.9204	1	100	316.669	355.694
71	24.7737	1	384.929	1	0.85643	1	192.132	1	65.2293	1	0	273.249	301.462
71	24.7737	1	384.929	1	0.85643	1	192.132	1	65.2293	1	0.001	273.285	301.509
71	24.7737	1	384.929	1	0.85643	1	192.132	1	65.2293	1	0.00316228	273.362	301.61
71	24.7737	1	384.929	1	0.85643	1	192.132	1	65.2293	1	0.01	273.603	301.927
71	24.7737	1	384.929	1	0.85643	1	192.132	1	65.2293	1	0.0316228	274.341	302.899
71	24.7737	1	384.929	1	0.85643	1	192.132	1	65.2293	1	0.1	276.462	305.687
71	24.7737	1	384.929	1	0.85643	1	192.132	1	65.2293	1	0.316228	281.691	312.66
71	24.7737	1	384.929	1	0.85643	1	192.132	1	65.2293	1	1	290.855	325.172
71	24.7737	1	384.929	1	0.85643	1	192.132	1	65.2293	1	3.16228	301.035	338.897
71	24.7737	1	384.929	1	0.85643	1	192.132	1	65.2293	1	10	310.924	349.772
71	24.7737	1	384.929	1	0.85643	1	192.132	1	65.2293	1	31.6228	324.194	362.041
71	24.7737	1	384.929	1	0.85643	1	192.132	1	65.2293	1	100	346.259	385.725
72	25.6742	1	394.955	1	1.31509	1	372.019	1	76.8243	1	0	273.249	301.462
72	25.6742	1	394.955	1	1.31509	1	372.019	1	76.8243	1	0.001	273.273	301.492
72	25.6742	1	394.955	1	1.31509	1	372.019	1	76.8243	1	0.00316228	273.323	301.558
72	25.6742	1	394.955	1	1.31509	1	372.019	1	76.8243	1	0.01	273.481	301.766
72	25.6742	1	394.955	1	1.31509	1	372.019	1	76.8243	1	0.0316228	273.97	302.407
72	25.6742	1	394.955	1	1.31509	1	372.019	1	76.8243	1	0.1	275.421	304.309
72	25.6742	1	394.955	1	1.31509	1	372.019	1	76.8243	1	0.316228	279.278	309.401
72	25.6742	1	394.955	1	1.31509	1	372.019	1	76.8243	1	1	287.134	319.934
72	25.6742	1	394.955	1	1.31509	1	372.019	1	76.8243	1	3.16228	297.449	333.83
72	25.6742	1	394.955	1	1.31509	1	372.019	1	76.8243	1	10	307.189	345.186
72	25.6742	1	394.955	1	1.31509	1	372.019	1	76.8243	1	31.6228	316.853	354.003
72	25.6742	1	394.955	1	1.31509	1	372.019	1	76.8243	1	100	327.961	366.161
73	39.1167	1	520.813	1	0.755615	1	267.702	1	42.386	1	0	273.249	301.462
73	39.1167	1	520.813	1	0.755615	1	267.702	1	42.386	1	0.001	273.29	301.515
73	39.1167	1	520.813	1	0.755615	1	267.702	1	42.386	1	0.00316228	273.376	301.629
73	39.1167	1	520.813	1	0.755615	1	267.702	1	42.386	1	0.01	273.647	301.987
73	39.1167	1	520.813	1	0.755615	1	267.702	1	42.386	1	0.0316228	274.472	303.079
73	39.1167	1	520.813	1	0.755615	1	267.702	1	42.386	1	0.1	276.81	306.169
73	39.1167	1	520.813	1	0.755615	1	267.702	1	42.386	1	0.316228	282.412	313.72
73	39.1167	1	520.813	1	0.755615	1	267.702	1	42.386	1	1	291.628	326.534
73	39.1167	1	520.813	1	0.755615	1	267.702	1	42.386	1	3.16228	300.947	339.552
73	39.1167	1	520.813	1	0.755615	1	267.702	1	42.386	1	10	308.904	348.867
73	39.1167	1	520.813	1	0.755615	1	267.702	1	42.386	1	31.6228	319.422	358.315
73	39.1167	1	520.813	1	0.755615	1	267.702	1	42.386	1	100	336.535	376.513
74	27.1259	1	173.335	1	0.857876	1	265.832	1	33.7167	1	0	273.249	301.462
74	27.1259	1	173.335	1	0.857876	1	265.832	1	33.7167	1	0.001	273.285	301.508
74	27.1259	1	173.335	1	0.857876	1	265.832	1	33.7167	1	0.00316228	273.361	301.609
74	27.1259	1	173.335	1	0.857876	1	265.832	1	33.7167	1	0.01	273.599	301.924
74	27.1259	1	173.335	1	0.857876	1	265.832	1	33.7167	1	0.0316228	274.329	302.887
74	27.1259	1	173.335	1	0.857876	1	265.832	1	33.7167	1	0.1	276.422	305.649
74	27.1259	1	173.335	1	0.857876	1	265.832	1	33.7167	1	0.316228	281.575	312.549
74	27.1259	1	173.335	1	0.857876	1	265.832	1	33.7167	1	1	290.499	324.838
74	27.1259	1	173.335	1	0.857876	1	265.832	1	33.7167	1	3.16228	299.943	337.875
74	27.1259	1	173.335	1	0.857876	1	265.832	1	33.7167	1	10	307.67	346.676
74	27.1259	1	173.335	1	0.857876	1	265.832	1	33.7167	1	31.6228	315.159	353.172
74	27.1259	1	173.335	1	0.857876	1	265.832	1	33.7167	1	100	324.556	364.242
75	36.9612	1	599.118	1	0.85355	1	226.399	1	73.2993	1	0	273.249	301.462
75	36.9612	1	599.118	1	0.85355	1	226.399	1	73.2993	1	0.001	273.285	301.509
75	36.9612	1	599.118	1	0.85355	1	226.399	1	73.2993	1	0.00316228	273.362	301.61
75	36.9612	1	599.118	1	0.85355	1	226.399	1	73.2993	1	0.01	273.603	301.929
75	36.9612	1	599.118	1	0.85355	1	226.399	1	73.2993	1	0.0316228	274.34	302.903
75	36.9612	1	599.118	1	0.85355	1	226.399	1	73.2993	1	0.1	276.457	305.695
75	36.9612	1	599.118	1	0.85355	1	226.399	1	73.2993	1	0.316228	281.662	312.673
75	36.9612	1	599.118	1	0.85355	1	226.399	1	73.2993	1	1	290.714	325.154
75	36.9612	1	599.118	1	0.85355	1	226.399	1	73.2993	1	3.16228	300.536	338.73
75	36.9612	1	599.118	1	0.85355	1	226.399	1	73.2993	1	10	309.507	349.203
75	36.9612	1	599.118	1	0.85355	1	226.399	1	73.2993	1	31.6228	322.084	360.653
75	36.9612	1	599.118	1	0.85355	1	226.399	1	73.2993	1	100	343.471	382.978
76	24.46	1	697.502	1	1.85832	1	172.725	1	75.4532	1	0	273.249	301.462
76	24.46	1	697.502	1	1.85832	1	172.725	1	75.4532	1	0.001	273.266	301.484
76	24.46	1	697.502	1	1.85832	1	172.725	1	75.4532	1	0.00316228	273.303	301.531
76	24.46	1	697.502	1	1.85832	1	172.725	1	75.4532	1	0.01	273.418	301.681
76	24.46	1	697.502	1	1.85832	1	172.725	1	75.4532	1	0.0316228	273.778	302.147
76	24.46	1	697.502	1	1.85832	1	172.725	1	75.4532	1	0.1	274.865	303.557
76	24.46	1	697.502	1	1.85832	1	172.725	1	75.4532	1	0.316228	277.893	307.483
76	24.46	1	697.502	1	1.85832	1	172.725	1	75.4532	1	1	284.833	316.566
76	24.46	1	697.502	1	1.85832	1	172.725	1	75.4532	1	3.16228	295.886	330.991
76	24.46	1	697.502	1	1.85832	1	172.725	1	75.4532	1	10	309.043	346.298
76	24.46	1	697.502	1	1.85832	1	172.725	1	75.4532	1	31.6228	326.112	363.521
76	24.46	1	697.502	1	1.85832	1	172.725	1	75.4532	1	100	353.994	393.814
77	33.2327	1	436.957	1	0.931831	1	139.683	1	51.3214	1	0	273.249	301.462
77	33.2327	1	436.957	1	0.931831	1	139.683	1	51.3214	1	0.001	273.282	301.505
77	33.2327	1	436.957	1	0.931831	1	139.683	1	51.3214	1	0.00316228	273.353	301.599
77	33.2327	1	436.957	1	0.931831	1	139.683	1	51.3214	1	0.01	273.576	301.892
77	33.2327	1	436.957	1	0.931831	1	139.683	1	51.3214	1	0.0316228	274.259	302.792
77	33.2327	1	436.957	1	0.931831	1	139.683	1	51.3214	1	0.1	276.238	305.396
77	33.2327	1	436.957	1	0.931831	1	139.683	1	51.3214	1	0.316228	281.199	312.004
77	33.2327	1	436.957	1	0.931831	1	139.683	1	51.3214	1	1	290.219	324.323
77	33.2327	1	436.957	1	0.931831	1	139.683	1	51.3214	1	3.16228	300.751	338.636
77	33.2327	1	436.957	1	0.931831	1	139.683	1	51.3214	1	10	311.545	351.064
77	33.2327	1	436.957	1	0.931831	1	139.683	1	51.3214	1	31.6228	328.37	367.181
77	33.2327	1	436.957	1	0.931831	1	139.683	1	51.3214	1	100	359.239	399.845
78	25.587	1	644.542	1	0.43431	1	314.995	1	60.5321	1	0	273.249	301.462
78	25.587	1	644.542	1	0.43431	1	314.995	1	60.5321	1	0.001	273.319	301.554
78	25.587	1	644.542	1	0.43431	1	314.995	1	60.5321	1	0.00316228	273.469	301.752
78	25.587	1	644.542	1	0.43431	1	314.995	1	60.5321	1	0.01	273.932	302.365
78	25.587	1	644.542	1	0.43431	1	314.995	1	60.5321	1	0.0316228	275.308	304.188
78	25.587	1	644.542	1	0.43431	1	314.995	1	60.5321	1	0.1	278.977	309.09
78	25.587	1	644.542	1	0.43431	1	314.995	1	60.5321	1	0.316228	286.465	319.34
78	25.587	1	644.542	1	0.43431	1	314.995	1	60.5321	1	1	296.083	332.957
78	25.587	1	644.542	1	0.43431	1	314.995	1	60.5321	1	3.16228	303.953	343.65
78	25.587	1	644.542	1	0.43431	1	314.995	1	60.5321	1	10	311.038	350.678
78	25.587	1	644.542	1	0.43431	1	314.995	1	60.5321	1	31.6228	320.538	358.622
78	25.587	1	644.542	1	0.43431	1	314.995	1	60.5321	1	100	335.543	374.601
79	20.3976	1	626.659	1	1.05384	1	464.406	1	93.3081	1	0	273.249	301.462
79	20.3976	1	626.659	1	1.05384	1	464.406	1	93.3081	1	0.001	273.279	301.5
79	20.3976	1	626.659	1	1.05384	1	464.406	1	93.3081	1	0.00316228	273.341	301.582
79	20.3976	1	626.659	1	1.05384	1	464.406	1	93.3081	1	0.01	273.538	301.84
79	20.3976	1	626.659	1	1.05384	1	464.406	1	93.3081	1	0.0316228	274.144	302.635
79	20.3976	1	626.659	1	1.05384	1	464.406	1	93.3081	1	0.1	275.915	304.955
79	20.3976	1	626.659	1	1.05384	1	464.406	1	93.3081	1	0.316228	280.456	310.959
79	20.3976	1	626.659	1	1.05384	1	464.406	1	93.3081	1	1	289.052	322.526
79	20.3976	1	626.659	1	1.05384	1	464.406	1	93.3081	1	3.16228	299.341	336.238
79	20.3976	1	626.659	1	1.05384	1	464.406	1	93.3081	1	10	308.831	346.656
79	20.3976	1	626.659	1	1.05384	1	464.406	1	93.3081	1	31.6228	317.294	354.565
79	20.3976	1	626.659	1	1.05384	1	464.406	1	93.3081	1	100	327.464	365.761
80	26.333	1	340.967	1	1.95121	1	93.6043	1	107.652	1	0	273.249	301.462
80	26.333	1	340.967	1	1.95121	1	93.6043	1	107.652	1	0.001	273.266	301.483
80	26.333	1	340.967	1	1.95121	1	93.6043	1	107.652	1	0.00316228	273.301	301.529
80	26.333	1	340.967	1	1.95121	1	93.6043	1	107.652	1	0.01	273.413	301.673
80	26.333	1	340.967	1	1.95121	1	93.6043	1	107.652	1	0.0316228	273.761	302.124
80	26.333	1	340.967	1	1.95121	1	93.6043	1	107.652	1	0.1	274.818	303.491
80	26.333	1	340.967	1	1.95121	1	93.6043	1	107.652	1	0.316228	277.786	307.323
80	26.333	1	340.967	1	1.95121	1	93.6043	1	107.652	1	1	284.733	316.371
80	26.333	1	340.967	1	1.95121	1	93.6043	1	107.652	1	3.16228	296.374	331.432
80	26.333	1	340.967	1	1.95121	1	93.6043	1	107.652	1	10	311.838	349.364
80	26.333	1	340.967	1	1.95121	1	93.6043	1	107.652	1	31.6228	335.6	373.388
80	26.333	1	340.967	1	1.95121	1	93.6043	1	107.652	1	100	377.129	417.932
81	29.8904	1	540.4	1	1.42908	1	307.133	1	70.3432	1	0	273.249	301.462
81	29.8904	1	540.4	1	1.42908	1	307.133	1	70.3432	1	0.001	273.271	301.49
81	29.8904	1	540.4	1	1.42908	1	307.133	1	70.3432	1	0.00316228	273.317	301.551
81	29.8904	1	540.4	1	1.42908	1	307.133	1	70.3432	1	0.01	273.463	301.742
81	29.8904	1	540.4	1	1.42908	1	307.133	1	70.3432	1	0.0316228	273.916	302.336
81	29.8904	1	540.4	1	1.42908	1	307.133	1	70.3432	1	0.1	275.266	304.106
81	29.8904	1	540.4	1	1.42908	1	307.133	1	70.3432	1	0.316228	278.898	308.896
81	29.8904	1	540.4	1	1.42908	1	307.133	1	70.3432	1	1	286.507	319.088
81	29.8904	1	540.4	1	1.42908	1	307.133	1	70.3432	1	3.16228	296.931	333.146
81	29.8904	1	540.4	1	1.42908	1	307.133	1	70.3432	1	10	307.217	345.419
81	29.8904	1	540.4	1	1.42908	1	307.133	1	70.3432	1	31.6228	318.733	356.279
81	29.8904	1	540.4	1	1.42908	1	307.133	1	70.3432	1	100	334.352	373.057
82	38.0464	1	213.196	1	0.664443	1	222.592	1	43.4301	1	0	273.249	301.462
82	38.0464	1	213.196	1	0.664443	1	222.592	1	43.4301	1	0.001	273.295	301.522
82	38.0464	1	213.196	1	0.664443	1	222.592	1	43.4301	1	0.00316228	273.393	301.652
82	38.0464	1	213.196	1	0.664443	1	222.592	1	43.4301	1	0.01	273.699	302.057
82	38.0464	1	213.196	1	0.664443	1	222.592	1	43.4301	1	0.0316228	274.626	303.285
82	38.0464	1	213.196	1	0.664443	1	222.592	1	43.4301	1	0.1	277.222	306.725
82	38.0464	1	213.196	1	0.664443	1	222.592	1	43.4301	1	0.316228	283.241	314.88
82	38.0464	1	213.196	1	0.664443	1	222.592	1	43.4301	1	1	292.58	327.977
82	38.0464	1	213.196	1	0.664443	1	222.592	1	43.4301	1	3.16228	301.385	340.373
82	38.0464	1	213.196	1	0.664443	1	222.592	1	43.4301	1	10	308.504	348.631
82	38.0464	1	213.196	1	0.664443	1	222.592	1	43.4301	1	31.6228	317.784	356.606
82	38.0464	1	213.196	1	0.664443	1	222.592	1	43.4301	1	100	332.243	372.399
83	31.2326	1	462.082	1	0.973865	1	217.864	1	62.3246	1	0	273.249	301.462
83	31.2326	1	462.082	1	0.973865	1	217.864	1	62.3246	1	0.001	273.281	301.503
83	31.2326	1	462.082	1	0.973865	1	217.864	1	62.3246	1	0.00316228	273.349	301.592
83	31.2326	1	462.082	1	0.973865	1	217.864	1	62.3246	1	0.01	273.561	301.872
83	31.2326	1	462.082	1	0.973865	1	217.864	1	62.3246	1	0.0316228	274.213	302.731
83	31.2326	1	462.082	1	0.973865	1	217.864	1	62.3246	1	0.1	276.107	305.224
83	31.2326	1	462.082	1	0.973865	1	217.864	1	62.3246	1	0.316228	280.888	311.594
83	31.2326	1	462.082	1	0.973865	1	217.864	1	62.3246	1	1	289.671	323.582
83	31.2326	1	462.082	1	0.973865	1	217.864	1	62.3246	1	3.16228	299.857	337.493
83	31.2326	1	462.082	1	0.973865	1	217.864	1	62.3246	1	10	309.473	348.623
83	31.2326	1	462.082	1	0.973865	1	217.864	1	62.3246	1	31.6228	322.202	360.347
83	31.2326	1	462.082	1	0.973865	1	217.864	1	62.3246	1	100	342.945	382.345
84	20.0847	1	820.906	1	1.25022	1	357.591	1	59.2428	1	0	273.249	301.462
84	20.0847	1	820.906	1	1.25022	1	357.591	1	59.2428	1	0.001	273.274	301.494
84	20.0847	1	820.906	1	1.25022	1	357.591	1	59.2428	1	0.00316228	273.327	301.564
84	20.0847	1	820.906	1	1.25022	1	357.591	1	59.2428	1	0.01	273.495	301.782
84	20.0847	1	820.906	1	1.25022	1	357.591	1	59.2428	1	0.0316228	274.013	302.459
84	20.0847	1	820.906	1	1.25022	1	357.591	1	59.2428	1	0.1	275.545	304.459
84	20.0847	1	820.906	1	1.25022	1	357.591	1	59.2428	1	0.316228	279.594	309.779
84	20.0847	1	820.906	1	1.25022	1	357.591	1	59.2428	1	1	287.753	320.634
84	20.0847	1	820.906	1	1.25022	1	357.591	1	59.2428	1	3.16228	298.445	334.757
84	20.0847	1	820.906	1	1.25022	1	357.591	1	59.2428	1	10	309.031	346.559
84	20.0847	1	820.906	1	1.25022	1	357.591	1	59.2428	1	31.6228	319.292	356.724
84	20.0847	1	820.906	1	1.25022	1	357.591	1	59.2428	1	100	333.809	372.683
85	34.4992	1	227.761	1	0.909982	1	339.006	1	86.6379	1	0	273.249	301.462
85	34.4992	1	227.761	1	0.909982	1	339.006	1	86.6379	1	0.001	273.283	301.506
85	34.4992	1	227.761	1	0.909982	1	339.006	1	86.6379	1	0.00316228	273.354	301.6
85	34.4992	1	227.761	1	0.909982	1	339.006	1	86.6379	1	0.01	273.579	301.897
85	34.4992	1	227.761	1	0.909982	1	339.006	1	86.6379	1	0.0316228	274.267	302.807
85	34.4992	1	227.761	1	0.909982	1	339.006	1	86.6379	1	0.1	276.253	305.431
85	34.4992	1	227.761	1	0.909982	1	339.006	1	86.6379	1	0.316228	281.189	312.045
85	34.4992	1	227.761	1	0.909982	1	339.006	1	86.6379	1	1	289.923	324.104
85	34.4992	1	227.761	1	0.909982	1	339.006	1	86.6379	1	3.16228	299.319	337.229
85	34.4992	1	227.761	1	0.909982	1	339.006	1	86.6379	1	10	306.804	346.155
85	34.4992	1	227.761	1	0.909982	1	339.006	1	86.6379	1	31.6228	314.613	352.478
85	34.4992	1	227.761	1	0.909982	1	339.006	1	86.6379	1	100	323.771	361.859
86	22.8612	1	372.964	1	1.28271	1	256.484	1	69.7927	1	0	273.249	301.462
86	22.8612	1	372.964	1	1.28271	1	256.484	1	69.7927	1	0.001	273.273	301.493
86	22.8612	1	372.964	1	1.28271	1	256.484	1	69.7927	1	0.00316228	273.325	301.561
86	22.8612	1	372.964	1	1.28271	1	256.484	1	69.7927	1	0.01	273.488	301.774
86	22.8612	1	372.964	1	1.28271	1	256.484	1	69.7927	1	0.0316228	273.992	302.434
86	22.8612	1	372.964	1	1.28271	1	256.484	1	69.7927	1	0.1	275.485	304.386
86	22.8612	1	372.964	1	1.28271	1	256.484	1	69.7927	1	0.316228	279.443	309.599
86	22.8612	1	372.964	1	1.28271	1	256.484	1	69.7927	1	1	287.476	320.323
86	22.8612	1	372.964	1	1.28271	1	256.484	1	69.7927	1	3.16228	298.091	334.472
86	22.8612	1	372.964	1	1.28271	1	256.484	1	69.7927	1	10	308.674	346.511
86	22.8612	1	372.964	1	1.28271	1	256.484	1	69.7927	1	31.6228	320.199	357.485
86	22.8612	1	372.964	1	1.28271	1	256.484	1	69.7927	1	100	336.707	375.443
87	24.4826	1	162.992	1	1.65789	1	223.813	1	84.8426	1	0	273.249	301.462
87	24.4826	1	162.992	1	1.65789	1	223.813	1	84.8426	1	0.001	273.268	301.486
87	24.4826	1	162.992	1	1.65789	1	223.813	1	84.8426	1	0.00316228	273.308	301.538
87	24.4826	1	162.992	1	1.65789	1	223.813	1	84.8426	1	0.01	273.433	301.702
87	24.4826	1	162.992	1	1.65789	1	223.813	1	84.8426	1	0.0316228	273.824	302.214
87	24.4826	1	162.992	1	1.65789	1	223.813	1	84.8426	1	0.1	274.998	303.748
87	24.4826	1	162.992	1	1.65789	1	223.813	1	84.8426	1	0.316228	278.216	307.968
87	24.4826	1	162.992	1	1.65789	1	223.813	1	84.8426	1	1	285.278	317.337
87	24.4826	1	162.992	1	1.65789	1	223.813	1	84.8426	1	3.16228	295.586	331.102
87	24.4826	1	162.992	1	1.65789	1	223.813	1	84.8426	1	10	306.056	343.479
87	24.4826	1	162.992	1	1.65789	1	223.813	1	84.8426	1	31.6228	316.727	353.427
87	24.4826	1	162.992	1	1.65789	1	223.813	1	84.8426	1	100	330.174	368.31
88	15.6054	1	217.334	1	1.15123	1	327.272	1	109.315	1	0	273.249	301.462
88	15.6054	1	217.334	1	1.15123	1	327.272	1	109.315	1	0.001	273.276	301.496
88	15.6054	1	217.334	1	1.15123	1	327.272	1	109.315	1	0.00316228	273.334	301.572
88	15.6054	1	217.334	1	1.15123	1	327.272	1	109.315	1	0.01	273.514	301.808
88	15.6054	1	217.334	1	1.15123	1	327.272	1	109.315	1	0.0316228	274.073	302.536
88	15.6054	1	217.334	1	1.15123	1	327.272	1	109.315	1	0.1	275.715	304.676
88	15.6054	1	217.334	1	1.15123	1	327.272	1	109.315	1	0.316228	279.995	310.296
88	15.6054	1	217.334	1	1.15123	1	327.272	1	109.315	1	1	288.389	321.439
88	15.6054	1	217.334	1	1.15123	1	327.272	1	109.315	1	3.16228	298.944	335.204
88	15.6054	1	217.334	1	1.15123	1	327.272	1	109.315	1	10	308.853	345.779
88	15.6054	1	217.334	1	1.15123	1	327.272	1	109.315	1	31.6228	316.236	353.077
88	15.6054	1	217.334	1	1.15123	1	327.272	1	109.315	1	100	325.145	363.022
89	15.301	1	236.353	1	0.977083	1	334.298	1	80.3205	1	0	273.249	301.462
89	15.301	1	236.353	1	0.977083	1	334.298	1	80.3205	1	0.001	273.281	301.503
89	15.301	1	236.353	1	0.977083	1	334.298	1	80.3205	1	0.00316228	273.348	301.591
89	15.301	1	236.353	1	0.977083	1	334.298	1	80.3205	1	0.01	273.561	301.869
89	15.301	1	236.353	1	0.977083	1	334.298	1	80.3205	1	0.0316228	274.213	302.722
89	15.301	1	236.353	1	0.977083	1	334.298	1	80.3205	1	0.1	276.108	305.197
89	15.301	1	236.353	1	0.977083	1	334.298	1	80.3205	1	0.316228	280.901	311.516
89	15.301	1	236.353	1	0.977083	1	334.298	1	80.3205	1	1	289.767	323.38
89	15.301	1	236.353	1	0.977083	1	334.298	1	80.3205	1	3.16228	300.139	336.925
89	15.301	1	236.353	1	0.977083	1	334.298	1	80.3205	1	10	309.62	346.801
89	15.301	1	236.353	1	0.977083	1	334.298	1	80.3205	1	31.6228	316.734	353.775
89	15.301	1	236.353	1	0.977083	1	334.298	1	80.3205	1	100	325.752	363.801
90	22.0047	1	455.907	1	0.777208	1	130.876	1	52.8419	1	0	273.249	301.462
90	22.0047	1	455.907	1	0.777208	1	130.876	1	52.8419	1	0.001	273.289	301.514
90	22.0047	1	455.907	1	0.777208	1	130.876	1	52.8419	1	0.00316228	273.374	301.626
90	22.0047	1	455.907	1	0.777208	1	130.876	1	52.8419	1	0.01	273.641	301.976
90	22.0047	1	455.907	1	0.777208	1	130.876	1	52.8419	1	0.0316228	274.455	303.047
90	22.0047	1	455.907	1	0.777208	1	130.876	1	52.8419	1	0.1	276.773	306.089
90	22.0047	1	455.907	1	0.777208	1	130.876	1	52.8419	1	0.316228	282.391	313.582
90	22.0047	1	455.907	1	0.777208	1	130.876	1	52.8419	1	1	291.94	326.581
90	22.0047	1	455.907	1	0.777208	1	130.876	1	52.8419	1	3.16228	302.52	340.606
90	22.0047	1	455.907	1	0.777208	1	130.876	1	52.8419	1	10	313.931	352.776
90	22.0047	1	455.907	1	0.777208	1	130.876	1	52.8419	1	31.6228	331.168	369.567
90	22.0047	1	455.907	1	0.777208	1	130.876	1	52.8419	1	100	363.449	404.07
91	42.7006	1	407.405	1	1.76594	1	453.611	1	52.1244	1	0	273.249	301.462
91	42.7006	1	407.405	1	1.76594	1	453.611	1	52.1244	1	0.001	273.267	301.484
91	42.7006	1	407.405	1	1.76594	1	453.611	1	52.1244	1	0.00316228	273.304	301.533
91	42.7006	1	407.405	1	1.76594	1	453.611	1	52.1244	1	0.01	273.421	301.688
91	42.7006	1	407.405	1	1.76594	1	453.611	1	52.1244	1	0.0316228	273.787	302.169
91	42.7006	1	407.405	1	1.76594	1	453.611	1	52.1244	1	0.1	274.889	303.618
91	42.7006	1	407.405	1	1.76594	1	453.611	1	52.1244	1	0.316228	277.925	307.625
91	42.7006	1	407.405	1	1.76594	1	453.611	1	52.1244	1	1	284.668	316.677
91	42.7006	1	407.405	1	1.76594	1	453.611	1	52.1244	1	3.16228	294.576	330.245
91	42.7006	1	407.405	1	1.76594	1	453.611	1	52.1244	1	10	304.05	342.389
91	42.7006	1	407.405	1	1.76594	1	453.611	1	52.1244	1	31.6228	312.976	350.997
91	42.7006	1	407.405	1	1.76594	1	453.611	1	52.1244	1	100	322.133	360.985
92	26.2257	1	537.149	1	1.4475	1	724.365	1	67.8778	1	0	273.249	301.462
92	26.2257	1	537.149	1	1.4475	1	724.365	1	67.8778	1	0.001	273.271	301.489
92	26.2257	1	537.149	1	1.4475	1	724.365	1	67.8778	1	0.00316228	273.316	301.549
92	26.2257	1	537.149	1	1.4475	1	724.365	1	67.8778	1	0.01	273.46	301.737
92	26.2257	1	537.149	1	1.4475	1	724.365	1	67.8778	1	0.0316228	273.905	302.321
92	26.2257	1	537.149	1	1.4475	1	724.365	1	67.8778	1	0.1	275.233	304.061
92	26.2257	1	537.149	1	1.4475	1	724.365	1	67.8778	1	0.316228	278.809	308.773
92	26.2257	1	537.149	1	1.4475	1	724.365	1	67.8778	1	1	286.31	318.803
92	26.2257	1	537.149	1	1.4475	1	724.365	1	67.8778	1	3.16228	296.478	332.503
92	26.2257	1	537.149	1	1.4475	1	724.365	1	67.8778	1	10	305.901	343.672
92	26.2257	1	537.149	1	1.4475	1	724.365	1	67.8778	1	31.6228	313.789	350.828
92	26.2257	1	537.149	1	1.4475	1	724.365	1	67.8778	1	100	319.387	357.192
93	27.7477	1	303.581	1	0.994274	1	265.777	1	36.8286	1	0	273.249	301.462
93	27.7477	1	303.581	1	0.994274	1	265.777	1	36.8286	1	0.001	273.28	301.502
93	27.7477	1	303.581	1	0.994274	1	265.777	1	36.8286	1	0.00316228	273.346	301.589
93	27.7477	1	303.581	1	0.994274	1	265.777	1	36.8286	1	0.01	273.554	301.862
93	27.7477	1	303.581	1	0.994274	1	265.777	1	36.8286	1	0.0316228	274.192	302.703
93	27.7477	1	303.581	1	0.994274	1	265.777	1	36.8286	1	0.1	276.046	305.144
93	27.7477	1	303.581	1	0.994274	1	265.777	1	36.8286	1	0.316228	280.744	311.398
93	27.7477	1	303.581	1	0.994274	1	265.777	1	36.8286	1	1	289.418	323.218
93	27.7477	1	303.581	1	0.994274	1	265.777	1	36.8286	1	3.16228	299.433	336.894
93	27.7477	1	303.581	1	0.994274	1	265.777	1	36.8286	1	10	308.412	347.239
93	27.7477	1	303.581	1	0.994274	1	265.777	1	36.8286	1	31.6228	318.181	356.297
93	27.7477	1	303.581	1	0.994274	1	265.777	1	36.8286	1	100	332.62	371.933
94	18.2488	1	204.033	1	1.09402	1	410.463	1	50.045	1	0	273.249	301.462
94	18.2488	1	204.033	1	1.09402	1	410.463	1	50.045	1	0.001	273.277	301.498
94	18.2488	1	204.033	1	1.09402	1	410.463	1	50.045	1	0.00316228	273.338	301.577
94	18.2488	1	204.033	1	1.09402	1	410.463	1	50.045	1	0.01	273.526	301.825
94	18.2488	1	204.033	1	1.09402	1	410.463	1	50.045	1	0.0316228	274.109	302.588
94	18.2488	1	204.033	1	1.09402	1	410.463	1	50.045	1	0.1	275.815	304.821
94	18.2488	1	204.033	1	1.09402	1	410.463	1	50.045	1	0.316228	280.215	310.634
94	18.2488	1	204.033	1	1.09402	1	410.463	1	50.045	1	1	288.641	321.943
94	18.2488	1	204.033	1	1.09402	1	410.463	1	50.045	1	3.16228	298.782	335.429
94	18.2488	1	204.033	1	1.09402	1	410.463	1	50.045	1	10	307.675	345.144
94	18.2488	1	204.033	1	1.09402	1	410.463	1	50.045	1	31.6228	313.858	350.745
94	18.2488	1	204.033	1	1.09402	1	410.463	1	50.045	1	100	318.863	356.807
95	18.8285	1	544.237	1	1.5468	1	1058.61	1	94.1547	1	0	273.249	301.462
95	18.8285	1	544.237	1	1.5468	1	1058.61	1	94.1547	1	0.001	273.269	301.488
95	18.8285	1	544.237	1	1.5468	1	1058.61	1	94.1547	1	0.00316228	273.312	301.544
95	18.8285	1	544.237	1	1.5468	1	1058.61	1	94.1547	1	0.01	273.448	301.72
95	18.8285	1	544.237	1	1.5468	1	1058.61	1	94.1547	1	0.0316228	273.868	302.268
95	18.8285	1	544.237	1	1.5468	1	1058.61	1	94.1547	1	0.1	275.128	303.906
95	18.8285	1	544.237	1	1.5468	1	1058.61	1	94.1547	1	0.316228	278.555	308.377
95	18.8285	1	544.237	1	1.5468	1	1058.61	1	94.1547	1	1	285.926	318.087
95	18.8285	1	544.237	1	1.5468	1	1058.61	1	94.1547	1	3.16228	296.348	331.773
95	18.8285	1	544.237	1	1.5468	1	1058.61	1	94.1547	1	10	306.41	343.176
95	18.8285	1	544.237	1	1.5468	1	1058.61	1	94.1547	1	31.6228	313.079	349.781
95	18.8285	1	544.237	1	1.5468	1	1058.61	1	94.1547	1	100	316.269	353.748
96	24.8633	1	159.429	1	1.05119	1	570.188	1	50.1244	1	0	273.249	301.462
96	24.8633	1	159.429	1	1.05119	1	570.188	1	50.1244	1	0.001	273.278	301.499
96	24.8633	1	159.429	1	1.05119	1	570.188	1	50.1244	1	0.00316228	273.34	301.581
96	24.8633	1	159.429	1	1.05119	1	570.188	1	50.1244	1	0.01	273.534	301.838
96	24.8633	1	159.429	1	1.05119	1	570.188	1	50.1244	1	0.0316228	274.133	302.627
96	24.8633	1	159.429	1	1.05119	1	570.188	1	50.1244	1	0.1	275.879	304.927
96	24.8633	1	159.429	1	1.05119	1	570.188	1	50.1244	1	0.316228	280.335	310.866
96	24.8633	1	159.429	1	1.05119	1	570.188	1	50.1244	1	1	288.662	322.221
96	24.8633	1	159.429	1	1.05119	1	570.188	1	50.1244	1	3.16228	298.124	335.246
96	24.8633	1	159.429	1	1.05119	1	570.188	1	50.1244	1	10	305.368	343.665
96	24.8633	1	159.429	1	1.05119	1	570.188	1	50.1244	1	31.6228	309.584	346.578
96	24.8633	1	159.429	1	1.05119	1	570.188	1	50.1244	1	100	308.755	346.758
97	33.1604	1	449.339	1	1.6755	1	322.831	1	61.8993	1	0	273.249	301.462
97	33.1604	1	449.339	1	1.6755	1	322.831	1	61.8993	1	0.001	273.268	301.486
97	33.1604	1	449.339	1	1.6755	1	322.831	1	61.8993	1	0.00316228	273.307	301.538
97	33.1604	1	449.339	1	1.6755	1	322.831	1	61.8993	1	0.01	273.432	301.701
97	33.1604	1	449.339	1	1.6755	1	322.831	1	61.8993	1	0.0316228	273.82	302.21
97	33.1604	1	449.339	1	1.6755	1	322.831	1	61.8993	1	0.1	274.986	303.738
97	33.1604	1	449.339	1	1.6755	1	322.831	1	61.8993	1	0.316228	278.186	307.946
97	33.1604	1	449.339	1	1.6755	1	322.831	1	61.8993	1	1	285.215	317.324
97	33.1604	1	449.339	1	1.6755	1	322.831	1	61.8993	1	3.16228	295.5	331.212
97	33.1604	1	449.339	1	1.6755	1	322.831	1	61.8993	1	10	305.873	343.92
97	33.1604	1	449.339	1	1.6755	1	322.831	1	61.8993	1	31.6228	317.016	354.602
97	33.1604	1	449.339	1	1.6755	1	322.831	1	61.8993	1	100	331.314	369.95
98	31.9777	1	337.078	1	0.603638	1	175.75	1	45.5331	1	0	273.249	301.462
98	31.9777	1	337.078	1	0.603638	1	175.75	1	45.5331	1	0.001	273.3	301.528
98	31.9777	1	337.078	1	0.603638	1	175.75	1	45.5331	1	0.00316228	273.408	301.671
98	31.9777	1	337.078	1	0.603638	1	175.75	1	45.5331	1	0.01	273.745	302.118
98	31.9777	1	337.078	1	0.603638	1	175.75	1	45.5331	1	0.0316228	274.765	303.466
98	31.9777	1	337.078	1	0.603638	1	175.75	1	45.5331	1	0.1	277.595	307.22
98	31.9777	1	337.078	1	0.603638	1	175.75	1	45.5331	1	0.316228	283.998	315.893
98	31.9777	1	337.078	1	0.603638	1	175.75	1	45.5331	1	1	293.609	329.326
98	31.9777	1	337.078	1	0.603638	1	175.75	1	45.5331	1	3.16228	302.695	341.843
98	31.9777	1	337.078	1	0.603638	1	175.75	1	45.5331	1	10	311.14	351.113
98	31.9777	1	337.078	1	0.603638	1	175.75	1	45.5331	1	31.6228	324.161	362.912
98	31.9777	1	337.078	1	0.603638	1	175.75	1	45.5331	1	100	347.196	387.441
99	31.2476	1	153.359	1	1.69867	1	216.163	1	91.0595	1	0	273.249	301.462
99	31.2476	1	153.359	1	1.69867	1	216.163	1	91.0595	1	0.001	273.267	301.485
99	31.2476	1	153.359	1	1.69867	1	216.163	1	91.0595	1	0.00316228	273.306	301.536
99	31.2476	1	153.359	1	1.69867	1	216.163	1	91.0595	1	0.01	273.428	301.696
99	31.2476	1	153.359	1	1.69867	1	216.163	1	91.0595	1	0.0316228	273.807	302.195
99	31.2476	1	153.359	1	1.69867	1	216.163	1	91.0595	1	0.1	274.948	303.692
99	31.2476	1	153.359	1	1.69867	1	216.163	1	91.0595	1	0.316228	278.081	307.819
99	31.2476	1	153.359	1	1.69867	1	216.163	1	91.0595	1	1	284.985	317.045
99	31.2476	1	153.359	1	1.69867	1	216.163	1	91.0595	1	3.16228	295.073	330.711
99	31.2476	1	153.359	1	1.69867	1	216.163	1	91.0595	1	10	305.079	343.019
99	31.2476	1	153.359	1	1.69867	1	216.163	1	91.0595	1	31.6228	315.644	352.904
99	31.2476	1	153.359	1	1.69867	1	216.163	1	91.0595	1	100	329.723	367.908
100	36.4495	1	201.658	1	0.98686	1	441.787	1	67.1967	1	0	273.249	301.462
100	36.4495	1	201.658	1	0.98686	1	441.787	1	67.1967	1	0.001	273.28	301.502
100	36.4495	1	201.658	1	0.98686	1	441.787	1	67.1967	1	0.00316228	273.346	301.589
100	36.4495	1	201.658	1	0.98686	1	441.787	1	67.1967	1	0.01	273.552	301.863
100	36.4495	1	201.658	1	0.98686	1	441.787	1	67.1967	1	0.0316228	274.188	302.703
100	36.4495	1	201.658	1	0.98686	1	441.787	1	67.1967	1	0.1	276.032	305.141
100	36.4495	1	201.658	1	0.98686	1	441.787	1	67.1967	1	0.316228	280.68	311.368
100	36.4495	1	201.658	1	0.98686	1	441.787	1	67.1967	1	1	289.146	323.038
100	36.4495	1	201.658	1	0.98686	1	441.787	1	67.1967	1	3.16228	298.462	336.129
100	36.4495	1	201.658	1	0.98686	1	441.787	1	67.1967	1	10	305.496	344.785
100	36.4495	1	201.658	1	0.98686	1	441.787	1	67.1967	1	31.6228	311.452	349.372
100	36.4495	1	201.658	1	0.98686	1	441.787	1	67.1967	1	100	315.951	354.141
101	27.9284	1	527.035	1	0.597563	1	385.975	1	113.231	1	0	273.249	301.462
101	27.9284	1	527.035	1	0.597563	1	385.975	1	113.231	1	0.001	273.3	301.529
101	27.9284	1	527.035	1	0.597563	1	385.975	1	113.231	1	0.00316228	273.409	301.673
101	27.9284	1	527.035	1	0.597563	1	385.975	1	113.231	1	0.01	273.749	302.122
101	27.9284	1	527.035	1	0.597563	1	385.975	1	113.231	1	0.0316228	274.775	303.48
101	27.9284	1	527.035	1	0.597563	1	385.975	1	113.231	1	0.1	277.62	307.253
101	27.9284	1	527.035	1	0.597563	1	385.975	1	113.231	1	0.316228	284.027	315.933
101	27.9284	1	527.035	1	0.597563	1	385.975	1	113.231	1	1	293.539	329.233
101	27.9284	1	527.035	1	0.597563	1	385.975	1	113.231	1	3.16228	302.221	341.203
101	27.9284	1	527.035	1	0.597563	1	385.975	1	113.231	1	10	309.478	348.926
101	27.9284	1	527.035	1	0.597563	1	385.975	1	113.231	1	31.6228	318.251	355.966
101	27.9284	1	527.035	1	0.597563	1	385.975	1	113.231	1	100	329.832	368.233
102	25.8143	1	554.257	1	0.908081	1	197.395	1	104.037	1	0	273.249	301.462
102	25.8143	1	554.257	1	0.908081	1	197.395	1	104.037	1	0.001	273.283	301.506
102	25.8143	1	554.257	1	0.908081	1	197.395	1	104.037	1	0.00316228	273.356	301.602
102	25.8143	1	554.257	1	0.908081	1	197.395	1	104.037	1	0.01	273.584	301.902
102	25.8143	1	554.257	1	0.908081	1	197.395	1	104.037	1	0.0316228	274.283	302.822
102	25.8143	1	554.257	1	0.908081	1	197.395	1	104.037	1	0.1	276.302	305.475
102	25.8143	1	554.257	1	0.908081	1	197.395	1	104.037	1	0.316228	281.339	312.177
102	25.8143	1	554.257	1	0.908081	1	197.395	1	104.037	1	1	290.385	324.498
102	25.8143	1	554.257	1	0.908081	1	197.395	1	104.037	1	3.16228	300.722	338.427
102	25.8143	1	554.257	1	0.908081	1	197.395	1	104.037	1	10	310.922	349.757
102	25.8143	1	554.257	1	0.908081	1	197.395	1	104.037	1	31.6228	324.867	362.713
102	25.8143	1	554.257	1	0.908081	1	197.395	1	104.037	1	100	348.265	387.773
103	38.1948	1	752.118	1	0.946066	1	202.906	1	120.971	1	0	273.249	301.462
103	38.1948	1	752.118	1	0.946066	1	202.906	1	120.971	1	0.001	273.282	301.504
103	38.1948	1	752.118	1	0.946066	1	202.906	1	120.971	1	0.00316228	273.351	301.596
103	38.1948	1	752.118	1	0.946066	1	202.906	1	120.971	1	0.01	273.57	301.884
103	38.1948	1	752.118	1	0.946066	1	202.906	1	120.971	1	0.0316228	274.24	302.769
103	38.1948	1	752.118	1	0.946066	1	202.906	1	120.971	1	0.1	276.182	305.329
103	38.1948	1	752.118	1	0.946066	1	202.906	1	120.971	1	0.316228	281.056	311.834
103	38.1948	1	752.118	1	0.946066	1	202.906	1	120.971	1	1	289.914	323.982
103	38.1948	1	752.118	1	0.946066	1	202.906	1	120.971	1	3.16228	300.071	337.955
103	38.1948	1	752.118	1	0.946066	1	202.906	1	120.971	1	10	309.75	349.359
103	38.1948	1	752.118	1	0.946066	1	202.906	1	120.971	1	31.6228	323.912	362.468
103	38.1948	1	752.118	1	0.946066	1	202.906	1	120.971	1	100	348.679	388.246
104	23.2291	1	376.885	1	0.625692	1	256.429	1	59.1586	1	0	273.249	301.462
104	23.2291	1	376.885	1	0.625692	1	256.429	1	59.1586	1	0.001	273.298	301.526
104	23.2291	1	376.885	1	0.625692	1	256.429	1	59.1586	1	0.00316228	273.402	301.664
104	23.2291	1	376.885	1	0.625692	1	256.429	1	59.1586	1	0.01	273.728	302.094
104	23.2291	1	376.885	1	0.625692	1	256.429	1	59.1586	1	0.0316228	274.715	303.397
104	23.2291	1	376.885	1	0.625692	1	256.429	1	59.1586	1	0.1	277.463	307.03
104	23.2291	1	376.885	1	0.625692	1	256.429	1	59.1586	1	0.316228	283.746	315.506
104	23.2291	1	376.885	1	0.625692	1	256.429	1	59.1586	1	1	293.333	328.801
104	23.2291	1	376.885	1	0.625692	1	256.429	1	59.1586	1	3.16228	302.485	341.193
104	23.2291	1	376.885	1	0.625692	1	256.429	1	59.1586	1	10	310.768	349.809
104	23.2291	1	376.885	1	0.625692	1	256.429	1	59.1586	1	31.6228	320.962	358.785
104	23.2291	1	376.885	1	0.625692	1	256.429	1	59.1586	1	100	337.071	376.032
105	21.7189	1	440.856	1	1.35088	1	280.189	1	68.0517	1	0	273.249	301.462
105	21.7189	1	440.856	1	1.35088	1	280.189	1	68.0517	1	0.001	273.272	301.491
105	21.7189	1	440.856	1	1.35088	1	280.189	1	68.0517	1	0.00316228	273.322	301.556
105	21.7189	1	440.856	1	1.35088	1	280.189	1	68.0517	1	0.01	273.477	301.759
105	21.7189	1	440.856	1	1.35088	1	280.189	1	68.0517	1	0.0316228	273.957	302.387
105	21.7189	1	440.856	1	1.35088	1	280.189	1	68.0517	1	0.1	275.385	304.251
105	21.7189	1	440.856	1	1.35088	1	280.189	1	68.0517	1	0.316228	279.202	309.264
105	21.7189	1	440.856	1	1.35088	1	280.189	1	68.0517	1	1	287.091	319.75
105	21.7189	1	440.856	1	1.35088	1	280.189	1	68.0517	1	3.16228	297.773	333.907
105	21.7189	1	440.856	1	1.35088	1	280.189	1	68.0517	1	10	308.577	346.16
105	21.7189	1	440.856	1	1.35088	1	280.189	1	68.0517	1	31.6228	319.85	357.105
105	21.7189	1	440.856	1	1.35088	1	280.189	1	68.0517	1	100	335.71	374.431
106	21.2128	1	290.639	1	1.22672	1	166.644	1	54.7396	1	0	273.249	301.462
106	21.2128	1	290.639	1	1.22672	1	166.644	1	54.7396	1	0.001	273.275	301.495
106	21.2128	1	290.639	1	1.22672	1	166.644	1	54.7396	1	0.00316228	273.329	301.566
106	21.2128	1	290.639	1	1.22672	1	166.644	1	54.7396	1	0.01	273.5	301.789
106	21.2128	1	290.639	1	1.22672	1	166.644	1	54.7396	1	0.0316228	274.029	302.481
106	21.2128	1	290.639	1	1.22672	1	166.644	1	54.7396	1	0.1	275.591	304.521
106	21.2128	1	290.639	1	1.22672	1	166.644	1	54.7396	1	0.316228	279.713	309.943
106	21.2128	1	290.639	1	1.22672	1	166.644	1	54.7396	1	1	288.001	320.984
106	21.2128	1	290.639	1	1.22672	1	166.644	1	54.7396	1	3.16228	298.961	335.461
106	21.2128	1	290.639	1	1.22672	1	166.644	1	54.7396	1	10	310.507	348.365
106	21.2128	1	290.639	1	1.22672	1	166.644	1	54.7396	1	31.6228	324.816	362.436
106	21.2128	1	290.639	1	1.22672	1	166.644	1	54.7396	1	100	348.525	388.018
107	33.6401	1	335.573	1	1.9159	1	371.708	1	68.2493	1	0	273.249	301.462
107	33.6401	1	335.573	1	1.9159	1	371.708	1	68.2493	1	0.001	273.265	301.483
107	33.6401	1	335.573	1	1.9159	1	371.708	1	68.2493	1	0.00316228	273.3	301.528
107	33.6401	1	335.573	1	1.9159	1	371.708	1	68.2493	1	0.01	273.409	301.671
107	33.6401	1	335.573	1	1.9159	1	371.708	1	68.2493	1	0.0316228	273.748	302.116
107	33.6401	1	335.573	1	1.9159	1	371.708	1	68.2493	1	0.1	274.775	303.46
107	33.6401	1	335.573	1	1.9159	1	371.708	1	68.2493	1	0.316228	277.631	307.205
107	33.6401	1	335.573	1	1.9159	1	371.708	1	68.2493	1	1	284.15	315.876
107	33.6401	1	335.573	1	1.9159	1	371.708	1	68.2493	1	3.16228	294.171	329.375
107	33.6401	1	335.573	1	1.9159	1	371.708	1	68.2493	1	10	304.431	342.134
107	33.6401	1	335.573	1	1.9159	1	371.708	1	68.2493	1	31.6228	314.521	351.817
107	33.6401	1	335.573	1	1.9159	1	371.708	1	68.2493	1	100	325.422	363.643
108	32.6502	1	501.807	1	1.91044	1	50.7384	1	68.6003	1	0	273.249	301.462
108	32.6502	1	501.807	1	1.91044	1	50.7384	1	68.6003	1	0.001	273.267	301.484
108	32.6502	1	501.807	1	1.91044	1	50.7384	1	68.6003	1	0.00316228	273.304	301.533
108	32.6502	1	501.807	1	1.91044	1	50.7384	1	68.6003	1	0.01	273.423	301.685
108	32.6502	1	501.807	1	1.91044	1	50.7384	1	68.6003	1	0.0316228	273.792	302.162
108	32.6502	1	501.807	1	1.91044	1	50.7384	1	68.6003	1	0.1	274.915	303.607
108	32.6502	1	501.807	1	1.91044	1	50.7384	1	68.6003	1	0.316228	278.081	307.674
108	32.6502	1	501.807	1	1.91044	1	50.7384	1	68.6003	1	1	285.56	317.352
108	32.6502	1	501.807	1	1.91044	1	50.7384	1	68.6003	1	3.16228	298.719	334.167
108	32.6502	1	501.807	1	1.91044	1	50.7384	1	68.6003	1	10	318.938	357.484
108	32.6502	1	501.807	1	1.91044	1	50.7384	1	68.6003	1	31.6228	355.765	395.298
108	32.6502	1	501.807	1	1.91044	1	50.7384	1	68.6003	1	100	422.738	466.471
109	45.1725	1	860.936	1	1.00472	1	303.517	1	56.1804	1	0	273.249	301.462
109	45.1725	1	860.936	1	1.00472	1	303.517	1	56.1804	1	0.001	273.28	301.502
109	45.1725	1	860.936	1	1.00472	1	303.517	1	56.1804	1	0.00316228	273.345	301.588
109	45.1725	1	860.936	1	1.00472	1	303.517	1	56.1804	1	0.01	273.55	301.859
109	45.1725	1	860.936	1	1.00472	1	303.517	1	56.1804	1	0.0316228	274.181	302.692
109	45.1725	1	860.936	1	1.00472	1	303.517	1	56.1804	1	0.1	276.015	305.114
109	45.1725	1	860.936	1	1.00472	1	303.517	1	56.1804	1	0.316228	280.666	311.332
109	45.1725	1	860.936	1	1.00472	1	303.517	1	56.1804	1	1	289.252	323.128
109	45.1725	1	860.936	1	1.00472	1	303.517	1	56.1804	1	3.16228	299.125	336.888
109	45.1725	1	860.936	1	1.00472	1	303.517	1	56.1804	1	10	307.793	347.519
109	45.1725	1	860.936	1	1.00472	1	303.517	1	56.1804	1	31.6228	318.719	357.652
109	45.1725	1	860.936	1	1.00472	1	303.517	1	56.1804	1	100	336.128	375.885
110	18.8489	1	416.261	1	0.760151	1	480.141	1	45.2221	1	0	273.249	301.462
110	18.8489	1	416.261	1	0.760151	1	480.141	1	45.2221	1	0.001	273.29	301.514
110	18.8489	1	416.261	1	0.760151	1	480.141	1	45.2221	1	0.00316228	273.376	301.628
110	18.8489	1	416.261	1	0.760151	1	480.141	1	45.2221	1	0.01	273.646	301.983
110	18.8489	1	416.261	1	0.760151	1	480.141	1	45.2221	1	0.0316228	274.469	303.067
110	18.8489	1	416.261	1	0.760151	1	480.141	1	45.2221	1	0.1	276.806	306.137
110	18.8489	1	416.261	1	0.760151	1	480.141	1	45.2221	1	0.316228	282.422	313.641
110	18.8489	1	416.261	1	0.760151	1	480.141	1	45.2221	1	1	291.738	326.374
110	18.8489	1	416.261	1	0.760151	1	480.141	1	45.2221	1	3.16228	301.329	339.186
110	18.8489	1	416.261	1	0.760151	1	480.141	1	45.2221	1	10	309.557	347.715
110	18.8489	1	416.261	1	0.760151	1	480.141	1	45.2221	1	31.6228	316.197	353.701
110	18.8489	1	416.261	1	0.760151	1	480.141	1	45.2221	1	100	323.908	362.18
111	24.6609	1	873.865	1	1.58774	1	652.694	1	70.2596	1	0	273.249	301.462
111	24.6609	1	873.865	1	1.58774	1	652.694	1	70.2596	1	0.001	273.269	301.487
111	24.6609	1	873.865	1	1.58774	1	652.694	1	70.2596	1	0.00316228	273.311	301.542
111	24.6609	1	873.865	1	1.58774	1	652.694	1	70.2596	1	0.01	273.442	301.714
111	24.6609	1	873.865	1	1.58774	1	652.694	1	70.2596	1	0.0316228	273.852	302.249
111	24.6609	1	873.865	1	1.58774	1	652.694	1	70.2596	1	0.1	275.08	303.853
111	24.6609	1	873.865	1	1.58774	1	652.694	1	70.2596	1	0.316228	278.43	308.243
111	24.6609	1	873.865	1	1.58774	1	652.694	1	70.2596	1	1	285.68	317.863
111	24.6609	1	873.865	1	1.58774	1	652.694	1	70.2596	1	3.16228	296.032	331.669
111	24.6609	1	873.865	1	1.58774	1	652.694	1	70.2596	1	10	306.233	343.668
111	24.6609	1	873.865	1	1.58774	1	652.694	1	70.2596	1	31.6228	315.227	352.222
111	24.6609	1	873.865	1	1.58774	1	652.694	1	70.2596	1	100	323.435	361.55
112	26.3116	1	17.964	1	0.791607	1	484.732	1	41.7954	1	0	273.249	301.462
112	26.3116	1	17.964	1	0.791607	1	484.732	1	41.7954	1	0.001	273.284	301.509
112	26.3116	1	17.964	1	0.791607	1	484.732	1	41.7954	1	0.00316228	273.359	301.61
112	26.3116	1	17.964	1	0.791607	1	484.732	1	41.7954	1	0.01	273.592	301.927
112	26.3116	1	17.964	1	0.791607	1	484.732	1	41.7954	1	0.0316228	274.304	302.892
112	26.3116	1	17.964	1	0.791607	1	484.732	1	41.7954	1	0.1	276.31	305.617
112	26.3116	1	17.964	1	0.791607	1	484.732	1	41.7954	1	0.316228	281.063	312.23
112	26.3116	1	17.964	1	0.791607	1	484.732	1	41.7954	1	1	288.189	322.826
112	26.3116	1	17.964	1	0.791607	1	484.732	1	41.7954	1	3.16228	292.003	330.333
112	26.3116	1	17.964	1	0.791607	1	484.732	1	41.7954	1	10	286.554	326.795
112	26.3116	1	17.964	1	0.791607	1	484.732	1	41.7954	1	31.6228	269.717	307.706
112	26.3116	1	17.964	1	0.791607	1	484.732	1	41.7954	1	100	263.919	300.598
113	26.9304	1	574.048	1	0.771019	1	284.393	1	81.7045	1	0	273.249	301.462
113	26.9304	1	574.048	1	0.771019	1	284.393	1	81.7045	1	0.001	273.289	301.514
113	26.9304	1	574.048	1	0.771019	1	284.393	1	81.7045	1	0.00316228	273.374	301.626
113	26.9304	1	574.048	1	0.771019	1	284.393	1	81.7045	1	0.01	273.64	301.977
113	26.9304	1	574.048	1	0.771019	1	284.393	1	81.7045	1	0.0316228	274.452	303.048
113	26.9304	1	574.048	1	0.771019	1	284.393	1	81.7045	1	0.1	276.759	306.088
113	26.9304	1	574.048	1	0.771019	1	284.393	1	81.7045	1	0.316228	282.317	313.544
113	26.9304	1	574.048	1	0.771019	1	284.393	1	81.7045	1	1	291.587	326.309
113	26.9304	1	574.048	1	0.771019	1	284.393	1	81.7045	1	3.16228	301.218	339.448
113	26.9304	1	574.048	1	0.771019	1	284.393	1	81.7045	1	10	309.91	349.013
113	26.9304	1	574.048	1	0.771019	1	284.393	1	81.7045	1	31.6228	320.814	358.629
113	26.9304	1	574.048	1	0.771019	1	284.393	1	81.7045	1	100	337.324	376.276
114	23.5003	1	613.246	1	1.23876	1	231.987	1	38.984	1	0	273.249	301.462
114	23.5003	1	613.246	1	1.23876	1	231.987	1	38.984	1	0.001	273.274	301.494
114	23.5003	1	613.246	1	1.23876	1	231.987	1	38.984	1	0.00316228	273.328	301.565
114	23.5003	1	613.246	1	1.23876	1	231.987	1	38.984	1	0.01	273.497	301.786
114	23.5003	1	613.246	1	1.23876	1	231.987	1	38.984	1	0.0316228	274.02	302.471
114	23.5003	1	613.246	1	1.23876	1	231.987	1	38.984	1	0.1	275.567	304.493
114	23.5003	1	613.246	1	1.23876	1	231.987	1	38.984	1	0.316228	279.647	309.868
114	23.5003	1	613.246	1	1.23876	1	231.987	1	38.984	1	1	287.85	320.831
114	23.5003	1	613.246	1	1.23876	1	231.987	1	38.984	1	3.16228	298.612	335.165
114	23.5003	1	613.246	1	1.23876	1	231.987	1	38.984	1	10	309.57	347.623
114	23.5003	1	613.246	1	1.23876	1	231.987	1	38.984	1	31.6228	322.109	360.127
114	23.5003	1	613.246	1	1.23876	1	231.987	1	38.984	1	100	343.125	382.635
115	17.6929	1	182.622	1	1.04389	1	312.361	1	100.166	1	0	273.249	301.462
115	17.6929	1	182.622	1	1.04389	1	312.361	1	100.166	1	0.001	273.279	301.5
115	17.6929	1	182.622	1	1.04389	1	312.361	1	100.166	1	0.00316228	273.342	301.583
115	17.6929	1	182.622	1	1.04389	1	312.361	1	100.166	1	0.01	273.54	301.842
115	17.6929	1	182.622	1	1.04389	1	312.361	1	100.166	1	0.0316228	274.149	302.641
115	17.6929	1	182.622	1	1.04389	1	312.361	1	100.166	1	0.1	275.928	304.97
115	17.6929	1	182.622	1	1.04389	1	312.361	1	100.166	1	0.316228	280.479	310.985
115	17.6929	1	182.622	1	1.04389	1	312.361	1	100.166	1	1	289.064	322.516
115	17.6929	1	182.622	1	1.04389	1	312.361	1	100.166	1	3.16228	299.252	336.019
115	17.6929	1	182.622	1	1.04389	1	312.361	1	100.166	1	10	308.393	345.848
115	17.6929	1	182.622	1	1.04389	1	312.361	1	100.166	1	31.6228	315.589	352.409
115	17.6929	1	182.622	1	1.04389	1	312.361	1	100.166	1	100	323.731	361.542
116	21.6135	1	687.265	1	0.52095	1	797.526	1	44.6577	1	0	273.249	301.462
116	21.6135	1	687.265	1	0.52095	1	797.526	1	44.6577	1	0.001	273.308	301.538
116	21.6135	1	687.265	1	0.52095	1	797.526	1	44.6577	1	0.00316228	273.432	301.704
116	21.6135	1	687.265	1	0.52095	1	797.526	1	44.6577	1	0.01	273.821	302.217
116	21.6135	1	687.265	1	0.52095	1	797.526	1	44.6577	1	0.0316228	274.987	303.758
116	21.6135	1	687.265	1	0.52095	1	797.526	1	44.6577	1	0.1	278.169	307.988
116	21.6135	1	687.265	1	0.52095	1	797.526	1	44.6577	1	0.316228	285.049	317.325
116	21.6135	1	687.265	1	0.52095	1	797.526	1	44.6577	1	1	294.657	330.781
116	21.6135	1	687.265	1	0.52095	1	797.526	1	44.6577	1	3.16228	302.915	341.971
116	21.6135	1	687.265	1	0.52095	1	797.526	1	44.6577	1	10	309.579	348.517
116	21.6135	1	687.265	1	0.52095	1	797.526	1	44.6577	1	31.6228	315.105	352.916
116	21.6135	1	687.265	1	0.52095	1	797.526	1	44.6577	1	100	320.233	358.441
117	22.215	1	323.622	1	0.824142	1	291.975	1	60.7553	1	0	273.249	301.462
117	22.215	1	323.622	1	0.824142	1	291.975	1	60.7553	1	0.001	273.286	301.51
117	22.215	1	323.622	1	0.824142	1	291.975	1	60.7553	1	0.00316228	273.366	301.615
117	22.215	1	323.622	1	0.824142	1	291.975	1	60.7553	1	0.01	273.615	301.944
117	22.215	1	323.622	1	0.824142	1	291.975	1	60.7553	1	0.0316228	274.378	302.948
117	22.215	1	323.622	1	0.824142	1	291.975	1	60.7553	1	0.1	276.56	305.817
117	22.215	1	323.622	1	0.824142	1	291.975	1	60.7553	1	0.316228	281.894	312.94
117	22.215	1	323.622	1	0.824142	1	291.975	1	60.7553	1	1	291.049	325.459
117	22.215	1	323.622	1	0.824142	1	291.975	1	60.7553	1	3.16228	300.838	338.676
117	22.215	1	323.622	1	0.824142	1	291.975	1	60.7553	1	10	309.61	348.134
117	22.215	1	323.622	1	0.824142	1	291.975	1	60.7553	1	31.6228	318.939	356.455
117	22.215	1	323.622	1	0.824142	1	291.975	1	60.7553	1	100	332.011	370.576
118	17.6144	1	738.29	1	0.708397	1	171.441	1	45.3387	1	0	273.249	301.462
118	17.6144	1	738.29	1	0.708397	1	171.441	1	45.3387	1	0.001	273.293	301.519
118	17.6144	1	738.29	1	0.708397	1	171.441	1	45.3387	1	0.00316228	273.386	301.641
118	17.6144	1	738.29	1	0.708397	1	171.441	1	45.3387	1	0.01	273.678	302.025
118	17.6144	1	738.29	1	0.708397	1	171.441	1	45.3387	1	0.0316228	274.566	303.191
118	17.6144	1	738.29	1	0.708397	1	171.441	1	45.3387	1	0.1	277.07	306.473
118	17.6144	1	738.29	1	0.708397	1	171.441	1	45.3387	1	0.316228	283.014	314.403
118	17.6144	1	738.29	1	0.708397	1	171.441	1	45.3387	1	1	292.737	327.629
118	17.6144	1	738.29	1	0.708397	1	171.441	1	45.3387	1	3.16228	303.086	341.13
118	17.6144	1	738.29	1	0.708397	1	171.441	1	45.3387	1	10	313.87	352.164
118	17.6144	1	738.29	1	0.708397	1	171.441	1	45.3387	1	31.6228	328.082	366.415
118	17.6144	1	738.29	1	0.708397	1	171.441	1	45.3387	1	100	355.453	395.841
119	49.4292	1	671.054	1	1.15037	1	558.941	1	82.8664	1	0	273.249	301.462
119	49.4292	1	671.054	1	1.15037	1	558.941	1	82.8664	1	0.001	273.276	301.496
119	49.4292	1	671.054	1	1.15037	1	558.941	1	82.8664	1	0.00316228	273.333	301.572
119	49.4292	1	671.054	1	1.15037	1	558.941	1	82.8664	1	0.01	273.511	301.808
119	49.4292	1	671.054	1	1.15037	1	558.941	1	82.8664	1	0.0316228	274.062	302.536
119	49.4292	1	671.054	1	1.15037	1	558.941	1	82.8664	1	0.1	275.681	304.676
119	49.4292	1	671.054	1	1.15037	1	558.941	1	82.8664	1	0.316228	279.881	310.289
119	49.4292	1	671.054	1	1.15037	1	558.941	1	82.8664	1	1	287.982	321.393
119	49.4292	1	671.054	1	1.15037	1	558.941	1	82.8664	1	3.16228	297.676	334.991
119	49.4292	1	671.054	1	1.15037	1	558.941	1	82.8664	1	10	305.636	345.146
119	49.4292	1	671.054	1	1.15037	1	558.941	1	82.8664	1	31.6228	313.649	352.314
119	49.4292	1	671.054	1	1.15037	1	558.941	1	82.8664	1	100	323.251	361.746
120	32.5193	1	653.096	1	4.21334	1	326.57	1	52.7727	1	0	273.249	301.462
120	32.5193	1	653.096	1	4.21334	1	326.57	1	52.7727	1	0.001	273.257	301.471
120	32.5193	1	653.096	1	4.21334	1	326.57	1	52.7727	1	0.00316228	273.273	301.492
120	32.5193	1	653.096	1	4.21334	1	326.57	1	52.7727	1	0.01	273.325	301.559
120	32.5193	1	653.096	1	4.21334	1	326.57	1	52.7727	1	0.0316228	273.489	301.768
120	32.5193	1	653.096	1	4.21334	1	326.57	1	52.7727	1	0.1	273.995	302.416
120	32.5193	1	653.096	1	4.21334	1	326.57	1	52.7727	1	0.316228	275.502	304.341
120	32.5193	1	653.096	1	4.21334	1	326.57	1	52.7727	1	1	279.555	309.528
120	32.5193	1	653.096	1	4.21334	1	326.57	1	52.7727	1	3.16228	288.107	320.465
120	32.5193	1	653.096	1	4.21334	1	326.57	1	52.7727	1	10	300.63	335.831
120	32.5193	1	653.096	1	4.21334	1	326.57	1	52.7727	1	31.6228	315.02	351.347
120	32.5193	1	653.096	1	4.21334	1	326.57	1	52.7727	1	100	332.4	370.722
121	27.2259	1	362.567	1	0.847697	1	873.739	1	71.0156	1	0	273.249	301.462
121	27.2259	1	362.567	1	0.847697	1	873.739	1	71.0156	1	0.001	273.285	301.509
121	27.2259	1	362.567	1	0.847697	1	873.739	1	71.0156	1	0.00316228	273.362	301.61
121	27.2259	1	362.567	1	0.847697	1	873.739	1	71.0156	1	0.01	273.603	301.929
121	27.2259	1	362.567	1	0.847697	1	873.739	1	71.0156	1	0.0316228	274.341	302.903
121	27.2259	1	362.567	1	0.847697	1	873.739	1	71.0156	1	0.1	276.454	305.69
121	27.2259	1	362.567	1	0.847697	1	873.739	1	71.0156	1	0.316228	281.638	312.636
121	27.2259	1	362.567	1	0.847697	1	873.739	1	71.0156	1	1	290.549	324.915
121	27.2259	1	362.567	1	0.847697	1	873.739	1	71.0156	1	3.16228	299.808	337.715
121	27.2259	1	362.567	1	0.847697	1	873.739	1	71.0156	1	10	306.935	345.778
121	27.2259	1	362.567	1	0.847697	1	873.739	1	71.0156	1	31.6228	312.553	349.851
121	27.2259	1	362.567	1	0.847697	1	873.739	1	71.0156	1	100	314.547	352.12
122	30.011	1	618.078	1	1.72983	1	316.848	1	69.8371	1	0	273.249	301.462
122	30.011	1	618.078	1	1.72983	1	316.848	1	69.8371	1	0.001	273.267	301.485
122	30.011	1	618.078	1	1.72983	1	316.848	1	69.8371	1	0.00316228	273.306	301.535
122	30.011	1	618.078	1	1.72983	1	316.848	1	69.8371	1	0.01	273.427	301.694
122	30.011	1	618.078	1	1.72983	1	316.848	1	69.8371	1	0.0316228	273.805	302.189
122	30.011	1	618.078	1	1.72983	1	316.848	1	69.8371	1	0.1	274.943	303.676
122	30.011	1	618.078	1	1.72983	1	316.848	1	69.8371	1	0.316228	278.08	307.786
122	30.011	1	618.078	1	1.72983	1	316.848	1	69.8371	1	1	285.055	317.045
122	30.011	1	618.078	1	1.72983	1	316.848	1	69.8371	1	3.16228	295.482	330.996
122	30.011	1	618.078	1	1.72983	1	316.848	1	69.8371	1	10	306.396	344.162
122	30.011	1	618.078	1	1.72983	1	316.848	1	69.8371	1	31.6228	318.394	355.78
122	30.011	1	618.078	1	1.72983	1	316.848	1	69.8371	1	100	334.36	373.03
123	19.9971	1	331.415	1	0.864691	1	509.802	1	142.683	1	0	273.249	301.462
123	19.9971	1	331.415	1	0.864691	1	509.802	1	142.683	1	0.001	273.285	301.508
123	19.9971	1	331.415	1	0.864691	1	509.802	1	142.683	1	0.00316228	273.361	301.608
123	19.9971	1	331.415	1	0.864691	1	509.802	1	142.683	1	0.01	273.598	301.92
123	19.9971	1	331.415	1	0.864691	1	509.802	1	142.683	1	0.0316228	274.326	302.878
123	19.9971	1	331.415	1	0.864691	1	509.802	1	142.683	1	0.1	276.416	305.624
123	19.9971	1	331.415	1	0.864691	1	509.802	1	142.683	1	0.316228	281.576	312.493
123	19.9971	1	331.415	1	0.864691	1	509.802	1	142.683	1	1	290.589	324.771
123	19.9971	1	331.415	1	0.864691	1	509.802	1	142.683	1	3.16228	300.322	337.848
123	19.9971	1	331.415	1	0.864691	1	509.802	1	142.683	1	10	308.615	346.668
123	19.9971	1	331.415	1	0.864691	1	509.802	1	142.683	1	31.6228	315.209	352.259
123	19.9971	1	331.415	1	0.864691	1	509.802	1	142.683	1	100	321.276	358.95
124	18.9243	1	469.78	1	1.07583	1	252.942	1	84.6548	1	0	273.249	301.462
124	18.9243	1	469.78	1	1.07583	1	252.942	1	84.6548	1	0.001	273.278	301.499
124	18.9243	1	469.78	1	1.07583	1	252.942	1	84.6548	1	0.00316228	273.34	301.58
124	18.9243	1	469.78	1	1.07583	1	252.942	1	84.6548	1	0.01	273.534	301.834
124	18.9243	1	469.78	1	1.07583	1	252.942	1	84.6548	1	0.0316228	274.131	302.616
124	18.9243	1	469.78	1	1.07583	1	252.942	1	84.6548	1	0.1	275.881	304.902
124	18.9243	1	469.78	1	1.07583	1	252.942	1	84.6548	1	0.316228	280.391	310.847
124	18.9243	1	469.78	1	1.07583	1	252.942	1	84.6548	1	1	289.042	322.422
124	18.9243	1	469.78	1	1.07583	1	252.942	1	84.6548	1	3.16228	299.735	336.504
124	18.9243	1	469.78	1	1.07583	1	252.942	1	84.6548	1	10	310.368	348.055
124	18.9243	1	469.78	1	1.07583	1	252.942	1	84.6548	1	31.6228	321.632	359.098
124	18.9243	1	469.78	1	1.07583	1	252.942	1	84.6548	1	100	339.425	378.4
125	55.8092	1	408.996	1	0.98062	1	359.079	1	80.0049	1	0	273.249	301.462
125	55.8092	1	408.996	1	0.98062	1	359.079	1	80.0049	1	0.001	273.28	301.502
125	55.8092	1	408.996	1	0.98062	1	359.079	1	80.0049	1	0.00316228	273.347	301.591
125	55.8092	1	408.996	1	0.98062	1	359.079	1	80.0049	1	0.01	273.555	301.867
125	55.8092	1	408.996	1	0.98062	1	359.079	1	80.0049	1	0.0316228	274.197	302.716
125	55.8092	1	408.996	1	0.98062	1	359.079	1	80.0049	1	0.1	276.058	305.18
125	55.8092	1	408.996	1	0.98062	1	359.079	1	80.0049	1	0.316228	280.746	311.472
125	55.8092	1	408.996	1	0.98062	1	359.079	1	80.0049	1	1	289.277	323.277
125	55.8092	1	408.996	1	0.98062	1	359.079	1	80.0049	1	3.16228	298.74	336.693
125	55.8092	1	408.996	1	0.98062	1	359.079	1	80.0049	1	10	306.275	346.338
125	55.8092	1	408.996	1	0.98062	1	359.079	1	80.0049	1	31.6228	314.694	353.965
125	55.8092	1	408.996	1	0.98062	1	359.079	1	80.0049	1	100	327.323	366.257
126	20.9438	1	278.623	1	0.598841	1	342.733	1	75.4128	1	0	273.249	301.462
126	20.9438	1	278.623	1	0.598841	1	342.733	1	75.4128	1	0.001	273.3	301.528
126	20.9438	1	278.623	1	0.598841	1	342.733	1	75.4128	1	0.00316228	273.409	301.672
126	20.9438	1	278.623	1	0.598841	1	342.733	1	75.4128	1	0.01	273.748	302.121
126	20.9438	1	278.623	1	0.598841	1	342.733	1	75.4128	1	0.0316228	274.774	303.475
126	20.9438	1	278.623	1	0.598841	1	342.733	1	75.4128	1	0.1	277.616	307.238
126	20.9438	1	278.623	1	0.598841	1	342.733	1	75.4128	1	0.316228	284.031	315.901
126	20.9438	1	278.623	1	0.598841	1	342.733	1	75.4128	1	1	293.596	329.179
126	20.9438	1	278.623	1	0.598841	1	342.733	1	75.4128	1	3.16228	302.422	341.108
126	20.9438	1	278.623	1	0.598841	1	342.733	1	75.4128	1	10	309.911	348.65
126	20.9438	1	278.623	1	0.598841	1	342.733	1	75.4128	1	31.6228	317.408	354.81
126	20.9438	1	278.623	1	0.598841	1	342.733	1	75.4128	1	100	326.955	365.161
127	30.4366	1	277.294	1	0.693438	1	547.722	1	56.8357	1	0	273.249	301.462
127	30.4366	1	277.294	1	0.693438	1	547.722	1	56.8357	1	0.001	273.293	301.519
127	30.4366	1	277.294	1	0.693438	1	547.722	1	56.8357	1	0.00316228	273.387	301.643
127	30.4366	1	277.294	1	0.693438	1	547.722	1	56.8357	1	0.01	273.68	302.031
127	30.4366	1	277.294	1	0.693438	1	547.722	1	56.8357	1	0.0316228	274.569	303.209
127	30.4366	1	277.294	1	0.693438	1	547.722	1	56.8357	1	0.1	277.068	306.513
127	30.4366	1	277.294	1	0.693438	1	547.722	1	56.8357	1	0.316228	282.925	314.427
127	30.4366	1	277.294	1	0.693438	1	547.722	1	56.8357	1	1	292.152	327.313
127	30.4366	1	277.294	1	0.693438	1	547.722	1	56.8357	1	3.16228	300.841	339.469
127	30.4366	1	277.294	1	0.693438	1	547.722	1	56.8357	1	10	307.254	346.682
127	30.4366	1	277.294	1	0.693438	1	547.722	1	56.8357	1	31.6228	312.996	350.743
127	30.4366	1	277.294	1	0.693438	1	547.722	1	56.8357	1	100	316.986	355.156
128	29.8648	1	401.037	1	1.50164	1	364.598	1	95.5331	1	0	273.249	301.462
128	29.8648	1	401.037	1	1.50164	1	364.598	1	95.5331	1	0.001	273.27	301.488
128	29.8648	1	401.037	1	1.50164	1	364.598	1	95.5331	1	0.00316228	273.314	301.546
128	29.8648	1	401.037	1	1.50164	1	364.598	1	95.5331	1	0.01	273.452	301.728
128	29.8648	1	401.037	1	1.50164	1	364.598	1	95.5331	1	0.0316228	273.882	302.293
128	29.8648	1	401.037	1	1.50164	1	364.598	1	95.5331	1	0.1	275.168	303.978
128	29.8648	1	401.037	1	1.50164	1	364.598	1	95.5331	1	0.316228	278.648	308.566
128	29.8648	1	401.037	1	1.50164	1	364.598	1	95.5331	1	1	286.039	318.459
128	29.8648	1	401.037	1	1.50164	1	364.598	1	95.5331	1	3.16228	296.3	332.323
128	29.8648	1	401.037	1	1.50164	1	364.598	1	95.5331	1	10	306.222	344.267
128	29.8648	1	401.037	1	1.50164	1	364.598	1	95.5331	1	31.6228	316.463	353.682
128	29.8648	1	401.037	1	1.50164	1	364.598	1	95.5331	1	100	328.345	366.444
129	20.9805	1	1633.64	1	0.960729	1	189.16	1	94.8412	1	0	273.249	301.462
129	20.9805	1	1633.64	1	0.960729	1	189.16	1	94.8412	1	0.001	273.282	301.504
129	20.9805	1	1633.64	1	0.960729	1	189.16	1	94.8412	1	0.00316228	273.351	301.595
129	20.9805	1	1633.64	1	0.960729	1	189.16	1	94.8412	1	0.01	273.568	301.879
129	20.9805	1	1633.64	1	0.960729	1	189.16	1	94.8412	1	0.0316228	274.235	302.754
129	20.9805	1	1633.64	1	0.960729	1	189.16	1	94.8412	1	0.1	276.173	305.29
129	20.9805	1	1633.64	1	0.960729	1	189.16	1	94.8412	1	0.316228	281.069	311.763
129	20.9805	1	1633.64	1	0.960729	1	189.16	1	94.8412	1	1	290.114	323.943
129	20.9805	1	1633.64	1	0.960729	1	189.16	1	94.8412	1	3.16228	300.945	338.25
129	20.9805	1	1633.64	1	0.960729	1	189.16	1	94.8412	1	10	312.316	350.561
129	20.9805	1	1633.64	1	0.960729	1	189.16	1	94.8412	1	31.6228	327.319	365.391
129	20.9805	1	1633.64	1	0.960729	1	189.16	1	94.8412	1	100	354.843	395.101
130	28.4449	1	223.056	1	0.879568	1	429.524	1	56.3537	1	0	273.249	301.462
130	28.4449	1	223.056	1	0.879568	1	429.524	1	56.3537	1	0.001	273.284	301.507
130	28.4449	1	223.056	1	0.879568	1	429.524	1	56.3537	1	0.00316228	273.358	301.605
130	28.4449	1	223.056	1	0.879568	1	429.524	1	56.3537	1	0.01	273.59	301.912
130	28.4449	1	223.056	1	0.879568	1	429.524	1	56.3537	1	0.0316228	274.301	302.852
130	28.4449	1	223.056	1	0.879568	1	429.524	1	56.3537	1	0.1	276.347	305.551
130	28.4449	1	223.056	1	0.879568	1	429.524	1	56.3537	1	0.316228	281.402	312.32
130	28.4449	1	223.056	1	0.879568	1	429.524	1	56.3537	1	1	290.224	324.475
130	28.4449	1	223.056	1	0.879568	1	429.524	1	56.3537	1	3.16228	299.561	337.417
130	28.4449	1	223.056	1	0.879568	1	429.524	1	56.3537	1	10	306.87	345.833
130	28.4449	1	223.056	1	0.879568	1	429.524	1	56.3537	1	31.6228	313.269	350.776
130	28.4449	1	223.056	1	0.879568	1	429.524	1	56.3537	1	100	318.377	356.598
131	33.7178	1	719.168	1	0.964838	1	153.429	1	56.3217	1	0	273.249	301.462
131	33.7178	1	719.168	1	0.964838	1	153.429	1	56.3217	1	0.001	273.281	301.504
131	33.7178	1	719.168	1	0.964838	1	153.429	1	56.3217	1	0.00316228	273.35	301.594
131	33.7178	1	719.168	1	0.964838	1	153.429	1	56.3217	1	0.01	273.565	301.878
131	33.7178	1	719.168	1	0.964838	1	153.429	1	56.3217	1	0.0316228	274.227	302.749
131	33.7178	1	719.168	1	0.964838	1	153.429	1	56.3217	1	0.1	276.148	305.276
131	33.7178	1	719.168	1	0.964838	1	153.429	1	56.3217	1	0.316228	280.998	311.731
131	33.7178	1	719.168	1	0.964838	1	153.429	1	56.3217	1	1	289.926	323.902
131	33.7178	1	719.168	1	0.964838	1	153.429	1	56.3217	1	3.16228	300.502	338.267
131	33.7178	1	719.168	1	0.964838	1	153.429	1	56.3217	1	10	311.323	350.771
131	33.7178	1	719.168	1	0.964838	1	153.429	1	56.3217	1	31.6228	328.07	366.855
131	33.7178	1	719.168	1	0.964838	1	153.429	1	56.3217	1	100	358.95	399.415
132	23.622	1	3361	1	0.664025	1	205.311	1	108.04	1	0	273.249	301.462
132	23.622	1	3361	1	0.664025	1	205.311	1	108.04	1	0.001	273.295	301.522
132	23.622	1	3361	1	0.664025	1	205.311	1	108.04	1	0.00316228	273.394	301.653
132	23.622	1	3361	1	0.664025	1	205.311	1	108.04	1	0.01	273.704	302.061
132	23.622	1	3361	1	0.664025	1	205.311	1	108.04	1	0.0316228	274.642	303.298
132	23.622	1	3361	1	0.664025	1	205.311	1	108.04	1	0.1	277.272	306.763
132	23.622	1	3361	1	0.664025	1	205.311	1	108.04	1	0.316228	283.396	314.993
132	23.622	1	3361	1	0.664025	1	205.311	1	108.04	1	1	293.068	328.32
132	23.622	1	3361	1	0.664025	1	205.311	1	108.04	1	3.16228	302.847	341.414
132	23.622	1	3361	1	0.664025	1	205.311	1	108.04	1	10	312.702	351.758
132	23.622	1	3361	1	0.664025	1	205.311	1	108.04	1	31.6228	326.924	365.183
132	23.622	1	3361	1	0.664025	1	205.311	1	108.04	1	100	353.377	393.688
133	60.0166	1	123.093	1	1.26125	1	249.426	1	44.8592	1	0	273.249	301.462
133	60.0166	1	123.093	1	1.26125	1	249.426	1	44.8592	1	0.001	273.273	301.493
133	60.0166	1	123.093	1	1.26125	1	249.426	1	44.8592	1	0.00316228	273.324	301.561
133	60.0166	1	123.093	1	1.26125	1	249.426	1	44.8592	1	0.01	273.485	301.775
133	60.0166	1	123.093	1	1.26125	1	249.426	1	44.8592	1	0.0316228	273.984	302.436
133	60.0166	1	123.093	1	1.26125	1	249.426	1	44.8592	1	0.1	275.455	304.389
133	60.0166	1	123.093	1	1.26125	1	249.426	1	44.8592	1	0.316228	279.323	309.578
133	60.0166	1	123.093	1	1.26125	1	249.426	1	44.8592	1	1	286.981	320.119
133	60.0166	1	123.093	1	1.26125	1	249.426	1	44.8592	1	3.16228	296.32	333.466
133	60.0166	1	123.093	1	1.26125	1	249.426	1	44.8592	1	10	303.356	343.164
133	60.0166	1	123.093	1	1.26125	1	249.426	1	44.8592	1	31.6228	309.066	348.901
133	60.0166	1	123.093	1	1.26125	1	249.426	1	44.8592	1	100	316.649	357.474
134	44.8333	1	153.715	1	0.561883	1	188.721	1	71.5438	1	0	273.249	301.462
134	44.8333	1	153.715	1	0.561883	1	188.721	1	71.5438	1	0.001	273.303	301.533
134	44.8333	1	153.715	1	0.561883	1	188.721	1	71.5438	1	0.00316228	273.418	301.686
134	44.8333	1	153.715	1	0.561883	1	188.721	1	71.5438	1	0.01	273.777	302.162
134	44.8333	1	153.715	1	0.561883	1	188.721	1	71.5438	1	0.0316228	274.858	303.597
134	44.8333	1	153.715	1	0.561883	1	188.721	1	71.5438	1	0.1	277.833	307.563
134	44.8333	1	153.715	1	0.561883	1	188.721	1	71.5438	1	0.316228	284.4	316.524
134	44.8333	1	153.715	1	0.561883	1	188.721	1	71.5438	1	1	293.817	329.893
134	44.8333	1	153.715	1	0.561883	1	188.721	1	71.5438	1	3.16228	301.963	341.539
134	44.8333	1	153.715	1	0.561883	1	188.721	1	71.5438	1	10	308.246	348.932
134	44.8333	1	153.715	1	0.561883	1	188.721	1	71.5438	1	31.6228	317.17	356.561
134	44.8333	1	153.715	1	0.561883	1	188.721	1	71.5438	1	100	333.501	373.001
135	31.2102	1	424.52	1	0.558495	1	234.661	1	44.1841	1	0	273.249	301.462
135	31.2102	1	424.52	1	0.558495	1	234.661	1	44.1841	1	0.001	273.304	301.533
135	31.2102	1	424.52	1	0.558495	1	234.661	1	44.1841	1	0.00316228	273.42	301.688
135	31.2102	1	424.52	1	0.558495	1	234.661	1	44.1841	1	0.01	273.784	302.169
135	31.2102	1	424.52	1	0.558495	1	234.661	1	44.1841	1	0.0316228	274.878	303.617
135	31.2102	1	424.52	1	0.558495	1	234.661	1	44.1841	1	0.1	277.889	307.619
135	31.2102	1	424.52	1	0.558495	1	234.661	1	44.1841	1	0.316228	284.54	316.653
135	31.2102	1	424.52	1	0.558495	1	234.661	1	44.1841	1	1	294.148	330.152
135	31.2102	1	424.52	1	0.558495	1	234.661	1	44.1841	1	3.16228	302.8	342.106
135	31.2102	1	424.52	1	0.558495	1	234.661	1	44.1841	1	10	310.453	350.382
135	31.2102	1	424.52	1	0.558495	1	234.661	1	44.1841	1	31.6228	321.279	359.87
135	31.2102	1	424.52	1	0.558495	1	234.661	1	44.1841	1	100	339.687	379.411
136	30.5773	1	756.931	1	0.89173	1	241.09	1	88.2753	1	0	273.249	301.462
136	30.5773	1	756.931	1	0.89173	1	241.09	1	88.2753	1	0.001	273.284	301.507
136	30.5773	1	756.931	1	0.89173	1	241.09	1	88.2753	1	0.00316228	273.358	301.604
136	30.5773	1	756.931	1	0.89173	1	241.09	1	88.2753	1	0.01	273.589	301.909
136	30.5773	1	756.931	1	0.89173	1	241.09	1	88.2753	1	0.0316228	274.298	302.844
136	30.5773	1	756.931	1	0.89173	1	241.09	1	88.2753	1	0.1	276.341	305.535
136	30.5773	1	756.931	1	0.89173	1	241.09	1	88.2753	1	0.316228	281.415	312.309
136	30.5773	1	756.931	1	0.89173	1	241.09	1	88.2753	1	1	290.419	324.646
136	30.5773	1	756.931	1	0.89173	1	241.09	1	88.2753	1	3.16228	300.461	338.36
136	30.5773	1	756.931	1	0.89173	1	241.09	1	88.2753	1	10	309.884	349.099
136	30.5773	1	756.931	1	0.89173	1	241.09	1	88.2753	1	31.6228	322.62	360.675
136	30.5773	1	756.931	1	0.89173	1	241.09	1	88.2753	1	100	343.441	382.797
137	49.794	1	1057.2	1	1.02317	1	99.8501	1	89.6328	1	0	273.249	301.462
137	49.794	1	1057.2	1	1.02317	1	99.8501	1	89.6328	1	0.001	273.28	301.501
137	49.794	1	1057.2	1	1.02317	1	99.8501	1	89.6328	1	0.00316228	273.345	301.587
137	49.794	1	1057.2	1	1.02317	1	99.8501	1	89.6328	1	0.01	273.55	301.857
137	49.794	1	1057.2	1	1.02317	1	99.8501	1	89.6328	1	0.0316228	274.18	302.687
137	49.794	1	1057.2	1	1.02317	1	99.8501	1	89.6328	1	0.1	276.02	305.107
137	49.794	1	1057.2	1	1.02317	1	99.8501	1	89.6328	1	0.316228	280.728	311.371
137	49.794	1	1057.2	1	1.02317	1	99.8501	1	89.6328	1	1	289.634	323.494
137	49.794	1	1057.2	1	1.02317	1	99.8501	1	89.6328	1	3.16228	300.781	338.653
137	49.794	1	1057.2	1	1.02317	1	99.8501	1	89.6328	1	10	313.427	353.685
137	49.794	1	1057.2	1	1.02317	1	99.8501	1	89.6328	1	31.6228	335.966	376.112
137	49.794	1	1057.2	1	1.02317	1	99.8501	1	89.6328	1	100	380.855	422.679
138	35.1995	1	492.068	1	1.20171	1	405.228	1	78.6211	1	0	273.249	301.462
138	35.1995	1	492.068	1	1.20171	1	405.228	1	78.6211	1	0.001	273.275	301.495
138	35.1995	1	492.068	1	1.20171	1	405.228	1	78.6211	1	0.00316228	273.329	301.567
138	35.1995	1	492.068	1	1.20171	1	405.228	1	78.6211	1	0.01	273.501	301.794
138	35.1995	1	492.068	1	1.20171	1	405.228	1	78.6211	1	0.0316228	274.032	302.493
138	35.1995	1	492.068	1	1.20171	1	405.228	1	78.6211	1	0.1	275.597	304.554
138	35.1995	1	492.068	1	1.20171	1	405.228	1	78.6211	1	0.316228	279.692	310
138	35.1995	1	492.068	1	1.20171	1	405.228	1	78.6211	1	1	287.748	320.941
138	35.1995	1	492.068	1	1.20171	1	405.228	1	78.6211	1	3.16228	297.761	334.722
138	35.1995	1	492.068	1	1.20171	1	405.228	1	78.6211	1	10	306.635	345.498
138	35.1995	1	492.068	1	1.20171	1	405.228	1	78.6211	1	31.6228	316.038	353.873
138	35.1995	1	492.068	1	1.20171	1	405.228	1	78.6211	1	100	327.512	365.833
139	18.3105	1	569.608	1	1.15499	1	259.855	1	65.9893	1	0	273.249	301.462
139	18.3105	1	569.608	1	1.15499	1	259.855	1	65.9893	1	0.001	273.276	301.497
139	18.3105	1	569.608	1	1.15499	1	259.855	1	65.9893	1	0.00316228	273.334	301.572
139	18.3105	1	569.608	1	1.15499	1	259.855	1	65.9893	1	0.01	273.515	301.809
139	18.3105	1	569.608	1	1.15499	1	259.855	1	65.9893	1	0.0316228	274.075	302.54
139	18.3105	1	569.608	1	1.15499	1	259.855	1	65.9893	1	0.1	275.724	304.69
139	18.3105	1	569.608	1	1.15499	1	259.855	1	65.9893	1	0.316228	280.027	310.345
139	18.3105	1	569.608	1	1.15499	1	259.855	1	65.9893	1	1	288.5	321.619
139	18.3105	1	569.608	1	1.15499	1	259.855	1	65.9893	1	3.16228	299.353	335.841
139	18.3105	1	569.608	1	1.15499	1	259.855	1	65.9893	1	10	310.336	347.818
139	18.3105	1	569.608	1	1.15499	1	259.855	1	65.9893	1	31.6228	321.737	359.252
139	18.3105	1	569.608	1	1.15499	1	259.855	1	65.9893	1	100	339.926	379.061
140	27.4371	1	231.976	1	1.18811	1	213.13	1	47.1148	1	0	273.249	301.462
140	27.4371	1	231.976	1	1.18811	1	213.13	1	47.1148	1	0.001	273.275	301.495
140	27.4371	1	231.976	1	1.18811	1	213.13	1	47.1148	1	0.00316228	273.331	301.569
140	27.4371	1	231.976	1	1.18811	1	213.13	1	47.1148	1	0.01	273.505	301.798
140	27.4371	1	231.976	1	1.18811	1	213.13	1	47.1148	1	0.0316228	274.044	302.507
140	27.4371	1	231.976	1	1.18811	1	213.13	1	47.1148	1	0.1	275.633	304.593
140	27.4371	1	231.976	1	1.18811	1	213.13	1	47.1148	1	0.316228	279.788	310.101
140	27.4371	1	231.976	1	1.18811	1	213.13	1	47.1148	1	1	287.982	321.159
140	27.4371	1	231.976	1	1.18811	1	213.13	1	47.1148	1	3.16228	298.323	335.172
140	27.4371	1	231.976	1	1.18811	1	213.13	1	47.1148	1	10	308.154	346.65
140	27.4371	1	231.976	1	1.18811	1	213.13	1	47.1148	1	31.6228	319.428	357.195
140	27.4371	1	231.976	1	1.18811	1	213.13	1	47.1148	1	100	336.086	375.415
141	20.4407	1	4342.98	1	0.999477	1	151.201	1	42.1102	1	0	273.249	301.462
141	20.4407	1	4342.98	1	0.999477	1	151.201	1	42.1102	1	0.001	273.281	301.502
141	20.4407	1	4342.98	1	0.999477	1	151.201	1	42.1102	1	0.00316228	273.348	301.59
141	20.4407	1	4342.98	1	0.999477	1	151.201	1	42.1102	1	0.01	273.558	301.865
141	20.4407	1	4342.98	1	0.999477	1	151.201	1	42.1102	1	0.0316228	274.204	302.711
141	20.4407	1	4342.98	1	0.999477	1	151.201	1	42.1102	1	0.1	276.089	305.173
141	20.4407	1	4342.98	1	0.999477	1	151.201	1	42.1102	1	0.316228	280.894	311.508
141	20.4407	1	4342.98	1	0.999477	1	151.201	1	42.1102	1	1	289.941	323.624
141	20.4407	1	4342.98	1	0.999477	1	151.201	1	42.1102	1	3.16228	301.174	338.348
141	20.4407	1	4342.98	1	0.999477	1	151.201	1	42.1102	1	10	313.566	351.81
141	20.4407	1	4342.98	1	0.999477	1	151.201	1	42.1102	1	31.6228	331.008	369.591
141	20.4407	1	4342.98	1	0.999477	1	151.201	1	42.1102	1	100	365.237	406.521
142	22.4532	1	339.527	1	0.787979	1	475.91	1	59.4684	1	0	273.249	301.462
142	22.4532	1	339.527	1	0.787979	1	475.91	1	59.4684	1	0.001	273.288	301.512
142	22.4532	1	339.527	1	0.787979	1	475.91	1	59.4684	1	0.00316228	273.371	301.622
142	22.4532	1	339.527	1	0.787979	1	475.91	1	59.4684	1	0.01	273.631	301.965
142	22.4532	1	339.527	1	0.787979	1	475.91	1	59.4684	1	0.0316228	274.424	303.01
142	22.4532	1	339.527	1	0.787979	1	475.91	1	59.4684	1	0.1	276.683	305.984
142	22.4532	1	339.527	1	0.787979	1	475.91	1	59.4684	1	0.316228	282.147	313.3
142	22.4532	1	339.527	1	0.787979	1	475.91	1	59.4684	1	1	291.309	325.88
142	22.4532	1	339.527	1	0.787979	1	475.91	1	59.4684	1	3.16228	300.735	338.697
142	22.4532	1	339.527	1	0.787979	1	475.91	1	59.4684	1	10	308.572	347.112
142	22.4532	1	339.527	1	0.787979	1	475.91	1	59.4684	1	31.6228	315.392	352.748
142	22.4532	1	339.527	1	0.787979	1	475.91	1	59.4684	1	100	322.208	360.206
143	29.3765	1	376.097	1	1.5864	1	202.535	1	52.8131	1	0	273.249	301.462
143	29.3765	1	376.097	1	1.5864	1	202.535	1	52.8131	1	0.001	273.269	301.487
143	29.3765	1	376.097	1	1.5864	1	202.535	1	52.8131	1	0.00316228	273.311	301.542
143	29.3765	1	376.097	1	1.5864	1	202.535	1	52.8131	1	0.01	273.444	301.716
143	29.3765	1	376.097	1	1.5864	1	202.535	1	52.8131	1	0.0316228	273.855	302.255
143	29.3765	1	376.097	1	1.5864	1	202.535	1	52.8131	1	0.1	275.091	303.87
143	29.3765	1	376.097	1	1.5864	1	202.535	1	52.8131	1	0.316228	278.465	308.3
143	29.3765	1	376.097	1	1.5864	1	202.535	1	52.8131	1	1	285.795	318.05
143	29.3765	1	376.097	1	1.5864	1	202.535	1	52.8131	1	3.16228	296.471	332.325
143	29.3765	1	376.097	1	1.5864	1	202.535	1	52.8131	1	10	307.817	345.851
143	29.3765	1	376.097	1	1.5864	1	202.535	1	52.8131	1	31.6228	321.693	359.445
143	29.3765	1	376.097	1	1.5864	1	202.535	1	52.8131	1	100	343.173	382.62
144	38.7834	1	890.436	1	0.660103	1	147.034	1	83.2412	1	0	273.249	301.462
144	38.7834	1	890.436	1	0.660103	1	147.034	1	83.2412	1	0.001	273.296	301.523
144	38.7834	1	890.436	1	0.660103	1	147.034	1	83.2412	1	0.00316228	273.395	301.654
144	38.7834	1	890.436	1	0.660103	1	147.034	1	83.2412	1	0.01	273.705	302.065
144	38.7834	1	890.436	1	0.660103	1	147.034	1	83.2412	1	0.0316228	274.647	303.309
144	38.7834	1	890.436	1	0.660103	1	147.034	1	83.2412	1	0.1	277.284	306.797
144	38.7834	1	890.436	1	0.660103	1	147.034	1	83.2412	1	0.316228	283.408	315.069
144	38.7834	1	890.436	1	0.660103	1	147.034	1	83.2412	1	1	293.028	328.461
144	38.7834	1	890.436	1	0.660103	1	147.034	1	83.2412	1	3.16228	302.677	341.73
144	38.7834	1	890.436	1	0.660103	1	147.034	1	83.2412	1	10	312.362	352.656
144	38.7834	1	890.436	1	0.660103	1	147.034	1	83.2412	1	31.6228	329.315	368.525
144	38.7834	1	890.436	1	0.660103	1	147.034	1	83.2412	1	100	361.965	402.633
145	29.6768	1	26.2819	1	1.32592	1	258.907	1	44.4122	1	0	273.249	301.462
145	29.6768	1	26.2819	1	1.32592	1	258.907	1	44.4122	1	0.001	273.27	301.49
145	29.6768	1	26.2819	1	1.32592	1	258.907	1	44.4122	1	0.00316228	273.315	301.55
145	29.6768	1	26.2819	1	1.32592	1	258.907	1	44.4122	1	0.01	273.455	301.74
145	29.6768	1	26.2819	1	1.32592	1	258.907	1	44.4122	1	0.0316228	273.889	302.327
145	29.6768	1	26.2819	1	1.32592	1	258.907	1	44.4122	1	0.1	275.17	304.061
145	29.6768	1	26.2819	1	1.32592	1	258.907	1	44.4122	1	0.316228	278.516	308.652
145	29.6768	1	26.2819	1	1.32592	1	258.907	1	44.4122	1	1	285.007	317.846
145	29.6768	1	26.2819	1	1.32592	1	258.907	1	44.4122	1	3.16228	291.547	328.146
145	29.6768	1	26.2819	1	1.32592	1	258.907	1	44.4122	1	10	291.878	330.986
145	29.6768	1	26.2819	1	1.32592	1	258.907	1	44.4122	1	31.6228	283.634	322.107
145	29.6768	1	26.2819	1	1.32592	1	258.907	1	44.4122	1	100	281.573	319.97
146	13.0739	1	177.628	1	0.482063	1	297.638	1	76.7886	1	0	273.249	301.462
146	13.0739	1	177.628	1	0.482063	1	297.638	1	76.7886	1	0.001	273.312	301.545
146	13.0739	1	177.628	1	0.482063	1	297.638	1	76.7886	1	0.00316228	273.448	301.723
146	13.0739	1	177.628	1	0.482063	1	297.638	1	76.7886	1	0.01	273.867	302.277
146	13.0739	1	177.628	1	0.482063	1	297.638	1	76.7886	1	0.0316228	275.123	303.931
146	13.0739	1	177.628	1	0.482063	1	297.638	1	76.7886	1	0.1	278.521	308.435
146	13.0739	1	177.628	1	0.482063	1	297.638	1	76.7886	1	0.316228	285.72	318.161
146	13.0739	1	177.628	1	0.482063	1	297.638	1	76.7886	1	1	295.532	331.696
146	13.0739	1	177.628	1	0.482063	1	297.638	1	76.7886	1	3.16228	304.147	342.681
146	13.0739	1	177.628	1	0.482063	1	297.638	1	76.7886	1	10	311.686	349.298
146	13.0739	1	177.628	1	0.482063	1	297.638	1	76.7886	1	31.6228	316.933	354.201
146	13.0739	1	177.628	1	0.482063	1	297.638	1	76.7886	1	100	325.074	363.206
147	14.1364	1	370.061	1	1.26308	1	273.636	1	70.4377	1	0	273.249	301.462
147	14.1364	1	370.061	1	1.26308	1	273.636	1	70.4377	1	0.001	273.274	301.494
147	14.1364	1	370.061	1	1.26308	1	273.636	1	70.4377	1	0.00316228	273.327	301.563
147	14.1364	1	370.061	1	1.26308	1	273.636	1	70.4377	1	0.01	273.494	301.78
147	14.1364	1	370.061	1	1.26308	1	273.636	1	70.4377	1	0.0316228	274.011	302.45
147	14.1364	1	370.061	1	1.26308	1	273.636	1	70.4377	1	0.1	275.543	304.434
147	14.1364	1	370.061	1	1.26308	1	273.636	1	70.4377	1	0.316228	279.604	309.722
147	14.1364	1	370.061	1	1.26308	1	273.636	1	70.4377	1	1	287.875	320.559
147	14.1364	1	370.061	1	1.26308	1	273.636	1	70.4377	1	3.16228	299.001	334.808
147	14.1364	1	370.061	1	1.26308	1	273.636	1	70.4377	1	10	310.36	346.933
147	14.1364	1	370.061	1	1.26308	1	273.636	1	70.4377	1	31.6228	320.135	357.373
147	14.1364	1	370.061	1	1.26308	1	273.636	1	70.4377	1	100	335.334	374.048
148	28.4495	1	222.817	1	0.791086	1	286.467	1	100.799	1	0	273.249	301.462
148	28.4495	1	222.817	1	0.791086	1	286.467	1	100.799	1	0.001	273.288	301.512
148	28.4495	1	222.817	1	0.791086	1	286.467	1	100.799	1	0.00316228	273.37	301.621
148	28.4495	1	222.817	1	0.791086	1	286.467	1	100.799	1	0.01	273.628	301.962
148	28.4495	1	222.817	1	0.791086	1	286.467	1	100.799	1	0.0316228	274.416	303.003
148	28.4495	1	222.817	1	0.791086	1	286.467	1	100.799	1	0.1	276.66	305.965
148	28.4495	1	222.817	1	0.791086	1	286.467	1	100.799	1	0.316228	282.089	313.258
148	28.4495	1	222.817	1	0.791086	1	286.467	1	100.799	1	1	291.185	325.829
148	28.4495	1	222.817	1	0.791086	1	286.467	1	100.799	1	3.16228	300.504	338.706
148	28.4495	1	222.817	1	0.791086	1	286.467	1	100.799	1	10	308.22	347.387
148	28.4495	1	222.817	1	0.791086	1	286.467	1	100.799	1	31.6228	316.965	354.452
148	28.4495	1	222.817	1	0.791086	1	286.467	1	100.799	1	100	328.164	366.255
149	28.0107	1	358.906	1	1.02511	1	851.239	1	64.3521	1	0	273.249	301.462
149	28.0107	1	358.906	1	1.02511	1	851.239	1	64.3521	1	0.001	273.279	301.501
149	28.0107	1	358.906	1	1.02511	1	851.239	1	64.3521	1	0.00316228	273.343	301.585
149	28.0107	1	358.906	1	1.02511	1	851.239	1	64.3521	1	0.01	273.543	301.849
149	28.0107	1	358.906	1	1.02511	1	851.239	1	64.3521	1	0.0316228	274.159	302.661
149	28.0107	1	358.906	1	1.02511	1	851.239	1	64.3521	1	0.1	275.953	305.024
149	28.0107	1	358.906	1	1.02511	1	851.239	1	64.3521	1	0.316228	280.514	311.104
149	28.0107	1	358.906	1	1.02511	1	851.239	1	64.3521	1	1	288.974	322.654
149	28.0107	1	358.906	1	1.02511	1	851.239	1	64.3521	1	3.16228	298.592	335.896
149	28.0107	1	358.906	1	1.02511	1	851.239	1	64.3521	1	10	306.283	344.887
149	28.0107	1	358.906	1	1.02511	1	851.239	1	64.3521	1	31.6228	312.209	349.501
149	28.0107	1	358.906	1	1.02511	1	851.239	1	64.3521	1	100	314.447	352.089
150	22.4327	1	476.582	1	0.98311	1	430.222	1	114.493	1	0	273.249	301.462
150	22.4327	1	476.582	1	0.98311	1	430.222	1	114.493	1	0.001	273.28	301.502
150	22.4327	1	476.582	1	0.98311	1	430.222	1	114.493	1	0.00316228	273.347	301.591
150	22.4327	1	476.582	1	0.98311	1	430.222	1	114.493	1	0.01	273.557	301.867
150	22.4327	1	476.582	1	0.98311	1	430.222	1	114.493	1	0.0316228	274.203	302.715
150	22.4327	1	476.582	1	0.98311	1	430.222	1	114.493	1	0.1	276.079	305.178
150	22.4327	1	476.582	1	0.98311	1	430.222	1	114.493	1	0.316228	280.82	311.473
150	22.4327	1	476.582	1	0.98311	1	430.222	1	114.493	1	1	289.552	323.309
150	22.4327	1	476.582	1	0.98311	1	430.222	1	114.493	1	3.16228	299.601	336.849
150	22.4327	1	476.582	1	0.98311	1	430.222	1	114.493	1	10	308.603	346.79
150	22.4327	1	476.582	1	0.98311	1	430.222	1	114.493	1	31.6228	317.152	354.363
150	22.4327	1	476.582	1	0.98311	1	430.222	1	114.493	1	100	326.988	365.116
151	29.0681	1	551.036	1	0.854259	1	366.122	1	42.0615	1	0	273.249	301.462
151	29.0681	1	551.036	1	0.854259	1	366.122	1	42.0615	1	0.001	273.285	301.509
151	29.0681	1	551.036	1	0.854259	1	366.122	1	42.0615	1	0.00316228	273.362	301.61
151	29.0681	1	551.036	1	0.854259	1	366.122	1	42.0615	1	0.01	273.602	301.927
151	29.0681	1	551.036	1	0.854259	1	366.122	1	42.0615	1	0.0316228	274.338	302.898
151	29.0681	1	551.036	1	0.854259	1	366.122	1	42.0615	1	0.1	276.45	305.681
151	29.0681	1	551.036	1	0.854259	1	366.122	1	42.0615	1	0.316228	281.643	312.632
151	29.0681	1	551.036	1	0.854259	1	366.122	1	42.0615	1	1	290.653	325.021
151	29.0681	1	551.036	1	0.854259	1	366.122	1	42.0615	1	3.16228	300.3	338.28
151	29.0681	1	551.036	1	0.854259	1	366.122	1	42.0615	1	10	308.592	347.71
151	29.0681	1	551.036	1	0.854259	1	366.122	1	42.0615	1	31.6228	317.599	355.758
151	29.0681	1	551.036	1	0.854259	1	366.122	1	42.0615	1	100	330.262	369.276
152	30.9257	1	518.237	1	0.593954	1	238.683	1	65.3786	1	0	273.249	301.462
152	30.9257	1	518.237	1	0.593954	1	238.683	1	65.3786	1	0.001	273.301	301.529
152	30.9257	1	518.237	1	0.593954	1	238.683	1	65.3786	1	0.00316228	273.41	301.675
152	30.9257	1	518.237	1	0.593954	1	238.683	1	65.3786	1	0.01	273.753	302.128
152	30.9257	1	518.237	1	0.593954	1	238.683	1	65.3786	1	0.0316228	274.787	303.496
152	30.9257	1	518.237	1	0.593954	1	238.683	1	65.3786	1	0.1	277.652	307.296
152	30.9257	1	518.237	1	0.593954	1	238.683	1	65.3786	1	0.316228	284.099	316.034
152	30.9257	1	518.237	1	0.593954	1	238.683	1	65.3786	1	1	293.682	329.441
152	30.9257	1	518.237	1	0.593954	1	238.683	1	65.3786	1	3.16228	302.575	341.702
152	30.9257	1	518.237	1	0.593954	1	238.683	1	65.3786	1	10	310.554	350.365
152	30.9257	1	518.237	1	0.593954	1	238.683	1	65.3786	1	31.6228	322.056	360.381
152	30.9257	1	518.237	1	0.593954	1	238.683	1	65.3786	1	100	341.335	380.682
153	29.8358	1	650.308	1	1.29148	1	404.393	1	68.0458	1	0	273.249	301.462
153	29.8358	1	650.308	1	1.29148	1	404.393	1	68.0458	1	0.001	273.273	301.493
153	29.8358	1	650.308	1	1.29148	1	404.393	1	68.0458	1	0.00316228	273.324	301.56
153	29.8358	1	650.308	1	1.29148	1	404.393	1	68.0458	1	0.01	273.485	301.771
153	29.8358	1	650.308	1	1.29148	1	404.393	1	68.0458	1	0.0316228	273.983	302.425
153	29.8358	1	650.308	1	1.29148	1	404.393	1	68.0458	1	0.1	275.457	304.361
153	29.8358	1	650.308	1	1.29148	1	404.393	1	68.0458	1	0.316228	279.363	309.53
153	29.8358	1	650.308	1	1.29148	1	404.393	1	68.0458	1	1	287.26	320.163
153	29.8358	1	650.308	1	1.29148	1	404.393	1	68.0458	1	3.16228	297.522	334.098
153	29.8358	1	650.308	1	1.29148	1	404.393	1	68.0458	1	10	307.105	345.487
153	29.8358	1	650.308	1	1.29148	1	404.393	1	68.0458	1	31.6228	317.123	354.691
153	29.8358	1	650.308	1	1.29148	1	404.393	1	68.0458	1	100	329.552	368.046
154	28.0327	1	291.95	1	0.533523	1	72.1722	1	61.7708	1	0	273.249	301.462
154	28.0327	1	291.95	1	0.533523	1	72.1722	1	61.7708	1	0.001	273.307	301.537
154	28.0327	1	291.95	1	0.533523	1	72.1722	1	61.7708	1	0.00316228	273.43	301.701
154	28.0327	1	291.95	1	0.533523	1	72.1722	1	61.7708	1	0.01	273.815	302.208
154	28.0327	1	291.95	1	0.533523	1	72.1722	1	61.7708	1	0.0316228	274.971	303.733
154	28.0327	1	291.95	1	0.533523	1	72.1722	1	61.7708	1	0.1	278.143	307.94
154	28.0327	1	291.95	1	0.533523	1	72.1722	1	61.7708	1	0.316228	285.107	317.356
154	28.0327	1	291.95	1	0.533523	1	72.1722	1	61.7708	1	1	295.296	331.492
154	28.0327	1	291.95	1	0.533523	1	72.1722	1	61.7708	1	3.16228	305.586	345.101
154	28.0327	1	291.95	1	0.533523	1	72.1722	1	61.7708	1	10	318.546	358.832
154	28.0327	1	291.95	1	0.533523	1	72.1722	1	61.7708	1	31.6228	343.986	383.441
154	28.0327	1	291.95	1	0.533523	1	72.1722	1	61.7708	1	100	392.571	434.84
155	31.7816	1	418.066	1	1.61634	1	368.983	1	55.8819	1	0	273.249	301.462
155	31.7816	1	418.066	1	1.61634	1	368.983	1	55.8819	1	0.001	273.268	301.486
155	31.7816	1	418.066	1	1.61634	1	368.983	1	55.8819	1	0.00316228	273.309	301.54
155	31.7816	1	418.066	1	1.61634	1	368.983	1	55.8819	1	0.01	273.438	301.71
155	31.7816	1	418.066	1	1.61634	1	368.983	1	55.8819	1	0.0316228	273.839	302.235
155	31.7816	1	418.066	1	1.61634	1	368.983	1	55.8819	1	0.1	275.042	303.812
155	31.7816	1	418.066	1	1.61634	1	368.983	1	55.8819	1	0.316228	278.327	308.138
155	31.7816	1	418.066	1	1.61634	1	368.983	1	55.8819	1	1	285.462	317.67
155	31.7816	1	418.066	1	1.61634	1	368.983	1	55.8819	1	3.16228	295.69	331.5
155	31.7816	1	418.066	1	1.61634	1	368.983	1	55.8819	1	10	305.722	343.751
155	31.7816	1	418.066	1	1.61634	1	368.983	1	55.8819	1	31.6228	315.844	353.349
155	31.7816	1	418.066	1	1.61634	1	368.983	1	55.8819	1	100	327.679	366.235
156	15.5658	1	382.897	1	1.07269	1	247.305	1	59.4965	1	0	273.249	301.462
156	15.5658	1	382.897	1	1.07269	1	247.305	1	59.4965	1	0.001	273.278	301.499
156	15.5658	1	382.897	1	1.07269	1	247.305	1	59.4965	1	0.00316228	273.34	301.58
156	15.5658	1	382.897	1	1.07269	1	247.305	1	59.4965	1	0.01	273.535	301.835
156	15.5658	1	382.897	1	1.07269	1	247.305	1	59.4965	1	0.0316228	274.137	302.62
156	15.5658	1	382.897	1	1.07269	1	247.305	1	59.4965	1	0.1	275.898	304.913
156	15.5658	1	382.897	1	1.07269	1	247.305	1	59.4965	1	0.316228	280.44	310.875
156	15.5658	1	382.897	1	1.07269	1	247.305	1	59.4965	1	1	289.175	322.474
156	15.5658	1	382.897	1	1.07269	1	247.305	1	59.4965	1	3.16228	300.069	336.586
156	15.5658	1	382.897	1	1.07269	1	247.305	1	59.4965	1	10	310.958	348.141
156	15.5658	1	382.897	1	1.07269	1	247.305	1	59.4965	1	31.6228	321.393	358.858
156	15.5658	1	382.897	1	1.07269	1	247.305	1	59.4965	1	100	338.456	377.45
157	31.1457	1	188.795	1	0.982707	1	222.383	1	68.2898	1	0	273.249	301.462
157	31.1457	1	188.795	1	0.982707	1	222.383	1	68.2898	1	0.001	273.28	301.502
157	31.1457	1	188.795	1	0.982707	1	222.383	1	68.2898	1	0.00316228	273.347	301.59
157	31.1457	1	188.795	1	0.982707	1	222.383	1	68.2898	1	0.01	273.556	301.866
157	31.1457	1	188.795	1	0.982707	1	222.383	1	68.2898	1	0.0316228	274.198	302.713
157	31.1457	1	188.795	1	0.982707	1	222.383	1	68.2898	1	0.1	276.062	305.172
157	31.1457	1	188.795	1	0.982707	1	222.383	1	68.2898	1	0.316228	280.769	311.457
157	31.1457	1	188.795	1	0.982707	1	222.383	1	68.2898	1	1	289.399	323.277
157	31.1457	1	188.795	1	0.982707	1	222.383	1	68.2898	1	3.16228	299.213	336.816
157	31.1457	1	188.795	1	0.982707	1	222.383	1	68.2898	1	10	307.758	346.863
157	31.1457	1	188.795	1	0.982707	1	222.383	1	68.2898	1	31.6228	317.737	355.571
157	31.1457	1	188.795	1	0.982707	1	222.383	1	68.2898	1	100	332.041	370.942
158	24.1617	1	1859.08	1	0.519874	1	226.792	1	51.8021	1	0	273.249	301.462
158	24.1617	1	1859.08	1	0.519874	1	226.792	1	51.8021	1	0.001	273.308	301.539
158	24.1617	1	1859.08	1	0.519874	1	226.792	1	51.8021	1	0.00316228	273.434	301.705
158	24.1617	1	1859.08	1	0.519874	1	226.792	1	51.8021	1	0.01	273.825	302.222
158	24.1617	1	1859.08	1	0.519874	1	226.792	1	51.8021	1	0.0316228	274.998	303.772
158	24.1617	1	1859.08	1	0.519874	1	226.792	1	51.8021	1	0.1	278.203	308.03
158	24.1617	1	1859.08	1	0.519874	1	226.792	1	51.8021	1	0.316228	285.143	317.442
158	24.1617	1	1859.08	1	0.519874	1	226.792	1	51.8021	1	1	294.938	331.129
158	24.1617	1	1859.08	1	0.519874	1	226.792	1	51.8021	1	3.16228	303.823	343.069
158	24.1617	1	1859.08	1	0.519874	1	226.792	1	51.8021	1	10	312.558	351.974
158	24.1617	1	1859.08	1	0.519874	1	226.792	1	51.8021	1	31.6228	325.184	363.646
158	24.1617	1	1859.08	1	0.519874	1	226.792	1	51.8021	1	100	348.808	388.983
159	28.9096	1	2313.4	1	0.681975	1	272.018	1	53.9601	1	0	273.249	301.462
159	28.9096	1	2313.4	1	0.681975	1	272.018	1	53.9601	1	0.001	273.294	301.521
159	28.9096	1	2313.4	1	0.681975	1	272.018	1	53.9601	1	0.00316228	273.39	301.648
159	28.9096	1	2313.4	1	0.681975	1	272.018	1	53.9601	1	0.01	273.69	302.044
159	28.9096	1	2313.4	1	0.681975	1	272.018	1	53.9601	1	0.0316228	274.602	303.248
159	28.9096	1	2313.4	1	0.681975	1	272.018	1	53.9601	1	0.1	277.162	306.626
159	28.9096	1	2313.4	1	0.681975	1	272.018	1	53.9601	1	0.316228	283.154	314.699
159	28.9096	1	2313.4	1	0.681975	1	272.018	1	53.9601	1	1	292.655	327.872
159	28.9096	1	2313.4	1	0.681975	1	272.018	1	53.9601	1	3.16228	302.083	340.751
159	28.9096	1	2313.4	1	0.681975	1	272.018	1	53.9601	1	10	310.795	350.266
159	28.9096	1	2313.4	1	0.681975	1	272.018	1	53.9601	1	31.6228	322.747	361.196
159	28.9096	1	2313.4	1	0.681975	1	272.018	1	53.9601	1	100	343.654	383.499
160	52.5536	1	1364.23	1	0.941237	1	371.293	1	85.0467	1	0	273.249	301.462
160	52.5536	1	1364.23	1	0.941237	1	371.293	1	85.0467	1	0.001	273.282	301.504
160	52.5536	1	1364.23	1	0.941237	1	371.293	1	85.0467	1	0.00316228	273.351	301.596
160	52.5536	1	1364.23	1	0.941237	1	371.293	1	85.0467	1	0.01	273.569	301.885
160	52.5536	1	1364.23	1	0.941237	1	371.293	1	85.0467	1	0.0316228	274.239	302.77
160	52.5536	1	1364.23	1	0.941237	1	371.293	1	85.0467	1	0.1	276.175	305.331
160	52.5536	1	1364.23	1	0.941237	1	371.293	1	85.0467	1	0.316228	281.019	311.825
160	52.5536	1	1364.23	1	0.941237	1	371.293	1	85.0467	1	1	289.724	323.865
160	52.5536	1	1364.23	1	0.941237	1	371.293	1	85.0467	1	3.16228	299.329	337.385
160	52.5536	1	1364.23	1	0.941237	1	371.293	1	85.0467	1	10	307.376	347.41
160	52.5536	1	1364.23	1	0.941237	1	371.293	1	85.0467	1	31.6228	317.405	356.58
160	52.5536	1	1364.23	1	0.941237	1	371.293	1	85.0467	1	100	333.73	373.022
161	17.9737	1	381.661	1	1.1251	1	314.503	1	58.6946	1	0	273.249	301.462
161	17.9737	1	381.661	1	1.1251	1	314.503	1	58.6946	1	0.001	273.277	301.497
161	17.9737	1	381.661	1	1.1251	1	314.503	1	58.6946	1	0.00316228	273.336	301.575
161	17.9737	1	381.661	1	1.1251	1	314.503	1	58.6946	1	0.01	273.521	301.817
161	17.9737	1	381.661	1	1.1251	1	314.503	1	58.6946	1	0.0316228	274.093	302.565
161	17.9737	1	381.661	1	1.1251	1	314.503	1	58.6946	1	0.1	275.773	304.757
161	17.9737	1	381.661	1	1.1251	1	314.503	1	58.6946	1	0.316228	280.134	310.498
161	17.9737	1	381.661	1	1.1251	1	314.503	1	58.6946	1	1	288.619	321.819
161	17.9737	1	381.661	1	1.1251	1	314.503	1	58.6946	1	3.16228	299.229	335.772
161	17.9737	1	381.661	1	1.1251	1	314.503	1	58.6946	1	10	309.455	346.895
161	17.9737	1	381.661	1	1.1251	1	314.503	1	58.6946	1	31.6228	318.82	356.105
161	17.9737	1	381.661	1	1.1251	1	314.503	1	58.6946	1	100	331.788	370.357
162	34.2833	1	254.745	1	1.13532	1	350.883	1	63.1961	1	0	273.249	301.462
162	34.2833	1	254.745	1	1.13532	1	350.883	1	63.1961	1	0.001	273.276	301.497
162	34.2833	1	254.745	1	1.13532	1	350.883	1	63.1961	1	0.00316228	273.334	301.573
162	34.2833	1	254.745	1	1.13532	1	350.883	1	63.1961	1	0.01	273.515	301.812
162	34.2833	1	254.745	1	1.13532	1	350.883	1	63.1961	1	0.0316228	274.073	302.549
162	34.2833	1	254.745	1	1.13532	1	350.883	1	63.1961	1	0.1	275.712	304.71
162	34.2833	1	254.745	1	1.13532	1	350.883	1	63.1961	1	0.316228	279.958	310.371
162	34.2833	1	254.745	1	1.13532	1	350.883	1	63.1961	1	1	288.135	321.523
162	34.2833	1	254.745	1	1.13532	1	350.883	1	63.1961	1	3.16228	297.944	335.096
162	34.2833	1	254.745	1	1.13532	1	350.883	1	63.1961	1	10	306.248	345.198
162	34.2833	1	254.745	1	1.13532	1	350.883	1	63.1961	1	31.6228	314.52	352.35
162	34.2833	1	254.745	1	1.13532	1	350.883	1	63.1961	1	100	323.696	362.226
163	19.6834	1	470.36	1	1.06434	1	226.567	1	67.3593	1	0	273.249	301.462
163	19.6834	1	470.36	1	1.06434	1	226.567	1	67.3593	1	0.001	273.278	301.5
163	19.6834	1	470.36	1	1.06434	1	226.567	1	67.3593	1	0.00316228	273.341	301.581
163	19.6834	1	470.36	1	1.06434	1	226.567	1	67.3593	1	0.01	273.537	301.838
163	19.6834	1	470.36	1	1.06434	1	226.567	1	67.3593	1	0.0316228	274.141	302.629
163	19.6834	1	470.36	1	1.06434	1	226.567	1	67.3593	1	0.1	275.908	304.939
163	19.6834	1	470.36	1	1.06434	1	226.567	1	67.3593	1	0.316228	280.455	310.938
163	19.6834	1	470.36	1	1.06434	1	226.567	1	67.3593	1	1	289.147	322.584
163	19.6834	1	470.36	1	1.06434	1	226.567	1	67.3593	1	3.16228	299.869	336.733
163	19.6834	1	470.36	1	1.06434	1	226.567	1	67.3593	1	10	310.65	348.501
163	19.6834	1	470.36	1	1.06434	1	226.567	1	67.3593	1	31.6228	322.765	360.352
163	19.6834	1	470.36	1	1.06434	1	226.567	1	67.3593	1	100	342.558	381.794
164	33.4102	1	484.617	1	0.642865	1	437.011	1	62.6667	1	0	273.249	301.462
164	33.4102	1	484.617	1	0.642865	1	437.011	1	62.6667	1	0.001	273.296	301.524
164	33.4102	1	484.617	1	0.642865	1	437.011	1	62.6667	1	0.00316228	273.398	301.658
164	33.4102	1	484.617	1	0.642865	1	437.011	1	62.6667	1	0.01	273.714	302.076
164	33.4102	1	484.617	1	0.642865	1	437.011	1	62.6667	1	0.0316228	274.671	303.344
164	33.4102	1	484.617	1	0.642865	1	437.011	1	62.6667	1	0.1	277.342	306.883
164	33.4102	1	484.617	1	0.642865	1	437.011	1	62.6667	1	0.316228	283.479	315.196
164	33.4102	1	484.617	1	0.642865	1	437.011	1	62.6667	1	1	292.856	328.33
164	33.4102	1	484.617	1	0.642865	1	437.011	1	62.6667	1	3.16228	301.534	340.466
164	33.4102	1	484.617	1	0.642865	1	437.011	1	62.6667	1	10	308.38	348.136
164	33.4102	1	484.617	1	0.642865	1	437.011	1	62.6667	1	31.6228	316.235	354.378
164	33.4102	1	484.617	1	0.642865	1	437.011	1	62.6667	1	100	326.015	364.539
165	22.6597	1	352.766	1	1.28848	1	452.962	1	61.8457	1	0	273.249	301.462
165	22.6597	1	352.766	1	1.28848	1	452.962	1	61.8457	1	0.001	273.273	301.493
165	22.6597	1	352.766	1	1.28848	1	452.962	1	61.8457	1	0.00316228	273.325	301.56
165	22.6597	1	352.766	1	1.28848	1	452.962	1	61.8457	1	0.01	273.486	301.771
165	22.6597	1	352.766	1	1.28848	1	452.962	1	61.8457	1	0.0316228	273.984	302.425
165	22.6597	1	352.766	1	1.28848	1	452.962	1	61.8457	1	0.1	275.462	304.36
165	22.6597	1	352.766	1	1.28848	1	452.962	1	61.8457	1	0.316228	279.377	309.523
165	22.6597	1	352.766	1	1.28848	1	452.962	1	61.8457	1	1	287.3	320.122
165	22.6597	1	352.766	1	1.28848	1	452.962	1	61.8457	1	3.16228	297.582	333.912
165	22.6597	1	352.766	1	1.28848	1	452.962	1	61.8457	1	10	307.105	344.82
165	22.6597	1	352.766	1	1.28848	1	452.962	1	61.8457	1	31.6228	315.223	352.275
165	22.6597	1	352.766	1	1.28848	1	452.962	1	61.8457	1	100	323.162	361.112
166	16.0159	1	848.013	1	1.1235	1	272.526	1	84.8613	1	0	273.249	301.462
166	16.0159	1	848.013	1	1.1235	1	272.526	1	84.8613	1	0.001	273.277	301.498
166	16.0159	1	848.013	1	1.1235	1	272.526	1	84.8613	1	0.00316228	273.337	301.575
166	16.0159	1	848.013	1	1.1235	1	272.526	1	84.8613	1	0.01	273.523	301.819
166	16.0159	1	848.013	1	1.1235	1	272.526	1	84.8613	1	0.0316228	274.1	302.571
166	16.0159	1	848.013	1	1.1235	1	272.526	1	84.8613	1	0.1	275.796	304.776
166	16.0159	1	848.013	1	1.1235	1	272.526	1	84.8613	1	0.316228	280.205	310.555
166	16.0159	1	848.013	1	1.1235	1	272.526	1	84.8613	1	1	288.83	321.98
166	16.0159	1	848.013	1	1.1235	1	272.526	1	84.8613	1	3.16228	299.847	336.242
166	16.0159	1	848.013	1	1.1235	1	272.526	1	84.8613	1	10	311.112	348.268
166	16.0159	1	848.013	1	1.1235	1	272.526	1	84.8613	1	31.6228	322.254	359.853
166	16.0159	1	848.013	1	1.1235	1	272.526	1	84.8613	1	100	341.027	380.303
167	22.1889	1	229.999	1	0.73759	1	404.904	1	59.4327	1	0	273.249	301.462
167	22.1889	1	229.999	1	0.73759	1	404.904	1	59.4327	1	0.001	273.291	301.516
167	22.1889	1	229.999	1	0.73759	1	404.904	1	59.4327	1	0.00316228	273.379	301.633
167	22.1889	1	229.999	1	0.73759	1	404.904	1	59.4327	1	0.01	273.656	301.998
167	22.1889	1	229.999	1	0.73759	1	404.904	1	59.4327	1	0.0316228	274.498	303.11
167	22.1889	1	229.999	1	0.73759	1	404.904	1	59.4327	1	0.1	276.88	306.249
167	22.1889	1	229.999	1	0.73759	1	404.904	1	59.4327	1	0.316228	282.559	313.874
167	22.1889	1	229.999	1	0.73759	1	404.904	1	59.4327	1	1	291.805	326.626
167	22.1889	1	229.999	1	0.73759	1	404.904	1	59.4327	1	3.16228	300.979	339.129
167	22.1889	1	229.999	1	0.73759	1	404.904	1	59.4327	1	10	308.412	347.019
167	22.1889	1	229.999	1	0.73759	1	404.904	1	59.4327	1	31.6228	314.798	352.047
167	22.1889	1	229.999	1	0.73759	1	404.904	1	59.4327	1	100	320.848	358.803
168	22.5096	1	193.934	1	1.19237	1	487.743	1	63.1309	1	0	273.249	301.462
168	22.5096	1	193.934	1	1.19237	1	487.743	1	63.1309	1	0.001	273.275	301.495
168	22.5096	1	193.934	1	1.19237	1	487.743	1	63.1309	1	0.00316228	273.33	301.567
168	22.5096	1	193.934	1	1.19237	1	487.743	1	63.1309	1	0.01	273.502	301.794
168	22.5096	1	193.934	1	1.19237	1	487.743	1	63.1309	1	0.0316228	274.036	302.495
168	22.5096	1	193.934	1	1.19237	1	487.743	1	63.1309	1	0.1	275.607	304.558
168	22.5096	1	193.934	1	1.19237	1	487.743	1	63.1309	1	0.316228	279.712	309.996
168	22.5096	1	193.934	1	1.19237	1	487.743	1	63.1309	1	1	287.774	320.86
168	22.5096	1	193.934	1	1.19237	1	487.743	1	63.1309	1	3.16228	297.683	334.278
168	22.5096	1	193.934	1	1.19237	1	487.743	1	63.1309	1	10	306.112	343.932
168	22.5096	1	193.934	1	1.19237	1	487.743	1	63.1309	1	31.6228	312.013	348.796
168	22.5096	1	193.934	1	1.19237	1	487.743	1	63.1309	1	100	314.928	352.532
169	29.3343	1	456.157	1	1.66926	1	284.472	1	43.4197	1	0	273.249	301.462
169	29.3343	1	456.157	1	1.66926	1	284.472	1	43.4197	1	0.001	273.268	301.486
169	29.3343	1	456.157	1	1.66926	1	284.472	1	43.4197	1	0.00316228	273.308	301.538
169	29.3343	1	456.157	1	1.66926	1	284.472	1	43.4197	1	0.01	273.434	301.703
169	29.3343	1	456.157	1	1.66926	1	284.472	1	43.4197	1	0.0316228	273.825	302.214
169	29.3343	1	456.157	1	1.66926	1	284.472	1	43.4197	1	0.1	275	303.752
169	29.3343	1	456.157	1	1.66926	1	284.472	1	43.4197	1	0.316228	278.228	307.985
169	29.3343	1	456.157	1	1.66926	1	284.472	1	43.4197	1	1	285.329	317.42
169	29.3343	1	456.157	1	1.66926	1	284.472	1	43.4197	1	3.16228	295.787	331.431
169	29.3343	1	456.157	1	1.66926	1	284.472	1	43.4197	1	10	306.605	344.451
169	29.3343	1	456.157	1	1.66926	1	284.472	1	43.4197	1	31.6228	318.249	355.938
169	29.3343	1	456.157	1	1.66926	1	284.472	1	43.4197	1	100	334.398	373.492
170	24.3906	1	296.268	1	0.726218	1	237.719	1	52.6296	1	0	273.249	301.462
170	24.3906	1	296.268	1	0.726218	1	237.719	1	52.6296	1	0.001	273.291	301.517
170	24.3906	1	296.268	1	0.726218	1	237.719	1	52.6296	1	0.00316228	273.382	301.636
170	24.3906	1	296.268	1	0.726218	1	237.719	1	52.6296	1	0.01	273.663	302.008
170	24.3906	1	296.268	1	0.726218	1	237.719	1	52.6296	1	0.0316228	274.522	303.14
170	24.3906	1	296.268	1	0.726218	1	237.719	1	52.6296	1	0.1	276.946	306.334
170	24.3906	1	296.268	1	0.726218	1	237.719	1	52.6296	1	0.316228	282.71	314.076
170	24.3906	1	296.268	1	0.726218	1	237.719	1	52.6296	1	1	292.089	327.014
170	24.3906	1	296.268	1	0.726218	1	237.719	1	52.6296	1	3.16228	301.588	339.918
170	24.3906	1	296.268	1	0.726218	1	237.719	1	52.6296	1	10	310.134	349.127
170	24.3906	1	296.268	1	0.726218	1	237.719	1	52.6296	1	31.6228	320.476	358.294
170	24.3906	1	296.268	1	0.726218	1	237.719	1	52.6296	1	100	336.616	375.605
171	26.22	1	677.199	1	1.51458	1	209.562	1	55.5456	1	0	273.249	301.462
171	26.22	1	677.199	1	1.51458	1	209.562	1	55.5456	1	0.001	273.27	301.488
171	26.22	1	677.199	1	1.51458	1	209.562	1	55.5456	1	0.00316228	273.314	301.546
171	26.22	1	677.199	1	1.51458	1	209.562	1	55.5456	1	0.01	273.454	301.728
171	26.22	1	677.199	1	1.51458	1	209.562	1	55.5456	1	0.0316228	273.886	302.294
171	26.22	1	677.199	1	1.51458	1	209.562	1	55.5456	1	0.1	275.181	303.984
171	26.22	1	677.199	1	1.51458	1	209.562	1	55.5456	1	0.316228	278.7	308.596
171	26.22	1	677.199	1	1.51458	1	209.562	1	55.5456	1	1	286.257	318.622
171	26.22	1	677.199	1	1.51458	1	209.562	1	55.5456	1	3.16228	297.133	333.055
171	26.22	1	677.199	1	1.51458	1	209.562	1	55.5456	1	10	308.887	346.764
171	26.22	1	677.199	1	1.51458	1	209.562	1	55.5456	1	31.6228	323.381	361.113
171	26.22	1	677.199	1	1.51458	1	209.562	1	55.5456	1	100	346.896	386.478
172	43.7667	1	511.452	1	0.434243	1	290.398	1	98.8808	1	0	273.249	301.462
172	43.7667	1	511.452	1	0.434243	1	290.398	1	98.8808	1	0.001	273.319	301.554
172	43.7667	1	511.452	1	0.434243	1	290.398	1	98.8808	1	0.00316228	273.468	301.752
172	43.7667	1	511.452	1	0.434243	1	290.398	1	98.8808	1	0.01	273.93	302.365
172	43.7667	1	511.452	1	0.434243	1	290.398	1	98.8808	1	0.0316228	275.303	304.186
172	43.7667	1	511.452	1	0.434243	1	290.398	1	98.8808	1	0.1	278.959	309.085
172	43.7667	1	511.452	1	0.434243	1	290.398	1	98.8808	1	0.316228	286.402	319.322
172	43.7667	1	511.452	1	0.434243	1	290.398	1	98.8808	1	1	295.875	332.901
172	43.7667	1	511.452	1	0.434243	1	290.398	1	98.8808	1	3.16228	303.357	343.491
172	43.7667	1	511.452	1	0.434243	1	290.398	1	98.8808	1	10	309.497	350.273
172	43.7667	1	511.452	1	0.434243	1	290.398	1	98.8808	1	31.6228	319.074	358.101
172	43.7667	1	511.452	1	0.434243	1	290.398	1	98.8808	1	100	335.435	374.358
173	19.0352	1	509.246	1	0.0950155	1	545.684	1	53.6621	1	0	273.249	301.462
173	19.0352	1	509.246	1	0.0950155	1	545.684	1	53.6621	1	0.001	273.563	301.879
173	19.0352	1	509.246	1	0.0950155	1	545.684	1	53.6621	1	0.00316228	274.22	302.752
173	19.0352	1	509.246	1	0.0950155	1	545.684	1	53.6621	1	0.01	276.119	305.276
173	19.0352	1	509.246	1	0.0950155	1	545.684	1	53.6621	1	0.0316228	280.859	311.677
173	19.0352	1	509.246	1	0.0950155	1	545.684	1	53.6621	1	0.1	289.294	323.51
173	19.0352	1	509.246	1	0.0950155	1	545.684	1	53.6621	1	0.316228	298.1	336.477
173	19.0352	1	509.246	1	0.0950155	1	545.684	1	53.6621	1	1	303.754	344.75
173	19.0352	1	509.246	1	0.0950155	1	545.684	1	53.6621	1	3.16228	307.383	348.741
173	19.0352	1	509.246	1	0.0950155	1	545.684	1	53.6621	1	10	311.949	351.455
173	19.0352	1	509.246	1	0.0950155	1	545.684	1	53.6621	1	31.6228	317.09	354.966
173	19.0352	1	509.246	1	0.0950155	1	545.684	1	53.6621	1	100	323.783	362.173
174	21.7182	1	838.077	1	0.88527	1	235.831	1	52.2877	1	0	273.249	301.462
174	21.7182	1	838.077	1	0.88527	1	235.831	1	52.2877	1	0.001	273.284	301.507
174	21.7182	1	838.077	1	0.88527	1	235.831	1	52.2877	1	0.00316228	273.359	301.605
174	21.7182	1	838.077	1	0.88527	1	235.831	1	52.2877	1	0.01	273.593	301.913
174	21.7182	1	838.077	1	0.88527	1	235.831	1	52.2877	1	0.0316228	274.31	302.856
174	21.7182	1	838.077	1	0.88527	1	235.831	1	52.2877	1	0.1	276.378	305.568
174	21.7182	1	838.077	1	0.88527	1	235.831	1	52.2877	1	0.316228	281.515	312.391
174	21.7182	1	838.077	1	0.88527	1	235.831	1	52.2877	1	1	290.656	324.798
174	21.7182	1	838.077	1	0.88527	1	235.831	1	52.2877	1	3.16228	301.014	338.618
174	21.7182	1	838.077	1	0.88527	1	235.831	1	52.2877	1	10	311.186	349.624
174	21.7182	1	838.077	1	0.88527	1	235.831	1	52.2877	1	31.6228	323.524	361.521
174	21.7182	1	838.077	1	0.88527	1	235.831	1	52.2877	1	100	344.801	384.466
175	31.4486	1	799.355	1	0.866977	1	160.506	1	32.3281	1	0	273.249	301.462
175	31.4486	1	799.355	1	0.866977	1	160.506	1	32.3281	1	0.001	273.285	301.508
175	31.4486	1	799.355	1	0.866977	1	160.506	1	32.3281	1	0.00316228	273.361	301.609
175	31.4486	1	799.355	1	0.866977	1	160.506	1	32.3281	1	0.01	273.6	301.924
175	31.4486	1	799.355	1	0.866977	1	160.506	1	32.3281	1	0.0316228	274.332	302.888
175	31.4486	1	799.355	1	0.866977	1	160.506	1	32.3281	1	0.1	276.437	305.658
175	31.4486	1	799.355	1	0.866977	1	160.506	1	32.3281	1	0.316228	281.643	312.608
175	31.4486	1	799.355	1	0.866977	1	160.506	1	32.3281	1	1	290.829	325.183
175	31.4486	1	799.355	1	0.866977	1	160.506	1	32.3281	1	3.16228	301.188	339.259
175	31.4486	1	799.355	1	0.866977	1	160.506	1	32.3281	1	10	311.613	351.111
175	31.4486	1	799.355	1	0.866977	1	160.506	1	32.3281	1	31.6228	327.211	366.406
175	31.4486	1	799.355	1	0.866977	1	160.506	1	32.3281	1	100	357.263	398.117
176	36.182	1	1246.64	1	1.23952	1	636.043	1	64.6113	1	0	273.249	301.462
176	36.182	1	1246.64	1	1.23952	1	636.043	1	64.6113	1	0.001	273.274	301.494
176	36.182	1	1246.64	1	1.23952	1	636.043	1	64.6113	1	0.00316228	273.327	301.564
176	36.182	1	1246.64	1	1.23952	1	636.043	1	64.6113	1	0.01	273.494	301.784
176	36.182	1	1246.64	1	1.23952	1	636.043	1	64.6113	1	0.0316228	274.009	302.463
176	36.182	1	1246.64	1	1.23952	1	636.043	1	64.6113	1	0.1	275.533	304.468
176	36.182	1	1246.64	1	1.23952	1	636.043	1	64.6113	1	0.316228	279.538	309.791
176	36.182	1	1246.64	1	1.23952	1	636.043	1	64.6113	1	1	287.494	320.583
176	36.182	1	1246.64	1	1.23952	1	636.043	1	64.6113	1	3.16228	297.498	334.353
176	36.182	1	1246.64	1	1.23952	1	636.043	1	64.6113	1	10	306.299	345.107
176	36.182	1	1246.64	1	1.23952	1	636.043	1	64.6113	1	31.6228	315.029	352.985
176	36.182	1	1246.64	1	1.23952	1	636.043	1	64.6113	1	100	324.663	363.16
177	29.9023	1	1014.14	1	0.993341	1	192.551	1	108.082	1	0	273.249	301.462
177	29.9023	1	1014.14	1	0.993341	1	192.551	1	108.082	1	0.001	273.28	301.502
177	29.9023	1	1014.14	1	0.993341	1	192.551	1	108.082	1	0.00316228	273.347	301.59
177	29.9023	1	1014.14	1	0.993341	1	192.551	1	108.082	1	0.01	273.556	301.865
177	29.9023	1	1014.14	1	0.993341	1	192.551	1	108.082	1	0.0316228	274.199	302.711
177	29.9023	1	1014.14	1	0.993341	1	192.551	1	108.082	1	0.1	276.07	305.17
177	29.9023	1	1014.14	1	0.993341	1	192.551	1	108.082	1	0.316228	280.818	311.481
177	29.9023	1	1014.14	1	0.993341	1	192.551	1	108.082	1	1	289.64	323.466
177	29.9023	1	1014.14	1	0.993341	1	192.551	1	108.082	1	3.16228	300.153	337.689
177	29.9023	1	1014.14	1	0.993341	1	192.551	1	108.082	1	10	310.711	349.751
177	29.9023	1	1014.14	1	0.993341	1	192.551	1	108.082	1	31.6228	325.919	364.029
177	29.9023	1	1014.14	1	0.993341	1	192.551	1	108.082	1	100	352.202	392.107
178	37.7291	1	342.24	1	0.705989	1	144.447	1	76.5639	1	0	273.249	301.462
178	37.7291	1	342.24	1	0.705989	1	144.447	1	76.5639	1	0.001	273.293	301.519
178	37.7291	1	342.24	1	0.705989	1	144.447	1	76.5639	1	0.00316228	273.385	301.641
178	37.7291	1	342.24	1	0.705989	1	144.447	1	76.5639	1	0.01	273.676	302.025
178	37.7291	1	342.24	1	0.705989	1	144.447	1	76.5639	1	0.0316228	274.558	303.192
178	37.7291	1	342.24	1	0.705989	1	144.447	1	76.5639	1	0.1	277.044	306.475
178	37.7291	1	342.24	1	0.705989	1	144.447	1	76.5639	1	0.316228	282.919	314.398
178	37.7291	1	342.24	1	0.705989	1	144.447	1	76.5639	1	1	292.395	327.569
178	37.7291	1	342.24	1	0.705989	1	144.447	1	76.5639	1	3.16228	302.056	340.894
178	37.7291	1	342.24	1	0.705989	1	144.447	1	76.5639	1	10	311.415	351.577
178	37.7291	1	342.24	1	0.705989	1	144.447	1	76.5639	1	31.6228	326.91	365.924
178	37.7291	1	342.24	1	0.705989	1	144.447	1	76.5639	1	100	355.623	395.785
179	33.2346	1	509.829	1	0.752939	1	230.036	1	85.9465	1	0	273.249	301.462
179	33.2346	1	509.829	1	0.752939	1	230.036	1	85.9465	1	0.001	273.29	301.515
179	33.2346	1	509.829	1	0.752939	1	230.036	1	85.9465	1	0.00316228	273.377	301.63
179	33.2346	1	509.829	1	0.752939	1	230.036	1	85.9465	1	0.01	273.649	301.989
179	33.2346	1	509.829	1	0.752939	1	230.036	1	85.9465	1	0.0316228	274.478	303.085
179	33.2346	1	509.829	1	0.752939	1	230.036	1	85.9465	1	0.1	276.829	306.188
179	33.2346	1	509.829	1	0.752939	1	230.036	1	85.9465	1	0.316228	282.462	313.766
179	33.2346	1	509.829	1	0.752939	1	230.036	1	85.9465	1	1	291.754	326.633
179	33.2346	1	509.829	1	0.752939	1	230.036	1	85.9465	1	3.16228	301.294	339.79
179	33.2346	1	509.829	1	0.752939	1	230.036	1	85.9465	1	10	309.925	349.58
179	33.2346	1	509.829	1	0.752939	1	230.036	1	85.9465	1	31.6228	322.108	360.377
179	33.2346	1	509.829	1	0.752939	1	230.036	1	85.9465	1	100	342.312	381.509
180	19.9659	1	350.207	1	0.592467	1	325.703	1	82.239	1	0	273.249	301.462
180	19.9659	1	350.207	1	0.592467	1	325.703	1	82.239	1	0.001	273.301	301.529
180	19.9659	1	350.207	1	0.592467	1	325.703	1	82.239	1	0.00316228	273.411	301.675
180	19.9659	1	350.207	1	0.592467	1	325.703	1	82.239	1	0.01	273.754	302.128
180	19.9659	1	350.207	1	0.592467	1	325.703	1	82.239	1	0.0316228	274.792	303.497
180	19.9659	1	350.207	1	0.592467	1	325.703	1	82.239	1	0.1	277.665	307.299
180	19.9659	1	350.207	1	0.592467	1	325.703	1	82.239	1	0.316228	284.135	316.028
180	19.9659	1	350.207	1	0.592467	1	325.703	1	82.239	1	1	293.765	329.37
180	19.9659	1	350.207	1	0.592467	1	325.703	1	82.239	1	3.16228	302.729	341.386
180	19.9659	1	350.207	1	0.592467	1	325.703	1	82.239	1	10	310.629	349.265
180	19.9659	1	350.207	1	0.592467	1	325.703	1	82.239	1	31.6228	318.855	356.378
180	19.9659	1	350.207	1	0.592467	1	325.703	1	82.239	1	100	330.507	368.957
181	47.4739	1	350.278	1	0.263241	1	298.958	1	74.7777	1	0	273.249	301.462
181	47.4739	1	350.278	1	0.263241	1	298.958	1	74.7777	1	0.001	273.364	301.613
181	47.4739	1	350.278	1	0.263241	1	298.958	1	74.7777	1	0.00316228	273.607	301.937
181	47.4739	1	350.278	1	0.263241	1	298.958	1	74.7777	1	0.01	274.353	302.928
181	47.4739	1	350.278	1	0.263241	1	298.958	1	74.7777	1	0.0316228	276.484	305.76
181	47.4739	1	350.278	1	0.263241	1	298.958	1	74.7777	1	0.1	281.673	312.791
181	47.4739	1	350.278	1	0.263241	1	298.958	1	74.7777	1	0.316228	290.428	325.125
181	47.4739	1	350.278	1	0.263241	1	298.958	1	74.7777	1	1	299.07	337.86
181	47.4739	1	350.278	1	0.263241	1	298.958	1	74.7777	1	3.16228	304.71	345.863
181	47.4739	1	350.278	1	0.263241	1	298.958	1	74.7777	1	10	309.35	350.642
181	47.4739	1	350.278	1	0.263241	1	298.958	1	74.7777	1	31.6228	317.227	356.632
181	47.4739	1	350.278	1	0.263241	1	298.958	1	74.7777	1	100	330.727	369.935
182	70.1401	1	287.069	1	1.57493	1	427.869	1	69.4609	1	0	273.249	301.462
182	70.1401	1	287.069	1	1.57493	1	427.869	1	69.4609	1	0.001	273.269	301.487
182	70.1401	1	287.069	1	1.57493	1	427.869	1	69.4609	1	0.00316228	273.31	301.542
182	70.1401	1	287.069	1	1.57493	1	427.869	1	69.4609	1	0.01	273.44	301.714
182	70.1401	1	287.069	1	1.57493	1	427.869	1	69.4609	1	0.0316228	273.845	302.25
182	70.1401	1	287.069	1	1.57493	1	427.869	1	69.4609	1	0.1	275.056	303.854
182	70.1401	1	287.069	1	1.57493	1	427.869	1	69.4609	1	0.316228	278.344	308.236
182	70.1401	1	287.069	1	1.57493	1	427.869	1	69.4609	1	1	285.36	317.791
182	70.1401	1	287.069	1	1.57493	1	427.869	1	69.4609	1	3.16228	294.961	331.309
182	70.1401	1	287.069	1	1.57493	1	427.869	1	69.4609	1	10	303.144	342.491
182	70.1401	1	287.069	1	1.57493	1	427.869	1	69.4609	1	31.6228	310.145	349.618
182	70.1401	1	287.069	1	1.57493	1	427.869	1	69.4609	1	100	318.865	357.739
183	57.033	1	618.196	1	1.46714	1	172.608	1	36.4703	1	0	273.249	301.462
183	57.033	1	618.196	1	1.46714	1	172.608	1	36.4703	1	0.001	273.27	301.489
183	57.033	1	618.196	1	1.46714	1	172.608	1	36.4703	1	0.00316228	273.316	301.549
183	57.033	1	618.196	1	1.46714	1	172.608	1	36.4703	1	0.01	273.458	301.737
183	57.033	1	618.196	1	1.46714	1	172.608	1	36.4703	1	0.0316228	273.901	302.32
183	57.033	1	618.196	1	1.46714	1	172.608	1	36.4703	1	0.1	275.224	304.061
183	57.033	1	618.196	1	1.46714	1	172.608	1	36.4703	1	0.316228	278.796	308.795
183	57.033	1	618.196	1	1.46714	1	172.608	1	36.4703	1	1	286.347	318.991
183	57.033	1	618.196	1	1.46714	1	172.608	1	36.4703	1	3.16228	296.9	333.484
183	57.033	1	618.196	1	1.46714	1	172.608	1	36.4703	1	10	307.732	347.207
183	57.033	1	618.196	1	1.46714	1	172.608	1	36.4703	1	31.6228	322.844	362.629
183	57.033	1	618.196	1	1.46714	1	172.608	1	36.4703	1	100	349.838	391.668
184	44.5612	1	338.189	1	1.25922	1	277.418	1	69.6387	1	0	273.249	301.462
184	44.5612	1	338.189	1	1.25922	1	277.418	1	69.6387	1	0.001	273.274	301.494
184	44.5612	1	338.189	1	1.25922	1	277.418	1	69.6387	1	0.00316228	273.326	301.562
184	44.5612	1	338.189	1	1.25922	1	277.418	1	69.6387	1	0.01	273.49	301.779
184	44.5612	1	338.189	1	1.25922	1	277.418	1	69.6387	1	0.0316228	273.996	302.448
184	44.5612	1	338.189	1	1.25922	1	277.418	1	69.6387	1	0.1	275.495	304.425
184	44.5612	1	338.189	1	1.25922	1	277.418	1	69.6387	1	0.316228	279.446	309.687
184	44.5612	1	338.189	1	1.25922	1	277.418	1	69.6387	1	1	287.338	320.426
184	44.5612	1	338.189	1	1.25922	1	277.418	1	69.6387	1	3.16228	297.362	334.332
184	44.5612	1	338.189	1	1.25922	1	277.418	1	69.6387	1	10	306.357	345.631
184	44.5612	1	338.189	1	1.25922	1	277.418	1	69.6387	1	31.6228	316.728	355.327
184	44.5612	1	338.189	1	1.25922	1	277.418	1	69.6387	1	100	331.879	371.003
185	33.0176	1	176.04	1	0.757012	1	324.886	1	81.8109	1	0	273.249	301.462
185	33.0176	1	176.04	1	0.757012	1	324.886	1	81.8109	1	0.001	273.289	301.514
185	33.0176	1	176.04	1	0.757012	1	324.886	1	81.8109	1	0.00316228	273.375	301.628
185	33.0176	1	176.04	1	0.757012	1	324.886	1	81.8109	1	0.01	273.643	301.983
185	33.0176	1	176.04	1	0.757012	1	324.886	1	81.8109	1	0.0316228	274.461	303.066
185	33.0176	1	176.04	1	0.757012	1	324.886	1	81.8109	1	0.1	276.778	306.131
185	33.0176	1	176.04	1	0.757012	1	324.886	1	81.8109	1	0.316228	282.322	313.612
185	33.0176	1	176.04	1	0.757012	1	324.886	1	81.8109	1	1	291.383	326.236
185	33.0176	1	176.04	1	0.757012	1	324.886	1	81.8109	1	3.16228	300.254	338.709
185	33.0176	1	176.04	1	0.757012	1	324.886	1	81.8109	1	10	306.9	346.443
185	33.0176	1	176.04	1	0.757012	1	324.886	1	81.8109	1	31.6228	313.628	351.475
185	33.0176	1	176.04	1	0.757012	1	324.886	1	81.8109	1	100	321.143	359.244
186	18.1537	1	455.817	1	0.928276	1	120.921	1	77.4809	1	0	273.249	301.462
186	18.1537	1	455.817	1	0.928276	1	120.921	1	77.4809	1	0.001	273.283	301.505
186	18.1537	1	455.817	1	0.928276	1	120.921	1	77.4809	1	0.00316228	273.355	301.6
186	18.1537	1	455.817	1	0.928276	1	120.921	1	77.4809	1	0.01	273.581	301.895
186	18.1537	1	455.817	1	0.928276	1	120.921	1	77.4809	1	0.0316228	274.274	302.802
186	18.1537	1	455.817	1	0.928276	1	120.921	1	77.4809	1	0.1	276.283	305.426
186	18.1537	1	455.817	1	0.928276	1	120.921	1	77.4809	1	0.316228	281.338	312.087
186	18.1537	1	455.817	1	0.928276	1	120.921	1	77.4809	1	1	290.634	324.543
186	18.1537	1	455.817	1	0.928276	1	120.921	1	77.4809	1	3.16228	301.947	339.238
186	18.1537	1	455.817	1	0.928276	1	120.921	1	77.4809	1	10	314.732	352.794
186	18.1537	1	455.817	1	0.928276	1	120.921	1	77.4809	1	31.6228	332.935	371.181
186	18.1537	1	455.817	1	0.928276	1	120.921	1	77.4809	1	100	367.535	408.26
187	17.1099	1	315.847	1	1.21527	1	435.151	1	61.0533	1	0	273.249	301.462
187	17.1099	1	315.847	1	1.21527	1	435.151	1	61.0533	1	0.001	273.275	301.495
187	17.1099	1	315.847	1	1.21527	1	435.151	1	61.0533	1	0.00316228	273.329	301.566
187	17.1099	1	315.847	1	1.21527	1	435.151	1	61.0533	1	0.01	273.501	301.79
187	17.1099	1	315.847	1	1.21527	1	435.151	1	61.0533	1	0.0316228	274.031	302.482
187	17.1099	1	315.847	1	1.21527	1	435.151	1	61.0533	1	0.1	275.597	304.523
187	17.1099	1	315.847	1	1.21527	1	435.151	1	61.0533	1	0.316228	279.712	309.926
187	17.1099	1	315.847	1	1.21527	1	435.151	1	61.0533	1	1	287.919	320.826
187	17.1099	1	315.847	1	1.21527	1	435.151	1	61.0533	1	3.16228	298.442	334.639
187	17.1099	1	315.847	1	1.21527	1	435.151	1	61.0533	1	10	308.301	345.398
187	17.1099	1	315.847	1	1.21527	1	435.151	1	61.0533	1	31.6228	315.588	352.566
187	17.1099	1	315.847	1	1.21527	1	435.151	1	61.0533	1	100	323.143	361.116
188	33.6481	1	895.239	1	1.22772	1	213.283	1	56.2176	1	0	273.249	301.462
188	33.6481	1	895.239	1	1.22772	1	213.283	1	56.2176	1	0.001	273.275	301.495
188	33.6481	1	895.239	1	1.22772	1	213.283	1	56.2176	1	0.00316228	273.329	301.566
188	33.6481	1	895.239	1	1.22772	1	213.283	1	56.2176	1	0.01	273.499	301.789
188	33.6481	1	895.239	1	1.22772	1	213.283	1	56.2176	1	0.0316228	274.024	302.48
188	33.6481	1	895.239	1	1.22772	1	213.283	1	56.2176	1	0.1	275.577	304.519
188	33.6481	1	895.239	1	1.22772	1	213.283	1	56.2176	1	0.316228	279.664	309.933
188	33.6481	1	895.239	1	1.22772	1	213.283	1	56.2176	1	1	287.83	320.949
188	33.6481	1	895.239	1	1.22772	1	213.283	1	56.2176	1	3.16228	298.436	335.331
188	33.6481	1	895.239	1	1.22772	1	213.283	1	56.2176	1	10	309.103	347.982
188	33.6481	1	895.239	1	1.22772	1	213.283	1	56.2176	1	31.6228	323.3	361.659
188	33.6481	1	895.239	1	1.22772	1	213.283	1	56.2176	1	100	347.535	387.321
189	31.6151	1	317.277	1	0.819403	1	435.889	1	95.799	1	0	273.249	301.462
189	31.6151	1	317.277	1	0.819403	1	435.889	1	95.799	1	0.001	273.286	301.51
189	31.6151	1	317.277	1	0.819403	1	435.889	1	95.799	1	0.00316228	273.366	301.616
189	31.6151	1	317.277	1	0.819403	1	435.889	1	95.799	1	0.01	273.615	301.945
189	31.6151	1	317.277	1	0.819403	1	435.889	1	95.799	1	0.0316228	274.377	302.952
189	31.6151	1	317.277	1	0.819403	1	435.889	1	95.799	1	0.1	276.552	305.825
189	31.6151	1	317.277	1	0.819403	1	435.889	1	95.799	1	0.316228	281.851	312.943
189	31.6151	1	317.277	1	0.819403	1	435.889	1	95.799	1	1	290.836	325.376
189	31.6151	1	317.277	1	0.819403	1	435.889	1	95.799	1	3.16228	300.08	338.241
189	31.6151	1	317.277	1	0.819403	1	435.889	1	95.799	1	10	307.408	346.698
189	31.6151	1	317.277	1	0.819403	1	435.889	1	95.799	1	31.6228	314.956	352.577
189	31.6151	1	317.277	1	0.819403	1	435.889	1	95.799	1	100	322.815	360.673
190	22.4031	1	513.612	1	0.92736	1	343.72	1	70.93	1	0	273.249	301.462
190	22.4031	1	513.612	1	0.92736	1	343.72	1	70.93	1	0.001	273.282	301.505
190	22.4031	1	513.612	1	0.92736	1	343.72	1	70.93	1	0.00316228	273.353	301.598
190	22.4031	1	513.612	1	0.92736	1	343.72	1	70.93	1	0.01	273.576	301.891
190	22.4031	1	513.612	1	0.92736	1	343.72	1	70.93	1	0.0316228	274.259	302.79
190	22.4031	1	513.612	1	0.92736	1	343.72	1	70.93	1	0.1	276.236	305.385
190	22.4031	1	513.612	1	0.92736	1	343.72	1	70.93	1	0.316228	281.181	311.954
190	22.4031	1	513.612	1	0.92736	1	343.72	1	70.93	1	1	290.097	324.073
190	22.4031	1	513.612	1	0.92736	1	343.72	1	70.93	1	3.16228	300.168	337.627
190	22.4031	1	513.612	1	0.92736	1	343.72	1	70.93	1	10	309.383	347.72
190	22.4031	1	513.612	1	0.92736	1	343.72	1	70.93	1	31.6228	318.989	356.457
190	22.4031	1	513.612	1	0.92736	1	343.72	1	70.93	1	100	332.064	370.682
191	19.3282	1	314.352	1	0.84253	1	130.477	1	78.243	1	0	273.249	301.462
191	19.3282	1	314.352	1	0.84253	1	130.477	1	78.243	1	0.001	273.286	301.51
191	19.3282	1	314.352	1	0.84253	1	130.477	1	78.243	1	0.00316228	273.365	301.613
191	19.3282	1	314.352	1	0.84253	1	130.477	1	78.243	1	0.01	273.611	301.937
191	19.3282	1	314.352	1	0.84253	1	130.477	1	78.243	1	0.0316228	274.367	302.928
191	19.3282	1	314.352	1	0.84253	1	130.477	1	78.243	1	0.1	276.535	305.768
191	19.3282	1	314.352	1	0.84253	1	130.477	1	78.243	1	0.316228	281.881	312.862
191	19.3282	1	314.352	1	0.84253	1	130.477	1	78.243	1	1	291.289	325.58
191	19.3282	1	314.352	1	0.84253	1	130.477	1	78.243	1	3.16228	302.092	339.766
191	19.3282	1	314.352	1	0.84253	1	130.477	1	78.243	1	10	313.731	352.071
191	19.3282	1	314.352	1	0.84253	1	130.477	1	78.243	1	31.6228	330.118	368.151
191	19.3282	1	314.352	1	0.84253	1	130.477	1	78.243	1	100	360.284	400.457
192	24.8073	1	359.796	1	0.71619	1	362.595	1	93.5463	1	0	273.249	301.462
192	24.8073	1	359.796	1	0.71619	1	362.595	1	93.5463	1	0.001	273.292	301.518
192	24.8073	1	359.796	1	0.71619	1	362.595	1	93.5463	1	0.00316228	273.383	301.638
192	24.8073	1	359.796	1	0.71619	1	362.595	1	93.5463	1	0.01	273.668	302.015
192	24.8073	1	359.796	1	0.71619	1	362.595	1	93.5463	1	0.0316228	274.536	303.16
192	24.8073	1	359.796	1	0.71619	1	362.595	1	93.5463	1	0.1	276.981	306.385
192	24.8073	1	359.796	1	0.71619	1	362.595	1	93.5463	1	0.316228	282.773	314.173
192	24.8073	1	359.796	1	0.71619	1	362.595	1	93.5463	1	1	292.104	327.078
192	24.8073	1	359.796	1	0.71619	1	362.595	1	93.5463	1	3.16228	301.335	339.689
192	24.8073	1	359.796	1	0.71619	1	362.595	1	93.5463	1	10	309.158	348.1
192	24.8073	1	359.796	1	0.71619	1	362.595	1	93.5463	1	31.6228	317.68	355.068
192	24.8073	1	359.796	1	0.71619	1	362.595	1	93.5463	1	100	328.114	366.341
193	39.5286	1	4425.1	1	0.226789	1	245.869	1	77.8197	1	0	273.249	301.462
193	39.5286	1	4425.1	1	0.226789	1	245.869	1	77.8197	1	0.001	273.382	301.638
193	39.5286	1	4425.1	1	0.226789	1	245.869	1	77.8197	1	0.00316228	273.665	302.013
193	39.5286	1	4425.1	1	0.226789	1	245.869	1	77.8197	1	0.01	274.525	303.156
193	39.5286	1	4425.1	1	0.226789	1	245.869	1	77.8197	1	0.0316228	276.948	306.373
193	39.5286	1	4425.1	1	0.226789	1	245.869	1	77.8197	1	0.1	282.66	314.14
193	39.5286	1	4425.1	1	0.226789	1	245.869	1	77.8197	1	0.316228	291.729	326.979
193	39.5286	1	4425.1	1	0.226789	1	245.869	1	77.8197	1	1	300.17	339.376
193	39.5286	1	4425.1	1	0.226789	1	245.869	1	77.8197	1	3.16228	305.918	347.179
193	39.5286	1	4425.1	1	0.226789	1	245.869	1	77.8197	1	10	312.007	353.094
193	39.5286	1	4425.1	1	0.226789	1	245.869	1	77.8197	1	31.6228	323.999	363.235
193	39.5286	1	4425.1	1	0.226789	1	245.869	1	77.8197	1	100	347.478	387.656
194	39.9307	1	407.8	1	1.60748	1	223.915	1	59.9547	1	0	273.249	301.462
194	39.9307	1	407.8	1	1.60748	1	223.915	1	59.9547	1	0.001	273.269	301.487
194	39.9307	1	407.8	1	1.60748	1	223.915	1	59.9547	1	0.00316228	273.31	301.541
194	39.9307	1	407.8	1	1.60748	1	223.915	1	59.9547	1	0.01	273.44	301.712
194	39.9307	1	407.8	1	1.60748	1	223.915	1	59.9547	1	0.0316228	273.844	302.243
194	39.9307	1	407.8	1	1.60748	1	223.915	1	59.9547	1	0.1	275.057	303.836
194	39.9307	1	407.8	1	1.60748	1	223.915	1	59.9547	1	0.316228	278.37	308.206
194	39.9307	1	407.8	1	1.60748	1	223.915	1	59.9547	1	1	285.565	317.85
194	39.9307	1	407.8	1	1.60748	1	223.915	1	59.9547	1	3.16228	295.969	331.987
194	39.9307	1	407.8	1	1.60748	1	223.915	1	59.9547	1	10	306.619	345.2
194	39.9307	1	407.8	1	1.60748	1	223.915	1	59.9547	1	31.6228	319.665	357.939
194	39.9307	1	407.8	1	1.60748	1	223.915	1	59.9547	1	100	339.787	379.321
195	24.468	1	246.482	1	1.70365	1	401.664	1	53.9363	1	0	273.249	301.462
195	24.468	1	246.482	1	1.70365	1	401.664	1	53.9363	1	0.001	273.267	301.485
195	24.468	1	246.482	1	1.70365	1	401.664	1	53.9363	1	0.00316228	273.306	301.536
195	24.468	1	246.482	1	1.70365	1	401.664	1	53.9363	1	0.01	273.429	301.696
195	24.468	1	246.482	1	1.70365	1	401.664	1	53.9363	1	0.0316228	273.809	302.194
195	24.468	1	246.482	1	1.70365	1	401.664	1	53.9363	1	0.1	274.954	303.689
195	24.468	1	246.482	1	1.70365	1	401.664	1	53.9363	1	0.316228	278.102	307.812
195	24.468	1	246.482	1	1.70365	1	401.664	1	53.9363	1	1	285.053	317.025
195	24.468	1	246.482	1	1.70365	1	401.664	1	53.9363	1	3.16228	295.228	330.617
195	24.468	1	246.482	1	1.70365	1	401.664	1	53.9363	1	10	305.249	342.541
195	24.468	1	246.482	1	1.70365	1	401.664	1	53.9363	1	31.6228	313.667	350.488
195	24.468	1	246.482	1	1.70365	1	401.664	1	53.9363	1	100	320.98	358.938
196	21.9299	1	585.83	1	0.921627	1	587.385	1	87.4391	1	0	273.249	301.462
196	21.9299	1	585.83	1	0.921627	1	587.385	1	87.4391	1	0.001	273.283	301.505
196	21.9299	1	585.83	1	0.921627	1	587.385	1	87.4391	1	0.00316228	273.354	301.599
196	21.9299	1	585.83	1	0.921627	1	587.385	1	87.4391	1	0.01	273.577	301.893
196	21.9299	1	585.83	1	0.921627	1	587.385	1	87.4391	1	0.0316228	274.263	302.795
196	21.9299	1	585.83	1	0.921627	1	587.385	1	87.4391	1	0.1	276.245	305.398
196	21.9299	1	585.83	1	0.921627	1	587.385	1	87.4391	1	0.316228	281.196	311.978
196	21.9299	1	585.83	1	0.921627	1	587.385	1	87.4391	1	1	290.072	324.056
196	21.9299	1	585.83	1	0.921627	1	587.385	1	87.4391	1	3.16228	299.943	337.373
196	21.9299	1	585.83	1	0.921627	1	587.385	1	87.4391	1	10	308.516	346.73
196	21.9299	1	585.83	1	0.921627	1	587.385	1	87.4391	1	31.6228	315.976	353.244
196	21.9299	1	585.83	1	0.921627	1	587.385	1	87.4391	1	100	323.332	361.389
197	31.506	1	174.417	1	4.50269	1	408.044	1	97.5009	1	0	273.249	301.462
197	31.506	1	174.417	1	4.50269	1	408.044	1	97.5009	1	0.001	273.256	301.47
197	31.506	1	174.417	1	4.50269	1	408.044	1	97.5009	1	0.00316228	273.271	301.489
197	31.506	1	174.417	1	4.50269	1	408.044	1	97.5009	1	0.01	273.317	301.549
197	31.506	1	174.417	1	4.50269	1	408.044	1	97.5009	1	0.0316228	273.464	301.738
197	31.506	1	174.417	1	4.50269	1	408.044	1	97.5009	1	0.1	273.917	302.324
197	31.506	1	174.417	1	4.50269	1	408.044	1	97.5009	1	0.316228	275.271	304.066
197	31.506	1	174.417	1	4.50269	1	408.044	1	97.5009	1	1	278.919	308.774
197	31.506	1	174.417	1	4.50269	1	408.044	1	97.5009	1	3.16228	286.636	318.747
197	31.506	1	174.417	1	4.50269	1	408.044	1	97.5009	1	10	297.435	332.254
197	31.506	1	174.417	1	4.50269	1	408.044	1	97.5009	1	31.6228	307.645	343.087
197	31.506	1	174.417	1	4.50269	1	408.044	1	97.5009	1	100	314.62	351.322
198	35.1559	1	651.999	1	0.884836	1	331.666	1	95.7791	1	0	273.249	301.462
198	35.1559	1	651.999	1	0.884836	1	331.666	1	95.7791	1	0.001	273.284	301.507
198	35.1559	1	651.999	1	0.884836	1	331.666	1	95.7791	1	0.00316228	273.358	301.605
198	35.1559	1	651.999	1	0.884836	1	331.666	1	95.7791	1	0.01	273.59	301.911
198	35.1559	1	651.999	1	0.884836	1	331.666	1	95.7791	1	0.0316228	274.301	302.85
198	35.1559	1	651.999	1	0.884836	1	331.666	1	95.7791	1	0.1	276.348	305.551
198	35.1559	1	651.999	1	0.884836	1	331.666	1	95.7791	1	0.316228	281.414	312.336
198	35.1559	1	651.999	1	0.884836	1	331.666	1	95.7791	1	1	290.324	324.612
198	35.1559	1	651.999	1	0.884836	1	331.666	1	95.7791	1	3.16228	300.003	338.015
198	35.1559	1	651.999	1	0.884836	1	331.666	1	95.7791	1	10	308.39	347.834
198	35.1559	1	651.999	1	0.884836	1	331.666	1	95.7791	1	31.6228	318.801	356.921
198	35.1559	1	651.999	1	0.884836	1	331.666	1	95.7791	1	100	333.992	372.717
199	19.1928	1	1790.04	1	0.802798	1	285.034	1	51.3495	1	0	273.249	301.462
199	19.1928	1	1790.04	1	0.802798	1	285.034	1	51.3495	1	0.001	273.288	301.512
199	19.1928	1	1790.04	1	0.802798	1	285.034	1	51.3495	1	0.00316228	273.37	301.62
199	19.1928	1	1790.04	1	0.802798	1	285.034	1	51.3495	1	0.01	273.627	301.958
199	19.1928	1	1790.04	1	0.802798	1	285.034	1	51.3495	1	0.0316228	274.415	302.992
199	19.1928	1	1790.04	1	0.802798	1	285.034	1	51.3495	1	0.1	276.662	305.94
199	19.1928	1	1790.04	1	0.802798	1	285.034	1	51.3495	1	0.316228	282.139	313.229
199	19.1928	1	1790.04	1	0.802798	1	285.034	1	51.3495	1	1	291.508	325.954
199	19.1928	1	1790.04	1	0.802798	1	285.034	1	51.3495	1	3.16228	301.718	339.461
199	19.1928	1	1790.04	1	0.802798	1	285.034	1	51.3495	1	10	311.61	349.841
199	19.1928	1	1790.04	1	0.802798	1	285.034	1	51.3495	1	31.6228	322.762	360.776
199	19.1928	1	1790.04	1	0.802798	1	285.034	1	51.3495	1	100	342.163	381.888
200	24.0592	1	572.909	1	0.655931	1	285.429	1	39.0909	1	0	273.249	301.462
200	24.0592	1	572.909	1	0.655931	1	285.429	1	39.0909	1	0.001	273.296	301.523
200	24.0592	1	572.909	1	0.655931	1	285.429	1	39.0909	1	0.00316228	273.396	301.655
200	24.0592	1	572.909	1	0.655931	1	285.429	1	39.0909	1	0.01	273.707	302.066
200	24.0592	1	572.909	1	0.655931	1	285.429	1	39.0909	1	0.0316228	274.652	303.313
200	24.0592	1	572.909	1	0.655931	1	285.429	1	39.0909	1	0.1	277.296	306.803
200	24.0592	1	572.909	1	0.655931	1	285.429	1	39.0909	1	0.316228	283.421	315.054
200	24.0592	1	572.909	1	0.655931	1	285.429	1	39.0909	1	1	292.963	328.267
200	24.0592	1	572.909	1	0.655931	1	285.429	1	39.0909	1	3.16228	302.242	340.853
200	24.0592	1	572.909	1	0.655931	1	285.429	1	39.0909	1	10	310.607	349.692
200	24.0592	1	572.909	1	0.655931	1	285.429	1	39.0909	1	31.6228	320.501	358.776
200	24.0592	1	572.909	1	0.655931	1	285.429	1	39.0909	1	100	336.982	376.251
201	24.0132	1	365.465	1	0.973649	1	256.975	1	75.7919	1	0	273.249	301.462
201	24.0132	1	365.465	1	0.973649	1	256.975	1	75.7919	1	0.001	273.281	301.503
201	24.0132	1	365.465	1	0.973649	1	256.975	1	75.7919	1	0.00316228	273.349	301.592
201	24.0132	1	365.465	1	0.973649	1	256.975	1	75.7919	1	0.01	273.561	301.871
201	24.0132	1	365.465	1	0.973649	1	256.975	1	75.7919	1	0.0316228	274.213	302.73
201	24.0132	1	365.465	1	0.973649	1	256.975	1	75.7919	1	0.1	276.108	305.218
201	24.0132	1	365.465	1	0.973649	1	256.975	1	75.7919	1	0.316228	280.893	311.574
201	24.0132	1	365.465	1	0.973649	1	256.975	1	75.7919	1	1	289.692	323.518
201	24.0132	1	365.465	1	0.973649	1	256.975	1	75.7919	1	3.16228	299.89	337.274
201	24.0132	1	365.465	1	0.973649	1	256.975	1	75.7919	1	10	309.444	347.922
201	24.0132	1	365.465	1	0.973649	1	256.975	1	75.7919	1	31.6228	320.473	357.932
201	24.0132	1	365.465	1	0.973649	1	256.975	1	75.7919	1	100	336.597	375.364
202	30.2694	1	1123.85	1	0.837428	1	191.472	1	69.3941	1	0	273.249	301.462
202	30.2694	1	1123.85	1	0.837428	1	191.472	1	69.3941	1	0.001	273.286	301.51
202	30.2694	1	1123.85	1	0.837428	1	191.472	1	69.3941	1	0.00316228	273.365	301.614
202	30.2694	1	1123.85	1	0.837428	1	191.472	1	69.3941	1	0.01	273.611	301.939
202	30.2694	1	1123.85	1	0.837428	1	191.472	1	69.3941	1	0.0316228	274.366	302.933
202	30.2694	1	1123.85	1	0.837428	1	191.472	1	69.3941	1	0.1	276.529	305.781
202	30.2694	1	1123.85	1	0.837428	1	191.472	1	69.3941	1	0.316228	281.838	312.879
202	30.2694	1	1123.85	1	0.837428	1	191.472	1	69.3941	1	1	291.057	325.519
202	30.2694	1	1123.85	1	0.837428	1	191.472	1	69.3941	1	3.16228	301.228	339.343
202	30.2694	1	1123.85	1	0.837428	1	191.472	1	69.3941	1	10	311.251	350.619
202	30.2694	1	1123.85	1	0.837428	1	191.472	1	69.3941	1	31.6228	326.129	364.547
202	30.2694	1	1123.85	1	0.837428	1	191.472	1	69.3941	1	100	352.779	392.915
203	31.1724	1	322.553	1	0.858707	1	138.586	1	52.6247	1	0	273.249	301.462
203	31.1724	1	322.553	1	0.858707	1	138.586	1	52.6247	1	0.001	273.285	301.509
203	31.1724	1	322.553	1	0.858707	1	138.586	1	52.6247	1	0.00316228	273.362	301.61
203	31.1724	1	322.553	1	0.858707	1	138.586	1	52.6247	1	0.01	273.603	301.927
203	31.1724	1	322.553	1	0.858707	1	138.586	1	52.6247	1	0.0316228	274.34	302.899
203	31.1724	1	322.553	1	0.858707	1	138.586	1	52.6247	1	0.1	276.458	305.687
203	31.1724	1	322.553	1	0.858707	1	138.586	1	52.6247	1	0.316228	281.685	312.672
203	31.1724	1	322.553	1	0.858707	1	138.586	1	52.6247	1	1	290.873	325.263
203	31.1724	1	322.553	1	0.858707	1	138.586	1	52.6247	1	3.16228	301.194	339.298
203	31.1724	1	322.553	1	0.858707	1	138.586	1	52.6247	1	10	311.6	351.115
203	31.1724	1	322.553	1	0.858707	1	138.586	1	52.6247	1	31.6228	327.701	366.335
203	31.1724	1	322.553	1	0.858707	1	138.586	1	52.6247	1	100	356.702	397.195
204	26.9406	1	317.251	1	0.759626	1	351.054	1	58.6968	1	0	273.249	301.462
204	26.9406	1	317.251	1	0.759626	1	351.054	1	58.6968	1	0.001	273.289	301.514
204	26.9406	1	317.251	1	0.759626	1	351.054	1	58.6968	1	0.00316228	273.375	301.628
204	26.9406	1	317.251	1	0.759626	1	351.054	1	58.6968	1	0.01	273.644	301.983
204	26.9406	1	317.251	1	0.759626	1	351.054	1	58.6968	1	0.0316228	274.464	303.066
204	26.9406	1	317.251	1	0.759626	1	351.054	1	58.6968	1	0.1	276.791	306.135
204	26.9406	1	317.251	1	0.759626	1	351.054	1	58.6968	1	0.316228	282.371	313.634
204	26.9406	1	317.251	1	0.759626	1	351.054	1	58.6968	1	1	291.572	326.35
204	26.9406	1	317.251	1	0.759626	1	351.054	1	58.6968	1	3.16228	300.864	339.131
204	26.9406	1	317.251	1	0.759626	1	351.054	1	58.6968	1	10	308.595	347.685
204	26.9406	1	317.251	1	0.759626	1	351.054	1	58.6968	1	31.6228	316.833	354.525
204	26.9406	1	317.251	1	0.759626	1	351.054	1	58.6968	1	100	327.051	365.53
205	28.0446	1	710.542	1	0.796954	1	391.652	1	71.6558	1	0	273.249	301.462
205	28.0446	1	710.542	1	0.796954	1	391.652	1	71.6558	1	0.001	273.288	301.512
205	28.0446	1	710.542	1	0.796954	1	391.652	1	71.6558	1	0.00316228	273.37	301.621
205	28.0446	1	710.542	1	0.796954	1	391.652	1	71.6558	1	0.01	273.627	301.96
205	28.0446	1	710.542	1	0.796954	1	391.652	1	71.6558	1	0.0316228	274.413	302.997
205	28.0446	1	710.542	1	0.796954	1	391.652	1	71.6558	1	0.1	276.652	305.949
205	28.0446	1	710.542	1	0.796954	1	391.652	1	71.6558	1	0.316228	282.084	313.233
205	28.0446	1	710.542	1	0.796954	1	391.652	1	71.6558	1	1	291.24	325.848
205	28.0446	1	710.542	1	0.796954	1	391.652	1	71.6558	1	3.16228	300.77	338.92
205	28.0446	1	710.542	1	0.796954	1	391.652	1	71.6558	1	10	309.002	348.102
205	28.0446	1	710.542	1	0.796954	1	391.652	1	71.6558	1	31.6228	318.374	356.177
205	28.0446	1	710.542	1	0.796954	1	391.652	1	71.6558	1	100	331.08	369.75
206	16.8284	1	529.645	1	1.529	1	180.556	1	103.177	1	0	273.249	301.462
206	16.8284	1	529.645	1	1.529	1	180.556	1	103.177	1	0.001	273.27	301.488
206	16.8284	1	529.645	1	1.529	1	180.556	1	103.177	1	0.00316228	273.314	301.546
206	16.8284	1	529.645	1	1.529	1	180.556	1	103.177	1	0.01	273.454	301.727
206	16.8284	1	529.645	1	1.529	1	180.556	1	103.177	1	0.0316228	273.888	302.289
206	16.8284	1	529.645	1	1.529	1	180.556	1	103.177	1	0.1	275.19	303.971
206	16.8284	1	529.645	1	1.529	1	180.556	1	103.177	1	0.316228	278.739	308.569
206	16.8284	1	529.645	1	1.529	1	180.556	1	103.177	1	1	286.447	318.612
206	16.8284	1	529.645	1	1.529	1	180.556	1	103.177	1	3.16228	297.87	333.265
206	16.8284	1	529.645	1	1.529	1	180.556	1	103.177	1	10	310.906	347.628
206	16.8284	1	529.645	1	1.529	1	180.556	1	103.177	1	31.6228	325.708	363.16
206	16.8284	1	529.645	1	1.529	1	180.556	1	103.177	1	100	351.221	390.82
207	34.1941	1	231.095	1	1.04648	1	224.286	1	68.1897	1	0	273.249	301.462
207	34.1941	1	231.095	1	1.04648	1	224.286	1	68.1897	1	0.001	273.278	301.5
207	34.1941	1	231.095	1	1.04648	1	224.286	1	68.1897	1	0.00316228	273.341	301.583
207	34.1941	1	231.095	1	1.04648	1	224.286	1	68.1897	1	0.01	273.538	301.842
207	34.1941	1	231.095	1	1.04648	1	224.286	1	68.1897	1	0.0316228	274.143	302.641
207	34.1941	1	231.095	1	1.04648	1	224.286	1	68.1897	1	0.1	275.911	304.972
207	34.1941	1	231.095	1	1.04648	1	224.286	1	68.1897	1	0.316228	280.427	310.997
207	34.1941	1	231.095	1	1.04648	1	224.286	1	68.1897	1	1	288.905	322.584
207	34.1941	1	231.095	1	1.04648	1	224.286	1	68.1897	1	3.16228	298.86	336.316
207	34.1941	1	231.095	1	1.04648	1	224.286	1	68.1897	1	10	307.735	346.927
207	34.1941	1	231.095	1	1.04648	1	224.286	1	68.1897	1	31.6228	318.449	356.529
207	34.1941	1	231.095	1	1.04648	1	224.286	1	68.1897	1	100	334.366	373.422
208	33.4127	1	573.968	1	1.62732	1	183.872	1	74.7648	1	0	273.249	301.462
208	33.4127	1	573.968	1	1.62732	1	183.872	1	74.7648	1	0.001	273.269	301.487
208	33.4127	1	573.968	1	1.62732	1	183.872	1	74.7648	1	0.00316228	273.31	301.541
208	33.4127	1	573.968	1	1.62732	1	183.872	1	74.7648	1	0.01	273.439	301.71
208	33.4127	1	573.968	1	1.62732	1	183.872	1	74.7648	1	0.0316228	273.842	302.238
208	33.4127	1	573.968	1	1.62732	1	183.872	1	74.7648	1	0.1	275.054	303.822
208	33.4127	1	573.968	1	1.62732	1	183.872	1	74.7648	1	0.316228	278.373	308.179
208	33.4127	1	573.968	1	1.62732	1	183.872	1	74.7648	1	1	285.646	317.854
208	33.4127	1	573.968	1	1.62732	1	183.872	1	74.7648	1	3.16228	296.429	332.291
208	33.4127	1	573.968	1	1.62732	1	183.872	1	74.7648	1	10	308.253	346.511
208	33.4127	1	573.968	1	1.62732	1	183.872	1	74.7648	1	31.6228	324.116	362.08
208	33.4127	1	573.968	1	1.62732	1	183.872	1	74.7648	1	100	350.196	389.785
209	51.0591	1	350.205	1	1.1971	1	202.919	1	94.3784	1	0	273.249	301.462
209	51.0591	1	350.205	1	1.1971	1	202.919	1	94.3784	1	0.001	273.275	301.495
209	51.0591	1	350.205	1	1.1971	1	202.919	1	94.3784	1	0.00316228	273.33	301.568
209	51.0591	1	350.205	1	1.1971	1	202.919	1	94.3784	1	0.01	273.502	301.796
209	51.0591	1	350.205	1	1.1971	1	202.919	1	94.3784	1	0.0316228	274.036	302.5
209	51.0591	1	350.205	1	1.1971	1	202.919	1	94.3784	1	0.1	275.608	304.576
209	51.0591	1	350.205	1	1.1971	1	202.919	1	94.3784	1	0.316228	279.724	310.064
209	51.0591	1	350.205	1	1.1971	1	202.919	1	94.3784	1	1	287.822	321.115
209	51.0591	1	350.205	1	1.1971	1	202.919	1	94.3784	1	3.16228	297.984	335.235
209	51.0591	1	350.205	1	1.1971	1	202.919	1	94.3784	1	10	307.429	347.106
209	51.0591	1	350.205	1	1.1971	1	202.919	1	94.3784	1	31.6228	319.94	359.148
209	51.0591	1	350.205	1	1.1971	1	202.919	1	94.3784	1	100	341.917	381.24
210	32.2169	1	400.718	1	0.608754	1	980.119	1	54.0223	1	0	273.249	301.462
210	32.2169	1	400.718	1	0.608754	1	980.119	1	54.0223	1	0.001	273.299	301.527
210	32.2169	1	400.718	1	0.608754	1	980.119	1	54.0223	1	0.00316228	273.406	301.669
210	32.2169	1	400.718	1	0.608754	1	980.119	1	54.0223	1	0.01	273.738	302.109
210	32.2169	1	400.718	1	0.608754	1	980.119	1	54.0223	1	0.0316228	274.743	303.44
210	32.2169	1	400.718	1	0.608754	1	980.119	1	54.0223	1	0.1	277.53	307.141
210	32.2169	1	400.718	1	0.608754	1	980.119	1	54.0223	1	0.316228	283.828	315.694
210	32.2169	1	400.718	1	0.608754	1	980.119	1	54.0223	1	1	293.169	328.831
210	32.2169	1	400.718	1	0.608754	1	980.119	1	54.0223	1	3.16228	301.406	340.439
210	32.2169	1	400.718	1	0.608754	1	980.119	1	54.0223	1	10	307.194	346.865
210	32.2169	1	400.718	1	0.608754	1	980.119	1	54.0223	1	31.6228	312.087	349.99
210	32.2169	1	400.718	1	0.608754	1	980.119	1	54.0223	1	100	313.663	351.681
211	44.3723	1	666.632	1	0.779504	1	145.373	1	97.9005	1	0	273.249	301.462
211	44.3723	1	666.632	1	0.779504	1	145.373	1	97.9005	1	0.001	273.289	301.513
211	44.3723	1	666.632	1	0.779504	1	145.373	1	97.9005	1	0.00316228	273.373	301.625
211	44.3723	1	666.632	1	0.779504	1	145.373	1	97.9005	1	0.01	273.637	301.974
211	44.3723	1	666.632	1	0.779504	1	145.373	1	97.9005	1	0.0316228	274.443	303.039
211	44.3723	1	666.632	1	0.779504	1	145.373	1	97.9005	1	0.1	276.737	306.067
211	44.3723	1	666.632	1	0.779504	1	145.373	1	97.9005	1	0.316228	282.28	313.523
211	44.3723	1	666.632	1	0.779504	1	145.373	1	97.9005	1	1	291.613	326.439
211	44.3723	1	666.632	1	0.779504	1	145.373	1	97.9005	1	3.16228	301.602	340.243
211	44.3723	1	666.632	1	0.779504	1	145.373	1	97.9005	1	10	311.474	351.791
211	44.3723	1	666.632	1	0.779504	1	145.373	1	97.9005	1	31.6228	328.239	367.674
211	44.3723	1	666.632	1	0.779504	1	145.373	1	97.9005	1	100	360.687	401.065
212	32.4494	1	354.984	1	1.52903	1	442.401	1	72.2106	1	0	273.249	301.462
212	32.4494	1	354.984	1	1.52903	1	442.401	1	72.2106	1	0.001	273.269	301.488
212	32.4494	1	354.984	1	1.52903	1	442.401	1	72.2106	1	0.00316228	273.313	301.545
212	32.4494	1	354.984	1	1.52903	1	442.401	1	72.2106	1	0.01	273.448	301.723
212	32.4494	1	354.984	1	1.52903	1	442.401	1	72.2106	1	0.0316228	273.869	302.276
212	32.4494	1	354.984	1	1.52903	1	442.401	1	72.2106	1	0.1	275.128	303.93
212	32.4494	1	354.984	1	1.52903	1	442.401	1	72.2106	1	0.316228	278.542	308.438
212	32.4494	1	354.984	1	1.52903	1	442.401	1	72.2106	1	1	285.814	318.198
212	32.4494	1	354.984	1	1.52903	1	442.401	1	72.2106	1	3.16228	295.887	331.906
212	32.4494	1	354.984	1	1.52903	1	442.401	1	72.2106	1	10	305.299	343.459
212	32.4494	1	354.984	1	1.52903	1	442.401	1	72.2106	1	31.6228	314.176	351.541
212	32.4494	1	354.984	1	1.52903	1	442.401	1	72.2106	1	100	322.903	360.931
213	21.5241	1	121.945	1	1.16852	1	148.343	1	62.2013	1	0	273.249	301.462
213	21.5241	1	121.945	1	1.16852	1	148.343	1	62.2013	1	0.001	273.276	301.496
213	21.5241	1	121.945	1	1.16852	1	148.343	1	62.2013	1	0.00316228	273.332	301.57
213	21.5241	1	121.945	1	1.16852	1	148.343	1	62.2013	1	0.01	273.509	301.803
213	21.5241	1	121.945	1	1.16852	1	148.343	1	62.2013	1	0.0316228	274.056	302.521
213	21.5241	1	121.945	1	1.16852	1	148.343	1	62.2013	1	0.1	275.668	304.634
213	21.5241	1	121.945	1	1.16852	1	148.343	1	62.2013	1	0.316228	279.877	310.199
213	21.5241	1	121.945	1	1.16852	1	148.343	1	62.2013	1	1	288.157	321.318
213	21.5241	1	121.945	1	1.16852	1	148.343	1	62.2013	1	3.16228	298.633	335.33
213	21.5241	1	121.945	1	1.16852	1	148.343	1	62.2013	1	10	308.872	346.87
213	21.5241	1	121.945	1	1.16852	1	148.343	1	62.2013	1	31.6228	321.011	358.231
213	21.5241	1	121.945	1	1.16852	1	148.343	1	62.2013	1	100	339.974	379.355
214	30.5152	1	2301.73	1	1.18018	1	226.454	1	51.1577	1	0	273.249	301.462
214	30.5152	1	2301.73	1	1.18018	1	226.454	1	51.1577	1	0.001	273.276	301.496
214	30.5152	1	2301.73	1	1.18018	1	226.454	1	51.1577	1	0.00316228	273.332	301.57
214	30.5152	1	2301.73	1	1.18018	1	226.454	1	51.1577	1	0.01	273.509	301.802
214	30.5152	1	2301.73	1	1.18018	1	226.454	1	51.1577	1	0.0316228	274.056	302.521
214	30.5152	1	2301.73	1	1.18018	1	226.454	1	51.1577	1	0.1	275.667	304.634
214	30.5152	1	2301.73	1	1.18018	1	226.454	1	51.1577	1	0.316228	279.884	310.216
214	30.5152	1	2301.73	1	1.18018	1	226.454	1	51.1577	1	1	288.207	321.435
214	30.5152	1	2301.73	1	1.18018	1	226.454	1	51.1577	1	3.16228	298.872	335.826
214	30.5152	1	2301.73	1	1.18018	1	226.454	1	51.1577	1	10	309.664	348.416
214	30.5152	1	2301.73	1	1.18018	1	226.454	1	51.1577	1	31.6228	323.863	362.209
214	30.5152	1	2301.73	1	1.18018	1	226.454	1	51.1577	1	100	348.688	388.753
215	23.1578	1	679.869	1	0.923496	1	253.136	1	57.5237	1	0	273.249	301.462
215	23.1578	1	679.869	1	0.923496	1	253.136	1	57.5237	1	0.001	273.283	301.505
215	23.1578	1	679.869	1	0.923496	1	253.136	1	57.5237	1	0.00316228	273.354	301.599
215	23.1578	1	679.869	1	0.923496	1	253.136	1	57.5237	1	0.01	273.578	301.894
215	23.1578	1	679.869	1	0.923496	1	253.136	1	57.5237	1	0.0316228	274.267	302.799
215	23.1578	1	679.869	1	0.923496	1	253.136	1	57.5237	1	0.1	276.257	305.411
215	23.1578	1	679.869	1	0.923496	1	253.136	1	57.5237	1	0.316228	281.237	312.024
215	23.1578	1	679.869	1	0.923496	1	253.136	1	57.5237	1	1	290.232	324.241
215	23.1578	1	679.869	1	0.923496	1	253.136	1	57.5237	1	3.16228	300.524	338.053
215	23.1578	1	679.869	1	0.923496	1	253.136	1	57.5237	1	10	310.436	348.943
215	23.1578	1	679.869	1	0.923496	1	253.136	1	57.5237	1	31.6228	322.283	360.133
215	23.1578	1	679.869	1	0.923496	1	253.136	1	57.5237	1	100	341.588	380.938
216	26.3371	1	311.459	1	0.75835	1	279.116	1	60.7628	1	0	273.249	301.462
216	26.3371	1	311.459	1	0.75835	1	279.116	1	60.7628	1	0.001	273.289	301.514
216	26.3371	1	311.459	1	0.75835	1	279.116	1	60.7628	1	0.00316228	273.376	301.628
216	26.3371	1	311.459	1	0.75835	1	279.116	1	60.7628	1	0.01	273.646	301.985
216	26.3371	1	311.459	1	0.75835	1	279.116	1	60.7628	1	0.0316228	274.468	303.071
216	26.3371	1	311.459	1	0.75835	1	279.116	1	60.7628	1	0.1	276.802	306.147
216	26.3371	1	311.459	1	0.75835	1	279.116	1	60.7628	1	0.316228	282.402	313.667
216	26.3371	1	311.459	1	0.75835	1	279.116	1	60.7628	1	1	291.654	326.435
216	26.3371	1	311.459	1	0.75835	1	279.116	1	60.7628	1	3.16228	301.098	339.362
216	26.3371	1	311.459	1	0.75835	1	279.116	1	60.7628	1	10	309.304	348.384
216	26.3371	1	311.459	1	0.75835	1	279.116	1	60.7628	1	31.6228	318.887	356.629
216	26.3371	1	311.459	1	0.75835	1	279.116	1	60.7628	1	100	332.493	371.236
217	24.6375	1	321.463	1	0.626753	1	350.559	1	101.141	1	0	273.249	301.462
217	24.6375	1	321.463	1	0.626753	1	350.559	1	101.141	1	0.001	273.298	301.525
217	24.6375	1	321.463	1	0.626753	1	350.559	1	101.141	1	0.00316228	273.402	301.663
217	24.6375	1	321.463	1	0.626753	1	350.559	1	101.141	1	0.01	273.726	302.092
217	24.6375	1	321.463	1	0.626753	1	350.559	1	101.141	1	0.0316228	274.708	303.389
217	24.6375	1	321.463	1	0.626753	1	350.559	1	101.141	1	0.1	277.442	307.008
217	24.6375	1	321.463	1	0.626753	1	350.559	1	101.141	1	0.316228	283.688	315.447
217	24.6375	1	321.463	1	0.626753	1	350.559	1	101.141	1	1	293.171	328.646
217	24.6375	1	321.463	1	0.626753	1	350.559	1	101.141	1	3.16228	302.012	340.748
217	24.6375	1	321.463	1	0.626753	1	350.559	1	101.141	1	10	309.407	348.501
217	24.6375	1	321.463	1	0.626753	1	350.559	1	101.141	1	31.6228	317.671	355.055
217	24.6375	1	321.463	1	0.626753	1	350.559	1	101.141	1	100	327.864	366.034
218	21.8037	1	312.528	1	1.99943	1	873.207	1	79.8802	1	0	273.249	301.462
218	21.8037	1	312.528	1	1.99943	1	873.207	1	79.8802	1	0.001	273.265	301.482
218	21.8037	1	312.528	1	1.99943	1	873.207	1	79.8802	1	0.00316228	273.298	301.525
218	21.8037	1	312.528	1	1.99943	1	873.207	1	79.8802	1	0.01	273.403	301.661
218	21.8037	1	312.528	1	1.99943	1	873.207	1	79.8802	1	0.0316228	273.729	302.086
218	21.8037	1	312.528	1	1.99943	1	873.207	1	79.8802	1	0.1	274.719	303.372
218	21.8037	1	312.528	1	1.99943	1	873.207	1	79.8802	1	0.316228	277.486	306.962
218	21.8037	1	312.528	1	1.99943	1	873.207	1	79.8802	1	1	283.888	315.359
218	21.8037	1	312.528	1	1.99943	1	873.207	1	79.8802	1	3.16228	293.892	328.54
218	21.8037	1	312.528	1	1.99943	1	873.207	1	79.8802	1	10	304.11	340.625
218	21.8037	1	312.528	1	1.99943	1	873.207	1	79.8802	1	31.6228	311.127	347.401
218	21.8037	1	312.528	1	1.99943	1	873.207	1	79.8802	1	100	313.099	350.188
219	18.4154	1	439.69	1	1.54825	1	370.833	1	92.1934	1	0	273.249	301.462
219	18.4154	1	439.69	1	1.54825	1	370.833	1	92.1934	1	0.001	273.269	301.488
219	18.4154	1	439.69	1	1.54825	1	370.833	1	92.1934	1	0.00316228	273.313	301.544
219	18.4154	1	439.69	1	1.54825	1	370.833	1	92.1934	1	0.01	273.449	301.721
219	18.4154	1	439.69	1	1.54825	1	370.833	1	92.1934	1	0.0316228	273.872	302.271
219	18.4154	1	439.69	1	1.54825	1	370.833	1	92.1934	1	0.1	275.138	303.915
219	18.4154	1	439.69	1	1.54825	1	370.833	1	92.1934	1	0.316228	278.589	308.409
219	18.4154	1	439.69	1	1.54825	1	370.833	1	92.1934	1	1	286.045	318.201
219	18.4154	1	439.69	1	1.54825	1	370.833	1	92.1934	1	3.16228	296.778	332.2
219	18.4154	1	439.69	1	1.54825	1	370.833	1	92.1934	1	10	307.842	344.636
219	18.4154	1	439.69	1	1.54825	1	370.833	1	92.1934	1	31.6228	317.456	354.372
219	18.4154	1	439.69	1	1.54825	1	370.833	1	92.1934	1	100	329.259	367.474
220	19.1707	1	461.651	1	1.02036	1	334.337	1	32.0393	1	0	273.249	301.462
220	19.1707	1	461.651	1	1.02036	1	334.337	1	32.0393	1	0.001	273.28	301.501
220	19.1707	1	461.651	1	1.02036	1	334.337	1	32.0393	1	0.00316228	273.344	301.586
220	19.1707	1	461.651	1	1.02036	1	334.337	1	32.0393	1	0.01	273.548	301.853
220	19.1707	1	461.651	1	1.02036	1	334.337	1	32.0393	1	0.0316228	274.175	302.675
220	19.1707	1	461.651	1	1.02036	1	334.337	1	32.0393	1	0.1	276.002	305.065
220	19.1707	1	461.651	1	1.02036	1	334.337	1	32.0393	1	0.316228	280.661	311.222
220	19.1707	1	461.651	1	1.02036	1	334.337	1	32.0393	1	1	289.4	322.97
220	19.1707	1	461.651	1	1.02036	1	334.337	1	32.0393	1	3.16228	299.801	336.766
220	19.1707	1	461.651	1	1.02036	1	334.337	1	32.0393	1	10	309.516	347.363
220	19.1707	1	461.651	1	1.02036	1	334.337	1	32.0393	1	31.6228	318.249	356.149
220	19.1707	1	461.651	1	1.02036	1	334.337	1	32.0393	1	100	331.599	370.443
221	33.6218	1	297.191	1	3.19549	1	215.302	1	125.932	1	0	273.249	301.462
221	33.6218	1	297.191	1	3.19549	1	215.302	1	125.932	1	0.001	273.259	301.474
221	33.6218	1	297.191	1	3.19549	1	215.302	1	125.932	1	0.00316228	273.281	301.502
221	33.6218	1	297.191	1	3.19549	1	215.302	1	125.932	1	0.01	273.348	301.589
221	33.6218	1	297.191	1	3.19549	1	215.302	1	125.932	1	0.0316228	273.558	301.862
221	33.6218	1	297.191	1	3.19549	1	215.302	1	125.932	1	0.1	274.207	302.701
221	33.6218	1	297.191	1	3.19549	1	215.302	1	125.932	1	0.316228	276.102	305.146
221	33.6218	1	297.191	1	3.19549	1	215.302	1	125.932	1	1	280.974	311.468
221	33.6218	1	297.191	1	3.19549	1	215.302	1	125.932	1	3.16228	290.364	323.699
221	33.6218	1	297.191	1	3.19549	1	215.302	1	125.932	1	10	302.826	339.07
221	33.6218	1	297.191	1	3.19549	1	215.302	1	125.932	1	31.6228	317.845	354.498
221	33.6218	1	297.191	1	3.19549	1	215.302	1	125.932	1	100	338.205	376.368
222	44.8416	1	375.328	1	0.995396	1	235.359	1	73.8181	1	0	273.249	301.462
222	44.8416	1	375.328	1	0.995396	1	235.359	1	73.8181	1	0.001	273.28	301.502
222	44.8416	1	375.328	1	0.995396	1	235.359	1	73.8181	1	0.00316228	273.346	301.589
222	44.8416	1	375.328	1	0.995396	1	235.359	1	73.8181	1	0.01	273.552	301.862
222	44.8416	1	375.328	1	0.995396	1	235.359	1	73.8181	1	0.0316228	274.188	302.702
222	44.8416	1	375.328	1	0.995396	1	235.359	1	73.8181	1	0.1	276.035	305.141
222	44.8416	1	375.328	1	0.995396	1	235.359	1	73.8181	1	0.316228	280.71	311.396
222	44.8416	1	375.328	1	0.995396	1	235.359	1	73.8181	1	1	289.314	323.227
222	44.8416	1	375.328	1	0.995396	1	235.359	1	73.8181	1	3.16228	299.178	336.985
222	44.8416	1	375.328	1	0.995396	1	235.359	1	73.8181	1	10	307.873	347.657
222	44.8416	1	375.328	1	0.995396	1	235.359	1	73.8181	1	31.6228	319.187	358.082
222	44.8416	1	375.328	1	0.995396	1	235.359	1	73.8181	1	100	337.835	377.251
223	55.9608	1	957.889	1	1.3397	1	178.559	1	88.9731	1	0	273.249	301.462
223	55.9608	1	957.889	1	1.3397	1	178.559	1	88.9731	1	0.001	273.272	301.492
223	55.9608	1	957.889	1	1.3397	1	178.559	1	88.9731	1	0.00316228	273.322	301.557
223	55.9608	1	957.889	1	1.3397	1	178.559	1	88.9731	1	0.01	273.478	301.763
223	55.9608	1	957.889	1	1.3397	1	178.559	1	88.9731	1	0.0316228	273.96	302.399
223	55.9608	1	957.889	1	1.3397	1	178.559	1	88.9731	1	0.1	275.394	304.287
223	55.9608	1	957.889	1	1.3397	1	178.559	1	88.9731	1	0.316228	279.219	309.365
223	55.9608	1	957.889	1	1.3397	1	178.559	1	88.9731	1	1	287.067	319.996
223	55.9608	1	957.889	1	1.3397	1	178.559	1	88.9731	1	3.16228	297.63	334.527
223	55.9608	1	957.889	1	1.3397	1	178.559	1	88.9731	1	10	308.364	347.972
223	55.9608	1	957.889	1	1.3397	1	178.559	1	88.9731	1	31.6228	323.966	363.533
223	55.9608	1	957.889	1	1.3397	1	178.559	1	88.9731	1	100	353.174	393.493
224	24.9434	1	420.701	1	3.85557	1	59.6242	1	67.7476	1	0	273.249	301.462
224	24.9434	1	420.701	1	3.85557	1	59.6242	1	67.7476	1	0.001	273.259	301.473
224	24.9434	1	420.701	1	3.85557	1	59.6242	1	67.7476	1	0.00316228	273.279	301.498
224	24.9434	1	420.701	1	3.85557	1	59.6242	1	67.7476	1	0.01	273.343	301.578
224	24.9434	1	420.701	1	3.85557	1	59.6242	1	67.7476	1	0.0316228	273.543	301.828
224	24.9434	1	420.701	1	3.85557	1	59.6242	1	67.7476	1	0.1	274.164	302.604
224	24.9434	1	420.701	1	3.85557	1	59.6242	1	67.7476	1	0.316228	276.022	304.913
224	24.9434	1	420.701	1	3.85557	1	59.6242	1	67.7476	1	1	281.093	311.198
224	24.9434	1	420.701	1	3.85557	1	59.6242	1	67.7476	1	3.16228	292.275	324.891
224	24.9434	1	420.701	1	3.85557	1	59.6242	1	67.7476	1	10	312.502	348.044
224	24.9434	1	420.701	1	3.85557	1	59.6242	1	67.7476	1	31.6228	347.245	384.739
224	24.9434	1	420.701	1	3.85557	1	59.6242	1	67.7476	1	100	406.852	449.124
225	18.3518	1	140.452	1	0.750329	1	311.657	1	82.367	1	0	273.249	301.462
225	18.3518	1	140.452	1	0.750329	1	311.657	1	82.367	1	0.001	273.29	301.515
225	18.3518	1	140.452	1	0.750329	1	311.657	1	82.367	1	0.00316228	273.377	301.629
225	18.3518	1	140.452	1	0.750329	1	311.657	1	82.367	1	0.01	273.648	301.988
225	18.3518	1	140.452	1	0.750329	1	311.657	1	82.367	1	0.0316228	274.477	303.079
225	18.3518	1	140.452	1	0.750329	1	311.657	1	82.367	1	0.1	276.823	306.167
225	18.3518	1	140.452	1	0.750329	1	311.657	1	82.367	1	0.316228	282.442	313.691
225	18.3518	1	140.452	1	0.750329	1	311.657	1	82.367	1	1	291.669	326.347
225	18.3518	1	140.452	1	0.750329	1	311.657	1	82.367	1	3.16228	300.935	338.807
225	18.3518	1	140.452	1	0.750329	1	311.657	1	82.367	1	10	308.438	346.498
225	18.3518	1	140.452	1	0.750329	1	311.657	1	82.367	1	31.6228	314.109	350.948
225	18.3518	1	140.452	1	0.750329	1	311.657	1	82.367	1	100	319.682	357.458
226	26.0391	1	1977.36	1	1.15334	1	427.917	1	89.8802	1	0	273.249	301.462
226	26.0391	1	1977.36	1	1.15334	1	427.917	1	89.8802	1	0.001	273.276	301.497
226	26.0391	1	1977.36	1	1.15334	1	427.917	1	89.8802	1	0.00316228	273.333	301.572
226	26.0391	1	1977.36	1	1.15334	1	427.917	1	89.8802	1	0.01	273.514	301.809
226	26.0391	1	1977.36	1	1.15334	1	427.917	1	89.8802	1	0.0316228	274.07	302.539
226	26.0391	1	1977.36	1	1.15334	1	427.917	1	89.8802	1	0.1	275.706	304.685
226	26.0391	1	1977.36	1	1.15334	1	427.917	1	89.8802	1	0.316228	279.966	310.323
226	26.0391	1	1977.36	1	1.15334	1	427.917	1	89.8802	1	1	288.278	321.528
226	26.0391	1	1977.36	1	1.15334	1	427.917	1	89.8802	1	3.16228	298.629	335.482
226	26.0391	1	1977.36	1	1.15334	1	427.917	1	89.8802	1	10	308.409	346.698
226	26.0391	1	1977.36	1	1.15334	1	427.917	1	89.8802	1	31.6228	318.86	356.4
226	26.0391	1	1977.36	1	1.15334	1	427.917	1	89.8802	1	100	332.931	371.833
227	13.1023	1	697.22	1	0.975495	1	203.563	1	54.8466	1	0	273.249	301.462
227	13.1023	1	697.22	1	0.975495	1	203.563	1	54.8466	1	0.001	273.281	301.503
227	13.1023	1	697.22	1	0.975495	1	203.563	1	54.8466	1	0.00316228	273.35	301.593
227	13.1023	1	697.22	1	0.975495	1	203.563	1	54.8466	1	0.01	273.566	301.873
227	13.1023	1	697.22	1	0.975495	1	203.563	1	54.8466	1	0.0316228	274.229	302.736
227	13.1023	1	697.22	1	0.975495	1	203.563	1	54.8466	1	0.1	276.158	305.24
227	13.1023	1	697.22	1	0.975495	1	203.563	1	54.8466	1	0.316228	281.057	311.65
227	13.1023	1	697.22	1	0.975495	1	203.563	1	54.8466	1	1	290.229	323.774
227	13.1023	1	697.22	1	0.975495	1	203.563	1	54.8466	1	3.16228	301.529	338.115
227	13.1023	1	697.22	1	0.975495	1	203.563	1	54.8466	1	10	313.316	350.277
227	13.1023	1	697.22	1	0.975495	1	203.563	1	54.8466	1	31.6228	325.578	363.504
227	13.1023	1	697.22	1	0.975495	1	203.563	1	54.8466	1	100	349.139	389.05
228	25.8779	1	892.89	1	0.604243	1	481.949	1	85.2161	1	0	273.249	301.462
228	25.8779	1	892.89	1	0.604243	1	481.949	1	85.2161	1	0.001	273.3	301.528
228	25.8779	1	892.89	1	0.604243	1	481.949	1	85.2161	1	0.00316228	273.408	301.671
228	25.8779	1	892.89	1	0.604243	1	481.949	1	85.2161	1	0.01	273.744	302.116
228	25.8779	1	892.89	1	0.604243	1	481.949	1	85.2161	1	0.0316228	274.761	303.46
228	25.8779	1	892.89	1	0.604243	1	481.949	1	85.2161	1	0.1	277.583	307.198
228	25.8779	1	892.89	1	0.604243	1	481.949	1	85.2161	1	0.316228	283.961	315.827
228	25.8779	1	892.89	1	0.604243	1	481.949	1	85.2161	1	1	293.49	329.114
228	25.8779	1	892.89	1	0.604243	1	481.949	1	85.2161	1	3.16228	302.259	341.13
228	25.8779	1	892.89	1	0.604243	1	481.949	1	85.2161	1	10	309.644	348.881
228	25.8779	1	892.89	1	0.604243	1	481.949	1	85.2161	1	31.6228	317.92	355.655
228	25.8779	1	892.89	1	0.604243	1	481.949	1	85.2161	1	100	328.579	367.146
229	36.8272	1	673.278	1	0.525409	1	573.545	1	108.929	1	0	273.249	301.462
229	36.8272	1	673.278	1	0.525409	1	573.545	1	108.929	1	0.001	273.307	301.538
229	36.8272	1	673.278	1	0.525409	1	573.545	1	108.929	1	0.00316228	273.43	301.701
229	36.8272	1	673.278	1	0.525409	1	573.545	1	108.929	1	0.01	273.814	302.211
229	36.8272	1	673.278	1	0.525409	1	573.545	1	108.929	1	0.0316228	274.967	303.739
229	36.8272	1	673.278	1	0.525409	1	573.545	1	108.929	1	0.1	278.115	307.936
229	36.8272	1	673.278	1	0.525409	1	573.545	1	108.929	1	0.316228	284.921	317.222
229	36.8272	1	673.278	1	0.525409	1	573.545	1	108.929	1	1	294.39	330.654
229	36.8272	1	673.278	1	0.525409	1	573.545	1	108.929	1	3.16228	302.332	341.858
229	36.8272	1	673.278	1	0.525409	1	573.545	1	108.929	1	10	308.343	348.484
229	36.8272	1	673.278	1	0.525409	1	573.545	1	108.929	1	31.6228	315.594	353.818
229	36.8272	1	673.278	1	0.525409	1	573.545	1	108.929	1	100	324.171	362.335
230	21.9674	1	357.812	1	1.11633	1	332.146	1	49.9498	1	0	273.249	301.462
230	21.9674	1	357.812	1	1.11633	1	332.146	1	49.9498	1	0.001	273.277	301.498
230	21.9674	1	357.812	1	1.11633	1	332.146	1	49.9498	1	0.00316228	273.336	301.575
230	21.9674	1	357.812	1	1.11633	1	332.146	1	49.9498	1	0.01	273.522	301.819
230	21.9674	1	357.812	1	1.11633	1	332.146	1	49.9498	1	0.0316228	274.095	302.571
230	21.9674	1	357.812	1	1.11633	1	332.146	1	49.9498	1	0.1	275.777	304.776
230	21.9674	1	357.812	1	1.11633	1	332.146	1	49.9498	1	0.316228	280.133	310.537
230	21.9674	1	357.812	1	1.11633	1	332.146	1	49.9498	1	1	288.547	321.857
230	21.9674	1	357.812	1	1.11633	1	332.146	1	49.9498	1	3.16228	298.865	335.681
230	21.9674	1	357.812	1	1.11633	1	332.146	1	49.9498	1	10	308.47	346.453
230	21.9674	1	357.812	1	1.11633	1	332.146	1	49.9498	1	31.6228	317.665	355.077
230	21.9674	1	357.812	1	1.11633	1	332.146	1	49.9498	1	100	329.633	368.1
231	24.7168	1	390.671	1	0.993512	1	524.5	1	55.0139	1	0	273.249	301.462
231	24.7168	1	390.671	1	0.993512	1	524.5	1	55.0139	1	0.001	273.28	301.502
231	24.7168	1	390.671	1	0.993512	1	524.5	1	55.0139	1	0.00316228	273.346	301.589
231	24.7168	1	390.671	1	0.993512	1	524.5	1	55.0139	1	0.01	273.553	301.862
231	24.7168	1	390.671	1	0.993512	1	524.5	1	55.0139	1	0.0316228	274.19	302.701
231	24.7168	1	390.671	1	0.993512	1	524.5	1	55.0139	1	0.1	276.043	305.136
231	24.7168	1	390.671	1	0.993512	1	524.5	1	55.0139	1	0.316228	280.729	311.371
231	24.7168	1	390.671	1	0.993512	1	524.5	1	55.0139	1	1	289.362	323.115
231	24.7168	1	390.671	1	0.993512	1	524.5	1	55.0139	1	3.16228	299.204	336.516
231	24.7168	1	390.671	1	0.993512	1	524.5	1	55.0139	1	10	307.577	345.995
231	24.7168	1	390.671	1	0.993512	1	524.5	1	55.0139	1	31.6228	314.843	352.205
231	24.7168	1	390.671	1	0.993512	1	524.5	1	55.0139	1	100	321.554	359.609
232	17.2857	1	597.755	1	0.593214	1	260.025	1	44.2323	1	0	273.249	301.462
232	17.2857	1	597.755	1	0.593214	1	260.025	1	44.2323	1	0.001	273.301	301.529
232	17.2857	1	597.755	1	0.593214	1	260.025	1	44.2323	1	0.00316228	273.411	301.675
232	17.2857	1	597.755	1	0.593214	1	260.025	1	44.2323	1	0.01	273.756	302.129
232	17.2857	1	597.755	1	0.593214	1	260.025	1	44.2323	1	0.0316228	274.797	303.501
232	17.2857	1	597.755	1	0.593214	1	260.025	1	44.2323	1	0.1	277.684	307.311
232	17.2857	1	597.755	1	0.593214	1	260.025	1	44.2323	1	0.316228	284.2	316.071
232	17.2857	1	597.755	1	0.593214	1	260.025	1	44.2323	1	1	293.988	329.527
232	17.2857	1	597.755	1	0.593214	1	260.025	1	44.2323	1	3.16228	303.426	341.908
232	17.2857	1	597.755	1	0.593214	1	260.025	1	44.2323	1	10	312.445	350.794
232	17.2857	1	597.755	1	0.593214	1	260.025	1	44.2323	1	31.6228	322.464	360.5
232	17.2857	1	597.755	1	0.593214	1	260.025	1	44.2323	1	100	340.398	379.837
233	40.7445	1	531.481	1	1.32486	1	309.688	1	69.3654	1	0	273.249	301.462
233	40.7445	1	531.481	1	1.32486	1	309.688	1	69.3654	1	0.001	273.272	301.492
233	40.7445	1	531.481	1	1.32486	1	309.688	1	69.3654	1	0.00316228	273.322	301.558
233	40.7445	1	531.481	1	1.32486	1	309.688	1	69.3654	1	0.01	273.479	301.764
233	40.7445	1	531.481	1	1.32486	1	309.688	1	69.3654	1	0.0316228	273.963	302.402
233	40.7445	1	531.481	1	1.32486	1	309.688	1	69.3654	1	0.1	275.4	304.294
233	40.7445	1	531.481	1	1.32486	1	309.688	1	69.3654	1	0.316228	279.22	309.367
233	40.7445	1	531.481	1	1.32486	1	309.688	1	69.3654	1	1	286.994	319.893
233	40.7445	1	531.481	1	1.32486	1	309.688	1	69.3654	1	3.16228	297.167	333.889
233	40.7445	1	531.481	1	1.32486	1	309.688	1	69.3654	1	10	306.631	345.613
233	40.7445	1	531.481	1	1.32486	1	309.688	1	69.3654	1	31.6228	317.619	355.907
233	40.7445	1	531.481	1	1.32486	1	309.688	1	69.3654	1	100	333.269	372.285
234	22.9736	1	1696.61	1	1.25042	1	222.882	1	59.2734	1	0	273.249	301.462
234	22.9736	1	1696.61	1	1.25042	1	222.882	1	59.2734	1	0.001	273.274	301.494
234	22.9736	1	1696.61	1	1.25042	1	222.882	1	59.2734	1	0.00316228	273.328	301.564
234	22.9736	1	1696.61	1	1.25042	1	222.882	1	59.2734	1	0.01	273.496	301.784
234	22.9736	1	1696.61	1	1.25042	1	222.882	1	59.2734	1	0.0316228	274.016	302.464
234	22.9736	1	1696.61	1	1.25042	1	222.882	1	59.2734	1	0.1	275.555	304.474
234	22.9736	1	1696.61	1	1.25042	1	222.882	1	59.2734	1	0.316228	279.627	309.829
234	22.9736	1	1696.61	1	1.25042	1	222.882	1	59.2734	1	1	287.857	320.795
234	22.9736	1	1696.61	1	1.25042	1	222.882	1	59.2734	1	3.16228	298.811	335.302
234	22.9736	1	1696.61	1	1.25042	1	222.882	1	59.2734	1	10	310.369	348.337
234	22.9736	1	1696.61	1	1.25042	1	222.882	1	59.2734	1	31.6228	324.538	362.415
234	22.9736	1	1696.61	1	1.25042	1	222.882	1	59.2734	1	100	348.849	388.809
235	45.6935	1	460.875	1	0.7842	1	203.6	1	91.6648	1	0	273.249	301.462
235	45.6935	1	460.875	1	0.7842	1	203.6	1	91.6648	1	0.001	273.288	301.513
235	45.6935	1	460.875	1	0.7842	1	203.6	1	91.6648	1	0.00316228	273.372	301.623
235	45.6935	1	460.875	1	0.7842	1	203.6	1	91.6648	1	0.01	273.633	301.969
235	45.6935	1	460.875	1	0.7842	1	203.6	1	91.6648	1	0.0316228	274.43	303.024
235	45.6935	1	460.875	1	0.7842	1	203.6	1	91.6648	1	0.1	276.698	306.023
235	45.6935	1	460.875	1	0.7842	1	203.6	1	91.6648	1	0.316228	282.178	313.405
235	45.6935	1	460.875	1	0.7842	1	203.6	1	91.6648	1	1	291.353	326.153
235	45.6935	1	460.875	1	0.7842	1	203.6	1	91.6648	1	3.16228	300.881	339.485
235	45.6935	1	460.875	1	0.7842	1	203.6	1	91.6648	1	10	309.351	349.59
235	45.6935	1	460.875	1	0.7842	1	203.6	1	91.6648	1	31.6228	321.986	361.153
235	45.6935	1	460.875	1	0.7842	1	203.6	1	91.6648	1	100	344.829	384.349
236	36.6225	1	196.558	1	1.03476	1	333.793	1	35.3347	1	0	273.249	301.462
236	36.6225	1	196.558	1	1.03476	1	333.793	1	35.3347	1	0.001	273.279	301.5
236	36.6225	1	196.558	1	1.03476	1	333.793	1	35.3347	1	0.00316228	273.342	301.584
236	36.6225	1	196.558	1	1.03476	1	333.793	1	35.3347	1	0.01	273.539	301.845
236	36.6225	1	196.558	1	1.03476	1	333.793	1	35.3347	1	0.0316228	274.148	302.649
236	36.6225	1	196.558	1	1.03476	1	333.793	1	35.3347	1	0.1	275.921	304.992
236	36.6225	1	196.558	1	1.03476	1	333.793	1	35.3347	1	0.316228	280.435	311.031
236	36.6225	1	196.558	1	1.03476	1	333.793	1	35.3347	1	1	288.819	322.55
236	36.6225	1	196.558	1	1.03476	1	333.793	1	35.3347	1	3.16228	298.331	335.863
236	36.6225	1	196.558	1	1.03476	1	333.793	1	35.3347	1	10	305.851	345.144
236	36.6225	1	196.558	1	1.03476	1	333.793	1	35.3347	1	31.6228	312.708	351.052
236	36.6225	1	196.558	1	1.03476	1	333.793	1	35.3347	1	100	319.547	359.337
237	30.6852	1	1400.94	1	0.89033	1	129.337	1	29.025	1	0	273.249	301.462
237	30.6852	1	1400.94	1	0.89033	1	129.337	1	29.025	1	0.001	273.284	301.507
237	30.6852	1	1400.94	1	0.89033	1	129.337	1	29.025	1	0.00316228	273.359	301.606
237	30.6852	1	1400.94	1	0.89033	1	129.337	1	29.025	1	0.01	273.593	301.913
237	30.6852	1	1400.94	1	0.89033	1	129.337	1	29.025	1	0.0316228	274.31	302.857
237	30.6852	1	1400.94	1	0.89033	1	129.337	1	29.025	1	0.1	276.38	305.577
237	30.6852	1	1400.94	1	0.89033	1	129.337	1	29.025	1	0.316228	281.532	312.436
237	30.6852	1	1400.94	1	0.89033	1	129.337	1	29.025	1	1	290.778	325.035
237	30.6852	1	1400.94	1	0.89033	1	129.337	1	29.025	1	3.16228	301.561	339.556
237	30.6852	1	1400.94	1	0.89033	1	129.337	1	29.025	1	10	313.204	352.709
237	30.6852	1	1400.94	1	0.89033	1	129.337	1	29.025	1	31.6228	331.637	371.272
237	30.6852	1	1400.94	1	0.89033	1	129.337	1	29.025	1	100	369.259	410.81
238	16.3073	1	175.803	1	0.696846	1	410.818	1	49.7032	1	0	273.249	301.462
238	16.3073	1	175.803	1	0.696846	1	410.818	1	49.7032	1	0.001	273.293	301.519
238	16.3073	1	175.803	1	0.696846	1	410.818	1	49.7032	1	0.00316228	273.387	301.643
238	16.3073	1	175.803	1	0.696846	1	410.818	1	49.7032	1	0.01	273.68	302.028
238	16.3073	1	175.803	1	0.696846	1	410.818	1	49.7032	1	0.0316228	274.57	303.2
238	16.3073	1	175.803	1	0.696846	1	410.818	1	49.7032	1	0.1	277.073	306.491
238	16.3073	1	175.803	1	0.696846	1	410.818	1	49.7032	1	0.316228	282.97	314.385
238	16.3073	1	175.803	1	0.696846	1	410.818	1	49.7032	1	1	292.378	327.279
238	16.3073	1	175.803	1	0.696846	1	410.818	1	49.7032	1	3.16228	301.609	339.526
238	16.3073	1	175.803	1	0.696846	1	410.818	1	49.7032	1	10	309.068	346.894
238	16.3073	1	175.803	1	0.696846	1	410.818	1	49.7032	1	31.6228	313.606	350.651
238	16.3073	1	175.803	1	0.696846	1	410.818	1	49.7032	1	100	317.156	355.06
239	40.7962	1	653.163	1	0.72392	1	220.368	1	64.0848	1	0	273.249	301.462
239	40.7962	1	653.163	1	0.72392	1	220.368	1	64.0848	1	0.001	273.291	301.517
239	40.7962	1	653.163	1	0.72392	1	220.368	1	64.0848	1	0.00316228	273.382	301.637
239	40.7962	1	653.163	1	0.72392	1	220.368	1	64.0848	1	0.01	273.664	302.011
239	40.7962	1	653.163	1	0.72392	1	220.368	1	64.0848	1	0.0316228	274.524	303.148
239	40.7962	1	653.163	1	0.72392	1	220.368	1	64.0848	1	0.1	276.952	306.357
239	40.7962	1	653.163	1	0.72392	1	220.368	1	64.0848	1	0.316228	282.714	314.132
239	40.7962	1	653.163	1	0.72392	1	220.368	1	64.0848	1	1	292.052	327.134
239	40.7962	1	653.163	1	0.72392	1	220.368	1	64.0848	1	3.16228	301.437	340.205
239	40.7962	1	653.163	1	0.72392	1	220.368	1	64.0848	1	10	309.847	349.982
239	40.7962	1	653.163	1	0.72392	1	220.368	1	64.0848	1	31.6228	322.328	361.301
239	40.7962	1	653.163	1	0.72392	1	220.368	1	64.0848	1	100	344.45	384.349
240	20.0767	1	377.259	1	0.404085	1	1503.39	1	67.1893	1	0	273.249	301.462
240	20.0767	1	377.259	1	0.404085	1	1503.39	1	67.1893	1	0.001	273.324	301.56
240	20.0767	1	377.259	1	0.404085	1	1503.39	1	67.1893	1	0.00316228	273.484	301.773
240	20.0767	1	377.259	1	0.404085	1	1503.39	1	67.1893	1	0.01	273.98	302.429
240	20.0767	1	377.259	1	0.404085	1	1503.39	1	67.1893	1	0.0316228	275.445	304.369
240	20.0767	1	377.259	1	0.404085	1	1503.39	1	67.1893	1	0.1	279.307	309.534
240	20.0767	1	377.259	1	0.404085	1	1503.39	1	67.1893	1	0.316228	286.987	320.065
240	20.0767	1	377.259	1	0.404085	1	1503.39	1	67.1893	1	1	296.45	333.48
240	20.0767	1	377.259	1	0.404085	1	1503.39	1	67.1893	1	3.16228	303.688	343.215
240	20.0767	1	377.259	1	0.404085	1	1503.39	1	67.1893	1	10	309.154	348.052
240	20.0767	1	377.259	1	0.404085	1	1503.39	1	67.1893	1	31.6228	312.447	349.752
240	20.0767	1	377.259	1	0.404085	1	1503.39	1	67.1893	1	100	311.258	348.65
241	40.0045	1	269.348	1	0.88047	1	452.866	1	76.4653	1	0	273.249	301.462
241	40.0045	1	269.348	1	0.88047	1	452.866	1	76.4653	1	0.001	273.284	301.507
241	40.0045	1	269.348	1	0.88047	1	452.866	1	76.4653	1	0.00316228	273.358	301.605
241	40.0045	1	269.348	1	0.88047	1	452.866	1	76.4653	1	0.01	273.589	301.911
241	40.0045	1	269.348	1	0.88047	1	452.866	1	76.4653	1	0.0316228	274.298	302.85
241	40.0045	1	269.348	1	0.88047	1	452.866	1	76.4653	1	0.1	276.337	305.547
241	40.0045	1	269.348	1	0.88047	1	452.866	1	76.4653	1	0.316228	281.369	312.311
241	40.0045	1	269.348	1	0.88047	1	452.866	1	76.4653	1	1	290.127	324.461
241	40.0045	1	269.348	1	0.88047	1	452.866	1	76.4653	1	3.16228	299.29	337.399
241	40.0045	1	269.348	1	0.88047	1	452.866	1	76.4653	1	10	306.175	345.83
241	40.0045	1	269.348	1	0.88047	1	452.866	1	76.4653	1	31.6228	312.773	351.007
241	40.0045	1	269.348	1	0.88047	1	452.866	1	76.4653	1	100	319.368	357.544
242	32.2556	1	447.575	1	0.791137	1	448.975	1	73.1078	1	0	273.249	301.462
242	32.2556	1	447.575	1	0.791137	1	448.975	1	73.1078	1	0.001	273.288	301.512
242	32.2556	1	447.575	1	0.791137	1	448.975	1	73.1078	1	0.00316228	273.37	301.621
242	32.2556	1	447.575	1	0.791137	1	448.975	1	73.1078	1	0.01	273.628	301.963
242	32.2556	1	447.575	1	0.791137	1	448.975	1	73.1078	1	0.0316228	274.417	303.005
242	32.2556	1	447.575	1	0.791137	1	448.975	1	73.1078	1	0.1	276.661	305.969
242	32.2556	1	447.575	1	0.791137	1	448.975	1	73.1078	1	0.316228	282.089	313.267
242	32.2556	1	447.575	1	0.791137	1	448.975	1	73.1078	1	1	291.166	325.841
242	32.2556	1	447.575	1	0.791137	1	448.975	1	73.1078	1	3.16228	300.407	338.692
242	32.2556	1	447.575	1	0.791137	1	448.975	1	73.1078	1	10	307.854	347.248
242	32.2556	1	447.575	1	0.791137	1	448.975	1	73.1078	1	31.6228	315.868	353.728
242	32.2556	1	447.575	1	0.791137	1	448.975	1	73.1078	1	100	325.145	363.392
243	27.9184	1	186.914	1	1.08891	1	308.056	1	112.692	1	0	273.249	301.462
243	27.9184	1	186.914	1	1.08891	1	308.056	1	112.692	1	0.001	273.277	301.498
243	27.9184	1	186.914	1	1.08891	1	308.056	1	112.692	1	0.00316228	273.337	301.578
243	27.9184	1	186.914	1	1.08891	1	308.056	1	112.692	1	0.01	273.526	301.826
243	27.9184	1	186.914	1	1.08891	1	308.056	1	112.692	1	0.0316228	274.107	302.592
243	27.9184	1	186.914	1	1.08891	1	308.056	1	112.692	1	0.1	275.807	304.832
243	27.9184	1	186.914	1	1.08891	1	308.056	1	112.692	1	0.316228	280.181	310.656
243	27.9184	1	186.914	1	1.08891	1	308.056	1	112.692	1	1	288.493	321.97
243	27.9184	1	186.914	1	1.08891	1	308.056	1	112.692	1	3.16228	298.305	335.433
243	27.9184	1	186.914	1	1.08891	1	308.056	1	112.692	1	10	306.665	345.237
243	27.9184	1	186.914	1	1.08891	1	308.056	1	112.692	1	31.6228	314.865	352.006
243	27.9184	1	186.914	1	1.08891	1	308.056	1	112.692	1	100	323.789	361.528
244	39.2593	1	823.556	1	1.21336	1	562.996	1	206.313	1	0	273.249	301.462
244	39.2593	1	823.556	1	1.21336	1	562.996	1	206.313	1	0.001	273.275	301.495
244	39.2593	1	823.556	1	1.21336	1	562.996	1	206.313	1	0.00316228	273.329	301.566
244	39.2593	1	823.556	1	1.21336	1	562.996	1	206.313	1	0.01	273.498	301.79
244	39.2593	1	823.556	1	1.21336	1	562.996	1	206.313	1	0.0316228	274.024	302.483
244	39.2593	1	823.556	1	1.21336	1	562.996	1	206.313	1	0.1	275.572	304.524
244	39.2593	1	823.556	1	1.21336	1	562.996	1	206.313	1	0.316228	279.63	309.926
244	39.2593	1	823.556	1	1.21336	1	562.996	1	206.313	1	1	287.623	320.802
244	39.2593	1	823.556	1	1.21336	1	562.996	1	206.313	1	3.16228	297.542	334.522
244	39.2593	1	823.556	1	1.21336	1	562.996	1	206.313	1	10	306.137	345.127
244	39.2593	1	823.556	1	1.21336	1	562.996	1	206.313	1	31.6228	315.103	352.958
244	39.2593	1	823.556	1	1.21336	1	562.996	1	206.313	1	100	325.271	363.26
245	27.2245	1	655.05	1	1.30695	1	380.437	1	75.0383	1	0	273.249	301.462
245	27.2245	1	655.05	1	1.30695	1	380.437	1	75.0383	1	0.001	273.273	301.492
245	27.2245	1	655.05	1	1.30695	1	380.437	1	75.0383	1	0.00316228	273.324	301.559
245	27.2245	1	655.05	1	1.30695	1	380.437	1	75.0383	1	0.01	273.483	301.768
245	27.2245	1	655.05	1	1.30695	1	380.437	1	75.0383	1	0.0316228	273.976	302.415
245	27.2245	1	655.05	1	1.30695	1	380.437	1	75.0383	1	0.1	275.438	304.331
245	27.2245	1	655.05	1	1.30695	1	380.437	1	75.0383	1	0.316228	279.32	309.459
245	27.2245	1	655.05	1	1.30695	1	380.437	1	75.0383	1	1	287.215	320.053
245	27.2245	1	655.05	1	1.30695	1	380.437	1	75.0383	1	3.16228	297.587	334.044
245	27.2245	1	655.05	1	1.30695	1	380.437	1	75.0383	1	10	307.499	345.653
245	27.2245	1	655.05	1	1.30695	1	380.437	1	75.0383	1	31.6228	317.886	355.291
245	27.2245	1	655.05	1	1.30695	1	380.437	1	75.0383	1	100	331.042	369.569
246	21.6656	1	163.061	1	1.25293	1	400.896	1	38.3648	1	0	273.249	301.462
246	21.6656	1	163.061	1	1.25293	1	400.896	1	38.3648	1	0.001	273.274	301.493
246	21.6656	1	163.061	1	1.25293	1	400.896	1	38.3648	1	0.00316228	273.326	301.562
246	21.6656	1	163.061	1	1.25293	1	400.896	1	38.3648	1	0.01	273.49	301.778
246	21.6656	1	163.061	1	1.25293	1	400.896	1	38.3648	1	0.0316228	273.999	302.446
246	21.6656	1	163.061	1	1.25293	1	400.896	1	38.3648	1	0.1	275.503	304.418
246	21.6656	1	163.061	1	1.25293	1	400.896	1	38.3648	1	0.316228	279.464	309.655
246	21.6656	1	163.061	1	1.25293	1	400.896	1	38.3648	1	1	287.378	320.285
246	21.6656	1	163.061	1	1.25293	1	400.896	1	38.3648	1	3.16228	297.346	333.742
246	21.6656	1	163.061	1	1.25293	1	400.896	1	38.3648	1	10	305.936	343.611
246	21.6656	1	163.061	1	1.25293	1	400.896	1	38.3648	1	31.6228	311.584	348.662
246	21.6656	1	163.061	1	1.25293	1	400.896	1	38.3648	1	100	314.854	353.333
247	29.9834	1	269.452	1	2.04207	1	646.577	1	58.7322	1	0	273.249	301.462
247	29.9834	1	269.452	1	2.04207	1	646.577	1	58.7322	1	0.001	273.264	301.481
247	29.9834	1	269.452	1	2.04207	1	646.577	1	58.7322	1	0.00316228	273.297	301.523
247	29.9834	1	269.452	1	2.04207	1	646.577	1	58.7322	1	0.01	273.398	301.657
247	29.9834	1	269.452	1	2.04207	1	646.577	1	58.7322	1	0.0316228	273.716	302.072
247	29.9834	1	269.452	1	2.04207	1	646.577	1	58.7322	1	0.1	274.678	303.331
247	29.9834	1	269.452	1	2.04207	1	646.577	1	58.7322	1	0.316228	277.368	306.848
247	29.9834	1	269.452	1	2.04207	1	646.577	1	58.7322	1	1	283.606	315.121
247	29.9834	1	269.452	1	2.04207	1	646.577	1	58.7322	1	3.16228	293.344	328.211
247	29.9834	1	269.452	1	2.04207	1	646.577	1	58.7322	1	10	303.03	340.264
247	29.9834	1	269.452	1	2.04207	1	646.577	1	58.7322	1	31.6228	310.495	347.296
247	29.9834	1	269.452	1	2.04207	1	646.577	1	58.7322	1	100	313.746	351.411
248	14.4933	1	313.763	1	2.02863	1	352.575	1	44.6325	1	0	273.249	301.462
248	14.4933	1	313.763	1	2.02863	1	352.575	1	44.6325	1	0.001	273.265	301.482
248	14.4933	1	313.763	1	2.02863	1	352.575	1	44.6325	1	0.00316228	273.299	301.525
248	14.4933	1	313.763	1	2.02863	1	352.575	1	44.6325	1	0.01	273.405	301.661
248	14.4933	1	313.763	1	2.02863	1	352.575	1	44.6325	1	0.0316228	273.735	302.084
248	14.4933	1	313.763	1	2.02863	1	352.575	1	44.6325	1	0.1	274.739	303.369
248	14.4933	1	313.763	1	2.02863	1	352.575	1	44.6325	1	0.316228	277.557	306.962
248	14.4933	1	313.763	1	2.02863	1	352.575	1	44.6325	1	1	284.174	315.438
248	14.4933	1	313.763	1	2.02863	1	352.575	1	44.6325	1	3.16228	294.965	329.08
248	14.4933	1	313.763	1	2.02863	1	352.575	1	44.6325	1	10	307.04	342.6
248	14.4933	1	313.763	1	2.02863	1	352.575	1	44.6325	1	31.6228	316.176	352.802
248	14.4933	1	313.763	1	2.02863	1	352.575	1	44.6325	1	100	326.97	365.141
249	24.655	1	1539.52	1	1.26131	1	168.32	1	80.2835	1	0	273.249	301.462
249	24.655	1	1539.52	1	1.26131	1	168.32	1	80.2835	1	0.001	273.274	301.494
249	24.655	1	1539.52	1	1.26131	1	168.32	1	80.2835	1	0.00316228	273.327	301.563
249	24.655	1	1539.52	1	1.26131	1	168.32	1	80.2835	1	0.01	273.494	301.782
249	24.655	1	1539.52	1	1.26131	1	168.32	1	80.2835	1	0.0316228	274.012	302.459
249	24.655	1	1539.52	1	1.26131	1	168.32	1	80.2835	1	0.1	275.544	304.46
249	24.655	1	1539.52	1	1.26131	1	168.32	1	80.2835	1	0.316228	279.607	309.802
249	24.655	1	1539.52	1	1.26131	1	168.32	1	80.2835	1	1	287.863	320.801
249	24.655	1	1539.52	1	1.26131	1	168.32	1	80.2835	1	3.16228	299.03	335.58
249	24.655	1	1539.52	1	1.26131	1	168.32	1	80.2835	1	10	311.311	349.494
249	24.655	1	1539.52	1	1.26131	1	168.32	1	80.2835	1	31.6228	328.392	366.379
249	24.655	1	1539.52	1	1.26131	1	168.32	1	80.2835	1	100	358.597	399.031
250	38.9313	1	507.952	1	1.44074	1	612.73	1	46.4784	1	0	273.249	301.462
250	38.9313	1	507.952	1	1.44074	1	612.73	1	46.4784	1	0.001	273.271	301.489
250	38.9313	1	507.952	1	1.44074	1	612.73	1	46.4784	1	0.00316228	273.316	301.55
250	38.9313	1	507.952	1	1.44074	1	612.73	1	46.4784	1	0.01	273.46	301.739
250	38.9313	1	507.952	1	1.44074	1	612.73	1	46.4784	1	0.0316228	273.904	302.325
250	38.9313	1	507.952	1	1.44074	1	612.73	1	46.4784	1	0.1	275.231	304.071
250	38.9313	1	507.952	1	1.44074	1	612.73	1	46.4784	1	0.316228	278.794	308.797
250	38.9313	1	507.952	1	1.44074	1	612.73	1	46.4784	1	1	286.223	318.838
250	38.9313	1	507.952	1	1.44074	1	612.73	1	46.4784	1	3.16228	296.145	332.502
250	38.9313	1	507.952	1	1.44074	1	612.73	1	46.4784	1	10	304.915	343.541
250	38.9313	1	507.952	1	1.44074	1	612.73	1	46.4784	1	31.6228	312.733	350.74
250	38.9313	1	507.952	1	1.44074	1	612.73	1	46.4784	1	100	319.558	358.25
251	13.0824	1	1304.07	1	2.13855	1	342.031	1	60.8495	1	0	273.249	301.462
251	13.0824	1	1304.07	1	2.13855	1	342.031	1	60.8495	1	0.001	273.264	301.481
251	13.0824	1	1304.07	1	2.13855	1	342.031	1	60.8495	1	0.00316228	273.297	301.522
251	13.0824	1	1304.07	1	2.13855	1	342.031	1	60.8495	1	0.01	273.399	301.652
251	13.0824	1	1304.07	1	2.13855	1	342.031	1	60.8495	1	0.0316228	273.719	302.059
251	13.0824	1	1304.07	1	2.13855	1	342.031	1	60.8495	1	0.1	274.693	303.294
251	13.0824	1	1304.07	1	2.13855	1	342.031	1	60.8495	1	0.316228	277.446	306.767
251	13.0824	1	1304.07	1	2.13855	1	342.031	1	60.8495	1	1	284.031	315.097
251	13.0824	1	1304.07	1	2.13855	1	342.031	1	60.8495	1	3.16228	295.205	328.973
251	13.0824	1	1304.07	1	2.13855	1	342.031	1	60.8495	1	10	308.493	343.677
251	13.0824	1	1304.07	1	2.13855	1	342.031	1	60.8495	1	31.6228	319.698	356.677
251	13.0824	1	1304.07	1	2.13855	1	342.031	1	60.8495	1	100	336.608	375.659
252	24.9192	1	626.713	1	0.790581	1	313.931	1	81.5636	1	0	273.249	301.462
252	24.9192	1	626.713	1	0.790581	1	313.931	1	81.5636	1	0.001	273.288	301.512
252	24.9192	1	626.713	1	0.790581	1	313.931	1	81.5636	1	0.00316228	273.371	301.622
252	24.9192	1	626.713	1	0.790581	1	313.931	1	81.5636	1	0.01	273.631	301.964
252	24.9192	1	626.713	1	0.790581	1	313.931	1	81.5636	1	0.0316228	274.424	303.01
252	24.9192	1	626.713	1	0.790581	1	313.931	1	81.5636	1	0.1	276.685	305.986
252	24.9192	1	626.713	1	0.790581	1	313.931	1	81.5636	1	0.316228	282.162	313.319
252	24.9192	1	626.713	1	0.790581	1	313.931	1	81.5636	1	1	291.399	326
252	24.9192	1	626.713	1	0.790581	1	313.931	1	81.5636	1	3.16228	301.113	339.187
252	24.9192	1	626.713	1	0.790581	1	313.931	1	81.5636	1	10	309.893	348.753
252	24.9192	1	626.713	1	0.790581	1	313.931	1	81.5636	1	31.6228	320.293	357.958
252	24.9192	1	626.713	1	0.790581	1	313.931	1	81.5636	1	100	335.449	374.309
253	20.7455	1	496.436	1	1.11223	1	271.454	1	77.6532	1	0	273.249	301.462
253	20.7455	1	496.436	1	1.11223	1	271.454	1	77.6532	1	0.001	273.277	301.498
253	20.7455	1	496.436	1	1.11223	1	271.454	1	77.6532	1	0.00316228	273.337	301.576
253	20.7455	1	496.436	1	1.11223	1	271.454	1	77.6532	1	0.01	273.524	301.822
253	20.7455	1	496.436	1	1.11223	1	271.454	1	77.6532	1	0.0316228	274.102	302.579
253	20.7455	1	496.436	1	1.11223	1	271.454	1	77.6532	1	0.1	275.798	304.797
253	20.7455	1	496.436	1	1.11223	1	271.454	1	77.6532	1	0.316228	280.193	310.597
253	20.7455	1	496.436	1	1.11223	1	271.454	1	77.6532	1	1	288.704	322.005
253	20.7455	1	496.436	1	1.11223	1	271.454	1	77.6532	1	3.16228	299.302	336.068
253	20.7455	1	496.436	1	1.11223	1	271.454	1	77.6532	1	10	309.725	347.586
253	20.7455	1	496.436	1	1.11223	1	271.454	1	77.6532	1	31.6228	320.901	358.337
253	20.7455	1	496.436	1	1.11223	1	271.454	1	77.6532	1	100	337.705	376.599
254	62.3317	1	510.612	1	1.12885	1	465.057	1	43.5926	1	0	273.249	301.462
254	62.3317	1	510.612	1	1.12885	1	465.057	1	43.5926	1	0.001	273.276	301.497
254	62.3317	1	510.612	1	1.12885	1	465.057	1	43.5926	1	0.00316228	273.334	301.574
254	62.3317	1	510.612	1	1.12885	1	465.057	1	43.5926	1	0.01	273.516	301.814
254	62.3317	1	510.612	1	1.12885	1	465.057	1	43.5926	1	0.0316228	274.076	302.556
254	62.3317	1	510.612	1	1.12885	1	465.057	1	43.5926	1	0.1	275.72	304.732
254	62.3317	1	510.612	1	1.12885	1	465.057	1	43.5926	1	0.316228	279.968	310.423
254	62.3317	1	510.612	1	1.12885	1	465.057	1	43.5926	1	1	288.094	321.613
254	62.3317	1	510.612	1	1.12885	1	465.057	1	43.5926	1	3.16228	297.663	335.179
254	62.3317	1	510.612	1	1.12885	1	465.057	1	43.5926	1	10	305.253	345.188
254	62.3317	1	510.612	1	1.12885	1	465.057	1	43.5926	1	31.6228	312.674	352.168
254	62.3317	1	510.612	1	1.12885	1	465.057	1	43.5926	1	100	322.072	362.058
255	22.629	1	805.49	1	1.39483	1	251.399	1	118.027	1	0	273.249	301.462
255	22.629	1	805.49	1	1.39483	1	251.399	1	118.027	1	0.001	273.272	301.491
255	22.629	1	805.49	1	1.39483	1	251.399	1	118.027	1	0.00316228	273.32	301.553
255	22.629	1	805.49	1	1.39483	1	251.399	1	118.027	1	0.01	273.47	301.75
255	22.629	1	805.49	1	1.39483	1	251.399	1	118.027	1	0.0316228	273.938	302.361
255	22.629	1	805.49	1	1.39483	1	251.399	1	118.027	1	0.1	275.331	304.178
255	22.629	1	805.49	1	1.39483	1	251.399	1	118.027	1	0.316228	279.075	309.087
255	22.629	1	805.49	1	1.39483	1	251.399	1	118.027	1	1	286.909	319.48
255	22.629	1	805.49	1	1.39483	1	251.399	1	118.027	1	3.16228	297.765	333.824
255	22.629	1	805.49	1	1.39483	1	251.399	1	118.027	1	10	309.209	346.833
255	22.629	1	805.49	1	1.39483	1	251.399	1	118.027	1	31.6228	322.308	359.708
255	22.629	1	805.49	1	1.39483	1	251.399	1	118.027	1	100	342.669	381.833
256	49.5616	1	166.76	1	1.55341	1	249.853	1	80.1569	1	0	273.249	301.462
256	49.5616	1	166.76	1	1.55341	1	249.853	1	80.1569	1	0.001	273.269	301.487
256	49.5616	1	166.76	1	1.55341	1	249.853	1	80.1569	1	0.00316228	273.311	301.543
256	49.5616	1	166.76	1	1.55341	1	249.853	1	80.1569	1	0.01	273.443	301.718
256	49.5616	1	166.76	1	1.55341	1	249.853	1	80.1569	1	0.0316228	273.853	302.26
256	49.5616	1	166.76	1	1.55341	1	249.853	1	80.1569	1	0.1	275.081	303.883
256	49.5616	1	166.76	1	1.55341	1	249.853	1	80.1569	1	0.316228	278.412	308.312
256	49.5616	1	166.76	1	1.55341	1	249.853	1	80.1569	1	1	285.511	317.943
256	49.5616	1	166.76	1	1.55341	1	249.853	1	80.1569	1	3.16228	295.279	331.543
256	49.5616	1	166.76	1	1.55341	1	249.853	1	80.1569	1	10	304.017	343.012
256	49.5616	1	166.76	1	1.55341	1	249.853	1	80.1569	1	31.6228	312.646	351.436
256	49.5616	1	166.76	1	1.55341	1	249.853	1	80.1569	1	100	325.436	364.043
257	29.4953	1	765.687	1	0.846416	1	126.142	1	68.9273	1	0	273.249	301.462
257	29.4953	1	765.687	1	0.846416	1	126.142	1	68.9273	1	0.001	273.286	301.509
257	29.4953	1	765.687	1	0.846416	1	126.142	1	68.9273	1	0.00316228	273.364	301.613
257	29.4953	1	765.687	1	0.846416	1	126.142	1	68.9273	1	0.01	273.609	301.936
257	29.4953	1	765.687	1	0.846416	1	126.142	1	68.9273	1	0.0316228	274.361	302.924
257	29.4953	1	765.687	1	0.846416	1	126.142	1	68.9273	1	0.1	276.517	305.759
257	29.4953	1	765.687	1	0.846416	1	126.142	1	68.9273	1	0.316228	281.833	312.849
257	29.4953	1	765.687	1	0.846416	1	126.142	1	68.9273	1	1	291.178	325.606
257	29.4953	1	765.687	1	0.846416	1	126.142	1	68.9273	1	3.16228	301.86	339.97
257	29.4953	1	765.687	1	0.846416	1	126.142	1	68.9273	1	10	313.422	352.874
257	29.4953	1	765.687	1	0.846416	1	126.142	1	68.9273	1	31.6228	332.523	371.239
257	29.4953	1	765.687	1	0.846416	1	126.142	1	68.9273	1	100	368.333	409.299
258	22.1568	1	678.892	1	1.27613	1	326.017	1	34.4905	1	0	273.249	301.462
258	22.1568	1	678.892	1	1.27613	1	326.017	1	34.4905	1	0.001	273.274	301.493
258	22.1568	1	678.892	1	1.27613	1	326.017	1	34.4905	1	0.00316228	273.326	301.562
258	22.1568	1	678.892	1	1.27613	1	326.017	1	34.4905	1	0.01	273.49	301.776
258	22.1568	1	678.892	1	1.27613	1	326.017	1	34.4905	1	0.0316228	273.997	302.44
258	22.1568	1	678.892	1	1.27613	1	326.017	1	34.4905	1	0.1	275.5	304.404
258	22.1568	1	678.892	1	1.27613	1	326.017	1	34.4905	1	0.316228	279.482	309.644
258	22.1568	1	678.892	1	1.27613	1	326.017	1	34.4905	1	1	287.552	320.405
258	22.1568	1	678.892	1	1.27613	1	326.017	1	34.4905	1	3.16228	298.172	334.54
258	22.1568	1	678.892	1	1.27613	1	326.017	1	34.4905	1	10	308.632	346.423
258	22.1568	1	678.892	1	1.27613	1	326.017	1	34.4905	1	31.6228	318.852	356.769
258	22.1568	1	678.892	1	1.27613	1	326.017	1	34.4905	1	100	334.494	373.52
259	31.4742	1	349.344	1	1.40565	1	562.508	1	72.2693	1	0	273.249	301.462
259	31.4742	1	349.344	1	1.40565	1	562.508	1	72.2693	1	0.001	273.271	301.49
259	31.4742	1	349.344	1	1.40565	1	562.508	1	72.2693	1	0.00316228	273.318	301.552
259	31.4742	1	349.344	1	1.40565	1	562.508	1	72.2693	1	0.01	273.465	301.745
259	31.4742	1	349.344	1	1.40565	1	562.508	1	72.2693	1	0.0316228	273.92	302.345
259	31.4742	1	349.344	1	1.40565	1	562.508	1	72.2693	1	0.1	275.277	304.128
259	31.4742	1	349.344	1	1.40565	1	562.508	1	72.2693	1	0.316228	278.91	308.938
259	31.4742	1	349.344	1	1.40565	1	562.508	1	72.2693	1	1	286.435	319.077
259	31.4742	1	349.344	1	1.40565	1	562.508	1	72.2693	1	3.16228	296.409	332.703
259	31.4742	1	349.344	1	1.40565	1	562.508	1	72.2693	1	10	305.284	343.539
259	31.4742	1	349.344	1	1.40565	1	562.508	1	72.2693	1	31.6228	313.043	350.329
259	31.4742	1	349.344	1	1.40565	1	562.508	1	72.2693	1	100	319.011	356.824
260	21.4297	1	666.891	1	0.95478	1	230.879	1	50.3279	1	0	273.249	301.462
260	21.4297	1	666.891	1	0.95478	1	230.879	1	50.3279	1	0.001	273.282	301.504
260	21.4297	1	666.891	1	0.95478	1	230.879	1	50.3279	1	0.00316228	273.351	301.595
260	21.4297	1	666.891	1	0.95478	1	230.879	1	50.3279	1	0.01	273.569	301.881
260	21.4297	1	666.891	1	0.95478	1	230.879	1	50.3279	1	0.0316228	274.237	302.758
260	21.4297	1	666.891	1	0.95478	1	230.879	1	50.3279	1	0.1	276.176	305.299
260	21.4297	1	666.891	1	0.95478	1	230.879	1	50.3279	1	0.316228	281.061	311.771
260	21.4297	1	666.891	1	0.95478	1	230.879	1	50.3279	1	1	290.028	323.887
260	21.4297	1	666.891	1	0.95478	1	230.879	1	50.3279	1	3.16228	300.534	337.876
260	21.4297	1	666.891	1	0.95478	1	230.879	1	50.3279	1	10	310.921	349.207
260	21.4297	1	666.891	1	0.95478	1	230.879	1	50.3279	1	31.6228	323.234	361.159
260	21.4297	1	666.891	1	0.95478	1	230.879	1	50.3279	1	100	344.194	383.75
261	26.4376	1	218.282	1	1.85236	1	88.2546	1	80.2734	1	0	273.249	301.462
261	26.4376	1	218.282	1	1.85236	1	88.2546	1	80.2734	1	0.001	273.267	301.484
261	26.4376	1	218.282	1	1.85236	1	88.2546	1	80.2734	1	0.00316228	273.304	301.532
261	26.4376	1	218.282	1	1.85236	1	88.2546	1	80.2734	1	0.01	273.42	301.684
261	26.4376	1	218.282	1	1.85236	1	88.2546	1	80.2734	1	0.0316228	273.784	302.156
261	26.4376	1	218.282	1	1.85236	1	88.2546	1	80.2734	1	0.1	274.886	303.585
261	26.4376	1	218.282	1	1.85236	1	88.2546	1	80.2734	1	0.316228	277.964	307.573
261	26.4376	1	218.282	1	1.85236	1	88.2546	1	80.2734	1	1	285.058	316.848
261	26.4376	1	218.282	1	1.85236	1	88.2546	1	80.2734	1	3.16228	296.66	331.932
261	26.4376	1	218.282	1	1.85236	1	88.2546	1	80.2734	1	10	311.758	349.468
261	26.4376	1	218.282	1	1.85236	1	88.2546	1	80.2734	1	31.6228	334.997	372.809
261	26.4376	1	218.282	1	1.85236	1	88.2546	1	80.2734	1	100	375.216	415.904
262	30.9987	1	477.321	1	0.497857	1	186.134	1	61.5485	1	0	273.249	301.462
262	30.9987	1	477.321	1	0.497857	1	186.134	1	61.5485	1	0.001	273.31	301.542
262	30.9987	1	477.321	1	0.497857	1	186.134	1	61.5485	1	0.00316228	273.441	301.716
262	30.9987	1	477.321	1	0.497857	1	186.134	1	61.5485	1	0.01	273.848	302.254
262	30.9987	1	477.321	1	0.497857	1	186.134	1	61.5485	1	0.0316228	275.065	303.865
262	30.9987	1	477.321	1	0.497857	1	186.134	1	61.5485	1	0.1	278.372	308.272
262	30.9987	1	477.321	1	0.497857	1	186.134	1	61.5485	1	0.316228	285.43	317.891
262	30.9987	1	477.321	1	0.497857	1	186.134	1	61.5485	1	1	295.143	331.585
262	30.9987	1	477.321	1	0.497857	1	186.134	1	61.5485	1	3.16228	303.679	343.283
262	30.9987	1	477.321	1	0.497857	1	186.134	1	61.5485	1	10	311.826	351.918
262	30.9987	1	477.321	1	0.497857	1	186.134	1	61.5485	1	31.6228	325.101	363.697
262	30.9987	1	477.321	1	0.497857	1	186.134	1	61.5485	1	100	349.013	388.871
263	32.0272	1	266.267	1	0.702125	1	297.757	1	62.8418	1	0	273.249	301.462
263	32.0272	1	266.267	1	0.702125	1	297.757	1	62.8418	1	0.001	273.293	301.519
263	32.0272	1	266.267	1	0.702125	1	297.757	1	62.8418	1	0.00316228	273.385	301.641
263	32.0272	1	266.267	1	0.702125	1	297.757	1	62.8418	1	0.01	273.675	302.025
263	32.0272	1	266.267	1	0.702125	1	297.757	1	62.8418	1	0.0316228	274.557	303.191
263	32.0272	1	266.267	1	0.702125	1	297.757	1	62.8418	1	0.1	277.035	306.467
263	32.0272	1	266.267	1	0.702125	1	297.757	1	62.8418	1	0.316228	282.869	314.345
263	32.0272	1	266.267	1	0.702125	1	297.757	1	62.8418	1	1	292.151	327.286
263	32.0272	1	266.267	1	0.702125	1	297.757	1	62.8418	1	3.16228	301.121	339.784
263	32.0272	1	266.267	1	0.702125	1	297.757	1	62.8418	1	10	308.384	347.999
263	32.0272	1	266.267	1	0.702125	1	297.757	1	62.8418	1	31.6228	316.996	355.033
263	32.0272	1	266.267	1	0.702125	1	297.757	1	62.8418	1	100	328.451	367.231
264	28.8364	1	508.769	1	0.489539	1	597.253	1	69.225	1	0	273.249	301.462
264	28.8364	1	508.769	1	0.489539	1	597.253	1	69.225	1	0.001	273.311	301.543
264	28.8364	1	508.769	1	0.489539	1	597.253	1	69.225	1	0.00316228	273.444	301.719
264	28.8364	1	508.769	1	0.489539	1	597.253	1	69.225	1	0.01	273.855	302.264
264	28.8364	1	508.769	1	0.489539	1	597.253	1	69.225	1	0.0316228	275.086	303.895
264	28.8364	1	508.769	1	0.489539	1	597.253	1	69.225	1	0.1	278.419	308.342
264	28.8364	1	508.769	1	0.489539	1	597.253	1	69.225	1	0.316228	285.476	317.978
264	28.8364	1	508.769	1	0.489539	1	597.253	1	69.225	1	1	294.989	331.45
264	28.8364	1	508.769	1	0.489539	1	597.253	1	69.225	1	3.16228	302.807	342.308
264	28.8364	1	508.769	1	0.489539	1	597.253	1	69.225	1	10	308.86	348.565
264	28.8364	1	508.769	1	0.489539	1	597.253	1	69.225	1	31.6228	315.406	353.229
264	28.8364	1	508.769	1	0.489539	1	597.253	1	69.225	1	100	321.854	360.003
265	36.699	1	543.086	1	2.00285	1	270.802	1	70.2777	1	0	273.249	301.462
265	36.699	1	543.086	1	2.00285	1	270.802	1	70.2777	1	0.001	273.265	301.482
265	36.699	1	543.086	1	2.00285	1	270.802	1	70.2777	1	0.00316228	273.298	301.526
265	36.699	1	543.086	1	2.00285	1	270.802	1	70.2777	1	0.01	273.403	301.663
265	36.699	1	543.086	1	2.00285	1	270.802	1	70.2777	1	0.0316228	273.731	302.092
265	36.699	1	543.086	1	2.00285	1	270.802	1	70.2777	1	0.1	274.726	303.393
265	36.699	1	543.086	1	2.00285	1	270.802	1	70.2777	1	0.316228	277.508	307.03
265	36.699	1	543.086	1	2.00285	1	270.802	1	70.2777	1	1	283.956	315.581
265	36.699	1	543.086	1	2.00285	1	270.802	1	70.2777	1	3.16228	294.208	329.323
265	36.699	1	543.086	1	2.00285	1	270.802	1	70.2777	1	10	305.447	343.257
265	36.699	1	543.086	1	2.00285	1	270.802	1	70.2777	1	31.6228	318.487	356.177
265	36.699	1	543.086	1	2.00285	1	270.802	1	70.2777	1	100	336.969	375.878
266	22.2871	1	459.729	1	1.6949	1	323.975	1	79.3022	1	0	273.249	301.462
266	22.2871	1	459.729	1	1.6949	1	323.975	1	79.3022	1	0.001	273.268	301.485
266	22.2871	1	459.729	1	1.6949	1	323.975	1	79.3022	1	0.00316228	273.307	301.537
266	22.2871	1	459.729	1	1.6949	1	323.975	1	79.3022	1	0.01	273.432	301.699
266	22.2871	1	459.729	1	1.6949	1	323.975	1	79.3022	1	0.0316228	273.818	302.203
266	22.2871	1	459.729	1	1.6949	1	323.975	1	79.3022	1	0.1	274.983	303.718
266	22.2871	1	459.729	1	1.6949	1	323.975	1	79.3022	1	0.316228	278.188	307.896
266	22.2871	1	459.729	1	1.6949	1	323.975	1	79.3022	1	1	285.293	317.248
266	22.2871	1	459.729	1	1.6949	1	323.975	1	79.3022	1	3.16228	295.891	331.212
266	22.2871	1	459.729	1	1.6949	1	323.975	1	79.3022	1	10	307.118	344.223
266	22.2871	1	459.729	1	1.6949	1	323.975	1	79.3022	1	31.6228	318.247	355.183
266	22.2871	1	459.729	1	1.6949	1	323.975	1	79.3022	1	100	332.262	370.663
267	19.9848	1	206.74	1	0.799572	1	60.1321	1	35.9064	1	0	273.249	301.462
267	19.9848	1	206.74	1	0.799572	1	60.1321	1	35.9064	1	0.001	273.288	301.513
267	19.9848	1	206.74	1	0.799572	1	60.1321	1	35.9064	1	0.00316228	273.373	301.623
267	19.9848	1	206.74	1	0.799572	1	60.1321	1	35.9064	1	0.01	273.636	301.968
267	19.9848	1	206.74	1	0.799572	1	60.1321	1	35.9064	1	0.0316228	274.441	303.022
267	19.9848	1	206.74	1	0.799572	1	60.1321	1	35.9064	1	0.1	276.745	306.033
267	19.9848	1	206.74	1	0.799572	1	60.1321	1	35.9064	1	0.316228	282.396	313.518
267	19.9848	1	206.74	1	0.799572	1	60.1321	1	35.9064	1	1	292.346	326.89
267	19.9848	1	206.74	1	0.799572	1	60.1321	1	35.9064	1	3.16228	304.436	342.488
267	19.9848	1	206.74	1	0.799572	1	60.1321	1	35.9064	1	10	320.366	359.407
267	19.9848	1	206.74	1	0.799572	1	60.1321	1	35.9064	1	31.6228	348.241	387.717
267	19.9848	1	206.74	1	0.799572	1	60.1321	1	35.9064	1	100	400.806	443.627
268	20.2988	1	362.724	1	1.37539	1	82.1865	1	69.0072	1	0	273.249	301.462
268	20.2988	1	362.724	1	1.37539	1	82.1865	1	69.0072	1	0.001	273.273	301.492
268	20.2988	1	362.724	1	1.37539	1	82.1865	1	69.0072	1	0.00316228	273.322	301.556
268	20.2988	1	362.724	1	1.37539	1	82.1865	1	69.0072	1	0.01	273.479	301.76
268	20.2988	1	362.724	1	1.37539	1	82.1865	1	69.0072	1	0.0316228	273.965	302.391
268	20.2988	1	362.724	1	1.37539	1	82.1865	1	69.0072	1	0.1	275.416	304.271
268	20.2988	1	362.724	1	1.37539	1	82.1865	1	69.0072	1	0.316228	279.331	309.364
268	20.2988	1	362.724	1	1.37539	1	82.1865	1	69.0072	1	1	287.64	320.251
268	20.2988	1	362.724	1	1.37539	1	82.1865	1	69.0072	1	3.16228	299.934	336.062
268	20.2988	1	362.724	1	1.37539	1	82.1865	1	69.0072	1	10	315.794	353.604
268	20.2988	1	362.724	1	1.37539	1	82.1865	1	69.0072	1	31.6228	340.611	379.01
268	20.2988	1	362.724	1	1.37539	1	82.1865	1	69.0072	1	100	386.337	428.005
269	39.359	1	229.124	1	0.56279	1	456.578	1	58.3022	1	0	273.249	301.462
269	39.359	1	229.124	1	0.56279	1	456.578	1	58.3022	1	0.001	273.303	301.533
269	39.359	1	229.124	1	0.56279	1	456.578	1	58.3022	1	0.00316228	273.418	301.685
269	39.359	1	229.124	1	0.56279	1	456.578	1	58.3022	1	0.01	273.776	302.16
269	39.359	1	229.124	1	0.56279	1	456.578	1	58.3022	1	0.0316228	274.854	303.591
269	39.359	1	229.124	1	0.56279	1	456.578	1	58.3022	1	0.1	277.821	307.545
269	39.359	1	229.124	1	0.56279	1	456.578	1	58.3022	1	0.316228	284.366	316.472
269	39.359	1	229.124	1	0.56279	1	456.578	1	58.3022	1	1	293.707	329.73
269	39.359	1	229.124	1	0.56279	1	456.578	1	58.3022	1	3.16228	301.574	340.994
269	39.359	1	229.124	1	0.56279	1	456.578	1	58.3022	1	10	306.911	347.15
269	39.359	1	229.124	1	0.56279	1	456.578	1	58.3022	1	31.6228	312.179	350.636
269	39.359	1	229.124	1	0.56279	1	456.578	1	58.3022	1	100	316.796	355.434
270	32.9114	1	193.485	1	0.945291	1	1956.79	1	63.6821	1	0	273.249	301.462
270	32.9114	1	193.485	1	0.945291	1	1956.79	1	63.6821	1	0.001	273.281	301.504
270	32.9114	1	193.485	1	0.945291	1	1956.79	1	63.6821	1	0.00316228	273.35	301.594
270	32.9114	1	193.485	1	0.945291	1	1956.79	1	63.6821	1	0.01	273.564	301.879
270	32.9114	1	193.485	1	0.945291	1	1956.79	1	63.6821	1	0.0316228	274.224	302.752
270	32.9114	1	193.485	1	0.945291	1	1956.79	1	63.6821	1	0.1	276.13	305.273
270	32.9114	1	193.485	1	0.945291	1	1956.79	1	63.6821	1	0.316228	280.894	311.659
270	32.9114	1	193.485	1	0.945291	1	1956.79	1	63.6821	1	1	289.38	323.397
270	32.9114	1	193.485	1	0.945291	1	1956.79	1	63.6821	1	3.16228	298.314	336.019
270	32.9114	1	193.485	1	0.945291	1	1956.79	1	63.6821	1	10	304.211	343.254
270	32.9114	1	193.485	1	0.945291	1	1956.79	1	63.6821	1	31.6228	306.699	344.073
270	32.9114	1	193.485	1	0.945291	1	1956.79	1	63.6821	1	100	300.869	338.202
271	13.4645	1	408.299	1	1.72351	1	199.904	1	72.1738	1	0	273.249	301.462
271	13.4645	1	408.299	1	1.72351	1	199.904	1	72.1738	1	0.001	273.268	301.485
271	13.4645	1	408.299	1	1.72351	1	199.904	1	72.1738	1	0.00316228	273.308	301.536
271	13.4645	1	408.299	1	1.72351	1	199.904	1	72.1738	1	0.01	273.433	301.697
271	13.4645	1	408.299	1	1.72351	1	199.904	1	72.1738	1	0.0316228	273.823	302.198
271	13.4645	1	408.299	1	1.72351	1	199.904	1	72.1738	1	0.1	275.001	303.706
271	13.4645	1	408.299	1	1.72351	1	199.904	1	72.1738	1	0.316228	278.262	307.877
271	13.4645	1	408.299	1	1.72351	1	199.904	1	72.1738	1	1	285.617	317.307
271	13.4645	1	408.299	1	1.72351	1	199.904	1	72.1738	1	3.16228	297.139	331.77
271	13.4645	1	408.299	1	1.72351	1	199.904	1	72.1738	1	10	310.464	346.301
271	13.4645	1	408.299	1	1.72351	1	199.904	1	72.1738	1	31.6228	323.504	360.701
271	13.4645	1	408.299	1	1.72351	1	199.904	1	72.1738	1	100	345.628	384.899
272	22.1773	1	155.128	1	0.595746	1	292.813	1	73.4753	1	0	273.249	301.462
272	22.1773	1	155.128	1	0.595746	1	292.813	1	73.4753	1	0.001	273.3	301.529
272	22.1773	1	155.128	1	0.595746	1	292.813	1	73.4753	1	0.00316228	273.409	301.673
272	22.1773	1	155.128	1	0.595746	1	292.813	1	73.4753	1	0.01	273.749	302.122
272	22.1773	1	155.128	1	0.595746	1	292.813	1	73.4753	1	0.0316228	274.775	303.479
272	22.1773	1	155.128	1	0.595746	1	292.813	1	73.4753	1	0.1	277.618	307.249
272	22.1773	1	155.128	1	0.595746	1	292.813	1	73.4753	1	0.316228	284.015	315.907
272	22.1773	1	155.128	1	0.595746	1	292.813	1	73.4753	1	1	293.479	329.11
272	22.1773	1	155.128	1	0.595746	1	292.813	1	73.4753	1	3.16228	301.994	340.775
272	22.1773	1	155.128	1	0.595746	1	292.813	1	73.4753	1	10	308.746	347.644
272	22.1773	1	155.128	1	0.595746	1	292.813	1	73.4753	1	31.6228	315.22	352.415
272	22.1773	1	155.128	1	0.595746	1	292.813	1	73.4753	1	100	322.511	360.593
273	33.4061	1	438.405	1	0.98228	1	216.907	1	83.1579	1	0	273.249	301.462
273	33.4061	1	438.405	1	0.98228	1	216.907	1	83.1579	1	0.001	273.281	301.503
273	33.4061	1	438.405	1	0.98228	1	216.907	1	83.1579	1	0.00316228	273.348	301.591
273	33.4061	1	438.405	1	0.98228	1	216.907	1	83.1579	1	0.01	273.558	301.868
273	33.4061	1	438.405	1	0.98228	1	216.907	1	83.1579	1	0.0316228	274.204	302.72
273	33.4061	1	438.405	1	0.98228	1	216.907	1	83.1579	1	0.1	276.082	305.193
273	33.4061	1	438.405	1	0.98228	1	216.907	1	83.1579	1	0.316228	280.829	311.522
273	33.4061	1	438.405	1	0.98228	1	216.907	1	83.1579	1	1	289.567	323.463
273	33.4061	1	438.405	1	0.98228	1	216.907	1	83.1579	1	3.16228	299.709	337.366
273	33.4061	1	438.405	1	0.98228	1	216.907	1	83.1579	1	10	309.214	348.479
273	33.4061	1	438.405	1	0.98228	1	216.907	1	83.1579	1	31.6228	321.995	360.148
273	33.4061	1	438.405	1	0.98228	1	216.907	1	83.1579	1	100	342.829	381.969
274	35.4036	1	153.363	1	0.403858	1	289.05	1	137.184	1	0	273.249	301.462
274	35.4036	1	153.363	1	0.403858	1	289.05	1	137.184	1	0.001	273.324	301.56
274	35.4036	1	153.363	1	0.403858	1	289.05	1	137.184	1	0.00316228	273.483	301.772
274	35.4036	1	153.363	1	0.403858	1	289.05	1	137.184	1	0.01	273.977	302.428
274	35.4036	1	153.363	1	0.403858	1	289.05	1	137.184	1	0.0316228	275.437	304.367
274	35.4036	1	153.363	1	0.403858	1	289.05	1	137.184	1	0.1	279.281	309.527
274	35.4036	1	153.363	1	0.403858	1	289.05	1	137.184	1	0.316228	286.904	320.047
274	35.4036	1	153.363	1	0.403858	1	289.05	1	137.184	1	1	296.199	333.446
274	35.4036	1	153.363	1	0.403858	1	289.05	1	137.184	1	3.16228	303.042	343.196
274	35.4036	1	153.363	1	0.403858	1	289.05	1	137.184	1	10	307.87	348.285
274	35.4036	1	153.363	1	0.403858	1	289.05	1	137.184	1	31.6228	313.861	352.116
274	35.4036	1	153.363	1	0.403858	1	289.05	1	137.184	1	100	322.465	360.171
275	23.2064	1	1175.48	1	1.08914	1	414.062	1	56.1339	1	0	273.249	301.462
275	23.2064	1	1175.48	1	1.08914	1	414.062	1	56.1339	1	0.001	273.278	301.499
275	23.2064	1	1175.48	1	1.08914	1	414.062	1	56.1339	1	0.00316228	273.338	301.578
275	23.2064	1	1175.48	1	1.08914	1	414.062	1	56.1339	1	0.01	273.529	301.829
275	23.2064	1	1175.48	1	1.08914	1	414.062	1	56.1339	1	0.0316228	274.117	302.6
275	23.2064	1	1175.48	1	1.08914	1	414.062	1	56.1339	1	0.1	275.84	304.858
275	23.2064	1	1175.48	1	1.08914	1	414.062	1	56.1339	1	0.316228	280.281	310.736
275	23.2064	1	1175.48	1	1.08914	1	414.062	1	56.1339	1	1	288.788	322.2
275	23.2064	1	1175.48	1	1.08914	1	414.062	1	56.1339	1	3.16228	299.136	336.079
275	23.2064	1	1175.48	1	1.08914	1	414.062	1	56.1339	1	10	308.859	347.005
275	23.2064	1	1175.48	1	1.08914	1	414.062	1	56.1339	1	31.6228	318.638	356.267
275	23.2064	1	1175.48	1	1.08914	1	414.062	1	56.1339	1	100	332.079	370.975
276	28.8491	1	2851.54	1	0.823477	1	169.095	1	91.2419	1	0	273.249	301.462
276	28.8491	1	2851.54	1	0.823477	1	169.095	1	91.2419	1	0.001	273.287	301.511
276	28.8491	1	2851.54	1	0.823477	1	169.095	1	91.2419	1	0.00316228	273.367	301.616
276	28.8491	1	2851.54	1	0.823477	1	169.095	1	91.2419	1	0.01	273.618	301.948
276	28.8491	1	2851.54	1	0.823477	1	169.095	1	91.2419	1	0.0316228	274.387	302.96
276	28.8491	1	2851.54	1	0.823477	1	169.095	1	91.2419	1	0.1	276.588	305.854
276	28.8491	1	2851.54	1	0.823477	1	169.095	1	91.2419	1	0.316228	281.975	313.052
276	28.8491	1	2851.54	1	0.823477	1	169.095	1	91.2419	1	1	291.302	325.813
276	28.8491	1	2851.54	1	0.823477	1	169.095	1	91.2419	1	3.16228	301.671	339.806
276	28.8491	1	2851.54	1	0.823477	1	169.095	1	91.2419	1	10	312.342	351.657
276	28.8491	1	2851.54	1	0.823477	1	169.095	1	91.2419	1	31.6228	329.042	367.505
276	28.8491	1	2851.54	1	0.823477	1	169.095	1	91.2419	1	100	359.856	400.54
277	44.8529	1	799.415	1	0.748957	1	94.3623	1	39.636	1	0	273.249	301.462
277	44.8529	1	799.415	1	0.748957	1	94.3623	1	39.636	1	0.001	273.29	301.516
277	44.8529	1	799.415	1	0.748957	1	94.3623	1	39.636	1	0.00316228	273.379	301.633
277	44.8529	1	799.415	1	0.748957	1	94.3623	1	39.636	1	0.01	273.655	301.998
277	44.8529	1	799.415	1	0.748957	1	94.3623	1	39.636	1	0.0316228	274.499	303.111
277	44.8529	1	799.415	1	0.748957	1	94.3623	1	39.636	1	0.1	276.892	306.265
277	44.8529	1	799.415	1	0.748957	1	94.3623	1	39.636	1	0.316228	282.64	313.987
277	44.8529	1	799.415	1	0.748957	1	94.3623	1	39.636	1	1	292.272	327.276
277	44.8529	1	799.415	1	0.748957	1	94.3623	1	39.636	1	3.16228	302.874	341.728
277	44.8529	1	799.415	1	0.748957	1	94.3623	1	39.636	1	10	314.873	355.535
277	44.8529	1	799.415	1	0.748957	1	94.3623	1	39.636	1	31.6228	337.234	377.675
277	44.8529	1	799.415	1	0.748957	1	94.3623	1	39.636	1	100	382.209	425.263
278	23.5863	1	219.49	1	1.1324	1	370.285	1	90.4179	1	0	273.249	301.462
278	23.5863	1	219.49	1	1.1324	1	370.285	1	90.4179	1	0.001	273.276	301.497
278	23.5863	1	219.49	1	1.1324	1	370.285	1	90.4179	1	0.00316228	273.334	301.573
278	23.5863	1	219.49	1	1.1324	1	370.285	1	90.4179	1	0.01	273.516	301.813
278	23.5863	1	219.49	1	1.1324	1	370.285	1	90.4179	1	0.0316228	274.078	302.551
278	23.5863	1	219.49	1	1.1324	1	370.285	1	90.4179	1	0.1	275.726	304.716
278	23.5863	1	219.49	1	1.1324	1	370.285	1	90.4179	1	0.316228	280	310.383
278	23.5863	1	219.49	1	1.1324	1	370.285	1	90.4179	1	1	288.255	321.539
278	23.5863	1	219.49	1	1.1324	1	370.285	1	90.4179	1	3.16228	298.255	335.082
278	23.5863	1	219.49	1	1.1324	1	370.285	1	90.4179	1	10	307.021	345.088
278	23.5863	1	219.49	1	1.1324	1	370.285	1	90.4179	1	31.6228	314.81	351.653
278	23.5863	1	219.49	1	1.1324	1	370.285	1	90.4179	1	100	322.106	359.812
279	21.7345	1	1011.68	1	0.922291	1	795.494	1	58.0134	1	0	273.249	301.462
279	21.7345	1	1011.68	1	0.922291	1	795.494	1	58.0134	1	0.001	273.283	301.505
279	21.7345	1	1011.68	1	0.922291	1	795.494	1	58.0134	1	0.00316228	273.354	301.599
279	21.7345	1	1011.68	1	0.922291	1	795.494	1	58.0134	1	0.01	273.577	301.893
279	21.7345	1	1011.68	1	0.922291	1	795.494	1	58.0134	1	0.0316228	274.263	302.795
279	21.7345	1	1011.68	1	0.922291	1	795.494	1	58.0134	1	0.1	276.246	305.398
279	21.7345	1	1011.68	1	0.922291	1	795.494	1	58.0134	1	0.316228	281.199	311.978
279	21.7345	1	1011.68	1	0.922291	1	795.494	1	58.0134	1	1	290.081	324.059
279	21.7345	1	1011.68	1	0.922291	1	795.494	1	58.0134	1	3.16228	299.961	337.376
279	21.7345	1	1011.68	1	0.922291	1	795.494	1	58.0134	1	10	308.489	346.685
279	21.7345	1	1011.68	1	0.922291	1	795.494	1	58.0134	1	31.6228	315.5	352.968
279	21.7345	1	1011.68	1	0.922291	1	795.494	1	58.0134	1	100	322.005	360.267
280	24.2498	1	374.692	1	0.657351	1	186.176	1	39.6105	1	0	273.249	301.462
280	24.2498	1	374.692	1	0.657351	1	186.176	1	39.6105	1	0.001	273.296	301.523
280	24.2498	1	374.692	1	0.657351	1	186.176	1	39.6105	1	0.00316228	273.396	301.655
280	24.2498	1	374.692	1	0.657351	1	186.176	1	39.6105	1	0.01	273.707	302.066
280	24.2498	1	374.692	1	0.657351	1	186.176	1	39.6105	1	0.0316228	274.652	303.312
280	24.2498	1	374.692	1	0.657351	1	186.176	1	39.6105	1	0.1	277.296	306.802
280	24.2498	1	374.692	1	0.657351	1	186.176	1	39.6105	1	0.316228	283.433	315.063
280	24.2498	1	374.692	1	0.657351	1	186.176	1	39.6105	1	1	293.044	328.353
280	24.2498	1	374.692	1	0.657351	1	186.176	1	39.6105	1	3.16228	302.58	341.229
280	24.2498	1	374.692	1	0.657351	1	186.176	1	39.6105	1	10	311.734	350.938
280	24.2498	1	374.692	1	0.657351	1	186.176	1	39.6105	1	31.6228	324.296	362.714
280	24.2498	1	374.692	1	0.657351	1	186.176	1	39.6105	1	100	346.979	386.787
281	27.4954	1	406.761	1	1.3051	1	224.136	1	47.0184	1	0	273.249	301.462
281	27.4954	1	406.761	1	1.3051	1	224.136	1	47.0184	1	0.001	273.273	301.493
281	27.4954	1	406.761	1	1.3051	1	224.136	1	47.0184	1	0.00316228	273.324	301.559
281	27.4954	1	406.761	1	1.3051	1	224.136	1	47.0184	1	0.01	273.484	301.769
281	27.4954	1	406.761	1	1.3051	1	224.136	1	47.0184	1	0.0316228	273.979	302.419
281	27.4954	1	406.761	1	1.3051	1	224.136	1	47.0184	1	0.1	275.449	304.344
281	27.4954	1	406.761	1	1.3051	1	224.136	1	47.0184	1	0.316228	279.354	309.5
281	27.4954	1	406.761	1	1.3051	1	224.136	1	47.0184	1	1	287.319	320.175
281	27.4954	1	406.761	1	1.3051	1	224.136	1	47.0184	1	3.16228	297.923	334.433
281	27.4954	1	406.761	1	1.3051	1	224.136	1	47.0184	1	10	308.549	346.854
281	27.4954	1	406.761	1	1.3051	1	224.136	1	47.0184	1	31.6228	321.108	358.984
281	27.4954	1	406.761	1	1.3051	1	224.136	1	47.0184	1	100	340.729	380.109
282	27.7562	1	490.233	1	1.12388	1	1987.64	1	68.0754	1	0	273.249	301.462
282	27.7562	1	490.233	1	1.12388	1	1987.64	1	68.0754	1	0.001	273.276	301.497
282	27.7562	1	490.233	1	1.12388	1	1987.64	1	68.0754	1	0.00316228	273.335	301.574
282	27.7562	1	490.233	1	1.12388	1	1987.64	1	68.0754	1	0.01	273.518	301.815
282	27.7562	1	490.233	1	1.12388	1	1987.64	1	68.0754	1	0.0316228	274.082	302.558
282	27.7562	1	490.233	1	1.12388	1	1987.64	1	68.0754	1	0.1	275.737	304.737
282	27.7562	1	490.233	1	1.12388	1	1987.64	1	68.0754	1	0.316228	280.016	310.427
282	27.7562	1	490.233	1	1.12388	1	1987.64	1	68.0754	1	1	288.22	321.573
282	27.7562	1	490.233	1	1.12388	1	1987.64	1	68.0754	1	3.16228	297.939	334.909
282	27.7562	1	490.233	1	1.12388	1	1987.64	1	68.0754	1	10	305.779	344.155
282	27.7562	1	490.233	1	1.12388	1	1987.64	1	68.0754	1	31.6228	311.224	348.376
282	27.7562	1	490.233	1	1.12388	1	1987.64	1	68.0754	1	100	311.101	348.477
283	15.3454	1	322.519	1	4.91761	1	149.109	1	55.1747	1	0	273.249	301.462
283	15.3454	1	322.519	1	4.91761	1	149.109	1	55.1747	1	0.001	273.257	301.47
283	15.3454	1	322.519	1	4.91761	1	149.109	1	55.1747	1	0.00316228	273.272	301.489
283	15.3454	1	322.519	1	4.91761	1	149.109	1	55.1747	1	0.01	273.321	301.548
283	15.3454	1	322.519	1	4.91761	1	149.109	1	55.1747	1	0.0316228	273.473	301.735
283	15.3454	1	322.519	1	4.91761	1	149.109	1	55.1747	1	0.1	273.95	302.314
283	15.3454	1	322.519	1	4.91761	1	149.109	1	55.1747	1	0.316228	275.386	304.056
283	15.3454	1	322.519	1	4.91761	1	149.109	1	55.1747	1	1	279.378	308.866
283	15.3454	1	322.519	1	4.91761	1	149.109	1	55.1747	1	3.16228	288.501	319.698
283	15.3454	1	322.519	1	4.91761	1	149.109	1	55.1747	1	10	303.931	337.029
283	15.3454	1	322.519	1	4.91761	1	149.109	1	55.1747	1	31.6228	323.027	358.645
283	15.3454	1	322.519	1	4.91761	1	149.109	1	55.1747	1	100	352.434	391.426
284	24.5614	1	341.548	1	0.881559	1	281.024	1	56.0288	1	0	273.249	301.462
284	24.5614	1	341.548	1	0.881559	1	281.024	1	56.0288	1	0.001	273.284	301.507
284	24.5614	1	341.548	1	0.881559	1	281.024	1	56.0288	1	0.00316228	273.359	301.605
284	24.5614	1	341.548	1	0.881559	1	281.024	1	56.0288	1	0.01	273.592	301.913
284	24.5614	1	341.548	1	0.881559	1	281.024	1	56.0288	1	0.0316228	274.307	302.855
284	24.5614	1	341.548	1	0.881559	1	281.024	1	56.0288	1	0.1	276.367	305.565
284	24.5614	1	341.548	1	0.881559	1	281.024	1	56.0288	1	0.316228	281.469	312.369
284	24.5614	1	341.548	1	0.881559	1	281.024	1	56.0288	1	1	290.466	324.667
284	24.5614	1	341.548	1	0.881559	1	281.024	1	56.0288	1	3.16228	300.358	338.092
284	24.5614	1	341.548	1	0.881559	1	281.024	1	56.0288	1	10	309.254	347.947
284	24.5614	1	341.548	1	0.881559	1	281.024	1	56.0288	1	31.6228	319.179	356.811
284	24.5614	1	341.548	1	0.881559	1	281.024	1	56.0288	1	100	333.28	372.026
285	27.9504	1	354.088	1	1.05715	1	316.247	1	36.3114	1	0	273.249	301.462
285	27.9504	1	354.088	1	1.05715	1	316.247	1	36.3114	1	0.001	273.278	301.5
285	27.9504	1	354.088	1	1.05715	1	316.247	1	36.3114	1	0.00316228	273.341	301.582
285	27.9504	1	354.088	1	1.05715	1	316.247	1	36.3114	1	0.01	273.536	301.839
285	27.9504	1	354.088	1	1.05715	1	316.247	1	36.3114	1	0.0316228	274.137	302.631
285	27.9504	1	354.088	1	1.05715	1	316.247	1	36.3114	1	0.1	275.895	304.943
285	27.9504	1	354.088	1	1.05715	1	316.247	1	36.3114	1	0.316228	280.398	310.931
285	27.9504	1	354.088	1	1.05715	1	316.247	1	36.3114	1	1	288.894	322.478
285	27.9504	1	354.088	1	1.05715	1	316.247	1	36.3114	1	3.16228	298.939	336.182
285	27.9504	1	354.088	1	1.05715	1	316.247	1	36.3114	1	10	307.9	346.602
285	27.9504	1	354.088	1	1.05715	1	316.247	1	36.3114	1	31.6228	317.049	355.109
285	27.9504	1	354.088	1	1.05715	1	316.247	1	36.3114	1	100	329.61	368.713
286	46.4609	1	381.777	1	1.05036	1	354.273	1	62.3548	1	0	273.249	301.462
286	46.4609	1	381.777	1	1.05036	1	354.273	1	62.3548	1	0.001	273.278	301.5
286	46.4609	1	381.777	1	1.05036	1	354.273	1	62.3548	1	0.00316228	273.341	301.582
286	46.4609	1	381.777	1	1.05036	1	354.273	1	62.3548	1	0.01	273.536	301.84
286	46.4609	1	381.777	1	1.05036	1	354.273	1	62.3548	1	0.0316228	274.137	302.636
286	46.4609	1	381.777	1	1.05036	1	354.273	1	62.3548	1	0.1	275.893	304.956
286	46.4609	1	381.777	1	1.05036	1	354.273	1	62.3548	1	0.316228	280.375	310.955
286	46.4609	1	381.777	1	1.05036	1	354.273	1	62.3548	1	1	288.754	322.479
286	46.4609	1	381.777	1	1.05036	1	354.273	1	62.3548	1	3.16228	298.414	336.028
286	46.4609	1	381.777	1	1.05036	1	354.273	1	62.3548	1	10	306.386	346.046
286	46.4609	1	381.777	1	1.05036	1	354.273	1	62.3548	1	31.6228	315.119	353.881
286	46.4609	1	381.777	1	1.05036	1	354.273	1	62.3548	1	100	326.922	366.045
287	22.3282	1	208.356	1	0.625649	1	298.836	1	69.2641	1	0	273.249	301.462
287	22.3282	1	208.356	1	0.625649	1	298.836	1	69.2641	1	0.001	273.298	301.526
287	22.3282	1	208.356	1	0.625649	1	298.836	1	69.2641	1	0.00316228	273.402	301.663
287	22.3282	1	208.356	1	0.625649	1	298.836	1	69.2641	1	0.01	273.727	302.092
287	22.3282	1	208.356	1	0.625649	1	298.836	1	69.2641	1	0.0316228	274.71	303.391
287	22.3282	1	208.356	1	0.625649	1	298.836	1	69.2641	1	0.1	277.446	307.012
287	22.3282	1	208.356	1	0.625649	1	298.836	1	69.2641	1	0.316228	283.696	315.451
287	22.3282	1	208.356	1	0.625649	1	298.836	1	69.2641	1	1	293.179	328.629
287	22.3282	1	208.356	1	0.625649	1	298.836	1	69.2641	1	3.16228	302.009	340.661
287	22.3282	1	208.356	1	0.625649	1	298.836	1	69.2641	1	10	309.352	348.224
287	22.3282	1	208.356	1	0.625649	1	298.836	1	69.2641	1	31.6228	316.928	354.275
287	22.3282	1	208.356	1	0.625649	1	298.836	1	69.2641	1	100	326.377	364.585
288	32.567	1	696.648	1	0.769881	1	174.832	1	84.6938	1	0	273.249	301.462
288	32.567	1	696.648	1	0.769881	1	174.832	1	84.6938	1	0.001	273.289	301.514
288	32.567	1	696.648	1	0.769881	1	174.832	1	84.6938	1	0.00316228	273.375	301.627
288	32.567	1	696.648	1	0.769881	1	174.832	1	84.6938	1	0.01	273.642	301.98
288	32.567	1	696.648	1	0.769881	1	174.832	1	84.6938	1	0.0316228	274.457	303.056
288	32.567	1	696.648	1	0.769881	1	174.832	1	84.6938	1	0.1	276.775	306.112
288	32.567	1	696.648	1	0.769881	1	174.832	1	84.6938	1	0.316228	282.364	313.613
288	32.567	1	696.648	1	0.769881	1	174.832	1	84.6938	1	1	291.724	326.519
288	32.567	1	696.648	1	0.769881	1	174.832	1	84.6938	1	3.16228	301.667	340.107
288	32.567	1	696.648	1	0.769881	1	174.832	1	84.6938	1	10	311.391	351.057
288	32.567	1	696.648	1	0.769881	1	174.832	1	84.6938	1	31.6228	326.614	365.114
288	32.567	1	696.648	1	0.769881	1	174.832	1	84.6938	1	100	353.831	393.827
289	34.2658	1	332.25	1	0.607312	1	652.266	1	50.4672	1	0	273.249	301.462
289	34.2658	1	332.25	1	0.607312	1	652.266	1	50.4672	1	0.001	273.299	301.527
289	34.2658	1	332.25	1	0.607312	1	652.266	1	50.4672	1	0.00316228	273.406	301.669
289	34.2658	1	332.25	1	0.607312	1	652.266	1	50.4672	1	0.01	273.739	302.11
289	34.2658	1	332.25	1	0.607312	1	652.266	1	50.4672	1	0.0316228	274.746	303.444
289	34.2658	1	332.25	1	0.607312	1	652.266	1	50.4672	1	0.1	277.537	307.154
289	34.2658	1	332.25	1	0.607312	1	652.266	1	50.4672	1	0.316228	283.842	315.719
289	34.2658	1	332.25	1	0.607312	1	652.266	1	50.4672	1	1	293.179	328.869
289	34.2658	1	332.25	1	0.607312	1	652.266	1	50.4672	1	3.16228	301.406	340.507
289	34.2658	1	332.25	1	0.607312	1	652.266	1	50.4672	1	10	307.222	347.059
289	34.2658	1	332.25	1	0.607312	1	652.266	1	50.4672	1	31.6228	312.548	350.676
289	34.2658	1	332.25	1	0.607312	1	652.266	1	50.4672	1	100	315.89	354.315
290	34.83	1	1015.01	1	0.815069	1	315.149	1	87.2669	1	0	273.249	301.462
290	34.83	1	1015.01	1	0.815069	1	315.149	1	87.2669	1	0.001	273.287	301.511
290	34.83	1	1015.01	1	0.815069	1	315.149	1	87.2669	1	0.00316228	273.367	301.617
290	34.83	1	1015.01	1	0.815069	1	315.149	1	87.2669	1	0.01	273.619	301.95
290	34.83	1	1015.01	1	0.815069	1	315.149	1	87.2669	1	0.0316228	274.388	302.966
290	34.83	1	1015.01	1	0.815069	1	315.149	1	87.2669	1	0.1	276.586	305.866
290	34.83	1	1015.01	1	0.815069	1	315.149	1	87.2669	1	0.316228	281.939	313.052
290	34.83	1	1015.01	1	0.815069	1	315.149	1	87.2669	1	1	291.048	325.637
290	34.83	1	1015.01	1	0.815069	1	315.149	1	87.2669	1	3.16228	300.644	338.912
290	34.83	1	1015.01	1	0.815069	1	315.149	1	87.2669	1	10	309.079	348.646
290	34.83	1	1015.01	1	0.815069	1	315.149	1	87.2669	1	31.6228	320.131	358.403
290	34.83	1	1015.01	1	0.815069	1	315.149	1	87.2669	1	100	337.342	376.452
291	31.0256	1	236.374	1	1.65227	1	386.68	1	63.8357	1	0	273.249	301.462
291	31.0256	1	236.374	1	1.65227	1	386.68	1	63.8357	1	0.001	273.268	301.486
291	31.0256	1	236.374	1	1.65227	1	386.68	1	63.8357	1	0.00316228	273.308	301.538
291	31.0256	1	236.374	1	1.65227	1	386.68	1	63.8357	1	0.01	273.433	301.703
291	31.0256	1	236.374	1	1.65227	1	386.68	1	63.8357	1	0.0316228	273.823	302.215
291	31.0256	1	236.374	1	1.65227	1	386.68	1	63.8357	1	0.1	274.993	303.751
291	31.0256	1	236.374	1	1.65227	1	386.68	1	63.8357	1	0.316228	278.195	307.971
291	31.0256	1	236.374	1	1.65227	1	386.68	1	63.8357	1	1	285.179	317.311
291	31.0256	1	236.374	1	1.65227	1	386.68	1	63.8357	1	3.16228	295.174	330.88
291	31.0256	1	236.374	1	1.65227	1	386.68	1	63.8357	1	10	304.63	342.533
291	31.0256	1	236.374	1	1.65227	1	386.68	1	63.8357	1	31.6228	313.136	350.315
291	31.0256	1	236.374	1	1.65227	1	386.68	1	63.8357	1	100	320.759	358.889
292	42.4548	1	717.261	1	1.15617	1	638.687	1	45.5197	1	0	273.249	301.462
292	42.4548	1	717.261	1	1.15617	1	638.687	1	45.5197	1	0.001	273.276	301.496
292	42.4548	1	717.261	1	1.15617	1	638.687	1	45.5197	1	0.00316228	273.332	301.571
292	42.4548	1	717.261	1	1.15617	1	638.687	1	45.5197	1	0.01	273.51	301.806
292	42.4548	1	717.261	1	1.15617	1	638.687	1	45.5197	1	0.0316228	274.06	302.532
292	42.4548	1	717.261	1	1.15617	1	638.687	1	45.5197	1	0.1	275.674	304.662
292	42.4548	1	717.261	1	1.15617	1	638.687	1	45.5197	1	0.316228	279.867	310.257
292	42.4548	1	717.261	1	1.15617	1	638.687	1	45.5197	1	1	287.976	321.343
292	42.4548	1	717.261	1	1.15617	1	638.687	1	45.5197	1	3.16228	297.727	334.94
292	42.4548	1	717.261	1	1.15617	1	638.687	1	45.5197	1	10	305.783	345.034
292	42.4548	1	717.261	1	1.15617	1	638.687	1	45.5197	1	31.6228	313.376	351.82
292	42.4548	1	717.261	1	1.15617	1	638.687	1	45.5197	1	100	321.048	360.043
293	22.0767	1	823.664	1	0.674	1	206.036	1	115.424	1	0	273.249	301.462
293	22.0767	1	823.664	1	0.674	1	206.036	1	115.424	1	0.001	273.295	301.521
293	22.0767	1	823.664	1	0.674	1	206.036	1	115.424	1	0.00316228	273.392	301.65
293	22.0767	1	823.664	1	0.674	1	206.036	1	115.424	1	0.01	273.697	302.051
293	22.0767	1	823.664	1	0.674	1	206.036	1	115.424	1	0.0316228	274.622	303.27
293	22.0767	1	823.664	1	0.674	1	206.036	1	115.424	1	0.1	277.217	306.688
293	22.0767	1	823.664	1	0.674	1	206.036	1	115.424	1	0.316228	283.285	314.834
293	22.0767	1	823.664	1	0.674	1	206.036	1	115.424	1	1	292.926	328.096
293	22.0767	1	823.664	1	0.674	1	206.036	1	115.424	1	3.16228	302.699	341.149
293	22.0767	1	823.664	1	0.674	1	206.036	1	115.424	1	10	312.403	351.253
293	22.0767	1	823.664	1	0.674	1	206.036	1	115.424	1	31.6228	325.642	363.676
293	22.0767	1	823.664	1	0.674	1	206.036	1	115.424	1	100	349.393	389.138
294	35.1448	1	663.271	1	1.75158	1	208.712	1	77.7501	1	0	273.249	301.462
294	35.1448	1	663.271	1	1.75158	1	208.712	1	77.7501	1	0.001	273.267	301.485
294	35.1448	1	663.271	1	1.75158	1	208.712	1	77.7501	1	0.00316228	273.305	301.535
294	35.1448	1	663.271	1	1.75158	1	208.712	1	77.7501	1	0.01	273.426	301.693
294	35.1448	1	663.271	1	1.75158	1	208.712	1	77.7501	1	0.0316228	273.801	302.184
294	35.1448	1	663.271	1	1.75158	1	208.712	1	77.7501	1	0.1	274.932	303.662
294	35.1448	1	663.271	1	1.75158	1	208.712	1	77.7501	1	0.316228	278.056	307.757
294	35.1448	1	663.271	1	1.75158	1	208.712	1	77.7501	1	1	285.043	317.042
294	35.1448	1	663.271	1	1.75158	1	208.712	1	77.7501	1	3.16228	295.673	331.282
294	35.1448	1	663.271	1	1.75158	1	208.712	1	77.7501	1	10	307.352	345.493
294	35.1448	1	663.271	1	1.75158	1	208.712	1	77.7501	1	31.6228	322.391	360.31
294	35.1448	1	663.271	1	1.75158	1	208.712	1	77.7501	1	100	346.499	385.908
295	19.8444	1	754.716	1	2.30113	1	76.269	1	150.915	1	0	273.249	301.462
295	19.8444	1	754.716	1	2.30113	1	76.269	1	150.915	1	0.001	273.264	301.48
295	19.8444	1	754.716	1	2.30113	1	76.269	1	150.915	1	0.00316228	273.295	301.52
295	19.8444	1	754.716	1	2.30113	1	76.269	1	150.915	1	0.01	273.394	301.646
295	19.8444	1	754.716	1	2.30113	1	76.269	1	150.915	1	0.0316228	273.702	302.039
295	19.8444	1	754.716	1	2.30113	1	76.269	1	150.915	1	0.1	274.646	303.24
295	19.8444	1	754.716	1	2.30113	1	76.269	1	150.915	1	0.316228	277.348	306.657
295	19.8444	1	754.716	1	2.30113	1	76.269	1	150.915	1	1	284.006	315.112
295	19.8444	1	754.716	1	2.30113	1	76.269	1	150.915	1	3.16228	296.297	330.485
295	19.8444	1	754.716	1	2.30113	1	76.269	1	150.915	1	10	314.68	351.137
295	19.8444	1	754.716	1	2.30113	1	76.269	1	150.915	1	31.6228	343.352	381.43
295	19.8444	1	754.716	1	2.30113	1	76.269	1	150.915	1	100	395.732	437.808
296	20.2308	1	370.102	1	0.511106	1	1112.2	1	51.4576	1	0	273.249	301.462
296	20.2308	1	370.102	1	0.511106	1	1112.2	1	51.4576	1	0.001	273.309	301.54
296	20.2308	1	370.102	1	0.511106	1	1112.2	1	51.4576	1	0.00316228	273.436	301.708
296	20.2308	1	370.102	1	0.511106	1	1112.2	1	51.4576	1	0.01	273.831	302.231
296	20.2308	1	370.102	1	0.511106	1	1112.2	1	51.4576	1	0.0316228	275.015	303.797
296	20.2308	1	370.102	1	0.511106	1	1112.2	1	51.4576	1	0.1	278.241	308.086
296	20.2308	1	370.102	1	0.511106	1	1112.2	1	51.4576	1	0.316228	285.171	317.497
296	20.2308	1	370.102	1	0.511106	1	1112.2	1	51.4576	1	1	294.735	330.901
296	20.2308	1	370.102	1	0.511106	1	1112.2	1	51.4576	1	3.16228	302.79	341.801
296	20.2308	1	370.102	1	0.511106	1	1112.2	1	51.4576	1	10	308.907	347.642
296	20.2308	1	370.102	1	0.511106	1	1112.2	1	51.4576	1	31.6228	312.771	350.14
296	20.2308	1	370.102	1	0.511106	1	1112.2	1	51.4576	1	100	312.978	350.562
297	40.3515	1	173.734	1	1.79255	1	341.305	1	68.2603	1	0	273.249	301.462
297	40.3515	1	173.734	1	1.79255	1	341.305	1	68.2603	1	0.001	273.266	301.484
297	40.3515	1	173.734	1	1.79255	1	341.305	1	68.2603	1	0.00316228	273.303	301.532
297	40.3515	1	173.734	1	1.79255	1	341.305	1	68.2603	1	0.01	273.417	301.683
297	40.3515	1	173.734	1	1.79255	1	341.305	1	68.2603	1	0.0316228	273.774	302.154
297	40.3515	1	173.734	1	1.79255	1	341.305	1	68.2603	1	0.1	274.85	303.572
297	40.3515	1	173.734	1	1.79255	1	341.305	1	68.2603	1	0.316228	277.817	307.494
297	40.3515	1	173.734	1	1.79255	1	341.305	1	68.2603	1	1	284.423	316.381
297	40.3515	1	173.734	1	1.79255	1	341.305	1	68.2603	1	3.16228	294.09	329.677
297	40.3515	1	173.734	1	1.79255	1	341.305	1	68.2603	1	10	303.043	341.276
297	40.3515	1	173.734	1	1.79255	1	341.305	1	68.2603	1	31.6228	310.779	348.582
297	40.3515	1	173.734	1	1.79255	1	341.305	1	68.2603	1	100	318.244	356.557
298	19.0583	1	595.924	1	0.58386	1	346.537	1	59.5811	1	0	273.249	301.462
298	19.0583	1	595.924	1	0.58386	1	346.537	1	59.5811	1	0.001	273.302	301.53
298	19.0583	1	595.924	1	0.58386	1	346.537	1	59.5811	1	0.00316228	273.414	301.678
298	19.0583	1	595.924	1	0.58386	1	346.537	1	59.5811	1	0.01	273.763	302.139
298	19.0583	1	595.924	1	0.58386	1	346.537	1	59.5811	1	0.0316228	274.816	303.528
298	19.0583	1	595.924	1	0.58386	1	346.537	1	59.5811	1	0.1	277.731	307.383
298	19.0583	1	595.924	1	0.58386	1	346.537	1	59.5811	1	0.316228	284.269	316.198
298	19.0583	1	595.924	1	0.58386	1	346.537	1	59.5811	1	1	293.966	329.607
298	19.0583	1	595.924	1	0.58386	1	346.537	1	59.5811	1	3.16228	303.042	341.676
298	19.0583	1	595.924	1	0.58386	1	346.537	1	59.5811	1	10	311.258	349.812
298	19.0583	1	595.924	1	0.58386	1	346.537	1	59.5811	1	31.6228	319.865	357.635
298	19.0583	1	595.924	1	0.58386	1	346.537	1	59.5811	1	100	333.132	372.009
299	24.1429	1	527.24	1	0.467844	1	487.55	1	56.3905	1	0	273.249	301.462
299	24.1429	1	527.24	1	0.467844	1	487.55	1	56.3905	1	0.001	273.314	301.547
299	24.1429	1	527.24	1	0.467844	1	487.55	1	56.3905	1	0.00316228	273.453	301.731
299	24.1429	1	527.24	1	0.467844	1	487.55	1	56.3905	1	0.01	273.884	302.301
299	24.1429	1	527.24	1	0.467844	1	487.55	1	56.3905	1	0.0316228	275.169	304.002
299	24.1429	1	527.24	1	0.467844	1	487.55	1	56.3905	1	0.1	278.629	308.618
299	24.1429	1	527.24	1	0.467844	1	487.55	1	56.3905	1	0.316228	285.861	318.49
299	24.1429	1	527.24	1	0.467844	1	487.55	1	56.3905	1	1	295.448	332.016
299	24.1429	1	527.24	1	0.467844	1	487.55	1	56.3905	1	3.16228	303.354	342.798
299	24.1429	1	527.24	1	0.467844	1	487.55	1	56.3905	1	10	309.908	349.264
299	24.1429	1	527.24	1	0.467844	1	487.55	1	56.3905	1	31.6228	316.881	354.672
299	24.1429	1	527.24	1	0.467844	1	487.55	1	56.3905	1	100	325.371	363.782
300	27.1627	1	407.088	1	1.48802	1	278.295	1	81.71	1	0	273.249	301.462
300	27.1627	1	407.088	1	1.48802	1	278.295	1	81.71	1	0.001	273.27	301.489
300	27.1627	1	407.088	1	1.48802	1	278.295	1	81.71	1	0.00316228	273.315	301.547
300	27.1627	1	407.088	1	1.48802	1	278.295	1	81.71	1	0.01	273.455	301.731
300	27.1627	1	407.088	1	1.48802	1	278.295	1	81.71	1	0.0316228	273.891	302.303
300	27.1627	1	407.088	1	1.48802	1	278.295	1	81.71	1	0.1	275.195	304.008
300	27.1627	1	407.088	1	1.48802	1	278.295	1	81.71	1	0.316228	278.722	308.648
300	27.1627	1	407.088	1	1.48802	1	278.295	1	81.71	1	1	286.219	318.644
300	27.1627	1	407.088	1	1.48802	1	278.295	1	81.71	1	3.16228	296.719	332.711
300	27.1627	1	407.088	1	1.48802	1	278.295	1	81.71	1	10	307.326	345.231
300	27.1627	1	407.088	1	1.48802	1	278.295	1	81.71	1	31.6228	319.083	356.349
300	27.1627	1	407.088	1	1.48802	1	278.295	1	81.71	1	100	334.947	373.509
301	14.0102	1	678.2	1	1.16049	1	578.098	1	44.647	1	0	273.249	301.462
301	14.0102	1	678.2	1	1.16049	1	578.098	1	44.647	1	0.001	273.276	301.496
301	14.0102	1	678.2	1	1.16049	1	578.098	1	44.647	1	0.00316228	273.334	301.571
301	14.0102	1	678.2	1	1.16049	1	578.098	1	44.647	1	0.01	273.514	301.807
301	14.0102	1	678.2	1	1.16049	1	578.098	1	44.647	1	0.0316228	274.073	302.533
301	14.0102	1	678.2	1	1.16049	1	578.098	1	44.647	1	0.1	275.718	304.667
301	14.0102	1	678.2	1	1.16049	1	578.098	1	44.647	1	0.316228	280.015	310.282
301	14.0102	1	678.2	1	1.16049	1	578.098	1	44.647	1	1	288.494	321.458
301	14.0102	1	678.2	1	1.16049	1	578.098	1	44.647	1	3.16228	299.322	335.383
301	14.0102	1	678.2	1	1.16049	1	578.098	1	44.647	1	10	309.555	346.254
301	14.0102	1	678.2	1	1.16049	1	578.098	1	44.647	1	31.6228	316.369	353.665
301	14.0102	1	678.2	1	1.16049	1	578.098	1	44.647	1	100	324.386	362.772
302	28.1063	1	454.553	1	1.43994	1	197.763	1	58.7153	1	0	273.249	301.462
302	28.1063	1	454.553	1	1.43994	1	197.763	1	58.7153	1	0.001	273.271	301.49
302	28.1063	1	454.553	1	1.43994	1	197.763	1	58.7153	1	0.00316228	273.317	301.551
302	28.1063	1	454.553	1	1.43994	1	197.763	1	58.7153	1	0.01	273.463	301.742
302	28.1063	1	454.553	1	1.43994	1	197.763	1	58.7153	1	0.0316228	273.916	302.334
302	28.1063	1	454.553	1	1.43994	1	197.763	1	58.7153	1	0.1	275.266	304.1
302	28.1063	1	454.553	1	1.43994	1	197.763	1	58.7153	1	0.316228	278.909	308.892
302	28.1063	1	454.553	1	1.43994	1	197.763	1	58.7153	1	1	286.597	319.145
302	28.1063	1	454.553	1	1.43994	1	197.763	1	58.7153	1	3.16228	297.37	333.539
302	28.1063	1	454.553	1	1.43994	1	197.763	1	58.7153	1	10	308.733	346.889
302	28.1063	1	454.553	1	1.43994	1	197.763	1	58.7153	1	31.6228	323.089	360.864
302	28.1063	1	454.553	1	1.43994	1	197.763	1	58.7153	1	100	346.054	385.535
303	16.79	1	179.038	1	1.9205	1	451.972	1	125.789	1	0	273.249	301.462
303	16.79	1	179.038	1	1.9205	1	451.972	1	125.789	1	0.001	273.265	301.482
303	16.79	1	179.038	1	1.9205	1	451.972	1	125.789	1	0.00316228	273.3	301.527
303	16.79	1	179.038	1	1.9205	1	451.972	1	125.789	1	0.01	273.409	301.669
303	16.79	1	179.038	1	1.9205	1	451.972	1	125.789	1	0.0316228	273.75	302.11
303	16.79	1	179.038	1	1.9205	1	451.972	1	125.789	1	0.1	274.781	303.443
303	16.79	1	179.038	1	1.9205	1	451.972	1	125.789	1	0.316228	277.654	307.152
303	16.79	1	179.038	1	1.9205	1	451.972	1	125.789	1	1	284.254	315.734
303	16.79	1	179.038	1	1.9205	1	451.972	1	125.789	1	3.16228	294.498	328.991
303	16.79	1	179.038	1	1.9205	1	451.972	1	125.789	1	10	305.057	340.994
303	16.79	1	179.038	1	1.9205	1	451.972	1	125.789	1	31.6228	311.637	347.704
303	16.79	1	179.038	1	1.9205	1	451.972	1	125.789	1	100	315.492	352.597
304	28.5285	1	399.177	1	0.761015	1	357.587	1	70.9289	1	0	273.249	301.462
304	28.5285	1	399.177	1	0.761015	1	357.587	1	70.9289	1	0.001	273.289	301.514
304	28.5285	1	399.177	1	0.761015	1	357.587	1	70.9289	1	0.00316228	273.375	301.628
304	28.5285	1	399.177	1	0.761015	1	357.587	1	70.9289	1	0.01	273.644	301.983
304	28.5285	1	399.177	1	0.761015	1	357.587	1	70.9289	1	0.0316228	274.463	303.065
304	28.5285	1	399.177	1	0.761015	1	357.587	1	70.9289	1	0.1	276.786	306.13
304	28.5285	1	399.177	1	0.761015	1	357.587	1	70.9289	1	0.316228	282.362	313.626
304	28.5285	1	399.177	1	0.761015	1	357.587	1	70.9289	1	1	291.565	326.353
304	28.5285	1	399.177	1	0.761015	1	357.587	1	70.9289	1	3.16228	300.881	339.19
304	28.5285	1	399.177	1	0.761015	1	357.587	1	70.9289	1	10	308.704	347.917
304	28.5285	1	399.177	1	0.761015	1	357.587	1	70.9289	1	31.6228	317.542	355.281
304	28.5285	1	399.177	1	0.761015	1	357.587	1	70.9289	1	100	328.935	367.399
305	30.6463	1	117.715	1	1.06976	1	542.308	1	37.0515	1	0	273.249	301.462
305	30.6463	1	117.715	1	1.06976	1	542.308	1	37.0515	1	0.001	273.277	301.499
305	30.6463	1	117.715	1	1.06976	1	542.308	1	37.0515	1	0.00316228	273.338	301.579
305	30.6463	1	117.715	1	1.06976	1	542.308	1	37.0515	1	0.01	273.527	301.83
305	30.6463	1	117.715	1	1.06976	1	542.308	1	37.0515	1	0.0316228	274.111	302.602
305	30.6463	1	117.715	1	1.06976	1	542.308	1	37.0515	1	0.1	275.815	304.856
305	30.6463	1	117.715	1	1.06976	1	542.308	1	37.0515	1	0.316228	280.171	310.689
305	30.6463	1	117.715	1	1.06976	1	542.308	1	37.0515	1	1	288.31	321.876
305	30.6463	1	117.715	1	1.06976	1	542.308	1	37.0515	1	3.16228	297.384	334.644
305	30.6463	1	117.715	1	1.06976	1	542.308	1	37.0515	1	10	303.537	342.339
305	30.6463	1	117.715	1	1.06976	1	542.308	1	37.0515	1	31.6228	306.081	343.629
305	30.6463	1	117.715	1	1.06976	1	542.308	1	37.0515	1	100	300.986	340.36
306	16.006	1	728.085	1	0.762044	1	555.079	1	69.0994	1	0	273.249	301.462
306	16.006	1	728.085	1	0.762044	1	555.079	1	69.0994	1	0.001	273.29	301.514
306	16.006	1	728.085	1	0.762044	1	555.079	1	69.0994	1	0.00316228	273.376	301.628
306	16.006	1	728.085	1	0.762044	1	555.079	1	69.0994	1	0.01	273.646	301.983
306	16.006	1	728.085	1	0.762044	1	555.079	1	69.0994	1	0.0316228	274.471	303.065
306	16.006	1	728.085	1	0.762044	1	555.079	1	69.0994	1	0.1	276.812	306.133
306	16.006	1	728.085	1	0.762044	1	555.079	1	69.0994	1	0.316228	282.451	313.638
306	16.006	1	728.085	1	0.762044	1	555.079	1	69.0994	1	1	291.86	326.403
306	16.006	1	728.085	1	0.762044	1	555.079	1	69.0994	1	3.16228	301.729	339.34
306	16.006	1	728.085	1	0.762044	1	555.079	1	69.0994	1	10	310.504	348.182
306	16.006	1	728.085	1	0.762044	1	555.079	1	69.0994	1	31.6228	317.185	354.689
306	16.006	1	728.085	1	0.762044	1	555.079	1	69.0994	1	100	325.666	364.072
307	32.2783	1	343.658	1	2.13995	1	166.786	1	42.9515	1	0	273.249	301.462
307	32.2783	1	343.658	1	2.13995	1	166.786	1	42.9515	1	0.001	273.264	301.481
307	32.2783	1	343.658	1	2.13995	1	166.786	1	42.9515	1	0.00316228	273.296	301.522
307	32.2783	1	343.658	1	2.13995	1	166.786	1	42.9515	1	0.01	273.395	301.652
307	32.2783	1	343.658	1	2.13995	1	166.786	1	42.9515	1	0.0316228	273.707	302.057
307	32.2783	1	343.658	1	2.13995	1	166.786	1	42.9515	1	0.1	274.654	303.29
307	32.2783	1	343.658	1	2.13995	1	166.786	1	42.9515	1	0.316228	277.324	306.756
307	32.2783	1	343.658	1	2.13995	1	166.786	1	42.9515	1	1	283.657	315.083
307	32.2783	1	343.658	1	2.13995	1	166.786	1	42.9515	1	3.16228	294.212	329.035
307	32.2783	1	343.658	1	2.13995	1	166.786	1	42.9515	1	10	306.765	344.282
307	32.2783	1	343.658	1	2.13995	1	166.786	1	42.9515	1	31.6228	322.887	360.739
307	32.2783	1	343.658	1	2.13995	1	166.786	1	42.9515	1	100	348.262	388.334
308	17.1291	1	220.113	1	0.470318	1	168.519	1	52.0999	1	0	273.249	301.462
308	17.1291	1	220.113	1	0.470318	1	168.519	1	52.0999	1	0.001	273.314	301.547
308	17.1291	1	220.113	1	0.470318	1	168.519	1	52.0999	1	0.00316228	273.453	301.73
308	17.1291	1	220.113	1	0.470318	1	168.519	1	52.0999	1	0.01	273.883	302.299
308	17.1291	1	220.113	1	0.470318	1	168.519	1	52.0999	1	0.0316228	275.169	303.996
308	17.1291	1	220.113	1	0.470318	1	168.519	1	52.0999	1	0.1	278.638	308.606
308	17.1291	1	220.113	1	0.470318	1	168.519	1	52.0999	1	0.316228	285.931	318.502
308	17.1291	1	220.113	1	0.470318	1	168.519	1	52.0999	1	1	295.795	332.217
308	17.1291	1	220.113	1	0.470318	1	168.519	1	52.0999	1	3.16228	304.576	343.655
308	17.1291	1	220.113	1	0.470318	1	168.519	1	52.0999	1	10	313.337	351.959
308	17.1291	1	220.113	1	0.470318	1	168.519	1	52.0999	1	31.6228	324.699	362.59
308	17.1291	1	220.113	1	0.470318	1	168.519	1	52.0999	1	100	345.449	384.942
309	38.5126	1	500.03	1	2.75918	1	323.559	1	43.8535	1	0	273.249	301.462
309	38.5126	1	500.03	1	2.75918	1	323.559	1	43.8535	1	0.001	273.261	301.476
309	38.5126	1	500.03	1	2.75918	1	323.559	1	43.8535	1	0.00316228	273.285	301.508
309	38.5126	1	500.03	1	2.75918	1	323.559	1	43.8535	1	0.01	273.362	301.608
309	38.5126	1	500.03	1	2.75918	1	323.559	1	43.8535	1	0.0316228	273.603	301.922
309	38.5126	1	500.03	1	2.75918	1	323.559	1	43.8535	1	0.1	274.342	302.884
309	38.5126	1	500.03	1	2.75918	1	323.559	1	43.8535	1	0.316228	276.472	305.651
309	38.5126	1	500.03	1	2.75918	1	323.559	1	43.8535	1	1	281.782	312.612
309	38.5126	1	500.03	1	2.75918	1	323.559	1	43.8535	1	3.16228	291.355	325.305
309	38.5126	1	500.03	1	2.75918	1	323.559	1	43.8535	1	10	302.87	339.809
309	38.5126	1	500.03	1	2.75918	1	323.559	1	43.8535	1	31.6228	315.229	352.709
309	38.5126	1	500.03	1	2.75918	1	323.559	1	43.8535	1	100	330.443	369.58
310	34.8222	1	290.301	1	0.247294	1	1225.19	1	73.1412	1	0	273.249	301.462
310	34.8222	1	290.301	1	0.247294	1	1225.19	1	73.1412	1	0.001	273.371	301.623
310	34.8222	1	290.301	1	0.247294	1	1225.19	1	73.1412	1	0.00316228	273.63	301.967
310	34.8222	1	290.301	1	0.247294	1	1225.19	1	73.1412	1	0.01	274.42	303.017
310	34.8222	1	290.301	1	0.247294	1	1225.19	1	73.1412	1	0.0316228	276.664	305.999
310	34.8222	1	290.301	1	0.247294	1	1225.19	1	73.1412	1	0.1	282.054	313.315
310	34.8222	1	290.301	1	0.247294	1	1225.19	1	73.1412	1	0.316228	290.888	325.79
310	34.8222	1	290.301	1	0.247294	1	1225.19	1	73.1412	1	1	299.266	338.159
310	34.8222	1	290.301	1	0.247294	1	1225.19	1	73.1412	1	3.16228	304.325	345.298
310	34.8222	1	290.301	1	0.247294	1	1225.19	1	73.1412	1	10	307.593	348.155
310	34.8222	1	290.301	1	0.247294	1	1225.19	1	73.1412	1	31.6228	310.584	348.657
310	34.8222	1	290.301	1	0.247294	1	1225.19	1	73.1412	1	100	309.176	346.77
311	12.947	1	316.154	1	0.980303	1	317.272	1	57.2477	1	0	273.249	301.462
311	12.947	1	316.154	1	0.980303	1	317.272	1	57.2477	1	0.001	273.281	301.503
311	12.947	1	316.154	1	0.980303	1	317.272	1	57.2477	1	0.00316228	273.349	301.591
311	12.947	1	316.154	1	0.980303	1	317.272	1	57.2477	1	0.01	273.562	301.869
311	12.947	1	316.154	1	0.980303	1	317.272	1	57.2477	1	0.0316228	274.217	302.722
311	12.947	1	316.154	1	0.980303	1	317.272	1	57.2477	1	0.1	276.121	305.198
311	12.947	1	316.154	1	0.980303	1	317.272	1	57.2477	1	0.316228	280.951	311.531
311	12.947	1	316.154	1	0.980303	1	317.272	1	57.2477	1	1	289.947	323.46
311	12.947	1	316.154	1	0.980303	1	317.272	1	57.2477	1	3.16228	300.727	337.244
311	12.947	1	316.154	1	0.980303	1	317.272	1	57.2477	1	10	310.935	347.711
311	12.947	1	316.154	1	0.980303	1	317.272	1	57.2477	1	31.6228	318.608	355.915
311	12.947	1	316.154	1	0.980303	1	317.272	1	57.2477	1	100	330.222	368.736
312	41.2526	1	1053.63	1	1.04165	1	149.29	1	45.2624	1	0	273.249	301.462
312	41.2526	1	1053.63	1	1.04165	1	149.29	1	45.2624	1	0.001	273.279	301.501
312	41.2526	1	1053.63	1	1.04165	1	149.29	1	45.2624	1	0.00316228	273.343	301.585
312	41.2526	1	1053.63	1	1.04165	1	149.29	1	45.2624	1	0.01	273.543	301.848
312	41.2526	1	1053.63	1	1.04165	1	149.29	1	45.2624	1	0.0316228	274.158	302.659
312	41.2526	1	1053.63	1	1.04165	1	149.29	1	45.2624	1	0.1	275.957	305.026
312	41.2526	1	1053.63	1	1.04165	1	149.29	1	45.2624	1	0.316228	280.564	311.158
312	41.2526	1	1053.63	1	1.04165	1	149.29	1	45.2624	1	1	289.277	323.026
312	41.2526	1	1053.63	1	1.04165	1	149.29	1	45.2624	1	3.16228	299.938	337.584
312	41.2526	1	1053.63	1	1.04165	1	149.29	1	45.2624	1	10	310.914	350.632
312	41.2526	1	1053.63	1	1.04165	1	149.29	1	45.2624	1	31.6228	328.185	367.56
312	41.2526	1	1053.63	1	1.04165	1	149.29	1	45.2624	1	100	361.009	402.296
313	22.5257	1	1944.07	1	1.42353	1	161.443	1	66.0247	1	0	273.249	301.462
313	22.5257	1	1944.07	1	1.42353	1	161.443	1	66.0247	1	0.001	273.271	301.49
313	22.5257	1	1944.07	1	1.42353	1	161.443	1	66.0247	1	0.00316228	273.319	301.552
313	22.5257	1	1944.07	1	1.42353	1	161.443	1	66.0247	1	0.01	273.468	301.747
313	22.5257	1	1944.07	1	1.42353	1	161.443	1	66.0247	1	0.0316228	273.932	302.351
313	22.5257	1	1944.07	1	1.42353	1	161.443	1	66.0247	1	0.1	275.316	304.151
313	22.5257	1	1944.07	1	1.42353	1	161.443	1	66.0247	1	0.316228	279.055	309.036
313	22.5257	1	1944.07	1	1.42353	1	161.443	1	66.0247	1	1	286.98	319.495
313	22.5257	1	1944.07	1	1.42353	1	161.443	1	66.0247	1	3.16228	298.356	334.378
313	22.5257	1	1944.07	1	1.42353	1	161.443	1	66.0247	1	10	311.407	349.127
313	22.5257	1	1944.07	1	1.42353	1	161.443	1	66.0247	1	31.6228	329.079	367.073
313	22.5257	1	1944.07	1	1.42353	1	161.443	1	66.0247	1	100	360.876	401.532
314	45.8348	1	195.867	1	0.486704	1	550.548	1	43.4292	1	0	273.249	301.462
314	45.8348	1	195.867	1	0.486704	1	550.548	1	43.4292	1	0.001	273.311	301.544
314	45.8348	1	195.867	1	0.486704	1	550.548	1	43.4292	1	0.00316228	273.444	301.72
314	45.8348	1	195.867	1	0.486704	1	550.548	1	43.4292	1	0.01	273.855	302.267
314	45.8348	1	195.867	1	0.486704	1	550.548	1	43.4292	1	0.0316228	275.086	303.901
314	45.8348	1	195.867	1	0.486704	1	550.548	1	43.4292	1	0.1	278.411	308.353
314	45.8348	1	195.867	1	0.486704	1	550.548	1	43.4292	1	0.316228	285.417	317.974
314	45.8348	1	195.867	1	0.486704	1	550.548	1	43.4292	1	1	294.7	331.307
314	45.8348	1	195.867	1	0.486704	1	550.548	1	43.4292	1	3.16228	301.834	341.714
314	45.8348	1	195.867	1	0.486704	1	550.548	1	43.4292	1	10	306.045	346.707
314	45.8348	1	195.867	1	0.486704	1	550.548	1	43.4292	1	31.6228	309.338	348.324
314	45.8348	1	195.867	1	0.486704	1	550.548	1	43.4292	1	100	310.199	349.496
315	25.4071	1	813.111	1	0.923757	1	197.664	1	48.6265	1	0	273.249	301.462
315	25.4071	1	813.111	1	0.923757	1	197.664	1	48.6265	1	0.001	273.283	301.505
315	25.4071	1	813.111	1	0.923757	1	197.664	1	48.6265	1	0.00316228	273.354	301.6
315	25.4071	1	813.111	1	0.923757	1	197.664	1	48.6265	1	0.01	273.579	301.895
315	25.4071	1	813.111	1	0.923757	1	197.664	1	48.6265	1	0.0316228	274.268	302.802
315	25.4071	1	813.111	1	0.923757	1	197.664	1	48.6265	1	0.1	276.262	305.42
315	25.4071	1	813.111	1	0.923757	1	197.664	1	48.6265	1	0.316228	281.255	312.053
315	25.4071	1	813.111	1	0.923757	1	197.664	1	48.6265	1	1	290.293	324.34
315	25.4071	1	813.111	1	0.923757	1	197.664	1	48.6265	1	3.16228	300.747	338.391
315	25.4071	1	813.111	1	0.923757	1	197.664	1	48.6265	1	10	311.19	350.003
315	25.4071	1	813.111	1	0.923757	1	197.664	1	48.6265	1	31.6228	325.232	363.508
315	25.4071	1	813.111	1	0.923757	1	197.664	1	48.6265	1	100	350.233	390.251
316	30.8018	1	535.113	1	0.7294	1	518.314	1	64.5999	1	0	273.249	301.462
316	30.8018	1	535.113	1	0.7294	1	518.314	1	64.5999	1	0.001	273.291	301.517
316	30.8018	1	535.113	1	0.7294	1	518.314	1	64.5999	1	0.00316228	273.38	301.635
316	30.8018	1	535.113	1	0.7294	1	518.314	1	64.5999	1	0.01	273.66	302.005
316	30.8018	1	535.113	1	0.7294	1	518.314	1	64.5999	1	0.0316228	274.511	303.13
316	30.8018	1	535.113	1	0.7294	1	518.314	1	64.5999	1	0.1	276.914	306.304
316	30.8018	1	535.113	1	0.7294	1	518.314	1	64.5999	1	0.316228	282.622	313.997
316	30.8018	1	535.113	1	0.7294	1	518.314	1	64.5999	1	1	291.848	326.818
316	30.8018	1	535.113	1	0.7294	1	518.314	1	64.5999	1	3.16228	300.892	339.375
316	30.8018	1	535.113	1	0.7294	1	518.314	1	64.5999	1	10	308.108	347.505
316	30.8018	1	535.113	1	0.7294	1	518.314	1	64.5999	1	31.6228	315.68	353.549
316	30.8018	1	535.113	1	0.7294	1	518.314	1	64.5999	1	100	324.046	362.361
317	27.3948	1	515.607	1	1.22496	1	268.224	1	83.9712	1	0	273.249	301.462
317	27.3948	1	515.607	1	1.22496	1	268.224	1	83.9712	1	0.001	273.274	301.495
317	27.3948	1	515.607	1	1.22496	1	268.224	1	83.9712	1	0.00316228	273.329	301.566
317	27.3948	1	515.607	1	1.22496	1	268.224	1	83.9712	1	0.01	273.498	301.789
317	27.3948	1	515.607	1	1.22496	1	268.224	1	83.9712	1	0.0316228	274.024	302.478
317	27.3948	1	515.607	1	1.22496	1	268.224	1	83.9712	1	0.1	275.575	304.513
317	27.3948	1	515.607	1	1.22496	1	268.224	1	83.9712	1	0.316228	279.656	309.911
317	27.3948	1	515.607	1	1.22496	1	268.224	1	83.9712	1	1	287.794	320.858
317	27.3948	1	515.607	1	1.22496	1	268.224	1	83.9712	1	3.16228	298.267	334.98
317	27.3948	1	515.607	1	1.22496	1	268.224	1	83.9712	1	10	308.479	346.839
317	27.3948	1	515.607	1	1.22496	1	268.224	1	83.9712	1	31.6228	320.487	358.02
317	27.3948	1	515.607	1	1.22496	1	268.224	1	83.9712	1	100	337.954	376.808
318	29.4691	1	117.55	1	0.794038	1	466.563	1	59.7909	1	0	273.249	301.462
318	29.4691	1	117.55	1	0.794038	1	466.563	1	59.7909	1	0.001	273.287	301.512
318	29.4691	1	117.55	1	0.794038	1	466.563	1	59.7909	1	0.00316228	273.369	301.62
318	29.4691	1	117.55	1	0.794038	1	466.563	1	59.7909	1	0.01	273.623	301.957
318	29.4691	1	117.55	1	0.794038	1	466.563	1	59.7909	1	0.0316228	274.4	302.986
318	29.4691	1	117.55	1	0.794038	1	466.563	1	59.7909	1	0.1	276.611	305.913
318	29.4691	1	117.55	1	0.794038	1	466.563	1	59.7909	1	0.316228	281.95	313.113
318	29.4691	1	117.55	1	0.794038	1	466.563	1	59.7909	1	1	290.792	325.43
318	29.4691	1	117.55	1	0.794038	1	466.563	1	59.7909	1	3.16228	299.364	337.57
318	29.4691	1	117.55	1	0.794038	1	466.563	1	59.7909	1	10	304.873	344.063
318	29.4691	1	117.55	1	0.794038	1	466.563	1	59.7909	1	31.6228	307.853	345.278
318	29.4691	1	117.55	1	0.794038	1	466.563	1	59.7909	1	100	305.843	344.219
319	21.6558	1	234.821	1	1.62728	1	277.701	1	76.6037	1	0	273.249	301.462
319	21.6558	1	234.821	1	1.62728	1	277.701	1	76.6037	1	0.001	273.268	301.486
319	21.6558	1	234.821	1	1.62728	1	277.701	1	76.6037	1	0.00316228	273.309	301.54
319	21.6558	1	234.821	1	1.62728	1	277.701	1	76.6037	1	0.01	273.438	301.708
319	21.6558	1	234.821	1	1.62728	1	277.701	1	76.6037	1	0.0316228	273.838	302.23
319	21.6558	1	234.821	1	1.62728	1	277.701	1	76.6037	1	0.1	275.04	303.796
319	21.6558	1	234.821	1	1.62728	1	277.701	1	76.6037	1	0.316228	278.33	308.096
319	21.6558	1	234.821	1	1.62728	1	277.701	1	76.6037	1	1	285.527	317.597
319	21.6558	1	234.821	1	1.62728	1	277.701	1	76.6037	1	3.16228	296.012	331.461
319	21.6558	1	234.821	1	1.62728	1	277.701	1	76.6037	1	10	306.78	343.914
319	21.6558	1	234.821	1	1.62728	1	277.701	1	76.6037	1	31.6228	317.047	353.799
319	21.6558	1	234.821	1	1.62728	1	277.701	1	76.6037	1	100	329.452	367.561
320	33.7703	1	273.802	1	1.18551	1	487.285	1	32.8385	1	0	273.249	301.462
320	33.7703	1	273.802	1	1.18551	1	487.285	1	32.8385	1	0.001	273.275	301.495
320	33.7703	1	273.802	1	1.18551	1	487.285	1	32.8385	1	0.00316228	273.33	301.568
320	33.7703	1	273.802	1	1.18551	1	487.285	1	32.8385	1	0.01	273.504	301.797
320	33.7703	1	273.802	1	1.18551	1	487.285	1	32.8385	1	0.0316228	274.039	302.503
320	33.7703	1	273.802	1	1.18551	1	487.285	1	32.8385	1	0.1	275.615	304.582
320	33.7703	1	273.802	1	1.18551	1	487.285	1	32.8385	1	0.316228	279.727	310.058
320	33.7703	1	273.802	1	1.18551	1	487.285	1	32.8385	1	1	287.753	320.987
320	33.7703	1	273.802	1	1.18551	1	487.285	1	32.8385	1	3.16228	297.495	334.484
320	33.7703	1	273.802	1	1.18551	1	487.285	1	32.8385	1	10	305.488	344.309
320	33.7703	1	273.802	1	1.18551	1	487.285	1	32.8385	1	31.6228	311.913	349.98
320	33.7703	1	273.802	1	1.18551	1	487.285	1	32.8385	1	100	316.866	356.037
321	24.9134	1	573.429	1	0.387465	1	212.535	1	87.6834	1	0	273.249	301.462
321	24.9134	1	573.429	1	0.387465	1	212.535	1	87.6834	1	0.001	273.327	301.565
321	24.9134	1	573.429	1	0.387465	1	212.535	1	87.6834	1	0.00316228	273.495	301.787
321	24.9134	1	573.429	1	0.387465	1	212.535	1	87.6834	1	0.01	274.013	302.473
321	24.9134	1	573.429	1	0.387465	1	212.535	1	87.6834	1	0.0316228	275.54	304.495
321	24.9134	1	573.429	1	0.387465	1	212.535	1	87.6834	1	0.1	279.542	309.852
321	24.9134	1	573.429	1	0.387465	1	212.535	1	87.6834	1	0.316228	287.408	320.663
321	24.9134	1	573.429	1	0.387465	1	212.535	1	87.6834	1	1	297.031	334.323
321	24.9134	1	573.429	1	0.387465	1	212.535	1	87.6834	1	3.16228	304.824	344.774
321	24.9134	1	573.429	1	0.387465	1	212.535	1	87.6834	1	10	312.586	352.332
321	24.9134	1	573.429	1	0.387465	1	212.535	1	87.6834	1	31.6228	324.735	362.874
321	24.9134	1	573.429	1	0.387465	1	212.535	1	87.6834	1	100	346.224	385.782
322	18.1184	1	394.507	1	0.687507	1	179.627	1	72.0895	1	0	273.249	301.462
322	18.1184	1	394.507	1	0.687507	1	179.627	1	72.0895	1	0.001	273.294	301.52
322	18.1184	1	394.507	1	0.687507	1	179.627	1	72.0895	1	0.00316228	273.39	301.646
322	18.1184	1	394.507	1	0.687507	1	179.627	1	72.0895	1	0.01	273.689	302.04
322	18.1184	1	394.507	1	0.687507	1	179.627	1	72.0895	1	0.0316228	274.599	303.237
322	18.1184	1	394.507	1	0.687507	1	179.627	1	72.0895	1	0.1	277.157	306.596
322	18.1184	1	394.507	1	0.687507	1	179.627	1	72.0895	1	0.316228	283.178	314.648
322	18.1184	1	394.507	1	0.687507	1	179.627	1	72.0895	1	1	292.865	327.881
322	18.1184	1	394.507	1	0.687507	1	179.627	1	72.0895	1	3.16228	302.906	341.066
322	18.1184	1	394.507	1	0.687507	1	179.627	1	72.0895	1	10	313.03	351.367
322	18.1184	1	394.507	1	0.687507	1	179.627	1	72.0895	1	31.6228	325.95	363.896
322	18.1184	1	394.507	1	0.687507	1	179.627	1	72.0895	1	100	349.433	389.1
323	28.0428	1	1180.15	1	1.35125	1	247.877	1	18.8309	1	0	273.249	301.462
323	28.0428	1	1180.15	1	1.35125	1	247.877	1	18.8309	1	0.001	273.272	301.492
323	28.0428	1	1180.15	1	1.35125	1	247.877	1	18.8309	1	0.00316228	273.322	301.556
323	28.0428	1	1180.15	1	1.35125	1	247.877	1	18.8309	1	0.01	273.477	301.76
323	28.0428	1	1180.15	1	1.35125	1	247.877	1	18.8309	1	0.0316228	273.959	302.391
323	28.0428	1	1180.15	1	1.35125	1	247.877	1	18.8309	1	0.1	275.392	304.266
323	28.0428	1	1180.15	1	1.35125	1	247.877	1	18.8309	1	0.316228	279.22	309.309
323	28.0428	1	1180.15	1	1.35125	1	247.877	1	18.8309	1	1	287.128	319.883
323	28.0428	1	1180.15	1	1.35125	1	247.877	1	18.8309	1	3.16228	297.815	334.235
323	28.0428	1	1180.15	1	1.35125	1	247.877	1	18.8309	1	10	308.61	346.954
323	28.0428	1	1180.15	1	1.35125	1	247.877	1	18.8309	1	31.6228	320.356	359.654
323	28.0428	1	1180.15	1	1.35125	1	247.877	1	18.8309	1	100	343.374	383.549
324	20.8724	1	238.892	1	0.582925	1	173.804	1	69.4091	1	0	273.249	301.462
324	20.8724	1	238.892	1	0.582925	1	173.804	1	69.4091	1	0.001	273.302	301.53
324	20.8724	1	238.892	1	0.582925	1	173.804	1	69.4091	1	0.00316228	273.414	301.679
324	20.8724	1	238.892	1	0.582925	1	173.804	1	69.4091	1	0.01	273.763	302.14
324	20.8724	1	238.892	1	0.582925	1	173.804	1	69.4091	1	0.0316228	274.818	303.532
324	20.8724	1	238.892	1	0.582925	1	173.804	1	69.4091	1	0.1	277.737	307.396
324	20.8724	1	238.892	1	0.582925	1	173.804	1	69.4091	1	0.316228	284.286	316.235
324	20.8724	1	238.892	1	0.582925	1	173.804	1	69.4091	1	1	294.019	329.721
324	20.8724	1	238.892	1	0.582925	1	173.804	1	69.4091	1	3.16228	303.254	342.065
324	20.8724	1	238.892	1	0.582925	1	173.804	1	69.4091	1	10	312.169	351.094
324	20.8724	1	238.892	1	0.582925	1	173.804	1	69.4091	1	31.6228	324.282	362.084
324	20.8724	1	238.892	1	0.582925	1	173.804	1	69.4091	1	100	345.17	384.469
325	28.9657	1	507.554	1	1.98672	1	444.187	1	85.4427	1	0	273.249	301.462
325	28.9657	1	507.554	1	1.98672	1	444.187	1	85.4427	1	0.001	273.265	301.482
325	28.9657	1	507.554	1	1.98672	1	444.187	1	85.4427	1	0.00316228	273.299	301.526
325	28.9657	1	507.554	1	1.98672	1	444.187	1	85.4427	1	0.01	273.404	301.664
325	28.9657	1	507.554	1	1.98672	1	444.187	1	85.4427	1	0.0316228	273.734	302.094
325	28.9657	1	507.554	1	1.98672	1	444.187	1	85.4427	1	0.1	274.733	303.397
325	28.9657	1	507.554	1	1.98672	1	444.187	1	85.4427	1	0.316228	277.523	307.036
325	28.9657	1	507.554	1	1.98672	1	444.187	1	85.4427	1	1	283.971	315.553
325	28.9657	1	507.554	1	1.98672	1	444.187	1	85.4427	1	3.16228	294.105	329.051
325	28.9657	1	507.554	1	1.98672	1	444.187	1	85.4427	1	10	304.837	342.104
325	28.9657	1	507.554	1	1.98672	1	444.187	1	85.4427	1	31.6228	315.251	352.143
325	28.9657	1	507.554	1	1.98672	1	444.187	1	85.4427	1	100	325.986	363.96
326	23.0544	1	188.373	1	0.816648	1	463.094	1	78.2196	1	0	273.249	301.462
326	23.0544	1	188.373	1	0.816648	1	463.094	1	78.2196	1	0.001	273.286	301.51
326	23.0544	1	188.373	1	0.816648	1	463.094	1	78.2196	1	0.00316228	273.366	301.616
326	23.0544	1	188.373	1	0.816648	1	463.094	1	78.2196	1	0.01	273.616	301.946
326	23.0544	1	188.373	1	0.816648	1	463.094	1	78.2196	1	0.0316228	274.379	302.953
326	23.0544	1	188.373	1	0.816648	1	463.094	1	78.2196	1	0.1	276.559	305.827
326	23.0544	1	188.373	1	0.816648	1	463.094	1	78.2196	1	0.316228	281.869	312.939
326	23.0544	1	188.373	1	0.816648	1	463.094	1	78.2196	1	1	290.864	325.315
326	23.0544	1	188.373	1	0.816648	1	463.094	1	78.2196	1	3.16228	300.087	337.966
326	23.0544	1	188.373	1	0.816648	1	463.094	1	78.2196	1	10	307.265	345.787
326	23.0544	1	188.373	1	0.816648	1	463.094	1	78.2196	1	31.6228	312.699	349.645
326	23.0544	1	188.373	1	0.816648	1	463.094	1	78.2196	1	100	315.828	353.325
327	30.3206	1	644.784	1	1.30423	1	518.211	1	54.3336	1	0	273.249	301.462
327	30.3206	1	644.784	1	1.30423	1	518.211	1	54.3336	1	0.001	273.273	301.492
327	30.3206	1	644.784	1	1.30423	1	518.211	1	54.3336	1	0.00316228	273.323	301.559
327	30.3206	1	644.784	1	1.30423	1	518.211	1	54.3336	1	0.01	273.482	301.768
327	30.3206	1	644.784	1	1.30423	1	518.211	1	54.3336	1	0.0316228	273.974	302.415
327	30.3206	1	644.784	1	1.30423	1	518.211	1	54.3336	1	0.1	275.433	304.331
327	30.3206	1	644.784	1	1.30423	1	518.211	1	54.3336	1	0.316228	279.301	309.452
327	30.3206	1	644.784	1	1.30423	1	518.211	1	54.3336	1	1	287.135	320.009
327	30.3206	1	644.784	1	1.30423	1	518.211	1	54.3336	1	3.16228	297.285	333.833
327	30.3206	1	644.784	1	1.30423	1	518.211	1	54.3336	1	10	306.507	344.881
327	30.3206	1	644.784	1	1.30423	1	518.211	1	54.3336	1	31.6228	315.296	352.924
327	30.3206	1	644.784	1	1.30423	1	518.211	1	54.3336	1	100	324.84	363.231
328	28.1162	1	678.676	1	0.900733	1	539.718	1	85.5001	1	0	273.249	301.462
328	28.1162	1	678.676	1	0.900733	1	539.718	1	85.5001	1	0.001	273.283	301.506
328	28.1162	1	678.676	1	0.900733	1	539.718	1	85.5001	1	0.00316228	273.356	301.602
328	28.1162	1	678.676	1	0.900733	1	539.718	1	85.5001	1	0.01	273.584	301.903
328	28.1162	1	678.676	1	0.900733	1	539.718	1	85.5001	1	0.0316228	274.283	302.825
328	28.1162	1	678.676	1	0.900733	1	539.718	1	85.5001	1	0.1	276.298	305.48
328	28.1162	1	678.676	1	0.900733	1	539.718	1	85.5001	1	0.316228	281.306	312.166
328	28.1162	1	678.676	1	0.900733	1	539.718	1	85.5001	1	1	290.171	324.326
328	28.1162	1	678.676	1	0.900733	1	539.718	1	85.5001	1	3.16228	299.832	337.584
328	28.1162	1	678.676	1	0.900733	1	539.718	1	85.5001	1	10	307.99	346.859
328	28.1162	1	678.676	1	0.900733	1	539.718	1	85.5001	1	31.6228	316.231	353.778
328	28.1162	1	678.676	1	0.900733	1	539.718	1	85.5001	1	100	325.199	363.408
329	15.1396	1	1194.88	1	1.34824	1	313.934	1	66.2661	1	0	273.249	301.462
329	15.1396	1	1194.88	1	1.34824	1	313.934	1	66.2661	1	0.001	273.273	301.492
329	15.1396	1	1194.88	1	1.34824	1	313.934	1	66.2661	1	0.00316228	273.323	301.557
329	15.1396	1	1194.88	1	1.34824	1	313.934	1	66.2661	1	0.01	273.48	301.761
329	15.1396	1	1194.88	1	1.34824	1	313.934	1	66.2661	1	0.0316228	273.967	302.392
329	15.1396	1	1194.88	1	1.34824	1	313.934	1	66.2661	1	0.1	275.417	304.269
329	15.1396	1	1194.88	1	1.34824	1	313.934	1	66.2661	1	0.316228	279.3	309.316
329	15.1396	1	1194.88	1	1.34824	1	313.934	1	66.2661	1	1	287.384	319.887
329	15.1396	1	1194.88	1	1.34824	1	313.934	1	66.2661	1	3.16228	298.592	334.261
329	15.1396	1	1194.88	1	1.34824	1	313.934	1	66.2661	1	10	310.364	347.012
329	15.1396	1	1194.88	1	1.34824	1	313.934	1	66.2661	1	31.6228	321.146	358.631
329	15.1396	1	1194.88	1	1.34824	1	313.934	1	66.2661	1	100	338.56	377.811
330	19.3987	1	411.037	1	0.906444	1	252.797	1	83.401	1	0	273.249	301.462
330	19.3987	1	411.037	1	0.906444	1	252.797	1	83.401	1	0.001	273.283	301.506
330	19.3987	1	411.037	1	0.906444	1	252.797	1	83.401	1	0.00316228	273.356	301.602
330	19.3987	1	411.037	1	0.906444	1	252.797	1	83.401	1	0.01	273.584	301.902
330	19.3987	1	411.037	1	0.906444	1	252.797	1	83.401	1	0.0316228	274.285	302.821
330	19.3987	1	411.037	1	0.906444	1	252.797	1	83.401	1	0.1	276.308	305.473
330	19.3987	1	411.037	1	0.906444	1	252.797	1	83.401	1	0.316228	281.357	312.165
330	19.3987	1	411.037	1	0.906444	1	252.797	1	83.401	1	1	290.421	324.427
330	19.3987	1	411.037	1	0.906444	1	252.797	1	83.401	1	3.16228	300.752	338.13
330	19.3987	1	411.037	1	0.906444	1	252.797	1	83.401	1	10	310.67	348.711
330	19.3987	1	411.037	1	0.906444	1	252.797	1	83.401	1	31.6228	321.423	358.95
330	19.3987	1	411.037	1	0.906444	1	252.797	1	83.401	1	100	338.433	377.341
331	18.3472	1	491.942	1	1.27314	1	279.821	1	125.265	1	0	273.249	301.462
331	18.3472	1	491.942	1	1.27314	1	279.821	1	125.265	1	0.001	273.274	301.493
331	18.3472	1	491.942	1	1.27314	1	279.821	1	125.265	1	0.00316228	273.326	301.562
331	18.3472	1	491.942	1	1.27314	1	279.821	1	125.265	1	0.01	273.491	301.777
331	18.3472	1	491.942	1	1.27314	1	279.821	1	125.265	1	0.0316228	274.001	302.442
331	18.3472	1	491.942	1	1.27314	1	279.821	1	125.265	1	0.1	275.512	304.41
331	18.3472	1	491.942	1	1.27314	1	279.821	1	125.265	1	0.316228	279.52	309.662
331	18.3472	1	491.942	1	1.27314	1	279.821	1	125.265	1	1	287.665	320.446
331	18.3472	1	491.942	1	1.27314	1	279.821	1	125.265	1	3.16228	298.525	334.664
331	18.3472	1	491.942	1	1.27314	1	279.821	1	125.265	1	10	309.586	346.827
331	18.3472	1	491.942	1	1.27314	1	279.821	1	125.265	1	31.6228	320.549	357.799
331	18.3472	1	491.942	1	1.27314	1	279.821	1	125.265	1	100	336.938	375.639
332	16.8869	1	428.07	1	1.55583	1	211.529	1	64.5018	1	0	273.249	301.462
332	16.8869	1	428.07	1	1.55583	1	211.529	1	64.5018	1	0.001	273.27	301.488
332	16.8869	1	428.07	1	1.55583	1	211.529	1	64.5018	1	0.00316228	273.313	301.544
332	16.8869	1	428.07	1	1.55583	1	211.529	1	64.5018	1	0.01	273.45	301.721
332	16.8869	1	428.07	1	1.55583	1	211.529	1	64.5018	1	0.0316228	273.875	302.272
332	16.8869	1	428.07	1	1.55583	1	211.529	1	64.5018	1	0.1	275.151	303.922
332	16.8869	1	428.07	1	1.55583	1	211.529	1	64.5018	1	0.316228	278.635	308.438
332	16.8869	1	428.07	1	1.55583	1	211.529	1	64.5018	1	1	286.224	318.335
332	16.8869	1	428.07	1	1.55583	1	211.529	1	64.5018	1	3.16228	297.44	332.769
332	16.8869	1	428.07	1	1.55583	1	211.529	1	64.5018	1	10	309.882	346.556
332	16.8869	1	428.07	1	1.55583	1	211.529	1	64.5018	1	31.6228	322.859	360.145
332	16.8869	1	428.07	1	1.55583	1	211.529	1	64.5018	1	100	343.914	383.129
333	31.3745	1	530.034	1	1.19817	1	603.562	1	103.93	1	0	273.249	301.462
333	31.3745	1	530.034	1	1.19817	1	603.562	1	103.93	1	0.001	273.275	301.495
333	31.3745	1	530.034	1	1.19817	1	603.562	1	103.93	1	0.00316228	273.33	301.567
333	31.3745	1	530.034	1	1.19817	1	603.562	1	103.93	1	0.01	273.502	301.794
333	31.3745	1	530.034	1	1.19817	1	603.562	1	103.93	1	0.0316228	274.034	302.495
333	31.3745	1	530.034	1	1.19817	1	603.562	1	103.93	1	0.1	275.601	304.557
333	31.3745	1	530.034	1	1.19817	1	603.562	1	103.93	1	0.316228	279.7	310.004
333	31.3745	1	530.034	1	1.19817	1	603.562	1	103.93	1	1	287.753	320.922
333	31.3745	1	530.034	1	1.19817	1	603.562	1	103.93	1	3.16228	297.703	334.569
333	31.3745	1	530.034	1	1.19817	1	603.562	1	103.93	1	10	306.327	344.903
333	31.3745	1	530.034	1	1.19817	1	603.562	1	103.93	1	31.6228	314.533	351.883
333	31.3745	1	530.034	1	1.19817	1	603.562	1	103.93	1	100	321.848	359.658
334	19.3588	1	256.02	1	1.40618	1	257.287	1	79.3532	1	0	273.249	301.462
334	19.3588	1	256.02	1	1.40618	1	257.287	1	79.3532	1	0.001	273.271	301.49
334	19.3588	1	256.02	1	1.40618	1	257.287	1	79.3532	1	0.00316228	273.319	301.552
334	19.3588	1	256.02	1	1.40618	1	257.287	1	79.3532	1	0.01	273.468	301.746
334	19.3588	1	256.02	1	1.40618	1	257.287	1	79.3532	1	0.0316228	273.93	302.349
334	19.3588	1	256.02	1	1.40618	1	257.287	1	79.3532	1	0.1	275.306	304.142
334	19.3588	1	256.02	1	1.40618	1	257.287	1	79.3532	1	0.316228	279.007	308.988
334	19.3588	1	256.02	1	1.40618	1	257.287	1	79.3532	1	1	286.761	319.248
334	19.3588	1	256.02	1	1.40618	1	257.287	1	79.3532	1	3.16228	297.449	333.301
334	19.3588	1	256.02	1	1.40618	1	257.287	1	79.3532	1	10	308.274	345.455
334	19.3588	1	256.02	1	1.40618	1	257.287	1	79.3532	1	31.6228	318.698	355.648
334	19.3588	1	256.02	1	1.40618	1	257.287	1	79.3532	1	100	332.866	371.238
335	44.3534	1	291.416	1	0.741741	1	265.219	1	38.5996	1	0	273.249	301.462
335	44.3534	1	291.416	1	0.741741	1	265.219	1	38.5996	1	0.001	273.29	301.516
335	44.3534	1	291.416	1	0.741741	1	265.219	1	38.5996	1	0.00316228	273.378	301.632
335	44.3534	1	291.416	1	0.741741	1	265.219	1	38.5996	1	0.01	273.653	301.996
335	44.3534	1	291.416	1	0.741741	1	265.219	1	38.5996	1	0.0316228	274.489	303.104
335	44.3534	1	291.416	1	0.741741	1	265.219	1	38.5996	1	0.1	276.855	306.236
335	44.3534	1	291.416	1	0.741741	1	265.219	1	38.5996	1	0.316228	282.494	313.856
335	44.3534	1	291.416	1	0.741741	1	265.219	1	38.5996	1	1	291.656	326.663
335	44.3534	1	291.416	1	0.741741	1	265.219	1	38.5996	1	3.16228	300.673	339.419
335	44.3534	1	291.416	1	0.741741	1	265.219	1	38.5996	1	10	307.843	348.068
335	44.3534	1	291.416	1	0.741741	1	265.219	1	38.5996	1	31.6228	316.757	355.928
335	44.3534	1	291.416	1	0.741741	1	265.219	1	38.5996	1	100	330.34	370.71
336	33.3465	1	134.95	1	1.3889	1	872.648	1	68.7585	1	0	273.249	301.462
336	33.3465	1	134.95	1	1.3889	1	872.648	1	68.7585	1	0.001	273.271	301.49
336	33.3465	1	134.95	1	1.3889	1	872.648	1	68.7585	1	0.00316228	273.317	301.552
336	33.3465	1	134.95	1	1.3889	1	872.648	1	68.7585	1	0.01	273.464	301.745
336	33.3465	1	134.95	1	1.3889	1	872.648	1	68.7585	1	0.0316228	273.916	302.344
336	33.3465	1	134.95	1	1.3889	1	872.648	1	68.7585	1	0.1	275.262	304.122
336	33.3465	1	134.95	1	1.3889	1	872.648	1	68.7585	1	0.316228	278.849	308.902
336	33.3465	1	134.95	1	1.3889	1	872.648	1	68.7585	1	1	286.18	318.875
336	33.3465	1	134.95	1	1.3889	1	872.648	1	68.7585	1	3.16228	295.447	331.824
336	33.3465	1	134.95	1	1.3889	1	872.648	1	68.7585	1	10	302.286	340.642
336	33.3465	1	134.95	1	1.3889	1	872.648	1	68.7585	1	31.6228	305.196	342.358
336	33.3465	1	134.95	1	1.3889	1	872.648	1	68.7585	1	100	300.513	337.888
337	37.3848	1	1140.13	1	2.00495	1	92.9892	1	52.03	1	0	273.249	301.462
337	37.3848	1	1140.13	1	2.00495	1	92.9892	1	52.03	1	0.001	273.265	301.482
337	37.3848	1	1140.13	1	2.00495	1	92.9892	1	52.03	1	0.00316228	273.3	301.527
337	37.3848	1	1140.13	1	2.00495	1	92.9892	1	52.03	1	0.01	273.409	301.669
337	37.3848	1	1140.13	1	2.00495	1	92.9892	1	52.03	1	0.0316228	273.75	302.112
337	37.3848	1	1140.13	1	2.00495	1	92.9892	1	52.03	1	0.1	274.785	303.454
337	37.3848	1	1140.13	1	2.00495	1	92.9892	1	52.03	1	0.316228	277.697	307.226
337	37.3848	1	1140.13	1	2.00495	1	92.9892	1	52.03	1	1	284.558	316.213
337	37.3848	1	1140.13	1	2.00495	1	92.9892	1	52.03	1	3.16228	296.199	331.434
337	37.3848	1	1140.13	1	2.00495	1	92.9892	1	52.03	1	10	311.844	350.085
337	37.3848	1	1140.13	1	2.00495	1	92.9892	1	52.03	1	31.6228	337.345	376.367
337	37.3848	1	1140.13	1	2.00495	1	92.9892	1	52.03	1	100	385.117	427.22
338	20.1061	1	421.633	1	1.53657	1	189.581	1	38.9189	1	0	273.249	301.462
338	20.1061	1	421.633	1	1.53657	1	189.581	1	38.9189	1	0.001	273.27	301.488
338	20.1061	1	421.633	1	1.53657	1	189.581	1	38.9189	1	0.00316228	273.314	301.545
338	20.1061	1	421.633	1	1.53657	1	189.581	1	38.9189	1	0.01	273.452	301.725
338	20.1061	1	421.633	1	1.53657	1	189.581	1	38.9189	1	0.0316228	273.881	302.283
338	20.1061	1	421.633	1	1.53657	1	189.581	1	38.9189	1	0.1	275.168	303.953
338	20.1061	1	421.633	1	1.53657	1	189.581	1	38.9189	1	0.316228	278.673	308.52
338	20.1061	1	421.633	1	1.53657	1	189.581	1	38.9189	1	1	286.266	318.497
338	20.1061	1	421.633	1	1.53657	1	189.581	1	38.9189	1	3.16228	297.379	332.992
338	20.1061	1	421.633	1	1.53657	1	189.581	1	38.9189	1	10	309.672	346.909
338	20.1061	1	421.633	1	1.53657	1	189.581	1	38.9189	1	31.6228	323.694	361.393
338	20.1061	1	421.633	1	1.53657	1	189.581	1	38.9189	1	100	347.228	386.811
339	25.9677	1	507.3	1	1.19959	1	212.016	1	61.9948	1	0	273.249	301.462
339	25.9677	1	507.3	1	1.19959	1	212.016	1	61.9948	1	0.001	273.275	301.495
339	25.9677	1	507.3	1	1.19959	1	212.016	1	61.9948	1	0.00316228	273.331	301.568
339	25.9677	1	507.3	1	1.19959	1	212.016	1	61.9948	1	0.01	273.505	301.796
339	25.9677	1	507.3	1	1.19959	1	212.016	1	61.9948	1	0.0316228	274.042	302.502
339	25.9677	1	507.3	1	1.19959	1	212.016	1	61.9948	1	0.1	275.629	304.581
339	25.9677	1	507.3	1	1.19959	1	212.016	1	61.9948	1	0.316228	279.794	310.083
339	25.9677	1	507.3	1	1.19959	1	212.016	1	61.9948	1	1	288.068	321.193
339	25.9677	1	507.3	1	1.19959	1	212.016	1	61.9948	1	3.16228	298.75	335.51
339	25.9677	1	507.3	1	1.19959	1	212.016	1	61.9948	1	10	309.563	347.91
339	25.9677	1	507.3	1	1.19959	1	212.016	1	61.9948	1	31.6228	323.083	360.83
339	25.9677	1	507.3	1	1.19959	1	212.016	1	61.9948	1	100	344.802	384.211
340	30.9744	1	386.938	1	1.06208	1	206.823	1	49.1137	1	0	273.249	301.462
340	30.9744	1	386.938	1	1.06208	1	206.823	1	49.1137	1	0.001	273.278	301.5
340	30.9744	1	386.938	1	1.06208	1	206.823	1	49.1137	1	0.00316228	273.34	301.581
340	30.9744	1	386.938	1	1.06208	1	206.823	1	49.1137	1	0.01	273.535	301.838
340	30.9744	1	386.938	1	1.06208	1	206.823	1	49.1137	1	0.0316228	274.137	302.63
340	30.9744	1	386.938	1	1.06208	1	206.823	1	49.1137	1	0.1	275.894	304.941
340	30.9744	1	386.938	1	1.06208	1	206.823	1	49.1137	1	0.316228	280.405	310.939
340	30.9744	1	386.938	1	1.06208	1	206.823	1	49.1137	1	1	288.961	322.564
340	30.9744	1	386.938	1	1.06208	1	206.823	1	49.1137	1	3.16228	299.292	336.629
340	30.9744	1	386.938	1	1.06208	1	206.823	1	49.1137	1	10	309.185	348.188
340	30.9744	1	386.938	1	1.06208	1	206.823	1	49.1137	1	31.6228	321.967	360.193
340	30.9744	1	386.938	1	1.06208	1	206.823	1	49.1137	1	100	342.768	382.451
341	23.4788	1	537.822	1	1.7383	1	494.622	1	83.6396	1	0	273.249	301.462
341	23.4788	1	537.822	1	1.7383	1	494.622	1	83.6396	1	0.001	273.267	301.485
341	23.4788	1	537.822	1	1.7383	1	494.622	1	83.6396	1	0.00316228	273.306	301.535
341	23.4788	1	537.822	1	1.7383	1	494.622	1	83.6396	1	0.01	273.426	301.692
341	23.4788	1	537.822	1	1.7383	1	494.622	1	83.6396	1	0.0316228	273.802	302.183
341	23.4788	1	537.822	1	1.7383	1	494.622	1	83.6396	1	0.1	274.935	303.658
341	23.4788	1	537.822	1	1.7383	1	494.622	1	83.6396	1	0.316228	278.059	307.734
341	23.4788	1	537.822	1	1.7383	1	494.622	1	83.6396	1	1	285.015	316.911
341	23.4788	1	537.822	1	1.7383	1	494.622	1	83.6396	1	3.16228	295.391	330.65
341	23.4788	1	537.822	1	1.7383	1	494.622	1	83.6396	1	10	306.043	343.159
341	23.4788	1	537.822	1	1.7383	1	494.622	1	83.6396	1	31.6228	315.562	352.344
341	23.4788	1	537.822	1	1.7383	1	494.622	1	83.6396	1	100	324.943	362.921
342	39.1945	1	474.119	1	1.94828	1	205.821	1	42.3889	1	0	273.249	301.462
342	39.1945	1	474.119	1	1.94828	1	205.821	1	42.3889	1	0.001	273.265	301.482
342	39.1945	1	474.119	1	1.94828	1	205.821	1	42.3889	1	0.00316228	273.3	301.528
342	39.1945	1	474.119	1	1.94828	1	205.821	1	42.3889	1	0.01	273.408	301.67
342	39.1945	1	474.119	1	1.94828	1	205.821	1	42.3889	1	0.0316228	273.746	302.112
342	39.1945	1	474.119	1	1.94828	1	205.821	1	42.3889	1	0.1	274.77	303.452
342	39.1945	1	474.119	1	1.94828	1	205.821	1	42.3889	1	0.316228	277.63	307.194
342	39.1945	1	474.119	1	1.94828	1	205.821	1	42.3889	1	1	284.216	315.94
342	39.1945	1	474.119	1	1.94828	1	205.821	1	42.3889	1	3.16228	294.639	329.927
342	39.1945	1	474.119	1	1.94828	1	205.821	1	42.3889	1	10	306.236	344.328
342	39.1945	1	474.119	1	1.94828	1	205.821	1	42.3889	1	31.6228	320.618	358.89
342	39.1945	1	474.119	1	1.94828	1	205.821	1	42.3889	1	100	343.169	383.319
343	20.1377	1	338.716	1	0.400078	1	253.763	1	174.811	1	0	273.249	301.462
343	20.1377	1	338.716	1	0.400078	1	253.763	1	174.811	1	0.001	273.325	301.562
343	20.1377	1	338.716	1	0.400078	1	253.763	1	174.811	1	0.00316228	273.487	301.776
343	20.1377	1	338.716	1	0.400078	1	253.763	1	174.811	1	0.01	273.989	302.441
343	20.1377	1	338.716	1	0.400078	1	253.763	1	174.811	1	0.0316228	275.472	304.403
343	20.1377	1	338.716	1	0.400078	1	253.763	1	174.811	1	0.1	279.379	309.624
343	20.1377	1	338.716	1	0.400078	1	253.763	1	174.811	1	0.316228	287.142	320.258
343	20.1377	1	338.716	1	0.400078	1	253.763	1	174.811	1	1	296.785	333.869
343	20.1377	1	338.716	1	0.400078	1	253.763	1	174.811	1	3.16228	304.614	344.228
343	20.1377	1	338.716	1	0.400078	1	253.763	1	174.811	1	10	312.041	351.114
343	20.1377	1	338.716	1	0.400078	1	253.763	1	174.811	1	31.6228	321.378	359.072
343	20.1377	1	338.716	1	0.400078	1	253.763	1	174.811	1	100	336.862	375.547
344	23.0722	1	424.244	1	1.29115	1	427.633	1	59.5406	1	0	273.249	301.462
344	23.0722	1	424.244	1	1.29115	1	427.633	1	59.5406	1	0.001	273.273	301.493
344	23.0722	1	424.244	1	1.29115	1	427.633	1	59.5406	1	0.00316228	273.324	301.56
344	23.0722	1	424.244	1	1.29115	1	427.633	1	59.5406	1	0.01	273.485	301.771
344	23.0722	1	424.244	1	1.29115	1	427.633	1	59.5406	1	0.0316228	273.984	302.425
344	23.0722	1	424.244	1	1.29115	1	427.633	1	59.5406	1	0.1	275.462	304.358
344	23.0722	1	424.244	1	1.29115	1	427.633	1	59.5406	1	0.316228	279.378	309.522
344	23.0722	1	424.244	1	1.29115	1	427.633	1	59.5406	1	1	287.315	320.137
344	23.0722	1	424.244	1	1.29115	1	427.633	1	59.5406	1	3.16228	297.665	334.008
344	23.0722	1	424.244	1	1.29115	1	427.633	1	59.5406	1	10	307.396	345.167
344	23.0722	1	424.244	1	1.29115	1	427.633	1	59.5406	1	31.6228	316.177	353.349
344	23.0722	1	424.244	1	1.29115	1	427.633	1	59.5406	1	100	325.767	363.924
345	18.5525	1	197.687	1	1.59028	1	176.182	1	50.4715	1	0	273.249	301.462
345	18.5525	1	197.687	1	1.59028	1	176.182	1	50.4715	1	0.001	273.269	301.487
345	18.5525	1	197.687	1	1.59028	1	176.182	1	50.4715	1	0.00316228	273.311	301.542
345	18.5525	1	197.687	1	1.59028	1	176.182	1	50.4715	1	0.01	273.444	301.715
345	18.5525	1	197.687	1	1.59028	1	176.182	1	50.4715	1	0.0316228	273.857	302.252
345	18.5525	1	197.687	1	1.59028	1	176.182	1	50.4715	1	0.1	275.098	303.861
345	18.5525	1	197.687	1	1.59028	1	176.182	1	50.4715	1	0.316228	278.491	308.275
345	18.5525	1	197.687	1	1.59028	1	176.182	1	50.4715	1	1	285.909	318
345	18.5525	1	197.687	1	1.59028	1	176.182	1	50.4715	1	3.16228	296.867	332.256
345	18.5525	1	197.687	1	1.59028	1	176.182	1	50.4715	1	10	308.816	345.719
345	18.5525	1	197.687	1	1.59028	1	176.182	1	50.4715	1	31.6228	321.688	358.739
345	18.5525	1	197.687	1	1.59028	1	176.182	1	50.4715	1	100	341.372	380.488
346	21.5951	1	402.779	1	0.739183	1	637.413	1	68.1264	1	0	273.249	301.462
346	21.5951	1	402.779	1	0.739183	1	637.413	1	68.1264	1	0.001	273.291	301.516
346	21.5951	1	402.779	1	0.739183	1	637.413	1	68.1264	1	0.00316228	273.379	301.632
346	21.5951	1	402.779	1	0.739183	1	637.413	1	68.1264	1	0.01	273.655	301.997
346	21.5951	1	402.779	1	0.739183	1	637.413	1	68.1264	1	0.0316228	274.498	303.108
346	21.5951	1	402.779	1	0.739183	1	637.413	1	68.1264	1	0.1	276.88	306.245
346	21.5951	1	402.779	1	0.739183	1	637.413	1	68.1264	1	0.316228	282.564	313.868
346	21.5951	1	402.779	1	0.739183	1	637.413	1	68.1264	1	1	291.837	326.633
346	21.5951	1	402.779	1	0.739183	1	637.413	1	68.1264	1	3.16228	301.084	339.176
346	21.5951	1	402.779	1	0.739183	1	637.413	1	68.1264	1	10	308.637	347.129
346	21.5951	1	402.779	1	0.739183	1	637.413	1	68.1264	1	31.6228	314.749	352.035
346	21.5951	1	402.779	1	0.739183	1	637.413	1	68.1264	1	100	319.474	357.306
347	17.4406	1	817.303	1	1.06103	1	341.968	1	75.1782	1	0	273.249	301.462
347	17.4406	1	817.303	1	1.06103	1	341.968	1	75.1782	1	0.001	273.278	301.5
347	17.4406	1	817.303	1	1.06103	1	341.968	1	75.1782	1	0.00316228	273.341	301.582
347	17.4406	1	817.303	1	1.06103	1	341.968	1	75.1782	1	0.01	273.538	301.839
347	17.4406	1	817.303	1	1.06103	1	341.968	1	75.1782	1	0.0316228	274.144	302.631
347	17.4406	1	817.303	1	1.06103	1	341.968	1	75.1782	1	0.1	275.917	304.945
347	17.4406	1	817.303	1	1.06103	1	341.968	1	75.1782	1	0.316228	280.476	310.946
347	17.4406	1	817.303	1	1.06103	1	341.968	1	75.1782	1	1	289.178	322.564
347	17.4406	1	817.303	1	1.06103	1	341.968	1	75.1782	1	3.16228	299.857	336.548
347	17.4406	1	817.303	1	1.06103	1	341.968	1	75.1782	1	10	310.29	347.747
347	17.4406	1	817.303	1	1.06103	1	341.968	1	75.1782	1	31.6228	320.121	357.64
347	17.4406	1	817.303	1	1.06103	1	341.968	1	75.1782	1	100	335.108	374.042
348	13.0658	1	277.991	1	0.571963	1	41.5227	1	46.2083	1	0	273.249	301.462
348	13.0658	1	277.991	1	0.571963	1	41.5227	1	46.2083	1	0.001	273.304	301.533
348	13.0658	1	277.991	1	0.571963	1	41.5227	1	46.2083	1	0.00316228	273.422	301.688
348	13.0658	1	277.991	1	0.571963	1	41.5227	1	46.2083	1	0.01	273.79	302.169
348	13.0658	1	277.991	1	0.571963	1	41.5227	1	46.2083	1	0.0316228	274.902	303.62
348	13.0658	1	277.991	1	0.571963	1	41.5227	1	46.2083	1	0.1	277.989	307.659
348	13.0658	1	277.991	1	0.571963	1	41.5227	1	46.2083	1	0.316228	284.998	316.949
348	13.0658	1	277.991	1	0.571963	1	41.5227	1	46.2083	1	1	296.07	331.7
348	13.0658	1	277.991	1	0.571963	1	41.5227	1	46.2083	1	3.16228	309.351	347.854
348	13.0658	1	277.991	1	0.571963	1	41.5227	1	46.2083	1	10	329.628	368.205
348	13.0658	1	277.991	1	0.571963	1	41.5227	1	46.2083	1	31.6228	366.109	406.543
348	13.0658	1	277.991	1	0.571963	1	41.5227	1	46.2083	1	100	437.408	482.294
349	14.3369	1	244.541	1	1.06001	1	304.485	1	83.1869	1	0	273.249	301.462
349	14.3369	1	244.541	1	1.06001	1	304.485	1	83.1869	1	0.001	273.278	301.5
349	14.3369	1	244.541	1	1.06001	1	304.485	1	83.1869	1	0.00316228	273.341	301.581
349	14.3369	1	244.541	1	1.06001	1	304.485	1	83.1869	1	0.01	273.538	301.838
349	14.3369	1	244.541	1	1.06001	1	304.485	1	83.1869	1	0.0316228	274.144	302.628
349	14.3369	1	244.541	1	1.06001	1	304.485	1	83.1869	1	0.1	275.916	304.935
349	14.3369	1	244.541	1	1.06001	1	304.485	1	83.1869	1	0.316228	280.473	310.916
349	14.3369	1	244.541	1	1.06001	1	304.485	1	83.1869	1	1	289.177	322.47
349	14.3369	1	244.541	1	1.06001	1	304.485	1	83.1869	1	3.16228	299.84	336.255
349	14.3369	1	244.541	1	1.06001	1	304.485	1	83.1869	1	10	309.945	346.821
349	14.3369	1	244.541	1	1.06001	1	304.485	1	83.1869	1	31.6228	317.67	354.727
349	14.3369	1	244.541	1	1.06001	1	304.485	1	83.1869	1	100	328.316	366.504
350	28.1742	1	92.2656	1	0.66759	1	285.753	1	75.822	1	0	273.249	301.462
350	28.1742	1	92.2656	1	0.66759	1	285.753	1	75.822	1	0.001	273.294	301.521
350	28.1742	1	92.2656	1	0.66759	1	285.753	1	75.822	1	0.00316228	273.391	301.649
350	28.1742	1	92.2656	1	0.66759	1	285.753	1	75.822	1	0.01	273.692	302.049
350	28.1742	1	92.2656	1	0.66759	1	285.753	1	75.822	1	0.0316228	274.607	303.262
350	28.1742	1	92.2656	1	0.66759	1	285.753	1	75.822	1	0.1	277.165	306.656
350	28.1742	1	92.2656	1	0.66759	1	285.753	1	75.822	1	0.316228	283.092	314.693
350	28.1742	1	92.2656	1	0.66759	1	285.753	1	75.822	1	1	292.202	327.494
350	28.1742	1	92.2656	1	0.66759	1	285.753	1	75.822	1	3.16228	300.353	339.061
350	28.1742	1	92.2656	1	0.66759	1	285.753	1	75.822	1	10	305.546	344.956
350	28.1742	1	92.2656	1	0.66759	1	285.753	1	75.822	1	31.6228	309.514	347.03
350	28.1742	1	92.2656	1	0.66759	1	285.753	1	75.822	1	100	310.584	349.291
351	22.2985	1	359.1	1	0.768056	1	1971.4	1	87.7298	1	0	273.249	301.462
351	22.2985	1	359.1	1	0.768056	1	1971.4	1	87.7298	1	0.001	273.289	301.514
351	22.2985	1	359.1	1	0.768056	1	1971.4	1	87.7298	1	0.00316228	273.374	301.626
351	22.2985	1	359.1	1	0.768056	1	1971.4	1	87.7298	1	0.01	273.639	301.976
351	22.2985	1	359.1	1	0.768056	1	1971.4	1	87.7298	1	0.0316228	274.449	303.045
351	22.2985	1	359.1	1	0.768056	1	1971.4	1	87.7298	1	0.1	276.749	306.075
351	22.2985	1	359.1	1	0.768056	1	1971.4	1	87.7298	1	0.316228	282.275	313.487
351	22.2985	1	359.1	1	0.768056	1	1971.4	1	87.7298	1	1	291.395	326.05
351	22.2985	1	359.1	1	0.768056	1	1971.4	1	87.7298	1	3.16228	300.463	338.457
351	22.2985	1	359.1	1	0.768056	1	1971.4	1	87.7298	1	10	307.288	345.73
351	22.2985	1	359.1	1	0.768056	1	1971.4	1	87.7298	1	31.6228	311.303	348.271
351	22.2985	1	359.1	1	0.768056	1	1971.4	1	87.7298	1	100	309.341	346.431
352	33.6648	1	238.826	1	1.24847	1	202.88	1	55.4649	1	0	273.249	301.462
352	33.6648	1	238.826	1	1.24847	1	202.88	1	55.4649	1	0.001	273.274	301.494
352	33.6648	1	238.826	1	1.24847	1	202.88	1	55.4649	1	0.00316228	273.327	301.563
352	33.6648	1	238.826	1	1.24847	1	202.88	1	55.4649	1	0.01	273.493	301.782
352	33.6648	1	238.826	1	1.24847	1	202.88	1	55.4649	1	0.0316228	274.006	302.458
352	33.6648	1	238.826	1	1.24847	1	202.88	1	55.4649	1	0.1	275.523	304.454
352	33.6648	1	238.826	1	1.24847	1	202.88	1	55.4649	1	0.316228	279.523	309.763
352	33.6648	1	238.826	1	1.24847	1	202.88	1	55.4649	1	1	287.527	320.59
352	33.6648	1	238.826	1	1.24847	1	202.88	1	55.4649	1	3.16228	297.823	334.665
352	33.6648	1	238.826	1	1.24847	1	202.88	1	55.4649	1	10	307.608	346.457
352	33.6648	1	238.826	1	1.24847	1	202.88	1	55.4649	1	31.6228	319.57	357.656
352	33.6648	1	238.826	1	1.24847	1	202.88	1	55.4649	1	100	337.635	377.177
353	23.291	1	1533.6	1	1.31468	1	150.832	1	48.3313	1	0	273.249	301.462
353	23.291	1	1533.6	1	1.31468	1	150.832	1	48.3313	1	0.001	273.273	301.493
353	23.291	1	1533.6	1	1.31468	1	150.832	1	48.3313	1	0.00316228	273.325	301.56
353	23.291	1	1533.6	1	1.31468	1	150.832	1	48.3313	1	0.01	273.486	301.77
353	23.291	1	1533.6	1	1.31468	1	150.832	1	48.3313	1	0.0316228	273.985	302.422
353	23.291	1	1533.6	1	1.31468	1	150.832	1	48.3313	1	0.1	275.47	304.356
353	23.291	1	1533.6	1	1.31468	1	150.832	1	48.3313	1	0.316228	279.433	309.552
353	23.291	1	1533.6	1	1.31468	1	150.832	1	48.3313	1	1	287.621	320.407
353	23.291	1	1533.6	1	1.31468	1	150.832	1	48.3313	1	3.16228	299	335.363
353	23.291	1	1533.6	1	1.31468	1	150.832	1	48.3313	1	10	311.888	349.912
353	23.291	1	1533.6	1	1.31468	1	150.832	1	48.3313	1	31.6228	329.852	368.139
353	23.291	1	1533.6	1	1.31468	1	150.832	1	48.3313	1	100	363.127	403.986
354	44.2883	1	142.028	1	1.01136	1	570.502	1	86.817	1	0	273.249	301.462
354	44.2883	1	142.028	1	1.01136	1	570.502	1	86.817	1	0.001	273.279	301.501
354	44.2883	1	142.028	1	1.01136	1	570.502	1	86.817	1	0.00316228	273.343	301.586
354	44.2883	1	142.028	1	1.01136	1	570.502	1	86.817	1	0.01	273.543	301.851
354	44.2883	1	142.028	1	1.01136	1	570.502	1	86.817	1	0.0316228	274.158	302.668
354	44.2883	1	142.028	1	1.01136	1	570.502	1	86.817	1	0.1	275.947	305.04
354	44.2883	1	142.028	1	1.01136	1	570.502	1	86.817	1	0.316228	280.467	311.119
354	44.2883	1	142.028	1	1.01136	1	570.502	1	86.817	1	1	288.716	322.56
354	44.2883	1	142.028	1	1.01136	1	570.502	1	86.817	1	3.16228	297.61	335.312
354	44.2883	1	142.028	1	1.01136	1	570.502	1	86.817	1	10	303.406	342.985
354	44.2883	1	142.028	1	1.01136	1	570.502	1	86.817	1	31.6228	306.497	344.877
354	44.2883	1	142.028	1	1.01136	1	570.502	1	86.817	1	100	306.067	343.832
355	31.214	1	273.092	1	0.812882	1	288.575	1	58.3314	1	0	273.249	301.462
355	31.214	1	273.092	1	0.812882	1	288.575	1	58.3314	1	0.001	273.287	301.511
355	31.214	1	273.092	1	0.812882	1	288.575	1	58.3314	1	0.00316228	273.367	301.617
355	31.214	1	273.092	1	0.812882	1	288.575	1	58.3314	1	0.01	273.619	301.95
355	31.214	1	273.092	1	0.812882	1	288.575	1	58.3314	1	0.0316228	274.387	302.965
355	31.214	1	273.092	1	0.812882	1	288.575	1	58.3314	1	0.1	276.582	305.863
355	31.214	1	273.092	1	0.812882	1	288.575	1	58.3314	1	0.316228	281.924	313.036
355	31.214	1	273.092	1	0.812882	1	288.575	1	58.3314	1	1	290.977	325.551
355	31.214	1	273.092	1	0.812882	1	288.575	1	58.3314	1	3.16228	300.382	338.586
355	31.214	1	273.092	1	0.812882	1	288.575	1	58.3314	1	10	308.229	347.595
355	31.214	1	273.092	1	0.812882	1	288.575	1	58.3314	1	31.6228	317.303	355.275
355	31.214	1	273.092	1	0.812882	1	288.575	1	58.3314	1	100	329.484	368.362
356	29.5618	1	808.555	1	0.553906	1	275.94	1	59.8027	1	0	273.249	301.462
356	29.5618	1	808.555	1	0.553906	1	275.94	1	59.8027	1	0.001	273.304	301.534
356	29.5618	1	808.555	1	0.553906	1	275.94	1	59.8027	1	0.00316228	273.422	301.69
356	29.5618	1	808.555	1	0.553906	1	275.94	1	59.8027	1	0.01	273.788	302.175
356	29.5618	1	808.555	1	0.553906	1	275.94	1	59.8027	1	0.0316228	274.892	303.634
356	29.5618	1	808.555	1	0.553906	1	275.94	1	59.8027	1	0.1	277.925	307.665
356	29.5618	1	808.555	1	0.553906	1	275.94	1	59.8027	1	0.316228	284.611	316.741
356	29.5618	1	808.555	1	0.553906	1	275.94	1	59.8027	1	1	294.244	330.258
356	29.5618	1	808.555	1	0.553906	1	275.94	1	59.8027	1	3.16228	302.922	342.183
356	29.5618	1	808.555	1	0.553906	1	275.94	1	59.8027	1	10	310.696	350.463
356	29.5618	1	808.555	1	0.553906	1	275.94	1	59.8027	1	31.6228	321.63	359.985
356	29.5618	1	808.555	1	0.553906	1	275.94	1	59.8027	1	100	339.968	379.337
357	17.7278	1	400.256	1	2.45768	1	393.059	1	57.3152	1	0	273.249	301.462
357	17.7278	1	400.256	1	2.45768	1	393.059	1	57.3152	1	0.001	273.262	301.478
357	17.7278	1	400.256	1	2.45768	1	393.059	1	57.3152	1	0.00316228	273.29	301.514
357	17.7278	1	400.256	1	2.45768	1	393.059	1	57.3152	1	0.01	273.378	301.626
357	17.7278	1	400.256	1	2.45768	1	393.059	1	57.3152	1	0.0316228	273.652	301.978
357	17.7278	1	400.256	1	2.45768	1	393.059	1	57.3152	1	0.1	274.49	303.051
357	17.7278	1	400.256	1	2.45768	1	393.059	1	57.3152	1	0.316228	276.885	306.102
357	17.7278	1	400.256	1	2.45768	1	393.059	1	57.3152	1	1	282.761	313.624
357	17.7278	1	400.256	1	2.45768	1	393.059	1	57.3152	1	3.16228	293.035	326.701
357	17.7278	1	400.256	1	2.45768	1	393.059	1	57.3152	1	10	305.298	340.819
357	17.7278	1	400.256	1	2.45768	1	393.059	1	57.3152	1	31.6228	315.598	351.984
357	17.7278	1	400.256	1	2.45768	1	393.059	1	57.3152	1	100	326.657	364.672
358	26.3219	1	764.746	1	0.975633	1	276.237	1	69.9081	1	0	273.249	301.462
358	26.3219	1	764.746	1	0.975633	1	276.237	1	69.9081	1	0.001	273.281	301.503
358	26.3219	1	764.746	1	0.975633	1	276.237	1	69.9081	1	0.00316228	273.348	301.592
358	26.3219	1	764.746	1	0.975633	1	276.237	1	69.9081	1	0.01	273.561	301.871
358	26.3219	1	764.746	1	0.975633	1	276.237	1	69.9081	1	0.0316228	274.213	302.729
358	26.3219	1	764.746	1	0.975633	1	276.237	1	69.9081	1	0.1	276.107	305.218
358	26.3219	1	764.746	1	0.975633	1	276.237	1	69.9081	1	0.316228	280.892	311.578
358	26.3219	1	764.746	1	0.975633	1	276.237	1	69.9081	1	1	289.698	323.545
358	26.3219	1	764.746	1	0.975633	1	276.237	1	69.9081	1	3.16228	299.938	337.399
358	26.3219	1	764.746	1	0.975633	1	276.237	1	69.9081	1	10	309.635	348.336
358	26.3219	1	764.746	1	0.975633	1	276.237	1	69.9081	1	31.6228	321.43	359.222
358	26.3219	1	764.746	1	0.975633	1	276.237	1	69.9081	1	100	339.66	378.851
359	38.3462	1	254.196	1	0.567391	1	435.9	1	39.0555	1	0	273.249	301.462
359	38.3462	1	254.196	1	0.567391	1	435.9	1	39.0555	1	0.001	273.303	301.532
359	38.3462	1	254.196	1	0.567391	1	435.9	1	39.0555	1	0.00316228	273.417	301.684
359	38.3462	1	254.196	1	0.567391	1	435.9	1	39.0555	1	0.01	273.772	302.155
359	38.3462	1	254.196	1	0.567391	1	435.9	1	39.0555	1	0.0316228	274.844	303.576
359	38.3462	1	254.196	1	0.567391	1	435.9	1	39.0555	1	0.1	277.794	307.507
359	38.3462	1	254.196	1	0.567391	1	435.9	1	39.0555	1	0.316228	284.323	316.404
359	38.3462	1	254.196	1	0.567391	1	435.9	1	39.0555	1	1	293.69	329.678
359	38.3462	1	254.196	1	0.567391	1	435.9	1	39.0555	1	3.16228	301.664	341.053
359	38.3462	1	254.196	1	0.567391	1	435.9	1	39.0555	1	10	307.233	347.437
359	38.3462	1	254.196	1	0.567391	1	435.9	1	39.0555	1	31.6228	312.796	351.419
359	38.3462	1	254.196	1	0.567391	1	435.9	1	39.0555	1	100	317.991	357.394
360	27.869	1	493.507	1	1.34226	1	522.689	1	71.1461	1	0	273.249	301.462
360	27.869	1	493.507	1	1.34226	1	522.689	1	71.1461	1	0.001	273.272	301.492
360	27.869	1	493.507	1	1.34226	1	522.689	1	71.1461	1	0.00316228	273.321	301.556
360	27.869	1	493.507	1	1.34226	1	522.689	1	71.1461	1	0.01	273.476	301.759
360	27.869	1	493.507	1	1.34226	1	522.689	1	71.1461	1	0.0316228	273.954	302.388
360	27.869	1	493.507	1	1.34226	1	522.689	1	71.1461	1	0.1	275.376	304.252
360	27.869	1	493.507	1	1.34226	1	522.689	1	71.1461	1	0.316228	279.161	309.256
360	27.869	1	493.507	1	1.34226	1	522.689	1	71.1461	1	1	286.907	319.663
360	27.869	1	493.507	1	1.34226	1	522.689	1	71.1461	1	3.16228	297.078	333.446
360	27.869	1	493.507	1	1.34226	1	522.689	1	71.1461	1	10	306.409	344.516
360	27.869	1	493.507	1	1.34226	1	522.689	1	71.1461	1	31.6228	315.032	352.268
360	27.869	1	493.507	1	1.34226	1	522.689	1	71.1461	1	100	323.317	361.351
361	26.9388	1	484.528	1	1.76022	1	305.185	1	42.3525	1	0	273.249	301.462
361	26.9388	1	484.528	1	1.76022	1	305.185	1	42.3525	1	0.001	273.267	301.485
361	26.9388	1	484.528	1	1.76022	1	305.185	1	42.3525	1	0.00316228	273.305	301.534
361	26.9388	1	484.528	1	1.76022	1	305.185	1	42.3525	1	0.01	273.425	301.69
361	26.9388	1	484.528	1	1.76022	1	305.185	1	42.3525	1	0.0316228	273.797	302.177
361	26.9388	1	484.528	1	1.76022	1	305.185	1	42.3525	1	0.1	274.92	303.641
361	26.9388	1	484.528	1	1.76022	1	305.185	1	42.3525	1	0.316228	278.021	307.694
361	26.9388	1	484.528	1	1.76022	1	305.185	1	42.3525	1	1	284.96	316.872
361	26.9388	1	484.528	1	1.76022	1	305.185	1	42.3525	1	3.16228	295.429	330.799
361	26.9388	1	484.528	1	1.76022	1	305.185	1	42.3525	1	10	306.483	343.998
361	26.9388	1	484.528	1	1.76022	1	305.185	1	42.3525	1	31.6228	317.872	355.392
361	26.9388	1	484.528	1	1.76022	1	305.185	1	42.3525	1	100	333.221	372.121
362	37.0317	1	473.87	1	0.864706	1	338.133	1	66.2802	1	0	273.249	301.462
362	37.0317	1	473.87	1	0.864706	1	338.133	1	66.2802	1	0.001	273.285	301.508
362	37.0317	1	473.87	1	0.864706	1	338.133	1	66.2802	1	0.00316228	273.36	301.608
362	37.0317	1	473.87	1	0.864706	1	338.133	1	66.2802	1	0.01	273.597	301.921
362	37.0317	1	473.87	1	0.864706	1	338.133	1	66.2802	1	0.0316228	274.323	302.88
362	37.0317	1	473.87	1	0.864706	1	338.133	1	66.2802	1	0.1	276.406	305.632
362	37.0317	1	473.87	1	0.864706	1	338.133	1	66.2802	1	0.316228	281.538	312.517
362	37.0317	1	473.87	1	0.864706	1	338.133	1	66.2802	1	1	290.46	324.846
362	37.0317	1	473.87	1	0.864706	1	338.133	1	66.2802	1	3.16228	299.971	338.099
362	37.0317	1	473.87	1	0.864706	1	338.133	1	66.2802	1	10	307.941	347.531
362	37.0317	1	473.87	1	0.864706	1	338.133	1	66.2802	1	31.6228	317.453	355.769
362	37.0317	1	473.87	1	0.864706	1	338.133	1	66.2802	1	100	330.848	369.713
363	28.7529	1	328.558	1	1.05921	1	414.61	1	55.3649	1	0	273.249	301.462
363	28.7529	1	328.558	1	1.05921	1	414.61	1	55.3649	1	0.001	273.278	301.499
363	28.7529	1	328.558	1	1.05921	1	414.61	1	55.3649	1	0.00316228	273.34	301.581
363	28.7529	1	328.558	1	1.05921	1	414.61	1	55.3649	1	0.01	273.534	301.837
363	28.7529	1	328.558	1	1.05921	1	414.61	1	55.3649	1	0.0316228	274.133	302.626
363	28.7529	1	328.558	1	1.05921	1	414.61	1	55.3649	1	0.1	275.881	304.928
363	28.7529	1	328.558	1	1.05921	1	414.61	1	55.3649	1	0.316228	280.357	310.887
363	28.7529	1	328.558	1	1.05921	1	414.61	1	55.3649	1	1	288.785	322.365
363	28.7529	1	328.558	1	1.05921	1	414.61	1	55.3649	1	3.16228	298.644	335.882
363	28.7529	1	328.558	1	1.05921	1	414.61	1	55.3649	1	10	307.07	345.758
363	28.7529	1	328.558	1	1.05921	1	414.61	1	55.3649	1	31.6228	315.087	352.671
363	28.7529	1	328.558	1	1.05921	1	414.61	1	55.3649	1	100	323.504	361.863
364	30.4804	1	131.666	1	0.913326	1	141.032	1	37.9775	1	0	273.249	301.462
364	30.4804	1	131.666	1	0.913326	1	141.032	1	37.9775	1	0.001	273.283	301.506
364	30.4804	1	131.666	1	0.913326	1	141.032	1	37.9775	1	0.00316228	273.354	301.6
364	30.4804	1	131.666	1	0.913326	1	141.032	1	37.9775	1	0.01	273.579	301.897
364	30.4804	1	131.666	1	0.913326	1	141.032	1	37.9775	1	0.0316228	274.268	302.807
364	30.4804	1	131.666	1	0.913326	1	141.032	1	37.9775	1	0.1	276.259	305.433
364	30.4804	1	131.666	1	0.913326	1	141.032	1	37.9775	1	0.316228	281.223	312.068
364	30.4804	1	131.666	1	0.913326	1	141.032	1	37.9775	1	1	290.097	324.256
364	30.4804	1	131.666	1	0.913326	1	141.032	1	37.9775	1	3.16228	300.011	337.903
364	30.4804	1	131.666	1	0.913326	1	141.032	1	37.9775	1	10	309.052	348.429
364	30.4804	1	131.666	1	0.913326	1	141.032	1	37.9775	1	31.6228	321.239	359.733
364	30.4804	1	131.666	1	0.913326	1	141.032	1	37.9775	1	100	341.295	382.442
365	19.2696	1	706.332	1	1.50867	1	138.507	1	34.0926	1	0	273.249	301.462
365	19.2696	1	706.332	1	1.50867	1	138.507	1	34.0926	1	0.001	273.27	301.489
365	19.2696	1	706.332	1	1.50867	1	138.507	1	34.0926	1	0.00316228	273.316	301.547
365	19.2696	1	706.332	1	1.50867	1	138.507	1	34.0926	1	0.01	273.458	301.732
365	19.2696	1	706.332	1	1.50867	1	138.507	1	34.0926	1	0.0316228	273.9	302.305
365	19.2696	1	706.332	1	1.50867	1	138.507	1	34.0926	1	0.1	275.223	304.019
365	19.2696	1	706.332	1	1.50867	1	138.507	1	34.0926	1	0.316228	278.831	308.703
365	19.2696	1	706.332	1	1.50867	1	138.507	1	34.0926	1	1	286.649	318.928
365	19.2696	1	706.332	1	1.50867	1	138.507	1	34.0926	1	3.16228	298.286	333.946
365	19.2696	1	706.332	1	1.50867	1	138.507	1	34.0926	1	10	312.052	349.351
365	19.2696	1	706.332	1	1.50867	1	138.507	1	34.0926	1	31.6228	329.918	368.196
365	19.2696	1	706.332	1	1.50867	1	138.507	1	34.0926	1	100	363.57	404.344
366	18.2176	1	274.884	1	1.85093	1	214.598	1	104.51	1	0	273.249	301.462
366	18.2176	1	274.884	1	1.85093	1	214.598	1	104.51	1	0.001	273.266	301.483
366	18.2176	1	274.884	1	1.85093	1	214.598	1	104.51	1	0.00316228	273.303	301.531
366	18.2176	1	274.884	1	1.85093	1	214.598	1	104.51	1	0.01	273.418	301.68
366	18.2176	1	274.884	1	1.85093	1	214.598	1	104.51	1	0.0316228	273.777	302.144
366	18.2176	1	274.884	1	1.85093	1	214.598	1	104.51	1	0.1	274.861	303.545
366	18.2176	1	274.884	1	1.85093	1	214.598	1	104.51	1	0.316228	277.88	307.441
366	18.2176	1	274.884	1	1.85093	1	214.598	1	104.51	1	1	284.786	316.415
366	18.2176	1	274.884	1	1.85093	1	214.598	1	104.51	1	3.16228	295.659	330.434
366	18.2176	1	274.884	1	1.85093	1	214.598	1	104.51	1	10	308.021	344.436
366	18.2176	1	274.884	1	1.85093	1	214.598	1	104.51	1	31.6228	320.555	357.343
366	18.2176	1	274.884	1	1.85093	1	214.598	1	104.51	1	100	338.928	377.508
367	25.0904	1	717.927	1	1.18228	1	412.099	1	81.7737	1	0	273.249	301.462
367	25.0904	1	717.927	1	1.18228	1	412.099	1	81.7737	1	0.001	273.275	301.496
367	25.0904	1	717.927	1	1.18228	1	412.099	1	81.7737	1	0.00316228	273.331	301.569
367	25.0904	1	717.927	1	1.18228	1	412.099	1	81.7737	1	0.01	273.507	301.8
367	25.0904	1	717.927	1	1.18228	1	412.099	1	81.7737	1	0.0316228	274.049	302.512
367	25.0904	1	717.927	1	1.18228	1	412.099	1	81.7737	1	0.1	275.648	304.608
367	25.0904	1	717.927	1	1.18228	1	412.099	1	81.7737	1	0.316228	279.827	310.136
367	25.0904	1	717.927	1	1.18228	1	412.099	1	81.7737	1	1	288.048	321.2
367	25.0904	1	717.927	1	1.18228	1	412.099	1	81.7737	1	3.16228	298.37	335.105
367	25.0904	1	717.927	1	1.18228	1	412.099	1	81.7737	1	10	308.043	346.197
367	25.0904	1	717.927	1	1.18228	1	412.099	1	81.7737	1	31.6228	317.905	355.237
367	25.0904	1	717.927	1	1.18228	1	412.099	1	81.7737	1	100	330.108	368.597
368	28.6065	1	141.299	1	0.779726	1	201.095	1	75.3406	1	0	273.249	301.462
368	28.6065	1	141.299	1	0.779726	1	201.095	1	75.3406	1	0.001	273.288	301.513
368	28.6065	1	141.299	1	0.779726	1	201.095	1	75.3406	1	0.00316228	273.372	301.623
368	28.6065	1	141.299	1	0.779726	1	201.095	1	75.3406	1	0.01	273.633	301.969
368	28.6065	1	141.299	1	0.779726	1	201.095	1	75.3406	1	0.0316228	274.43	303.023
368	28.6065	1	141.299	1	0.779726	1	201.095	1	75.3406	1	0.1	276.698	306.018
368	28.6065	1	141.299	1	0.779726	1	201.095	1	75.3406	1	0.316228	282.167	313.375
368	28.6065	1	141.299	1	0.779726	1	201.095	1	75.3406	1	1	291.271	325.979
368	28.6065	1	141.299	1	0.779726	1	201.095	1	75.3406	1	3.16228	300.539	338.823
368	28.6065	1	141.299	1	0.779726	1	201.095	1	75.3406	1	10	308.231	347.526
368	28.6065	1	141.299	1	0.779726	1	201.095	1	75.3406	1	31.6228	317.48	355.213
368	28.6065	1	141.299	1	0.779726	1	201.095	1	75.3406	1	100	331.217	369.97
369	30.1742	1	539.735	1	0.904924	1	315.366	1	139.504	1	0	273.249	301.462
369	30.1742	1	539.735	1	0.904924	1	315.366	1	139.504	1	0.001	273.283	301.506
369	30.1742	1	539.735	1	0.904924	1	315.366	1	139.504	1	0.00316228	273.356	301.602
369	30.1742	1	539.735	1	0.904924	1	315.366	1	139.504	1	0.01	273.583	301.901
369	30.1742	1	539.735	1	0.904924	1	315.366	1	139.504	1	0.0316228	274.28	302.821
369	30.1742	1	539.735	1	0.904924	1	315.366	1	139.504	1	0.1	276.29	305.47
369	30.1742	1	539.735	1	0.904924	1	315.366	1	139.504	1	0.316228	281.292	312.15
369	30.1742	1	539.735	1	0.904924	1	315.366	1	139.504	1	1	290.187	324.351
369	30.1742	1	539.735	1	0.904924	1	315.366	1	139.504	1	3.16228	300.016	337.834
369	30.1742	1	539.735	1	0.904924	1	315.366	1	139.504	1	10	308.746	347.83
369	30.1742	1	539.735	1	0.904924	1	315.366	1	139.504	1	31.6228	319.398	357.061
369	30.1742	1	539.735	1	0.904924	1	315.366	1	139.504	1	100	334.237	372.797
370	27.5638	1	537.826	1	1.80372	1	147.031	1	86.2065	1	0	273.249	301.462
370	27.5638	1	537.826	1	1.80372	1	147.031	1	86.2065	1	0.001	273.267	301.484
370	27.5638	1	537.826	1	1.80372	1	147.031	1	86.2065	1	0.00316228	273.305	301.533
370	27.5638	1	537.826	1	1.80372	1	147.031	1	86.2065	1	0.01	273.423	301.688
370	27.5638	1	537.826	1	1.80372	1	147.031	1	86.2065	1	0.0316228	273.792	302.168
370	27.5638	1	537.826	1	1.80372	1	147.031	1	86.2065	1	0.1	274.908	303.619
370	27.5638	1	537.826	1	1.80372	1	147.031	1	86.2065	1	0.316228	278.008	307.652
370	27.5638	1	537.826	1	1.80372	1	147.031	1	86.2065	1	1	285.05	316.909
370	27.5638	1	537.826	1	1.80372	1	147.031	1	86.2065	1	3.16228	296.162	331.502
370	27.5638	1	537.826	1	1.80372	1	147.031	1	86.2065	1	10	309.406	347.061
370	27.5638	1	537.826	1	1.80372	1	147.031	1	86.2065	1	31.6228	327.843	365.48
370	27.5638	1	537.826	1	1.80372	1	147.031	1	86.2065	1	100	358.818	398.81
371	41.3496	1	411.18	1	1.59492	1	496.966	1	39.4664	1	0	273.249	301.462
371	41.3496	1	411.18	1	1.59492	1	496.966	1	39.4664	1	0.001	273.269	301.487
371	41.3496	1	411.18	1	1.59492	1	496.966	1	39.4664	1	0.00316228	273.31	301.541
371	41.3496	1	411.18	1	1.59492	1	496.966	1	39.4664	1	0.01	273.44	301.712
371	41.3496	1	411.18	1	1.59492	1	496.966	1	39.4664	1	0.0316228	273.843	302.243
371	41.3496	1	411.18	1	1.59492	1	496.966	1	39.4664	1	0.1	275.052	303.835
371	41.3496	1	411.18	1	1.59492	1	496.966	1	39.4664	1	0.316228	278.343	308.191
371	41.3496	1	411.18	1	1.59492	1	496.966	1	39.4664	1	1	285.429	317.738
371	41.3496	1	411.18	1	1.59492	1	496.966	1	39.4664	1	3.16228	295.348	331.384
371	41.3496	1	411.18	1	1.59492	1	496.966	1	39.4664	1	10	304.405	342.939
371	41.3496	1	411.18	1	1.59492	1	496.966	1	39.4664	1	31.6228	312.544	350.696
371	41.3496	1	411.18	1	1.59492	1	496.966	1	39.4664	1	100	320.293	359.466
372	28.3536	1	369.849	1	0.917538	1	359.08	1	58.5751	1	0	273.249	301.462
372	28.3536	1	369.849	1	0.917538	1	359.08	1	58.5751	1	0.001	273.283	301.505
372	28.3536	1	369.849	1	0.917538	1	359.08	1	58.5751	1	0.00316228	273.354	301.6
372	28.3536	1	369.849	1	0.917538	1	359.08	1	58.5751	1	0.01	273.578	301.895
372	28.3536	1	369.849	1	0.917538	1	359.08	1	58.5751	1	0.0316228	274.265	302.801
372	28.3536	1	369.849	1	0.917538	1	359.08	1	58.5751	1	0.1	276.248	305.414
372	28.3536	1	369.849	1	0.917538	1	359.08	1	58.5751	1	0.316228	281.194	312.015
372	28.3536	1	369.849	1	0.917538	1	359.08	1	58.5751	1	1	290.021	324.117
372	28.3536	1	369.849	1	0.917538	1	359.08	1	58.5751	1	3.16228	299.75	337.472
372	28.3536	1	369.849	1	0.917538	1	359.08	1	58.5751	1	10	308.082	347.008
372	28.3536	1	369.849	1	0.917538	1	359.08	1	58.5751	1	31.6228	316.89	354.607
372	28.3536	1	369.849	1	0.917538	1	359.08	1	58.5751	1	100	327.847	366.396
373	32.5554	1	300.876	1	1.28862	1	529.053	1	78.7457	1	0	273.249	301.462
373	32.5554	1	300.876	1	1.28862	1	529.053	1	78.7457	1	0.001	273.273	301.493
373	32.5554	1	300.876	1	1.28862	1	529.053	1	78.7457	1	0.00316228	273.324	301.56
373	32.5554	1	300.876	1	1.28862	1	529.053	1	78.7457	1	0.01	273.484	301.77
373	32.5554	1	300.876	1	1.28862	1	529.053	1	78.7457	1	0.0316228	273.978	302.422
373	32.5554	1	300.876	1	1.28862	1	529.053	1	78.7457	1	0.1	275.441	304.349
373	32.5554	1	300.876	1	1.28862	1	529.053	1	78.7457	1	0.316228	279.311	309.489
373	32.5554	1	300.876	1	1.28862	1	529.053	1	78.7457	1	1	287.087	320.018
373	32.5554	1	300.876	1	1.28862	1	529.053	1	78.7457	1	3.16228	296.954	333.597
373	32.5554	1	300.876	1	1.28862	1	529.053	1	78.7457	1	10	305.395	343.913
373	32.5554	1	300.876	1	1.28862	1	529.053	1	78.7457	1	31.6228	312.775	350.163
373	32.5554	1	300.876	1	1.28862	1	529.053	1	78.7457	1	100	318.544	356.286
374	30.1829	1	201.468	1	0.859059	1	181.334	1	72.5579	1	0	273.249	301.462
374	30.1829	1	201.468	1	0.859059	1	181.334	1	72.5579	1	0.001	273.285	301.508
374	30.1829	1	201.468	1	0.859059	1	181.334	1	72.5579	1	0.00316228	273.361	301.609
374	30.1829	1	201.468	1	0.859059	1	181.334	1	72.5579	1	0.01	273.6	301.924
374	30.1829	1	201.468	1	0.859059	1	181.334	1	72.5579	1	0.0316228	274.331	302.89
374	30.1829	1	201.468	1	0.859059	1	181.334	1	72.5579	1	0.1	276.431	305.66
374	30.1829	1	201.468	1	0.859059	1	181.334	1	72.5579	1	0.316228	281.606	312.587
374	30.1829	1	201.468	1	0.859059	1	181.334	1	72.5579	1	1	290.626	324.997
374	30.1829	1	201.468	1	0.859059	1	181.334	1	72.5579	1	3.16228	300.427	338.467
374	30.1829	1	201.468	1	0.859059	1	181.334	1	72.5579	1	10	309.3	348.616
374	30.1829	1	201.468	1	0.859059	1	181.334	1	72.5579	1	31.6228	321.236	359.231
374	30.1829	1	201.468	1	0.859059	1	181.334	1	72.5579	1	100	340.311	379.524
375	27.6441	1	327.851	1	0.869865	1	404.005	1	31.6011	1	0	273.249	301.462
375	27.6441	1	327.851	1	0.869865	1	404.005	1	31.6011	1	0.001	273.284	301.508
375	27.6441	1	327.851	1	0.869865	1	404.005	1	31.6011	1	0.00316228	273.36	301.607
375	27.6441	1	327.851	1	0.869865	1	404.005	1	31.6011	1	0.01	273.595	301.918
375	27.6441	1	327.851	1	0.869865	1	404.005	1	31.6011	1	0.0316228	274.317	302.871
375	27.6441	1	327.851	1	0.869865	1	404.005	1	31.6011	1	0.1	276.392	305.605
375	27.6441	1	327.851	1	0.869865	1	404.005	1	31.6011	1	0.316228	281.51	312.452
375	27.6441	1	327.851	1	0.869865	1	404.005	1	31.6011	1	1	290.435	324.722
375	27.6441	1	327.851	1	0.869865	1	404.005	1	31.6011	1	3.16228	299.956	337.837
375	27.6441	1	327.851	1	0.869865	1	404.005	1	31.6011	1	10	307.775	346.747
375	27.6441	1	327.851	1	0.869865	1	404.005	1	31.6011	1	31.6228	314.844	353.018
375	27.6441	1	327.851	1	0.869865	1	404.005	1	31.6011	1	100	323.39	362.339
376	44.9188	1	547.183	1	0.950645	1	570.247	1	71.8161	1	0	273.249	301.462
376	44.9188	1	547.183	1	0.950645	1	570.247	1	71.8161	1	0.001	273.281	301.504
376	44.9188	1	547.183	1	0.950645	1	570.247	1	71.8161	1	0.00316228	273.35	301.595
376	44.9188	1	547.183	1	0.950645	1	570.247	1	71.8161	1	0.01	273.565	301.879
376	44.9188	1	547.183	1	0.950645	1	570.247	1	71.8161	1	0.0316228	274.226	302.754
376	44.9188	1	547.183	1	0.950645	1	570.247	1	71.8161	1	0.1	276.138	305.283
376	44.9188	1	547.183	1	0.950645	1	570.247	1	71.8161	1	0.316228	280.927	311.703
376	44.9188	1	547.183	1	0.950645	1	570.247	1	71.8161	1	1	289.539	323.611
376	44.9188	1	547.183	1	0.950645	1	570.247	1	71.8161	1	3.16228	298.93	336.848
376	44.9188	1	547.183	1	0.950645	1	570.247	1	71.8161	1	10	306.249	345.955
376	44.9188	1	547.183	1	0.950645	1	570.247	1	71.8161	1	31.6228	313.628	352.164
376	44.9188	1	547.183	1	0.950645	1	570.247	1	71.8161	1	100	321.711	360.237
377	29.9508	1	241.475	1	0.694948	1	1803.86	1	82.2297	1	0	273.249	301.462
377	29.9508	1	241.475	1	0.694948	1	1803.86	1	82.2297	1	0.001	273.293	301.519
377	29.9508	1	241.475	1	0.694948	1	1803.86	1	82.2297	1	0.00316228	273.386	301.643
377	29.9508	1	241.475	1	0.694948	1	1803.86	1	82.2297	1	0.01	273.677	302.028
377	29.9508	1	241.475	1	0.694948	1	1803.86	1	82.2297	1	0.0316228	274.562	303.2
377	29.9508	1	241.475	1	0.694948	1	1803.86	1	82.2297	1	0.1	277.047	306.488
377	29.9508	1	241.475	1	0.694948	1	1803.86	1	82.2297	1	0.316228	282.868	314.361
377	29.9508	1	241.475	1	0.694948	1	1803.86	1	82.2297	1	1	291.999	327.139
377	29.9508	1	241.475	1	0.694948	1	1803.86	1	82.2297	1	3.16228	300.389	338.967
377	29.9508	1	241.475	1	0.694948	1	1803.86	1	82.2297	1	10	305.874	345.16
377	29.9508	1	241.475	1	0.694948	1	1803.86	1	82.2297	1	31.6228	308.986	346.259
377	29.9508	1	241.475	1	0.694948	1	1803.86	1	82.2297	1	100	305.098	342.11
378	34.378	1	750.917	1	1.17667	1	251.116	1	66.2349	1	0	273.249	301.462
378	34.378	1	750.917	1	1.17667	1	251.116	1	66.2349	1	0.001	273.275	301.496
378	34.378	1	750.917	1	1.17667	1	251.116	1	66.2349	1	0.00316228	273.332	301.57
378	34.378	1	750.917	1	1.17667	1	251.116	1	66.2349	1	0.01	273.508	301.802
378	34.378	1	750.917	1	1.17667	1	251.116	1	66.2349	1	0.0316228	274.053	302.52
378	34.378	1	750.917	1	1.17667	1	251.116	1	66.2349	1	0.1	275.659	304.632
378	34.378	1	750.917	1	1.17667	1	251.116	1	66.2349	1	0.316228	279.855	310.201
378	34.378	1	750.917	1	1.17667	1	251.116	1	66.2349	1	1	288.094	321.361
378	34.378	1	750.917	1	1.17667	1	251.116	1	66.2349	1	3.16228	298.477	335.523
378	34.378	1	750.917	1	1.17667	1	251.116	1	66.2349	1	10	308.484	347.443
378	34.378	1	750.917	1	1.17667	1	251.116	1	66.2349	1	31.6228	321.23	359.437
378	34.378	1	750.917	1	1.17667	1	251.116	1	66.2349	1	100	341.743	381.077
379	16.6603	1	471.856	1	0.950934	1	244.179	1	77.6393	1	0	273.249	301.462
379	16.6603	1	471.856	1	0.950934	1	244.179	1	77.6393	1	0.001	273.282	301.504
379	16.6603	1	471.856	1	0.950934	1	244.179	1	77.6393	1	0.00316228	273.352	301.595
379	16.6603	1	471.856	1	0.950934	1	244.179	1	77.6393	1	0.01	273.571	301.882
379	16.6603	1	471.856	1	0.950934	1	244.179	1	77.6393	1	0.0316228	274.243	302.762
379	16.6603	1	471.856	1	0.950934	1	244.179	1	77.6393	1	0.1	276.194	305.31
379	16.6603	1	471.856	1	0.950934	1	244.179	1	77.6393	1	0.316228	281.11	311.794
379	16.6603	1	471.856	1	0.950934	1	244.179	1	77.6393	1	1	290.152	323.912
379	16.6603	1	471.856	1	0.950934	1	244.179	1	77.6393	1	3.16228	300.827	337.847
379	16.6603	1	471.856	1	0.950934	1	244.179	1	77.6393	1	10	311.404	348.966
379	16.6603	1	471.856	1	0.950934	1	244.179	1	77.6393	1	31.6228	322.312	359.906
379	16.6603	1	471.856	1	0.950934	1	244.179	1	77.6393	1	100	340.646	379.765
380	27.8008	1	618.458	1	0.938888	1	265.739	1	81.3983	1	0	273.249	301.462
380	27.8008	1	618.458	1	0.938888	1	265.739	1	81.3983	1	0.001	273.282	301.504
380	27.8008	1	618.458	1	0.938888	1	265.739	1	81.3983	1	0.00316228	273.352	301.597
380	27.8008	1	618.458	1	0.938888	1	265.739	1	81.3983	1	0.01	273.572	301.887
380	27.8008	1	618.458	1	0.938888	1	265.739	1	81.3983	1	0.0316228	274.247	302.776
380	27.8008	1	618.458	1	0.938888	1	265.739	1	81.3983	1	0.1	276.202	305.348
380	27.8008	1	618.458	1	0.938888	1	265.739	1	81.3983	1	0.316228	281.104	311.872
380	27.8008	1	618.458	1	0.938888	1	265.739	1	81.3983	1	1	289.983	323.99
380	27.8008	1	618.458	1	0.938888	1	265.739	1	81.3983	1	3.16228	300.095	337.737
380	27.8008	1	618.458	1	0.938888	1	265.739	1	81.3983	1	10	309.537	348.429
380	27.8008	1	618.458	1	0.938888	1	265.739	1	81.3983	1	31.6228	321.339	359.154
380	27.8008	1	618.458	1	0.938888	1	265.739	1	81.3983	1	100	339.552	378.626
381	25.9464	1	178.66	1	1.01748	1	415.509	1	40.727	1	0	273.249	301.462
381	25.9464	1	178.66	1	1.01748	1	415.509	1	40.727	1	0.001	273.279	301.501
381	25.9464	1	178.66	1	1.01748	1	415.509	1	40.727	1	0.00316228	273.343	301.586
381	25.9464	1	178.66	1	1.01748	1	415.509	1	40.727	1	0.01	273.544	301.851
381	25.9464	1	178.66	1	1.01748	1	415.509	1	40.727	1	0.0316228	274.164	302.667
381	25.9464	1	178.66	1	1.01748	1	415.509	1	40.727	1	0.1	275.966	305.042
381	25.9464	1	178.66	1	1.01748	1	415.509	1	40.727	1	0.316228	280.541	311.142
381	25.9464	1	178.66	1	1.01748	1	415.509	1	40.727	1	1	289.006	322.697
381	25.9464	1	178.66	1	1.01748	1	415.509	1	40.727	1	3.16228	298.584	335.877
381	25.9464	1	178.66	1	1.01748	1	415.509	1	40.727	1	10	306.22	344.74
381	25.9464	1	178.66	1	1.01748	1	415.509	1	40.727	1	31.6228	311.857	349.284
381	25.9464	1	178.66	1	1.01748	1	415.509	1	40.727	1	100	315.239	353.89
382	26.1896	1	615.374	1	0.989011	1	303.583	1	36.9134	1	0	273.249	301.462
382	26.1896	1	615.374	1	0.989011	1	303.583	1	36.9134	1	0.001	273.28	301.502
382	26.1896	1	615.374	1	0.989011	1	303.583	1	36.9134	1	0.00316228	273.347	301.59
382	26.1896	1	615.374	1	0.989011	1	303.583	1	36.9134	1	0.01	273.556	301.865
382	26.1896	1	615.374	1	0.989011	1	303.583	1	36.9134	1	0.0316228	274.199	302.712
382	26.1896	1	615.374	1	0.989011	1	303.583	1	36.9134	1	0.1	276.07	305.169
382	26.1896	1	615.374	1	0.989011	1	303.583	1	36.9134	1	0.316228	280.804	311.463
382	26.1896	1	615.374	1	0.989011	1	303.583	1	36.9134	1	1	289.55	323.348
382	26.1896	1	615.374	1	0.989011	1	303.583	1	36.9134	1	3.16228	299.712	337.128
382	26.1896	1	615.374	1	0.989011	1	303.583	1	36.9134	1	10	309.082	347.767
382	26.1896	1	615.374	1	0.989011	1	303.583	1	36.9134	1	31.6228	319.337	357.545
382	26.1896	1	615.374	1	0.989011	1	303.583	1	36.9134	1	100	335.378	374.629
383	23.8277	1	915.5	1	1.71301	1	303.468	1	48.0913	1	0	273.249	301.462
383	23.8277	1	915.5	1	1.71301	1	303.468	1	48.0913	1	0.001	273.268	301.485
383	23.8277	1	915.5	1	1.71301	1	303.468	1	48.0913	1	0.00316228	273.307	301.536
383	23.8277	1	915.5	1	1.71301	1	303.468	1	48.0913	1	0.01	273.43	301.697
383	23.8277	1	915.5	1	1.71301	1	303.468	1	48.0913	1	0.0316228	273.815	302.198
383	23.8277	1	915.5	1	1.71301	1	303.468	1	48.0913	1	0.1	274.973	303.705
383	23.8277	1	915.5	1	1.71301	1	303.468	1	48.0913	1	0.316228	278.166	307.866
383	23.8277	1	915.5	1	1.71301	1	303.468	1	48.0913	1	1	285.274	317.224
383	23.8277	1	915.5	1	1.71301	1	303.468	1	48.0913	1	3.16228	295.983	331.341
383	23.8277	1	915.5	1	1.71301	1	303.468	1	48.0913	1	10	307.57	344.867
383	23.8277	1	915.5	1	1.71301	1	303.468	1	48.0913	1	31.6228	319.799	357.263
383	23.8277	1	915.5	1	1.71301	1	303.468	1	48.0913	1	100	337.548	376.651
384	28.23	1	188.89	1	0.948772	1	426.004	1	39.3218	1	0	273.249	301.462
384	28.23	1	188.89	1	0.948772	1	426.004	1	39.3218	1	0.001	273.281	301.504
384	28.23	1	188.89	1	0.948772	1	426.004	1	39.3218	1	0.00316228	273.35	301.594
384	28.23	1	188.89	1	0.948772	1	426.004	1	39.3218	1	0.01	273.565	301.879
384	28.23	1	188.89	1	0.948772	1	426.004	1	39.3218	1	0.0316228	274.227	302.752
384	28.23	1	188.89	1	0.948772	1	426.004	1	39.3218	1	0.1	276.14	305.277
384	28.23	1	188.89	1	0.948772	1	426.004	1	39.3218	1	0.316228	280.931	311.681
384	28.23	1	188.89	1	0.948772	1	426.004	1	39.3218	1	1	289.56	323.532
384	28.23	1	188.89	1	0.948772	1	426.004	1	39.3218	1	3.16228	298.964	336.572
384	28.23	1	188.89	1	0.948772	1	426.004	1	39.3218	1	10	306.243	345.086
384	28.23	1	188.89	1	0.948772	1	426.004	1	39.3218	1	31.6228	311.818	349.48
384	28.23	1	188.89	1	0.948772	1	426.004	1	39.3218	1	100	315.255	354.077
385	25.9781	1	725.947	1	1.58247	1	174.66	1	99.9199	1	0	273.249	301.462
385	25.9781	1	725.947	1	1.58247	1	174.66	1	99.9199	1	0.001	273.269	301.487
385	25.9781	1	725.947	1	1.58247	1	174.66	1	99.9199	1	0.00316228	273.312	301.543
385	25.9781	1	725.947	1	1.58247	1	174.66	1	99.9199	1	0.01	273.446	301.718
385	25.9781	1	725.947	1	1.58247	1	174.66	1	99.9199	1	0.0316228	273.863	302.261
385	25.9781	1	725.947	1	1.58247	1	174.66	1	99.9199	1	0.1	275.113	303.891
385	25.9781	1	725.947	1	1.58247	1	174.66	1	99.9199	1	0.316228	278.534	308.362
385	25.9781	1	725.947	1	1.58247	1	174.66	1	99.9199	1	1	285.998	318.224
385	25.9781	1	725.947	1	1.58247	1	174.66	1	99.9199	1	3.16228	297.071	332.832
385	25.9781	1	725.947	1	1.58247	1	174.66	1	99.9199	1	10	309.596	347.374
385	25.9781	1	725.947	1	1.58247	1	174.66	1	99.9199	1	31.6228	326.286	363.888
385	25.9781	1	725.947	1	1.58247	1	174.66	1	99.9199	1	100	353.945	393.749
386	30.6565	1	264.648	1	0.736547	1	305.048	1	109.779	1	0	273.249	301.462
386	30.6565	1	264.648	1	0.736547	1	305.048	1	109.779	1	0.001	273.291	301.516
386	30.6565	1	264.648	1	0.736547	1	305.048	1	109.779	1	0.00316228	273.379	301.633
386	30.6565	1	264.648	1	0.736547	1	305.048	1	109.779	1	0.01	273.656	301.999
386	30.6565	1	264.648	1	0.736547	1	305.048	1	109.779	1	0.0316228	274.498	303.113
386	30.6565	1	264.648	1	0.736547	1	305.048	1	109.779	1	0.1	276.88	306.26
386	30.6565	1	264.648	1	0.736547	1	305.048	1	109.779	1	0.316228	282.552	313.903
386	30.6565	1	264.648	1	0.736547	1	305.048	1	109.779	1	1	291.765	326.702
386	30.6565	1	264.648	1	0.736547	1	305.048	1	109.779	1	3.16228	300.88	339.353
386	30.6565	1	264.648	1	0.736547	1	305.048	1	109.779	1	10	308.337	347.765
386	30.6565	1	264.648	1	0.736547	1	305.048	1	109.779	1	31.6228	317.127	354.819
386	30.6565	1	264.648	1	0.736547	1	305.048	1	109.779	1	100	328.582	366.705
387	29.7352	1	318.683	1	0.493204	1	309.812	1	60.5436	1	0	273.249	301.462
387	29.7352	1	318.683	1	0.493204	1	309.812	1	60.5436	1	0.001	273.311	301.543
387	29.7352	1	318.683	1	0.493204	1	309.812	1	60.5436	1	0.00316228	273.442	301.717
387	29.7352	1	318.683	1	0.493204	1	309.812	1	60.5436	1	0.01	273.851	302.259
387	29.7352	1	318.683	1	0.493204	1	309.812	1	60.5436	1	0.0316228	275.074	303.879
387	29.7352	1	318.683	1	0.493204	1	309.812	1	60.5436	1	0.1	278.39	308.303
387	29.7352	1	318.683	1	0.493204	1	309.812	1	60.5436	1	0.316228	285.432	317.916
387	29.7352	1	318.683	1	0.493204	1	309.812	1	60.5436	1	1	294.985	331.438
387	29.7352	1	318.683	1	0.493204	1	309.812	1	60.5436	1	3.16228	302.976	342.523
387	29.7352	1	318.683	1	0.493204	1	309.812	1	60.5436	1	10	309.541	349.41
387	29.7352	1	318.683	1	0.493204	1	309.812	1	60.5436	1	31.6228	317.973	356.06
387	29.7352	1	318.683	1	0.493204	1	309.812	1	60.5436	1	100	329.836	368.627
388	21.7259	1	393.552	1	0.717678	1	161.196	1	63.9619	1	0	273.249	301.462
388	21.7259	1	393.552	1	0.717678	1	161.196	1	63.9619	1	0.001	273.292	301.518
388	21.7259	1	393.552	1	0.717678	1	161.196	1	63.9619	1	0.00316228	273.384	301.639
388	21.7259	1	393.552	1	0.717678	1	161.196	1	63.9619	1	0.01	273.671	302.017
388	21.7259	1	393.552	1	0.717678	1	161.196	1	63.9619	1	0.0316228	274.544	303.166
388	21.7259	1	393.552	1	0.717678	1	161.196	1	63.9619	1	0.1	277.01	306.407
388	21.7259	1	393.552	1	0.717678	1	161.196	1	63.9619	1	0.316228	282.871	314.256
388	21.7259	1	393.552	1	0.717678	1	161.196	1	63.9619	1	1	292.461	327.396
388	21.7259	1	393.552	1	0.717678	1	161.196	1	63.9619	1	3.16228	302.527	340.804
388	21.7259	1	393.552	1	0.717678	1	161.196	1	63.9619	1	10	312.751	351.571
388	21.7259	1	393.552	1	0.717678	1	161.196	1	63.9619	1	31.6228	327.278	365.351
388	21.7259	1	393.552	1	0.717678	1	161.196	1	63.9619	1	100	353.297	393.205
389	44.8213	1	629.043	1	4.28139	1	189.917	1	89.5853	1	0	273.249	301.462
389	44.8213	1	629.043	1	4.28139	1	189.917	1	89.5853	1	0.001	273.257	301.471
389	44.8213	1	629.043	1	4.28139	1	189.917	1	89.5853	1	0.00316228	273.273	301.492
389	44.8213	1	629.043	1	4.28139	1	189.917	1	89.5853	1	0.01	273.325	301.559
389	44.8213	1	629.043	1	4.28139	1	189.917	1	89.5853	1	0.0316228	273.487	301.767
389	44.8213	1	629.043	1	4.28139	1	189.917	1	89.5853	1	0.1	273.99	302.415
389	44.8213	1	629.043	1	4.28139	1	189.917	1	89.5853	1	0.316228	275.491	304.341
389	44.8213	1	629.043	1	4.28139	1	189.917	1	89.5853	1	1	279.548	309.564
389	44.8213	1	629.043	1	4.28139	1	189.917	1	89.5853	1	3.16228	288.228	320.748
389	44.8213	1	629.043	1	4.28139	1	189.917	1	89.5853	1	10	301.491	337.269
389	44.8213	1	629.043	1	4.28139	1	189.917	1	89.5853	1	31.6228	319.705	356.843
389	44.8213	1	629.043	1	4.28139	1	189.917	1	89.5853	1	100	347.665	386.679
390	24.0724	1	395.115	1	0.793655	1	201.413	1	87.3251	1	0	273.249	301.462
390	24.0724	1	395.115	1	0.793655	1	201.413	1	87.3251	1	0.001	273.288	301.512
390	24.0724	1	395.115	1	0.793655	1	201.413	1	87.3251	1	0.00316228	273.371	301.622
390	24.0724	1	395.115	1	0.793655	1	201.413	1	87.3251	1	0.01	273.63	301.963
390	24.0724	1	395.115	1	0.793655	1	201.413	1	87.3251	1	0.0316228	274.423	303.007
390	24.0724	1	395.115	1	0.793655	1	201.413	1	87.3251	1	0.1	276.682	305.979
390	24.0724	1	395.115	1	0.793655	1	201.413	1	87.3251	1	0.316228	282.167	313.314
390	24.0724	1	395.115	1	0.793655	1	201.413	1	87.3251	1	1	291.476	326.059
390	24.0724	1	395.115	1	0.793655	1	201.413	1	87.3251	1	3.16228	301.466	339.527
390	24.0724	1	395.115	1	0.793655	1	201.413	1	87.3251	1	10	311.075	349.936
390	24.0724	1	395.115	1	0.793655	1	201.413	1	87.3251	1	31.6228	323.894	361.633
390	24.0724	1	395.115	1	0.793655	1	201.413	1	87.3251	1	100	345.031	384.312
391	50.7954	1	768.852	1	1.05559	1	207.501	1	106.766	1	0	273.249	301.462
391	50.7954	1	768.852	1	1.05559	1	207.501	1	106.766	1	0.001	273.278	301.5
391	50.7954	1	768.852	1	1.05559	1	207.501	1	106.766	1	0.00316228	273.341	301.582
391	50.7954	1	768.852	1	1.05559	1	207.501	1	106.766	1	0.01	273.537	301.841
391	50.7954	1	768.852	1	1.05559	1	207.501	1	106.766	1	0.0316228	274.14	302.638
391	50.7954	1	768.852	1	1.05559	1	207.501	1	106.766	1	0.1	275.902	304.963
391	50.7954	1	768.852	1	1.05559	1	207.501	1	106.766	1	0.316228	280.417	310.993
391	50.7954	1	768.852	1	1.05559	1	207.501	1	106.766	1	1	288.93	322.66
391	50.7954	1	768.852	1	1.05559	1	207.501	1	106.766	1	3.16228	299.095	336.771
391	50.7954	1	768.852	1	1.05559	1	207.501	1	106.766	1	10	308.635	348.541
391	50.7954	1	768.852	1	1.05559	1	207.501	1	106.766	1	31.6228	322.286	361.587
391	50.7954	1	768.852	1	1.05559	1	207.501	1	106.766	1	100	347.412	387.043
392	16.8736	1	774.855	1	1.05773	1	299.867	1	22.045	1	0	273.249	301.462
392	16.8736	1	774.855	1	1.05773	1	299.867	1	22.045	1	0.001	273.279	301.5
392	16.8736	1	774.855	1	1.05773	1	299.867	1	22.045	1	0.00316228	273.342	301.582
392	16.8736	1	774.855	1	1.05773	1	299.867	1	22.045	1	0.01	273.54	301.841
392	16.8736	1	774.855	1	1.05773	1	299.867	1	22.045	1	0.0316228	274.149	302.637
392	16.8736	1	774.855	1	1.05773	1	299.867	1	22.045	1	0.1	275.933	304.963
392	16.8736	1	774.855	1	1.05773	1	299.867	1	22.045	1	0.316228	280.519	310.994
392	16.8736	1	774.855	1	1.05773	1	299.867	1	22.045	1	1	289.277	322.67
392	16.8736	1	774.855	1	1.05773	1	299.867	1	22.045	1	3.16228	300.052	336.739
392	16.8736	1	774.855	1	1.05773	1	299.867	1	22.045	1	10	310.519	348.068
392	16.8736	1	774.855	1	1.05773	1	299.867	1	22.045	1	31.6228	320.017	358.41
392	16.8736	1	774.855	1	1.05773	1	299.867	1	22.045	1	100	337.354	376.803
393	24.8733	1	198.726	1	0.794068	1	154.173	1	58.7359	1	0	273.249	301.462
393	24.8733	1	198.726	1	0.794068	1	154.173	1	58.7359	1	0.001	273.288	301.512
393	24.8733	1	198.726	1	0.794068	1	154.173	1	58.7359	1	0.00316228	273.371	301.621
393	24.8733	1	198.726	1	0.794068	1	154.173	1	58.7359	1	0.01	273.629	301.963
393	24.8733	1	198.726	1	0.794068	1	154.173	1	58.7359	1	0.0316228	274.42	303.005
393	24.8733	1	198.726	1	0.794068	1	154.173	1	58.7359	1	0.1	276.675	305.973
393	24.8733	1	198.726	1	0.794068	1	154.173	1	58.7359	1	0.316228	282.149	313.3
393	24.8733	1	198.726	1	0.794068	1	154.173	1	58.7359	1	1	291.435	326.038
393	24.8733	1	198.726	1	0.794068	1	154.173	1	58.7359	1	3.16228	301.396	339.524
393	24.8733	1	198.726	1	0.794068	1	154.173	1	58.7359	1	10	310.953	349.983
393	24.8733	1	198.726	1	0.794068	1	154.173	1	58.7359	1	31.6228	324.304	362.187
393	24.8733	1	198.726	1	0.794068	1	154.173	1	58.7359	1	100	346.774	386.378
394	51.821	1	547.951	1	1.19889	1	93.1078	1	52.775	1	0	273.249	301.462
394	51.821	1	547.951	1	1.19889	1	93.1078	1	52.775	1	0.001	273.275	301.496
394	51.821	1	547.951	1	1.19889	1	93.1078	1	52.775	1	0.00316228	273.331	301.569
394	51.821	1	547.951	1	1.19889	1	93.1078	1	52.775	1	0.01	273.507	301.801
394	51.821	1	547.951	1	1.19889	1	93.1078	1	52.775	1	0.0316228	274.051	302.516
394	51.821	1	547.951	1	1.19889	1	93.1078	1	52.775	1	0.1	275.657	304.626
394	51.821	1	547.951	1	1.19889	1	93.1078	1	52.775	1	0.316228	279.884	310.229
394	51.821	1	547.951	1	1.19889	1	93.1078	1	52.775	1	1	288.343	321.661
394	51.821	1	547.951	1	1.19889	1	93.1078	1	52.775	1	3.16228	299.707	337.068
394	51.821	1	547.951	1	1.19889	1	93.1078	1	52.775	1	10	312.873	352.942
394	51.821	1	547.951	1	1.19889	1	93.1078	1	52.775	1	31.6228	335.627	375.964
394	51.821	1	547.951	1	1.19889	1	93.1078	1	52.775	1	100	379.919	422.621
395	24.0708	1	1105.23	1	1.42607	1	317.857	1	104.835	1	0	273.249	301.462
395	24.0708	1	1105.23	1	1.42607	1	317.857	1	104.835	1	0.001	273.271	301.49
395	24.0708	1	1105.23	1	1.42607	1	317.857	1	104.835	1	0.00316228	273.318	301.551
395	24.0708	1	1105.23	1	1.42607	1	317.857	1	104.835	1	0.01	273.465	301.744
395	24.0708	1	1105.23	1	1.42607	1	317.857	1	104.835	1	0.0316228	273.922	302.341
395	24.0708	1	1105.23	1	1.42607	1	317.857	1	104.835	1	0.1	275.283	304.118
395	24.0708	1	1105.23	1	1.42607	1	317.857	1	104.835	1	0.316228	278.951	308.932
395	24.0708	1	1105.23	1	1.42607	1	317.857	1	104.835	1	1	286.661	319.179
395	24.0708	1	1105.23	1	1.42607	1	317.857	1	104.835	1	3.16228	297.352	333.376
395	24.0708	1	1105.23	1	1.42607	1	317.857	1	104.835	1	10	308.355	346.044
395	24.0708	1	1105.23	1	1.42607	1	317.857	1	104.835	1	31.6228	320.427	357.757
395	24.0708	1	1105.23	1	1.42607	1	317.857	1	104.835	1	100	337.673	376.642
396	23.0625	1	691.571	1	0.649515	1	182.964	1	36.4741	1	0	273.249	301.462
396	23.0625	1	691.571	1	0.649515	1	182.964	1	36.4741	1	0.001	273.296	301.524
396	23.0625	1	691.571	1	0.649515	1	182.964	1	36.4741	1	0.00316228	273.398	301.657
396	23.0625	1	691.571	1	0.649515	1	182.964	1	36.4741	1	0.01	273.713	302.074
396	23.0625	1	691.571	1	0.649515	1	182.964	1	36.4741	1	0.0316228	274.671	303.336
396	23.0625	1	691.571	1	0.649515	1	182.964	1	36.4741	1	0.1	277.35	306.869
396	23.0625	1	691.571	1	0.649515	1	182.964	1	36.4741	1	0.316228	283.551	315.209
396	23.0625	1	691.571	1	0.649515	1	182.964	1	36.4741	1	1	293.248	328.584
396	23.0625	1	691.571	1	0.649515	1	182.964	1	36.4741	1	3.16228	302.958	341.593
396	23.0625	1	691.571	1	0.649515	1	182.964	1	36.4741	1	10	312.649	351.766
396	23.0625	1	691.571	1	0.649515	1	182.964	1	36.4741	1	31.6228	326.222	364.914
396	23.0625	1	691.571	1	0.649515	1	182.964	1	36.4741	1	100	352.326	392.558
397	36.2578	1	73.6341	1	1.08097	1	197.432	1	65.7504	1	0	273.249	301.462
397	36.2578	1	73.6341	1	1.08097	1	197.432	1	65.7504	1	0.001	273.277	301.498
397	36.2578	1	73.6341	1	1.08097	1	197.432	1	65.7504	1	0.00316228	273.336	301.577
397	36.2578	1	73.6341	1	1.08097	1	197.432	1	65.7504	1	0.01	273.523	301.824
397	36.2578	1	73.6341	1	1.08097	1	197.432	1	65.7504	1	0.0316228	274.097	302.587
397	36.2578	1	73.6341	1	1.08097	1	197.432	1	65.7504	1	0.1	275.774	304.812
397	36.2578	1	73.6341	1	1.08097	1	197.432	1	65.7504	1	0.316228	280.068	310.583
397	36.2578	1	73.6341	1	1.08097	1	197.432	1	65.7504	1	1	288.114	321.701
397	36.2578	1	73.6341	1	1.08097	1	197.432	1	65.7504	1	3.16228	297.134	334.544
397	36.2578	1	73.6341	1	1.08097	1	197.432	1	65.7504	1	10	303.401	342.772
397	36.2578	1	73.6341	1	1.08097	1	197.432	1	65.7504	1	31.6228	308.503	347.083
397	36.2578	1	73.6341	1	1.08097	1	197.432	1	65.7504	1	100	311.276	351.377
398	44.8161	1	478.108	1	0.651707	1	746.271	1	45.1692	1	0	273.249	301.462
398	44.8161	1	478.108	1	0.651707	1	746.271	1	45.1692	1	0.001	273.296	301.523
398	44.8161	1	478.108	1	0.651707	1	746.271	1	45.1692	1	0.00316228	273.395	301.655
398	44.8161	1	478.108	1	0.651707	1	746.271	1	45.1692	1	0.01	273.706	302.067
398	44.8161	1	478.108	1	0.651707	1	746.271	1	45.1692	1	0.0316228	274.648	303.316
398	44.8161	1	478.108	1	0.651707	1	746.271	1	45.1692	1	0.1	277.278	306.808
398	44.8161	1	478.108	1	0.651707	1	746.271	1	45.1692	1	0.316228	283.333	315.032
398	44.8161	1	478.108	1	0.651707	1	746.271	1	45.1692	1	1	292.574	328.062
398	44.8161	1	478.108	1	0.651707	1	746.271	1	45.1692	1	3.16228	300.905	339.99
398	44.8161	1	478.108	1	0.651707	1	746.271	1	45.1692	1	10	306.657	346.898
398	44.8161	1	478.108	1	0.651707	1	746.271	1	45.1692	1	31.6228	312.137	350.934
398	44.8161	1	478.108	1	0.651707	1	746.271	1	45.1692	1	100	316.312	355.332
399	25.2594	1	215.346	1	1.04693	1	255.913	1	58.6315	1	0	273.249	301.462
399	25.2594	1	215.346	1	1.04693	1	255.913	1	58.6315	1	0.001	273.279	301.5
399	25.2594	1	215.346	1	1.04693	1	255.913	1	58.6315	1	0.00316228	273.341	301.583
399	25.2594	1	215.346	1	1.04693	1	255.913	1	58.6315	1	0.01	273.538	301.842
399	25.2594	1	215.346	1	1.04693	1	255.913	1	58.6315	1	0.0316228	274.144	302.64
399	25.2594	1	215.346	1	1.04693	1	255.913	1	58.6315	1	0.1	275.915	304.967
399	25.2594	1	215.346	1	1.04693	1	255.913	1	58.6315	1	0.316228	280.442	310.985
399	25.2594	1	215.346	1	1.04693	1	255.913	1	58.6315	1	1	288.961	322.548
399	25.2594	1	215.346	1	1.04693	1	255.913	1	58.6315	1	3.16228	299.011	336.198
399	25.2594	1	215.346	1	1.04693	1	255.913	1	58.6315	1	10	308.055	346.53
399	25.2594	1	215.346	1	1.04693	1	255.913	1	58.6315	1	31.6228	317.635	355.024
399	25.2594	1	215.346	1	1.04693	1	255.913	1	58.6315	1	100	330.343	368.94
400	32.492	1	381.93	1	0.732094	1	194.763	1	57.2129	1	0	273.249	301.462
400	32.492	1	381.93	1	0.732094	1	194.763	1	57.2129	1	0.001	273.291	301.517
400	32.492	1	381.93	1	0.732094	1	194.763	1	57.2129	1	0.00316228	273.381	301.635
400	32.492	1	381.93	1	0.732094	1	194.763	1	57.2129	1	0.01	273.66	302.005
400	32.492	1	381.93	1	0.732094	1	194.763	1	57.2129	1	0.0316228	274.512	303.13
400	32.492	1	381.93	1	0.732094	1	194.763	1	57.2129	1	0.1	276.921	306.309
400	32.492	1	381.93	1	0.732094	1	194.763	1	57.2129	1	0.316228	282.657	314.031
400	32.492	1	381.93	1	0.732094	1	194.763	1	57.2129	1	1	292.022	327.01
400	32.492	1	381.93	1	0.732094	1	194.763	1	57.2129	1	3.16228	301.577	340.159
400	32.492	1	381.93	1	0.732094	1	194.763	1	57.2129	1	10	310.374	350.084
400	32.492	1	381.93	1	0.732094	1	194.763	1	57.2129	1	31.6228	323.153	361.641
400	32.492	1	381.93	1	0.732094	1	194.763	1	57.2129	1	100	345.041	384.776
401	61.3028	1	211.526	1	1.33366	1	270.34	1	37.4125	1	0	273.249	301.462
401	61.3028	1	211.526	1	1.33366	1	270.34	1	37.4125	1	0.001	273.272	301.492
401	61.3028	1	211.526	1	1.33366	1	270.34	1	37.4125	1	0.00316228	273.321	301.556
401	61.3028	1	211.526	1	1.33366	1	270.34	1	37.4125	1	0.01	273.475	301.76
401	61.3028	1	211.526	1	1.33366	1	270.34	1	37.4125	1	0.0316228	273.951	302.391
401	61.3028	1	211.526	1	1.33366	1	270.34	1	37.4125	1	0.1	275.364	304.261
401	61.3028	1	211.526	1	1.33366	1	270.34	1	37.4125	1	0.316228	279.116	309.274
401	61.3028	1	211.526	1	1.33366	1	270.34	1	37.4125	1	1	286.719	319.673
401	61.3028	1	211.526	1	1.33366	1	270.34	1	37.4125	1	3.16228	296.427	333.371
401	61.3028	1	211.526	1	1.33366	1	270.34	1	37.4125	1	10	304.547	344.221
401	61.3028	1	211.526	1	1.33366	1	270.34	1	37.4125	1	31.6228	312.571	352.227
401	61.3028	1	211.526	1	1.33366	1	270.34	1	37.4125	1	100	323.721	364.569
402	18.2515	1	761.883	1	0.640589	1	205.404	1	35.3186	1	0	273.249	301.462
402	18.2515	1	761.883	1	0.640589	1	205.404	1	35.3186	1	0.001	273.297	301.524
402	18.2515	1	761.883	1	0.640589	1	205.404	1	35.3186	1	0.00316228	273.4	301.66
402	18.2515	1	761.883	1	0.640589	1	205.404	1	35.3186	1	0.01	273.721	302.082
402	18.2515	1	761.883	1	0.640589	1	205.404	1	35.3186	1	0.0316228	274.693	303.361
402	18.2515	1	761.883	1	0.640589	1	205.404	1	35.3186	1	0.1	277.408	306.936
402	18.2515	1	761.883	1	0.640589	1	205.404	1	35.3186	1	0.316228	283.678	315.343
402	18.2515	1	761.883	1	0.640589	1	205.404	1	35.3186	1	1	293.453	328.738
402	18.2515	1	761.883	1	0.640589	1	205.404	1	35.3186	1	3.16228	303.288	341.66
402	18.2515	1	761.883	1	0.640589	1	205.404	1	35.3186	1	10	313.106	351.602
402	18.2515	1	761.883	1	0.640589	1	205.404	1	35.3186	1	31.6228	325.297	363.738
402	18.2515	1	761.883	1	0.640589	1	205.404	1	35.3186	1	100	348.965	389.061
403	28.9057	1	348.621	1	0.648835	1	383.003	1	39.5133	1	0	273.249	301.462
403	28.9057	1	348.621	1	0.648835	1	383.003	1	39.5133	1	0.001	273.296	301.523
403	28.9057	1	348.621	1	0.648835	1	383.003	1	39.5133	1	0.00316228	273.397	301.656
403	28.9057	1	348.621	1	0.648835	1	383.003	1	39.5133	1	0.01	273.71	302.071
403	28.9057	1	348.621	1	0.648835	1	383.003	1	39.5133	1	0.0316228	274.66	303.327
403	28.9057	1	348.621	1	0.648835	1	383.003	1	39.5133	1	0.1	277.312	306.839
403	28.9057	1	348.621	1	0.648835	1	383.003	1	39.5133	1	0.316228	283.426	315.107
403	28.9057	1	348.621	1	0.648835	1	383.003	1	39.5133	1	1	292.823	328.226
403	28.9057	1	348.621	1	0.648835	1	383.003	1	39.5133	1	3.16228	301.602	340.402
403	28.9057	1	348.621	1	0.648835	1	383.003	1	39.5133	1	10	308.62	348.094
403	28.9057	1	348.621	1	0.648835	1	383.003	1	39.5133	1	31.6228	316.004	354.188
403	28.9057	1	348.621	1	0.648835	1	383.003	1	39.5133	1	100	325.406	364.336
404	22.3802	1	243.001	1	1.15091	1	719.991	1	67.8702	1	0	273.249	301.462
404	22.3802	1	243.001	1	1.15091	1	719.991	1	67.8702	1	0.001	273.276	301.496
404	22.3802	1	243.001	1	1.15091	1	719.991	1	67.8702	1	0.00316228	273.333	301.571
404	22.3802	1	243.001	1	1.15091	1	719.991	1	67.8702	1	0.01	273.512	301.806
404	22.3802	1	243.001	1	1.15091	1	719.991	1	67.8702	1	0.0316228	274.064	302.532
404	22.3802	1	243.001	1	1.15091	1	719.991	1	67.8702	1	0.1	275.686	304.662
404	22.3802	1	243.001	1	1.15091	1	719.991	1	67.8702	1	0.316228	279.9	310.247
404	22.3802	1	243.001	1	1.15091	1	719.991	1	67.8702	1	1	288.072	321.275
404	22.3802	1	243.001	1	1.15091	1	719.991	1	67.8702	1	3.16228	297.938	334.636
404	22.3802	1	243.001	1	1.15091	1	719.991	1	67.8702	1	10	306.185	344.027
404	22.3802	1	243.001	1	1.15091	1	719.991	1	67.8702	1	31.6228	311.59	348.366
404	22.3802	1	243.001	1	1.15091	1	719.991	1	67.8702	1	100	312.584	349.883
405	32.8251	1	666.912	1	0.571346	1	274.672	1	58.977	1	0	273.249	301.462
405	32.8251	1	666.912	1	0.571346	1	274.672	1	58.977	1	0.001	273.302	301.532
405	32.8251	1	666.912	1	0.571346	1	274.672	1	58.977	1	0.00316228	273.417	301.683
405	32.8251	1	666.912	1	0.571346	1	274.672	1	58.977	1	0.01	273.772	302.153
405	32.8251	1	666.912	1	0.571346	1	274.672	1	58.977	1	0.0316228	274.843	303.571
405	32.8251	1	666.912	1	0.571346	1	274.672	1	58.977	1	0.1	277.798	307.497
405	32.8251	1	666.912	1	0.571346	1	274.672	1	58.977	1	0.316228	284.367	316.418
405	32.8251	1	666.912	1	0.571346	1	274.672	1	58.977	1	1	293.946	329.87
405	32.8251	1	666.912	1	0.571346	1	274.672	1	58.977	1	3.16228	302.614	341.884
405	32.8251	1	666.912	1	0.571346	1	274.672	1	58.977	1	10	310.191	350.148
405	32.8251	1	666.912	1	0.571346	1	274.672	1	58.977	1	31.6228	320.938	359.432
405	32.8251	1	666.912	1	0.571346	1	274.672	1	58.977	1	100	338.876	378.151
406	24.7137	1	438.75	1	1.00639	1	122.841	1	69.7855	1	0	273.249	301.462
406	24.7137	1	438.75	1	1.00639	1	122.841	1	69.7855	1	0.001	273.28	301.502
406	24.7137	1	438.75	1	1.00639	1	122.841	1	69.7855	1	0.00316228	273.346	301.589
406	24.7137	1	438.75	1	1.00639	1	122.841	1	69.7855	1	0.01	273.554	301.862
406	24.7137	1	438.75	1	1.00639	1	122.841	1	69.7855	1	0.0316228	274.194	302.701
406	24.7137	1	438.75	1	1.00639	1	122.841	1	69.7855	1	0.1	276.06	305.145
406	24.7137	1	438.75	1	1.00639	1	122.841	1	69.7855	1	0.316228	280.818	311.441
406	24.7137	1	438.75	1	1.00639	1	122.841	1	69.7855	1	1	289.78	323.515
406	24.7137	1	438.75	1	1.00639	1	122.841	1	69.7855	1	3.16228	300.876	338.252
406	24.7137	1	438.75	1	1.00639	1	122.841	1	69.7855	1	10	313.149	351.891
406	24.7137	1	438.75	1	1.00639	1	122.841	1	69.7855	1	31.6228	332	370.175
406	24.7137	1	438.75	1	1.00639	1	122.841	1	69.7855	1	100	365.972	406.572
407	19.5207	1	255.267	1	0.801222	1	694.886	1	64.1638	1	0	273.249	301.462
407	19.5207	1	255.267	1	0.801222	1	694.886	1	64.1638	1	0.001	273.287	301.512
407	19.5207	1	255.267	1	0.801222	1	694.886	1	64.1638	1	0.00316228	273.369	301.619
407	19.5207	1	255.267	1	0.801222	1	694.886	1	64.1638	1	0.01	273.624	301.955
407	19.5207	1	255.267	1	0.801222	1	694.886	1	64.1638	1	0.0316228	274.404	302.983
407	19.5207	1	255.267	1	0.801222	1	694.886	1	64.1638	1	0.1	276.628	305.908
407	19.5207	1	255.267	1	0.801222	1	694.886	1	64.1638	1	0.316228	282.029	313.124
407	19.5207	1	255.267	1	0.801222	1	694.886	1	64.1638	1	1	291.137	325.587
407	19.5207	1	255.267	1	0.801222	1	694.886	1	64.1638	1	3.16228	300.513	338.242
407	19.5207	1	255.267	1	0.801222	1	694.886	1	64.1638	1	10	307.964	346.055
407	19.5207	1	255.267	1	0.801222	1	694.886	1	64.1638	1	31.6228	312.639	349.619
407	19.5207	1	255.267	1	0.801222	1	694.886	1	64.1638	1	100	313.878	351.348
408	29.8526	1	686.432	1	0.972595	1	289.749	1	90.3443	1	0	273.249	301.462
408	29.8526	1	686.432	1	0.972595	1	289.749	1	90.3443	1	0.001	273.281	301.503
408	29.8526	1	686.432	1	0.972595	1	289.749	1	90.3443	1	0.00316228	273.349	301.592
408	29.8526	1	686.432	1	0.972595	1	289.749	1	90.3443	1	0.01	273.561	301.872
408	29.8526	1	686.432	1	0.972595	1	289.749	1	90.3443	1	0.0316228	274.213	302.732
408	29.8526	1	686.432	1	0.972595	1	289.749	1	90.3443	1	0.1	276.107	305.224
408	29.8526	1	686.432	1	0.972595	1	289.749	1	90.3443	1	0.316228	280.885	311.588
408	29.8526	1	686.432	1	0.972595	1	289.749	1	90.3443	1	1	289.645	323.542
408	29.8526	1	686.432	1	0.972595	1	289.749	1	90.3443	1	3.16228	299.727	337.305
408	29.8526	1	686.432	1	0.972595	1	289.749	1	90.3443	1	10	309.012	347.987
408	29.8526	1	686.432	1	0.972595	1	289.749	1	90.3443	1	31.6228	320.532	358.363
408	29.8526	1	686.432	1	0.972595	1	289.749	1	90.3443	1	100	337.728	376.678
409	32.0303	1	1214.15	1	3.21918	1	534.689	1	56.866	1	0	273.249	301.462
409	32.0303	1	1214.15	1	3.21918	1	534.689	1	56.866	1	0.001	273.259	301.474
409	32.0303	1	1214.15	1	3.21918	1	534.689	1	56.866	1	0.00316228	273.28	301.502
409	32.0303	1	1214.15	1	3.21918	1	534.689	1	56.866	1	0.01	273.347	301.588
409	32.0303	1	1214.15	1	3.21918	1	534.689	1	56.866	1	0.0316228	273.556	301.858
409	32.0303	1	1214.15	1	3.21918	1	534.689	1	56.866	1	0.1	274.2	302.689
409	32.0303	1	1214.15	1	3.21918	1	534.689	1	56.866	1	0.316228	276.08	305.112
409	32.0303	1	1214.15	1	3.21918	1	534.689	1	56.866	1	1	280.906	311.364
409	32.0303	1	1214.15	1	3.21918	1	534.689	1	56.866	1	3.16228	290.143	323.387
409	32.0303	1	1214.15	1	3.21918	1	534.689	1	56.866	1	10	301.962	337.99
409	32.0303	1	1214.15	1	3.21918	1	534.689	1	56.866	1	31.6228	313.894	350.583
409	32.0303	1	1214.15	1	3.21918	1	534.689	1	56.866	1	100	326.437	364.598
410	46.5815	1	351.866	1	0.832525	1	403.007	1	49.2736	1	0	273.249	301.462
410	46.5815	1	351.866	1	0.832525	1	403.007	1	49.2736	1	0.001	273.286	301.51
410	46.5815	1	351.866	1	0.832525	1	403.007	1	49.2736	1	0.00316228	273.364	301.613
410	46.5815	1	351.866	1	0.832525	1	403.007	1	49.2736	1	0.01	273.609	301.938
410	46.5815	1	351.866	1	0.832525	1	403.007	1	49.2736	1	0.0316228	274.358	302.93
410	46.5815	1	351.866	1	0.832525	1	403.007	1	49.2736	1	0.1	276.5	305.765
410	46.5815	1	351.866	1	0.832525	1	403.007	1	49.2736	1	0.316228	281.729	312.811
410	46.5815	1	351.866	1	0.832525	1	403.007	1	49.2736	1	1	290.623	325.198
410	46.5815	1	351.866	1	0.832525	1	403.007	1	49.2736	1	3.16228	299.728	338.121
410	46.5815	1	351.866	1	0.832525	1	403.007	1	49.2736	1	10	306.627	346.67
410	46.5815	1	351.866	1	0.832525	1	403.007	1	49.2736	1	31.6228	313.936	352.858
410	46.5815	1	351.866	1	0.832525	1	403.007	1	49.2736	1	100	322.942	362.347
411	30.048	1	374.566	1	0.917193	1	285.856	1	39.1083	1	0	273.249	301.462
411	30.048	1	374.566	1	0.917193	1	285.856	1	39.1083	1	0.001	273.283	301.505
411	30.048	1	374.566	1	0.917193	1	285.856	1	39.1083	1	0.00316228	273.354	301.6
411	30.048	1	374.566	1	0.917193	1	285.856	1	39.1083	1	0.01	273.578	301.896
411	30.048	1	374.566	1	0.917193	1	285.856	1	39.1083	1	0.0316228	274.267	302.803
411	30.048	1	374.566	1	0.917193	1	285.856	1	39.1083	1	0.1	276.254	305.422
411	30.048	1	374.566	1	0.917193	1	285.856	1	39.1083	1	0.316228	281.21	312.039
411	30.048	1	374.566	1	0.917193	1	285.856	1	39.1083	1	1	290.068	324.187
411	30.048	1	374.566	1	0.917193	1	285.856	1	39.1083	1	3.16228	299.888	337.683
411	30.048	1	374.566	1	0.917193	1	285.856	1	39.1083	1	10	308.504	347.631
411	30.048	1	374.566	1	0.917193	1	285.856	1	39.1083	1	31.6228	318.279	356.522
411	30.048	1	374.566	1	0.917193	1	285.856	1	39.1083	1	100	332.61	371.977
412	33.38	1	1467.62	1	0.76701	1	296.903	1	38.9722	1	0	273.249	301.462
412	33.38	1	1467.62	1	0.76701	1	296.903	1	38.9722	1	0.001	273.289	301.514
412	33.38	1	1467.62	1	0.76701	1	296.903	1	38.9722	1	0.00316228	273.375	301.627
412	33.38	1	1467.62	1	0.76701	1	296.903	1	38.9722	1	0.01	273.642	301.98
412	33.38	1	1467.62	1	0.76701	1	296.903	1	38.9722	1	0.0316228	274.458	303.058
412	33.38	1	1467.62	1	0.76701	1	296.903	1	38.9722	1	0.1	276.775	306.115
412	33.38	1	1467.62	1	0.76701	1	296.903	1	38.9722	1	0.316228	282.347	313.606
412	33.38	1	1467.62	1	0.76701	1	296.903	1	38.9722	1	1	291.604	326.411
412	33.38	1	1467.62	1	0.76701	1	296.903	1	38.9722	1	3.16228	301.145	339.582
412	33.38	1	1467.62	1	0.76701	1	296.903	1	38.9722	1	10	309.629	349.248
412	33.38	1	1467.62	1	0.76701	1	296.903	1	38.9722	1	31.6228	320.601	359.385
412	33.38	1	1467.62	1	0.76701	1	296.903	1	38.9722	1	100	339.663	379.346
413	37.1656	1	462.922	1	1.383	1	365.479	1	25.3853	1	0	273.249	301.462
413	37.1656	1	462.922	1	1.383	1	365.479	1	25.3853	1	0.001	273.272	301.491
413	37.1656	1	462.922	1	1.383	1	365.479	1	25.3853	1	0.00316228	273.319	301.554
413	37.1656	1	462.922	1	1.383	1	365.479	1	25.3853	1	0.01	273.469	301.751
413	37.1656	1	462.922	1	1.383	1	365.479	1	25.3853	1	0.0316228	273.934	302.363
413	37.1656	1	462.922	1	1.383	1	365.479	1	25.3853	1	0.1	275.317	304.183
413	37.1656	1	462.922	1	1.383	1	365.479	1	25.3853	1	0.316228	279.016	309.086
413	37.1656	1	462.922	1	1.383	1	365.479	1	25.3853	1	1	286.649	319.393
413	37.1656	1	462.922	1	1.383	1	365.479	1	25.3853	1	3.16228	296.756	333.272
413	37.1656	1	462.922	1	1.383	1	365.479	1	25.3853	1	10	305.962	344.707
413	37.1656	1	462.922	1	1.383	1	365.479	1	25.3853	1	31.6228	314.918	353.573
413	37.1656	1	462.922	1	1.383	1	365.479	1	25.3853	1	100	326.887	366.819
414	28.1759	1	450.431	1	0.979884	1	165.282	1	52.2641	1	0	273.249	301.462
414	28.1759	1	450.431	1	0.979884	1	165.282	1	52.2641	1	0.001	273.281	301.503
414	28.1759	1	450.431	1	0.979884	1	165.282	1	52.2641	1	0.00316228	273.348	301.592
414	28.1759	1	450.431	1	0.979884	1	165.282	1	52.2641	1	0.01	273.56	301.871
414	28.1759	1	450.431	1	0.979884	1	165.282	1	52.2641	1	0.0316228	274.212	302.728
414	28.1759	1	450.431	1	0.979884	1	165.282	1	52.2641	1	0.1	276.106	305.216
414	28.1759	1	450.431	1	0.979884	1	165.282	1	52.2641	1	0.316228	280.902	311.589
414	28.1759	1	450.431	1	0.979884	1	165.282	1	52.2641	1	1	289.78	323.646
414	28.1759	1	450.431	1	0.979884	1	165.282	1	52.2641	1	3.16228	300.33	337.888
414	28.1759	1	450.431	1	0.979884	1	165.282	1	52.2641	1	10	310.979	349.983
414	28.1759	1	450.431	1	0.979884	1	165.282	1	52.2641	1	31.6228	326.189	364.501
414	28.1759	1	450.431	1	0.979884	1	165.282	1	52.2641	1	100	352.671	392.74
415	38.7392	1	282.284	1	1.3226	1	135.296	1	125.423	1	0	273.249	301.462
415	38.7392	1	282.284	1	1.3226	1	135.296	1	125.423	1	0.001	273.273	301.492
415	38.7392	1	282.284	1	1.3226	1	135.296	1	125.423	1	0.00316228	273.323	301.558
415	38.7392	1	282.284	1	1.3226	1	135.296	1	125.423	1	0.01	273.481	301.766
415	38.7392	1	282.284	1	1.3226	1	135.296	1	125.423	1	0.0316228	273.971	302.41
415	38.7392	1	282.284	1	1.3226	1	135.296	1	125.423	1	0.1	275.424	304.32
415	38.7392	1	282.284	1	1.3226	1	135.296	1	125.423	1	0.316228	279.299	309.45
415	38.7392	1	282.284	1	1.3226	1	135.296	1	125.423	1	1	287.248	320.159
415	38.7392	1	282.284	1	1.3226	1	135.296	1	125.423	1	3.16228	298.03	334.793
415	38.7392	1	282.284	1	1.3226	1	135.296	1	125.423	1	10	309.421	348.541
415	38.7392	1	282.284	1	1.3226	1	135.296	1	125.423	1	31.6228	326.272	364.855
415	38.7392	1	282.284	1	1.3226	1	135.296	1	125.423	1	100	356.19	395.789
416	29.3584	1	1134.54	1	0.611718	1	395.104	1	75.9115	1	0	273.249	301.462
416	29.3584	1	1134.54	1	0.611718	1	395.104	1	75.9115	1	0.001	273.299	301.527
416	29.3584	1	1134.54	1	0.611718	1	395.104	1	75.9115	1	0.00316228	273.406	301.668
416	29.3584	1	1134.54	1	0.611718	1	395.104	1	75.9115	1	0.01	273.738	302.108
416	29.3584	1	1134.54	1	0.611718	1	395.104	1	75.9115	1	0.0316228	274.744	303.438
416	29.3584	1	1134.54	1	0.611718	1	395.104	1	75.9115	1	0.1	277.537	307.14
416	29.3584	1	1134.54	1	0.611718	1	395.104	1	75.9115	1	0.316228	283.873	315.718
416	29.3584	1	1134.54	1	0.611718	1	395.104	1	75.9115	1	1	293.391	329.013
416	29.3584	1	1134.54	1	0.611718	1	395.104	1	75.9115	1	3.16228	302.211	341.176
416	29.3584	1	1134.54	1	0.611718	1	395.104	1	75.9115	1	10	309.74	349.295
416	29.3584	1	1134.54	1	0.611718	1	395.104	1	75.9115	1	31.6228	319.196	357.251
416	29.3584	1	1134.54	1	0.611718	1	395.104	1	75.9115	1	100	333.033	371.973
417	31.1811	1	1658.47	1	1.48346	1	104.826	1	32.4099	1	0	273.249	301.462
417	31.1811	1	1658.47	1	1.48346	1	104.826	1	32.4099	1	0.001	273.271	301.489
417	31.1811	1	1658.47	1	1.48346	1	104.826	1	32.4099	1	0.00316228	273.317	301.549
417	31.1811	1	1658.47	1	1.48346	1	104.826	1	32.4099	1	0.01	273.461	301.738
417	31.1811	1	1658.47	1	1.48346	1	104.826	1	32.4099	1	0.0316228	273.911	302.324
417	31.1811	1	1658.47	1	1.48346	1	104.826	1	32.4099	1	0.1	275.255	304.076
417	31.1811	1	1658.47	1	1.48346	1	104.826	1	32.4099	1	0.316228	278.912	308.862
417	31.1811	1	1658.47	1	1.48346	1	104.826	1	32.4099	1	1	286.793	319.296
417	31.1811	1	1658.47	1	1.48346	1	104.826	1	32.4099	1	3.16228	298.515	334.748
417	31.1811	1	1658.47	1	1.48346	1	104.826	1	32.4099	1	10	312.934	351.551
417	31.1811	1	1658.47	1	1.48346	1	104.826	1	32.4099	1	31.6228	335.673	375.043
417	31.1811	1	1658.47	1	1.48346	1	104.826	1	32.4099	1	100	380.304	422.311
418	28.6299	1	308.683	1	1.39703	1	129.761	1	62.715	1	0	273.249	301.462
418	28.6299	1	308.683	1	1.39703	1	129.761	1	62.715	1	0.001	273.272	301.491
418	28.6299	1	308.683	1	1.39703	1	129.761	1	62.715	1	0.00316228	273.32	301.554
418	28.6299	1	308.683	1	1.39703	1	129.761	1	62.715	1	0.01	273.471	301.751
418	28.6299	1	308.683	1	1.39703	1	129.761	1	62.715	1	0.0316228	273.939	302.364
418	28.6299	1	308.683	1	1.39703	1	129.761	1	62.715	1	0.1	275.334	304.189
418	28.6299	1	308.683	1	1.39703	1	129.761	1	62.715	1	0.316228	279.089	309.127
418	28.6299	1	308.683	1	1.39703	1	129.761	1	62.715	1	1	286.973	319.634
418	28.6299	1	308.683	1	1.39703	1	129.761	1	62.715	1	3.16228	298.09	334.432
418	28.6299	1	308.683	1	1.39703	1	129.761	1	62.715	1	10	310.509	348.914
418	28.6299	1	308.683	1	1.39703	1	129.761	1	62.715	1	31.6228	328.418	366.484
418	28.6299	1	308.683	1	1.39703	1	129.761	1	62.715	1	100	359.185	399.385
419	22.9415	1	501.234	1	0.970214	1	146.83	1	48.6758	1	0	273.249	301.462
419	22.9415	1	501.234	1	0.970214	1	146.83	1	48.6758	1	0.001	273.281	301.503
419	22.9415	1	501.234	1	0.970214	1	146.83	1	48.6758	1	0.00316228	273.35	301.593
419	22.9415	1	501.234	1	0.970214	1	146.83	1	48.6758	1	0.01	273.565	301.876
419	22.9415	1	501.234	1	0.970214	1	146.83	1	48.6758	1	0.0316228	274.226	302.743
419	22.9415	1	501.234	1	0.970214	1	146.83	1	48.6758	1	0.1	276.148	305.26
419	22.9415	1	501.234	1	0.970214	1	146.83	1	48.6758	1	0.316228	281.011	311.699
419	22.9415	1	501.234	1	0.970214	1	146.83	1	48.6758	1	1	290.033	323.871
419	22.9415	1	501.234	1	0.970214	1	146.83	1	48.6758	1	3.16228	300.917	338.326
419	22.9415	1	501.234	1	0.970214	1	146.83	1	48.6758	1	10	312.48	351.048
419	22.9415	1	501.234	1	0.970214	1	146.83	1	48.6758	1	31.6228	328.904	367.177
419	22.9415	1	501.234	1	0.970214	1	146.83	1	48.6758	1	100	358.968	399.334
420	50.998	1	401.124	1	1.1357	1	655.739	1	74.5179	1	0	273.249	301.462
420	50.998	1	401.124	1	1.1357	1	655.739	1	74.5179	1	0.001	273.276	301.497
420	50.998	1	401.124	1	1.1357	1	655.739	1	74.5179	1	0.00316228	273.333	301.573
420	50.998	1	401.124	1	1.1357	1	655.739	1	74.5179	1	0.01	273.514	301.811
420	50.998	1	401.124	1	1.1357	1	655.739	1	74.5179	1	0.0316228	274.069	302.547
420	50.998	1	401.124	1	1.1357	1	655.739	1	74.5179	1	0.1	275.7	304.705
420	50.998	1	401.124	1	1.1357	1	655.739	1	74.5179	1	0.316228	279.919	310.352
420	50.998	1	401.124	1	1.1357	1	655.739	1	74.5179	1	1	287.996	321.458
420	50.998	1	401.124	1	1.1357	1	655.739	1	74.5179	1	3.16228	297.484	334.858
420	50.998	1	401.124	1	1.1357	1	655.739	1	74.5179	1	10	304.83	344.401
420	50.998	1	401.124	1	1.1357	1	655.739	1	74.5179	1	31.6228	311.265	349.951
420	50.998	1	401.124	1	1.1357	1	655.739	1	74.5179	1	100	316.952	355.253
421	43.9669	1	437.618	1	1.09441	1	763.909	1	105.734	1	0	273.249	301.462
421	43.9669	1	437.618	1	1.09441	1	763.909	1	105.734	1	0.001	273.277	301.498
421	43.9669	1	437.618	1	1.09441	1	763.909	1	105.734	1	0.00316228	273.337	301.577
421	43.9669	1	437.618	1	1.09441	1	763.909	1	105.734	1	0.01	273.524	301.824
421	43.9669	1	437.618	1	1.09441	1	763.909	1	105.734	1	0.0316228	274.1	302.587
421	43.9669	1	437.618	1	1.09441	1	763.909	1	105.734	1	0.1	275.787	304.817
421	43.9669	1	437.618	1	1.09441	1	763.909	1	105.734	1	0.316228	280.124	310.619
421	43.9669	1	437.618	1	1.09441	1	763.909	1	105.734	1	1	288.326	321.888
421	43.9669	1	437.618	1	1.09441	1	763.909	1	105.734	1	3.16228	297.824	335.232
421	43.9669	1	437.618	1	1.09441	1	763.909	1	105.734	1	10	305.21	344.589
421	43.9669	1	437.618	1	1.09441	1	763.909	1	105.734	1	31.6228	311.77	349.959
421	43.9669	1	437.618	1	1.09441	1	763.909	1	105.734	1	100	316.952	354.573
422	25.2688	1	356.432	1	2.02667	1	586.1	1	85.9854	1	0	273.249	301.462
422	25.2688	1	356.432	1	2.02667	1	586.1	1	85.9854	1	0.001	273.265	301.481
422	25.2688	1	356.432	1	2.02667	1	586.1	1	85.9854	1	0.00316228	273.297	301.524
422	25.2688	1	356.432	1	2.02667	1	586.1	1	85.9854	1	0.01	273.401	301.659
422	25.2688	1	356.432	1	2.02667	1	586.1	1	85.9854	1	0.0316228	273.723	302.079
422	25.2688	1	356.432	1	2.02667	1	586.1	1	85.9854	1	0.1	274.701	303.353
422	25.2688	1	356.432	1	2.02667	1	586.1	1	85.9854	1	0.316228	277.437	306.912
422	25.2688	1	356.432	1	2.02667	1	586.1	1	85.9854	1	1	283.791	315.277
422	25.2688	1	356.432	1	2.02667	1	586.1	1	85.9854	1	3.16228	293.806	328.554
422	25.2688	1	356.432	1	2.02667	1	586.1	1	85.9854	1	10	304.243	341.11
422	25.2688	1	356.432	1	2.02667	1	586.1	1	85.9854	1	31.6228	312.958	349.404
422	25.2688	1	356.432	1	2.02667	1	586.1	1	85.9854	1	100	318.884	356.336
423	45.075	1	795.231	1	1.4611	1	170.729	1	48.8591	1	0	273.249	301.462
423	45.075	1	795.231	1	1.4611	1	170.729	1	48.8591	1	0.001	273.271	301.489
423	45.075	1	795.231	1	1.4611	1	170.729	1	48.8591	1	0.00316228	273.316	301.55
423	45.075	1	795.231	1	1.4611	1	170.729	1	48.8591	1	0.01	273.46	301.738
423	45.075	1	795.231	1	1.4611	1	170.729	1	48.8591	1	0.0316228	273.906	302.325
423	45.075	1	795.231	1	1.4611	1	170.729	1	48.8591	1	0.1	275.238	304.074
423	45.075	1	795.231	1	1.4611	1	170.729	1	48.8591	1	0.316228	278.838	308.831
423	45.075	1	795.231	1	1.4611	1	170.729	1	48.8591	1	1	286.455	319.071
423	45.075	1	795.231	1	1.4611	1	170.729	1	48.8591	1	3.16228	297.187	333.654
423	45.075	1	795.231	1	1.4611	1	170.729	1	48.8591	1	10	308.551	347.653
423	45.075	1	795.231	1	1.4611	1	170.729	1	48.8591	1	31.6228	324.735	363.84
423	45.075	1	795.231	1	1.4611	1	170.729	1	48.8591	1	100	353.463	394.357
424	28.7752	1	1021.23	1	0.401637	1	243.954	1	56.4576	1	0	273.249	301.462
424	28.7752	1	1021.23	1	0.401637	1	243.954	1	56.4576	1	0.001	273.325	301.561
424	28.7752	1	1021.23	1	0.401637	1	243.954	1	56.4576	1	0.00316228	273.486	301.776
424	28.7752	1	1021.23	1	0.401637	1	243.954	1	56.4576	1	0.01	273.986	302.438
424	28.7752	1	1021.23	1	0.401637	1	243.954	1	56.4576	1	0.0316228	275.464	304.396
424	28.7752	1	1021.23	1	0.401637	1	243.954	1	56.4576	1	0.1	279.359	309.609
424	28.7752	1	1021.23	1	0.401637	1	243.954	1	56.4576	1	0.316228	287.1	320.245
424	28.7752	1	1021.23	1	0.401637	1	243.954	1	56.4576	1	1	296.705	333.914
424	28.7752	1	1021.23	1	0.401637	1	243.954	1	56.4576	1	3.16228	304.463	344.468
424	28.7752	1	1021.23	1	0.401637	1	243.954	1	56.4576	1	10	311.886	351.943
424	28.7752	1	1021.23	1	0.401637	1	243.954	1	56.4576	1	31.6228	323.505	362.081
424	28.7752	1	1021.23	1	0.401637	1	243.954	1	56.4576	1	100	344.614	384.399
425	21.5414	1	480.243	1	0.556115	1	292.327	1	56.2581	1	0	273.249	301.462
425	21.5414	1	480.243	1	0.556115	1	292.327	1	56.2581	1	0.001	273.304	301.534
425	21.5414	1	480.243	1	0.556115	1	292.327	1	56.2581	1	0.00316228	273.421	301.689
425	21.5414	1	480.243	1	0.556115	1	292.327	1	56.2581	1	0.01	273.787	302.172
425	21.5414	1	480.243	1	0.556115	1	292.327	1	56.2581	1	0.0316228	274.887	303.625
425	21.5414	1	480.243	1	0.556115	1	292.327	1	56.2581	1	0.1	277.916	307.641
425	21.5414	1	480.243	1	0.556115	1	292.327	1	56.2581	1	0.316228	284.607	316.692
425	21.5414	1	480.243	1	0.556115	1	292.327	1	56.2581	1	1	294.3	330.185
425	21.5414	1	480.243	1	0.556115	1	292.327	1	56.2581	1	3.16228	303.137	342.066
425	21.5414	1	480.243	1	0.556115	1	292.327	1	56.2581	1	10	311.157	350.123
425	21.5414	1	480.243	1	0.556115	1	292.327	1	56.2581	1	31.6228	320.633	358.502
425	21.5414	1	480.243	1	0.556115	1	292.327	1	56.2581	1	100	335.547	374.519
426	56.6927	1	665.573	1	0.746047	1	274.218	1	53.1075	1	0	273.249	301.462
426	56.6927	1	665.573	1	0.746047	1	274.218	1	53.1075	1	0.001	273.29	301.515
426	56.6927	1	665.573	1	0.746047	1	274.218	1	53.1075	1	0.00316228	273.378	301.631
426	56.6927	1	665.573	1	0.746047	1	274.218	1	53.1075	1	0.01	273.651	301.994
426	56.6927	1	665.573	1	0.746047	1	274.218	1	53.1075	1	0.0316228	274.484	303.098
426	56.6927	1	665.573	1	0.746047	1	274.218	1	53.1075	1	0.1	276.843	306.221
426	56.6927	1	665.573	1	0.746047	1	274.218	1	53.1075	1	0.316228	282.471	313.83
426	56.6927	1	665.573	1	0.746047	1	274.218	1	53.1075	1	1	291.649	326.675
426	56.6927	1	665.573	1	0.746047	1	274.218	1	53.1075	1	3.16228	300.764	339.622
426	56.6927	1	665.573	1	0.746047	1	274.218	1	53.1075	1	10	308.238	348.826
426	56.6927	1	665.573	1	0.746047	1	274.218	1	53.1075	1	31.6228	318.545	358.3
426	56.6927	1	665.573	1	0.746047	1	274.218	1	53.1075	1	100	336.61	376.992
427	27.3333	1	180.339	1	1.37006	1	731.713	1	41.0855	1	0	273.249	301.462
427	27.3333	1	180.339	1	1.37006	1	731.713	1	41.0855	1	0.001	273.271	301.491
427	27.3333	1	180.339	1	1.37006	1	731.713	1	41.0855	1	0.00316228	273.319	301.553
427	27.3333	1	180.339	1	1.37006	1	731.713	1	41.0855	1	0.01	273.469	301.751
427	27.3333	1	180.339	1	1.37006	1	731.713	1	41.0855	1	0.0316228	273.932	302.361
427	27.3333	1	180.339	1	1.37006	1	731.713	1	41.0855	1	0.1	275.31	304.174
427	27.3333	1	180.339	1	1.37006	1	731.713	1	41.0855	1	0.316228	278.983	309.043
427	27.3333	1	180.339	1	1.37006	1	731.713	1	41.0855	1	1	286.503	319.189
427	27.3333	1	180.339	1	1.37006	1	731.713	1	41.0855	1	3.16228	296.174	332.451
427	27.3333	1	180.339	1	1.37006	1	731.713	1	41.0855	1	10	304.048	342.039
427	27.3333	1	180.339	1	1.37006	1	731.713	1	41.0855	1	31.6228	308.41	345.526
427	27.3333	1	180.339	1	1.37006	1	731.713	1	41.0855	1	100	306.549	344.712
428	17.2147	1	477.976	1	1.65867	1	220.628	1	56.7659	1	0	273.249	301.462
428	17.2147	1	477.976	1	1.65867	1	220.628	1	56.7659	1	0.001	273.268	301.486
428	17.2147	1	477.976	1	1.65867	1	220.628	1	56.7659	1	0.00316228	273.309	301.539
428	17.2147	1	477.976	1	1.65867	1	220.628	1	56.7659	1	0.01	273.438	301.706
428	17.2147	1	477.976	1	1.65867	1	220.628	1	56.7659	1	0.0316228	273.839	302.224
428	17.2147	1	477.976	1	1.65867	1	220.628	1	56.7659	1	0.1	275.044	303.781
428	17.2147	1	477.976	1	1.65867	1	220.628	1	56.7659	1	0.316228	278.361	308.071
428	17.2147	1	477.976	1	1.65867	1	220.628	1	56.7659	1	1	285.724	317.645
428	17.2147	1	477.976	1	1.65867	1	220.628	1	56.7659	1	3.16228	296.902	332.021
428	17.2147	1	477.976	1	1.65867	1	220.628	1	56.7659	1	10	309.461	346.046
428	17.2147	1	477.976	1	1.65867	1	220.628	1	56.7659	1	31.6228	322.471	359.725
428	17.2147	1	477.976	1	1.65867	1	220.628	1	56.7659	1	100	343.232	382.465
429	20.2383	1	443.113	1	0.770661	1	530.477	1	66.4923	1	0	273.249	301.462
429	20.2383	1	443.113	1	0.770661	1	530.477	1	66.4923	1	0.001	273.289	301.514
429	20.2383	1	443.113	1	0.770661	1	530.477	1	66.4923	1	0.00316228	273.374	301.626
429	20.2383	1	443.113	1	0.770661	1	530.477	1	66.4923	1	0.01	273.64	301.976
429	20.2383	1	443.113	1	0.770661	1	530.477	1	66.4923	1	0.0316228	274.452	303.045
429	20.2383	1	443.113	1	0.770661	1	530.477	1	66.4923	1	0.1	276.758	306.078
429	20.2383	1	443.113	1	0.770661	1	530.477	1	66.4923	1	0.316228	282.315	313.509
429	20.2383	1	443.113	1	0.770661	1	530.477	1	66.4923	1	1	291.57	326.181
429	20.2383	1	443.113	1	0.770661	1	530.477	1	66.4923	1	3.16228	301.092	338.99
429	20.2383	1	443.113	1	0.770661	1	530.477	1	66.4923	1	10	309.181	347.47
429	20.2383	1	443.113	1	0.770661	1	530.477	1	66.4923	1	31.6228	315.969	353.316
429	20.2383	1	443.113	1	0.770661	1	530.477	1	66.4923	1	100	322.956	361.034
430	35.5272	1	233.412	1	1.22596	1	750.951	1	127.379	1	0	273.249	301.462
430	35.5272	1	233.412	1	1.22596	1	750.951	1	127.379	1	0.001	273.274	301.494
430	35.5272	1	233.412	1	1.22596	1	750.951	1	127.379	1	0.00316228	273.327	301.564
430	35.5272	1	233.412	1	1.22596	1	750.951	1	127.379	1	0.01	273.494	301.785
430	35.5272	1	233.412	1	1.22596	1	750.951	1	127.379	1	0.0316228	274.009	302.466
430	35.5272	1	233.412	1	1.22596	1	750.951	1	127.379	1	0.1	275.53	304.473
430	35.5272	1	233.412	1	1.22596	1	750.951	1	127.379	1	0.316228	279.513	309.785
430	35.5272	1	233.412	1	1.22596	1	750.951	1	127.379	1	1	287.35	320.471
430	35.5272	1	233.412	1	1.22596	1	750.951	1	127.379	1	3.16228	296.886	333.76
430	35.5272	1	233.412	1	1.22596	1	750.951	1	127.379	1	10	304.342	343.09
430	35.5272	1	233.412	1	1.22596	1	750.951	1	127.379	1	31.6228	309.817	347.204
430	35.5272	1	233.412	1	1.22596	1	750.951	1	127.379	1	100	311.365	348.298
431	25.6408	1	631.492	1	2.49679	1	179.737	1	64.132	1	0	273.249	301.462
431	25.6408	1	631.492	1	2.49679	1	179.737	1	64.132	1	0.001	273.262	301.478
431	25.6408	1	631.492	1	2.49679	1	179.737	1	64.132	1	0.00316228	273.29	301.514
431	25.6408	1	631.492	1	2.49679	1	179.737	1	64.132	1	0.01	273.377	301.626
431	25.6408	1	631.492	1	2.49679	1	179.737	1	64.132	1	0.0316228	273.649	301.977
431	25.6408	1	631.492	1	2.49679	1	179.737	1	64.132	1	0.1	274.482	303.051
431	25.6408	1	631.492	1	2.49679	1	179.737	1	64.132	1	0.316228	276.871	306.116
431	25.6408	1	631.492	1	2.49679	1	179.737	1	64.132	1	1	282.762	313.731
431	25.6408	1	631.492	1	2.49679	1	179.737	1	64.132	1	3.16228	293.312	327.353
431	25.6408	1	631.492	1	2.49679	1	179.737	1	64.132	1	10	306.96	343.492
431	25.6408	1	631.492	1	2.49679	1	179.737	1	64.132	1	31.6228	324.31	361.414
431	25.6408	1	631.492	1	2.49679	1	179.737	1	64.132	1	100	351.466	391.03
432	36.7148	1	408.286	1	1.00652	1	388.648	1	40.0761	1	0	273.249	301.462
432	36.7148	1	408.286	1	1.00652	1	388.648	1	40.0761	1	0.001	273.28	301.501
432	36.7148	1	408.286	1	1.00652	1	388.648	1	40.0761	1	0.00316228	273.345	301.587
432	36.7148	1	408.286	1	1.00652	1	388.648	1	40.0761	1	0.01	273.549	301.857
432	36.7148	1	408.286	1	1.00652	1	388.648	1	40.0761	1	0.0316228	274.176	302.686
432	36.7148	1	408.286	1	1.00652	1	388.648	1	40.0761	1	0.1	276.003	305.096
432	36.7148	1	408.286	1	1.00652	1	388.648	1	40.0761	1	0.316228	280.631	311.281
432	36.7148	1	408.286	1	1.00652	1	388.648	1	40.0761	1	1	289.166	322.991
432	36.7148	1	408.286	1	1.00652	1	388.648	1	40.0761	1	3.16228	298.866	336.483
432	36.7148	1	408.286	1	1.00652	1	388.648	1	40.0761	1	10	306.941	346.259
432	36.7148	1	408.286	1	1.00652	1	388.648	1	40.0761	1	31.6228	315.271	353.656
432	36.7148	1	408.286	1	1.00652	1	388.648	1	40.0761	1	100	325.547	364.853
433	42.7941	1	403.435	1	1.48422	1	283.493	1	46.4904	1	0	273.249	301.462
433	42.7941	1	403.435	1	1.48422	1	283.493	1	46.4904	1	0.001	273.27	301.489
433	42.7941	1	403.435	1	1.48422	1	283.493	1	46.4904	1	0.00316228	273.315	301.547
433	42.7941	1	403.435	1	1.48422	1	283.493	1	46.4904	1	0.01	273.454	301.732
433	42.7941	1	403.435	1	1.48422	1	283.493	1	46.4904	1	0.0316228	273.889	302.304
433	42.7941	1	403.435	1	1.48422	1	283.493	1	46.4904	1	0.1	275.185	304.011
433	42.7941	1	403.435	1	1.48422	1	283.493	1	46.4904	1	0.316228	278.688	308.652
433	42.7941	1	403.435	1	1.48422	1	283.493	1	46.4904	1	1	286.086	318.634
433	42.7941	1	403.435	1	1.48422	1	283.493	1	46.4904	1	3.16228	296.264	332.606
433	42.7941	1	403.435	1	1.48422	1	283.493	1	46.4904	1	10	305.959	344.802
433	42.7941	1	403.435	1	1.48422	1	283.493	1	46.4904	1	31.6228	316.861	355.351
433	42.7941	1	403.435	1	1.48422	1	283.493	1	46.4904	1	100	332.186	371.899
434	22.8267	1	471.845	1	1.27758	1	210.414	1	71.9215	1	0	273.249	301.462
434	22.8267	1	471.845	1	1.27758	1	210.414	1	71.9215	1	0.001	273.274	301.493
434	22.8267	1	471.845	1	1.27758	1	210.414	1	71.9215	1	0.00316228	273.326	301.562
434	22.8267	1	471.845	1	1.27758	1	210.414	1	71.9215	1	0.01	273.49	301.776
434	22.8267	1	471.845	1	1.27758	1	210.414	1	71.9215	1	0.0316228	273.998	302.441
434	22.8267	1	471.845	1	1.27758	1	210.414	1	71.9215	1	0.1	275.503	304.407
434	22.8267	1	471.845	1	1.27758	1	210.414	1	71.9215	1	0.316228	279.495	309.659
434	22.8267	1	471.845	1	1.27758	1	210.414	1	71.9215	1	1	287.612	320.475
434	22.8267	1	471.845	1	1.27758	1	210.414	1	71.9215	1	3.16228	298.455	334.864
434	22.8267	1	471.845	1	1.27758	1	210.414	1	71.9215	1	10	309.728	347.62
434	22.8267	1	471.845	1	1.27758	1	210.414	1	71.9215	1	31.6228	323.249	360.741
434	22.8267	1	471.845	1	1.27758	1	210.414	1	71.9215	1	100	344.729	384.009
435	36.5228	1	1157.28	1	0.726044	1	247.019	1	65.1329	1	0	273.249	301.462
435	36.5228	1	1157.28	1	0.726044	1	247.019	1	65.1329	1	0.001	273.291	301.517
435	36.5228	1	1157.28	1	0.726044	1	247.019	1	65.1329	1	0.00316228	273.382	301.636
435	36.5228	1	1157.28	1	0.726044	1	247.019	1	65.1329	1	0.01	273.664	302.009
435	36.5228	1	1157.28	1	0.726044	1	247.019	1	65.1329	1	0.0316228	274.522	303.144
435	36.5228	1	1157.28	1	0.726044	1	247.019	1	65.1329	1	0.1	276.947	306.346
435	36.5228	1	1157.28	1	0.726044	1	247.019	1	65.1329	1	0.316228	282.707	314.109
435	36.5228	1	1157.28	1	0.726044	1	247.019	1	65.1329	1	1	292.062	327.105
435	36.5228	1	1157.28	1	0.726044	1	247.019	1	65.1329	1	3.16228	301.511	340.182
435	36.5228	1	1157.28	1	0.726044	1	247.019	1	65.1329	1	10	310.071	349.961
435	36.5228	1	1157.28	1	0.726044	1	247.019	1	65.1329	1	31.6228	322.459	361.178
435	36.5228	1	1157.28	1	0.726044	1	247.019	1	65.1329	1	100	344.208	383.986
436	31.0151	1	543.674	1	1.67975	1	341.606	1	58.6316	1	0	273.249	301.462
436	31.0151	1	543.674	1	1.67975	1	341.606	1	58.6316	1	0.001	273.268	301.486
436	31.0151	1	543.674	1	1.67975	1	341.606	1	58.6316	1	0.00316228	273.307	301.538
436	31.0151	1	543.674	1	1.67975	1	341.606	1	58.6316	1	0.01	273.432	301.701
436	31.0151	1	543.674	1	1.67975	1	341.606	1	58.6316	1	0.0316228	273.82	302.209
436	31.0151	1	543.674	1	1.67975	1	341.606	1	58.6316	1	0.1	274.986	303.735
436	31.0151	1	543.674	1	1.67975	1	341.606	1	58.6316	1	0.316228	278.187	307.938
436	31.0151	1	543.674	1	1.67975	1	341.606	1	58.6316	1	1	285.231	317.315
436	31.0151	1	543.674	1	1.67975	1	341.606	1	58.6316	1	3.16228	295.577	331.227
436	31.0151	1	543.674	1	1.67975	1	341.606	1	58.6316	1	10	306.107	344.007
436	31.0151	1	543.674	1	1.67975	1	341.606	1	58.6316	1	31.6228	317.272	354.772
436	31.0151	1	543.674	1	1.67975	1	341.606	1	58.6316	1	100	331.576	370.224
437	28.9569	1	583.62	1	1.00449	1	965.991	1	62.9719	1	0	273.249	301.462
437	28.9569	1	583.62	1	1.00449	1	965.991	1	62.9719	1	0.001	273.28	301.501
437	28.9569	1	583.62	1	1.00449	1	965.991	1	62.9719	1	0.00316228	273.345	301.588
437	28.9569	1	583.62	1	1.00449	1	965.991	1	62.9719	1	0.01	273.549	301.857
437	28.9569	1	583.62	1	1.00449	1	965.991	1	62.9719	1	0.0316228	274.178	302.687
437	28.9569	1	583.62	1	1.00449	1	965.991	1	62.9719	1	0.1	276.008	305.096
437	28.9569	1	583.62	1	1.00449	1	965.991	1	62.9719	1	0.316228	280.642	311.275
437	28.9569	1	583.62	1	1.00449	1	965.991	1	62.9719	1	1	289.18	322.94
437	28.9569	1	583.62	1	1.00449	1	965.991	1	62.9719	1	3.16228	298.839	336.239
437	28.9569	1	583.62	1	1.00449	1	965.991	1	62.9719	1	10	306.672	345.388
437	28.9569	1	583.62	1	1.00449	1	965.991	1	62.9719	1	31.6228	313.179	350.664
437	28.9569	1	583.62	1	1.00449	1	965.991	1	62.9719	1	100	316.96	354.8
438	25.6774	1	657.573	1	0.945472	1	362.149	1	47.9193	1	0	273.249	301.462
438	25.6774	1	657.573	1	0.945472	1	362.149	1	47.9193	1	0.001	273.282	301.504
438	25.6774	1	657.573	1	0.945472	1	362.149	1	47.9193	1	0.00316228	273.351	301.596
438	25.6774	1	657.573	1	0.945472	1	362.149	1	47.9193	1	0.01	273.57	301.883
438	25.6774	1	657.573	1	0.945472	1	362.149	1	47.9193	1	0.0316228	274.24	302.766
438	25.6774	1	657.573	1	0.945472	1	362.149	1	47.9193	1	0.1	276.181	305.318
438	25.6774	1	657.573	1	0.945472	1	362.149	1	47.9193	1	0.316228	281.054	311.798
438	25.6774	1	657.573	1	0.945472	1	362.149	1	47.9193	1	1	289.889	323.843
438	25.6774	1	657.573	1	0.945472	1	362.149	1	47.9193	1	3.16228	299.898	337.432
438	25.6774	1	657.573	1	0.945472	1	362.149	1	47.9193	1	10	308.905	347.569
438	25.6774	1	657.573	1	0.945472	1	362.149	1	47.9193	1	31.6228	318.479	356.353
438	25.6774	1	657.573	1	0.945472	1	362.149	1	47.9193	1	100	332.051	370.935
439	35.898	1	263.605	1	0.901089	1	791.921	1	80.405	1	0	273.249	301.462
439	35.898	1	263.605	1	0.901089	1	791.921	1	80.405	1	0.001	273.283	301.506
439	35.898	1	263.605	1	0.901089	1	791.921	1	80.405	1	0.00316228	273.355	301.601
439	35.898	1	263.605	1	0.901089	1	791.921	1	80.405	1	0.01	273.581	301.9
439	35.898	1	263.605	1	0.901089	1	791.921	1	80.405	1	0.0316228	274.274	302.817
439	35.898	1	263.605	1	0.901089	1	791.921	1	80.405	1	0.1	276.269	305.456
439	35.898	1	263.605	1	0.901089	1	791.921	1	80.405	1	0.316228	281.215	312.094
439	35.898	1	263.605	1	0.901089	1	791.921	1	80.405	1	1	289.887	324.106
439	35.898	1	263.605	1	0.901089	1	791.921	1	80.405	1	3.16228	298.974	336.913
439	35.898	1	263.605	1	0.901089	1	791.921	1	80.405	1	10	305.503	344.846
439	35.898	1	263.605	1	0.901089	1	791.921	1	80.405	1	31.6228	310.491	348.24
439	35.898	1	263.605	1	0.901089	1	791.921	1	80.405	1	100	311.738	349.268
440	68.081	1	1279.36	1	1.39897	1	170.567	1	61.5276	1	0	273.249	301.462
440	68.081	1	1279.36	1	1.39897	1	170.567	1	61.5276	1	0.001	273.271	301.491
440	68.081	1	1279.36	1	1.39897	1	170.567	1	61.5276	1	0.00316228	273.319	301.553
440	68.081	1	1279.36	1	1.39897	1	170.567	1	61.5276	1	0.01	273.468	301.75
440	68.081	1	1279.36	1	1.39897	1	170.567	1	61.5276	1	0.0316228	273.932	302.362
440	68.081	1	1279.36	1	1.39897	1	170.567	1	61.5276	1	0.1	275.313	304.181
440	68.081	1	1279.36	1	1.39897	1	170.567	1	61.5276	1	0.316228	279.018	309.101
440	68.081	1	1279.36	1	1.39897	1	170.567	1	61.5276	1	1	286.731	319.55
440	68.081	1	1279.36	1	1.39897	1	170.567	1	61.5276	1	3.16228	297.313	334.145
440	68.081	1	1279.36	1	1.39897	1	170.567	1	61.5276	1	10	308.173	347.976
440	68.081	1	1279.36	1	1.39897	1	170.567	1	61.5276	1	31.6228	324.094	364.29
440	68.081	1	1279.36	1	1.39897	1	170.567	1	61.5276	1	100	354.675	396.096
441	20.0632	1	341.393	1	1.11345	1	304.744	1	73.9512	1	0	273.249	301.462
441	20.0632	1	341.393	1	1.11345	1	304.744	1	73.9512	1	0.001	273.277	301.498
441	20.0632	1	341.393	1	1.11345	1	304.744	1	73.9512	1	0.00316228	273.336	301.576
441	20.0632	1	341.393	1	1.11345	1	304.744	1	73.9512	1	0.01	273.523	301.82
441	20.0632	1	341.393	1	1.11345	1	304.744	1	73.9512	1	0.0316228	274.099	302.575
441	20.0632	1	341.393	1	1.11345	1	304.744	1	73.9512	1	0.1	275.788	304.785
441	20.0632	1	341.393	1	1.11345	1	304.744	1	73.9512	1	0.316228	280.164	310.561
441	20.0632	1	341.393	1	1.11345	1	304.744	1	73.9512	1	1	288.626	321.908
441	20.0632	1	341.393	1	1.11345	1	304.744	1	73.9512	1	3.16228	299.075	335.791
441	20.0632	1	341.393	1	1.11345	1	304.744	1	73.9512	1	10	309.016	346.755
441	20.0632	1	341.393	1	1.11345	1	304.744	1	73.9512	1	31.6228	318.629	355.85
441	20.0632	1	341.393	1	1.11345	1	304.744	1	73.9512	1	100	331.488	369.92
442	29.1771	1	647.883	1	0.91346	1	179.172	1	45.6626	1	0	273.249	301.462
442	29.1771	1	647.883	1	0.91346	1	179.172	1	45.6626	1	0.001	273.283	301.506
442	29.1771	1	647.883	1	0.91346	1	179.172	1	45.6626	1	0.00316228	273.355	301.601
442	29.1771	1	647.883	1	0.91346	1	179.172	1	45.6626	1	0.01	273.582	301.9
442	29.1771	1	647.883	1	0.91346	1	179.172	1	45.6626	1	0.0316228	274.278	302.816
442	29.1771	1	647.883	1	0.91346	1	179.172	1	45.6626	1	0.1	276.289	305.46
442	29.1771	1	647.883	1	0.91346	1	179.172	1	45.6626	1	0.316228	281.31	312.147
442	29.1771	1	647.883	1	0.91346	1	179.172	1	45.6626	1	1	290.351	324.485
442	29.1771	1	647.883	1	0.91346	1	179.172	1	45.6626	1	3.16228	300.729	338.547
442	29.1771	1	647.883	1	0.91346	1	179.172	1	45.6626	1	10	311.036	350.225
442	29.1771	1	647.883	1	0.91346	1	179.172	1	45.6626	1	31.6228	325.742	364.301
442	29.1771	1	647.883	1	0.91346	1	179.172	1	45.6626	1	100	352.215	392.401
443	13.974	1	1652.81	1	1.10619	1	275.971	1	76.9464	1	0	273.249	301.462
443	13.974	1	1652.81	1	1.10619	1	275.971	1	76.9464	1	0.001	273.278	301.498
443	13.974	1	1652.81	1	1.10619	1	275.971	1	76.9464	1	0.00316228	273.338	301.577
443	13.974	1	1652.81	1	1.10619	1	275.971	1	76.9464	1	0.01	273.529	301.825
443	13.974	1	1652.81	1	1.10619	1	275.971	1	76.9464	1	0.0316228	274.117	302.59
443	13.974	1	1652.81	1	1.10619	1	275.971	1	76.9464	1	0.1	275.845	304.83
443	13.974	1	1652.81	1	1.10619	1	275.971	1	76.9464	1	0.316228	280.33	310.687
443	13.974	1	1652.81	1	1.10619	1	275.971	1	76.9464	1	1	289.087	322.22
443	13.974	1	1652.81	1	1.10619	1	275.971	1	76.9464	1	3.16228	300.329	336.572
443	13.974	1	1652.81	1	1.10619	1	275.971	1	76.9464	1	10	311.959	348.797
443	13.974	1	1652.81	1	1.10619	1	275.971	1	76.9464	1	31.6228	323.076	360.826
443	13.974	1	1652.81	1	1.10619	1	275.971	1	76.9464	1	100	343.149	382.778
444	52.8609	1	591.746	1	0.858717	1	196.682	1	69.2883	1	0	273.249	301.462
444	52.8609	1	591.746	1	0.858717	1	196.682	1	69.2883	1	0.001	273.285	301.508
444	52.8609	1	591.746	1	0.858717	1	196.682	1	69.2883	1	0.00316228	273.361	301.61
444	52.8609	1	591.746	1	0.858717	1	196.682	1	69.2883	1	0.01	273.6	301.926
444	52.8609	1	591.746	1	0.858717	1	196.682	1	69.2883	1	0.0316228	274.333	302.895
444	52.8609	1	591.746	1	0.858717	1	196.682	1	69.2883	1	0.1	276.436	305.675
444	52.8609	1	591.746	1	0.858717	1	196.682	1	69.2883	1	0.316228	281.612	312.63
444	52.8609	1	591.746	1	0.858717	1	196.682	1	69.2883	1	1	290.619	325.113
444	52.8609	1	591.746	1	0.858717	1	196.682	1	69.2883	1	3.16228	300.374	338.785
444	52.8609	1	591.746	1	0.858717	1	196.682	1	69.2883	1	10	309.183	349.539
444	52.8609	1	591.746	1	0.858717	1	196.682	1	69.2883	1	31.6228	322.372	362.025
444	52.8609	1	591.746	1	0.858717	1	196.682	1	69.2883	1	100	346.918	387.261
445	25.5373	1	381.532	1	1.65188	1	474.702	1	117.372	1	0	273.249	301.462
445	25.5373	1	381.532	1	1.65188	1	474.702	1	117.372	1	0.001	273.268	301.486
445	25.5373	1	381.532	1	1.65188	1	474.702	1	117.372	1	0.00316228	273.308	301.538
445	25.5373	1	381.532	1	1.65188	1	474.702	1	117.372	1	0.01	273.434	301.704
445	25.5373	1	381.532	1	1.65188	1	474.702	1	117.372	1	0.0316228	273.827	302.217
445	25.5373	1	381.532	1	1.65188	1	474.702	1	117.372	1	0.1	275.007	303.759
445	25.5373	1	381.532	1	1.65188	1	474.702	1	117.372	1	0.316228	278.24	307.997
445	25.5373	1	381.532	1	1.65188	1	474.702	1	117.372	1	1	285.313	317.385
445	25.5373	1	381.532	1	1.65188	1	474.702	1	117.372	1	3.16228	295.559	331.086
445	25.5373	1	381.532	1	1.65188	1	474.702	1	117.372	1	10	305.675	343.098
445	25.5373	1	381.532	1	1.65188	1	474.702	1	117.372	1	31.6228	314.791	351.499
445	25.5373	1	381.532	1	1.65188	1	474.702	1	117.372	1	100	323.042	360.719
446	35.075	1	261.139	1	0.731554	1	234.76	1	72.356	1	0	273.249	301.462
446	35.075	1	261.139	1	0.731554	1	234.76	1	72.356	1	0.001	273.291	301.516
446	35.075	1	261.139	1	0.731554	1	234.76	1	72.356	1	0.00316228	273.38	301.634
446	35.075	1	261.139	1	0.731554	1	234.76	1	72.356	1	0.01	273.659	302.003
446	35.075	1	261.139	1	0.731554	1	234.76	1	72.356	1	0.0316228	274.508	303.126
446	35.075	1	261.139	1	0.731554	1	234.76	1	72.356	1	0.1	276.905	306.296
446	35.075	1	261.139	1	0.731554	1	234.76	1	72.356	1	0.316228	282.606	313.987
446	35.075	1	261.139	1	0.731554	1	234.76	1	72.356	1	1	291.853	326.859
446	35.075	1	261.139	1	0.731554	1	234.76	1	72.356	1	3.16228	301.036	339.661
446	35.075	1	261.139	1	0.731554	1	234.76	1	72.356	1	10	308.78	348.582
446	35.075	1	261.139	1	0.731554	1	234.76	1	72.356	1	31.6228	318.95	357.291
446	35.075	1	261.139	1	0.731554	1	234.76	1	72.356	1	100	334.821	373.848
447	24.968	1	677.7	1	1.51482	1	328.848	1	60.1728	1	0	273.249	301.462
447	24.968	1	677.7	1	1.51482	1	328.848	1	60.1728	1	0.001	273.27	301.488
447	24.968	1	677.7	1	1.51482	1	328.848	1	60.1728	1	0.00316228	273.314	301.546
447	24.968	1	677.7	1	1.51482	1	328.848	1	60.1728	1	0.01	273.452	301.727
447	24.968	1	677.7	1	1.51482	1	328.848	1	60.1728	1	0.0316228	273.883	302.289
447	24.968	1	677.7	1	1.51482	1	328.848	1	60.1728	1	0.1	275.17	303.97
447	24.968	1	677.7	1	1.51482	1	328.848	1	60.1728	1	0.316228	278.663	308.552
447	24.968	1	677.7	1	1.51482	1	328.848	1	60.1728	1	1	286.138	318.479
447	24.968	1	677.7	1	1.51482	1	328.848	1	60.1728	1	3.16228	296.726	332.573
447	24.968	1	677.7	1	1.51482	1	328.848	1	60.1728	1	10	307.556	345.217
447	24.968	1	677.7	1	1.51482	1	328.848	1	60.1728	1	31.6228	318.943	356.284
447	24.968	1	677.7	1	1.51482	1	328.848	1	60.1728	1	100	334.335	373.108
448	35.645	1	253.888	1	1.09455	1	104.374	1	58.9089	1	0	273.249	301.462
448	35.645	1	253.888	1	1.09455	1	104.374	1	58.9089	1	0.001	273.278	301.499
448	35.645	1	253.888	1	1.09455	1	104.374	1	58.9089	1	0.00316228	273.338	301.579
448	35.645	1	253.888	1	1.09455	1	104.374	1	58.9089	1	0.01	273.529	301.83
448	35.645	1	253.888	1	1.09455	1	104.374	1	58.9089	1	0.0316228	274.118	302.605
448	35.645	1	253.888	1	1.09455	1	104.374	1	58.9089	1	0.1	275.846	304.874
448	35.645	1	253.888	1	1.09455	1	104.374	1	58.9089	1	0.316228	280.317	310.809
448	35.645	1	253.888	1	1.09455	1	104.374	1	58.9089	1	1	288.965	322.52
448	35.645	1	253.888	1	1.09455	1	104.374	1	58.9089	1	3.16228	299.967	337.393
448	35.645	1	253.888	1	1.09455	1	104.374	1	58.9089	1	10	312.04	351.547
448	35.645	1	253.888	1	1.09455	1	104.374	1	58.9089	1	31.6228	331.565	370.602
448	35.645	1	253.888	1	1.09455	1	104.374	1	58.9089	1	100	367.097	408.25
449	19.3084	1	108.764	1	0.583138	1	1693.82	1	46.1262	1	0	273.249	301.462
449	19.3084	1	108.764	1	0.583138	1	1693.82	1	46.1262	1	0.001	273.301	301.53
449	19.3084	1	108.764	1	0.583138	1	1693.82	1	46.1262	1	0.00316228	273.412	301.676
449	19.3084	1	108.764	1	0.583138	1	1693.82	1	46.1262	1	0.01	273.756	302.133
449	19.3084	1	108.764	1	0.583138	1	1693.82	1	46.1262	1	0.0316228	274.796	303.509
449	19.3084	1	108.764	1	0.583138	1	1693.82	1	46.1262	1	0.1	277.668	307.322
449	19.3084	1	108.764	1	0.583138	1	1693.82	1	46.1262	1	0.316228	284.072	316.004
449	19.3084	1	108.764	1	0.583138	1	1693.82	1	46.1262	1	1	293.331	328.975
449	19.3084	1	108.764	1	0.583138	1	1693.82	1	46.1262	1	3.16228	301.064	339.679
449	19.3084	1	108.764	1	0.583138	1	1693.82	1	46.1262	1	10	305.38	343.787
449	19.3084	1	108.764	1	0.583138	1	1693.82	1	46.1262	1	31.6228	304.33	340.954
449	19.3084	1	108.764	1	0.583138	1	1693.82	1	46.1262	1	100	291.651	329.644
450	15.0416	1	508.989	1	0.85157	1	955.11	1	73.2268	1	0	273.249	301.462
450	15.0416	1	508.989	1	0.85157	1	955.11	1	73.2268	1	0.001	273.285	301.509
450	15.0416	1	508.989	1	0.85157	1	955.11	1	73.2268	1	0.00316228	273.363	301.61
450	15.0416	1	508.989	1	0.85157	1	955.11	1	73.2268	1	0.01	273.605	301.928
450	15.0416	1	508.989	1	0.85157	1	955.11	1	73.2268	1	0.0316228	274.347	302.901
450	15.0416	1	508.989	1	0.85157	1	955.11	1	73.2268	1	0.1	276.478	305.687
450	15.0416	1	508.989	1	0.85157	1	955.11	1	73.2268	1	0.316228	281.73	312.64
450	15.0416	1	508.989	1	0.85157	1	955.11	1	73.2268	1	1	290.894	324.992
450	15.0416	1	508.989	1	0.85157	1	955.11	1	73.2268	1	3.16228	300.892	338.062
450	15.0416	1	508.989	1	0.85157	1	955.11	1	73.2268	1	10	309.449	346.745
450	15.0416	1	508.989	1	0.85157	1	955.11	1	73.2268	1	31.6228	314.249	351.432
450	15.0416	1	508.989	1	0.85157	1	955.11	1	73.2268	1	100	317.105	354.851
451	24.4059	1	263.577	1	1.08298	1	507.125	1	50.6041	1	0	273.249	301.462
451	24.4059	1	263.577	1	1.08298	1	507.125	1	50.6041	1	0.001	273.278	301.499
451	24.4059	1	263.577	1	1.08298	1	507.125	1	50.6041	1	0.00316228	273.338	301.578
451	24.4059	1	263.577	1	1.08298	1	507.125	1	50.6041	1	0.01	273.528	301.828
451	24.4059	1	263.577	1	1.08298	1	507.125	1	50.6041	1	0.0316228	274.114	302.599
451	24.4059	1	263.577	1	1.08298	1	507.125	1	50.6041	1	0.1	275.827	304.852
451	24.4059	1	263.577	1	1.08298	1	507.125	1	50.6041	1	0.316228	280.233	310.704
451	24.4059	1	263.577	1	1.08298	1	507.125	1	50.6041	1	1	288.596	322.045
451	24.4059	1	263.577	1	1.08298	1	507.125	1	50.6041	1	3.16228	298.452	335.459
451	24.4059	1	263.577	1	1.08298	1	507.125	1	50.6041	1	10	306.757	344.989
451	24.4059	1	263.577	1	1.08298	1	507.125	1	50.6041	1	31.6228	313.241	350.449
451	24.4059	1	263.577	1	1.08298	1	507.125	1	50.6041	1	100	317.932	355.86
452	32.1817	1	1624.23	1	2.2894	1	482.04	1	84.3813	1	0	273.249	301.462
452	32.1817	1	1624.23	1	2.2894	1	482.04	1	84.3813	1	0.001	273.263	301.479
452	32.1817	1	1624.23	1	2.2894	1	482.04	1	84.3813	1	0.00316228	273.292	301.518
452	32.1817	1	1624.23	1	2.2894	1	482.04	1	84.3813	1	0.01	273.385	301.638
452	32.1817	1	1624.23	1	2.2894	1	482.04	1	84.3813	1	0.0316228	273.674	302.015
452	32.1817	1	1624.23	1	2.2894	1	482.04	1	84.3813	1	0.1	274.554	303.161
452	32.1817	1	1624.23	1	2.2894	1	482.04	1	84.3813	1	0.316228	277.048	306.397
452	32.1817	1	1624.23	1	2.2894	1	482.04	1	84.3813	1	1	283.028	314.258
452	32.1817	1	1624.23	1	2.2894	1	482.04	1	84.3813	1	3.16228	293.043	327.537
452	32.1817	1	1624.23	1	2.2894	1	482.04	1	84.3813	1	10	304.346	341.428
452	32.1817	1	1624.23	1	2.2894	1	482.04	1	84.3813	1	31.6228	316.041	353.101
452	32.1817	1	1624.23	1	2.2894	1	482.04	1	84.3813	1	100	329.624	368.064
453	30.166	1	856.971	1	1.06772	1	902.688	1	80.2139	1	0	273.249	301.462
453	30.166	1	856.971	1	1.06772	1	902.688	1	80.2139	1	0.001	273.278	301.499
453	30.166	1	856.971	1	1.06772	1	902.688	1	80.2139	1	0.00316228	273.339	301.58
453	30.166	1	856.971	1	1.06772	1	902.688	1	80.2139	1	0.01	273.532	301.834
453	30.166	1	856.971	1	1.06772	1	902.688	1	80.2139	1	0.0316228	274.126	302.617
453	30.166	1	856.971	1	1.06772	1	902.688	1	80.2139	1	0.1	275.862	304.903
453	30.166	1	856.971	1	1.06772	1	902.688	1	80.2139	1	0.316228	280.313	310.829
453	30.166	1	856.971	1	1.06772	1	902.688	1	80.2139	1	1	288.704	322.261
453	30.166	1	856.971	1	1.06772	1	902.688	1	80.2139	1	3.16228	298.508	335.729
453	30.166	1	856.971	1	1.06772	1	902.688	1	80.2139	1	10	306.72	345.414
453	30.166	1	856.971	1	1.06772	1	902.688	1	80.2139	1	31.6228	314.126	351.613
453	30.166	1	856.971	1	1.06772	1	902.688	1	80.2139	1	100	319.811	357.744
454	20.816	1	441.477	1	0.915301	1	292.443	1	76.0488	1	0	273.249	301.462
454	20.816	1	441.477	1	0.915301	1	292.443	1	76.0488	1	0.001	273.283	301.506
454	20.816	1	441.477	1	0.915301	1	292.443	1	76.0488	1	0.00316228	273.355	301.6
454	20.816	1	441.477	1	0.915301	1	292.443	1	76.0488	1	0.01	273.581	301.897
454	20.816	1	441.477	1	0.915301	1	292.443	1	76.0488	1	0.0316228	274.274	302.808
454	20.816	1	441.477	1	0.915301	1	292.443	1	76.0488	1	0.1	276.276	305.434
454	20.816	1	441.477	1	0.915301	1	292.443	1	76.0488	1	0.316228	281.277	312.071
454	20.816	1	441.477	1	0.915301	1	292.443	1	76.0488	1	1	290.267	324.265
454	20.816	1	441.477	1	0.915301	1	292.443	1	76.0488	1	3.16228	300.453	337.877
454	20.816	1	441.477	1	0.915301	1	292.443	1	76.0488	1	10	309.984	348.174
454	20.816	1	441.477	1	0.915301	1	292.443	1	76.0488	1	31.6228	320.1	357.582
454	20.816	1	441.477	1	0.915301	1	292.443	1	76.0488	1	100	334.885	373.613
455	34.0227	1	502.199	1	0.882046	1	146.144	1	60.0124	1	0	273.249	301.462
455	34.0227	1	502.199	1	0.882046	1	146.144	1	60.0124	1	0.001	273.284	301.507
455	34.0227	1	502.199	1	0.882046	1	146.144	1	60.0124	1	0.00316228	273.359	301.606
455	34.0227	1	502.199	1	0.882046	1	146.144	1	60.0124	1	0.01	273.594	301.916
455	34.0227	1	502.199	1	0.882046	1	146.144	1	60.0124	1	0.0316228	274.313	302.864
455	34.0227	1	502.199	1	0.882046	1	146.144	1	60.0124	1	0.1	276.384	305.591
455	34.0227	1	502.199	1	0.882046	1	146.144	1	60.0124	1	0.316228	281.523	312.455
455	34.0227	1	502.199	1	0.882046	1	146.144	1	60.0124	1	1	290.654	324.966
455	34.0227	1	502.199	1	0.882046	1	146.144	1	60.0124	1	3.16228	301.032	339.108
455	34.0227	1	502.199	1	0.882046	1	146.144	1	60.0124	1	10	311.529	351.16
455	34.0227	1	502.199	1	0.882046	1	146.144	1	60.0124	1	31.6228	328.132	366.925
455	34.0227	1	502.199	1	0.882046	1	146.144	1	60.0124	1	100	358.62	399.026
456	29.401	1	189.733	1	1.10735	1	375.898	1	71.8004	1	0	273.249	301.462
456	29.401	1	189.733	1	1.10735	1	375.898	1	71.8004	1	0.001	273.277	301.498
456	29.401	1	189.733	1	1.10735	1	375.898	1	71.8004	1	0.00316228	273.336	301.576
456	29.401	1	189.733	1	1.10735	1	375.898	1	71.8004	1	0.01	273.521	301.82
456	29.401	1	189.733	1	1.10735	1	375.898	1	71.8004	1	0.0316228	274.091	302.573
456	29.401	1	189.733	1	1.10735	1	375.898	1	71.8004	1	0.1	275.763	304.776
456	29.401	1	189.733	1	1.10735	1	375.898	1	71.8004	1	0.316228	280.074	310.521
456	29.401	1	189.733	1	1.10735	1	375.898	1	71.8004	1	1	288.296	321.728
456	29.401	1	189.733	1	1.10735	1	375.898	1	71.8004	1	3.16228	297.988	335.098
456	29.401	1	189.733	1	1.10735	1	375.898	1	71.8004	1	10	305.953	344.598
456	29.401	1	189.733	1	1.10735	1	375.898	1	71.8004	1	31.6228	312.952	350.265
456	29.401	1	189.733	1	1.10735	1	375.898	1	71.8004	1	100	318.958	356.942
457	29.6441	1	429.4	1	2.85931	1	667.852	1	64.7909	1	0	273.249	301.462
457	29.6441	1	429.4	1	2.85931	1	667.852	1	64.7909	1	0.001	273.26	301.476
457	29.6441	1	429.4	1	2.85931	1	667.852	1	64.7909	1	0.00316228	273.284	301.506
457	29.6441	1	429.4	1	2.85931	1	667.852	1	64.7909	1	0.01	273.358	301.602
457	29.6441	1	429.4	1	2.85931	1	667.852	1	64.7909	1	0.0316228	273.589	301.902
457	29.6441	1	429.4	1	2.85931	1	667.852	1	64.7909	1	0.1	274.299	302.824
457	29.6441	1	429.4	1	2.85931	1	667.852	1	64.7909	1	0.316228	276.352	305.478
457	29.6441	1	429.4	1	2.85931	1	667.852	1	64.7909	1	1	281.499	312.178
457	29.6441	1	429.4	1	2.85931	1	667.852	1	64.7909	1	3.16228	290.822	324.432
457	29.6441	1	429.4	1	2.85931	1	667.852	1	64.7909	1	10	301.807	338.033
457	29.6441	1	429.4	1	2.85931	1	667.852	1	64.7909	1	31.6228	311.446	347.856
457	29.6441	1	429.4	1	2.85931	1	667.852	1	64.7909	1	100	317.811	355.332
458	20.1687	1	293.764	1	0.73732	1	368.483	1	67.8472	1	0	273.249	301.462
458	20.1687	1	293.764	1	0.73732	1	368.483	1	67.8472	1	0.001	273.291	301.516
458	20.1687	1	293.764	1	0.73732	1	368.483	1	67.8472	1	0.00316228	273.379	301.633
458	20.1687	1	293.764	1	0.73732	1	368.483	1	67.8472	1	0.01	273.657	301.999
458	20.1687	1	293.764	1	0.73732	1	368.483	1	67.8472	1	0.0316228	274.503	303.113
458	20.1687	1	293.764	1	0.73732	1	368.483	1	67.8472	1	0.1	276.894	306.26
458	20.1687	1	293.764	1	0.73732	1	368.483	1	67.8472	1	0.316228	282.602	313.906
458	20.1687	1	293.764	1	0.73732	1	368.483	1	67.8472	1	1	291.937	326.721
458	20.1687	1	293.764	1	0.73732	1	368.483	1	67.8472	1	3.16228	301.375	339.413
458	20.1687	1	293.764	1	0.73732	1	368.483	1	67.8472	1	10	309.479	347.851
458	20.1687	1	293.764	1	0.73732	1	368.483	1	67.8472	1	31.6228	316.905	354.226
458	20.1687	1	293.764	1	0.73732	1	368.483	1	67.8472	1	100	325.884	364.049
459	15.4062	1	734.559	1	1.00808	1	256.774	1	47.8461	1	0	273.249	301.462
459	15.4062	1	734.559	1	1.00808	1	256.774	1	47.8461	1	0.001	273.28	301.502
459	15.4062	1	734.559	1	1.00808	1	256.774	1	47.8461	1	0.00316228	273.346	301.588
459	15.4062	1	734.559	1	1.00808	1	256.774	1	47.8461	1	0.01	273.554	301.859
459	15.4062	1	734.559	1	1.00808	1	256.774	1	47.8461	1	0.0316228	274.193	302.693
459	15.4062	1	734.559	1	1.00808	1	256.774	1	47.8461	1	0.1	276.056	305.12
459	15.4062	1	734.559	1	1.00808	1	256.774	1	47.8461	1	0.316228	280.809	311.363
459	15.4062	1	734.559	1	1.00808	1	256.774	1	47.8461	1	1	289.758	323.267
459	15.4062	1	734.559	1	1.00808	1	256.774	1	47.8461	1	3.16228	300.694	337.408
459	15.4062	1	734.559	1	1.00808	1	256.774	1	47.8461	1	10	311.696	349.001
459	15.4062	1	734.559	1	1.00808	1	256.774	1	47.8461	1	31.6228	322.672	360.453
459	15.4062	1	734.559	1	1.00808	1	256.774	1	47.8461	1	100	341.893	381.38
460	24.6989	1	1056.4	1	0.364488	1	78.998	1	74.1982	1	0	273.249	301.462
460	24.6989	1	1056.4	1	0.364488	1	78.998	1	74.1982	1	0.001	273.333	301.572
460	24.6989	1	1056.4	1	0.364488	1	78.998	1	74.1982	1	0.00316228	273.512	301.809
460	24.6989	1	1056.4	1	0.364488	1	78.998	1	74.1982	1	0.01	274.066	302.541
460	24.6989	1	1056.4	1	0.364488	1	78.998	1	74.1982	1	0.0316228	275.693	304.692
460	24.6989	1	1056.4	1	0.364488	1	78.998	1	74.1982	1	0.1	279.923	310.347
460	24.6989	1	1056.4	1	0.364488	1	78.998	1	74.1982	1	0.316228	288.123	321.601
460	24.6989	1	1056.4	1	0.364488	1	78.998	1	74.1982	1	1	298.193	335.746
460	24.6989	1	1056.4	1	0.364488	1	78.998	1	74.1982	1	3.16228	307.415	347.65
460	24.6989	1	1056.4	1	0.364488	1	78.998	1	74.1982	1	10	320.022	360.287
460	24.6989	1	1056.4	1	0.364488	1	78.998	1	74.1982	1	31.6228	345.634	385.193
460	24.6989	1	1056.4	1	0.364488	1	78.998	1	74.1982	1	100	396.568	439.437
461	42.6072	1	307.533	1	0.639125	1	248.589	1	72.4658	1	0	273.249	301.462
461	42.6072	1	307.533	1	0.639125	1	248.589	1	72.4658	1	0.001	273.297	301.524
461	42.6072	1	307.533	1	0.639125	1	248.589	1	72.4658	1	0.00316228	273.399	301.659
461	42.6072	1	307.533	1	0.639125	1	248.589	1	72.4658	1	0.01	273.716	302.08
461	42.6072	1	307.533	1	0.639125	1	248.589	1	72.4658	1	0.0316228	274.678	303.355
461	42.6072	1	307.533	1	0.639125	1	248.589	1	72.4658	1	0.1	277.361	306.916
461	42.6072	1	307.533	1	0.639125	1	248.589	1	72.4658	1	0.316228	283.515	315.267
461	42.6072	1	307.533	1	0.639125	1	248.589	1	72.4658	1	1	292.897	328.461
461	42.6072	1	307.533	1	0.639125	1	248.589	1	72.4658	1	3.16228	301.6	340.758
461	42.6072	1	307.533	1	0.639125	1	248.589	1	72.4658	1	10	308.661	349.005
461	42.6072	1	307.533	1	0.639125	1	248.589	1	72.4658	1	31.6228	318.429	357.363
461	42.6072	1	307.533	1	0.639125	1	248.589	1	72.4658	1	100	334.532	373.8
462	66.0376	1	321.24	1	1.28369	1	746.499	1	87.6836	1	0	273.249	301.462
462	66.0376	1	321.24	1	1.28369	1	746.499	1	87.6836	1	0.001	273.273	301.493
462	66.0376	1	321.24	1	1.28369	1	746.499	1	87.6836	1	0.00316228	273.324	301.56
462	66.0376	1	321.24	1	1.28369	1	746.499	1	87.6836	1	0.01	273.482	301.771
462	66.0376	1	321.24	1	1.28369	1	746.499	1	87.6836	1	0.0316228	273.974	302.423
462	66.0376	1	321.24	1	1.28369	1	746.499	1	87.6836	1	0.1	275.429	304.351
462	66.0376	1	321.24	1	1.28369	1	746.499	1	87.6836	1	0.316228	279.265	309.488
462	66.0376	1	321.24	1	1.28369	1	746.499	1	87.6836	1	1	286.901	319.976
462	66.0376	1	321.24	1	1.28369	1	746.499	1	87.6836	1	3.16228	296.295	333.356
462	66.0376	1	321.24	1	1.28369	1	746.499	1	87.6836	1	10	303.389	343.055
462	66.0376	1	321.24	1	1.28369	1	746.499	1	87.6836	1	31.6228	308.619	347.887
462	66.0376	1	321.24	1	1.28369	1	746.499	1	87.6836	1	100	312.879	350.902
463	40.6136	1	229.104	1	1.12612	1	1588.1	1	122.859	1	0	273.249	301.462
463	40.6136	1	229.104	1	1.12612	1	1588.1	1	122.859	1	0.001	273.276	301.497
463	40.6136	1	229.104	1	1.12612	1	1588.1	1	122.859	1	0.00316228	273.334	301.573
463	40.6136	1	229.104	1	1.12612	1	1588.1	1	122.859	1	0.01	273.514	301.812
463	40.6136	1	229.104	1	1.12612	1	1588.1	1	122.859	1	0.0316228	274.071	302.55
463	40.6136	1	229.104	1	1.12612	1	1588.1	1	122.859	1	0.1	275.705	304.711
463	40.6136	1	229.104	1	1.12612	1	1588.1	1	122.859	1	0.316228	279.918	310.354
463	40.6136	1	229.104	1	1.12612	1	1588.1	1	122.859	1	1	287.933	321.377
463	40.6136	1	229.104	1	1.12612	1	1588.1	1	122.859	1	3.16228	297.135	334.385
463	40.6136	1	229.104	1	1.12612	1	1588.1	1	122.859	1	10	303.602	342.735
463	40.6136	1	229.104	1	1.12612	1	1588.1	1	122.859	1	31.6228	307.234	344.952
463	40.6136	1	229.104	1	1.12612	1	1588.1	1	122.859	1	100	304.882	341.516
464	39.9752	1	369.702	1	0.625121	1	892.165	1	58.1377	1	0	273.249	301.462
464	39.9752	1	369.702	1	0.625121	1	892.165	1	58.1377	1	0.001	273.298	301.526
464	39.9752	1	369.702	1	0.625121	1	892.165	1	58.1377	1	0.00316228	273.401	301.663
464	39.9752	1	369.702	1	0.625121	1	892.165	1	58.1377	1	0.01	273.725	302.092
464	39.9752	1	369.702	1	0.625121	1	892.165	1	58.1377	1	0.0316228	274.703	303.39
464	39.9752	1	369.702	1	0.625121	1	892.165	1	58.1377	1	0.1	277.425	307.006
464	39.9752	1	369.702	1	0.625121	1	892.165	1	58.1377	1	0.316228	283.616	315.423
464	39.9752	1	369.702	1	0.625121	1	892.165	1	58.1377	1	1	292.881	328.499
464	39.9752	1	369.702	1	0.625121	1	892.165	1	58.1377	1	3.16228	301.044	340.166
464	39.9752	1	369.702	1	0.625121	1	892.165	1	58.1377	1	10	306.53	346.598
464	39.9752	1	369.702	1	0.625121	1	892.165	1	58.1377	1	31.6228	311.318	349.662
464	39.9752	1	369.702	1	0.625121	1	892.165	1	58.1377	1	100	313.226	351.484
465	24.7058	1	3089.15	1	1.13132	1	239.737	1	42.7403	1	0	273.249	301.462
465	24.7058	1	3089.15	1	1.13132	1	239.737	1	42.7403	1	0.001	273.277	301.497
465	24.7058	1	3089.15	1	1.13132	1	239.737	1	42.7403	1	0.00316228	273.336	301.575
465	24.7058	1	3089.15	1	1.13132	1	239.737	1	42.7403	1	0.01	273.52	301.817
465	24.7058	1	3089.15	1	1.13132	1	239.737	1	42.7403	1	0.0316228	274.091	302.565
465	24.7058	1	3089.15	1	1.13132	1	239.737	1	42.7403	1	0.1	275.768	304.76
465	24.7058	1	3089.15	1	1.13132	1	239.737	1	42.7403	1	0.316228	280.127	310.519
465	24.7058	1	3089.15	1	1.13132	1	239.737	1	42.7403	1	1	288.629	321.939
465	24.7058	1	3089.15	1	1.13132	1	239.737	1	42.7403	1	3.16228	299.377	336.29
465	24.7058	1	3089.15	1	1.13132	1	239.737	1	42.7403	1	10	310.329	348.682
465	24.7058	1	3089.15	1	1.13132	1	239.737	1	42.7403	1	31.6228	323.765	362.03
465	24.7058	1	3089.15	1	1.13132	1	239.737	1	42.7403	1	100	347.653	387.77
466	50.6899	1	223.845	1	1.72843	1	117.674	1	59.4051	1	0	273.249	301.462
466	50.6899	1	223.845	1	1.72843	1	117.674	1	59.4051	1	0.001	273.267	301.485
466	50.6899	1	223.845	1	1.72843	1	117.674	1	59.4051	1	0.00316228	273.306	301.536
466	50.6899	1	223.845	1	1.72843	1	117.674	1	59.4051	1	0.01	273.428	301.696
466	50.6899	1	223.845	1	1.72843	1	117.674	1	59.4051	1	0.0316228	273.808	302.195
466	50.6899	1	223.845	1	1.72843	1	117.674	1	59.4051	1	0.1	274.951	303.697
466	50.6899	1	223.845	1	1.72843	1	117.674	1	59.4051	1	0.316228	278.109	307.856
466	50.6899	1	223.845	1	1.72843	1	117.674	1	59.4051	1	1	285.152	317.28
466	50.6899	1	223.845	1	1.72843	1	117.674	1	59.4051	1	3.16228	295.898	331.847
466	50.6899	1	223.845	1	1.72843	1	117.674	1	59.4051	1	10	308.038	347.08
466	50.6899	1	223.845	1	1.72843	1	117.674	1	59.4051	1	31.6228	325.711	365.207
466	50.6899	1	223.845	1	1.72843	1	117.674	1	59.4051	1	100	357.504	398.63
467	25.8199	1	842.343	1	1.08748	1	159.745	1	55.8763	1	0	273.249	301.462
467	25.8199	1	842.343	1	1.08748	1	159.745	1	55.8763	1	0.001	273.278	301.499
467	25.8199	1	842.343	1	1.08748	1	159.745	1	55.8763	1	0.00316228	273.339	301.579
467	25.8199	1	842.343	1	1.08748	1	159.745	1	55.8763	1	0.01	273.532	301.832
467	25.8199	1	842.343	1	1.08748	1	159.745	1	55.8763	1	0.0316228	274.125	302.611
467	25.8199	1	842.343	1	1.08748	1	159.745	1	55.8763	1	0.1	275.866	304.89
467	25.8199	1	842.343	1	1.08748	1	159.745	1	55.8763	1	0.316228	280.364	310.837
467	25.8199	1	842.343	1	1.08748	1	159.745	1	55.8763	1	1	289.043	322.514
467	25.8199	1	842.343	1	1.08748	1	159.745	1	55.8763	1	3.16228	299.995	337.116
467	25.8199	1	842.343	1	1.08748	1	159.745	1	55.8763	1	10	311.659	350.283
467	25.8199	1	842.343	1	1.08748	1	159.745	1	55.8763	1	31.6228	328.355	366.618
467	25.8199	1	842.343	1	1.08748	1	159.745	1	55.8763	1	100	358.385	398.81
468	41.6448	1	440.966	1	1.08845	1	473.362	1	86.809	1	0	273.249	301.462
468	41.6448	1	440.966	1	1.08845	1	473.362	1	86.809	1	0.001	273.277	301.498
468	41.6448	1	440.966	1	1.08845	1	473.362	1	86.809	1	0.00316228	273.337	301.578
468	41.6448	1	440.966	1	1.08845	1	473.362	1	86.809	1	0.01	273.526	301.827
468	41.6448	1	440.966	1	1.08845	1	473.362	1	86.809	1	0.0316228	274.107	302.595
468	41.6448	1	440.966	1	1.08845	1	473.362	1	86.809	1	0.1	275.808	304.841
468	41.6448	1	440.966	1	1.08845	1	473.362	1	86.809	1	0.316228	280.179	310.682
468	41.6448	1	440.966	1	1.08845	1	473.362	1	86.809	1	1	288.454	322.028
468	41.6448	1	440.966	1	1.08845	1	473.362	1	86.809	1	3.16228	298.135	335.544
468	41.6448	1	440.966	1	1.08845	1	473.362	1	86.809	1	10	306.096	345.445
468	41.6448	1	440.966	1	1.08845	1	473.362	1	86.809	1	31.6228	314.192	352.409
468	41.6448	1	440.966	1	1.08845	1	473.362	1	86.809	1	100	323.529	361.738
469	23.2055	1	595.018	1	0.681383	1	251.259	1	86.5992	1	0	273.249	301.462
469	23.2055	1	595.018	1	0.681383	1	251.259	1	86.5992	1	0.001	273.294	301.521
469	23.2055	1	595.018	1	0.681383	1	251.259	1	86.5992	1	0.00316228	273.39	301.648
469	23.2055	1	595.018	1	0.681383	1	251.259	1	86.5992	1	0.01	273.691	302.044
469	23.2055	1	595.018	1	0.681383	1	251.259	1	86.5992	1	0.0316228	274.604	303.248
469	23.2055	1	595.018	1	0.681383	1	251.259	1	86.5992	1	0.1	277.167	306.626
469	23.2055	1	595.018	1	0.681383	1	251.259	1	86.5992	1	0.316228	283.172	314.696
469	23.2055	1	595.018	1	0.681383	1	251.259	1	86.5992	1	1	292.712	327.857
469	23.2055	1	595.018	1	0.681383	1	251.259	1	86.5992	1	3.16228	302.239	340.698
469	23.2055	1	595.018	1	0.681383	1	251.259	1	86.5992	1	10	311.176	350.099
469	23.2055	1	595.018	1	0.681383	1	251.259	1	86.5992	1	31.6228	322.591	360.41
469	23.2055	1	595.018	1	0.681383	1	251.259	1	86.5992	1	100	341.264	380.473
470	34.6859	1	641.601	1	0.854478	1	753.695	1	72.1871	1	0	273.249	301.462
470	34.6859	1	641.601	1	0.854478	1	753.695	1	72.1871	1	0.001	273.285	301.508
470	34.6859	1	641.601	1	0.854478	1	753.695	1	72.1871	1	0.00316228	273.361	301.61
470	34.6859	1	641.601	1	0.854478	1	753.695	1	72.1871	1	0.01	273.6	301.926
470	34.6859	1	641.601	1	0.854478	1	753.695	1	72.1871	1	0.0316228	274.333	302.894
470	34.6859	1	641.601	1	0.854478	1	753.695	1	72.1871	1	0.1	276.432	305.667
470	34.6859	1	641.601	1	0.854478	1	753.695	1	72.1871	1	0.316228	281.589	312.588
470	34.6859	1	641.601	1	0.854478	1	753.695	1	72.1871	1	1	290.476	324.882
470	34.6859	1	641.601	1	0.854478	1	753.695	1	72.1871	1	3.16228	299.75	337.834
470	34.6859	1	641.601	1	0.854478	1	753.695	1	72.1871	1	10	306.976	346.349
470	34.6859	1	641.601	1	0.854478	1	753.695	1	72.1871	1	31.6228	313.932	351.855
470	34.6859	1	641.601	1	0.854478	1	753.695	1	72.1871	1	100	319.94	357.977
471	18.8894	1	92.8158	1	0.934906	1	446.881	1	84.019	1	0	273.249	301.462
471	18.8894	1	92.8158	1	0.934906	1	446.881	1	84.019	1	0.001	273.282	301.504
471	18.8894	1	92.8158	1	0.934906	1	446.881	1	84.019	1	0.00316228	273.351	301.595
471	18.8894	1	92.8158	1	0.934906	1	446.881	1	84.019	1	0.01	273.568	301.882
471	18.8894	1	92.8158	1	0.934906	1	446.881	1	84.019	1	0.0316228	274.234	302.76
471	18.8894	1	92.8158	1	0.934906	1	446.881	1	84.019	1	0.1	276.158	305.295
471	18.8894	1	92.8158	1	0.934906	1	446.881	1	84.019	1	0.316228	280.969	311.703
471	18.8894	1	92.8158	1	0.934906	1	446.881	1	84.019	1	1	289.539	323.415
471	18.8894	1	92.8158	1	0.934906	1	446.881	1	84.019	1	3.16228	298.671	335.881
471	18.8894	1	92.8158	1	0.934906	1	446.881	1	84.019	1	10	305.059	342.834
471	18.8894	1	92.8158	1	0.934906	1	446.881	1	84.019	1	31.6228	307.34	343.556
471	18.8894	1	92.8158	1	0.934906	1	446.881	1	84.019	1	100	302.434	340.08
472	22.1475	1	218.794	1	0.670723	1	292.952	1	54.0726	1	0	273.249	301.462
472	22.1475	1	218.794	1	0.670723	1	292.952	1	54.0726	1	0.001	273.295	301.521
472	22.1475	1	218.794	1	0.670723	1	292.952	1	54.0726	1	0.00316228	273.392	301.65
472	22.1475	1	218.794	1	0.670723	1	292.952	1	54.0726	1	0.01	273.696	302.051
472	22.1475	1	218.794	1	0.670723	1	292.952	1	54.0726	1	0.0316228	274.618	303.268
472	22.1475	1	218.794	1	0.670723	1	292.952	1	54.0726	1	0.1	277.201	306.678
472	22.1475	1	218.794	1	0.670723	1	292.952	1	54.0726	1	0.316228	283.219	314.781
472	22.1475	1	218.794	1	0.670723	1	292.952	1	54.0726	1	1	292.647	327.834
472	22.1475	1	218.794	1	0.670723	1	292.952	1	54.0726	1	3.16228	301.724	340.175
472	22.1475	1	218.794	1	0.670723	1	292.952	1	54.0726	1	10	309.376	348.16
472	22.1475	1	218.794	1	0.670723	1	292.952	1	54.0726	1	31.6228	317.193	354.662
472	22.1475	1	218.794	1	0.670723	1	292.952	1	54.0726	1	100	327.311	365.764
473	27.5188	1	487.743	1	0.803237	1	260.118	1	69.7796	1	0	273.249	301.462
473	27.5188	1	487.743	1	0.803237	1	260.118	1	69.7796	1	0.001	273.287	301.512
473	27.5188	1	487.743	1	0.803237	1	260.118	1	69.7796	1	0.00316228	273.369	301.619
473	27.5188	1	487.743	1	0.803237	1	260.118	1	69.7796	1	0.01	273.625	301.957
473	27.5188	1	487.743	1	0.803237	1	260.118	1	69.7796	1	0.0316228	274.406	302.987
473	27.5188	1	487.743	1	0.803237	1	260.118	1	69.7796	1	0.1	276.636	305.925
473	27.5188	1	487.743	1	0.803237	1	260.118	1	69.7796	1	0.316228	282.055	313.185
473	27.5188	1	487.743	1	0.803237	1	260.118	1	69.7796	1	1	291.253	325.833
473	27.5188	1	487.743	1	0.803237	1	260.118	1	69.7796	1	3.16228	300.995	339.13
473	27.5188	1	487.743	1	0.803237	1	260.118	1	69.7796	1	10	309.853	348.973
473	27.5188	1	487.743	1	0.803237	1	260.118	1	69.7796	1	31.6228	321.112	358.988
473	27.5188	1	487.743	1	0.803237	1	260.118	1	69.7796	1	100	338.522	377.576
474	23.2812	1	274.178	1	1.40364	1	145.425	1	47.4702	1	0	273.249	301.462
474	23.2812	1	274.178	1	1.40364	1	145.425	1	47.4702	1	0.001	273.272	301.491
474	23.2812	1	274.178	1	1.40364	1	145.425	1	47.4702	1	0.00316228	273.319	301.553
474	23.2812	1	274.178	1	1.40364	1	145.425	1	47.4702	1	0.01	273.47	301.749
474	23.2812	1	274.178	1	1.40364	1	145.425	1	47.4702	1	0.0316228	273.936	302.358
474	23.2812	1	274.178	1	1.40364	1	145.425	1	47.4702	1	0.1	275.326	304.171
474	23.2812	1	274.178	1	1.40364	1	145.425	1	47.4702	1	0.316228	279.068	309.077
474	23.2812	1	274.178	1	1.40364	1	145.425	1	47.4702	1	1	286.94	319.518
474	23.2812	1	274.178	1	1.40364	1	145.425	1	47.4702	1	3.16228	298.032	334.157
474	23.2812	1	274.178	1	1.40364	1	145.425	1	47.4702	1	10	310.238	348.1
474	23.2812	1	274.178	1	1.40364	1	145.425	1	47.4702	1	31.6228	326.149	363.936
474	23.2812	1	274.178	1	1.40364	1	145.425	1	47.4702	1	100	353.241	393.061
475	30.9758	1	757.455	1	0.832305	1	212.151	1	65.5163	1	0	273.249	301.462
475	30.9758	1	757.455	1	0.832305	1	212.151	1	65.5163	1	0.001	273.286	301.51
475	30.9758	1	757.455	1	0.832305	1	212.151	1	65.5163	1	0.00316228	273.365	301.614
475	30.9758	1	757.455	1	0.832305	1	212.151	1	65.5163	1	0.01	273.613	301.941
475	30.9758	1	757.455	1	0.832305	1	212.151	1	65.5163	1	0.0316228	274.37	302.94
475	30.9758	1	757.455	1	0.832305	1	212.151	1	65.5163	1	0.1	276.539	305.797
475	30.9758	1	757.455	1	0.832305	1	212.151	1	65.5163	1	0.316228	281.853	312.909
475	30.9758	1	757.455	1	0.832305	1	212.151	1	65.5163	1	1	291.03	325.519
475	30.9758	1	757.455	1	0.832305	1	212.151	1	65.5163	1	3.16228	301.02	339.164
475	30.9758	1	757.455	1	0.832305	1	212.151	1	65.5163	1	10	310.523	349.919
475	30.9758	1	757.455	1	0.832305	1	212.151	1	65.5163	1	31.6228	323.997	362.337
475	30.9758	1	757.455	1	0.832305	1	212.151	1	65.5163	1	100	347.338	387.045
476	33.8648	1	332.516	1	1.04736	1	361.375	1	70.1574	1	0	273.249	301.462
476	33.8648	1	332.516	1	1.04736	1	361.375	1	70.1574	1	0.001	273.278	301.5
476	33.8648	1	332.516	1	1.04736	1	361.375	1	70.1574	1	0.00316228	273.341	301.582
476	33.8648	1	332.516	1	1.04736	1	361.375	1	70.1574	1	0.01	273.537	301.841
476	33.8648	1	332.516	1	1.04736	1	361.375	1	70.1574	1	0.0316228	274.141	302.639
476	33.8648	1	332.516	1	1.04736	1	361.375	1	70.1574	1	0.1	275.905	304.964
476	33.8648	1	332.516	1	1.04736	1	361.375	1	70.1574	1	0.316228	280.409	310.974
476	33.8648	1	332.516	1	1.04736	1	361.375	1	70.1574	1	1	288.843	322.508
476	33.8648	1	332.516	1	1.04736	1	361.375	1	70.1574	1	3.16228	298.637	336.049
476	33.8648	1	332.516	1	1.04736	1	361.375	1	70.1574	1	10	306.968	346.039
476	33.8648	1	332.516	1	1.04736	1	361.375	1	70.1574	1	31.6228	315.774	353.635
476	33.8648	1	332.516	1	1.04736	1	361.375	1	70.1574	1	100	326.404	364.822
477	27.407	1	877.407	1	2.08837	1	216.569	1	73.9593	1	0	273.249	301.462
477	27.407	1	877.407	1	2.08837	1	216.569	1	73.9593	1	0.001	273.264	301.481
477	27.407	1	877.407	1	2.08837	1	216.569	1	73.9593	1	0.00316228	273.297	301.523
477	27.407	1	877.407	1	2.08837	1	216.569	1	73.9593	1	0.01	273.399	301.657
477	27.407	1	877.407	1	2.08837	1	216.569	1	73.9593	1	0.0316228	273.719	302.072
477	27.407	1	877.407	1	2.08837	1	216.569	1	73.9593	1	0.1	274.692	303.333
477	27.407	1	877.407	1	2.08837	1	216.569	1	73.9593	1	0.316228	277.427	306.874
477	27.407	1	877.407	1	2.08837	1	216.569	1	73.9593	1	1	283.881	315.32
477	27.407	1	877.407	1	2.08837	1	216.569	1	73.9593	1	3.16228	294.548	329.302
477	27.407	1	877.407	1	2.08837	1	216.569	1	73.9593	1	10	307.234	344.381
477	27.407	1	877.407	1	2.08837	1	216.569	1	73.9593	1	31.6228	322.799	360.104
477	27.407	1	877.407	1	2.08837	1	216.569	1	73.9593	1	100	346.885	386.311
478	30.0561	1	1563.31	1	0.430629	1	119.457	1	63.8691	1	0	273.249	301.462
478	30.0561	1	1563.31	1	0.430629	1	119.457	1	63.8691	1	0.001	273.32	301.555
478	30.0561	1	1563.31	1	0.430629	1	119.457	1	63.8691	1	0.00316228	273.472	301.756
478	30.0561	1	1563.31	1	0.430629	1	119.457	1	63.8691	1	0.01	273.941	302.378
478	30.0561	1	1563.31	1	0.430629	1	119.457	1	63.8691	1	0.0316228	275.337	304.224
478	30.0561	1	1563.31	1	0.430629	1	119.457	1	63.8691	1	0.1	279.058	309.191
478	30.0561	1	1563.31	1	0.430629	1	119.457	1	63.8691	1	0.316228	286.66	319.585
478	30.0561	1	1563.31	1	0.430629	1	119.457	1	63.8691	1	1	296.575	333.563
478	30.0561	1	1563.31	1	0.430629	1	119.457	1	63.8691	1	3.16228	305.41	345.385
478	30.0561	1	1563.31	1	0.430629	1	119.457	1	63.8691	1	10	315.591	355.951
478	30.0561	1	1563.31	1	0.430629	1	119.457	1	63.8691	1	31.6228	335.151	374.409
478	30.0561	1	1563.31	1	0.430629	1	119.457	1	63.8691	1	100	374.271	415.914
479	36.4996	1	187.582	1	0.427134	1	239.785	1	63.5085	1	0	273.249	301.462
479	36.4996	1	187.582	1	0.427134	1	239.785	1	63.5085	1	0.001	273.32	301.555
479	36.4996	1	187.582	1	0.427134	1	239.785	1	63.5085	1	0.00316228	273.471	301.756
479	36.4996	1	187.582	1	0.427134	1	239.785	1	63.5085	1	0.01	273.94	302.378
479	36.4996	1	187.582	1	0.427134	1	239.785	1	63.5085	1	0.0316228	275.331	304.224
479	36.4996	1	187.582	1	0.427134	1	239.785	1	63.5085	1	0.1	279.025	309.176
479	36.4996	1	187.582	1	0.427134	1	239.785	1	63.5085	1	0.316228	286.503	319.466
479	36.4996	1	187.582	1	0.427134	1	239.785	1	63.5085	1	1	295.921	332.973
479	36.4996	1	187.582	1	0.427134	1	239.785	1	63.5085	1	3.16228	303.209	343.28
479	36.4996	1	187.582	1	0.427134	1	239.785	1	63.5085	1	10	308.89	349.393
479	36.4996	1	187.582	1	0.427134	1	239.785	1	63.5085	1	31.6228	316.866	355.514
479	36.4996	1	187.582	1	0.427134	1	239.785	1	63.5085	1	100	329.397	368.627
480	20.2467	1	484.653	1	0.813381	1	152.647	1	69.8638	1	0	273.249	301.462
480	20.2467	1	484.653	1	0.813381	1	152.647	1	69.8638	1	0.001	273.287	301.511
480	20.2467	1	484.653	1	0.813381	1	152.647	1	69.8638	1	0.00316228	273.369	301.618
480	20.2467	1	484.653	1	0.813381	1	152.647	1	69.8638	1	0.01	273.624	301.953
480	20.2467	1	484.653	1	0.813381	1	152.647	1	69.8638	1	0.0316228	274.403	302.977
480	20.2467	1	484.653	1	0.813381	1	152.647	1	69.8638	1	0.1	276.633	305.901
480	20.2467	1	484.653	1	0.813381	1	152.647	1	69.8638	1	0.316228	282.089	313.158
480	20.2467	1	484.653	1	0.813381	1	152.647	1	69.8638	1	1	291.528	325.963
480	20.2467	1	484.653	1	0.813381	1	152.647	1	69.8638	1	3.16228	302.117	339.94
480	20.2467	1	484.653	1	0.813381	1	152.647	1	69.8638	1	10	313.238	351.716
480	20.2467	1	484.653	1	0.813381	1	152.647	1	69.8638	1	31.6228	328.808	366.908
480	20.2467	1	484.653	1	0.813381	1	152.647	1	69.8638	1	100	357.394	397.577
481	18.9101	1	248.125	1	0.843938	1	323.932	1	42.2958	1	0	273.249	301.462
481	18.9101	1	248.125	1	0.843938	1	323.932	1	42.2958	1	0.001	273.286	301.509
481	18.9101	1	248.125	1	0.843938	1	323.932	1	42.2958	1	0.00316228	273.363	301.612
481	18.9101	1	248.125	1	0.843938	1	323.932	1	42.2958	1	0.01	273.607	301.932
481	18.9101	1	248.125	1	0.843938	1	323.932	1	42.2958	1	0.0316228	274.353	302.913
481	18.9101	1	248.125	1	0.843938	1	323.932	1	42.2958	1	0.1	276.492	305.721
481	18.9101	1	248.125	1	0.843938	1	323.932	1	42.2958	1	0.316228	281.75	312.719
481	18.9101	1	248.125	1	0.843938	1	323.932	1	42.2958	1	1	290.865	325.123
481	18.9101	1	248.125	1	0.843938	1	323.932	1	42.2958	1	3.16228	300.713	338.28
481	18.9101	1	248.125	1	0.843938	1	323.932	1	42.2958	1	10	309.346	347.406
481	18.9101	1	248.125	1	0.843938	1	323.932	1	42.2958	1	31.6228	316.819	354.248
481	18.9101	1	248.125	1	0.843938	1	323.932	1	42.2958	1	100	326.401	364.891
482	43.4575	1	826.475	1	1.15235	1	376.061	1	37.9916	1	0	273.249	301.462
482	43.4575	1	826.475	1	1.15235	1	376.061	1	37.9916	1	0.001	273.276	301.497
482	43.4575	1	826.475	1	1.15235	1	376.061	1	37.9916	1	0.00316228	273.333	301.572
482	43.4575	1	826.475	1	1.15235	1	376.061	1	37.9916	1	0.01	273.512	301.808
482	43.4575	1	826.475	1	1.15235	1	376.061	1	37.9916	1	0.0316228	274.065	302.538
482	43.4575	1	826.475	1	1.15235	1	376.061	1	37.9916	1	0.1	275.691	304.683
482	43.4575	1	826.475	1	1.15235	1	376.061	1	37.9916	1	0.316228	279.915	310.314
482	43.4575	1	826.475	1	1.15235	1	376.061	1	37.9916	1	1	288.1	321.489
482	43.4575	1	826.475	1	1.15235	1	376.061	1	37.9916	1	3.16228	298.064	335.327
482	43.4575	1	826.475	1	1.15235	1	376.061	1	37.9916	1	10	306.793	346.172
482	43.4575	1	826.475	1	1.15235	1	376.061	1	37.9916	1	31.6228	316.466	355.289
482	43.4575	1	826.475	1	1.15235	1	376.061	1	37.9916	1	100	330.392	370.267
483	24.3184	1	353.802	1	0.96294	1	524.958	1	57.8735	1	0	273.249	301.462
483	24.3184	1	353.802	1	0.96294	1	524.958	1	57.8735	1	0.001	273.281	301.503
483	24.3184	1	353.802	1	0.96294	1	524.958	1	57.8735	1	0.00316228	273.349	301.593
483	24.3184	1	353.802	1	0.96294	1	524.958	1	57.8735	1	0.01	273.563	301.874
483	24.3184	1	353.802	1	0.96294	1	524.958	1	57.8735	1	0.0316228	274.219	302.738
483	24.3184	1	353.802	1	0.96294	1	524.958	1	57.8735	1	0.1	276.121	305.24
483	24.3184	1	353.802	1	0.96294	1	524.958	1	57.8735	1	0.316228	280.903	311.607
483	24.3184	1	353.802	1	0.96294	1	524.958	1	57.8735	1	1	289.611	323.474
483	24.3184	1	353.802	1	0.96294	1	524.958	1	57.8735	1	3.16228	299.378	336.78
483	24.3184	1	353.802	1	0.96294	1	524.958	1	57.8735	1	10	307.596	346.021
483	24.3184	1	353.802	1	0.96294	1	524.958	1	57.8735	1	31.6228	314.608	351.902
483	24.3184	1	353.802	1	0.96294	1	524.958	1	57.8735	1	100	320.745	358.697
484	26.5603	1	447.694	1	1.04246	1	301.898	1	42.7477	1	0	273.249	301.462
484	26.5603	1	447.694	1	1.04246	1	301.898	1	42.7477	1	0.001	273.279	301.5
484	26.5603	1	447.694	1	1.04246	1	301.898	1	42.7477	1	0.00316228	273.342	301.583
484	26.5603	1	447.694	1	1.04246	1	301.898	1	42.7477	1	0.01	273.54	301.845
484	26.5603	1	447.694	1	1.04246	1	301.898	1	42.7477	1	0.0316228	274.152	302.649
484	26.5603	1	447.694	1	1.04246	1	301.898	1	42.7477	1	0.1	275.935	304.993
484	26.5603	1	447.694	1	1.04246	1	301.898	1	42.7477	1	0.316228	280.496	311.051
484	26.5603	1	447.694	1	1.04246	1	301.898	1	42.7477	1	1	289.075	322.691
484	26.5603	1	447.694	1	1.04246	1	301.898	1	42.7477	1	3.16228	299.245	336.489
484	26.5603	1	447.694	1	1.04246	1	301.898	1	42.7477	1	10	308.585	347.195
484	26.5603	1	447.694	1	1.04246	1	301.898	1	42.7477	1	31.6228	318.686	356.619
484	26.5603	1	447.694	1	1.04246	1	301.898	1	42.7477	1	100	333.273	372.29
485	19.9097	1	399.069	1	2.15122	1	633.957	1	71.475	1	0	273.249	301.462
485	19.9097	1	399.069	1	2.15122	1	633.957	1	71.475	1	0.001	273.264	301.48
485	19.9097	1	399.069	1	2.15122	1	633.957	1	71.475	1	0.00316228	273.295	301.521
485	19.9097	1	399.069	1	2.15122	1	633.957	1	71.475	1	0.01	273.394	301.648
485	19.9097	1	399.069	1	2.15122	1	633.957	1	71.475	1	0.0316228	273.701	302.046
485	19.9097	1	399.069	1	2.15122	1	633.957	1	71.475	1	0.1	274.636	303.254
485	19.9097	1	399.069	1	2.15122	1	633.957	1	71.475	1	0.316228	277.268	306.642
485	19.9097	1	399.069	1	2.15122	1	633.957	1	71.475	1	1	283.503	314.742
485	19.9097	1	399.069	1	2.15122	1	633.957	1	71.475	1	3.16228	293.684	327.97
485	19.9097	1	399.069	1	2.15122	1	633.957	1	71.475	1	10	304.79	340.917
485	19.9097	1	399.069	1	2.15122	1	633.957	1	71.475	1	31.6228	313.16	349.527
485	19.9097	1	399.069	1	2.15122	1	633.957	1	71.475	1	100	318.926	356.443
486	39.7371	1	186.054	1	0.581914	1	124.461	1	34.8802	1	0	273.249	301.462
486	39.7371	1	186.054	1	0.581914	1	124.461	1	34.8802	1	0.001	273.302	301.531
486	39.7371	1	186.054	1	0.581914	1	124.461	1	34.8802	1	0.00316228	273.414	301.679
486	39.7371	1	186.054	1	0.581914	1	124.461	1	34.8802	1	0.01	273.763	302.142
486	39.7371	1	186.054	1	0.581914	1	124.461	1	34.8802	1	0.0316228	274.817	303.538
486	39.7371	1	186.054	1	0.581914	1	124.461	1	34.8802	1	0.1	277.731	307.411
486	39.7371	1	186.054	1	0.581914	1	124.461	1	34.8802	1	0.316228	284.252	316.271
486	39.7371	1	186.054	1	0.581914	1	124.461	1	34.8802	1	1	293.883	329.813
486	39.7371	1	186.054	1	0.581914	1	124.461	1	34.8802	1	3.16228	302.863	342.333
486	39.7371	1	186.054	1	0.581914	1	124.461	1	34.8802	1	10	311.362	351.987
486	39.7371	1	186.054	1	0.581914	1	124.461	1	34.8802	1	31.6228	325.688	365.389
486	39.7371	1	186.054	1	0.581914	1	124.461	1	34.8802	1	100	352.1	394.235
487	32.1817	1	267.297	1	0.584841	1	239.983	1	44.8575	1	0	273.249	301.462
487	32.1817	1	267.297	1	0.584841	1	239.983	1	44.8575	1	0.001	273.301	301.53
487	32.1817	1	267.297	1	0.584841	1	239.983	1	44.8575	1	0.00316228	273.412	301.678
487	32.1817	1	267.297	1	0.584841	1	239.983	1	44.8575	1	0.01	273.759	302.137
487	32.1817	1	267.297	1	0.584841	1	239.983	1	44.8575	1	0.0316228	274.805	303.522
487	32.1817	1	267.297	1	0.584841	1	239.983	1	44.8575	1	0.1	277.698	307.365
487	32.1817	1	267.297	1	0.584841	1	239.983	1	44.8575	1	0.316228	284.171	316.154
487	32.1817	1	267.297	1	0.584841	1	239.983	1	44.8575	1	1	293.683	329.516
487	32.1817	1	267.297	1	0.584841	1	239.983	1	44.8575	1	3.16228	302.276	341.485
487	32.1817	1	267.297	1	0.584841	1	239.983	1	44.8575	1	10	309.467	349.395
487	32.1817	1	267.297	1	0.584841	1	239.983	1	44.8575	1	31.6228	319.01	357.475
487	32.1817	1	267.297	1	0.584841	1	239.983	1	44.8575	1	100	333.898	373.568
488	11.3454	1	740.255	1	1.05321	1	522.021	1	76.2883	1	0	273.249	301.462
488	11.3454	1	740.255	1	1.05321	1	522.021	1	76.2883	1	0.001	273.279	301.5
488	11.3454	1	740.255	1	1.05321	1	522.021	1	76.2883	1	0.00316228	273.343	301.583
488	11.3454	1	740.255	1	1.05321	1	522.021	1	76.2883	1	0.01	273.542	301.842
488	11.3454	1	740.255	1	1.05321	1	522.021	1	76.2883	1	0.0316228	274.158	302.64
488	11.3454	1	740.255	1	1.05321	1	522.021	1	76.2883	1	0.1	275.959	304.969
488	11.3454	1	740.255	1	1.05321	1	522.021	1	76.2883	1	0.316228	280.593	311.002
488	11.3454	1	740.255	1	1.05321	1	522.021	1	76.2883	1	1	289.475	322.648
488	11.3454	1	740.255	1	1.05321	1	522.021	1	76.2883	1	3.16228	300.546	336.566
488	11.3454	1	740.255	1	1.05321	1	522.021	1	76.2883	1	10	310.993	347.288
488	11.3454	1	740.255	1	1.05321	1	522.021	1	76.2883	1	31.6228	317.534	354.878
488	11.3454	1	740.255	1	1.05321	1	522.021	1	76.2883	1	100	326.932	365.416
489	19.148	1	559.981	1	1.07068	1	332.998	1	54.5909	1	0	273.249	301.462
489	19.148	1	559.981	1	1.07068	1	332.998	1	54.5909	1	0.001	273.278	301.499
489	19.148	1	559.981	1	1.07068	1	332.998	1	54.5909	1	0.00316228	273.34	301.58
489	19.148	1	559.981	1	1.07068	1	332.998	1	54.5909	1	0.01	273.534	301.835
489	19.148	1	559.981	1	1.07068	1	332.998	1	54.5909	1	0.0316228	274.134	302.62
489	19.148	1	559.981	1	1.07068	1	332.998	1	54.5909	1	0.1	275.888	304.913
489	19.148	1	559.981	1	1.07068	1	332.998	1	54.5909	1	0.316228	280.401	310.867
489	19.148	1	559.981	1	1.07068	1	332.998	1	54.5909	1	1	289.023	322.421
489	19.148	1	559.981	1	1.07068	1	332.998	1	54.5909	1	3.16228	299.553	336.342
489	19.148	1	559.981	1	1.07068	1	332.998	1	54.5909	1	10	309.652	347.362
489	19.148	1	559.981	1	1.07068	1	332.998	1	54.5909	1	31.6228	319.393	356.856
489	19.148	1	559.981	1	1.07068	1	332.998	1	54.5909	1	100	333.334	372.138
490	28.9658	1	481.427	1	2.01963	1	665.945	1	82.6956	1	0	273.249	301.462
490	28.9658	1	481.427	1	2.01963	1	665.945	1	82.6956	1	0.001	273.265	301.481
490	28.9658	1	481.427	1	2.01963	1	665.945	1	82.6956	1	0.00316228	273.298	301.524
490	28.9658	1	481.427	1	2.01963	1	665.945	1	82.6956	1	0.01	273.401	301.66
490	28.9658	1	481.427	1	2.01963	1	665.945	1	82.6956	1	0.0316228	273.724	302.082
490	28.9658	1	481.427	1	2.01963	1	665.945	1	82.6956	1	0.1	274.704	303.361
490	28.9658	1	481.427	1	2.01963	1	665.945	1	82.6956	1	0.316228	277.443	306.934
490	28.9658	1	481.427	1	2.01963	1	665.945	1	82.6956	1	1	283.79	315.324
490	28.9658	1	481.427	1	2.01963	1	665.945	1	82.6956	1	3.16228	293.753	328.627
490	28.9658	1	481.427	1	2.01963	1	665.945	1	82.6956	1	10	304.028	341.21
490	28.9658	1	481.427	1	2.01963	1	665.945	1	82.6956	1	31.6228	312.978	349.727
490	28.9658	1	481.427	1	2.01963	1	665.945	1	82.6956	1	100	319.422	357
491	37.5673	1	342.518	1	0.59727	1	2031.33	1	59.6493	1	0	273.249	301.462
491	37.5673	1	342.518	1	0.59727	1	2031.33	1	59.6493	1	0.001	273.3	301.528
491	37.5673	1	342.518	1	0.59727	1	2031.33	1	59.6493	1	0.00316228	273.408	301.672
491	37.5673	1	342.518	1	0.59727	1	2031.33	1	59.6493	1	0.01	273.746	302.12
491	37.5673	1	342.518	1	0.59727	1	2031.33	1	59.6493	1	0.0316228	274.766	303.473
491	37.5673	1	342.518	1	0.59727	1	2031.33	1	59.6493	1	0.1	277.589	307.23
491	37.5673	1	342.518	1	0.59727	1	2031.33	1	59.6493	1	0.316228	283.926	315.856
491	37.5673	1	342.518	1	0.59727	1	2031.33	1	59.6493	1	1	293.193	328.964
491	37.5673	1	342.518	1	0.59727	1	2031.33	1	59.6493	1	3.16228	301.108	340.298
491	37.5673	1	342.518	1	0.59727	1	2031.33	1	59.6493	1	10	306.093	346.055
491	37.5673	1	342.518	1	0.59727	1	2031.33	1	59.6493	1	31.6228	309.459	347.539
491	37.5673	1	342.518	1	0.59727	1	2031.33	1	59.6493	1	100	307.174	344.954
492	18.3279	1	547.384	1	1.43699	1	443.973	1	31.0721	1	0	273.249	301.462
492	18.3279	1	547.384	1	1.43699	1	443.973	1	31.0721	1	0.001	273.271	301.49
492	18.3279	1	547.384	1	1.43699	1	443.973	1	31.0721	1	0.00316228	273.318	301.55
492	18.3279	1	547.384	1	1.43699	1	443.973	1	31.0721	1	0.01	273.464	301.741
492	18.3279	1	547.384	1	1.43699	1	443.973	1	31.0721	1	0.0316228	273.918	302.332
492	18.3279	1	547.384	1	1.43699	1	443.973	1	31.0721	1	0.1	275.273	304.094
492	18.3279	1	547.384	1	1.43699	1	443.973	1	31.0721	1	0.316228	278.927	308.866
492	18.3279	1	547.384	1	1.43699	1	443.973	1	31.0721	1	1	286.636	319.029
492	18.3279	1	547.384	1	1.43699	1	443.973	1	31.0721	1	3.16228	297.328	333.021
492	18.3279	1	547.384	1	1.43699	1	443.973	1	31.0721	1	10	307.907	344.927
492	18.3279	1	547.384	1	1.43699	1	443.973	1	31.0721	1	31.6228	316.122	353.677
492	18.3279	1	547.384	1	1.43699	1	443.973	1	31.0721	1	100	326.722	365.244
493	30.511	1	289.766	1	1.1249	1	485.956	1	63.4659	1	0	273.249	301.462
493	30.511	1	289.766	1	1.1249	1	485.956	1	63.4659	1	0.001	273.276	301.497
493	30.511	1	289.766	1	1.1249	1	485.956	1	63.4659	1	0.00316228	273.335	301.574
493	30.511	1	289.766	1	1.1249	1	485.956	1	63.4659	1	0.01	273.517	301.815
493	30.511	1	289.766	1	1.1249	1	485.956	1	63.4659	1	0.0316228	274.081	302.558
493	30.511	1	289.766	1	1.1249	1	485.956	1	63.4659	1	0.1	275.734	304.736
493	30.511	1	289.766	1	1.1249	1	485.956	1	63.4659	1	0.316228	280.01	310.429
493	30.511	1	289.766	1	1.1249	1	485.956	1	63.4659	1	1	288.217	321.602
493	30.511	1	289.766	1	1.1249	1	485.956	1	63.4659	1	3.16228	298	335.077
493	30.511	1	289.766	1	1.1249	1	485.956	1	63.4659	1	10	306.16	344.837
493	30.511	1	289.766	1	1.1249	1	485.956	1	63.4659	1	31.6228	313.365	350.829
493	30.511	1	289.766	1	1.1249	1	485.956	1	63.4659	1	100	319.346	357.405
494	37.5131	1	1503.97	1	3.93098	1	412.948	1	56.7215	1	0	273.249	301.462
494	37.5131	1	1503.97	1	3.93098	1	412.948	1	56.7215	1	0.001	273.258	301.472
494	37.5131	1	1503.97	1	3.93098	1	412.948	1	56.7215	1	0.00316228	273.275	301.495
494	37.5131	1	1503.97	1	3.93098	1	412.948	1	56.7215	1	0.01	273.33	301.566
494	37.5131	1	1503.97	1	3.93098	1	412.948	1	56.7215	1	0.0316228	273.503	301.789
494	37.5131	1	1503.97	1	3.93098	1	412.948	1	56.7215	1	0.1	274.04	302.48
494	37.5131	1	1503.97	1	3.93098	1	412.948	1	56.7215	1	0.316228	275.63	304.524
494	37.5131	1	1503.97	1	3.93098	1	412.948	1	56.7215	1	1	279.856	309.976
494	37.5131	1	1503.97	1	3.93098	1	412.948	1	56.7215	1	3.16228	288.535	321.205
494	37.5131	1	1503.97	1	3.93098	1	412.948	1	56.7215	1	10	300.732	336.402
494	37.5131	1	1503.97	1	3.93098	1	412.948	1	56.7215	1	31.6228	314.423	351.15
494	37.5131	1	1503.97	1	3.93098	1	412.948	1	56.7215	1	100	330.853	369.37
495	43.544	1	378.237	1	0.965597	1	212.09	1	102.196	1	0	273.249	301.462
495	43.544	1	378.237	1	0.965597	1	212.09	1	102.196	1	0.001	273.281	301.503
495	43.544	1	378.237	1	0.965597	1	212.09	1	102.196	1	0.00316228	273.349	301.593
495	43.544	1	378.237	1	0.965597	1	212.09	1	102.196	1	0.01	273.562	301.875
495	43.544	1	378.237	1	0.965597	1	212.09	1	102.196	1	0.0316228	274.217	302.74
495	43.544	1	378.237	1	0.965597	1	212.09	1	102.196	1	0.1	276.116	305.247
495	43.544	1	378.237	1	0.965597	1	212.09	1	102.196	1	0.316228	280.896	311.642
495	43.544	1	378.237	1	0.965597	1	212.09	1	102.196	1	1	289.61	323.631
495	43.544	1	378.237	1	0.965597	1	212.09	1	102.196	1	3.16228	299.526	337.425
495	43.544	1	378.237	1	0.965597	1	212.09	1	102.196	1	10	308.452	348.26
495	43.544	1	378.237	1	0.965597	1	212.09	1	102.196	1	31.6228	320.719	359.548
495	43.544	1	378.237	1	0.965597	1	212.09	1	102.196	1	100	341.832	380.93
496	12.3674	1	773.141	1	1.05982	1	452.94	1	78.9243	1	0	273.249	301.462
496	12.3674	1	773.141	1	1.05982	1	452.94	1	78.9243	1	0.001	273.279	301.5
496	12.3674	1	773.141	1	1.05982	1	452.94	1	78.9243	1	0.00316228	273.342	301.582
496	12.3674	1	773.141	1	1.05982	1	452.94	1	78.9243	1	0.01	273.54	301.839
496	12.3674	1	773.141	1	1.05982	1	452.94	1	78.9243	1	0.0316228	274.151	302.633
496	12.3674	1	773.141	1	1.05982	1	452.94	1	78.9243	1	0.1	275.939	304.95
496	12.3674	1	773.141	1	1.05982	1	452.94	1	78.9243	1	0.316228	280.543	310.957
496	12.3674	1	773.141	1	1.05982	1	452.94	1	78.9243	1	1	289.376	322.582
496	12.3674	1	773.141	1	1.05982	1	452.94	1	78.9243	1	3.16228	300.382	336.539
496	12.3674	1	773.141	1	1.05982	1	452.94	1	78.9243	1	10	310.954	347.457
496	12.3674	1	773.141	1	1.05982	1	452.94	1	78.9243	1	31.6228	318.34	355.732
496	12.3674	1	773.141	1	1.05982	1	452.94	1	78.9243	1	100	329.421	368.04
497	25.6858	1	760.468	1	0.626264	1	192.282	1	59.6879	1	0	273.249	301.462
497	25.6858	1	760.468	1	0.626264	1	192.282	1	59.6879	1	0.001	273.298	301.526
497	25.6858	1	760.468	1	0.626264	1	192.282	1	59.6879	1	0.00316228	273.403	301.664
497	25.6858	1	760.468	1	0.626264	1	192.282	1	59.6879	1	0.01	273.729	302.095
497	25.6858	1	760.468	1	0.626264	1	192.282	1	59.6879	1	0.0316228	274.718	303.401
497	25.6858	1	760.468	1	0.626264	1	192.282	1	59.6879	1	0.1	277.474	307.043
497	25.6858	1	760.468	1	0.626264	1	192.282	1	59.6879	1	0.316228	283.783	315.553
497	25.6858	1	760.468	1	0.626264	1	192.282	1	59.6879	1	1	293.466	328.973
497	25.6858	1	760.468	1	0.626264	1	192.282	1	59.6879	1	3.16228	302.943	341.776
497	25.6858	1	760.468	1	0.626264	1	192.282	1	59.6879	1	10	312.252	351.634
497	25.6858	1	760.468	1	0.626264	1	192.282	1	59.6879	1	31.6228	326.081	364.419
497	25.6858	1	760.468	1	0.626264	1	192.282	1	59.6879	1	100	351.141	391.162
498	45.1038	1	463.847	1	0.441158	1	834.271	1	143.624	1	0	273.249	301.462
498	45.1038	1	463.847	1	0.441158	1	834.271	1	143.624	1	0.001	273.318	301.552
498	45.1038	1	463.847	1	0.441158	1	834.271	1	143.624	1	0.00316228	273.464	301.747
498	45.1038	1	463.847	1	0.441158	1	834.271	1	143.624	1	0.01	273.918	302.349
498	45.1038	1	463.847	1	0.441158	1	834.271	1	143.624	1	0.0316228	275.267	304.14
498	45.1038	1	463.847	1	0.441158	1	834.271	1	143.624	1	0.1	278.865	308.964
498	45.1038	1	463.847	1	0.441158	1	834.271	1	143.624	1	0.316228	286.214	319.082
498	45.1038	1	463.847	1	0.441158	1	834.271	1	143.624	1	1	295.543	332.502
498	45.1038	1	463.847	1	0.441158	1	834.271	1	143.624	1	3.16228	302.587	342.651
498	45.1038	1	463.847	1	0.441158	1	834.271	1	143.624	1	10	307.257	347.91
498	45.1038	1	463.847	1	0.441158	1	834.271	1	143.624	1	31.6228	312.421	351.052
498	45.1038	1	463.847	1	0.441158	1	834.271	1	143.624	1	100	317.04	354.565
499	33.9401	1	88.7555	1	1.07966	1	249.375	1	69.7762	1	0	273.249	301.462
499	33.9401	1	88.7555	1	1.07966	1	249.375	1	69.7762	1	0.001	273.277	301.498
499	33.9401	1	88.7555	1	1.07966	1	249.375	1	69.7762	1	0.00316228	273.337	301.577
499	33.9401	1	88.7555	1	1.07966	1	249.375	1	69.7762	1	0.01	273.524	301.826
499	33.9401	1	88.7555	1	1.07966	1	249.375	1	69.7762	1	0.0316228	274.101	302.59
499	33.9401	1	88.7555	1	1.07966	1	249.375	1	69.7762	1	0.1	275.787	304.824
499	33.9401	1	88.7555	1	1.07966	1	249.375	1	69.7762	1	0.316228	280.103	310.613
499	33.9401	1	88.7555	1	1.07966	1	249.375	1	69.7762	1	1	288.198	321.767
499	33.9401	1	88.7555	1	1.07966	1	249.375	1	69.7762	1	3.16228	297.319	334.661
499	33.9401	1	88.7555	1	1.07966	1	249.375	1	69.7762	1	10	303.801	342.937
499	33.9401	1	88.7555	1	1.07966	1	249.375	1	69.7762	1	31.6228	308.745	346.748
499	33.9401	1	88.7555	1	1.07966	1	249.375	1	69.7762	1	100	311.285	350.569
500	45.158	1	255.754	1	0.744765	1	205.691	1	66.9777	1	0	273.249	301.462
500	45.158	1	255.754	1	0.744765	1	205.691	1	66.9777	1	0.001	273.29	301.515
500	45.158	1	255.754	1	0.744765	1	205.691	1	66.9777	1	0.00316228	273.378	301.631
500	45.158	1	255.754	1	0.744765	1	205.691	1	66.9777	1	0.01	273.651	301.994
500	45.158	1	255.754	1	0.744765	1	205.691	1	66.9777	1	0.0316228	274.485	303.099
500	45.158	1	255.754	1	0.744765	1	205.691	1	66.9777	1	0.1	276.846	306.223
500	45.158	1	255.754	1	0.744765	1	205.691	1	66.9777	1	0.316228	282.479	313.833
500	45.158	1	255.754	1	0.744765	1	205.691	1	66.9777	1	1	291.674	326.671
500	45.158	1	255.754	1	0.744765	1	205.691	1	66.9777	1	3.16228	300.854	339.611
500	45.158	1	255.754	1	0.744765	1	205.691	1	66.9777	1	10	308.539	348.839
500	45.158	1	255.754	1	0.744765	1	205.691	1	66.9777	1	31.6228	319.266	358.455
500	45.158	1	255.754	1	0.744765	1	205.691	1	66.9777	1	100	337.758	377.48
501	34.2068	1	247.56	1	1.49365	1	242.09	1	61.7811	1	0	273.249	301.462
501	34.2068	1	247.56	1	1.49365	1	242.09	1	61.7811	1	0.001	273.27	301.489
501	34.2068	1	247.56	1	1.49365	1	242.09	1	61.7811	1	0.00316228	273.314	301.547
501	34.2068	1	247.56	1	1.49365	1	242.09	1	61.7811	1	0.01	273.453	301.729
501	34.2068	1	247.56	1	1.49365	1	242.09	1	61.7811	1	0.0316228	273.884	302.297
501	34.2068	1	247.56	1	1.49365	1	242.09	1	61.7811	1	0.1	275.174	303.991
501	34.2068	1	247.56	1	1.49365	1	242.09	1	61.7811	1	0.316228	278.661	308.6
501	34.2068	1	247.56	1	1.49365	1	242.09	1	61.7811	1	1	286.052	318.532
501	34.2068	1	247.56	1	1.49365	1	242.09	1	61.7811	1	3.16228	296.294	332.472
501	34.2068	1	247.56	1	1.49365	1	242.09	1	61.7811	1	10	306.232	344.664
501	34.2068	1	247.56	1	1.49365	1	242.09	1	61.7811	1	31.6228	317.336	355.137
501	34.2068	1	247.56	1	1.49365	1	242.09	1	61.7811	1	100	332.567	371.575
502	21.2365	1	624.959	1	2.19995	1	471.267	1	32.5447	1	0	273.249	301.462
502	21.2365	1	624.959	1	2.19995	1	471.267	1	32.5447	1	0.001	273.264	301.48
502	21.2365	1	624.959	1	2.19995	1	471.267	1	32.5447	1	0.00316228	273.294	301.52
502	21.2365	1	624.959	1	2.19995	1	471.267	1	32.5447	1	0.01	273.391	301.645
502	21.2365	1	624.959	1	2.19995	1	471.267	1	32.5447	1	0.0316228	273.694	302.037
502	21.2365	1	624.959	1	2.19995	1	471.267	1	32.5447	1	0.1	274.616	303.228
502	21.2365	1	624.959	1	2.19995	1	471.267	1	32.5447	1	0.316228	277.22	306.576
502	21.2365	1	624.959	1	2.19995	1	471.267	1	32.5447	1	1	283.431	314.641
502	21.2365	1	624.959	1	2.19995	1	471.267	1	32.5447	1	3.16228	293.731	328.029
502	21.2365	1	624.959	1	2.19995	1	471.267	1	32.5447	1	10	305.318	341.646
502	21.2365	1	624.959	1	2.19995	1	471.267	1	32.5447	1	31.6228	314.866	352.06
502	21.2365	1	624.959	1	2.19995	1	471.267	1	32.5447	1	100	326.053	364.385
503	11.5225	1	428.985	1	1.11761	1	380.107	1	94.6806	1	0	273.249	301.462
503	11.5225	1	428.985	1	1.11761	1	380.107	1	94.6806	1	0.001	273.277	301.498
503	11.5225	1	428.985	1	1.11761	1	380.107	1	94.6806	1	0.00316228	273.337	301.576
503	11.5225	1	428.985	1	1.11761	1	380.107	1	94.6806	1	0.01	273.526	301.82
503	11.5225	1	428.985	1	1.11761	1	380.107	1	94.6806	1	0.0316228	274.108	302.574
503	11.5225	1	428.985	1	1.11761	1	380.107	1	94.6806	1	0.1	275.818	304.784
503	11.5225	1	428.985	1	1.11761	1	380.107	1	94.6806	1	0.316228	280.266	310.565
503	11.5225	1	428.985	1	1.11761	1	380.107	1	94.6806	1	1	288.972	321.953
503	11.5225	1	428.985	1	1.11761	1	380.107	1	94.6806	1	3.16228	300.126	335.988
503	11.5225	1	428.985	1	1.11761	1	380.107	1	94.6806	1	10	310.907	347.115
503	11.5225	1	428.985	1	1.11761	1	380.107	1	94.6806	1	31.6228	318.221	355.425
503	11.5225	1	428.985	1	1.11761	1	380.107	1	94.6806	1	100	329.21	367.586
504	22.3524	1	354.922	1	0.559827	1	294.153	1	82.2886	1	0	273.249	301.462
504	22.3524	1	354.922	1	0.559827	1	294.153	1	82.2886	1	0.001	273.304	301.533
504	22.3524	1	354.922	1	0.559827	1	294.153	1	82.2886	1	0.00316228	273.42	301.687
504	22.3524	1	354.922	1	0.559827	1	294.153	1	82.2886	1	0.01	273.783	302.166
504	22.3524	1	354.922	1	0.559827	1	294.153	1	82.2886	1	0.0316228	274.875	303.61
504	22.3524	1	354.922	1	0.559827	1	294.153	1	82.2886	1	0.1	277.882	307.599
504	22.3524	1	354.922	1	0.559827	1	294.153	1	82.2886	1	0.316228	284.535	316.605
504	22.3524	1	354.922	1	0.559827	1	294.153	1	82.2886	1	1	294.179	330.053
504	22.3524	1	354.922	1	0.559827	1	294.153	1	82.2886	1	3.16228	302.908	341.858
504	22.3524	1	354.922	1	0.559827	1	294.153	1	82.2886	1	10	310.632	349.656
504	22.3524	1	354.922	1	0.559827	1	294.153	1	82.2886	1	31.6228	319.716	357.329
504	22.3524	1	354.922	1	0.559827	1	294.153	1	82.2886	1	100	332.962	371.555
505	34.0183	1	353.432	1	1.16675	1	281.819	1	49.6912	1	0	273.249	301.462
505	34.0183	1	353.432	1	1.16675	1	281.819	1	49.6912	1	0.001	273.276	301.496
505	34.0183	1	353.432	1	1.16675	1	281.819	1	49.6912	1	0.00316228	273.332	301.57
505	34.0183	1	353.432	1	1.16675	1	281.819	1	49.6912	1	0.01	273.509	301.804
505	34.0183	1	353.432	1	1.16675	1	281.819	1	49.6912	1	0.0316228	274.056	302.525
505	34.0183	1	353.432	1	1.16675	1	281.819	1	49.6912	1	0.1	275.665	304.644
505	34.0183	1	353.432	1	1.16675	1	281.819	1	49.6912	1	0.316228	279.859	310.221
505	34.0183	1	353.432	1	1.16675	1	281.819	1	49.6912	1	1	288.043	321.338
505	34.0183	1	353.432	1	1.16675	1	281.819	1	49.6912	1	3.16228	298.159	335.225
505	34.0183	1	353.432	1	1.16675	1	281.819	1	49.6912	1	10	307.342	346.28
505	34.0183	1	353.432	1	1.16675	1	281.819	1	49.6912	1	31.6228	317.736	355.852
505	34.0183	1	353.432	1	1.16675	1	281.819	1	49.6912	1	100	332.222	371.463
506	33.762	1	495.433	1	1.70593	1	526.592	1	68.6998	1	0	273.249	301.462
506	33.762	1	495.433	1	1.70593	1	526.592	1	68.6998	1	0.001	273.267	301.485
506	33.762	1	495.433	1	1.70593	1	526.592	1	68.6998	1	0.00316228	273.306	301.536
506	33.762	1	495.433	1	1.70593	1	526.592	1	68.6998	1	0.01	273.428	301.696
506	33.762	1	495.433	1	1.70593	1	526.592	1	68.6998	1	0.0316228	273.807	302.194
506	33.762	1	495.433	1	1.70593	1	526.592	1	68.6998	1	0.1	274.949	303.691
506	33.762	1	495.433	1	1.70593	1	526.592	1	68.6998	1	0.316228	278.085	307.818
506	33.762	1	495.433	1	1.70593	1	526.592	1	68.6998	1	1	284.992	317.047
506	33.762	1	495.433	1	1.70593	1	526.592	1	68.6998	1	3.16228	295.054	330.69
506	33.762	1	495.433	1	1.70593	1	526.592	1	68.6998	1	10	304.799	342.765
506	33.762	1	495.433	1	1.70593	1	526.592	1	68.6998	1	31.6228	313.915	351.295
506	33.762	1	495.433	1	1.70593	1	526.592	1	68.6998	1	100	322.673	360.713
507	27.5587	1	276.907	1	0.81977	1	115.876	1	63.6958	1	0	273.249	301.462
507	27.5587	1	276.907	1	0.81977	1	115.876	1	63.6958	1	0.001	273.287	301.511
507	27.5587	1	276.907	1	0.81977	1	115.876	1	63.6958	1	0.00316228	273.368	301.617
507	27.5587	1	276.907	1	0.81977	1	115.876	1	63.6958	1	0.01	273.62	301.95
507	27.5587	1	276.907	1	0.81977	1	115.876	1	63.6958	1	0.0316228	274.392	302.967
507	27.5587	1	276.907	1	0.81977	1	115.876	1	63.6958	1	0.1	276.602	305.873
507	27.5587	1	276.907	1	0.81977	1	115.876	1	63.6958	1	0.316228	282.013	313.1
507	27.5587	1	276.907	1	0.81977	1	115.876	1	63.6958	1	1	291.389	325.919
507	27.5587	1	276.907	1	0.81977	1	115.876	1	63.6958	1	3.16228	301.909	340.075
507	27.5587	1	276.907	1	0.81977	1	115.876	1	63.6958	1	10	313.121	352.494
507	27.5587	1	276.907	1	0.81977	1	115.876	1	63.6958	1	31.6228	331.205	369.675
507	27.5587	1	276.907	1	0.81977	1	115.876	1	63.6958	1	100	364.05	404.612
508	33.7967	1	378.946	1	2.54047	1	331.616	1	70.3708	1	0	273.249	301.462
508	33.7967	1	378.946	1	2.54047	1	331.616	1	70.3708	1	0.001	273.262	301.477
508	33.7967	1	378.946	1	2.54047	1	331.616	1	70.3708	1	0.00316228	273.288	301.512
508	33.7967	1	378.946	1	2.54047	1	331.616	1	70.3708	1	0.01	273.371	301.62
508	33.7967	1	378.946	1	2.54047	1	331.616	1	70.3708	1	0.0316228	273.631	301.959
508	33.7967	1	378.946	1	2.54047	1	331.616	1	70.3708	1	0.1	274.427	302.995
508	33.7967	1	378.946	1	2.54047	1	331.616	1	70.3708	1	0.316228	276.702	305.951
508	33.7967	1	378.946	1	2.54047	1	331.616	1	70.3708	1	1	282.283	313.276
508	33.7967	1	378.946	1	2.54047	1	331.616	1	70.3708	1	3.16228	292.005	326.161
508	33.7967	1	378.946	1	2.54047	1	331.616	1	70.3708	1	10	303.321	340.245
508	33.7967	1	378.946	1	2.54047	1	331.616	1	70.3708	1	31.6228	315.175	352.188
508	33.7967	1	378.946	1	2.54047	1	331.616	1	70.3708	1	100	328.858	367.079
509	25.5828	1	449.746	1	0.699723	1	322.959	1	46.9169	1	0	273.249	301.462
509	25.5828	1	449.746	1	0.699723	1	322.959	1	46.9169	1	0.001	273.293	301.519
509	25.5828	1	449.746	1	0.699723	1	322.959	1	46.9169	1	0.00316228	273.386	301.642
509	25.5828	1	449.746	1	0.699723	1	322.959	1	46.9169	1	0.01	273.678	302.028
509	25.5828	1	449.746	1	0.699723	1	322.959	1	46.9169	1	0.0316228	274.566	303.2
509	25.5828	1	449.746	1	0.699723	1	322.959	1	46.9169	1	0.1	277.064	306.493
509	25.5828	1	449.746	1	0.699723	1	322.959	1	46.9169	1	0.316228	282.947	314.411
509	25.5828	1	449.746	1	0.699723	1	322.959	1	46.9169	1	1	292.346	327.424
509	25.5828	1	449.746	1	0.699723	1	322.959	1	46.9169	1	3.16228	301.619	340.089
509	25.5828	1	449.746	1	0.699723	1	322.959	1	46.9169	1	10	309.655	348.766
509	25.5828	1	449.746	1	0.699723	1	322.959	1	46.9169	1	31.6228	318.773	356.76
509	25.5828	1	449.746	1	0.699723	1	322.959	1	46.9169	1	100	332.097	370.996
510	28.3388	1	458.735	1	1.42274	1	317.473	1	61.7105	1	0	273.249	301.462
510	28.3388	1	458.735	1	1.42274	1	317.473	1	61.7105	1	0.001	273.271	301.49
510	28.3388	1	458.735	1	1.42274	1	317.473	1	61.7105	1	0.00316228	273.318	301.551
510	28.3388	1	458.735	1	1.42274	1	317.473	1	61.7105	1	0.01	273.464	301.743
510	28.3388	1	458.735	1	1.42274	1	317.473	1	61.7105	1	0.0316228	273.919	302.34
510	28.3388	1	458.735	1	1.42274	1	317.473	1	61.7105	1	0.1	275.273	304.115
510	28.3388	1	458.735	1	1.42274	1	317.473	1	61.7105	1	0.316228	278.916	308.917
510	28.3388	1	458.735	1	1.42274	1	317.473	1	61.7105	1	1	286.536	319.116
510	28.3388	1	458.735	1	1.42274	1	317.473	1	61.7105	1	3.16228	296.939	333.127
510	28.3388	1	458.735	1	1.42274	1	317.473	1	61.7105	1	10	307.127	345.218
510	28.3388	1	458.735	1	1.42274	1	317.473	1	61.7105	1	31.6228	318.048	355.524
510	28.3388	1	458.735	1	1.42274	1	317.473	1	61.7105	1	100	332.32	370.97
511	15.2373	1	288.517	1	3.0155	1	240.481	1	83.9065	1	0	273.249	301.462
511	15.2373	1	288.517	1	3.0155	1	240.481	1	83.9065	1	0.001	273.26	301.475
511	15.2373	1	288.517	1	3.0155	1	240.481	1	83.9065	1	0.00316228	273.283	301.505
511	15.2373	1	288.517	1	3.0155	1	240.481	1	83.9065	1	0.01	273.357	301.597
511	15.2373	1	288.517	1	3.0155	1	240.481	1	83.9065	1	0.0316228	273.586	301.887
511	15.2373	1	288.517	1	3.0155	1	240.481	1	83.9065	1	0.1	274.294	302.778
511	15.2373	1	288.517	1	3.0155	1	240.481	1	83.9065	1	0.316228	276.357	305.364
511	15.2373	1	288.517	1	3.0155	1	240.481	1	83.9065	1	1	281.637	311.982
511	15.2373	1	288.517	1	3.0155	1	240.481	1	83.9065	1	3.16228	291.816	324.574
511	15.2373	1	288.517	1	3.0155	1	240.481	1	83.9065	1	10	305.444	339.999
511	15.2373	1	288.517	1	3.0155	1	240.481	1	83.9065	1	31.6228	318.25	354.362
511	15.2373	1	288.517	1	3.0155	1	240.481	1	83.9065	1	100	335.522	373.758
512	16.9764	1	284.424	1	1.03987	1	130.347	1	58.9143	1	0	273.249	301.462
512	16.9764	1	284.424	1	1.03987	1	130.347	1	58.9143	1	0.001	273.279	301.501
512	16.9764	1	284.424	1	1.03987	1	130.347	1	58.9143	1	0.00316228	273.344	301.585
512	16.9764	1	284.424	1	1.03987	1	130.347	1	58.9143	1	0.01	273.546	301.849
512	16.9764	1	284.424	1	1.03987	1	130.347	1	58.9143	1	0.0316228	274.168	302.661
512	16.9764	1	284.424	1	1.03987	1	130.347	1	58.9143	1	0.1	275.988	305.033
512	16.9764	1	284.424	1	1.03987	1	130.347	1	58.9143	1	0.316228	280.664	311.176
512	16.9764	1	284.424	1	1.03987	1	130.347	1	58.9143	1	1	289.611	323.078
512	16.9764	1	284.424	1	1.03987	1	130.347	1	58.9143	1	3.16228	300.933	337.74
512	16.9764	1	284.424	1	1.03987	1	130.347	1	58.9143	1	10	313.403	351.05
512	16.9764	1	284.424	1	1.03987	1	130.347	1	58.9143	1	31.6228	329.549	367.446
512	16.9764	1	284.424	1	1.03987	1	130.347	1	58.9143	1	100	359.196	399.346
513	16.9655	1	269.69	1	1.04518	1	331.722	1	37.5436	1	0	273.249	301.462
513	16.9655	1	269.69	1	1.04518	1	331.722	1	37.5436	1	0.001	273.279	301.5
513	16.9655	1	269.69	1	1.04518	1	331.722	1	37.5436	1	0.00316228	273.342	301.583
513	16.9655	1	269.69	1	1.04518	1	331.722	1	37.5436	1	0.01	273.541	301.843
513	16.9655	1	269.69	1	1.04518	1	331.722	1	37.5436	1	0.0316228	274.153	302.644
513	16.9655	1	269.69	1	1.04518	1	331.722	1	37.5436	1	0.1	275.94	304.979
513	16.9655	1	269.69	1	1.04518	1	331.722	1	37.5436	1	0.316228	280.519	311.016
513	16.9655	1	269.69	1	1.04518	1	331.722	1	37.5436	1	1	289.185	322.616
513	16.9655	1	269.69	1	1.04518	1	331.722	1	37.5436	1	3.16228	299.598	336.314
513	16.9655	1	269.69	1	1.04518	1	331.722	1	37.5436	1	10	309.187	346.62
513	16.9655	1	269.69	1	1.04518	1	331.722	1	37.5436	1	31.6228	316.805	354.192
513	16.9655	1	269.69	1	1.04518	1	331.722	1	37.5436	1	100	326.841	365.321
514	25.4055	1	526.972	1	1.87461	1	209.709	1	51.3916	1	0	273.249	301.462
514	25.4055	1	526.972	1	1.87461	1	209.709	1	51.3916	1	0.001	273.266	301.483
514	25.4055	1	526.972	1	1.87461	1	209.709	1	51.3916	1	0.00316228	273.302	301.53
514	25.4055	1	526.972	1	1.87461	1	209.709	1	51.3916	1	0.01	273.416	301.678
514	25.4055	1	526.972	1	1.87461	1	209.709	1	51.3916	1	0.0316228	273.77	302.138
514	25.4055	1	526.972	1	1.87461	1	209.709	1	51.3916	1	0.1	274.84	303.529
514	25.4055	1	526.972	1	1.87461	1	209.709	1	51.3916	1	0.316228	277.822	307.404
514	25.4055	1	526.972	1	1.87461	1	209.709	1	51.3916	1	1	284.65	316.369
514	25.4055	1	526.972	1	1.87461	1	209.709	1	51.3916	1	3.16228	295.422	330.518
514	25.4055	1	526.972	1	1.87461	1	209.709	1	51.3916	1	10	307.748	345.036
514	25.4055	1	526.972	1	1.87461	1	209.709	1	51.3916	1	31.6228	322.338	359.782
514	25.4055	1	526.972	1	1.87461	1	209.709	1	51.3916	1	100	344.997	384.385
515	29.6033	1	449.465	1	1.32246	1	296.278	1	60.4105	1	0	273.249	301.462
515	29.6033	1	449.465	1	1.32246	1	296.278	1	60.4105	1	0.001	273.273	301.492
515	29.6033	1	449.465	1	1.32246	1	296.278	1	60.4105	1	0.00316228	273.323	301.558
515	29.6033	1	449.465	1	1.32246	1	296.278	1	60.4105	1	0.01	273.48	301.764
515	29.6033	1	449.465	1	1.32246	1	296.278	1	60.4105	1	0.0316228	273.967	302.404
515	29.6033	1	449.465	1	1.32246	1	296.278	1	60.4105	1	0.1	275.412	304.301
515	29.6033	1	449.465	1	1.32246	1	296.278	1	60.4105	1	0.316228	279.258	309.385
515	29.6033	1	449.465	1	1.32246	1	296.278	1	60.4105	1	1	287.108	319.936
515	29.6033	1	449.465	1	1.32246	1	296.278	1	60.4105	1	3.16228	297.482	333.983
515	29.6033	1	449.465	1	1.32246	1	296.278	1	60.4105	1	10	307.459	345.827
515	29.6033	1	449.465	1	1.32246	1	296.278	1	60.4105	1	31.6228	318.578	356.232
515	29.6033	1	449.465	1	1.32246	1	296.278	1	60.4105	1	100	333.764	372.562
516	20.9953	1	135.334	1	0.767866	1	133.885	1	41.1143	1	0	273.249	301.462
516	20.9953	1	135.334	1	0.767866	1	133.885	1	41.1143	1	0.001	273.289	301.514
516	20.9953	1	135.334	1	0.767866	1	133.885	1	41.1143	1	0.00316228	273.375	301.627
516	20.9953	1	135.334	1	0.767866	1	133.885	1	41.1143	1	0.01	273.642	301.979
516	20.9953	1	135.334	1	0.767866	1	133.885	1	41.1143	1	0.0316228	274.458	303.054
516	20.9953	1	135.334	1	0.767866	1	133.885	1	41.1143	1	0.1	276.777	306.104
516	20.9953	1	135.334	1	0.767866	1	133.885	1	41.1143	1	0.316228	282.371	313.587
516	20.9953	1	135.334	1	0.767866	1	133.885	1	41.1143	1	1	291.744	326.416
516	20.9953	1	135.334	1	0.767866	1	133.885	1	41.1143	1	3.16228	301.704	339.773
516	20.9953	1	135.334	1	0.767866	1	133.885	1	41.1143	1	10	311.351	350.053
516	20.9953	1	135.334	1	0.767866	1	133.885	1	41.1143	1	31.6228	324.059	361.977
516	20.9953	1	135.334	1	0.767866	1	133.885	1	41.1143	1	100	346.046	386.413
517	39.9569	1	724.958	1	1.53188	1	183.815	1	105.529	1	0	273.249	301.462
517	39.9569	1	724.958	1	1.53188	1	183.815	1	105.529	1	0.001	273.27	301.488
517	39.9569	1	724.958	1	1.53188	1	183.815	1	105.529	1	0.00316228	273.313	301.545
517	39.9569	1	724.958	1	1.53188	1	183.815	1	105.529	1	0.01	273.45	301.725
517	39.9569	1	724.958	1	1.53188	1	183.815	1	105.529	1	0.0316228	273.876	302.285
517	39.9569	1	724.958	1	1.53188	1	183.815	1	105.529	1	0.1	275.152	303.958
517	39.9569	1	724.958	1	1.53188	1	183.815	1	105.529	1	0.316228	278.621	308.531
517	39.9569	1	724.958	1	1.53188	1	183.815	1	105.529	1	1	286.071	318.509
517	39.9569	1	724.958	1	1.53188	1	183.815	1	105.529	1	3.16228	296.786	332.99
517	39.9569	1	724.958	1	1.53188	1	183.815	1	105.529	1	10	308.245	346.981
517	39.9569	1	724.958	1	1.53188	1	183.815	1	105.529	1	31.6228	324.227	362.617
517	39.9569	1	724.958	1	1.53188	1	183.815	1	105.529	1	100	351.565	391.21
518	20.0192	1	418.74	1	2.71561	1	281.623	1	66.4032	1	0	273.249	301.462
518	20.0192	1	418.74	1	2.71561	1	281.623	1	66.4032	1	0.001	273.261	301.477
518	20.0192	1	418.74	1	2.71561	1	281.623	1	66.4032	1	0.00316228	273.286	301.509
518	20.0192	1	418.74	1	2.71561	1	281.623	1	66.4032	1	0.01	273.366	301.611
518	20.0192	1	418.74	1	2.71561	1	281.623	1	66.4032	1	0.0316228	273.616	301.932
518	20.0192	1	418.74	1	2.71561	1	281.623	1	66.4032	1	0.1	274.383	302.913
518	20.0192	1	418.74	1	2.71561	1	281.623	1	66.4032	1	0.316228	276.597	305.734
518	20.0192	1	418.74	1	2.71561	1	281.623	1	66.4032	1	1	282.143	312.822
518	20.0192	1	418.74	1	2.71561	1	281.623	1	66.4032	1	3.16228	292.281	325.746
518	20.0192	1	418.74	1	2.71561	1	281.623	1	66.4032	1	10	305.172	340.752
518	20.0192	1	418.74	1	2.71561	1	281.623	1	66.4032	1	31.6228	318.084	354.492
518	20.0192	1	418.74	1	2.71561	1	281.623	1	66.4032	1	100	334.519	372.898
519	35.6715	1	365.76	1	0.882637	1	319.806	1	75.08	1	0	273.249	301.462
519	35.6715	1	365.76	1	0.882637	1	319.806	1	75.08	1	0.001	273.284	301.507
519	35.6715	1	365.76	1	0.882637	1	319.806	1	75.08	1	0.00316228	273.358	301.605
519	35.6715	1	365.76	1	0.882637	1	319.806	1	75.08	1	0.01	273.59	301.912
519	35.6715	1	365.76	1	0.882637	1	319.806	1	75.08	1	0.0316228	274.301	302.852
519	35.6715	1	365.76	1	0.882637	1	319.806	1	75.08	1	0.1	276.347	305.553
519	35.6715	1	365.76	1	0.882637	1	319.806	1	75.08	1	0.316228	281.408	312.336
519	35.6715	1	365.76	1	0.882637	1	319.806	1	75.08	1	1	290.278	324.581
519	35.6715	1	365.76	1	0.882637	1	319.806	1	75.08	1	3.16228	299.819	337.856
519	35.6715	1	365.76	1	0.882637	1	319.806	1	75.08	1	10	307.811	347.3
519	35.6715	1	365.76	1	0.882637	1	319.806	1	75.08	1	31.6228	317.202	355.357
519	35.6715	1	365.76	1	0.882637	1	319.806	1	75.08	1	100	330.146	368.757
520	38.5165	1	744.21	1	1.40962	1	463.228	1	31.8168	1	0	273.249	301.462
520	38.5165	1	744.21	1	1.40962	1	463.228	1	31.8168	1	0.001	273.271	301.49
520	38.5165	1	744.21	1	1.40962	1	463.228	1	31.8168	1	0.00316228	273.318	301.552
520	38.5165	1	744.21	1	1.40962	1	463.228	1	31.8168	1	0.01	273.465	301.746
520	38.5165	1	744.21	1	1.40962	1	463.228	1	31.8168	1	0.0316228	273.922	302.347
520	38.5165	1	744.21	1	1.40962	1	463.228	1	31.8168	1	0.1	275.281	304.135
520	38.5165	1	744.21	1	1.40962	1	463.228	1	31.8168	1	0.316228	278.925	308.964
520	38.5165	1	744.21	1	1.40962	1	463.228	1	31.8168	1	1	286.486	319.172
520	38.5165	1	744.21	1	1.40962	1	463.228	1	31.8168	1	3.16228	296.574	333.025
520	38.5165	1	744.21	1	1.40962	1	463.228	1	31.8168	1	10	305.778	344.493
520	38.5165	1	744.21	1	1.40962	1	463.228	1	31.8168	1	31.6228	314.672	353.125
520	38.5165	1	744.21	1	1.40962	1	463.228	1	31.8168	1	100	325.85	365.316
521	61.9053	1	390.52	1	0.706127	1	301.09	1	28.9063	1	0	273.249	301.462
521	61.9053	1	390.52	1	0.706127	1	301.09	1	28.9063	1	0.001	273.292	301.518
521	61.9053	1	390.52	1	0.706127	1	301.09	1	28.9063	1	0.00316228	273.384	301.641
521	61.9053	1	390.52	1	0.706127	1	301.09	1	28.9063	1	0.01	273.672	302.023
521	61.9053	1	390.52	1	0.706127	1	301.09	1	28.9063	1	0.0316228	274.548	303.184
521	61.9053	1	390.52	1	0.706127	1	301.09	1	28.9063	1	0.1	277.01	306.448
521	61.9053	1	390.52	1	0.706127	1	301.09	1	28.9063	1	0.316228	282.805	314.308
521	61.9053	1	390.52	1	0.706127	1	301.09	1	28.9063	1	1	291.998	327.251
521	61.9053	1	390.52	1	0.706127	1	301.09	1	28.9063	1	3.16228	300.711	339.787
521	61.9053	1	390.52	1	0.706127	1	301.09	1	28.9063	1	10	307.226	348.028
521	61.9053	1	390.52	1	0.706127	1	301.09	1	28.9063	1	31.6228	315.216	355.349
521	61.9053	1	390.52	1	0.706127	1	301.09	1	28.9063	1	100	327.897	369.347
522	26.2958	1	328.8	1	0.945771	1	312.351	1	57.9001	1	0	273.249	301.462
522	26.2958	1	328.8	1	0.945771	1	312.351	1	57.9001	1	0.001	273.282	301.504
522	26.2958	1	328.8	1	0.945771	1	312.351	1	57.9001	1	0.00316228	273.351	301.596
522	26.2958	1	328.8	1	0.945771	1	312.351	1	57.9001	1	0.01	273.569	301.882
522	26.2958	1	328.8	1	0.945771	1	312.351	1	57.9001	1	0.0316228	274.237	302.763
522	26.2958	1	328.8	1	0.945771	1	312.351	1	57.9001	1	0.1	276.172	305.31
522	26.2958	1	328.8	1	0.945771	1	312.351	1	57.9001	1	0.316228	281.028	311.774
522	26.2958	1	328.8	1	0.945771	1	312.351	1	57.9001	1	1	289.818	323.78
522	26.2958	1	328.8	1	0.945771	1	312.351	1	57.9001	1	3.16228	299.711	337.272
522	26.2958	1	328.8	1	0.945771	1	312.351	1	57.9001	1	10	308.437	347.159
522	26.2958	1	328.8	1	0.945771	1	312.351	1	57.9001	1	31.6228	317.785	355.394
522	26.2958	1	328.8	1	0.945771	1	312.351	1	57.9001	1	100	330.011	368.608
523	94.0438	1	422.805	1	0.996829	1	372.093	1	58.6892	1	0	273.249	301.462
523	94.0438	1	422.805	1	0.996829	1	372.093	1	58.6892	1	0.001	273.28	301.502
523	94.0438	1	422.805	1	0.996829	1	372.093	1	58.6892	1	0.00316228	273.345	301.589
523	94.0438	1	422.805	1	0.996829	1	372.093	1	58.6892	1	0.01	273.55	301.86
523	94.0438	1	422.805	1	0.996829	1	372.093	1	58.6892	1	0.0316228	274.18	302.696
523	94.0438	1	422.805	1	0.996829	1	372.093	1	58.6892	1	0.1	276.009	305.123
523	94.0438	1	422.805	1	0.996829	1	372.093	1	58.6892	1	0.316228	280.629	311.339
523	94.0438	1	422.805	1	0.996829	1	372.093	1	58.6892	1	1	289.053	323.057
523	94.0438	1	422.805	1	0.996829	1	372.093	1	58.6892	1	3.16228	298.335	336.447
523	94.0438	1	422.805	1	0.996829	1	372.093	1	58.6892	1	10	305.311	345.963
523	94.0438	1	422.805	1	0.996829	1	372.093	1	58.6892	1	31.6228	312.387	353.068
523	94.0438	1	422.805	1	0.996829	1	372.093	1	58.6892	1	100	324.492	364.597
524	13.0376	1	499.508	1	1.13358	1	245.802	1	163.324	1	0	273.249	301.462
524	13.0376	1	499.508	1	1.13358	1	245.802	1	163.324	1	0.001	273.277	301.497
524	13.0376	1	499.508	1	1.13358	1	245.802	1	163.324	1	0.00316228	273.336	301.574
524	13.0376	1	499.508	1	1.13358	1	245.802	1	163.324	1	0.01	273.522	301.816
524	13.0376	1	499.508	1	1.13358	1	245.802	1	163.324	1	0.0316228	274.097	302.562
524	13.0376	1	499.508	1	1.13358	1	245.802	1	163.324	1	0.1	275.788	304.751
524	13.0376	1	499.508	1	1.13358	1	245.802	1	163.324	1	0.316228	280.198	310.496
524	13.0376	1	499.508	1	1.13358	1	245.802	1	163.324	1	1	288.887	321.897
524	13.0376	1	499.508	1	1.13358	1	245.802	1	163.324	1	3.16228	300.178	336.227
524	13.0376	1	499.508	1	1.13358	1	245.802	1	163.324	1	10	311.847	348.385
524	13.0376	1	499.508	1	1.13358	1	245.802	1	163.324	1	31.6228	322.414	359.847
524	13.0376	1	499.508	1	1.13358	1	245.802	1	163.324	1	100	341.075	380.077
525	22.3413	1	1174.54	1	1.46058	1	169.644	1	68.5587	1	0	273.249	301.462
525	22.3413	1	1174.54	1	1.46058	1	169.644	1	68.5587	1	0.001	273.271	301.49
525	22.3413	1	1174.54	1	1.46058	1	169.644	1	68.5587	1	0.00316228	273.317	301.55
525	22.3413	1	1174.54	1	1.46058	1	169.644	1	68.5587	1	0.01	273.463	301.739
525	22.3413	1	1174.54	1	1.46058	1	169.644	1	68.5587	1	0.0316228	273.915	302.328
525	22.3413	1	1174.54	1	1.46058	1	169.644	1	68.5587	1	0.1	275.265	304.084
525	22.3413	1	1174.54	1	1.46058	1	169.644	1	68.5587	1	0.316228	278.924	308.863
525	22.3413	1	1174.54	1	1.46058	1	169.644	1	68.5587	1	1	286.738	319.167
525	22.3413	1	1174.54	1	1.46058	1	169.644	1	68.5587	1	3.16228	298.032	333.946
525	22.3413	1	1174.54	1	1.46058	1	169.644	1	68.5587	1	10	310.894	348.516
525	22.3413	1	1174.54	1	1.46058	1	169.644	1	68.5587	1	31.6228	327.803	365.634
525	22.3413	1	1174.54	1	1.46058	1	169.644	1	68.5587	1	100	357.372	397.682
526	41.1979	1	1230.15	1	1.08009	1	263.309	1	58.047	1	0	273.249	301.462
526	41.1979	1	1230.15	1	1.08009	1	263.309	1	58.047	1	0.001	273.278	301.499
526	41.1979	1	1230.15	1	1.08009	1	263.309	1	58.047	1	0.00316228	273.339	301.58
526	41.1979	1	1230.15	1	1.08009	1	263.309	1	58.047	1	0.01	273.53	301.832
526	41.1979	1	1230.15	1	1.08009	1	263.309	1	58.047	1	0.0316228	274.121	302.611
526	41.1979	1	1230.15	1	1.08009	1	263.309	1	58.047	1	0.1	275.849	304.889
526	41.1979	1	1230.15	1	1.08009	1	263.309	1	58.047	1	0.316228	280.296	310.815
526	41.1979	1	1230.15	1	1.08009	1	263.309	1	58.047	1	1	288.751	322.358
526	41.1979	1	1230.15	1	1.08009	1	263.309	1	58.047	1	3.16228	298.931	336.394
526	41.1979	1	1230.15	1	1.08009	1	263.309	1	58.047	1	10	308.418	347.881
526	41.1979	1	1230.15	1	1.08009	1	263.309	1	58.047	1	31.6228	320.908	359.664
526	41.1979	1	1230.15	1	1.08009	1	263.309	1	58.047	1	100	341.914	381.779
527	30.821	1	267.065	1	0.799239	1	363.013	1	40.1009	1	0	273.249	301.462
527	30.821	1	267.065	1	0.799239	1	363.013	1	40.1009	1	0.001	273.287	301.512
527	30.821	1	267.065	1	0.799239	1	363.013	1	40.1009	1	0.00316228	273.369	301.62
527	30.821	1	267.065	1	0.799239	1	363.013	1	40.1009	1	0.01	273.624	301.957
527	30.821	1	267.065	1	0.799239	1	363.013	1	40.1009	1	0.0316228	274.404	302.989
527	30.821	1	267.065	1	0.799239	1	363.013	1	40.1009	1	0.1	276.628	305.925
527	30.821	1	267.065	1	0.799239	1	363.013	1	40.1009	1	0.316228	282.016	313.168
527	30.821	1	267.065	1	0.799239	1	363.013	1	40.1009	1	1	291.061	325.692
527	30.821	1	267.065	1	0.799239	1	363.013	1	40.1009	1	3.16228	300.28	338.519
527	30.821	1	267.065	1	0.799239	1	363.013	1	40.1009	1	10	307.597	346.938
527	30.821	1	267.065	1	0.799239	1	363.013	1	40.1009	1	31.6228	314.899	352.986
527	30.821	1	267.065	1	0.799239	1	363.013	1	40.1009	1	100	323.187	362.272
528	28.9268	1	558.734	1	0.878589	1	138.735	1	74.8303	1	0	273.249	301.462
528	28.9268	1	558.734	1	0.878589	1	138.735	1	74.8303	1	0.001	273.284	301.508
528	28.9268	1	558.734	1	0.878589	1	138.735	1	74.8303	1	0.00316228	273.36	301.607
528	28.9268	1	558.734	1	0.878589	1	138.735	1	74.8303	1	0.01	273.596	301.918
528	28.9268	1	558.734	1	0.878589	1	138.735	1	74.8303	1	0.0316228	274.32	302.871
528	28.9268	1	558.734	1	0.878589	1	138.735	1	74.8303	1	0.1	276.405	305.611
528	28.9268	1	558.734	1	0.878589	1	138.735	1	74.8303	1	0.316228	281.578	312.505
528	28.9268	1	558.734	1	0.878589	1	138.735	1	74.8303	1	1	290.789	325.07
528	28.9268	1	558.734	1	0.878589	1	138.735	1	74.8303	1	3.16228	301.374	339.333
528	28.9268	1	558.734	1	0.878589	1	138.735	1	74.8303	1	10	312.479	351.777
528	28.9268	1	558.734	1	0.878589	1	138.735	1	74.8303	1	31.6228	330.012	368.454
528	28.9268	1	558.734	1	0.878589	1	138.735	1	74.8303	1	100	362.08	402.534
529	24.9752	1	399.652	1	1.01909	1	201.334	1	71.9799	1	0	273.249	301.462
529	24.9752	1	399.652	1	1.01909	1	201.334	1	71.9799	1	0.001	273.28	301.501
529	24.9752	1	399.652	1	1.01909	1	201.334	1	71.9799	1	0.00316228	273.344	301.587
529	24.9752	1	399.652	1	1.01909	1	201.334	1	71.9799	1	0.01	273.548	301.854
529	24.9752	1	399.652	1	1.01909	1	201.334	1	71.9799	1	0.0316228	274.175	302.678
529	24.9752	1	399.652	1	1.01909	1	201.334	1	71.9799	1	0.1	276.003	305.077
529	24.9752	1	399.652	1	1.01909	1	201.334	1	71.9799	1	0.316228	280.662	311.258
529	24.9752	1	399.652	1	1.01909	1	201.334	1	71.9799	1	1	289.4	323.08
529	24.9752	1	399.652	1	1.01909	1	201.334	1	71.9799	1	3.16228	299.877	337.163
529	24.9752	1	399.652	1	1.01909	1	201.334	1	71.9799	1	10	310.212	348.775
529	24.9752	1	399.652	1	1.01909	1	201.334	1	71.9799	1	31.6228	323.503	361.175
529	24.9752	1	399.652	1	1.01909	1	201.334	1	71.9799	1	100	344.9	384.208
530	22.6139	1	224.661	1	1.19326	1	246.228	1	58.1697	1	0	273.249	301.462
530	22.6139	1	224.661	1	1.19326	1	246.228	1	58.1697	1	0.001	273.275	301.495
530	22.6139	1	224.661	1	1.19326	1	246.228	1	58.1697	1	0.00316228	273.33	301.568
530	22.6139	1	224.661	1	1.19326	1	246.228	1	58.1697	1	0.01	273.504	301.796
530	22.6139	1	224.661	1	1.19326	1	246.228	1	58.1697	1	0.0316228	274.041	302.501
530	22.6139	1	224.661	1	1.19326	1	246.228	1	58.1697	1	0.1	275.625	304.576
530	22.6139	1	224.661	1	1.19326	1	246.228	1	58.1697	1	0.316228	279.773	310.058
530	22.6139	1	224.661	1	1.19326	1	246.228	1	58.1697	1	1	287.973	321.067
530	22.6139	1	224.661	1	1.19326	1	246.228	1	58.1697	1	3.16228	298.35	334.984
530	22.6139	1	224.661	1	1.19326	1	246.228	1	58.1697	1	10	308.214	346.172
530	22.6139	1	224.661	1	1.19326	1	246.228	1	58.1697	1	31.6228	318.362	355.582
530	22.6139	1	224.661	1	1.19326	1	246.228	1	58.1697	1	100	332.26	370.769
531	26.5897	1	468.852	1	0.742334	1	122.243	1	51.8887	1	0	273.249	301.462
531	26.5897	1	468.852	1	0.742334	1	122.243	1	51.8887	1	0.001	273.291	301.516
531	26.5897	1	468.852	1	0.742334	1	122.243	1	51.8887	1	0.00316228	273.38	301.633
531	26.5897	1	468.852	1	0.742334	1	122.243	1	51.8887	1	0.01	273.658	302
531	26.5897	1	468.852	1	0.742334	1	122.243	1	51.8887	1	0.0316228	274.506	303.118
531	26.5897	1	468.852	1	0.742334	1	122.243	1	51.8887	1	0.1	276.911	306.281
531	26.5897	1	468.852	1	0.742334	1	122.243	1	51.8887	1	0.316228	282.676	314.001
531	26.5897	1	468.852	1	0.742334	1	122.243	1	51.8887	1	1	292.275	327.164
531	26.5897	1	468.852	1	0.742334	1	122.243	1	51.8887	1	3.16228	302.67	341.095
531	26.5897	1	468.852	1	0.742334	1	122.243	1	51.8887	1	10	313.883	353.307
531	26.5897	1	468.852	1	0.742334	1	122.243	1	51.8887	1	31.6228	332.228	370.94
531	26.5897	1	468.852	1	0.742334	1	122.243	1	51.8887	1	100	366.697	407.604
532	12.5271	1	433.596	1	1.36749	1	391.011	1	65.8342	1	0	273.249	301.462
532	12.5271	1	433.596	1	1.36749	1	391.011	1	65.8342	1	0.001	273.272	301.491
532	12.5271	1	433.596	1	1.36749	1	391.011	1	65.8342	1	0.00316228	273.322	301.555
532	12.5271	1	433.596	1	1.36749	1	391.011	1	65.8342	1	0.01	273.477	301.755
532	12.5271	1	433.596	1	1.36749	1	391.011	1	65.8342	1	0.0316228	273.958	302.377
532	12.5271	1	433.596	1	1.36749	1	391.011	1	65.8342	1	0.1	275.39	304.222
532	12.5271	1	433.596	1	1.36749	1	391.011	1	65.8342	1	0.316228	279.234	309.192
532	12.5271	1	433.596	1	1.36749	1	391.011	1	65.8342	1	1	287.273	319.628
532	12.5271	1	433.596	1	1.36749	1	391.011	1	65.8342	1	3.16228	298.461	333.772
532	12.5271	1	433.596	1	1.36749	1	391.011	1	65.8342	1	10	309.727	345.778
532	12.5271	1	433.596	1	1.36749	1	391.011	1	65.8342	1	31.6228	317.611	354.687
532	12.5271	1	433.596	1	1.36749	1	391.011	1	65.8342	1	100	328.38	366.742
533	19.6384	1	245.356	1	0.472879	1	188.705	1	91.1803	1	0	273.249	301.462
533	19.6384	1	245.356	1	0.472879	1	188.705	1	91.1803	1	0.001	273.314	301.546
533	19.6384	1	245.356	1	0.472879	1	188.705	1	91.1803	1	0.00316228	273.451	301.728
533	19.6384	1	245.356	1	0.472879	1	188.705	1	91.1803	1	0.01	273.879	302.294
533	19.6384	1	245.356	1	0.472879	1	188.705	1	91.1803	1	0.0316228	275.156	303.981
533	19.6384	1	245.356	1	0.472879	1	188.705	1	91.1803	1	0.1	278.602	308.568
533	19.6384	1	245.356	1	0.472879	1	188.705	1	91.1803	1	0.316228	285.852	318.425
533	19.6384	1	245.356	1	0.472879	1	188.705	1	91.1803	1	1	295.634	332.096
533	19.6384	1	245.356	1	0.472879	1	188.705	1	91.1803	1	3.16228	304.191	343.427
533	19.6384	1	245.356	1	0.472879	1	188.705	1	91.1803	1	10	312.484	351.426
533	19.6384	1	245.356	1	0.472879	1	188.705	1	91.1803	1	31.6228	323.516	361.265
533	19.6384	1	245.356	1	0.472879	1	188.705	1	91.1803	1	100	342.756	381.859
534	39.4235	1	486.129	1	0.584577	1	105.761	1	42.1592	1	0	273.249	301.462
534	39.4235	1	486.129	1	0.584577	1	105.761	1	42.1592	1	0.001	273.302	301.531
534	39.4235	1	486.129	1	0.584577	1	105.761	1	42.1592	1	0.00316228	273.414	301.679
534	39.4235	1	486.129	1	0.584577	1	105.761	1	42.1592	1	0.01	273.764	302.142
534	39.4235	1	486.129	1	0.584577	1	105.761	1	42.1592	1	0.0316228	274.82	303.539
534	39.4235	1	486.129	1	0.584577	1	105.761	1	42.1592	1	0.1	277.746	307.42
534	39.4235	1	486.129	1	0.584577	1	105.761	1	42.1592	1	0.316228	284.319	316.325
534	39.4235	1	486.129	1	0.584577	1	105.761	1	42.1592	1	1	294.164	330.078
534	39.4235	1	486.129	1	0.584577	1	105.761	1	42.1592	1	3.16228	303.832	343.303
534	39.4235	1	486.129	1	0.584577	1	105.761	1	42.1592	1	10	314.381	355.062
534	39.4235	1	486.129	1	0.584577	1	105.761	1	42.1592	1	31.6228	334.154	374.095
534	39.4235	1	486.129	1	0.584577	1	105.761	1	42.1592	1	100	373.006	415.185
535	26.3616	1	709.48	1	1.12386	1	150.784	1	54.5175	1	0	273.249	301.462
535	26.3616	1	709.48	1	1.12386	1	150.784	1	54.5175	1	0.001	273.277	301.498
535	26.3616	1	709.48	1	1.12386	1	150.784	1	54.5175	1	0.00316228	273.336	301.576
535	26.3616	1	709.48	1	1.12386	1	150.784	1	54.5175	1	0.01	273.523	301.82
535	26.3616	1	709.48	1	1.12386	1	150.784	1	54.5175	1	0.0316228	274.099	302.575
535	26.3616	1	709.48	1	1.12386	1	150.784	1	54.5175	1	0.1	275.791	304.791
535	26.3616	1	709.48	1	1.12386	1	150.784	1	54.5175	1	0.316228	280.19	310.604
535	26.3616	1	709.48	1	1.12386	1	150.784	1	54.5175	1	1	288.782	322.147
535	26.3616	1	709.48	1	1.12386	1	150.784	1	54.5175	1	3.16228	299.805	336.841
535	26.3616	1	709.48	1	1.12386	1	150.784	1	54.5175	1	10	311.66	350.291
535	26.3616	1	709.48	1	1.12386	1	150.784	1	54.5175	1	31.6228	328.848	367.147
535	26.3616	1	709.48	1	1.12386	1	150.784	1	54.5175	1	100	359.892	400.356
536	29.7497	1	178.712	1	1.21139	1	458.447	1	68.1502	1	0	273.249	301.462
536	29.7497	1	178.712	1	1.21139	1	458.447	1	68.1502	1	0.001	273.274	301.495
536	29.7497	1	178.712	1	1.21139	1	458.447	1	68.1502	1	0.00316228	273.328	301.566
536	29.7497	1	178.712	1	1.21139	1	458.447	1	68.1502	1	0.01	273.497	301.789
536	29.7497	1	178.712	1	1.21139	1	458.447	1	68.1502	1	0.0316228	274.019	302.478
536	29.7497	1	178.712	1	1.21139	1	458.447	1	68.1502	1	0.1	275.559	304.507
536	29.7497	1	178.712	1	1.21139	1	458.447	1	68.1502	1	0.316228	279.588	309.87
536	29.7497	1	178.712	1	1.21139	1	458.447	1	68.1502	1	1	287.505	320.627
536	29.7497	1	178.712	1	1.21139	1	458.447	1	68.1502	1	3.16228	297.167	333.969
536	29.7497	1	178.712	1	1.21139	1	458.447	1	68.1502	1	10	305.002	343.468
536	29.7497	1	178.712	1	1.21139	1	458.447	1	68.1502	1	31.6228	310.963	348.163
536	29.7497	1	178.712	1	1.21139	1	458.447	1	68.1502	1	100	314.069	351.897
537	40.0791	1	608.013	1	1.24596	1	495.711	1	64.7392	1	0	273.249	301.462
537	40.0791	1	608.013	1	1.24596	1	495.711	1	64.7392	1	0.001	273.274	301.494
537	40.0791	1	608.013	1	1.24596	1	495.711	1	64.7392	1	0.00316228	273.327	301.563
537	40.0791	1	608.013	1	1.24596	1	495.711	1	64.7392	1	0.01	273.492	301.782
537	40.0791	1	608.013	1	1.24596	1	495.711	1	64.7392	1	0.0316228	274.004	302.457
537	40.0791	1	608.013	1	1.24596	1	495.711	1	64.7392	1	0.1	275.517	304.451
537	40.0791	1	608.013	1	1.24596	1	495.711	1	64.7392	1	0.316228	279.496	309.747
537	40.0791	1	608.013	1	1.24596	1	495.711	1	64.7392	1	1	287.405	320.501
537	40.0791	1	608.013	1	1.24596	1	495.711	1	64.7392	1	3.16228	297.334	334.248
537	40.0791	1	608.013	1	1.24596	1	495.711	1	64.7392	1	10	305.957	344.969
537	40.0791	1	608.013	1	1.24596	1	495.711	1	64.7392	1	31.6228	314.656	352.797
537	40.0791	1	608.013	1	1.24596	1	495.711	1	64.7392	1	100	324.656	363.246
538	22.8728	1	348.795	1	1.06205	1	286.254	1	76.1018	1	0	273.249	301.462
538	22.8728	1	348.795	1	1.06205	1	286.254	1	76.1018	1	0.001	273.278	301.499
538	22.8728	1	348.795	1	1.06205	1	286.254	1	76.1018	1	0.00316228	273.34	301.581
538	22.8728	1	348.795	1	1.06205	1	286.254	1	76.1018	1	0.01	273.535	301.837
538	22.8728	1	348.795	1	1.06205	1	286.254	1	76.1018	1	0.0316228	274.136	302.627
538	22.8728	1	348.795	1	1.06205	1	286.254	1	76.1018	1	0.1	275.893	304.931
538	22.8728	1	348.795	1	1.06205	1	286.254	1	76.1018	1	0.316228	280.403	310.906
538	22.8728	1	348.795	1	1.06205	1	286.254	1	76.1018	1	1	288.962	322.461
538	22.8728	1	348.795	1	1.06205	1	286.254	1	76.1018	1	3.16228	299.253	336.281
538	22.8728	1	348.795	1	1.06205	1	286.254	1	76.1018	1	10	308.915	347.093
538	22.8728	1	348.795	1	1.06205	1	286.254	1	76.1018	1	31.6228	319.183	356.496
538	22.8728	1	348.795	1	1.06205	1	286.254	1	76.1018	1	100	333.203	371.725
539	19.632	1	342.588	1	1.29924	1	315.309	1	68.2877	1	0	273.249	301.462
539	19.632	1	342.588	1	1.29924	1	315.309	1	68.2877	1	0.001	273.273	301.493
539	19.632	1	342.588	1	1.29924	1	315.309	1	68.2877	1	0.00316228	273.324	301.56
539	19.632	1	342.588	1	1.29924	1	315.309	1	68.2877	1	0.01	273.485	301.77
539	19.632	1	342.588	1	1.29924	1	315.309	1	68.2877	1	0.0316228	273.983	302.42
539	19.632	1	342.588	1	1.29924	1	315.309	1	68.2877	1	0.1	275.459	304.347
539	19.632	1	342.588	1	1.29924	1	315.309	1	68.2877	1	0.316228	279.382	309.498
539	19.632	1	342.588	1	1.29924	1	315.309	1	68.2877	1	1	287.382	320.125
539	19.632	1	342.588	1	1.29924	1	315.309	1	68.2877	1	3.16228	297.998	334.148
539	19.632	1	342.588	1	1.29924	1	315.309	1	68.2877	1	10	308.423	345.797
539	19.632	1	342.588	1	1.29924	1	315.309	1	68.2877	1	31.6228	318.114	355.21
539	19.632	1	342.588	1	1.29924	1	315.309	1	68.2877	1	100	330.616	368.989
540	26.0075	1	531.412	1	0.724768	1	142.805	1	123.144	1	0	273.249	301.462
540	26.0075	1	531.412	1	0.724768	1	142.805	1	123.144	1	0.001	273.292	301.517
540	26.0075	1	531.412	1	0.724768	1	142.805	1	123.144	1	0.00316228	273.383	301.637
540	26.0075	1	531.412	1	0.724768	1	142.805	1	123.144	1	0.01	273.667	302.012
540	26.0075	1	531.412	1	0.724768	1	142.805	1	123.144	1	0.0316228	274.533	303.153
540	26.0075	1	531.412	1	0.724768	1	142.805	1	123.144	1	0.1	276.979	306.373
540	26.0075	1	531.412	1	0.724768	1	142.805	1	123.144	1	0.316228	282.809	314.189
540	26.0075	1	531.412	1	0.724768	1	142.805	1	123.144	1	1	292.392	327.357
540	26.0075	1	531.412	1	0.724768	1	142.805	1	123.144	1	3.16228	302.547	340.989
540	26.0075	1	531.412	1	0.724768	1	142.805	1	123.144	1	10	313.135	352.425
540	26.0075	1	531.412	1	0.724768	1	142.805	1	123.144	1	31.6228	329.986	368.222
540	26.0075	1	531.412	1	0.724768	1	142.805	1	123.144	1	100	360.737	400.981
541	23.507	1	498.702	1	0.8586	1	895.176	1	81.5322	1	0	273.249	301.462
541	23.507	1	498.702	1	0.8586	1	895.176	1	81.5322	1	0.001	273.285	301.508
541	23.507	1	498.702	1	0.8586	1	895.176	1	81.5322	1	0.00316228	273.361	301.609
541	23.507	1	498.702	1	0.8586	1	895.176	1	81.5322	1	0.01	273.6	301.924
541	23.507	1	498.702	1	0.8586	1	895.176	1	81.5322	1	0.0316228	274.331	302.887
541	23.507	1	498.702	1	0.8586	1	895.176	1	81.5322	1	0.1	276.429	305.649
541	23.507	1	498.702	1	0.8586	1	895.176	1	81.5322	1	0.316228	281.594	312.546
541	23.507	1	498.702	1	0.8586	1	895.176	1	81.5322	1	1	290.554	324.822
541	23.507	1	498.702	1	0.8586	1	895.176	1	81.5322	1	3.16228	300.055	337.777
541	23.507	1	498.702	1	0.8586	1	895.176	1	81.5322	1	10	307.774	346.239
541	23.507	1	498.702	1	0.8586	1	895.176	1	81.5322	1	31.6228	313.91	351.077
541	23.507	1	498.702	1	0.8586	1	895.176	1	81.5322	1	100	317.21	354.869
542	19.6575	1	390.225	1	0.913564	1	208.213	1	131.39	1	0	273.249	301.462
542	19.6575	1	390.225	1	0.913564	1	208.213	1	131.39	1	0.001	273.283	301.506
542	19.6575	1	390.225	1	0.913564	1	208.213	1	131.39	1	0.00316228	273.355	301.601
542	19.6575	1	390.225	1	0.913564	1	208.213	1	131.39	1	0.01	273.582	301.899
542	19.6575	1	390.225	1	0.913564	1	208.213	1	131.39	1	0.0316228	274.279	302.813
542	19.6575	1	390.225	1	0.913564	1	208.213	1	131.39	1	0.1	276.292	305.45
542	19.6575	1	390.225	1	0.913564	1	208.213	1	131.39	1	0.316228	281.324	312.117
542	19.6575	1	390.225	1	0.913564	1	208.213	1	131.39	1	1	290.408	324.393
542	19.6575	1	390.225	1	0.913564	1	208.213	1	131.39	1	3.16228	300.887	338.267
542	19.6575	1	390.225	1	0.913564	1	208.213	1	131.39	1	10	311.273	349.363
542	19.6575	1	390.225	1	0.913564	1	208.213	1	131.39	1	31.6228	323.495	361.073
542	19.6575	1	390.225	1	0.913564	1	208.213	1	131.39	1	100	343.971	383.078
543	32.0452	1	574.673	1	0.447236	1	269.725	1	27.0934	1	0	273.249	301.462
543	32.0452	1	574.673	1	0.447236	1	269.725	1	27.0934	1	0.001	273.317	301.551
543	32.0452	1	574.673	1	0.447236	1	269.725	1	27.0934	1	0.00316228	273.462	301.744
543	32.0452	1	574.673	1	0.447236	1	269.725	1	27.0934	1	0.01	273.912	302.34
543	32.0452	1	574.673	1	0.447236	1	269.725	1	27.0934	1	0.0316228	275.252	304.116
543	32.0452	1	574.673	1	0.447236	1	269.725	1	27.0934	1	0.1	278.838	308.909
543	32.0452	1	574.673	1	0.447236	1	269.725	1	27.0934	1	0.316228	286.223	319.027
543	32.0452	1	574.673	1	0.447236	1	269.725	1	27.0934	1	1	295.812	332.655
543	32.0452	1	574.673	1	0.447236	1	269.725	1	27.0934	1	3.16228	303.654	343.519
543	32.0452	1	574.673	1	0.447236	1	269.725	1	27.0934	1	10	310.496	350.715
543	32.0452	1	574.673	1	0.447236	1	269.725	1	27.0934	1	31.6228	319.9	359.151
543	32.0452	1	574.673	1	0.447236	1	269.725	1	27.0934	1	100	337.349	377.477
544	40.6748	1	473.722	1	0.925149	1	265.315	1	43.2229	1	0	273.249	301.462
544	40.6748	1	473.722	1	0.925149	1	265.315	1	43.2229	1	0.001	273.282	301.505
544	40.6748	1	473.722	1	0.925149	1	265.315	1	43.2229	1	0.00316228	273.353	301.599
544	40.6748	1	473.722	1	0.925149	1	265.315	1	43.2229	1	0.01	273.575	301.892
544	40.6748	1	473.722	1	0.925149	1	265.315	1	43.2229	1	0.0316228	274.257	302.793
544	40.6748	1	473.722	1	0.925149	1	265.315	1	43.2229	1	0.1	276.227	305.394
544	40.6748	1	473.722	1	0.925149	1	265.315	1	43.2229	1	0.316228	281.144	311.976
544	40.6748	1	473.722	1	0.925149	1	265.315	1	43.2229	1	1	289.947	324.111
544	40.6748	1	473.722	1	0.925149	1	265.315	1	43.2229	1	3.16228	299.699	337.693
544	40.6748	1	473.722	1	0.925149	1	265.315	1	43.2229	1	10	308.183	347.909
544	40.6748	1	473.722	1	0.925149	1	265.315	1	43.2229	1	31.6228	318.909	357.735
544	40.6748	1	473.722	1	0.925149	1	265.315	1	43.2229	1	100	335.804	375.799
545	22.8206	1	628.015	1	1.29356	1	32.538	1	94.7576	1	0	273.249	301.462
545	22.8206	1	628.015	1	1.29356	1	32.538	1	94.7576	1	0.001	273.275	301.495
545	22.8206	1	628.015	1	1.29356	1	32.538	1	94.7576	1	0.00316228	273.331	301.567
545	22.8206	1	628.015	1	1.29356	1	32.538	1	94.7576	1	0.01	273.507	301.793
545	22.8206	1	628.015	1	1.29356	1	32.538	1	94.7576	1	0.0316228	274.052	302.494
545	22.8206	1	628.015	1	1.29356	1	32.538	1	94.7576	1	0.1	275.678	304.582
545	22.8206	1	628.015	1	1.29356	1	32.538	1	94.7576	1	0.316228	280.085	310.256
545	22.8206	1	628.015	1	1.29356	1	32.538	1	94.7576	1	1	289.58	322.509
545	22.8206	1	628.015	1	1.29356	1	32.538	1	94.7576	1	3.16228	305.142	341.918
545	22.8206	1	628.015	1	1.29356	1	32.538	1	94.7576	1	10	330.595	369.734
545	22.8206	1	628.015	1	1.29356	1	32.538	1	94.7576	1	31.6228	378.769	419.513
545	22.8206	1	628.015	1	1.29356	1	32.538	1	94.7576	1	100	466.219	512.611
546	26.9833	1	556.425	1	0.907927	1	215.369	1	61.2764	1	0	273.249	301.462
546	26.9833	1	556.425	1	0.907927	1	215.369	1	61.2764	1	0.001	273.283	301.506
546	26.9833	1	556.425	1	0.907927	1	215.369	1	61.2764	1	0.00316228	273.356	301.602
546	26.9833	1	556.425	1	0.907927	1	215.369	1	61.2764	1	0.01	273.583	301.902
546	26.9833	1	556.425	1	0.907927	1	215.369	1	61.2764	1	0.0316228	274.282	302.821
546	26.9833	1	556.425	1	0.907927	1	215.369	1	61.2764	1	0.1	276.298	305.473
546	26.9833	1	556.425	1	0.907927	1	215.369	1	61.2764	1	0.316228	281.326	312.169
546	26.9833	1	556.425	1	0.907927	1	215.369	1	61.2764	1	1	290.337	324.464
546	26.9833	1	556.425	1	0.907927	1	215.369	1	61.2764	1	3.16228	300.556	338.301
546	26.9833	1	556.425	1	0.907927	1	215.369	1	61.2764	1	10	310.395	349.336
546	26.9833	1	556.425	1	0.907927	1	215.369	1	61.2764	1	31.6228	323.378	361.406
546	26.9833	1	556.425	1	0.907927	1	215.369	1	61.2764	1	100	345.024	384.54
547	29.9954	1	432.087	1	1.07817	1	264.249	1	84.2454	1	0	273.249	301.462
547	29.9954	1	432.087	1	1.07817	1	264.249	1	84.2454	1	0.001	273.278	301.499
547	29.9954	1	432.087	1	1.07817	1	264.249	1	84.2454	1	0.00316228	273.339	301.579
547	29.9954	1	432.087	1	1.07817	1	264.249	1	84.2454	1	0.01	273.531	301.832
547	29.9954	1	432.087	1	1.07817	1	264.249	1	84.2454	1	0.0316228	274.122	302.611
547	29.9954	1	432.087	1	1.07817	1	264.249	1	84.2454	1	0.1	275.852	304.887
547	29.9954	1	432.087	1	1.07817	1	264.249	1	84.2454	1	0.316228	280.304	310.804
547	29.9954	1	432.087	1	1.07817	1	264.249	1	84.2454	1	1	288.775	322.31
547	29.9954	1	432.087	1	1.07817	1	264.249	1	84.2454	1	3.16228	298.982	336.216
547	29.9954	1	432.087	1	1.07817	1	264.249	1	84.2454	1	10	308.494	347.313
547	29.9954	1	432.087	1	1.07817	1	264.249	1	84.2454	1	31.6228	320.036	357.764
547	29.9954	1	432.087	1	1.07817	1	264.249	1	84.2454	1	100	336.998	375.759
548	25.7219	1	361.422	1	0.735839	1	300.97	1	67.4598	1	0	273.249	301.462
548	25.7219	1	361.422	1	0.735839	1	300.97	1	67.4598	1	0.001	273.291	301.516
548	25.7219	1	361.422	1	0.735839	1	300.97	1	67.4598	1	0.00316228	273.38	301.634
548	25.7219	1	361.422	1	0.735839	1	300.97	1	67.4598	1	0.01	273.658	302.001
548	25.7219	1	361.422	1	0.735839	1	300.97	1	67.4598	1	0.0316228	274.504	303.118
548	25.7219	1	361.422	1	0.735839	1	300.97	1	67.4598	1	0.1	276.898	306.274
548	25.7219	1	361.422	1	0.735839	1	300.97	1	67.4598	1	0.316228	282.604	313.942
548	25.7219	1	361.422	1	0.735839	1	300.97	1	67.4598	1	1	291.916	326.803
548	25.7219	1	361.422	1	0.735839	1	300.97	1	67.4598	1	3.16228	301.301	339.623
548	25.7219	1	361.422	1	0.735839	1	300.97	1	67.4598	1	10	309.468	348.513
548	25.7219	1	361.422	1	0.735839	1	300.97	1	67.4598	1	31.6228	318.976	356.632
548	25.7219	1	361.422	1	0.735839	1	300.97	1	67.4598	1	100	332.107	370.748
549	20.201	1	268.214	1	0.966516	1	154.155	1	71	1	0	273.249	301.462
549	20.201	1	268.214	1	0.966516	1	154.155	1	71	1	0.001	273.281	301.503
549	20.201	1	268.214	1	0.966516	1	154.155	1	71	1	0.00316228	273.35	301.593
549	20.201	1	268.214	1	0.966516	1	154.155	1	71	1	0.01	273.565	301.876
549	20.201	1	268.214	1	0.966516	1	154.155	1	71	1	0.0316228	274.227	302.744
549	20.201	1	268.214	1	0.966516	1	154.155	1	71	1	0.1	276.149	305.26
549	20.201	1	268.214	1	0.966516	1	154.155	1	71	1	0.316228	281.007	311.688
549	20.201	1	268.214	1	0.966516	1	154.155	1	71	1	1	289.997	323.797
549	20.201	1	268.214	1	0.966516	1	154.155	1	71	1	3.16228	300.74	338.003
549	20.201	1	268.214	1	0.966516	1	154.155	1	71	1	10	311.815	349.99
549	20.201	1	268.214	1	0.966516	1	154.155	1	71	1	31.6228	326.231	363.937
549	20.201	1	268.214	1	0.966516	1	154.155	1	71	1	100	351.171	390.761
550	21.4625	1	100.28	1	1.01469	1	317.755	1	51.3511	1	0	273.249	301.462
550	21.4625	1	100.28	1	1.01469	1	317.755	1	51.3511	1	0.001	273.279	301.501
550	21.4625	1	100.28	1	1.01469	1	317.755	1	51.3511	1	0.00316228	273.343	301.585
550	21.4625	1	100.28	1	1.01469	1	317.755	1	51.3511	1	0.01	273.544	301.85
550	21.4625	1	100.28	1	1.01469	1	317.755	1	51.3511	1	0.0316228	274.161	302.664
550	21.4625	1	100.28	1	1.01469	1	317.755	1	51.3511	1	0.1	275.957	305.029
550	21.4625	1	100.28	1	1.01469	1	317.755	1	51.3511	1	0.316228	280.51	311.099
550	21.4625	1	100.28	1	1.01469	1	317.755	1	51.3511	1	1	288.916	322.553
550	21.4625	1	100.28	1	1.01469	1	317.755	1	51.3511	1	3.16228	298.317	335.433
550	21.4625	1	100.28	1	1.01469	1	317.755	1	51.3511	1	10	305.452	343.527
550	21.4625	1	100.28	1	1.01469	1	317.755	1	51.3511	1	31.6228	309.885	346.668
550	21.4625	1	100.28	1	1.01469	1	317.755	1	51.3511	1	100	309.883	349.049
551	27.8866	1	251.031	1	0.505294	1	63.6817	1	93.4998	1	0	273.249	301.462
551	27.8866	1	251.031	1	0.505294	1	63.6817	1	93.4998	1	0.001	273.31	301.542
551	27.8866	1	251.031	1	0.505294	1	63.6817	1	93.4998	1	0.00316228	273.441	301.714
551	27.8866	1	251.031	1	0.505294	1	63.6817	1	93.4998	1	0.01	273.846	302.249
551	27.8866	1	251.031	1	0.505294	1	63.6817	1	93.4998	1	0.0316228	275.062	303.854
551	27.8866	1	251.031	1	0.505294	1	63.6817	1	93.4998	1	0.1	278.38	308.258
551	27.8866	1	251.031	1	0.505294	1	63.6817	1	93.4998	1	0.316228	285.551	317.969
551	27.8866	1	251.031	1	0.505294	1	63.6817	1	93.4998	1	1	295.837	332.246
551	27.8866	1	251.031	1	0.505294	1	63.6817	1	93.4998	1	3.16228	306.226	345.902
551	27.8866	1	251.031	1	0.505294	1	63.6817	1	93.4998	1	10	319.93	360.348
551	27.8866	1	251.031	1	0.505294	1	63.6817	1	93.4998	1	31.6228	347.51	386.971
551	27.8866	1	251.031	1	0.505294	1	63.6817	1	93.4998	1	100	399.323	441.668
552	20.6417	1	502.983	1	1.88665	1	234.691	1	53.8092	1	0	273.249	301.462
552	20.6417	1	502.983	1	1.88665	1	234.691	1	53.8092	1	0.001	273.266	301.483
552	20.6417	1	502.983	1	1.88665	1	234.691	1	53.8092	1	0.00316228	273.302	301.53
552	20.6417	1	502.983	1	1.88665	1	234.691	1	53.8092	1	0.01	273.415	301.676
552	20.6417	1	502.983	1	1.88665	1	234.691	1	53.8092	1	0.0316228	273.768	302.134
552	20.6417	1	502.983	1	1.88665	1	234.691	1	53.8092	1	0.1	274.836	303.515
552	20.6417	1	502.983	1	1.88665	1	234.691	1	53.8092	1	0.316228	277.814	307.364
552	20.6417	1	502.983	1	1.88665	1	234.691	1	53.8092	1	1	284.657	316.283
552	20.6417	1	502.983	1	1.88665	1	234.691	1	53.8092	1	3.16228	295.509	330.363
552	20.6417	1	502.983	1	1.88665	1	234.691	1	53.8092	1	10	307.961	344.696
552	20.6417	1	502.983	1	1.88665	1	234.691	1	53.8092	1	31.6228	321.333	358.481
552	20.6417	1	502.983	1	1.88665	1	234.691	1	53.8092	1	100	341.419	380.51
553	25.7869	1	259.626	1	1.35608	1	348.042	1	37.8912	1	0	273.249	301.462
553	25.7869	1	259.626	1	1.35608	1	348.042	1	37.8912	1	0.001	273.272	301.491
553	25.7869	1	259.626	1	1.35608	1	348.042	1	37.8912	1	0.00316228	273.321	301.555
553	25.7869	1	259.626	1	1.35608	1	348.042	1	37.8912	1	0.01	273.474	301.756
553	25.7869	1	259.626	1	1.35608	1	348.042	1	37.8912	1	0.0316228	273.947	302.378
553	25.7869	1	259.626	1	1.35608	1	348.042	1	37.8912	1	0.1	275.356	304.224
553	25.7869	1	259.626	1	1.35608	1	348.042	1	37.8912	1	0.316228	279.113	309.186
553	25.7869	1	259.626	1	1.35608	1	348.042	1	37.8912	1	1	286.835	319.543
553	25.7869	1	259.626	1	1.35608	1	348.042	1	37.8912	1	3.16228	297.039	333.329
553	25.7869	1	259.626	1	1.35608	1	348.042	1	37.8912	1	10	306.472	344.457
553	25.7869	1	259.626	1	1.35608	1	348.042	1	37.8912	1	31.6228	314.822	352.354
553	25.7869	1	259.626	1	1.35608	1	348.042	1	37.8912	1	100	324.102	362.798
554	28.3088	1	1233.59	1	0.882819	1	199.332	1	44.1086	1	0	273.249	301.462
554	28.3088	1	1233.59	1	0.882819	1	199.332	1	44.1086	1	0.001	273.284	301.507
554	28.3088	1	1233.59	1	0.882819	1	199.332	1	44.1086	1	0.00316228	273.359	301.606
554	28.3088	1	1233.59	1	0.882819	1	199.332	1	44.1086	1	0.01	273.593	301.915
554	28.3088	1	1233.59	1	0.882819	1	199.332	1	44.1086	1	0.0316228	274.312	302.861
554	28.3088	1	1233.59	1	0.882819	1	199.332	1	44.1086	1	0.1	276.383	305.584
554	28.3088	1	1233.59	1	0.882819	1	199.332	1	44.1086	1	0.316228	281.521	312.433
554	28.3088	1	1233.59	1	0.882819	1	199.332	1	44.1086	1	1	290.643	324.892
554	28.3088	1	1233.59	1	0.882819	1	199.332	1	44.1086	1	3.16228	300.953	338.845
554	28.3088	1	1233.59	1	0.882819	1	199.332	1	44.1086	1	10	311.144	350.292
554	28.3088	1	1233.59	1	0.882819	1	199.332	1	44.1086	1	31.6228	325.355	363.964
554	28.3088	1	1233.59	1	0.882819	1	199.332	1	44.1086	1	100	351.536	391.786
555	43.3014	1	199.341	1	0.482801	1	304.801	1	40.6355	1	0	273.249	301.462
555	43.3014	1	199.341	1	0.482801	1	304.801	1	40.6355	1	0.001	273.312	301.544
555	43.3014	1	199.341	1	0.482801	1	304.801	1	40.6355	1	0.00316228	273.446	301.722
555	43.3014	1	199.341	1	0.482801	1	304.801	1	40.6355	1	0.01	273.861	302.274
555	43.3014	1	199.341	1	0.482801	1	304.801	1	40.6355	1	0.0316228	275.104	303.924
555	43.3014	1	199.341	1	0.482801	1	304.801	1	40.6355	1	0.1	278.46	308.414
555	43.3014	1	199.341	1	0.482801	1	304.801	1	40.6355	1	0.316228	285.522	318.103
555	43.3014	1	199.341	1	0.482801	1	304.801	1	40.6355	1	1	294.909	331.542
555	43.3014	1	199.341	1	0.482801	1	304.801	1	40.6355	1	3.16228	302.351	342.246
555	43.3014	1	199.341	1	0.482801	1	304.801	1	40.6355	1	10	307.556	348.23
555	43.3014	1	199.341	1	0.482801	1	304.801	1	40.6355	1	31.6228	313.77	352.889
555	43.3014	1	199.341	1	0.482801	1	304.801	1	40.6355	1	100	321.838	361.898
556	25.814	1	523.242	1	1.53039	1	116.213	1	43.6124	1	0	273.249	301.462
556	25.814	1	523.242	1	1.53039	1	116.213	1	43.6124	1	0.001	273.27	301.488
556	25.814	1	523.242	1	1.53039	1	116.213	1	43.6124	1	0.00316228	273.314	301.546
556	25.814	1	523.242	1	1.53039	1	116.213	1	43.6124	1	0.01	273.454	301.728
556	25.814	1	523.242	1	1.53039	1	116.213	1	43.6124	1	0.0316228	273.889	302.294
556	25.814	1	523.242	1	1.53039	1	116.213	1	43.6124	1	0.1	275.191	303.988
556	25.814	1	523.242	1	1.53039	1	116.213	1	43.6124	1	0.316228	278.744	308.627
556	25.814	1	523.242	1	1.53039	1	116.213	1	43.6124	1	1	286.465	318.809
556	25.814	1	523.242	1	1.53039	1	116.213	1	43.6124	1	3.16228	298.013	333.95
556	25.814	1	523.242	1	1.53039	1	116.213	1	43.6124	1	10	311.92	349.959
556	25.814	1	523.242	1	1.53039	1	116.213	1	43.6124	1	31.6228	332.359	370.757
556	25.814	1	523.242	1	1.53039	1	116.213	1	43.6124	1	100	369.59	410.599
557	20.9674	1	1242.04	1	1.01647	1	261.43	1	67.5442	1	0	273.249	301.462
557	20.9674	1	1242.04	1	1.01647	1	261.43	1	67.5442	1	0.001	273.28	301.501
557	20.9674	1	1242.04	1	1.01647	1	261.43	1	67.5442	1	0.00316228	273.345	301.587
557	20.9674	1	1242.04	1	1.01647	1	261.43	1	67.5442	1	0.01	273.55	301.856
557	20.9674	1	1242.04	1	1.01647	1	261.43	1	67.5442	1	0.0316228	274.181	302.683
557	20.9674	1	1242.04	1	1.01647	1	261.43	1	67.5442	1	0.1	276.02	305.09
557	20.9674	1	1242.04	1	1.01647	1	261.43	1	67.5442	1	0.316228	280.71	311.29
557	20.9674	1	1242.04	1	1.01647	1	261.43	1	67.5442	1	1	289.52	323.139
557	20.9674	1	1242.04	1	1.01647	1	261.43	1	67.5442	1	3.16228	300.146	337.235
557	20.9674	1	1242.04	1	1.01647	1	261.43	1	67.5442	1	10	310.752	348.835
557	20.9674	1	1242.04	1	1.01647	1	261.43	1	67.5442	1	31.6228	322.989	360.799
557	20.9674	1	1242.04	1	1.01647	1	261.43	1	67.5442	1	100	343.464	383.046
558	64.8619	1	669.558	1	0.714411	1	164.217	1	69.6534	1	0	273.249	301.462
558	64.8619	1	669.558	1	0.714411	1	164.217	1	69.6534	1	0.001	273.292	301.518
558	64.8619	1	669.558	1	0.714411	1	164.217	1	69.6534	1	0.00316228	273.384	301.639
558	64.8619	1	669.558	1	0.714411	1	164.217	1	69.6534	1	0.01	273.67	302.019
558	64.8619	1	669.558	1	0.714411	1	164.217	1	69.6534	1	0.0316228	274.541	303.173
558	64.8619	1	669.558	1	0.714411	1	164.217	1	69.6534	1	0.1	276.997	306.423
558	64.8619	1	669.558	1	0.714411	1	164.217	1	69.6534	1	0.316228	282.807	314.284
558	64.8619	1	669.558	1	0.714411	1	164.217	1	69.6534	1	1	292.178	327.402
558	64.8619	1	669.558	1	0.714411	1	164.217	1	69.6534	1	3.16228	301.589	340.688
558	64.8619	1	669.558	1	0.714411	1	164.217	1	69.6534	1	10	310.207	351.197
558	64.8619	1	669.558	1	0.714411	1	164.217	1	69.6534	1	31.6228	324.645	365.182
558	64.8619	1	669.558	1	0.714411	1	164.217	1	69.6534	1	100	353.795	394.915
559	27.9635	1	96.8066	1	0.822225	1	201.555	1	64.6899	1	0	273.249	301.462
559	27.9635	1	96.8066	1	0.822225	1	201.555	1	64.6899	1	0.001	273.286	301.51
559	27.9635	1	96.8066	1	0.822225	1	201.555	1	64.6899	1	0.00316228	273.365	301.614
559	27.9635	1	96.8066	1	0.822225	1	201.555	1	64.6899	1	0.01	273.611	301.941
559	27.9635	1	96.8066	1	0.822225	1	201.555	1	64.6899	1	0.0316228	274.365	302.939
559	27.9635	1	96.8066	1	0.822225	1	201.555	1	64.6899	1	0.1	276.519	305.787
559	27.9635	1	96.8066	1	0.822225	1	201.555	1	64.6899	1	0.316228	281.768	312.847
559	27.9635	1	96.8066	1	0.822225	1	201.555	1	64.6899	1	1	290.653	325.162
559	27.9635	1	96.8066	1	0.822225	1	201.555	1	64.6899	1	3.16228	299.696	337.802
559	27.9635	1	96.8066	1	0.822225	1	201.555	1	64.6899	1	10	306.537	345.736
559	27.9635	1	96.8066	1	0.822225	1	201.555	1	64.6899	1	31.6228	313.629	351.3
559	27.9635	1	96.8066	1	0.822225	1	201.555	1	64.6899	1	100	322.029	361.462
560	24.186	1	539.599	1	1.5534	1	99.2983	1	59.4063	1	0	273.249	301.462
560	24.186	1	539.599	1	1.5534	1	99.2983	1	59.4063	1	0.001	273.27	301.488
560	24.186	1	539.599	1	1.5534	1	99.2983	1	59.4063	1	0.00316228	273.314	301.545
560	24.186	1	539.599	1	1.5534	1	99.2983	1	59.4063	1	0.01	273.453	301.726
560	24.186	1	539.599	1	1.5534	1	99.2983	1	59.4063	1	0.0316228	273.884	302.286
560	24.186	1	539.599	1	1.5534	1	99.2983	1	59.4063	1	0.1	275.179	303.966
560	24.186	1	539.599	1	1.5534	1	99.2983	1	59.4063	1	0.316228	278.723	308.578
560	24.186	1	539.599	1	1.5534	1	99.2983	1	59.4063	1	1	286.493	318.773
560	24.186	1	539.599	1	1.5534	1	99.2983	1	59.4063	1	3.16228	298.368	334.206
560	24.186	1	539.599	1	1.5534	1	99.2983	1	59.4063	1	10	313.362	351.264
560	24.186	1	539.599	1	1.5534	1	99.2983	1	59.4063	1	31.6228	336.385	374.625
560	24.186	1	539.599	1	1.5534	1	99.2983	1	59.4063	1	100	378.154	419.485
561	38.2988	1	471.81	1	0.767882	1	274.227	1	110.066	1	0	273.249	301.462
561	38.2988	1	471.81	1	0.767882	1	274.227	1	110.066	1	0.001	273.289	301.514
561	38.2988	1	471.81	1	0.767882	1	274.227	1	110.066	1	0.00316228	273.374	301.627
561	38.2988	1	471.81	1	0.767882	1	274.227	1	110.066	1	0.01	273.64	301.979
561	38.2988	1	471.81	1	0.767882	1	274.227	1	110.066	1	0.0316228	274.452	303.053
561	38.2988	1	471.81	1	0.767882	1	274.227	1	110.066	1	0.1	276.757	306.099
561	38.2988	1	471.81	1	0.767882	1	274.227	1	110.066	1	0.316228	282.298	313.564
561	38.2988	1	471.81	1	0.767882	1	274.227	1	110.066	1	1	291.474	326.309
561	38.2988	1	471.81	1	0.767882	1	274.227	1	110.066	1	3.16228	300.813	339.341
561	38.2988	1	471.81	1	0.767882	1	274.227	1	110.066	1	10	308.784	348.646
561	38.2988	1	471.81	1	0.767882	1	274.227	1	110.066	1	31.6228	319.534	357.954
561	38.2988	1	471.81	1	0.767882	1	274.227	1	110.066	1	100	336.538	375.313
562	57.5398	1	418.559	1	0.498243	1	533.966	1	39.146	1	0	273.249	301.462
562	57.5398	1	418.559	1	0.498243	1	533.966	1	39.146	1	0.001	273.31	301.542
562	57.5398	1	418.559	1	0.498243	1	533.966	1	39.146	1	0.00316228	273.44	301.714
562	57.5398	1	418.559	1	0.498243	1	533.966	1	39.146	1	0.01	273.843	302.25
562	57.5398	1	418.559	1	0.498243	1	533.966	1	39.146	1	0.0316228	275.05	303.853
562	57.5398	1	418.559	1	0.498243	1	533.966	1	39.146	1	0.1	278.324	308.233
562	57.5398	1	418.559	1	0.498243	1	533.966	1	39.146	1	0.316228	285.277	317.771
562	57.5398	1	418.559	1	0.498243	1	533.966	1	39.146	1	1	294.634	331.194
562	57.5398	1	418.559	1	0.498243	1	533.966	1	39.146	1	3.16228	302.05	342.003
562	57.5398	1	418.559	1	0.498243	1	533.966	1	39.146	1	10	306.929	347.935
562	57.5398	1	418.559	1	0.498243	1	533.966	1	39.146	1	31.6228	312.256	351.938
562	57.5398	1	418.559	1	0.498243	1	533.966	1	39.146	1	100	318.493	358.494
563	46.5703	1	715.997	1	1.53141	1	447.716	1	46.3507	1	0	273.249	301.462
563	46.5703	1	715.997	1	1.53141	1	447.716	1	46.3507	1	0.001	273.269	301.488
563	46.5703	1	715.997	1	1.53141	1	447.716	1	46.3507	1	0.00316228	273.312	301.545
563	46.5703	1	715.997	1	1.53141	1	447.716	1	46.3507	1	0.01	273.448	301.723
563	46.5703	1	715.997	1	1.53141	1	447.716	1	46.3507	1	0.0316228	273.868	302.277
563	46.5703	1	715.997	1	1.53141	1	447.716	1	46.3507	1	0.1	275.126	303.934
563	46.5703	1	715.997	1	1.53141	1	447.716	1	46.3507	1	0.316228	278.535	308.452
563	46.5703	1	715.997	1	1.53141	1	447.716	1	46.3507	1	1	285.787	318.245
563	46.5703	1	715.997	1	1.53141	1	447.716	1	46.3507	1	3.16228	295.81	332.064
563	46.5703	1	715.997	1	1.53141	1	447.716	1	46.3507	1	10	305.079	343.913
563	46.5703	1	715.997	1	1.53141	1	447.716	1	46.3507	1	31.6228	314.453	352.984
563	46.5703	1	715.997	1	1.53141	1	447.716	1	46.3507	1	100	326.058	365.472
564	25.0011	1	1076.36	1	0.839916	1	64.3742	1	119.525	1	0	273.249	301.462
564	25.0011	1	1076.36	1	0.839916	1	64.3742	1	119.525	1	0.001	273.287	301.51
564	25.0011	1	1076.36	1	0.839916	1	64.3742	1	119.525	1	0.00316228	273.367	301.616
564	25.0011	1	1076.36	1	0.839916	1	64.3742	1	119.525	1	0.01	273.619	301.945
564	25.0011	1	1076.36	1	0.839916	1	64.3742	1	119.525	1	0.0316228	274.389	302.955
564	25.0011	1	1076.36	1	0.839916	1	64.3742	1	119.525	1	0.1	276.606	305.853
564	25.0011	1	1076.36	1	0.839916	1	64.3742	1	119.525	1	0.316228	282.093	313.12
564	25.0011	1	1076.36	1	0.839916	1	64.3742	1	119.525	1	1	291.954	326.392
564	25.0011	1	1076.36	1	0.839916	1	64.3742	1	119.525	1	3.16228	304.2	342.311
564	25.0011	1	1076.36	1	0.839916	1	64.3742	1	119.525	1	10	320.574	360.037
564	25.0011	1	1076.36	1	0.839916	1	64.3742	1	119.525	1	31.6228	351.251	390.774
564	25.0011	1	1076.36	1	0.839916	1	64.3742	1	119.525	1	100	410.26	453.688
565	30.7007	1	117.837	1	0.435619	1	276.886	1	50.0221	1	0	273.249	301.462
565	30.7007	1	117.837	1	0.435619	1	276.886	1	50.0221	1	0.001	273.318	301.553
565	30.7007	1	117.837	1	0.435619	1	276.886	1	50.0221	1	0.00316228	273.466	301.75
565	30.7007	1	117.837	1	0.435619	1	276.886	1	50.0221	1	0.01	273.925	302.358
565	30.7007	1	117.837	1	0.435619	1	276.886	1	50.0221	1	0.0316228	275.287	304.166
565	30.7007	1	117.837	1	0.435619	1	276.886	1	50.0221	1	0.1	278.914	309.028
565	30.7007	1	117.837	1	0.435619	1	276.886	1	50.0221	1	0.316228	286.294	319.179
565	30.7007	1	117.837	1	0.435619	1	276.886	1	50.0221	1	1	295.613	332.542
565	30.7007	1	117.837	1	0.435619	1	276.886	1	50.0221	1	3.16228	302.625	342.505
565	30.7007	1	117.837	1	0.435619	1	276.886	1	50.0221	1	10	307.301	347.404
565	30.7007	1	117.837	1	0.435619	1	276.886	1	50.0221	1	31.6228	312.133	350.236
565	30.7007	1	117.837	1	0.435619	1	276.886	1	50.0221	1	100	316.1	355.668
566	27.6862	1	982.501	1	1.32875	1	433.535	1	104.557	1	0	273.249	301.462
566	27.6862	1	982.501	1	1.32875	1	433.535	1	104.557	1	0.001	273.273	301.492
566	27.6862	1	982.501	1	1.32875	1	433.535	1	104.557	1	0.00316228	273.322	301.557
566	27.6862	1	982.501	1	1.32875	1	433.535	1	104.557	1	0.01	273.479	301.763
566	27.6862	1	982.501	1	1.32875	1	433.535	1	104.557	1	0.0316228	273.964	302.4
566	27.6862	1	982.501	1	1.32875	1	433.535	1	104.557	1	0.1	275.405	304.288
566	27.6862	1	982.501	1	1.32875	1	433.535	1	104.557	1	0.316228	279.239	309.351
566	27.6862	1	982.501	1	1.32875	1	433.535	1	104.557	1	1	287.079	319.866
566	27.6862	1	982.501	1	1.32875	1	433.535	1	104.557	1	3.16228	297.448	333.849
566	27.6862	1	982.501	1	1.32875	1	433.535	1	104.557	1	10	307.374	345.502
566	27.6862	1	982.501	1	1.32875	1	433.535	1	104.557	1	31.6228	317.724	355.078
566	27.6862	1	982.501	1	1.32875	1	433.535	1	104.557	1	100	330.474	368.981
567	15.3945	1	239.144	1	0.429699	1	204.529	1	70.0639	1	0	273.249	301.462
567	15.3945	1	239.144	1	0.429699	1	204.529	1	70.0639	1	0.001	273.32	301.555
567	15.3945	1	239.144	1	0.429699	1	204.529	1	70.0639	1	0.00316228	273.472	301.755
567	15.3945	1	239.144	1	0.429699	1	204.529	1	70.0639	1	0.01	273.941	302.375
567	15.3945	1	239.144	1	0.429699	1	204.529	1	70.0639	1	0.0316228	275.336	304.216
567	15.3945	1	239.144	1	0.429699	1	204.529	1	70.0639	1	0.1	279.052	309.163
567	15.3945	1	239.144	1	0.429699	1	204.529	1	70.0639	1	0.316228	286.638	319.479
567	15.3945	1	239.144	1	0.429699	1	204.529	1	70.0639	1	1	296.47	333.163
567	15.3945	1	239.144	1	0.429699	1	204.529	1	70.0639	1	3.16228	304.93	344.028
567	15.3945	1	239.144	1	0.429699	1	204.529	1	70.0639	1	10	313.232	351.553
567	15.3945	1	239.144	1	0.429699	1	204.529	1	70.0639	1	31.6228	322.605	360.355
567	15.3945	1	239.144	1	0.429699	1	204.529	1	70.0639	1	100	339.867	378.918
568	16.3461	1	385.943	1	1.43123	1	606.945	1	55.7911	1	0	273.249	301.462
568	16.3461	1	385.943	1	1.43123	1	606.945	1	55.7911	1	0.001	273.271	301.49
568	16.3461	1	385.943	1	1.43123	1	606.945	1	55.7911	1	0.00316228	273.318	301.55
568	16.3461	1	385.943	1	1.43123	1	606.945	1	55.7911	1	0.01	273.464	301.741
568	16.3461	1	385.943	1	1.43123	1	606.945	1	55.7911	1	0.0316228	273.919	302.333
568	16.3461	1	385.943	1	1.43123	1	606.945	1	55.7911	1	0.1	275.276	304.094
568	16.3461	1	385.943	1	1.43123	1	606.945	1	55.7911	1	0.316228	278.932	308.859
568	16.3461	1	385.943	1	1.43123	1	606.945	1	55.7911	1	1	286.632	318.979
568	16.3461	1	385.943	1	1.43123	1	606.945	1	55.7911	1	3.16228	297.257	332.792
568	16.3461	1	385.943	1	1.43123	1	606.945	1	55.7911	1	10	307.513	344.129
568	16.3461	1	385.943	1	1.43123	1	606.945	1	55.7911	1	31.6228	314.269	351.115
568	16.3461	1	385.943	1	1.43123	1	606.945	1	55.7911	1	100	319.627	357.428
569	20.834	1	163.719	1	0.666561	1	193.972	1	65.4799	1	0	273.249	301.462
569	20.834	1	163.719	1	0.666561	1	193.972	1	65.4799	1	0.001	273.295	301.522
569	20.834	1	163.719	1	0.666561	1	193.972	1	65.4799	1	0.00316228	273.393	301.651
569	20.834	1	163.719	1	0.666561	1	193.972	1	65.4799	1	0.01	273.699	302.055
569	20.834	1	163.719	1	0.666561	1	193.972	1	65.4799	1	0.0316228	274.627	303.28
569	20.834	1	163.719	1	0.666561	1	193.972	1	65.4799	1	0.1	277.229	306.712
569	20.834	1	163.719	1	0.666561	1	193.972	1	65.4799	1	0.316228	283.284	314.858
569	20.834	1	163.719	1	0.666561	1	193.972	1	65.4799	1	1	292.785	327.98
569	20.834	1	163.719	1	0.666561	1	193.972	1	65.4799	1	3.16228	302.077	340.503
569	20.834	1	163.719	1	0.666561	1	193.972	1	65.4799	1	10	310.412	349.111
569	20.834	1	163.719	1	0.666561	1	193.972	1	65.4799	1	31.6228	320.219	357.666
569	20.834	1	163.719	1	0.666561	1	193.972	1	65.4799	1	100	335.698	374.577
570	37.0181	1	210.99	1	0.649552	1	225.355	1	54.8044	1	0	273.249	301.462
570	37.0181	1	210.99	1	0.649552	1	225.355	1	54.8044	1	0.001	273.296	301.523
570	37.0181	1	210.99	1	0.649552	1	225.355	1	54.8044	1	0.00316228	273.396	301.656
570	37.0181	1	210.99	1	0.649552	1	225.355	1	54.8044	1	0.01	273.709	302.07
570	37.0181	1	210.99	1	0.649552	1	225.355	1	54.8044	1	0.0316228	274.656	303.325
570	37.0181	1	210.99	1	0.649552	1	225.355	1	54.8044	1	0.1	277.301	306.832
570	37.0181	1	210.99	1	0.649552	1	225.355	1	54.8044	1	0.316228	283.397	315.096
570	37.0181	1	210.99	1	0.649552	1	225.355	1	54.8044	1	1	292.761	328.236
570	37.0181	1	210.99	1	0.649552	1	225.355	1	54.8044	1	3.16228	301.505	340.535
570	37.0181	1	210.99	1	0.649552	1	225.355	1	54.8044	1	10	308.577	348.667
570	37.0181	1	210.99	1	0.649552	1	225.355	1	54.8044	1	31.6228	317.898	356.538
570	37.0181	1	210.99	1	0.649552	1	225.355	1	54.8044	1	100	332.427	372.053
571	25.6615	1	408.937	1	0.696445	1	308.523	1	56.4209	1	0	273.249	301.462
571	25.6615	1	408.937	1	0.696445	1	308.523	1	56.4209	1	0.001	273.293	301.519
571	25.6615	1	408.937	1	0.696445	1	308.523	1	56.4209	1	0.00316228	273.387	301.643
571	25.6615	1	408.937	1	0.696445	1	308.523	1	56.4209	1	0.01	273.68	302.031
571	25.6615	1	408.937	1	0.696445	1	308.523	1	56.4209	1	0.0316228	274.572	303.208
571	25.6615	1	408.937	1	0.696445	1	308.523	1	56.4209	1	0.1	277.079	306.514
571	25.6615	1	408.937	1	0.696445	1	308.523	1	56.4209	1	0.316228	282.976	314.452
571	25.6615	1	408.937	1	0.696445	1	308.523	1	56.4209	1	1	292.38	327.477
571	25.6615	1	408.937	1	0.696445	1	308.523	1	56.4209	1	3.16228	301.64	340.127
571	25.6615	1	408.937	1	0.696445	1	308.523	1	56.4209	1	10	309.688	348.807
571	25.6615	1	408.937	1	0.696445	1	308.523	1	56.4209	1	31.6228	319.084	356.915
571	25.6615	1	408.937	1	0.696445	1	308.523	1	56.4209	1	100	332.523	371.323
572	30.2039	1	445.232	1	1.38581	1	219.99	1	76.6527	1	0	273.249	301.462
572	30.2039	1	445.232	1	1.38581	1	219.99	1	76.6527	1	0.001	273.272	301.491
572	30.2039	1	445.232	1	1.38581	1	219.99	1	76.6527	1	0.00316228	273.32	301.554
572	30.2039	1	445.232	1	1.38581	1	219.99	1	76.6527	1	0.01	273.47	301.752
572	30.2039	1	445.232	1	1.38581	1	219.99	1	76.6527	1	0.0316228	273.938	302.365
572	30.2039	1	445.232	1	1.38581	1	219.99	1	76.6527	1	0.1	275.33	304.189
572	30.2039	1	445.232	1	1.38581	1	219.99	1	76.6527	1	0.316228	279.062	309.113
572	30.2039	1	445.232	1	1.38581	1	219.99	1	76.6527	1	1	286.822	319.509
572	30.2039	1	445.232	1	1.38581	1	219.99	1	76.6527	1	3.16228	297.423	333.784
572	30.2039	1	445.232	1	1.38581	1	219.99	1	76.6527	1	10	308.219	346.582
572	30.2039	1	445.232	1	1.38581	1	219.99	1	76.6527	1	31.6228	321.655	359.354
572	30.2039	1	445.232	1	1.38581	1	219.99	1	76.6527	1	100	342.359	381.429
573	28.143	1	283.759	1	1.23613	1	241.058	1	66.0814	1	0	273.249	301.462
573	28.143	1	283.759	1	1.23613	1	241.058	1	66.0814	1	0.001	273.274	301.494
573	28.143	1	283.759	1	1.23613	1	241.058	1	66.0814	1	0.00316228	273.328	301.564
573	28.143	1	283.759	1	1.23613	1	241.058	1	66.0814	1	0.01	273.495	301.785
573	28.143	1	283.759	1	1.23613	1	241.058	1	66.0814	1	0.0316228	274.014	302.467
573	28.143	1	283.759	1	1.23613	1	241.058	1	66.0814	1	0.1	275.548	304.481
573	28.143	1	283.759	1	1.23613	1	241.058	1	66.0814	1	0.316228	279.586	309.828
573	28.143	1	283.759	1	1.23613	1	241.058	1	66.0814	1	1	287.649	320.694
573	28.143	1	283.759	1	1.23613	1	241.058	1	66.0814	1	3.16228	298	334.716
573	28.143	1	283.759	1	1.23613	1	241.058	1	66.0814	1	10	307.881	346.309
573	28.143	1	283.759	1	1.23613	1	241.058	1	66.0814	1	31.6228	319.182	356.733
573	28.143	1	283.759	1	1.23613	1	241.058	1	66.0814	1	100	335.229	374.04
574	20.3107	1	728.246	1	1.13215	1	86.7444	1	63.0134	1	0	273.249	301.462
574	20.3107	1	728.246	1	1.13215	1	86.7444	1	63.0134	1	0.001	273.277	301.498
574	20.3107	1	728.246	1	1.13215	1	86.7444	1	63.0134	1	0.00316228	273.337	301.576
574	20.3107	1	728.246	1	1.13215	1	86.7444	1	63.0134	1	0.01	273.526	301.822
574	20.3107	1	728.246	1	1.13215	1	86.7444	1	63.0134	1	0.0316228	274.108	302.581
574	20.3107	1	728.246	1	1.13215	1	86.7444	1	63.0134	1	0.1	275.824	304.811
574	20.3107	1	728.246	1	1.13215	1	86.7444	1	63.0134	1	0.316228	280.313	310.69
574	20.3107	1	728.246	1	1.13215	1	86.7444	1	63.0134	1	1	289.247	322.513
574	20.3107	1	728.246	1	1.13215	1	86.7444	1	63.0134	1	3.16228	301.44	338.257
574	20.3107	1	728.246	1	1.13215	1	86.7444	1	63.0134	1	10	316.807	355.021
574	20.3107	1	728.246	1	1.13215	1	86.7444	1	63.0134	1	31.6228	341.413	380.196
574	20.3107	1	728.246	1	1.13215	1	86.7444	1	63.0134	1	100	388.789	430.956
575	15.8077	1	411.166	1	0.685337	1	55.8169	1	78.0458	1	0	273.249	301.462
575	15.8077	1	411.166	1	0.685337	1	55.8169	1	78.0458	1	0.001	273.295	301.521
575	15.8077	1	411.166	1	0.685337	1	55.8169	1	78.0458	1	0.00316228	273.393	301.65
575	15.8077	1	411.166	1	0.685337	1	55.8169	1	78.0458	1	0.01	273.701	302.052
575	15.8077	1	411.166	1	0.685337	1	55.8169	1	78.0458	1	0.0316228	274.635	303.274
575	15.8077	1	411.166	1	0.685337	1	55.8169	1	78.0458	1	0.1	277.272	306.713
575	15.8077	1	411.166	1	0.685337	1	55.8169	1	78.0458	1	0.316228	283.534	315.008
575	15.8077	1	411.166	1	0.685337	1	55.8169	1	78.0458	1	1	294.015	329.035
575	15.8077	1	411.166	1	0.685337	1	55.8169	1	78.0458	1	3.16228	306.527	344.721
575	15.8077	1	411.166	1	0.685337	1	55.8169	1	78.0458	1	10	324.113	362.706
575	15.8077	1	411.166	1	0.685337	1	55.8169	1	78.0458	1	31.6228	354.97	394.671
575	15.8077	1	411.166	1	0.685337	1	55.8169	1	78.0458	1	100	415.656	459.257
576	27.5276	1	165.505	1	1.08019	1	187.896	1	260.589	1	0	273.249	301.462
576	27.5276	1	165.505	1	1.08019	1	187.896	1	260.589	1	0.001	273.278	301.499
576	27.5276	1	165.505	1	1.08019	1	187.896	1	260.589	1	0.00316228	273.338	301.579
576	27.5276	1	165.505	1	1.08019	1	187.896	1	260.589	1	0.01	273.529	301.83
576	27.5276	1	165.505	1	1.08019	1	187.896	1	260.589	1	0.0316228	274.117	302.604
576	27.5276	1	165.505	1	1.08019	1	187.896	1	260.589	1	0.1	275.837	304.868
576	27.5276	1	165.505	1	1.08019	1	187.896	1	260.589	1	0.316228	280.262	310.754
576	27.5276	1	165.505	1	1.08019	1	187.896	1	260.589	1	1	288.688	322.196
576	27.5276	1	165.505	1	1.08019	1	187.896	1	260.589	1	3.16228	298.815	335.99
576	27.5276	1	165.505	1	1.08019	1	187.896	1	260.589	1	10	308.173	346.822
576	27.5276	1	165.505	1	1.08019	1	187.896	1	260.589	1	31.6228	319.583	356.84
576	27.5276	1	165.505	1	1.08019	1	187.896	1	260.589	1	100	336.494	374.783
577	16.2063	1	399.214	1	0.634601	1	344.475	1	76.2258	1	0	273.249	301.462
577	16.2063	1	399.214	1	0.634601	1	344.475	1	76.2258	1	0.001	273.297	301.525
577	16.2063	1	399.214	1	0.634601	1	344.475	1	76.2258	1	0.00316228	273.401	301.661
577	16.2063	1	399.214	1	0.634601	1	344.475	1	76.2258	1	0.01	273.723	302.085
577	16.2063	1	399.214	1	0.634601	1	344.475	1	76.2258	1	0.0316228	274.7	303.37
577	16.2063	1	399.214	1	0.634601	1	344.475	1	76.2258	1	0.1	277.425	306.958
577	16.2063	1	399.214	1	0.634601	1	344.475	1	76.2258	1	0.316228	283.691	315.361
577	16.2063	1	399.214	1	0.634601	1	344.475	1	76.2258	1	1	293.363	328.611
577	16.2063	1	399.214	1	0.634601	1	344.475	1	76.2258	1	3.16228	302.8	340.979
577	16.2063	1	399.214	1	0.634601	1	344.475	1	76.2258	1	10	311.332	349.306
577	16.2063	1	399.214	1	0.634601	1	344.475	1	76.2258	1	31.6228	319.012	356.555
577	16.2063	1	399.214	1	0.634601	1	344.475	1	76.2258	1	100	330.577	369.106
578	21.4536	1	339.646	1	1.65562	1	319.535	1	77.3928	1	0	273.249	301.462
578	21.4536	1	339.646	1	1.65562	1	319.535	1	77.3928	1	0.001	273.268	301.486
578	21.4536	1	339.646	1	1.65562	1	319.535	1	77.3928	1	0.00316228	273.308	301.539
578	21.4536	1	339.646	1	1.65562	1	319.535	1	77.3928	1	0.01	273.435	301.704
578	21.4536	1	339.646	1	1.65562	1	319.535	1	77.3928	1	0.0316228	273.83	302.219
578	21.4536	1	339.646	1	1.65562	1	319.535	1	77.3928	1	0.1	275.018	303.764
578	21.4536	1	339.646	1	1.65562	1	319.535	1	77.3928	1	0.316228	278.276	308.014
578	21.4536	1	339.646	1	1.65562	1	319.535	1	77.3928	1	1	285.444	317.455
578	21.4536	1	339.646	1	1.65562	1	319.535	1	77.3928	1	3.16228	296.004	331.371
578	21.4536	1	339.646	1	1.65562	1	319.535	1	77.3928	1	10	306.999	344.058
578	21.4536	1	339.646	1	1.65562	1	319.535	1	77.3928	1	31.6228	317.421	354.271
578	21.4536	1	339.646	1	1.65562	1	319.535	1	77.3928	1	100	330	368.204
579	27.553	1	141.638	1	1.32366	1	542.666	1	63.4259	1	0	273.249	301.462
579	27.553	1	141.638	1	1.32366	1	542.666	1	63.4259	1	0.001	273.272	301.492
579	27.553	1	141.638	1	1.32366	1	542.666	1	63.4259	1	0.00316228	273.321	301.556
579	27.553	1	141.638	1	1.32366	1	542.666	1	63.4259	1	0.01	273.476	301.76
579	27.553	1	141.638	1	1.32366	1	542.666	1	63.4259	1	0.0316228	273.953	302.39
579	27.553	1	141.638	1	1.32366	1	542.666	1	63.4259	1	0.1	275.369	304.255
579	27.553	1	141.638	1	1.32366	1	542.666	1	63.4259	1	0.316228	279.123	309.242
579	27.553	1	141.638	1	1.32366	1	542.666	1	63.4259	1	1	286.71	319.51
579	27.553	1	141.638	1	1.32366	1	542.666	1	63.4259	1	3.16228	296.273	332.684
579	27.553	1	141.638	1	1.32366	1	542.666	1	63.4259	1	10	303.878	341.959
579	27.553	1	141.638	1	1.32366	1	542.666	1	63.4259	1	31.6228	308.373	345.237
579	27.553	1	141.638	1	1.32366	1	542.666	1	63.4259	1	100	307.518	345.212
580	27.6566	1	346.532	1	0.815193	1	243.698	1	59.276	1	0	273.249	301.462
580	27.6566	1	346.532	1	0.815193	1	243.698	1	59.276	1	0.001	273.287	301.511
580	27.6566	1	346.532	1	0.815193	1	243.698	1	59.276	1	0.00316228	273.367	301.617
580	27.6566	1	346.532	1	0.815193	1	243.698	1	59.276	1	0.01	273.619	301.949
580	27.6566	1	346.532	1	0.815193	1	243.698	1	59.276	1	0.0316228	274.389	302.965
580	27.6566	1	346.532	1	0.815193	1	243.698	1	59.276	1	0.1	276.589	305.864
580	27.6566	1	346.532	1	0.815193	1	243.698	1	59.276	1	0.316228	281.952	313.047
580	27.6566	1	346.532	1	0.815193	1	243.698	1	59.276	1	1	291.103	325.633
580	27.6566	1	346.532	1	0.815193	1	243.698	1	59.276	1	3.16228	300.827	338.929
580	27.6566	1	346.532	1	0.815193	1	243.698	1	59.276	1	10	309.573	348.702
580	27.6566	1	346.532	1	0.815193	1	243.698	1	59.276	1	31.6228	320.457	358.382
580	27.6566	1	346.532	1	0.815193	1	243.698	1	59.276	1	100	337.221	376.304
581	37.4985	1	288.935	1	1.51568	1	496.531	1	22.9549	1	0	273.249	301.462
581	37.4985	1	288.935	1	1.51568	1	496.531	1	22.9549	1	0.001	273.27	301.488
581	37.4985	1	288.935	1	1.51568	1	496.531	1	22.9549	1	0.00316228	273.313	301.545
581	37.4985	1	288.935	1	1.51568	1	496.531	1	22.9549	1	0.01	273.449	301.725
581	37.4985	1	288.935	1	1.51568	1	496.531	1	22.9549	1	0.0316228	273.872	302.282
581	37.4985	1	288.935	1	1.51568	1	496.531	1	22.9549	1	0.1	275.137	303.947
581	37.4985	1	288.935	1	1.51568	1	496.531	1	22.9549	1	0.316228	278.557	308.479
581	37.4985	1	288.935	1	1.51568	1	496.531	1	22.9549	1	1	285.801	318.254
581	37.4985	1	288.935	1	1.51568	1	496.531	1	22.9549	1	3.16228	295.634	331.812
581	37.4985	1	288.935	1	1.51568	1	496.531	1	22.9549	1	10	304.199	342.715
581	37.4985	1	288.935	1	1.51568	1	496.531	1	22.9549	1	31.6228	310.651	349.096
581	37.4985	1	288.935	1	1.51568	1	496.531	1	22.9549	1	100	315.845	355.667
582	24.3166	1	255.684	1	1.72119	1	240.651	1	71.0384	1	0	273.249	301.462
582	24.3166	1	255.684	1	1.72119	1	240.651	1	71.0384	1	0.001	273.267	301.485
582	24.3166	1	255.684	1	1.72119	1	240.651	1	71.0384	1	0.00316228	273.306	301.536
582	24.3166	1	255.684	1	1.72119	1	240.651	1	71.0384	1	0.01	273.428	301.695
582	24.3166	1	255.684	1	1.72119	1	240.651	1	71.0384	1	0.0316228	273.808	302.191
582	24.3166	1	255.684	1	1.72119	1	240.651	1	71.0384	1	0.1	274.951	303.682
582	24.3166	1	255.684	1	1.72119	1	240.651	1	71.0384	1	0.316228	278.103	307.799
582	24.3166	1	255.684	1	1.72119	1	240.651	1	71.0384	1	1	285.116	317.062
582	24.3166	1	255.684	1	1.72119	1	240.651	1	71.0384	1	3.16228	295.622	330.988
582	24.3166	1	255.684	1	1.72119	1	240.651	1	71.0384	1	10	306.758	344.085
582	24.3166	1	255.684	1	1.72119	1	240.651	1	71.0384	1	31.6228	318.589	355.484
582	24.3166	1	255.684	1	1.72119	1	240.651	1	71.0384	1	100	334.191	372.644
583	27.1606	1	383.308	1	0.793414	1	174.981	1	64.8169	1	0	273.249	301.462
583	27.1606	1	383.308	1	0.793414	1	174.981	1	64.8169	1	0.001	273.288	301.512
583	27.1606	1	383.308	1	0.793414	1	174.981	1	64.8169	1	0.00316228	273.371	301.622
583	27.1606	1	383.308	1	0.793414	1	174.981	1	64.8169	1	0.01	273.63	301.964
583	27.1606	1	383.308	1	0.793414	1	174.981	1	64.8169	1	0.0316228	274.423	303.009
583	27.1606	1	383.308	1	0.793414	1	174.981	1	64.8169	1	0.1	276.683	305.985
583	27.1606	1	383.308	1	0.793414	1	174.981	1	64.8169	1	0.316228	282.17	313.331
583	27.1606	1	383.308	1	0.793414	1	174.981	1	64.8169	1	1	291.482	326.112
583	27.1606	1	383.308	1	0.793414	1	174.981	1	64.8169	1	3.16228	301.502	339.699
583	27.1606	1	383.308	1	0.793414	1	174.981	1	64.8169	1	10	311.247	350.465
583	27.1606	1	383.308	1	0.793414	1	174.981	1	64.8169	1	31.6228	325.32	363.453
583	27.1606	1	383.308	1	0.793414	1	174.981	1	64.8169	1	100	349.444	389.16
584	19.5635	1	413.333	1	0.682368	1	189.809	1	64.8282	1	0	273.249	301.462
584	19.5635	1	413.333	1	0.682368	1	189.809	1	64.8282	1	0.001	273.294	301.521
584	19.5635	1	413.333	1	0.682368	1	189.809	1	64.8282	1	0.00316228	273.391	301.648
584	19.5635	1	413.333	1	0.682368	1	189.809	1	64.8282	1	0.01	273.692	302.044
584	19.5635	1	413.333	1	0.682368	1	189.809	1	64.8282	1	0.0316228	274.607	303.248
584	19.5635	1	413.333	1	0.682368	1	189.809	1	64.8282	1	0.1	277.177	306.628
584	19.5635	1	413.333	1	0.682368	1	189.809	1	64.8282	1	0.316228	283.21	314.711
584	19.5635	1	413.333	1	0.682368	1	189.809	1	64.8282	1	1	292.861	327.939
584	19.5635	1	413.333	1	0.682368	1	189.809	1	64.8282	1	3.16228	302.744	341.023
584	19.5635	1	413.333	1	0.682368	1	189.809	1	64.8282	1	10	312.54	351.092
584	19.5635	1	413.333	1	0.682368	1	189.809	1	64.8282	1	31.6228	325.2	363.143
584	19.5635	1	413.333	1	0.682368	1	189.809	1	64.8282	1	100	347.753	387.357
585	30.3403	1	496.645	1	0.965192	1	231.217	1	112.568	1	0	273.249	301.462
585	30.3403	1	496.645	1	0.965192	1	231.217	1	112.568	1	0.001	273.281	301.503
585	30.3403	1	496.645	1	0.965192	1	231.217	1	112.568	1	0.00316228	273.349	301.593
585	30.3403	1	496.645	1	0.965192	1	231.217	1	112.568	1	0.01	273.563	301.875
585	30.3403	1	496.645	1	0.965192	1	231.217	1	112.568	1	0.0316228	274.221	302.742
585	30.3403	1	496.645	1	0.965192	1	231.217	1	112.568	1	0.1	276.129	305.253
585	30.3403	1	496.645	1	0.965192	1	231.217	1	112.568	1	0.316228	280.937	311.658
585	30.3403	1	496.645	1	0.965192	1	231.217	1	112.568	1	1	289.738	323.672
585	30.3403	1	496.645	1	0.965192	1	231.217	1	112.568	1	3.16228	299.896	337.527
585	30.3403	1	496.645	1	0.965192	1	231.217	1	112.568	1	10	309.456	348.52
585	30.3403	1	496.645	1	0.965192	1	231.217	1	112.568	1	31.6228	322.104	359.947
585	30.3403	1	496.645	1	0.965192	1	231.217	1	112.568	1	100	342.041	381.09
586	45.7676	1	190.499	1	1.00898	1	249.942	1	38.1184	1	0	273.249	301.462
586	45.7676	1	190.499	1	1.00898	1	249.942	1	38.1184	1	0.001	273.279	301.501
586	45.7676	1	190.499	1	1.00898	1	249.942	1	38.1184	1	0.00316228	273.344	301.587
586	45.7676	1	190.499	1	1.00898	1	249.942	1	38.1184	1	0.01	273.547	301.855
586	45.7676	1	190.499	1	1.00898	1	249.942	1	38.1184	1	0.0316228	274.17	302.68
586	45.7676	1	190.499	1	1.00898	1	249.942	1	38.1184	1	0.1	275.983	305.079
586	45.7676	1	190.499	1	1.00898	1	249.942	1	38.1184	1	0.316228	280.577	311.238
586	45.7676	1	190.499	1	1.00898	1	249.942	1	38.1184	1	1	289.03	322.902
586	45.7676	1	190.499	1	1.00898	1	249.942	1	38.1184	1	3.16228	298.544	336.326
586	45.7676	1	190.499	1	1.00898	1	249.942	1	38.1184	1	10	306.167	345.974
586	45.7676	1	190.499	1	1.00898	1	249.942	1	38.1184	1	31.6228	314.351	353.434
586	45.7676	1	190.499	1	1.00898	1	249.942	1	38.1184	1	100	325.727	366.248
587	23.2975	1	769.393	1	1.72037	1	331.115	1	37.4651	1	0	273.249	301.462
587	23.2975	1	769.393	1	1.72037	1	331.115	1	37.4651	1	0.001	273.268	301.485
587	23.2975	1	769.393	1	1.72037	1	331.115	1	37.4651	1	0.00316228	273.307	301.536
587	23.2975	1	769.393	1	1.72037	1	331.115	1	37.4651	1	0.01	273.43	301.696
587	23.2975	1	769.393	1	1.72037	1	331.115	1	37.4651	1	0.0316228	273.812	302.194
587	23.2975	1	769.393	1	1.72037	1	331.115	1	37.4651	1	0.1	274.965	303.694
587	23.2975	1	769.393	1	1.72037	1	331.115	1	37.4651	1	0.316228	278.143	307.835
587	23.2975	1	769.393	1	1.72037	1	331.115	1	37.4651	1	1	285.223	317.154
587	23.2975	1	769.393	1	1.72037	1	331.115	1	37.4651	1	3.16228	295.87	331.191
587	23.2975	1	769.393	1	1.72037	1	331.115	1	37.4651	1	10	307.242	344.477
587	23.2975	1	769.393	1	1.72037	1	331.115	1	37.4651	1	31.6228	318.433	356.042
587	23.2975	1	769.393	1	1.72037	1	331.115	1	37.4651	1	100	334.567	373.52
588	19.5859	1	575.312	1	0.92865	1	322.235	1	112.505	1	0	273.249	301.462
588	19.5859	1	575.312	1	0.92865	1	322.235	1	112.505	1	0.001	273.282	301.505
588	19.5859	1	575.312	1	0.92865	1	322.235	1	112.505	1	0.00316228	273.354	301.598
588	19.5859	1	575.312	1	0.92865	1	322.235	1	112.505	1	0.01	273.576	301.891
588	19.5859	1	575.312	1	0.92865	1	322.235	1	112.505	1	0.0316228	274.261	302.789
588	19.5859	1	575.312	1	0.92865	1	322.235	1	112.505	1	0.1	276.241	305.384
588	19.5859	1	575.312	1	0.92865	1	322.235	1	112.505	1	0.316228	281.203	311.956
588	19.5859	1	575.312	1	0.92865	1	322.235	1	112.505	1	1	290.185	324.101
588	19.5859	1	575.312	1	0.92865	1	322.235	1	112.505	1	3.16228	300.469	337.761
588	19.5859	1	575.312	1	0.92865	1	322.235	1	112.505	1	10	310.173	348.149
588	19.5859	1	575.312	1	0.92865	1	322.235	1	112.505	1	31.6228	320.025	357.493
588	19.5859	1	575.312	1	0.92865	1	322.235	1	112.505	1	100	334.571	373.263
589	29.5349	1	893.626	1	1.14606	1	702.671	1	75.6204	1	0	273.249	301.462
589	29.5349	1	893.626	1	1.14606	1	702.671	1	75.6204	1	0.001	273.276	301.497
589	29.5349	1	893.626	1	1.14606	1	702.671	1	75.6204	1	0.00316228	273.333	301.572
589	29.5349	1	893.626	1	1.14606	1	702.671	1	75.6204	1	0.01	273.514	301.809
589	29.5349	1	893.626	1	1.14606	1	702.671	1	75.6204	1	0.0316228	274.07	302.542
589	29.5349	1	893.626	1	1.14606	1	702.671	1	75.6204	1	0.1	275.704	304.691
589	29.5349	1	893.626	1	1.14606	1	702.671	1	75.6204	1	0.316228	279.948	310.328
589	29.5349	1	893.626	1	1.14606	1	702.671	1	75.6204	1	1	288.166	321.473
589	29.5349	1	893.626	1	1.14606	1	702.671	1	75.6204	1	3.16228	298.155	335.126
589	29.5349	1	893.626	1	1.14606	1	702.671	1	75.6204	1	10	306.858	345.395
589	29.5349	1	893.626	1	1.14606	1	702.671	1	75.6204	1	31.6228	315.025	352.517
589	29.5349	1	893.626	1	1.14606	1	702.671	1	75.6204	1	100	322.607	360.735
590	36.2985	1	157.694	1	0.71423	1	217.423	1	63.9175	1	0	273.249	301.462
590	36.2985	1	157.694	1	0.71423	1	217.423	1	63.9175	1	0.001	273.292	301.518
590	36.2985	1	157.694	1	0.71423	1	217.423	1	63.9175	1	0.00316228	273.383	301.638
590	36.2985	1	157.694	1	0.71423	1	217.423	1	63.9175	1	0.01	273.667	302.015
590	36.2985	1	157.694	1	0.71423	1	217.423	1	63.9175	1	0.0316228	274.532	303.16
590	36.2985	1	157.694	1	0.71423	1	217.423	1	63.9175	1	0.1	276.967	306.384
590	36.2985	1	157.694	1	0.71423	1	217.423	1	63.9175	1	0.316228	282.721	314.165
590	36.2985	1	157.694	1	0.71423	1	217.423	1	63.9175	1	1	291.917	327.027
590	36.2985	1	157.694	1	0.71423	1	217.423	1	63.9175	1	3.16228	300.784	339.52
590	36.2985	1	157.694	1	0.71423	1	217.423	1	63.9175	1	10	307.76	347.687
590	36.2985	1	157.694	1	0.71423	1	217.423	1	63.9175	1	31.6228	316.29	354.782
590	36.2985	1	157.694	1	0.71423	1	217.423	1	63.9175	1	100	329.374	368.628
591	54.1695	1	578.099	1	1.22851	1	567.748	1	120.74	1	0	273.249	301.462
591	54.1695	1	578.099	1	1.22851	1	567.748	1	120.74	1	0.001	273.274	301.494
591	54.1695	1	578.099	1	1.22851	1	567.748	1	120.74	1	0.00316228	273.327	301.565
591	54.1695	1	578.099	1	1.22851	1	567.748	1	120.74	1	0.01	273.494	301.786
591	54.1695	1	578.099	1	1.22851	1	567.748	1	120.74	1	0.0316228	274.011	302.469
591	54.1695	1	578.099	1	1.22851	1	567.748	1	120.74	1	0.1	275.535	304.484
591	54.1695	1	578.099	1	1.22851	1	567.748	1	120.74	1	0.316228	279.533	309.825
591	54.1695	1	578.099	1	1.22851	1	567.748	1	120.74	1	1	287.41	320.608
591	54.1695	1	578.099	1	1.22851	1	567.748	1	120.74	1	3.16228	297.1	334.228
591	54.1695	1	578.099	1	1.22851	1	567.748	1	120.74	1	10	305.06	344.565
591	54.1695	1	578.099	1	1.22851	1	567.748	1	120.74	1	31.6228	312.842	351.631
591	54.1695	1	578.099	1	1.22851	1	567.748	1	120.74	1	100	322.449	360.448
592	22.8224	1	684.972	1	1.22292	1	402.314	1	60.2237	1	0	273.249	301.462
592	22.8224	1	684.972	1	1.22292	1	402.314	1	60.2237	1	0.001	273.275	301.495
592	22.8224	1	684.972	1	1.22292	1	402.314	1	60.2237	1	0.00316228	273.329	301.566
592	22.8224	1	684.972	1	1.22292	1	402.314	1	60.2237	1	0.01	273.499	301.789
592	22.8224	1	684.972	1	1.22292	1	402.314	1	60.2237	1	0.0316228	274.026	302.479
592	22.8224	1	684.972	1	1.22292	1	402.314	1	60.2237	1	0.1	275.581	304.514
592	22.8224	1	684.972	1	1.22292	1	402.314	1	60.2237	1	0.316228	279.671	309.909
592	22.8224	1	684.972	1	1.22292	1	402.314	1	60.2237	1	1	287.824	320.828
592	22.8224	1	684.972	1	1.22292	1	402.314	1	60.2237	1	3.16228	298.271	334.8
592	22.8224	1	684.972	1	1.22292	1	402.314	1	60.2237	1	10	308.247	346.121
592	22.8224	1	684.972	1	1.22292	1	402.314	1	60.2237	1	31.6228	317.918	355.306
592	22.8224	1	684.972	1	1.22292	1	402.314	1	60.2237	1	100	330.278	368.859
593	21.46	1	313.759	1	0.88737	1	250.462	1	106.571	1	0	273.249	301.462
593	21.46	1	313.759	1	0.88737	1	250.462	1	106.571	1	0.001	273.284	301.507
593	21.46	1	313.759	1	0.88737	1	250.462	1	106.571	1	0.00316228	273.358	301.605
593	21.46	1	313.759	1	0.88737	1	250.462	1	106.571	1	0.01	273.59	301.91
593	21.46	1	313.759	1	0.88737	1	250.462	1	106.571	1	0.0316228	274.303	302.847
593	21.46	1	313.759	1	0.88737	1	250.462	1	106.571	1	0.1	276.356	305.543
593	21.46	1	313.759	1	0.88737	1	250.462	1	106.571	1	0.316228	281.453	312.322
593	21.46	1	313.759	1	0.88737	1	250.462	1	106.571	1	1	290.495	324.621
593	21.46	1	313.759	1	0.88737	1	250.462	1	106.571	1	3.16228	300.585	338.153
593	21.46	1	313.759	1	0.88737	1	250.462	1	106.571	1	10	309.996	348.322
593	21.46	1	313.759	1	0.88737	1	250.462	1	106.571	1	31.6228	320.478	357.855
593	21.46	1	313.759	1	0.88737	1	250.462	1	106.571	1	100	336.129	374.741
594	26.541	1	776.52	1	0.471478	1	339.117	1	56.3249	1	0	273.249	301.462
594	26.541	1	776.52	1	0.471478	1	339.117	1	56.3249	1	0.001	273.314	301.547
594	26.541	1	776.52	1	0.471478	1	339.117	1	56.3249	1	0.00316228	273.452	301.729
594	26.541	1	776.52	1	0.471478	1	339.117	1	56.3249	1	0.01	273.88	302.296
594	26.541	1	776.52	1	0.471478	1	339.117	1	56.3249	1	0.0316228	275.157	303.987
594	26.541	1	776.52	1	0.471478	1	339.117	1	56.3249	1	0.1	278.602	308.582
594	26.541	1	776.52	1	0.471478	1	339.117	1	56.3249	1	0.316228	285.822	318.437
594	26.541	1	776.52	1	0.471478	1	339.117	1	56.3249	1	1	295.458	332.037
594	26.541	1	776.52	1	0.471478	1	339.117	1	56.3249	1	3.16228	303.557	343.097
594	26.541	1	776.52	1	0.471478	1	339.117	1	56.3249	1	10	310.707	350.351
594	26.541	1	776.52	1	0.471478	1	339.117	1	56.3249	1	31.6228	320.044	358.217
594	26.541	1	776.52	1	0.471478	1	339.117	1	56.3249	1	100	334.741	373.833
595	22.0387	1	718.424	1	1.12271	1	253.546	1	87.8737	1	0	273.249	301.462
595	22.0387	1	718.424	1	1.12271	1	253.546	1	87.8737	1	0.001	273.277	301.498
595	22.0387	1	718.424	1	1.12271	1	253.546	1	87.8737	1	0.00316228	273.336	301.575
595	22.0387	1	718.424	1	1.12271	1	253.546	1	87.8737	1	0.01	273.522	301.819
595	22.0387	1	718.424	1	1.12271	1	253.546	1	87.8737	1	0.0316228	274.095	302.57
595	22.0387	1	718.424	1	1.12271	1	253.546	1	87.8737	1	0.1	275.78	304.774
595	22.0387	1	718.424	1	1.12271	1	253.546	1	87.8737	1	0.316228	280.153	310.546
595	22.0387	1	718.424	1	1.12271	1	253.546	1	87.8737	1	1	288.654	321.946
595	22.0387	1	718.424	1	1.12271	1	253.546	1	87.8737	1	3.16228	299.323	336.132
595	22.0387	1	718.424	1	1.12271	1	253.546	1	87.8737	1	10	310.029	348.044
595	22.0387	1	718.424	1	1.12271	1	253.546	1	87.8737	1	31.6228	322.363	359.943
595	22.0387	1	718.424	1	1.12271	1	253.546	1	87.8737	1	100	341.953	381.172
596	31.3979	1	595.319	1	0.93322	1	633.232	1	51.9636	1	0	273.249	301.462
596	31.3979	1	595.319	1	0.93322	1	633.232	1	51.9636	1	0.001	273.282	301.505
596	31.3979	1	595.319	1	0.93322	1	633.232	1	51.9636	1	0.00316228	273.352	301.597
596	31.3979	1	595.319	1	0.93322	1	633.232	1	51.9636	1	0.01	273.572	301.887
596	31.3979	1	595.319	1	0.93322	1	633.232	1	51.9636	1	0.0316228	274.247	302.778
596	31.3979	1	595.319	1	0.93322	1	633.232	1	51.9636	1	0.1	276.197	305.351
596	31.3979	1	595.319	1	0.93322	1	633.232	1	51.9636	1	0.316228	281.073	311.863
596	31.3979	1	595.319	1	0.93322	1	633.232	1	51.9636	1	1	289.805	323.862
596	31.3979	1	595.319	1	0.93322	1	633.232	1	51.9636	1	3.16228	299.374	337.105
596	31.3979	1	595.319	1	0.93322	1	633.232	1	51.9636	1	10	307.151	346.211
596	31.3979	1	595.319	1	0.93322	1	633.232	1	51.9636	1	31.6228	314.456	352.322
596	31.3979	1	595.319	1	0.93322	1	633.232	1	51.9636	1	100	321.381	359.723
597	25.1737	1	847.107	1	0.898677	1	257.313	1	57.6672	1	0	273.249	301.462
597	25.1737	1	847.107	1	0.898677	1	257.313	1	57.6672	1	0.001	273.284	301.506
597	25.1737	1	847.107	1	0.898677	1	257.313	1	57.6672	1	0.00316228	273.357	301.603
597	25.1737	1	847.107	1	0.898677	1	257.313	1	57.6672	1	0.01	273.587	301.906
597	25.1737	1	847.107	1	0.898677	1	257.313	1	57.6672	1	0.0316228	274.292	302.834
597	25.1737	1	847.107	1	0.898677	1	257.313	1	57.6672	1	0.1	276.327	305.509
597	25.1737	1	847.107	1	0.898677	1	257.313	1	57.6672	1	0.316228	281.392	312.25
597	25.1737	1	847.107	1	0.898677	1	257.313	1	57.6672	1	1	290.429	324.567
597	25.1737	1	847.107	1	0.898677	1	257.313	1	57.6672	1	3.16228	300.612	338.313
597	25.1737	1	847.107	1	0.898677	1	257.313	1	57.6672	1	10	310.324	349.08
597	25.1737	1	847.107	1	0.898677	1	257.313	1	57.6672	1	31.6228	322.384	360.352
597	25.1737	1	847.107	1	0.898677	1	257.313	1	57.6672	1	100	342.165	381.63
598	16.044	1	586.778	1	1.65607	1	171.879	1	90.9887	1	0	273.249	301.462
598	16.044	1	586.778	1	1.65607	1	171.879	1	90.9887	1	0.001	273.269	301.486
598	16.044	1	586.778	1	1.65607	1	171.879	1	90.9887	1	0.00316228	273.31	301.54
598	16.044	1	586.778	1	1.65607	1	171.879	1	90.9887	1	0.01	273.44	301.707
598	16.044	1	586.778	1	1.65607	1	171.879	1	90.9887	1	0.0316228	273.844	302.229
598	16.044	1	586.778	1	1.65607	1	171.879	1	90.9887	1	0.1	275.062	303.797
598	16.044	1	586.778	1	1.65607	1	171.879	1	90.9887	1	0.316228	278.419	308.122
598	16.044	1	586.778	1	1.65607	1	171.879	1	90.9887	1	1	285.901	317.797
598	16.044	1	586.778	1	1.65607	1	171.879	1	90.9887	1	3.16228	297.448	332.493
598	16.044	1	586.778	1	1.65607	1	171.879	1	90.9887	1	10	311.048	347.486
598	16.044	1	586.778	1	1.65607	1	171.879	1	90.9887	1	31.6228	326.564	364.033
598	16.044	1	586.778	1	1.65607	1	171.879	1	90.9887	1	100	353.677	393.472
599	21.3393	1	1050.43	1	0.748204	1	217.334	1	71.5689	1	0	273.249	301.462
599	21.3393	1	1050.43	1	0.748204	1	217.334	1	71.5689	1	0.001	273.29	301.515
599	21.3393	1	1050.43	1	0.748204	1	217.334	1	71.5689	1	0.00316228	273.378	301.632
599	21.3393	1	1050.43	1	0.748204	1	217.334	1	71.5689	1	0.01	273.654	301.994
599	21.3393	1	1050.43	1	0.748204	1	217.334	1	71.5689	1	0.0316228	274.494	303.1
599	21.3393	1	1050.43	1	0.748204	1	217.334	1	71.5689	1	0.1	276.876	306.229
599	21.3393	1	1050.43	1	0.748204	1	217.334	1	71.5689	1	0.316228	282.591	313.867
599	21.3393	1	1050.43	1	0.748204	1	217.334	1	71.5689	1	1	292.09	326.848
599	21.3393	1	1050.43	1	0.748204	1	217.334	1	71.5689	1	3.16228	302.165	340.265
599	21.3393	1	1050.43	1	0.748204	1	217.334	1	71.5689	1	10	312.181	350.82
599	21.3393	1	1050.43	1	0.748204	1	217.334	1	71.5689	1	31.6228	325.186	363.254
599	21.3393	1	1050.43	1	0.748204	1	217.334	1	71.5689	1	100	348.518	388.406
600	20.7568	1	440.544	1	1.29063	1	635.179	1	39.3253	1	0	273.249	301.462
600	20.7568	1	440.544	1	1.29063	1	635.179	1	39.3253	1	0.001	273.273	301.493
600	20.7568	1	440.544	1	1.29063	1	635.179	1	39.3253	1	0.00316228	273.325	301.56
600	20.7568	1	440.544	1	1.29063	1	635.179	1	39.3253	1	0.01	273.486	301.771
600	20.7568	1	440.544	1	1.29063	1	635.179	1	39.3253	1	0.0316228	273.985	302.424
600	20.7568	1	440.544	1	1.29063	1	635.179	1	39.3253	1	0.1	275.464	304.357
600	20.7568	1	440.544	1	1.29063	1	635.179	1	39.3253	1	0.316228	279.383	309.515
600	20.7568	1	440.544	1	1.29063	1	635.179	1	39.3253	1	1	287.323	320.106
600	20.7568	1	440.544	1	1.29063	1	635.179	1	39.3253	1	3.16228	297.64	333.863
600	20.7568	1	440.544	1	1.29063	1	635.179	1	39.3253	1	10	307.084	344.582
600	20.7568	1	440.544	1	1.29063	1	635.179	1	39.3253	1	31.6228	313.906	351.214
600	20.7568	1	440.544	1	1.29063	1	635.179	1	39.3253	1	100	319.678	357.644
601	48.0825	1	226.011	1	0.8431	1	157.47	1	39.9344	1	0	273.249	301.462
601	48.0825	1	226.011	1	0.8431	1	157.47	1	39.9344	1	0.001	273.285	301.509
601	48.0825	1	226.011	1	0.8431	1	157.47	1	39.9344	1	0.00316228	273.363	301.612
601	48.0825	1	226.011	1	0.8431	1	157.47	1	39.9344	1	0.01	273.606	301.934
601	48.0825	1	226.011	1	0.8431	1	157.47	1	39.9344	1	0.0316228	274.35	302.919
601	48.0825	1	226.011	1	0.8431	1	157.47	1	39.9344	1	0.1	276.483	305.738
601	48.0825	1	226.011	1	0.8431	1	157.47	1	39.9344	1	0.316228	281.712	312.772
601	48.0825	1	226.011	1	0.8431	1	157.47	1	39.9344	1	1	290.74	325.295
601	48.0825	1	226.011	1	0.8431	1	157.47	1	39.9344	1	3.16228	300.413	338.867
601	48.0825	1	226.011	1	0.8431	1	157.47	1	39.9344	1	10	309.012	349.351
601	48.0825	1	226.011	1	0.8431	1	157.47	1	39.9344	1	31.6228	321.7	361.424
601	48.0825	1	226.011	1	0.8431	1	157.47	1	39.9344	1	100	344.222	385.721
602	32.6426	1	911.269	1	1.04374	1	365.403	1	68.8855	1	0	273.249	301.462
602	32.6426	1	911.269	1	1.04374	1	365.403	1	68.8855	1	0.001	273.279	301.5
602	32.6426	1	911.269	1	1.04374	1	365.403	1	68.8855	1	0.00316228	273.342	301.583
602	32.6426	1	911.269	1	1.04374	1	365.403	1	68.8855	1	0.01	273.54	301.844
602	32.6426	1	911.269	1	1.04374	1	365.403	1	68.8855	1	0.0316228	274.149	302.647
602	32.6426	1	911.269	1	1.04374	1	365.403	1	68.8855	1	0.1	275.927	304.988
602	32.6426	1	911.269	1	1.04374	1	365.403	1	68.8855	1	0.316228	280.471	311.039
602	32.6426	1	911.269	1	1.04374	1	365.403	1	68.8855	1	1	288.999	322.665
602	32.6426	1	911.269	1	1.04374	1	365.403	1	68.8855	1	3.16228	299.037	336.432
602	32.6426	1	911.269	1	1.04374	1	365.403	1	68.8855	1	10	308.075	347.083
602	32.6426	1	911.269	1	1.04374	1	365.403	1	68.8855	1	31.6228	318.546	356.535
602	32.6426	1	911.269	1	1.04374	1	365.403	1	68.8855	1	100	333.421	372.277
603	22.805	1	644.867	1	0.927854	1	263.167	1	49.2726	1	0	273.249	301.462
603	22.805	1	644.867	1	0.927854	1	263.167	1	49.2726	1	0.001	273.282	301.505
603	22.805	1	644.867	1	0.927854	1	263.167	1	49.2726	1	0.00316228	273.354	301.599
603	22.805	1	644.867	1	0.927854	1	263.167	1	49.2726	1	0.01	273.577	301.892
603	22.805	1	644.867	1	0.927854	1	263.167	1	49.2726	1	0.0316228	274.262	302.793
603	22.805	1	644.867	1	0.927854	1	263.167	1	49.2726	1	0.1	276.244	305.393
603	22.805	1	644.867	1	0.927854	1	263.167	1	49.2726	1	0.316228	281.207	311.982
603	22.805	1	644.867	1	0.927854	1	263.167	1	49.2726	1	1	290.185	324.172
603	22.805	1	644.867	1	0.927854	1	263.167	1	49.2726	1	3.16228	300.463	337.96
603	22.805	1	644.867	1	0.927854	1	263.167	1	49.2726	1	10	310.287	348.749
603	22.805	1	644.867	1	0.927854	1	263.167	1	49.2726	1	31.6228	321.646	359.555
603	22.805	1	644.867	1	0.927854	1	263.167	1	49.2726	1	100	340.102	379.402
604	35.3342	1	193.627	1	0.864566	1	123.376	1	64.866	1	0	273.249	301.462
604	35.3342	1	193.627	1	0.864566	1	123.376	1	64.866	1	0.001	273.285	301.508
604	35.3342	1	193.627	1	0.864566	1	123.376	1	64.866	1	0.00316228	273.361	301.609
604	35.3342	1	193.627	1	0.864566	1	123.376	1	64.866	1	0.01	273.599	301.923
604	35.3342	1	193.627	1	0.864566	1	123.376	1	64.866	1	0.0316228	274.329	302.887
604	35.3342	1	193.627	1	0.864566	1	123.376	1	64.866	1	0.1	276.427	305.654
604	35.3342	1	193.627	1	0.864566	1	123.376	1	64.866	1	0.316228	281.609	312.591
604	35.3342	1	193.627	1	0.864566	1	123.376	1	64.866	1	1	290.718	325.12
604	35.3342	1	193.627	1	0.864566	1	123.376	1	64.866	1	3.16228	300.885	339.081
604	35.3342	1	193.627	1	0.864566	1	123.376	1	64.866	1	10	310.933	350.744
604	35.3342	1	193.627	1	0.864566	1	123.376	1	64.866	1	31.6228	326.716	365.586
604	35.3342	1	193.627	1	0.864566	1	123.376	1	64.866	1	100	355.084	395.55
605	28.6959	1	703.017	1	0.60544	1	288.78	1	74.5931	1	0	273.249	301.462
605	28.6959	1	703.017	1	0.60544	1	288.78	1	74.5931	1	0.001	273.3	301.528
605	28.6959	1	703.017	1	0.60544	1	288.78	1	74.5931	1	0.00316228	273.407	301.671
605	28.6959	1	703.017	1	0.60544	1	288.78	1	74.5931	1	0.01	273.744	302.115
605	28.6959	1	703.017	1	0.60544	1	288.78	1	74.5931	1	0.0316228	274.76	303.458
605	28.6959	1	703.017	1	0.60544	1	288.78	1	74.5931	1	0.1	277.58	307.197
605	28.6959	1	703.017	1	0.60544	1	288.78	1	74.5931	1	0.316228	283.962	315.835
605	28.6959	1	703.017	1	0.60544	1	288.78	1	74.5931	1	1	293.529	329.187
605	28.6959	1	703.017	1	0.60544	1	288.78	1	74.5931	1	3.16228	302.457	341.449
605	28.6959	1	703.017	1	0.60544	1	288.78	1	74.5931	1	10	310.384	349.955
605	28.6959	1	703.017	1	0.60544	1	288.78	1	74.5931	1	31.6228	321.109	359.208
605	28.6959	1	703.017	1	0.60544	1	288.78	1	74.5931	1	100	338.117	377.236
606	30.7707	1	134.782	1	1.44236	1	257.163	1	56.2926	1	0	273.249	301.462
606	30.7707	1	134.782	1	1.44236	1	257.163	1	56.2926	1	0.001	273.27	301.489
606	30.7707	1	134.782	1	1.44236	1	257.163	1	56.2926	1	0.00316228	273.316	301.549
606	30.7707	1	134.782	1	1.44236	1	257.163	1	56.2926	1	0.01	273.458	301.737
606	30.7707	1	134.782	1	1.44236	1	257.163	1	56.2926	1	0.0316228	273.899	302.318
606	30.7707	1	134.782	1	1.44236	1	257.163	1	56.2926	1	0.1	275.216	304.051
606	30.7707	1	134.782	1	1.44236	1	257.163	1	56.2926	1	0.316228	278.753	308.741
606	30.7707	1	134.782	1	1.44236	1	257.163	1	56.2926	1	1	286.136	318.701
606	30.7707	1	134.782	1	1.44236	1	257.163	1	56.2926	1	3.16228	295.999	332.221
606	30.7707	1	134.782	1	1.44236	1	257.163	1	56.2926	1	10	304.764	343.038
606	30.7707	1	134.782	1	1.44236	1	257.163	1	56.2926	1	31.6228	312.838	350.265
606	30.7707	1	134.782	1	1.44236	1	257.163	1	56.2926	1	100	321.396	360.29
607	38.463	1	498.089	1	1.35497	1	142.392	1	27.6508	1	0	273.249	301.462
607	38.463	1	498.089	1	1.35497	1	142.392	1	27.6508	1	0.001	273.272	301.492
607	38.463	1	498.089	1	1.35497	1	142.392	1	27.6508	1	0.00316228	273.322	301.557
607	38.463	1	498.089	1	1.35497	1	142.392	1	27.6508	1	0.01	273.477	301.76
607	38.463	1	498.089	1	1.35497	1	142.392	1	27.6508	1	0.0316228	273.958	302.392
607	38.463	1	498.089	1	1.35497	1	142.392	1	27.6508	1	0.1	275.389	304.269
607	38.463	1	498.089	1	1.35497	1	142.392	1	27.6508	1	0.316228	279.217	309.328
607	38.463	1	498.089	1	1.35497	1	142.392	1	27.6508	1	1	287.149	319.985
607	38.463	1	498.089	1	1.35497	1	142.392	1	27.6508	1	3.16228	298.058	334.745
607	38.463	1	498.089	1	1.35497	1	142.392	1	27.6508	1	10	309.742	348.845
607	38.463	1	498.089	1	1.35497	1	142.392	1	27.6508	1	31.6228	326.575	365.938
607	38.463	1	498.089	1	1.35497	1	142.392	1	27.6508	1	100	357.598	399.308
608	31.4179	1	855.155	1	1.11554	1	418.952	1	62.7635	1	0	273.249	301.462
608	31.4179	1	855.155	1	1.11554	1	418.952	1	62.7635	1	0.001	273.277	301.498
608	31.4179	1	855.155	1	1.11554	1	418.952	1	62.7635	1	0.00316228	273.336	301.575
608	31.4179	1	855.155	1	1.11554	1	418.952	1	62.7635	1	0.01	273.521	301.82
608	31.4179	1	855.155	1	1.11554	1	418.952	1	62.7635	1	0.0316228	274.093	302.573
608	31.4179	1	855.155	1	1.11554	1	418.952	1	62.7635	1	0.1	275.77	304.779
608	31.4179	1	855.155	1	1.11554	1	418.952	1	62.7635	1	0.316228	280.106	310.544
608	31.4179	1	855.155	1	1.11554	1	418.952	1	62.7635	1	1	288.439	321.862
608	31.4179	1	855.155	1	1.11554	1	418.952	1	62.7635	1	3.16228	298.528	335.662
608	31.4179	1	855.155	1	1.11554	1	418.952	1	62.7635	1	10	307.603	346.391
608	31.4179	1	855.155	1	1.11554	1	418.952	1	62.7635	1	31.6228	317.399	355.248
608	31.4179	1	855.155	1	1.11554	1	418.952	1	62.7635	1	100	330.236	368.911
609	41.2872	1	348.197	1	1.03257	1	181.646	1	56.0653	1	0	273.249	301.462
609	41.2872	1	348.197	1	1.03257	1	181.646	1	56.0653	1	0.001	273.279	301.501
609	41.2872	1	348.197	1	1.03257	1	181.646	1	56.0653	1	0.00316228	273.343	301.585
609	41.2872	1	348.197	1	1.03257	1	181.646	1	56.0653	1	0.01	273.543	301.849
609	41.2872	1	348.197	1	1.03257	1	181.646	1	56.0653	1	0.0316228	274.159	302.662
609	41.2872	1	348.197	1	1.03257	1	181.646	1	56.0653	1	0.1	275.956	305.031
609	41.2872	1	348.197	1	1.03257	1	181.646	1	56.0653	1	0.316228	280.541	311.151
609	41.2872	1	348.197	1	1.03257	1	181.646	1	56.0653	1	1	289.131	322.904
609	41.2872	1	348.197	1	1.03257	1	181.646	1	56.0653	1	3.16228	299.318	336.973
609	41.2872	1	348.197	1	1.03257	1	181.646	1	56.0653	1	10	308.907	348.564
609	41.2872	1	348.197	1	1.03257	1	181.646	1	56.0653	1	31.6228	322.406	361.328
609	41.2872	1	348.197	1	1.03257	1	181.646	1	56.0653	1	100	345.489	385.707
610	37.1773	1	344.327	1	1.72116	1	56.6832	1	68.4143	1	0	273.249	301.462
610	37.1773	1	344.327	1	1.72116	1	56.6832	1	68.4143	1	0.001	273.268	301.486
610	37.1773	1	344.327	1	1.72116	1	56.6832	1	68.4143	1	0.00316228	273.309	301.539
610	37.1773	1	344.327	1	1.72116	1	56.6832	1	68.4143	1	0.01	273.437	301.706
610	37.1773	1	344.327	1	1.72116	1	56.6832	1	68.4143	1	0.0316228	273.837	302.225
610	37.1773	1	344.327	1	1.72116	1	56.6832	1	68.4143	1	0.1	275.045	303.79
610	37.1773	1	344.327	1	1.72116	1	56.6832	1	68.4143	1	0.316228	278.406	308.151
610	37.1773	1	344.327	1	1.72116	1	56.6832	1	68.4143	1	1	286.071	318.185
610	37.1773	1	344.327	1	1.72116	1	56.6832	1	68.4143	1	3.16228	298.776	334.693
610	37.1773	1	344.327	1	1.72116	1	56.6832	1	68.4143	1	10	317.027	356.02
610	37.1773	1	344.327	1	1.72116	1	56.6832	1	68.4143	1	31.6228	349.869	389.619
610	37.1773	1	344.327	1	1.72116	1	56.6832	1	68.4143	1	100	409.93	453.016
611	24.1841	1	372.224	1	0.794305	1	274.558	1	142.834	1	0	273.249	301.462
611	24.1841	1	372.224	1	0.794305	1	274.558	1	142.834	1	0.001	273.288	301.512
611	24.1841	1	372.224	1	0.794305	1	274.558	1	142.834	1	0.00316228	273.37	301.621
611	24.1841	1	372.224	1	0.794305	1	274.558	1	142.834	1	0.01	273.629	301.962
611	24.1841	1	372.224	1	0.794305	1	274.558	1	142.834	1	0.0316228	274.418	303.002
611	24.1841	1	372.224	1	0.794305	1	274.558	1	142.834	1	0.1	276.667	305.964
611	24.1841	1	372.224	1	0.794305	1	274.558	1	142.834	1	0.316228	282.124	313.267
611	24.1841	1	372.224	1	0.794305	1	274.558	1	142.834	1	1	291.344	325.919
611	24.1841	1	372.224	1	0.794305	1	274.558	1	142.834	1	3.16228	301.056	339.09
611	24.1841	1	372.224	1	0.794305	1	274.558	1	142.834	1	10	309.829	348.604
611	24.1841	1	372.224	1	0.794305	1	274.558	1	142.834	1	31.6228	320.215	357.64
611	24.1841	1	372.224	1	0.794305	1	274.558	1	142.834	1	100	335.149	373.683
612	17.3089	1	345.784	1	1.49121	1	145.945	1	55.7562	1	0	273.249	301.462
612	17.3089	1	345.784	1	1.49121	1	145.945	1	55.7562	1	0.001	273.271	301.489
612	17.3089	1	345.784	1	1.49121	1	145.945	1	55.7562	1	0.00316228	273.316	301.548
612	17.3089	1	345.784	1	1.49121	1	145.945	1	55.7562	1	0.01	273.459	301.734
612	17.3089	1	345.784	1	1.49121	1	145.945	1	55.7562	1	0.0316228	273.904	302.31
612	17.3089	1	345.784	1	1.49121	1	145.945	1	55.7562	1	0.1	275.236	304.033
612	17.3089	1	345.784	1	1.49121	1	145.945	1	55.7562	1	0.316228	278.858	308.733
612	17.3089	1	345.784	1	1.49121	1	145.945	1	55.7562	1	1	286.673	318.938
612	17.3089	1	345.784	1	1.49121	1	145.945	1	55.7562	1	3.16228	298.189	333.738
612	17.3089	1	345.784	1	1.49121	1	145.945	1	55.7562	1	10	311.472	348.414
612	17.3089	1	345.784	1	1.49121	1	145.945	1	55.7562	1	31.6228	327.645	365.231
612	17.3089	1	345.784	1	1.49121	1	145.945	1	55.7562	1	100	356.041	395.982
613	24.9742	1	169.186	1	1.3982	1	613.471	1	66.2125	1	0	273.249	301.462
613	24.9742	1	169.186	1	1.3982	1	613.471	1	66.2125	1	0.001	273.271	301.49
613	24.9742	1	169.186	1	1.3982	1	613.471	1	66.2125	1	0.00316228	273.318	301.552
613	24.9742	1	169.186	1	1.3982	1	613.471	1	66.2125	1	0.01	273.465	301.745
613	24.9742	1	169.186	1	1.3982	1	613.471	1	66.2125	1	0.0316228	273.92	302.343
613	24.9742	1	169.186	1	1.3982	1	613.471	1	66.2125	1	0.1	275.274	304.122
613	24.9742	1	169.186	1	1.3982	1	613.471	1	66.2125	1	0.316228	278.896	308.914
613	24.9742	1	169.186	1	1.3982	1	613.471	1	66.2125	1	1	286.374	318.965
613	24.9742	1	169.186	1	1.3982	1	613.471	1	66.2125	1	3.16228	296.138	332.252
613	24.9742	1	169.186	1	1.3982	1	613.471	1	66.2125	1	10	304.371	342.082
613	24.9742	1	169.186	1	1.3982	1	613.471	1	66.2125	1	31.6228	309.465	346.074
613	24.9742	1	169.186	1	1.3982	1	613.471	1	66.2125	1	100	309.152	346.552
614	19.3604	1	589.221	1	0.792244	1	644.14	1	55.8632	1	0	273.249	301.462
614	19.3604	1	589.221	1	0.792244	1	644.14	1	55.8632	1	0.001	273.288	301.512
614	19.3604	1	589.221	1	0.792244	1	644.14	1	55.8632	1	0.00316228	273.371	301.621
614	19.3604	1	589.221	1	0.792244	1	644.14	1	55.8632	1	0.01	273.63	301.963
614	19.3604	1	589.221	1	0.792244	1	644.14	1	55.8632	1	0.0316228	274.422	303.004
614	19.3604	1	589.221	1	0.792244	1	644.14	1	55.8632	1	0.1	276.678	305.969
614	19.3604	1	589.221	1	0.792244	1	644.14	1	55.8632	1	0.316228	282.15	313.271
614	19.3604	1	589.221	1	0.792244	1	644.14	1	55.8632	1	1	291.378	325.866
614	19.3604	1	589.221	1	0.792244	1	644.14	1	55.8632	1	3.16228	301.021	338.777
614	19.3604	1	589.221	1	0.792244	1	644.14	1	55.8632	1	10	309.243	347.378
614	19.3604	1	589.221	1	0.792244	1	644.14	1	55.8632	1	31.6228	315.737	353.152
614	19.3604	1	589.221	1	0.792244	1	644.14	1	55.8632	1	100	322.024	360.19
615	41.07	1	319.629	1	1.42254	1	368.977	1	40.6412	1	0	273.249	301.462
615	41.07	1	319.629	1	1.42254	1	368.977	1	40.6412	1	0.001	273.271	301.49
615	41.07	1	319.629	1	1.42254	1	368.977	1	40.6412	1	0.00316228	273.317	301.551
615	41.07	1	319.629	1	1.42254	1	368.977	1	40.6412	1	0.01	273.462	301.742
615	41.07	1	319.629	1	1.42254	1	368.977	1	40.6412	1	0.0316228	273.912	302.336
615	41.07	1	319.629	1	1.42254	1	368.977	1	40.6412	1	0.1	275.253	304.103
615	41.07	1	319.629	1	1.42254	1	368.977	1	40.6412	1	0.316228	278.851	308.88
615	41.07	1	319.629	1	1.42254	1	368.977	1	40.6412	1	1	286.325	318.997
615	41.07	1	319.629	1	1.42254	1	368.977	1	40.6412	1	3.16228	296.274	332.736
615	41.07	1	319.629	1	1.42254	1	368.977	1	40.6412	1	10	305.159	343.982
615	41.07	1	319.629	1	1.42254	1	368.977	1	40.6412	1	31.6228	313.798	352.107
615	41.07	1	319.629	1	1.42254	1	368.977	1	40.6412	1	100	323.503	362.969
616	19.7791	1	189.298	1	0.935504	1	409.442	1	82.3598	1	0	273.249	301.462
616	19.7791	1	189.298	1	0.935504	1	409.442	1	82.3598	1	0.001	273.282	301.504
616	19.7791	1	189.298	1	0.935504	1	409.442	1	82.3598	1	0.00316228	273.352	301.596
616	19.7791	1	189.298	1	0.935504	1	409.442	1	82.3598	1	0.01	273.571	301.885
616	19.7791	1	189.298	1	0.935504	1	409.442	1	82.3598	1	0.0316228	274.245	302.771
616	19.7791	1	189.298	1	0.935504	1	409.442	1	82.3598	1	0.1	276.193	305.33
616	19.7791	1	189.298	1	0.935504	1	409.442	1	82.3598	1	0.316228	281.072	311.809
616	19.7791	1	189.298	1	0.935504	1	409.442	1	82.3598	1	1	289.852	323.744
616	19.7791	1	189.298	1	0.935504	1	409.442	1	82.3598	1	3.16228	299.593	336.864
616	19.7791	1	189.298	1	0.935504	1	409.442	1	82.3598	1	10	307.721	345.64
616	19.7791	1	189.298	1	0.935504	1	409.442	1	82.3598	1	31.6228	313.679	350.507
616	19.7791	1	189.298	1	0.935504	1	409.442	1	82.3598	1	100	318.306	355.896
617	26.9713	1	386.073	1	0.865016	1	155.33	1	76.3361	1	0	273.249	301.462
617	26.9713	1	386.073	1	0.865016	1	155.33	1	76.3361	1	0.001	273.285	301.508
617	26.9713	1	386.073	1	0.865016	1	155.33	1	76.3361	1	0.00316228	273.361	301.609
617	26.9713	1	386.073	1	0.865016	1	155.33	1	76.3361	1	0.01	273.6	301.924
617	26.9713	1	386.073	1	0.865016	1	155.33	1	76.3361	1	0.0316228	274.333	302.888
617	26.9713	1	386.073	1	0.865016	1	155.33	1	76.3361	1	0.1	276.439	305.658
617	26.9713	1	386.073	1	0.865016	1	155.33	1	76.3361	1	0.316228	281.647	312.603
617	26.9713	1	386.073	1	0.865016	1	155.33	1	76.3361	1	1	290.835	325.149
617	26.9713	1	386.073	1	0.865016	1	155.33	1	76.3361	1	3.16228	301.201	339.133
617	26.9713	1	386.073	1	0.865016	1	155.33	1	76.3361	1	10	311.656	350.759
617	26.9713	1	386.073	1	0.865016	1	155.33	1	76.3361	1	31.6228	327.214	365.319
617	26.9713	1	386.073	1	0.865016	1	155.33	1	76.3361	1	100	354.342	394.215
618	28.6789	1	334.406	1	1.0886	1	230.038	1	68.2231	1	0	273.249	301.462
618	28.6789	1	334.406	1	1.0886	1	230.038	1	68.2231	1	0.001	273.278	301.499
618	28.6789	1	334.406	1	1.0886	1	230.038	1	68.2231	1	0.00316228	273.338	301.578
618	28.6789	1	334.406	1	1.0886	1	230.038	1	68.2231	1	0.01	273.528	301.829
618	28.6789	1	334.406	1	1.0886	1	230.038	1	68.2231	1	0.0316228	274.115	302.6
618	28.6789	1	334.406	1	1.0886	1	230.038	1	68.2231	1	0.1	275.832	304.858
618	28.6789	1	334.406	1	1.0886	1	230.038	1	68.2231	1	0.316228	280.258	310.737
618	28.6789	1	334.406	1	1.0886	1	230.038	1	68.2231	1	1	288.722	322.213
618	28.6789	1	334.406	1	1.0886	1	230.038	1	68.2231	1	3.16228	299.005	336.181
618	28.6789	1	334.406	1	1.0886	1	230.038	1	68.2231	1	10	308.733	347.469
618	28.6789	1	334.406	1	1.0886	1	230.038	1	68.2231	1	31.6228	320.579	358.326
618	28.6789	1	334.406	1	1.0886	1	230.038	1	68.2231	1	100	338.464	377.465
619	17.6891	1	303.558	1	0.768633	1	237.818	1	38.8943	1	0	273.249	301.462
619	17.6891	1	303.558	1	0.768633	1	237.818	1	38.8943	1	0.001	273.289	301.514
619	17.6891	1	303.558	1	0.768633	1	237.818	1	38.8943	1	0.00316228	273.375	301.627
619	17.6891	1	303.558	1	0.768633	1	237.818	1	38.8943	1	0.01	273.643	301.979
619	17.6891	1	303.558	1	0.768633	1	237.818	1	38.8943	1	0.0316228	274.461	303.054
619	17.6891	1	303.558	1	0.768633	1	237.818	1	38.8943	1	0.1	276.786	306.104
619	17.6891	1	303.558	1	0.768633	1	237.818	1	38.8943	1	0.316228	282.398	313.584
619	17.6891	1	303.558	1	0.768633	1	237.818	1	38.8943	1	1	291.813	326.389
619	17.6891	1	303.558	1	0.768633	1	237.818	1	38.8943	1	3.16228	301.824	339.606
619	17.6891	1	303.558	1	0.768633	1	237.818	1	38.8943	1	10	311.209	349.303
619	17.6891	1	303.558	1	0.768633	1	237.818	1	38.8943	1	31.6228	320.878	358.685
619	17.6891	1	303.558	1	0.768633	1	237.818	1	38.8943	1	100	337.159	376.255
620	22.0546	1	628.894	1	3.37024	1	434.846	1	139.942	1	0	273.249	301.462
620	22.0546	1	628.894	1	3.37024	1	434.846	1	139.942	1	0.001	273.259	301.474
620	22.0546	1	628.894	1	3.37024	1	434.846	1	139.942	1	0.00316228	273.279	301.5
620	22.0546	1	628.894	1	3.37024	1	434.846	1	139.942	1	0.01	273.344	301.582
620	22.0546	1	628.894	1	3.37024	1	434.846	1	139.942	1	0.0316228	273.546	301.841
620	22.0546	1	628.894	1	3.37024	1	434.846	1	139.942	1	0.1	274.172	302.638
620	22.0546	1	628.894	1	3.37024	1	434.846	1	139.942	1	0.316228	276.007	304.969
620	22.0546	1	628.894	1	3.37024	1	434.846	1	139.942	1	1	280.774	311.037
620	22.0546	1	628.894	1	3.37024	1	434.846	1	139.942	1	3.16228	290.138	322.914
620	22.0546	1	628.894	1	3.37024	1	434.846	1	139.942	1	10	302.749	337.793
620	22.0546	1	628.894	1	3.37024	1	434.846	1	139.942	1	31.6228	314.996	350.892
620	22.0546	1	628.894	1	3.37024	1	434.846	1	139.942	1	100	327.561	365.303
621	21.9094	1	329.523	1	0.637577	1	705.953	1	58.5898	1	0	273.249	301.462
621	21.9094	1	329.523	1	0.637577	1	705.953	1	58.5898	1	0.001	273.297	301.524
621	21.9094	1	329.523	1	0.637577	1	705.953	1	58.5898	1	0.00316228	273.399	301.659
621	21.9094	1	329.523	1	0.637577	1	705.953	1	58.5898	1	0.01	273.718	302.081
621	21.9094	1	329.523	1	0.637577	1	705.953	1	58.5898	1	0.0316228	274.683	303.356
621	21.9094	1	329.523	1	0.637577	1	705.953	1	58.5898	1	0.1	277.376	306.915
621	21.9094	1	329.523	1	0.637577	1	705.953	1	58.5898	1	0.316228	283.554	315.251
621	21.9094	1	329.523	1	0.637577	1	705.953	1	58.5898	1	1	292.981	328.343
621	21.9094	1	329.523	1	0.637577	1	705.953	1	58.5898	1	3.16228	301.705	340.247
621	21.9094	1	329.523	1	0.637577	1	705.953	1	58.5898	1	10	308.492	347.203
621	21.9094	1	329.523	1	0.637577	1	705.953	1	58.5898	1	31.6228	313.606	350.926
621	21.9094	1	329.523	1	0.637577	1	705.953	1	58.5898	1	100	316.293	353.965
622	30.7388	1	369.166	1	1.9542	1	264.7	1	66.5108	1	0	273.249	301.462
622	30.7388	1	369.166	1	1.9542	1	264.7	1	66.5108	1	0.001	273.265	301.482
622	30.7388	1	369.166	1	1.9542	1	264.7	1	66.5108	1	0.00316228	273.299	301.527
622	30.7388	1	369.166	1	1.9542	1	264.7	1	66.5108	1	0.01	273.407	301.668
622	30.7388	1	369.166	1	1.9542	1	264.7	1	66.5108	1	0.0316228	273.743	302.107
622	30.7388	1	369.166	1	1.9542	1	264.7	1	66.5108	1	0.1	274.76	303.435
622	30.7388	1	369.166	1	1.9542	1	264.7	1	66.5108	1	0.316228	277.6	307.141
622	30.7388	1	369.166	1	1.9542	1	264.7	1	66.5108	1	1	284.143	315.795
622	30.7388	1	369.166	1	1.9542	1	264.7	1	66.5108	1	3.16228	294.446	329.527
622	30.7388	1	369.166	1	1.9542	1	264.7	1	66.5108	1	10	305.668	343.199
622	30.7388	1	369.166	1	1.9542	1	264.7	1	66.5108	1	31.6228	318.13	355.408
622	30.7388	1	369.166	1	1.9542	1	264.7	1	66.5108	1	100	334.751	373.427
623	15.7324	1	272.761	1	1.09273	1	195.06	1	60.1724	1	0	273.249	301.462
623	15.7324	1	272.761	1	1.09273	1	195.06	1	60.1724	1	0.001	273.278	301.499
623	15.7324	1	272.761	1	1.09273	1	195.06	1	60.1724	1	0.00316228	273.339	301.578
623	15.7324	1	272.761	1	1.09273	1	195.06	1	60.1724	1	0.01	273.53	301.828
623	15.7324	1	272.761	1	1.09273	1	195.06	1	60.1724	1	0.0316228	274.122	302.6
623	15.7324	1	272.761	1	1.09273	1	195.06	1	60.1724	1	0.1	275.856	304.857
623	15.7324	1	272.761	1	1.09273	1	195.06	1	60.1724	1	0.316228	280.343	310.746
623	15.7324	1	272.761	1	1.09273	1	195.06	1	60.1724	1	1	289.04	322.286
623	15.7324	1	272.761	1	1.09273	1	195.06	1	60.1724	1	3.16228	300.03	336.52
623	15.7324	1	272.761	1	1.09273	1	195.06	1	60.1724	1	10	311.26	348.471
623	15.7324	1	272.761	1	1.09273	1	195.06	1	60.1724	1	31.6228	322.902	360.349
623	15.7324	1	272.761	1	1.09273	1	195.06	1	60.1724	1	100	342.61	381.758
624	20.214	1	581.8	1	0.786611	1	466.962	1	42.438	1	0	273.249	301.462
624	20.214	1	581.8	1	0.786611	1	466.962	1	42.438	1	0.001	273.288	301.513
624	20.214	1	581.8	1	0.786611	1	466.962	1	42.438	1	0.00316228	273.372	301.623
624	20.214	1	581.8	1	0.786611	1	466.962	1	42.438	1	0.01	273.633	301.967
624	20.214	1	581.8	1	0.786611	1	466.962	1	42.438	1	0.0316228	274.431	303.017
624	20.214	1	581.8	1	0.786611	1	466.962	1	42.438	1	0.1	276.703	306.002
624	20.214	1	581.8	1	0.786611	1	466.962	1	42.438	1	0.316228	282.204	313.349
624	20.214	1	581.8	1	0.786611	1	466.962	1	42.438	1	1	291.462	325.999
624	20.214	1	581.8	1	0.786611	1	466.962	1	42.438	1	3.16228	301.15	338.998
624	20.214	1	581.8	1	0.786611	1	466.962	1	42.438	1	10	309.598	347.914
624	20.214	1	581.8	1	0.786611	1	466.962	1	42.438	1	31.6228	317.012	354.732
624	20.214	1	581.8	1	0.786611	1	466.962	1	42.438	1	100	326.642	365.184
625	21.7864	1	380.074	1	0.834119	1	289.295	1	71.7007	1	0	273.249	301.462
625	21.7864	1	380.074	1	0.834119	1	289.295	1	71.7007	1	0.001	273.286	301.51
625	21.7864	1	380.074	1	0.834119	1	289.295	1	71.7007	1	0.00316228	273.365	301.614
625	21.7864	1	380.074	1	0.834119	1	289.295	1	71.7007	1	0.01	273.612	301.938
625	21.7864	1	380.074	1	0.834119	1	289.295	1	71.7007	1	0.0316228	274.366	302.932
625	21.7864	1	380.074	1	0.834119	1	289.295	1	71.7007	1	0.1	276.529	305.774
625	21.7864	1	380.074	1	0.834119	1	289.295	1	71.7007	1	0.316228	281.831	312.846
625	21.7864	1	380.074	1	0.834119	1	289.295	1	71.7007	1	1	290.989	325.347
625	21.7864	1	380.074	1	0.834119	1	289.295	1	71.7007	1	3.16228	300.887	338.663
625	21.7864	1	380.074	1	0.834119	1	289.295	1	71.7007	1	10	309.924	348.377
625	21.7864	1	380.074	1	0.834119	1	289.295	1	71.7007	1	31.6228	319.745	357.246
625	21.7864	1	380.074	1	0.834119	1	289.295	1	71.7007	1	100	333.863	372.522
626	18.6803	1	782.928	1	1.78504	1	220.242	1	57.3007	1	0	273.249	301.462
626	18.6803	1	782.928	1	1.78504	1	220.242	1	57.3007	1	0.001	273.267	301.484
626	18.6803	1	782.928	1	1.78504	1	220.242	1	57.3007	1	0.00316228	273.305	301.534
626	18.6803	1	782.928	1	1.78504	1	220.242	1	57.3007	1	0.01	273.425	301.689
626	18.6803	1	782.928	1	1.78504	1	220.242	1	57.3007	1	0.0316228	273.8	302.173
626	18.6803	1	782.928	1	1.78504	1	220.242	1	57.3007	1	0.1	274.93	303.632
626	18.6803	1	782.928	1	1.78504	1	220.242	1	57.3007	1	0.316228	278.067	307.681
626	18.6803	1	782.928	1	1.78504	1	220.242	1	57.3007	1	1	285.181	316.924
626	18.6803	1	782.928	1	1.78504	1	220.242	1	57.3007	1	3.16228	296.325	331.275
626	18.6803	1	782.928	1	1.78504	1	220.242	1	57.3007	1	10	309.231	345.87
626	18.6803	1	782.928	1	1.78504	1	220.242	1	57.3007	1	31.6228	323.329	360.671
626	18.6803	1	782.928	1	1.78504	1	220.242	1	57.3007	1	100	346.255	385.787
627	24.8472	1	249.873	1	1.51493	1	1099.4	1	34.8044	1	0	273.249	301.462
627	24.8472	1	249.873	1	1.51493	1	1099.4	1	34.8044	1	0.001	273.27	301.488
627	24.8472	1	249.873	1	1.51493	1	1099.4	1	34.8044	1	0.00316228	273.313	301.545
627	24.8472	1	249.873	1	1.51493	1	1099.4	1	34.8044	1	0.01	273.449	301.724
627	24.8472	1	249.873	1	1.51493	1	1099.4	1	34.8044	1	0.0316228	273.873	302.279
627	24.8472	1	249.873	1	1.51493	1	1099.4	1	34.8044	1	0.1	275.138	303.938
627	24.8472	1	249.873	1	1.51493	1	1099.4	1	34.8044	1	0.316228	278.562	308.45
627	24.8472	1	249.873	1	1.51493	1	1099.4	1	34.8044	1	1	285.824	318.159
627	24.8472	1	249.873	1	1.51493	1	1099.4	1	34.8044	1	3.16228	295.698	331.516
627	24.8472	1	249.873	1	1.51493	1	1099.4	1	34.8044	1	10	304.277	341.82
627	24.8472	1	249.873	1	1.51493	1	1099.4	1	34.8044	1	31.6228	308.86	345.989
627	24.8472	1	249.873	1	1.51493	1	1099.4	1	34.8044	1	100	307.346	345.151
628	27.0636	1	533.337	1	0.778805	1	266.741	1	42.2365	1	0	273.249	301.462
628	27.0636	1	533.337	1	0.778805	1	266.741	1	42.2365	1	0.001	273.289	301.513
628	27.0636	1	533.337	1	0.778805	1	266.741	1	42.2365	1	0.00316228	273.373	301.624
628	27.0636	1	533.337	1	0.778805	1	266.741	1	42.2365	1	0.01	273.636	301.972
628	27.0636	1	533.337	1	0.778805	1	266.741	1	42.2365	1	0.0316228	274.441	303.034
628	27.0636	1	533.337	1	0.778805	1	266.741	1	42.2365	1	0.1	276.73	306.05
628	27.0636	1	533.337	1	0.778805	1	266.741	1	42.2365	1	0.316228	282.259	313.463
628	27.0636	1	533.337	1	0.778805	1	266.741	1	42.2365	1	1	291.521	326.21
628	27.0636	1	533.337	1	0.778805	1	266.741	1	42.2365	1	3.16228	301.2	339.419
628	27.0636	1	533.337	1	0.778805	1	266.741	1	42.2365	1	10	309.952	349.103
628	27.0636	1	533.337	1	0.778805	1	266.741	1	42.2365	1	31.6228	320.639	358.909
628	27.0636	1	533.337	1	0.778805	1	266.741	1	42.2365	1	100	338.059	377.457
629	18.471	1	188.586	1	1.25179	1	226.163	1	67.9578	1	0	273.249	301.462
629	18.471	1	188.586	1	1.25179	1	226.163	1	67.9578	1	0.001	273.274	301.494
629	18.471	1	188.586	1	1.25179	1	226.163	1	67.9578	1	0.00316228	273.327	301.563
629	18.471	1	188.586	1	1.25179	1	226.163	1	67.9578	1	0.01	273.493	301.781
629	18.471	1	188.586	1	1.25179	1	226.163	1	67.9578	1	0.0316228	274.008	302.454
629	18.471	1	188.586	1	1.25179	1	226.163	1	67.9578	1	0.1	275.532	304.442
629	18.471	1	188.586	1	1.25179	1	226.163	1	67.9578	1	0.316228	279.557	309.732
629	18.471	1	188.586	1	1.25179	1	226.163	1	67.9578	1	1	287.672	320.521
629	18.471	1	188.586	1	1.25179	1	226.163	1	67.9578	1	3.16228	298.287	334.515
629	18.471	1	188.586	1	1.25179	1	226.163	1	67.9578	1	10	308.7	346.019
629	18.471	1	188.586	1	1.25179	1	226.163	1	67.9578	1	31.6228	318.627	355.582
629	18.471	1	188.586	1	1.25179	1	226.163	1	67.9578	1	100	332.614	371.08
630	28.2685	1	399.938	1	0.826392	1	91.3139	1	170.189	1	0	273.249	301.462
630	28.2685	1	399.938	1	0.826392	1	91.3139	1	170.189	1	0.001	273.287	301.511
630	28.2685	1	399.938	1	0.826392	1	91.3139	1	170.189	1	0.00316228	273.367	301.617
630	28.2685	1	399.938	1	0.826392	1	91.3139	1	170.189	1	0.01	273.619	301.948
630	28.2685	1	399.938	1	0.826392	1	91.3139	1	170.189	1	0.0316228	274.391	302.963
630	28.2685	1	399.938	1	0.826392	1	91.3139	1	170.189	1	0.1	276.602	305.866
630	28.2685	1	399.938	1	0.826392	1	91.3139	1	170.189	1	0.316228	282.034	313.106
630	28.2685	1	399.938	1	0.826392	1	91.3139	1	170.189	1	1	291.563	326.079
630	28.2685	1	399.938	1	0.826392	1	91.3139	1	170.189	1	3.16228	302.644	340.84
630	28.2685	1	399.938	1	0.826392	1	91.3139	1	170.189	1	10	315.578	355.101
630	28.2685	1	399.938	1	0.826392	1	91.3139	1	170.189	1	31.6228	338.364	377.037
630	28.2685	1	399.938	1	0.826392	1	91.3139	1	170.189	1	100	380.786	422.018
631	24.5129	1	311.768	1	0.914201	1	446.569	1	57.6559	1	0	273.249	301.462
631	24.5129	1	311.768	1	0.914201	1	446.569	1	57.6559	1	0.001	273.283	301.505
631	24.5129	1	311.768	1	0.914201	1	446.569	1	57.6559	1	0.00316228	273.354	301.6
631	24.5129	1	311.768	1	0.914201	1	446.569	1	57.6559	1	0.01	273.579	301.896
631	24.5129	1	311.768	1	0.914201	1	446.569	1	57.6559	1	0.0316228	274.268	302.804
631	24.5129	1	311.768	1	0.914201	1	446.569	1	57.6559	1	0.1	276.256	305.421
631	24.5129	1	311.768	1	0.914201	1	446.569	1	57.6559	1	0.316228	281.212	312.027
631	24.5129	1	311.768	1	0.914201	1	446.569	1	57.6559	1	1	290.041	324.1
631	24.5129	1	311.768	1	0.914201	1	446.569	1	57.6559	1	3.16228	299.719	337.307
631	24.5129	1	311.768	1	0.914201	1	446.569	1	57.6559	1	10	307.833	346.38
631	24.5129	1	311.768	1	0.914201	1	446.569	1	57.6559	1	31.6228	315.09	352.428
631	24.5129	1	311.768	1	0.914201	1	446.569	1	57.6559	1	100	322.177	360.221
632	27.1705	1	337.71	1	1.0265	1	506.467	1	50.3895	1	0	273.249	301.462
632	27.1705	1	337.71	1	1.0265	1	506.467	1	50.3895	1	0.001	273.279	301.501
632	27.1705	1	337.71	1	1.0265	1	506.467	1	50.3895	1	0.00316228	273.343	301.585
632	27.1705	1	337.71	1	1.0265	1	506.467	1	50.3895	1	0.01	273.543	301.849
632	27.1705	1	337.71	1	1.0265	1	506.467	1	50.3895	1	0.0316228	274.16	302.661
632	27.1705	1	337.71	1	1.0265	1	506.467	1	50.3895	1	0.1	275.956	305.026
632	27.1705	1	337.71	1	1.0265	1	506.467	1	50.3895	1	0.316228	280.528	311.114
632	27.1705	1	337.71	1	1.0265	1	506.467	1	50.3895	1	1	289.035	322.705
632	27.1705	1	337.71	1	1.0265	1	506.467	1	50.3895	1	3.16228	298.816	336.107
632	27.1705	1	337.71	1	1.0265	1	506.467	1	50.3895	1	10	306.998	345.591
632	27.1705	1	337.71	1	1.0265	1	506.467	1	50.3895	1	31.6228	314.066	351.584
632	27.1705	1	337.71	1	1.0265	1	506.467	1	50.3895	1	100	320.363	358.542
633	27.7959	1	524.782	1	1.57844	1	587.026	1	57.523	1	0	273.249	301.462
633	27.7959	1	524.782	1	1.57844	1	587.026	1	57.523	1	0.001	273.269	301.487
633	27.7959	1	524.782	1	1.57844	1	587.026	1	57.523	1	0.00316228	273.311	301.542
633	27.7959	1	524.782	1	1.57844	1	587.026	1	57.523	1	0.01	273.443	301.715
633	27.7959	1	524.782	1	1.57844	1	587.026	1	57.523	1	0.0316228	273.853	302.252
633	27.7959	1	524.782	1	1.57844	1	587.026	1	57.523	1	0.1	275.082	303.861
633	27.7959	1	524.782	1	1.57844	1	587.026	1	57.523	1	0.316228	278.429	308.263
633	27.7959	1	524.782	1	1.57844	1	587.026	1	57.523	1	1	285.643	317.883
633	27.7959	1	524.782	1	1.57844	1	587.026	1	57.523	1	3.16228	295.839	331.61
633	27.7959	1	524.782	1	1.57844	1	587.026	1	57.523	1	10	305.6	343.339
633	27.7959	1	524.782	1	1.57844	1	587.026	1	57.523	1	31.6228	314.154	351.354
633	27.7959	1	524.782	1	1.57844	1	587.026	1	57.523	1	100	321.689	359.741
634	34.0789	1	233.682	1	1.19419	1	266.919	1	49.6891	1	0	273.249	301.462
634	34.0789	1	233.682	1	1.19419	1	266.919	1	49.6891	1	0.001	273.275	301.495
634	34.0789	1	233.682	1	1.19419	1	266.919	1	49.6891	1	0.00316228	273.33	301.568
634	34.0789	1	233.682	1	1.19419	1	266.919	1	49.6891	1	0.01	273.502	301.795
634	34.0789	1	233.682	1	1.19419	1	266.919	1	49.6891	1	0.0316228	274.036	302.498
634	34.0789	1	233.682	1	1.19419	1	266.919	1	49.6891	1	0.1	275.607	304.568
634	34.0789	1	233.682	1	1.19419	1	266.919	1	49.6891	1	0.316228	279.714	310.034
634	34.0789	1	233.682	1	1.19419	1	266.919	1	49.6891	1	1	287.782	320.998
634	34.0789	1	233.682	1	1.19419	1	266.919	1	49.6891	1	3.16228	297.788	334.779
634	34.0789	1	233.682	1	1.19419	1	266.919	1	49.6891	1	10	306.671	345.572
634	34.0789	1	233.682	1	1.19419	1	266.919	1	49.6891	1	31.6228	316.259	354.275
634	34.0789	1	233.682	1	1.19419	1	266.919	1	49.6891	1	100	328.743	368.031
635	41.4939	1	598.798	1	0.500412	1	386.658	1	57.212	1	0	273.249	301.462
635	41.4939	1	598.798	1	0.500412	1	386.658	1	57.212	1	0.001	273.31	301.542
635	41.4939	1	598.798	1	0.500412	1	386.658	1	57.212	1	0.00316228	273.439	301.714
635	41.4939	1	598.798	1	0.500412	1	386.658	1	57.212	1	0.01	273.842	302.248
635	41.4939	1	598.798	1	0.500412	1	386.658	1	57.212	1	0.0316228	275.048	303.847
635	41.4939	1	598.798	1	0.500412	1	386.658	1	57.212	1	0.1	278.322	308.22
635	41.4939	1	598.798	1	0.500412	1	386.658	1	57.212	1	0.316228	285.299	317.762
635	41.4939	1	598.798	1	0.500412	1	386.658	1	57.212	1	1	294.788	331.27
635	41.4939	1	598.798	1	0.500412	1	386.658	1	57.212	1	3.16228	302.636	342.391
635	41.4939	1	598.798	1	0.500412	1	386.658	1	57.212	1	10	308.756	349.251
635	41.4939	1	598.798	1	0.500412	1	386.658	1	57.212	1	31.6228	316.968	355.836
635	41.4939	1	598.798	1	0.500412	1	386.658	1	57.212	1	100	329.171	368.413
636	41.5206	1	324.999	1	0.615833	1	358.305	1	70.0794	1	0	273.249	301.462
636	41.5206	1	324.999	1	0.615833	1	358.305	1	70.0794	1	0.001	273.298	301.527
636	41.5206	1	324.999	1	0.615833	1	358.305	1	70.0794	1	0.00316228	273.404	301.666
636	41.5206	1	324.999	1	0.615833	1	358.305	1	70.0794	1	0.01	273.733	302.102
636	41.5206	1	324.999	1	0.615833	1	358.305	1	70.0794	1	0.0316228	274.727	303.42
636	41.5206	1	324.999	1	0.615833	1	358.305	1	70.0794	1	0.1	277.489	307.091
636	41.5206	1	324.999	1	0.615833	1	358.305	1	70.0794	1	0.316228	283.752	315.605
636	41.5206	1	324.999	1	0.615833	1	358.305	1	70.0794	1	1	293.106	328.796
636	41.5206	1	324.999	1	0.615833	1	358.305	1	70.0794	1	3.16228	301.492	340.713
636	41.5206	1	324.999	1	0.615833	1	358.305	1	70.0794	1	10	307.807	348.072
636	41.5206	1	324.999	1	0.615833	1	358.305	1	70.0794	1	31.6228	315.472	354.144
636	41.5206	1	324.999	1	0.615833	1	358.305	1	70.0794	1	100	325.933	364.718
637	29.5225	1	343.978	1	1.64318	1	409.566	1	75.6153	1	0	273.249	301.462
637	29.5225	1	343.978	1	1.64318	1	409.566	1	75.6153	1	0.001	273.268	301.486
637	29.5225	1	343.978	1	1.64318	1	409.566	1	75.6153	1	0.00316228	273.308	301.539
637	29.5225	1	343.978	1	1.64318	1	409.566	1	75.6153	1	0.01	273.435	301.705
637	29.5225	1	343.978	1	1.64318	1	409.566	1	75.6153	1	0.0316228	273.829	302.221
637	29.5225	1	343.978	1	1.64318	1	409.566	1	75.6153	1	0.1	275.011	303.771
637	29.5225	1	343.978	1	1.64318	1	409.566	1	75.6153	1	0.316228	278.247	308.027
637	29.5225	1	343.978	1	1.64318	1	409.566	1	75.6153	1	1	285.307	317.441
637	29.5225	1	343.978	1	1.64318	1	409.566	1	75.6153	1	3.16228	295.471	331.153
637	29.5225	1	343.978	1	1.64318	1	409.566	1	75.6153	1	10	305.372	343.174
637	29.5225	1	343.978	1	1.64318	1	409.566	1	75.6153	1	31.6228	314.777	351.888
637	29.5225	1	343.978	1	1.64318	1	409.566	1	75.6153	1	100	324.27	362.248
638	30.1338	1	578.865	1	1.50084	1	239.599	1	71.7785	1	0	273.249	301.462
638	30.1338	1	578.865	1	1.50084	1	239.599	1	71.7785	1	0.001	273.27	301.489
638	30.1338	1	578.865	1	1.50084	1	239.599	1	71.7785	1	0.00316228	273.314	301.547
638	30.1338	1	578.865	1	1.50084	1	239.599	1	71.7785	1	0.01	273.454	301.73
638	30.1338	1	578.865	1	1.50084	1	239.599	1	71.7785	1	0.0316228	273.888	302.298
638	30.1338	1	578.865	1	1.50084	1	239.599	1	71.7785	1	0.1	275.185	303.996
638	30.1338	1	578.865	1	1.50084	1	239.599	1	71.7785	1	0.316228	278.702	308.623
638	30.1338	1	578.865	1	1.50084	1	239.599	1	71.7785	1	1	286.204	318.635
638	30.1338	1	578.865	1	1.50084	1	239.599	1	71.7785	1	3.16228	296.825	332.885
638	30.1338	1	578.865	1	1.50084	1	239.599	1	71.7785	1	10	307.848	346.012
638	30.1338	1	578.865	1	1.50084	1	239.599	1	71.7785	1	31.6228	321.252	358.916
638	30.1338	1	578.865	1	1.50084	1	239.599	1	71.7785	1	100	341.631	380.756
639	35.9472	1	347.131	1	0.772761	1	201.753	1	44.5366	1	0	273.249	301.462
639	35.9472	1	347.131	1	0.772761	1	201.753	1	44.5366	1	0.001	273.289	301.514
639	35.9472	1	347.131	1	0.772761	1	201.753	1	44.5366	1	0.00316228	273.374	301.626
639	35.9472	1	347.131	1	0.772761	1	201.753	1	44.5366	1	0.01	273.639	301.976
639	35.9472	1	347.131	1	0.772761	1	201.753	1	44.5366	1	0.0316228	274.448	303.045
639	35.9472	1	347.131	1	0.772761	1	201.753	1	44.5366	1	0.1	276.747	306.081
639	35.9472	1	347.131	1	0.772761	1	201.753	1	44.5366	1	0.316228	282.285	313.534
639	35.9472	1	347.131	1	0.772761	1	201.753	1	44.5366	1	1	291.514	326.32
639	35.9472	1	347.131	1	0.772761	1	201.753	1	44.5366	1	3.16228	301.074	339.576
639	35.9472	1	347.131	1	0.772761	1	201.753	1	44.5366	1	10	309.636	349.478
639	35.9472	1	347.131	1	0.772761	1	201.753	1	44.5366	1	31.6228	321.623	360.422
639	35.9472	1	347.131	1	0.772761	1	201.753	1	44.5366	1	100	341.966	382.147
640	22.1822	1	546.955	1	0.681479	1	430.985	1	39.798	1	0	273.249	301.462
640	22.1822	1	546.955	1	0.681479	1	430.985	1	39.798	1	0.001	273.294	301.52
640	22.1822	1	546.955	1	0.681479	1	430.985	1	39.798	1	0.00316228	273.39	301.647
640	22.1822	1	546.955	1	0.681479	1	430.985	1	39.798	1	0.01	273.69	302.043
640	22.1822	1	546.955	1	0.681479	1	430.985	1	39.798	1	0.0316228	274.601	303.244
640	22.1822	1	546.955	1	0.681479	1	430.985	1	39.798	1	0.1	277.157	306.614
640	22.1822	1	546.955	1	0.681479	1	430.985	1	39.798	1	0.316228	283.139	314.656
640	22.1822	1	546.955	1	0.681479	1	430.985	1	39.798	1	1	292.592	327.715
640	22.1822	1	546.955	1	0.681479	1	430.985	1	39.798	1	3.16228	301.811	340.201
640	22.1822	1	546.955	1	0.681479	1	430.985	1	39.798	1	10	309.7	348.458
640	22.1822	1	546.955	1	0.681479	1	430.985	1	39.798	1	31.6228	317.226	355.171
640	22.1822	1	546.955	1	0.681479	1	430.985	1	39.798	1	100	327.55	366.168
641	19.8469	1	1654.74	1	1.24649	1	159.719	1	59.6552	1	0	273.249	301.462
641	19.8469	1	1654.74	1	1.24649	1	159.719	1	59.6552	1	0.001	273.275	301.494
641	19.8469	1	1654.74	1	1.24649	1	159.719	1	59.6552	1	0.00316228	273.329	301.565
641	19.8469	1	1654.74	1	1.24649	1	159.719	1	59.6552	1	0.01	273.499	301.787
641	19.8469	1	1654.74	1	1.24649	1	159.719	1	59.6552	1	0.0316228	274.025	302.472
641	19.8469	1	1654.74	1	1.24649	1	159.719	1	59.6552	1	0.1	275.583	304.499
641	19.8469	1	1654.74	1	1.24649	1	159.719	1	59.6552	1	0.316228	279.71	309.902
641	19.8469	1	1654.74	1	1.24649	1	159.719	1	59.6552	1	1	288.101	321.002
641	19.8469	1	1654.74	1	1.24649	1	159.719	1	59.6552	1	3.16228	299.542	335.908
641	19.8469	1	1654.74	1	1.24649	1	159.719	1	59.6552	1	10	312.415	350.111
641	19.8469	1	1654.74	1	1.24649	1	159.719	1	59.6552	1	31.6228	329.475	367.594
641	19.8469	1	1654.74	1	1.24649	1	159.719	1	59.6552	1	100	361.15	401.877
642	24.3294	1	389.895	1	0.786706	1	123.515	1	62.3284	1	0	273.249	301.462
642	24.3294	1	389.895	1	0.786706	1	123.515	1	62.3284	1	0.001	273.288	301.513
642	24.3294	1	389.895	1	0.786706	1	123.515	1	62.3284	1	0.00316228	273.373	301.624
642	24.3294	1	389.895	1	0.786706	1	123.515	1	62.3284	1	0.01	273.636	301.97
642	24.3294	1	389.895	1	0.786706	1	123.515	1	62.3284	1	0.0316228	274.44	303.028
642	24.3294	1	389.895	1	0.786706	1	123.515	1	62.3284	1	0.1	276.732	306.04
642	24.3294	1	389.895	1	0.786706	1	123.515	1	62.3284	1	0.316228	282.3	313.473
642	24.3294	1	389.895	1	0.786706	1	123.515	1	62.3284	1	1	291.803	326.439
642	24.3294	1	389.895	1	0.786706	1	123.515	1	62.3284	1	3.16228	302.359	340.52
642	24.3294	1	389.895	1	0.786706	1	123.515	1	62.3284	1	10	313.751	352.851
642	24.3294	1	389.895	1	0.786706	1	123.515	1	62.3284	1	31.6228	331.745	370.091
642	24.3294	1	389.895	1	0.786706	1	123.515	1	62.3284	1	100	364.77	405.365
643	29.2429	1	284.109	1	0.81774	1	265.812	1	70.3466	1	0	273.249	301.462
643	29.2429	1	284.109	1	0.81774	1	265.812	1	70.3466	1	0.001	273.287	301.511
643	29.2429	1	284.109	1	0.81774	1	265.812	1	70.3466	1	0.00316228	273.367	301.616
643	29.2429	1	284.109	1	0.81774	1	265.812	1	70.3466	1	0.01	273.617	301.947
643	29.2429	1	284.109	1	0.81774	1	265.812	1	70.3466	1	0.0316228	274.382	302.958
643	29.2429	1	284.109	1	0.81774	1	265.812	1	70.3466	1	0.1	276.57	305.843
643	29.2429	1	284.109	1	0.81774	1	265.812	1	70.3466	1	0.316228	281.903	312.996
643	29.2429	1	284.109	1	0.81774	1	265.812	1	70.3466	1	1	290.986	325.519
643	29.2429	1	284.109	1	0.81774	1	265.812	1	70.3466	1	3.16228	300.53	338.663
643	29.2429	1	284.109	1	0.81774	1	265.812	1	70.3466	1	10	308.765	347.987
643	29.2429	1	284.109	1	0.81774	1	265.812	1	70.3466	1	31.6228	318.645	356.449
643	29.2429	1	284.109	1	0.81774	1	265.812	1	70.3466	1	100	332.679	371.399
644	20.772	1	227.882	1	0.880719	1	300.92	1	66.6225	1	0	273.249	301.462
644	20.772	1	227.882	1	0.880719	1	300.92	1	66.6225	1	0.001	273.284	301.507
644	20.772	1	227.882	1	0.880719	1	300.92	1	66.6225	1	0.00316228	273.359	301.605
644	20.772	1	227.882	1	0.880719	1	300.92	1	66.6225	1	0.01	273.592	301.912
644	20.772	1	227.882	1	0.880719	1	300.92	1	66.6225	1	0.0316228	274.307	302.854
644	20.772	1	227.882	1	0.880719	1	300.92	1	66.6225	1	0.1	276.365	305.558
644	20.772	1	227.882	1	0.880719	1	300.92	1	66.6225	1	0.316228	281.466	312.348
644	20.772	1	227.882	1	0.880719	1	300.92	1	66.6225	1	1	290.451	324.591
644	20.772	1	227.882	1	0.880719	1	300.92	1	66.6225	1	3.16228	300.29	337.837
644	20.772	1	227.882	1	0.880719	1	300.92	1	66.6225	1	10	308.936	347.156
644	20.772	1	227.882	1	0.880719	1	300.92	1	66.6225	1	31.6228	317.142	354.341
644	20.772	1	227.882	1	0.880719	1	300.92	1	66.6225	1	100	327.338	365.551
645	28.1848	1	671.139	1	1.14011	1	343.976	1	74.4958	1	0	273.249	301.462
645	28.1848	1	671.139	1	1.14011	1	343.976	1	74.4958	1	0.001	273.276	301.497
645	28.1848	1	671.139	1	1.14011	1	343.976	1	74.4958	1	0.00316228	273.334	301.573
645	28.1848	1	671.139	1	1.14011	1	343.976	1	74.4958	1	0.01	273.516	301.812
645	28.1848	1	671.139	1	1.14011	1	343.976	1	74.4958	1	0.0316228	274.077	302.55
645	28.1848	1	671.139	1	1.14011	1	343.976	1	74.4958	1	0.1	275.726	304.716
645	28.1848	1	671.139	1	1.14011	1	343.976	1	74.4958	1	0.316228	280.01	310.398
645	28.1848	1	671.139	1	1.14011	1	343.976	1	74.4958	1	1	288.326	321.644
645	28.1848	1	671.139	1	1.14011	1	343.976	1	74.4958	1	3.16228	298.589	335.565
645	28.1848	1	671.139	1	1.14011	1	343.976	1	74.4958	1	10	308.164	346.693
645	28.1848	1	671.139	1	1.14011	1	343.976	1	74.4958	1	31.6228	318.832	356.451
645	28.1848	1	671.139	1	1.14011	1	343.976	1	74.4958	1	100	333.406	372.119
646	28.765	1	408.917	1	0.534505	1	303.353	1	73.7221	1	0	273.249	301.462
646	28.765	1	408.917	1	0.534505	1	303.353	1	73.7221	1	0.001	273.306	301.537
646	28.765	1	408.917	1	0.534505	1	303.353	1	73.7221	1	0.00316228	273.428	301.698
646	28.765	1	408.917	1	0.534505	1	303.353	1	73.7221	1	0.01	273.806	302.199
646	28.765	1	408.917	1	0.534505	1	303.353	1	73.7221	1	0.0316228	274.944	303.705
646	28.765	1	408.917	1	0.534505	1	303.353	1	73.7221	1	0.1	278.059	307.85
646	28.765	1	408.917	1	0.534505	1	303.353	1	73.7221	1	0.316228	284.844	317.075
646	28.765	1	408.917	1	0.534505	1	303.353	1	73.7221	1	1	294.432	330.571
646	28.765	1	408.917	1	0.534505	1	303.353	1	73.7221	1	3.16228	302.808	342.127
646	28.765	1	408.917	1	0.534505	1	303.353	1	73.7221	1	10	309.937	349.643
646	28.765	1	408.917	1	0.534505	1	303.353	1	73.7221	1	31.6228	319.314	357.291
646	28.765	1	408.917	1	0.534505	1	303.353	1	73.7221	1	100	333.048	371.763
647	22.6378	1	1208.16	1	0.802956	1	193.636	1	96.5575	1	0	273.249	301.462
647	22.6378	1	1208.16	1	0.802956	1	193.636	1	96.5575	1	0.001	273.288	301.512
647	22.6378	1	1208.16	1	0.802956	1	193.636	1	96.5575	1	0.00316228	273.37	301.62
647	22.6378	1	1208.16	1	0.802956	1	193.636	1	96.5575	1	0.01	273.627	301.959
647	22.6378	1	1208.16	1	0.802956	1	193.636	1	96.5575	1	0.0316228	274.415	302.994
647	22.6378	1	1208.16	1	0.802956	1	193.636	1	96.5575	1	0.1	276.663	305.947
647	22.6378	1	1208.16	1	0.802956	1	193.636	1	96.5575	1	0.316228	282.141	313.252
647	22.6378	1	1208.16	1	0.802956	1	193.636	1	96.5575	1	1	291.53	326.048
647	22.6378	1	1208.16	1	0.802956	1	193.636	1	96.5575	1	3.16228	301.848	339.812
647	22.6378	1	1208.16	1	0.802956	1	193.636	1	96.5575	1	10	312.343	351.053
647	22.6378	1	1208.16	1	0.802956	1	193.636	1	96.5575	1	31.6228	326.817	364.921
647	22.6378	1	1208.16	1	0.802956	1	193.636	1	96.5575	1	100	353.074	393.169
648	39.131	1	276.479	1	0.27725	1	182.603	1	57.1012	1	0	273.249	301.462
648	39.131	1	276.479	1	0.27725	1	182.603	1	57.1012	1	0.001	273.358	301.606
648	39.131	1	276.479	1	0.27725	1	182.603	1	57.1012	1	0.00316228	273.59	301.914
648	39.131	1	276.479	1	0.27725	1	182.603	1	57.1012	1	0.01	274.301	302.858
648	39.131	1	276.479	1	0.27725	1	182.603	1	57.1012	1	0.0316228	276.343	305.57
648	39.131	1	276.479	1	0.27725	1	182.603	1	57.1012	1	0.1	281.37	312.365
648	39.131	1	276.479	1	0.27725	1	182.603	1	57.1012	1	0.316228	290.064	324.56
648	39.131	1	276.479	1	0.27725	1	182.603	1	57.1012	1	1	298.972	337.566
648	39.131	1	276.479	1	0.27725	1	182.603	1	57.1012	1	3.16228	305.228	346.223
648	39.131	1	276.479	1	0.27725	1	182.603	1	57.1012	1	10	311.247	352.308
648	39.131	1	276.479	1	0.27725	1	182.603	1	57.1012	1	31.6228	322.538	361.797
648	39.131	1	276.479	1	0.27725	1	182.603	1	57.1012	1	100	343.366	383.569
649	20.3453	1	793.336	1	0.615658	1	190.961	1	58.8406	1	0	273.249	301.462
649	20.3453	1	793.336	1	0.615658	1	190.961	1	58.8406	1	0.001	273.299	301.527
649	20.3453	1	793.336	1	0.615658	1	190.961	1	58.8406	1	0.00316228	273.406	301.668
649	20.3453	1	793.336	1	0.615658	1	190.961	1	58.8406	1	0.01	273.739	302.106
649	20.3453	1	793.336	1	0.615658	1	190.961	1	58.8406	1	0.0316228	274.746	303.433
649	20.3453	1	793.336	1	0.615658	1	190.961	1	58.8406	1	0.1	277.549	307.133
649	20.3453	1	793.336	1	0.615658	1	190.961	1	58.8406	1	0.316228	283.944	315.734
649	20.3453	1	793.336	1	0.615658	1	190.961	1	58.8406	1	1	293.731	329.211
649	20.3453	1	793.336	1	0.615658	1	190.961	1	58.8406	1	3.16228	303.405	342.028
649	20.3453	1	793.336	1	0.615658	1	190.961	1	58.8406	1	10	313.196	352.005
649	20.3453	1	793.336	1	0.615658	1	190.961	1	58.8406	1	31.6228	326.669	364.922
649	20.3453	1	793.336	1	0.615658	1	190.961	1	58.8406	1	100	351.875	391.982
650	27.3635	1	381.217	1	0.759365	1	133.185	1	49.761	1	0	273.249	301.462
650	27.3635	1	381.217	1	0.759365	1	133.185	1	49.761	1	0.001	273.29	301.515
650	27.3635	1	381.217	1	0.759365	1	133.185	1	49.761	1	0.00316228	273.377	301.629
650	27.3635	1	381.217	1	0.759365	1	133.185	1	49.761	1	0.01	273.648	301.987
650	27.3635	1	381.217	1	0.759365	1	133.185	1	49.761	1	0.0316228	274.477	303.08
650	27.3635	1	381.217	1	0.759365	1	133.185	1	49.761	1	0.1	276.831	306.178
650	27.3635	1	381.217	1	0.759365	1	133.185	1	49.761	1	0.316228	282.497	313.769
650	27.3635	1	381.217	1	0.759365	1	133.185	1	49.761	1	1	291.99	326.798
650	27.3635	1	381.217	1	0.759365	1	133.185	1	49.761	1	3.16228	302.235	340.609
650	27.3635	1	381.217	1	0.759365	1	133.185	1	49.761	1	10	312.868	352.289
650	27.3635	1	381.217	1	0.759365	1	133.185	1	49.761	1	31.6228	329.624	368.248
650	27.3635	1	381.217	1	0.759365	1	133.185	1	49.761	1	100	360.588	401.186
651	30.1132	1	333.295	1	0.947889	1	376.846	1	49.8993	1	0	273.249	301.462
651	30.1132	1	333.295	1	0.947889	1	376.846	1	49.8993	1	0.001	273.281	301.504
651	30.1132	1	333.295	1	0.947889	1	376.846	1	49.8993	1	0.00316228	273.351	301.595
651	30.1132	1	333.295	1	0.947889	1	376.846	1	49.8993	1	0.01	273.567	301.881
651	30.1132	1	333.295	1	0.947889	1	376.846	1	49.8993	1	0.0316228	274.232	302.759
651	30.1132	1	333.295	1	0.947889	1	376.846	1	49.8993	1	0.1	276.158	305.297
651	30.1132	1	333.295	1	0.947889	1	376.846	1	49.8993	1	0.316228	280.986	311.739
651	30.1132	1	333.295	1	0.947889	1	376.846	1	49.8993	1	1	289.701	323.695
651	30.1132	1	333.295	1	0.947889	1	376.846	1	49.8993	1	3.16228	299.387	337.053
651	30.1132	1	333.295	1	0.947889	1	376.846	1	49.8993	1	10	307.505	346.513
651	30.1132	1	333.295	1	0.947889	1	376.846	1	49.8993	1	31.6228	315.732	353.58
651	30.1132	1	333.295	1	0.947889	1	376.846	1	49.8993	1	100	325.357	364.039
652	48.6089	1	339.837	1	1.38923	1	279.86	1	40.9838	1	0	273.249	301.462
652	48.6089	1	339.837	1	1.38923	1	279.86	1	40.9838	1	0.001	273.271	301.491
652	48.6089	1	339.837	1	1.38923	1	279.86	1	40.9838	1	0.00316228	273.319	301.553
652	48.6089	1	339.837	1	1.38923	1	279.86	1	40.9838	1	0.01	273.468	301.75
652	48.6089	1	339.837	1	1.38923	1	279.86	1	40.9838	1	0.0316228	273.929	302.358
652	48.6089	1	339.837	1	1.38923	1	279.86	1	40.9838	1	0.1	275.301	304.169
652	48.6089	1	339.837	1	1.38923	1	279.86	1	40.9838	1	0.316228	278.972	309.05
652	48.6089	1	339.837	1	1.38923	1	279.86	1	40.9838	1	1	286.546	319.33
652	48.6089	1	339.837	1	1.38923	1	279.86	1	40.9838	1	3.16228	296.58	333.245
652	48.6089	1	339.837	1	1.38923	1	279.86	1	40.9838	1	10	305.711	344.928
652	48.6089	1	339.837	1	1.38923	1	279.86	1	40.9838	1	31.6228	315.792	354.72
652	48.6089	1	339.837	1	1.38923	1	279.86	1	40.9838	1	100	330.031	370.229
653	30.0211	1	408.996	1	1.53322	1	793.662	1	68.4075	1	0	273.249	301.462
653	30.0211	1	408.996	1	1.53322	1	793.662	1	68.4075	1	0.001	273.269	301.488
653	30.0211	1	408.996	1	1.53322	1	793.662	1	68.4075	1	0.00316228	273.312	301.544
653	30.0211	1	408.996	1	1.53322	1	793.662	1	68.4075	1	0.01	273.447	301.722
653	30.0211	1	408.996	1	1.53322	1	793.662	1	68.4075	1	0.0316228	273.867	302.273
653	30.0211	1	408.996	1	1.53322	1	793.662	1	68.4075	1	0.1	275.121	303.919
653	30.0211	1	408.996	1	1.53322	1	793.662	1	68.4075	1	0.316228	278.522	308.406
653	30.0211	1	408.996	1	1.53322	1	793.662	1	68.4075	1	1	285.765	318.115
653	30.0211	1	408.996	1	1.53322	1	793.662	1	68.4075	1	3.16228	295.748	331.679
653	30.0211	1	408.996	1	1.53322	1	793.662	1	68.4075	1	10	304.81	342.747
653	30.0211	1	408.996	1	1.53322	1	793.662	1	68.4075	1	31.6228	312.139	349.244
653	30.0211	1	408.996	1	1.53322	1	793.662	1	68.4075	1	100	316.04	353.666
654	29.1889	1	219.466	1	0.864357	1	187.805	1	109.716	1	0	273.249	301.462
654	29.1889	1	219.466	1	0.864357	1	187.805	1	109.716	1	0.001	273.285	301.508
654	29.1889	1	219.466	1	0.864357	1	187.805	1	109.716	1	0.00316228	273.36	301.608
654	29.1889	1	219.466	1	0.864357	1	187.805	1	109.716	1	0.01	273.598	301.922
654	29.1889	1	219.466	1	0.864357	1	187.805	1	109.716	1	0.0316228	274.326	302.882
654	29.1889	1	219.466	1	0.864357	1	187.805	1	109.716	1	0.1	276.416	305.637
654	29.1889	1	219.466	1	0.864357	1	187.805	1	109.716	1	0.316228	281.574	312.537
654	29.1889	1	219.466	1	0.864357	1	187.805	1	109.716	1	1	290.594	324.93
654	29.1889	1	219.466	1	0.864357	1	187.805	1	109.716	1	3.16228	300.447	338.43
654	29.1889	1	219.466	1	0.864357	1	187.805	1	109.716	1	10	309.443	348.644
654	29.1889	1	219.466	1	0.864357	1	187.805	1	109.716	1	31.6228	321.554	359.312
654	29.1889	1	219.466	1	0.864357	1	187.805	1	109.716	1	100	340.778	379.558
655	38.1763	1	225.571	1	0.512947	1	156.859	1	40.1041	1	0	273.249	301.462
655	38.1763	1	225.571	1	0.512947	1	156.859	1	40.1041	1	0.001	273.308	301.54
655	38.1763	1	225.571	1	0.512947	1	156.859	1	40.1041	1	0.00316228	273.435	301.708
655	38.1763	1	225.571	1	0.512947	1	156.859	1	40.1041	1	0.01	273.829	302.23
655	38.1763	1	225.571	1	0.512947	1	156.859	1	40.1041	1	0.0316228	275.011	303.797
655	38.1763	1	225.571	1	0.512947	1	156.859	1	40.1041	1	0.1	278.232	308.092
655	38.1763	1	225.571	1	0.512947	1	156.859	1	40.1041	1	0.316228	285.162	317.548
655	38.1763	1	225.571	1	0.512947	1	156.859	1	40.1041	1	1	294.791	331.186
655	38.1763	1	225.571	1	0.512947	1	156.859	1	40.1041	1	3.16228	303.188	342.916
655	38.1763	1	225.571	1	0.512947	1	156.859	1	40.1041	1	10	310.757	351.332
655	38.1763	1	225.571	1	0.512947	1	156.859	1	40.1041	1	31.6228	323.238	362.545
655	38.1763	1	225.571	1	0.512947	1	156.859	1	40.1041	1	100	345.613	386.729
656	35.3828	1	463.022	1	1.14506	1	492.848	1	50.5844	1	0	273.249	301.462
656	35.3828	1	463.022	1	1.14506	1	492.848	1	50.5844	1	0.001	273.276	301.497
656	35.3828	1	463.022	1	1.14506	1	492.848	1	50.5844	1	0.00316228	273.333	301.572
656	35.3828	1	463.022	1	1.14506	1	492.848	1	50.5844	1	0.01	273.513	301.809
656	35.3828	1	463.022	1	1.14506	1	492.848	1	50.5844	1	0.0316228	274.068	302.542
656	35.3828	1	463.022	1	1.14506	1	492.848	1	50.5844	1	0.1	275.698	304.691
656	35.3828	1	463.022	1	1.14506	1	492.848	1	50.5844	1	0.316228	279.928	310.326
656	35.3828	1	463.022	1	1.14506	1	492.848	1	50.5844	1	1	288.099	321.461
656	35.3828	1	463.022	1	1.14506	1	492.848	1	50.5844	1	3.16228	297.95	335.082
656	35.3828	1	463.022	1	1.14506	1	492.848	1	50.5844	1	10	306.305	345.265
656	35.3828	1	463.022	1	1.14506	1	492.848	1	50.5844	1	31.6228	314.333	352.332
656	35.3828	1	463.022	1	1.14506	1	492.848	1	50.5844	1	100	322.789	361.434
657	28.6399	1	925.766	1	1.00828	1	593.829	1	94.4286	1	0	273.249	301.462
657	28.6399	1	925.766	1	1.00828	1	593.829	1	94.4286	1	0.001	273.28	301.501
657	28.6399	1	925.766	1	1.00828	1	593.829	1	94.4286	1	0.00316228	273.345	301.587
657	28.6399	1	925.766	1	1.00828	1	593.829	1	94.4286	1	0.01	273.549	301.857
657	28.6399	1	925.766	1	1.00828	1	593.829	1	94.4286	1	0.0316228	274.178	302.685
657	28.6399	1	925.766	1	1.00828	1	593.829	1	94.4286	1	0.1	276.007	305.093
657	28.6399	1	925.766	1	1.00828	1	593.829	1	94.4286	1	0.316228	280.65	311.275
657	28.6399	1	925.766	1	1.00828	1	593.829	1	94.4286	1	1	289.242	322.986
657	28.6399	1	925.766	1	1.00828	1	593.829	1	94.4286	1	3.16228	299.12	336.505
657	28.6399	1	925.766	1	1.00828	1	593.829	1	94.4286	1	10	307.648	346.36
657	28.6399	1	925.766	1	1.00828	1	593.829	1	94.4286	1	31.6228	316.177	353.685
657	28.6399	1	925.766	1	1.00828	1	593.829	1	94.4286	1	100	325.248	363.505
658	20.6797	1	311.19	1	1.66298	1	393.821	1	51.0155	1	0	273.249	301.462
658	20.6797	1	311.19	1	1.66298	1	393.821	1	51.0155	1	0.001	273.268	301.486
658	20.6797	1	311.19	1	1.66298	1	393.821	1	51.0155	1	0.00316228	273.308	301.538
658	20.6797	1	311.19	1	1.66298	1	393.821	1	51.0155	1	0.01	273.434	301.703
658	20.6797	1	311.19	1	1.66298	1	393.821	1	51.0155	1	0.0316228	273.827	302.214
658	20.6797	1	311.19	1	1.66298	1	393.821	1	51.0155	1	0.1	275.007	303.749
658	20.6797	1	311.19	1	1.66298	1	393.821	1	51.0155	1	0.316228	278.246	307.973
658	20.6797	1	311.19	1	1.66298	1	393.821	1	51.0155	1	1	285.372	317.355
658	20.6797	1	311.19	1	1.66298	1	393.821	1	51.0155	1	3.16228	295.829	331.135
658	20.6797	1	311.19	1	1.66298	1	393.821	1	51.0155	1	10	306.431	343.378
658	20.6797	1	311.19	1	1.66298	1	393.821	1	51.0155	1	31.6228	315.265	352.119
658	20.6797	1	311.19	1	1.66298	1	393.821	1	51.0155	1	100	324.426	362.438
659	33.0741	1	236.491	1	1.36969	1	299.181	1	64.9215	1	0	273.249	301.462
659	33.0741	1	236.491	1	1.36969	1	299.181	1	64.9215	1	0.001	273.272	301.491
659	33.0741	1	236.491	1	1.36969	1	299.181	1	64.9215	1	0.00316228	273.32	301.554
659	33.0741	1	236.491	1	1.36969	1	299.181	1	64.9215	1	0.01	273.47	301.753
659	33.0741	1	236.491	1	1.36969	1	299.181	1	64.9215	1	0.0316228	273.938	302.368
659	33.0741	1	236.491	1	1.36969	1	299.181	1	64.9215	1	0.1	275.327	304.196
659	33.0741	1	236.491	1	1.36969	1	299.181	1	64.9215	1	0.316228	279.036	309.113
659	33.0741	1	236.491	1	1.36969	1	299.181	1	64.9215	1	1	286.664	319.41
659	33.0741	1	236.491	1	1.36969	1	299.181	1	64.9215	1	3.16228	296.728	333.187
659	33.0741	1	236.491	1	1.36969	1	299.181	1	64.9215	1	10	305.917	344.425
659	33.0741	1	236.491	1	1.36969	1	299.181	1	64.9215	1	31.6228	315.34	352.97
659	33.0741	1	236.491	1	1.36969	1	299.181	1	64.9215	1	100	326.414	364.991
660	38.8437	1	233.755	1	0.689562	1	213.702	1	60.2114	1	0	273.249	301.462
660	38.8437	1	233.755	1	0.689562	1	213.702	1	60.2114	1	0.001	273.293	301.52
660	38.8437	1	233.755	1	0.689562	1	213.702	1	60.2114	1	0.00316228	273.388	301.645
660	38.8437	1	233.755	1	0.689562	1	213.702	1	60.2114	1	0.01	273.683	302.036
660	38.8437	1	233.755	1	0.689562	1	213.702	1	60.2114	1	0.0316228	274.579	303.223
660	38.8437	1	233.755	1	0.689562	1	213.702	1	60.2114	1	0.1	277.096	306.555
660	38.8437	1	233.755	1	0.689562	1	213.702	1	60.2114	1	0.316228	282.994	314.534
660	38.8437	1	233.755	1	0.689562	1	213.702	1	60.2114	1	1	292.31	327.571
660	38.8437	1	233.755	1	0.689562	1	213.702	1	60.2114	1	3.16228	301.293	340.184
660	38.8437	1	233.755	1	0.689562	1	213.702	1	60.2114	1	10	308.759	348.877
660	38.8437	1	233.755	1	0.689562	1	213.702	1	60.2114	1	31.6228	318.97	357.732
660	38.8437	1	233.755	1	0.689562	1	213.702	1	60.2114	1	100	335.606	375.221
661	36.8839	1	336.484	1	1.13599	1	303.71	1	57.2597	1	0	273.249	301.462
661	36.8839	1	336.484	1	1.13599	1	303.71	1	57.2597	1	0.001	273.276	301.497
661	36.8839	1	336.484	1	1.13599	1	303.71	1	57.2597	1	0.00316228	273.334	301.573
661	36.8839	1	336.484	1	1.13599	1	303.71	1	57.2597	1	0.01	273.515	301.813
661	36.8839	1	336.484	1	1.13599	1	303.71	1	57.2597	1	0.0316228	274.075	302.551
661	36.8839	1	336.484	1	1.13599	1	303.71	1	57.2597	1	0.1	275.719	304.718
661	36.8839	1	336.484	1	1.13599	1	303.71	1	57.2597	1	0.316228	279.98	310.396
661	36.8839	1	336.484	1	1.13599	1	303.71	1	57.2597	1	1	288.202	321.607
661	36.8839	1	336.484	1	1.13599	1	303.71	1	57.2597	1	3.16228	298.162	335.373
661	36.8839	1	336.484	1	1.13599	1	303.71	1	57.2597	1	10	306.924	346.051
661	36.8839	1	336.484	1	1.13599	1	303.71	1	57.2597	1	31.6228	316.69	354.884
661	36.8839	1	336.484	1	1.13599	1	303.71	1	57.2597	1	100	329.75	368.795
662	28.2994	1	337.807	1	1.22491	1	122.731	1	81.2941	1	0	273.249	301.462
662	28.2994	1	337.807	1	1.22491	1	122.731	1	81.2941	1	0.001	273.275	301.495
662	28.2994	1	337.807	1	1.22491	1	122.731	1	81.2941	1	0.00316228	273.329	301.566
662	28.2994	1	337.807	1	1.22491	1	122.731	1	81.2941	1	0.01	273.501	301.791
662	28.2994	1	337.807	1	1.22491	1	122.731	1	81.2941	1	0.0316228	274.032	302.487
662	28.2994	1	337.807	1	1.22491	1	122.731	1	81.2941	1	0.1	275.601	304.541
662	28.2994	1	337.807	1	1.22491	1	122.731	1	81.2941	1	0.316228	279.741	310.004
662	28.2994	1	337.807	1	1.22491	1	122.731	1	81.2941	1	1	288.075	321.169
662	28.2994	1	337.807	1	1.22491	1	122.731	1	81.2941	1	3.16228	299.231	336.05
662	28.2994	1	337.807	1	1.22491	1	122.731	1	81.2941	1	10	311.622	350.303
662	28.2994	1	337.807	1	1.22491	1	122.731	1	81.2941	1	31.6228	330.344	368.474
662	28.2994	1	337.807	1	1.22491	1	122.731	1	81.2941	1	100	363.217	403.465
663	27.7982	1	681.255	1	0.829419	1	325.159	1	60.8316	1	0	273.249	301.462
663	27.7982	1	681.255	1	0.829419	1	325.159	1	60.8316	1	0.001	273.286	301.51
663	27.7982	1	681.255	1	0.829419	1	325.159	1	60.8316	1	0.00316228	273.365	301.615
663	27.7982	1	681.255	1	0.829419	1	325.159	1	60.8316	1	0.01	273.613	301.941
663	27.7982	1	681.255	1	0.829419	1	325.159	1	60.8316	1	0.0316228	274.371	302.941
663	27.7982	1	681.255	1	0.829419	1	325.159	1	60.8316	1	0.1	276.54	305.798
663	27.7982	1	681.255	1	0.829419	1	325.159	1	60.8316	1	0.316228	281.845	312.899
663	27.7982	1	681.255	1	0.829419	1	325.159	1	60.8316	1	1	290.959	325.421
663	27.7982	1	681.255	1	0.829419	1	325.159	1	60.8316	1	3.16228	300.687	338.719
663	27.7982	1	681.255	1	0.829419	1	325.159	1	60.8316	1	10	309.349	348.41
663	27.7982	1	681.255	1	0.829419	1	325.159	1	60.8316	1	31.6228	319.622	357.563
663	27.7982	1	681.255	1	0.829419	1	325.159	1	60.8316	1	100	334.831	373.777
664	30.1735	1	1146.24	1	0.473773	1	531.763	1	55.0843	1	0	273.249	301.462
664	30.1735	1	1146.24	1	0.473773	1	531.763	1	55.0843	1	0.001	273.313	301.546
664	30.1735	1	1146.24	1	0.473773	1	531.763	1	55.0843	1	0.00316228	273.45	301.728
664	30.1735	1	1146.24	1	0.473773	1	531.763	1	55.0843	1	0.01	273.876	302.291
664	30.1735	1	1146.24	1	0.473773	1	531.763	1	55.0843	1	0.0316228	275.145	303.973
664	30.1735	1	1146.24	1	0.473773	1	531.763	1	55.0843	1	0.1	278.57	308.545
664	30.1735	1	1146.24	1	0.473773	1	531.763	1	55.0843	1	0.316228	285.749	318.36
664	30.1735	1	1146.24	1	0.473773	1	531.763	1	55.0843	1	1	295.297	331.894
664	30.1735	1	1146.24	1	0.473773	1	531.763	1	55.0843	1	3.16228	303.141	342.765
664	30.1735	1	1146.24	1	0.473773	1	531.763	1	55.0843	1	10	309.518	349.39
664	30.1735	1	1146.24	1	0.473773	1	531.763	1	55.0843	1	31.6228	317.179	355.434
664	30.1735	1	1146.24	1	0.473773	1	531.763	1	55.0843	1	100	327.581	366.349
665	29.9318	1	289.732	1	0.550431	1	328.522	1	42.5514	1	0	273.249	301.462
665	29.9318	1	289.732	1	0.550431	1	328.522	1	42.5514	1	0.001	273.304	301.534
665	29.9318	1	289.732	1	0.550431	1	328.522	1	42.5514	1	0.00316228	273.422	301.691
665	29.9318	1	289.732	1	0.550431	1	328.522	1	42.5514	1	0.01	273.79	302.177
665	29.9318	1	289.732	1	0.550431	1	328.522	1	42.5514	1	0.0316228	274.895	303.641
665	29.9318	1	289.732	1	0.550431	1	328.522	1	42.5514	1	0.1	277.931	307.681
665	29.9318	1	289.732	1	0.550431	1	328.522	1	42.5514	1	0.316228	284.599	316.75
665	29.9318	1	289.732	1	0.550431	1	328.522	1	42.5514	1	1	294.11	330.152
665	29.9318	1	289.732	1	0.550431	1	328.522	1	42.5514	1	3.16228	302.376	341.661
665	29.9318	1	289.732	1	0.550431	1	328.522	1	42.5514	1	10	308.953	348.728
665	29.9318	1	289.732	1	0.550431	1	328.522	1	42.5514	1	31.6228	316.583	354.826
665	29.9318	1	289.732	1	0.550431	1	328.522	1	42.5514	1	100	326.793	365.899
666	20.6483	1	431.951	1	0.734989	1	505.663	1	71.3034	1	0	273.249	301.462
666	20.6483	1	431.951	1	0.734989	1	505.663	1	71.3034	1	0.001	273.291	301.516
666	20.6483	1	431.951	1	0.734989	1	505.663	1	71.3034	1	0.00316228	273.38	301.634
666	20.6483	1	431.951	1	0.734989	1	505.663	1	71.3034	1	0.01	273.658	302.001
666	20.6483	1	431.951	1	0.734989	1	505.663	1	71.3034	1	0.0316228	274.506	303.118
666	20.6483	1	431.951	1	0.734989	1	505.663	1	71.3034	1	0.1	276.905	306.274
666	20.6483	1	431.951	1	0.734989	1	505.663	1	71.3034	1	0.316228	282.622	313.935
666	20.6483	1	431.951	1	0.734989	1	505.663	1	71.3034	1	1	291.952	326.754
666	20.6483	1	431.951	1	0.734989	1	505.663	1	71.3034	1	3.16228	301.336	339.398
666	20.6483	1	431.951	1	0.734989	1	505.663	1	71.3034	1	10	309.285	347.691
666	20.6483	1	431.951	1	0.734989	1	505.663	1	71.3034	1	31.6228	316.192	353.553
666	20.6483	1	431.951	1	0.734989	1	505.663	1	71.3034	1	100	323.548	361.634
667	24.0554	1	287.297	1	0.605238	1	174.616	1	55.1846	1	0	273.249	301.462
667	24.0554	1	287.297	1	0.605238	1	174.616	1	55.1846	1	0.001	273.3	301.528
667	24.0554	1	287.297	1	0.605238	1	174.616	1	55.1846	1	0.00316228	273.408	301.671
667	24.0554	1	287.297	1	0.605238	1	174.616	1	55.1846	1	0.01	273.745	302.116
667	24.0554	1	287.297	1	0.605238	1	174.616	1	55.1846	1	0.0316228	274.764	303.461
667	24.0554	1	287.297	1	0.605238	1	174.616	1	55.1846	1	0.1	277.593	307.206
667	24.0554	1	287.297	1	0.605238	1	174.616	1	55.1846	1	0.316228	284.007	315.866
667	24.0554	1	287.297	1	0.605238	1	174.616	1	55.1846	1	1	293.685	329.299
667	24.0554	1	287.297	1	0.605238	1	174.616	1	55.1846	1	3.16228	302.966	341.84
667	24.0554	1	287.297	1	0.605238	1	174.616	1	55.1846	1	10	311.873	351.15
667	24.0554	1	287.297	1	0.605238	1	174.616	1	55.1846	1	31.6228	324.662	362.739
667	24.0554	1	287.297	1	0.605238	1	174.616	1	55.1846	1	100	346.835	386.409
668	26.6206	1	367.023	1	0.747464	1	85.1787	1	76.2155	1	0	273.249	301.462
668	26.6206	1	367.023	1	0.747464	1	85.1787	1	76.2155	1	0.001	273.291	301.516
668	26.6206	1	367.023	1	0.747464	1	85.1787	1	76.2155	1	0.00316228	273.38	301.633
668	26.6206	1	367.023	1	0.747464	1	85.1787	1	76.2155	1	0.01	273.658	301.999
668	26.6206	1	367.023	1	0.747464	1	85.1787	1	76.2155	1	0.0316228	274.505	303.114
668	26.6206	1	367.023	1	0.747464	1	85.1787	1	76.2155	1	0.1	276.912	306.276
668	26.6206	1	367.023	1	0.747464	1	85.1787	1	76.2155	1	0.316228	282.704	314.016
668	26.6206	1	367.023	1	0.747464	1	85.1787	1	76.2155	1	1	292.473	327.352
668	26.6206	1	367.023	1	0.747464	1	85.1787	1	76.2155	1	3.16228	303.478	341.946
668	26.6206	1	367.023	1	0.747464	1	85.1787	1	76.2155	1	10	316.596	356.192
668	26.6206	1	367.023	1	0.747464	1	85.1787	1	76.2155	1	31.6228	340.148	379.056
668	26.6206	1	367.023	1	0.747464	1	85.1787	1	76.2155	1	100	384.434	426.089
669	25.242	1	919.564	1	1.60177	1	690.778	1	47.3031	1	0	273.249	301.462
669	25.242	1	919.564	1	1.60177	1	690.778	1	47.3031	1	0.001	273.269	301.487
669	25.242	1	919.564	1	1.60177	1	690.778	1	47.3031	1	0.00316228	273.31	301.541
669	25.242	1	919.564	1	1.60177	1	690.778	1	47.3031	1	0.01	273.441	301.712
669	25.242	1	919.564	1	1.60177	1	690.778	1	47.3031	1	0.0316228	273.847	302.243
669	25.242	1	919.564	1	1.60177	1	690.778	1	47.3031	1	0.1	275.065	303.834
669	25.242	1	919.564	1	1.60177	1	690.778	1	47.3031	1	0.316228	278.391	308.194
669	25.242	1	919.564	1	1.60177	1	690.778	1	47.3031	1	1	285.606	317.77
669	25.242	1	919.564	1	1.60177	1	690.778	1	47.3031	1	3.16228	295.931	331.562
669	25.242	1	919.564	1	1.60177	1	690.778	1	47.3031	1	10	306.039	343.528
669	25.242	1	919.564	1	1.60177	1	690.778	1	47.3031	1	31.6228	314.569	351.879
669	25.242	1	919.564	1	1.60177	1	690.778	1	47.3031	1	100	322.59	360.833
670	28.2931	1	588.46	1	0.716548	1	581.801	1	71.6497	1	0	273.249	301.462
670	28.2931	1	588.46	1	0.716548	1	581.801	1	71.6497	1	0.001	273.292	301.518
670	28.2931	1	588.46	1	0.716548	1	581.801	1	71.6497	1	0.00316228	273.383	301.638
670	28.2931	1	588.46	1	0.716548	1	581.801	1	71.6497	1	0.01	273.667	302.014
670	28.2931	1	588.46	1	0.716548	1	581.801	1	71.6497	1	0.0316228	274.533	303.158
670	28.2931	1	588.46	1	0.716548	1	581.801	1	71.6497	1	0.1	276.974	306.38
670	28.2931	1	588.46	1	0.716548	1	581.801	1	71.6497	1	0.316228	282.748	314.16
670	28.2931	1	588.46	1	0.716548	1	581.801	1	71.6497	1	1	292.019	327.03
670	28.2931	1	588.46	1	0.716548	1	581.801	1	71.6497	1	3.16228	301.061	339.519
670	28.2931	1	588.46	1	0.716548	1	581.801	1	71.6497	1	10	308.323	347.536
670	28.2931	1	588.46	1	0.716548	1	581.801	1	71.6497	1	31.6228	315.676	353.356
670	28.2931	1	588.46	1	0.716548	1	581.801	1	71.6497	1	100	323.173	361.348
671	32.5954	1	613.992	1	0.658769	1	161.866	1	56.2834	1	0	273.249	301.462
671	32.5954	1	613.992	1	0.658769	1	161.866	1	56.2834	1	0.001	273.296	301.523
671	32.5954	1	613.992	1	0.658769	1	161.866	1	56.2834	1	0.00316228	273.395	301.654
671	32.5954	1	613.992	1	0.658769	1	161.866	1	56.2834	1	0.01	273.706	302.065
671	32.5954	1	613.992	1	0.658769	1	161.866	1	56.2834	1	0.0316228	274.649	303.311
671	32.5954	1	613.992	1	0.658769	1	161.866	1	56.2834	1	0.1	277.289	306.801
671	32.5954	1	613.992	1	0.658769	1	161.866	1	56.2834	1	0.316228	283.417	315.069
671	32.5954	1	613.992	1	0.658769	1	161.866	1	56.2834	1	1	293.025	328.421
671	32.5954	1	613.992	1	0.658769	1	161.866	1	56.2834	1	3.16228	302.607	341.528
671	32.5954	1	613.992	1	0.658769	1	161.866	1	56.2834	1	10	312.031	351.953
671	32.5954	1	613.992	1	0.658769	1	161.866	1	56.2834	1	31.6228	327.405	366.24
671	32.5954	1	613.992	1	0.658769	1	161.866	1	56.2834	1	100	355.9	396.227
672	25.9676	1	360.01	1	1.13632	1	754.175	1	70.4265	1	0	273.249	301.462
672	25.9676	1	360.01	1	1.13632	1	754.175	1	70.4265	1	0.001	273.276	301.497
672	25.9676	1	360.01	1	1.13632	1	754.175	1	70.4265	1	0.00316228	273.334	301.573
672	25.9676	1	360.01	1	1.13632	1	754.175	1	70.4265	1	0.01	273.515	301.811
672	25.9676	1	360.01	1	1.13632	1	754.175	1	70.4265	1	0.0316228	274.074	302.547
672	25.9676	1	360.01	1	1.13632	1	754.175	1	70.4265	1	0.1	275.716	304.706
672	25.9676	1	360.01	1	1.13632	1	754.175	1	70.4265	1	0.316228	279.972	310.357
672	25.9676	1	360.01	1	1.13632	1	754.175	1	70.4265	1	1	288.181	321.479
672	25.9676	1	360.01	1	1.13632	1	754.175	1	70.4265	1	3.16228	298.044	334.93
672	25.9676	1	360.01	1	1.13632	1	754.175	1	70.4265	1	10	306.338	344.58
672	25.9676	1	360.01	1	1.13632	1	754.175	1	70.4265	1	31.6228	312.829	349.893
672	25.9676	1	360.01	1	1.13632	1	754.175	1	70.4265	1	100	315.959	353.534
673	19.2917	1	343.059	1	0.953497	1	148.92	1	73.0515	1	0	273.249	301.462
673	19.2917	1	343.059	1	0.953497	1	148.92	1	73.0515	1	0.001	273.282	301.504
673	19.2917	1	343.059	1	0.953497	1	148.92	1	73.0515	1	0.00316228	273.352	301.596
673	19.2917	1	343.059	1	0.953497	1	148.92	1	73.0515	1	0.01	273.57	301.882
673	19.2917	1	343.059	1	0.953497	1	148.92	1	73.0515	1	0.0316228	274.242	302.763
673	19.2917	1	343.059	1	0.953497	1	148.92	1	73.0515	1	0.1	276.193	305.314
673	19.2917	1	343.059	1	0.953497	1	148.92	1	73.0515	1	0.316228	281.116	311.818
673	19.2917	1	343.059	1	0.953497	1	148.92	1	73.0515	1	1	290.204	324.035
673	19.2917	1	343.059	1	0.953497	1	148.92	1	73.0515	1	3.16228	301.115	338.369
673	19.2917	1	343.059	1	0.953497	1	148.92	1	73.0515	1	10	312.648	350.741
673	19.2917	1	343.059	1	0.953497	1	148.92	1	73.0515	1	31.6228	327.932	365.803
673	19.2917	1	343.059	1	0.953497	1	148.92	1	73.0515	1	100	355.38	395.29
674	34.2779	1	185.519	1	1.8478	1	266.563	1	53.714	1	0	273.249	301.462
674	34.2779	1	185.519	1	1.8478	1	266.563	1	53.714	1	0.001	273.266	301.483
674	34.2779	1	185.519	1	1.8478	1	266.563	1	53.714	1	0.00316228	273.302	301.53
674	34.2779	1	185.519	1	1.8478	1	266.563	1	53.714	1	0.01	273.414	301.678
674	34.2779	1	185.519	1	1.8478	1	266.563	1	53.714	1	0.0316228	273.763	302.137
674	34.2779	1	185.519	1	1.8478	1	266.563	1	53.714	1	0.1	274.819	303.523
674	34.2779	1	185.519	1	1.8478	1	266.563	1	53.714	1	0.316228	277.743	307.369
674	34.2779	1	185.519	1	1.8478	1	266.563	1	53.714	1	1	284.343	316.182
674	34.2779	1	185.519	1	1.8478	1	266.563	1	53.714	1	3.16228	294.29	329.668
674	34.2779	1	185.519	1	1.8478	1	266.563	1	53.714	1	10	304.213	342.111
674	34.2779	1	185.519	1	1.8478	1	266.563	1	53.714	1	31.6228	313.982	351.509
674	34.2779	1	185.519	1	1.8478	1	266.563	1	53.714	1	100	325.173	364.154
675	26.0605	1	506.098	1	1.13458	1	192.567	1	78.0931	1	0	273.249	301.462
675	26.0605	1	506.098	1	1.13458	1	192.567	1	78.0931	1	0.001	273.277	301.497
675	26.0605	1	506.098	1	1.13458	1	192.567	1	78.0931	1	0.00316228	273.335	301.574
675	26.0605	1	506.098	1	1.13458	1	192.567	1	78.0931	1	0.01	273.519	301.815
675	26.0605	1	506.098	1	1.13458	1	192.567	1	78.0931	1	0.0316228	274.086	302.56
675	26.0605	1	506.098	1	1.13458	1	192.567	1	78.0931	1	0.1	275.754	304.746
675	26.0605	1	506.098	1	1.13458	1	192.567	1	78.0931	1	0.316228	280.092	310.485
675	26.0605	1	506.098	1	1.13458	1	192.567	1	78.0931	1	1	288.555	321.875
675	26.0605	1	506.098	1	1.13458	1	192.567	1	78.0931	1	3.16228	299.257	336.219
675	26.0605	1	506.098	1	1.13458	1	192.567	1	78.0931	1	10	310.169	348.65
675	26.0605	1	506.098	1	1.13458	1	192.567	1	78.0931	1	31.6228	324.585	362.343
675	26.0605	1	506.098	1	1.13458	1	192.567	1	78.0931	1	100	348.298	387.815
676	27.3873	1	362.086	1	0.294037	1	413.871	1	45.3456	1	0	273.249	301.462
676	27.3873	1	362.086	1	0.294037	1	413.871	1	45.3456	1	0.001	273.352	301.597
676	27.3873	1	362.086	1	0.294037	1	413.871	1	45.3456	1	0.00316228	273.571	301.888
676	27.3873	1	362.086	1	0.294037	1	413.871	1	45.3456	1	0.01	274.243	302.78
676	27.3873	1	362.086	1	0.294037	1	413.871	1	45.3456	1	0.0316228	276.183	305.354
676	27.3873	1	362.086	1	0.294037	1	413.871	1	45.3456	1	0.1	281.012	311.862
676	27.3873	1	362.086	1	0.294037	1	413.871	1	45.3456	1	0.316228	289.561	323.804
676	27.3873	1	362.086	1	0.294037	1	413.871	1	45.3456	1	1	298.538	336.813
676	27.3873	1	362.086	1	0.294037	1	413.871	1	45.3456	1	3.16228	304.742	345.273
676	27.3873	1	362.086	1	0.294037	1	413.871	1	45.3456	1	10	309.966	350.028
676	27.3873	1	362.086	1	0.294037	1	413.871	1	45.3456	1	31.6228	316.391	354.593
676	27.3873	1	362.086	1	0.294037	1	413.871	1	45.3456	1	100	324.785	363.467
677	32.866	1	274.014	1	1.07601	1	232.224	1	72.6875	1	0	273.249	301.462
677	32.866	1	274.014	1	1.07601	1	232.224	1	72.6875	1	0.001	273.278	301.499
677	32.866	1	274.014	1	1.07601	1	232.224	1	72.6875	1	0.00316228	273.339	301.58
677	32.866	1	274.014	1	1.07601	1	232.224	1	72.6875	1	0.01	273.53	301.832
677	32.866	1	274.014	1	1.07601	1	232.224	1	72.6875	1	0.0316228	274.121	302.611
677	32.866	1	274.014	1	1.07601	1	232.224	1	72.6875	1	0.1	275.849	304.887
677	32.866	1	274.014	1	1.07601	1	232.224	1	72.6875	1	0.316228	280.29	310.803
677	32.866	1	274.014	1	1.07601	1	232.224	1	72.6875	1	1	288.72	322.29
677	32.866	1	274.014	1	1.07601	1	232.224	1	72.6875	1	3.16228	298.797	336.123
677	32.866	1	274.014	1	1.07601	1	232.224	1	72.6875	1	10	307.977	347.026
677	32.866	1	274.014	1	1.07601	1	232.224	1	72.6875	1	31.6228	319.13	357.081
677	32.866	1	274.014	1	1.07601	1	232.224	1	72.6875	1	100	335.734	374.637
678	30.9822	1	1806.45	1	0.474762	1	366.061	1	73.7458	1	0	273.249	301.462
678	30.9822	1	1806.45	1	0.474762	1	366.061	1	73.7458	1	0.001	273.313	301.546
678	30.9822	1	1806.45	1	0.474762	1	366.061	1	73.7458	1	0.00316228	273.45	301.727
678	30.9822	1	1806.45	1	0.474762	1	366.061	1	73.7458	1	0.01	273.875	302.29
678	30.9822	1	1806.45	1	0.474762	1	366.061	1	73.7458	1	0.0316228	275.144	303.971
678	30.9822	1	1806.45	1	0.474762	1	366.061	1	73.7458	1	0.1	278.568	308.541
678	30.9822	1	1806.45	1	0.474762	1	366.061	1	73.7458	1	0.316228	285.756	318.363
678	30.9822	1	1806.45	1	0.474762	1	366.061	1	73.7458	1	1	295.362	331.963
678	30.9822	1	1806.45	1	0.474762	1	366.061	1	73.7458	1	3.16228	303.403	343.058
678	30.9822	1	1806.45	1	0.474762	1	366.061	1	73.7458	1	10	310.412	350.383
678	30.9822	1	1806.45	1	0.474762	1	366.061	1	73.7458	1	31.6228	320.276	358.594
678	30.9822	1	1806.45	1	0.474762	1	366.061	1	73.7458	1	100	336.019	375.283
679	40.9374	1	401.231	1	0.753485	1	209.193	1	69.2091	1	0	273.249	301.462
679	40.9374	1	401.231	1	0.753485	1	209.193	1	69.2091	1	0.001	273.29	301.515
679	40.9374	1	401.231	1	0.753485	1	209.193	1	69.2091	1	0.00316228	273.377	301.63
679	40.9374	1	401.231	1	0.753485	1	209.193	1	69.2091	1	0.01	273.648	301.989
679	40.9374	1	401.231	1	0.753485	1	209.193	1	69.2091	1	0.0316228	274.475	303.084
679	40.9374	1	401.231	1	0.753485	1	209.193	1	69.2091	1	0.1	276.821	306.184
679	40.9374	1	401.231	1	0.753485	1	209.193	1	69.2091	1	0.316228	282.437	313.756
679	40.9374	1	401.231	1	0.753485	1	209.193	1	69.2091	1	1	291.685	326.615
679	40.9374	1	401.231	1	0.753485	1	209.193	1	69.2091	1	3.16228	301.107	339.764
679	40.9374	1	401.231	1	0.753485	1	209.193	1	69.2091	1	10	309.436	349.535
679	40.9374	1	401.231	1	0.753485	1	209.193	1	69.2091	1	31.6228	321.559	360.461
679	40.9374	1	401.231	1	0.753485	1	209.193	1	69.2091	1	100	342.533	382.224
680	40.167	1	412.798	1	1.07258	1	237.91	1	92.7352	1	0	273.249	301.462
680	40.167	1	412.798	1	1.07258	1	237.91	1	92.7352	1	0.001	273.278	301.499
680	40.167	1	412.798	1	1.07258	1	237.91	1	92.7352	1	0.00316228	273.339	301.58
680	40.167	1	412.798	1	1.07258	1	237.91	1	92.7352	1	0.01	273.531	301.834
680	40.167	1	412.798	1	1.07258	1	237.91	1	92.7352	1	0.0316228	274.124	302.616
680	40.167	1	412.798	1	1.07258	1	237.91	1	92.7352	1	0.1	275.858	304.902
680	40.167	1	412.798	1	1.07258	1	237.91	1	92.7352	1	0.316228	280.31	310.842
680	40.167	1	412.798	1	1.07258	1	237.91	1	92.7352	1	1	288.745	322.372
680	40.167	1	412.798	1	1.07258	1	237.91	1	92.7352	1	3.16228	298.811	336.285
680	40.167	1	412.798	1	1.07258	1	237.91	1	92.7352	1	10	307.996	347.437
680	40.167	1	412.798	1	1.07258	1	237.91	1	92.7352	1	31.6228	319.902	358.36
680	40.167	1	412.798	1	1.07258	1	237.91	1	92.7352	1	100	339.068	378.062
681	22.4252	1	219.05	1	0.694657	1	220.743	1	47.1877	1	0	273.249	301.462
681	22.4252	1	219.05	1	0.694657	1	220.743	1	47.1877	1	0.001	273.293	301.519
681	22.4252	1	219.05	1	0.694657	1	220.743	1	47.1877	1	0.00316228	273.387	301.644
681	22.4252	1	219.05	1	0.694657	1	220.743	1	47.1877	1	0.01	273.681	302.032
681	22.4252	1	219.05	1	0.694657	1	220.743	1	47.1877	1	0.0316228	274.576	303.212
681	22.4252	1	219.05	1	0.694657	1	220.743	1	47.1877	1	0.1	277.089	306.524
681	22.4252	1	219.05	1	0.694657	1	220.743	1	47.1877	1	0.316228	283.005	314.475
681	22.4252	1	219.05	1	0.694657	1	220.743	1	47.1877	1	1	292.452	327.518
681	22.4252	1	219.05	1	0.694657	1	220.743	1	47.1877	1	3.16228	301.834	340.219
681	22.4252	1	219.05	1	0.694657	1	220.743	1	47.1877	1	10	310.221	349.071
681	22.4252	1	219.05	1	0.694657	1	220.743	1	47.1877	1	31.6228	319.932	357.685
681	22.4252	1	219.05	1	0.694657	1	220.743	1	47.1877	1	100	335.144	374.189
682	22.0104	1	591.839	1	0.714673	1	338.306	1	59.9668	1	0	273.249	301.462
682	22.0104	1	591.839	1	0.714673	1	338.306	1	59.9668	1	0.001	273.292	301.518
682	22.0104	1	591.839	1	0.714673	1	338.306	1	59.9668	1	0.00316228	273.384	301.639
682	22.0104	1	591.839	1	0.714673	1	338.306	1	59.9668	1	0.01	273.67	302.017
682	22.0104	1	591.839	1	0.714673	1	338.306	1	59.9668	1	0.0316228	274.543	303.167
682	22.0104	1	591.839	1	0.714673	1	338.306	1	59.9668	1	0.1	277.003	306.405
682	22.0104	1	591.839	1	0.714673	1	338.306	1	59.9668	1	0.316228	282.834	314.227
682	22.0104	1	591.839	1	0.714673	1	338.306	1	59.9668	1	1	292.268	327.207
682	22.0104	1	591.839	1	0.714673	1	338.306	1	59.9668	1	3.16228	301.773	340.017
682	22.0104	1	591.839	1	0.714673	1	338.306	1	59.9668	1	10	310.316	349.002
682	22.0104	1	591.839	1	0.714673	1	338.306	1	59.9668	1	31.6228	319.652	357.394
682	22.0104	1	591.839	1	0.714673	1	338.306	1	59.9668	1	100	333.414	372.259
683	28.864	1	909.137	1	0.890004	1	212.257	1	53.8085	1	0	273.249	301.462
683	28.864	1	909.137	1	0.890004	1	212.257	1	53.8085	1	0.001	273.284	301.507
683	28.864	1	909.137	1	0.890004	1	212.257	1	53.8085	1	0.00316228	273.358	301.605
683	28.864	1	909.137	1	0.890004	1	212.257	1	53.8085	1	0.01	273.59	301.911
683	28.864	1	909.137	1	0.890004	1	212.257	1	53.8085	1	0.0316228	274.303	302.849
683	28.864	1	909.137	1	0.890004	1	212.257	1	53.8085	1	0.1	276.355	305.549
683	28.864	1	909.137	1	0.890004	1	212.257	1	53.8085	1	0.316228	281.454	312.349
683	28.864	1	909.137	1	0.890004	1	212.257	1	53.8085	1	1	290.523	324.745
683	28.864	1	909.137	1	0.890004	1	212.257	1	53.8085	1	3.16228	300.742	338.616
683	28.864	1	909.137	1	0.890004	1	212.257	1	53.8085	1	10	310.655	349.802
683	28.864	1	909.137	1	0.890004	1	212.257	1	53.8085	1	31.6228	324.266	362.624
683	28.864	1	909.137	1	0.890004	1	212.257	1	53.8085	1	100	348.159	388.057
684	30.7286	1	400.697	1	1.06272	1	48.3302	1	64.9312	1	0	273.249	301.462
684	30.7286	1	400.697	1	1.06272	1	48.3302	1	64.9312	1	0.001	273.279	301.501
684	30.7286	1	400.697	1	1.06272	1	48.3302	1	64.9312	1	0.00316228	273.344	301.585
684	30.7286	1	400.697	1	1.06272	1	48.3302	1	64.9312	1	0.01	273.547	301.85
684	30.7286	1	400.697	1	1.06272	1	48.3302	1	64.9312	1	0.0316228	274.174	302.668
684	30.7286	1	400.697	1	1.06272	1	48.3302	1	64.9312	1	0.1	276.014	305.065
684	30.7286	1	400.697	1	1.06272	1	48.3302	1	64.9312	1	0.316228	280.798	311.348
684	30.7286	1	400.697	1	1.06272	1	48.3302	1	64.9312	1	1	290.234	323.902
684	30.7286	1	400.697	1	1.06272	1	48.3302	1	64.9312	1	3.16228	303.435	341.031
684	30.7286	1	400.697	1	1.06272	1	48.3302	1	64.9312	1	10	322.327	362.182
684	30.7286	1	400.697	1	1.06272	1	48.3302	1	64.9312	1	31.6228	358.646	398.766
684	30.7286	1	400.697	1	1.06272	1	48.3302	1	64.9312	1	100	425.522	469.566
685	17.7131	1	291.467	1	2.01635	1	255.084	1	47.1854	1	0	273.249	301.462
685	17.7131	1	291.467	1	2.01635	1	255.084	1	47.1854	1	0.001	273.265	301.482
685	17.7131	1	291.467	1	2.01635	1	255.084	1	47.1854	1	0.00316228	273.299	301.525
685	17.7131	1	291.467	1	2.01635	1	255.084	1	47.1854	1	0.01	273.405	301.662
685	17.7131	1	291.467	1	2.01635	1	255.084	1	47.1854	1	0.0316228	273.736	302.089
685	17.7131	1	291.467	1	2.01635	1	255.084	1	47.1854	1	0.1	274.74	303.382
685	17.7131	1	291.467	1	2.01635	1	255.084	1	47.1854	1	0.316228	277.558	307.001
685	17.7131	1	291.467	1	2.01635	1	255.084	1	47.1854	1	1	284.155	315.534
685	17.7131	1	291.467	1	2.01635	1	255.084	1	47.1854	1	3.16228	294.877	329.301
685	17.7131	1	291.467	1	2.01635	1	255.084	1	47.1854	1	10	307.129	343.266
685	17.7131	1	291.467	1	2.01635	1	255.084	1	47.1854	1	31.6228	318.531	355.324
685	17.7131	1	291.467	1	2.01635	1	255.084	1	47.1854	1	100	334.12	372.676
686	32.8307	1	295.032	1	0.569392	1	410.984	1	60.847	1	0	273.249	301.462
686	32.8307	1	295.032	1	0.569392	1	410.984	1	60.847	1	0.001	273.302	301.532
686	32.8307	1	295.032	1	0.569392	1	410.984	1	60.847	1	0.00316228	273.416	301.683
686	32.8307	1	295.032	1	0.569392	1	410.984	1	60.847	1	0.01	273.771	302.153
686	32.8307	1	295.032	1	0.569392	1	410.984	1	60.847	1	0.0316228	274.841	303.571
686	32.8307	1	295.032	1	0.569392	1	410.984	1	60.847	1	0.1	277.789	307.493
686	32.8307	1	295.032	1	0.569392	1	410.984	1	60.847	1	0.316228	284.325	316.383
686	32.8307	1	295.032	1	0.569392	1	410.984	1	60.847	1	1	293.757	329.689
686	32.8307	1	295.032	1	0.569392	1	410.984	1	60.847	1	3.16228	301.949	341.205
686	32.8307	1	295.032	1	0.569392	1	410.984	1	60.847	1	10	308.123	347.999
686	32.8307	1	295.032	1	0.569392	1	410.984	1	60.847	1	31.6228	314.942	353.02
686	32.8307	1	295.032	1	0.569392	1	410.984	1	60.847	1	100	322.524	361.029
687	12.1625	1	445.736	1	0.738011	1	348.599	1	39.0892	1	0	273.249	301.462
687	12.1625	1	445.736	1	0.738011	1	348.599	1	39.0892	1	0.001	273.291	301.516
687	12.1625	1	445.736	1	0.738011	1	348.599	1	39.0892	1	0.00316228	273.381	301.634
687	12.1625	1	445.736	1	0.738011	1	348.599	1	39.0892	1	0.01	273.661	302
687	12.1625	1	445.736	1	0.738011	1	348.599	1	39.0892	1	0.0316228	274.516	303.118
687	12.1625	1	445.736	1	0.738011	1	348.599	1	39.0892	1	0.1	276.937	306.277
687	12.1625	1	445.736	1	0.738011	1	348.599	1	39.0892	1	0.316228	282.743	313.961
687	12.1625	1	445.736	1	0.738011	1	348.599	1	39.0892	1	1	292.383	326.902
687	12.1625	1	445.736	1	0.738011	1	348.599	1	39.0892	1	3.16228	302.682	339.967
687	12.1625	1	445.736	1	0.738011	1	348.599	1	39.0892	1	10	312.111	349.226
687	12.1625	1	445.736	1	0.738011	1	348.599	1	39.0892	1	31.6228	319.258	356.918
687	12.1625	1	445.736	1	0.738011	1	348.599	1	39.0892	1	100	331.147	370.002
688	102.81	1	878.265	1	1.14543	1	152.647	1	87.1143	1	0	273.249	301.462
688	102.81	1	878.265	1	1.14543	1	152.647	1	87.1143	1	0.001	273.276	301.497
688	102.81	1	878.265	1	1.14543	1	152.647	1	87.1143	1	0.00316228	273.334	301.573
688	102.81	1	878.265	1	1.14543	1	152.647	1	87.1143	1	0.01	273.515	301.813
688	102.81	1	878.265	1	1.14543	1	152.647	1	87.1143	1	0.0316228	274.074	302.552
688	102.81	1	878.265	1	1.14543	1	152.647	1	87.1143	1	0.1	275.718	304.725
688	102.81	1	878.265	1	1.14543	1	152.647	1	87.1143	1	0.316228	279.993	310.44
688	102.81	1	878.265	1	1.14543	1	152.647	1	87.1143	1	1	288.297	321.837
688	102.81	1	878.265	1	1.14543	1	152.647	1	87.1143	1	3.16228	298.652	336.373
688	102.81	1	878.265	1	1.14543	1	152.647	1	87.1143	1	10	308.738	349.434
688	102.81	1	878.265	1	1.14543	1	152.647	1	87.1143	1	31.6228	324.171	365.656
688	102.81	1	878.265	1	1.14543	1	152.647	1	87.1143	1	100	357.231	398.784
689	22.8178	1	411.21	1	2.47143	1	86.2255	1	47.9569	1	0	273.249	301.462
689	22.8178	1	411.21	1	2.47143	1	86.2255	1	47.9569	1	0.001	273.263	301.479
689	22.8178	1	411.21	1	2.47143	1	86.2255	1	47.9569	1	0.00316228	273.292	301.516
689	22.8178	1	411.21	1	2.47143	1	86.2255	1	47.9569	1	0.01	273.383	301.632
689	22.8178	1	411.21	1	2.47143	1	86.2255	1	47.9569	1	0.0316228	273.667	301.996
689	22.8178	1	411.21	1	2.47143	1	86.2255	1	47.9569	1	0.1	274.539	303.11
689	22.8178	1	411.21	1	2.47143	1	86.2255	1	47.9569	1	0.316228	277.048	306.299
689	22.8178	1	411.21	1	2.47143	1	86.2255	1	47.9569	1	1	283.295	314.276
689	22.8178	1	411.21	1	2.47143	1	86.2255	1	47.9569	1	3.16228	294.926	328.987
689	22.8178	1	411.21	1	2.47143	1	86.2255	1	47.9569	1	10	311.94	348.529
689	22.8178	1	411.21	1	2.47143	1	86.2255	1	47.9569	1	31.6228	337.803	375.688
689	22.8178	1	411.21	1	2.47143	1	86.2255	1	47.9569	1	100	383.699	425.114
690	48.9495	1	1439.78	1	0.648976	1	148.379	1	67.7212	1	0	273.249	301.462
690	48.9495	1	1439.78	1	0.648976	1	148.379	1	67.7212	1	0.001	273.296	301.524
690	48.9495	1	1439.78	1	0.648976	1	148.379	1	67.7212	1	0.00316228	273.397	301.657
690	48.9495	1	1439.78	1	0.648976	1	148.379	1	67.7212	1	0.01	273.713	302.075
690	48.9495	1	1439.78	1	0.648976	1	148.379	1	67.7212	1	0.0316228	274.669	303.34
690	48.9495	1	1439.78	1	0.648976	1	148.379	1	67.7212	1	0.1	277.341	306.879
690	48.9495	1	1439.78	1	0.648976	1	148.379	1	67.7212	1	0.316228	283.515	315.236
690	48.9495	1	1439.78	1	0.648976	1	148.379	1	67.7212	1	1	293.12	328.666
690	48.9495	1	1439.78	1	0.648976	1	148.379	1	67.7212	1	3.16228	302.623	341.874
690	48.9495	1	1439.78	1	0.648976	1	148.379	1	67.7212	1	10	312.002	352.737
690	48.9495	1	1439.78	1	0.648976	1	148.379	1	67.7212	1	31.6228	328.823	368.765
690	48.9495	1	1439.78	1	0.648976	1	148.379	1	67.7212	1	100	362.733	403.971
691	50.8881	1	594.392	1	1.15956	1	247.34	1	33.8644	1	0	273.249	301.462
691	50.8881	1	594.392	1	1.15956	1	247.34	1	33.8644	1	0.001	273.276	301.496
691	50.8881	1	594.392	1	1.15956	1	247.34	1	33.8644	1	0.00316228	273.333	301.571
691	50.8881	1	594.392	1	1.15956	1	247.34	1	33.8644	1	0.01	273.511	301.807
691	50.8881	1	594.392	1	1.15956	1	247.34	1	33.8644	1	0.0316228	274.062	302.534
691	50.8881	1	594.392	1	1.15956	1	247.34	1	33.8644	1	0.1	275.681	304.672
691	50.8881	1	594.392	1	1.15956	1	247.34	1	33.8644	1	0.316228	279.896	310.295
691	50.8881	1	594.392	1	1.15956	1	247.34	1	33.8644	1	1	288.096	321.499
691	50.8881	1	594.392	1	1.15956	1	247.34	1	33.8644	1	3.16228	298.188	335.549
691	50.8881	1	594.392	1	1.15956	1	247.34	1	33.8644	1	10	307.346	347.068
691	50.8881	1	594.392	1	1.15956	1	247.34	1	33.8644	1	31.6228	318.845	358.276
691	50.8881	1	594.392	1	1.15956	1	247.34	1	33.8644	1	100	337.968	378.967
692	33.639	1	52.854	1	2.92011	1	301.052	1	48.9354	1	0	273.249	301.462
692	33.639	1	52.854	1	2.92011	1	301.052	1	48.9354	1	0.001	273.259	301.474
692	33.639	1	52.854	1	2.92011	1	301.052	1	48.9354	1	0.00316228	273.28	301.502
692	33.639	1	52.854	1	2.92011	1	301.052	1	48.9354	1	0.01	273.345	301.589
692	33.639	1	52.854	1	2.92011	1	301.052	1	48.9354	1	0.0316228	273.549	301.862
692	33.639	1	52.854	1	2.92011	1	301.052	1	48.9354	1	0.1	274.176	302.699
692	33.639	1	52.854	1	2.92011	1	301.052	1	48.9354	1	0.316228	275.977	305.101
692	33.639	1	52.854	1	2.92011	1	301.052	1	48.9354	1	1	280.446	311.123
692	33.639	1	52.854	1	2.92011	1	301.052	1	48.9354	1	3.16228	288.034	321.697
692	33.639	1	52.854	1	2.92011	1	301.052	1	48.9354	1	10	294.629	331.286
692	33.639	1	52.854	1	2.92011	1	301.052	1	48.9354	1	31.6228	296.461	333.671
692	33.639	1	52.854	1	2.92011	1	301.052	1	48.9354	1	100	288.24	327.66
693	23.0564	1	610.987	1	1.0971	1	376.306	1	35.9189	1	0	273.249	301.462
693	23.0564	1	610.987	1	1.0971	1	376.306	1	35.9189	1	0.001	273.277	301.498
693	23.0564	1	610.987	1	1.0971	1	376.306	1	35.9189	1	0.00316228	273.338	301.578
693	23.0564	1	610.987	1	1.0971	1	376.306	1	35.9189	1	0.01	273.527	301.826
693	23.0564	1	610.987	1	1.0971	1	376.306	1	35.9189	1	0.0316228	274.11	302.592
693	23.0564	1	610.987	1	1.0971	1	376.306	1	35.9189	1	0.1	275.821	304.834
693	23.0564	1	610.987	1	1.0971	1	376.306	1	35.9189	1	0.316228	280.236	310.678
693	23.0564	1	610.987	1	1.0971	1	376.306	1	35.9189	1	1	288.711	322.099
693	23.0564	1	610.987	1	1.0971	1	376.306	1	35.9189	1	3.16228	299.022	335.948
693	23.0564	1	610.987	1	1.0971	1	376.306	1	35.9189	1	10	308.598	346.755
693	23.0564	1	610.987	1	1.0971	1	376.306	1	35.9189	1	31.6228	317.664	355.589
693	23.0564	1	610.987	1	1.0971	1	376.306	1	35.9189	1	100	330.733	369.522
694	31.4822	1	746.742	1	1.21637	1	41.265	1	73.8593	1	0	273.249	301.462
694	31.4822	1	746.742	1	1.21637	1	41.265	1	73.8593	1	0.001	273.276	301.496
694	31.4822	1	746.742	1	1.21637	1	41.265	1	73.8593	1	0.00316228	273.334	301.571
694	31.4822	1	746.742	1	1.21637	1	41.265	1	73.8593	1	0.01	273.515	301.807
694	31.4822	1	746.742	1	1.21637	1	41.265	1	73.8593	1	0.0316228	274.077	302.537
694	31.4822	1	746.742	1	1.21637	1	41.265	1	73.8593	1	0.1	275.745	304.698
694	31.4822	1	746.742	1	1.21637	1	41.265	1	73.8593	1	0.316228	280.196	310.499
694	31.4822	1	746.742	1	1.21637	1	41.265	1	73.8593	1	1	289.461	322.678
694	31.4822	1	746.742	1	1.21637	1	41.265	1	73.8593	1	3.16228	303.588	340.787
694	31.4822	1	746.742	1	1.21637	1	41.265	1	73.8593	1	10	325.054	364.858
694	31.4822	1	746.742	1	1.21637	1	41.265	1	73.8593	1	31.6228	366.949	407.414
694	31.4822	1	746.742	1	1.21637	1	41.265	1	73.8593	1	100	444.441	489.751
695	23.3263	1	721.424	1	1.03399	1	233.675	1	74.5846	1	0	273.249	301.462
695	23.3263	1	721.424	1	1.03399	1	233.675	1	74.5846	1	0.001	273.279	301.501
695	23.3263	1	721.424	1	1.03399	1	233.675	1	74.5846	1	0.00316228	273.343	301.585
695	23.3263	1	721.424	1	1.03399	1	233.675	1	74.5846	1	0.01	273.544	301.849
695	23.3263	1	721.424	1	1.03399	1	233.675	1	74.5846	1	0.0316228	274.164	302.662
695	23.3263	1	721.424	1	1.03399	1	233.675	1	74.5846	1	0.1	275.972	305.032
695	23.3263	1	721.424	1	1.03399	1	233.675	1	74.5846	1	0.316228	280.598	311.156
695	23.3263	1	721.424	1	1.03399	1	233.675	1	74.5846	1	1	289.326	322.927
695	23.3263	1	721.424	1	1.03399	1	233.675	1	74.5846	1	3.16228	299.888	337.042
695	23.3263	1	721.424	1	1.03399	1	233.675	1	74.5846	1	10	310.402	348.739
695	23.3263	1	721.424	1	1.03399	1	233.675	1	74.5846	1	31.6228	323.267	360.991
695	23.3263	1	721.424	1	1.03399	1	233.675	1	74.5846	1	100	344.301	383.725
696	23.9855	1	212.271	1	0.928856	1	374.639	1	66.4958	1	0	273.249	301.462
696	23.9855	1	212.271	1	0.928856	1	374.639	1	66.4958	1	0.001	273.282	301.505
696	23.9855	1	212.271	1	0.928856	1	374.639	1	66.4958	1	0.00316228	273.353	301.598
696	23.9855	1	212.271	1	0.928856	1	374.639	1	66.4958	1	0.01	273.573	301.888
696	23.9855	1	212.271	1	0.928856	1	374.639	1	66.4958	1	0.0316228	274.25	302.781
696	23.9855	1	212.271	1	0.928856	1	374.639	1	66.4958	1	0.1	276.208	305.358
696	23.9855	1	212.271	1	0.928856	1	374.639	1	66.4958	1	0.316228	281.1	311.877
696	23.9855	1	212.271	1	0.928856	1	374.639	1	66.4958	1	1	289.863	323.859
696	23.9855	1	212.271	1	0.928856	1	374.639	1	66.4958	1	3.16228	299.501	337.022
696	23.9855	1	212.271	1	0.928856	1	374.639	1	66.4958	1	10	307.502	345.971
696	23.9855	1	212.271	1	0.928856	1	374.639	1	66.4958	1	31.6228	314.583	351.695
696	23.9855	1	212.271	1	0.928856	1	374.639	1	66.4958	1	100	321.217	359.148
697	28.3164	1	511.858	1	1.34105	1	201.215	1	70.121	1	0	273.249	301.462
697	28.3164	1	511.858	1	1.34105	1	201.215	1	70.121	1	0.001	273.272	301.492
697	28.3164	1	511.858	1	1.34105	1	201.215	1	70.121	1	0.00316228	273.322	301.557
697	28.3164	1	511.858	1	1.34105	1	201.215	1	70.121	1	0.01	273.478	301.762
697	28.3164	1	511.858	1	1.34105	1	201.215	1	70.121	1	0.0316228	273.962	302.396
697	28.3164	1	511.858	1	1.34105	1	201.215	1	70.121	1	0.1	275.401	304.279
697	28.3164	1	511.858	1	1.34105	1	201.215	1	70.121	1	0.316228	279.241	309.343
697	28.3164	1	511.858	1	1.34105	1	201.215	1	70.121	1	1	287.158	319.935
697	28.3164	1	511.858	1	1.34105	1	201.215	1	70.121	1	3.16228	297.91	334.348
697	28.3164	1	511.858	1	1.34105	1	201.215	1	70.121	1	10	309.075	347.396
697	28.3164	1	511.858	1	1.34105	1	201.215	1	70.121	1	31.6228	323.451	361.212
697	28.3164	1	511.858	1	1.34105	1	201.215	1	70.121	1	100	346.543	385.977
698	30.5512	1	608.051	1	0.681719	1	582.191	1	87.3927	1	0	273.249	301.462
698	30.5512	1	608.051	1	0.681719	1	582.191	1	87.3927	1	0.001	273.294	301.52
698	30.5512	1	608.051	1	0.681719	1	582.191	1	87.3927	1	0.00316228	273.389	301.647
698	30.5512	1	608.051	1	0.681719	1	582.191	1	87.3927	1	0.01	273.688	302.042
698	30.5512	1	608.051	1	0.681719	1	582.191	1	87.3927	1	0.0316228	274.595	303.241
698	30.5512	1	608.051	1	0.681719	1	582.191	1	87.3927	1	0.1	277.137	306.603
698	30.5512	1	608.051	1	0.681719	1	582.191	1	87.3927	1	0.316228	283.075	314.623
698	30.5512	1	608.051	1	0.681719	1	582.191	1	87.3927	1	1	292.394	327.617
698	30.5512	1	608.051	1	0.681719	1	582.191	1	87.3927	1	3.16228	301.243	339.916
698	30.5512	1	608.051	1	0.681719	1	582.191	1	87.3927	1	10	308.23	347.672
698	30.5512	1	608.051	1	0.681719	1	582.191	1	87.3927	1	31.6228	315.68	353.43
698	30.5512	1	608.051	1	0.681719	1	582.191	1	87.3927	1	100	323.427	361.537
699	26.762	1	647.735	1	1.12418	1	129.674	1	60.5566	1	0	273.249	301.462
699	26.762	1	647.735	1	1.12418	1	129.674	1	60.5566	1	0.001	273.277	301.498
699	26.762	1	647.735	1	1.12418	1	129.674	1	60.5566	1	0.00316228	273.337	301.576
699	26.762	1	647.735	1	1.12418	1	129.674	1	60.5566	1	0.01	273.523	301.821
699	26.762	1	647.735	1	1.12418	1	129.674	1	60.5566	1	0.0316228	274.1	302.577
699	26.762	1	647.735	1	1.12418	1	129.674	1	60.5566	1	0.1	275.797	304.797
699	26.762	1	647.735	1	1.12418	1	129.674	1	60.5566	1	0.316228	280.211	310.626
699	26.762	1	647.735	1	1.12418	1	129.674	1	60.5566	1	1	288.851	322.224
699	26.762	1	647.735	1	1.12418	1	129.674	1	60.5566	1	3.16228	300.048	337.113
699	26.762	1	647.735	1	1.12418	1	129.674	1	60.5566	1	10	312.5	351.222
699	26.762	1	647.735	1	1.12418	1	129.674	1	60.5566	1	31.6228	331.417	369.801
699	26.762	1	647.735	1	1.12418	1	129.674	1	60.5566	1	100	365.934	406.69
700	21.8923	1	378.886	1	1.81166	1	254.557	1	44.8018	1	0	273.249	301.462
700	21.8923	1	378.886	1	1.81166	1	254.557	1	44.8018	1	0.001	273.267	301.484
700	21.8923	1	378.886	1	1.81166	1	254.557	1	44.8018	1	0.00316228	273.304	301.532
700	21.8923	1	378.886	1	1.81166	1	254.557	1	44.8018	1	0.01	273.421	301.684
700	21.8923	1	378.886	1	1.81166	1	254.557	1	44.8018	1	0.0316228	273.785	302.158
700	21.8923	1	378.886	1	1.81166	1	254.557	1	44.8018	1	0.1	274.886	303.587
700	21.8923	1	378.886	1	1.81166	1	254.557	1	44.8018	1	0.316228	277.94	307.553
700	21.8923	1	378.886	1	1.81166	1	254.557	1	44.8018	1	1	284.859	316.621
700	21.8923	1	378.886	1	1.81166	1	254.557	1	44.8018	1	3.16228	295.541	330.614
700	21.8923	1	378.886	1	1.81166	1	254.557	1	44.8018	1	10	307.313	344.287
700	21.8923	1	378.886	1	1.81166	1	254.557	1	44.8018	1	31.6228	319.356	356.583
700	21.8923	1	378.886	1	1.81166	1	254.557	1	44.8018	1	100	336.616	375.418
701	22.9088	1	721.554	1	0.761466	1	173.593	1	54.8545	1	0	273.249	301.462
701	22.9088	1	721.554	1	0.761466	1	173.593	1	54.8545	1	0.001	273.29	301.515
701	22.9088	1	721.554	1	0.761466	1	173.593	1	54.8545	1	0.00316228	273.376	301.629
701	22.9088	1	721.554	1	0.761466	1	173.593	1	54.8545	1	0.01	273.647	301.986
701	22.9088	1	721.554	1	0.761466	1	173.593	1	54.8545	1	0.0316228	274.475	303.074
701	22.9088	1	721.554	1	0.761466	1	173.593	1	54.8545	1	0.1	276.825	306.162
701	22.9088	1	721.554	1	0.761466	1	173.593	1	54.8545	1	0.316228	282.486	313.73
701	22.9088	1	721.554	1	0.761466	1	173.593	1	54.8545	1	1	291.98	326.706
701	22.9088	1	721.554	1	0.761466	1	173.593	1	54.8545	1	3.16228	302.203	340.357
701	22.9088	1	721.554	1	0.761466	1	173.593	1	54.8545	1	10	312.625	351.501
701	22.9088	1	721.554	1	0.761466	1	173.593	1	54.8545	1	31.6228	327.467	365.75
701	22.9088	1	721.554	1	0.761466	1	173.593	1	54.8545	1	100	354.608	394.826
702	26.138	1	541.195	1	1.89431	1	1338.94	1	61.9399	1	0	273.249	301.462
702	26.138	1	541.195	1	1.89431	1	1338.94	1	61.9399	1	0.001	273.266	301.483
702	26.138	1	541.195	1	1.89431	1	1338.94	1	61.9399	1	0.00316228	273.301	301.529
702	26.138	1	541.195	1	1.89431	1	1338.94	1	61.9399	1	0.01	273.411	301.673
702	26.138	1	541.195	1	1.89431	1	1338.94	1	61.9399	1	0.0316228	273.755	302.121
702	26.138	1	541.195	1	1.89431	1	1338.94	1	61.9399	1	0.1	274.793	303.477
702	26.138	1	541.195	1	1.89431	1	1338.94	1	61.9399	1	0.316228	277.68	307.245
702	26.138	1	541.195	1	1.89431	1	1338.94	1	61.9399	1	1	284.245	315.926
702	26.138	1	541.195	1	1.89431	1	1338.94	1	61.9399	1	3.16228	294.231	329.245
702	26.138	1	541.195	1	1.89431	1	1338.94	1	61.9399	1	10	304.111	341.207
702	26.138	1	541.195	1	1.89431	1	1338.94	1	61.9399	1	31.6228	311.378	348.099
702	26.138	1	541.195	1	1.89431	1	1338.94	1	61.9399	1	100	313.65	351.076
703	32.9731	1	129.23	1	1.31608	1	238.107	1	66.1273	1	0	273.249	301.462
703	32.9731	1	129.23	1	1.31608	1	238.107	1	66.1273	1	0.001	273.272	301.492
703	32.9731	1	129.23	1	1.31608	1	238.107	1	66.1273	1	0.00316228	273.322	301.557
703	32.9731	1	129.23	1	1.31608	1	238.107	1	66.1273	1	0.01	273.477	301.763
703	32.9731	1	129.23	1	1.31608	1	238.107	1	66.1273	1	0.0316228	273.959	302.399
703	32.9731	1	129.23	1	1.31608	1	238.107	1	66.1273	1	0.1	275.387	304.282
703	32.9731	1	129.23	1	1.31608	1	238.107	1	66.1273	1	0.316228	279.174	309.321
703	32.9731	1	129.23	1	1.31608	1	238.107	1	66.1273	1	1	286.835	319.713
703	32.9731	1	129.23	1	1.31608	1	238.107	1	66.1273	1	3.16228	296.629	333.251
703	32.9731	1	129.23	1	1.31608	1	238.107	1	66.1273	1	10	305.048	343.691
703	32.9731	1	129.23	1	1.31608	1	238.107	1	66.1273	1	31.6228	313.176	350.876
703	32.9731	1	129.23	1	1.31608	1	238.107	1	66.1273	1	100	323.125	361.86
704	30.9696	1	721.667	1	0.760844	1	287.095	1	74.4254	1	0	273.249	301.462
704	30.9696	1	721.667	1	0.760844	1	287.095	1	74.4254	1	0.001	273.289	301.514
704	30.9696	1	721.667	1	0.760844	1	287.095	1	74.4254	1	0.00316228	273.376	301.628
704	30.9696	1	721.667	1	0.760844	1	287.095	1	74.4254	1	0.01	273.645	301.984
704	30.9696	1	721.667	1	0.760844	1	287.095	1	74.4254	1	0.0316228	274.466	303.069
704	30.9696	1	721.667	1	0.760844	1	287.095	1	74.4254	1	0.1	276.797	306.143
704	30.9696	1	721.667	1	0.760844	1	287.095	1	74.4254	1	0.316228	282.393	313.664
704	30.9696	1	721.667	1	0.760844	1	287.095	1	74.4254	1	1	291.658	326.474
704	30.9696	1	721.667	1	0.760844	1	287.095	1	74.4254	1	3.16228	301.178	339.57
704	30.9696	1	721.667	1	0.760844	1	287.095	1	74.4254	1	10	309.653	349.098
704	30.9696	1	721.667	1	0.760844	1	287.095	1	74.4254	1	31.6228	320.795	358.913
704	30.9696	1	721.667	1	0.760844	1	287.095	1	74.4254	1	100	338.239	377.342
705	30.3659	1	457.263	1	0.732543	1	145.809	1	49.5979	1	0	273.249	301.462
705	30.3659	1	457.263	1	0.732543	1	145.809	1	49.5979	1	0.001	273.291	301.517
705	30.3659	1	457.263	1	0.732543	1	145.809	1	49.5979	1	0.00316228	273.381	301.635
705	30.3659	1	457.263	1	0.732543	1	145.809	1	49.5979	1	0.01	273.662	302.006
705	30.3659	1	457.263	1	0.732543	1	145.809	1	49.5979	1	0.0316228	274.517	303.135
705	30.3659	1	457.263	1	0.732543	1	145.809	1	49.5979	1	0.1	276.938	306.324
705	30.3659	1	457.263	1	0.732543	1	145.809	1	49.5979	1	0.316228	282.713	314.082
705	30.3659	1	457.263	1	0.732543	1	145.809	1	49.5979	1	1	292.215	327.19
705	30.3659	1	457.263	1	0.732543	1	145.809	1	49.5979	1	3.16228	302.206	340.766
705	30.3659	1	457.263	1	0.732543	1	145.809	1	49.5979	1	10	312.266	351.942
705	30.3659	1	457.263	1	0.732543	1	145.809	1	49.5979	1	31.6228	328.337	367.102
705	30.3659	1	457.263	1	0.732543	1	145.809	1	49.5979	1	100	358.077	398.623
706	37.2925	1	442.5	1	0.976171	1	164.117	1	84.8959	1	0	273.249	301.462
706	37.2925	1	442.5	1	0.976171	1	164.117	1	84.8959	1	0.001	273.281	301.503
706	37.2925	1	442.5	1	0.976171	1	164.117	1	84.8959	1	0.00316228	273.348	301.592
706	37.2925	1	442.5	1	0.976171	1	164.117	1	84.8959	1	0.01	273.56	301.872
706	37.2925	1	442.5	1	0.976171	1	164.117	1	84.8959	1	0.0316228	274.212	302.731
706	37.2925	1	442.5	1	0.976171	1	164.117	1	84.8959	1	0.1	276.105	305.225
706	37.2925	1	442.5	1	0.976171	1	164.117	1	84.8959	1	0.316228	280.891	311.607
706	37.2925	1	442.5	1	0.976171	1	164.117	1	84.8959	1	1	289.704	323.657
706	37.2925	1	442.5	1	0.976171	1	164.117	1	84.8959	1	3.16228	300.046	337.832
706	37.2925	1	442.5	1	0.976171	1	164.117	1	84.8959	1	10	310.193	349.78
706	37.2925	1	442.5	1	0.976171	1	164.117	1	84.8959	1	31.6228	325.542	364.211
706	37.2925	1	442.5	1	0.976171	1	164.117	1	84.8959	1	100	352.622	392.456
707	15.5421	1	321.715	1	2.94074	1	224.791	1	57.7729	1	0	273.249	301.462
707	15.5421	1	321.715	1	2.94074	1	224.791	1	57.7729	1	0.001	273.26	301.476
707	15.5421	1	321.715	1	2.94074	1	224.791	1	57.7729	1	0.00316228	273.284	301.506
707	15.5421	1	321.715	1	2.94074	1	224.791	1	57.7729	1	0.01	273.36	301.601
707	15.5421	1	321.715	1	2.94074	1	224.791	1	57.7729	1	0.0316228	273.596	301.899
707	15.5421	1	321.715	1	2.94074	1	224.791	1	57.7729	1	0.1	274.321	302.815
707	15.5421	1	321.715	1	2.94074	1	224.791	1	57.7729	1	0.316228	276.435	305.468
707	15.5421	1	321.715	1	2.94074	1	224.791	1	57.7729	1	1	281.834	312.228
707	15.5421	1	321.715	1	2.94074	1	224.791	1	57.7729	1	3.16228	292.147	325.03
707	15.5421	1	321.715	1	2.94074	1	224.791	1	57.7729	1	10	305.959	340.692
707	15.5421	1	321.715	1	2.94074	1	224.791	1	57.7729	1	31.6228	319.469	355.782
707	15.5421	1	321.715	1	2.94074	1	224.791	1	57.7729	1	100	338.56	377.139
708	88.1614	1	260.303	1	1.62915	1	308.208	1	64.2304	1	0	273.249	301.462
708	88.1614	1	260.303	1	1.62915	1	308.208	1	64.2304	1	0.001	273.268	301.486
708	88.1614	1	260.303	1	1.62915	1	308.208	1	64.2304	1	0.00316228	273.308	301.539
708	88.1614	1	260.303	1	1.62915	1	308.208	1	64.2304	1	0.01	273.434	301.706
708	88.1614	1	260.303	1	1.62915	1	308.208	1	64.2304	1	0.0316228	273.826	302.226
708	88.1614	1	260.303	1	1.62915	1	308.208	1	64.2304	1	0.1	275.001	303.783
708	88.1614	1	260.303	1	1.62915	1	308.208	1	64.2304	1	0.316228	278.206	308.055
708	88.1614	1	260.303	1	1.62915	1	308.208	1	64.2304	1	1	285.12	317.474
708	88.1614	1	260.303	1	1.62915	1	308.208	1	64.2304	1	3.16228	294.769	331.09
708	88.1614	1	260.303	1	1.62915	1	308.208	1	64.2304	1	10	303.26	342.824
708	88.1614	1	260.303	1	1.62915	1	308.208	1	64.2304	1	31.6228	311.141	351.386
708	88.1614	1	260.303	1	1.62915	1	308.208	1	64.2304	1	100	323.613	363.331
709	61.7258	1	511.213	1	1.59391	1	494.193	1	59.5442	1	0	273.249	301.462
709	61.7258	1	511.213	1	1.59391	1	494.193	1	59.5442	1	0.001	273.268	301.487
709	61.7258	1	511.213	1	1.59391	1	494.193	1	59.5442	1	0.00316228	273.31	301.541
709	61.7258	1	511.213	1	1.59391	1	494.193	1	59.5442	1	0.01	273.439	301.712
709	61.7258	1	511.213	1	1.59391	1	494.193	1	59.5442	1	0.0316228	273.841	302.244
709	61.7258	1	511.213	1	1.59391	1	494.193	1	59.5442	1	0.1	275.046	303.836
709	61.7258	1	511.213	1	1.59391	1	494.193	1	59.5442	1	0.316228	278.325	308.193
709	61.7258	1	511.213	1	1.59391	1	494.193	1	59.5442	1	1	285.364	317.739
709	61.7258	1	511.213	1	1.59391	1	494.193	1	59.5442	1	3.16228	295.145	331.387
709	61.7258	1	511.213	1	1.59391	1	494.193	1	59.5442	1	10	303.852	342.989
709	61.7258	1	511.213	1	1.59391	1	494.193	1	59.5442	1	31.6228	312.013	351.076
709	61.7258	1	511.213	1	1.59391	1	494.193	1	59.5442	1	100	321.734	360.935
710	30.2187	1	271.181	1	1.0627	1	430.355	1	130.893	1	0	273.249	301.462
710	30.2187	1	271.181	1	1.0627	1	430.355	1	130.893	1	0.001	273.278	301.499
710	30.2187	1	271.181	1	1.0627	1	430.355	1	130.893	1	0.00316228	273.34	301.58
710	30.2187	1	271.181	1	1.0627	1	430.355	1	130.893	1	0.01	273.533	301.835
710	30.2187	1	271.181	1	1.0627	1	430.355	1	130.893	1	0.0316228	274.127	302.62
710	30.2187	1	271.181	1	1.0627	1	430.355	1	130.893	1	0.1	275.865	304.91
710	30.2187	1	271.181	1	1.0627	1	430.355	1	130.893	1	0.316228	280.314	310.841
710	30.2187	1	271.181	1	1.0627	1	430.355	1	130.893	1	1	288.684	322.264
710	30.2187	1	271.181	1	1.0627	1	430.355	1	130.893	1	3.16228	298.415	335.673
710	30.2187	1	271.181	1	1.0627	1	430.355	1	130.893	1	10	306.519	345.269
710	30.2187	1	271.181	1	1.0627	1	430.355	1	130.893	1	31.6228	314.24	351.498
710	30.2187	1	271.181	1	1.0627	1	430.355	1	130.893	1	100	321.445	359.025
711	26.328	1	381.579	1	0.571062	1	364.143	1	91.3065	1	0	273.249	301.462
711	26.328	1	381.579	1	0.571062	1	364.143	1	91.3065	1	0.001	273.302	301.532
711	26.328	1	381.579	1	0.571062	1	364.143	1	91.3065	1	0.00316228	273.416	301.683
711	26.328	1	381.579	1	0.571062	1	364.143	1	91.3065	1	0.01	273.771	302.152
711	26.328	1	381.579	1	0.571062	1	364.143	1	91.3065	1	0.0316228	274.841	303.568
711	26.328	1	381.579	1	0.571062	1	364.143	1	91.3065	1	0.1	277.793	307.487
711	26.328	1	381.579	1	0.571062	1	364.143	1	91.3065	1	0.316228	284.352	316.383
711	26.328	1	381.579	1	0.571062	1	364.143	1	91.3065	1	1	293.896	329.749
711	26.328	1	381.579	1	0.571062	1	364.143	1	91.3065	1	3.16228	302.43	341.483
711	26.328	1	381.579	1	0.571062	1	364.143	1	91.3065	1	10	309.526	348.899
711	26.328	1	381.579	1	0.571062	1	364.143	1	91.3065	1	31.6228	317.857	355.471
711	26.328	1	381.579	1	0.571062	1	364.143	1	91.3065	1	100	328.543	366.85
712	29.7004	1	297.725	1	1.43713	1	391.656	1	62.6242	1	0	273.249	301.462
712	29.7004	1	297.725	1	1.43713	1	391.656	1	62.6242	1	0.001	273.271	301.49
712	29.7004	1	297.725	1	1.43713	1	391.656	1	62.6242	1	0.00316228	273.317	301.55
712	29.7004	1	297.725	1	1.43713	1	391.656	1	62.6242	1	0.01	273.461	301.739
712	29.7004	1	297.725	1	1.43713	1	391.656	1	62.6242	1	0.0316228	273.908	302.327
712	29.7004	1	297.725	1	1.43713	1	391.656	1	62.6242	1	0.1	275.241	304.077
712	29.7004	1	297.725	1	1.43713	1	391.656	1	62.6242	1	0.316228	278.825	308.813
712	29.7004	1	297.725	1	1.43713	1	391.656	1	62.6242	1	1	286.318	318.877
712	29.7004	1	297.725	1	1.43713	1	391.656	1	62.6242	1	3.16228	296.431	332.611
712	29.7004	1	297.725	1	1.43713	1	391.656	1	62.6242	1	10	305.791	343.922
712	29.7004	1	297.725	1	1.43713	1	391.656	1	62.6242	1	31.6228	314.59	351.908
712	29.7004	1	297.725	1	1.43713	1	391.656	1	62.6242	1	100	323.511	361.719
713	27.2744	1	423.608	1	1.06982	1	487.942	1	87.8516	1	0	273.249	301.462
713	27.2744	1	423.608	1	1.06982	1	487.942	1	87.8516	1	0.001	273.278	301.499
713	27.2744	1	423.608	1	1.06982	1	487.942	1	87.8516	1	0.00316228	273.339	301.58
713	27.2744	1	423.608	1	1.06982	1	487.942	1	87.8516	1	0.01	273.532	301.834
713	27.2744	1	423.608	1	1.06982	1	487.942	1	87.8516	1	0.0316228	274.125	302.615
713	27.2744	1	423.608	1	1.06982	1	487.942	1	87.8516	1	0.1	275.861	304.898
713	27.2744	1	423.608	1	1.06982	1	487.942	1	87.8516	1	0.316228	280.313	310.817
713	27.2744	1	423.608	1	1.06982	1	487.942	1	87.8516	1	1	288.733	322.258
713	27.2744	1	423.608	1	1.06982	1	487.942	1	87.8516	1	3.16228	298.66	335.805
713	27.2744	1	423.608	1	1.06982	1	487.942	1	87.8516	1	10	307.263	345.771
713	27.2744	1	423.608	1	1.06982	1	487.942	1	87.8516	1	31.6228	315.447	352.721
713	27.2744	1	423.608	1	1.06982	1	487.942	1	87.8516	1	100	323.572	361.516
714	30.6566	1	198.138	1	0.799131	1	129.912	1	56.0808	1	0	273.249	301.462
714	30.6566	1	198.138	1	0.799131	1	129.912	1	56.0808	1	0.001	273.288	301.512
714	30.6566	1	198.138	1	0.799131	1	129.912	1	56.0808	1	0.00316228	273.37	301.621
714	30.6566	1	198.138	1	0.799131	1	129.912	1	56.0808	1	0.01	273.627	301.96
714	30.6566	1	198.138	1	0.799131	1	129.912	1	56.0808	1	0.0316228	274.413	302.998
714	30.6566	1	198.138	1	0.799131	1	129.912	1	56.0808	1	0.1	276.657	305.955
714	30.6566	1	198.138	1	0.799131	1	129.912	1	56.0808	1	0.316228	282.11	313.268
714	30.6566	1	198.138	1	0.799131	1	129.912	1	56.0808	1	1	291.392	326.045
714	30.6566	1	198.138	1	0.799131	1	129.912	1	56.0808	1	3.16228	301.422	339.746
714	30.6566	1	198.138	1	0.799131	1	129.912	1	56.0808	1	10	311.279	350.885
714	30.6566	1	198.138	1	0.799131	1	129.912	1	56.0808	1	31.6228	326.487	365.014
714	30.6566	1	198.138	1	0.799131	1	129.912	1	56.0808	1	100	353.203	393.625
715	16.4179	1	357.457	1	2.08901	1	553.236	1	75.1097	1	0	273.249	301.462
715	16.4179	1	357.457	1	2.08901	1	553.236	1	75.1097	1	0.001	273.264	301.481
715	16.4179	1	357.457	1	2.08901	1	553.236	1	75.1097	1	0.00316228	273.297	301.523
715	16.4179	1	357.457	1	2.08901	1	553.236	1	75.1097	1	0.01	273.399	301.654
715	16.4179	1	357.457	1	2.08901	1	553.236	1	75.1097	1	0.0316228	273.717	302.064
715	16.4179	1	357.457	1	2.08901	1	553.236	1	75.1097	1	0.1	274.685	303.307
715	16.4179	1	357.457	1	2.08901	1	553.236	1	75.1097	1	0.316228	277.405	306.79
715	16.4179	1	357.457	1	2.08901	1	553.236	1	75.1097	1	1	283.819	315.056
715	16.4179	1	357.457	1	2.08901	1	553.236	1	75.1097	1	3.16228	294.264	328.422
715	16.4179	1	357.457	1	2.08901	1	553.236	1	75.1097	1	10	305.728	341.439
715	16.4179	1	357.457	1	2.08901	1	553.236	1	75.1097	1	31.6228	313.72	350.097
715	16.4179	1	357.457	1	2.08901	1	553.236	1	75.1097	1	100	320.134	357.717
716	21.7522	1	641.034	1	0.729828	1	223.618	1	100.221	1	0	273.249	301.462
716	21.7522	1	641.034	1	0.729828	1	223.618	1	100.221	1	0.001	273.291	301.517
716	21.7522	1	641.034	1	0.729828	1	223.618	1	100.221	1	0.00316228	273.381	301.636
716	21.7522	1	641.034	1	0.729828	1	223.618	1	100.221	1	0.01	273.663	302.007
716	21.7522	1	641.034	1	0.729828	1	223.618	1	100.221	1	0.0316228	274.521	303.137
716	21.7522	1	641.034	1	0.729828	1	223.618	1	100.221	1	0.1	276.948	306.327
716	21.7522	1	641.034	1	0.729828	1	223.618	1	100.221	1	0.316228	282.735	314.075
716	21.7522	1	641.034	1	0.729828	1	223.618	1	100.221	1	1	292.234	327.094
716	21.7522	1	641.034	1	0.729828	1	223.618	1	100.221	1	3.16228	302.123	340.311
716	21.7522	1	641.034	1	0.729828	1	223.618	1	100.221	1	10	311.745	350.435
716	21.7522	1	641.034	1	0.729828	1	223.618	1	100.221	1	31.6228	324.059	361.931
716	21.7522	1	641.034	1	0.729828	1	223.618	1	100.221	1	100	345.251	384.684
717	21.3316	1	297.495	1	0.934492	1	243.379	1	33.8279	1	0	273.249	301.462
717	21.3316	1	297.495	1	0.934492	1	243.379	1	33.8279	1	0.001	273.282	301.505
717	21.3316	1	297.495	1	0.934492	1	243.379	1	33.8279	1	0.00316228	273.353	301.597
717	21.3316	1	297.495	1	0.934492	1	243.379	1	33.8279	1	0.01	273.574	301.888
717	21.3316	1	297.495	1	0.934492	1	243.379	1	33.8279	1	0.0316228	274.253	302.781
717	21.3316	1	297.495	1	0.934492	1	243.379	1	33.8279	1	0.1	276.219	305.361
717	21.3316	1	297.495	1	0.934492	1	243.379	1	33.8279	1	0.316228	281.15	311.903
717	21.3316	1	297.495	1	0.934492	1	243.379	1	33.8279	1	1	290.084	324.023
717	21.3316	1	297.495	1	0.934492	1	243.379	1	33.8279	1	3.16228	300.281	337.695
717	21.3316	1	297.495	1	0.934492	1	243.379	1	33.8279	1	10	309.785	348.096
717	21.3316	1	297.495	1	0.934492	1	243.379	1	33.8279	1	31.6228	319.647	357.647
717	21.3316	1	297.495	1	0.934492	1	243.379	1	33.8279	1	100	335.776	374.867
718	41.2054	1	504.657	1	1.10086	1	471.984	1	75.969	1	0	273.249	301.462
718	41.2054	1	504.657	1	1.10086	1	471.984	1	75.969	1	0.001	273.277	301.498
718	41.2054	1	504.657	1	1.10086	1	471.984	1	75.969	1	0.00316228	273.336	301.577
718	41.2054	1	504.657	1	1.10086	1	471.984	1	75.969	1	0.01	273.523	301.823
718	41.2054	1	504.657	1	1.10086	1	471.984	1	75.969	1	0.0316228	274.099	302.584
718	41.2054	1	504.657	1	1.10086	1	471.984	1	75.969	1	0.1	275.784	304.809
718	41.2054	1	504.657	1	1.10086	1	471.984	1	75.969	1	0.316228	280.126	310.607
718	41.2054	1	504.657	1	1.10086	1	471.984	1	75.969	1	1	288.384	321.916
718	41.2054	1	504.657	1	1.10086	1	471.984	1	75.969	1	3.16228	298.124	335.49
718	41.2054	1	504.657	1	1.10086	1	471.984	1	75.969	1	10	306.241	345.554
718	41.2054	1	504.657	1	1.10086	1	471.984	1	75.969	1	31.6228	314.606	352.839
718	41.2054	1	504.657	1	1.10086	1	471.984	1	75.969	1	100	324.426	362.856
719	24.6551	1	329.423	1	1.08467	1	441.977	1	105.373	1	0	273.249	301.462
719	24.6551	1	329.423	1	1.08467	1	441.977	1	105.373	1	0.001	273.278	301.499
719	24.6551	1	329.423	1	1.08467	1	441.977	1	105.373	1	0.00316228	273.338	301.578
719	24.6551	1	329.423	1	1.08467	1	441.977	1	105.373	1	0.01	273.528	301.828
719	24.6551	1	329.423	1	1.08467	1	441.977	1	105.373	1	0.0316228	274.114	302.599
719	24.6551	1	329.423	1	1.08467	1	441.977	1	105.373	1	0.1	275.829	304.853
719	24.6551	1	329.423	1	1.08467	1	441.977	1	105.373	1	0.316228	280.242	310.711
719	24.6551	1	329.423	1	1.08467	1	441.977	1	105.373	1	1	288.64	322.085
719	24.6551	1	329.423	1	1.08467	1	441.977	1	105.373	1	3.16228	298.635	335.642
719	24.6551	1	329.423	1	1.08467	1	441.977	1	105.373	1	10	307.401	345.642
719	24.6551	1	329.423	1	1.08467	1	441.977	1	105.373	1	31.6228	315.494	352.484
719	24.6551	1	329.423	1	1.08467	1	441.977	1	105.373	1	100	323.184	360.975
720	39.7458	1	713.903	1	0.462162	1	291.194	1	51.1913	1	0	273.249	301.462
720	39.7458	1	713.903	1	0.462162	1	291.194	1	51.1913	1	0.001	273.315	301.548
720	39.7458	1	713.903	1	0.462162	1	291.194	1	51.1913	1	0.00316228	273.455	301.735
720	39.7458	1	713.903	1	0.462162	1	291.194	1	51.1913	1	0.01	273.891	302.312
720	39.7458	1	713.903	1	0.462162	1	291.194	1	51.1913	1	0.0316228	275.19	304.034
720	39.7458	1	713.903	1	0.462162	1	291.194	1	51.1913	1	0.1	278.68	308.702
720	39.7458	1	713.903	1	0.462162	1	291.194	1	51.1913	1	0.316228	285.94	318.654
720	39.7458	1	713.903	1	0.462162	1	291.194	1	51.1913	1	1	295.483	332.254
720	39.7458	1	713.903	1	0.462162	1	291.194	1	51.1913	1	3.16228	303.296	343.227
720	39.7458	1	713.903	1	0.462162	1	291.194	1	51.1913	1	10	309.901	350.458
720	39.7458	1	713.903	1	0.462162	1	291.194	1	51.1913	1	31.6228	319.866	358.892
720	39.7458	1	713.903	1	0.462162	1	291.194	1	51.1913	1	100	336.82	376.566
721	28.3616	1	275.774	1	1.81218	1	123.017	1	34.2313	1	0	273.249	301.462
721	28.3616	1	275.774	1	1.81218	1	123.017	1	34.2313	1	0.001	273.267	301.484
721	28.3616	1	275.774	1	1.81218	1	123.017	1	34.2313	1	0.00316228	273.304	301.533
721	28.3616	1	275.774	1	1.81218	1	123.017	1	34.2313	1	0.01	273.422	301.687
721	28.3616	1	275.774	1	1.81218	1	123.017	1	34.2313	1	0.0316228	273.79	302.166
721	28.3616	1	275.774	1	1.81218	1	123.017	1	34.2313	1	0.1	274.901	303.611
721	28.3616	1	275.774	1	1.81218	1	123.017	1	34.2313	1	0.316228	277.988	307.631
721	28.3616	1	275.774	1	1.81218	1	123.017	1	34.2313	1	1	285.016	316.881
721	28.3616	1	275.774	1	1.81218	1	123.017	1	34.2313	1	3.16228	296.13	331.514
721	28.3616	1	275.774	1	1.81218	1	123.017	1	34.2313	1	10	309.445	347.271
721	28.3616	1	275.774	1	1.81218	1	123.017	1	34.2313	1	31.6228	327.755	366.066
721	28.3616	1	275.774	1	1.81218	1	123.017	1	34.2313	1	100	359.429	400.309
722	34.2335	1	552.939	1	0.911135	1	238.98	1	67.6932	1	0	273.249	301.462
722	34.2335	1	552.939	1	0.911135	1	238.98	1	67.6932	1	0.001	273.283	301.506
722	34.2335	1	552.939	1	0.911135	1	238.98	1	67.6932	1	0.00316228	273.355	301.601
722	34.2335	1	552.939	1	0.911135	1	238.98	1	67.6932	1	0.01	273.581	301.899
722	34.2335	1	552.939	1	0.911135	1	238.98	1	67.6932	1	0.0316228	274.275	302.815
722	34.2335	1	552.939	1	0.911135	1	238.98	1	67.6932	1	0.1	276.277	305.454
722	34.2335	1	552.939	1	0.911135	1	238.98	1	67.6932	1	0.316228	281.265	312.119
722	34.2335	1	552.939	1	0.911135	1	238.98	1	67.6932	1	1	290.175	324.355
722	34.2335	1	552.939	1	0.911135	1	238.98	1	67.6932	1	3.16228	300.128	338.051
722	34.2335	1	552.939	1	0.911135	1	238.98	1	67.6932	1	10	309.253	348.68
722	34.2335	1	552.939	1	0.911135	1	238.98	1	67.6932	1	31.6228	321.448	359.778
722	34.2335	1	552.939	1	0.911135	1	238.98	1	67.6932	1	100	341.424	380.744
723	20.5911	1	809.292	1	1.20786	1	248.416	1	65.4789	1	0	273.249	301.462
723	20.5911	1	809.292	1	1.20786	1	248.416	1	65.4789	1	0.001	273.275	301.495
723	20.5911	1	809.292	1	1.20786	1	248.416	1	65.4789	1	0.00316228	273.33	301.567
723	20.5911	1	809.292	1	1.20786	1	248.416	1	65.4789	1	0.01	273.504	301.794
723	20.5911	1	809.292	1	1.20786	1	248.416	1	65.4789	1	0.0316228	274.041	302.496
723	20.5911	1	809.292	1	1.20786	1	248.416	1	65.4789	1	0.1	275.625	304.564
723	20.5911	1	809.292	1	1.20786	1	248.416	1	65.4789	1	0.316228	279.792	310.043
723	20.5911	1	809.292	1	1.20786	1	248.416	1	65.4789	1	1	288.115	321.13
723	20.5911	1	809.292	1	1.20786	1	248.416	1	65.4789	1	3.16228	298.981	335.463
723	20.5911	1	809.292	1	1.20786	1	248.416	1	65.4789	1	10	310.155	347.876
723	20.5911	1	809.292	1	1.20786	1	248.416	1	65.4789	1	31.6228	322.686	360.318
723	20.5911	1	809.292	1	1.20786	1	248.416	1	65.4789	1	100	343.084	382.496
724	27.5346	1	664.793	1	1.33488	1	275.866	1	58.7042	1	0	273.249	301.462
724	27.5346	1	664.793	1	1.33488	1	275.866	1	58.7042	1	0.001	273.273	301.492
724	27.5346	1	664.793	1	1.33488	1	275.866	1	58.7042	1	0.00316228	273.322	301.557
724	27.5346	1	664.793	1	1.33488	1	275.866	1	58.7042	1	0.01	273.479	301.762
724	27.5346	1	664.793	1	1.33488	1	275.866	1	58.7042	1	0.0316228	273.964	302.398
724	27.5346	1	664.793	1	1.33488	1	275.866	1	58.7042	1	0.1	275.404	304.284
724	27.5346	1	664.793	1	1.33488	1	275.866	1	58.7042	1	0.316228	279.243	309.349
724	27.5346	1	664.793	1	1.33488	1	275.866	1	58.7042	1	1	287.128	319.906
724	27.5346	1	664.793	1	1.33488	1	275.866	1	58.7042	1	3.16228	297.699	334.109
724	27.5346	1	664.793	1	1.33488	1	275.866	1	58.7042	1	10	308.256	346.46
724	27.5346	1	664.793	1	1.33488	1	275.866	1	58.7042	1	31.6228	320.428	358.132
724	27.5346	1	664.793	1	1.33488	1	275.866	1	58.7042	1	100	338.592	377.68
725	33.6126	1	973.154	1	0.930764	1	392.804	1	67.6656	1	0	273.249	301.462
725	33.6126	1	973.154	1	0.930764	1	392.804	1	67.6656	1	0.001	273.282	301.505
725	33.6126	1	973.154	1	0.930764	1	392.804	1	67.6656	1	0.00316228	273.353	301.598
725	33.6126	1	973.154	1	0.930764	1	392.804	1	67.6656	1	0.01	273.574	301.89
725	33.6126	1	973.154	1	0.930764	1	392.804	1	67.6656	1	0.0316228	274.252	302.785
725	33.6126	1	973.154	1	0.930764	1	392.804	1	67.6656	1	0.1	276.213	305.371
725	33.6126	1	973.154	1	0.930764	1	392.804	1	67.6656	1	0.316228	281.116	311.918
725	33.6126	1	973.154	1	0.930764	1	392.804	1	67.6656	1	1	289.918	324.006
725	33.6126	1	973.154	1	0.930764	1	392.804	1	67.6656	1	3.16228	299.702	337.509
725	33.6126	1	973.154	1	0.930764	1	392.804	1	67.6656	1	10	308.214	347.469
725	33.6126	1	973.154	1	0.930764	1	392.804	1	67.6656	1	31.6228	318.126	356.239
725	33.6126	1	973.154	1	0.930764	1	392.804	1	67.6656	1	100	332.157	370.996
726	23.4425	1	1365.97	1	1.9557	1	183.035	1	41.6356	1	0	273.249	301.462
726	23.4425	1	1365.97	1	1.9557	1	183.035	1	41.6356	1	0.001	273.266	301.483
726	23.4425	1	1365.97	1	1.9557	1	183.035	1	41.6356	1	0.00316228	273.301	301.528
726	23.4425	1	1365.97	1	1.9557	1	183.035	1	41.6356	1	0.01	273.411	301.671
726	23.4425	1	1365.97	1	1.9557	1	183.035	1	41.6356	1	0.0316228	273.755	302.116
726	23.4425	1	1365.97	1	1.9557	1	183.035	1	41.6356	1	0.1	274.797	303.464
726	23.4425	1	1365.97	1	1.9557	1	183.035	1	41.6356	1	0.316228	277.718	307.236
726	23.4425	1	1365.97	1	1.9557	1	183.035	1	41.6356	1	1	284.514	316.091
726	23.4425	1	1365.97	1	1.9557	1	183.035	1	41.6356	1	3.16228	295.589	330.468
726	23.4425	1	1365.97	1	1.9557	1	183.035	1	41.6356	1	10	309.001	346.05
726	23.4425	1	1365.97	1	1.9557	1	183.035	1	41.6356	1	31.6228	325.699	363.526
726	23.4425	1	1365.97	1	1.9557	1	183.035	1	41.6356	1	100	354.605	394.832
727	23.1607	1	540.942	1	0.918333	1	257.889	1	45.8327	1	0	273.249	301.462
727	23.1607	1	540.942	1	0.918333	1	257.889	1	45.8327	1	0.001	273.283	301.505
727	23.1607	1	540.942	1	0.918333	1	257.889	1	45.8327	1	0.00316228	273.355	301.6
727	23.1607	1	540.942	1	0.918333	1	257.889	1	45.8327	1	0.01	273.58	301.896
727	23.1607	1	540.942	1	0.918333	1	257.889	1	45.8327	1	0.0316228	274.271	302.805
727	23.1607	1	540.942	1	0.918333	1	257.889	1	45.8327	1	0.1	276.269	305.428
727	23.1607	1	540.942	1	0.918333	1	257.889	1	45.8327	1	0.316228	281.263	312.063
727	23.1607	1	540.942	1	0.918333	1	257.889	1	45.8327	1	1	290.252	324.283
727	23.1607	1	540.942	1	0.918333	1	257.889	1	45.8327	1	3.16228	300.473	338.024
727	23.1607	1	540.942	1	0.918333	1	257.889	1	45.8327	1	10	310.167	348.692
727	23.1607	1	540.942	1	0.918333	1	257.889	1	45.8327	1	31.6228	321.343	359.29
727	23.1607	1	540.942	1	0.918333	1	257.889	1	45.8327	1	100	339.49	378.734
728	18.7864	1	164.945	1	0.852525	1	1415.57	1	82.409	1	0	273.249	301.462
728	18.7864	1	164.945	1	0.852525	1	1415.57	1	82.409	1	0.001	273.285	301.508
728	18.7864	1	164.945	1	0.852525	1	1415.57	1	82.409	1	0.00316228	273.361	301.609
728	18.7864	1	164.945	1	0.852525	1	1415.57	1	82.409	1	0.01	273.6	301.924
728	18.7864	1	164.945	1	0.852525	1	1415.57	1	82.409	1	0.0316228	274.332	302.888
728	18.7864	1	164.945	1	0.852525	1	1415.57	1	82.409	1	0.1	276.43	305.648
728	18.7864	1	164.945	1	0.852525	1	1415.57	1	82.409	1	0.316228	281.585	312.527
728	18.7864	1	164.945	1	0.852525	1	1415.57	1	82.409	1	1	290.459	324.662
728	18.7864	1	164.945	1	0.852525	1	1415.57	1	82.409	1	3.16228	299.631	337.102
728	18.7864	1	164.945	1	0.852525	1	1415.57	1	82.409	1	10	306.232	344.04
728	18.7864	1	164.945	1	0.852525	1	1415.57	1	82.409	1	31.6228	308.104	344.575
728	18.7864	1	164.945	1	0.852525	1	1415.57	1	82.409	1	100	302.069	338.776
729	38.2257	1	434.577	1	0.636764	1	208.799	1	46.8808	1	0	273.249	301.462
729	38.2257	1	434.577	1	0.636764	1	208.799	1	46.8808	1	0.001	273.297	301.525
729	38.2257	1	434.577	1	0.636764	1	208.799	1	46.8808	1	0.00316228	273.4	301.66
729	38.2257	1	434.577	1	0.636764	1	208.799	1	46.8808	1	0.01	273.719	302.084
729	38.2257	1	434.577	1	0.636764	1	208.799	1	46.8808	1	0.0316228	274.688	303.366
729	38.2257	1	434.577	1	0.636764	1	208.799	1	46.8808	1	0.1	277.391	306.948
729	38.2257	1	434.577	1	0.636764	1	208.799	1	46.8808	1	0.316228	283.591	315.348
729	38.2257	1	434.577	1	0.636764	1	208.799	1	46.8808	1	1	293.086	328.644
729	38.2257	1	434.577	1	0.636764	1	208.799	1	46.8808	1	3.16228	302.108	341.224
729	38.2257	1	434.577	1	0.636764	1	208.799	1	46.8808	1	10	310.095	350.305
729	38.2257	1	434.577	1	0.636764	1	208.799	1	46.8808	1	31.6228	322.015	361.023
729	38.2257	1	434.577	1	0.636764	1	208.799	1	46.8808	1	100	342.943	383.159
730	33.1747	1	269.223	1	0.953653	1	375.674	1	65.7328	1	0	273.249	301.462
730	33.1747	1	269.223	1	0.953653	1	375.674	1	65.7328	1	0.001	273.281	301.504
730	33.1747	1	269.223	1	0.953653	1	375.674	1	65.7328	1	0.00316228	273.35	301.594
730	33.1747	1	269.223	1	0.953653	1	375.674	1	65.7328	1	0.01	273.564	301.878
730	33.1747	1	269.223	1	0.953653	1	375.674	1	65.7328	1	0.0316228	274.224	302.749
730	33.1747	1	269.223	1	0.953653	1	375.674	1	65.7328	1	0.1	276.133	305.269
730	33.1747	1	269.223	1	0.953653	1	375.674	1	65.7328	1	0.316228	280.92	311.672
730	33.1747	1	269.223	1	0.953653	1	375.674	1	65.7328	1	1	289.569	323.566
730	33.1747	1	269.223	1	0.953653	1	375.674	1	65.7328	1	3.16228	299.111	336.831
730	33.1747	1	269.223	1	0.953653	1	375.674	1	65.7328	1	10	306.859	346.046
730	33.1747	1	269.223	1	0.953653	1	375.674	1	65.7328	1	31.6228	314.672	352.499
730	33.1747	1	269.223	1	0.953653	1	375.674	1	65.7328	1	100	323.191	361.595
731	16.7339	1	667.55	1	1.04748	1	289.239	1	93.0399	1	0	273.249	301.462
731	16.7339	1	667.55	1	1.04748	1	289.239	1	93.0399	1	0.001	273.279	301.5
731	16.7339	1	667.55	1	1.04748	1	289.239	1	93.0399	1	0.00316228	273.342	301.583
731	16.7339	1	667.55	1	1.04748	1	289.239	1	93.0399	1	0.01	273.542	301.844
731	16.7339	1	667.55	1	1.04748	1	289.239	1	93.0399	1	0.0316228	274.156	302.647
731	16.7339	1	667.55	1	1.04748	1	289.239	1	93.0399	1	0.1	275.952	304.988
731	16.7339	1	667.55	1	1.04748	1	289.239	1	93.0399	1	0.316228	280.561	311.051
731	16.7339	1	667.55	1	1.04748	1	289.239	1	93.0399	1	1	289.335	322.748
731	16.7339	1	667.55	1	1.04748	1	289.239	1	93.0399	1	3.16228	300.117	336.801
731	16.7339	1	667.55	1	1.04748	1	289.239	1	93.0399	1	10	310.834	348.211
731	16.7339	1	667.55	1	1.04748	1	289.239	1	93.0399	1	31.6228	321.315	358.845
731	16.7339	1	667.55	1	1.04748	1	289.239	1	93.0399	1	100	338.185	377.19
732	38.9122	1	569.915	1	1.21398	1	252.096	1	79.6093	1	0	273.249	301.462
732	38.9122	1	569.915	1	1.21398	1	252.096	1	79.6093	1	0.001	273.275	301.495
732	38.9122	1	569.915	1	1.21398	1	252.096	1	79.6093	1	0.00316228	273.329	301.566
732	38.9122	1	569.915	1	1.21398	1	252.096	1	79.6093	1	0.01	273.5	301.792
732	38.9122	1	569.915	1	1.21398	1	252.096	1	79.6093	1	0.0316228	274.028	302.487
732	38.9122	1	569.915	1	1.21398	1	252.096	1	79.6093	1	0.1	275.586	304.538
732	38.9122	1	569.915	1	1.21398	1	252.096	1	79.6093	1	0.316228	279.674	309.972
732	38.9122	1	569.915	1	1.21398	1	252.096	1	79.6093	1	1	287.772	320.96
732	38.9122	1	569.915	1	1.21398	1	252.096	1	79.6093	1	3.16228	298.055	335.075
732	38.9122	1	569.915	1	1.21398	1	252.096	1	79.6093	1	10	307.796	346.922
732	38.9122	1	569.915	1	1.21398	1	252.096	1	79.6093	1	31.6228	320.159	358.501
732	38.9122	1	569.915	1	1.21398	1	252.096	1	79.6093	1	100	339.727	378.911
733	25.4651	1	269.522	1	1.73391	1	134.384	1	48.1481	1	0	273.249	301.462
733	25.4651	1	269.522	1	1.73391	1	134.384	1	48.1481	1	0.001	273.268	301.485
733	25.4651	1	269.522	1	1.73391	1	134.384	1	48.1481	1	0.00316228	273.307	301.536
733	25.4651	1	269.522	1	1.73391	1	134.384	1	48.1481	1	0.01	273.429	301.696
733	25.4651	1	269.522	1	1.73391	1	134.384	1	48.1481	1	0.0316228	273.812	302.194
733	25.4651	1	269.522	1	1.73391	1	134.384	1	48.1481	1	0.1	274.965	303.694
733	25.4651	1	269.522	1	1.73391	1	134.384	1	48.1481	1	0.316228	278.155	307.849
733	25.4651	1	269.522	1	1.73391	1	134.384	1	48.1481	1	1	285.319	317.273
733	25.4651	1	269.522	1	1.73391	1	134.384	1	48.1481	1	3.16228	296.417	331.856
733	25.4651	1	269.522	1	1.73391	1	134.384	1	48.1481	1	10	309.421	347.043
733	25.4651	1	269.522	1	1.73391	1	134.384	1	48.1481	1	31.6228	326.777	364.515
733	25.4651	1	269.522	1	1.73391	1	134.384	1	48.1481	1	100	355.904	395.965
734	27.6219	1	338.927	1	0.812151	1	264.11	1	106.997	1	0	273.249	301.462
734	27.6219	1	338.927	1	0.812151	1	264.11	1	106.997	1	0.001	273.287	301.511
734	27.6219	1	338.927	1	0.812151	1	264.11	1	106.997	1	0.00316228	273.368	301.618
734	27.6219	1	338.927	1	0.812151	1	264.11	1	106.997	1	0.01	273.62	301.951
734	27.6219	1	338.927	1	0.812151	1	264.11	1	106.997	1	0.0316228	274.392	302.969
734	27.6219	1	338.927	1	0.812151	1	264.11	1	106.997	1	0.1	276.596	305.874
734	27.6219	1	338.927	1	0.812151	1	264.11	1	106.997	1	0.316228	281.964	313.067
734	27.6219	1	338.927	1	0.812151	1	264.11	1	106.997	1	1	291.099	325.638
734	27.6219	1	338.927	1	0.812151	1	264.11	1	106.997	1	3.16228	300.746	338.845
734	27.6219	1	338.927	1	0.812151	1	264.11	1	106.997	1	10	309.297	348.382
734	27.6219	1	338.927	1	0.812151	1	264.11	1	106.997	1	31.6228	319.836	357.459
734	27.6219	1	338.927	1	0.812151	1	264.11	1	106.997	1	100	335.138	373.705
735	35.6283	1	299.226	1	1.69685	1	253.362	1	63.759	1	0	273.249	301.462
735	35.6283	1	299.226	1	1.69685	1	253.362	1	63.759	1	0.001	273.268	301.485
735	35.6283	1	299.226	1	1.69685	1	253.362	1	63.759	1	0.00316228	273.307	301.537
735	35.6283	1	299.226	1	1.69685	1	253.362	1	63.759	1	0.01	273.429	301.698
735	35.6283	1	299.226	1	1.69685	1	253.362	1	63.759	1	0.0316228	273.812	302.2
735	35.6283	1	299.226	1	1.69685	1	253.362	1	63.759	1	0.1	274.962	303.71
735	35.6283	1	299.226	1	1.69685	1	253.362	1	63.759	1	0.316228	278.124	307.872
735	35.6283	1	299.226	1	1.69685	1	253.362	1	63.759	1	1	285.095	317.188
735	35.6283	1	299.226	1	1.69685	1	253.362	1	63.759	1	3.16228	295.351	331.081
735	35.6283	1	299.226	1	1.69685	1	253.362	1	63.759	1	10	305.756	343.957
735	35.6283	1	299.226	1	1.69685	1	253.362	1	63.759	1	31.6228	317.406	355.188
735	35.6283	1	299.226	1	1.69685	1	253.362	1	63.759	1	100	333.428	372.369
736	32.2573	1	3815.89	1	2.23508	1	555.113	1	20.4442	1	0	273.249	301.462
736	32.2573	1	3815.89	1	2.23508	1	555.113	1	20.4442	1	0.001	273.263	301.48
736	32.2573	1	3815.89	1	2.23508	1	555.113	1	20.4442	1	0.00316228	273.294	301.519
736	32.2573	1	3815.89	1	2.23508	1	555.113	1	20.4442	1	0.01	273.389	301.643
736	32.2573	1	3815.89	1	2.23508	1	555.113	1	20.4442	1	0.0316228	273.685	302.03
736	32.2573	1	3815.89	1	2.23508	1	555.113	1	20.4442	1	0.1	274.589	303.206
736	32.2573	1	3815.89	1	2.23508	1	555.113	1	20.4442	1	0.316228	277.141	306.518
736	32.2573	1	3815.89	1	2.23508	1	555.113	1	20.4442	1	1	283.226	314.526
736	32.2573	1	3815.89	1	2.23508	1	555.113	1	20.4442	1	3.16228	293.255	327.872
736	32.2573	1	3815.89	1	2.23508	1	555.113	1	20.4442	1	10	304.217	341.452
736	32.2573	1	3815.89	1	2.23508	1	555.113	1	20.4442	1	31.6228	313.797	352.266
736	32.2573	1	3815.89	1	2.23508	1	555.113	1	20.4442	1	100	327.715	366.902
737	24.9742	1	177.794	1	1.12667	1	255.751	1	74.4383	1	0	273.249	301.462
737	24.9742	1	177.794	1	1.12667	1	255.751	1	74.4383	1	0.001	273.276	301.497
737	24.9742	1	177.794	1	1.12667	1	255.751	1	74.4383	1	0.00316228	273.335	301.574
737	24.9742	1	177.794	1	1.12667	1	255.751	1	74.4383	1	0.01	273.517	301.814
737	24.9742	1	177.794	1	1.12667	1	255.751	1	74.4383	1	0.0316228	274.082	302.557
737	24.9742	1	177.794	1	1.12667	1	255.751	1	74.4383	1	0.1	275.737	304.733
737	24.9742	1	177.794	1	1.12667	1	255.751	1	74.4383	1	0.316228	280.027	310.428
737	24.9742	1	177.794	1	1.12667	1	255.751	1	74.4383	1	1	288.305	321.632
737	24.9742	1	177.794	1	1.12667	1	255.751	1	74.4383	1	3.16228	298.356	335.281
737	24.9742	1	177.794	1	1.12667	1	255.751	1	74.4383	1	10	307.365	345.654
737	24.9742	1	177.794	1	1.12667	1	255.751	1	74.4383	1	31.6228	316.508	353.602
737	24.9742	1	177.794	1	1.12667	1	255.751	1	74.4383	1	100	327.821	366.072
738	13.4417	1	275.555	1	0.685054	1	457.128	1	63.0769	1	0	273.249	301.462
738	13.4417	1	275.555	1	0.685054	1	457.128	1	63.0769	1	0.001	273.294	301.52
738	13.4417	1	275.555	1	0.685054	1	457.128	1	63.0769	1	0.00316228	273.39	301.646
738	13.4417	1	275.555	1	0.685054	1	457.128	1	63.0769	1	0.01	273.689	302.039
738	13.4417	1	275.555	1	0.685054	1	457.128	1	63.0769	1	0.0316228	274.599	303.234
738	13.4417	1	275.555	1	0.685054	1	457.128	1	63.0769	1	0.1	277.157	306.585
738	13.4417	1	275.555	1	0.685054	1	457.128	1	63.0769	1	0.316228	283.166	314.593
738	13.4417	1	275.555	1	0.685054	1	457.128	1	63.0769	1	1	292.762	327.619
738	13.4417	1	275.555	1	0.685054	1	457.128	1	63.0769	1	3.16228	302.406	340.063
738	13.4417	1	275.555	1	0.685054	1	457.128	1	63.0769	1	10	310.693	348.003
738	13.4417	1	275.555	1	0.685054	1	457.128	1	63.0769	1	31.6228	315.66	352.898
738	13.4417	1	275.555	1	0.685054	1	457.128	1	63.0769	1	100	321.39	359.361
739	24.184	1	294.089	1	1.4799	1	425.049	1	97.5907	1	0	273.249	301.462
739	24.184	1	294.089	1	1.4799	1	425.049	1	97.5907	1	0.001	273.27	301.489
739	24.184	1	294.089	1	1.4799	1	425.049	1	97.5907	1	0.00316228	273.315	301.547
739	24.184	1	294.089	1	1.4799	1	425.049	1	97.5907	1	0.01	273.455	301.731
739	24.184	1	294.089	1	1.4799	1	425.049	1	97.5907	1	0.0316228	273.891	302.302
739	24.184	1	294.089	1	1.4799	1	425.049	1	97.5907	1	0.1	275.193	304.006
739	24.184	1	294.089	1	1.4799	1	425.049	1	97.5907	1	0.316228	278.711	308.633
739	24.184	1	294.089	1	1.4799	1	425.049	1	97.5907	1	1	286.153	318.554
739	24.184	1	294.089	1	1.4799	1	425.049	1	97.5907	1	3.16228	296.398	332.281
739	24.184	1	294.089	1	1.4799	1	425.049	1	97.5907	1	10	306.158	343.713
739	24.184	1	294.089	1	1.4799	1	425.049	1	97.5907	1	31.6228	314.8	351.508
739	24.184	1	294.089	1	1.4799	1	425.049	1	97.5907	1	100	322.559	360.233
740	48.5302	1	404.597	1	1.46763	1	194.018	1	41.659	1	0	273.249	301.462
740	48.5302	1	404.597	1	1.46763	1	194.018	1	41.659	1	0.001	273.27	301.489
740	48.5302	1	404.597	1	1.46763	1	194.018	1	41.659	1	0.00316228	273.316	301.549
740	48.5302	1	404.597	1	1.46763	1	194.018	1	41.659	1	0.01	273.458	301.736
740	48.5302	1	404.597	1	1.46763	1	194.018	1	41.659	1	0.0316228	273.899	302.317
740	48.5302	1	404.597	1	1.46763	1	194.018	1	41.659	1	0.1	275.215	304.05
740	48.5302	1	404.597	1	1.46763	1	194.018	1	41.659	1	0.316228	278.77	308.76
740	48.5302	1	404.597	1	1.46763	1	194.018	1	41.659	1	1	286.274	318.888
740	48.5302	1	404.597	1	1.46763	1	194.018	1	41.659	1	3.16228	296.685	333.171
740	48.5302	1	404.597	1	1.46763	1	194.018	1	41.659	1	10	307.095	346.277
740	48.5302	1	404.597	1	1.46763	1	194.018	1	41.659	1	31.6228	320.612	359.765
740	48.5302	1	404.597	1	1.46763	1	194.018	1	41.659	1	100	343.087	383.958
741	28.0377	1	922.584	1	0.579458	1	590.762	1	59.7226	1	0	273.249	301.462
741	28.0377	1	922.584	1	0.579458	1	590.762	1	59.7226	1	0.001	273.302	301.531
741	28.0377	1	922.584	1	0.579458	1	590.762	1	59.7226	1	0.00316228	273.414	301.679
741	28.0377	1	922.584	1	0.579458	1	590.762	1	59.7226	1	0.01	273.764	302.143
741	28.0377	1	922.584	1	0.579458	1	590.762	1	59.7226	1	0.0316228	274.82	303.54
741	28.0377	1	922.584	1	0.579458	1	590.762	1	59.7226	1	0.1	277.736	307.411
741	28.0377	1	922.584	1	0.579458	1	590.762	1	59.7226	1	0.316228	284.244	316.237
741	28.0377	1	922.584	1	0.579458	1	590.762	1	59.7226	1	1	293.757	329.569
741	28.0377	1	922.584	1	0.579458	1	590.762	1	59.7226	1	3.16228	302.254	341.31
741	28.0377	1	922.584	1	0.579458	1	590.762	1	59.7226	1	10	309.106	348.577
741	28.0377	1	922.584	1	0.579458	1	590.762	1	59.7226	1	31.6228	316.498	354.461
741	28.0377	1	922.584	1	0.579458	1	590.762	1	59.7226	1	100	325.252	363.764
742	35.7986	1	853.174	1	2.32316	1	265.52	1	63.629	1	0	273.249	301.462
742	35.7986	1	853.174	1	2.32316	1	265.52	1	63.629	1	0.001	273.263	301.479
742	35.7986	1	853.174	1	2.32316	1	265.52	1	63.629	1	0.00316228	273.292	301.517
742	35.7986	1	853.174	1	2.32316	1	265.52	1	63.629	1	0.01	273.384	301.636
742	35.7986	1	853.174	1	2.32316	1	265.52	1	63.629	1	0.0316228	273.67	302.01
742	35.7986	1	853.174	1	2.32316	1	265.52	1	63.629	1	0.1	274.543	303.147
742	35.7986	1	853.174	1	2.32316	1	265.52	1	63.629	1	0.316228	277.021	306.365
742	35.7986	1	853.174	1	2.32316	1	265.52	1	63.629	1	1	282.997	314.224
742	35.7986	1	853.174	1	2.32316	1	265.52	1	63.629	1	3.16228	293.166	327.708
742	35.7986	1	853.174	1	2.32316	1	265.52	1	63.629	1	10	305.126	342.47
742	35.7986	1	853.174	1	2.32316	1	265.52	1	63.629	1	31.6228	319.312	356.899
742	35.7986	1	853.174	1	2.32316	1	265.52	1	63.629	1	100	340.059	379.182
743	30.6866	1	328.833	1	1.42176	1	189.233	1	50.0311	1	0	273.249	301.462
743	30.6866	1	328.833	1	1.42176	1	189.233	1	50.0311	1	0.001	273.271	301.49
743	30.6866	1	328.833	1	1.42176	1	189.233	1	50.0311	1	0.00316228	273.318	301.551
743	30.6866	1	328.833	1	1.42176	1	189.233	1	50.0311	1	0.01	273.465	301.745
743	30.6866	1	328.833	1	1.42176	1	189.233	1	50.0311	1	0.0316228	273.922	302.343
743	30.6866	1	328.833	1	1.42176	1	189.233	1	50.0311	1	0.1	275.283	304.127
743	30.6866	1	328.833	1	1.42176	1	189.233	1	50.0311	1	0.316228	278.946	308.958
743	30.6866	1	328.833	1	1.42176	1	189.233	1	50.0311	1	1	286.631	319.246
743	30.6866	1	328.833	1	1.42176	1	189.233	1	50.0311	1	3.16228	297.275	333.572
743	30.6866	1	328.833	1	1.42176	1	189.233	1	50.0311	1	10	308.246	346.643
743	30.6866	1	328.833	1	1.42176	1	189.233	1	50.0311	1	31.6228	322.111	360.096
743	30.6866	1	328.833	1	1.42176	1	189.233	1	50.0311	1	100	344.061	383.757
744	22.8599	1	501.248	1	0.629071	1	230.777	1	49.176	1	0	273.249	301.462
744	22.8599	1	501.248	1	0.629071	1	230.777	1	49.176	1	0.001	273.298	301.525
744	22.8599	1	501.248	1	0.629071	1	230.777	1	49.176	1	0.00316228	273.402	301.663
744	22.8599	1	501.248	1	0.629071	1	230.777	1	49.176	1	0.01	273.727	302.092
744	22.8599	1	501.248	1	0.629071	1	230.777	1	49.176	1	0.0316228	274.71	303.39
744	22.8599	1	501.248	1	0.629071	1	230.777	1	49.176	1	0.1	277.452	307.012
744	22.8599	1	501.248	1	0.629071	1	230.777	1	49.176	1	0.316228	283.736	315.479
744	22.8599	1	501.248	1	0.629071	1	230.777	1	49.176	1	1	293.376	328.821
744	22.8599	1	501.248	1	0.629071	1	230.777	1	49.176	1	3.16228	302.722	341.409
744	22.8599	1	501.248	1	0.629071	1	230.777	1	49.176	1	10	311.521	350.56
744	22.8599	1	501.248	1	0.629071	1	230.777	1	49.176	1	31.6228	322.85	360.962
744	22.8599	1	501.248	1	0.629071	1	230.777	1	49.176	1	100	342.411	381.844
745	23.758	1	482.184	1	1.17298	1	268.442	1	42.8751	1	0	273.249	301.462
745	23.758	1	482.184	1	1.17298	1	268.442	1	42.8751	1	0.001	273.276	301.496
745	23.758	1	482.184	1	1.17298	1	268.442	1	42.8751	1	0.00316228	273.332	301.57
745	23.758	1	482.184	1	1.17298	1	268.442	1	42.8751	1	0.01	273.51	301.803
745	23.758	1	482.184	1	1.17298	1	268.442	1	42.8751	1	0.0316228	274.058	302.523
745	23.758	1	482.184	1	1.17298	1	268.442	1	42.8751	1	0.1	275.674	304.639
745	23.758	1	482.184	1	1.17298	1	268.442	1	42.8751	1	0.316228	279.897	310.218
745	23.758	1	482.184	1	1.17298	1	268.442	1	42.8751	1	1	288.21	321.381
745	23.758	1	482.184	1	1.17298	1	268.442	1	42.8751	1	3.16228	298.74	335.483
745	23.758	1	482.184	1	1.17298	1	268.442	1	42.8751	1	10	309.006	347.151
745	23.758	1	482.184	1	1.17298	1	268.442	1	42.8751	1	31.6228	320.159	357.96
745	23.758	1	482.184	1	1.17298	1	268.442	1	42.8751	1	100	337.29	376.373
746	30.1459	1	916.644	1	0.927486	1	171.687	1	81.175	1	0	273.249	301.462
746	30.1459	1	916.644	1	0.927486	1	171.687	1	81.175	1	0.001	273.283	301.505
746	30.1459	1	916.644	1	0.927486	1	171.687	1	81.175	1	0.00316228	273.354	301.599
746	30.1459	1	916.644	1	0.927486	1	171.687	1	81.175	1	0.01	273.577	301.894
746	30.1459	1	916.644	1	0.927486	1	171.687	1	81.175	1	0.0316228	274.264	302.798
746	30.1459	1	916.644	1	0.927486	1	171.687	1	81.175	1	0.1	276.251	305.409
746	30.1459	1	916.644	1	0.927486	1	171.687	1	81.175	1	0.316228	281.227	312.032
746	30.1459	1	916.644	1	0.927486	1	171.687	1	81.175	1	1	290.252	324.339
746	30.1459	1	916.644	1	0.927486	1	171.687	1	81.175	1	3.16228	300.738	338.528
746	30.1459	1	916.644	1	0.927486	1	171.687	1	81.175	1	10	311.373	350.596
746	30.1459	1	916.644	1	0.927486	1	171.687	1	81.175	1	31.6228	327.398	365.743
746	30.1459	1	916.644	1	0.927486	1	171.687	1	81.175	1	100	355.899	396.098
747	36.6965	1	622.001	1	1.02783	1	305.459	1	31.9485	1	0	273.249	301.462
747	36.6965	1	622.001	1	1.02783	1	305.459	1	31.9485	1	0.001	273.279	301.501
747	36.6965	1	622.001	1	1.02783	1	305.459	1	31.9485	1	0.00316228	273.343	301.585
747	36.6965	1	622.001	1	1.02783	1	305.459	1	31.9485	1	0.01	273.544	301.85
747	36.6965	1	622.001	1	1.02783	1	305.459	1	31.9485	1	0.0316228	274.162	302.665
747	36.6965	1	622.001	1	1.02783	1	305.459	1	31.9485	1	0.1	275.963	305.04
747	36.6965	1	622.001	1	1.02783	1	305.459	1	31.9485	1	0.316228	280.552	311.161
747	36.6965	1	622.001	1	1.02783	1	305.459	1	31.9485	1	1	289.109	322.865
747	36.6965	1	622.001	1	1.02783	1	305.459	1	31.9485	1	3.16228	299.074	336.636
747	36.6965	1	622.001	1	1.02783	1	305.459	1	31.9485	1	10	307.905	347.247
747	36.6965	1	622.001	1	1.02783	1	305.459	1	31.9485	1	31.6228	318.087	356.874
747	36.6965	1	622.001	1	1.02783	1	305.459	1	31.9485	1	100	333.921	373.856
748	26.609	1	397.411	1	1.6554	1	249.041	1	66.3728	1	0	273.249	301.462
748	26.609	1	397.411	1	1.6554	1	249.041	1	66.3728	1	0.001	273.268	301.486
748	26.609	1	397.411	1	1.6554	1	249.041	1	66.3728	1	0.00316228	273.308	301.539
748	26.609	1	397.411	1	1.6554	1	249.041	1	66.3728	1	0.01	273.435	301.705
748	26.609	1	397.411	1	1.6554	1	249.041	1	66.3728	1	0.0316228	273.83	302.221
748	26.609	1	397.411	1	1.6554	1	249.041	1	66.3728	1	0.1	275.018	303.771
748	26.609	1	397.411	1	1.6554	1	249.041	1	66.3728	1	0.316228	278.277	308.038
748	26.609	1	397.411	1	1.6554	1	249.041	1	66.3728	1	1	285.444	317.531
748	26.609	1	397.411	1	1.6554	1	249.041	1	66.3728	1	3.16228	296.033	331.626
748	26.609	1	397.411	1	1.6554	1	249.041	1	66.3728	1	10	307.245	344.89
748	26.609	1	397.411	1	1.6554	1	249.041	1	66.3728	1	31.6228	319.859	357.13
748	26.609	1	397.411	1	1.6554	1	249.041	1	66.3728	1	100	337.629	376.446
749	30.701	1	363.423	1	1.23062	1	184.25	1	94.8324	1	0	273.249	301.462
749	30.701	1	363.423	1	1.23062	1	184.25	1	94.8324	1	0.001	273.274	301.494
749	30.701	1	363.423	1	1.23062	1	184.25	1	94.8324	1	0.00316228	273.328	301.565
749	30.701	1	363.423	1	1.23062	1	184.25	1	94.8324	1	0.01	273.498	301.788
749	30.701	1	363.423	1	1.23062	1	184.25	1	94.8324	1	0.0316228	274.021	302.476
749	30.701	1	363.423	1	1.23062	1	184.25	1	94.8324	1	0.1	275.568	304.507
749	30.701	1	363.423	1	1.23062	1	184.25	1	94.8324	1	0.316228	279.644	309.903
749	30.701	1	363.423	1	1.23062	1	184.25	1	94.8324	1	1	287.798	320.886
749	30.701	1	363.423	1	1.23062	1	184.25	1	94.8324	1	3.16228	298.412	335.234
749	30.701	1	363.423	1	1.23062	1	184.25	1	94.8324	1	10	309.125	347.82
749	30.701	1	363.423	1	1.23062	1	184.25	1	94.8324	1	31.6228	323.558	361.393
749	30.701	1	363.423	1	1.23062	1	184.25	1	94.8324	1	100	346.831	386.072
750	21.4329	1	597.505	1	0.91844	1	357.114	1	68.5813	1	0	273.249	301.462
750	21.4329	1	597.505	1	0.91844	1	357.114	1	68.5813	1	0.001	273.283	301.505
750	21.4329	1	597.505	1	0.91844	1	357.114	1	68.5813	1	0.00316228	273.355	301.6
750	21.4329	1	597.505	1	0.91844	1	357.114	1	68.5813	1	0.01	273.579	301.896
750	21.4329	1	597.505	1	0.91844	1	357.114	1	68.5813	1	0.0316228	274.27	302.803
750	21.4329	1	597.505	1	0.91844	1	357.114	1	68.5813	1	0.1	276.264	305.421
750	21.4329	1	597.505	1	0.91844	1	357.114	1	68.5813	1	0.316228	281.249	312.038
750	21.4329	1	597.505	1	0.91844	1	357.114	1	68.5813	1	1	290.208	324.202
750	21.4329	1	597.505	1	0.91844	1	357.114	1	68.5813	1	3.16228	300.318	337.756
750	21.4329	1	597.505	1	0.91844	1	357.114	1	68.5813	1	10	309.617	347.855
750	21.4329	1	597.505	1	0.91844	1	357.114	1	68.5813	1	31.6228	319.093	356.611
750	21.4329	1	597.505	1	0.91844	1	357.114	1	68.5813	1	100	332.26	370.954
751	32.5178	1	575.554	1	0.883685	1	315.782	1	69.8613	1	0	273.249	301.462
751	32.5178	1	575.554	1	0.883685	1	315.782	1	69.8613	1	0.001	273.284	301.507
751	32.5178	1	575.554	1	0.883685	1	315.782	1	69.8613	1	0.00316228	273.358	301.605
751	32.5178	1	575.554	1	0.883685	1	315.782	1	69.8613	1	0.01	273.591	301.912
751	32.5178	1	575.554	1	0.883685	1	315.782	1	69.8613	1	0.0316228	274.303	302.853
751	32.5178	1	575.554	1	0.883685	1	315.782	1	69.8613	1	0.1	276.354	305.557
751	32.5178	1	575.554	1	0.883685	1	315.782	1	69.8613	1	0.316228	281.432	312.35
751	32.5178	1	575.554	1	0.883685	1	315.782	1	69.8613	1	1	290.366	324.64
751	32.5178	1	575.554	1	0.883685	1	315.782	1	69.8613	1	3.16228	300.101	338.064
751	32.5178	1	575.554	1	0.883685	1	315.782	1	69.8613	1	10	308.635	347.941
751	32.5178	1	575.554	1	0.883685	1	315.782	1	69.8613	1	31.6228	319.063	357.122
751	32.5178	1	575.554	1	0.883685	1	315.782	1	69.8613	1	100	334.277	373.112
752	24.6199	1	318.409	1	0.633523	1	269.505	1	123.771	1	0	273.249	301.462
752	24.6199	1	318.409	1	0.633523	1	269.505	1	123.771	1	0.001	273.297	301.525
752	24.6199	1	318.409	1	0.633523	1	269.505	1	123.771	1	0.00316228	273.4	301.661
752	24.6199	1	318.409	1	0.633523	1	269.505	1	123.771	1	0.01	273.722	302.086
752	24.6199	1	318.409	1	0.633523	1	269.505	1	123.771	1	0.0316228	274.695	303.372
752	24.6199	1	318.409	1	0.633523	1	269.505	1	123.771	1	0.1	277.409	306.962
752	24.6199	1	318.409	1	0.633523	1	269.505	1	123.771	1	0.316228	283.632	315.363
752	24.6199	1	318.409	1	0.633523	1	269.505	1	123.771	1	1	293.155	328.595
752	24.6199	1	318.409	1	0.633523	1	269.505	1	123.771	1	3.16228	302.195	340.916
752	24.6199	1	318.409	1	0.633523	1	269.505	1	123.771	1	10	310.14	349.264
752	24.6199	1	318.409	1	0.633523	1	269.505	1	123.771	1	31.6228	319.997	357.48
752	24.6199	1	318.409	1	0.633523	1	269.505	1	123.771	1	100	334.227	372.726
753	38.1497	1	404.317	1	0.939349	1	247.753	1	115.824	1	0	273.249	301.462
753	38.1497	1	404.317	1	0.939349	1	247.753	1	115.824	1	0.001	273.282	301.504
753	38.1497	1	404.317	1	0.939349	1	247.753	1	115.824	1	0.00316228	273.352	301.597
753	38.1497	1	404.317	1	0.939349	1	247.753	1	115.824	1	0.01	273.57	301.886
753	38.1497	1	404.317	1	0.939349	1	247.753	1	115.824	1	0.0316228	274.242	302.773
753	38.1497	1	404.317	1	0.939349	1	247.753	1	115.824	1	0.1	276.186	305.339
753	38.1497	1	404.317	1	0.939349	1	247.753	1	115.824	1	0.316228	281.054	311.846
753	38.1497	1	404.317	1	0.939349	1	247.753	1	115.824	1	1	289.831	323.922
753	38.1497	1	404.317	1	0.939349	1	247.753	1	115.824	1	3.16228	299.664	337.556
753	38.1497	1	404.317	1	0.939349	1	247.753	1	115.824	1	10	308.387	347.95
753	38.1497	1	404.317	1	0.939349	1	247.753	1	115.824	1	31.6228	319.831	358.163
753	38.1497	1	404.317	1	0.939349	1	247.753	1	115.824	1	100	338.061	376.819
754	25.8286	1	165.918	1	0.958302	1	511.354	1	47.3781	1	0	273.249	301.462
754	25.8286	1	165.918	1	0.958302	1	511.354	1	47.3781	1	0.001	273.281	301.503
754	25.8286	1	165.918	1	0.958302	1	511.354	1	47.3781	1	0.00316228	273.349	301.593
754	25.8286	1	165.918	1	0.958302	1	511.354	1	47.3781	1	0.01	273.562	301.874
754	25.8286	1	165.918	1	0.958302	1	511.354	1	47.3781	1	0.0316228	274.216	302.737
754	25.8286	1	165.918	1	0.958302	1	511.354	1	47.3781	1	0.1	276.11	305.235
754	25.8286	1	165.918	1	0.958302	1	511.354	1	47.3781	1	0.316228	280.859	311.579
754	25.8286	1	165.918	1	0.958302	1	511.354	1	47.3781	1	1	289.437	323.341
754	25.8286	1	165.918	1	0.958302	1	511.354	1	47.3781	1	3.16228	298.777	336.259
754	25.8286	1	165.918	1	0.958302	1	511.354	1	47.3781	1	10	305.828	344.397
754	25.8286	1	165.918	1	0.958302	1	511.354	1	47.3781	1	31.6228	310.34	347.565
754	25.8286	1	165.918	1	0.958302	1	511.354	1	47.3781	1	100	310.899	349.135
755	24.5816	1	378.05	1	0.541423	1	537.569	1	57.589	1	0	273.249	301.462
755	24.5816	1	378.05	1	0.541423	1	537.569	1	57.589	1	0.001	273.305	301.535
755	24.5816	1	378.05	1	0.541423	1	537.569	1	57.589	1	0.00316228	273.425	301.694
755	24.5816	1	378.05	1	0.541423	1	537.569	1	57.589	1	0.01	273.799	302.189
755	24.5816	1	378.05	1	0.541423	1	537.569	1	57.589	1	0.0316228	274.922	303.675
755	24.5816	1	378.05	1	0.541423	1	537.569	1	57.589	1	0.1	278.001	307.768
755	24.5816	1	378.05	1	0.541423	1	537.569	1	57.589	1	0.316228	284.732	316.908
755	24.5816	1	378.05	1	0.541423	1	537.569	1	57.589	1	1	294.271	330.302
755	24.5816	1	378.05	1	0.541423	1	537.569	1	57.589	1	3.16228	302.514	341.623
755	24.5816	1	378.05	1	0.541423	1	537.569	1	57.589	1	10	309.022	348.252
755	24.5816	1	378.05	1	0.541423	1	537.569	1	57.589	1	31.6228	315.242	352.837
755	24.5816	1	378.05	1	0.541423	1	537.569	1	57.589	1	100	321.155	359.238
756	24.328	1	1336.96	1	0.799475	1	381.143	1	120.044	1	0	273.249	301.462
756	24.328	1	1336.96	1	0.799475	1	381.143	1	120.044	1	0.001	273.288	301.512
756	24.328	1	1336.96	1	0.799475	1	381.143	1	120.044	1	0.00316228	273.37	301.62
756	24.328	1	1336.96	1	0.799475	1	381.143	1	120.044	1	0.01	273.627	301.959
756	24.328	1	1336.96	1	0.799475	1	381.143	1	120.044	1	0.0316228	274.412	302.994
756	24.328	1	1336.96	1	0.799475	1	381.143	1	120.044	1	0.1	276.653	305.943
756	24.328	1	1336.96	1	0.799475	1	381.143	1	120.044	1	0.316228	282.096	313.223
756	24.328	1	1336.96	1	0.799475	1	381.143	1	120.044	1	1	291.321	325.868
756	24.328	1	1336.96	1	0.799475	1	381.143	1	120.044	1	3.16228	301.075	339.076
756	24.328	1	1336.96	1	0.799475	1	381.143	1	120.044	1	10	309.906	348.649
756	24.328	1	1336.96	1	0.799475	1	381.143	1	120.044	1	31.6228	319.967	357.64
756	24.328	1	1336.96	1	0.799475	1	381.143	1	120.044	1	100	334.612	373.529
757	24.6325	1	405.386	1	0.710493	1	69.6248	1	42.7069	1	0	273.249	301.462
757	24.6325	1	405.386	1	0.710493	1	69.6248	1	42.7069	1	0.001	273.293	301.519
757	24.6325	1	405.386	1	0.710493	1	69.6248	1	42.7069	1	0.00316228	273.387	301.642
757	24.6325	1	405.386	1	0.710493	1	69.6248	1	42.7069	1	0.01	273.68	302.028
757	24.6325	1	405.386	1	0.710493	1	69.6248	1	42.7069	1	0.0316228	274.574	303.203
757	24.6325	1	405.386	1	0.710493	1	69.6248	1	42.7069	1	0.1	277.101	306.516
757	24.6325	1	405.386	1	0.710493	1	69.6248	1	42.7069	1	0.316228	283.124	314.559
757	24.6325	1	405.386	1	0.710493	1	69.6248	1	42.7069	1	1	293.165	328.228
757	24.6325	1	405.386	1	0.710493	1	69.6248	1	42.7069	1	3.16228	304.615	343.217
757	24.6325	1	405.386	1	0.710493	1	69.6248	1	42.7069	1	10	319.238	358.892
757	24.6325	1	405.386	1	0.710493	1	69.6248	1	42.7069	1	31.6228	346.252	385.844
757	24.6325	1	405.386	1	0.710493	1	69.6248	1	42.7069	1	100	398.672	441.489
758	44.4353	1	545.424	1	0.623211	1	225.896	1	82.5054	1	0	273.249	301.462
758	44.4353	1	545.424	1	0.623211	1	225.896	1	82.5054	1	0.001	273.298	301.526
758	44.4353	1	545.424	1	0.623211	1	225.896	1	82.5054	1	0.00316228	273.403	301.665
758	44.4353	1	545.424	1	0.623211	1	225.896	1	82.5054	1	0.01	273.729	302.097
758	44.4353	1	545.424	1	0.623211	1	225.896	1	82.5054	1	0.0316228	274.716	303.405
758	44.4353	1	545.424	1	0.623211	1	225.896	1	82.5054	1	0.1	277.464	307.052
758	44.4353	1	545.424	1	0.623211	1	225.896	1	82.5054	1	0.316228	283.726	315.552
758	44.4353	1	545.424	1	0.623211	1	225.896	1	82.5054	1	1	293.204	328.871
758	44.4353	1	545.424	1	0.623211	1	225.896	1	82.5054	1	3.16228	302.056	341.317
758	44.4353	1	545.424	1	0.623211	1	225.896	1	82.5054	1	10	309.723	350.196
758	44.4353	1	545.424	1	0.623211	1	225.896	1	82.5054	1	31.6228	321.475	360.635
758	44.4353	1	545.424	1	0.623211	1	225.896	1	82.5054	1	100	342.651	382.232
759	19.2579	1	2236	1	0.941498	1	468.597	1	55.0212	1	0	273.249	301.462
759	19.2579	1	2236	1	0.941498	1	468.597	1	55.0212	1	0.001	273.282	301.504
759	19.2579	1	2236	1	0.941498	1	468.597	1	55.0212	1	0.00316228	273.352	301.597
759	19.2579	1	2236	1	0.941498	1	468.597	1	55.0212	1	0.01	273.573	301.886
759	19.2579	1	2236	1	0.941498	1	468.597	1	55.0212	1	0.0316228	274.249	302.773
759	19.2579	1	2236	1	0.941498	1	468.597	1	55.0212	1	0.1	276.208	305.339
759	19.2579	1	2236	1	0.941498	1	468.597	1	55.0212	1	0.316228	281.13	311.85
759	19.2579	1	2236	1	0.941498	1	468.597	1	55.0212	1	1	290.085	323.941
759	19.2579	1	2236	1	0.941498	1	468.597	1	55.0212	1	3.16228	300.382	337.598
759	19.2579	1	2236	1	0.941498	1	468.597	1	55.0212	1	10	309.965	347.881
759	19.2579	1	2236	1	0.941498	1	468.597	1	55.0212	1	31.6228	318.861	356.548
759	19.2579	1	2236	1	0.941498	1	468.597	1	55.0212	1	100	331.719	370.786
760	41.0204	1	443.1	1	0.588466	1	765.018	1	57.2039	1	0	273.249	301.462
760	41.0204	1	443.1	1	0.588466	1	765.018	1	57.2039	1	0.001	273.301	301.53
760	41.0204	1	443.1	1	0.588466	1	765.018	1	57.2039	1	0.00316228	273.411	301.676
760	41.0204	1	443.1	1	0.588466	1	765.018	1	57.2039	1	0.01	273.754	302.131
760	41.0204	1	443.1	1	0.588466	1	765.018	1	57.2039	1	0.0316228	274.79	303.505
760	41.0204	1	443.1	1	0.588466	1	765.018	1	57.2039	1	0.1	277.654	307.317
760	41.0204	1	443.1	1	0.588466	1	765.018	1	57.2039	1	0.316228	284.058	316.037
760	41.0204	1	443.1	1	0.588466	1	765.018	1	57.2039	1	1	293.393	329.246
760	41.0204	1	443.1	1	0.588466	1	765.018	1	57.2039	1	3.16228	301.447	340.755
760	41.0204	1	443.1	1	0.588466	1	765.018	1	57.2039	1	10	306.995	347.199
760	41.0204	1	443.1	1	0.588466	1	765.018	1	57.2039	1	31.6228	312.437	350.93
760	41.0204	1	443.1	1	0.588466	1	765.018	1	57.2039	1	100	316.316	354.794
761	30.3125	1	532.337	1	1.09441	1	463.528	1	70.3311	1	0	273.249	301.462
761	30.3125	1	532.337	1	1.09441	1	463.528	1	70.3311	1	0.001	273.277	301.498
761	30.3125	1	532.337	1	1.09441	1	463.528	1	70.3311	1	0.00316228	273.337	301.577
761	30.3125	1	532.337	1	1.09441	1	463.528	1	70.3311	1	0.01	273.526	301.826
761	30.3125	1	532.337	1	1.09441	1	463.528	1	70.3311	1	0.0316228	274.107	302.591
761	30.3125	1	532.337	1	1.09441	1	463.528	1	70.3311	1	0.1	275.808	304.83
761	30.3125	1	532.337	1	1.09441	1	463.528	1	70.3311	1	0.316228	280.191	310.662
761	30.3125	1	532.337	1	1.09441	1	463.528	1	70.3311	1	1	288.545	322.023
761	30.3125	1	532.337	1	1.09441	1	463.528	1	70.3311	1	3.16228	298.503	335.667
761	30.3125	1	532.337	1	1.09441	1	463.528	1	70.3311	1	10	307.195	345.921
761	30.3125	1	532.337	1	1.09441	1	463.528	1	70.3311	1	31.6228	315.957	353.554
761	30.3125	1	532.337	1	1.09441	1	463.528	1	70.3311	1	100	325.791	364.061
762	25.753	1	296.428	1	1.59483	1	2699.44	1	103.036	1	0	273.249	301.462
762	25.753	1	296.428	1	1.59483	1	2699.44	1	103.036	1	0.001	273.268	301.487
762	25.753	1	296.428	1	1.59483	1	2699.44	1	103.036	1	0.00316228	273.31	301.541
762	25.753	1	296.428	1	1.59483	1	2699.44	1	103.036	1	0.01	273.439	301.71
762	25.753	1	296.428	1	1.59483	1	2699.44	1	103.036	1	0.0316228	273.841	302.238
762	25.753	1	296.428	1	1.59483	1	2699.44	1	103.036	1	0.1	275.046	303.818
762	25.753	1	296.428	1	1.59483	1	2699.44	1	103.036	1	0.316228	278.328	308.137
762	25.753	1	296.428	1	1.59483	1	2699.44	1	103.036	1	1	285.392	317.57
762	25.753	1	296.428	1	1.59483	1	2699.44	1	103.036	1	3.16228	295.212	330.849
762	25.753	1	296.428	1	1.59483	1	2699.44	1	103.036	1	10	303.84	341.264
762	25.753	1	296.428	1	1.59483	1	2699.44	1	103.036	1	31.6228	308.924	345.313
762	25.753	1	296.428	1	1.59483	1	2699.44	1	103.036	1	100	305.881	342.514
763	41.9933	1	259.687	1	0.930437	1	299.938	1	51.1866	1	0	273.249	301.462
763	41.9933	1	259.687	1	0.930437	1	299.938	1	51.1866	1	0.001	273.282	301.505
763	41.9933	1	259.687	1	0.930437	1	299.938	1	51.1866	1	0.00316228	273.352	301.598
763	41.9933	1	259.687	1	0.930437	1	299.938	1	51.1866	1	0.01	273.572	301.888
763	41.9933	1	259.687	1	0.930437	1	299.938	1	51.1866	1	0.0316228	274.246	302.781
763	41.9933	1	259.687	1	0.930437	1	299.938	1	51.1866	1	0.1	276.195	305.358
763	41.9933	1	259.687	1	0.930437	1	299.938	1	51.1866	1	0.316228	281.061	311.881
763	41.9933	1	259.687	1	0.930437	1	299.938	1	51.1866	1	1	289.747	323.895
763	41.9933	1	259.687	1	0.930437	1	299.938	1	51.1866	1	3.16228	299.201	337.187
763	41.9933	1	259.687	1	0.930437	1	299.938	1	51.1866	1	10	306.798	346.537
763	41.9933	1	259.687	1	0.930437	1	299.938	1	51.1866	1	31.6228	315.237	353.903
763	41.9933	1	259.687	1	0.930437	1	299.938	1	51.1866	1	100	326.421	365.876
764	30.5652	1	735.677	1	0.795751	1	143.071	1	69.4569	1	0	273.249	301.462
764	30.5652	1	735.677	1	0.795751	1	143.071	1	69.4569	1	0.001	273.288	301.512
764	30.5652	1	735.677	1	0.795751	1	143.071	1	69.4569	1	0.00316228	273.371	301.622
764	30.5652	1	735.677	1	0.795751	1	143.071	1	69.4569	1	0.01	273.631	301.964
764	30.5652	1	735.677	1	0.795751	1	143.071	1	69.4569	1	0.0316228	274.424	303.01
764	30.5652	1	735.677	1	0.795751	1	143.071	1	69.4569	1	0.1	276.688	305.99
764	30.5652	1	735.677	1	0.795751	1	143.071	1	69.4569	1	0.316228	282.192	313.358
764	30.5652	1	735.677	1	0.795751	1	143.071	1	69.4569	1	1	291.589	326.25
764	30.5652	1	735.677	1	0.795751	1	143.071	1	69.4569	1	3.16228	301.916	340.23
764	30.5652	1	735.677	1	0.795751	1	143.071	1	69.4569	1	10	312.618	352.185
764	30.5652	1	735.677	1	0.795751	1	143.071	1	69.4569	1	31.6228	330.023	368.674
764	30.5652	1	735.677	1	0.795751	1	143.071	1	69.4569	1	100	362.448	403.051
765	30.0343	1	533.93	1	0.922678	1	389.719	1	20.8691	1	0	273.249	301.462
765	30.0343	1	533.93	1	0.922678	1	389.719	1	20.8691	1	0.001	273.282	301.505
765	30.0343	1	533.93	1	0.922678	1	389.719	1	20.8691	1	0.00316228	273.354	301.599
765	30.0343	1	533.93	1	0.922678	1	389.719	1	20.8691	1	0.01	273.577	301.893
765	30.0343	1	533.93	1	0.922678	1	389.719	1	20.8691	1	0.0316228	274.261	302.796
765	30.0343	1	533.93	1	0.922678	1	389.719	1	20.8691	1	0.1	276.239	305.402
765	30.0343	1	533.93	1	0.922678	1	389.719	1	20.8691	1	0.316228	281.176	311.992
765	30.0343	1	533.93	1	0.922678	1	389.719	1	20.8691	1	1	290.005	324.103
765	30.0343	1	533.93	1	0.922678	1	389.719	1	20.8691	1	3.16228	299.722	337.498
765	30.0343	1	533.93	1	0.922678	1	389.719	1	20.8691	1	10	307.901	347.015
765	30.0343	1	533.93	1	0.922678	1	389.719	1	20.8691	1	31.6228	315.442	354.5
765	30.0343	1	533.93	1	0.922678	1	389.719	1	20.8691	1	100	327.647	367.21
766	10.7105	1	688.077	1	0.677265	1	96.1279	1	37.9783	1	0	273.249	301.462
766	10.7105	1	688.077	1	0.677265	1	96.1279	1	37.9783	1	0.001	273.295	301.522
766	10.7105	1	688.077	1	0.677265	1	96.1279	1	37.9783	1	0.00316228	273.395	301.651
766	10.7105	1	688.077	1	0.677265	1	96.1279	1	37.9783	1	0.01	273.704	302.055
766	10.7105	1	688.077	1	0.677265	1	96.1279	1	37.9783	1	0.0316228	274.645	303.281
766	10.7105	1	688.077	1	0.677265	1	96.1279	1	37.9783	1	0.1	277.296	306.726
766	10.7105	1	688.077	1	0.677265	1	96.1279	1	37.9783	1	0.316228	283.562	314.982
766	10.7105	1	688.077	1	0.677265	1	96.1279	1	37.9783	1	1	293.884	328.681
766	10.7105	1	688.077	1	0.677265	1	96.1279	1	37.9783	1	3.16228	305.724	343.158
766	10.7105	1	688.077	1	0.677265	1	96.1279	1	37.9783	1	10	319.839	357.186
766	10.7105	1	688.077	1	0.677265	1	96.1279	1	37.9783	1	31.6228	339.944	379.009
766	10.7105	1	688.077	1	0.677265	1	96.1279	1	37.9783	1	100	383.315	425.545
767	28.7169	1	417.315	1	1.31876	1	234.128	1	246.675	1	0	273.249	301.462
767	28.7169	1	417.315	1	1.31876	1	234.128	1	246.675	1	0.001	273.273	301.492
767	28.7169	1	417.315	1	1.31876	1	234.128	1	246.675	1	0.00316228	273.323	301.558
767	28.7169	1	417.315	1	1.31876	1	234.128	1	246.675	1	0.01	273.481	301.766
767	28.7169	1	417.315	1	1.31876	1	234.128	1	246.675	1	0.0316228	273.97	302.408
767	28.7169	1	417.315	1	1.31876	1	234.128	1	246.675	1	0.1	275.423	304.313
767	28.7169	1	417.315	1	1.31876	1	234.128	1	246.675	1	0.316228	279.289	309.419
767	28.7169	1	417.315	1	1.31876	1	234.128	1	246.675	1	1	287.193	320.022
767	28.7169	1	417.315	1	1.31876	1	234.128	1	246.675	1	3.16228	297.735	334.224
767	28.7169	1	417.315	1	1.31876	1	234.128	1	246.675	1	10	308.268	346.577
767	28.7169	1	417.315	1	1.31876	1	234.128	1	246.675	1	31.6228	321.176	358.531
767	28.7169	1	417.315	1	1.31876	1	234.128	1	246.675	1	100	340.149	378.801
768	21.3021	1	802.216	1	0.395036	1	134.153	1	60.5652	1	0	273.249	301.462
768	21.3021	1	802.216	1	0.395036	1	134.153	1	60.5652	1	0.001	273.326	301.563
768	21.3021	1	802.216	1	0.395036	1	134.153	1	60.5652	1	0.00316228	273.491	301.782
768	21.3021	1	802.216	1	0.395036	1	134.153	1	60.5652	1	0.01	274.002	302.457
768	21.3021	1	802.216	1	0.395036	1	134.153	1	60.5652	1	0.0316228	275.51	304.45
768	21.3021	1	802.216	1	0.395036	1	134.153	1	60.5652	1	0.1	279.478	309.75
768	21.3021	1	802.216	1	0.395036	1	134.153	1	60.5652	1	0.316228	287.36	320.533
768	21.3021	1	802.216	1	0.395036	1	134.153	1	60.5652	1	1	297.25	334.427
768	21.3021	1	802.216	1	0.395036	1	134.153	1	60.5652	1	3.16228	305.862	345.658
768	21.3021	1	802.216	1	0.395036	1	134.153	1	60.5652	1	10	315.788	355.299
768	21.3021	1	802.216	1	0.395036	1	134.153	1	60.5652	1	31.6228	332.649	371.407
768	21.3021	1	802.216	1	0.395036	1	134.153	1	60.5652	1	100	366.406	407.438
769	38.6445	1	534.158	1	1.49733	1	1119.54	1	47.1061	1	0	273.249	301.462
769	38.6445	1	534.158	1	1.49733	1	1119.54	1	47.1061	1	0.001	273.27	301.488
769	38.6445	1	534.158	1	1.49733	1	1119.54	1	47.1061	1	0.00316228	273.314	301.546
769	38.6445	1	534.158	1	1.49733	1	1119.54	1	47.1061	1	0.01	273.451	301.728
769	38.6445	1	534.158	1	1.49733	1	1119.54	1	47.1061	1	0.0316228	273.879	302.291
769	38.6445	1	534.158	1	1.49733	1	1119.54	1	47.1061	1	0.1	275.157	303.974
769	38.6445	1	534.158	1	1.49733	1	1119.54	1	47.1061	1	0.316228	278.606	308.546
769	38.6445	1	534.158	1	1.49733	1	1119.54	1	47.1061	1	1	285.874	318.361
769	38.6445	1	534.158	1	1.49733	1	1119.54	1	47.1061	1	3.16228	295.682	331.882
769	38.6445	1	534.158	1	1.49733	1	1119.54	1	47.1061	1	10	304.157	342.638
769	38.6445	1	534.158	1	1.49733	1	1119.54	1	47.1061	1	31.6228	310.738	348.568
769	38.6445	1	534.158	1	1.49733	1	1119.54	1	47.1061	1	100	313.578	351.858
770	17.8402	1	724.42	1	0.669549	1	420.877	1	63.3	1	0	273.249	301.462
770	17.8402	1	724.42	1	0.669549	1	420.877	1	63.3	1	0.001	273.295	301.522
770	17.8402	1	724.42	1	0.669549	1	420.877	1	63.3	1	0.00316228	273.393	301.651
770	17.8402	1	724.42	1	0.669549	1	420.877	1	63.3	1	0.01	273.699	302.054
770	17.8402	1	724.42	1	0.669549	1	420.877	1	63.3	1	0.0316228	274.628	303.276
770	17.8402	1	724.42	1	0.669549	1	420.877	1	63.3	1	0.1	277.232	306.702
770	17.8402	1	724.42	1	0.669549	1	420.877	1	63.3	1	0.316228	283.307	314.843
770	17.8402	1	724.42	1	0.669549	1	420.877	1	63.3	1	1	292.891	327.983
770	17.8402	1	724.42	1	0.669549	1	420.877	1	63.3	1	3.16228	302.384	340.541
770	17.8402	1	724.42	1	0.669549	1	420.877	1	63.3	1	10	310.909	349.085
770	17.8402	1	724.42	1	0.669549	1	420.877	1	63.3	1	31.6228	318.779	356.454
770	17.8402	1	724.42	1	0.669549	1	420.877	1	63.3	1	100	330.202	368.923
771	18.1409	1	705.626	1	1.02135	1	267.454	1	74.2273	1	0	273.249	301.462
771	18.1409	1	705.626	1	1.02135	1	267.454	1	74.2273	1	0.001	273.28	301.501
771	18.1409	1	705.626	1	1.02135	1	267.454	1	74.2273	1	0.00316228	273.345	301.586
771	18.1409	1	705.626	1	1.02135	1	267.454	1	74.2273	1	0.01	273.549	301.854
771	18.1409	1	705.626	1	1.02135	1	267.454	1	74.2273	1	0.0316228	274.177	302.676
771	18.1409	1	705.626	1	1.02135	1	267.454	1	74.2273	1	0.1	276.011	305.071
771	18.1409	1	705.626	1	1.02135	1	267.454	1	74.2273	1	0.316228	280.694	311.246
771	18.1409	1	705.626	1	1.02135	1	267.454	1	74.2273	1	1	289.52	323.06
771	18.1409	1	705.626	1	1.02135	1	267.454	1	74.2273	1	3.16228	300.229	337.118
771	18.1409	1	705.626	1	1.02135	1	267.454	1	74.2273	1	10	310.887	348.56
771	18.1409	1	705.626	1	1.02135	1	267.454	1	74.2273	1	31.6228	322.1	359.739
771	18.1409	1	705.626	1	1.02135	1	267.454	1	74.2273	1	100	340.537	379.763
772	36.2338	1	604.764	1	0.866309	1	193.447	1	94.1703	1	0	273.249	301.462
772	36.2338	1	604.764	1	0.866309	1	193.447	1	94.1703	1	0.001	273.285	301.508
772	36.2338	1	604.764	1	0.866309	1	193.447	1	94.1703	1	0.00316228	273.361	301.608
772	36.2338	1	604.764	1	0.866309	1	193.447	1	94.1703	1	0.01	273.598	301.922
772	36.2338	1	604.764	1	0.866309	1	193.447	1	94.1703	1	0.0316228	274.327	302.884
772	36.2338	1	604.764	1	0.866309	1	193.447	1	94.1703	1	0.1	276.421	305.645
772	36.2338	1	604.764	1	0.866309	1	193.447	1	94.1703	1	0.316228	281.591	312.566
772	36.2338	1	604.764	1	0.866309	1	193.447	1	94.1703	1	1	290.659	325.043
772	36.2338	1	604.764	1	0.866309	1	193.447	1	94.1703	1	3.16228	300.675	338.819
772	36.2338	1	604.764	1	0.866309	1	193.447	1	94.1703	1	10	310.18	349.851
772	36.2338	1	604.764	1	0.866309	1	193.447	1	94.1703	1	31.6228	324.327	362.874
772	36.2338	1	604.764	1	0.866309	1	193.447	1	94.1703	1	100	349.1	388.741
773	55.9072	1	704.789	1	1.26226	1	172.345	1	51.893	1	0	273.249	301.462
773	55.9072	1	704.789	1	1.26226	1	172.345	1	51.893	1	0.001	273.274	301.494
773	55.9072	1	704.789	1	1.26226	1	172.345	1	51.893	1	0.00316228	273.326	301.563
773	55.9072	1	704.789	1	1.26226	1	172.345	1	51.893	1	0.01	273.491	301.781
773	55.9072	1	704.789	1	1.26226	1	172.345	1	51.893	1	0.0316228	274.002	302.454
773	55.9072	1	704.789	1	1.26226	1	172.345	1	51.893	1	0.1	275.513	304.445
773	55.9072	1	704.789	1	1.26226	1	172.345	1	51.893	1	0.316228	279.507	309.758
773	55.9072	1	704.789	1	1.26226	1	172.345	1	51.893	1	1	287.54	320.669
773	55.9072	1	704.789	1	1.26226	1	172.345	1	51.893	1	3.16228	298.054	335.182
773	55.9072	1	704.789	1	1.26226	1	172.345	1	51.893	1	10	308.536	348.308
773	55.9072	1	704.789	1	1.26226	1	172.345	1	51.893	1	31.6228	323.784	363.539
773	55.9072	1	704.789	1	1.26226	1	172.345	1	51.893	1	100	351.796	393.008
774	25.4275	1	69.1207	1	1.3108	1	293.742	1	74.5127	1	0	273.249	301.462
774	25.4275	1	69.1207	1	1.3108	1	293.742	1	74.5127	1	0.001	273.272	301.492
774	25.4275	1	69.1207	1	1.3108	1	293.742	1	74.5127	1	0.00316228	273.321	301.556
774	25.4275	1	69.1207	1	1.3108	1	293.742	1	74.5127	1	0.01	273.474	301.759
774	25.4275	1	69.1207	1	1.3108	1	293.742	1	74.5127	1	0.0316228	273.948	302.387
774	25.4275	1	69.1207	1	1.3108	1	293.742	1	74.5127	1	0.1	275.353	304.244
774	25.4275	1	69.1207	1	1.3108	1	293.742	1	74.5127	1	0.316228	279.064	309.196
774	25.4275	1	69.1207	1	1.3108	1	293.742	1	74.5127	1	1	286.499	319.314
774	25.4275	1	69.1207	1	1.3108	1	293.742	1	74.5127	1	3.16228	295.589	331.99
774	25.4275	1	69.1207	1	1.3108	1	293.742	1	74.5127	1	10	302.019	340.067
774	25.4275	1	69.1207	1	1.3108	1	293.742	1	74.5127	1	31.6228	305.095	341.89
774	25.4275	1	69.1207	1	1.3108	1	293.742	1	74.5127	1	100	299.63	338.655
775	30.8353	1	283.141	1	1.16252	1	107.902	1	81.045	1	0	273.249	301.462
775	30.8353	1	283.141	1	1.16252	1	107.902	1	81.045	1	0.001	273.276	301.497
775	30.8353	1	283.141	1	1.16252	1	107.902	1	81.045	1	0.00316228	273.334	301.572
775	30.8353	1	283.141	1	1.16252	1	107.902	1	81.045	1	0.01	273.514	301.809
775	30.8353	1	283.141	1	1.16252	1	107.902	1	81.045	1	0.0316228	274.072	302.541
775	30.8353	1	283.141	1	1.16252	1	107.902	1	81.045	1	0.1	275.714	304.695
775	30.8353	1	283.141	1	1.16252	1	107.902	1	81.045	1	0.316228	280.014	310.381
775	30.8353	1	283.141	1	1.16252	1	107.902	1	81.045	1	1	288.521	321.826
775	30.8353	1	283.141	1	1.16252	1	107.902	1	81.045	1	3.16228	299.693	336.789
775	30.8353	1	283.141	1	1.16252	1	107.902	1	81.045	1	10	312.204	351.251
775	30.8353	1	283.141	1	1.16252	1	107.902	1	81.045	1	31.6228	332.071	370.508
775	30.8353	1	283.141	1	1.16252	1	107.902	1	81.045	1	100	367.656	408.135
776	51.7734	1	1342.62	1	1.25638	1	635.35	1	54.3823	1	0	273.249	301.462
776	51.7734	1	1342.62	1	1.25638	1	635.35	1	54.3823	1	0.001	273.274	301.494
776	51.7734	1	1342.62	1	1.25638	1	635.35	1	54.3823	1	0.00316228	273.326	301.563
776	51.7734	1	1342.62	1	1.25638	1	635.35	1	54.3823	1	0.01	273.49	301.779
776	51.7734	1	1342.62	1	1.25638	1	635.35	1	54.3823	1	0.0316228	273.997	302.45
776	51.7734	1	1342.62	1	1.25638	1	635.35	1	54.3823	1	0.1	275.496	304.429
776	51.7734	1	1342.62	1	1.25638	1	635.35	1	54.3823	1	0.316228	279.444	309.694
776	51.7734	1	1342.62	1	1.25638	1	635.35	1	54.3823	1	1	287.294	320.408
776	51.7734	1	1342.62	1	1.25638	1	635.35	1	54.3823	1	3.16228	297.114	334.142
776	51.7734	1	1342.62	1	1.25638	1	635.35	1	54.3823	1	10	305.412	344.81
776	51.7734	1	1342.62	1	1.25638	1	635.35	1	54.3823	1	31.6228	313.678	352.511
776	51.7734	1	1342.62	1	1.25638	1	635.35	1	54.3823	1	100	323.469	362.733
777	30.7883	1	349.039	1	4.77379	1	198.376	1	84.4181	1	0	273.249	301.462
777	30.7883	1	349.039	1	4.77379	1	198.376	1	84.4181	1	0.001	273.256	301.47
777	30.7883	1	349.039	1	4.77379	1	198.376	1	84.4181	1	0.00316228	273.271	301.489
777	30.7883	1	349.039	1	4.77379	1	198.376	1	84.4181	1	0.01	273.318	301.548
777	30.7883	1	349.039	1	4.77379	1	198.376	1	84.4181	1	0.0316228	273.464	301.735
777	30.7883	1	349.039	1	4.77379	1	198.376	1	84.4181	1	0.1	273.921	302.315
777	30.7883	1	349.039	1	4.77379	1	198.376	1	84.4181	1	0.316228	275.292	304.052
777	30.7883	1	349.039	1	4.77379	1	198.376	1	84.4181	1	1	279.056	308.818
777	30.7883	1	349.039	1	4.77379	1	198.376	1	84.4181	1	3.16228	287.391	319.335
777	30.7883	1	349.039	1	4.77379	1	198.376	1	84.4181	1	10	300.679	335.389
777	30.7883	1	349.039	1	4.77379	1	198.376	1	84.4181	1	31.6228	318.101	353.951
777	30.7883	1	349.039	1	4.77379	1	198.376	1	84.4181	1	100	341.767	380.046
778	23.2506	1	612.189	1	0.758341	1	179.554	1	87.0925	1	0	273.249	301.462
778	23.2506	1	612.189	1	0.758341	1	179.554	1	87.0925	1	0.001	273.29	301.515
778	23.2506	1	612.189	1	0.758341	1	179.554	1	87.0925	1	0.00316228	273.377	301.629
778	23.2506	1	612.189	1	0.758341	1	179.554	1	87.0925	1	0.01	273.649	301.987
778	23.2506	1	612.189	1	0.758341	1	179.554	1	87.0925	1	0.0316228	274.478	303.079
778	23.2506	1	612.189	1	0.758341	1	179.554	1	87.0925	1	0.1	276.833	306.175
778	23.2506	1	612.189	1	0.758341	1	179.554	1	87.0925	1	0.316228	282.499	313.753
778	23.2506	1	612.189	1	0.758341	1	179.554	1	87.0925	1	1	291.972	326.716
778	23.2506	1	612.189	1	0.758341	1	179.554	1	87.0925	1	3.16228	302.103	340.275
778	23.2506	1	612.189	1	0.758341	1	179.554	1	87.0925	1	10	312.311	351.191
778	23.2506	1	612.189	1	0.758341	1	179.554	1	87.0925	1	31.6228	326.807	364.842
778	23.2506	1	612.189	1	0.758341	1	179.554	1	87.0925	1	100	352.491	392.377
779	14.1561	1	161.55	1	0.86749	1	445.362	1	48.2816	1	0	273.249	301.462
779	14.1561	1	161.55	1	0.86749	1	445.362	1	48.2816	1	0.001	273.285	301.508
779	14.1561	1	161.55	1	0.86749	1	445.362	1	48.2816	1	0.00316228	273.36	301.607
779	14.1561	1	161.55	1	0.86749	1	445.362	1	48.2816	1	0.01	273.597	301.918
779	14.1561	1	161.55	1	0.86749	1	445.362	1	48.2816	1	0.0316228	274.324	302.87
779	14.1561	1	161.55	1	0.86749	1	445.362	1	48.2816	1	0.1	276.412	305.602
779	14.1561	1	161.55	1	0.86749	1	445.362	1	48.2816	1	0.316228	281.578	312.437
779	14.1561	1	161.55	1	0.86749	1	445.362	1	48.2816	1	1	290.636	324.645
779	14.1561	1	161.55	1	0.86749	1	445.362	1	48.2816	1	3.16228	300.513	337.557
779	14.1561	1	161.55	1	0.86749	1	445.362	1	48.2816	1	10	308.66	345.772
779	14.1561	1	161.55	1	0.86749	1	445.362	1	48.2816	1	31.6228	312.461	349.292
779	14.1561	1	161.55	1	0.86749	1	445.362	1	48.2816	1	100	314.563	352.2
780	48.019	1	475.446	1	1.12936	1	174.825	1	64.2788	1	0	273.249	301.462
780	48.019	1	475.446	1	1.12936	1	174.825	1	64.2788	1	0.001	273.277	301.497
780	48.019	1	475.446	1	1.12936	1	174.825	1	64.2788	1	0.00316228	273.335	301.575
780	48.019	1	475.446	1	1.12936	1	174.825	1	64.2788	1	0.01	273.519	301.817
780	48.019	1	475.446	1	1.12936	1	174.825	1	64.2788	1	0.0316228	274.085	302.565
780	48.019	1	475.446	1	1.12936	1	174.825	1	64.2788	1	0.1	275.749	304.758
780	48.019	1	475.446	1	1.12936	1	174.825	1	64.2788	1	0.316228	280.067	310.512
780	48.019	1	475.446	1	1.12936	1	174.825	1	64.2788	1	1	288.423	321.913
780	48.019	1	475.446	1	1.12936	1	174.825	1	64.2788	1	3.16228	298.79	336.228
780	48.019	1	475.446	1	1.12936	1	174.825	1	64.2788	1	10	308.842	348.596
780	48.019	1	475.446	1	1.12936	1	174.825	1	64.2788	1	31.6228	323.433	362.736
780	48.019	1	475.446	1	1.12936	1	174.825	1	64.2788	1	100	349.495	389.909
781	34.2189	1	475.703	1	2.02025	1	221.478	1	50.7692	1	0	273.249	301.462
781	34.2189	1	475.703	1	2.02025	1	221.478	1	50.7692	1	0.001	273.265	301.482
781	34.2189	1	475.703	1	2.02025	1	221.478	1	50.7692	1	0.00316228	273.298	301.525
781	34.2189	1	475.703	1	2.02025	1	221.478	1	50.7692	1	0.01	273.403	301.662
781	34.2189	1	475.703	1	2.02025	1	221.478	1	50.7692	1	0.0316228	273.73	302.089
781	34.2189	1	475.703	1	2.02025	1	221.478	1	50.7692	1	0.1	274.721	303.384
781	34.2189	1	475.703	1	2.02025	1	221.478	1	50.7692	1	0.316228	277.5	307.007
781	34.2189	1	475.703	1	2.02025	1	221.478	1	50.7692	1	1	283.971	315.561
781	34.2189	1	475.703	1	2.02025	1	221.478	1	50.7692	1	3.16228	294.382	329.435
781	34.2189	1	475.703	1	2.02025	1	221.478	1	50.7692	1	10	306.13	343.841
781	34.2189	1	475.703	1	2.02025	1	221.478	1	50.7692	1	31.6228	320.246	358.027
781	34.2189	1	475.703	1	2.02025	1	221.478	1	50.7692	1	100	341.535	380.989
782	24.4795	1	159.559	1	0.688259	1	204.279	1	64.8479	1	0	273.249	301.462
782	24.4795	1	159.559	1	0.688259	1	204.279	1	64.8479	1	0.001	273.293	301.52
782	24.4795	1	159.559	1	0.688259	1	204.279	1	64.8479	1	0.00316228	273.388	301.645
782	24.4795	1	159.559	1	0.688259	1	204.279	1	64.8479	1	0.01	273.684	302.036
782	24.4795	1	159.559	1	0.688259	1	204.279	1	64.8479	1	0.0316228	274.583	303.224
782	24.4795	1	159.559	1	0.688259	1	204.279	1	64.8479	1	0.1	277.108	306.557
782	24.4795	1	159.559	1	0.688259	1	204.279	1	64.8479	1	0.316228	283.028	314.533
782	24.4795	1	159.559	1	0.688259	1	204.279	1	64.8479	1	1	292.409	327.544
782	24.4795	1	159.559	1	0.688259	1	204.279	1	64.8479	1	3.16228	301.557	340.065
782	24.4795	1	159.559	1	0.688259	1	204.279	1	64.8479	1	10	309.425	348.5
782	24.4795	1	159.559	1	0.688259	1	204.279	1	64.8479	1	31.6228	318.915	356.44
782	24.4795	1	159.559	1	0.688259	1	204.279	1	64.8479	1	100	333.031	371.921
783	26.238	1	344.316	1	0.815183	1	218.259	1	48.1808	1	0	273.249	301.462
783	26.238	1	344.316	1	0.815183	1	218.259	1	48.1808	1	0.001	273.287	301.511
783	26.238	1	344.316	1	0.815183	1	218.259	1	48.1808	1	0.00316228	273.367	301.617
783	26.238	1	344.316	1	0.815183	1	218.259	1	48.1808	1	0.01	273.62	301.95
783	26.238	1	344.316	1	0.815183	1	218.259	1	48.1808	1	0.0316228	274.391	302.967
783	26.238	1	344.316	1	0.815183	1	218.259	1	48.1808	1	0.1	276.595	305.869
783	26.238	1	344.316	1	0.815183	1	218.259	1	48.1808	1	0.316228	281.971	313.063
783	26.238	1	344.316	1	0.815183	1	218.259	1	48.1808	1	1	291.167	325.683
783	26.238	1	344.316	1	0.815183	1	218.259	1	48.1808	1	3.16228	301.027	339.093
783	26.238	1	344.316	1	0.815183	1	218.259	1	48.1808	1	10	310.141	349.185
783	26.238	1	344.316	1	0.815183	1	218.259	1	48.1808	1	31.6228	321.635	359.705
783	26.238	1	344.316	1	0.815183	1	218.259	1	48.1808	1	100	340.4	379.781
784	34.9716	1	607.465	1	1.06932	1	44.8546	1	85.5253	1	0	273.249	301.462
784	34.9716	1	607.465	1	1.06932	1	44.8546	1	85.5253	1	0.001	273.279	301.501
784	34.9716	1	607.465	1	1.06932	1	44.8546	1	85.5253	1	0.00316228	273.344	301.585
784	34.9716	1	607.465	1	1.06932	1	44.8546	1	85.5253	1	0.01	273.547	301.85
784	34.9716	1	607.465	1	1.06932	1	44.8546	1	85.5253	1	0.0316228	274.173	302.667
784	34.9716	1	607.465	1	1.06932	1	44.8546	1	85.5253	1	0.1	276.012	305.062
784	34.9716	1	607.465	1	1.06932	1	44.8546	1	85.5253	1	0.316228	280.807	311.356
784	34.9716	1	607.465	1	1.06932	1	44.8546	1	85.5253	1	1	290.311	323.997
784	34.9716	1	607.465	1	1.06932	1	44.8546	1	85.5253	1	3.16228	303.822	341.522
784	34.9716	1	607.465	1	1.06932	1	44.8546	1	85.5253	1	10	323.581	363.78
784	34.9716	1	607.465	1	1.06932	1	44.8546	1	85.5253	1	31.6228	362.698	403.268
784	34.9716	1	607.465	1	1.06932	1	44.8546	1	85.5253	1	100	434.727	479.381
785	18.0834	1	443.175	1	1.43019	1	280.773	1	51.3298	1	0	273.249	301.462
785	18.0834	1	443.175	1	1.43019	1	280.773	1	51.3298	1	0.001	273.271	301.49
785	18.0834	1	443.175	1	1.43019	1	280.773	1	51.3298	1	0.00316228	273.318	301.551
785	18.0834	1	443.175	1	1.43019	1	280.773	1	51.3298	1	0.01	273.465	301.743
785	18.0834	1	443.175	1	1.43019	1	280.773	1	51.3298	1	0.0316228	273.923	302.338
785	18.0834	1	443.175	1	1.43019	1	280.773	1	51.3298	1	0.1	275.288	304.111
785	18.0834	1	443.175	1	1.43019	1	280.773	1	51.3298	1	0.316228	278.97	308.915
785	18.0834	1	443.175	1	1.43019	1	280.773	1	51.3298	1	1	286.75	319.153
785	18.0834	1	443.175	1	1.43019	1	280.773	1	51.3298	1	3.16228	297.661	333.365
785	18.0834	1	443.175	1	1.43019	1	280.773	1	51.3298	1	10	309.001	346.002
785	18.0834	1	443.175	1	1.43019	1	280.773	1	51.3298	1	31.6228	319.895	357.144
785	18.0834	1	443.175	1	1.43019	1	280.773	1	51.3298	1	100	335.721	374.552
786	26.062	1	533.557	1	0.882629	1	58.6039	1	66.3294	1	0	273.249	301.462
786	26.062	1	533.557	1	0.882629	1	58.6039	1	66.3294	1	0.001	273.285	301.508
786	26.062	1	533.557	1	0.882629	1	58.6039	1	66.3294	1	0.00316228	273.362	301.609
786	26.062	1	533.557	1	0.882629	1	58.6039	1	66.3294	1	0.01	273.602	301.924
786	26.062	1	533.557	1	0.882629	1	58.6039	1	66.3294	1	0.0316228	274.34	302.889
786	26.062	1	533.557	1	0.882629	1	58.6039	1	66.3294	1	0.1	276.471	305.674
786	26.062	1	533.557	1	0.882629	1	58.6039	1	66.3294	1	0.316228	281.802	312.72
786	26.062	1	533.557	1	0.882629	1	58.6039	1	66.3294	1	1	291.594	325.872
786	26.062	1	533.557	1	0.882629	1	58.6039	1	66.3294	1	3.16228	304.065	342.092
786	26.062	1	533.557	1	0.882629	1	58.6039	1	66.3294	1	10	321.016	360.613
786	26.062	1	533.557	1	0.882629	1	58.6039	1	66.3294	1	31.6228	352.978	392.626
786	26.062	1	533.557	1	0.882629	1	58.6039	1	66.3294	1	100	412.975	456.473
787	32.8499	1	439.659	1	1.531	1	190.558	1	100.267	1	0	273.249	301.462
787	32.8499	1	439.659	1	1.531	1	190.558	1	100.267	1	0.001	273.27	301.488
787	32.8499	1	439.659	1	1.531	1	190.558	1	100.267	1	0.00316228	273.313	301.545
787	32.8499	1	439.659	1	1.531	1	190.558	1	100.267	1	0.01	273.45	301.725
787	32.8499	1	439.659	1	1.531	1	190.558	1	100.267	1	0.0316228	273.876	302.283
787	32.8499	1	439.659	1	1.531	1	190.558	1	100.267	1	0.1	275.151	303.954
787	32.8499	1	439.659	1	1.531	1	190.558	1	100.267	1	0.316228	278.619	308.517
787	32.8499	1	439.659	1	1.531	1	190.558	1	100.267	1	1	286.067	318.462
787	32.8499	1	439.659	1	1.531	1	190.558	1	100.267	1	3.16228	296.762	332.831
787	32.8499	1	439.659	1	1.531	1	190.558	1	100.267	1	10	308.128	346.472
787	32.8499	1	439.659	1	1.531	1	190.558	1	100.267	1	31.6228	323.153	360.935
787	32.8499	1	439.659	1	1.531	1	190.558	1	100.267	1	100	347.108	386.325
788	32.915	1	417.156	1	0.50063	1	452.908	1	277.185	1	0	273.249	301.462
788	32.915	1	417.156	1	0.50063	1	452.908	1	277.185	1	0.001	273.31	301.541
788	32.915	1	417.156	1	0.50063	1	452.908	1	277.185	1	0.00316228	273.439	301.713
788	32.915	1	417.156	1	0.50063	1	452.908	1	277.185	1	0.01	273.842	302.247
788	32.915	1	417.156	1	0.50063	1	452.908	1	277.185	1	0.0316228	275.046	303.844
788	32.915	1	417.156	1	0.50063	1	452.908	1	277.185	1	0.1	278.318	308.21
788	32.915	1	417.156	1	0.50063	1	452.908	1	277.185	1	0.316228	285.291	317.734
788	32.915	1	417.156	1	0.50063	1	452.908	1	277.185	1	1	294.782	331.2
788	32.915	1	417.156	1	0.50063	1	452.908	1	277.185	1	3.16228	302.631	342.194
788	32.915	1	417.156	1	0.50063	1	452.908	1	277.185	1	10	308.699	348.67
788	32.915	1	417.156	1	0.50063	1	452.908	1	277.185	1	31.6228	316.226	353.991
788	32.915	1	417.156	1	0.50063	1	452.908	1	277.185	1	100	324.945	362.803
789	27.2901	1	220.955	1	0.943752	1	187.103	1	43.1077	1	0	273.249	301.462
789	27.2901	1	220.955	1	0.943752	1	187.103	1	43.1077	1	0.001	273.282	301.504
789	27.2901	1	220.955	1	0.943752	1	187.103	1	43.1077	1	0.00316228	273.351	301.596
789	27.2901	1	220.955	1	0.943752	1	187.103	1	43.1077	1	0.01	273.57	301.884
789	27.2901	1	220.955	1	0.943752	1	187.103	1	43.1077	1	0.0316228	274.241	302.768
789	27.2901	1	220.955	1	0.943752	1	187.103	1	43.1077	1	0.1	276.183	305.325
789	27.2901	1	220.955	1	0.943752	1	187.103	1	43.1077	1	0.316228	281.06	311.818
789	27.2901	1	220.955	1	0.943752	1	187.103	1	43.1077	1	1	289.91	323.904
789	27.2901	1	220.955	1	0.943752	1	187.103	1	43.1077	1	3.16228	300.005	337.654
789	27.2901	1	220.955	1	0.943752	1	187.103	1	43.1077	1	10	309.395	348.345
789	27.2901	1	220.955	1	0.943752	1	187.103	1	43.1077	1	31.6228	321.171	359.244
789	27.2901	1	220.955	1	0.943752	1	187.103	1	43.1077	1	100	339.968	379.727
790	53.8465	1	1116.7	1	1.42133	1	179.403	1	105.108	1	0	273.249	301.462
790	53.8465	1	1116.7	1	1.42133	1	179.403	1	105.108	1	0.001	273.271	301.49
790	53.8465	1	1116.7	1	1.42133	1	179.403	1	105.108	1	0.00316228	273.318	301.552
790	53.8465	1	1116.7	1	1.42133	1	179.403	1	105.108	1	0.01	273.465	301.746
790	53.8465	1	1116.7	1	1.42133	1	179.403	1	105.108	1	0.0316228	273.922	302.347
790	53.8465	1	1116.7	1	1.42133	1	179.403	1	105.108	1	0.1	275.283	304.138
790	53.8465	1	1116.7	1	1.42133	1	179.403	1	105.108	1	0.316228	278.947	308.993
790	53.8465	1	1116.7	1	1.42133	1	179.403	1	105.108	1	1	286.617	319.348
790	53.8465	1	1116.7	1	1.42133	1	179.403	1	105.108	1	3.16228	297.237	333.889
790	53.8465	1	1116.7	1	1.42133	1	179.403	1	105.108	1	10	308.263	347.67
790	53.8465	1	1116.7	1	1.42133	1	179.403	1	105.108	1	31.6228	324.232	363.606
790	53.8465	1	1116.7	1	1.42133	1	179.403	1	105.108	1	100	353.958	394.059
791	22.5255	1	452.61	1	0.39293	1	209.773	1	70.9876	1	0	273.249	301.462
791	22.5255	1	452.61	1	0.39293	1	209.773	1	70.9876	1	0.001	273.326	301.564
791	22.5255	1	452.61	1	0.39293	1	209.773	1	70.9876	1	0.00316228	273.492	301.782
791	22.5255	1	452.61	1	0.39293	1	209.773	1	70.9876	1	0.01	274.003	302.459
791	22.5255	1	452.61	1	0.39293	1	209.773	1	70.9876	1	0.0316228	275.512	304.456
791	22.5255	1	452.61	1	0.39293	1	209.773	1	70.9876	1	0.1	279.474	309.756
791	22.5255	1	452.61	1	0.39293	1	209.773	1	70.9876	1	0.316228	287.305	320.5
791	22.5255	1	452.61	1	0.39293	1	209.773	1	70.9876	1	1	296.965	334.169
791	22.5255	1	452.61	1	0.39293	1	209.773	1	70.9876	1	3.16228	304.858	344.674
791	22.5255	1	452.61	1	0.39293	1	209.773	1	70.9876	1	10	312.735	352.218
791	22.5255	1	452.61	1	0.39293	1	209.773	1	70.9876	1	31.6228	324.375	362.451
791	22.5255	1	452.61	1	0.39293	1	209.773	1	70.9876	1	100	345.023	384.501
792	24.2549	1	990.169	1	1.28954	1	224.386	1	65.5244	1	0	273.249	301.462
792	24.2549	1	990.169	1	1.28954	1	224.386	1	65.5244	1	0.001	273.273	301.493
792	24.2549	1	990.169	1	1.28954	1	224.386	1	65.5244	1	0.00316228	273.325	301.561
792	24.2549	1	990.169	1	1.28954	1	224.386	1	65.5244	1	0.01	273.488	301.774
792	24.2549	1	990.169	1	1.28954	1	224.386	1	65.5244	1	0.0316228	273.992	302.434
792	24.2549	1	990.169	1	1.28954	1	224.386	1	65.5244	1	0.1	275.487	304.387
792	24.2549	1	990.169	1	1.28954	1	224.386	1	65.5244	1	0.316228	279.457	309.611
792	24.2549	1	990.169	1	1.28954	1	224.386	1	65.5244	1	1	287.553	320.405
792	24.2549	1	990.169	1	1.28954	1	224.386	1	65.5244	1	3.16228	298.428	334.859
792	24.2549	1	990.169	1	1.28954	1	224.386	1	65.5244	1	10	309.814	347.837
792	24.2549	1	990.169	1	1.28954	1	224.386	1	65.5244	1	31.6228	323.806	361.52
792	24.2549	1	990.169	1	1.28954	1	224.386	1	65.5244	1	100	346.8	386.467
793	35.8261	1	165.145	1	1.12088	1	390.63	1	82.6433	1	0	273.249	301.462
793	35.8261	1	165.145	1	1.12088	1	390.63	1	82.6433	1	0.001	273.276	301.497
793	35.8261	1	165.145	1	1.12088	1	390.63	1	82.6433	1	0.00316228	273.334	301.574
793	35.8261	1	165.145	1	1.12088	1	390.63	1	82.6433	1	0.01	273.516	301.815
793	35.8261	1	165.145	1	1.12088	1	390.63	1	82.6433	1	0.0316228	274.077	302.557
793	35.8261	1	165.145	1	1.12088	1	390.63	1	82.6433	1	0.1	275.723	304.731
793	35.8261	1	165.145	1	1.12088	1	390.63	1	82.6433	1	0.316228	279.968	310.408
793	35.8261	1	165.145	1	1.12088	1	390.63	1	82.6433	1	1	288.068	321.51
793	35.8261	1	165.145	1	1.12088	1	390.63	1	82.6433	1	3.16228	297.522	334.743
793	35.8261	1	165.145	1	1.12088	1	390.63	1	82.6433	1	10	304.843	343.873
793	35.8261	1	165.145	1	1.12088	1	390.63	1	82.6433	1	31.6228	310.844	348.608
793	35.8261	1	165.145	1	1.12088	1	390.63	1	82.6433	1	100	316.02	353.897
794	28.8222	1	728.491	1	1.09105	1	202.806	1	44.1164	1	0	273.249	301.462
794	28.8222	1	728.491	1	1.09105	1	202.806	1	44.1164	1	0.001	273.278	301.499
794	28.8222	1	728.491	1	1.09105	1	202.806	1	44.1164	1	0.00316228	273.338	301.579
794	28.8222	1	728.491	1	1.09105	1	202.806	1	44.1164	1	0.01	273.529	301.83
794	28.8222	1	728.491	1	1.09105	1	202.806	1	44.1164	1	0.0316228	274.118	302.603
794	28.8222	1	728.491	1	1.09105	1	202.806	1	44.1164	1	0.1	275.843	304.867
794	28.8222	1	728.491	1	1.09105	1	202.806	1	44.1164	1	0.316228	280.297	310.772
794	28.8222	1	728.491	1	1.09105	1	202.806	1	44.1164	1	1	288.854	322.343
794	28.8222	1	728.491	1	1.09105	1	202.806	1	44.1164	1	3.16228	299.443	336.633
794	28.8222	1	728.491	1	1.09105	1	202.806	1	44.1164	1	10	310.038	348.851
794	28.8222	1	728.491	1	1.09105	1	202.806	1	44.1164	1	31.6228	323.984	362.364
794	28.8222	1	728.491	1	1.09105	1	202.806	1	44.1164	1	100	348.362	388.314
795	14.4009	1	353.136	1	0.662218	1	122.885	1	60.9317	1	0	273.249	301.462
795	14.4009	1	353.136	1	0.662218	1	122.885	1	60.9317	1	0.001	273.296	301.523
795	14.4009	1	353.136	1	0.662218	1	122.885	1	60.9317	1	0.00316228	273.396	301.654
795	14.4009	1	353.136	1	0.662218	1	122.885	1	60.9317	1	0.01	273.709	302.064
795	14.4009	1	353.136	1	0.662218	1	122.885	1	60.9317	1	0.0316228	274.657	303.308
795	14.4009	1	353.136	1	0.662218	1	122.885	1	60.9317	1	0.1	277.32	306.796
795	14.4009	1	353.136	1	0.662218	1	122.885	1	60.9317	1	0.316228	283.546	315.085
795	14.4009	1	353.136	1	0.662218	1	122.885	1	60.9317	1	1	293.532	328.584
795	14.4009	1	353.136	1	0.662218	1	122.885	1	60.9317	1	3.16228	304.238	342.216
795	14.4009	1	353.136	1	0.662218	1	122.885	1	60.9317	1	10	316.152	354.039
795	14.4009	1	353.136	1	0.662218	1	122.885	1	60.9317	1	31.6228	332.375	370.729
795	14.4009	1	353.136	1	0.662218	1	122.885	1	60.9317	1	100	364.808	405.452
796	23.477	1	619.333	1	0.762799	1	61.3979	1	138.924	1	0	273.249	301.462
796	23.477	1	619.333	1	0.762799	1	61.3979	1	138.924	1	0.001	273.29	301.515
796	23.477	1	619.333	1	0.762799	1	61.3979	1	138.924	1	0.00316228	273.379	301.631
796	23.477	1	619.333	1	0.762799	1	61.3979	1	138.924	1	0.01	273.654	301.993
796	23.477	1	619.333	1	0.762799	1	61.3979	1	138.924	1	0.0316228	274.496	303.097
796	23.477	1	619.333	1	0.762799	1	61.3979	1	138.924	1	0.1	276.896	306.236
796	23.477	1	619.333	1	0.762799	1	61.3979	1	138.924	1	0.316228	282.721	313.974
796	23.477	1	619.333	1	0.762799	1	61.3979	1	138.924	1	1	292.8	327.577
796	23.477	1	619.333	1	0.762799	1	61.3979	1	138.924	1	3.16228	304.927	343.283
796	23.477	1	619.333	1	0.762799	1	61.3979	1	138.924	1	10	321.33	360.803
796	23.477	1	619.333	1	0.762799	1	61.3979	1	138.924	1	31.6228	352.075	391.574
796	23.477	1	619.333	1	0.762799	1	61.3979	1	138.924	1	100	410.495	453.731
797	43.7764	1	1011.63	1	1.98783	1	736.026	1	72.9478	1	0	273.249	301.462
797	43.7764	1	1011.63	1	1.98783	1	736.026	1	72.9478	1	0.001	273.265	301.482
797	43.7764	1	1011.63	1	1.98783	1	736.026	1	72.9478	1	0.00316228	273.298	301.526
797	43.7764	1	1011.63	1	1.98783	1	736.026	1	72.9478	1	0.01	273.403	301.663
797	43.7764	1	1011.63	1	1.98783	1	736.026	1	72.9478	1	0.0316228	273.73	302.093
797	43.7764	1	1011.63	1	1.98783	1	736.026	1	72.9478	1	0.1	274.72	303.392
797	43.7764	1	1011.63	1	1.98783	1	736.026	1	72.9478	1	0.316228	277.481	307.02
797	43.7764	1	1011.63	1	1.98783	1	736.026	1	72.9478	1	1	283.829	315.501
797	43.7764	1	1011.63	1	1.98783	1	736.026	1	72.9478	1	3.16228	293.653	328.867
797	43.7764	1	1011.63	1	1.98783	1	736.026	1	72.9478	1	10	303.477	341.483
797	43.7764	1	1011.63	1	1.98783	1	736.026	1	72.9478	1	31.6228	312.662	350.473
797	43.7764	1	1011.63	1	1.98783	1	736.026	1	72.9478	1	100	321.319	359.603
798	45.5438	1	411.693	1	0.72464	1	164.189	1	49.44	1	0	273.249	301.462
798	45.5438	1	411.693	1	0.72464	1	164.189	1	49.44	1	0.001	273.291	301.517
798	45.5438	1	411.693	1	0.72464	1	164.189	1	49.44	1	0.00316228	273.382	301.637
798	45.5438	1	411.693	1	0.72464	1	164.189	1	49.44	1	0.01	273.664	302.011
798	45.5438	1	411.693	1	0.72464	1	164.189	1	49.44	1	0.0316228	274.524	303.149
798	45.5438	1	411.693	1	0.72464	1	164.189	1	49.44	1	0.1	276.953	306.359
798	45.5438	1	411.693	1	0.72464	1	164.189	1	49.44	1	0.316228	282.72	314.145
798	45.5438	1	411.693	1	0.72464	1	164.189	1	49.44	1	1	292.091	327.202
798	45.5438	1	411.693	1	0.72464	1	164.189	1	49.44	1	3.16228	301.605	340.476
798	45.5438	1	411.693	1	0.72464	1	164.189	1	49.44	1	10	310.394	350.833
798	45.5438	1	411.693	1	0.72464	1	164.189	1	49.44	1	31.6228	324.5	364.081
798	45.5438	1	411.693	1	0.72464	1	164.189	1	49.44	1	100	350.456	391.454
799	27.8829	1	1107.9	1	1.03147	1	89.6971	1	53.8637	1	0	273.249	301.462
799	27.8829	1	1107.9	1	1.03147	1	89.6971	1	53.8637	1	0.001	273.28	301.501
799	27.8829	1	1107.9	1	1.03147	1	89.6971	1	53.8637	1	0.00316228	273.345	301.587
799	27.8829	1	1107.9	1	1.03147	1	89.6971	1	53.8637	1	0.01	273.55	301.855
799	27.8829	1	1107.9	1	1.03147	1	89.6971	1	53.8637	1	0.0316228	274.181	302.683
799	27.8829	1	1107.9	1	1.03147	1	89.6971	1	53.8637	1	0.1	276.027	305.097
799	27.8829	1	1107.9	1	1.03147	1	89.6971	1	53.8637	1	0.316228	280.771	311.36
799	27.8829	1	1107.9	1	1.03147	1	89.6971	1	53.8637	1	1	289.856	323.558
799	27.8829	1	1107.9	1	1.03147	1	89.6971	1	53.8637	1	3.16228	301.611	339.07
799	27.8829	1	1107.9	1	1.03147	1	89.6971	1	53.8637	1	10	315.947	355.135
799	27.8829	1	1107.9	1	1.03147	1	89.6971	1	53.8637	1	31.6228	340.658	379.831
799	27.8829	1	1107.9	1	1.03147	1	89.6971	1	53.8637	1	100	388.49	430.828
800	27.2182	1	401.751	1	0.726356	1	320.028	1	76.7733	1	0	273.249	301.462
800	27.2182	1	401.751	1	0.726356	1	320.028	1	76.7733	1	0.001	273.291	301.517
800	27.2182	1	401.751	1	0.726356	1	320.028	1	76.7733	1	0.00316228	273.381	301.636
800	27.2182	1	401.751	1	0.726356	1	320.028	1	76.7733	1	0.01	273.662	302.007
800	27.2182	1	401.751	1	0.726356	1	320.028	1	76.7733	1	0.0316228	274.519	303.139
800	27.2182	1	401.751	1	0.726356	1	320.028	1	76.7733	1	0.1	276.937	306.328
800	27.2182	1	401.751	1	0.726356	1	320.028	1	76.7733	1	0.316228	282.682	314.057
800	27.2182	1	401.751	1	0.726356	1	320.028	1	76.7733	1	1	291.996	326.949
800	27.2182	1	401.751	1	0.726356	1	320.028	1	76.7733	1	3.16228	301.291	339.7
800	27.2182	1	401.751	1	0.726356	1	320.028	1	76.7733	1	10	309.28	348.463
800	27.2182	1	401.751	1	0.726356	1	320.028	1	76.7733	1	31.6228	318.715	356.422
800	27.2182	1	401.751	1	0.726356	1	320.028	1	76.7733	1	100	331.662	370.212
801	25.5491	1	96.6079	1	0.867406	1	266.549	1	54.6472	1	0	273.249	301.462
801	25.5491	1	96.6079	1	0.867406	1	266.549	1	54.6472	1	0.001	273.284	301.507
801	25.5491	1	96.6079	1	0.867406	1	266.549	1	54.6472	1	0.00316228	273.359	301.606
801	25.5491	1	96.6079	1	0.867406	1	266.549	1	54.6472	1	0.01	273.592	301.915
801	25.5491	1	96.6079	1	0.867406	1	266.549	1	54.6472	1	0.0316228	274.308	302.862
801	25.5491	1	96.6079	1	0.867406	1	266.549	1	54.6472	1	0.1	276.362	305.576
801	25.5491	1	96.6079	1	0.867406	1	266.549	1	54.6472	1	0.316228	281.419	312.362
801	25.5491	1	96.6079	1	0.867406	1	266.549	1	54.6472	1	1	290.153	324.431
801	25.5491	1	96.6079	1	0.867406	1	266.549	1	54.6472	1	3.16228	299.159	336.991
801	25.5491	1	96.6079	1	0.867406	1	266.549	1	54.6472	1	10	305.643	344.471
801	25.5491	1	96.6079	1	0.867406	1	266.549	1	54.6472	1	31.6228	310.714	347.979
801	25.5491	1	96.6079	1	0.867406	1	266.549	1	54.6472	1	100	312.768	352.285
802	45.8531	1	275.265	1	1.23406	1	116.209	1	38.9564	1	0	273.249	301.462
802	45.8531	1	275.265	1	1.23406	1	116.209	1	38.9564	1	0.001	273.274	301.495
802	45.8531	1	275.265	1	1.23406	1	116.209	1	38.9564	1	0.00316228	273.328	301.566
802	45.8531	1	275.265	1	1.23406	1	116.209	1	38.9564	1	0.01	273.498	301.789
802	45.8531	1	275.265	1	1.23406	1	116.209	1	38.9564	1	0.0316228	274.022	302.479
802	45.8531	1	275.265	1	1.23406	1	116.209	1	38.9564	1	0.1	275.571	304.517
802	45.8531	1	275.265	1	1.23406	1	116.209	1	38.9564	1	0.316228	279.659	309.944
802	45.8531	1	275.265	1	1.23406	1	116.209	1	38.9564	1	1	287.863	321.052
802	45.8531	1	275.265	1	1.23406	1	116.209	1	38.9564	1	3.16228	298.706	335.866
802	45.8531	1	275.265	1	1.23406	1	116.209	1	38.9564	1	10	310.239	349.935
802	45.8531	1	275.265	1	1.23406	1	116.209	1	38.9564	1	31.6228	328.085	367.804
802	45.8531	1	275.265	1	1.23406	1	116.209	1	38.9564	1	100	360.566	402.781
803	35.5742	1	491.614	1	1.17414	1	226.673	1	45.6055	1	0	273.249	301.462
803	35.5742	1	491.614	1	1.17414	1	226.673	1	45.6055	1	0.001	273.276	301.496
803	35.5742	1	491.614	1	1.17414	1	226.673	1	45.6055	1	0.00316228	273.332	301.57
803	35.5742	1	491.614	1	1.17414	1	226.673	1	45.6055	1	0.01	273.509	301.803
803	35.5742	1	491.614	1	1.17414	1	226.673	1	45.6055	1	0.0316228	274.055	302.522
803	35.5742	1	491.614	1	1.17414	1	226.673	1	45.6055	1	0.1	275.662	304.637
803	35.5742	1	491.614	1	1.17414	1	226.673	1	45.6055	1	0.316228	279.861	310.215
803	35.5742	1	491.614	1	1.17414	1	226.673	1	45.6055	1	1	288.097	321.384
803	35.5742	1	491.614	1	1.17414	1	226.673	1	45.6055	1	3.16228	298.451	335.544
803	35.5742	1	491.614	1	1.17414	1	226.673	1	45.6055	1	10	308.362	347.433
803	35.5742	1	491.614	1	1.17414	1	226.673	1	45.6055	1	31.6228	320.899	359.372
803	35.5742	1	491.614	1	1.17414	1	226.673	1	45.6055	1	100	341.242	381.078
804	37.9909	1	455.235	1	1.81231	1	148.404	1	38.6454	1	0	273.249	301.462
804	37.9909	1	455.235	1	1.81231	1	148.404	1	38.6454	1	0.001	273.267	301.484
804	37.9909	1	455.235	1	1.81231	1	148.404	1	38.6454	1	0.00316228	273.304	301.533
804	37.9909	1	455.235	1	1.81231	1	148.404	1	38.6454	1	0.01	273.421	301.686
804	37.9909	1	455.235	1	1.81231	1	148.404	1	38.6454	1	0.0316228	273.786	302.164
804	37.9909	1	455.235	1	1.81231	1	148.404	1	38.6454	1	0.1	274.89	303.606
804	37.9909	1	455.235	1	1.81231	1	148.404	1	38.6454	1	0.316228	277.952	307.614
804	37.9909	1	455.235	1	1.81231	1	148.404	1	38.6454	1	1	284.892	316.822
804	37.9909	1	455.235	1	1.81231	1	148.404	1	38.6454	1	3.16228	295.726	331.301
804	37.9909	1	455.235	1	1.81231	1	148.404	1	38.6454	1	10	308.178	346.517
804	37.9909	1	455.235	1	1.81231	1	148.404	1	38.6454	1	31.6228	325.52	364.172
804	37.9909	1	455.235	1	1.81231	1	148.404	1	38.6454	1	100	355.38	396.341
805	24.9833	1	371.547	1	1.63756	1	166.076	1	23.7155	1	0	273.249	301.462
805	24.9833	1	371.547	1	1.63756	1	166.076	1	23.7155	1	0.001	273.269	301.486
805	24.9833	1	371.547	1	1.63756	1	166.076	1	23.7155	1	0.00316228	273.31	301.54
805	24.9833	1	371.547	1	1.63756	1	166.076	1	23.7155	1	0.01	273.439	301.709
805	24.9833	1	371.547	1	1.63756	1	166.076	1	23.7155	1	0.0316228	273.843	302.235
805	24.9833	1	371.547	1	1.63756	1	166.076	1	23.7155	1	0.1	275.056	303.814
805	24.9833	1	371.547	1	1.63756	1	166.076	1	23.7155	1	0.316228	278.386	308.162
805	24.9833	1	371.547	1	1.63756	1	166.076	1	23.7155	1	1	285.726	317.843
805	24.9833	1	371.547	1	1.63756	1	166.076	1	23.7155	1	3.16228	296.714	332.348
805	24.9833	1	371.547	1	1.63756	1	166.076	1	23.7155	1	10	308.962	346.676
805	24.9833	1	371.547	1	1.63756	1	166.076	1	23.7155	1	31.6228	323.572	362.193
805	24.9833	1	371.547	1	1.63756	1	166.076	1	23.7155	1	100	349.942	390.153
806	22.1744	1	307.406	1	1.57594	1	209.412	1	81.9846	1	0	273.249	301.462
806	22.1744	1	307.406	1	1.57594	1	209.412	1	81.9846	1	0.001	273.269	301.487
806	22.1744	1	307.406	1	1.57594	1	209.412	1	81.9846	1	0.00316228	273.312	301.543
806	22.1744	1	307.406	1	1.57594	1	209.412	1	81.9846	1	0.01	273.445	301.717
806	22.1744	1	307.406	1	1.57594	1	209.412	1	81.9846	1	0.0316228	273.861	302.259
806	22.1744	1	307.406	1	1.57594	1	209.412	1	81.9846	1	0.1	275.108	303.882
806	22.1744	1	307.406	1	1.57594	1	209.412	1	81.9846	1	0.316228	278.512	308.33
806	22.1744	1	307.406	1	1.57594	1	209.412	1	81.9846	1	1	285.914	318.097
806	22.1744	1	307.406	1	1.57594	1	209.412	1	81.9846	1	3.16228	296.72	332.331
806	22.1744	1	307.406	1	1.57594	1	209.412	1	81.9846	1	10	308.364	345.703
806	22.1744	1	307.406	1	1.57594	1	209.412	1	81.9846	1	31.6228	321.454	358.548
806	22.1744	1	307.406	1	1.57594	1	209.412	1	81.9846	1	100	340.9	379.72
807	34.4827	1	468.195	1	2.8	1	470.602	1	48.8956	1	0	273.249	301.462
807	34.4827	1	468.195	1	2.8	1	470.602	1	48.8956	1	0.001	273.261	301.476
807	34.4827	1	468.195	1	2.8	1	470.602	1	48.8956	1	0.00316228	273.284	301.507
807	34.4827	1	468.195	1	2.8	1	470.602	1	48.8956	1	0.01	273.36	301.605
807	34.4827	1	468.195	1	2.8	1	470.602	1	48.8956	1	0.0316228	273.596	301.913
807	34.4827	1	468.195	1	2.8	1	470.602	1	48.8956	1	0.1	274.322	302.857
807	34.4827	1	468.195	1	2.8	1	470.602	1	48.8956	1	0.316228	276.414	305.572
807	34.4827	1	468.195	1	2.8	1	470.602	1	48.8956	1	1	281.641	312.408
807	34.4827	1	468.195	1	2.8	1	470.602	1	48.8956	1	3.16228	291.054	324.862
807	34.4827	1	468.195	1	2.8	1	470.602	1	48.8956	1	10	302.161	338.796
807	34.4827	1	468.195	1	2.8	1	470.602	1	48.8956	1	31.6228	312.759	349.76
807	34.4827	1	468.195	1	2.8	1	470.602	1	48.8956	1	100	322.902	361.226
808	34.3955	1	305.741	1	1.5565	1	116.532	1	104.746	1	0	273.249	301.462
808	34.3955	1	305.741	1	1.5565	1	116.532	1	104.746	1	0.001	273.269	301.488
808	34.3955	1	305.741	1	1.5565	1	116.532	1	104.746	1	0.00316228	273.313	301.544
808	34.3955	1	305.741	1	1.5565	1	116.532	1	104.746	1	0.01	273.449	301.723
808	34.3955	1	305.741	1	1.5565	1	116.532	1	104.746	1	0.0316228	273.872	302.276
808	34.3955	1	305.741	1	1.5565	1	116.532	1	104.746	1	0.1	275.14	303.935
808	34.3955	1	305.741	1	1.5565	1	116.532	1	104.746	1	0.316228	278.603	308.483
808	34.3955	1	305.741	1	1.5565	1	116.532	1	104.746	1	1	286.126	318.494
808	34.3955	1	305.741	1	1.5565	1	116.532	1	104.746	1	3.16228	297.282	333.379
808	34.3955	1	305.741	1	1.5565	1	116.532	1	104.746	1	10	310.216	348.799
808	34.3955	1	305.741	1	1.5565	1	116.532	1	104.746	1	31.6228	329.837	368.137
808	34.3955	1	305.741	1	1.5565	1	116.532	1	104.746	1	100	364.24	404.338
809	35.4565	1	780.817	1	1.16076	1	138.62	1	91.874	1	0	273.249	301.462
809	35.4565	1	780.817	1	1.16076	1	138.62	1	91.874	1	0.001	273.276	301.497
809	35.4565	1	780.817	1	1.16076	1	138.62	1	91.874	1	0.00316228	273.334	301.572
809	35.4565	1	780.817	1	1.16076	1	138.62	1	91.874	1	0.01	273.514	301.809
809	35.4565	1	780.817	1	1.16076	1	138.62	1	91.874	1	0.0316228	274.071	302.542
809	35.4565	1	780.817	1	1.16076	1	138.62	1	91.874	1	0.1	275.713	304.696
809	35.4565	1	780.817	1	1.16076	1	138.62	1	91.874	1	0.316228	280.002	310.379
809	35.4565	1	780.817	1	1.16076	1	138.62	1	91.874	1	1	288.455	321.791
809	35.4565	1	780.817	1	1.16076	1	138.62	1	91.874	1	3.16228	299.419	336.588
809	35.4565	1	780.817	1	1.16076	1	138.62	1	91.874	1	10	311.239	350.465
809	35.4565	1	780.817	1	1.16076	1	138.62	1	91.874	1	31.6228	329.774	368.427
809	35.4565	1	780.817	1	1.16076	1	138.62	1	91.874	1	100	363.748	404.287
810	41.3941	1	128.916	1	0.877544	1	291.543	1	67.1016	1	0	273.249	301.462
810	41.3941	1	128.916	1	0.877544	1	291.543	1	67.1016	1	0.001	273.284	301.507
810	41.3941	1	128.916	1	0.877544	1	291.543	1	67.1016	1	0.00316228	273.357	301.605
810	41.3941	1	128.916	1	0.877544	1	291.543	1	67.1016	1	0.01	273.588	301.911
810	41.3941	1	128.916	1	0.877544	1	291.543	1	67.1016	1	0.0316228	274.296	302.849
810	41.3941	1	128.916	1	0.877544	1	291.543	1	67.1016	1	0.1	276.328	305.543
810	41.3941	1	128.916	1	0.877544	1	291.543	1	67.1016	1	0.316228	281.337	312.29
810	41.3941	1	128.916	1	0.877544	1	291.543	1	67.1016	1	1	290.003	324.366
810	41.3941	1	128.916	1	0.877544	1	291.543	1	67.1016	1	3.16228	298.905	337.078
810	41.3941	1	128.916	1	0.877544	1	291.543	1	67.1016	1	10	305.121	344.945
810	41.3941	1	128.916	1	0.877544	1	291.543	1	67.1016	1	31.6228	310.616	349.232
810	41.3941	1	128.916	1	0.877544	1	291.543	1	67.1016	1	100	317.102	355.831
811	28.5303	1	863.707	1	0.807897	1	1239.54	1	51.0352	1	0	273.249	301.462
811	28.5303	1	863.707	1	0.807897	1	1239.54	1	51.0352	1	0.001	273.287	301.511
811	28.5303	1	863.707	1	0.807897	1	1239.54	1	51.0352	1	0.00316228	273.368	301.618
811	28.5303	1	863.707	1	0.807897	1	1239.54	1	51.0352	1	0.01	273.621	301.952
811	28.5303	1	863.707	1	0.807897	1	1239.54	1	51.0352	1	0.0316228	274.394	302.974
811	28.5303	1	863.707	1	0.807897	1	1239.54	1	51.0352	1	0.1	276.6	305.884
811	28.5303	1	863.707	1	0.807897	1	1239.54	1	51.0352	1	0.316228	281.959	313.075
811	28.5303	1	863.707	1	0.807897	1	1239.54	1	51.0352	1	1	290.994	325.55
811	28.5303	1	863.707	1	0.807897	1	1239.54	1	51.0352	1	3.16228	300.224	338.319
811	28.5303	1	863.707	1	0.807897	1	1239.54	1	51.0352	1	10	307.407	346.436
811	28.5303	1	863.707	1	0.807897	1	1239.54	1	51.0352	1	31.6228	313.343	351.124
811	28.5303	1	863.707	1	0.807897	1	1239.54	1	51.0352	1	100	316.914	354.975
812	38.1018	1	548.928	1	0.983585	1	207.127	1	83.1239	1	0	273.249	301.462
812	38.1018	1	548.928	1	0.983585	1	207.127	1	83.1239	1	0.001	273.28	301.503
812	38.1018	1	548.928	1	0.983585	1	207.127	1	83.1239	1	0.00316228	273.347	301.591
812	38.1018	1	548.928	1	0.983585	1	207.127	1	83.1239	1	0.01	273.557	301.868
812	38.1018	1	548.928	1	0.983585	1	207.127	1	83.1239	1	0.0316228	274.203	302.72
812	38.1018	1	548.928	1	0.983585	1	207.127	1	83.1239	1	0.1	276.079	305.193
812	38.1018	1	548.928	1	0.983585	1	207.127	1	83.1239	1	0.316228	280.823	311.523
812	38.1018	1	548.928	1	0.983585	1	207.127	1	83.1239	1	1	289.558	323.482
812	38.1018	1	548.928	1	0.983585	1	207.127	1	83.1239	1	3.16228	299.711	337.462
812	38.1018	1	548.928	1	0.983585	1	207.127	1	83.1239	1	10	309.278	348.818
812	38.1018	1	548.928	1	0.983585	1	207.127	1	83.1239	1	31.6228	322.745	361.306
812	38.1018	1	548.928	1	0.983585	1	207.127	1	83.1239	1	100	345.776	385.297
813	18.7739	1	684.591	1	0.343339	1	120.949	1	60.9645	1	0	273.249	301.462
813	18.7739	1	684.591	1	0.343339	1	120.949	1	60.9645	1	0.001	273.338	301.579
813	18.7739	1	684.591	1	0.343339	1	120.949	1	60.9645	1	0.00316228	273.527	301.829
813	18.7739	1	684.591	1	0.343339	1	120.949	1	60.9645	1	0.01	274.112	302.602
813	18.7739	1	684.591	1	0.343339	1	120.949	1	60.9645	1	0.0316228	275.821	304.862
813	18.7739	1	684.591	1	0.343339	1	120.949	1	60.9645	1	0.1	280.215	310.741
813	18.7739	1	684.591	1	0.343339	1	120.949	1	60.9645	1	0.316228	288.535	322.18
813	18.7739	1	684.591	1	0.343339	1	120.949	1	60.9645	1	1	298.345	335.962
813	18.7739	1	684.591	1	0.343339	1	120.949	1	60.9645	1	3.16228	306.774	346.705
813	18.7739	1	684.591	1	0.343339	1	120.949	1	60.9645	1	10	317.101	356.42
813	18.7739	1	684.591	1	0.343339	1	120.949	1	60.9645	1	31.6228	334.711	373.569
813	18.7739	1	684.591	1	0.343339	1	120.949	1	60.9645	1	100	370.717	411.985
814	38.1225	1	523.071	1	1.49008	1	1627.54	1	116.975	1	0	273.249	301.462
814	38.1225	1	523.071	1	1.49008	1	1627.54	1	116.975	1	0.001	273.27	301.488
814	38.1225	1	523.071	1	1.49008	1	1627.54	1	116.975	1	0.00316228	273.314	301.546
814	38.1225	1	523.071	1	1.49008	1	1627.54	1	116.975	1	0.01	273.452	301.729
814	38.1225	1	523.071	1	1.49008	1	1627.54	1	116.975	1	0.0316228	273.881	302.294
814	38.1225	1	523.071	1	1.49008	1	1627.54	1	116.975	1	0.1	275.161	303.981
814	38.1225	1	523.071	1	1.49008	1	1627.54	1	116.975	1	0.316228	278.616	308.561
814	38.1225	1	523.071	1	1.49008	1	1627.54	1	116.975	1	1	285.879	318.374
814	38.1225	1	523.071	1	1.49008	1	1627.54	1	116.975	1	3.16228	295.633	331.825
814	38.1225	1	523.071	1	1.49008	1	1627.54	1	116.975	1	10	303.972	342.393
814	38.1225	1	523.071	1	1.49008	1	1627.54	1	116.975	1	31.6228	310.456	347.888
814	38.1225	1	523.071	1	1.49008	1	1627.54	1	116.975	1	100	312.361	349.527
815	21.1385	1	361.537	1	1.07734	1	311.615	1	61.1474	1	0	273.249	301.462
815	21.1385	1	361.537	1	1.07734	1	311.615	1	61.1474	1	0.001	273.278	301.499
815	21.1385	1	361.537	1	1.07734	1	311.615	1	61.1474	1	0.00316228	273.339	301.579
815	21.1385	1	361.537	1	1.07734	1	311.615	1	61.1474	1	0.01	273.532	301.832
815	21.1385	1	361.537	1	1.07734	1	311.615	1	61.1474	1	0.0316228	274.125	302.611
815	21.1385	1	361.537	1	1.07734	1	311.615	1	61.1474	1	0.1	275.862	304.886
815	21.1385	1	361.537	1	1.07734	1	311.615	1	61.1474	1	0.316228	280.334	310.801
815	21.1385	1	361.537	1	1.07734	1	311.615	1	61.1474	1	1	288.872	322.29
815	21.1385	1	361.537	1	1.07734	1	311.615	1	61.1474	1	3.16228	299.222	336.113
815	21.1385	1	361.537	1	1.07734	1	311.615	1	61.1474	1	10	308.943	346.891
815	21.1385	1	361.537	1	1.07734	1	311.615	1	61.1474	1	31.6228	318.533	355.869
815	21.1385	1	361.537	1	1.07734	1	311.615	1	61.1474	1	100	331.379	369.887
816	20.6914	1	312.177	1	1.09009	1	254.095	1	58.7105	1	0	273.249	301.462
816	20.6914	1	312.177	1	1.09009	1	254.095	1	58.7105	1	0.001	273.278	301.499
816	20.6914	1	312.177	1	1.09009	1	254.095	1	58.7105	1	0.00316228	273.338	301.578
816	20.6914	1	312.177	1	1.09009	1	254.095	1	58.7105	1	0.01	273.529	301.828
816	20.6914	1	312.177	1	1.09009	1	254.095	1	58.7105	1	0.0316228	274.117	302.599
816	20.6914	1	312.177	1	1.09009	1	254.095	1	58.7105	1	0.1	275.839	304.853
816	20.6914	1	312.177	1	1.09009	1	254.095	1	58.7105	1	0.316228	280.284	310.726
816	20.6914	1	312.177	1	1.09009	1	254.095	1	58.7105	1	1	288.821	322.194
816	20.6914	1	312.177	1	1.09009	1	254.095	1	58.7105	1	3.16228	299.301	336.141
816	20.6914	1	312.177	1	1.09009	1	254.095	1	58.7105	1	10	309.395	347.303
816	20.6914	1	312.177	1	1.09009	1	254.095	1	58.7105	1	31.6228	319.922	357.302
816	20.6914	1	312.177	1	1.09009	1	254.095	1	58.7105	1	100	335.409	374.135
817	28.3597	1	395.046	1	1.28003	1	49.1099	1	73.5034	1	0	273.249	301.462
817	28.3597	1	395.046	1	1.28003	1	49.1099	1	73.5034	1	0.001	273.275	301.494
817	28.3597	1	395.046	1	1.28003	1	49.1099	1	73.5034	1	0.00316228	273.329	301.565
817	28.3597	1	395.046	1	1.28003	1	49.1099	1	73.5034	1	0.01	273.5	301.787
817	28.3597	1	395.046	1	1.28003	1	49.1099	1	73.5034	1	0.0316228	274.03	302.476
817	28.3597	1	395.046	1	1.28003	1	49.1099	1	73.5034	1	0.1	275.606	304.52
817	28.3597	1	395.046	1	1.28003	1	49.1099	1	73.5034	1	0.316228	279.834	310.033
817	28.3597	1	395.046	1	1.28003	1	49.1099	1	73.5034	1	1	288.711	321.705
817	28.3597	1	395.046	1	1.28003	1	49.1099	1	73.5034	1	3.16228	302.108	338.969
817	28.3597	1	395.046	1	1.28003	1	49.1099	1	73.5034	1	10	321.567	360.815
817	28.3597	1	395.046	1	1.28003	1	49.1099	1	73.5034	1	31.6228	357.823	397.543
817	28.3597	1	395.046	1	1.28003	1	49.1099	1	73.5034	1	100	424.002	467.846
818	26.0856	1	511.924	1	1.03171	1	203.718	1	73.7378	1	0	273.249	301.462
818	26.0856	1	511.924	1	1.03171	1	203.718	1	73.7378	1	0.001	273.279	301.501
818	26.0856	1	511.924	1	1.03171	1	203.718	1	73.7378	1	0.00316228	273.343	301.585
818	26.0856	1	511.924	1	1.03171	1	203.718	1	73.7378	1	0.01	273.545	301.85
818	26.0856	1	511.924	1	1.03171	1	203.718	1	73.7378	1	0.0316228	274.165	302.665
818	26.0856	1	511.924	1	1.03171	1	203.718	1	73.7378	1	0.1	275.974	305.039
818	26.0856	1	511.924	1	1.03171	1	203.718	1	73.7378	1	0.316228	280.598	311.173
818	26.0856	1	511.924	1	1.03171	1	203.718	1	73.7378	1	1	289.308	322.959
818	26.0856	1	511.924	1	1.03171	1	203.718	1	73.7378	1	3.16228	299.821	337.104
818	26.0856	1	511.924	1	1.03171	1	203.718	1	73.7378	1	10	310.263	348.91
818	26.0856	1	511.924	1	1.03171	1	203.718	1	73.7378	1	31.6228	323.963	361.766
818	26.0856	1	511.924	1	1.03171	1	203.718	1	73.7378	1	100	346.431	385.889
819	17.8261	1	550.245	1	1.20951	1	409.078	1	89.1912	1	0	273.249	301.462
819	17.8261	1	550.245	1	1.20951	1	409.078	1	89.1912	1	0.001	273.275	301.495
819	17.8261	1	550.245	1	1.20951	1	409.078	1	89.1912	1	0.00316228	273.33	301.567
819	17.8261	1	550.245	1	1.20951	1	409.078	1	89.1912	1	0.01	273.503	301.792
819	17.8261	1	550.245	1	1.20951	1	409.078	1	89.1912	1	0.0316228	274.037	302.49
819	17.8261	1	550.245	1	1.20951	1	409.078	1	89.1912	1	0.1	275.614	304.545
819	17.8261	1	550.245	1	1.20951	1	409.078	1	89.1912	1	0.316228	279.758	309.986
819	17.8261	1	550.245	1	1.20951	1	409.078	1	89.1912	1	1	288.021	320.962
819	17.8261	1	550.245	1	1.20951	1	409.078	1	89.1912	1	3.16228	298.677	334.943
819	17.8261	1	550.245	1	1.20951	1	409.078	1	89.1912	1	10	308.999	346.223
819	17.8261	1	550.245	1	1.20951	1	409.078	1	89.1912	1	31.6228	317.789	354.976
819	17.8261	1	550.245	1	1.20951	1	409.078	1	89.1912	1	100	329.018	367.375
820	21.9905	1	237.069	1	0.771506	1	323.74	1	64.191	1	0	273.249	301.462
820	21.9905	1	237.069	1	0.771506	1	323.74	1	64.191	1	0.001	273.289	301.514
820	21.9905	1	237.069	1	0.771506	1	323.74	1	64.191	1	0.00316228	273.374	301.625
820	21.9905	1	237.069	1	0.771506	1	323.74	1	64.191	1	0.01	273.639	301.975
820	21.9905	1	237.069	1	0.771506	1	323.74	1	64.191	1	0.0316228	274.448	303.042
820	21.9905	1	237.069	1	0.771506	1	323.74	1	64.191	1	0.1	276.747	306.069
820	21.9905	1	237.069	1	0.771506	1	323.74	1	64.191	1	0.316228	282.285	313.488
820	21.9905	1	237.069	1	0.771506	1	323.74	1	64.191	1	1	291.499	326.146
820	21.9905	1	237.069	1	0.771506	1	323.74	1	64.191	1	3.16228	300.939	338.958
820	21.9905	1	237.069	1	0.771506	1	323.74	1	64.191	1	10	308.959	347.515
820	21.9905	1	237.069	1	0.771506	1	323.74	1	64.191	1	31.6228	316.722	354.027
820	21.9905	1	237.069	1	0.771506	1	323.74	1	64.191	1	100	326.086	364.271
821	28.8567	1	1310.29	1	1.79469	1	222.405	1	87.6399	1	0	273.249	301.462
821	28.8567	1	1310.29	1	1.79469	1	222.405	1	87.6399	1	0.001	273.267	301.484
821	28.8567	1	1310.29	1	1.79469	1	222.405	1	87.6399	1	0.00316228	273.304	301.533
821	28.8567	1	1310.29	1	1.79469	1	222.405	1	87.6399	1	0.01	273.423	301.688
821	28.8567	1	1310.29	1	1.79469	1	222.405	1	87.6399	1	0.0316228	273.791	302.168
821	28.8567	1	1310.29	1	1.79469	1	222.405	1	87.6399	1	0.1	274.904	303.618
821	28.8567	1	1310.29	1	1.79469	1	222.405	1	87.6399	1	0.316228	277.989	307.64
821	28.8567	1	1310.29	1	1.79469	1	222.405	1	87.6399	1	1	284.956	316.833
821	28.8567	1	1310.29	1	1.79469	1	222.405	1	87.6399	1	3.16228	295.746	331.106
821	28.8567	1	1310.29	1	1.79469	1	222.405	1	87.6399	1	10	307.964	345.62
821	28.8567	1	1310.29	1	1.79469	1	222.405	1	87.6399	1	31.6228	323.321	360.867
821	28.8567	1	1310.29	1	1.79469	1	222.405	1	87.6399	1	100	347.752	387.345
822	33.4726	1	991.653	1	0.96064	1	151.528	1	71.3722	1	0	273.249	301.462
822	33.4726	1	991.653	1	0.96064	1	151.528	1	71.3722	1	0.001	273.281	301.504
822	33.4726	1	991.653	1	0.96064	1	151.528	1	71.3722	1	0.00316228	273.35	301.595
822	33.4726	1	991.653	1	0.96064	1	151.528	1	71.3722	1	0.01	273.567	301.88
822	33.4726	1	991.653	1	0.96064	1	151.528	1	71.3722	1	0.0316228	274.232	302.755
822	33.4726	1	991.653	1	0.96064	1	151.528	1	71.3722	1	0.1	276.162	305.294
822	33.4726	1	991.653	1	0.96064	1	151.528	1	71.3722	1	0.316228	281.033	311.774
822	33.4726	1	991.653	1	0.96064	1	151.528	1	71.3722	1	1	289.992	323.981
822	33.4726	1	991.653	1	0.96064	1	151.528	1	71.3722	1	3.16228	300.627	338.398
822	33.4726	1	991.653	1	0.96064	1	151.528	1	71.3722	1	10	311.649	351.084
822	33.4726	1	991.653	1	0.96064	1	151.528	1	71.3722	1	31.6228	329.055	367.757
822	33.4726	1	991.653	1	0.96064	1	151.528	1	71.3722	1	100	361.208	401.787
823	23.6771	1	554.457	1	1.09083	1	159.251	1	111.82	1	0	273.249	301.462
823	23.6771	1	554.457	1	1.09083	1	159.251	1	111.82	1	0.001	273.278	301.499
823	23.6771	1	554.457	1	1.09083	1	159.251	1	111.82	1	0.00316228	273.339	301.579
823	23.6771	1	554.457	1	1.09083	1	159.251	1	111.82	1	0.01	273.531	301.83
823	23.6771	1	554.457	1	1.09083	1	159.251	1	111.82	1	0.0316228	274.122	302.606
823	23.6771	1	554.457	1	1.09083	1	159.251	1	111.82	1	0.1	275.857	304.876
823	23.6771	1	554.457	1	1.09083	1	159.251	1	111.82	1	0.316228	280.344	310.802
823	23.6771	1	554.457	1	1.09083	1	159.251	1	111.82	1	1	289.015	322.444
823	23.6771	1	554.457	1	1.09083	1	159.251	1	111.82	1	3.16228	299.975	336.993
823	23.6771	1	554.457	1	1.09083	1	159.251	1	111.82	1	10	311.654	350.019
823	23.6771	1	554.457	1	1.09083	1	159.251	1	111.82	1	31.6228	327.954	365.801
823	23.6771	1	554.457	1	1.09083	1	159.251	1	111.82	1	100	356.274	396.215
824	25.3969	1	312.93	1	1.17202	1	283.088	1	44.4502	1	0	273.249	301.462
824	25.3969	1	312.93	1	1.17202	1	283.088	1	44.4502	1	0.001	273.276	301.496
824	25.3969	1	312.93	1	1.17202	1	283.088	1	44.4502	1	0.00316228	273.332	301.57
824	25.3969	1	312.93	1	1.17202	1	283.088	1	44.4502	1	0.01	273.509	301.802
824	25.3969	1	312.93	1	1.17202	1	283.088	1	44.4502	1	0.0316228	274.055	302.52
824	25.3969	1	312.93	1	1.17202	1	283.088	1	44.4502	1	0.1	275.664	304.631
824	25.3969	1	312.93	1	1.17202	1	283.088	1	44.4502	1	0.316228	279.863	310.192
824	25.3969	1	312.93	1	1.17202	1	283.088	1	44.4502	1	1	288.101	321.296
824	25.3969	1	312.93	1	1.17202	1	283.088	1	44.4502	1	3.16228	298.401	335.207
824	25.3969	1	312.93	1	1.17202	1	283.088	1	44.4502	1	10	308.028	346.312
824	25.3969	1	312.93	1	1.17202	1	283.088	1	44.4502	1	31.6228	317.994	355.652
824	25.3969	1	312.93	1	1.17202	1	283.088	1	44.4502	1	100	331.735	370.533
825	28.0677	1	492.411	1	0.918876	1	936.372	1	48.5435	1	0	273.249	301.462
825	28.0677	1	492.411	1	0.918876	1	936.372	1	48.5435	1	0.001	273.282	301.505
825	28.0677	1	492.411	1	0.918876	1	936.372	1	48.5435	1	0.00316228	273.354	301.599
825	28.0677	1	492.411	1	0.918876	1	936.372	1	48.5435	1	0.01	273.577	301.893
825	28.0677	1	492.411	1	0.918876	1	936.372	1	48.5435	1	0.0316228	274.261	302.796
825	28.0677	1	492.411	1	0.918876	1	936.372	1	48.5435	1	0.1	276.236	305.4
825	28.0677	1	492.411	1	0.918876	1	936.372	1	48.5435	1	0.316228	281.159	311.974
825	28.0677	1	492.411	1	0.918876	1	936.372	1	48.5435	1	1	289.914	323.994
825	28.0677	1	492.411	1	0.918876	1	936.372	1	48.5435	1	3.16228	299.395	337.074
825	28.0677	1	492.411	1	0.918876	1	936.372	1	48.5435	1	10	306.88	345.689
825	28.0677	1	492.411	1	0.918876	1	936.372	1	48.5435	1	31.6228	312.77	350.399
825	28.0677	1	492.411	1	0.918876	1	936.372	1	48.5435	1	100	315.855	353.835
826	18.9631	1	788.268	1	0.51728	1	374.787	1	51.7395	1	0	273.249	301.462
826	18.9631	1	788.268	1	0.51728	1	374.787	1	51.7395	1	0.001	273.308	301.539
826	18.9631	1	788.268	1	0.51728	1	374.787	1	51.7395	1	0.00316228	273.434	301.706
826	18.9631	1	788.268	1	0.51728	1	374.787	1	51.7395	1	0.01	273.827	302.224
826	18.9631	1	788.268	1	0.51728	1	374.787	1	51.7395	1	0.0316228	275.004	303.778
826	18.9631	1	788.268	1	0.51728	1	374.787	1	51.7395	1	0.1	278.217	308.043
826	18.9631	1	788.268	1	0.51728	1	374.787	1	51.7395	1	0.316228	285.165	317.447
826	18.9631	1	788.268	1	0.51728	1	374.787	1	51.7395	1	1	294.921	331.021
826	18.9631	1	788.268	1	0.51728	1	374.787	1	51.7395	1	3.16228	303.618	342.551
826	18.9631	1	788.268	1	0.51728	1	374.787	1	51.7395	1	10	311.515	350.193
826	18.9631	1	788.268	1	0.51728	1	374.787	1	51.7395	1	31.6228	319.826	357.723
826	18.9631	1	788.268	1	0.51728	1	374.787	1	51.7395	1	100	332.935	371.944
827	26.9488	1	278.942	1	0.922199	1	914.532	1	52.0621	1	0	273.249	301.462
827	26.9488	1	278.942	1	0.922199	1	914.532	1	52.0621	1	0.001	273.282	301.505
827	26.9488	1	278.942	1	0.922199	1	914.532	1	52.0621	1	0.00316228	273.353	301.598
827	26.9488	1	278.942	1	0.922199	1	914.532	1	52.0621	1	0.01	273.575	301.891
827	26.9488	1	278.942	1	0.922199	1	914.532	1	52.0621	1	0.0316228	274.255	302.789
827	26.9488	1	278.942	1	0.922199	1	914.532	1	52.0621	1	0.1	276.218	305.377
827	26.9488	1	278.942	1	0.922199	1	914.532	1	52.0621	1	0.316228	281.112	311.915
827	26.9488	1	278.942	1	0.922199	1	914.532	1	52.0621	1	1	289.809	323.863
827	26.9488	1	278.942	1	0.922199	1	914.532	1	52.0621	1	3.16228	299.152	336.782
827	26.9488	1	278.942	1	0.922199	1	914.532	1	52.0621	1	10	306.232	344.926
827	26.9488	1	278.942	1	0.922199	1	914.532	1	52.0621	1	31.6228	310.977	348.302
827	26.9488	1	278.942	1	0.922199	1	914.532	1	52.0621	1	100	311.016	348.689
828	27.1465	1	392.682	1	1.03747	1	260.522	1	51.5565	1	0	273.249	301.462
828	27.1465	1	392.682	1	1.03747	1	260.522	1	51.5565	1	0.001	273.279	301.5
828	27.1465	1	392.682	1	1.03747	1	260.522	1	51.5565	1	0.00316228	273.342	301.584
828	27.1465	1	392.682	1	1.03747	1	260.522	1	51.5565	1	0.01	273.542	301.846
828	27.1465	1	392.682	1	1.03747	1	260.522	1	51.5565	1	0.0316228	274.156	302.654
828	27.1465	1	392.682	1	1.03747	1	260.522	1	51.5565	1	0.1	275.947	305.009
828	27.1465	1	392.682	1	1.03747	1	260.522	1	51.5565	1	0.316228	280.525	311.092
828	27.1465	1	392.682	1	1.03747	1	260.522	1	51.5565	1	1	289.126	322.767
828	27.1465	1	392.682	1	1.03747	1	260.522	1	51.5565	1	3.16228	299.337	336.624
828	27.1465	1	392.682	1	1.03747	1	260.522	1	51.5565	1	10	308.845	347.531
828	27.1465	1	392.682	1	1.03747	1	260.522	1	51.5565	1	31.6228	319.854	357.699
828	27.1465	1	392.682	1	1.03747	1	260.522	1	51.5565	1	100	336.28	375.362
829	21.2756	1	289.415	1	2.92995	1	822.246	1	45.1301	1	0	273.249	301.462
829	21.2756	1	289.415	1	2.92995	1	822.246	1	45.1301	1	0.001	273.26	301.475
829	21.2756	1	289.415	1	2.92995	1	822.246	1	45.1301	1	0.00316228	273.283	301.505
829	21.2756	1	289.415	1	2.92995	1	822.246	1	45.1301	1	0.01	273.356	301.598
829	21.2756	1	289.415	1	2.92995	1	822.246	1	45.1301	1	0.0316228	273.583	301.89
829	21.2756	1	289.415	1	2.92995	1	822.246	1	45.1301	1	0.1	274.281	302.788
829	21.2756	1	289.415	1	2.92995	1	822.246	1	45.1301	1	0.316228	276.303	305.377
829	21.2756	1	289.415	1	2.92995	1	822.246	1	45.1301	1	1	281.41	311.933
829	21.2756	1	289.415	1	2.92995	1	822.246	1	45.1301	1	3.16228	290.758	323.989
829	21.2756	1	289.415	1	2.92995	1	822.246	1	45.1301	1	10	301.862	337.257
829	21.2756	1	289.415	1	2.92995	1	822.246	1	45.1301	1	31.6228	309.582	345.612
829	21.2756	1	289.415	1	2.92995	1	822.246	1	45.1301	1	100	312.032	349.186
830	19.9078	1	419.281	1	0.672826	1	134.202	1	80.2545	1	0	273.249	301.462
830	19.9078	1	419.281	1	0.672826	1	134.202	1	80.2545	1	0.001	273.295	301.522
830	19.9078	1	419.281	1	0.672826	1	134.202	1	80.2545	1	0.00316228	273.393	301.651
830	19.9078	1	419.281	1	0.672826	1	134.202	1	80.2545	1	0.01	273.699	302.054
830	19.9078	1	419.281	1	0.672826	1	134.202	1	80.2545	1	0.0316228	274.629	303.278
830	19.9078	1	419.281	1	0.672826	1	134.202	1	80.2545	1	0.1	277.241	306.711
830	19.9078	1	419.281	1	0.672826	1	134.202	1	80.2545	1	0.316228	283.357	314.901
830	19.9078	1	419.281	1	0.672826	1	134.202	1	80.2545	1	1	293.149	328.298
830	19.9078	1	419.281	1	0.672826	1	134.202	1	80.2545	1	3.16228	303.397	341.779
830	19.9078	1	419.281	1	0.672826	1	134.202	1	80.2545	1	10	314.432	353.159
830	19.9078	1	419.281	1	0.672826	1	134.202	1	80.2545	1	31.6228	330.838	369.092
830	19.9078	1	419.281	1	0.672826	1	134.202	1	80.2545	1	100	361.917	402.308
831	23.7665	1	671.807	1	0.912693	1	1440.28	1	54.1593	1	0	273.249	301.462
831	23.7665	1	671.807	1	0.912693	1	1440.28	1	54.1593	1	0.001	273.283	301.505
831	23.7665	1	671.807	1	0.912693	1	1440.28	1	54.1593	1	0.00316228	273.355	301.6
831	23.7665	1	671.807	1	0.912693	1	1440.28	1	54.1593	1	0.01	273.58	301.897
831	23.7665	1	671.807	1	0.912693	1	1440.28	1	54.1593	1	0.0316228	274.27	302.806
831	23.7665	1	671.807	1	0.912693	1	1440.28	1	54.1593	1	0.1	276.262	305.426
831	23.7665	1	671.807	1	0.912693	1	1440.28	1	54.1593	1	0.316228	281.224	312.037
831	23.7665	1	671.807	1	0.912693	1	1440.28	1	54.1593	1	1	290.046	324.093
831	23.7665	1	671.807	1	0.912693	1	1440.28	1	54.1593	1	3.16228	299.646	337.18
831	23.7665	1	671.807	1	0.912693	1	1440.28	1	54.1593	1	10	307.408	345.808
831	23.7665	1	671.807	1	0.912693	1	1440.28	1	54.1593	1	31.6228	312.972	350.337
831	23.7665	1	671.807	1	0.912693	1	1440.28	1	54.1593	1	100	314.953	352.694
832	34.7664	1	321.851	1	1.09975	1	217.104	1	98.9083	1	0	273.249	301.462
832	34.7664	1	321.851	1	1.09975	1	217.104	1	98.9083	1	0.001	273.277	301.498
832	34.7664	1	321.851	1	1.09975	1	217.104	1	98.9083	1	0.00316228	273.337	301.577
832	34.7664	1	321.851	1	1.09975	1	217.104	1	98.9083	1	0.01	273.525	301.825
832	34.7664	1	321.851	1	1.09975	1	217.104	1	98.9083	1	0.0316228	274.104	302.589
832	34.7664	1	321.851	1	1.09975	1	217.104	1	98.9083	1	0.1	275.802	304.825
832	34.7664	1	321.851	1	1.09975	1	217.104	1	98.9083	1	0.316228	280.185	310.659
832	34.7664	1	321.851	1	1.09975	1	217.104	1	98.9083	1	1	288.577	322.085
832	34.7664	1	321.851	1	1.09975	1	217.104	1	98.9083	1	3.16228	298.768	336.065
832	34.7664	1	321.851	1	1.09975	1	217.104	1	98.9083	1	10	308.285	347.418
832	34.7664	1	321.851	1	1.09975	1	217.104	1	98.9083	1	31.6228	320.527	358.592
832	34.7664	1	321.851	1	1.09975	1	217.104	1	98.9083	1	100	339.828	378.645
833	29.469	1	662.976	1	0.882655	1	422.422	1	88.2885	1	0	273.249	301.462
833	29.469	1	662.976	1	0.882655	1	422.422	1	88.2885	1	0.001	273.284	301.507
833	29.469	1	662.976	1	0.882655	1	422.422	1	88.2885	1	0.00316228	273.358	301.605
833	29.469	1	662.976	1	0.882655	1	422.422	1	88.2885	1	0.01	273.591	301.912
833	29.469	1	662.976	1	0.882655	1	422.422	1	88.2885	1	0.0316228	274.304	302.853
833	29.469	1	662.976	1	0.882655	1	422.422	1	88.2885	1	0.1	276.356	305.557
833	29.469	1	662.976	1	0.882655	1	422.422	1	88.2885	1	0.316228	281.434	312.346
833	29.469	1	662.976	1	0.882655	1	422.422	1	88.2885	1	1	290.359	324.605
833	29.469	1	662.976	1	0.882655	1	422.422	1	88.2885	1	3.16228	300.037	337.904
833	29.469	1	662.976	1	0.882655	1	422.422	1	88.2885	1	10	308.347	347.386
833	29.469	1	662.976	1	0.882655	1	422.422	1	88.2885	1	31.6228	317.551	355.245
833	29.469	1	662.976	1	0.882655	1	422.422	1	88.2885	1	100	329.162	367.602
834	15.396	1	386.374	1	2.81987	1	107.62	1	95.2632	1	0	273.249	301.462
834	15.396	1	386.374	1	2.81987	1	107.62	1	95.2632	1	0.001	273.261	301.477
834	15.396	1	386.374	1	2.81987	1	107.62	1	95.2632	1	0.00316228	273.287	301.509
834	15.396	1	386.374	1	2.81987	1	107.62	1	95.2632	1	0.01	273.368	301.611
834	15.396	1	386.374	1	2.81987	1	107.62	1	95.2632	1	0.0316228	273.622	301.93
834	15.396	1	386.374	1	2.81987	1	107.62	1	95.2632	1	0.1	274.402	302.91
834	15.396	1	386.374	1	2.81987	1	107.62	1	95.2632	1	0.316228	276.675	305.748
834	15.396	1	386.374	1	2.81987	1	107.62	1	95.2632	1	1	282.489	312.988
834	15.396	1	386.374	1	2.81987	1	107.62	1	95.2632	1	3.16228	293.829	326.908
834	15.396	1	386.374	1	2.81987	1	107.62	1	95.2632	1	10	310.59	345.611
834	15.396	1	386.374	1	2.81987	1	107.62	1	95.2632	1	31.6228	332.458	369.539
834	15.396	1	386.374	1	2.81987	1	107.62	1	95.2632	1	100	370.835	411.231
835	21.362	1	349.077	1	1.03802	1	176.228	1	52.4919	1	0	273.249	301.462
835	21.362	1	349.077	1	1.03802	1	176.228	1	52.4919	1	0.001	273.279	301.501
835	21.362	1	349.077	1	1.03802	1	176.228	1	52.4919	1	0.00316228	273.343	301.585
835	21.362	1	349.077	1	1.03802	1	176.228	1	52.4919	1	0.01	273.544	301.848
835	21.362	1	349.077	1	1.03802	1	176.228	1	52.4919	1	0.0316228	274.162	302.659
835	21.362	1	349.077	1	1.03802	1	176.228	1	52.4919	1	0.1	275.969	305.023
835	21.362	1	349.077	1	1.03802	1	176.228	1	52.4919	1	0.316228	280.596	311.139
835	21.362	1	349.077	1	1.03802	1	176.228	1	52.4919	1	1	289.367	322.931
835	21.362	1	349.077	1	1.03802	1	176.228	1	52.4919	1	3.16228	300.115	337.19
835	21.362	1	349.077	1	1.03802	1	176.228	1	52.4919	1	10	311.106	349.294
835	21.362	1	349.077	1	1.03802	1	176.228	1	52.4919	1	31.6228	324.947	362.757
835	21.362	1	349.077	1	1.03802	1	176.228	1	52.4919	1	100	348.474	388.066
836	42.6657	1	397.59	1	0.942274	1	297.138	1	62.3378	1	0	273.249	301.462
836	42.6657	1	397.59	1	0.942274	1	297.138	1	62.3378	1	0.001	273.282	301.504
836	42.6657	1	397.59	1	0.942274	1	297.138	1	62.3378	1	0.00316228	273.351	301.596
836	42.6657	1	397.59	1	0.942274	1	297.138	1	62.3378	1	0.01	273.569	301.884
836	42.6657	1	397.59	1	0.942274	1	297.138	1	62.3378	1	0.0316228	274.237	302.768
836	42.6657	1	397.59	1	0.942274	1	297.138	1	62.3378	1	0.1	276.171	305.322
836	42.6657	1	397.59	1	0.942274	1	297.138	1	62.3378	1	0.316228	281.011	311.804
836	42.6657	1	397.59	1	0.942274	1	297.138	1	62.3378	1	1	289.719	323.822
836	42.6657	1	397.59	1	0.942274	1	297.138	1	62.3378	1	3.16228	299.355	337.304
836	42.6657	1	397.59	1	0.942274	1	297.138	1	62.3378	1	10	307.464	347.206
836	42.6657	1	397.59	1	0.942274	1	297.138	1	62.3378	1	31.6228	317.273	355.966
836	42.6657	1	397.59	1	0.942274	1	297.138	1	62.3378	1	100	331.713	370.985
837	22.8553	1	336.017	1	0.528533	1	416.961	1	61.4099	1	0	273.249	301.462
837	22.8553	1	336.017	1	0.528533	1	416.961	1	61.4099	1	0.001	273.307	301.537
837	22.8553	1	336.017	1	0.528533	1	416.961	1	61.4099	1	0.00316228	273.43	301.7
837	22.8553	1	336.017	1	0.528533	1	416.961	1	61.4099	1	0.01	273.812	302.206
837	22.8553	1	336.017	1	0.528533	1	416.961	1	61.4099	1	0.0316228	274.962	303.726
837	22.8553	1	336.017	1	0.528533	1	416.961	1	61.4099	1	0.1	278.105	307.905
837	22.8553	1	336.017	1	0.528533	1	416.961	1	61.4099	1	0.316228	284.928	317.168
837	22.8553	1	336.017	1	0.528533	1	416.961	1	61.4099	1	1	294.521	330.619
837	22.8553	1	336.017	1	0.528533	1	416.961	1	61.4099	1	3.16228	302.824	341.927
837	22.8553	1	336.017	1	0.528533	1	416.961	1	61.4099	1	10	309.66	348.758
837	22.8553	1	336.017	1	0.528533	1	416.961	1	61.4099	1	31.6228	316.549	354.114
837	22.8553	1	336.017	1	0.528533	1	416.961	1	61.4099	1	100	324.595	362.773
838	22.6961	1	415.994	1	0.744816	1	224.818	1	48.1828	1	0	273.249	301.462
838	22.6961	1	415.994	1	0.744816	1	224.818	1	48.1828	1	0.001	273.29	301.516
838	22.6961	1	415.994	1	0.744816	1	224.818	1	48.1828	1	0.00316228	273.379	301.632
838	22.6961	1	415.994	1	0.744816	1	224.818	1	48.1828	1	0.01	273.654	301.996
838	22.6961	1	415.994	1	0.744816	1	224.818	1	48.1828	1	0.0316228	274.495	303.103
838	22.6961	1	415.994	1	0.744816	1	224.818	1	48.1828	1	0.1	276.877	306.237
838	22.6961	1	415.994	1	0.744816	1	224.818	1	48.1828	1	0.316228	282.58	313.876
838	22.6961	1	415.994	1	0.744816	1	224.818	1	48.1828	1	1	291.998	326.8
838	22.6961	1	415.994	1	0.744816	1	224.818	1	48.1828	1	3.16228	301.794	339.981
838	22.6961	1	415.994	1	0.744816	1	224.818	1	48.1828	1	10	311.034	349.84
838	22.6961	1	415.994	1	0.744816	1	224.818	1	48.1828	1	31.6228	322.425	360.425
838	22.6961	1	415.994	1	0.744816	1	224.818	1	48.1828	1	100	341.67	380.985
839	21.6859	1	386.574	1	1.33755	1	336.39	1	97.532	1	0	273.249	301.462
839	21.6859	1	386.574	1	1.33755	1	336.39	1	97.532	1	0.001	273.272	301.492
839	21.6859	1	386.574	1	1.33755	1	336.39	1	97.532	1	0.00316228	273.322	301.557
839	21.6859	1	386.574	1	1.33755	1	336.39	1	97.532	1	0.01	273.478	301.761
839	21.6859	1	386.574	1	1.33755	1	336.39	1	97.532	1	0.0316228	273.961	302.393
839	21.6859	1	386.574	1	1.33755	1	336.39	1	97.532	1	0.1	275.397	304.269
839	21.6859	1	386.574	1	1.33755	1	336.39	1	97.532	1	0.316228	279.226	309.304
839	21.6859	1	386.574	1	1.33755	1	336.39	1	97.532	1	1	287.098	319.785
839	21.6859	1	386.574	1	1.33755	1	336.39	1	97.532	1	3.16228	297.623	333.777
839	21.6859	1	386.574	1	1.33755	1	336.39	1	97.532	1	10	307.938	345.485
839	21.6859	1	386.574	1	1.33755	1	336.39	1	97.532	1	31.6228	317.906	354.936
839	21.6859	1	386.574	1	1.33755	1	336.39	1	97.532	1	100	330.256	368.5
840	35.3712	1	266.432	1	1.29655	1	234.512	1	42.5884	1	0	273.249	301.462
840	35.3712	1	266.432	1	1.29655	1	234.512	1	42.5884	1	0.001	273.273	301.493
840	35.3712	1	266.432	1	1.29655	1	234.512	1	42.5884	1	0.00316228	273.324	301.56
840	35.3712	1	266.432	1	1.29655	1	234.512	1	42.5884	1	0.01	273.484	301.77
840	35.3712	1	266.432	1	1.29655	1	234.512	1	42.5884	1	0.0316228	273.978	302.421
840	35.3712	1	266.432	1	1.29655	1	234.512	1	42.5884	1	0.1	275.443	304.349
840	35.3712	1	266.432	1	1.29655	1	234.512	1	42.5884	1	0.316228	279.327	309.504
840	35.3712	1	266.432	1	1.29655	1	234.512	1	42.5884	1	1	287.184	320.13
840	35.3712	1	266.432	1	1.29655	1	234.512	1	42.5884	1	3.16228	297.403	334.137
840	35.3712	1	266.432	1	1.29655	1	234.512	1	42.5884	1	10	306.96	345.803
840	35.3712	1	266.432	1	1.29655	1	234.512	1	42.5884	1	31.6228	317.88	356.136
840	35.3712	1	266.432	1	1.29655	1	234.512	1	42.5884	1	100	333.625	373.434
841	32.5058	1	905.953	1	0.685532	1	733.561	1	41.144	1	0	273.249	301.462
841	32.5058	1	905.953	1	0.685532	1	733.561	1	41.144	1	0.001	273.294	301.52
841	32.5058	1	905.953	1	0.685532	1	733.561	1	41.144	1	0.00316228	273.389	301.646
841	32.5058	1	905.953	1	0.685532	1	733.561	1	41.144	1	0.01	273.686	302.039
841	32.5058	1	905.953	1	0.685532	1	733.561	1	41.144	1	0.0316228	274.588	303.232
841	32.5058	1	905.953	1	0.685532	1	733.561	1	41.144	1	0.1	277.118	306.579
841	32.5058	1	905.953	1	0.685532	1	733.561	1	41.144	1	0.316228	283.036	314.574
841	32.5058	1	905.953	1	0.685532	1	733.561	1	41.144	1	1	292.334	327.555
841	32.5058	1	905.953	1	0.685532	1	733.561	1	41.144	1	3.16228	301.139	339.851
841	32.5058	1	905.953	1	0.685532	1	733.561	1	41.144	1	10	307.93	347.511
841	32.5058	1	905.953	1	0.685532	1	733.561	1	41.144	1	31.6228	314.553	352.875
841	32.5058	1	905.953	1	0.685532	1	733.561	1	41.144	1	100	321.547	360.174
842	39.6111	1	611.494	1	0.843805	1	403.01	1	74.2422	1	0	273.249	301.462
842	39.6111	1	611.494	1	0.843805	1	403.01	1	74.2422	1	0.001	273.285	301.509
842	39.6111	1	611.494	1	0.843805	1	403.01	1	74.2422	1	0.00316228	273.363	301.612
842	39.6111	1	611.494	1	0.843805	1	403.01	1	74.2422	1	0.01	273.605	301.932
842	39.6111	1	611.494	1	0.843805	1	403.01	1	74.2422	1	0.0316228	274.347	302.914
842	39.6111	1	611.494	1	0.843805	1	403.01	1	74.2422	1	0.1	276.473	305.722
842	39.6111	1	611.494	1	0.843805	1	403.01	1	74.2422	1	0.316228	281.68	312.72
842	39.6111	1	611.494	1	0.843805	1	403.01	1	74.2422	1	1	290.627	325.117
842	39.6111	1	611.494	1	0.843805	1	403.01	1	74.2422	1	3.16228	300.004	338.245
842	39.6111	1	611.494	1	0.843805	1	403.01	1	74.2422	1	10	307.663	347.386
842	39.6111	1	611.494	1	0.843805	1	403.01	1	74.2422	1	31.6228	316.622	355.033
842	39.6111	1	611.494	1	0.843805	1	403.01	1	74.2422	1	100	328.877	367.608
843	22.1383	1	592.598	1	1.50669	1	361.321	1	41.4075	1	0	273.249	301.462
843	22.1383	1	592.598	1	1.50669	1	361.321	1	41.4075	1	0.001	273.27	301.488
843	22.1383	1	592.598	1	1.50669	1	361.321	1	41.4075	1	0.00316228	273.314	301.546
843	22.1383	1	592.598	1	1.50669	1	361.321	1	41.4075	1	0.01	273.454	301.728
843	22.1383	1	592.598	1	1.50669	1	361.321	1	41.4075	1	0.0316228	273.887	302.294
843	22.1383	1	592.598	1	1.50669	1	361.321	1	41.4075	1	0.1	275.182	303.982
843	22.1383	1	592.598	1	1.50669	1	361.321	1	41.4075	1	0.316228	278.696	308.581
843	22.1383	1	592.598	1	1.50669	1	361.321	1	41.4075	1	1	286.208	318.526
843	22.1383	1	592.598	1	1.50669	1	361.321	1	41.4075	1	3.16228	296.824	332.575
843	22.1383	1	592.598	1	1.50669	1	361.321	1	41.4075	1	10	307.605	344.996
843	22.1383	1	592.598	1	1.50669	1	361.321	1	41.4075	1	31.6228	317.733	355.204
843	22.1383	1	592.598	1	1.50669	1	361.321	1	41.4075	1	100	331.354	370.046
844	26.6699	1	776.457	1	1.07694	1	196.82	1	66.6559	1	0	273.249	301.462
844	26.6699	1	776.457	1	1.07694	1	196.82	1	66.6559	1	0.001	273.278	301.499
844	26.6699	1	776.457	1	1.07694	1	196.82	1	66.6559	1	0.00316228	273.34	301.58
844	26.6699	1	776.457	1	1.07694	1	196.82	1	66.6559	1	0.01	273.533	301.834
844	26.6699	1	776.457	1	1.07694	1	196.82	1	66.6559	1	0.0316228	274.13	302.618
844	26.6699	1	776.457	1	1.07694	1	196.82	1	66.6559	1	0.1	275.877	304.909
844	26.6699	1	776.457	1	1.07694	1	196.82	1	66.6559	1	0.316228	280.379	310.873
844	26.6699	1	776.457	1	1.07694	1	196.82	1	66.6559	1	1	289.004	322.513
844	26.6699	1	776.457	1	1.07694	1	196.82	1	66.6559	1	3.16228	299.677	336.837
844	26.6699	1	776.457	1	1.07694	1	196.82	1	66.6559	1	10	310.543	349.185
844	26.6699	1	776.457	1	1.07694	1	196.82	1	66.6559	1	31.6228	325.17	363.176
844	26.6699	1	776.457	1	1.07694	1	196.82	1	66.6559	1	100	350.157	389.99
845	29.4095	1	1487.33	1	1.33109	1	609.836	1	57.9765	1	0	273.249	301.462
845	29.4095	1	1487.33	1	1.33109	1	609.836	1	57.9765	1	0.001	273.272	301.492
845	29.4095	1	1487.33	1	1.33109	1	609.836	1	57.9765	1	0.00316228	273.322	301.557
845	29.4095	1	1487.33	1	1.33109	1	609.836	1	57.9765	1	0.01	273.478	301.762
845	29.4095	1	1487.33	1	1.33109	1	609.836	1	57.9765	1	0.0316228	273.962	302.397
845	29.4095	1	1487.33	1	1.33109	1	609.836	1	57.9765	1	0.1	275.397	304.281
845	29.4095	1	1487.33	1	1.33109	1	609.836	1	57.9765	1	0.316228	279.217	309.331
845	29.4095	1	1487.33	1	1.33109	1	609.836	1	57.9765	1	1	287.015	319.813
845	29.4095	1	1487.33	1	1.33109	1	609.836	1	57.9765	1	3.16228	297.252	333.694
845	29.4095	1	1487.33	1	1.33109	1	609.836	1	57.9765	1	10	306.738	344.987
845	29.4095	1	1487.33	1	1.33109	1	609.836	1	57.9765	1	31.6228	315.854	353.478
845	29.4095	1	1487.33	1	1.33109	1	609.836	1	57.9765	1	100	326.079	364.59
846	31.7989	1	2102.57	1	1.20022	1	644.756	1	118.828	1	0	273.249	301.462
846	31.7989	1	2102.57	1	1.20022	1	644.756	1	118.828	1	0.001	273.275	301.495
846	31.7989	1	2102.57	1	1.20022	1	644.756	1	118.828	1	0.00316228	273.33	301.567
846	31.7989	1	2102.57	1	1.20022	1	644.756	1	118.828	1	0.01	273.502	301.794
846	31.7989	1	2102.57	1	1.20022	1	644.756	1	118.828	1	0.0316228	274.035	302.496
846	31.7989	1	2102.57	1	1.20022	1	644.756	1	118.828	1	0.1	275.606	304.561
846	31.7989	1	2102.57	1	1.20022	1	644.756	1	118.828	1	0.316228	279.717	310.018
846	31.7989	1	2102.57	1	1.20022	1	644.756	1	118.828	1	1	287.811	320.977
846	31.7989	1	2102.57	1	1.20022	1	644.756	1	118.828	1	3.16228	297.904	334.771
846	31.7989	1	2102.57	1	1.20022	1	644.756	1	118.828	1	10	306.952	345.55
846	31.7989	1	2102.57	1	1.20022	1	644.756	1	118.828	1	31.6228	316.295	353.803
846	31.7989	1	2102.57	1	1.20022	1	644.756	1	118.828	1	100	326.447	364.865
847	27.8818	1	276.058	1	1.43657	1	373.53	1	68.5646	1	0	273.249	301.462
847	27.8818	1	276.058	1	1.43657	1	373.53	1	68.5646	1	0.001	273.271	301.49
847	27.8818	1	276.058	1	1.43657	1	373.53	1	68.5646	1	0.00316228	273.317	301.55
847	27.8818	1	276.058	1	1.43657	1	373.53	1	68.5646	1	0.01	273.461	301.739
847	27.8818	1	276.058	1	1.43657	1	373.53	1	68.5646	1	0.0316228	273.908	302.327
847	27.8818	1	276.058	1	1.43657	1	373.53	1	68.5646	1	0.1	275.243	304.078
847	27.8818	1	276.058	1	1.43657	1	373.53	1	68.5646	1	0.316228	278.831	308.815
847	27.8818	1	276.058	1	1.43657	1	373.53	1	68.5646	1	1	286.339	318.881
847	27.8818	1	276.058	1	1.43657	1	373.53	1	68.5646	1	3.16228	296.493	332.621
847	27.8818	1	276.058	1	1.43657	1	373.53	1	68.5646	1	10	305.974	343.964
847	27.8818	1	276.058	1	1.43657	1	373.53	1	68.5646	1	31.6228	314.874	352.017
847	27.8818	1	276.058	1	1.43657	1	373.53	1	68.5646	1	100	323.915	361.993
848	34.6082	1	845.979	1	2.00208	1	251.919	1	100.256	1	0	273.249	301.462
848	34.6082	1	845.979	1	2.00208	1	251.919	1	100.256	1	0.001	273.265	301.482
848	34.6082	1	845.979	1	2.00208	1	251.919	1	100.256	1	0.00316228	273.299	301.526
848	34.6082	1	845.979	1	2.00208	1	251.919	1	100.256	1	0.01	273.404	301.664
848	34.6082	1	845.979	1	2.00208	1	251.919	1	100.256	1	0.0316228	273.734	302.095
848	34.6082	1	845.979	1	2.00208	1	251.919	1	100.256	1	0.1	274.734	303.4
848	34.6082	1	845.979	1	2.00208	1	251.919	1	100.256	1	0.316228	277.534	307.052
848	34.6082	1	845.979	1	2.00208	1	251.919	1	100.256	1	1	284.036	315.648
848	34.6082	1	845.979	1	2.00208	1	251.919	1	100.256	1	3.16228	294.456	329.532
848	34.6082	1	845.979	1	2.00208	1	251.919	1	100.256	1	10	306.205	343.91
848	34.6082	1	845.979	1	2.00208	1	251.919	1	100.256	1	31.6228	320.57	358.118
848	34.6082	1	845.979	1	2.00208	1	251.919	1	100.256	1	100	342.025	381.062
849	32.3148	1	250.337	1	0.639149	1	251.869	1	80.9667	1	0	273.249	301.462
849	32.3148	1	250.337	1	0.639149	1	251.869	1	80.9667	1	0.001	273.297	301.524
849	32.3148	1	250.337	1	0.639149	1	251.869	1	80.9667	1	0.00316228	273.399	301.659
849	32.3148	1	250.337	1	0.639149	1	251.869	1	80.9667	1	0.01	273.716	302.08
849	32.3148	1	250.337	1	0.639149	1	251.869	1	80.9667	1	0.0316228	274.679	303.354
849	32.3148	1	250.337	1	0.639149	1	251.869	1	80.9667	1	0.1	277.364	306.912
849	32.3148	1	250.337	1	0.639149	1	251.869	1	80.9667	1	0.316228	283.525	315.258
849	32.3148	1	250.337	1	0.639149	1	251.869	1	80.9667	1	1	292.94	328.436
849	32.3148	1	250.337	1	0.639149	1	251.869	1	80.9667	1	3.16228	301.731	340.686
849	32.3148	1	250.337	1	0.639149	1	251.869	1	80.9667	1	10	309.002	348.785
849	32.3148	1	250.337	1	0.639149	1	251.869	1	80.9667	1	31.6228	318.509	356.584
849	32.3148	1	250.337	1	0.639149	1	251.869	1	80.9667	1	100	332.737	371.414
850	29.0178	1	339.669	1	1.19818	1	454.306	1	60.841	1	0	273.249	301.462
850	29.0178	1	339.669	1	1.19818	1	454.306	1	60.841	1	0.001	273.275	301.495
850	29.0178	1	339.669	1	1.19818	1	454.306	1	60.841	1	0.00316228	273.33	301.567
850	29.0178	1	339.669	1	1.19818	1	454.306	1	60.841	1	0.01	273.502	301.794
850	29.0178	1	339.669	1	1.19818	1	454.306	1	60.841	1	0.0316228	274.034	302.494
850	29.0178	1	339.669	1	1.19818	1	454.306	1	60.841	1	0.1	275.602	304.557
850	29.0178	1	339.669	1	1.19818	1	454.306	1	60.841	1	0.316228	279.703	310.002
850	29.0178	1	339.669	1	1.19818	1	454.306	1	60.841	1	1	287.768	320.92
850	29.0178	1	339.669	1	1.19818	1	454.306	1	60.841	1	3.16228	297.756	334.576
850	29.0178	1	339.669	1	1.19818	1	454.306	1	60.841	1	10	306.48	344.935
850	29.0178	1	339.669	1	1.19818	1	454.306	1	60.841	1	31.6228	314.489	351.916
850	29.0178	1	339.669	1	1.19818	1	454.306	1	60.841	1	100	322.19	360.35
851	33.4024	1	171.959	1	0.754678	1	387.01	1	99.8729	1	0	273.249	301.462
851	33.4024	1	171.959	1	0.754678	1	387.01	1	99.8729	1	0.001	273.289	301.514
851	33.4024	1	171.959	1	0.754678	1	387.01	1	99.8729	1	0.00316228	273.375	301.628
851	33.4024	1	171.959	1	0.754678	1	387.01	1	99.8729	1	0.01	273.644	301.984
851	33.4024	1	171.959	1	0.754678	1	387.01	1	99.8729	1	0.0316228	274.463	303.069
851	33.4024	1	171.959	1	0.754678	1	387.01	1	99.8729	1	0.1	276.782	306.139
851	33.4024	1	171.959	1	0.754678	1	387.01	1	99.8729	1	0.316228	282.325	313.623
851	33.4024	1	171.959	1	0.754678	1	387.01	1	99.8729	1	1	291.353	326.218
851	33.4024	1	171.959	1	0.754678	1	387.01	1	99.8729	1	3.16228	300.095	338.556
851	33.4024	1	171.959	1	0.754678	1	387.01	1	99.8729	1	10	306.371	345.903
851	33.4024	1	171.959	1	0.754678	1	387.01	1	99.8729	1	31.6228	312.1	349.843
851	33.4024	1	171.959	1	0.754678	1	387.01	1	99.8729	1	100	317.433	354.981
852	12.7624	1	298.409	1	0.737666	1	444.325	1	48.2074	1	0	273.249	301.462
852	12.7624	1	298.409	1	0.737666	1	444.325	1	48.2074	1	0.001	273.291	301.516
852	12.7624	1	298.409	1	0.737666	1	444.325	1	48.2074	1	0.00316228	273.38	301.633
852	12.7624	1	298.409	1	0.737666	1	444.325	1	48.2074	1	0.01	273.66	301.999
852	12.7624	1	298.409	1	0.737666	1	444.325	1	48.2074	1	0.0316228	274.511	303.115
852	12.7624	1	298.409	1	0.737666	1	444.325	1	48.2074	1	0.1	276.922	306.264
852	12.7624	1	298.409	1	0.737666	1	444.325	1	48.2074	1	0.316228	282.694	313.922
852	12.7624	1	298.409	1	0.737666	1	444.325	1	48.2074	1	1	292.224	326.771
852	12.7624	1	298.409	1	0.737666	1	444.325	1	48.2074	1	3.16228	302.196	339.55
852	12.7624	1	298.409	1	0.737666	1	444.325	1	48.2074	1	10	310.878	348
852	12.7624	1	298.409	1	0.737666	1	444.325	1	48.2074	1	31.6228	316.101	353.415
852	12.7624	1	298.409	1	0.737666	1	444.325	1	48.2074	1	100	322.632	360.787
853	47.7692	1	999.986	1	1.09044	1	235.482	1	48.5037	1	0	273.249	301.462
853	47.7692	1	999.986	1	1.09044	1	235.482	1	48.5037	1	0.001	273.277	301.499
853	47.7692	1	999.986	1	1.09044	1	235.482	1	48.5037	1	0.00316228	273.338	301.578
853	47.7692	1	999.986	1	1.09044	1	235.482	1	48.5037	1	0.01	273.528	301.829
853	47.7692	1	999.986	1	1.09044	1	235.482	1	48.5037	1	0.0316228	274.113	302.601
853	47.7692	1	999.986	1	1.09044	1	235.482	1	48.5037	1	0.1	275.826	304.861
853	47.7692	1	999.986	1	1.09044	1	235.482	1	48.5037	1	0.316228	280.241	310.751
853	47.7692	1	999.986	1	1.09044	1	235.482	1	48.5037	1	1	288.661	322.267
853	47.7692	1	999.986	1	1.09044	1	235.482	1	48.5037	1	3.16228	298.836	336.367
853	47.7692	1	999.986	1	1.09044	1	235.482	1	48.5037	1	10	308.306	348.039
853	47.7692	1	999.986	1	1.09044	1	235.482	1	48.5037	1	31.6228	321.079	360.332
853	47.7692	1	999.986	1	1.09044	1	235.482	1	48.5037	1	100	343.464	383.98
854	25.2764	1	348.141	1	0.752193	1	79.6049	1	63.604	1	0	273.249	301.462
854	25.2764	1	348.141	1	0.752193	1	79.6049	1	63.604	1	0.001	273.291	301.516
854	25.2764	1	348.141	1	0.752193	1	79.6049	1	63.604	1	0.00316228	273.379	301.632
854	25.2764	1	348.141	1	0.752193	1	79.6049	1	63.604	1	0.01	273.656	301.996
854	25.2764	1	348.141	1	0.752193	1	79.6049	1	63.604	1	0.0316228	274.5	303.107
854	25.2764	1	348.141	1	0.752193	1	79.6049	1	63.604	1	0.1	276.9	306.256
854	25.2764	1	348.141	1	0.752193	1	79.6049	1	63.604	1	0.316228	282.688	313.98
854	25.2764	1	348.141	1	0.752193	1	79.6049	1	63.604	1	1	292.505	327.347
854	25.2764	1	348.141	1	0.752193	1	79.6049	1	63.604	1	3.16228	303.706	342.122
854	25.2764	1	348.141	1	0.752193	1	79.6049	1	63.604	1	10	317.352	356.863
854	25.2764	1	348.141	1	0.752193	1	79.6049	1	63.604	1	31.6228	341.929	380.914
854	25.2764	1	348.141	1	0.752193	1	79.6049	1	63.604	1	100	387.964	429.896
855	28.7418	1	183.768	1	1.17101	1	226.477	1	32.9979	1	0	273.249	301.462
855	28.7418	1	183.768	1	1.17101	1	226.477	1	32.9979	1	0.001	273.275	301.496
855	28.7418	1	183.768	1	1.17101	1	226.477	1	32.9979	1	0.00316228	273.332	301.57
855	28.7418	1	183.768	1	1.17101	1	226.477	1	32.9979	1	0.01	273.508	301.802
855	28.7418	1	183.768	1	1.17101	1	226.477	1	32.9979	1	0.0316228	274.052	302.519
855	28.7418	1	183.768	1	1.17101	1	226.477	1	32.9979	1	0.1	275.654	304.626
855	28.7418	1	183.768	1	1.17101	1	226.477	1	32.9979	1	0.316228	279.83	310.174
855	28.7418	1	183.768	1	1.17101	1	226.477	1	32.9979	1	1	287.996	321.24
855	28.7418	1	183.768	1	1.17101	1	226.477	1	32.9979	1	3.16228	298.09	335.035
855	28.7418	1	183.768	1	1.17101	1	226.477	1	32.9979	1	10	307.196	345.833
855	28.7418	1	183.768	1	1.17101	1	226.477	1	32.9979	1	31.6228	316.63	354.675
855	28.7418	1	183.768	1	1.17101	1	226.477	1	32.9979	1	100	329.629	369.624
856	32.8395	1	1103.83	1	0.697769	1	323.076	1	57.0304	1	0	273.249	301.462
856	32.8395	1	1103.83	1	0.697769	1	323.076	1	57.0304	1	0.001	273.293	301.519
856	32.8395	1	1103.83	1	0.697769	1	323.076	1	57.0304	1	0.00316228	273.387	301.643
856	32.8395	1	1103.83	1	0.697769	1	323.076	1	57.0304	1	0.01	273.679	302.03
856	32.8395	1	1103.83	1	0.697769	1	323.076	1	57.0304	1	0.0316228	274.57	303.207
856	32.8395	1	1103.83	1	0.697769	1	323.076	1	57.0304	1	0.1	277.072	306.511
856	32.8395	1	1103.83	1	0.697769	1	323.076	1	57.0304	1	0.316228	282.959	314.452
856	32.8395	1	1103.83	1	0.697769	1	323.076	1	57.0304	1	1	292.341	327.505
856	32.8395	1	1103.83	1	0.697769	1	323.076	1	57.0304	1	3.16228	301.564	340.258
856	32.8395	1	1103.83	1	0.697769	1	323.076	1	57.0304	1	10	309.585	349.26
856	32.8395	1	1103.83	1	0.697769	1	323.076	1	57.0304	1	31.6228	320.099	358.526
856	32.8395	1	1103.83	1	0.697769	1	323.076	1	57.0304	1	100	337.015	376.289
857	45.9775	1	173.723	1	2.92267	1	251.151	1	149.198	1	0	273.249	301.462
857	45.9775	1	173.723	1	2.92267	1	251.151	1	149.198	1	0.001	273.26	301.475
857	45.9775	1	173.723	1	2.92267	1	251.151	1	149.198	1	0.00316228	273.282	301.505
857	45.9775	1	173.723	1	2.92267	1	251.151	1	149.198	1	0.01	273.353	301.598
857	45.9775	1	173.723	1	2.92267	1	251.151	1	149.198	1	0.0316228	273.576	301.89
857	45.9775	1	173.723	1	2.92267	1	251.151	1	149.198	1	0.1	274.259	302.787
857	45.9775	1	173.723	1	2.92267	1	251.151	1	149.198	1	0.316228	276.236	305.375
857	45.9775	1	173.723	1	2.92267	1	251.151	1	149.198	1	1	281.201	311.933
857	45.9775	1	173.723	1	2.92267	1	251.151	1	149.198	1	3.16228	290.227	324.069
857	45.9775	1	173.723	1	2.92267	1	251.151	1	149.198	1	10	300.831	337.892
857	45.9775	1	173.723	1	2.92267	1	251.151	1	149.198	1	31.6228	311.675	349.296
857	45.9775	1	173.723	1	2.92267	1	251.151	1	149.198	1	100	326.294	363.698
858	13.2159	1	269.874	1	0.748741	1	270.773	1	52.0992	1	0	273.249	301.462
858	13.2159	1	269.874	1	0.748741	1	270.773	1	52.0992	1	0.001	273.29	301.515
858	13.2159	1	269.874	1	0.748741	1	270.773	1	52.0992	1	0.00316228	273.379	301.631
858	13.2159	1	269.874	1	0.748741	1	270.773	1	52.0992	1	0.01	273.654	301.992
858	13.2159	1	269.874	1	0.748741	1	270.773	1	52.0992	1	0.0316228	274.495	303.094
858	13.2159	1	269.874	1	0.748741	1	270.773	1	52.0992	1	0.1	276.88	306.21
858	13.2159	1	269.874	1	0.748741	1	270.773	1	52.0992	1	0.316228	282.614	313.814
858	13.2159	1	269.874	1	0.748741	1	270.773	1	52.0992	1	1	292.172	326.689
858	13.2159	1	269.874	1	0.748741	1	270.773	1	52.0992	1	3.16228	302.373	339.77
858	13.2159	1	269.874	1	0.748741	1	270.773	1	52.0992	1	10	311.844	349.098
858	13.2159	1	269.874	1	0.748741	1	270.773	1	52.0992	1	31.6228	319.674	357.153
858	13.2159	1	269.874	1	0.748741	1	270.773	1	52.0992	1	100	332.669	371.378
859	23.1374	1	45.3313	1	0.848067	1	297.285	1	65.3619	1	0	273.249	301.462
859	23.1374	1	45.3313	1	0.848067	1	297.285	1	65.3619	1	0.001	273.284	301.508
859	23.1374	1	45.3313	1	0.848067	1	297.285	1	65.3619	1	0.00316228	273.359	301.607
859	23.1374	1	45.3313	1	0.848067	1	297.285	1	65.3619	1	0.01	273.592	301.917
859	23.1374	1	45.3313	1	0.848067	1	297.285	1	65.3619	1	0.0316228	274.306	302.867
859	23.1374	1	45.3313	1	0.848067	1	297.285	1	65.3619	1	0.1	276.347	305.581
859	23.1374	1	45.3313	1	0.848067	1	297.285	1	65.3619	1	0.316228	281.331	312.316
859	23.1374	1	45.3313	1	0.848067	1	297.285	1	65.3619	1	1	289.666	323.995
859	23.1374	1	45.3313	1	0.848067	1	297.285	1	65.3619	1	3.16228	297.388	335.187
859	23.1374	1	45.3313	1	0.848067	1	297.285	1	65.3619	1	10	300.489	339.237
859	23.1374	1	45.3313	1	0.848067	1	297.285	1	65.3619	1	31.6228	299.18	336.231
859	23.1374	1	45.3313	1	0.848067	1	297.285	1	65.3619	1	100	288.838	328.119
860	32.8234	1	413.127	1	0.783346	1	222.684	1	46.9593	1	0	273.249	301.462
860	32.8234	1	413.127	1	0.783346	1	222.684	1	46.9593	1	0.001	273.288	301.513
860	32.8234	1	413.127	1	0.783346	1	222.684	1	46.9593	1	0.00316228	273.372	301.624
860	32.8234	1	413.127	1	0.783346	1	222.684	1	46.9593	1	0.01	273.634	301.969
860	32.8234	1	413.127	1	0.783346	1	222.684	1	46.9593	1	0.0316228	274.433	303.025
860	32.8234	1	413.127	1	0.783346	1	222.684	1	46.9593	1	0.1	276.708	306.026
860	32.8234	1	413.127	1	0.783346	1	222.684	1	46.9593	1	0.316228	282.205	313.412
860	32.8234	1	413.127	1	0.783346	1	222.684	1	46.9593	1	1	291.423	326.151
860	32.8234	1	413.127	1	0.783346	1	222.684	1	46.9593	1	3.16228	301.048	339.428
860	32.8234	1	413.127	1	0.783346	1	222.684	1	46.9593	1	10	309.705	349.312
860	32.8234	1	413.127	1	0.783346	1	222.684	1	46.9593	1	31.6228	321.375	359.894
860	32.8234	1	413.127	1	0.783346	1	222.684	1	46.9593	1	100	340.814	380.565
861	25.0743	1	266.88	1	0.472165	1	387.338	1	98.0649	1	0	273.249	301.462
861	25.0743	1	266.88	1	0.472165	1	387.338	1	98.0649	1	0.001	273.313	301.546
861	25.0743	1	266.88	1	0.472165	1	387.338	1	98.0649	1	0.00316228	273.451	301.728
861	25.0743	1	266.88	1	0.472165	1	387.338	1	98.0649	1	0.01	273.877	302.293
861	25.0743	1	266.88	1	0.472165	1	387.338	1	98.0649	1	0.0316228	275.149	303.977
861	25.0743	1	266.88	1	0.472165	1	387.338	1	98.0649	1	0.1	278.578	308.553
861	25.0743	1	266.88	1	0.472165	1	387.338	1	98.0649	1	0.316228	285.76	318.363
861	25.0743	1	266.88	1	0.472165	1	387.338	1	98.0649	1	1	295.295	331.846
861	25.0743	1	266.88	1	0.472165	1	387.338	1	98.0649	1	3.16228	303.088	342.555
861	25.0743	1	266.88	1	0.472165	1	387.338	1	98.0649	1	10	309.326	348.758
861	25.0743	1	266.88	1	0.472165	1	387.338	1	98.0649	1	31.6228	316.248	353.63
861	25.0743	1	266.88	1	0.472165	1	387.338	1	98.0649	1	100	323.809	361.747
862	23.5709	1	646.309	1	0.708514	1	278.309	1	64.3984	1	0	273.249	301.462
862	23.5709	1	646.309	1	0.708514	1	278.309	1	64.3984	1	0.001	273.292	301.518
862	23.5709	1	646.309	1	0.708514	1	278.309	1	64.3984	1	0.00316228	273.385	301.641
862	23.5709	1	646.309	1	0.708514	1	278.309	1	64.3984	1	0.01	273.674	302.022
862	23.5709	1	646.309	1	0.708514	1	278.309	1	64.3984	1	0.0316228	274.554	303.183
862	23.5709	1	646.309	1	0.708514	1	278.309	1	64.3984	1	0.1	277.034	306.447
862	23.5709	1	646.309	1	0.708514	1	278.309	1	64.3984	1	0.316228	282.899	314.323
862	23.5709	1	646.309	1	0.708514	1	278.309	1	64.3984	1	1	292.364	327.366
862	23.5709	1	646.309	1	0.708514	1	278.309	1	64.3984	1	3.16228	301.924	340.278
862	23.5709	1	646.309	1	0.708514	1	278.309	1	64.3984	1	10	310.742	349.649
862	23.5709	1	646.309	1	0.708514	1	278.309	1	64.3984	1	31.6228	321.564	359.423
862	23.5709	1	646.309	1	0.708514	1	278.309	1	64.3984	1	100	338.751	377.921
863	32.2326	1	618.428	1	0.770895	1	488.854	1	68.6261	1	0	273.249	301.462
863	32.2326	1	618.428	1	0.770895	1	488.854	1	68.6261	1	0.001	273.289	301.514
863	32.2326	1	618.428	1	0.770895	1	488.854	1	68.6261	1	0.00316228	273.374	301.626
863	32.2326	1	618.428	1	0.770895	1	488.854	1	68.6261	1	0.01	273.638	301.976
863	32.2326	1	618.428	1	0.770895	1	488.854	1	68.6261	1	0.0316228	274.447	303.044
863	32.2326	1	618.428	1	0.770895	1	488.854	1	68.6261	1	0.1	276.743	306.076
863	32.2326	1	618.428	1	0.770895	1	488.854	1	68.6261	1	0.316228	282.263	313.505
863	32.2326	1	618.428	1	0.770895	1	488.854	1	68.6261	1	1	291.401	326.17
863	32.2326	1	618.428	1	0.770895	1	488.854	1	68.6261	1	3.16228	300.614	338.973
863	32.2326	1	618.428	1	0.770895	1	488.854	1	68.6261	1	10	308.082	347.505
863	32.2326	1	618.428	1	0.770895	1	488.854	1	68.6261	1	31.6228	316.197	354.146
863	32.2326	1	618.428	1	0.770895	1	488.854	1	68.6261	1	100	325.935	364.32
864	33.287	1	372.043	1	0.725151	1	203	1	77.2822	1	0	273.249	301.462
864	33.287	1	372.043	1	0.725151	1	203	1	77.2822	1	0.001	273.291	301.517
864	33.287	1	372.043	1	0.725151	1	203	1	77.2822	1	0.00316228	273.382	301.636
864	33.287	1	372.043	1	0.725151	1	203	1	77.2822	1	0.01	273.664	302.009
864	33.287	1	372.043	1	0.725151	1	203	1	77.2822	1	0.0316228	274.523	303.145
864	33.287	1	372.043	1	0.725151	1	203	1	77.2822	1	0.1	276.948	306.346
864	33.287	1	372.043	1	0.725151	1	203	1	77.2822	1	0.316228	282.709	314.108
864	33.287	1	372.043	1	0.725151	1	203	1	77.2822	1	1	292.067	327.096
864	33.287	1	372.043	1	0.725151	1	203	1	77.2822	1	3.16228	301.53	340.151
864	33.287	1	372.043	1	0.725151	1	203	1	77.2822	1	10	310.127	349.874
864	33.287	1	372.043	1	0.725151	1	203	1	77.2822	1	31.6228	322.595	360.96
864	33.287	1	372.043	1	0.725151	1	203	1	77.2822	1	100	343.711	382.996
865	43.2485	1	616.182	1	1.38122	1	292.047	1	60.2915	1	0	273.249	301.462
865	43.2485	1	616.182	1	1.38122	1	292.047	1	60.2915	1	0.001	273.272	301.491
865	43.2485	1	616.182	1	1.38122	1	292.047	1	60.2915	1	0.00316228	273.319	301.554
865	43.2485	1	616.182	1	1.38122	1	292.047	1	60.2915	1	0.01	273.47	301.752
865	43.2485	1	616.182	1	1.38122	1	292.047	1	60.2915	1	0.0316228	273.936	302.366
865	43.2485	1	616.182	1	1.38122	1	292.047	1	60.2915	1	0.1	275.322	304.19
865	43.2485	1	616.182	1	1.38122	1	292.047	1	60.2915	1	0.316228	279.029	309.109
865	43.2485	1	616.182	1	1.38122	1	292.047	1	60.2915	1	1	286.683	319.461
865	43.2485	1	616.182	1	1.38122	1	292.047	1	60.2915	1	3.16228	296.914	333.522
865	43.2485	1	616.182	1	1.38122	1	292.047	1	60.2915	1	10	306.621	345.63
865	43.2485	1	616.182	1	1.38122	1	292.047	1	60.2915	1	31.6228	318.126	356.65
865	43.2485	1	616.182	1	1.38122	1	292.047	1	60.2915	1	100	335.308	374.736
866	22.4038	1	479.369	1	1.40409	1	890.664	1	93.2266	1	0	273.249	301.462
866	22.4038	1	479.369	1	1.40409	1	890.664	1	93.2266	1	0.001	273.271	301.49
866	22.4038	1	479.369	1	1.40409	1	890.664	1	93.2266	1	0.00316228	273.318	301.552
866	22.4038	1	479.369	1	1.40409	1	890.664	1	93.2266	1	0.01	273.466	301.746
866	22.4038	1	479.369	1	1.40409	1	890.664	1	93.2266	1	0.0316228	273.925	302.347
866	22.4038	1	479.369	1	1.40409	1	890.664	1	93.2266	1	0.1	275.292	304.134
866	22.4038	1	479.369	1	1.40409	1	890.664	1	93.2266	1	0.316228	278.958	308.956
866	22.4038	1	479.369	1	1.40409	1	890.664	1	93.2266	1	1	286.582	319.118
866	22.4038	1	479.369	1	1.40409	1	890.664	1	93.2266	1	3.16228	296.799	332.778
866	22.4038	1	479.369	1	1.40409	1	890.664	1	93.2266	1	10	306.219	343.645
866	22.4038	1	479.369	1	1.40409	1	890.664	1	93.2266	1	31.6228	313.261	350.027
866	22.4038	1	479.369	1	1.40409	1	890.664	1	93.2266	1	100	316.855	354.337
867	34.8237	1	316.245	1	1.32694	1	238.784	1	68.041	1	0	273.249	301.462
867	34.8237	1	316.245	1	1.32694	1	238.784	1	68.041	1	0.001	273.272	301.492
867	34.8237	1	316.245	1	1.32694	1	238.784	1	68.041	1	0.00316228	273.322	301.557
867	34.8237	1	316.245	1	1.32694	1	238.784	1	68.041	1	0.01	273.479	301.763
867	34.8237	1	316.245	1	1.32694	1	238.784	1	68.041	1	0.0316228	273.963	302.401
867	34.8237	1	316.245	1	1.32694	1	238.784	1	68.041	1	0.1	275.4	304.291
867	34.8237	1	316.245	1	1.32694	1	238.784	1	68.041	1	0.316228	279.224	309.359
867	34.8237	1	316.245	1	1.32694	1	238.784	1	68.041	1	1	287.029	319.892
867	34.8237	1	316.245	1	1.32694	1	238.784	1	68.041	1	3.16228	297.33	333.957
867	34.8237	1	316.245	1	1.32694	1	238.784	1	68.041	1	10	307.188	345.924
867	34.8237	1	316.245	1	1.32694	1	238.784	1	68.041	1	31.6228	318.894	356.877
867	34.8237	1	316.245	1	1.32694	1	238.784	1	68.041	1	100	336.147	375.159
868	25.0606	1	311.292	1	0.842921	1	218.955	1	54.1568	1	0	273.249	301.462
868	25.0606	1	311.292	1	0.842921	1	218.955	1	54.1568	1	0.001	273.286	301.509
868	25.0606	1	311.292	1	0.842921	1	218.955	1	54.1568	1	0.00316228	273.364	301.612
868	25.0606	1	311.292	1	0.842921	1	218.955	1	54.1568	1	0.01	273.608	301.934
868	25.0606	1	311.292	1	0.842921	1	218.955	1	54.1568	1	0.0316228	274.355	302.919
868	25.0606	1	311.292	1	0.842921	1	218.955	1	54.1568	1	0.1	276.497	305.738
868	25.0606	1	311.292	1	0.842921	1	218.955	1	54.1568	1	0.316228	281.761	312.768
868	25.0606	1	311.292	1	0.842921	1	218.955	1	54.1568	1	1	290.893	325.27
868	25.0606	1	311.292	1	0.842921	1	218.955	1	54.1568	1	3.16228	300.83	338.746
868	25.0606	1	311.292	1	0.842921	1	218.955	1	54.1568	1	10	310.046	348.916
868	25.0606	1	311.292	1	0.842921	1	218.955	1	54.1568	1	31.6228	321.424	359.257
868	25.0606	1	311.292	1	0.842921	1	218.955	1	54.1568	1	100	339.488	378.647
869	47.8334	1	320.842	1	1.12008	1	535.992	1	143.192	1	0	273.249	301.462
869	47.8334	1	320.842	1	1.12008	1	535.992	1	143.192	1	0.001	273.276	301.497
869	47.8334	1	320.842	1	1.12008	1	535.992	1	143.192	1	0.00316228	273.335	301.574
869	47.8334	1	320.842	1	1.12008	1	535.992	1	143.192	1	0.01	273.517	301.816
869	47.8334	1	320.842	1	1.12008	1	535.992	1	143.192	1	0.0316228	274.08	302.561
869	47.8334	1	320.842	1	1.12008	1	535.992	1	143.192	1	0.1	275.731	304.744
869	47.8334	1	320.842	1	1.12008	1	535.992	1	143.192	1	0.316228	279.99	310.446
869	47.8334	1	320.842	1	1.12008	1	535.992	1	143.192	1	1	288.109	321.608
869	47.8334	1	320.842	1	1.12008	1	535.992	1	143.192	1	3.16228	297.602	334.989
869	47.8334	1	320.842	1	1.12008	1	535.992	1	143.192	1	10	305.004	344.509
869	47.8334	1	320.842	1	1.12008	1	535.992	1	143.192	1	31.6228	311.727	350.192
869	47.8334	1	320.842	1	1.12008	1	535.992	1	143.192	1	100	318.981	356.43
870	26.4111	1	425.803	1	0.271551	1	351.634	1	50.7837	1	0	273.249	301.462
870	26.4111	1	425.803	1	0.271551	1	351.634	1	50.7837	1	0.001	273.36	301.609
870	26.4111	1	425.803	1	0.271551	1	351.634	1	50.7837	1	0.00316228	273.597	301.923
870	26.4111	1	425.803	1	0.271551	1	351.634	1	50.7837	1	0.01	274.322	302.886
870	26.4111	1	425.803	1	0.271551	1	351.634	1	50.7837	1	0.0316228	276.401	305.644
870	26.4111	1	425.803	1	0.271551	1	351.634	1	50.7837	1	0.1	281.5	312.531
870	26.4111	1	425.803	1	0.271551	1	351.634	1	50.7837	1	0.316228	290.238	324.772
870	26.4111	1	425.803	1	0.271551	1	351.634	1	50.7837	1	1	299.096	337.622
870	26.4111	1	425.803	1	0.271551	1	351.634	1	50.7837	1	3.16228	305.211	345.843
870	26.4111	1	425.803	1	0.271551	1	351.634	1	50.7837	1	10	310.792	350.838
870	26.4111	1	425.803	1	0.271551	1	351.634	1	50.7837	1	31.6228	318.468	356.657
870	26.4111	1	425.803	1	0.271551	1	351.634	1	50.7837	1	100	329.934	368.771
871	18.7283	1	331.366	1	1.13676	1	421.241	1	26.9229	1	0	273.249	301.462
871	18.7283	1	331.366	1	1.13676	1	421.241	1	26.9229	1	0.001	273.276	301.497
871	18.7283	1	331.366	1	1.13676	1	421.241	1	26.9229	1	0.00316228	273.335	301.573
871	18.7283	1	331.366	1	1.13676	1	421.241	1	26.9229	1	0.01	273.518	301.813
871	18.7283	1	331.366	1	1.13676	1	421.241	1	26.9229	1	0.0316228	274.082	302.552
871	18.7283	1	331.366	1	1.13676	1	421.241	1	26.9229	1	0.1	275.741	304.72
871	18.7283	1	331.366	1	1.13676	1	421.241	1	26.9229	1	0.316228	280.05	310.401
871	18.7283	1	331.366	1	1.13676	1	421.241	1	26.9229	1	1	288.435	321.62
871	18.7283	1	331.366	1	1.13676	1	421.241	1	26.9229	1	3.16228	298.795	335.359
871	18.7283	1	331.366	1	1.13676	1	421.241	1	26.9229	1	10	308.196	345.762
871	18.7283	1	331.366	1	1.13676	1	421.241	1	26.9229	1	31.6228	314.913	352.727
871	18.7283	1	331.366	1	1.13676	1	421.241	1	26.9229	1	100	323.501	361.969
872	28.6145	1	1417.4	1	1.58681	1	146.554	1	74.3149	1	0	273.249	301.462
872	28.6145	1	1417.4	1	1.58681	1	146.554	1	74.3149	1	0.001	273.269	301.487
872	28.6145	1	1417.4	1	1.58681	1	146.554	1	74.3149	1	0.00316228	273.312	301.543
872	28.6145	1	1417.4	1	1.58681	1	146.554	1	74.3149	1	0.01	273.446	301.718
872	28.6145	1	1417.4	1	1.58681	1	146.554	1	74.3149	1	0.0316228	273.864	302.263
872	28.6145	1	1417.4	1	1.58681	1	146.554	1	74.3149	1	0.1	275.118	303.897
872	28.6145	1	1417.4	1	1.58681	1	146.554	1	74.3149	1	0.316228	278.553	308.386
872	28.6145	1	1417.4	1	1.58681	1	146.554	1	74.3149	1	1	286.069	318.32
872	28.6145	1	1417.4	1	1.58681	1	146.554	1	74.3149	1	3.16228	297.353	333.209
872	28.6145	1	1417.4	1	1.58681	1	146.554	1	74.3149	1	10	310.554	348.625
872	28.6145	1	1417.4	1	1.58681	1	146.554	1	74.3149	1	31.6228	329.718	367.805
872	28.6145	1	1417.4	1	1.58681	1	146.554	1	74.3149	1	100	363.841	404.519
873	29.5333	1	528.585	1	1.38258	1	453.224	1	39.0143	1	0	273.249	301.462
873	29.5333	1	528.585	1	1.38258	1	453.224	1	39.0143	1	0.001	273.272	301.491
873	29.5333	1	528.585	1	1.38258	1	453.224	1	39.0143	1	0.00316228	273.319	301.554
873	29.5333	1	528.585	1	1.38258	1	453.224	1	39.0143	1	0.01	273.47	301.751
873	29.5333	1	528.585	1	1.38258	1	453.224	1	39.0143	1	0.0316228	273.935	302.363
873	29.5333	1	528.585	1	1.38258	1	453.224	1	39.0143	1	0.1	275.321	304.181
873	29.5333	1	528.585	1	1.38258	1	453.224	1	39.0143	1	0.316228	279.029	309.081
873	29.5333	1	528.585	1	1.38258	1	453.224	1	39.0143	1	1	286.693	319.375
873	29.5333	1	528.585	1	1.38258	1	453.224	1	39.0143	1	3.16228	296.905	333.227
873	29.5333	1	528.585	1	1.38258	1	453.224	1	39.0143	1	10	306.385	344.608
873	29.5333	1	528.585	1	1.38258	1	453.224	1	39.0143	1	31.6228	315.167	352.973
873	29.5333	1	528.585	1	1.38258	1	453.224	1	39.0143	1	100	325.293	364.01
874	33.925	1	339.913	1	0.815221	1	493.536	1	69.5326	1	0	273.249	301.462
874	33.925	1	339.913	1	0.815221	1	493.536	1	69.5326	1	0.001	273.287	301.511
874	33.925	1	339.913	1	0.815221	1	493.536	1	69.5326	1	0.00316228	273.367	301.616
874	33.925	1	339.913	1	0.815221	1	493.536	1	69.5326	1	0.01	273.617	301.947
874	33.925	1	339.913	1	0.815221	1	493.536	1	69.5326	1	0.0316228	274.381	302.959
874	33.925	1	339.913	1	0.815221	1	493.536	1	69.5326	1	0.1	276.564	305.844
874	33.925	1	339.913	1	0.815221	1	493.536	1	69.5326	1	0.316228	281.874	312.984
874	33.925	1	339.913	1	0.815221	1	493.536	1	69.5326	1	1	290.844	325.422
874	33.925	1	339.913	1	0.815221	1	493.536	1	69.5326	1	3.16228	299.997	338.227
874	33.925	1	339.913	1	0.815221	1	493.536	1	69.5326	1	10	307.073	346.515
874	33.925	1	339.913	1	0.815221	1	493.536	1	69.5326	1	31.6228	314.036	351.933
874	33.925	1	339.913	1	0.815221	1	493.536	1	69.5326	1	100	320.806	358.962
875	25.9591	1	410.964	1	0.756767	1	409.426	1	50.4872	1	0	273.249	301.462
875	25.9591	1	410.964	1	0.756767	1	409.426	1	50.4872	1	0.001	273.29	301.515
875	25.9591	1	410.964	1	0.756767	1	409.426	1	50.4872	1	0.00316228	273.376	301.629
875	25.9591	1	410.964	1	0.756767	1	409.426	1	50.4872	1	0.01	273.646	301.985
875	25.9591	1	410.964	1	0.756767	1	409.426	1	50.4872	1	0.0316228	274.47	303.073
875	25.9591	1	410.964	1	0.756767	1	409.426	1	50.4872	1	0.1	276.806	306.153
875	25.9591	1	410.964	1	0.756767	1	409.426	1	50.4872	1	0.316228	282.406	313.674
875	25.9591	1	410.964	1	0.756767	1	409.426	1	50.4872	1	1	291.631	326.41
875	25.9591	1	410.964	1	0.756767	1	409.426	1	50.4872	1	3.16228	300.948	339.185
875	25.9591	1	410.964	1	0.756767	1	409.426	1	50.4872	1	10	308.722	347.718
875	25.9591	1	410.964	1	0.756767	1	409.426	1	50.4872	1	31.6228	316.603	354.369
875	25.9591	1	410.964	1	0.756767	1	409.426	1	50.4872	1	100	326.208	364.706
876	25.7175	1	303.673	1	0.577138	1	843.823	1	54.9451	1	0	273.249	301.462
876	25.7175	1	303.673	1	0.577138	1	843.823	1	54.9451	1	0.001	273.302	301.531
876	25.7175	1	303.673	1	0.577138	1	843.823	1	54.9451	1	0.00316228	273.414	301.68
876	25.7175	1	303.673	1	0.577138	1	843.823	1	54.9451	1	0.01	273.765	302.144
876	25.7175	1	303.673	1	0.577138	1	843.823	1	54.9451	1	0.0316228	274.821	303.542
876	25.7175	1	303.673	1	0.577138	1	843.823	1	54.9451	1	0.1	277.737	307.415
876	25.7175	1	303.673	1	0.577138	1	843.823	1	54.9451	1	0.316228	284.229	316.225
876	25.7175	1	303.673	1	0.577138	1	843.823	1	54.9451	1	1	293.654	329.452
876	25.7175	1	303.673	1	0.577138	1	843.823	1	54.9451	1	3.16228	301.848	340.825
876	25.7175	1	303.673	1	0.577138	1	843.823	1	54.9451	1	10	307.776	347
876	25.7175	1	303.673	1	0.577138	1	843.823	1	54.9451	1	31.6228	312.255	349.738
876	25.7175	1	303.673	1	0.577138	1	843.823	1	54.9451	1	100	313.16	350.842
877	31.4974	1	576.25	1	0.762778	1	532.782	1	69.6369	1	0	273.249	301.462
877	31.4974	1	576.25	1	0.762778	1	532.782	1	69.6369	1	0.001	273.289	301.514
877	31.4974	1	576.25	1	0.762778	1	532.782	1	69.6369	1	0.00316228	273.375	301.627
877	31.4974	1	576.25	1	0.762778	1	532.782	1	69.6369	1	0.01	273.642	301.981
877	31.4974	1	576.25	1	0.762778	1	532.782	1	69.6369	1	0.0316228	274.458	303.06
877	31.4974	1	576.25	1	0.762778	1	532.782	1	69.6369	1	0.1	276.774	306.117
877	31.4974	1	576.25	1	0.762778	1	532.782	1	69.6369	1	0.316228	282.328	313.593
877	31.4974	1	576.25	1	0.762778	1	532.782	1	69.6369	1	1	291.475	326.279
877	31.4974	1	576.25	1	0.762778	1	532.782	1	69.6369	1	3.16228	300.629	338.998
877	31.4974	1	576.25	1	0.762778	1	532.782	1	69.6369	1	10	307.96	347.338
877	31.4974	1	576.25	1	0.762778	1	532.782	1	69.6369	1	31.6228	315.673	353.525
877	31.4974	1	576.25	1	0.762778	1	532.782	1	69.6369	1	100	324.152	362.415
878	19.7949	1	338.583	1	0.895795	1	669.457	1	41.8545	1	0	273.249	301.462
878	19.7949	1	338.583	1	0.895795	1	669.457	1	41.8545	1	0.001	273.283	301.506
878	19.7949	1	338.583	1	0.895795	1	669.457	1	41.8545	1	0.00316228	273.357	301.603
878	19.7949	1	338.583	1	0.895795	1	669.457	1	41.8545	1	0.01	273.586	301.905
878	19.7949	1	338.583	1	0.895795	1	669.457	1	41.8545	1	0.0316228	274.29	302.83
878	19.7949	1	338.583	1	0.895795	1	669.457	1	41.8545	1	0.1	276.318	305.494
878	19.7949	1	338.583	1	0.895795	1	669.457	1	41.8545	1	0.316228	281.358	312.194
878	19.7949	1	338.583	1	0.895795	1	669.457	1	41.8545	1	1	290.279	324.33
878	19.7949	1	338.583	1	0.895795	1	669.457	1	41.8545	1	3.16228	300.014	337.421
878	19.7949	1	338.583	1	0.895795	1	669.457	1	41.8545	1	10	308.086	346.102
878	19.7949	1	338.583	1	0.895795	1	669.457	1	41.8545	1	31.6228	313.472	350.809
878	19.7949	1	338.583	1	0.895795	1	669.457	1	41.8545	1	100	316.932	354.783
879	27.32	1	366.306	1	0.843683	1	307.718	1	54.9082	1	0	273.249	301.462
879	27.32	1	366.306	1	0.843683	1	307.718	1	54.9082	1	0.001	273.285	301.509
879	27.32	1	366.306	1	0.843683	1	307.718	1	54.9082	1	0.00316228	273.363	301.612
879	27.32	1	366.306	1	0.843683	1	307.718	1	54.9082	1	0.01	273.606	301.933
879	27.32	1	366.306	1	0.843683	1	307.718	1	54.9082	1	0.0316228	274.351	302.915
879	27.32	1	366.306	1	0.843683	1	307.718	1	54.9082	1	0.1	276.484	305.726
879	27.32	1	366.306	1	0.843683	1	307.718	1	54.9082	1	0.316228	281.721	312.733
879	27.32	1	366.306	1	0.843683	1	307.718	1	54.9082	1	1	290.766	325.162
879	27.32	1	366.306	1	0.843683	1	307.718	1	54.9082	1	3.16228	300.431	338.4
879	27.32	1	366.306	1	0.843683	1	307.718	1	54.9082	1	10	308.841	347.844
879	27.32	1	366.306	1	0.843683	1	307.718	1	54.9082	1	31.6228	318.305	356.125
879	27.32	1	366.306	1	0.843683	1	307.718	1	54.9082	1	100	331.31	370.097
880	50.7014	1	176.885	1	1.21547	1	269.876	1	57.9257	1	0	273.249	301.462
880	50.7014	1	176.885	1	1.21547	1	269.876	1	57.9257	1	0.001	273.274	301.494
880	50.7014	1	176.885	1	1.21547	1	269.876	1	57.9257	1	0.00316228	273.328	301.565
880	50.7014	1	176.885	1	1.21547	1	269.876	1	57.9257	1	0.01	273.496	301.788
880	50.7014	1	176.885	1	1.21547	1	269.876	1	57.9257	1	0.0316228	274.016	302.477
880	50.7014	1	176.885	1	1.21547	1	269.876	1	57.9257	1	0.1	275.549	304.505
880	50.7014	1	176.885	1	1.21547	1	269.876	1	57.9257	1	0.316228	279.56	309.872
880	50.7014	1	176.885	1	1.21547	1	269.876	1	57.9257	1	1	287.436	320.673
880	50.7014	1	176.885	1	1.21547	1	269.876	1	57.9257	1	3.16228	297.053	334.233
880	50.7014	1	176.885	1	1.21547	1	269.876	1	57.9257	1	10	304.871	344.448
880	50.7014	1	176.885	1	1.21547	1	269.876	1	57.9257	1	31.6228	312.562	351.648
880	50.7014	1	176.885	1	1.21547	1	269.876	1	57.9257	1	100	323.327	362.743
881	26.8789	1	269.987	1	3.67699	1	353.545	1	53.8689	1	0	273.249	301.462
881	26.8789	1	269.987	1	3.67699	1	353.545	1	53.8689	1	0.001	273.258	301.473
881	26.8789	1	269.987	1	3.67699	1	353.545	1	53.8689	1	0.00316228	273.276	301.496
881	26.8789	1	269.987	1	3.67699	1	353.545	1	53.8689	1	0.01	273.335	301.571
881	26.8789	1	269.987	1	3.67699	1	353.545	1	53.8689	1	0.0316228	273.518	301.807
881	26.8789	1	269.987	1	3.67699	1	353.545	1	53.8689	1	0.1	274.084	302.533
881	26.8789	1	269.987	1	3.67699	1	353.545	1	53.8689	1	0.316228	275.754	304.671
881	26.8789	1	269.987	1	3.67699	1	353.545	1	53.8689	1	1	280.141	310.306
881	26.8789	1	269.987	1	3.67699	1	353.545	1	53.8689	1	3.16228	288.94	321.61
881	26.8789	1	269.987	1	3.67699	1	353.545	1	53.8689	1	10	300.807	336.066
881	26.8789	1	269.987	1	3.67699	1	353.545	1	53.8689	1	31.6228	312.489	348.479
881	26.8789	1	269.987	1	3.67699	1	353.545	1	53.8689	1	100	323.461	361.288
882	23.3022	1	546.126	1	0.876573	1	421.048	1	42.1057	1	0	273.249	301.462
882	23.3022	1	546.126	1	0.876573	1	421.048	1	42.1057	1	0.001	273.284	301.507
882	23.3022	1	546.126	1	0.876573	1	421.048	1	42.1057	1	0.00316228	273.359	301.606
882	23.3022	1	546.126	1	0.876573	1	421.048	1	42.1057	1	0.01	273.594	301.915
882	23.3022	1	546.126	1	0.876573	1	421.048	1	42.1057	1	0.0316228	274.314	302.863
882	23.3022	1	546.126	1	0.876573	1	421.048	1	42.1057	1	0.1	276.384	305.585
882	23.3022	1	546.126	1	0.876573	1	421.048	1	42.1057	1	0.316228	281.507	312.413
882	23.3022	1	546.126	1	0.876573	1	421.048	1	42.1057	1	1	290.511	324.709
882	23.3022	1	546.126	1	0.876573	1	421.048	1	42.1057	1	3.16228	300.333	338.015
882	23.3022	1	546.126	1	0.876573	1	421.048	1	42.1057	1	10	308.936	347.467
882	23.3022	1	546.126	1	0.876573	1	421.048	1	42.1057	1	31.6228	317.1	354.915
882	23.3022	1	546.126	1	0.876573	1	421.048	1	42.1057	1	100	327.874	366.458
883	23.5652	1	310.565	1	0.58614	1	240.802	1	73.3082	1	0	273.249	301.462
883	23.5652	1	310.565	1	0.58614	1	240.802	1	73.3082	1	0.001	273.301	301.53
883	23.5652	1	310.565	1	0.58614	1	240.802	1	73.3082	1	0.00316228	273.413	301.677
883	23.5652	1	310.565	1	0.58614	1	240.802	1	73.3082	1	0.01	273.759	302.136
883	23.5652	1	310.565	1	0.58614	1	240.802	1	73.3082	1	0.0316228	274.807	303.519
883	23.5652	1	310.565	1	0.58614	1	240.802	1	73.3082	1	0.1	277.704	307.359
883	23.5652	1	310.565	1	0.58614	1	240.802	1	73.3082	1	0.316228	284.204	316.15
883	23.5652	1	310.565	1	0.58614	1	240.802	1	73.3082	1	1	293.83	329.55
883	23.5652	1	310.565	1	0.58614	1	240.802	1	73.3082	1	3.16228	302.755	341.658
883	23.5652	1	310.565	1	0.58614	1	240.802	1	73.3082	1	10	310.804	349.959
883	23.5652	1	310.565	1	0.58614	1	240.802	1	73.3082	1	31.6228	321.058	358.755
883	23.5652	1	310.565	1	0.58614	1	240.802	1	73.3082	1	100	337.107	375.954
884	19.6164	1	662.474	1	0.566143	1	193.945	1	43.0968	1	0	273.249	301.462
884	19.6164	1	662.474	1	0.566143	1	193.945	1	43.0968	1	0.001	273.303	301.533
884	19.6164	1	662.474	1	0.566143	1	193.945	1	43.0968	1	0.00316228	273.419	301.686
884	19.6164	1	662.474	1	0.566143	1	193.945	1	43.0968	1	0.01	273.78	302.161
884	19.6164	1	662.474	1	0.566143	1	193.945	1	43.0968	1	0.0316228	274.868	303.595
884	19.6164	1	662.474	1	0.566143	1	193.945	1	43.0968	1	0.1	277.868	307.565
884	19.6164	1	662.474	1	0.566143	1	193.945	1	43.0968	1	0.316228	284.55	316.574
884	19.6164	1	662.474	1	0.566143	1	193.945	1	43.0968	1	1	294.399	330.186
884	19.6164	1	662.474	1	0.566143	1	193.945	1	43.0968	1	3.16228	303.81	342.614
884	19.6164	1	662.474	1	0.566143	1	193.945	1	43.0968	1	10	313.282	352.111
884	19.6164	1	662.474	1	0.566143	1	193.945	1	43.0968	1	31.6228	326.034	364.392
884	19.6164	1	662.474	1	0.566143	1	193.945	1	43.0968	1	100	350.277	390.352
885	28.0903	1	467.551	1	1.22122	1	135.067	1	120.827	1	0	273.249	301.462
885	28.0903	1	467.551	1	1.22122	1	135.067	1	120.827	1	0.001	273.275	301.495
885	28.0903	1	467.551	1	1.22122	1	135.067	1	120.827	1	0.00316228	273.33	301.567
885	28.0903	1	467.551	1	1.22122	1	135.067	1	120.827	1	0.01	273.502	301.792
885	28.0903	1	467.551	1	1.22122	1	135.067	1	120.827	1	0.0316228	274.034	302.49
885	28.0903	1	467.551	1	1.22122	1	135.067	1	120.827	1	0.1	275.607	304.549
885	28.0903	1	467.551	1	1.22122	1	135.067	1	120.827	1	0.316228	279.754	310.021
885	28.0903	1	467.551	1	1.22122	1	135.067	1	120.827	1	1	288.09	321.187
885	28.0903	1	467.551	1	1.22122	1	135.067	1	120.827	1	3.16228	299.209	336.015
885	28.0903	1	467.551	1	1.22122	1	135.067	1	120.827	1	10	311.449	350.066
885	28.0903	1	467.551	1	1.22122	1	135.067	1	120.827	1	31.6228	329.731	367.733
885	28.0903	1	467.551	1	1.22122	1	135.067	1	120.827	1	100	361.758	401.904
886	25.5763	1	416.762	1	0.550348	1	691.12	1	52.4977	1	0	273.249	301.462
886	25.5763	1	416.762	1	0.550348	1	691.12	1	52.4977	1	0.001	273.304	301.534
886	25.5763	1	416.762	1	0.550348	1	691.12	1	52.4977	1	0.00316228	273.422	301.691
886	25.5763	1	416.762	1	0.550348	1	691.12	1	52.4977	1	0.01	273.79	302.177
886	25.5763	1	416.762	1	0.550348	1	691.12	1	52.4977	1	0.0316228	274.896	303.64
886	25.5763	1	416.762	1	0.550348	1	691.12	1	52.4977	1	0.1	277.932	307.677
886	25.5763	1	416.762	1	0.550348	1	691.12	1	52.4977	1	0.316228	284.601	316.734
886	25.5763	1	416.762	1	0.550348	1	691.12	1	52.4977	1	1	294.105	330.085
886	25.5763	1	416.762	1	0.550348	1	691.12	1	52.4977	1	3.16228	302.309	341.41
886	25.5763	1	416.762	1	0.550348	1	691.12	1	52.4977	1	10	308.585	347.878
886	25.5763	1	416.762	1	0.550348	1	691.12	1	52.4977	1	31.6228	314.187	351.869
886	25.5763	1	416.762	1	0.550348	1	691.12	1	52.4977	1	100	318.27	356.287
887	32.3398	1	407.989	1	2.40409	1	244.309	1	58.249	1	0	273.249	301.462
887	32.3398	1	407.989	1	2.40409	1	244.309	1	58.249	1	0.001	273.262	301.478
887	32.3398	1	407.989	1	2.40409	1	244.309	1	58.249	1	0.00316228	273.29	301.515
887	32.3398	1	407.989	1	2.40409	1	244.309	1	58.249	1	0.01	273.379	301.63
887	32.3398	1	407.989	1	2.40409	1	244.309	1	58.249	1	0.0316228	273.655	301.99
887	32.3398	1	407.989	1	2.40409	1	244.309	1	58.249	1	0.1	274.5	303.089
887	32.3398	1	407.989	1	2.40409	1	244.309	1	58.249	1	0.316228	276.905	306.207
887	32.3398	1	407.989	1	2.40409	1	244.309	1	58.249	1	1	282.752	313.872
887	32.3398	1	407.989	1	2.40409	1	244.309	1	58.249	1	3.16228	292.828	327.176
887	32.3398	1	407.989	1	2.40409	1	244.309	1	58.249	1	10	304.777	341.844
887	32.3398	1	407.989	1	2.40409	1	244.309	1	58.249	1	31.6228	318.509	355.768
887	32.3398	1	407.989	1	2.40409	1	244.309	1	58.249	1	100	337.452	376.369
888	33.4355	1	250.133	1	0.666405	1	406.102	1	60.0253	1	0	273.249	301.462
888	33.4355	1	250.133	1	0.666405	1	406.102	1	60.0253	1	0.001	273.295	301.522
888	33.4355	1	250.133	1	0.666405	1	406.102	1	60.0253	1	0.00316228	273.392	301.651
888	33.4355	1	250.133	1	0.666405	1	406.102	1	60.0253	1	0.01	273.696	302.054
888	33.4355	1	250.133	1	0.666405	1	406.102	1	60.0253	1	0.0316228	274.62	303.277
888	33.4355	1	250.133	1	0.666405	1	406.102	1	60.0253	1	0.1	277.203	306.7
888	33.4355	1	250.133	1	0.666405	1	406.102	1	60.0253	1	0.316228	283.195	314.813
888	33.4355	1	250.133	1	0.666405	1	406.102	1	60.0253	1	1	292.467	327.808
888	33.4355	1	250.133	1	0.666405	1	406.102	1	60.0253	1	3.16228	301.054	339.89
888	33.4355	1	250.133	1	0.666405	1	406.102	1	60.0253	1	10	307.447	347.164
888	33.4355	1	250.133	1	0.666405	1	406.102	1	60.0253	1	31.6228	314.007	352.031
888	33.4355	1	250.133	1	0.666405	1	406.102	1	60.0253	1	100	320.63	359.139
889	31.5341	1	269.978	1	0.909238	1	451.337	1	36.181	1	0	273.249	301.462
889	31.5341	1	269.978	1	0.909238	1	451.337	1	36.181	1	0.001	273.283	301.506
889	31.5341	1	269.978	1	0.909238	1	451.337	1	36.181	1	0.00316228	273.355	301.601
889	31.5341	1	269.978	1	0.909238	1	451.337	1	36.181	1	0.01	273.579	301.898
889	31.5341	1	269.978	1	0.909238	1	451.337	1	36.181	1	0.0316228	274.269	302.809
889	31.5341	1	269.978	1	0.909238	1	451.337	1	36.181	1	0.1	276.259	305.436
889	31.5341	1	269.978	1	0.909238	1	451.337	1	36.181	1	0.316228	281.205	312.057
889	31.5341	1	269.978	1	0.909238	1	451.337	1	36.181	1	1	289.954	324.114
889	31.5341	1	269.978	1	0.909238	1	451.337	1	36.181	1	3.16228	299.343	337.185
889	31.5341	1	269.978	1	0.909238	1	451.337	1	36.181	1	10	306.687	345.852
889	31.5341	1	269.978	1	0.909238	1	451.337	1	36.181	1	31.6228	313.039	351.091
889	31.5341	1	269.978	1	0.909238	1	451.337	1	36.181	1	100	318.627	357.635
890	30.948	1	317.016	1	0.985273	1	166.634	1	80.3919	1	0	273.249	301.462
890	30.948	1	317.016	1	0.985273	1	166.634	1	80.3919	1	0.001	273.281	301.503
890	30.948	1	317.016	1	0.985273	1	166.634	1	80.3919	1	0.00316228	273.347	301.591
890	30.948	1	317.016	1	0.985273	1	166.634	1	80.3919	1	0.01	273.557	301.868
890	30.948	1	317.016	1	0.985273	1	166.634	1	80.3919	1	0.0316228	274.203	302.719
890	30.948	1	317.016	1	0.985273	1	166.634	1	80.3919	1	0.1	276.081	305.189
890	30.948	1	317.016	1	0.985273	1	166.634	1	80.3919	1	0.316228	280.837	311.52
890	30.948	1	317.016	1	0.985273	1	166.634	1	80.3919	1	1	289.631	323.503
890	30.948	1	317.016	1	0.985273	1	166.634	1	80.3919	1	3.16228	299.996	337.608
890	30.948	1	317.016	1	0.985273	1	166.634	1	80.3919	1	10	310.149	349.326
890	30.948	1	317.016	1	0.985273	1	166.634	1	80.3919	1	31.6228	324.716	362.844
890	30.948	1	317.016	1	0.985273	1	166.634	1	80.3919	1	100	349.15	388.646
891	17.8177	1	655.892	1	0.813056	1	541.7	1	51.8538	1	0	273.249	301.462
891	17.8177	1	655.892	1	0.813056	1	541.7	1	51.8538	1	0.001	273.287	301.511
891	17.8177	1	655.892	1	0.813056	1	541.7	1	51.8538	1	0.00316228	273.368	301.617
891	17.8177	1	655.892	1	0.813056	1	541.7	1	51.8538	1	0.01	273.621	301.95
891	17.8177	1	655.892	1	0.813056	1	541.7	1	51.8538	1	0.0316228	274.396	302.968
891	17.8177	1	655.892	1	0.813056	1	541.7	1	51.8538	1	0.1	276.61	305.871
891	17.8177	1	655.892	1	0.813056	1	541.7	1	51.8538	1	0.316228	282.013	313.06
891	17.8177	1	655.892	1	0.813056	1	541.7	1	51.8538	1	1	291.253	325.611
891	17.8177	1	655.892	1	0.813056	1	541.7	1	51.8538	1	3.16228	301.138	338.713
891	17.8177	1	655.892	1	0.813056	1	541.7	1	51.8538	1	10	309.847	347.749
891	17.8177	1	655.892	1	0.813056	1	541.7	1	51.8538	1	31.6228	316.833	354.332
891	17.8177	1	655.892	1	0.813056	1	541.7	1	51.8538	1	100	325.2	363.62
892	22.9619	1	473.023	1	0.97076	1	738.589	1	106.342	1	0	273.249	301.462
892	22.9619	1	473.023	1	0.97076	1	738.589	1	106.342	1	0.001	273.281	301.503
892	22.9619	1	473.023	1	0.97076	1	738.589	1	106.342	1	0.00316228	273.348	301.592
892	22.9619	1	473.023	1	0.97076	1	738.589	1	106.342	1	0.01	273.56	301.871
892	22.9619	1	473.023	1	0.97076	1	738.589	1	106.342	1	0.0316228	274.212	302.728
892	22.9619	1	473.023	1	0.97076	1	738.589	1	106.342	1	0.1	276.102	305.212
892	22.9619	1	473.023	1	0.97076	1	738.589	1	106.342	1	0.316228	280.864	311.543
892	22.9619	1	473.023	1	0.97076	1	738.589	1	106.342	1	1	289.564	323.372
892	22.9619	1	473.023	1	0.97076	1	738.589	1	106.342	1	3.16228	299.374	336.673
892	22.9619	1	473.023	1	0.97076	1	738.589	1	106.342	1	10	307.665	345.877
892	22.9619	1	473.023	1	0.97076	1	738.589	1	106.342	1	31.6228	314.404	351.461
892	22.9619	1	473.023	1	0.97076	1	738.589	1	106.342	1	100	318.924	356.57
893	22.3352	1	671.964	1	0.877666	1	226.087	1	81.8631	1	0	273.249	301.462
893	22.3352	1	671.964	1	0.877666	1	226.087	1	81.8631	1	0.001	273.284	301.508
893	22.3352	1	671.964	1	0.877666	1	226.087	1	81.8631	1	0.00316228	273.36	301.607
893	22.3352	1	671.964	1	0.877666	1	226.087	1	81.8631	1	0.01	273.595	301.917
893	22.3352	1	671.964	1	0.877666	1	226.087	1	81.8631	1	0.0316228	274.318	302.867
893	22.3352	1	671.964	1	0.877666	1	226.087	1	81.8631	1	0.1	276.399	305.598
893	22.3352	1	671.964	1	0.877666	1	226.087	1	81.8631	1	0.316228	281.559	312.458
893	22.3352	1	671.964	1	0.877666	1	226.087	1	81.8631	1	1	290.705	324.889
893	22.3352	1	671.964	1	0.877666	1	226.087	1	81.8631	1	3.16228	301.016	338.675
893	22.3352	1	671.964	1	0.877666	1	226.087	1	81.8631	1	10	311.141	349.642
893	22.3352	1	671.964	1	0.877666	1	226.087	1	81.8631	1	31.6228	323.775	361.586
893	22.3352	1	671.964	1	0.877666	1	226.087	1	81.8631	1	100	345.048	384.506
894	30.5888	1	762.793	1	0.489392	1	182.152	1	75.0182	1	0	273.249	301.462
894	30.5888	1	762.793	1	0.489392	1	182.152	1	75.0182	1	0.001	273.311	301.544
894	30.5888	1	762.793	1	0.489392	1	182.152	1	75.0182	1	0.00316228	273.445	301.72
894	30.5888	1	762.793	1	0.489392	1	182.152	1	75.0182	1	0.01	273.858	302.268
894	30.5888	1	762.793	1	0.489392	1	182.152	1	75.0182	1	0.0316228	275.096	303.906
894	30.5888	1	762.793	1	0.489392	1	182.152	1	75.0182	1	0.1	278.452	308.378
894	30.5888	1	762.793	1	0.489392	1	182.152	1	75.0182	1	0.316228	285.58	318.093
894	30.5888	1	762.793	1	0.489392	1	182.152	1	75.0182	1	1	295.333	331.834
894	30.5888	1	762.793	1	0.489392	1	182.152	1	75.0182	1	3.16228	303.941	343.573
894	30.5888	1	762.793	1	0.489392	1	182.152	1	75.0182	1	10	312.429	352.511
894	30.5888	1	762.793	1	0.489392	1	182.152	1	75.0182	1	31.6228	326.717	365.327
894	30.5888	1	762.793	1	0.489392	1	182.152	1	75.0182	1	100	353.043	393.127
895	31.4943	1	432.561	1	1.15591	1	170.55	1	61.5105	1	0	273.249	301.462
895	31.4943	1	432.561	1	1.15591	1	170.55	1	61.5105	1	0.001	273.276	301.497
895	31.4943	1	432.561	1	1.15591	1	170.55	1	61.5105	1	0.00316228	273.333	301.572
895	31.4943	1	432.561	1	1.15591	1	170.55	1	61.5105	1	0.01	273.514	301.809
895	31.4943	1	432.561	1	1.15591	1	170.55	1	61.5105	1	0.0316228	274.071	302.541
895	31.4943	1	432.561	1	1.15591	1	170.55	1	61.5105	1	0.1	275.709	304.693
895	31.4943	1	432.561	1	1.15591	1	170.55	1	61.5105	1	0.316228	279.983	310.358
895	31.4943	1	432.561	1	1.15591	1	170.55	1	61.5105	1	1	288.363	321.679
895	31.4943	1	432.561	1	1.15591	1	170.55	1	61.5105	1	3.16228	299.026	336.102
895	31.4943	1	432.561	1	1.15591	1	170.55	1	61.5105	1	10	309.871	348.796
895	31.4943	1	432.561	1	1.15591	1	170.55	1	61.5105	1	31.6228	325.123	363.355
895	31.4943	1	432.561	1	1.15591	1	170.55	1	61.5105	1	100	350.964	390.791
896	64.5458	1	759.776	1	0.88582	1	541.032	1	45.0034	1	0	273.249	301.462
896	64.5458	1	759.776	1	0.88582	1	541.032	1	45.0034	1	0.001	273.284	301.507
896	64.5458	1	759.776	1	0.88582	1	541.032	1	45.0034	1	0.00316228	273.357	301.604
896	64.5458	1	759.776	1	0.88582	1	541.032	1	45.0034	1	0.01	273.588	301.91
896	64.5458	1	759.776	1	0.88582	1	541.032	1	45.0034	1	0.0316228	274.294	302.846
896	64.5458	1	759.776	1	0.88582	1	541.032	1	45.0034	1	0.1	276.325	305.537
896	64.5458	1	759.776	1	0.88582	1	541.032	1	45.0034	1	0.316228	281.341	312.293
896	64.5458	1	759.776	1	0.88582	1	541.032	1	45.0034	1	1	290.082	324.478
896	64.5458	1	759.776	1	0.88582	1	541.032	1	45.0034	1	3.16228	299.224	337.577
896	64.5458	1	759.776	1	0.88582	1	541.032	1	45.0034	1	10	306.013	346.408
896	64.5458	1	759.776	1	0.88582	1	541.032	1	45.0034	1	31.6228	313	352.713
896	64.5458	1	759.776	1	0.88582	1	541.032	1	45.0034	1	100	322.314	362.32
897	24.5839	1	426.776	1	0.673344	1	352.802	1	70.243	1	0	273.249	301.462
897	24.5839	1	426.776	1	0.673344	1	352.802	1	70.243	1	0.001	273.295	301.521
897	24.5839	1	426.776	1	0.673344	1	352.802	1	70.243	1	0.00316228	273.392	301.649
897	24.5839	1	426.776	1	0.673344	1	352.802	1	70.243	1	0.01	273.694	302.05
897	24.5839	1	426.776	1	0.673344	1	352.802	1	70.243	1	0.0316228	274.614	303.264
897	24.5839	1	426.776	1	0.673344	1	352.802	1	70.243	1	0.1	277.193	306.668
897	24.5839	1	426.776	1	0.673344	1	352.802	1	70.243	1	0.316228	283.204	314.766
897	24.5839	1	426.776	1	0.673344	1	352.802	1	70.243	1	1	292.644	327.85
897	24.5839	1	426.776	1	0.673344	1	352.802	1	70.243	1	3.16228	301.78	340.313
897	24.5839	1	426.776	1	0.673344	1	352.802	1	70.243	1	10	309.622	348.641
897	24.5839	1	426.776	1	0.673344	1	352.802	1	70.243	1	31.6228	318.452	356.022
897	24.5839	1	426.776	1	0.673344	1	352.802	1	70.243	1	100	330.098	368.606
898	40.4176	1	464.589	1	2.62121	1	161.796	1	57.2342	1	0	273.249	301.462
898	40.4176	1	464.589	1	2.62121	1	161.796	1	57.2342	1	0.001	273.261	301.477
898	40.4176	1	464.589	1	2.62121	1	161.796	1	57.2342	1	0.00316228	273.288	301.511
898	40.4176	1	464.589	1	2.62121	1	161.796	1	57.2342	1	0.01	273.37	301.618
898	40.4176	1	464.589	1	2.62121	1	161.796	1	57.2342	1	0.0316228	273.627	301.953
898	40.4176	1	464.589	1	2.62121	1	161.796	1	57.2342	1	0.1	274.415	302.977
898	40.4176	1	464.589	1	2.62121	1	161.796	1	57.2342	1	0.316228	276.683	305.916
898	40.4176	1	464.589	1	2.62121	1	161.796	1	57.2342	1	1	282.309	313.279
898	40.4176	1	464.589	1	2.62121	1	161.796	1	57.2342	1	3.16228	292.499	326.706
898	40.4176	1	464.589	1	2.62121	1	161.796	1	57.2342	1	10	305.556	342.891
898	40.4176	1	464.589	1	2.62121	1	161.796	1	57.2342	1	31.6228	323.306	361.293
898	40.4176	1	464.589	1	2.62121	1	161.796	1	57.2342	1	100	351.852	391.94
899	22.5152	1	1666.3	1	1.19713	1	273.99	1	61.9705	1	0	273.249	301.462
899	22.5152	1	1666.3	1	1.19713	1	273.99	1	61.9705	1	0.001	273.275	301.495
899	22.5152	1	1666.3	1	1.19713	1	273.99	1	61.9705	1	0.00316228	273.331	301.568
899	22.5152	1	1666.3	1	1.19713	1	273.99	1	61.9705	1	0.01	273.506	301.797
899	22.5152	1	1666.3	1	1.19713	1	273.99	1	61.9705	1	0.0316228	274.046	302.505
899	22.5152	1	1666.3	1	1.19713	1	273.99	1	61.9705	1	0.1	275.641	304.589
899	22.5152	1	1666.3	1	1.19713	1	273.99	1	61.9705	1	0.316228	279.827	310.104
899	22.5152	1	1666.3	1	1.19713	1	273.99	1	61.9705	1	1	288.15	321.228
899	22.5152	1	1666.3	1	1.19713	1	273.99	1	61.9705	1	3.16228	298.917	335.526
899	22.5152	1	1666.3	1	1.19713	1	273.99	1	61.9705	1	10	309.873	347.829
899	22.5152	1	1666.3	1	1.19713	1	273.99	1	61.9705	1	31.6228	322.438	360.191
899	22.5152	1	1666.3	1	1.19713	1	273.99	1	61.9705	1	100	342.814	382.399
900	32.6487	1	190.658	1	1.30704	1	183.4	1	67.4406	1	0	273.249	301.462
900	32.6487	1	190.658	1	1.30704	1	183.4	1	67.4406	1	0.001	273.273	301.492
900	32.6487	1	190.658	1	1.30704	1	183.4	1	67.4406	1	0.00316228	273.323	301.559
900	32.6487	1	190.658	1	1.30704	1	183.4	1	67.4406	1	0.01	273.482	301.767
900	32.6487	1	190.658	1	1.30704	1	183.4	1	67.4406	1	0.0316228	273.972	302.413
900	32.6487	1	190.658	1	1.30704	1	183.4	1	67.4406	1	0.1	275.427	304.327
900	32.6487	1	190.658	1	1.30704	1	183.4	1	67.4406	1	0.316228	279.291	309.45
900	32.6487	1	190.658	1	1.30704	1	183.4	1	67.4406	1	1	287.145	320.048
900	32.6487	1	190.658	1	1.30704	1	183.4	1	67.4406	1	3.16228	297.471	334.13
900	32.6487	1	190.658	1	1.30704	1	183.4	1	67.4406	1	10	307.428	346.131
900	32.6487	1	190.658	1	1.30704	1	183.4	1	67.4406	1	31.6228	319.709	357.618
900	32.6487	1	190.658	1	1.30704	1	183.4	1	67.4406	1	100	338.392	377.663
901	36.0882	1	374.662	1	1.00273	1	182.513	1	53.1231	1	0	273.249	301.462
901	36.0882	1	374.662	1	1.00273	1	182.513	1	53.1231	1	0.001	273.28	301.502
901	36.0882	1	374.662	1	1.00273	1	182.513	1	53.1231	1	0.00316228	273.346	301.589
901	36.0882	1	374.662	1	1.00273	1	182.513	1	53.1231	1	0.01	273.552	301.861
901	36.0882	1	374.662	1	1.00273	1	182.513	1	53.1231	1	0.0316228	274.186	302.697
901	36.0882	1	374.662	1	1.00273	1	182.513	1	53.1231	1	0.1	276.033	305.129
901	36.0882	1	374.662	1	1.00273	1	182.513	1	53.1231	1	0.316228	280.721	311.38
901	36.0882	1	374.662	1	1.00273	1	182.513	1	53.1231	1	1	289.423	323.269
901	36.0882	1	374.662	1	1.00273	1	182.513	1	53.1231	1	3.16228	299.668	337.334
901	36.0882	1	374.662	1	1.00273	1	182.513	1	53.1231	1	10	309.444	348.899
901	36.0882	1	374.662	1	1.00273	1	182.513	1	53.1231	1	31.6228	323.172	361.817
901	36.0882	1	374.662	1	1.00273	1	182.513	1	53.1231	1	100	346.515	386.587
902	29.9955	1	472.784	1	1.15638	1	418.261	1	51.9733	1	0	273.249	301.462
902	29.9955	1	472.784	1	1.15638	1	418.261	1	51.9733	1	0.001	273.276	301.496
902	29.9955	1	472.784	1	1.15638	1	418.261	1	51.9733	1	0.00316228	273.333	301.571
902	29.9955	1	472.784	1	1.15638	1	418.261	1	51.9733	1	0.01	273.511	301.807
902	29.9955	1	472.784	1	1.15638	1	418.261	1	51.9733	1	0.0316228	274.063	302.533
902	29.9955	1	472.784	1	1.15638	1	418.261	1	51.9733	1	0.1	275.685	304.666
902	29.9955	1	472.784	1	1.15638	1	418.261	1	51.9733	1	0.316228	279.905	310.271
902	29.9955	1	472.784	1	1.15638	1	418.261	1	51.9733	1	1	288.11	321.397
902	29.9955	1	472.784	1	1.15638	1	418.261	1	51.9733	1	3.16228	298.168	335.145
902	29.9955	1	472.784	1	1.15638	1	418.261	1	51.9733	1	10	307.096	345.722
902	29.9955	1	472.784	1	1.15638	1	418.261	1	51.9733	1	31.6228	316.005	353.731
902	29.9955	1	472.784	1	1.15638	1	418.261	1	51.9733	1	100	326.389	364.961
903	23.9223	1	478.053	1	0.577931	1	1026.72	1	64.9818	1	0	273.249	301.462
903	23.9223	1	478.053	1	0.577931	1	1026.72	1	64.9818	1	0.001	273.302	301.531
903	23.9223	1	478.053	1	0.577931	1	1026.72	1	64.9818	1	0.00316228	273.414	301.68
903	23.9223	1	478.053	1	0.577931	1	1026.72	1	64.9818	1	0.01	273.765	302.143
903	23.9223	1	478.053	1	0.577931	1	1026.72	1	64.9818	1	0.0316228	274.822	303.541
903	23.9223	1	478.053	1	0.577931	1	1026.72	1	64.9818	1	0.1	277.741	307.414
903	23.9223	1	478.053	1	0.577931	1	1026.72	1	64.9818	1	0.316228	284.247	316.231
903	23.9223	1	478.053	1	0.577931	1	1026.72	1	64.9818	1	1	293.73	329.494
903	23.9223	1	478.053	1	0.577931	1	1026.72	1	64.9818	1	3.16228	302.093	340.986
903	23.9223	1	478.053	1	0.577931	1	1026.72	1	64.9818	1	10	308.462	347.492
903	23.9223	1	478.053	1	0.577931	1	1026.72	1	64.9818	1	31.6228	313.583	350.985
903	23.9223	1	478.053	1	0.577931	1	1026.72	1	64.9818	1	100	315.616	353.313
904	30.6465	1	158.903	1	1.0532	1	315.561	1	55.8743	1	0	273.249	301.462
904	30.6465	1	158.903	1	1.0532	1	315.561	1	55.8743	1	0.001	273.278	301.499
904	30.6465	1	158.903	1	1.0532	1	315.561	1	55.8743	1	0.00316228	273.34	301.581
904	30.6465	1	158.903	1	1.0532	1	315.561	1	55.8743	1	0.01	273.534	301.838
904	30.6465	1	158.903	1	1.0532	1	315.561	1	55.8743	1	0.0316228	274.132	302.627
904	30.6465	1	158.903	1	1.0532	1	315.561	1	55.8743	1	0.1	275.876	304.929
904	30.6465	1	158.903	1	1.0532	1	315.561	1	55.8743	1	0.316228	280.332	310.88
904	30.6465	1	158.903	1	1.0532	1	315.561	1	55.8743	1	1	288.671	322.294
904	30.6465	1	158.903	1	1.0532	1	315.561	1	55.8743	1	3.16228	298.237	335.564
904	30.6465	1	158.903	1	1.0532	1	315.561	1	55.8743	1	10	305.92	344.791
904	30.6465	1	158.903	1	1.0532	1	315.561	1	55.8743	1	31.6228	312.818	350.417
904	30.6465	1	158.903	1	1.0532	1	315.561	1	55.8743	1	100	319.286	357.971
905	26.1803	1	377.821	1	0.822712	1	212.535	1	40.4433	1	0	273.249	301.462
905	26.1803	1	377.821	1	0.822712	1	212.535	1	40.4433	1	0.001	273.287	301.511
905	26.1803	1	377.821	1	0.822712	1	212.535	1	40.4433	1	0.00316228	273.366	301.616
905	26.1803	1	377.821	1	0.822712	1	212.535	1	40.4433	1	0.01	273.617	301.946
905	26.1803	1	377.821	1	0.822712	1	212.535	1	40.4433	1	0.0316228	274.382	302.954
905	26.1803	1	377.821	1	0.822712	1	212.535	1	40.4433	1	0.1	276.571	305.836
905	26.1803	1	377.821	1	0.822712	1	212.535	1	40.4433	1	0.316228	281.924	312.993
905	26.1803	1	377.821	1	0.822712	1	212.535	1	40.4433	1	1	291.121	325.605
905	26.1803	1	377.821	1	0.822712	1	212.535	1	40.4433	1	3.16228	301.055	339.096
905	26.1803	1	377.821	1	0.822712	1	212.535	1	40.4433	1	10	310.343	349.391
905	26.1803	1	377.821	1	0.822712	1	212.535	1	40.4433	1	31.6228	322.102	360.38
905	26.1803	1	377.821	1	0.822712	1	212.535	1	40.4433	1	100	342.045	381.659
906	21.655	1	443.213	1	1.26737	1	293.157	1	49.0795	1	0	273.249	301.462
906	21.655	1	443.213	1	1.26737	1	293.157	1	49.0795	1	0.001	273.274	301.493
906	21.655	1	443.213	1	1.26737	1	293.157	1	49.0795	1	0.00316228	273.326	301.562
906	21.655	1	443.213	1	1.26737	1	293.157	1	49.0795	1	0.01	273.491	301.778
906	21.655	1	443.213	1	1.26737	1	293.157	1	49.0795	1	0.0316228	274.001	302.445
906	21.655	1	443.213	1	1.26737	1	293.157	1	49.0795	1	0.1	275.512	304.419
906	21.655	1	443.213	1	1.26737	1	293.157	1	49.0795	1	0.316228	279.509	309.68
906	21.655	1	443.213	1	1.26737	1	293.157	1	49.0795	1	1	287.592	320.46
906	21.655	1	443.213	1	1.26737	1	293.157	1	49.0795	1	3.16228	298.209	334.573
906	21.655	1	443.213	1	1.26737	1	293.157	1	49.0795	1	10	308.685	346.411
906	21.655	1	443.213	1	1.26737	1	293.157	1	49.0795	1	31.6228	319.31	356.774
906	21.655	1	443.213	1	1.26737	1	293.157	1	49.0795	1	100	334.414	373.195
907	27.2618	1	176.76	1	1.78091	1	274.524	1	54.7748	1	0	273.249	301.462
907	27.2618	1	176.76	1	1.78091	1	274.524	1	54.7748	1	0.001	273.267	301.484
907	27.2618	1	176.76	1	1.78091	1	274.524	1	54.7748	1	0.00316228	273.304	301.533
907	27.2618	1	176.76	1	1.78091	1	274.524	1	54.7748	1	0.01	273.42	301.686
907	27.2618	1	176.76	1	1.78091	1	274.524	1	54.7748	1	0.0316228	273.784	302.162
907	27.2618	1	176.76	1	1.78091	1	274.524	1	54.7748	1	0.1	274.879	303.595
907	27.2618	1	176.76	1	1.78091	1	274.524	1	54.7748	1	0.316228	277.904	307.563
907	27.2618	1	176.76	1	1.78091	1	274.524	1	54.7748	1	1	284.671	316.554
907	27.2618	1	176.76	1	1.78091	1	274.524	1	54.7748	1	3.16228	294.76	330.097
907	27.2618	1	176.76	1	1.78091	1	274.524	1	54.7748	1	10	304.867	342.356
907	27.2618	1	176.76	1	1.78091	1	274.524	1	54.7748	1	31.6228	314.342	351.348
907	27.2618	1	176.76	1	1.78091	1	274.524	1	54.7748	1	100	324.531	363.1
908	34.6411	1	1406.5	1	1.41703	1	319.054	1	38.8778	1	0	273.249	301.462
908	34.6411	1	1406.5	1	1.41703	1	319.054	1	38.8778	1	0.001	273.271	301.49
908	34.6411	1	1406.5	1	1.41703	1	319.054	1	38.8778	1	0.00316228	273.318	301.552
908	34.6411	1	1406.5	1	1.41703	1	319.054	1	38.8778	1	0.01	273.465	301.745
908	34.6411	1	1406.5	1	1.41703	1	319.054	1	38.8778	1	0.0316228	273.923	302.346
908	34.6411	1	1406.5	1	1.41703	1	319.054	1	38.8778	1	0.1	275.285	304.134
908	34.6411	1	1406.5	1	1.41703	1	319.054	1	38.8778	1	0.316228	278.946	308.97
908	34.6411	1	1406.5	1	1.41703	1	319.054	1	38.8778	1	1	286.591	319.239
908	34.6411	1	1406.5	1	1.41703	1	319.054	1	38.8778	1	3.16228	297.021	333.389
908	34.6411	1	1406.5	1	1.41703	1	319.054	1	38.8778	1	10	307.291	345.842
908	34.6411	1	1406.5	1	1.41703	1	319.054	1	38.8778	1	31.6228	318.982	357.356
908	34.6411	1	1406.5	1	1.41703	1	319.054	1	38.8778	1	100	337.288	376.803
909	29.5637	1	546.121	1	0.772363	1	202.824	1	72.5388	1	0	273.249	301.462
909	29.5637	1	546.121	1	0.772363	1	202.824	1	72.5388	1	0.001	273.289	301.514
909	29.5637	1	546.121	1	0.772363	1	202.824	1	72.5388	1	0.00316228	273.374	301.626
909	29.5637	1	546.121	1	0.772363	1	202.824	1	72.5388	1	0.01	273.64	301.977
909	29.5637	1	546.121	1	0.772363	1	202.824	1	72.5388	1	0.0316228	274.452	303.049
909	29.5637	1	546.121	1	0.772363	1	202.824	1	72.5388	1	0.1	276.76	306.091
909	29.5637	1	546.121	1	0.772363	1	202.824	1	72.5388	1	0.316228	282.328	313.561
909	29.5637	1	546.121	1	0.772363	1	202.824	1	72.5388	1	1	291.647	326.398
909	29.5637	1	546.121	1	0.772363	1	202.824	1	72.5388	1	3.16228	301.472	339.809
909	29.5637	1	546.121	1	0.772363	1	202.824	1	72.5388	1	10	310.785	350.193
909	29.5637	1	546.121	1	0.772363	1	202.824	1	72.5388	1	31.6228	324.157	362.365
909	29.5637	1	546.121	1	0.772363	1	202.824	1	72.5388	1	100	347.011	386.592
910	29.6232	1	620.071	1	0.839684	1	424.468	1	67.9721	1	0	273.249	301.462
910	29.6232	1	620.071	1	0.839684	1	424.468	1	67.9721	1	0.001	273.286	301.509
910	29.6232	1	620.071	1	0.839684	1	424.468	1	67.9721	1	0.00316228	273.364	301.612
910	29.6232	1	620.071	1	0.839684	1	424.468	1	67.9721	1	0.01	273.608	301.935
910	29.6232	1	620.071	1	0.839684	1	424.468	1	67.9721	1	0.0316228	274.355	302.921
910	29.6232	1	620.071	1	0.839684	1	424.468	1	67.9721	1	0.1	276.495	305.743
910	29.6232	1	620.071	1	0.839684	1	424.468	1	67.9721	1	0.316228	281.739	312.768
910	29.6232	1	620.071	1	0.839684	1	424.468	1	67.9721	1	1	290.762	325.194
910	29.6232	1	620.071	1	0.839684	1	424.468	1	67.9721	1	3.16228	300.308	338.343
910	29.6232	1	620.071	1	0.839684	1	424.468	1	67.9721	1	10	308.394	347.532
910	29.6232	1	620.071	1	0.839684	1	424.468	1	67.9721	1	31.6228	317.268	355.086
910	29.6232	1	620.071	1	0.839684	1	424.468	1	67.9721	1	100	328.508	367.025
911	11.8343	1	920.146	1	0.613438	1	149.619	1	58.7382	1	0	273.249	301.462
911	11.8343	1	920.146	1	0.613438	1	149.619	1	58.7382	1	0.001	273.3	301.527
911	11.8343	1	920.146	1	0.613438	1	149.619	1	58.7382	1	0.00316228	273.408	301.669
911	11.8343	1	920.146	1	0.613438	1	149.619	1	58.7382	1	0.01	273.745	302.111
911	11.8343	1	920.146	1	0.613438	1	149.619	1	58.7382	1	0.0316228	274.766	303.448
911	11.8343	1	920.146	1	0.613438	1	149.619	1	58.7382	1	0.1	277.613	307.175
911	11.8343	1	920.146	1	0.613438	1	149.619	1	58.7382	1	0.316228	284.137	315.847
911	11.8343	1	920.146	1	0.613438	1	149.619	1	58.7382	1	1	294.293	329.504
911	11.8343	1	920.146	1	0.613438	1	149.619	1	58.7382	1	3.16228	305.017	342.841
911	11.8343	1	920.146	1	0.613438	1	149.619	1	58.7382	1	10	316.673	354.111
911	11.8343	1	920.146	1	0.613438	1	149.619	1	58.7382	1	31.6228	331.313	369.844
911	11.8343	1	920.146	1	0.613438	1	149.619	1	58.7382	1	100	362.773	403.702
912	21.4634	1	2146.89	1	1.51949	1	412.541	1	44.2682	1	0	273.249	301.462
912	21.4634	1	2146.89	1	1.51949	1	412.541	1	44.2682	1	0.001	273.27	301.488
912	21.4634	1	2146.89	1	1.51949	1	412.541	1	44.2682	1	0.00316228	273.314	301.546
912	21.4634	1	2146.89	1	1.51949	1	412.541	1	44.2682	1	0.01	273.453	301.727
912	21.4634	1	2146.89	1	1.51949	1	412.541	1	44.2682	1	0.0316228	273.884	302.289
912	21.4634	1	2146.89	1	1.51949	1	412.541	1	44.2682	1	0.1	275.174	303.968
912	21.4634	1	2146.89	1	1.51949	1	412.541	1	44.2682	1	0.316228	278.68	308.548
912	21.4634	1	2146.89	1	1.51949	1	412.541	1	44.2682	1	1	286.205	318.483
912	21.4634	1	2146.89	1	1.51949	1	412.541	1	44.2682	1	3.16228	296.938	332.618
912	21.4634	1	2146.89	1	1.51949	1	412.541	1	44.2682	1	10	308.035	345.322
912	21.4634	1	2146.89	1	1.51949	1	412.541	1	44.2682	1	31.6228	318.586	356.142
912	21.4634	1	2146.89	1	1.51949	1	412.541	1	44.2682	1	100	333.518	372.625
913	21.6869	1	694.041	1	0.71837	1	279.643	1	66.6208	1	0	273.249	301.462
913	21.6869	1	694.041	1	0.71837	1	279.643	1	66.6208	1	0.001	273.292	301.518
913	21.6869	1	694.041	1	0.71837	1	279.643	1	66.6208	1	0.00316228	273.383	301.638
913	21.6869	1	694.041	1	0.71837	1	279.643	1	66.6208	1	0.01	273.669	302.015
913	21.6869	1	694.041	1	0.71837	1	279.643	1	66.6208	1	0.0316228	274.539	303.161
913	21.6869	1	694.041	1	0.71837	1	279.643	1	66.6208	1	0.1	276.994	306.389
913	21.6869	1	694.041	1	0.71837	1	279.643	1	66.6208	1	0.316228	282.822	314.201
913	21.6869	1	694.041	1	0.71837	1	279.643	1	66.6208	1	1	292.3	327.216
913	21.6869	1	694.041	1	0.71837	1	279.643	1	66.6208	1	3.16228	301.988	340.209
913	21.6869	1	694.041	1	0.71837	1	279.643	1	66.6208	1	10	311.054	349.728
913	21.6869	1	694.041	1	0.71837	1	279.643	1	66.6208	1	31.6228	321.783	359.624
913	21.6869	1	694.041	1	0.71837	1	279.643	1	66.6208	1	100	339.139	378.346
914	21.965	1	706.215	1	1.799	1	214.443	1	195.834	1	0	273.249	301.462
914	21.965	1	706.215	1	1.799	1	214.443	1	195.834	1	0.001	273.267	301.484
914	21.965	1	706.215	1	1.799	1	214.443	1	195.834	1	0.00316228	273.305	301.533
914	21.965	1	706.215	1	1.799	1	214.443	1	195.834	1	0.01	273.423	301.687
914	21.965	1	706.215	1	1.799	1	214.443	1	195.834	1	0.0316228	273.792	302.166
914	21.965	1	706.215	1	1.799	1	214.443	1	195.834	1	0.1	274.908	303.612
914	21.965	1	706.215	1	1.799	1	214.443	1	195.834	1	0.316228	278.004	307.626
914	21.965	1	706.215	1	1.799	1	214.443	1	195.834	1	1	285.025	316.807
914	21.965	1	706.215	1	1.799	1	214.443	1	195.834	1	3.16228	295.988	331.085
914	21.965	1	706.215	1	1.799	1	214.443	1	195.834	1	10	308.644	345.626
914	21.965	1	706.215	1	1.799	1	214.443	1	195.834	1	31.6228	323.375	360.541
914	21.965	1	706.215	1	1.799	1	214.443	1	195.834	1	100	346.593	385.771
915	40.546	1	571.226	1	1.06333	1	156.544	1	49.3464	1	0	273.249	301.462
915	40.546	1	571.226	1	1.06333	1	156.544	1	49.3464	1	0.001	273.278	301.5
915	40.546	1	571.226	1	1.06333	1	156.544	1	49.3464	1	0.00316228	273.341	301.582
915	40.546	1	571.226	1	1.06333	1	156.544	1	49.3464	1	0.01	273.536	301.839
915	40.546	1	571.226	1	1.06333	1	156.544	1	49.3464	1	0.0316228	274.138	302.633
915	40.546	1	571.226	1	1.06333	1	156.544	1	49.3464	1	0.1	275.9	304.953
915	40.546	1	571.226	1	1.06333	1	156.544	1	49.3464	1	0.316228	280.428	310.98
915	40.546	1	571.226	1	1.06333	1	156.544	1	49.3464	1	1	289.039	322.71
915	40.546	1	571.226	1	1.06333	1	156.544	1	49.3464	1	3.16228	299.585	337.142
915	40.546	1	571.226	1	1.06333	1	156.544	1	49.3464	1	10	310.193	349.819
915	40.546	1	571.226	1	1.06333	1	156.544	1	49.3464	1	31.6228	326.304	365.431
915	40.546	1	571.226	1	1.06333	1	156.544	1	49.3464	1	100	355.56	396.41
916	35.2374	1	448.286	1	1.13418	1	483.348	1	53.9009	1	0	273.249	301.462
916	35.2374	1	448.286	1	1.13418	1	483.348	1	53.9009	1	0.001	273.276	301.497
916	35.2374	1	448.286	1	1.13418	1	483.348	1	53.9009	1	0.00316228	273.334	301.573
916	35.2374	1	448.286	1	1.13418	1	483.348	1	53.9009	1	0.01	273.516	301.813
916	35.2374	1	448.286	1	1.13418	1	483.348	1	53.9009	1	0.0316228	274.076	302.552
916	35.2374	1	448.286	1	1.13418	1	483.348	1	53.9009	1	0.1	275.72	304.719
916	35.2374	1	448.286	1	1.13418	1	483.348	1	53.9009	1	0.316228	279.978	310.393
916	35.2374	1	448.286	1	1.13418	1	483.348	1	53.9009	1	1	288.176	321.57
916	35.2374	1	448.286	1	1.13418	1	483.348	1	53.9009	1	3.16228	298.016	335.178
916	35.2374	1	448.286	1	1.13418	1	483.348	1	53.9009	1	10	306.353	345.323
916	35.2374	1	448.286	1	1.13418	1	483.348	1	53.9009	1	31.6228	314.427	352.388
916	35.2374	1	448.286	1	1.13418	1	483.348	1	53.9009	1	100	322.981	361.55
917	31.451	1	214.756	1	0.718656	1	1127.02	1	169.366	1	0	273.249	301.462
917	31.451	1	214.756	1	0.718656	1	1127.02	1	169.366	1	0.001	273.291	301.517
917	31.451	1	214.756	1	0.718656	1	1127.02	1	169.366	1	0.00316228	273.381	301.637
917	31.451	1	214.756	1	0.718656	1	1127.02	1	169.366	1	0.01	273.663	302.01
917	31.451	1	214.756	1	0.718656	1	1127.02	1	169.366	1	0.0316228	274.52	303.145
917	31.451	1	214.756	1	0.718656	1	1127.02	1	169.366	1	0.1	276.933	306.339
917	31.451	1	214.756	1	0.718656	1	1127.02	1	169.366	1	0.316228	282.634	314.046
917	31.451	1	214.756	1	0.718656	1	1127.02	1	169.366	1	1	291.701	326.727
917	31.451	1	214.756	1	0.718656	1	1127.02	1	169.366	1	3.16228	300.152	338.671
917	31.451	1	214.756	1	0.718656	1	1127.02	1	169.366	1	10	305.712	345.059
917	31.451	1	214.756	1	0.718656	1	1127.02	1	169.366	1	31.6228	309.304	346.511
917	31.451	1	214.756	1	0.718656	1	1127.02	1	169.366	1	100	307.096	343.788
918	30.6523	1	439.122	1	0.735664	1	375.123	1	70.6036	1	0	273.249	301.462
918	30.6523	1	439.122	1	0.735664	1	375.123	1	70.6036	1	0.001	273.291	301.516
918	30.6523	1	439.122	1	0.735664	1	375.123	1	70.6036	1	0.00316228	273.379	301.633
918	30.6523	1	439.122	1	0.735664	1	375.123	1	70.6036	1	0.01	273.657	302
918	30.6523	1	439.122	1	0.735664	1	375.123	1	70.6036	1	0.0316228	274.502	303.117
918	30.6523	1	439.122	1	0.735664	1	375.123	1	70.6036	1	0.1	276.89	306.271
918	30.6523	1	439.122	1	0.735664	1	375.123	1	70.6036	1	0.316228	282.576	313.93
918	30.6523	1	439.122	1	0.735664	1	375.123	1	70.6036	1	1	291.817	326.756
918	30.6523	1	439.122	1	0.735664	1	375.123	1	70.6036	1	3.16228	300.985	339.453
918	30.6523	1	439.122	1	0.735664	1	375.123	1	70.6036	1	10	308.561	347.977
918	30.6523	1	439.122	1	0.735664	1	375.123	1	70.6036	1	31.6228	317.297	355.179
918	30.6523	1	439.122	1	0.735664	1	375.123	1	70.6036	1	100	328.618	367.095
919	27.1779	1	393.559	1	1.8881	1	233.966	1	60.0488	1	0	273.249	301.462
919	27.1779	1	393.559	1	1.8881	1	233.966	1	60.0488	1	0.001	273.266	301.483
919	27.1779	1	393.559	1	1.8881	1	233.966	1	60.0488	1	0.00316228	273.301	301.529
919	27.1779	1	393.559	1	1.8881	1	233.966	1	60.0488	1	0.01	273.413	301.676
919	27.1779	1	393.559	1	1.8881	1	233.966	1	60.0488	1	0.0316228	273.763	302.131
919	27.1779	1	393.559	1	1.8881	1	233.966	1	60.0488	1	0.1	274.819	303.506
919	27.1779	1	393.559	1	1.8881	1	233.966	1	60.0488	1	0.316228	277.76	307.337
919	27.1779	1	393.559	1	1.8881	1	233.966	1	60.0488	1	1	284.488	316.205
919	27.1779	1	393.559	1	1.8881	1	233.966	1	60.0488	1	3.16228	295.027	330.144
919	27.1779	1	393.559	1	1.8881	1	233.966	1	60.0488	1	10	306.736	344.12
919	27.1779	1	393.559	1	1.8881	1	233.966	1	60.0488	1	31.6228	320.049	357.311
919	27.1779	1	393.559	1	1.8881	1	233.966	1	60.0488	1	100	339.106	378.048
920	37.3461	1	75.9967	1	0.790023	1	661.814	1	60.2296	1	0	273.249	301.462
920	37.3461	1	75.9967	1	0.790023	1	661.814	1	60.2296	1	0.001	273.287	301.512
920	37.3461	1	75.9967	1	0.790023	1	661.814	1	60.2296	1	0.00316228	273.368	301.619
920	37.3461	1	75.9967	1	0.790023	1	661.814	1	60.2296	1	0.01	273.62	301.955
920	37.3461	1	75.9967	1	0.790023	1	661.814	1	60.2296	1	0.0316228	274.392	302.982
920	37.3461	1	75.9967	1	0.790023	1	661.814	1	60.2296	1	0.1	276.582	305.895
920	37.3461	1	75.9967	1	0.790023	1	661.814	1	60.2296	1	0.316228	281.849	313.043
920	37.3461	1	75.9967	1	0.790023	1	661.814	1	60.2296	1	1	290.418	325.138
920	37.3461	1	75.9967	1	0.790023	1	661.814	1	60.2296	1	3.16228	298.161	336.564
920	37.3461	1	75.9967	1	0.790023	1	661.814	1	60.2296	1	10	301.378	341.108
920	37.3461	1	75.9967	1	0.790023	1	661.814	1	60.2296	1	31.6228	299.77	338.035
920	37.3461	1	75.9967	1	0.790023	1	661.814	1	60.2296	1	100	287.379	326.274
921	22.0878	1	60.06	1	1.34395	1	69.1096	1	134.488	1	0	273.249	301.462
921	22.0878	1	60.06	1	1.34395	1	69.1096	1	134.488	1	0.001	273.272	301.491
921	22.0878	1	60.06	1	1.34395	1	69.1096	1	134.488	1	0.00316228	273.321	301.556
921	22.0878	1	60.06	1	1.34395	1	69.1096	1	134.488	1	0.01	273.476	301.759
921	22.0878	1	60.06	1	1.34395	1	69.1096	1	134.488	1	0.0316228	273.955	302.387
921	22.0878	1	60.06	1	1.34395	1	69.1096	1	134.488	1	0.1	275.379	304.253
921	22.0878	1	60.06	1	1.34395	1	69.1096	1	134.488	1	0.316228	279.19	309.278
921	22.0878	1	60.06	1	1.34395	1	69.1096	1	134.488	1	1	287.109	319.841
921	22.0878	1	60.06	1	1.34395	1	69.1096	1	134.488	1	3.16228	298.108	334.448
921	22.0878	1	60.06	1	1.34395	1	69.1096	1	134.488	1	10	310.434	348.678
921	22.0878	1	60.06	1	1.34395	1	69.1096	1	134.488	1	31.6228	329.478	367.174
921	22.0878	1	60.06	1	1.34395	1	69.1096	1	134.488	1	100	357.458	398.82
922	41.6755	1	826.419	1	1.37516	1	418.771	1	64.7623	1	0	273.249	301.462
922	41.6755	1	826.419	1	1.37516	1	418.771	1	64.7623	1	0.001	273.272	301.491
922	41.6755	1	826.419	1	1.37516	1	418.771	1	64.7623	1	0.00316228	273.32	301.554
922	41.6755	1	826.419	1	1.37516	1	418.771	1	64.7623	1	0.01	273.47	301.753
922	41.6755	1	826.419	1	1.37516	1	418.771	1	64.7623	1	0.0316228	273.937	302.368
922	41.6755	1	826.419	1	1.37516	1	418.771	1	64.7623	1	0.1	275.326	304.196
922	41.6755	1	826.419	1	1.37516	1	418.771	1	64.7623	1	0.316228	279.035	309.119
922	41.6755	1	826.419	1	1.37516	1	418.771	1	64.7623	1	1	286.669	319.449
922	41.6755	1	826.419	1	1.37516	1	418.771	1	64.7623	1	3.16228	296.77	333.353
922	41.6755	1	826.419	1	1.37516	1	418.771	1	64.7623	1	10	306.047	344.936
922	41.6755	1	826.419	1	1.37516	1	418.771	1	64.7623	1	31.6228	316.05	354.314
922	41.6755	1	826.419	1	1.37516	1	418.771	1	64.7623	1	100	329.195	368.112
923	23.7803	1	593.333	1	0.665605	1	368.318	1	29.9567	1	0	273.249	301.462
923	23.7803	1	593.333	1	0.665605	1	368.318	1	29.9567	1	0.001	273.295	301.522
923	23.7803	1	593.333	1	0.665605	1	368.318	1	29.9567	1	0.00316228	273.393	301.652
923	23.7803	1	593.333	1	0.665605	1	368.318	1	29.9567	1	0.01	273.7	302.057
923	23.7803	1	593.333	1	0.665605	1	368.318	1	29.9567	1	0.0316228	274.632	303.286
923	23.7803	1	593.333	1	0.665605	1	368.318	1	29.9567	1	0.1	277.24	306.729
923	23.7803	1	593.333	1	0.665605	1	368.318	1	29.9567	1	0.316228	283.305	314.896
923	23.7803	1	593.333	1	0.665605	1	368.318	1	29.9567	1	1	292.792	328.035
923	23.7803	1	593.333	1	0.665605	1	368.318	1	29.9567	1	3.16228	301.965	340.512
923	23.7803	1	593.333	1	0.665605	1	368.318	1	29.9567	1	10	309.88	348.893
923	23.7803	1	593.333	1	0.665605	1	368.318	1	29.9567	1	31.6228	317.893	356.367
923	23.7803	1	593.333	1	0.665605	1	368.318	1	29.9567	1	100	331.008	370.012
924	26.7614	1	371.922	1	1.32306	1	786.781	1	59.714	1	0	273.249	301.462
924	26.7614	1	371.922	1	1.32306	1	786.781	1	59.714	1	0.001	273.272	301.492
924	26.7614	1	371.922	1	1.32306	1	786.781	1	59.714	1	0.00316228	273.322	301.557
924	26.7614	1	371.922	1	1.32306	1	786.781	1	59.714	1	0.01	273.478	301.762
924	26.7614	1	371.922	1	1.32306	1	786.781	1	59.714	1	0.0316228	273.962	302.398
924	26.7614	1	371.922	1	1.32306	1	786.781	1	59.714	1	0.1	275.396	304.281
924	26.7614	1	371.922	1	1.32306	1	786.781	1	59.714	1	0.316228	279.206	309.322
924	26.7614	1	371.922	1	1.32306	1	786.781	1	59.714	1	1	286.947	319.736
924	26.7614	1	371.922	1	1.32306	1	786.781	1	59.714	1	3.16228	296.938	333.315
924	26.7614	1	371.922	1	1.32306	1	786.781	1	59.714	1	10	305.655	343.665
924	26.7614	1	371.922	1	1.32306	1	786.781	1	59.714	1	31.6228	312.321	349.425
924	26.7614	1	371.922	1	1.32306	1	786.781	1	59.714	1	100	315.477	353.134
925	31.4494	1	1103.16	1	2.19865	1	203.892	1	63.9193	1	0	273.249	301.462
925	31.4494	1	1103.16	1	2.19865	1	203.892	1	63.9193	1	0.001	273.264	301.48
925	31.4494	1	1103.16	1	2.19865	1	203.892	1	63.9193	1	0.00316228	273.295	301.52
925	31.4494	1	1103.16	1	2.19865	1	203.892	1	63.9193	1	0.01	273.392	301.647
925	31.4494	1	1103.16	1	2.19865	1	203.892	1	63.9193	1	0.0316228	273.697	302.043
925	31.4494	1	1103.16	1	2.19865	1	203.892	1	63.9193	1	0.1	274.625	303.248
925	31.4494	1	1103.16	1	2.19865	1	203.892	1	63.9193	1	0.316228	277.247	306.642
925	31.4494	1	1103.16	1	2.19865	1	203.892	1	63.9193	1	1	283.513	314.852
925	31.4494	1	1103.16	1	2.19865	1	203.892	1	63.9193	1	3.16228	294.096	328.772
925	31.4494	1	1103.16	1	2.19865	1	203.892	1	63.9193	1	10	306.899	344.217
925	31.4494	1	1103.16	1	2.19865	1	203.892	1	63.9193	1	31.6228	323.322	360.916
925	31.4494	1	1103.16	1	2.19865	1	203.892	1	63.9193	1	100	349.668	389.347
926	31.7356	1	905.361	1	0.369754	1	211.972	1	58.8906	1	0	273.249	301.462
926	31.7356	1	905.361	1	0.369754	1	211.972	1	58.8906	1	0.001	273.331	301.57
926	31.7356	1	905.361	1	0.369754	1	211.972	1	58.8906	1	0.00316228	273.506	301.802
926	31.7356	1	905.361	1	0.369754	1	211.972	1	58.8906	1	0.01	274.048	302.52
926	31.7356	1	905.361	1	0.369754	1	211.972	1	58.8906	1	0.0316228	275.639	304.629
926	31.7356	1	905.361	1	0.369754	1	211.972	1	58.8906	1	0.1	279.775	310.177
926	31.7356	1	905.361	1	0.369754	1	211.972	1	58.8906	1	0.316228	287.766	321.208
926	31.7356	1	905.361	1	0.369754	1	211.972	1	58.8906	1	1	297.284	334.825
926	31.7356	1	905.361	1	0.369754	1	211.972	1	58.8906	1	3.16228	304.794	345.073
926	31.7356	1	905.361	1	0.369754	1	211.972	1	58.8906	1	10	312.178	352.558
926	31.7356	1	905.361	1	0.369754	1	211.972	1	58.8906	1	31.6228	324.786	363.579
926	31.7356	1	905.361	1	0.369754	1	211.972	1	58.8906	1	100	348.406	388.377
927	19.5319	1	576.562	1	1.14771	1	413.848	1	77.6133	1	0	273.249	301.462
927	19.5319	1	576.562	1	1.14771	1	413.848	1	77.6133	1	0.001	273.276	301.497
927	19.5319	1	576.562	1	1.14771	1	413.848	1	77.6133	1	0.00316228	273.334	301.572
927	19.5319	1	576.562	1	1.14771	1	413.848	1	77.6133	1	0.01	273.515	301.81
927	19.5319	1	576.562	1	1.14771	1	413.848	1	77.6133	1	0.0316228	274.076	302.543
927	19.5319	1	576.562	1	1.14771	1	413.848	1	77.6133	1	0.1	275.723	304.696
927	19.5319	1	576.562	1	1.14771	1	413.848	1	77.6133	1	0.316228	280.012	310.348
927	19.5319	1	576.562	1	1.14771	1	413.848	1	77.6133	1	1	288.396	321.558
927	19.5319	1	576.562	1	1.14771	1	413.848	1	77.6133	1	3.16228	298.89	335.455
927	19.5319	1	576.562	1	1.14771	1	413.848	1	77.6133	1	10	308.857	346.434
927	19.5319	1	576.562	1	1.14771	1	413.848	1	77.6133	1	31.6228	317.77	355.027
927	19.5319	1	576.562	1	1.14771	1	413.848	1	77.6133	1	100	328.986	367.394
928	27.5355	1	528.887	1	1.89677	1	314.526	1	77.5506	1	0	273.249	301.462
928	27.5355	1	528.887	1	1.89677	1	314.526	1	77.5506	1	0.001	273.266	301.483
928	27.5355	1	528.887	1	1.89677	1	314.526	1	77.5506	1	0.00316228	273.301	301.529
928	27.5355	1	528.887	1	1.89677	1	314.526	1	77.5506	1	0.01	273.412	301.674
928	27.5355	1	528.887	1	1.89677	1	314.526	1	77.5506	1	0.0316228	273.759	302.126
928	27.5355	1	528.887	1	1.89677	1	314.526	1	77.5506	1	0.1	274.807	303.492
928	27.5355	1	528.887	1	1.89677	1	314.526	1	77.5506	1	0.316228	277.726	307.297
928	27.5355	1	528.887	1	1.89677	1	314.526	1	77.5506	1	1	284.401	316.102
928	27.5355	1	528.887	1	1.89677	1	314.526	1	77.5506	1	3.16228	294.798	329.888
928	27.5355	1	528.887	1	1.89677	1	314.526	1	77.5506	1	10	306.088	343.422
928	27.5355	1	528.887	1	1.89677	1	314.526	1	77.5506	1	31.6228	318.178	355.244
928	27.5355	1	528.887	1	1.89677	1	314.526	1	77.5506	1	100	333.601	372.092
929	27.0266	1	69.8774	1	0.674277	1	87.5651	1	97.1322	1	0	273.249	301.462
929	27.0266	1	69.8774	1	0.674277	1	87.5651	1	97.1322	1	0.001	273.294	301.521
929	27.0266	1	69.8774	1	0.674277	1	87.5651	1	97.1322	1	0.00316228	273.391	301.649
929	27.0266	1	69.8774	1	0.674277	1	87.5651	1	97.1322	1	0.01	273.692	302.047
929	27.0266	1	69.8774	1	0.674277	1	87.5651	1	97.1322	1	0.0316228	274.606	303.257
929	27.0266	1	69.8774	1	0.674277	1	87.5651	1	97.1322	1	0.1	277.17	306.65
929	27.0266	1	69.8774	1	0.674277	1	87.5651	1	97.1322	1	0.316228	283.155	314.735
929	27.0266	1	69.8774	1	0.674277	1	87.5651	1	97.1322	1	1	292.596	327.878
929	27.0266	1	69.8774	1	0.674277	1	87.5651	1	97.1322	1	3.16228	301.93	340.724
929	27.0266	1	69.8774	1	0.674277	1	87.5651	1	97.1322	1	10	310.786	350.587
929	27.0266	1	69.8774	1	0.674277	1	87.5651	1	97.1322	1	31.6228	325.428	363.978
929	27.0266	1	69.8774	1	0.674277	1	87.5651	1	97.1322	1	100	348.994	390.048
930	26.124	1	332.914	1	1.86911	1	326.11	1	77.7001	1	0	273.249	301.462
930	26.124	1	332.914	1	1.86911	1	326.11	1	77.7001	1	0.001	273.266	301.483
930	26.124	1	332.914	1	1.86911	1	326.11	1	77.7001	1	0.00316228	273.302	301.53
930	26.124	1	332.914	1	1.86911	1	326.11	1	77.7001	1	0.01	273.414	301.676
930	26.124	1	332.914	1	1.86911	1	326.11	1	77.7001	1	0.0316228	273.764	302.133
930	26.124	1	332.914	1	1.86911	1	326.11	1	77.7001	1	0.1	274.822	303.513
930	26.124	1	332.914	1	1.86911	1	326.11	1	77.7001	1	0.316228	277.762	307.348
930	26.124	1	332.914	1	1.86911	1	326.11	1	77.7001	1	1	284.45	316.178
930	26.124	1	332.914	1	1.86911	1	326.11	1	77.7001	1	3.16228	294.745	329.844
930	26.124	1	332.914	1	1.86911	1	326.11	1	77.7001	1	10	305.643	342.879
930	26.124	1	332.914	1	1.86911	1	326.11	1	77.7001	1	31.6228	316.521	353.352
930	26.124	1	332.914	1	1.86911	1	326.11	1	77.7001	1	100	328.945	367.071
931	20.3524	1	286.323	1	1.09532	1	298.502	1	73.2152	1	0	273.249	301.462
931	20.3524	1	286.323	1	1.09532	1	298.502	1	73.2152	1	0.001	273.277	301.498
931	20.3524	1	286.323	1	1.09532	1	298.502	1	73.2152	1	0.00316228	273.338	301.577
931	20.3524	1	286.323	1	1.09532	1	298.502	1	73.2152	1	0.01	273.527	301.826
931	20.3524	1	286.323	1	1.09532	1	298.502	1	73.2152	1	0.0316228	274.111	302.591
931	20.3524	1	286.323	1	1.09532	1	298.502	1	73.2152	1	0.1	275.822	304.832
931	20.3524	1	286.323	1	1.09532	1	298.502	1	73.2152	1	0.316228	280.239	310.67
931	20.3524	1	286.323	1	1.09532	1	298.502	1	73.2152	1	1	288.723	322.069
931	20.3524	1	286.323	1	1.09532	1	298.502	1	73.2152	1	3.16228	299.08	335.87
931	20.3524	1	286.323	1	1.09532	1	298.502	1	73.2152	1	10	308.792	346.597
931	20.3524	1	286.323	1	1.09532	1	298.502	1	73.2152	1	31.6228	318.098	355.258
931	20.3524	1	286.323	1	1.09532	1	298.502	1	73.2152	1	100	330.19	368.508
932	25.7787	1	381.547	1	1.80125	1	282.88	1	94.0913	1	0	273.249	301.462
932	25.7787	1	381.547	1	1.80125	1	282.88	1	94.0913	1	0.001	273.267	301.484
932	25.7787	1	381.547	1	1.80125	1	282.88	1	94.0913	1	0.00316228	273.304	301.532
932	25.7787	1	381.547	1	1.80125	1	282.88	1	94.0913	1	0.01	273.421	301.685
932	25.7787	1	381.547	1	1.80125	1	282.88	1	94.0913	1	0.0316228	273.784	302.16
932	25.7787	1	381.547	1	1.80125	1	282.88	1	94.0913	1	0.1	274.883	303.591
932	25.7787	1	381.547	1	1.80125	1	282.88	1	94.0913	1	0.316228	277.925	307.561
932	25.7787	1	381.547	1	1.80125	1	282.88	1	94.0913	1	1	284.783	316.613
932	25.7787	1	381.547	1	1.80125	1	282.88	1	94.0913	1	3.16228	295.25	330.485
932	25.7787	1	381.547	1	1.80125	1	282.88	1	94.0913	1	10	306.481	343.801
932	25.7787	1	381.547	1	1.80125	1	282.88	1	94.0913	1	31.6228	318.519	355.422
932	25.7787	1	381.547	1	1.80125	1	282.88	1	94.0913	1	100	333.882	372.249
933	19.2901	1	176.561	1	1.83396	1	218.894	1	57.671	1	0	273.249	301.462
933	19.2901	1	176.561	1	1.83396	1	218.894	1	57.671	1	0.001	273.266	301.484
933	19.2901	1	176.561	1	1.83396	1	218.894	1	57.671	1	0.00316228	273.303	301.531
933	19.2901	1	176.561	1	1.83396	1	218.894	1	57.671	1	0.01	273.418	301.68
933	19.2901	1	176.561	1	1.83396	1	218.894	1	57.671	1	0.0316228	273.776	302.145
933	19.2901	1	176.561	1	1.83396	1	218.894	1	57.671	1	0.1	274.858	303.549
933	19.2901	1	176.561	1	1.83396	1	218.894	1	57.671	1	0.316228	277.864	307.446
933	19.2901	1	176.561	1	1.83396	1	218.894	1	57.671	1	1	284.695	316.377
933	19.2901	1	176.561	1	1.83396	1	218.894	1	57.671	1	3.16228	295.259	330.144
933	19.2901	1	176.561	1	1.83396	1	218.894	1	57.671	1	10	306.746	343.336
933	19.2901	1	176.561	1	1.83396	1	218.894	1	57.671	1	31.6228	317.685	354.295
933	19.2901	1	176.561	1	1.83396	1	218.894	1	57.671	1	100	332.019	370.519
934	17.1319	1	548.399	1	1.23948	1	387.966	1	60.6575	1	0	273.249	301.462
934	17.1319	1	548.399	1	1.23948	1	387.966	1	60.6575	1	0.001	273.274	301.494
934	17.1319	1	548.399	1	1.23948	1	387.966	1	60.6575	1	0.00316228	273.328	301.564
934	17.1319	1	548.399	1	1.23948	1	387.966	1	60.6575	1	0.01	273.497	301.785
934	17.1319	1	548.399	1	1.23948	1	387.966	1	60.6575	1	0.0316228	274.02	302.467
934	17.1319	1	548.399	1	1.23948	1	387.966	1	60.6575	1	0.1	275.567	304.48
934	17.1319	1	548.399	1	1.23948	1	387.966	1	60.6575	1	0.316228	279.648	309.827
934	17.1319	1	548.399	1	1.23948	1	387.966	1	60.6575	1	1	287.863	320.704
934	17.1319	1	548.399	1	1.23948	1	387.966	1	60.6575	1	3.16228	298.619	334.753
934	17.1319	1	548.399	1	1.23948	1	387.966	1	60.6575	1	10	309.158	346.259
934	17.1319	1	548.399	1	1.23948	1	387.966	1	60.6575	1	31.6228	318.095	355.346
934	17.1319	1	548.399	1	1.23948	1	387.966	1	60.6575	1	100	329.947	368.478
935	25.4433	1	367.396	1	1.08144	1	275.119	1	31.6522	1	0	273.249	301.462
935	25.4433	1	367.396	1	1.08144	1	275.119	1	31.6522	1	0.001	273.278	301.499
935	25.4433	1	367.396	1	1.08144	1	275.119	1	31.6522	1	0.00316228	273.339	301.579
935	25.4433	1	367.396	1	1.08144	1	275.119	1	31.6522	1	0.01	273.53	301.831
935	25.4433	1	367.396	1	1.08144	1	275.119	1	31.6522	1	0.0316228	274.121	302.608
935	25.4433	1	367.396	1	1.08144	1	275.119	1	31.6522	1	0.1	275.851	304.878
935	25.4433	1	367.396	1	1.08144	1	275.119	1	31.6522	1	0.316228	280.303	310.783
935	25.4433	1	367.396	1	1.08144	1	275.119	1	31.6522	1	1	288.798	322.276
935	25.4433	1	367.396	1	1.08144	1	275.119	1	31.6522	1	3.16228	299.057	336.149
935	25.4433	1	367.396	1	1.08144	1	275.119	1	31.6522	1	10	308.584	347.064
935	25.4433	1	367.396	1	1.08144	1	275.119	1	31.6522	1	31.6228	318.472	356.65
935	25.4433	1	367.396	1	1.08144	1	275.119	1	31.6522	1	100	333.783	373.007
936	34.1939	1	325.477	1	0.786331	1	334.017	1	111.15	1	0	273.249	301.462
936	34.1939	1	325.477	1	0.786331	1	334.017	1	111.15	1	0.001	273.288	301.513
936	34.1939	1	325.477	1	0.786331	1	334.017	1	111.15	1	0.00316228	273.371	301.622
936	34.1939	1	325.477	1	0.786331	1	334.017	1	111.15	1	0.01	273.63	301.966
936	34.1939	1	325.477	1	0.786331	1	334.017	1	111.15	1	0.0316228	274.423	303.014
936	34.1939	1	325.477	1	0.786331	1	334.017	1	111.15	1	0.1	276.677	305.992
936	34.1939	1	325.477	1	0.786331	1	334.017	1	111.15	1	0.316228	282.122	313.32
936	34.1939	1	325.477	1	0.786331	1	334.017	1	111.15	1	1	291.206	325.92
936	34.1939	1	325.477	1	0.786331	1	334.017	1	111.15	1	3.16228	300.44	338.801
936	34.1939	1	325.477	1	0.786331	1	334.017	1	111.15	1	10	307.958	347.514
936	34.1939	1	325.477	1	0.786331	1	334.017	1	111.15	1	31.6228	316.806	354.747
936	34.1939	1	325.477	1	0.786331	1	334.017	1	111.15	1	100	328.559	366.71
937	37.921	1	603.885	1	0.818426	1	607.289	1	100.605	1	0	273.249	301.462
937	37.921	1	603.885	1	0.818426	1	607.289	1	100.605	1	0.001	273.286	301.511
937	37.921	1	603.885	1	0.818426	1	607.289	1	100.605	1	0.00316228	273.366	301.616
937	37.921	1	603.885	1	0.818426	1	607.289	1	100.605	1	0.01	273.615	301.946
937	37.921	1	603.885	1	0.818426	1	607.289	1	100.605	1	0.0316228	274.378	302.955
937	37.921	1	603.885	1	0.818426	1	607.289	1	100.605	1	0.1	276.555	305.832
937	37.921	1	603.885	1	0.818426	1	607.289	1	100.605	1	0.316228	281.853	312.961
937	37.921	1	603.885	1	0.818426	1	607.289	1	100.605	1	1	290.818	325.404
937	37.921	1	603.885	1	0.818426	1	607.289	1	100.605	1	3.16228	299.983	338.27
937	37.921	1	603.885	1	0.818426	1	607.289	1	100.605	1	10	307.099	346.722
937	37.921	1	603.885	1	0.818426	1	607.289	1	100.605	1	31.6228	314.568	352.656
937	37.921	1	603.885	1	0.818426	1	607.289	1	100.605	1	100	322.462	360.49
938	18.9931	1	318.411	1	0.630976	1	246.692	1	34.4571	1	0	273.249	301.462
938	18.9931	1	318.411	1	0.630976	1	246.692	1	34.4571	1	0.001	273.298	301.525
938	18.9931	1	318.411	1	0.630976	1	246.692	1	34.4571	1	0.00316228	273.402	301.662
938	18.9931	1	318.411	1	0.630976	1	246.692	1	34.4571	1	0.01	273.725	302.089
938	18.9931	1	318.411	1	0.630976	1	246.692	1	34.4571	1	0.0316228	274.707	303.382
938	18.9931	1	318.411	1	0.630976	1	246.692	1	34.4571	1	0.1	277.442	306.991
938	18.9931	1	318.411	1	0.630976	1	246.692	1	34.4571	1	0.316228	283.72	315.432
938	18.9931	1	318.411	1	0.630976	1	246.692	1	34.4571	1	1	293.371	328.728
938	18.9931	1	318.411	1	0.630976	1	246.692	1	34.4571	1	3.16228	302.736	341.189
938	18.9931	1	318.411	1	0.630976	1	246.692	1	34.4571	1	10	311.323	349.874
938	18.9931	1	318.411	1	0.630976	1	246.692	1	34.4571	1	31.6228	320.511	358.602
938	18.9931	1	318.411	1	0.630976	1	246.692	1	34.4571	1	100	336.471	375.633
939	25.7532	1	138.273	1	1.24953	1	178.843	1	83.5625	1	0	273.249	301.462
939	25.7532	1	138.273	1	1.24953	1	178.843	1	83.5625	1	0.001	273.274	301.494
939	25.7532	1	138.273	1	1.24953	1	178.843	1	83.5625	1	0.00316228	273.326	301.563
939	25.7532	1	138.273	1	1.24953	1	178.843	1	83.5625	1	0.01	273.492	301.78
939	25.7532	1	138.273	1	1.24953	1	178.843	1	83.5625	1	0.0316228	274.003	302.453
939	25.7532	1	138.273	1	1.24953	1	178.843	1	83.5625	1	0.1	275.515	304.438
939	25.7532	1	138.273	1	1.24953	1	178.843	1	83.5625	1	0.316228	279.501	309.718
939	25.7532	1	138.273	1	1.24953	1	178.843	1	83.5625	1	1	287.488	320.474
939	25.7532	1	138.273	1	1.24953	1	178.843	1	83.5625	1	3.16228	297.758	334.378
939	25.7532	1	138.273	1	1.24953	1	178.843	1	83.5625	1	10	307.495	345.739
939	25.7532	1	138.273	1	1.24953	1	178.843	1	83.5625	1	31.6228	318.75	355.936
939	25.7532	1	138.273	1	1.24953	1	178.843	1	83.5625	1	100	335.067	373.675
940	46.3305	1	680.31	1	0.556592	1	413.785	1	75.2263	1	0	273.249	301.462
940	46.3305	1	680.31	1	0.556592	1	413.785	1	75.2263	1	0.001	273.304	301.534
940	46.3305	1	680.31	1	0.556592	1	413.785	1	75.2263	1	0.00316228	273.42	301.688
940	46.3305	1	680.31	1	0.556592	1	413.785	1	75.2263	1	0.01	273.783	302.17
940	46.3305	1	680.31	1	0.556592	1	413.785	1	75.2263	1	0.0316228	274.876	303.619
940	46.3305	1	680.31	1	0.556592	1	413.785	1	75.2263	1	0.1	277.881	307.624
940	46.3305	1	680.31	1	0.556592	1	413.785	1	75.2263	1	0.316228	284.494	316.642
940	46.3305	1	680.31	1	0.556592	1	413.785	1	75.2263	1	1	293.935	330.034
940	46.3305	1	680.31	1	0.556592	1	413.785	1	75.2263	1	3.16228	302.057	341.609
940	46.3305	1	680.31	1	0.556592	1	413.785	1	75.2263	1	10	308.263	348.815
940	46.3305	1	680.31	1	0.556592	1	413.785	1	75.2263	1	31.6228	316.411	355.434
940	46.3305	1	680.31	1	0.556592	1	413.785	1	75.2263	1	100	328.7	367.693
941	56.0151	1	660.929	1	0.605332	1	400.637	1	77.7556	1	0	273.249	301.462
941	56.0151	1	660.929	1	0.605332	1	400.637	1	77.7556	1	0.001	273.299	301.528
941	56.0151	1	660.929	1	0.605332	1	400.637	1	77.7556	1	0.00316228	273.407	301.67
941	56.0151	1	660.929	1	0.605332	1	400.637	1	77.7556	1	0.01	273.741	302.114
941	56.0151	1	660.929	1	0.605332	1	400.637	1	77.7556	1	0.0316228	274.752	303.454
941	56.0151	1	660.929	1	0.605332	1	400.637	1	77.7556	1	0.1	277.554	307.183
941	56.0151	1	660.929	1	0.605332	1	400.637	1	77.7556	1	0.316228	283.874	315.792
941	56.0151	1	660.929	1	0.605332	1	400.637	1	77.7556	1	1	293.231	329.039
941	56.0151	1	660.929	1	0.605332	1	400.637	1	77.7556	1	3.16228	301.528	340.965
941	56.0151	1	660.929	1	0.605332	1	400.637	1	77.7556	1	10	307.728	348.485
941	56.0151	1	660.929	1	0.605332	1	400.637	1	77.7556	1	31.6228	315.745	355.263
941	56.0151	1	660.929	1	0.605332	1	400.637	1	77.7556	1	100	328.663	367.858
942	50.9762	1	495.461	1	1.34704	1	291.656	1	86.8698	1	0	273.249	301.462
942	50.9762	1	495.461	1	1.34704	1	291.656	1	86.8698	1	0.001	273.272	301.491
942	50.9762	1	495.461	1	1.34704	1	291.656	1	86.8698	1	0.00316228	273.321	301.556
942	50.9762	1	495.461	1	1.34704	1	291.656	1	86.8698	1	0.01	273.474	301.759
942	50.9762	1	495.461	1	1.34704	1	291.656	1	86.8698	1	0.0316228	273.95	302.387
942	50.9762	1	495.461	1	1.34704	1	291.656	1	86.8698	1	0.1	275.362	304.25
942	50.9762	1	495.461	1	1.34704	1	291.656	1	86.8698	1	0.316228	279.125	309.255
942	50.9762	1	495.461	1	1.34704	1	291.656	1	86.8698	1	1	286.81	319.698
942	50.9762	1	495.461	1	1.34704	1	291.656	1	86.8698	1	3.16228	296.891	333.683
942	50.9762	1	495.461	1	1.34704	1	291.656	1	86.8698	1	10	306.148	345.473
942	50.9762	1	495.461	1	1.34704	1	291.656	1	86.8698	1	31.6228	317.073	355.943
942	50.9762	1	495.461	1	1.34704	1	291.656	1	86.8698	1	100	333.973	372.99
943	25.2159	1	493.311	1	0.538161	1	376.823	1	50.8471	1	0	273.249	301.462
943	25.2159	1	493.311	1	0.538161	1	376.823	1	50.8471	1	0.001	273.306	301.536
943	25.2159	1	493.311	1	0.538161	1	376.823	1	50.8471	1	0.00316228	273.427	301.696
943	25.2159	1	493.311	1	0.538161	1	376.823	1	50.8471	1	0.01	273.803	302.194
943	25.2159	1	493.311	1	0.538161	1	376.823	1	50.8471	1	0.0316228	274.935	303.691
943	25.2159	1	493.311	1	0.538161	1	376.823	1	50.8471	1	0.1	278.035	307.812
943	25.2159	1	493.311	1	0.538161	1	376.823	1	50.8471	1	0.316228	284.806	317.004
943	25.2159	1	493.311	1	0.538161	1	376.823	1	50.8471	1	1	294.411	330.479
943	25.2159	1	493.311	1	0.538161	1	376.823	1	50.8471	1	3.16228	302.843	342.012
943	25.2159	1	493.311	1	0.538161	1	376.823	1	50.8471	1	10	309.978	349.342
943	25.2159	1	493.311	1	0.538161	1	376.823	1	50.8471	1	31.6228	318.146	356.1
943	25.2159	1	493.311	1	0.538161	1	376.823	1	50.8471	1	100	329.563	368.291
944	40.1779	1	487.541	1	1.08034	1	251.986	1	68.2985	1	0	273.249	301.462
944	40.1779	1	487.541	1	1.08034	1	251.986	1	68.2985	1	0.001	273.278	301.499
944	40.1779	1	487.541	1	1.08034	1	251.986	1	68.2985	1	0.00316228	273.339	301.579
944	40.1779	1	487.541	1	1.08034	1	251.986	1	68.2985	1	0.01	273.53	301.831
944	40.1779	1	487.541	1	1.08034	1	251.986	1	68.2985	1	0.0316228	274.119	302.609
944	40.1779	1	487.541	1	1.08034	1	251.986	1	68.2985	1	0.1	275.842	304.881
944	40.1779	1	487.541	1	1.08034	1	251.986	1	68.2985	1	0.316228	280.274	310.792
944	40.1779	1	487.541	1	1.08034	1	251.986	1	68.2985	1	1	288.693	322.294
944	40.1779	1	487.541	1	1.08034	1	251.986	1	68.2985	1	3.16228	298.77	336.219
944	40.1779	1	487.541	1	1.08034	1	251.986	1	68.2985	1	10	307.964	347.385
944	40.1779	1	487.541	1	1.08034	1	251.986	1	68.2985	1	31.6228	319.713	358.239
944	40.1779	1	487.541	1	1.08034	1	251.986	1	68.2985	1	100	338.337	377.695
945	35.426	1	584.532	1	1.52312	1	845.758	1	104.571	1	0	273.249	301.462
945	35.426	1	584.532	1	1.52312	1	845.758	1	104.571	1	0.001	273.269	301.488
945	35.426	1	584.532	1	1.52312	1	845.758	1	104.571	1	0.00316228	273.313	301.545
945	35.426	1	584.532	1	1.52312	1	845.758	1	104.571	1	0.01	273.448	301.723
945	35.426	1	584.532	1	1.52312	1	845.758	1	104.571	1	0.0316228	273.87	302.278
945	35.426	1	584.532	1	1.52312	1	845.758	1	104.571	1	0.1	275.131	303.936
945	35.426	1	584.532	1	1.52312	1	845.758	1	104.571	1	0.316228	278.545	308.452
945	35.426	1	584.532	1	1.52312	1	845.758	1	104.571	1	1	285.792	318.203
945	35.426	1	584.532	1	1.52312	1	845.758	1	104.571	1	3.16228	295.732	331.805
945	35.426	1	584.532	1	1.52312	1	845.758	1	104.571	1	10	304.699	342.97
945	35.426	1	584.532	1	1.52312	1	845.758	1	104.571	1	31.6228	312.594	349.972
945	35.426	1	584.532	1	1.52312	1	845.758	1	104.571	1	100	318.14	355.711
946	25.0662	1	202.635	1	1.78669	1	500.563	1	54.5862	1	0	273.249	301.462
946	25.0662	1	202.635	1	1.78669	1	500.563	1	54.5862	1	0.001	273.267	301.484
946	25.0662	1	202.635	1	1.78669	1	500.563	1	54.5862	1	0.00316228	273.303	301.532
946	25.0662	1	202.635	1	1.78669	1	500.563	1	54.5862	1	0.01	273.419	301.684
946	25.0662	1	202.635	1	1.78669	1	500.563	1	54.5862	1	0.0316228	273.781	302.157
946	25.0662	1	202.635	1	1.78669	1	500.563	1	54.5862	1	0.1	274.87	303.582
946	25.0662	1	202.635	1	1.78669	1	500.563	1	54.5862	1	0.316228	277.877	307.522
946	25.0662	1	202.635	1	1.78669	1	500.563	1	54.5862	1	1	284.598	316.439
946	25.0662	1	202.635	1	1.78669	1	500.563	1	54.5862	1	3.16228	294.529	329.752
946	25.0662	1	202.635	1	1.78669	1	500.563	1	54.5862	1	10	304.059	341.256
946	25.0662	1	202.635	1	1.78669	1	500.563	1	54.5862	1	31.6228	311.002	347.635
946	25.0662	1	202.635	1	1.78669	1	500.563	1	54.5862	1	100	314.296	352.043
947	20.2333	1	340.55	1	1.7873	1	258.607	1	42.1249	1	0	273.249	301.462
947	20.2333	1	340.55	1	1.7873	1	258.607	1	42.1249	1	0.001	273.267	301.484
947	20.2333	1	340.55	1	1.7873	1	258.607	1	42.1249	1	0.00316228	273.305	301.533
947	20.2333	1	340.55	1	1.7873	1	258.607	1	42.1249	1	0.01	273.423	301.687
947	20.2333	1	340.55	1	1.7873	1	258.607	1	42.1249	1	0.0316228	273.793	302.167
947	20.2333	1	340.55	1	1.7873	1	258.607	1	42.1249	1	0.1	274.908	303.613
947	20.2333	1	340.55	1	1.7873	1	258.607	1	42.1249	1	0.316228	277.999	307.621
947	20.2333	1	340.55	1	1.7873	1	258.607	1	42.1249	1	1	284.977	316.749
947	20.2333	1	340.55	1	1.7873	1	258.607	1	42.1249	1	3.16228	295.704	330.74
947	20.2333	1	340.55	1	1.7873	1	258.607	1	42.1249	1	10	307.451	344.26
947	20.2333	1	340.55	1	1.7873	1	258.607	1	42.1249	1	31.6228	318.94	356.109
947	20.2333	1	340.55	1	1.7873	1	258.607	1	42.1249	1	100	335.221	373.965
948	27.2165	1	336.723	1	0.985543	1	360.88	1	109.791	1	0	273.249	301.462
948	27.2165	1	336.723	1	0.985543	1	360.88	1	109.791	1	0.001	273.28	301.502
948	27.2165	1	336.723	1	0.985543	1	360.88	1	109.791	1	0.00316228	273.347	301.59
948	27.2165	1	336.723	1	0.985543	1	360.88	1	109.791	1	0.01	273.556	301.865
948	27.2165	1	336.723	1	0.985543	1	360.88	1	109.791	1	0.0316228	274.197	302.711
948	27.2165	1	336.723	1	0.985543	1	360.88	1	109.791	1	0.1	276.061	305.165
948	27.2165	1	336.723	1	0.985543	1	360.88	1	109.791	1	0.316228	280.772	311.44
948	27.2165	1	336.723	1	0.985543	1	360.88	1	109.791	1	1	289.425	323.241
948	27.2165	1	336.723	1	0.985543	1	360.88	1	109.791	1	3.16228	299.29	336.728
948	27.2165	1	336.723	1	0.985543	1	360.88	1	109.791	1	10	307.871	346.551
948	27.2165	1	336.723	1	0.985543	1	360.88	1	109.791	1	31.6228	316.859	354.17
948	27.2165	1	336.723	1	0.985543	1	360.88	1	109.791	1	100	327.397	365.453
949	42.0128	1	477.859	1	1.27356	1	264.558	1	82.708	1	0	273.249	301.462
949	42.0128	1	477.859	1	1.27356	1	264.558	1	82.708	1	0.001	273.273	301.493
949	42.0128	1	477.859	1	1.27356	1	264.558	1	82.708	1	0.00316228	273.325	301.562
949	42.0128	1	477.859	1	1.27356	1	264.558	1	82.708	1	0.01	273.488	301.776
949	42.0128	1	477.859	1	1.27356	1	264.558	1	82.708	1	0.0316228	273.991	302.439
949	42.0128	1	477.859	1	1.27356	1	264.558	1	82.708	1	0.1	275.48	304.402
949	42.0128	1	477.859	1	1.27356	1	264.558	1	82.708	1	0.316228	279.417	309.635
949	42.0128	1	477.859	1	1.27356	1	264.558	1	82.708	1	1	287.328	320.365
949	42.0128	1	477.859	1	1.27356	1	264.558	1	82.708	1	3.16228	297.534	334.427
949	42.0128	1	477.859	1	1.27356	1	264.558	1	82.708	1	10	307.075	346.227
949	42.0128	1	477.859	1	1.27356	1	264.558	1	82.708	1	31.6228	318.802	357.231
949	42.0128	1	477.859	1	1.27356	1	264.558	1	82.708	1	100	336.864	375.894
950	37.0634	1	309.889	1	3.44136	1	259.586	1	84.6465	1	0	273.249	301.462
950	37.0634	1	309.889	1	3.44136	1	259.586	1	84.6465	1	0.001	273.259	301.473
950	37.0634	1	309.889	1	3.44136	1	259.586	1	84.6465	1	0.00316228	273.278	301.499
950	37.0634	1	309.889	1	3.44136	1	259.586	1	84.6465	1	0.01	273.34	301.579
950	37.0634	1	309.889	1	3.44136	1	259.586	1	84.6465	1	0.0316228	273.535	301.832
950	37.0634	1	309.889	1	3.44136	1	259.586	1	84.6465	1	0.1	274.136	302.611
950	37.0634	1	309.889	1	3.44136	1	259.586	1	84.6465	1	0.316228	275.901	304.892
950	37.0634	1	309.889	1	3.44136	1	259.586	1	84.6465	1	1	280.487	310.856
950	37.0634	1	309.889	1	3.44136	1	259.586	1	84.6465	1	3.16228	289.496	322.631
950	37.0634	1	309.889	1	3.44136	1	259.586	1	84.6465	1	10	301.485	337.636
950	37.0634	1	309.889	1	3.44136	1	259.586	1	84.6465	1	31.6228	315.236	352.018
950	37.0634	1	309.889	1	3.44136	1	259.586	1	84.6465	1	100	332.563	370.719
951	32.4429	1	135.09	1	1.07121	1	448.374	1	53.4394	1	0	273.249	301.462
951	32.4429	1	135.09	1	1.07121	1	448.374	1	53.4394	1	0.001	273.277	301.499
951	32.4429	1	135.09	1	1.07121	1	448.374	1	53.4394	1	0.00316228	273.338	301.579
951	32.4429	1	135.09	1	1.07121	1	448.374	1	53.4394	1	0.01	273.528	301.83
951	32.4429	1	135.09	1	1.07121	1	448.374	1	53.4394	1	0.0316228	274.112	302.603
951	32.4429	1	135.09	1	1.07121	1	448.374	1	53.4394	1	0.1	275.82	304.861
951	32.4429	1	135.09	1	1.07121	1	448.374	1	53.4394	1	0.316228	280.187	310.706
951	32.4429	1	135.09	1	1.07121	1	448.374	1	53.4394	1	1	288.369	321.944
951	32.4429	1	135.09	1	1.07121	1	448.374	1	53.4394	1	3.16228	297.607	334.908
951	32.4429	1	135.09	1	1.07121	1	448.374	1	53.4394	1	10	304.296	343.21
951	32.4429	1	135.09	1	1.07121	1	448.374	1	53.4394	1	31.6228	308.571	346.128
951	32.4429	1	135.09	1	1.07121	1	448.374	1	53.4394	1	100	308.784	347.276
952	37.7749	1	749.872	1	1.0809	1	315.862	1	55.3799	1	0	273.249	301.462
952	37.7749	1	749.872	1	1.0809	1	315.862	1	55.3799	1	0.001	273.278	301.499
952	37.7749	1	749.872	1	1.0809	1	315.862	1	55.3799	1	0.00316228	273.339	301.579
952	37.7749	1	749.872	1	1.0809	1	315.862	1	55.3799	1	0.01	273.53	301.831
952	37.7749	1	749.872	1	1.0809	1	315.862	1	55.3799	1	0.0316228	274.118	302.608
952	37.7749	1	749.872	1	1.0809	1	315.862	1	55.3799	1	0.1	275.842	304.879
952	37.7749	1	749.872	1	1.0809	1	315.862	1	55.3799	1	0.316228	280.273	310.785
952	37.7749	1	749.872	1	1.0809	1	315.862	1	55.3799	1	1	288.688	322.271
952	37.7749	1	749.872	1	1.0809	1	315.862	1	55.3799	1	3.16228	298.737	336.13
952	37.7749	1	749.872	1	1.0809	1	315.862	1	55.3799	1	10	307.794	347.059
952	37.7749	1	749.872	1	1.0809	1	315.862	1	55.3799	1	31.6228	318.672	357.099
952	37.7749	1	749.872	1	1.0809	1	315.862	1	55.3799	1	100	335.083	374.382
953	77.5638	1	121.62	1	1.55208	1	203.632	1	51.1517	1	0	273.249	301.462
953	77.5638	1	121.62	1	1.55208	1	203.632	1	51.1517	1	0.001	273.269	301.487
953	77.5638	1	121.62	1	1.55208	1	203.632	1	51.1517	1	0.00316228	273.31	301.543
953	77.5638	1	121.62	1	1.55208	1	203.632	1	51.1517	1	0.01	273.442	301.717
953	77.5638	1	121.62	1	1.55208	1	203.632	1	51.1517	1	0.0316228	273.849	302.258
953	77.5638	1	121.62	1	1.55208	1	203.632	1	51.1517	1	0.1	275.068	303.876
953	77.5638	1	121.62	1	1.55208	1	203.632	1	51.1517	1	0.316228	278.368	308.291
953	77.5638	1	121.62	1	1.55208	1	203.632	1	51.1517	1	1	285.374	317.877
953	77.5638	1	121.62	1	1.55208	1	203.632	1	51.1517	1	3.16228	294.858	331.355
953	77.5638	1	121.62	1	1.55208	1	203.632	1	51.1517	1	10	302.773	342.476
953	77.5638	1	121.62	1	1.55208	1	203.632	1	51.1517	1	31.6228	309.784	350.38
953	77.5638	1	121.62	1	1.55208	1	203.632	1	51.1517	1	100	321.794	362.945
954	27.233	1	85.3137	1	0.409473	1	206.234	1	44.9035	1	0	273.249	301.462
954	27.233	1	85.3137	1	0.409473	1	206.234	1	44.9035	1	0.001	273.323	301.559
954	27.233	1	85.3137	1	0.409473	1	206.234	1	44.9035	1	0.00316228	273.48	301.768
954	27.233	1	85.3137	1	0.409473	1	206.234	1	44.9035	1	0.01	273.966	302.413
954	27.233	1	85.3137	1	0.409473	1	206.234	1	44.9035	1	0.0316228	275.405	304.324
954	27.233	1	85.3137	1	0.409473	1	206.234	1	44.9035	1	0.1	279.202	309.418
954	27.233	1	85.3137	1	0.409473	1	206.234	1	44.9035	1	0.316228	286.766	319.842
954	27.233	1	85.3137	1	0.409473	1	206.234	1	44.9035	1	1	296.034	333.166
954	27.233	1	85.3137	1	0.409473	1	206.234	1	44.9035	1	3.16228	302.823	342.765
954	27.233	1	85.3137	1	0.409473	1	206.234	1	44.9035	1	10	307.336	347.321
954	27.233	1	85.3137	1	0.409473	1	206.234	1	44.9035	1	31.6228	312.283	350.337
954	27.233	1	85.3137	1	0.409473	1	206.234	1	44.9035	1	100	314.345	355.193
955	18.4133	1	961.282	1	1.36587	1	733.948	1	42.2404	1	0	273.249	301.462
955	18.4133	1	961.282	1	1.36587	1	733.948	1	42.2404	1	0.001	273.272	301.491
955	18.4133	1	961.282	1	1.36587	1	733.948	1	42.2404	1	0.00316228	273.321	301.555
955	18.4133	1	961.282	1	1.36587	1	733.948	1	42.2404	1	0.01	273.474	301.755
955	18.4133	1	961.282	1	1.36587	1	733.948	1	42.2404	1	0.0316228	273.95	302.375
955	18.4133	1	961.282	1	1.36587	1	733.948	1	42.2404	1	0.1	275.366	304.217
955	18.4133	1	961.282	1	1.36587	1	733.948	1	42.2404	1	0.316228	279.153	309.173
955	18.4133	1	961.282	1	1.36587	1	733.948	1	42.2404	1	1	287.001	319.551
955	18.4133	1	961.282	1	1.36587	1	733.948	1	42.2404	1	3.16228	297.595	333.461
955	18.4133	1	961.282	1	1.36587	1	733.948	1	42.2404	1	10	307.765	344.835
955	18.4133	1	961.282	1	1.36587	1	733.948	1	42.2404	1	31.6228	315.215	352.501
955	18.4133	1	961.282	1	1.36587	1	733.948	1	42.2404	1	100	322.463	360.778
956	16.0088	1	568.569	1	1.60134	1	408.673	1	71.9259	1	0	273.249	301.462
956	16.0088	1	568.569	1	1.60134	1	408.673	1	71.9259	1	0.001	273.269	301.487
956	16.0088	1	568.569	1	1.60134	1	408.673	1	71.9259	1	0.00316228	273.311	301.541
956	16.0088	1	568.569	1	1.60134	1	408.673	1	71.9259	1	0.01	273.443	301.713
956	16.0088	1	568.569	1	1.60134	1	408.673	1	71.9259	1	0.0316228	273.855	302.246
956	16.0088	1	568.569	1	1.60134	1	408.673	1	71.9259	1	0.1	275.092	303.844
956	16.0088	1	568.569	1	1.60134	1	408.673	1	71.9259	1	0.316228	278.478	308.226
956	16.0088	1	568.569	1	1.60134	1	408.673	1	71.9259	1	1	285.89	317.876
956	16.0088	1	568.569	1	1.60134	1	408.673	1	71.9259	1	3.16228	296.806	331.921
956	16.0088	1	568.569	1	1.60134	1	408.673	1	71.9259	1	10	308.269	344.626
956	16.0088	1	568.569	1	1.60134	1	408.673	1	71.9259	1	31.6228	317.474	354.459
956	16.0088	1	568.569	1	1.60134	1	408.673	1	71.9259	1	100	329.078	367.447
957	19.9077	1	164.994	1	0.554723	1	183.305	1	83.833	1	0	273.249	301.462
957	19.9077	1	164.994	1	0.554723	1	183.305	1	83.833	1	0.001	273.304	301.534
957	19.9077	1	164.994	1	0.554723	1	183.305	1	83.833	1	0.00316228	273.422	301.689
957	19.9077	1	164.994	1	0.554723	1	183.305	1	83.833	1	0.01	273.787	302.172
957	19.9077	1	164.994	1	0.554723	1	183.305	1	83.833	1	0.0316228	274.889	303.627
957	19.9077	1	164.994	1	0.554723	1	183.305	1	83.833	1	0.1	277.919	307.645
957	19.9077	1	164.994	1	0.554723	1	183.305	1	83.833	1	0.316228	284.61	316.695
957	19.9077	1	164.994	1	0.554723	1	183.305	1	83.833	1	1	294.301	330.173
957	19.9077	1	164.994	1	0.554723	1	183.305	1	83.833	1	3.16228	303.161	342.033
957	19.9077	1	164.994	1	0.554723	1	183.305	1	83.833	1	10	311.285	350.086
957	19.9077	1	164.994	1	0.554723	1	183.305	1	83.833	1	31.6228	321.386	358.865
957	19.9077	1	164.994	1	0.554723	1	183.305	1	83.833	1	100	338.207	376.997
958	36.1371	1	418.312	1	1.42445	1	288.373	1	87.1068	1	0	273.249	301.462
958	36.1371	1	418.312	1	1.42445	1	288.373	1	87.1068	1	0.001	273.271	301.49
958	36.1371	1	418.312	1	1.42445	1	288.373	1	87.1068	1	0.00316228	273.317	301.551
958	36.1371	1	418.312	1	1.42445	1	288.373	1	87.1068	1	0.01	273.463	301.743
958	36.1371	1	418.312	1	1.42445	1	288.373	1	87.1068	1	0.0316228	273.915	302.338
958	36.1371	1	418.312	1	1.42445	1	288.373	1	87.1068	1	0.1	275.263	304.11
958	36.1371	1	418.312	1	1.42445	1	288.373	1	87.1068	1	0.316228	278.886	308.904
958	36.1371	1	418.312	1	1.42445	1	288.373	1	87.1068	1	1	286.447	319.087
958	36.1371	1	418.312	1	1.42445	1	288.373	1	87.1068	1	3.16228	296.711	333.083
958	36.1371	1	418.312	1	1.42445	1	288.373	1	87.1068	1	10	306.587	345.185
958	36.1371	1	418.312	1	1.42445	1	288.373	1	87.1068	1	31.6228	317.954	355.814
958	36.1371	1	418.312	1	1.42445	1	288.373	1	87.1068	1	100	333.799	372.37
959	34.2039	1	255.323	1	0.835503	1	54.4485	1	53.1647	1	0	273.249	301.462
959	34.2039	1	255.323	1	0.835503	1	54.4485	1	53.1647	1	0.001	273.287	301.511
959	34.2039	1	255.323	1	0.835503	1	54.4485	1	53.1647	1	0.00316228	273.367	301.617
959	34.2039	1	255.323	1	0.835503	1	54.4485	1	53.1647	1	0.01	273.62	301.948
959	34.2039	1	255.323	1	0.835503	1	54.4485	1	53.1647	1	0.0316228	274.392	302.963
959	34.2039	1	255.323	1	0.835503	1	54.4485	1	53.1647	1	0.1	276.612	305.874
959	34.2039	1	255.323	1	0.835503	1	54.4485	1	53.1647	1	0.316228	282.1	313.172
959	34.2039	1	255.323	1	0.835503	1	54.4485	1	53.1647	1	1	291.925	326.493
959	34.2039	1	255.323	1	0.835503	1	54.4485	1	53.1647	1	3.16228	304.044	342.511
959	34.2039	1	255.323	1	0.835503	1	54.4485	1	53.1647	1	10	320.225	360.633
959	34.2039	1	255.323	1	0.835503	1	54.4485	1	53.1647	1	31.6228	351.543	391.866
959	34.2039	1	255.323	1	0.835503	1	54.4485	1	53.1647	1	100	410.332	453.971
960	33.4142	1	914.771	1	1.30607	1	170.095	1	69.1095	1	0	273.249	301.462
960	33.4142	1	914.771	1	1.30607	1	170.095	1	69.1095	1	0.001	273.273	301.493
960	33.4142	1	914.771	1	1.30607	1	170.095	1	69.1095	1	0.00316228	273.324	301.56
960	33.4142	1	914.771	1	1.30607	1	170.095	1	69.1095	1	0.01	273.485	301.771
960	33.4142	1	914.771	1	1.30607	1	170.095	1	69.1095	1	0.0316228	273.983	302.424
960	33.4142	1	914.771	1	1.30607	1	170.095	1	69.1095	1	0.1	275.459	304.36
960	33.4142	1	914.771	1	1.30607	1	170.095	1	69.1095	1	0.316228	279.39	309.55
960	33.4142	1	914.771	1	1.30607	1	170.095	1	69.1095	1	1	287.431	320.342
960	33.4142	1	914.771	1	1.30607	1	170.095	1	69.1095	1	3.16228	298.322	335.005
960	33.4142	1	914.771	1	1.30607	1	170.095	1	69.1095	1	10	309.917	348.708
960	33.4142	1	914.771	1	1.30607	1	170.095	1	69.1095	1	31.6228	326.61	364.974
960	33.4142	1	914.771	1	1.30607	1	170.095	1	69.1095	1	100	355.834	395.998
961	39.3942	1	303.156	1	0.946198	1	473.359	1	72.4912	1	0	273.249	301.462
961	39.3942	1	303.156	1	0.946198	1	473.359	1	72.4912	1	0.001	273.281	301.504
961	39.3942	1	303.156	1	0.946198	1	473.359	1	72.4912	1	0.00316228	273.35	301.595
961	39.3942	1	303.156	1	0.946198	1	473.359	1	72.4912	1	0.01	273.566	301.881
961	39.3942	1	303.156	1	0.946198	1	473.359	1	72.4912	1	0.0316228	274.229	302.758
961	39.3942	1	303.156	1	0.946198	1	473.359	1	72.4912	1	0.1	276.147	305.293
961	39.3942	1	303.156	1	0.946198	1	473.359	1	72.4912	1	0.316228	280.946	311.723
961	39.3942	1	303.156	1	0.946198	1	473.359	1	72.4912	1	1	289.556	323.62
961	39.3942	1	303.156	1	0.946198	1	473.359	1	72.4912	1	3.16228	298.909	336.768
961	39.3942	1	303.156	1	0.946198	1	473.359	1	72.4912	1	10	306.135	345.637
961	39.3942	1	303.156	1	0.946198	1	473.359	1	72.4912	1	31.6228	313.026	351.193
961	39.3942	1	303.156	1	0.946198	1	473.359	1	72.4912	1	100	319.875	358.117
962	39.3669	1	637.183	1	0.665713	1	494.363	1	86.7904	1	0	273.249	301.462
962	39.3669	1	637.183	1	0.665713	1	494.363	1	86.7904	1	0.001	273.295	301.522
962	39.3669	1	637.183	1	0.665713	1	494.363	1	86.7904	1	0.00316228	273.393	301.651
962	39.3669	1	637.183	1	0.665713	1	494.363	1	86.7904	1	0.01	273.698	302.056
962	39.3669	1	637.183	1	0.665713	1	494.363	1	86.7904	1	0.0316228	274.624	303.282
962	39.3669	1	637.183	1	0.665713	1	494.363	1	86.7904	1	0.1	277.214	306.715
962	39.3669	1	637.183	1	0.665713	1	494.363	1	86.7904	1	0.316228	283.221	314.853
962	39.3669	1	637.183	1	0.665713	1	494.363	1	86.7904	1	1	292.525	327.906
962	39.3669	1	637.183	1	0.665713	1	494.363	1	86.7904	1	3.16228	301.2	340.142
962	39.3669	1	637.183	1	0.665713	1	494.363	1	86.7904	1	10	307.886	347.892
962	39.3669	1	637.183	1	0.665713	1	494.363	1	86.7904	1	31.6228	315.722	354.114
962	39.3669	1	637.183	1	0.665713	1	494.363	1	86.7904	1	100	325.747	364.166
963	27.1427	1	520.474	1	0.842243	1	356.697	1	70.3559	1	0	273.249	301.462
963	27.1427	1	520.474	1	0.842243	1	356.697	1	70.3559	1	0.001	273.286	301.509
963	27.1427	1	520.474	1	0.842243	1	356.697	1	70.3559	1	0.00316228	273.363	301.612
963	27.1427	1	520.474	1	0.842243	1	356.697	1	70.3559	1	0.01	273.607	301.934
963	27.1427	1	520.474	1	0.842243	1	356.697	1	70.3559	1	0.0316228	274.353	302.917
963	27.1427	1	520.474	1	0.842243	1	356.697	1	70.3559	1	0.1	276.491	305.734
963	27.1427	1	520.474	1	0.842243	1	356.697	1	70.3559	1	0.316228	281.736	312.751
963	27.1427	1	520.474	1	0.842243	1	356.697	1	70.3559	1	1	290.792	325.188
963	27.1427	1	520.474	1	0.842243	1	356.697	1	70.3559	1	3.16228	300.468	338.423
963	27.1427	1	520.474	1	0.842243	1	356.697	1	70.3559	1	10	308.913	347.868
963	27.1427	1	520.474	1	0.842243	1	356.697	1	70.3559	1	31.6228	318.416	356.098
963	27.1427	1	520.474	1	0.842243	1	356.697	1	70.3559	1	100	331.118	369.727
964	25.9976	1	762.93	1	0.632052	1	139.394	1	31.9914	1	0	273.249	301.462
964	25.9976	1	762.93	1	0.632052	1	139.394	1	31.9914	1	0.001	273.298	301.525
964	25.9976	1	762.93	1	0.632052	1	139.394	1	31.9914	1	0.00316228	273.402	301.663
964	25.9976	1	762.93	1	0.632052	1	139.394	1	31.9914	1	0.01	273.727	302.092
964	25.9976	1	762.93	1	0.632052	1	139.394	1	31.9914	1	0.0316228	274.711	303.39
964	25.9976	1	762.93	1	0.632052	1	139.394	1	31.9914	1	0.1	277.457	307.016
964	25.9976	1	762.93	1	0.632052	1	139.394	1	31.9914	1	0.316228	283.771	315.519
964	25.9976	1	762.93	1	0.632052	1	139.394	1	31.9914	1	1	293.561	329.052
964	25.9976	1	762.93	1	0.632052	1	139.394	1	31.9914	1	3.16228	303.425	342.296
964	25.9976	1	762.93	1	0.632052	1	139.394	1	31.9914	1	10	313.822	353.385
964	25.9976	1	762.93	1	0.632052	1	139.394	1	31.9914	1	31.6228	330.295	369.583
964	25.9976	1	762.93	1	0.632052	1	139.394	1	31.9914	1	100	363.738	404.851
965	27.3716	1	320.938	1	4.24294	1	369.033	1	63.8799	1	0	273.249	301.462
965	27.3716	1	320.938	1	4.24294	1	369.033	1	63.8799	1	0.001	273.257	301.471
965	27.3716	1	320.938	1	4.24294	1	369.033	1	63.8799	1	0.00316228	273.273	301.492
965	27.3716	1	320.938	1	4.24294	1	369.033	1	63.8799	1	0.01	273.324	301.557
965	27.3716	1	320.938	1	4.24294	1	369.033	1	63.8799	1	0.0316228	273.485	301.762
965	27.3716	1	320.938	1	4.24294	1	369.033	1	63.8799	1	0.1	273.982	302.398
965	27.3716	1	320.938	1	4.24294	1	369.033	1	63.8799	1	0.316228	275.464	304.285
965	27.3716	1	320.938	1	4.24294	1	369.033	1	63.8799	1	1	279.447	309.364
965	27.3716	1	320.938	1	4.24294	1	369.033	1	63.8799	1	3.16228	287.829	320.031
965	27.3716	1	320.938	1	4.24294	1	369.033	1	63.8799	1	10	299.907	334.701
965	27.3716	1	320.938	1	4.24294	1	369.033	1	63.8799	1	31.6228	312.435	348.114
965	27.3716	1	320.938	1	4.24294	1	369.033	1	63.8799	1	100	324.393	361.985
966	17.8268	1	265.321	1	0.52756	1	297.282	1	70.7081	1	0	273.249	301.462
966	17.8268	1	265.321	1	0.52756	1	297.282	1	70.7081	1	0.001	273.307	301.538
966	17.8268	1	265.321	1	0.52756	1	297.282	1	70.7081	1	0.00316228	273.431	301.701
966	17.8268	1	265.321	1	0.52756	1	297.282	1	70.7081	1	0.01	273.815	302.208
966	17.8268	1	265.321	1	0.52756	1	297.282	1	70.7081	1	0.0316228	274.969	303.732
966	17.8268	1	265.321	1	0.52756	1	297.282	1	70.7081	1	0.1	278.128	307.921
966	17.8268	1	265.321	1	0.52756	1	297.282	1	70.7081	1	0.316228	284.996	317.209
966	17.8268	1	265.321	1	0.52756	1	297.282	1	70.7081	1	1	294.719	330.72
966	17.8268	1	265.321	1	0.52756	1	297.282	1	70.7081	1	3.16228	303.405	342.214
966	17.8268	1	265.321	1	0.52756	1	297.282	1	70.7081	1	10	311.114	349.577
966	17.8268	1	265.321	1	0.52756	1	297.282	1	70.7081	1	31.6228	318.724	356.211
966	17.8268	1	265.321	1	0.52756	1	297.282	1	70.7081	1	100	329.878	368.314
967	28.4901	1	247.874	1	1.58555	1	261.761	1	93.4911	1	0	273.249	301.462
967	28.4901	1	247.874	1	1.58555	1	261.761	1	93.4911	1	0.001	273.269	301.487
967	28.4901	1	247.874	1	1.58555	1	261.761	1	93.4911	1	0.00316228	273.311	301.542
967	28.4901	1	247.874	1	1.58555	1	261.761	1	93.4911	1	0.01	273.442	301.714
967	28.4901	1	247.874	1	1.58555	1	261.761	1	93.4911	1	0.0316228	273.85	302.249
967	28.4901	1	247.874	1	1.58555	1	261.761	1	93.4911	1	0.1	275.074	303.853
967	28.4901	1	247.874	1	1.58555	1	261.761	1	93.4911	1	0.316228	278.411	308.243
967	28.4901	1	247.874	1	1.58555	1	261.761	1	93.4911	1	1	285.63	317.871
967	28.4901	1	247.874	1	1.58555	1	261.761	1	93.4911	1	3.16228	295.949	331.754
967	28.4901	1	247.874	1	1.58555	1	261.761	1	93.4911	1	10	306.263	344.13
967	28.4901	1	247.874	1	1.58555	1	261.761	1	93.4911	1	31.6228	317.334	354.432
967	28.4901	1	247.874	1	1.58555	1	261.761	1	93.4911	1	100	331.406	369.606
968	34.0824	1	166.467	1	1.35389	1	285.001	1	61.7419	1	0	273.249	301.462
968	34.0824	1	166.467	1	1.35389	1	285.001	1	61.7419	1	0.001	273.272	301.491
968	34.0824	1	166.467	1	1.35389	1	285.001	1	61.7419	1	0.00316228	273.32	301.555
968	34.0824	1	166.467	1	1.35389	1	285.001	1	61.7419	1	0.01	273.472	301.755
968	34.0824	1	166.467	1	1.35389	1	285.001	1	61.7419	1	0.0316228	273.942	302.375
968	34.0824	1	166.467	1	1.35389	1	285.001	1	61.7419	1	0.1	275.337	304.215
968	34.0824	1	166.467	1	1.35389	1	285.001	1	61.7419	1	0.316228	279.055	309.154
968	34.0824	1	166.467	1	1.35389	1	285.001	1	61.7419	1	1	286.65	319.442
968	34.0824	1	166.467	1	1.35389	1	285.001	1	61.7419	1	3.16228	296.509	333.038
968	34.0824	1	166.467	1	1.35389	1	285.001	1	61.7419	1	10	305.118	343.721
968	34.0824	1	166.467	1	1.35389	1	285.001	1	61.7419	1	31.6228	313.288	351.004
968	34.0824	1	166.467	1	1.35389	1	285.001	1	61.7419	1	100	322.347	361.029
969	27.6469	1	235.932	1	0.857868	1	562.973	1	72.1384	1	0	273.249	301.462
969	27.6469	1	235.932	1	0.857868	1	562.973	1	72.1384	1	0.001	273.285	301.508
969	27.6469	1	235.932	1	0.857868	1	562.973	1	72.1384	1	0.00316228	273.361	301.609
969	27.6469	1	235.932	1	0.857868	1	562.973	1	72.1384	1	0.01	273.598	301.923
969	27.6469	1	235.932	1	0.857868	1	562.973	1	72.1384	1	0.0316228	274.326	302.884
969	27.6469	1	235.932	1	0.857868	1	562.973	1	72.1384	1	0.1	276.415	305.641
969	27.6469	1	235.932	1	0.857868	1	562.973	1	72.1384	1	0.316228	281.548	312.521
969	27.6469	1	235.932	1	0.857868	1	562.973	1	72.1384	1	1	290.407	324.738
969	27.6469	1	235.932	1	0.857868	1	562.973	1	72.1384	1	3.16228	299.632	337.528
969	27.6469	1	235.932	1	0.857868	1	562.973	1	72.1384	1	10	306.676	345.565
969	27.6469	1	235.932	1	0.857868	1	562.973	1	72.1384	1	31.6228	312.352	349.612
969	27.6469	1	235.932	1	0.857868	1	562.973	1	72.1384	1	100	315.226	352.881
970	28.3435	1	322.125	1	1.08729	1	232.086	1	83.6257	1	0	273.249	301.462
970	28.3435	1	322.125	1	1.08729	1	232.086	1	83.6257	1	0.001	273.278	301.499
970	28.3435	1	322.125	1	1.08729	1	232.086	1	83.6257	1	0.00316228	273.338	301.578
970	28.3435	1	322.125	1	1.08729	1	232.086	1	83.6257	1	0.01	273.528	301.829
970	28.3435	1	322.125	1	1.08729	1	232.086	1	83.6257	1	0.0316228	274.115	302.601
970	28.3435	1	322.125	1	1.08729	1	232.086	1	83.6257	1	0.1	275.834	304.86
970	28.3435	1	322.125	1	1.08729	1	232.086	1	83.6257	1	0.316228	280.262	310.742
970	28.3435	1	322.125	1	1.08729	1	232.086	1	83.6257	1	1	288.724	322.215
970	28.3435	1	322.125	1	1.08729	1	232.086	1	83.6257	1	3.16228	298.994	336.161
970	28.3435	1	322.125	1	1.08729	1	232.086	1	83.6257	1	10	308.687	347.386
970	28.3435	1	322.125	1	1.08729	1	232.086	1	83.6257	1	31.6228	320.464	358.088
970	28.3435	1	322.125	1	1.08729	1	232.086	1	83.6257	1	100	338.032	376.826
971	25.8373	1	250.766	1	0.835417	1	277.325	1	37.2314	1	0	273.249	301.462
971	25.8373	1	250.766	1	0.835417	1	277.325	1	37.2314	1	0.001	273.286	301.51
971	25.8373	1	250.766	1	0.835417	1	277.325	1	37.2314	1	0.00316228	273.364	301.613
971	25.8373	1	250.766	1	0.835417	1	277.325	1	37.2314	1	0.01	273.61	301.937
971	25.8373	1	250.766	1	0.835417	1	277.325	1	37.2314	1	0.0316228	274.36	302.927
971	25.8373	1	250.766	1	0.835417	1	277.325	1	37.2314	1	0.1	276.51	305.76
971	25.8373	1	250.766	1	0.835417	1	277.325	1	37.2314	1	0.316228	281.777	312.808
971	25.8373	1	250.766	1	0.835417	1	277.325	1	37.2314	1	1	290.831	325.25
971	25.8373	1	250.766	1	0.835417	1	277.325	1	37.2314	1	3.16228	300.436	338.399
971	25.8373	1	250.766	1	0.835417	1	277.325	1	37.2314	1	10	308.68	347.603
971	25.8373	1	250.766	1	0.835417	1	277.325	1	37.2314	1	31.6228	317.305	355.301
971	25.8373	1	250.766	1	0.835417	1	277.325	1	37.2314	1	100	329.416	368.58
972	18.635	1	258.063	1	1.1663	1	263.108	1	40.8691	1	0	273.249	301.462
972	18.635	1	258.063	1	1.1663	1	263.108	1	40.8691	1	0.001	273.276	301.496
972	18.635	1	258.063	1	1.1663	1	263.108	1	40.8691	1	0.00316228	273.333	301.571
972	18.635	1	258.063	1	1.1663	1	263.108	1	40.8691	1	0.01	273.511	301.804
972	18.635	1	258.063	1	1.1663	1	263.108	1	40.8691	1	0.0316228	274.063	302.526
972	18.635	1	258.063	1	1.1663	1	263.108	1	40.8691	1	0.1	275.688	304.648
972	18.635	1	258.063	1	1.1663	1	263.108	1	40.8691	1	0.316228	279.931	310.235
972	18.635	1	258.063	1	1.1663	1	263.108	1	40.8691	1	1	288.284	321.381
972	18.635	1	258.063	1	1.1663	1	263.108	1	40.8691	1	3.16228	298.866	335.351
972	18.635	1	258.063	1	1.1663	1	263.108	1	40.8691	1	10	309.059	346.575
972	18.635	1	258.063	1	1.1663	1	263.108	1	40.8691	1	31.6228	318.515	355.89
972	18.635	1	258.063	1	1.1663	1	263.108	1	40.8691	1	100	332.067	370.819
973	16.6131	1	558.209	1	0.684161	1	138.264	1	86.7413	1	0	273.249	301.462
973	16.6131	1	558.209	1	0.684161	1	138.264	1	86.7413	1	0.001	273.294	301.521
973	16.6131	1	558.209	1	0.684161	1	138.264	1	86.7413	1	0.00316228	273.391	301.648
973	16.6131	1	558.209	1	0.684161	1	138.264	1	86.7413	1	0.01	273.693	302.045
973	16.6131	1	558.209	1	0.684161	1	138.264	1	86.7413	1	0.0316228	274.612	303.251
973	16.6131	1	558.209	1	0.684161	1	138.264	1	86.7413	1	0.1	277.197	306.638
973	16.6131	1	558.209	1	0.684161	1	138.264	1	86.7413	1	0.316228	283.284	314.757
973	16.6131	1	558.209	1	0.684161	1	138.264	1	86.7413	1	1	293.146	328.145
973	16.6131	1	558.209	1	0.684161	1	138.264	1	86.7413	1	3.16228	303.693	341.774
973	16.6131	1	558.209	1	0.684161	1	138.264	1	86.7413	1	10	315.229	353.419
973	16.6131	1	558.209	1	0.684161	1	138.264	1	86.7413	1	31.6228	331.269	369.597
973	16.6131	1	558.209	1	0.684161	1	138.264	1	86.7413	1	100	363.017	403.582
974	23.8018	1	769.608	1	0.948157	1	169.272	1	63.661	1	0	273.249	301.462
974	23.8018	1	769.608	1	0.948157	1	169.272	1	63.661	1	0.001	273.282	301.504
974	23.8018	1	769.608	1	0.948157	1	169.272	1	63.661	1	0.00316228	273.352	301.596
974	23.8018	1	769.608	1	0.948157	1	169.272	1	63.661	1	0.01	273.571	301.885
974	23.8018	1	769.608	1	0.948157	1	169.272	1	63.661	1	0.0316228	274.246	302.771
974	23.8018	1	769.608	1	0.948157	1	169.272	1	63.661	1	0.1	276.202	305.335
974	23.8018	1	769.608	1	0.948157	1	169.272	1	63.661	1	0.316228	281.127	311.861
974	23.8018	1	769.608	1	0.948157	1	169.272	1	63.661	1	1	290.17	324.101
974	23.8018	1	769.608	1	0.948157	1	169.272	1	63.661	1	3.16228	300.888	338.391
974	23.8018	1	769.608	1	0.948157	1	169.272	1	63.661	1	10	312.046	350.684
974	23.8018	1	769.608	1	0.948157	1	169.272	1	63.661	1	31.6228	327.763	365.885
974	23.8018	1	769.608	1	0.948157	1	169.272	1	63.661	1	100	355.782	396
975	18.5948	1	729.817	1	0.957835	1	297.526	1	74.9804	1	0	273.249	301.462
975	18.5948	1	729.817	1	0.957835	1	297.526	1	74.9804	1	0.001	273.282	301.504
975	18.5948	1	729.817	1	0.957835	1	297.526	1	74.9804	1	0.00316228	273.351	301.594
975	18.5948	1	729.817	1	0.957835	1	297.526	1	74.9804	1	0.01	273.568	301.879
975	18.5948	1	729.817	1	0.957835	1	297.526	1	74.9804	1	0.0316228	274.234	302.752
975	18.5948	1	729.817	1	0.957835	1	297.526	1	74.9804	1	0.1	276.168	305.283
975	18.5948	1	729.817	1	0.957835	1	297.526	1	74.9804	1	0.316228	281.044	311.728
975	18.5948	1	729.817	1	0.957835	1	297.526	1	74.9804	1	1	290.006	323.788
975	18.5948	1	729.817	1	0.957835	1	297.526	1	74.9804	1	3.16228	300.506	337.639
975	18.5948	1	729.817	1	0.957835	1	297.526	1	74.9804	1	10	310.689	348.516
975	18.5948	1	729.817	1	0.957835	1	297.526	1	74.9804	1	31.6228	321.195	358.822
975	18.5948	1	729.817	1	0.957835	1	297.526	1	74.9804	1	100	337.805	376.882
976	27.2549	1	462.35	1	1.27851	1	445.926	1	59.866	1	0	273.249	301.462
976	27.2549	1	462.35	1	1.27851	1	445.926	1	59.866	1	0.001	273.273	301.493
976	27.2549	1	462.35	1	1.27851	1	445.926	1	59.866	1	0.00316228	273.325	301.561
976	27.2549	1	462.35	1	1.27851	1	445.926	1	59.866	1	0.01	273.487	301.774
976	27.2549	1	462.35	1	1.27851	1	445.926	1	59.866	1	0.0316228	273.989	302.433
976	27.2549	1	462.35	1	1.27851	1	445.926	1	59.866	1	0.1	275.475	304.383
976	27.2549	1	462.35	1	1.27851	1	445.926	1	59.866	1	0.316228	279.405	309.582
976	27.2549	1	462.35	1	1.27851	1	445.926	1	59.866	1	1	287.322	320.232
976	27.2549	1	462.35	1	1.27851	1	445.926	1	59.866	1	3.16228	297.526	334.06
976	27.2549	1	462.35	1	1.27851	1	445.926	1	59.866	1	10	306.885	345.072
976	27.2549	1	462.35	1	1.27851	1	445.926	1	59.866	1	31.6228	315.769	353.148
976	27.2549	1	462.35	1	1.27851	1	445.926	1	59.866	1	100	325.356	363.627
977	23.9099	1	396.665	1	0.984577	1	219.331	1	48.425	1	0	273.249	301.462
977	23.9099	1	396.665	1	0.984577	1	219.331	1	48.425	1	0.001	273.281	301.503
977	23.9099	1	396.665	1	0.984577	1	219.331	1	48.425	1	0.00316228	273.348	301.591
977	23.9099	1	396.665	1	0.984577	1	219.331	1	48.425	1	0.01	273.558	301.868
977	23.9099	1	396.665	1	0.984577	1	219.331	1	48.425	1	0.0316228	274.206	302.718
977	23.9099	1	396.665	1	0.984577	1	219.331	1	48.425	1	0.1	276.088	305.189
977	23.9099	1	396.665	1	0.984577	1	219.331	1	48.425	1	0.316228	280.854	311.514
977	23.9099	1	396.665	1	0.984577	1	219.331	1	48.425	1	1	289.675	323.463
977	23.9099	1	396.665	1	0.984577	1	219.331	1	48.425	1	3.16228	300.053	337.414
977	23.9099	1	396.665	1	0.984577	1	219.331	1	48.425	1	10	310.087	348.604
977	23.9099	1	396.665	1	0.984577	1	219.331	1	48.425	1	31.6228	322.131	360.008
977	23.9099	1	396.665	1	0.984577	1	219.331	1	48.425	1	100	341.762	381.063
978	25.15	1	937.623	1	0.71404	1	512.063	1	42.7049	1	0	273.249	301.462
978	25.15	1	937.623	1	0.71404	1	512.063	1	42.7049	1	0.001	273.292	301.518
978	25.15	1	937.623	1	0.71404	1	512.063	1	42.7049	1	0.00316228	273.384	301.639
978	25.15	1	937.623	1	0.71404	1	512.063	1	42.7049	1	0.01	273.67	302.017
978	25.15	1	937.623	1	0.71404	1	512.063	1	42.7049	1	0.0316228	274.541	303.167
978	25.15	1	937.623	1	0.71404	1	512.063	1	42.7049	1	0.1	276.997	306.404
978	25.15	1	937.623	1	0.71404	1	512.063	1	42.7049	1	0.316228	282.809	314.219
978	25.15	1	937.623	1	0.71404	1	512.063	1	42.7049	1	1	292.164	327.153
978	25.15	1	937.623	1	0.71404	1	512.063	1	42.7049	1	3.16228	301.414	339.785
978	25.15	1	937.623	1	0.71404	1	512.063	1	42.7049	1	10	309.224	348.214
978	25.15	1	937.623	1	0.71404	1	512.063	1	42.7049	1	31.6228	316.964	355.018
978	25.15	1	937.623	1	0.71404	1	512.063	1	42.7049	1	100	327.333	366.091
979	18.8481	1	628.49	1	1.14819	1	166.774	1	79.9257	1	0	273.249	301.462
979	18.8481	1	628.49	1	1.14819	1	166.774	1	79.9257	1	0.001	273.277	301.497
979	18.8481	1	628.49	1	1.14819	1	166.774	1	79.9257	1	0.00316228	273.335	301.573
979	18.8481	1	628.49	1	1.14819	1	166.774	1	79.9257	1	0.01	273.518	301.813
979	18.8481	1	628.49	1	1.14819	1	166.774	1	79.9257	1	0.0316228	274.085	302.552
979	18.8481	1	628.49	1	1.14819	1	166.774	1	79.9257	1	0.1	275.752	304.725
979	18.8481	1	628.49	1	1.14819	1	166.774	1	79.9257	1	0.316228	280.109	310.444
979	18.8481	1	628.49	1	1.14819	1	166.774	1	79.9257	1	1	288.713	321.874
979	18.8481	1	628.49	1	1.14819	1	166.774	1	79.9257	1	3.16228	299.954	336.534
979	18.8481	1	628.49	1	1.14819	1	166.774	1	79.9257	1	10	312.186	349.86
979	18.8481	1	628.49	1	1.14819	1	166.774	1	79.9257	1	31.6228	327.663	365.531
979	18.8481	1	628.49	1	1.14819	1	166.774	1	79.9257	1	100	355.361	395.402
980	23.3403	1	168.643	1	0.605998	1	386.556	1	88.4751	1	0	273.249	301.462
980	23.3403	1	168.643	1	0.605998	1	386.556	1	88.4751	1	0.001	273.299	301.527
980	23.3403	1	168.643	1	0.605998	1	386.556	1	88.4751	1	0.00316228	273.406	301.669
980	23.3403	1	168.643	1	0.605998	1	386.556	1	88.4751	1	0.01	273.74	302.111
980	23.3403	1	168.643	1	0.605998	1	386.556	1	88.4751	1	0.0316228	274.749	303.446
980	23.3403	1	168.643	1	0.605998	1	386.556	1	88.4751	1	0.1	277.548	307.157
980	23.3403	1	168.643	1	0.605998	1	386.556	1	88.4751	1	0.316228	283.873	315.722
980	23.3403	1	168.643	1	0.605998	1	386.556	1	88.4751	1	1	293.275	328.856
980	23.3403	1	168.643	1	0.605998	1	386.556	1	88.4751	1	3.16228	301.688	340.458
980	23.3403	1	168.643	1	0.605998	1	386.556	1	88.4751	1	10	308.027	346.988
980	23.3403	1	168.643	1	0.605998	1	386.556	1	88.4751	1	31.6228	313.497	350.556
980	23.3403	1	168.643	1	0.605998	1	386.556	1	88.4751	1	100	317.799	355.399
981	24.9578	1	262.834	1	0.728729	1	222.078	1	88.667	1	0	273.249	301.462
981	24.9578	1	262.834	1	0.728729	1	222.078	1	88.667	1	0.001	273.291	301.517
981	24.9578	1	262.834	1	0.728729	1	222.078	1	88.667	1	0.00316228	273.381	301.635
981	24.9578	1	262.834	1	0.728729	1	222.078	1	88.667	1	0.01	273.662	302.006
981	24.9578	1	262.834	1	0.728729	1	222.078	1	88.667	1	0.0316228	274.517	303.134
981	24.9578	1	262.834	1	0.728729	1	222.078	1	88.667	1	0.1	276.932	306.318
981	24.9578	1	262.834	1	0.728729	1	222.078	1	88.667	1	0.316228	282.68	314.04
981	24.9578	1	262.834	1	0.728729	1	222.078	1	88.667	1	1	292.045	326.964
981	24.9578	1	262.834	1	0.728729	1	222.078	1	88.667	1	3.16228	301.539	339.88
981	24.9578	1	262.834	1	0.728729	1	222.078	1	88.667	1	10	310.11	349.142
981	24.9578	1	262.834	1	0.728729	1	222.078	1	88.667	1	31.6228	320.99	358.522
981	24.9578	1	262.834	1	0.728729	1	222.078	1	88.667	1	100	337.526	376.278
982	23.3893	1	317.346	1	0.61626	1	38.7203	1	89.3819	1	0	273.249	301.462
982	23.3893	1	317.346	1	0.61626	1	38.7203	1	89.3819	1	0.001	273.3	301.528
982	23.3893	1	317.346	1	0.61626	1	38.7203	1	89.3819	1	0.00316228	273.41	301.672
982	23.3893	1	317.346	1	0.61626	1	38.7203	1	89.3819	1	0.01	273.751	302.12
982	23.3893	1	317.346	1	0.61626	1	38.7203	1	89.3819	1	0.0316228	274.787	303.478
982	23.3893	1	317.346	1	0.61626	1	38.7203	1	89.3819	1	0.1	277.684	307.279
982	23.3893	1	317.346	1	0.61626	1	38.7203	1	89.3819	1	0.316228	284.384	316.214
982	23.3893	1	317.346	1	0.61626	1	38.7203	1	89.3819	1	1	295.238	330.874
982	23.3893	1	317.346	1	0.61626	1	38.7203	1	89.3819	1	3.16228	308.347	347.512
982	23.3893	1	317.346	1	0.61626	1	38.7203	1	89.3819	1	10	328.588	368.847
982	23.3893	1	317.346	1	0.61626	1	38.7203	1	89.3819	1	31.6228	369.081	409.565
982	23.3893	1	317.346	1	0.61626	1	38.7203	1	89.3819	1	100	444.153	489.144
983	23.2386	1	1304.68	1	0.685393	1	358.7	1	85.6251	1	0	273.249	301.462
983	23.2386	1	1304.68	1	0.685393	1	358.7	1	85.6251	1	0.001	273.294	301.52
983	23.2386	1	1304.68	1	0.685393	1	358.7	1	85.6251	1	0.00316228	273.39	301.646
983	23.2386	1	1304.68	1	0.685393	1	358.7	1	85.6251	1	0.01	273.688	302.04
983	23.2386	1	1304.68	1	0.685393	1	358.7	1	85.6251	1	0.0316228	274.596	303.237
983	23.2386	1	1304.68	1	0.685393	1	358.7	1	85.6251	1	0.1	277.144	306.595
983	23.2386	1	1304.68	1	0.685393	1	358.7	1	85.6251	1	0.316228	283.12	314.627
983	23.2386	1	1304.68	1	0.685393	1	358.7	1	85.6251	1	1	292.618	327.735
983	23.2386	1	1304.68	1	0.685393	1	358.7	1	85.6251	1	3.16228	302.034	340.453
983	23.2386	1	1304.68	1	0.685393	1	358.7	1	85.6251	1	10	310.578	349.436
983	23.2386	1	1304.68	1	0.685393	1	358.7	1	85.6251	1	31.6228	320.554	358.374
983	23.2386	1	1304.68	1	0.685393	1	358.7	1	85.6251	1	100	335.841	374.944
984	28.0949	1	945.201	1	1.32908	1	565.427	1	106.698	1	0	273.249	301.462
984	28.0949	1	945.201	1	1.32908	1	565.427	1	106.698	1	0.001	273.272	301.492
984	28.0949	1	945.201	1	1.32908	1	565.427	1	106.698	1	0.00316228	273.322	301.557
984	28.0949	1	945.201	1	1.32908	1	565.427	1	106.698	1	0.01	273.478	301.762
984	28.0949	1	945.201	1	1.32908	1	565.427	1	106.698	1	0.0316228	273.963	302.398
984	28.0949	1	945.201	1	1.32908	1	565.427	1	106.698	1	0.1	275.399	304.282
984	28.0949	1	945.201	1	1.32908	1	565.427	1	106.698	1	0.316228	279.222	309.334
984	28.0949	1	945.201	1	1.32908	1	565.427	1	106.698	1	1	287.025	319.813
984	28.0949	1	945.201	1	1.32908	1	565.427	1	106.698	1	3.16228	297.273	333.677
984	28.0949	1	945.201	1	1.32908	1	565.427	1	106.698	1	10	306.82	344.949
984	28.0949	1	945.201	1	1.32908	1	565.427	1	106.698	1	31.6228	316.131	353.4
984	28.0949	1	945.201	1	1.32908	1	565.427	1	106.698	1	100	325.978	364.19
985	25.6232	1	472.558	1	1.08928	1	350.403	1	27.8243	1	0	273.249	301.462
985	25.6232	1	472.558	1	1.08928	1	350.403	1	27.8243	1	0.001	273.278	301.499
985	25.6232	1	472.558	1	1.08928	1	350.403	1	27.8243	1	0.00316228	273.338	301.578
985	25.6232	1	472.558	1	1.08928	1	350.403	1	27.8243	1	0.01	273.528	301.828
985	25.6232	1	472.558	1	1.08928	1	350.403	1	27.8243	1	0.0316228	274.115	302.599
985	25.6232	1	472.558	1	1.08928	1	350.403	1	27.8243	1	0.1	275.832	304.854
985	25.6232	1	472.558	1	1.08928	1	350.403	1	27.8243	1	0.316228	280.257	310.724
985	25.6232	1	472.558	1	1.08928	1	350.403	1	27.8243	1	1	288.712	322.165
985	25.6232	1	472.558	1	1.08928	1	350.403	1	27.8243	1	3.16228	298.892	335.956
985	25.6232	1	472.558	1	1.08928	1	350.403	1	27.8243	1	10	308.125	346.58
985	25.6232	1	472.558	1	1.08928	1	350.403	1	27.8243	1	31.6228	316.831	355.158
985	25.6232	1	472.558	1	1.08928	1	350.403	1	27.8243	1	100	329.95	368.977
986	32.7577	1	289.147	1	1.05552	1	267.012	1	38.0105	1	0	273.249	301.462
986	32.7577	1	289.147	1	1.05552	1	267.012	1	38.0105	1	0.001	273.278	301.5
986	32.7577	1	289.147	1	1.05552	1	267.012	1	38.0105	1	0.00316228	273.341	301.582
986	32.7577	1	289.147	1	1.05552	1	267.012	1	38.0105	1	0.01	273.536	301.839
986	32.7577	1	289.147	1	1.05552	1	267.012	1	38.0105	1	0.0316228	274.137	302.632
986	32.7577	1	289.147	1	1.05552	1	267.012	1	38.0105	1	0.1	275.893	304.947
986	32.7577	1	289.147	1	1.05552	1	267.012	1	38.0105	1	0.316228	280.389	310.939
986	32.7577	1	289.147	1	1.05552	1	267.012	1	38.0105	1	1	288.854	322.49
986	32.7577	1	289.147	1	1.05552	1	267.012	1	38.0105	1	3.16228	298.813	336.202
986	32.7577	1	289.147	1	1.05552	1	267.012	1	38.0105	1	10	307.607	346.686
986	32.7577	1	289.147	1	1.05552	1	267.012	1	38.0105	1	31.6228	317.378	355.654
986	32.7577	1	289.147	1	1.05552	1	267.012	1	38.0105	1	100	331.152	370.825
987	30.4065	1	266.483	1	1.1739	1	223.526	1	68.9193	1	0	273.249	301.462
987	30.4065	1	266.483	1	1.1739	1	223.526	1	68.9193	1	0.001	273.275	301.496
987	30.4065	1	266.483	1	1.1739	1	223.526	1	68.9193	1	0.00316228	273.332	301.57
987	30.4065	1	266.483	1	1.1739	1	223.526	1	68.9193	1	0.01	273.508	301.802
987	30.4065	1	266.483	1	1.1739	1	223.526	1	68.9193	1	0.0316228	274.052	302.519
987	30.4065	1	266.483	1	1.1739	1	223.526	1	68.9193	1	0.1	275.656	304.627
987	30.4065	1	266.483	1	1.1739	1	223.526	1	68.9193	1	0.316228	279.842	310.184
987	30.4065	1	266.483	1	1.1739	1	223.526	1	68.9193	1	1	288.049	321.295
987	30.4065	1	266.483	1	1.1739	1	223.526	1	68.9193	1	3.16228	298.319	335.288
987	30.4065	1	266.483	1	1.1739	1	223.526	1	68.9193	1	10	307.991	346.716
987	30.4065	1	266.483	1	1.1739	1	223.526	1	68.9193	1	31.6228	319.562	357.306
987	30.4065	1	266.483	1	1.1739	1	223.526	1	68.9193	1	100	336.583	375.527
988	35.2016	1	574.32	1	1.00312	1	187.088	1	70.2211	1	0	273.249	301.462
988	35.2016	1	574.32	1	1.00312	1	187.088	1	70.2211	1	0.001	273.28	301.502
988	35.2016	1	574.32	1	1.00312	1	187.088	1	70.2211	1	0.00316228	273.346	301.589
988	35.2016	1	574.32	1	1.00312	1	187.088	1	70.2211	1	0.01	273.552	301.861
988	35.2016	1	574.32	1	1.00312	1	187.088	1	70.2211	1	0.0316228	274.188	302.698
988	35.2016	1	574.32	1	1.00312	1	187.088	1	70.2211	1	0.1	276.037	305.133
988	35.2016	1	574.32	1	1.00312	1	187.088	1	70.2211	1	0.316228	280.735	311.391
988	35.2016	1	574.32	1	1.00312	1	187.088	1	70.2211	1	1	289.47	323.306
988	35.2016	1	574.32	1	1.00312	1	187.088	1	70.2211	1	3.16228	299.819	337.458
988	35.2016	1	574.32	1	1.00312	1	187.088	1	70.2211	1	10	309.914	349.301
988	35.2016	1	574.32	1	1.00312	1	187.088	1	70.2211	1	31.6228	324.462	362.974
988	35.2016	1	574.32	1	1.00312	1	187.088	1	70.2211	1	100	349.736	389.546
989	29.207	1	1035.69	1	2.09308	1	464.922	1	69.9085	1	0	273.249	301.462
989	29.207	1	1035.69	1	2.09308	1	464.922	1	69.9085	1	0.001	273.264	301.481
989	29.207	1	1035.69	1	2.09308	1	464.922	1	69.9085	1	0.00316228	273.296	301.523
989	29.207	1	1035.69	1	2.09308	1	464.922	1	69.9085	1	0.01	273.397	301.654
989	29.207	1	1035.69	1	2.09308	1	464.922	1	69.9085	1	0.0316228	273.712	302.065
989	29.207	1	1035.69	1	2.09308	1	464.922	1	69.9085	1	0.1	274.669	303.311
989	29.207	1	1035.69	1	2.09308	1	464.922	1	69.9085	1	0.316228	277.356	306.802
989	29.207	1	1035.69	1	2.09308	1	464.922	1	69.9085	1	1	283.659	315.101
989	29.207	1	1035.69	1	2.09308	1	464.922	1	69.9085	1	3.16228	293.839	328.599
989	29.207	1	1035.69	1	2.09308	1	464.922	1	69.9085	1	10	304.991	342.144
989	29.207	1	1035.69	1	2.09308	1	464.922	1	69.9085	1	31.6228	316.124	353.187
989	29.207	1	1035.69	1	2.09308	1	464.922	1	69.9085	1	100	328.875	367.274
990	18.1876	1	172.064	1	0.454658	1	165.736	1	76.3452	1	0	273.249	301.462
990	18.1876	1	172.064	1	0.454658	1	165.736	1	76.3452	1	0.001	273.316	301.55
990	18.1876	1	172.064	1	0.454658	1	165.736	1	76.3452	1	0.00316228	273.459	301.739
990	18.1876	1	172.064	1	0.454658	1	165.736	1	76.3452	1	0.01	273.903	302.326
990	18.1876	1	172.064	1	0.454658	1	165.736	1	76.3452	1	0.0316228	275.226	304.074
990	18.1876	1	172.064	1	0.454658	1	165.736	1	76.3452	1	0.1	278.778	308.804
990	18.1876	1	172.064	1	0.454658	1	165.736	1	76.3452	1	0.316228	286.157	318.845
990	18.1876	1	172.064	1	0.454658	1	165.736	1	76.3452	1	1	295.936	332.51
990	18.1876	1	172.064	1	0.454658	1	165.736	1	76.3452	1	3.16228	304.402	343.64
990	18.1876	1	172.064	1	0.454658	1	165.736	1	76.3452	1	10	312.643	351.428
990	18.1876	1	172.064	1	0.454658	1	165.736	1	76.3452	1	31.6228	323.448	361.115
990	18.1876	1	172.064	1	0.454658	1	165.736	1	76.3452	1	100	342.661	381.78
991	26.4605	1	316.916	1	0.756265	1	750.248	1	51.3476	1	0	273.249	301.462
991	26.4605	1	316.916	1	0.756265	1	750.248	1	51.3476	1	0.001	273.289	301.514
991	26.4605	1	316.916	1	0.756265	1	750.248	1	51.3476	1	0.00316228	273.376	301.628
991	26.4605	1	316.916	1	0.756265	1	750.248	1	51.3476	1	0.01	273.645	301.984
991	26.4605	1	316.916	1	0.756265	1	750.248	1	51.3476	1	0.0316228	274.466	303.07
991	26.4605	1	316.916	1	0.756265	1	750.248	1	51.3476	1	0.1	276.794	306.141
991	26.4605	1	316.916	1	0.756265	1	750.248	1	51.3476	1	0.316228	282.366	313.636
991	26.4605	1	316.916	1	0.756265	1	750.248	1	51.3476	1	1	291.491	326.273
991	26.4605	1	316.916	1	0.756265	1	750.248	1	51.3476	1	3.16228	300.484	338.719
991	26.4605	1	316.916	1	0.756265	1	750.248	1	51.3476	1	10	307.272	346.237
991	26.4605	1	316.916	1	0.756265	1	750.248	1	51.3476	1	31.6228	312.466	349.971
991	26.4605	1	316.916	1	0.756265	1	750.248	1	51.3476	1	100	314.563	352.399
992	45.2549	1	1137	1	1.10374	1	101.995	1	79.3791	1	0	273.249	301.462
992	45.2549	1	1137	1	1.10374	1	101.995	1	79.3791	1	0.001	273.278	301.499
992	45.2549	1	1137	1	1.10374	1	101.995	1	79.3791	1	0.00316228	273.338	301.578
992	45.2549	1	1137	1	1.10374	1	101.995	1	79.3791	1	0.01	273.529	301.829
992	45.2549	1	1137	1	1.10374	1	101.995	1	79.3791	1	0.0316228	274.116	302.602
992	45.2549	1	1137	1	1.10374	1	101.995	1	79.3791	1	0.1	275.842	304.868
992	45.2549	1	1137	1	1.10374	1	101.995	1	79.3791	1	0.316228	280.319	310.809
992	45.2549	1	1137	1	1.10374	1	101.995	1	79.3791	1	1	289.027	322.603
992	45.2549	1	1137	1	1.10374	1	101.995	1	79.3791	1	3.16228	300.307	337.858
992	45.2549	1	1137	1	1.10374	1	101.995	1	79.3791	1	10	313.247	353.189
992	45.2549	1	1137	1	1.10374	1	101.995	1	79.3791	1	31.6228	335.854	375.669
992	45.2549	1	1137	1	1.10374	1	101.995	1	79.3791	1	100	380.234	421.975
993	33.8689	1	658.319	1	0.87568	1	902.763	1	109.824	1	0	273.249	301.462
993	33.8689	1	658.319	1	0.87568	1	902.763	1	109.824	1	0.001	273.284	301.507
993	33.8689	1	658.319	1	0.87568	1	902.763	1	109.824	1	0.00316228	273.359	301.606
993	33.8689	1	658.319	1	0.87568	1	902.763	1	109.824	1	0.01	273.592	301.914
993	33.8689	1	658.319	1	0.87568	1	902.763	1	109.824	1	0.0316228	274.307	302.86
993	33.8689	1	658.319	1	0.87568	1	902.763	1	109.824	1	0.1	276.363	305.574
993	33.8689	1	658.319	1	0.87568	1	902.763	1	109.824	1	0.316228	281.435	312.375
993	33.8689	1	658.319	1	0.87568	1	902.763	1	109.824	1	1	290.264	324.572
993	33.8689	1	658.319	1	0.87568	1	902.763	1	109.824	1	3.16228	299.571	337.551
993	33.8689	1	658.319	1	0.87568	1	902.763	1	109.824	1	10	306.806	346.066
993	33.8689	1	658.319	1	0.87568	1	902.763	1	109.824	1	31.6228	313.629	351.304
993	33.8689	1	658.319	1	0.87568	1	902.763	1	109.824	1	100	318.599	356.318
994	31.2957	1	566.511	1	1.92722	1	50.0194	1	44.4027	1	0	273.249	301.462
994	31.2957	1	566.511	1	1.92722	1	50.0194	1	44.4027	1	0.001	273.267	301.484
994	31.2957	1	566.511	1	1.92722	1	50.0194	1	44.4027	1	0.00316228	273.304	301.532
994	31.2957	1	566.511	1	1.92722	1	50.0194	1	44.4027	1	0.01	273.422	301.684
994	31.2957	1	566.511	1	1.92722	1	50.0194	1	44.4027	1	0.0316228	273.79	302.158
994	31.2957	1	566.511	1	1.92722	1	50.0194	1	44.4027	1	0.1	274.909	303.596
994	31.2957	1	566.511	1	1.92722	1	50.0194	1	44.4027	1	0.316228	278.068	307.646
994	31.2957	1	566.511	1	1.92722	1	50.0194	1	44.4027	1	1	285.556	317.316
994	31.2957	1	566.511	1	1.92722	1	50.0194	1	44.4027	1	3.16228	298.817	334.212
994	31.2957	1	566.511	1	1.92722	1	50.0194	1	44.4027	1	10	319.362	357.833
994	31.2957	1	566.511	1	1.92722	1	50.0194	1	44.4027	1	31.6228	356.57	396.386
994	31.2957	1	566.511	1	1.92722	1	50.0194	1	44.4027	1	100	425.022	469.14
995	42.945	1	858.428	1	1.10238	1	332.12	1	88.0704	1	0	273.249	301.462
995	42.945	1	858.428	1	1.10238	1	332.12	1	88.0704	1	0.001	273.277	301.498
995	42.945	1	858.428	1	1.10238	1	332.12	1	88.0704	1	0.00316228	273.337	301.577
995	42.945	1	858.428	1	1.10238	1	332.12	1	88.0704	1	0.01	273.524	301.824
995	42.945	1	858.428	1	1.10238	1	332.12	1	88.0704	1	0.0316228	274.101	302.586
995	42.945	1	858.428	1	1.10238	1	332.12	1	88.0704	1	0.1	275.792	304.816
995	42.945	1	858.428	1	1.10238	1	332.12	1	88.0704	1	0.316228	280.154	310.635
995	42.945	1	858.428	1	1.10238	1	332.12	1	88.0704	1	1	288.483	322.022
995	42.945	1	858.428	1	1.10238	1	332.12	1	88.0704	1	3.16228	298.473	335.874
995	42.945	1	858.428	1	1.10238	1	332.12	1	88.0704	1	10	307.376	346.812
995	42.945	1	858.428	1	1.10238	1	332.12	1	88.0704	1	31.6228	318.248	356.789
995	42.945	1	858.428	1	1.10238	1	332.12	1	88.0704	1	100	334.85	373.828
996	24.1658	1	221.957	1	0.90363	1	259.571	1	29.5818	1	0	273.249	301.462
996	24.1658	1	221.957	1	0.90363	1	259.571	1	29.5818	1	0.001	273.283	301.506
996	24.1658	1	221.957	1	0.90363	1	259.571	1	29.5818	1	0.00316228	273.356	301.602
996	24.1658	1	221.957	1	0.90363	1	259.571	1	29.5818	1	0.01	273.583	301.902
996	24.1658	1	221.957	1	0.90363	1	259.571	1	29.5818	1	0.0316228	274.281	302.821
996	24.1658	1	221.957	1	0.90363	1	259.571	1	29.5818	1	0.1	276.294	305.469
996	24.1658	1	221.957	1	0.90363	1	259.571	1	29.5818	1	0.316228	281.304	312.146
996	24.1658	1	221.957	1	0.90363	1	259.571	1	29.5818	1	1	290.21	324.32
996	24.1658	1	221.957	1	0.90363	1	259.571	1	29.5818	1	3.16228	300.028	337.686
996	24.1658	1	221.957	1	0.90363	1	259.571	1	29.5818	1	10	308.602	347.271
996	24.1658	1	221.957	1	0.90363	1	259.571	1	29.5818	1	31.6228	317.002	355.135
996	24.1658	1	221.957	1	0.90363	1	259.571	1	29.5818	1	100	329.419	368.873
997	24.037	1	569.896	1	1.0354	1	192.032	1	53.3425	1	0	273.249	301.462
997	24.037	1	569.896	1	1.0354	1	192.032	1	53.3425	1	0.001	273.279	301.501
997	24.037	1	569.896	1	1.0354	1	192.032	1	53.3425	1	0.00316228	273.343	301.585
997	24.037	1	569.896	1	1.0354	1	192.032	1	53.3425	1	0.01	273.544	301.849
997	24.037	1	569.896	1	1.0354	1	192.032	1	53.3425	1	0.0316228	274.164	302.662
997	24.037	1	569.896	1	1.0354	1	192.032	1	53.3425	1	0.1	275.973	305.033
997	24.037	1	569.896	1	1.0354	1	192.032	1	53.3425	1	0.316228	280.603	311.164
997	24.037	1	569.896	1	1.0354	1	192.032	1	53.3425	1	1	289.357	322.971
997	24.037	1	569.896	1	1.0354	1	192.032	1	53.3425	1	3.16228	300.029	337.231
997	24.037	1	569.896	1	1.0354	1	192.032	1	53.3425	1	10	310.874	349.353
997	24.037	1	569.896	1	1.0354	1	192.032	1	53.3425	1	31.6228	325.003	362.987
997	24.037	1	569.896	1	1.0354	1	192.032	1	53.3425	1	100	349.235	389.022
998	25.8944	1	936.51	1	1.50608	1	401.829	1	56.1083	1	0	273.249	301.462
998	25.8944	1	936.51	1	1.50608	1	401.829	1	56.1083	1	0.001	273.27	301.488
998	25.8944	1	936.51	1	1.50608	1	401.829	1	56.1083	1	0.00316228	273.314	301.546
998	25.8944	1	936.51	1	1.50608	1	401.829	1	56.1083	1	0.01	273.453	301.728
998	25.8944	1	936.51	1	1.50608	1	401.829	1	56.1083	1	0.0316228	273.885	302.293
998	25.8944	1	936.51	1	1.50608	1	401.829	1	56.1083	1	0.1	275.177	303.982
998	25.8944	1	936.51	1	1.50608	1	401.829	1	56.1083	1	0.316228	278.679	308.58
998	25.8944	1	936.51	1	1.50608	1	401.829	1	56.1083	1	1	286.149	318.517
998	25.8944	1	936.51	1	1.50608	1	401.829	1	56.1083	1	3.16228	296.65	332.543
998	25.8944	1	936.51	1	1.50608	1	401.829	1	56.1083	1	10	307.185	344.921
998	25.8944	1	936.51	1	1.50608	1	401.829	1	56.1083	1	31.6228	317.791	355.224
998	25.8944	1	936.51	1	1.50608	1	401.829	1	56.1083	1	100	331.477	370.211
999	28.0379	1	1792.18	1	0.622572	1	202.001	1	74.6735	1	0	273.249	301.462
999	28.0379	1	1792.18	1	0.622572	1	202.001	1	74.6735	1	0.001	273.298	301.526
999	28.0379	1	1792.18	1	0.622572	1	202.001	1	74.6735	1	0.00316228	273.404	301.665
999	28.0379	1	1792.18	1	0.622572	1	202.001	1	74.6735	1	0.01	273.732	302.099
999	28.0379	1	1792.18	1	0.622572	1	202.001	1	74.6735	1	0.0316228	274.726	303.412
999	28.0379	1	1792.18	1	0.622572	1	202.001	1	74.6735	1	0.1	277.495	307.074
999	28.0379	1	1792.18	1	0.622572	1	202.001	1	74.6735	1	0.316228	283.821	315.615
999	28.0379	1	1792.18	1	0.622572	1	202.001	1	74.6735	1	1	293.496	329.051
999	28.0379	1	1792.18	1	0.622572	1	202.001	1	74.6735	1	3.16228	302.923	341.846
999	28.0379	1	1792.18	1	0.622572	1	202.001	1	74.6735	1	10	312.176	351.754
999	28.0379	1	1792.18	1	0.622572	1	202.001	1	74.6735	1	31.6228	326.405	364.854
999	28.0379	1	1792.18	1	0.622572	1	202.001	1	74.6735	1	100	352.552	392.808
